# 3ds Max Wavefront OBJ Exporter v0.97b - (c)2007 guruware
# File Created: 21.02.2021 20:23:17

#
# object Cho_Chan
#

v  153.5676 10.0000 53.9998
v  151.2942 10.0000 54.1380
v  152.0520 6.6667 54.0919
v  151.2942 0.0000 54.1380
v  153.5676 0.0000 53.9998
v  152.8098 3.3333 54.0459
v  155.5735 10.0000 53.5852
v  154.2363 6.6667 53.8616
v  155.5735 0.0000 53.5852
v  154.9049 3.3333 53.7234
v  157.3120 10.0000 52.8942
v  156.1530 6.6667 53.3549
v  157.3120 0.0000 52.8942
v  156.7325 3.3333 53.1245
v  158.7831 10.0000 51.9268
v  157.8024 6.6667 52.5717
v  158.7831 0.0000 51.9268
v  158.2927 3.3333 52.2492
v  159.9867 10.0000 50.6829
v  159.1843 6.6667 51.5122
v  159.9867 0.0000 50.6829
v  159.5855 3.3333 51.0975
v  160.9228 10.0000 49.1627
v  160.2987 6.6667 50.1762
v  160.9228 0.0000 49.1627
v  160.6107 3.3333 49.6694
v  161.5914 10.0000 47.3661
v  161.1457 6.6667 48.5638
v  161.5914 0.0000 47.3661
v  161.3685 3.3333 47.9650
v  161.9926 10.0000 45.2930
v  161.7252 6.6667 46.6751
v  161.9926 0.0000 45.2930
v  161.8589 3.3333 45.9840
v  162.1263 10.0000 42.9436
v  162.0372 6.6667 44.5099
v  162.1263 0.0000 42.9436
v  162.0818 3.3333 43.7267
v  162.1263 10.0000 29.3317
v  162.1263 6.6667 38.4063
v  162.1263 0.0000 29.3317
v  162.1263 3.3333 33.8690
v  162.0176 10.0000 26.9971
v  162.0901 6.6667 28.5535
v  162.0176 0.0000 26.9971
v  162.0539 3.3333 27.7753
v  161.6916 10.0000 24.8612
v  161.9090 6.6667 26.2851
v  161.6916 0.0000 24.8612
v  161.8002 3.3333 25.5732
v  161.1481 10.0000 22.9242
v  161.5104 6.6667 24.2155
v  161.1481 0.0000 22.9242
v  161.3292 3.3333 23.5699
v  160.3872 10.0000 21.1858
v  160.8944 6.6667 22.3447
v  160.3872 0.0000 21.1858
v  160.6408 3.3333 21.7653
v  159.4089 10.0000 19.6463
v  160.0611 6.6667 20.6727
v  159.4089 0.0000 19.6463
v  159.7350 3.3333 20.1595
v  158.2132 10.0000 18.3055
v  159.0103 6.6667 19.1994
v  158.2132 0.0000 18.3055
v  158.6118 3.3333 18.7524
v  156.8001 10.0000 17.1635
v  157.7422 6.6667 17.9248
v  156.8001 0.0000 17.1635
v  157.2711 3.3333 17.5442
v  155.1696 10.0000 16.2202
v  156.2566 6.6667 16.8491
v  155.1696 0.0000 16.2202
v  155.7131 3.3333 16.5347
v  153.3217 10.0000 15.4757
v  154.5536 6.6667 15.9721
v  153.3217 0.0000 15.4757
v  153.9377 3.3333 15.7239
v  155.1776 10.0000 14.7307
v  153.9404 6.6667 15.2274
v  155.1776 0.0000 14.7307
v  154.5590 3.3333 14.9790
v  156.9124 10.0000 13.9489
v  155.7559 6.6667 14.4701
v  156.9124 0.0000 13.9489
v  156.3341 3.3333 14.2095
v  158.5262 10.0000 13.1304
v  157.4503 6.6667 13.6760
v  158.5262 0.0000 13.1304
v  157.9883 3.3333 13.4032
v  160.0191 10.0000 12.2752
v  159.0239 6.6667 12.8453
v  160.0191 0.0000 12.2752
v  159.5215 3.3333 12.5602
v  161.3909 10.0000 11.3832
v  160.4764 6.6667 11.9779
v  161.3909 0.0000 11.3832
v  160.9336 3.3333 11.6805
v  162.6418 10.0000 10.4546
v  161.8079 6.6667 11.0737
v  162.6418 0.0000 10.4546
v  162.2248 3.3333 10.7642
v  163.7716 10.0000 9.4893
v  163.0184 6.6667 10.1328
v  163.7716 0.0000 9.4893
v  163.3950 3.3333 9.8111
v  164.7805 10.0000 8.4872
v  164.1079 6.6667 9.1553
v  164.7805 0.0000 8.4872
v  164.4442 3.3333 8.8212
v  165.6683 10.0000 7.4485
v  165.0764 6.6667 8.1410
v  165.6683 0.0000 7.4485
v  165.3724 3.3333 7.7947
v  163.5879 10.0000 -1.4064
v  164.9748 6.6667 4.4968
v  163.5879 0.0000 -1.4064
v  164.2814 3.3333 1.5452
v  162.5114 10.0000 0.4649
v  163.2291 6.6667 -0.7827
v  162.5114 0.0000 0.4649
v  162.8703 3.3333 -0.1589
v  161.2118 10.0000 2.2888
v  162.0782 6.6667 1.0729
v  161.2118 0.0000 2.2888
v  161.6450 3.3333 1.6809
v  159.6890 10.0000 4.0653
v  160.7042 6.6667 2.8810
v  159.6890 0.0000 4.0653
v  160.1966 3.3333 3.4731
v  157.9430 10.0000 5.7943
v  159.1070 6.6667 4.6416
v  157.9430 0.0000 5.7943
v  158.5250 3.3333 5.2179
v  155.9739 10.0000 7.4758
v  157.2867 6.6667 6.3548
v  155.9739 0.0000 7.4758
v  156.6302 3.3333 6.9153
v  153.7815 10.0000 9.1099
v  155.2431 6.6667 8.0205
v  153.7815 0.0000 9.1099
v  154.5123 3.3333 8.5652
v  151.3660 10.0000 10.6965
v  152.9764 6.6667 9.6388
v  151.3660 0.0000 10.6965
v  152.1712 3.3333 10.1676
v  148.7274 10.0000 12.2357
v  150.4865 6.6667 11.2096
v  148.7274 0.0000 12.2357
v  149.6069 3.3333 11.7226
v  145.8655 10.0000 13.7274
v  147.7734 6.6667 12.7329
v  145.8655 0.0000 13.7274
v  146.8195 3.3333 13.2302
v  145.1718 10.0000 11.8014
v  145.6343 6.6667 13.0854
v  145.1718 0.0000 11.8014
v  145.4030 3.3333 12.4434
v  144.2491 10.0000 10.1020
v  144.8642 6.6667 11.2349
v  144.2491 0.0000 10.1020
v  144.5566 3.3333 10.6684
v  143.0972 10.0000 8.6291
v  143.8651 6.6667 9.6110
v  143.0972 0.0000 8.6291
v  143.4812 3.3333 9.1201
v  141.7163 10.0000 7.3829
v  142.6369 6.6667 8.2137
v  141.7163 0.0000 7.3829
v  142.1766 3.3333 7.7983
v  140.1063 10.0000 6.3632
v  141.1797 6.6667 7.0430
v  140.1063 0.0000 6.3632
v  140.6430 3.3333 6.7031
v  138.2673 10.0000 5.5702
v  139.4933 6.6667 6.0989
v  138.2673 0.0000 5.5702
v  138.8803 3.3333 5.8345
v  136.1991 10.0000 5.0037
v  137.5779 6.6667 5.3813
v  136.1991 0.0000 5.0037
v  136.8885 3.3333 5.1925
v  133.9019 10.0000 4.6638
v  135.4334 6.6667 4.8904
v  133.9019 0.0000 4.6638
v  134.6677 3.3333 4.7771
v  131.3757 10.0000 4.5505
v  133.0598 6.6667 4.6260
v  131.3757 0.0000 4.5505
v  132.2177 3.3333 4.5883
v  130.0389 10.0000 4.5881
v  130.9301 6.6667 4.5630
v  130.0389 0.0000 4.5881
v  130.4845 3.3333 4.5755
v  128.7501 10.0000 4.7008
v  129.6093 6.6667 4.6256
v  128.7501 0.0000 4.7008
v  129.1797 3.3333 4.6632
v  127.5092 10.0000 4.8886
v  128.3365 6.6667 4.7634
v  127.5092 0.0000 4.8886
v  127.9228 3.3333 4.8260
v  126.3161 10.0000 5.1515
v  127.1115 6.6667 4.9762
v  126.3161 0.0000 5.1515
v  126.7138 3.3333 5.0639
v  125.1710 10.0000 5.4896
v  125.9344 6.6667 5.2642
v  125.1710 0.0000 5.4896
v  125.5527 3.3333 5.3769
v  124.0737 10.0000 5.9028
v  124.8052 6.6667 5.6273
v  124.0737 0.0000 5.9028
v  124.4395 3.3333 5.7650
v  123.0243 10.0000 6.3911
v  123.7239 6.6667 6.0655
v  123.0243 0.0000 6.3911
v  123.3741 3.3333 6.2283
v  122.0228 10.0000 6.9545
v  122.6905 6.6667 6.5789
v  122.0228 0.0000 6.9545
v  122.3567 3.3333 6.7667
v  121.0692 10.0000 7.5931
v  121.7050 6.6667 7.1674
v  121.0692 0.0000 7.5931
v  121.3871 3.3333 7.3803
v  120.1912 10.0000 8.3024
v  120.7766 6.6667 7.8295
v  120.1912 0.0000 8.3024
v  120.4839 3.3333 8.0660
v  119.4165 10.0000 9.0779
v  119.9330 6.6667 8.5609
v  119.4165 0.0000 9.0779
v  119.6748 3.3333 8.8194
v  118.7451 10.0000 9.9196
v  119.1927 6.6667 9.3585
v  118.7451 0.0000 9.9196
v  118.9689 3.3333 9.6390
v  118.1770 10.0000 10.8276
v  118.5557 6.6667 10.2223
v  118.1770 0.0000 10.8276
v  118.3664 3.3333 10.5250
v  117.7122 10.0000 11.8019
v  118.0220 6.6667 11.1524
v  117.7122 0.0000 11.8019
v  117.8671 3.3333 11.4771
v  117.3506 10.0000 12.8423
v  117.5916 6.6667 12.1487
v  117.3506 0.0000 12.8423
v  117.4711 3.3333 12.4955
v  117.0924 10.0000 13.9491
v  117.2646 6.6667 13.2112
v  117.0924 0.0000 13.9491
v  117.1785 3.3333 13.5802
v  116.9374 10.0000 15.1220
v  117.0407 6.6667 14.3400
v  116.9374 0.0000 15.1220
v  116.9891 3.3333 14.7310
v  116.8858 10.0000 16.3612
v  116.9202 6.6667 15.5351
v  116.8858 0.0000 16.3612
v  116.9030 3.3333 15.9482
v  116.9155 10.0000 17.2287
v  116.8957 6.6667 16.6504
v  116.9155 0.0000 17.2287
v  116.9056 3.3333 16.9395
v  117.0045 10.0000 18.0634
v  116.9452 6.6667 17.5069
v  117.0045 0.0000 18.0634
v  116.9748 3.3333 17.7852
v  117.1529 10.0000 18.8654
v  117.0540 6.6667 18.3307
v  117.1529 0.0000 18.8654
v  117.1034 3.3333 18.5981
v  117.3606 10.0000 19.6346
v  117.2221 6.6667 19.1218
v  117.3606 0.0000 19.6346
v  117.2914 3.3333 19.3782
v  117.6277 10.0000 20.3711
v  117.4496 6.6667 19.8801
v  117.6277 0.0000 20.3711
v  117.5386 3.3333 20.1256
v  117.9541 10.0000 21.0749
v  117.7365 6.6667 20.6057
v  117.9541 0.0000 21.0749
v  117.8453 3.3333 20.8403
v  118.3399 10.0000 21.7460
v  118.0827 6.6667 21.2986
v  118.3399 0.0000 21.7460
v  118.2113 3.3333 21.5223
v  118.7850 10.0000 22.3843
v  118.4882 6.6667 21.9587
v  118.7850 0.0000 22.3843
v  118.6366 3.3333 22.1715
v  119.2895 10.0000 22.9898
v  118.9531 6.6667 22.5861
v  119.2895 0.0000 22.9898
v  119.1213 3.3333 22.7880
v  119.8399 10.0000 23.5463
v  119.4729 6.6667 23.1753
v  119.8399 0.0000 23.5463
v  119.6564 3.3333 23.3608
v  120.4230 10.0000 24.0373
v  120.0343 6.6667 23.7100
v  120.4230 0.0000 24.0373
v  120.2287 3.3333 23.8737
v  121.0388 10.0000 24.4629
v  120.6283 6.6667 24.1792
v  121.0388 0.0000 24.4629
v  120.8335 3.3333 24.3210
v  121.6872 10.0000 24.8229
v  121.2549 6.6667 24.5829
v  121.6872 0.0000 24.8229
v  121.4710 3.3333 24.7029
v  122.3682 10.0000 25.1175
v  121.9142 6.6667 24.9211
v  122.3682 0.0000 25.1175
v  122.1412 3.3333 25.0193
v  123.0819 10.0000 25.3467
v  122.6061 6.6667 25.1939
v  123.0819 0.0000 25.3467
v  122.8440 3.3333 25.2703
v  123.8282 10.0000 25.5104
v  123.3306 6.6667 25.4012
v  123.8282 0.0000 25.5104
v  123.5794 3.3333 25.4558
v  124.6071 10.0000 25.6086
v  124.0878 6.6667 25.5431
v  124.6071 0.0000 25.6086
v  124.3475 3.3333 25.5758
v  125.4187 10.0000 25.6413
v  124.8776 6.6667 25.6195
v  125.4187 0.0000 25.6413
v  125.1482 3.3333 25.6304
v  127.2096 10.0000 25.5263
v  126.0157 6.6667 25.6030
v  127.2096 0.0000 25.5263
v  126.6126 3.3333 25.5647
v  128.7897 10.0000 25.1815
v  127.7363 6.6667 25.4114
v  128.7897 0.0000 25.1815
v  128.2630 3.3333 25.2965
v  130.1592 10.0000 24.6068
v  129.2462 6.6667 24.9900
v  130.1592 0.0000 24.6068
v  129.7027 3.3333 24.7984
v  131.3180 10.0000 23.8022
v  130.5455 6.6667 24.3386
v  131.3180 0.0000 23.8022
v  130.9318 3.3333 24.0704
v  132.2661 10.0000 22.7678
v  131.6340 6.6667 23.4574
v  132.2661 0.0000 22.7678
v  131.9501 3.3333 23.1126
v  133.0035 10.0000 21.5034
v  132.5119 6.6667 22.3463
v  133.0035 0.0000 21.5034
v  132.7577 3.3333 21.9249
v  133.5302 10.0000 20.0092
v  133.1791 6.6667 21.0053
v  133.5302 0.0000 20.0092
v  133.3547 3.3333 20.5073
v  133.8463 10.0000 18.2851
v  133.6356 6.6667 19.4345
v  133.8463 0.0000 18.2851
v  133.7409 3.3333 18.8598
v  133.9516 10.0000 16.3311
v  133.8814 6.6667 17.6337
v  133.9516 0.0000 16.3311
v  133.9165 3.3333 16.9824
v  133.9076 10.0000 15.4229
v  133.9370 6.6667 16.0283
v  133.9076 0.0000 15.4229
v  133.9223 3.3333 15.7256
v  133.7756 10.0000 14.5665
v  133.8636 6.6667 15.1374
v  133.7756 0.0000 14.5665
v  133.8196 3.3333 14.8520
v  133.5556 10.0000 13.7621
v  133.7023 6.6667 14.2984
v  133.5556 0.0000 13.7621
v  133.6289 3.3333 14.0302
v  133.2475 10.0000 13.0095
v  133.4529 6.6667 13.5112
v  133.2475 0.0000 13.0095
v  133.3502 3.3333 13.2603
v  132.8514 10.0000 12.3087
v  133.1155 6.6667 12.7759
v  132.8514 0.0000 12.3087
v  132.9835 3.3333 12.5423
v  132.3674 10.0000 11.6599
v  132.6901 6.6667 12.0924
v  132.3674 0.0000 11.6599
v  132.5287 3.3333 11.8762
v  131.7953 10.0000 11.0629
v  132.1767 6.6667 11.4609
v  131.7953 0.0000 11.0629
v  131.9860 3.3333 11.2619
v  131.1351 10.0000 10.5177
v  131.5752 6.6667 10.8811
v  131.1351 0.0000 10.5177
v  131.3552 3.3333 10.6994
v  130.3870 10.0000 10.0244
v  130.8858 6.6667 10.3533
v  130.3870 0.0000 10.0244
v  130.6364 3.3333 10.1889
v  132.0813 10.0000 10.1216
v  130.9518 6.6667 10.0568
v  132.0813 0.0000 10.1216
v  131.5165 3.3333 10.0892
v  133.5762 10.0000 10.4129
v  132.5796 6.6667 10.2187
v  133.5762 0.0000 10.4129
v  133.0779 3.3333 10.3158
v  134.8718 10.0000 10.8985
v  134.0081 6.6667 10.5748
v  134.8718 0.0000 10.8985
v  134.4399 3.3333 10.7366
v  135.9680 10.0000 11.5783
v  135.2372 6.6667 11.1251
v  135.9680 0.0000 11.5783
v  135.6026 3.3333 11.3517
v  136.8650 10.0000 12.4523
v  136.2670 6.6667 11.8696
v  136.8650 0.0000 12.4523
v  136.5660 3.3333 12.1610
v  137.5626 10.0000 13.5206
v  137.0975 6.6667 12.8084
v  137.5626 0.0000 13.5206
v  137.3301 3.3333 13.1645
v  138.0609 10.0000 14.7831
v  137.7287 6.6667 13.9414
v  138.0609 0.0000 14.7831
v  137.8948 3.3333 14.3622
v  138.3599 10.0000 16.2398
v  138.1606 6.6667 15.2686
v  138.3599 0.0000 16.2398
v  138.2603 3.3333 15.7542
v  138.4596 10.0000 17.8907
v  138.3931 6.6667 16.7901
v  138.4596 0.0000 17.8907
v  138.4264 3.3333 17.3404
v  138.3314 10.0000 18.8240
v  138.4169 6.6667 18.2018
v  138.3314 0.0000 18.8240
v  138.3741 3.3333 18.5129
v  138.0911 10.0000 19.8092
v  138.2513 6.6667 19.1524
v  138.0911 0.0000 19.8092
v  138.1712 3.3333 19.4808
v  137.7387 10.0000 20.8463
v  137.9737 6.6667 20.1549
v  137.7387 0.0000 20.8463
v  137.8562 3.3333 20.5006
v  137.2742 10.0000 21.9353
v  137.5839 6.6667 21.2093
v  137.2742 0.0000 21.9353
v  137.4290 3.3333 21.5723
v  136.6976 10.0000 23.0763
v  137.0820 6.6667 22.3156
v  136.6976 0.0000 23.0763
v  136.8898 3.3333 22.6960
v  136.0089 10.0000 24.2692
v  136.4680 6.6667 23.4739
v  136.0089 0.0000 24.2692
v  136.2384 3.3333 23.8715
v  135.2080 10.0000 25.5140
v  135.7419 6.6667 24.6841
v  135.2080 0.0000 25.5140
v  135.4749 3.3333 25.0990
v  134.2950 10.0000 26.8107
v  134.9036 6.6667 25.9462
v  134.2950 0.0000 26.8107
v  134.5993 3.3333 26.3785
v  133.2699 10.0000 28.1594
v  133.9533 6.6667 27.2603
v  133.2699 0.0000 28.1594
v  133.6116 3.3333 27.7098
v  132.5682 10.0000 29.0914
v  133.0360 6.6667 28.4701
v  132.5682 0.0000 29.0914
v  132.8021 3.3333 28.7807
v  131.9491 10.0000 29.9922
v  132.3618 6.6667 29.3917
v  131.9491 0.0000 29.9922
v  132.1555 3.3333 29.6920
v  131.4125 10.0000 30.8620
v  131.7702 6.6667 30.2822
v  131.4125 0.0000 30.8620
v  131.5914 3.3333 30.5721
v  130.9585 10.0000 31.7006
v  131.2612 6.6667 31.1415
v  130.9585 0.0000 31.7006
v  131.1099 3.3333 31.4211
v  130.5871 10.0000 32.5081
v  130.8347 6.6667 31.9698
v  130.5871 0.0000 32.5081
v  130.7109 3.3333 32.2390
v  130.2982 10.0000 33.2845
v  130.4908 6.6667 32.7669
v  130.2982 0.0000 33.2845
v  130.3944 3.3333 33.0257
v  130.0918 10.0000 34.0298
v  130.2294 6.6667 33.5329
v  130.0918 0.0000 34.0298
v  130.1606 3.3333 33.7814
v  129.9679 10.0000 34.7439
v  130.0505 6.6667 34.2678
v  129.9679 0.0000 34.7439
v  130.0092 3.3333 34.5059
v  129.9267 10.0000 35.4270
v  129.9542 6.6667 34.9716
v  129.9267 0.0000 35.4270
v  129.9404 3.3333 35.1993
v  129.9267 10.0000 47.3761
v  129.9267 6.6667 39.4100
v  129.9267 0.0000 47.3761
v  129.9267 3.3333 43.3930
v  123.9697 10.0000 47.3761
v  127.9410 6.6667 47.3761
v  123.9697 0.0000 47.3761
v  125.9554 3.3333 47.3761
v  123.9697 10.0000 54.1380
v  123.9697 6.6667 49.6301
v  123.9697 0.0000 54.1380
v  123.9697 3.3333 51.8840
v  133.0779 6.6667 54.1380
v  142.1860 3.3333 54.1380
v  126.8512 10.0000 13.1227
v  126.1561 10.0000 12.9725
v  126.3878 6.6667 13.0225
v  126.1561 0.0000 12.9725
v  126.8512 0.0000 13.1227
v  126.6195 3.3333 13.0726
v  127.4536 10.0000 13.3730
v  127.0520 6.6667 13.2061
v  127.4536 0.0000 13.3730
v  127.2528 3.3333 13.2896
v  127.9633 10.0000 13.7234
v  127.6235 6.6667 13.4898
v  127.9633 0.0000 13.7234
v  127.7934 3.3333 13.6066
v  128.3803 10.0000 14.1740
v  128.1023 6.6667 13.8736
v  128.3803 0.0000 14.1740
v  128.2413 3.3333 14.0238
v  128.7047 10.0000 14.7247
v  128.4884 6.6667 14.3576
v  128.7047 0.0000 14.7247
v  128.5965 3.3333 14.5411
v  128.9363 10.0000 15.3755
v  128.7819 6.6667 14.9416
v  128.9363 0.0000 15.3755
v  128.8591 3.3333 15.1586
v  129.0753 10.0000 16.1265
v  128.9827 6.6667 15.6258
v  129.0753 0.0000 16.1265
v  129.0290 3.3333 15.8762
v  129.1217 10.0000 16.9776
v  129.0908 6.6667 16.4102
v  129.1217 0.0000 16.9776
v  129.1062 3.3333 16.6939
v  129.0753 10.0000 17.8160
v  129.1062 6.6667 17.2570
v  129.0753 0.0000 17.8160
v  129.0908 3.3333 17.5365
v  128.9363 10.0000 18.5557
v  129.0290 6.6667 18.0626
v  128.9363 0.0000 18.5557
v  128.9827 3.3333 18.3092
v  128.7047 10.0000 19.1969
v  128.8591 6.6667 18.7695
v  128.7047 0.0000 19.1969
v  128.7819 3.3333 18.9832
v  128.3803 10.0000 19.7394
v  128.5965 6.6667 19.3777
v  128.3803 0.0000 19.7394
v  128.4884 3.3333 19.5585
v  127.9633 10.0000 20.1832
v  128.2413 6.6667 19.8873
v  127.9633 0.0000 20.1832
v  128.1023 3.3333 20.0353
v  127.4536 10.0000 20.5285
v  127.7934 6.6667 20.2983
v  127.4536 0.0000 20.5285
v  127.6235 3.3333 20.4134
v  126.8512 10.0000 20.7751
v  127.2528 6.6667 20.6107
v  126.8512 0.0000 20.7751
v  127.0520 3.3333 20.6929
v  126.1561 10.0000 20.9230
v  126.6195 6.6667 20.8244
v  126.1561 0.0000 20.9230
v  126.3878 3.3333 20.8737
v  125.3684 10.0000 20.9723
v  125.8935 6.6667 20.9395
v  125.3684 0.0000 20.9723
v  125.6310 3.3333 20.9559
v  124.5680 10.0000 20.9230
v  125.1016 6.6667 20.9559
v  124.5680 0.0000 20.9230
v  124.8348 3.3333 20.9395
v  123.8618 10.0000 20.7751
v  124.3326 6.6667 20.8737
v  123.8618 0.0000 20.7751
v  124.0972 3.3333 20.8244
v  123.2497 10.0000 20.5285
v  123.6578 6.6667 20.6929
v  123.2497 0.0000 20.5285
v  123.4537 3.3333 20.6107
v  122.7318 10.0000 20.1832
v  123.0771 6.6667 20.4134
v  122.7318 0.0000 20.1832
v  122.9044 3.3333 20.2983
v  122.3081 10.0000 19.7394
v  122.5906 6.6667 20.0353
v  122.3081 0.0000 19.7394
v  122.4493 3.3333 19.8873
v  121.9785 10.0000 19.1969
v  122.1982 6.6667 19.5585
v  121.9785 0.0000 19.1969
v  122.0883 3.3333 19.3777
v  121.7431 10.0000 18.5557
v  121.9000 6.6667 18.9832
v  121.7431 0.0000 18.5557
v  121.8215 3.3333 18.7695
v  121.6018 10.0000 17.8160
v  121.6960 6.6667 18.3092
v  121.6018 0.0000 17.8160
v  121.6489 3.3333 18.0626
v  121.5548 10.0000 16.9776
v  121.5861 6.6667 17.5365
v  121.5548 0.0000 16.9776
v  121.5704 3.3333 17.2570
v  121.6018 10.0000 16.1265
v  121.5704 6.6667 16.6939
v  121.6018 0.0000 16.1265
v  121.5861 3.3333 16.4102
v  121.7431 10.0000 15.3755
v  121.6489 6.6667 15.8762
v  121.7431 0.0000 15.3755
v  121.6960 3.3333 15.6258
v  121.9785 10.0000 14.7247
v  121.8215 6.6667 15.1586
v  121.9785 0.0000 14.7247
v  121.9000 3.3333 14.9416
v  122.3081 10.0000 14.1740
v  122.0883 6.6667 14.5411
v  122.3081 0.0000 14.1740
v  122.1982 3.3333 14.3576
v  122.7318 10.0000 13.7234
v  122.4493 6.6667 14.0238
v  122.7318 0.0000 13.7234
v  122.5906 3.3333 13.8736
v  123.2497 10.0000 13.3730
v  122.9044 6.6667 13.6066
v  123.2497 0.0000 13.3730
v  123.0771 3.3333 13.4898
v  123.8618 10.0000 13.1227
v  123.4537 6.6667 13.2895
v  123.8618 0.0000 13.1227
v  123.6577 3.3333 13.2061
v  124.5680 10.0000 12.9725
v  124.0972 6.6667 13.0726
v  124.5680 0.0000 12.9725
v  124.3326 3.3333 13.0225
v  125.3684 10.0000 12.9224
v  124.8348 6.6667 12.9558
v  125.3684 0.0000 12.9224
v  125.1016 3.3333 12.9391
v  125.6310 6.6667 12.9391
v  125.8935 3.3333 12.9558
v  148.6045 10.0000 19.8897
v  147.4715 10.0000 19.4665
v  147.8492 6.6667 19.6076
v  147.4715 0.0000 19.4665
v  148.6045 0.0000 19.8897
v  148.2268 3.3333 19.7486
v  149.5864 10.0000 20.4709
v  148.9318 6.6667 20.0834
v  149.5864 0.0000 20.4709
v  149.2591 3.3333 20.2772
v  150.4172 10.0000 21.2101
v  149.8633 6.6667 20.7173
v  150.4172 0.0000 21.2101
v  150.1402 3.3333 20.9637
v  151.0970 10.0000 22.1073
v  150.6438 6.6667 21.5092
v  151.0970 0.0000 22.1073
v  150.8704 3.3333 21.8083
v  151.6257 10.0000 23.1626
v  151.2732 6.6667 22.4591
v  151.6257 0.0000 23.1626
v  151.4494 3.3333 22.8108
v  152.0033 10.0000 24.3759
v  151.7516 6.6667 23.5670
v  152.0033 0.0000 24.3759
v  151.8774 3.3333 23.9714
v  152.2299 10.0000 25.7471
v  152.0788 6.6667 24.8329
v  152.2299 0.0000 25.7471
v  152.1544 3.3333 25.2900
v  152.3055 10.0000 27.2764
v  152.2551 6.6667 26.2569
v  152.3055 0.0000 27.2764
v  152.2803 3.3333 26.7667
v  152.3055 10.0000 42.7096
v  152.3055 6.6667 32.4208
v  152.3055 0.0000 42.7096
v  152.3055 3.3333 37.5652
v  152.2531 10.0000 43.6890
v  152.2880 6.6667 43.0361
v  152.2531 0.0000 43.6890
v  152.2705 3.3333 43.3625
v  152.0959 10.0000 44.5532
v  152.2007 6.6667 43.9771
v  152.0959 0.0000 44.5532
v  152.1483 3.3333 44.2651
v  151.8339 10.0000 45.3021
v  152.0085 6.6667 44.8028
v  151.8339 0.0000 45.3021
v  151.9212 3.3333 45.0525
v  151.4672 10.0000 45.9358
v  151.7117 6.6667 45.5133
v  151.4672 0.0000 45.9358
v  151.5894 3.3333 45.7246
v  150.9956 10.0000 46.4543
v  151.3100 6.6667 46.1086
v  150.9956 0.0000 46.4543
v  151.1528 3.3333 46.2815
v  150.4193 10.0000 46.8576
v  150.8035 6.6667 46.5887
v  150.4193 0.0000 46.8576
v  150.6114 3.3333 46.7231
v  149.7382 10.0000 47.1456
v  150.1923 6.6667 46.9536
v  149.7382 0.0000 47.1456
v  149.9652 3.3333 47.0496
v  148.9523 10.0000 47.3185
v  149.4762 6.6667 47.2032
v  148.9523 0.0000 47.3185
v  149.2143 3.3333 47.2609
v  148.0616 10.0000 47.3761
v  148.6554 6.6667 47.3377
v  148.0616 0.0000 47.3761
v  148.3585 3.3333 47.3569
v  139.7476 10.0000 47.3761
v  145.2903 6.6667 47.3761
v  139.7476 0.0000 47.3761
v  142.5189 3.3333 47.3761
v  139.7476 10.0000 34.8735
v  139.7476 6.6667 43.2086
v  139.7476 0.0000 34.8735
v  139.7476 3.3333 39.0410
v  139.7840 10.0000 34.2299
v  139.7597 6.6667 34.6590
v  139.7840 0.0000 34.2299
v  139.7718 3.3333 34.4444
v  139.8931 10.0000 33.5478
v  139.8203 6.6667 34.0025
v  139.8931 0.0000 33.5478
v  139.8567 3.3333 33.7752
v  140.0750 10.0000 32.8272
v  139.9537 6.6667 33.3076
v  140.0750 0.0000 32.8272
v  140.0144 3.3333 33.0674
v  140.3297 10.0000 32.0682
v  140.1599 6.6667 32.5742
v  140.3297 0.0000 32.0682
v  140.2448 3.3333 32.3212
v  140.6571 10.0000 31.2708
v  140.4388 6.6667 31.8024
v  140.6571 0.0000 31.2708
v  140.5480 3.3333 31.5366
v  141.0574 10.0000 30.4349
v  140.7906 6.6667 30.9922
v  141.0574 0.0000 30.4349
v  140.9240 3.3333 30.7135
v  141.5303 10.0000 29.5606
v  141.2150 6.6667 30.1435
v  141.5303 0.0000 29.5606
v  141.3727 3.3333 29.8520
v  142.0761 10.0000 28.6478
v  141.7122 6.6667 29.2563
v  142.0761 0.0000 28.6478
v  141.8942 3.3333 28.9520
v  142.6946 10.0000 27.6965
v  142.2823 6.6667 28.3307
v  142.6946 0.0000 27.6965
v  142.4884 3.3333 28.0136
v  143.3199 10.0000 26.7290
v  142.9030 6.6667 27.3740
v  143.3199 0.0000 26.7290
v  143.1114 3.3333 27.0515
v  143.8858 10.0000 25.7674
v  143.5085 6.6667 26.4085
v  143.8858 0.0000 25.7674
v  143.6972 3.3333 26.0879
v  144.3925 10.0000 24.8117
v  144.0547 6.6667 25.4488
v  144.3925 0.0000 24.8117
v  144.2236 3.3333 25.1303
v  144.8399 10.0000 23.8619
v  144.5416 6.6667 24.4951
v  144.8399 0.0000 23.8619
v  144.6907 3.3333 24.1785
v  145.2280 10.0000 22.9180
v  144.9692 6.6667 23.5473
v  145.2280 0.0000 22.9180
v  145.0986 3.3333 23.2326
v  145.5568 10.0000 21.9800
v  145.3376 6.6667 22.6053
v  145.5568 0.0000 21.9800
v  145.4472 3.3333 22.2926
v  145.8263 10.0000 21.0479
v  145.6466 6.6667 21.6693
v  145.8263 0.0000 21.0479
v  145.7365 3.3333 21.3586
v  146.0366 10.0000 20.1217
v  145.8964 6.6667 20.7391
v  146.0366 0.0000 20.1217
v  145.9665 3.3333 20.4304
v  146.1875 10.0000 19.2014
v  146.0869 6.6667 19.8149
v  146.1875 0.0000 19.2014
v  146.1372 3.3333 19.5081
v  146.6155 6.6667 19.2897
v  147.0435 3.3333 19.3781
v  141.0023 0.0000 17.7773
v  140.9928 0.0000 18.6387
v  143.5185 0.0000 19.3823
v  143.3981 0.0000 19.9978
v  140.7496 0.0000 19.8937
v  143.1581 0.0000 20.9457
v  142.9586 0.0000 21.5690
v  140.3526 0.0000 21.1911
v  142.6022 0.0000 22.5420
v  142.3237 0.0000 23.1733
v  139.8018 0.0000 22.5311
v  141.8508 0.0000 24.1715
v  139.2859 0.0000 23.5930
v  141.3011 0.0000 25.1909
v  140.9040 0.0000 25.8339
v  138.4670 0.0000 25.0140
v  140.2598 0.0000 26.8712
v  137.7643 0.0000 26.1436
v  139.6048 0.0000 27.9074
v  139.2652 0.0000 28.5031
v  136.8534 0.0000 27.5865
v  138.6698 0.0000 29.5055
v  138.4273 0.0000 30.0499
v  135.9649 0.0000 29.0128
v  137.8915 0.0000 31.0183
v  135.3044 0.0000 30.0260
v  137.5121 0.0000 31.8221
v  134.8035 0.0000 30.8771
v  134.4182 0.0000 31.4673
v  137.0299 0.0000 32.8799
v  134.0517 0.0000 32.2642
v  133.7765 0.0000 32.8129
v  136.7062 0.0000 33.8705
v  133.5443 0.0000 33.5554
v  133.3792 0.0000 34.0626
v  133.2691 0.0000 34.5491
v  133.2141 0.0000 35.0148
v  136.4739 0.0000 39.2255
v  133.2003 0.0000 43.3930
v  128.6013 0.0000 12.3736
v  129.8285 0.0000 11.4219
v  129.1596 0.0000 12.8051
v  130.4369 0.0000 11.9182
v  130.8476 0.0000 12.2989
v  129.8174 0.0000 13.5195
v  131.3078 0.0000 12.8978
v  131.6012 0.0000 13.3476
v  130.2962 0.0000 14.3699
v  131.9131 0.0000 14.0490
v  132.0892 0.0000 14.5680
v  130.5957 0.0000 15.3562
v  132.2529 0.0000 15.3720
v  132.3115 0.0000 15.9601
v  130.7162 0.0000 16.4784
v  130.7162 0.0000 17.0415
v  132.2911 0.0000 17.4774
v  130.6193 0.0000 18.2189
v  132.1043 0.0000 18.9500
v  130.3904 0.0000 19.2539
v  131.7461 0.0000 20.2365
v  130.0295 0.0000 20.1466
v  131.2166 0.0000 21.3369
v  129.5366 0.0000 20.8968
v  130.5158 0.0000 22.2511
v  128.9116 0.0000 21.5047
v  129.6436 0.0000 22.9792
v  128.8008 0.0000 23.4389
v  127.6982 0.0000 22.1617
v  127.6168 0.0000 23.8276
v  126.7390 0.0000 22.4081
v  126.2447 0.0000 22.4739
v  125.9989 0.0000 24.0467
v  125.1314 0.0000 24.0741
v  124.8478 0.0000 22.5013
v  124.3344 0.0000 24.0140
v  123.8260 0.0000 23.9267
v  123.8372 0.0000 22.3483
v  123.1039 0.0000 23.7464
v  122.6390 0.0000 23.5719
v  122.9329 0.0000 22.0422
v  121.9919 0.0000 23.2714
v  121.5705 0.0000 23.0096
v  122.1348 0.0000 21.5830
v  120.9983 0.0000 22.5890
v  120.6204 0.0000 22.2398
v  121.4431 0.0000 20.9708
v  120.1275 0.0000 21.7045
v  119.8110 0.0000 21.2899
v  120.8755 0.0000 20.2274
v  119.4241 0.0000 20.6726
v  119.1868 0.0000 20.2143
v  120.4497 0.0000 19.3746
v  118.9104 0.0000 19.5205
v  118.7522 0.0000 19.0186
v  120.1659 0.0000 18.4124
v  118.5864 0.0000 18.2483
v  120.0537 0.0000 17.6190
v  118.4916 0.0000 17.4232
v  118.4520 0.0000 16.8558
v  120.0141 0.0000 16.4884
v  118.4750 0.0000 15.8699
v  120.0941 0.0000 15.5413
v  118.5910 0.0000 14.8155
v  120.2713 0.0000 14.6831
v  118.8072 0.0000 13.8387
v  120.5457 0.0000 13.9137
v  119.1236 0.0000 12.9394
v  119.3991 0.0000 12.2678
v  121.0723 0.0000 12.9084
v  119.8846 0.0000 11.4902
v  121.5755 0.0000 12.3387
v  120.4705 0.0000 10.7902
v  120.9525 0.0000 10.2511
v  122.4342 0.0000 11.5993
v  121.7074 0.0000 9.6727
v  122.3179 0.0000 9.2234
v  123.4842 0.0000 11.0166
v  123.2050 0.0000 8.7727
v  124.3202 0.0000 10.7620
v  124.1555 0.0000 8.4054
v  124.8710 0.0000 8.1049
v  125.6185 0.0000 7.8545
v  126.3979 0.0000 7.6542
v  127.2092 0.0000 7.5039
v  128.0525 0.0000 7.4037
v  128.9277 0.0000 7.3537
v  127.6334 0.0000 10.1485
v  128.1277 0.0000 10.2152
v  128.5601 0.0000 10.3487
v  129.7387 0.0000 9.3160
v  131.2813 0.0000 8.2322
v  132.4529 0.0000 6.4453
v  133.1865 0.0000 8.3994
v  134.5591 0.0000 6.6935
v  134.8824 0.0000 8.7717
v  136.4461 0.0000 7.1574
v  136.3690 0.0000 9.3490
v  138.1139 0.0000 7.8372
v  137.6465 0.0000 10.1313
v  139.5625 0.0000 8.7328
v  140.5595 0.0000 9.4881
v  139.1750 0.0000 11.5340
v  141.6363 0.0000 10.7506
v  142.3279 0.0000 11.8080
v  140.2651 0.0000 13.3683
v  143.0327 0.0000 13.4373
v  140.7621 0.0000 14.9168
v  143.4710 0.0000 16.3895
v  146.5082 0.0000 17.4651
v  147.3138 0.0000 17.6945
v  147.7325 0.0000 15.2843
v  148.9727 0.0000 17.5321
v  163.9225 0.0000 2.1690
v  163.1305 0.0000 3.4007
v  162.1897 0.0000 4.6009
v  163.3793 0.0000 6.6670
v  162.7470 0.0000 7.3473
v  160.4679 0.0000 6.4496
v  161.4521 0.0000 8.5794
v  160.6586 0.0000 9.2107
v  158.4359 0.0000 8.2178
v  159.1280 0.0000 10.3781
v  158.1731 0.0000 10.9604
v  156.0939 0.0000 9.9054
v  156.4067 0.0000 12.0630
v  155.2905 0.0000 12.5965
v  153.4417 0.0000 11.5124
v  153.2885 0.0000 13.6343
v  151.1384 0.0000 12.8027
v  150.5452 0.0000 16.0608
v  151.1084 0.0000 19.0522
v  152.9695 0.0000 17.6354
v  152.2279 0.0000 19.8459
v  154.3556 0.0000 18.4970
v  153.1742 0.0000 20.8111
v  155.5463 0.0000 19.5439
v  156.4159 0.0000 20.3715
v  154.3459 0.0000 22.3949
v  157.2664 0.0000 21.7360
v  157.8462 0.0000 22.8286
v  155.1271 0.0000 24.3490
v  158.3565 0.0000 24.5108
v  155.4090 0.0000 25.9616
v  158.6715 0.0000 26.3782
v  158.8165 0.0000 27.8684
v  155.5791 0.0000 33.1059
v  158.8527 0.0000 38.3283
v  155.5616 0.0000 43.1141
v  158.7907 0.0000 43.9752
v  155.4472 0.0000 44.5117
v  158.5600 0.0000 45.7374
v  155.1737 0.0000 45.7404
v  158.1160 0.0000 47.2770
v  157.5811 0.0000 48.3826
v  154.4292 0.0000 47.3069
v  156.7456 0.0000 49.5152
v  155.8541 0.0000 50.2523
v  153.2583 0.0000 48.4281
v  154.6271 0.0000 50.9779
v  153.3789 0.0000 51.3464
v  151.6608 0.0000 49.1039
v  151.2417 0.0000 49.3343
v  151.5333 0.0000 51.7611
v  149.9949 0.0000 49.5340
v  149.4360 0.0000 49.6108
v  141.1085 0.0000 51.8840
v  137.2596 0.0000 49.6300
v  131.2147 0.0000 49.6300
v  125.9554 0.0000 49.6301
v  125.9554 10.0000 49.6300
v  163.9225 10.0000 2.1690
v  163.1305 10.0000 3.4007
v  162.1897 10.0000 4.6009
v  163.3793 10.0000 6.6670
v  162.7470 10.0000 7.3473
v  160.4679 10.0000 6.4496
v  161.4521 10.0000 8.5794
v  160.6586 10.0000 9.2107
v  158.4359 10.0000 8.2178
v  159.1280 10.0000 10.3781
v  158.1731 10.0000 10.9604
v  156.0939 10.0000 9.9054
v  156.4067 10.0000 12.0630
v  155.2905 10.0000 12.5965
v  153.4417 10.0000 11.5124
v  153.2885 10.0000 13.6343
v  151.1384 10.0000 12.8027
v  129.7387 10.0000 9.3160
v  128.6013 10.0000 12.3736
v  129.8285 10.0000 11.4219
v  129.1596 10.0000 12.8051
v  130.4369 10.0000 11.9182
v  130.8476 10.0000 12.2989
v  129.8174 10.0000 13.5195
v  131.3078 10.0000 12.8978
v  131.6012 10.0000 13.3476
v  130.2962 10.0000 14.3699
v  131.9131 10.0000 14.0490
v  132.0892 10.0000 14.5680
v  130.5957 10.0000 15.3562
v  132.2529 10.0000 15.3720
v  132.3115 10.0000 15.9601
v  130.7162 10.0000 16.4784
v  130.7162 10.0000 17.0415
v  132.2911 10.0000 17.4774
v  130.6193 10.0000 18.2189
v  132.1043 10.0000 18.9500
v  130.3904 10.0000 19.2539
v  131.7461 10.0000 20.2365
v  130.0295 10.0000 20.1466
v  131.2166 10.0000 21.3369
v  129.5366 10.0000 20.8968
v  130.5158 10.0000 22.2511
v  128.9116 10.0000 21.5047
v  129.6436 10.0000 22.9792
v  128.8008 10.0000 23.4389
v  127.6982 10.0000 22.1617
v  127.6168 10.0000 23.8276
v  126.7390 10.0000 22.4081
v  126.2447 10.0000 22.4739
v  125.9989 10.0000 24.0467
v  125.1314 10.0000 24.0741
v  124.8478 10.0000 22.5013
v  124.3344 10.0000 24.0140
v  123.8260 10.0000 23.9267
v  123.8372 10.0000 22.3483
v  123.1039 10.0000 23.7464
v  122.6390 10.0000 23.5719
v  122.9329 10.0000 22.0422
v  121.9919 10.0000 23.2714
v  121.5705 10.0000 23.0096
v  122.1348 10.0000 21.5830
v  120.9983 10.0000 22.5890
v  120.6204 10.0000 22.2398
v  121.4431 10.0000 20.9708
v  120.1275 10.0000 21.7045
v  119.8110 10.0000 21.2899
v  120.8755 10.0000 20.2274
v  119.4241 10.0000 20.6726
v  119.1868 10.0000 20.2143
v  120.4497 10.0000 19.3746
v  118.9104 10.0000 19.5205
v  118.7522 10.0000 19.0186
v  120.1659 10.0000 18.4124
v  118.5864 10.0000 18.2483
v  120.0537 10.0000 17.6190
v  118.4916 10.0000 17.4232
v  118.4520 10.0000 16.8558
v  120.0141 10.0000 16.4884
v  118.4750 10.0000 15.8699
v  120.0941 10.0000 15.5413
v  118.5910 10.0000 14.8155
v  120.2713 10.0000 14.6831
v  118.8072 10.0000 13.8387
v  120.5457 10.0000 13.9137
v  119.1236 10.0000 12.9394
v  119.3991 10.0000 12.2678
v  121.0723 10.0000 12.9084
v  119.8846 10.0000 11.4902
v  121.5755 10.0000 12.3387
v  120.4705 10.0000 10.7902
v  120.9525 10.0000 10.2511
v  122.4342 10.0000 11.5993
v  121.7074 10.0000 9.6727
v  122.3179 10.0000 9.2234
v  123.4842 10.0000 11.0166
v  123.2051 10.0000 8.7727
v  124.3202 10.0000 10.7620
v  124.1555 10.0000 8.4054
v  124.8710 10.0000 8.1049
v  125.6185 10.0000 7.8545
v  126.3979 10.0000 7.6542
v  127.2092 10.0000 7.5039
v  128.0525 10.0000 7.4037
v  128.9277 10.0000 7.3537
v  127.6334 10.0000 10.1485
v  128.1277 10.0000 10.2152
v  128.5601 10.0000 10.3487
v  131.2813 10.0000 8.2322
v  132.4529 10.0000 6.4453
v  133.1865 10.0000 8.3994
v  134.5591 10.0000 6.6935
v  134.8824 10.0000 8.7717
v  136.4461 10.0000 7.1574
v  136.3690 10.0000 9.3490
v  138.1139 10.0000 7.8372
v  137.6465 10.0000 10.1313
v  139.5625 10.0000 8.7328
v  140.5595 10.0000 9.4881
v  139.1750 10.0000 11.5340
v  141.6363 10.0000 10.7506
v  142.3279 10.0000 11.8080
v  140.2651 10.0000 13.3683
v  143.0327 10.0000 13.4373
v  140.7621 10.0000 14.9167
v  143.4710 10.0000 16.3895
v  146.5082 10.0000 17.4651
v  147.3138 10.0000 17.6945
v  147.7325 10.0000 15.2843
v  148.9727 10.0000 17.5321
v  150.5452 10.0000 16.0608
v  151.1084 10.0000 19.0522
v  152.9695 10.0000 17.6354
v  152.2279 10.0000 19.8459
v  154.3556 10.0000 18.4970
v  153.1743 10.0000 20.8111
v  155.5463 10.0000 19.5439
v  156.4159 10.0000 20.3715
v  154.3459 10.0000 22.3949
v  157.2664 10.0000 21.7360
v  157.8462 10.0000 22.8286
v  155.1271 10.0000 24.3490
v  158.3565 10.0000 24.5108
v  155.4090 10.0000 25.9616
v  158.6715 10.0000 26.3782
v  158.8165 10.0000 27.8684
v  155.5791 10.0000 33.1059
v  158.8527 10.0000 38.3283
v  155.5616 10.0000 43.1141
v  158.7907 10.0000 43.9752
v  155.4472 10.0000 44.5117
v  158.5600 10.0000 45.7374
v  155.1737 10.0000 45.7404
v  158.1160 10.0000 47.2770
v  157.5811 10.0000 48.3826
v  154.4292 10.0000 47.3069
v  156.7456 10.0000 49.5152
v  155.8541 10.0000 50.2523
v  153.2583 10.0000 48.4281
v  154.6271 10.0000 50.9779
v  153.3789 10.0000 51.3464
v  151.6608 10.0000 49.1039
v  151.2417 10.0000 49.3343
v  151.5333 10.0000 51.7611
v  149.9949 10.0000 49.5340
v  149.4360 10.0000 49.6108
v  141.1085 10.0000 51.8840
v  137.2596 10.0000 49.6301
v  131.2147 10.0000 49.6301
v  141.0023 10.0000 17.7773
v  140.9928 10.0000 18.6387
v  143.5185 10.0000 19.3823
v  143.3981 10.0000 19.9978
v  140.7496 10.0000 19.8937
v  143.1581 10.0000 20.9457
v  142.9586 10.0000 21.5690
v  140.3526 10.0000 21.1911
v  142.6022 10.0000 22.5420
v  142.3237 10.0000 23.1733
v  139.8018 10.0000 22.5311
v  141.8508 10.0000 24.1715
v  139.2859 10.0000 23.5930
v  141.3011 10.0000 25.1909
v  140.9040 10.0000 25.8339
v  138.4670 10.0000 25.0140
v  140.2598 10.0000 26.8712
v  137.7643 10.0000 26.1436
v  139.6048 10.0000 27.9074
v  139.2652 10.0000 28.5032
v  136.8534 10.0000 27.5865
v  138.6698 10.0000 29.5055
v  138.4273 10.0000 30.0499
v  135.9649 10.0000 29.0128
v  137.8915 10.0000 31.0183
v  135.3044 10.0000 30.0260
v  137.5121 10.0000 31.8221
v  134.8035 10.0000 30.8771
v  134.4182 10.0000 31.4673
v  137.0299 10.0000 32.8799
v  134.0517 10.0000 32.2642
v  133.7765 10.0000 32.8129
v  136.7062 10.0000 33.8705
v  133.5443 10.0000 33.5554
v  133.3792 10.0000 34.0626
v  133.2691 10.0000 34.5491
v  133.2141 10.0000 35.0148
v  136.4739 10.0000 39.2255
v  133.2003 10.0000 43.3930
# 1246 vertices

vn 0.0953 0.6914 0.7162
vn 0.0217 0.7003 0.7135
vn 0.0607 0.0000 0.9982
vn 0.0217 -0.7003 0.7135
vn 0.0953 -0.6914 0.7162
vn 0.0607 -0.0000 0.9982
vn 0.2083 0.6880 0.6952
vn 0.2024 -0.0000 0.9793
vn 0.2083 -0.6880 0.6952
vn 0.2024 0.0000 0.9793
vn 0.3365 0.6850 0.6462
vn 0.3694 -0.0000 0.9293
vn 0.3365 -0.6850 0.6462
vn 0.3694 0.0000 0.9293
vn 0.4658 0.6832 0.5624
vn 0.5495 -0.0000 0.8355
vn 0.4658 -0.6832 0.5624
vn 0.5495 0.0000 0.8355
vn 0.5764 0.6835 0.4478
vn 0.7186 0.0000 0.6954
vn 0.5764 -0.6835 0.4478
vn 0.7186 -0.0000 0.6954
vn 0.6541 0.6858 0.3193
vn 0.8515 0.0000 0.5243
vn 0.6541 -0.6858 0.3193
vn 0.8515 -0.0000 0.5243
vn 0.6978 0.6890 0.1959
vn 0.9372 0.0000 0.3488
vn 0.6978 -0.6890 0.1959
vn 0.9372 -0.0000 0.3488
vn 0.7161 0.6923 0.0893
vn 0.9818 0.0000 0.1900
vn 0.7161 -0.6923 0.0893
vn 0.9818 -0.0000 0.1900
vn 0.7131 0.7008 0.0203
vn 0.9984 -0.0000 0.0568
vn 0.7131 -0.7008 0.0203
vn 0.9984 0.0000 0.0568
vn 0.7121 0.7019 -0.0166
vn 1.0000 0.0000 -0.0000
vn 0.7121 -0.7019 -0.0166
vn 0.7150 0.6955 -0.0710
vn 0.9989 0.0000 -0.0465
vn 0.7150 -0.6955 -0.0710
vn 0.9989 -0.0000 -0.0465
vn 0.7041 0.6936 -0.1519
vn 0.9885 0.0000 -0.1509
vn 0.7041 -0.6936 -0.1519
vn 0.9885 -0.0000 -0.1509
vn 0.6800 0.6918 -0.2429
vn 0.9628 0.0000 -0.2701
vn 0.6800 -0.6918 -0.2429
vn 0.9628 -0.0000 -0.2701
vn 0.6387 0.6903 -0.3401
vn 0.9161 0.0000 -0.4010
vn 0.6387 -0.6903 -0.3401
vn 0.9161 -0.0000 -0.4010
vn 0.5780 0.6893 -0.4368
vn 0.8440 0.0000 -0.5363
vn 0.5780 -0.6893 -0.4368
vn 0.8440 -0.0000 -0.5363
vn 0.4997 0.6893 -0.5246
vn 0.7463 0.0000 -0.6656
vn 0.4997 -0.6893 -0.5246
vn 0.4099 0.6901 -0.5965
vn 0.6286 0.0000 -0.7778
vn 0.4099 -0.6901 -0.5965
vn 0.6286 -0.0000 -0.7778
vn 0.3166 0.6915 -0.6493
vn 0.5008 0.0000 -0.8656
vn 0.3166 -0.6915 -0.6493
vn 0.5008 -0.0000 -0.8656
vn 0.2078 0.9782 0.0001
vn 0.3737 0.0000 -0.9275
vn 0.2078 -0.9782 0.0001
vn 0.3737 -0.0000 -0.9275
vn 0.2789 0.7025 0.6548
vn 0.3726 0.0000 0.9280
vn 0.2789 -0.7025 0.6548
vn 0.3075 0.7020 0.6424
vn 0.4109 0.0000 0.9117
vn 0.3075 -0.7020 0.6424
vn 0.4109 -0.0000 0.9117
vn 0.3385 0.7014 0.6273
vn 0.4523 -0.0000 0.8919
vn 0.3385 -0.7014 0.6273
vn 0.3719 0.7008 0.6087
vn 0.4971 0.0000 0.8677
vn 0.3719 -0.7008 0.6087
vn 0.4971 -0.0000 0.8677
vn 0.4076 0.7002 0.5862
vn 0.5451 -0.0000 0.8384
vn 0.4076 -0.7002 0.5862
vn 0.4454 0.6995 0.5589
vn 0.5961 -0.0000 0.8029
vn 0.4454 -0.6995 0.5589
vn 0.5961 0.0000 0.8029
vn 0.4847 0.6988 0.5261
vn 0.6496 -0.0000 0.7603
vn 0.4847 -0.6988 0.5261
vn 0.6496 0.0000 0.7603
vn 0.5249 0.6980 0.4870
vn 0.7047 0.0000 0.7095
vn 0.5249 -0.6980 0.4870
vn 0.7047 -0.0000 0.7095
vn 0.7639 0.6181 0.1855
vn 0.7602 -0.0000 0.6497
vn 0.7639 -0.6181 0.1855
vn 0.1216 0.5461 -0.8288
vn 0.9735 0.0000 -0.2287
vn 0.1216 -0.5461 -0.8288
vn 0.9735 -0.0000 -0.2287
vn -0.5856 0.7182 -0.3758
vn -0.8668 -0.0000 -0.4986
vn -0.5856 -0.7182 -0.3758
vn -0.8668 0.0000 -0.4986
vn -0.5488 0.7173 -0.4293
vn -0.8144 -0.0000 -0.5803
vn -0.5488 -0.7173 -0.4293
vn -0.8144 0.0000 -0.5803
vn -0.5107 0.7164 -0.4753
vn -0.7592 0.0000 -0.6508
vn -0.5107 -0.7164 -0.4753
vn -0.4729 0.7155 -0.5142
vn -0.7036 -0.0000 -0.7106
vn -0.4729 -0.7155 -0.5142
vn -0.4364 0.7146 -0.5467
vn -0.6494 0.0000 -0.7605
vn -0.4364 -0.7146 -0.5467
vn -0.6494 -0.0000 -0.7605
vn -0.4017 0.7138 -0.5737
vn -0.5976 -0.0000 -0.8018
vn -0.4017 -0.7138 -0.5737
vn -0.5976 0.0000 -0.8018
vn -0.3692 0.7131 -0.5959
vn -0.5490 -0.0000 -0.8358
vn -0.3692 -0.7131 -0.5959
vn -0.3390 0.7125 -0.6143
vn -0.5039 -0.0000 -0.8638
vn -0.3390 -0.7125 -0.6143
vn 0.1427 0.9199 -0.3654
vn -0.4622 0.0000 -0.8868
vn 0.1427 -0.9199 -0.3654
vn -0.4622 -0.0000 -0.8868
vn 0.6601 0.6904 -0.2960
vn 0.9408 0.0000 -0.3389
vn 0.6601 -0.6904 -0.2960
vn 0.9408 -0.0000 -0.3389
vn 0.6061 0.6889 -0.3976
vn 0.8788 0.0000 -0.4772
vn 0.6061 -0.6889 -0.3976
vn 0.8788 -0.0000 -0.4772
vn 0.5308 0.6882 -0.4946
vn 0.7877 0.0000 -0.6160
vn 0.5308 -0.6882 -0.4946
vn 0.7877 -0.0000 -0.6160
vn 0.4385 0.6885 -0.5776
vn 0.6700 0.0000 -0.7424
vn 0.4385 -0.6885 -0.5776
vn 0.6700 -0.0000 -0.7424
vn 0.3381 0.6898 -0.6402
vn 0.5350 0.0000 -0.8448
vn 0.3381 -0.6898 -0.6402
vn 0.5350 -0.0000 -0.8448
vn 0.2390 0.6917 -0.6815
vn 0.3960 0.0000 -0.9183
vn 0.2390 -0.6917 -0.6815
vn 0.3960 -0.0000 -0.9183
vn 0.1481 0.6938 -0.7048
vn 0.2642 0.0000 -0.9645
vn 0.1481 -0.6938 -0.7048
vn 0.2642 -0.0000 -0.9645
vn 0.0687 0.6958 -0.7149
vn 0.1464 0.0000 -0.9892
vn 0.0687 -0.6958 -0.7149
vn 0.1464 -0.0000 -0.9892
vn 0.0060 0.6990 -0.7151
vn 0.0448 0.0000 -0.9990
vn 0.0060 -0.6990 -0.7151
vn 0.0448 -0.0000 -0.9990
vn -0.0411 0.7005 -0.7125
vn -0.0281 0.0000 -0.9996
vn -0.0411 -0.7005 -0.7125
vn -0.0281 -0.0000 -0.9996
vn -0.0846 0.7001 -0.7090
vn -0.0871 0.0000 -0.9962
vn -0.0846 -0.7001 -0.7090
vn -0.0871 -0.0000 -0.9962
vn -0.1304 0.6997 -0.7025
vn -0.1496 -0.0000 -0.9887
vn -0.1304 -0.6997 -0.7025
vn -0.1496 0.0000 -0.9887
vn -0.1782 0.6993 -0.6923
vn -0.2152 0.0000 -0.9766
vn -0.1782 -0.6993 -0.6923
vn -0.2274 0.6990 -0.6780
vn -0.2831 -0.0000 -0.9591
vn -0.2274 -0.6990 -0.6780
vn -0.2831 0.0000 -0.9591
vn -0.2772 0.6987 -0.6595
vn -0.3524 -0.0000 -0.9358
vn -0.2772 -0.6987 -0.6595
vn -0.3524 0.0000 -0.9358
vn -0.3266 0.6986 -0.6367
vn -0.4219 -0.0000 -0.9066
vn -0.3266 -0.6986 -0.6367
vn -0.4219 0.0000 -0.9066
vn -0.3748 0.6985 -0.6096
vn -0.4903 -0.0000 -0.8715
vn -0.3748 -0.6985 -0.6096
vn -0.4903 0.0000 -0.8715
vn -0.4251 0.6972 -0.5772
vn -0.5564 0.0000 -0.8309
vn -0.4251 -0.6972 -0.5772
vn -0.5564 -0.0000 -0.8309
vn -0.4807 0.6953 -0.5343
vn -0.6284 -0.0000 -0.7779
vn -0.4807 -0.6953 -0.5343
vn -0.6284 0.0000 -0.7779
vn -0.5364 0.6948 -0.4791
vn -0.7075 -0.0000 -0.7067
vn -0.5364 -0.6948 -0.4791
vn -0.7075 0.0000 -0.7067
vn -0.5872 0.6945 -0.4158
vn -0.7818 0.0000 -0.6236
vn -0.5872 -0.6945 -0.4158
vn -0.7818 -0.0000 -0.6236
vn -0.6307 0.6945 -0.3463
vn -0.8477 0.0000 -0.5304
vn -0.6307 -0.6945 -0.3463
vn -0.6652 0.6949 -0.2733
vn -0.9025 0.0000 -0.4306
vn -0.6652 -0.6949 -0.2733
vn -0.6902 0.6955 -0.1998
vn -0.9446 -0.0000 -0.3282
vn -0.6902 -0.6955 -0.1998
vn -0.7062 0.6963 -0.1287
vn -0.9738 0.0000 -0.2272
vn -0.7062 -0.6963 -0.1287
vn -0.7142 0.6972 -0.0619
vn -0.9914 0.0000 -0.1310
vn -0.7142 -0.6972 -0.0619
vn -0.9914 -0.0000 -0.1310
vn -0.7154 0.6987 -0.0027
vn -0.9991 -0.0000 -0.0416
vn -0.7154 -0.6987 -0.0027
vn -0.9991 0.0000 -0.0416
vn -0.7133 0.6991 0.0502
vn -0.9994 -0.0000 0.0342
vn -0.7133 -0.6991 0.0502
vn -0.9994 0.0000 0.0342
vn -0.7081 0.6986 0.1031
vn -0.9944 -0.0000 0.1060
vn -0.7081 -0.6986 0.1031
vn -0.9944 0.0000 0.1060
vn -0.6982 0.6981 0.1586
vn -0.9833 -0.0000 0.1819
vn -0.6982 -0.6981 0.1586
vn -0.9833 0.0000 0.1819
vn -0.6831 0.6978 0.2157
vn -0.9654 -0.0000 0.2607
vn -0.6831 -0.6978 0.2157
vn -0.9654 0.0000 0.2607
vn -0.6625 0.6975 0.2731
vn -0.9401 -0.0000 0.3409
vn -0.6625 -0.6975 0.2731
vn -0.9401 0.0000 0.3409
vn -0.6363 0.6974 0.3297
vn -0.9072 -0.0000 0.4208
vn -0.6363 -0.6974 0.3297
vn -0.9072 0.0000 0.4208
vn -0.6052 0.6974 0.3839
vn -0.8670 0.0000 0.4984
vn -0.6052 -0.6974 0.3839
vn -0.5696 0.6976 0.4346
vn -0.8203 0.0000 0.5720
vn -0.5696 -0.6976 0.4346
vn -0.8203 -0.0000 0.5720
vn -0.5304 0.6976 0.4817
vn -0.7683 -0.0000 0.6401
vn -0.5304 -0.6976 0.4817
vn -0.7683 0.0000 0.6401
vn -0.4863 0.6970 0.5269
vn -0.7109 -0.0000 0.7033
vn -0.4863 -0.6970 0.5269
vn -0.7109 0.0000 0.7033
vn -0.4355 0.6966 0.5702
vn -0.6441 -0.0000 0.7649
vn -0.4355 -0.6966 0.5702
vn -0.3787 0.6963 0.6097
vn -0.5685 -0.0000 0.8227
vn -0.3787 -0.6963 0.6097
vn -0.5685 0.0000 0.8227
vn -0.3172 0.6962 0.6440
vn -0.4855 -0.0000 0.8742
vn -0.3172 -0.6962 0.6440
vn -0.4855 0.0000 0.8742
vn -0.2525 0.6963 0.6719
vn -0.3970 -0.0000 0.9178
vn -0.2525 -0.6963 0.6719
vn -0.3970 0.0000 0.9178
vn -0.1867 0.6966 0.6927
vn -0.3057 -0.0000 0.9521
vn -0.1867 -0.6966 0.6927
vn -0.3057 0.0000 0.9521
vn -0.1218 0.6971 0.7066
vn -0.2142 -0.0000 0.9768
vn -0.1218 -0.6971 0.7066
vn -0.2142 0.0000 0.9768
vn -0.0593 0.6977 0.7140
vn -0.1251 -0.0000 0.9921
vn -0.0593 -0.6977 0.7140
vn -0.1251 0.0000 0.9921
vn 0.0085 0.6955 0.7184
vn -0.0403 -0.0000 0.9992
vn 0.0085 -0.6955 0.7184
vn -0.0403 0.0000 0.9992
vn 0.1006 0.6905 0.7163
vn 0.0641 -0.0000 0.9979
vn 0.1006 -0.6905 0.7163
vn 0.0641 0.0000 0.9979
vn 0.2189 0.6872 0.6927
vn 0.2132 -0.0000 0.9770
vn 0.2189 -0.6872 0.6927
vn 0.2132 0.0000 0.9770
vn 0.3510 0.6843 0.6392
vn 0.3870 -0.0000 0.9221
vn 0.3510 -0.6843 0.6392
vn 0.4805 0.6830 0.5501
vn 0.5703 0.0000 0.8214
vn 0.4805 -0.6830 0.5501
vn 0.5703 -0.0000 0.8214
vn 0.5874 0.6839 0.4328
vn 0.7372 0.0000 0.6757
vn 0.5874 -0.6839 0.4328
vn 0.7372 -0.0000 0.6757
vn 0.6599 0.6865 0.3054
vn 0.8638 0.0000 0.5038
vn 0.6599 -0.6865 0.3054
vn 0.8638 -0.0000 0.5038
vn 0.6996 0.6898 0.1862
vn 0.9431 -0.0000 0.3325
vn 0.6996 -0.6898 0.1862
vn 0.7159 0.6931 0.0846
vn 0.9836 0.0000 0.1803
vn 0.7159 -0.6931 0.0846
vn 0.9836 -0.0000 0.1803
vn 0.7183 0.6958 0.0020
vn 0.9985 0.0000 0.0538
vn 0.7183 -0.6958 0.0020
vn 0.9985 -0.0000 0.0538
vn 0.7149 0.6955 -0.0722
vn 0.9988 0.0000 -0.0484
vn 0.7149 -0.6955 -0.0722
vn 0.9988 -0.0000 -0.0484
vn 0.7037 0.6945 -0.1500
vn 0.9883 0.0000 -0.1524
vn 0.7037 -0.6945 -0.1500
vn 0.6819 0.6937 -0.2319
vn 0.9646 0.0000 -0.2638
vn 0.6819 -0.6937 -0.2319
vn 0.9646 -0.0000 -0.2638
vn 0.6485 0.6932 -0.3145
vn 0.9255 0.0000 -0.3788
vn 0.6485 -0.6932 -0.3145
vn 0.9255 -0.0000 -0.3788
vn 0.6038 0.6932 -0.3936
vn 0.8706 0.0000 -0.4921
vn 0.6038 -0.6932 -0.3936
vn 0.8706 -0.0000 -0.4921
vn 0.5499 0.6935 -0.4655
vn 0.8015 -0.0000 -0.5980
vn 0.5499 -0.6935 -0.4655
vn 0.4898 0.6942 -0.5274
vn 0.7220 0.0000 -0.6919
vn 0.4898 -0.6942 -0.5274
vn 0.4273 0.6952 -0.5780
vn 0.6368 0.0000 -0.7711
vn 0.4273 -0.6952 -0.5780
vn 0.6368 -0.0000 -0.7711
vn 0.1332 0.9901 0.0442
vn 0.5505 0.0000 -0.8349
vn 0.1332 -0.9901 0.0442
vn 0.5505 -0.0000 -0.8349
vn -0.0861 0.7226 0.6858
vn -0.0572 -0.0000 0.9984
vn -0.0861 -0.7226 0.6858
vn -0.0572 0.0000 0.9984
vn -0.1870 0.7263 0.6615
vn -0.1913 -0.0000 0.9815
vn -0.1870 -0.7263 0.6615
vn -0.1913 0.0000 0.9815
vn -0.3015 0.7299 0.6135
vn -0.3509 -0.0000 0.9364
vn -0.3015 -0.7299 0.6135
vn -0.3509 0.0000 0.9364
vn -0.4195 0.7324 0.5363
vn -0.5270 0.0000 0.8499
vn -0.4195 -0.7324 0.5363
vn -0.5270 -0.0000 0.8499
vn -0.5256 0.7326 0.4324
vn -0.6979 0.0000 0.7162
vn -0.5256 -0.7326 0.4324
vn -0.6065 0.7306 0.3136
vn -0.8373 -0.0000 0.5468
vn -0.6065 -0.7306 0.3136
vn -0.8373 0.0000 0.5468
vn -0.6580 0.7271 0.1958
vn -0.9302 0.0000 0.3671
vn -0.6580 -0.7271 0.1958
vn -0.6844 0.7234 0.0904
vn -0.9796 -0.0000 0.2011
vn -0.6844 -0.7234 0.0904
vn -0.9796 0.0000 0.2011
vn -0.6831 0.7299 -0.0260
vn -0.9982 -0.0000 0.0603
vn -0.6831 -0.7299 -0.0260
vn -0.6829 0.7189 -0.1298
vn -0.9907 -0.0000 -0.1361
vn -0.6829 -0.7189 -0.1298
vn -0.9907 0.0000 -0.1361
vn -0.6691 0.7172 -0.1949
vn -0.9715 -0.0000 -0.2370
vn -0.6691 -0.7172 -0.1949
vn -0.9715 0.0000 -0.2370
vn -0.6523 0.7157 -0.2495
vn -0.9468 -0.0000 -0.3217
vn -0.6523 -0.7157 -0.2495
vn -0.9468 0.0000 -0.3217
vn -0.6343 0.7145 -0.2952
vn -0.9198 -0.0000 -0.3923
vn -0.6343 -0.7145 -0.2952
vn -0.6164 0.7134 -0.3334
vn -0.8925 -0.0000 -0.4511
vn -0.6164 -0.7134 -0.3334
vn -0.5990 0.7126 -0.3653
vn -0.8660 0.0000 -0.5000
vn -0.5990 -0.7126 -0.3653
vn -0.8660 -0.0000 -0.5000
vn -0.5826 0.7118 -0.3923
vn -0.8410 0.0000 -0.5411
vn -0.5826 -0.7118 -0.3923
vn -0.8410 -0.0000 -0.5411
vn -0.5673 0.7112 -0.4151
vn -0.8177 0.0000 -0.5757
vn -0.5673 -0.7112 -0.4151
vn -0.5643 0.7066 -0.4269
vn -0.7961 0.0000 -0.6051
vn -0.5643 -0.7066 -0.4269
vn -0.5779 0.7023 -0.4158
vn -0.7989 0.0000 -0.6015
vn -0.5779 -0.7023 -0.4158
vn -0.5970 0.7016 -0.3890
vn -0.8241 -0.0000 -0.5664
vn -0.5970 -0.7016 -0.3890
vn -0.6175 0.7008 -0.3572
vn -0.8511 -0.0000 -0.5251
vn -0.6175 -0.7008 -0.3572
vn -0.8511 0.0000 -0.5251
vn -0.6389 0.6999 -0.3195
vn -0.8794 -0.0000 -0.4761
vn -0.6389 -0.6999 -0.3195
vn -0.8794 0.0000 -0.4761
vn -0.6606 0.6988 -0.2744
vn -0.9085 -0.0000 -0.4179
vn -0.6606 -0.6988 -0.2744
vn -0.9085 0.0000 -0.4179
vn -0.6817 0.6975 -0.2208
vn -0.9372 -0.0000 -0.3488
vn -0.6817 -0.6975 -0.2208
vn -0.9372 0.0000 -0.3488
vn -0.7004 0.6962 -0.1573
vn -0.9637 0.0000 -0.2669
vn -0.7004 -0.6962 -0.1573
vn -0.7144 0.6948 -0.0833
vn -0.9853 0.0000 -0.1708
vn -0.7144 -0.6948 -0.0833
vn -0.7134 0.7004 -0.0215
vn -0.9982 -0.0000 -0.0603
vn -0.7134 -0.7004 -0.0215
vn -0.9982 0.0000 -0.0603
vn -0.3015 0.9045 -0.3015
vn -1.0000 0.0000 -0.0000
vn -0.3015 -0.9045 -0.3015
vn -0.5774 0.5774 -0.5774
vn 0.0000 0.0000 -1.0000
vn -0.5774 -0.5774 -0.5774
vn -0.5774 0.5774 0.5774
vn -0.5774 -0.5774 0.5774
vn 0.0000 0.0000 1.0000
vn -0.2048 0.7280 0.6542
vn -0.0949 0.7243 0.6829
vn -0.2112 -0.0000 0.9774
vn -0.0949 -0.7243 0.6829
vn -0.2048 -0.7280 0.6542
vn -0.2112 0.0000 0.9774
vn -0.3258 0.7313 0.5992
vn -0.3837 -0.0000 0.9234
vn -0.3258 -0.7313 0.5992
vn -0.3837 0.0000 0.9234
vn -0.4451 0.7329 0.5145
vn -0.5665 -0.0000 0.8240
vn -0.4451 -0.7329 0.5145
vn -0.5665 0.0000 0.8240
vn -0.5467 0.7320 0.4066
vn -0.7339 -0.0000 0.6792
vn -0.5467 -0.7320 0.4066
vn -0.7339 0.0000 0.6792
vn -0.6200 0.7291 0.2897
vn -0.8616 -0.0000 0.5075
vn -0.6200 -0.7291 0.2897
vn -0.8616 0.0000 0.5075
vn -0.6647 0.7254 0.1786
vn -0.9421 -0.0000 0.3353
vn -0.6647 -0.7254 0.1786
vn -0.9421 0.0000 0.3353
vn -0.6872 0.7219 0.0820
vn -0.9833 -0.0000 0.1820
vn -0.6872 -0.7219 0.0820
vn -0.9833 0.0000 0.1820
vn -0.6943 0.7196 -0.0003
vn -0.9985 -0.0000 0.0544
vn -0.6943 -0.7196 -0.0003
vn -0.6868 0.7221 -0.0831
vn -0.9985 -0.0000 -0.0552
vn -0.6868 -0.7221 -0.0831
vn -0.9985 0.0000 -0.0552
vn -0.6638 0.7257 -0.1810
vn -0.9828 -0.0000 -0.1847
vn -0.6638 -0.7257 -0.1810
vn -0.9828 0.0000 -0.1847
vn -0.6182 0.7293 -0.2931
vn -0.9405 -0.0000 -0.3399
vn -0.6182 -0.7293 -0.2931
vn -0.9405 0.0000 -0.3399
vn -0.5437 0.7321 -0.4104
vn -0.8583 -0.0000 -0.5132
vn -0.5437 -0.7321 -0.4104
vn -0.8583 0.0000 -0.5132
vn -0.4414 0.7328 -0.5178
vn -0.7288 -0.0000 -0.6847
vn -0.4414 -0.7328 -0.5178
vn -0.7288 0.0000 -0.6847
vn -0.3223 0.7311 -0.6014
vn -0.5608 0.0000 -0.8280
vn -0.3223 -0.7311 -0.6014
vn -0.2021 0.7278 -0.6554
vn -0.3788 0.0000 -0.9255
vn -0.2021 -0.7278 -0.6554
vn -0.3788 -0.0000 -0.9255
vn -0.0936 0.7240 -0.6834
vn -0.2082 0.0000 -0.9781
vn -0.0936 -0.7240 -0.6834
vn -0.2082 -0.0000 -0.9781
vn -0.0003 0.7213 -0.6926
vn -0.0625 0.0000 -0.9980
vn -0.0003 -0.7213 -0.6926
vn -0.0625 -0.0000 -0.9980
vn 0.0922 0.7238 -0.6838
vn 0.0615 0.0000 -0.9981
vn 0.0922 -0.7238 -0.6838
vn 0.0615 -0.0000 -0.9981
vn 0.1993 0.7275 -0.6565
vn 0.2051 0.0000 -0.9788
vn 0.1993 -0.7275 -0.6565
vn 0.2051 -0.0000 -0.9788
vn 0.3185 0.7309 -0.6037
vn 0.3737 0.0000 -0.9276
vn 0.3185 -0.7309 -0.6037
vn 0.3737 -0.0000 -0.9276
vn 0.4375 0.7327 -0.5212
vn 0.5547 0.0000 -0.8321
vn 0.4375 -0.7327 -0.5212
vn 0.5547 -0.0000 -0.8321
vn 0.5405 0.7322 -0.4144
vn 0.7233 0.0000 -0.6905
vn 0.5405 -0.7322 -0.4144
vn 0.6161 0.7296 -0.2968
vn 0.8547 0.0000 -0.5192
vn 0.6161 -0.7296 -0.2968
vn 0.8547 -0.0000 -0.5192
vn 0.6628 0.7259 -0.1836
vn 0.9387 0.0000 -0.3447
vn 0.6628 -0.7259 -0.1836
vn 0.9387 -0.0000 -0.3447
vn 0.6864 0.7223 -0.0844
vn 0.9823 0.0000 -0.1875
vn 0.6864 -0.7223 -0.0844
vn 0.9823 -0.0000 -0.1875
vn 0.6941 0.7198 -0.0003
vn 0.9984 0.0000 -0.0561
vn 0.6941 -0.7198 -0.0003
vn 0.9984 -0.0000 -0.0561
vn 0.6868 0.7221 0.0832
vn 0.9985 0.0000 0.0552
vn 0.6868 -0.7221 0.0832
vn 0.6637 0.7257 0.1812
vn 0.9828 0.0000 0.1849
vn 0.6637 -0.7257 0.1812
vn 0.9828 -0.0000 0.1849
vn 0.6180 0.7294 0.2934
vn 0.9404 0.0000 0.3401
vn 0.6180 -0.7294 0.2934
vn 0.5435 0.7321 0.4106
vn 0.8581 0.0000 0.5135
vn 0.5435 -0.7321 0.4106
vn 0.8581 -0.0000 0.5135
vn 0.4412 0.7328 0.5180
vn 0.7285 0.0000 0.6851
vn 0.4412 -0.7328 0.5180
vn 0.7285 -0.0000 0.6851
vn 0.3220 0.7311 0.6015
vn 0.5604 -0.0000 0.8282
vn 0.3220 -0.7311 0.6015
vn 0.5604 0.0000 0.8282
vn 0.2019 0.7278 0.6554
vn 0.3785 0.0000 0.9256
vn 0.2019 -0.7278 0.6554
vn 0.3785 -0.0000 0.9256
vn 0.0935 0.7240 0.6834
vn 0.2080 -0.0000 0.9781
vn 0.0935 -0.7240 0.6834
vn 0.2080 0.0000 0.9781
vn -0.0003 0.7215 0.6924
vn 0.0624 -0.0000 0.9980
vn -0.0003 -0.7215 0.6924
vn 0.0624 0.0000 0.9980
vn -0.0634 -0.0000 0.9980
vn -0.0634 0.0000 0.9980
vn -0.2959 0.7276 0.6190
vn -0.1908 0.7248 0.6620
vn -0.3499 -0.0000 0.9368
vn -0.1908 -0.7248 0.6620
vn -0.2959 -0.7276 0.6190
vn -0.3499 0.0000 0.9368
vn -0.4035 0.7294 0.5524
vn -0.5094 -0.0000 0.8605
vn -0.4035 -0.7294 0.5524
vn -0.5094 0.0000 0.8605
vn -0.5021 0.7297 0.4641
vn -0.6647 -0.0000 0.7471
vn -0.5021 -0.7297 0.4641
vn -0.6647 0.0000 0.7471
vn -0.5818 0.7284 0.3619
vn -0.7971 -0.0000 0.6039
vn -0.5818 -0.7284 0.3619
vn -0.7971 0.0000 0.6039
vn -0.6380 0.7259 0.2571
vn -0.8941 -0.0000 0.4480
vn -0.6380 -0.7259 0.2571
vn -0.8941 0.0000 0.4480
vn -0.6723 0.7230 0.1594
vn -0.9548 0.0000 0.2972
vn -0.6723 -0.7230 0.1594
vn -0.6898 0.7202 0.0738
vn -0.9866 -0.0000 0.1630
vn -0.6898 -0.7202 0.0738
vn -0.9866 0.0000 0.1630
vn -0.7013 0.7127 0.0173
vn -0.9988 -0.0000 0.0493
vn -0.7013 -0.7127 0.0173
vn -0.9988 0.0000 0.0493
vn -0.7007 0.7132 -0.0187
vn -0.7007 -0.7132 -0.0187
vn -0.6876 0.7216 -0.0806
vn -0.9986 -0.0000 -0.0534
vn -0.6876 -0.7216 -0.0806
vn -0.6658 0.7251 -0.1758
vn -0.9839 -0.0000 -0.1790
vn -0.6658 -0.7251 -0.1758
vn -0.9839 0.0000 -0.1790
vn -0.6222 0.7289 -0.2858
vn -0.9439 -0.0000 -0.3302
vn -0.6222 -0.7289 -0.2858
vn -0.9439 0.0000 -0.3302
vn -0.5501 0.7319 -0.4022
vn -0.8655 -0.0000 -0.5009
vn -0.5501 -0.7319 -0.4022
vn -0.8655 0.0000 -0.5009
vn -0.4494 0.7329 -0.5107
vn -0.7398 -0.0000 -0.6728
vn -0.4494 -0.7329 -0.5107
vn -0.7398 0.0000 -0.6728
vn -0.3301 0.7315 -0.5966
vn -0.5733 0.0000 -0.8193
vn -0.3301 -0.7315 -0.5966
vn -0.5733 -0.0000 -0.8193
vn -0.2079 0.7283 -0.6529
vn -0.3895 -0.0000 -0.9210
vn -0.2079 -0.7283 -0.6529
vn -0.3895 0.0000 -0.9210
vn -0.0965 0.7246 -0.6824
vn -0.2148 0.0000 -0.9767
vn -0.0965 -0.7246 -0.6824
vn -0.2148 -0.0000 -0.9767
vn -0.0226 0.7144 -0.6993
vn -0.0645 0.0000 -0.9979
vn -0.0226 -0.7144 -0.6993
vn -0.0645 -0.0000 -0.9979
vn 0.3015 0.9045 -0.3015
vn 0.3015 -0.9045 -0.3015
vn 0.7004 0.7135 0.0198
vn 0.7004 -0.7135 0.0198
vn 0.6912 0.7188 0.0746
vn 0.9984 -0.0000 0.0564
vn 0.6912 -0.7188 0.0746
vn 0.6825 0.7172 0.1405
vn 0.9874 0.0000 0.1580
vn 0.6825 -0.7172 0.1405
vn 0.9874 -0.0000 0.1580
vn 0.6700 0.7158 0.1967
vn 0.9696 -0.0000 0.2448
vn 0.6700 -0.7158 0.1967
vn 0.9696 0.0000 0.2448
vn 0.6555 0.7146 0.2443
vn 0.9481 0.0000 0.3181
vn 0.6555 -0.7146 0.2443
vn 0.9481 -0.0000 0.3181
vn 0.6402 0.7136 0.2844
vn 0.9251 -0.0000 0.3798
vn 0.6402 -0.7136 0.2844
vn 0.9251 0.0000 0.3798
vn 0.6250 0.7127 0.3184
vn 0.9019 -0.0000 0.4318
vn 0.6250 -0.7127 0.3184
vn 0.9019 0.0000 0.4318
vn 0.6103 0.7120 0.3473
vn 0.8796 0.0000 0.4758
vn 0.6103 -0.7120 0.3473
vn 0.5963 0.7114 0.3720
vn 0.8583 0.0000 0.5132
vn 0.5963 -0.7114 0.3720
vn 0.8583 -0.0000 0.5132
vn 0.5936 0.7068 0.3848
vn 0.8384 0.0000 0.5451
vn 0.5936 -0.7068 0.3848
vn 0.8384 -0.0000 0.5451
vn 0.6057 0.7024 0.3737
vn 0.8399 -0.0000 0.5428
vn 0.6057 -0.7024 0.3737
vn 0.6215 0.7021 0.3474
vn 0.8618 0.0000 0.5072
vn 0.6215 -0.7021 0.3474
vn 0.8618 -0.0000 0.5072
vn 0.6371 0.7018 0.3187
vn 0.8835 -0.0000 0.4684
vn 0.6371 -0.7018 0.3187
vn 0.8835 0.0000 0.4684
vn 0.6521 0.7015 0.2874
vn 0.9047 0.0000 0.4261
vn 0.6521 -0.7015 0.2874
vn 0.9047 -0.0000 0.4261
vn 0.6663 0.7012 0.2536
vn 0.9249 0.0000 0.3803
vn 0.6663 -0.7012 0.2536
vn 0.9249 -0.0000 0.3803
vn 0.6794 0.7009 0.2171
vn 0.9437 -0.0000 0.3308
vn 0.6794 -0.7009 0.2171
vn 0.6909 0.7006 0.1782
vn 0.9606 0.0000 0.2778
vn 0.6909 -0.7006 0.1782
vn 0.7006 0.7003 0.1368
vn 0.9752 0.0000 0.2214
vn 0.7006 -0.7003 0.1368
vn 0.9752 -0.0000 0.2214
vn 0.2357 0.9093 0.3429
vn 0.9868 0.0000 0.1619
vn 0.2358 -0.9093 0.3429
vn 0.9868 -0.0000 0.1619
vn -0.2022 -0.0000 0.9793
vn -0.2022 0.0000 0.9793
vn 0.0000 -1.0000 -0.0000
vn 0.0000 1.0000 -0.0000
# 774 vertex normals

o Cho_Chan
g Cho_Chan
s 1
f 1//1 2//2 3//3 
f 4//4 5//5 6//6 
s 3
f 7//7 1//1 8//8 
f 5//5 9//9 10//10 
s 2
f 11//11 7//7 12//12 
f 9//9 13//13 14//14 
f 15//15 11//11 16//16 
f 13//13 17//17 18//18 
f 19//19 15//15 20//20 
f 17//17 21//21 22//22 
f 23//23 19//19 24//24 
f 21//21 25//25 26//26 
f 27//27 23//23 28//28 
f 25//25 29//29 30//30 
f 31//31 27//27 32//32 
f 29//29 33//33 34//34 
f 35//35 31//31 36//36 
f 33//33 37//37 38//38 
s 4
f 39//39 35//35 40//40 
f 37//37 41//41 42//40 
s 2
f 43//42 39//39 44//43 
f 41//41 45//44 46//45 
f 47//46 43//42 48//47 
f 45//44 49//48 50//49 
f 51//50 47//46 52//51 
f 49//48 53//52 54//53 
f 55//54 51//50 56//55 
f 53//52 57//56 58//57 
f 59//58 55//54 60//59 
f 57//56 61//60 62//61 
f 63//62 59//58 64//63 
f 61//60 65//64 66//63 
f 67//65 63//62 68//66 
f 65//64 69//67 70//68 
f 71//69 67//65 72//70 
f 69//67 73//71 74//72 
f 75//73 71//69 76//74 
f 73//71 77//75 78//76 
s 4
f 79//77 75//73 80//78 
f 77//75 81//79 82//78 
f 83//80 79//77 84//81 
f 81//79 85//82 86//83 
f 87//84 83//80 88//85 
f 85//82 89//86 90//85 
f 91//87 87//84 92//88 
f 89//86 93//89 94//90 
f 95//91 91//87 96//92 
f 93//89 97//93 98//92 
f 99//94 95//91 100//95 
f 97//93 101//96 102//97 
f 103//98 99//94 104//99 
f 101//96 105//100 106//101 
f 107//102 103//98 108//103 
f 105//100 109//104 110//105 
f 111//106 107//102 112//107 
f 109//104 113//108 114//107 
s 2
f 115//109 111//106 116//110 
f 113//108 117//111 118//112 
s 4
f 119//113 115//109 120//114 
f 117//111 121//115 122//116 
f 123//117 119//113 124//118 
f 121//115 125//119 126//120 
f 127//121 123//117 128//122 
f 125//119 129//123 130//122 
f 131//124 127//121 132//125 
f 129//123 133//126 134//125 
f 135//127 131//124 136//128 
f 133//126 137//129 138//130 
f 139//131 135//127 140//132 
f 137//129 141//133 142//134 
f 143//135 139//131 144//136 
f 141//133 145//137 146//136 
f 147//138 143//135 148//139 
f 145//137 149//140 150//139 
f 151//141 147//138 152//142 
f 149//140 153//143 154//144 
s 2
f 155//145 151//141 156//146 
f 153//143 157//147 158//148 
f 159//149 155//145 160//150 
f 157//147 161//151 162//152 
f 163//153 159//149 164//154 
f 161//151 165//155 166//156 
f 167//157 163//153 168//158 
f 165//155 169//159 170//160 
f 171//161 167//157 172//162 
f 169//159 173//163 174//164 
f 175//165 171//161 176//166 
f 173//163 177//167 178//168 
f 179//169 175//165 180//170 
f 177//167 181//171 182//172 
f 183//173 179//169 184//174 
f 181//171 185//175 186//176 
f 187//177 183//173 188//178 
f 185//175 189//179 190//180 
f 191//181 187//177 192//182 
f 189//179 193//183 194//184 
f 195//185 191//181 196//186 
f 193//183 197//187 198//188 
f 199//189 195//185 200//190 
f 197//187 201//191 202//192 
f 203//193 199//189 204//194 
f 201//191 205//195 206//194 
f 207//196 203//193 208//197 
f 205//195 209//198 210//199 
f 211//200 207//196 212//201 
f 209//198 213//202 214//203 
f 215//204 211//200 216//205 
f 213//202 217//206 218//207 
f 219//208 215//204 220//209 
f 217//206 221//210 222//211 
f 223//212 219//208 224//213 
f 221//210 225//214 226//215 
f 227//216 223//212 228//217 
f 225//214 229//218 230//219 
f 231//220 227//216 232//221 
f 229//218 233//222 234//223 
f 235//224 231//220 236//225 
f 233//222 237//226 238//227 
f 239//228 235//224 240//229 
f 237//226 241//230 242//229 
f 243//231 239//228 244//232 
f 241//230 245//233 246//232 
f 247//234 243//231 248//235 
f 245//233 249//236 250//235 
f 251//237 247//234 252//238 
f 249//236 253//239 254//238 
f 255//240 251//237 256//241 
f 253//239 257//242 258//243 
f 259//244 255//240 260//245 
f 257//242 261//246 262//247 
f 263//248 259//244 264//249 
f 261//246 265//250 266//251 
f 267//252 263//248 268//253 
f 265//250 269//254 270//255 
f 271//256 267//252 272//257 
f 269//254 273//258 274//259 
f 275//260 271//256 276//261 
f 273//258 277//262 278//263 
f 279//264 275//260 280//265 
f 277//262 281//266 282//267 
f 283//268 279//264 284//269 
f 281//266 285//270 286//271 
f 287//272 283//268 288//273 
f 285//270 289//274 290//273 
f 291//275 287//272 292//276 
f 289//274 293//277 294//278 
f 295//279 291//275 296//280 
f 293//277 297//281 298//282 
f 299//283 295//279 300//284 
f 297//281 301//285 302//286 
f 303//287 299//283 304//288 
f 301//285 305//289 306//288 
f 307//290 303//287 308//291 
f 305//289 309//292 310//293 
f 311//294 307//290 312//295 
f 309//292 313//296 314//297 
f 315//298 311//294 316//299 
f 313//296 317//300 318//301 
f 319//302 315//298 320//303 
f 317//300 321//304 322//305 
f 323//306 319//302 324//307 
f 321//304 325//308 326//309 
f 327//310 323//306 328//311 
f 325//308 329//312 330//313 
f 331//314 327//310 332//315 
f 329//312 333//316 334//317 
f 335//318 331//314 336//319 
f 333//316 337//320 338//321 
f 339//322 335//318 340//323 
f 337//320 341//324 342//325 
f 343//326 339//322 344//327 
f 341//324 345//328 346//327 
f 347//329 343//326 348//330 
f 345//328 349//331 350//332 
f 351//333 347//329 352//334 
f 349//331 353//335 354//336 
f 355//337 351//333 356//338 
f 353//335 357//339 358//340 
f 359//341 355//337 360//342 
f 357//339 361//343 362//342 
f 363//344 359//341 364//345 
f 361//343 365//346 366//347 
f 367//348 363//344 368//349 
f 365//346 369//350 370//351 
f 371//352 367//348 372//353 
f 369//350 373//354 374//355 
f 375//356 371//352 376//357 
f 373//354 377//358 378//357 
f 379//359 375//356 380//360 
f 377//358 381//361 382//362 
f 383//363 379//359 384//364 
f 381//361 385//365 386//366 
f 387//367 383//363 388//368 
f 385//365 389//369 390//370 
f 391//371 387//367 392//372 
f 389//369 393//373 394//372 
f 395//374 391//371 396//375 
f 393//373 397//376 398//375 
f 399//377 395//374 400//378 
f 397//376 401//379 402//380 
f 403//381 399//377 404//382 
f 401//379 405//383 406//384 
s 4
f 407//385 403//381 408//386 
f 405//383 409//387 410//388 
f 411//389 407//385 412//390 
f 409//387 413//391 414//392 
f 415//393 411//389 416//394 
f 413//391 417//395 418//396 
f 419//397 415//393 420//398 
f 417//395 421//399 422//400 
f 423//401 419//397 424//402 
f 421//399 425//403 426//402 
f 427//404 423//401 428//405 
f 425//403 429//406 430//407 
f 431//408 427//404 432//409 
f 429//406 433//410 434//409 
f 435//411 431//408 436//412 
f 433//410 437//413 438//414 
f 439//415 435//411 440//416 
f 437//413 441//417 442//416 
s 2
f 443//418 439//415 444//419 
f 441//417 445//420 446//421 
f 447//422 443//418 448//423 
f 445//420 449//424 450//425 
f 451//426 447//422 452//427 
f 449//424 453//428 454//429 
f 455//430 451//426 456//431 
f 453//428 457//432 458//431 
f 459//433 455//430 460//434 
f 457//432 461//435 462//434 
f 463//436 459//433 464//437 
f 461//435 465//438 466//439 
f 467//440 463//436 468//441 
f 465//438 469//442 470//443 
f 471//444 467//440 472//445 
f 469//442 473//446 474//445 
f 475//447 471//444 476//448 
f 473//446 477//449 478//448 
f 479//450 475//447 480//451 
f 477//449 481//452 482//451 
f 483//453 479//450 484//454 
f 481//452 485//455 486//454 
f 487//456 483//453 488//457 
f 485//455 489//458 490//459 
f 491//460 487//456 492//461 
f 489//458 493//462 494//463 
f 495//464 491//460 496//465 
f 493//462 497//466 498//467 
f 499//468 495//464 500//469 
f 497//466 501//470 502//471 
f 503//472 499//468 504//473 
f 501//470 505//474 506//473 
f 507//475 503//472 508//476 
f 505//474 509//477 510//476 
f 511//478 507//475 512//479 
f 509//477 513//480 514//481 
s 4
f 515//482 511//478 516//483 
f 513//480 517//484 518//483 
s 2
f 519//485 515//482 520//486 
f 517//484 521//487 522//486 
s 4
f 523//488 519//485 524//483 
f 521//487 525//489 526//483 
s 2
f 2//2 523//488 527//490 
f 525//489 4//4 528//490 
s 1
f 529//491 530//492 531//493 
f 532//494 533//495 534//496 
s 3
f 535//497 529//491 536//498 
f 533//495 537//499 538//500 
s 2
f 539//501 535//497 540//502 
f 537//499 541//503 542//504 
f 543//505 539//501 544//506 
f 541//503 545//507 546//508 
f 547//509 543//505 548//510 
f 545//507 549//511 550//512 
f 551//513 547//509 552//514 
f 549//511 553//515 554//516 
f 555//517 551//513 556//518 
f 553//515 557//519 558//520 
f 559//521 555//517 560//522 
f 557//519 561//523 562//522 
f 563//524 559//521 564//525 
f 561//523 565//526 566//527 
f 567//528 563//524 568//529 
f 565//526 569//530 570//531 
f 571//532 567//528 572//533 
f 569//530 573//534 574//535 
f 575//536 571//532 576//537 
f 573//534 577//538 578//539 
f 579//540 575//536 580//541 
f 577//538 581//542 582//543 
f 583//544 579//540 584//545 
f 581//542 585//546 586//545 
f 587//547 583//544 588//548 
f 585//546 589//549 590//550 
f 591//551 587//547 592//552 
f 589//549 593//553 594//554 
f 595//555 591//551 596//556 
f 593//553 597//557 598//558 
f 599//559 595//555 600//560 
f 597//557 601//561 602//562 
f 603//563 599//559 604//564 
f 601//561 605//565 606//566 
f 607//567 603//563 608//568 
f 605//565 609//569 610//570 
f 611//571 607//567 612//572 
f 609//569 613//573 614//574 
f 615//575 611//571 616//576 
f 613//573 617//577 618//576 
f 619//578 615//575 620//579 
f 617//577 621//580 622//581 
f 623//582 619//578 624//583 
f 621//580 625//584 626//585 
f 627//586 623//582 628//587 
f 625//584 629//588 630//589 
f 631//590 627//586 632//591 
f 629//588 633//592 634//593 
f 635//594 631//590 636//595 
f 633//592 637//596 638//595 
f 639//597 635//594 640//598 
f 637//596 641//599 642//600 
f 643//601 639//597 644//602 
f 641//599 645//603 646//602 
f 647//604 643//601 648//605 
f 645//603 649//606 650//607 
f 651//608 647//604 652//609 
f 649//606 653//610 654//611 
f 655//612 651//608 656//613 
f 653//610 657//614 658//615 
f 659//616 655//612 660//617 
f 657//614 661//618 662//619 
f 663//620 659//616 664//621 
f 661//618 665//622 666//623 
f 667//624 663//620 668//625 
f 665//622 669//626 670//627 
s 3
f 530//492 667//624 671//628 
f 669//626 532//494 672//629 
s 1
f 673//630 674//631 675//632 
f 676//633 677//634 678//635 
s 3
f 679//636 673//630 680//637 
f 677//634 681//638 682//639 
s 2
f 683//640 679//636 684//641 
f 681//638 685//642 686//643 
f 687//644 683//640 688//645 
f 685//642 689//646 690//647 
f 691//648 687//644 692//649 
f 689//646 693//650 694//651 
f 695//652 691//648 696//653 
f 693//650 697//654 698//653 
f 699//655 695//652 700//656 
f 697//654 701//657 702//658 
f 703//659 699//655 704//660 
f 701//657 705//661 706//662 
s 4
f 707//663 703//659 708//483 
f 705//661 709//664 710//483 
s 2
f 711//665 707//663 712//666 
f 709//664 713//667 714//666 
f 715//668 711//665 716//669 
f 713//667 717//670 718//671 
f 719//672 715//668 720//673 
f 717//670 721//674 722//675 
f 723//676 719//672 724//677 
f 721//674 725//678 726//679 
f 727//680 723//676 728//681 
f 725//678 729//682 730//683 
f 731//684 727//680 732//685 
f 729//682 733//686 734//687 
f 735//688 731//684 736//689 
f 733//686 737//690 738//691 
f 739//692 735//688 740//693 
f 737//690 741//694 742//695 
f 743//696 739//692 744//697 
f 741//694 745//698 746//699 
s 4
f 747//700 743//696 748//486 
f 745//698 749//701 750//486 
s 2
f 751//702 747//700 752//40 
f 749//701 753//703 754//40 
s 4
f 755//704 751//702 756//705 
f 753//703 757//706 758//705 
f 759//707 755//704 760//708 
f 757//706 761//709 762//710 
f 763//711 759//707 764//712 
f 761//709 765//713 766//714 
f 767//715 763//711 768//716 
f 765//713 769//717 770//718 
f 771//719 767//715 772//720 
f 769//717 773//721 774//722 
f 775//723 771//719 776//724 
f 773//721 777//725 778//726 
f 779//727 775//723 780//728 
f 777//725 781//729 782//728 
f 783//730 779//727 784//731 
f 781//729 785//732 786//733 
f 787//734 783//730 788//735 
f 785//732 789//736 790//737 
f 791//738 787//734 792//739 
f 789//736 793//740 794//739 
f 795//741 791//738 796//742 
f 793//740 797//743 798//744 
f 799//745 795//741 800//746 
f 797//743 801//747 802//748 
f 803//749 799//745 804//750 
f 801//747 805//751 806//752 
f 807//753 803//749 808//754 
f 805//751 809//755 810//756 
f 811//757 807//753 812//758 
f 809//755 813//759 814//758 
f 815//760 811//757 816//761 
f 813//759 817//762 818//761 
f 819//763 815//760 820//764 
f 817//762 821//765 822//766 
f 823//767 819//763 824//768 
f 821//765 825//769 826//770 
s 3
f 674//631 823//767 827//771 
f 825//769 676//633 828//772 
s 16
f 441//417 437//413 829//773 
f 445//420 441//417 830//773 
f 445//420 830//773 825//769 831//773 
f 445//420 831//773 821//765 832//773 
f 449//424 445//420 833//773 
f 449//424 833//773 817//762 834//773 
f 449//424 834//773 813//759 835//773 
f 453//428 449//424 836//773 
f 453//428 836//773 809//755 837//773 
f 453//428 837//773 805//751 838//773 
f 457//432 453//428 839//773 
f 457//432 839//773 801//747 840//773 
f 461//435 457//432 841//773 
f 461//435 841//773 797//743 842//773 
f 461//435 842//773 793//740 843//773 
f 465//438 461//435 844//773 
f 465//438 844//773 789//736 845//773 
f 469//442 465//438 846//773 
f 469//442 846//773 785//732 847//773 
f 469//442 847//773 781//729 848//773 
f 473//446 469//442 849//773 
f 473//446 849//773 777//725 850//773 
f 473//446 850//773 773//721 851//773 
f 477//449 473//446 852//773 
f 477//449 852//773 769//717 853//773 
f 481//452 477//449 854//773 
f 481//452 854//773 765//713 855//773 
f 485//455 481//452 856//773 
f 489//458 485//455 857//773 
f 489//458 857//773 761//709 858//773 
f 493//462 489//458 859//773 
f 497//466 493//462 860//773 
f 497//466 860//773 757//706 861//773 
f 501//470 497//466 862//773 
f 505//474 501//470 863//773 
f 509//477 505//474 864//773 
f 513//480 509//477 865//773 
f 513//480 865//773 753//703 866//773 
f 517//484 513//480 867//773 
f 541//503 537//499 868//773 
f 541//503 868//773 405//383 869//773 
f 545//507 541//503 870//773 
f 545//507 870//773 401//379 871//773 
f 545//507 871//773 397//376 872//773 
f 549//511 545//507 873//773 
f 549//511 873//773 393//373 874//773 
f 549//511 874//773 389//369 875//773 
f 553//515 549//511 876//773 
f 553//515 876//773 385//365 877//773 
f 553//515 877//773 381//361 878//773 
f 557//519 553//515 879//773 
f 557//519 879//773 377//358 880//773 
f 557//519 880//773 373//354 881//773 
f 561//523 557//519 882//773 
f 565//526 561//523 883//773 
f 565//526 883//773 369//350 884//773 
f 569//530 565//526 885//773 
f 569//530 885//773 365//346 886//773 
f 573//534 569//530 887//773 
f 573//534 887//773 361//343 888//773 
f 577//538 573//534 889//773 
f 577//538 889//773 357//339 890//773 
f 581//542 577//538 891//773 
f 581//542 891//773 353//335 892//773 
f 585//546 581//542 893//773 
f 585//546 893//773 349//331 894//773 
f 585//546 894//773 345//328 895//773 
f 589//549 585//546 896//773 
f 589//549 896//773 341//324 897//773 
f 593//553 589//549 898//773 
f 597//557 593//553 899//773 
f 597//557 899//773 337//320 900//773 
f 597//557 900//773 333//316 901//773 
f 601//561 597//557 902//773 
f 601//561 902//773 329//312 903//773 
f 601//561 903//773 325//308 904//773 
f 605//565 601//561 905//773 
f 605//565 905//773 321//304 906//773 
f 605//565 906//773 317//300 907//773 
f 609//569 605//565 908//773 
f 609//569 908//773 313//296 909//773 
f 609//569 909//773 309//292 910//773 
f 613//573 609//569 911//773 
f 613//573 911//773 305//289 912//773 
f 613//573 912//773 301//285 913//773 
f 617//577 613//573 914//773 
f 617//577 914//773 297//281 915//773 
f 617//577 915//773 293//277 916//773 
f 621//580 617//577 917//773 
f 621//580 917//773 289//274 918//773 
f 621//580 918//773 285//270 919//773 
f 625//584 621//580 920//773 
f 625//584 920//773 281//266 921//773 
f 625//584 921//773 277//262 922//773 
f 629//588 625//584 923//773 
f 629//588 923//773 273//258 924//773 
f 633//592 629//588 925//773 
f 633//592 925//773 269//254 926//773 
f 633//592 926//773 265//250 927//773 
f 637//596 633//592 928//773 
f 637//596 928//773 261//246 929//773 
f 641//599 637//596 930//773 
f 641//599 930//773 257//242 931//773 
f 645//603 641//599 932//773 
f 645//603 932//773 253//239 933//773 
f 649//606 645//603 934//773 
f 649//606 934//773 249//236 935//773 
f 649//606 935//773 245//233 936//773 
f 653//610 649//606 937//773 
f 653//610 937//773 241//230 938//773 
f 657//614 653//610 939//773 
f 657//614 939//773 237//226 940//773 
f 657//614 940//773 233//222 941//773 
f 661//618 657//614 942//773 
f 661//618 942//773 229//218 943//773 
f 661//618 943//773 225//214 944//773 
f 665//622 661//618 945//773 
f 665//622 945//773 221//210 946//773 
f 669//626 665//622 947//773 
f 669//626 947//773 217//206 948//773 
f 669//626 948//773 213//202 949//773 
f 669//626 949//773 209//198 950//773 
f 669//626 950//773 205//195 951//773 
f 669//626 951//773 201//191 952//773 
f 669//626 952//773 197//187 953//773 
f 669//626 953//773 193//183 954//773 
f 532//494 669//626 955//773 
f 533//495 532//494 956//773 
f 537//499 533//495 957//773 
f 405//383 868//773 537//499 958//773 
f 409//387 405//383 959//773 
f 409//387 959//773 189//179 960//773 
f 413//391 409//387 961//773 
f 413//391 961//773 185//175 962//773 
f 417//395 413//391 963//773 
f 417//395 963//773 181//171 964//773 
f 421//399 417//395 965//773 
f 421//399 965//773 177//167 966//773 
f 425//403 421//399 967//773 
f 425//403 967//773 173//163 968//773 
f 425//403 968//773 169//159 969//773 
f 429//406 425//403 970//773 
f 429//406 970//773 165//155 971//773 
f 429//406 971//773 161//151 972//773 
f 433//410 429//406 973//773 
f 433//410 973//773 157//147 974//773 
f 437//413 433//410 975//773 
f 825//769 829//773 437//413 976//773 
f 676//633 825//769 977//773 
f 677//634 676//633 978//773 
f 677//634 978//773 153//143 979//773 
f 681//638 677//634 980//773 
f 121//115 117//111 981//773 
f 125//119 121//115 982//773 
f 129//123 125//119 983//773 
f 129//123 983//773 113//108 984//773 
f 129//123 984//773 109//104 985//773 
f 133//126 129//123 986//773 
f 133//126 986//773 105//100 987//773 
f 133//126 987//773 101//96 988//773 
f 137//129 133//126 989//773 
f 137//129 989//773 97//93 990//773 
f 137//129 990//773 93//89 991//773 
f 141//133 137//129 992//773 
f 141//133 992//773 89//86 993//773 
f 141//133 993//773 85//82 994//773 
f 145//137 141//133 995//773 
f 145//137 995//773 81//79 996//773 
f 149//140 145//137 997//773 
f 681//638 980//773 149//140 998//773 
f 685//642 681//638 999//773 
f 685//642 999//773 77//75 1000//773 
f 689//646 685//642 1001//773 
f 689//646 1001//773 73//71 1002//773 
f 693//650 689//646 1003//773 
f 693//650 1003//773 69//67 1004//773 
f 693//650 1004//773 65//64 1005//773 
f 697//654 693//650 1006//773 
f 697//654 1006//773 61//60 1007//773 
f 697//654 1007//773 57//56 1008//773 
f 701//657 697//654 1009//773 
f 701//657 1009//773 53//52 1010//773 
f 705//661 701//657 1011//773 
f 705//661 1011//773 49//48 1012//773 
f 705//661 1012//773 45//44 1013//773 
f 709//664 705//661 1014//773 
f 709//664 1014//773 41//41 1015//773 
f 713//667 709//664 1016//773 
f 713//667 1016//773 37//37 1017//773 
f 717//670 713//667 1018//773 
f 717//670 1018//773 33//33 1019//773 
f 721//674 717//670 1020//773 
f 721//674 1020//773 29//29 1021//773 
f 721//674 1021//773 25//25 1022//773 
f 725//678 721//674 1023//773 
f 725//678 1023//773 21//21 1024//773 
f 725//678 1024//773 17//17 1025//773 
f 729//682 725//678 1026//773 
f 729//682 1026//773 13//13 1027//773 
f 729//682 1027//773 9//9 1028//773 
f 733//686 729//682 1029//773 
f 737//690 733//686 1030//773 
f 737//690 1030//773 5//5 1031//773 
f 741//694 737//690 1032//773 
f 745//698 741//694 1033//773 
f 745//698 1033//773 4//4 1034//773 
f 749//701 745//698 1035//773 
f 517//484 867//773 749//701 1036//773 
f 517//484 1036//773 525//489 1037//773 
f 515//482 519//485 1038//774 
f 111//106 115//109 1039//774 
f 111//106 1039//774 119//113 1040//774 
f 111//106 1040//774 123//117 1041//774 
f 107//102 111//106 1042//774 
f 103//98 107//102 1043//774 
f 103//98 1043//774 127//121 1044//774 
f 99//94 103//98 1045//774 
f 95//91 99//94 1046//774 
f 95//91 1046//774 131//124 1047//774 
f 91//87 95//91 1048//774 
f 87//84 91//87 1049//774 
f 87//84 1049//774 135//127 1050//774 
f 83//80 87//84 1051//774 
f 79//77 83//80 1052//774 
f 79//77 1052//774 139//131 1053//774 
f 75//73 79//77 1054//774 
f 75//73 1054//774 143//135 1055//774 
f 403//381 1056//774 535//497 1057//774 
f 399//377 403//381 1058//774 
f 399//377 1058//774 539//501 1059//774 
f 395//374 399//377 1060//774 
f 391//371 395//374 1061//774 
f 391//371 1061//774 543//505 1062//774 
f 387//367 391//371 1063//774 
f 383//363 387//367 1064//774 
f 383//363 1064//774 547//509 1065//774 
f 379//359 383//363 1066//774 
f 375//356 379//359 1067//774 
f 375//356 1067//774 551//513 1068//774 
f 371//352 375//356 1069//774 
f 367//348 371//352 1070//774 
f 367//348 1070//774 555//517 1071//774 
f 367//348 1071//774 559//521 1072//774 
f 363//344 367//348 1073//774 
f 363//344 1073//774 563//524 1074//774 
f 359//341 363//344 1075//774 
f 359//341 1075//774 567//528 1076//774 
f 355//337 359//341 1077//774 
f 355//337 1077//774 571//532 1078//774 
f 351//333 355//337 1079//774 
f 351//333 1079//774 575//536 1080//774 
f 347//329 351//333 1081//774 
f 347//329 1081//774 579//540 1082//774 
f 343//326 347//329 1083//774 
f 339//322 343//326 1084//774 
f 339//322 1084//774 583//544 1085//774 
f 335//318 339//322 1086//774 
f 335//318 1086//774 587//547 1087//774 
f 335//318 1087//774 591//551 1088//774 
f 331//314 335//318 1089//774 
f 327//310 331//314 1090//774 
f 327//310 1090//774 595//555 1091//774 
f 323//306 327//310 1092//774 
f 319//302 323//306 1093//774 
f 319//302 1093//774 599//559 1094//774 
f 315//298 319//302 1095//774 
f 311//294 315//298 1096//774 
f 311//294 1096//774 603//563 1097//774 
f 307//290 311//294 1098//774 
f 303//287 307//290 1099//774 
f 303//287 1099//774 607//567 1100//774 
f 299//283 303//287 1101//774 
f 295//279 299//283 1102//774 
f 295//279 1102//774 611//571 1103//774 
f 291//275 295//279 1104//774 
f 287//272 291//275 1105//774 
f 287//272 1105//774 615//575 1106//774 
f 283//268 287//272 1107//774 
f 279//264 283//268 1108//774 
f 279//264 1108//774 619//578 1109//774 
f 275//260 279//264 1110//774 
f 271//256 275//260 1111//774 
f 271//256 1111//774 623//582 1112//774 
f 267//252 271//256 1113//774 
f 267//252 1113//774 627//586 1114//774 
f 263//248 267//252 1115//774 
f 259//244 263//248 1116//774 
f 259//244 1116//774 631//590 1117//774 
f 255//240 259//244 1118//774 
f 255//240 1118//774 635//594 1119//774 
f 251//237 255//240 1120//774 
f 251//237 1120//774 639//597 1121//774 
f 247//234 251//237 1122//774 
f 247//234 1122//774 643//601 1123//774 
f 243//231 247//234 1124//774 
f 239//228 243//231 1125//774 
f 239//228 1125//774 647//604 1126//774 
f 235//224 239//228 1127//774 
f 235//224 1127//774 651//608 1128//774 
f 231//220 235//224 1129//774 
f 227//216 231//220 1130//774 
f 227//216 1130//774 655//612 1131//774 
f 223//212 227//216 1132//774 
f 219//208 223//212 1133//774 
f 219//208 1133//774 659//616 1134//774 
f 215//204 219//208 1135//774 
f 215//204 1135//774 663//620 1136//774 
f 211//200 215//204 1137//774 
f 207//196 211//200 1138//774 
f 203//193 207//196 1139//774 
f 199//189 203//193 1140//774 
f 195//185 199//189 1141//774 
f 191//181 195//185 1142//774 
f 187//177 191//181 1143//774 
f 187//177 1143//774 667//624 1144//774 
f 187//177 1144//774 530//492 1145//774 
f 187//177 1145//774 529//491 1146//774 
f 187//177 1146//774 535//497 1056//774 
f 187//177 1056//774 403//381 1147//774 
f 183//173 187//177 1148//774 
f 183//173 1148//774 407//385 1149//774 
f 179//169 183//173 1150//774 
f 179//169 1150//774 411//389 1151//774 
f 175//165 179//169 1152//774 
f 175//165 1152//774 415//393 1153//774 
f 171//161 175//165 1154//774 
f 171//161 1154//774 419//397 1155//774 
f 167//157 171//161 1156//774 
f 163//153 167//157 1157//774 
f 163//153 1157//774 423//401 1158//774 
f 159//149 163//153 1159//774 
f 155//145 159//149 1160//774 
f 155//145 1160//774 427//404 1161//774 
f 151//141 155//145 1162//774 
f 151//141 1162//774 431//408 1163//774 
f 151//141 1163//774 435//411 1164//774 
f 151//141 1164//774 823//767 1165//774 
f 151//141 1165//774 674//631 1166//774 
f 147//138 151//141 1167//774 
f 147//138 1167//774 673//630 1168//774 
f 75//73 1055//774 147//138 1169//774 
f 75//73 1169//774 679//636 1170//774 
f 71//69 75//73 1171//774 
f 71//69 1171//774 683//640 1172//774 
f 67//65 71//69 1173//774 
f 67//65 1173//774 687//644 1174//774 
f 63//62 67//65 1175//774 
f 59//58 63//62 1176//774 
f 59//58 1176//774 691//648 1177//774 
f 55//54 59//58 1178//774 
f 51//50 55//54 1179//774 
f 51//50 1179//774 695//652 1180//774 
f 47//46 51//50 1181//774 
f 47//46 1181//774 699//655 1182//774 
f 43//42 47//46 1183//774 
f 39//39 43//42 1184//774 
f 39//39 1184//774 703//659 1185//774 
f 35//35 39//39 1186//774 
f 35//35 1186//774 707//663 1187//774 
f 31//31 35//35 1188//774 
f 31//31 1188//774 711//665 1189//774 
f 27//27 31//31 1190//774 
f 27//27 1190//774 715//668 1191//774 
f 23//23 27//27 1192//774 
f 19//19 23//23 1193//774 
f 19//19 1193//774 719//672 1194//774 
f 15//15 19//19 1195//774 
f 11//11 15//15 1196//774 
f 11//11 1196//774 723//676 1197//774 
f 7//7 11//11 1198//774 
f 1//1 7//7 1199//774 
f 1//1 1199//774 727//680 1200//774 
f 1//1 1200//774 731//684 1201//774 
f 2//2 1//1 1202//774 
f 2//2 1202//774 735//688 1203//774 
f 2//2 1203//774 739//692 1204//774 
f 523//488 2//2 1205//774 
f 523//488 1205//774 743//696 1206//774 
f 515//482 1038//774 523//488 1207//774 
f 823//767 1164//774 435//411 1208//774 
f 823//767 1208//774 439//415 1209//774 
f 819//763 823//767 1210//774 
f 815//760 819//763 1211//774 
f 815//760 1211//774 443//418 1212//774 
f 811//757 815//760 1213//774 
f 807//753 811//757 1214//774 
f 807//753 1214//774 447//422 1215//774 
f 803//749 807//753 1216//774 
f 799//745 803//749 1217//774 
f 799//745 1217//774 451//426 1218//774 
f 795//741 799//745 1219//774 
f 795//741 1219//774 455//430 1220//774 
f 791//738 795//741 1221//774 
f 787//734 791//738 1222//774 
f 787//734 1222//774 459//433 1223//774 
f 783//730 787//734 1224//774 
f 783//730 1224//774 463//436 1225//774 
f 779//727 783//730 1226//774 
f 775//723 779//727 1227//774 
f 775//723 1227//774 467//440 1228//774 
f 771//719 775//723 1229//774 
f 767//715 771//719 1230//774 
f 767//715 1230//774 471//444 1231//774 
f 763//711 767//715 1232//774 
f 763//711 1232//774 475//447 1233//774 
f 759//707 763//711 1234//774 
f 759//707 1234//774 479//450 1235//774 
f 759//707 1235//774 483//453 1236//774 
f 755//704 759//707 1237//774 
f 755//704 1237//774 487//456 1238//774 
f 755//704 1238//774 491//460 1239//774 
f 751//702 755//704 1240//774 
f 751//702 1240//774 495//464 1241//774 
f 751//702 1241//774 499//468 1242//774 
f 751//702 1242//774 503//472 1243//774 
f 751//702 1243//774 507//475 1244//774 
f 747//700 751//702 1245//774 
f 515//482 1207//774 747//700 1246//774 
s 1
f 3//3 2//2 4//4 
f 1//1 3//3 4//4 6//6 
f 6//6 5//5 1//1 
s 3
f 8//8 1//1 5//5 
f 7//7 8//8 5//5 10//10 
f 10//10 9//9 7//7 
s 2
f 12//12 7//7 9//9 
f 11//11 12//12 9//9 14//14 
f 14//14 13//13 11//11 
f 16//16 11//11 13//13 
f 15//15 16//16 13//13 18//18 
f 18//18 17//17 15//15 
f 20//20 15//15 17//17 
f 19//19 20//20 17//17 22//22 
f 22//22 21//21 19//19 
f 24//24 19//19 21//21 
f 23//23 24//24 21//21 26//26 
f 26//26 25//25 23//23 
f 28//28 23//23 25//25 
f 27//27 28//28 25//25 30//30 
f 30//30 29//29 27//27 
f 32//32 27//27 29//29 
f 31//31 32//32 29//29 34//34 
f 34//34 33//33 31//31 
f 36//36 31//31 33//33 
f 35//35 36//36 33//33 38//38 
f 38//38 37//37 35//35 
s 4
f 40//40 35//35 37//37 
f 39//39 40//40 37//37 42//40 
f 42//40 41//41 39//39 
s 2
f 44//43 39//39 41//41 
f 43//42 44//43 41//41 46//45 
f 46//45 45//44 43//42 
f 48//47 43//42 45//44 
f 47//46 48//47 45//44 50//49 
f 50//49 49//48 47//46 
f 52//51 47//46 49//48 
f 51//50 52//51 49//48 54//53 
f 54//53 53//52 51//50 
f 56//55 51//50 53//52 
f 55//54 56//55 53//52 58//57 
f 58//57 57//56 55//54 
f 60//59 55//54 57//56 
f 59//58 60//59 57//56 62//61 
f 62//61 61//60 59//58 
f 64//63 59//58 61//60 
f 63//62 64//63 61//60 66//63 
f 66//63 65//64 63//62 
f 68//66 63//62 65//64 
f 67//65 68//66 65//64 70//68 
f 70//68 69//67 67//65 
f 72//70 67//65 69//67 
f 71//69 72//70 69//67 74//72 
f 74//72 73//71 71//69 
f 76//74 71//69 73//71 
f 75//73 76//74 73//71 78//76 
f 78//76 77//75 75//73 
s 4
f 80//78 75//73 77//75 
f 79//77 80//78 77//75 82//78 
f 82//78 81//79 79//77 
f 84//81 79//77 81//79 
f 83//80 84//81 81//79 86//83 
f 86//83 85//82 83//80 
f 88//85 83//80 85//82 
f 87//84 88//85 85//82 90//85 
f 90//85 89//86 87//84 
f 92//88 87//84 89//86 
f 91//87 92//88 89//86 94//90 
f 94//90 93//89 91//87 
f 96//92 91//87 93//89 
f 95//91 96//92 93//89 98//92 
f 98//92 97//93 95//91 
f 100//95 95//91 97//93 
f 99//94 100//95 97//93 102//97 
f 102//97 101//96 99//94 
f 104//99 99//94 101//96 
f 103//98 104//99 101//96 106//101 
f 106//101 105//100 103//98 
f 108//103 103//98 105//100 
f 107//102 108//103 105//100 110//105 
f 110//105 109//104 107//102 
f 112//107 107//102 109//104 
f 111//106 112//107 109//104 114//107 
f 114//107 113//108 111//106 
s 2
f 116//110 111//106 113//108 
f 115//109 116//110 113//108 118//112 
f 118//112 117//111 115//109 
s 4
f 120//114 115//109 117//111 
f 119//113 120//114 117//111 122//116 
f 122//116 121//115 119//113 
f 124//118 119//113 121//115 
f 123//117 124//118 121//115 126//120 
f 126//120 125//119 123//117 
f 128//122 123//117 125//119 
f 127//121 128//122 125//119 130//122 
f 130//122 129//123 127//121 
f 132//125 127//121 129//123 
f 131//124 132//125 129//123 134//125 
f 134//125 133//126 131//124 
f 136//128 131//124 133//126 
f 135//127 136//128 133//126 138//130 
f 138//130 137//129 135//127 
f 140//132 135//127 137//129 
f 139//131 140//132 137//129 142//134 
f 142//134 141//133 139//131 
f 144//136 139//131 141//133 
f 143//135 144//136 141//133 146//136 
f 146//136 145//137 143//135 
f 148//139 143//135 145//137 
f 147//138 148//139 145//137 150//139 
f 150//139 149//140 147//138 
f 152//142 147//138 149//140 
f 151//141 152//142 149//140 154//144 
f 154//144 153//143 151//141 
s 2
f 156//146 151//141 153//143 
f 155//145 156//146 153//143 158//148 
f 158//148 157//147 155//145 
f 160//150 155//145 157//147 
f 159//149 160//150 157//147 162//152 
f 162//152 161//151 159//149 
f 164//154 159//149 161//151 
f 163//153 164//154 161//151 166//156 
f 166//156 165//155 163//153 
f 168//158 163//153 165//155 
f 167//157 168//158 165//155 170//160 
f 170//160 169//159 167//157 
f 172//162 167//157 169//159 
f 171//161 172//162 169//159 174//164 
f 174//164 173//163 171//161 
f 176//166 171//161 173//163 
f 175//165 176//166 173//163 178//168 
f 178//168 177//167 175//165 
f 180//170 175//165 177//167 
f 179//169 180//170 177//167 182//172 
f 182//172 181//171 179//169 
f 184//174 179//169 181//171 
f 183//173 184//174 181//171 186//176 
f 186//176 185//175 183//173 
f 188//178 183//173 185//175 
f 187//177 188//178 185//175 190//180 
f 190//180 189//179 187//177 
f 192//182 187//177 189//179 
f 191//181 192//182 189//179 194//184 
f 194//184 193//183 191//181 
f 196//186 191//181 193//183 
f 195//185 196//186 193//183 198//188 
f 198//188 197//187 195//185 
f 200//190 195//185 197//187 
f 199//189 200//190 197//187 202//192 
f 202//192 201//191 199//189 
f 204//194 199//189 201//191 
f 203//193 204//194 201//191 206//194 
f 206//194 205//195 203//193 
f 208//197 203//193 205//195 
f 207//196 208//197 205//195 210//199 
f 210//199 209//198 207//196 
f 212//201 207//196 209//198 
f 211//200 212//201 209//198 214//203 
f 214//203 213//202 211//200 
f 216//205 211//200 213//202 
f 215//204 216//205 213//202 218//207 
f 218//207 217//206 215//204 
f 220//209 215//204 217//206 
f 219//208 220//209 217//206 222//211 
f 222//211 221//210 219//208 
f 224//213 219//208 221//210 
f 223//212 224//213 221//210 226//215 
f 226//215 225//214 223//212 
f 228//217 223//212 225//214 
f 227//216 228//217 225//214 230//219 
f 230//219 229//218 227//216 
f 232//221 227//216 229//218 
f 231//220 232//221 229//218 234//223 
f 234//223 233//222 231//220 
f 236//225 231//220 233//222 
f 235//224 236//225 233//222 238//227 
f 238//227 237//226 235//224 
f 240//229 235//224 237//226 
f 239//228 240//229 237//226 242//229 
f 242//229 241//230 239//228 
f 244//232 239//228 241//230 
f 243//231 244//232 241//230 246//232 
f 246//232 245//233 243//231 
f 248//235 243//231 245//233 
f 247//234 248//235 245//233 250//235 
f 250//235 249//236 247//234 
f 252//238 247//234 249//236 
f 251//237 252//238 249//236 254//238 
f 254//238 253//239 251//237 
f 256//241 251//237 253//239 
f 255//240 256//241 253//239 258//243 
f 258//243 257//242 255//240 
f 260//245 255//240 257//242 
f 259//244 260//245 257//242 262//247 
f 262//247 261//246 259//244 
f 264//249 259//244 261//246 
f 263//248 264//249 261//246 266//251 
f 266//251 265//250 263//248 
f 268//253 263//248 265//250 
f 267//252 268//253 265//250 270//255 
f 270//255 269//254 267//252 
f 272//257 267//252 269//254 
f 271//256 272//257 269//254 274//259 
f 274//259 273//258 271//256 
f 276//261 271//256 273//258 
f 275//260 276//261 273//258 278//263 
f 278//263 277//262 275//260 
f 280//265 275//260 277//262 
f 279//264 280//265 277//262 282//267 
f 282//267 281//266 279//264 
f 284//269 279//264 281//266 
f 283//268 284//269 281//266 286//271 
f 286//271 285//270 283//268 
f 288//273 283//268 285//270 
f 287//272 288//273 285//270 290//273 
f 290//273 289//274 287//272 
f 292//276 287//272 289//274 
f 291//275 292//276 289//274 294//278 
f 294//278 293//277 291//275 
f 296//280 291//275 293//277 
f 295//279 296//280 293//277 298//282 
f 298//282 297//281 295//279 
f 300//284 295//279 297//281 
f 299//283 300//284 297//281 302//286 
f 302//286 301//285 299//283 
f 304//288 299//283 301//285 
f 303//287 304//288 301//285 306//288 
f 306//288 305//289 303//287 
f 308//291 303//287 305//289 
f 307//290 308//291 305//289 310//293 
f 310//293 309//292 307//290 
f 312//295 307//290 309//292 
f 311//294 312//295 309//292 314//297 
f 314//297 313//296 311//294 
f 316//299 311//294 313//296 
f 315//298 316//299 313//296 318//301 
f 318//301 317//300 315//298 
f 320//303 315//298 317//300 
f 319//302 320//303 317//300 322//305 
f 322//305 321//304 319//302 
f 324//307 319//302 321//304 
f 323//306 324//307 321//304 326//309 
f 326//309 325//308 323//306 
f 328//311 323//306 325//308 
f 327//310 328//311 325//308 330//313 
f 330//313 329//312 327//310 
f 332//315 327//310 329//312 
f 331//314 332//315 329//312 334//317 
f 334//317 333//316 331//314 
f 336//319 331//314 333//316 
f 335//318 336//319 333//316 338//321 
f 338//321 337//320 335//318 
f 340//323 335//318 337//320 
f 339//322 340//323 337//320 342//325 
f 342//325 341//324 339//322 
f 344//327 339//322 341//324 
f 343//326 344//327 341//324 346//327 
f 346//327 345//328 343//326 
f 348//330 343//326 345//328 
f 347//329 348//330 345//328 350//332 
f 350//332 349//331 347//329 
f 352//334 347//329 349//331 
f 351//333 352//334 349//331 354//336 
f 354//336 353//335 351//333 
f 356//338 351//333 353//335 
f 355//337 356//338 353//335 358//340 
f 358//340 357//339 355//337 
f 360//342 355//337 357//339 
f 359//341 360//342 357//339 362//342 
f 362//342 361//343 359//341 
f 364//345 359//341 361//343 
f 363//344 364//345 361//343 366//347 
f 366//347 365//346 363//344 
f 368//349 363//344 365//346 
f 367//348 368//349 365//346 370//351 
f 370//351 369//350 367//348 
f 372//353 367//348 369//350 
f 371//352 372//353 369//350 374//355 
f 374//355 373//354 371//352 
f 376//357 371//352 373//354 
f 375//356 376//357 373//354 378//357 
f 378//357 377//358 375//356 
f 380//360 375//356 377//358 
f 379//359 380//360 377//358 382//362 
f 382//362 381//361 379//359 
f 384//364 379//359 381//361 
f 383//363 384//364 381//361 386//366 
f 386//366 385//365 383//363 
f 388//368 383//363 385//365 
f 387//367 388//368 385//365 390//370 
f 390//370 389//369 387//367 
f 392//372 387//367 389//369 
f 391//371 392//372 389//369 394//372 
f 394//372 393//373 391//371 
f 396//375 391//371 393//373 
f 395//374 396//375 393//373 398//375 
f 398//375 397//376 395//374 
f 400//378 395//374 397//376 
f 399//377 400//378 397//376 402//380 
f 402//380 401//379 399//377 
f 404//382 399//377 401//379 
f 403//381 404//382 401//379 406//384 
f 406//384 405//383 403//381 
s 4
f 408//386 403//381 405//383 
f 407//385 408//386 405//383 410//388 
f 410//388 409//387 407//385 
f 412//390 407//385 409//387 
f 411//389 412//390 409//387 414//392 
f 414//392 413//391 411//389 
f 416//394 411//389 413//391 
f 415//393 416//394 413//391 418//396 
f 418//396 417//395 415//393 
f 420//398 415//393 417//395 
f 419//397 420//398 417//395 422//400 
f 422//400 421//399 419//397 
f 424//402 419//397 421//399 
f 423//401 424//402 421//399 426//402 
f 426//402 425//403 423//401 
f 428//405 423//401 425//403 
f 427//404 428//405 425//403 430//407 
f 430//407 429//406 427//404 
f 432//409 427//404 429//406 
f 431//408 432//409 429//406 434//409 
f 434//409 433//410 431//408 
f 436//412 431//408 433//410 
f 435//411 436//412 433//410 438//414 
f 438//414 437//413 435//411 
f 440//416 435//411 437//413 
f 439//415 440//416 437//413 442//416 
f 442//416 441//417 439//415 
s 2
f 444//419 439//415 441//417 
f 443//418 444//419 441//417 446//421 
f 446//421 445//420 443//418 
f 448//423 443//418 445//420 
f 447//422 448//423 445//420 450//425 
f 450//425 449//424 447//422 
f 452//427 447//422 449//424 
f 451//426 452//427 449//424 454//429 
f 454//429 453//428 451//426 
f 456//431 451//426 453//428 
f 455//430 456//431 453//428 458//431 
f 458//431 457//432 455//430 
f 460//434 455//430 457//432 
f 459//433 460//434 457//432 462//434 
f 462//434 461//435 459//433 
f 464//437 459//433 461//435 
f 463//436 464//437 461//435 466//439 
f 466//439 465//438 463//436 
f 468//441 463//436 465//438 
f 467//440 468//441 465//438 470//443 
f 470//443 469//442 467//440 
f 472//445 467//440 469//442 
f 471//444 472//445 469//442 474//445 
f 474//445 473//446 471//444 
f 476//448 471//444 473//446 
f 475//447 476//448 473//446 478//448 
f 478//448 477//449 475//447 
f 480//451 475//447 477//449 
f 479//450 480//451 477//449 482//451 
f 482//451 481//452 479//450 
f 484//454 479//450 481//452 
f 483//453 484//454 481//452 486//454 
f 486//454 485//455 483//453 
f 488//457 483//453 485//455 
f 487//456 488//457 485//455 490//459 
f 490//459 489//458 487//456 
f 492//461 487//456 489//458 
f 491//460 492//461 489//458 494//463 
f 494//463 493//462 491//460 
f 496//465 491//460 493//462 
f 495//464 496//465 493//462 498//467 
f 498//467 497//466 495//464 
f 500//469 495//464 497//466 
f 499//468 500//469 497//466 502//471 
f 502//471 501//470 499//468 
f 504//473 499//468 501//470 
f 503//472 504//473 501//470 506//473 
f 506//473 505//474 503//472 
f 508//476 503//472 505//474 
f 507//475 508//476 505//474 510//476 
f 510//476 509//477 507//475 
f 512//479 507//475 509//477 
f 511//478 512//479 509//477 514//481 
f 514//481 513//480 511//478 
s 4
f 516//483 511//478 513//480 
f 515//482 516//483 513//480 518//483 
f 518//483 517//484 515//482 
s 2
f 520//486 515//482 517//484 
f 519//485 520//486 517//484 522//486 
f 522//486 521//487 519//485 
s 4
f 524//483 519//485 521//487 
f 523//488 524//483 521//487 526//483 
f 526//483 525//489 523//488 
s 2
f 527//490 523//488 525//489 
f 2//2 527//490 525//489 528//490 
f 528//490 4//4 2//2 
s 1
f 531//493 530//492 532//494 
f 529//491 531//493 532//494 534//496 
f 534//496 533//495 529//491 
s 3
f 536//498 529//491 533//495 
f 535//497 536//498 533//495 538//500 
f 538//500 537//499 535//497 
s 2
f 540//502 535//497 537//499 
f 539//501 540//502 537//499 542//504 
f 542//504 541//503 539//501 
f 544//506 539//501 541//503 
f 543//505 544//506 541//503 546//508 
f 546//508 545//507 543//505 
f 548//510 543//505 545//507 
f 547//509 548//510 545//507 550//512 
f 550//512 549//511 547//509 
f 552//514 547//509 549//511 
f 551//513 552//514 549//511 554//516 
f 554//516 553//515 551//513 
f 556//518 551//513 553//515 
f 555//517 556//518 553//515 558//520 
f 558//520 557//519 555//517 
f 560//522 555//517 557//519 
f 559//521 560//522 557//519 562//522 
f 562//522 561//523 559//521 
f 564//525 559//521 561//523 
f 563//524 564//525 561//523 566//527 
f 566//527 565//526 563//524 
f 568//529 563//524 565//526 
f 567//528 568//529 565//526 570//531 
f 570//531 569//530 567//528 
f 572//533 567//528 569//530 
f 571//532 572//533 569//530 574//535 
f 574//535 573//534 571//532 
f 576//537 571//532 573//534 
f 575//536 576//537 573//534 578//539 
f 578//539 577//538 575//536 
f 580//541 575//536 577//538 
f 579//540 580//541 577//538 582//543 
f 582//543 581//542 579//540 
f 584//545 579//540 581//542 
f 583//544 584//545 581//542 586//545 
f 586//545 585//546 583//544 
f 588//548 583//544 585//546 
f 587//547 588//548 585//546 590//550 
f 590//550 589//549 587//547 
f 592//552 587//547 589//549 
f 591//551 592//552 589//549 594//554 
f 594//554 593//553 591//551 
f 596//556 591//551 593//553 
f 595//555 596//556 593//553 598//558 
f 598//558 597//557 595//555 
f 600//560 595//555 597//557 
f 599//559 600//560 597//557 602//562 
f 602//562 601//561 599//559 
f 604//564 599//559 601//561 
f 603//563 604//564 601//561 606//566 
f 606//566 605//565 603//563 
f 608//568 603//563 605//565 
f 607//567 608//568 605//565 610//570 
f 610//570 609//569 607//567 
f 612//572 607//567 609//569 
f 611//571 612//572 609//569 614//574 
f 614//574 613//573 611//571 
f 616//576 611//571 613//573 
f 615//575 616//576 613//573 618//576 
f 618//576 617//577 615//575 
f 620//579 615//575 617//577 
f 619//578 620//579 617//577 622//581 
f 622//581 621//580 619//578 
f 624//583 619//578 621//580 
f 623//582 624//583 621//580 626//585 
f 626//585 625//584 623//582 
f 628//587 623//582 625//584 
f 627//586 628//587 625//584 630//589 
f 630//589 629//588 627//586 
f 632//591 627//586 629//588 
f 631//590 632//591 629//588 634//593 
f 634//593 633//592 631//590 
f 636//595 631//590 633//592 
f 635//594 636//595 633//592 638//595 
f 638//595 637//596 635//594 
f 640//598 635//594 637//596 
f 639//597 640//598 637//596 642//600 
f 642//600 641//599 639//597 
f 644//602 639//597 641//599 
f 643//601 644//602 641//599 646//602 
f 646//602 645//603 643//601 
f 648//605 643//601 645//603 
f 647//604 648//605 645//603 650//607 
f 650//607 649//606 647//604 
f 652//609 647//604 649//606 
f 651//608 652//609 649//606 654//611 
f 654//611 653//610 651//608 
f 656//613 651//608 653//610 
f 655//612 656//613 653//610 658//615 
f 658//615 657//614 655//612 
f 660//617 655//612 657//614 
f 659//616 660//617 657//614 662//619 
f 662//619 661//618 659//616 
f 664//621 659//616 661//618 
f 663//620 664//621 661//618 666//623 
f 666//623 665//622 663//620 
f 668//625 663//620 665//622 
f 667//624 668//625 665//622 670//627 
f 670//627 669//626 667//624 
s 3
f 671//628 667//624 669//626 
f 530//492 671//628 669//626 672//629 
f 672//629 532//494 530//492 
s 1
f 675//632 674//631 676//633 
f 673//630 675//632 676//633 678//635 
f 678//635 677//634 673//630 
s 3
f 680//637 673//630 677//634 
f 679//636 680//637 677//634 682//639 
f 682//639 681//638 679//636 
s 2
f 684//641 679//636 681//638 
f 683//640 684//641 681//638 686//643 
f 686//643 685//642 683//640 
f 688//645 683//640 685//642 
f 687//644 688//645 685//642 690//647 
f 690//647 689//646 687//644 
f 692//649 687//644 689//646 
f 691//648 692//649 689//646 694//651 
f 694//651 693//650 691//648 
f 696//653 691//648 693//650 
f 695//652 696//653 693//650 698//653 
f 698//653 697//654 695//652 
f 700//656 695//652 697//654 
f 699//655 700//656 697//654 702//658 
f 702//658 701//657 699//655 
f 704//660 699//655 701//657 
f 703//659 704//660 701//657 706//662 
f 706//662 705//661 703//659 
s 4
f 708//483 703//659 705//661 
f 707//663 708//483 705//661 710//483 
f 710//483 709//664 707//663 
s 2
f 712//666 707//663 709//664 
f 711//665 712//666 709//664 714//666 
f 714//666 713//667 711//665 
f 716//669 711//665 713//667 
f 715//668 716//669 713//667 718//671 
f 718//671 717//670 715//668 
f 720//673 715//668 717//670 
f 719//672 720//673 717//670 722//675 
f 722//675 721//674 719//672 
f 724//677 719//672 721//674 
f 723//676 724//677 721//674 726//679 
f 726//679 725//678 723//676 
f 728//681 723//676 725//678 
f 727//680 728//681 725//678 730//683 
f 730//683 729//682 727//680 
f 732//685 727//680 729//682 
f 731//684 732//685 729//682 734//687 
f 734//687 733//686 731//684 
f 736//689 731//684 733//686 
f 735//688 736//689 733//686 738//691 
f 738//691 737//690 735//688 
f 740//693 735//688 737//690 
f 739//692 740//693 737//690 742//695 
f 742//695 741//694 739//692 
f 744//697 739//692 741//694 
f 743//696 744//697 741//694 746//699 
f 746//699 745//698 743//696 
s 4
f 748//486 743//696 745//698 
f 747//700 748//486 745//698 750//486 
f 750//486 749//701 747//700 
s 2
f 752//40 747//700 749//701 
f 751//702 752//40 749//701 754//40 
f 754//40 753//703 751//702 
s 4
f 756//705 751//702 753//703 
f 755//704 756//705 753//703 758//705 
f 758//705 757//706 755//704 
f 760//708 755//704 757//706 
f 759//707 760//708 757//706 762//710 
f 762//710 761//709 759//707 
f 764//712 759//707 761//709 
f 763//711 764//712 761//709 766//714 
f 766//714 765//713 763//711 
f 768//716 763//711 765//713 
f 767//715 768//716 765//713 770//718 
f 770//718 769//717 767//715 
f 772//720 767//715 769//717 
f 771//719 772//720 769//717 774//722 
f 774//722 773//721 771//719 
f 776//724 771//719 773//721 
f 775//723 776//724 773//721 778//726 
f 778//726 777//725 775//723 
f 780//728 775//723 777//725 
f 779//727 780//728 777//725 782//728 
f 782//728 781//729 779//727 
f 784//731 779//727 781//729 
f 783//730 784//731 781//729 786//733 
f 786//733 785//732 783//730 
f 788//735 783//730 785//732 
f 787//734 788//735 785//732 790//737 
f 790//737 789//736 787//734 
f 792//739 787//734 789//736 
f 791//738 792//739 789//736 794//739 
f 794//739 793//740 791//738 
f 796//742 791//738 793//740 
f 795//741 796//742 793//740 798//744 
f 798//744 797//743 795//741 
f 800//746 795//741 797//743 
f 799//745 800//746 797//743 802//748 
f 802//748 801//747 799//745 
f 804//750 799//745 801//747 
f 803//749 804//750 801//747 806//752 
f 806//752 805//751 803//749 
f 808//754 803//749 805//751 
f 807//753 808//754 805//751 810//756 
f 810//756 809//755 807//753 
f 812//758 807//753 809//755 
f 811//757 812//758 809//755 814//758 
f 814//758 813//759 811//757 
f 816//761 811//757 813//759 
f 815//760 816//761 813//759 818//761 
f 818//761 817//762 815//760 
f 820//764 815//760 817//762 
f 819//763 820//764 817//762 822//766 
f 822//766 821//765 819//763 
f 824//768 819//763 821//765 
f 823//767 824//768 821//765 826//770 
f 826//770 825//769 823//767 
s 3
f 827//771 823//767 825//769 
f 674//631 827//771 825//769 828//772 
f 828//772 676//633 674//631 
s 16
f 441//417 829//773 825//769 830//773 
f 831//773 825//769 821//765 
f 832//773 821//765 817//762 
f 445//420 832//773 817//762 833//773 
f 834//773 817//762 813//759 
f 835//773 813//759 809//755 
f 449//424 835//773 809//755 836//773 
f 837//773 809//755 805//751 
f 838//773 805//751 801//747 
f 453//428 838//773 801//747 839//773 
f 840//773 801//747 797//743 
f 457//432 840//773 797//743 841//773 
f 842//773 797//743 793//740 
f 843//773 793//740 789//736 
f 461//435 843//773 789//736 844//773 
f 845//773 789//736 785//732 
f 465//438 845//773 785//732 846//773 
f 847//773 785//732 781//729 
f 848//773 781//729 777//725 
f 469//442 848//773 777//725 849//773 
f 850//773 777//725 773//721 
f 851//773 773//721 769//717 
f 473//446 851//773 769//717 852//773 
f 853//773 769//717 765//713 
f 477//449 853//773 765//713 854//773 
f 855//773 765//713 761//709 
f 481//452 855//773 761//709 856//773 
f 485//455 856//773 761//709 857//773 
f 858//773 761//709 757//706 
f 489//458 858//773 757//706 859//773 
f 493//462 859//773 757//706 860//773 
f 861//773 757//706 753//703 
f 497//466 861//773 753//703 862//773 
f 501//470 862//773 753//703 863//773 
f 505//474 863//773 753//703 864//773 
f 509//477 864//773 753//703 865//773 
f 866//773 753//703 749//701 
f 513//480 866//773 749//701 867//773 
f 869//773 405//383 401//379 
f 541//503 869//773 401//379 870//773 
f 871//773 401//379 397//376 
f 872//773 397//376 393//373 
f 545//507 872//773 393//373 873//773 
f 874//773 393//373 389//369 
f 875//773 389//369 385//365 
f 549//511 875//773 385//365 876//773 
f 877//773 385//365 381//361 
f 878//773 381//361 377//358 
f 553//515 878//773 377//358 879//773 
f 880//773 377//358 373//354 
f 881//773 373//354 369//350 
f 557//519 881//773 369//350 882//773 
f 561//523 882//773 369//350 883//773 
f 884//773 369//350 365//346 
f 565//526 884//773 365//346 885//773 
f 886//773 365//346 361//343 
f 569//530 886//773 361//343 887//773 
f 888//773 361//343 357//339 
f 573//534 888//773 357//339 889//773 
f 890//773 357//339 353//335 
f 577//538 890//773 353//335 891//773 
f 892//773 353//335 349//331 
f 581//542 892//773 349//331 893//773 
f 894//773 349//331 345//328 
f 895//773 345//328 341//324 
f 585//546 895//773 341//324 896//773 
f 897//773 341//324 337//320 
f 589//549 897//773 337//320 898//773 
f 593//553 898//773 337//320 899//773 
f 900//773 337//320 333//316 
f 901//773 333//316 329//312 
f 597//557 901//773 329//312 902//773 
f 903//773 329//312 325//308 
f 904//773 325//308 321//304 
f 601//561 904//773 321//304 905//773 
f 906//773 321//304 317//300 
f 907//773 317//300 313//296 
f 605//565 907//773 313//296 908//773 
f 909//773 313//296 309//292 
f 910//773 309//292 305//289 
f 609//569 910//773 305//289 911//773 
f 912//773 305//289 301//285 
f 913//773 301//285 297//281 
f 613//573 913//773 297//281 914//773 
f 915//773 297//281 293//277 
f 916//773 293//277 289//274 
f 617//577 916//773 289//274 917//773 
f 918//773 289//274 285//270 
f 919//773 285//270 281//266 
f 621//580 919//773 281//266 920//773 
f 921//773 281//266 277//262 
f 922//773 277//262 273//258 
f 625//584 922//773 273//258 923//773 
f 924//773 273//258 269//254 
f 629//588 924//773 269//254 925//773 
f 926//773 269//254 265//250 
f 927//773 265//250 261//246 
f 633//592 927//773 261//246 928//773 
f 929//773 261//246 257//242 
f 637//596 929//773 257//242 930//773 
f 931//773 257//242 253//239 
f 641//599 931//773 253//239 932//773 
f 933//773 253//239 249//236 
f 645//603 933//773 249//236 934//773 
f 935//773 249//236 245//233 
f 936//773 245//233 241//230 
f 649//606 936//773 241//230 937//773 
f 938//773 241//230 237//226 
f 653//610 938//773 237//226 939//773 
f 940//773 237//226 233//222 
f 941//773 233//222 229//218 
f 657//614 941//773 229//218 942//773 
f 943//773 229//218 225//214 
f 944//773 225//214 221//210 
f 661//618 944//773 221//210 945//773 
f 946//773 221//210 217//206 
f 665//622 946//773 217//206 947//773 
f 948//773 217//206 213//202 
f 949//773 213//202 209//198 
f 950//773 209//198 205//195 
f 951//773 205//195 201//191 
f 952//773 201//191 197//187 
f 953//773 197//187 193//183 
f 954//773 193//183 189//179 
f 669//626 954//773 189//179 955//773 
f 532//494 955//773 189//179 956//773 
f 533//495 956//773 189//179 957//773 
f 537//499 957//773 189//179 958//773 
f 405//383 958//773 189//179 959//773 
f 960//773 189//179 185//175 
f 409//387 960//773 185//175 961//773 
f 962//773 185//175 181//171 
f 413//391 962//773 181//171 963//773 
f 964//773 181//171 177//167 
f 417//395 964//773 177//167 965//773 
f 966//773 177//167 173//163 
f 421//399 966//773 173//163 967//773 
f 968//773 173//163 169//159 
f 969//773 169//159 165//155 
f 425//403 969//773 165//155 970//773 
f 971//773 165//155 161//151 
f 972//773 161//151 157//147 
f 429//406 972//773 157//147 973//773 
f 974//773 157//147 153//143 
f 433//410 974//773 153//143 975//773 
f 437//413 975//773 153//143 976//773 
f 825//769 976//773 153//143 977//773 
f 676//633 977//773 153//143 978//773 
f 979//773 153//143 149//140 
f 677//634 979//773 149//140 980//773 
f 981//773 117//111 113//108 
f 121//115 981//773 113//108 982//773 
f 125//119 982//773 113//108 983//773 
f 984//773 113//108 109//104 
f 985//773 109//104 105//100 
f 129//123 985//773 105//100 986//773 
f 987//773 105//100 101//96 
f 988//773 101//96 97//93 
f 133//126 988//773 97//93 989//773 
f 990//773 97//93 93//89 
f 991//773 93//89 89//86 
f 137//129 991//773 89//86 992//773 
f 993//773 89//86 85//82 
f 994//773 85//82 81//79 
f 141//133 994//773 81//79 995//773 
f 996//773 81//79 77//75 
f 145//137 996//773 77//75 997//773 
f 149//140 997//773 77//75 998//773 
f 681//638 998//773 77//75 999//773 
f 1000//773 77//75 73//71 
f 685//642 1000//773 73//71 1001//773 
f 1002//773 73//71 69//67 
f 689//646 1002//773 69//67 1003//773 
f 1004//773 69//67 65//64 
f 1005//773 65//64 61//60 
f 693//650 1005//773 61//60 1006//773 
f 1007//773 61//60 57//56 
f 1008//773 57//56 53//52 
f 697//654 1008//773 53//52 1009//773 
f 1010//773 53//52 49//48 
f 701//657 1010//773 49//48 1011//773 
f 1012//773 49//48 45//44 
f 1013//773 45//44 41//41 
f 705//661 1013//773 41//41 1014//773 
f 1015//773 41//41 37//37 
f 709//664 1015//773 37//37 1016//773 
f 1017//773 37//37 33//33 
f 713//667 1017//773 33//33 1018//773 
f 1019//773 33//33 29//29 
f 717//670 1019//773 29//29 1020//773 
f 1021//773 29//29 25//25 
f 1022//773 25//25 21//21 
f 721//674 1022//773 21//21 1023//773 
f 1024//773 21//21 17//17 
f 1025//773 17//17 13//13 
f 725//678 1025//773 13//13 1026//773 
f 1027//773 13//13 9//9 
f 1028//773 9//9 5//5 
f 729//682 1028//773 5//5 1029//773 
f 733//686 1029//773 5//5 1030//773 
f 1031//773 5//5 4//4 
f 737//690 1031//773 4//4 1032//773 
f 741//694 1032//773 4//4 1033//773 
f 1034//773 4//4 525//489 
f 745//698 1034//773 525//489 1035//773 
f 749//701 1035//773 525//489 1036//773 
f 1037//773 525//489 521//487 
f 517//484 1037//773 521//487 
f 1038//774 519//485 523//488 
f 1039//774 115//109 119//113 
f 1040//774 119//113 123//117 
f 1041//774 123//117 127//121 
f 111//106 1041//774 127//121 1042//774 
f 107//102 1042//774 127//121 1043//774 
f 1044//774 127//121 131//124 
f 103//98 1044//774 131//124 1045//774 
f 99//94 1045//774 131//124 1046//774 
f 1047//774 131//124 135//127 
f 95//91 1047//774 135//127 1048//774 
f 91//87 1048//774 135//127 1049//774 
f 1050//774 135//127 139//131 
f 87//84 1050//774 139//131 1051//774 
f 83//80 1051//774 139//131 1052//774 
f 1053//774 139//131 143//135 
f 79//77 1053//774 143//135 1054//774 
f 1055//774 143//135 147//138 
f 1057//774 535//497 539//501 
f 403//381 1057//774 539//501 1058//774 
f 1059//774 539//501 543//505 
f 399//377 1059//774 543//505 1060//774 
f 395//374 1060//774 543//505 1061//774 
f 1062//774 543//505 547//509 
f 391//371 1062//774 547//509 1063//774 
f 387//367 1063//774 547//509 1064//774 
f 1065//774 547//509 551//513 
f 383//363 1065//774 551//513 1066//774 
f 379//359 1066//774 551//513 1067//774 
f 1068//774 551//513 555//517 
f 375//356 1068//774 555//517 1069//774 
f 371//352 1069//774 555//517 1070//774 
f 1071//774 555//517 559//521 
f 1072//774 559//521 563//524 
f 367//348 1072//774 563//524 1073//774 
f 1074//774 563//524 567//528 
f 363//344 1074//774 567//528 1075//774 
f 1076//774 567//528 571//532 
f 359//341 1076//774 571//532 1077//774 
f 1078//774 571//532 575//536 
f 355//337 1078//774 575//536 1079//774 
f 1080//774 575//536 579//540 
f 351//333 1080//774 579//540 1081//774 
f 1082//774 579//540 583//544 
f 347//329 1082//774 583//544 1083//774 
f 343//326 1083//774 583//544 1084//774 
f 1085//774 583//544 587//547 
f 339//322 1085//774 587//547 1086//774 
f 1087//774 587//547 591//551 
f 1088//774 591//551 595//555 
f 335//318 1088//774 595//555 1089//774 
f 331//314 1089//774 595//555 1090//774 
f 1091//774 595//555 599//559 
f 327//310 1091//774 599//559 1092//774 
f 323//306 1092//774 599//559 1093//774 
f 1094//774 599//559 603//563 
f 319//302 1094//774 603//563 1095//774 
f 315//298 1095//774 603//563 1096//774 
f 1097//774 603//563 607//567 
f 311//294 1097//774 607//567 1098//774 
f 307//290 1098//774 607//567 1099//774 
f 1100//774 607//567 611//571 
f 303//287 1100//774 611//571 1101//774 
f 299//283 1101//774 611//571 1102//774 
f 1103//774 611//571 615//575 
f 295//279 1103//774 615//575 1104//774 
f 291//275 1104//774 615//575 1105//774 
f 1106//774 615//575 619//578 
f 287//272 1106//774 619//578 1107//774 
f 283//268 1107//774 619//578 1108//774 
f 1109//774 619//578 623//582 
f 279//264 1109//774 623//582 1110//774 
f 275//260 1110//774 623//582 1111//774 
f 1112//774 623//582 627//586 
f 271//256 1112//774 627//586 1113//774 
f 1114//774 627//586 631//590 
f 267//252 1114//774 631//590 1115//774 
f 263//248 1115//774 631//590 1116//774 
f 1117//774 631//590 635//594 
f 259//244 1117//774 635//594 1118//774 
f 1119//774 635//594 639//597 
f 255//240 1119//774 639//597 1120//774 
f 1121//774 639//597 643//601 
f 251//237 1121//774 643//601 1122//774 
f 1123//774 643//601 647//604 
f 247//234 1123//774 647//604 1124//774 
f 243//231 1124//774 647//604 1125//774 
f 1126//774 647//604 651//608 
f 239//228 1126//774 651//608 1127//774 
f 1128//774 651//608 655//612 
f 235//224 1128//774 655//612 1129//774 
f 231//220 1129//774 655//612 1130//774 
f 1131//774 655//612 659//616 
f 227//216 1131//774 659//616 1132//774 
f 223//212 1132//774 659//616 1133//774 
f 1134//774 659//616 663//620 
f 219//208 1134//774 663//620 1135//774 
f 1136//774 663//620 667//624 
f 215//204 1136//774 667//624 1137//774 
f 211//200 1137//774 667//624 1138//774 
f 207//196 1138//774 667//624 1139//774 
f 203//193 1139//774 667//624 1140//774 
f 199//189 1140//774 667//624 1141//774 
f 195//185 1141//774 667//624 1142//774 
f 191//181 1142//774 667//624 1143//774 
f 1144//774 667//624 530//492 
f 1145//774 530//492 529//491 
f 1146//774 529//491 535//497 
f 1147//774 403//381 407//385 
f 187//177 1147//774 407//385 1148//774 
f 1149//774 407//385 411//389 
f 183//173 1149//774 411//389 1150//774 
f 1151//774 411//389 415//393 
f 179//169 1151//774 415//393 1152//774 
f 1153//774 415//393 419//397 
f 175//165 1153//774 419//397 1154//774 
f 1155//774 419//397 423//401 
f 171//161 1155//774 423//401 1156//774 
f 167//157 1156//774 423//401 1157//774 
f 1158//774 423//401 427//404 
f 163//153 1158//774 427//404 1159//774 
f 159//149 1159//774 427//404 1160//774 
f 1161//774 427//404 431//408 
f 155//145 1161//774 431//408 1162//774 
f 1163//774 431//408 435//411 
f 1165//774 823//767 674//631 
f 1166//774 674//631 673//630 
f 151//141 1166//774 673//630 1167//774 
f 1168//774 673//630 679//636 
f 147//138 1168//774 679//636 1169//774 
f 1170//774 679//636 683//640 
f 75//73 1170//774 683//640 1171//774 
f 1172//774 683//640 687//644 
f 71//69 1172//774 687//644 1173//774 
f 1174//774 687//644 691//648 
f 67//65 1174//774 691//648 1175//774 
f 63//62 1175//774 691//648 1176//774 
f 1177//774 691//648 695//652 
f 59//58 1177//774 695//652 1178//774 
f 55//54 1178//774 695//652 1179//774 
f 1180//774 695//652 699//655 
f 51//50 1180//774 699//655 1181//774 
f 1182//774 699//655 703//659 
f 47//46 1182//774 703//659 1183//774 
f 43//42 1183//774 703//659 1184//774 
f 1185//774 703//659 707//663 
f 39//39 1185//774 707//663 1186//774 
f 1187//774 707//663 711//665 
f 35//35 1187//774 711//665 1188//774 
f 1189//774 711//665 715//668 
f 31//31 1189//774 715//668 1190//774 
f 1191//774 715//668 719//672 
f 27//27 1191//774 719//672 1192//774 
f 23//23 1192//774 719//672 1193//774 
f 1194//774 719//672 723//676 
f 19//19 1194//774 723//676 1195//774 
f 15//15 1195//774 723//676 1196//774 
f 1197//774 723//676 727//680 
f 11//11 1197//774 727//680 1198//774 
f 7//7 1198//774 727//680 1199//774 
f 1200//774 727//680 731//684 
f 1201//774 731//684 735//688 
f 1//1 1201//774 735//688 1202//774 
f 1203//774 735//688 739//692 
f 1204//774 739//692 743//696 
f 2//2 1204//774 743//696 1205//774 
f 1206//774 743//696 747//700 
f 523//488 1206//774 747//700 1207//774 
f 1208//774 435//411 439//415 
f 1209//774 439//415 443//418 
f 823//767 1209//774 443//418 1210//774 
f 819//763 1210//774 443//418 1211//774 
f 1212//774 443//418 447//422 
f 815//760 1212//774 447//422 1213//774 
f 811//757 1213//774 447//422 1214//774 
f 1215//774 447//422 451//426 
f 807//753 1215//774 451//426 1216//774 
f 803//749 1216//774 451//426 1217//774 
f 1218//774 451//426 455//430 
f 799//745 1218//774 455//430 1219//774 
f 1220//774 455//430 459//433 
f 795//741 1220//774 459//433 1221//774 
f 791//738 1221//774 459//433 1222//774 
f 1223//774 459//433 463//436 
f 787//734 1223//774 463//436 1224//774 
f 1225//774 463//436 467//440 
f 783//730 1225//774 467//440 1226//774 
f 779//727 1226//774 467//440 1227//774 
f 1228//774 467//440 471//444 
f 775//723 1228//774 471//444 1229//774 
f 771//719 1229//774 471//444 1230//774 
f 1231//774 471//444 475//447 
f 767//715 1231//774 475//447 1232//774 
f 1233//774 475//447 479//450 
f 763//711 1233//774 479//450 1234//774 
f 1235//774 479//450 483//453 
f 1236//774 483//453 487//456 
f 759//707 1236//774 487//456 1237//774 
f 1238//774 487//456 491//460 
f 1239//774 491//460 495//464 
f 755//704 1239//774 495//464 1240//774 
f 1241//774 495//464 499//468 
f 1242//774 499//468 503//472 
f 1243//774 503//472 507//475 
f 1244//774 507//475 511//478 
f 751//702 1244//774 511//478 1245//774 
f 747//700 1245//774 511//478 1246//774 
f 515//482 1246//774 511//478 
# 627 polygons - 1242 triangles

