# 3ds Max Wavefront OBJ Exporter v0.97b - (c)2007 guruware
# File Created: 27.01.2021 23:15:12

#
# object So_Soo
#

v  190.4233 10.0000 14.6457
v  189.9090 10.0000 15.2718
v  190.0804 6.6667 15.0631
v  189.9090 0.0000 15.2718
v  190.4233 0.0000 14.6457
v  190.2519 3.3333 14.8544
v  190.9585 10.0000 14.1031
v  190.6017 6.6667 14.4648
v  190.9585 0.0000 14.1031
v  190.7801 3.3333 14.2839
v  191.5145 10.0000 13.6439
v  191.1438 6.6667 13.9500
v  191.5145 0.0000 13.6439
v  191.3292 3.3333 13.7970
v  192.0914 10.0000 13.2683
v  191.7068 6.6667 13.5187
v  192.0914 0.0000 13.2683
v  191.8991 3.3333 13.3935
v  192.6892 10.0000 12.9761
v  192.2907 6.6667 13.1709
v  192.6892 0.0000 12.9761
v  192.4899 3.3333 13.0735
v  193.3079 10.0000 12.7674
v  192.8954 6.6667 12.9065
v  193.3079 0.0000 12.7674
v  193.1016 3.3333 12.8369
v  193.9474 10.0000 12.6422
v  193.5210 6.6667 12.7256
v  193.9474 0.0000 12.6422
v  193.7342 3.3333 12.6839
v  194.6078 10.0000 12.6004
v  194.1675 6.6667 12.6282
v  194.6078 0.0000 12.6004
v  194.3876 3.3333 12.6143
v  194.8865 10.0000 12.6397
v  194.7007 6.6667 12.6135
v  194.8865 0.0000 12.6397
v  194.7936 3.3333 12.6266
v  195.1325 10.0000 12.7576
v  194.9685 6.6667 12.6790
v  195.1325 0.0000 12.7576
v  195.0505 3.3333 12.7183
v  195.3457 10.0000 12.9540
v  195.2036 6.6667 12.8230
v  195.3457 0.0000 12.9540
v  195.2746 3.3333 12.8885
v  195.5260 10.0000 13.2290
v  195.4058 6.6667 13.0457
v  195.5260 0.0000 13.2290
v  195.4659 3.3333 13.1373
v  195.6736 10.0000 13.5826
v  195.5752 6.6667 13.3469
v  195.6736 0.0000 13.5826
v  195.6244 3.3333 13.4647
v  195.7884 10.0000 14.0147
v  195.7119 6.6667 13.7266
v  195.7884 0.0000 14.0147
v  195.7502 3.3333 13.8707
v  195.8704 10.0000 14.5255
v  195.8158 6.6667 14.1850
v  195.8704 0.0000 14.5255
v  195.8431 3.3333 14.3552
v  195.9196 10.0000 15.1148
v  195.8868 6.6667 14.7219
v  195.9196 0.0000 15.1148
v  195.9032 3.3333 14.9183
v  195.9360 10.0000 15.7827
v  195.9251 6.6667 15.3374
v  195.9360 0.0000 15.7827
v  195.9305 3.3333 15.5600
v  195.9009 10.0000 16.4755
v  195.9243 6.6667 16.0136
v  195.9009 0.0000 16.4755
v  195.9126 3.3333 16.2445
v  195.7955 10.0000 17.1653
v  195.8658 6.6667 16.7054
v  195.7955 0.0000 17.1653
v  195.8306 3.3333 16.9354
v  195.6199 10.0000 17.8522
v  195.7370 6.6667 17.3943
v  195.6199 0.0000 17.8522
v  195.6784 3.3333 17.6232
v  195.3740 10.0000 18.5360
v  195.5379 6.6667 18.0801
v  195.3740 0.0000 18.5360
v  195.4560 3.3333 18.3081
v  195.0579 10.0000 19.2169
v  195.2686 6.6667 18.7630
v  195.0579 0.0000 19.2169
v  195.1633 3.3333 18.9900
v  194.6715 10.0000 19.8948
v  194.9291 6.6667 19.4429
v  194.6715 0.0000 19.8948
v  194.8003 3.3333 19.6688
v  194.2149 10.0000 20.5697
v  194.5193 6.6667 20.1198
v  194.2149 0.0000 20.5697
v  194.3671 3.3333 20.3448
v  193.6880 10.0000 21.2417
v  194.0392 6.6667 20.7937
v  193.6880 0.0000 21.2417
v  193.8636 3.3333 21.0177
v  193.0909 10.0000 21.9107
v  193.4890 6.6667 21.4647
v  193.0909 0.0000 21.9107
v  193.2899 3.3333 21.6877
v  191.9985 10.0000 23.1183
v  192.7267 6.6667 22.3132
v  191.9985 0.0000 23.1183
v  192.3626 3.3333 22.7157
v  191.0347 10.0000 24.2859
v  191.6772 6.6667 23.5075
v  191.0347 0.0000 24.2859
v  191.3559 3.3333 23.8967
v  190.1993 10.0000 25.4135
v  190.7562 6.6667 24.6617
v  190.1993 0.0000 25.4135
v  190.4778 3.3333 25.0376
v  189.4925 10.0000 26.5011
v  189.9637 6.6667 25.7760
v  189.4925 0.0000 26.5011
v  189.7281 3.3333 26.1386
v  188.9142 10.0000 27.5487
v  189.2997 6.6667 26.8503
v  188.9142 0.0000 27.5487
v  189.1070 3.3333 27.1995
v  188.4644 10.0000 28.5563
v  188.7643 6.6667 27.8846
v  188.4644 0.0000 28.5563
v  188.6143 3.3333 28.2204
v  188.1431 10.0000 29.5239
v  188.3573 6.6667 28.8788
v  188.1431 0.0000 29.5239
v  188.2502 3.3333 29.2014
v  187.9503 10.0000 30.4515
v  188.0789 6.6667 29.8331
v  187.9503 0.0000 30.4515
v  188.0146 3.3333 30.1423
v  187.8861 10.0000 31.3391
v  187.9289 6.6667 30.7474
v  187.8861 0.0000 31.3391
v  187.9075 3.3333 31.0433
v  187.8861 10.0000 47.3761
v  187.8861 6.6667 36.6848
v  187.8861 0.0000 47.3761
v  187.8861 3.3333 42.0304
v  181.9291 10.0000 47.3761
v  185.9004 6.6667 47.3761
v  181.9291 0.0000 47.3761
v  183.9148 3.3333 47.3761
v  181.9291 10.0000 54.1380
v  181.9291 6.6667 49.6301
v  181.9291 0.0000 54.1380
v  181.9291 3.3333 51.8840
v  209.4272 10.0000 54.1380
v  191.0952 6.6667 54.1380
v  209.4272 0.0000 54.1380
v  200.2612 3.3333 54.1380
v  211.6979 10.0000 54.0009
v  210.1841 6.6667 54.0923
v  211.6979 0.0000 54.0009
v  210.9410 3.3333 54.0466
v  213.7016 10.0000 53.5894
v  212.3658 6.6667 53.8637
v  213.7016 0.0000 53.5894
v  213.0337 3.3333 53.7266
v  215.4380 10.0000 52.9037
v  214.2804 6.6667 53.3608
v  215.4380 0.0000 52.9037
v  214.8592 3.3333 53.1323
v  216.9074 10.0000 51.9436
v  215.9278 6.6667 52.5837
v  216.9074 0.0000 51.9436
v  216.4176 3.3333 52.2637
v  218.1096 10.0000 50.7093
v  217.3081 6.6667 51.5322
v  218.1096 0.0000 50.7093
v  217.7088 3.3333 51.1208
v  219.0446 10.0000 49.2007
v  218.4212 6.6667 50.2065
v  219.0446 0.0000 49.2007
v  218.7329 3.3333 49.7036
v  219.7125 10.0000 47.4178
v  219.2672 6.6667 48.6064
v  219.7125 0.0000 47.4178
v  219.4898 3.3333 48.0121
v  220.1132 10.0000 45.3606
v  219.8460 6.6667 46.7321
v  220.1132 0.0000 45.3606
v  219.9796 3.3333 46.0463
v  220.2468 10.0000 43.0291
v  220.1577 6.6667 44.5835
v  220.2468 0.0000 43.0291
v  220.2022 3.3333 43.8063
v  220.2468 10.0000 29.6235
v  220.2468 6.6667 38.5606
v  220.2468 0.0000 29.6235
v  220.2468 3.3333 34.0920
v  220.1359 10.0000 27.2584
v  220.2098 6.6667 28.8351
v  220.1359 0.0000 27.2584
v  220.1729 3.3333 28.0468
v  219.8034 10.0000 25.1006
v  220.0251 6.6667 26.5392
v  219.8034 0.0000 25.1006
v  219.9142 3.3333 25.8199
v  219.2492 10.0000 23.1500
v  219.6187 6.6667 24.4504
v  219.2492 0.0000 23.1500
v  219.4339 3.3333 23.8002
v  218.4733 10.0000 21.4066
v  218.9906 6.6667 22.5689
v  218.4733 0.0000 21.4066
v  218.7319 3.3333 21.9877
v  217.4757 10.0000 19.8704
v  218.1408 6.6667 20.8945
v  217.4757 0.0000 19.8704
v  217.8082 3.3333 20.3825
v  216.2565 10.0000 18.5414
v  217.0693 6.6667 19.4274
v  216.2565 0.0000 18.5414
v  216.6629 3.3333 18.9844
v  214.8155 10.0000 17.4197
v  215.7761 6.6667 18.1675
v  214.8155 0.0000 17.4197
v  215.2958 3.3333 17.7936
v  213.1529 10.0000 16.5051
v  214.2613 6.6667 17.1148
v  213.1529 0.0000 16.5051
v  213.7071 3.3333 16.8100
v  211.2686 10.0000 15.7977
v  212.5248 6.6667 16.2693
v  211.2686 0.0000 15.7977
v  211.8967 3.3333 16.0335
v  212.7136 10.0000 15.2653
v  211.7503 6.6667 15.6203
v  212.7136 0.0000 15.2653
v  212.2319 3.3333 15.4428
v  214.1452 10.0000 14.6386
v  213.1908 6.6667 15.0564
v  214.1452 0.0000 14.6386
v  213.6680 3.3333 14.8475
v  215.5633 10.0000 13.9175
v  214.6179 6.6667 14.3982
v  215.5633 0.0000 13.9175
v  215.0906 3.3333 14.1578
v  216.9679 10.0000 13.1020
v  216.0315 6.6667 13.6457
v  216.9679 0.0000 13.1020
v  216.4997 3.3333 13.3738
v  218.3590 10.0000 12.1922
v  217.4316 6.6667 12.7987
v  218.3590 0.0000 12.1922
v  217.8953 3.3333 12.4955
v  219.7366 10.0000 11.1880
v  218.8182 6.6667 11.8575
v  219.7366 0.0000 11.1880
v  219.2774 3.3333 11.5228
v  221.1008 10.0000 10.0895
v  220.1914 6.6667 10.8219
v  221.1008 0.0000 10.0895
v  220.6461 3.3333 10.4557
v  222.4515 10.0000 8.8967
v  221.5511 6.6667 9.6919
v  222.4515 0.0000 8.8967
v  222.0013 3.3333 9.2943
v  223.7887 10.0000 7.6095
v  222.8972 6.6667 8.4676
v  223.7887 0.0000 7.6095
v  223.3430 3.3333 8.0385
v  221.8568 10.0000 -0.9234
v  223.1447 6.6667 4.7652
v  221.8568 0.0000 -0.9234
v  222.5007 3.3333 1.9209
v  220.1401 10.0000 1.4558
v  221.2845 6.6667 -0.1304
v  220.1401 0.0000 1.4558
v  220.7123 3.3333 0.6627
v  218.3445 10.0000 3.6561
v  219.5416 6.6667 2.1892
v  218.3445 0.0000 3.6561
v  218.9430 3.3333 2.9226
v  216.4697 10.0000 5.6775
v  217.7196 6.6667 4.3299
v  216.4697 0.0000 5.6775
v  217.0946 3.3333 5.0037
v  214.5159 10.0000 7.5200
v  215.8185 6.6667 6.2917
v  214.5159 0.0000 7.5200
v  215.1672 3.3333 6.9058
v  212.4830 10.0000 9.1837
v  213.8383 6.6667 8.0746
v  212.4830 0.0000 9.1837
v  213.1607 3.3333 8.6291
v  210.3711 10.0000 10.6684
v  211.7790 6.6667 9.6786
v  210.3711 0.0000 10.6684
v  211.0751 3.3333 10.1735
v  208.1801 10.0000 11.9743
v  209.6407 6.6667 11.1037
v  208.1801 0.0000 11.9743
v  208.9104 3.3333 11.5390
v  205.9100 10.0000 13.1013
v  207.4234 6.6667 12.3500
v  205.9100 0.0000 13.1013
v  206.6667 3.3333 12.7256
v  203.5608 10.0000 14.0494
v  205.1269 6.6667 13.4173
v  203.5608 0.0000 14.0494
v  204.3438 3.3333 13.7334
v  203.2968 10.0000 12.0558
v  203.4728 6.6667 13.3849
v  203.2968 0.0000 12.0558
v  203.3848 3.3333 12.7203
v  202.9041 10.0000 10.2968
v  203.1659 6.6667 11.4695
v  202.9041 0.0000 10.2968
v  203.0350 3.3333 10.8831
v  202.3826 10.0000 8.7722
v  202.7303 6.6667 9.7886
v  202.3826 0.0000 8.7722
v  202.5565 3.3333 9.2804
v  201.7324 10.0000 7.4823
v  202.1659 6.6667 8.3422
v  201.7324 0.0000 7.4823
v  201.9492 3.3333 7.9123
v  200.9534 10.0000 6.4268
v  201.4727 6.6667 7.1305
v  200.9534 0.0000 6.4268
v  201.2131 3.3333 6.7786
v  200.0457 10.0000 5.6059
v  200.6508 6.6667 6.1532
v  200.0457 0.0000 5.6059
v  200.3482 3.3333 5.8796
v  199.0091 10.0000 5.0196
v  199.7001 6.6667 5.4105
v  199.0091 0.0000 5.0196
v  199.3546 3.3333 5.2150
v  197.8438 10.0000 4.6678
v  198.6207 6.6667 4.9023
v  197.8438 0.0000 4.6678
v  198.2323 3.3333 4.7850
v  196.5498 10.0000 4.5505
v  197.4125 6.6667 4.6287
v  196.5498 0.0000 4.5505
v  196.9812 3.3333 4.5896
v  195.8048 10.0000 4.6060
v  196.3015 6.6667 4.5690
v  195.8048 0.0000 4.6060
v  196.0531 3.3333 4.5875
v  195.0613 10.0000 4.7725
v  195.5570 6.6667 4.6615
v  195.0613 0.0000 4.7725
v  195.3092 3.3333 4.7170
v  194.3193 10.0000 5.0500
v  194.8140 6.6667 4.8650
v  194.3193 0.0000 5.0500
v  194.5667 3.3333 4.9575
v  193.5788 10.0000 5.4385
v  194.0725 6.6667 5.1795
v  193.5788 0.0000 5.4385
v  193.8256 3.3333 5.3090
v  192.8398 10.0000 5.9380
v  193.3324 6.6667 5.6050
v  192.8398 0.0000 5.9380
v  193.0861 3.3333 5.7715
v  192.1022 10.0000 6.5484
v  192.5939 6.6667 6.1415
v  192.1022 0.0000 6.5484
v  192.3481 3.3333 6.3450
v  191.3662 10.0000 7.2699
v  191.8569 6.6667 6.7889
v  191.3662 0.0000 7.2699
v  191.6115 3.3333 7.0294
v  190.6316 10.0000 8.1024
v  191.1213 6.6667 7.5474
v  190.6316 0.0000 8.1024
v  190.8765 3.3333 7.8249
v  189.8986 10.0000 9.0459
v  190.3873 6.6667 8.4169
v  189.8986 0.0000 9.0459
v  190.1429 3.3333 8.7314
v  189.2786 10.0000 8.1024
v  189.6919 6.6667 8.7314
v  189.2786 0.0000 8.1024
v  189.4852 3.3333 8.4169
v  188.6004 10.0000 7.2699
v  189.0525 6.6667 7.8249
v  188.6004 0.0000 7.2699
v  188.8264 3.3333 7.5474
v  187.8640 10.0000 6.5484
v  188.3549 6.6667 7.0294
v  187.8640 0.0000 6.5484
v  188.1095 3.3333 6.7889
v  187.0694 10.0000 5.9380
v  187.5991 6.6667 6.3450
v  187.0694 0.0000 5.9380
v  187.3343 3.3333 6.1415
v  186.2166 10.0000 5.4385
v  186.7852 6.6667 5.7715
v  186.2166 0.0000 5.4385
v  186.5009 3.3333 5.6050
v  185.3056 10.0000 5.0500
v  185.9130 6.6667 5.3090
v  185.3056 0.0000 5.0500
v  185.6093 3.3333 5.1795
v  184.3365 10.0000 4.7725
v  184.9826 6.6667 4.9575
v  184.3365 0.0000 4.7725
v  184.6595 3.3333 4.8650
v  183.3091 10.0000 4.6060
v  183.9940 6.6667 4.7170
v  183.3091 0.0000 4.6060
v  183.6515 3.3333 4.6615
v  182.2235 10.0000 4.5505
v  182.9472 6.6667 4.5875
v  182.2235 0.0000 4.5505
v  182.5853 3.3333 4.5690
v  181.1721 10.0000 4.6065
v  181.8730 6.6667 4.5692
v  181.1721 0.0000 4.6065
v  181.5226 3.3333 4.5878
v  180.1671 10.0000 4.7743
v  180.8371 6.6667 4.6624
v  180.1671 0.0000 4.7743
v  180.5021 3.3333 4.7183
v  179.2083 10.0000 5.0540
v  179.8475 6.6667 4.8675
v  179.2083 0.0000 5.0540
v  179.5279 3.3333 4.9608
v  178.2957 10.0000 5.4457
v  178.9041 6.6667 5.1846
v  178.2957 0.0000 5.4457
v  178.5999 3.3333 5.3151
v  177.4293 10.0000 5.9492
v  178.0069 6.6667 5.6135
v  177.4293 0.0000 5.9492
v  177.7181 3.3333 5.7814
v  176.6092 10.0000 6.5647
v  177.1559 6.6667 6.1544
v  176.6092 0.0000 6.5647
v  176.8826 3.3333 6.3595
v  175.8354 10.0000 7.2920
v  176.3513 6.6667 6.8071
v  175.8354 0.0000 7.2920
v  176.0933 3.3333 7.0495
v  175.1077 10.0000 8.1312
v  175.5928 6.6667 7.5717
v  175.1077 0.0000 8.1312
v  175.3503 3.3333 7.8515
v  174.4264 10.0000 9.0824
v  174.8806 6.6667 8.4483
v  174.4264 0.0000 9.0824
v  174.6535 3.3333 8.7653
v  173.8047 10.0000 10.1058
v  174.2191 6.6667 9.4235
v  173.8047 0.0000 10.1058
v  174.0119 3.3333 9.7647
v  173.2561 10.0000 11.1622
v  173.6218 6.6667 10.4580
v  173.2561 0.0000 11.1622
v  173.4390 3.3333 10.8101
v  172.7807 10.0000 12.2513
v  173.0977 6.6667 11.5252
v  172.7807 0.0000 12.2513
v  172.9392 3.3333 11.8883
v  172.3785 10.0000 13.3733
v  172.6467 6.6667 12.6253
v  172.3785 0.0000 13.3733
v  172.5126 3.3333 12.9993
v  172.0493 10.0000 14.5281
v  172.2688 6.6667 13.7582
v  172.0493 0.0000 14.5281
v  172.1591 3.3333 14.1432
v  171.7934 10.0000 15.7157
v  171.9640 6.6667 14.9240
v  171.7934 0.0000 15.7157
v  171.8787 3.3333 15.3198
v  171.6105 10.0000 16.9362
v  171.7324 6.6667 16.1225
v  171.6105 0.0000 16.9362
v  171.6715 3.3333 16.5293
v  171.5008 10.0000 18.1894
v  171.5739 6.6667 17.3539
v  171.5008 0.0000 18.1894
v  171.5374 3.3333 17.7717
v  171.4642 10.0000 19.4756
v  171.4886 6.6667 18.6182
v  171.4642 0.0000 19.4756
v  171.4764 3.3333 19.0469
v  171.5688 10.0000 21.6819
v  171.4991 6.6667 20.2110
v  171.5688 0.0000 21.6819
v  171.5340 3.3333 20.9465
v  171.8825 10.0000 23.6287
v  171.6734 6.6667 22.3309
v  171.8825 0.0000 23.6287
v  171.7780 3.3333 22.9798
v  172.4054 10.0000 25.3159
v  172.0568 6.6667 24.1911
v  172.4054 0.0000 25.3159
v  172.2311 3.3333 24.7535
v  173.1373 10.0000 26.7436
v  172.6494 6.6667 25.7918
v  173.1373 0.0000 26.7436
v  172.8933 3.3333 26.2677
v  174.0784 10.0000 27.9117
v  173.4510 6.6667 27.1329
v  174.0784 0.0000 27.9117
v  173.7647 3.3333 27.5223
v  175.2287 10.0000 28.8202
v  174.4619 6.6667 28.2145
v  175.2287 0.0000 28.8202
v  174.8453 3.3333 28.5173
v  176.5881 10.0000 29.4691
v  175.6818 6.6667 29.0365
v  176.5881 0.0000 29.4691
v  176.1350 3.3333 29.2528
v  178.1566 10.0000 29.8585
v  177.1109 6.6667 29.5989
v  178.1566 0.0000 29.8585
v  177.6338 3.3333 29.7287
v  179.9343 10.0000 29.9882
v  178.7492 6.6667 29.9017
v  179.9343 0.0000 29.9882
v  179.3417 3.3333 29.9450
v  181.5356 10.0000 29.8876
v  180.4680 6.6667 29.9547
v  181.5356 0.0000 29.8876
v  181.0018 3.3333 29.9212
v  182.9485 10.0000 29.5857
v  182.0066 6.6667 29.7870
v  182.9485 0.0000 29.5857
v  182.4775 3.3333 29.6864
v  184.1731 10.0000 29.0826
v  183.3567 6.6667 29.4180
v  184.1731 0.0000 29.0826
v  183.7649 3.3333 29.2503
v  185.2092 10.0000 28.3783
v  184.5184 6.6667 28.8478
v  185.2092 0.0000 28.3783
v  184.8638 3.3333 28.6130
v  186.0570 10.0000 27.4726
v  185.4918 6.6667 28.0764
v  186.0570 0.0000 27.4726
v  185.7744 3.3333 27.7745
v  186.7163 10.0000 26.3658
v  186.2767 6.6667 27.1037
v  186.7163 0.0000 26.3658
v  186.4965 3.3333 26.7347
v  187.1873 10.0000 25.0577
v  186.8733 6.6667 25.9297
v  187.1873 0.0000 25.0577
v  187.0303 3.3333 25.4937
v  187.4699 10.0000 23.5483
v  187.2815 6.6667 24.5546
v  187.4699 0.0000 23.5483
v  187.3757 3.3333 24.0514
v  187.5641 10.0000 21.8377
v  187.5013 6.6667 22.9781
v  187.5641 0.0000 21.8377
v  187.5327 3.3333 22.4079
v  187.4607 10.0000 20.2031
v  187.5296 6.6667 21.2928
v  187.4607 0.0000 20.2031
v  187.4952 3.3333 20.7480
v  187.1507 10.0000 18.7608
v  187.3574 6.6667 19.7224
v  187.1507 0.0000 18.7608
v  187.2540 3.3333 19.2416
v  186.6339 10.0000 17.5109
v  186.9784 6.6667 18.3442
v  186.6339 0.0000 17.5109
v  186.8061 3.3333 17.9275
v  185.9104 10.0000 16.4532
v  186.3927 6.6667 17.1583
v  185.9104 0.0000 16.4532
v  186.1516 3.3333 16.8058
v  184.9802 10.0000 15.5878
v  185.6003 6.6667 16.1647
v  184.9802 0.0000 15.5878
v  185.2902 3.3333 15.8763
v  183.8432 10.0000 14.9148
v  184.6012 6.6667 15.3635
v  183.8432 0.0000 14.9148
v  184.2222 3.3333 15.1391
v  182.4996 10.0000 14.4340
v  183.3954 6.6667 14.7545
v  182.4996 0.0000 14.4340
v  182.9475 3.3333 14.5943
v  180.9492 10.0000 14.1456
v  181.9828 6.6667 14.3379
v  180.9492 0.0000 14.1456
v  181.4660 3.3333 14.2417
v  179.1922 10.0000 14.0494
v  180.3636 6.6667 14.1135
v  179.1922 0.0000 14.0494
v  179.7779 3.3333 14.0815
v  179.2335 10.0000 13.4074
v  179.2059 6.6667 13.8354
v  179.2335 0.0000 13.4074
v  179.2197 3.3333 13.6214
v  179.3574 10.0000 12.8409
v  179.2748 6.6667 13.2186
v  179.3574 0.0000 12.8409
v  179.3161 3.3333 13.0297
v  179.5639 10.0000 12.3500
v  179.4262 6.6667 12.6773
v  179.5639 0.0000 12.3500
v  179.4951 3.3333 12.5136
v  179.8531 10.0000 11.9346
v  179.6603 6.6667 12.2115
v  179.8531 0.0000 11.9346
v  179.7567 3.3333 12.0730
v  180.2248 10.0000 11.5947
v  179.9770 6.6667 11.8213
v  180.2248 0.0000 11.5947
v  180.1009 3.3333 11.7080
v  180.6792 10.0000 11.3303
v  180.3763 6.6667 11.5066
v  180.6792 0.0000 11.3303
v  180.5277 3.3333 11.4184
v  181.2161 10.0000 11.1415
v  180.8582 6.6667 11.2674
v  181.2161 0.0000 11.1415
v  181.0372 3.3333 11.2044
v  181.8357 10.0000 11.0282
v  181.4227 6.6667 11.1037
v  181.8357 0.0000 11.0282
v  181.6292 3.3333 11.0660
v  182.5379 10.0000 10.9904
v  182.0698 6.6667 11.0156
v  182.5379 0.0000 10.9904
v  182.3038 3.3333 11.0030
v  182.9501 10.0000 11.0111
v  182.6753 6.6667 10.9973
v  182.9501 0.0000 11.0111
v  182.8127 3.3333 11.0042
v  183.3752 10.0000 11.0731
v  183.0918 6.6667 11.0318
v  183.3752 0.0000 11.0731
v  183.2335 3.3333 11.0524
v  183.8129 10.0000 11.1765
v  183.5211 6.6667 11.1076
v  183.8129 0.0000 11.1765
v  183.6670 3.3333 11.1420
v  184.2634 10.0000 11.3211
v  183.9631 6.6667 11.2247
v  184.2634 0.0000 11.3211
v  184.1133 3.3333 11.2729
v  184.7267 10.0000 11.5071
v  184.4179 6.6667 11.3831
v  184.7267 0.0000 11.5071
v  184.5723 3.3333 11.4451
v  185.2028 10.0000 11.7345
v  184.8854 6.6667 11.5829
v  185.2028 0.0000 11.7345
v  185.0441 3.3333 11.6587
v  185.6916 10.0000 12.0032
v  185.3657 6.6667 11.8241
v  185.6916 0.0000 12.0032
v  185.5287 3.3333 11.9136
v  186.1932 10.0000 12.3132
v  185.8588 6.6667 12.1065
v  186.1932 0.0000 12.3132
v  186.0260 3.3333 12.2099
v  186.7075 10.0000 12.6646
v  186.3646 6.6667 12.4303
v  186.7075 0.0000 12.6646
v  186.5361 3.3333 12.5474
v  187.2038 10.0000 13.0362
v  186.8730 6.6667 12.7884
v  187.2038 0.0000 13.0362
v  187.0384 3.3333 12.9123
v  187.6513 10.0000 13.4071
v  187.3530 6.6667 13.1598
v  187.6513 0.0000 13.4071
v  187.5021 3.3333 13.2835
v  188.0499 10.0000 13.7772
v  187.7841 6.6667 13.5304
v  188.0499 0.0000 13.7772
v  187.9170 3.3333 13.6538
v  188.3996 10.0000 14.1465
v  188.1665 6.6667 13.9003
v  188.3996 0.0000 14.1465
v  188.2831 3.3333 14.0234
v  188.7005 10.0000 14.5150
v  188.4999 6.6667 14.2693
v  188.7005 0.0000 14.5150
v  188.6002 3.3333 14.3922
v  188.9526 10.0000 14.8828
v  188.7845 6.6667 14.6376
v  188.9526 0.0000 14.8828
v  188.8685 3.3333 14.7602
v  189.1557 10.0000 15.2498
v  189.0203 6.6667 15.0051
v  189.1557 0.0000 15.2498
v  189.0880 3.3333 15.1274
v  189.3101 10.0000 15.6160
v  189.2072 6.6667 15.3718
v  189.3101 0.0000 15.6160
v  189.2586 3.3333 15.4939
v  189.4156 10.0000 15.9814
v  189.3452 6.6667 15.7378
v  189.4156 0.0000 15.9814
v  189.3804 3.3333 15.8596
v  189.5800 6.6667 15.7449
v  189.7445 3.3333 15.5083
v  197.8090 10.0000 29.2682
v  197.7325 10.0000 29.9511
v  197.7580 6.6667 29.7235
v  197.7325 0.0000 29.9511
v  197.8090 0.0000 29.2682
v  197.7835 3.3333 29.4958
v  197.9365 10.0000 28.5736
v  197.8515 6.6667 29.0367
v  197.9365 0.0000 28.5736
v  197.8940 3.3333 28.8052
v  198.1149 10.0000 27.8673
v  197.9960 6.6667 28.3382
v  198.1149 0.0000 27.8673
v  198.0555 3.3333 28.1028
v  198.3444 10.0000 27.1493
v  198.1914 6.6667 27.6280
v  198.3444 0.0000 27.1493
v  198.2679 3.3333 27.3886
v  198.6249 10.0000 26.4194
v  198.4379 6.6667 26.9060
v  198.6249 0.0000 26.4194
v  198.5314 3.3333 26.6627
v  198.9564 10.0000 25.6779
v  198.7354 6.6667 26.1723
v  198.9564 0.0000 25.6779
v  198.8459 3.3333 25.9251
v  199.3388 10.0000 24.9246
v  199.0839 6.6667 25.4268
v  199.3388 0.0000 24.9246
v  199.2113 3.3333 25.1757
v  199.7723 10.0000 24.1596
v  199.4833 6.6667 24.6696
v  199.7723 0.0000 24.1596
v  199.6278 3.3333 24.4146
v  200.3724 10.0000 23.1528
v  199.9723 6.6667 23.8240
v  200.3724 0.0000 23.1528
v  200.1724 3.3333 23.4884
v  200.9127 10.0000 22.2331
v  200.5525 6.6667 22.8462
v  200.9127 0.0000 22.2331
v  200.7326 3.3333 22.5396
v  201.3932 10.0000 21.4005
v  201.0729 6.6667 21.9556
v  201.3932 0.0000 21.4005
v  201.2330 3.3333 21.6781
v  201.8138 10.0000 20.6552
v  201.5334 6.6667 21.1521
v  201.8138 0.0000 20.6552
v  201.6736 3.3333 20.9036
v  202.1747 10.0000 19.9969
v  201.9341 6.6667 20.4357
v  202.1747 0.0000 19.9969
v  202.0544 3.3333 20.2163
v  202.4757 10.0000 19.4258
v  202.2750 6.6667 19.8065
v  202.4757 0.0000 19.4258
v  202.3754 3.3333 19.6162
v  202.7169 10.0000 18.9418
v  202.5561 6.6667 19.2645
v  202.7169 0.0000 18.9418
v  202.6365 3.3333 19.1032
v  202.8983 10.0000 18.5450
v  202.7774 6.6667 18.8096
v  202.8983 0.0000 18.5450
v  202.8379 3.3333 18.6773
v  203.0199 10.0000 18.2354
v  202.9389 6.6667 18.4418
v  203.0199 0.0000 18.2354
v  202.9794 3.3333 18.3386
v  203.6667 10.0000 18.2723
v  203.2355 6.6667 18.2477
v  203.6667 0.0000 18.2723
v  203.4511 3.3333 18.2600
v  204.2957 10.0000 18.3831
v  203.8764 6.6667 18.3092
v  204.2957 0.0000 18.3831
v  204.0860 3.3333 18.3462
v  204.9068 10.0000 18.5678
v  204.4994 6.6667 18.4447
v  204.9068 0.0000 18.5678
v  204.7031 3.3333 18.5063
v  205.5000 10.0000 18.8264
v  205.1045 6.6667 18.6540
v  205.5000 0.0000 18.8264
v  205.3023 3.3333 18.7402
v  206.0754 10.0000 19.1589
v  205.6918 6.6667 18.9373
v  206.0754 0.0000 19.1589
v  205.8836 3.3333 19.0481
v  206.6329 10.0000 19.5653
v  206.2612 6.6667 19.2944
v  206.6329 0.0000 19.5653
v  206.4471 3.3333 19.4298
v  207.1725 10.0000 20.0455
v  206.8128 6.6667 19.7254
v  207.1725 0.0000 20.0455
v  206.9927 3.3333 19.8854
v  207.6944 10.0000 20.5997
v  207.3465 6.6667 20.2302
v  207.6944 0.0000 20.5997
v  207.5204 3.3333 20.4149
v  208.1983 10.0000 21.2277
v  207.8623 6.6667 20.8090
v  208.1983 0.0000 21.2277
v  208.0303 3.3333 21.0183
v  208.6658 10.0000 21.8963
v  208.3541 6.6667 21.4505
v  208.6658 0.0000 21.8963
v  208.5100 3.3333 21.6734
v  209.0783 10.0000 22.5723
v  208.8033 6.6667 22.1216
v  209.0783 0.0000 22.5723
v  208.9408 3.3333 22.3470
v  209.4358 10.0000 23.2557
v  209.1975 6.6667 22.8001
v  209.4358 0.0000 23.2557
v  209.3167 3.3333 23.0279
v  209.7383 10.0000 23.9464
v  209.5367 6.6667 23.4859
v  209.7383 0.0000 23.9464
v  209.6375 3.3333 23.7161
v  209.9858 10.0000 24.6445
v  209.8208 6.6667 24.1791
v  209.9858 0.0000 24.6445
v  209.9033 3.3333 24.4118
v  210.1783 10.0000 25.3499
v  210.0500 6.6667 24.8796
v  210.1783 0.0000 25.3499
v  210.1142 3.3333 25.1147
v  210.3159 10.0000 26.0627
v  210.2242 6.6667 25.5875
v  210.3159 0.0000 26.0627
v  210.2700 3.3333 25.8251
v  210.3984 10.0000 26.7829
v  210.3434 6.6667 26.3027
v  210.3984 0.0000 26.7829
v  210.3708 3.3333 26.5428
v  210.4259 10.0000 27.5104
v  210.4075 6.6667 27.0254
v  210.4259 0.0000 27.5104
v  210.4167 3.3333 27.2679
v  210.4259 10.0000 42.7096
v  210.4259 6.6667 32.5768
v  210.4259 0.0000 42.7096
v  210.4259 3.3333 37.6432
v  210.3728 10.0000 43.6890
v  210.4082 6.6667 43.0361
v  210.3728 0.0000 43.6890
v  210.3905 3.3333 43.3625
v  210.2135 10.0000 44.5532
v  210.3197 6.6667 43.9771
v  210.2135 0.0000 44.5532
v  210.2666 3.3333 44.2651
v  209.9482 10.0000 45.3021
v  210.1251 6.6667 44.8028
v  209.9482 0.0000 45.3021
v  210.0366 3.3333 45.0525
v  209.5766 10.0000 45.9358
v  209.8243 6.6667 45.5133
v  209.5766 0.0000 45.9358
v  209.7005 3.3333 45.7246
v  209.0990 10.0000 46.4543
v  209.4174 6.6667 46.1086
v  209.0990 0.0000 46.4543
v  209.2582 3.3333 46.2815
v  208.5151 10.0000 46.8576
v  208.9043 6.6667 46.5887
v  208.5151 0.0000 46.8576
v  208.7097 3.3333 46.7231
v  207.8251 10.0000 47.1456
v  208.2851 6.6667 46.9536
v  207.8251 0.0000 47.1456
v  208.0551 3.3333 47.0496
v  207.0290 10.0000 47.3185
v  207.5598 6.6667 47.2032
v  207.0290 0.0000 47.3185
v  207.2944 3.3333 47.2609
v  206.1267 10.0000 47.3761
v  206.7282 6.6667 47.3377
v  206.1267 0.0000 47.3761
v  206.4275 3.3333 47.3569
v  197.7070 10.0000 47.3761
v  203.3201 6.6667 47.3761
v  197.7070 0.0000 47.3761
v  200.5135 3.3333 47.3761
v  197.7070 10.0000 30.6222
v  197.7070 6.6667 41.7914
v  197.7070 0.0000 30.6222
v  197.7070 3.3333 36.2068
v  197.7155 6.6667 30.3985
v  197.7240 3.3333 30.1748
v  181.1201 10.0000 18.4207
v  180.4782 10.0000 18.2817
v  180.6922 6.6667 18.3280
v  180.4782 0.0000 18.2817
v  181.1201 0.0000 18.4207
v  180.9061 3.3333 18.3744
v  181.6765 10.0000 18.6524
v  181.3056 6.6667 18.4979
v  181.6765 0.0000 18.6524
v  181.4910 3.3333 18.5752
v  182.1472 10.0000 18.9768
v  181.8334 6.6667 18.7605
v  182.1472 0.0000 18.9768
v  181.9903 3.3333 18.8686
v  182.5324 10.0000 19.3938
v  182.2756 6.6667 19.1158
v  182.5324 0.0000 19.3938
v  182.4040 3.3333 19.2548
v  182.8320 10.0000 19.9035
v  182.6322 6.6667 19.5637
v  182.8320 0.0000 19.9035
v  182.7321 3.3333 19.7336
v  183.0459 10.0000 20.5059
v  182.9033 6.6667 20.1043
v  183.0459 0.0000 20.5059
v  182.9746 3.3333 20.3051
v  183.1743 10.0000 21.2009
v  183.0887 6.6667 20.7375
v  183.1743 0.0000 21.2009
v  183.1315 3.3333 20.9692
v  183.2171 10.0000 21.9886
v  183.1886 6.6667 21.4635
v  183.2171 0.0000 21.9886
v  183.2029 3.3333 21.7261
v  183.1743 10.0000 22.7890
v  183.2029 6.6667 22.2554
v  183.1743 0.0000 22.7890
v  183.1886 3.3333 22.5222
v  183.0459 10.0000 23.4953
v  183.1315 6.6667 23.0244
v  183.0459 0.0000 23.4953
v  183.0887 3.3333 23.2599
v  182.8320 10.0000 24.1073
v  182.9746 6.6667 23.6993
v  182.8320 0.0000 24.1073
v  182.9033 3.3333 23.9033
v  182.5324 10.0000 24.6252
v  182.7321 6.6667 24.2800
v  182.5324 0.0000 24.6252
v  182.6322 3.3333 24.4526
v  182.1472 10.0000 25.0490
v  182.4040 6.6667 24.7665
v  182.1472 0.0000 25.0490
v  182.2756 3.3333 24.9077
v  181.6765 10.0000 25.3785
v  181.9903 6.6667 25.1588
v  181.6765 0.0000 25.3785
v  181.8334 3.3333 25.2687
v  181.1201 10.0000 25.6140
v  181.4910 6.6667 25.4570
v  181.1201 0.0000 25.6140
v  181.3056 3.3333 25.5355
v  180.4782 10.0000 25.7552
v  180.9061 6.6667 25.6610
v  180.4782 0.0000 25.7552
v  180.6922 3.3333 25.7081
v  179.7506 10.0000 25.8023
v  180.2357 6.6667 25.7709
v  179.7506 0.0000 25.8023
v  179.9931 3.3333 25.7866
v  179.0590 10.0000 25.7552
v  179.5201 6.6667 25.7866
v  179.0590 0.0000 25.7552
v  179.2896 3.3333 25.7709
v  178.4487 10.0000 25.6140
v  178.8556 6.6667 25.7081
v  178.4487 0.0000 25.6140
v  178.6522 3.3333 25.6610
v  177.9198 10.0000 25.3785
v  178.2724 6.6667 25.5355
v  177.9198 0.0000 25.3785
v  178.0961 3.3333 25.4570
v  177.4723 10.0000 25.0490
v  177.7707 6.6667 25.2687
v  177.4723 0.0000 25.0490
v  177.6215 3.3333 25.1588
v  177.1061 10.0000 24.6252
v  177.3503 6.6667 24.9077
v  177.1061 0.0000 24.6252
v  177.2282 3.3333 24.7665
v  176.8214 10.0000 24.1073
v  177.0112 6.6667 24.4526
v  176.8214 0.0000 24.1073
v  176.9163 3.3333 24.2800
v  176.6179 10.0000 23.4953
v  176.7536 6.6667 23.9033
v  176.6179 0.0000 23.4953
v  176.6857 3.3333 23.6993
v  176.4959 10.0000 22.7890
v  176.5773 6.6667 23.2599
v  176.4959 0.0000 22.7890
v  176.5366 3.3333 23.0244
v  176.4552 10.0000 21.9886
v  176.4823 6.6667 22.5222
v  176.4552 0.0000 21.9886
v  176.4688 3.3333 22.2554
v  176.4959 10.0000 21.2009
v  176.4688 6.6667 21.7261
v  176.4959 0.0000 21.2009
v  176.4823 3.3333 21.4635
v  176.6179 10.0000 20.5059
v  176.5366 6.6667 20.9692
v  176.6179 0.0000 20.5059
v  176.5773 3.3333 20.7375
v  176.8214 10.0000 19.9035
v  176.6857 6.6667 20.3051
v  176.8214 0.0000 19.9035
v  176.7536 3.3333 20.1043
v  177.1061 10.0000 19.3938
v  176.9163 6.6667 19.7336
v  177.1061 0.0000 19.3938
v  177.0112 3.3333 19.5637
v  177.4723 10.0000 18.9768
v  177.2282 6.6667 19.2548
v  177.4723 0.0000 18.9768
v  177.3503 3.3333 19.1158
v  177.9198 10.0000 18.6524
v  177.6215 6.6667 18.8686
v  177.9198 0.0000 18.6524
v  177.7707 3.3333 18.7605
v  178.4487 10.0000 18.4207
v  178.0961 6.6667 18.5752
v  178.4487 0.0000 18.4207
v  178.2724 3.3333 18.4979
v  179.0590 10.0000 18.2817
v  178.6522 6.6667 18.3744
v  179.0590 0.0000 18.2817
v  178.8556 3.3333 18.3280
v  179.7506 10.0000 18.2354
v  179.2896 6.6667 18.2663
v  179.7506 0.0000 18.2354
v  179.5201 3.3333 18.2508
v  179.9931 6.6667 18.2508
v  180.2357 3.3333 18.2663
v  203.4158 0.0000 16.8524
v  203.8411 0.0000 16.9016
v  204.2544 0.0000 17.0001
v  204.6559 0.0000 17.1479
v  204.9902 0.0000 15.3257
v  205.8284 0.0000 17.0289
v  206.2061 0.0000 17.2752
v  206.9076 0.0000 14.8803
v  221.9285 0.0000 2.7139
v  220.7578 0.0000 4.2404
v  221.5282 0.0000 6.7207
v  219.0886 0.0000 6.0767
v  220.0074 0.0000 8.2212
v  219.1024 0.0000 8.9850
v  216.9074 0.0000 8.1285
v  217.5372 0.0000 10.3001
v  216.6143 0.0000 10.9381
v  214.6556 0.0000 9.9352
v  215.0047 0.0000 12.0677
v  214.0638 0.0000 12.5799
v  212.3331 0.0000 11.4969
v  212.4100 0.0000 13.5241
v  211.4511 0.0000 13.9105
v  209.9399 0.0000 12.8135
v  208.6938 0.0000 15.7791
v  208.3580 0.0000 18.4695
v  208.7118 0.0000 18.8143
v  209.0537 0.0000 19.2084
v  209.3776 0.0000 19.6406
v  211.0291 0.0000 18.0664
v  210.2990 0.0000 20.3246
v  212.3489 0.0000 18.8324
v  211.1099 0.0000 21.0825
v  213.5026 0.0000 19.7389
v  211.8102 0.0000 21.9145
v  214.4902 0.0000 20.7861
v  212.4000 0.0000 22.8204
v  215.3116 0.0000 21.9738
v  212.8792 0.0000 23.8003
v  215.9669 0.0000 23.3022
v  213.2478 0.0000 24.8542
v  213.3211 0.0000 25.3319
v  216.4836 0.0000 25.0112
v  213.5425 0.0000 26.4646
v  216.7884 0.0000 26.6231
v  216.9362 0.0000 28.1308
v  213.6995 0.0000 33.2812
v  216.9731 0.0000 38.4541
v  213.6818 0.0000 43.1426
v  216.9109 0.0000 44.0262
v  213.5665 0.0000 44.5343
v  216.6797 0.0000 45.7772
v  213.2914 0.0000 45.7577
v  216.2351 0.0000 47.3069
v  215.7008 0.0000 48.4041
v  212.5448 0.0000 47.3158
v  214.8645 0.0000 49.5296
v  213.9740 0.0000 50.2610
v  211.3712 0.0000 48.4313
v  212.7462 0.0000 50.9825
v  211.4995 0.0000 51.3482
v  209.7707 0.0000 49.1042
v  209.3461 0.0000 49.3347
v  209.6501 0.0000 51.7615
v  208.0938 0.0000 49.5340
v  207.5276 0.0000 49.6108
v  204.4203 0.0000 49.6300
v  191.0952 0.0000 51.8840
v  193.0808 0.0000 49.6301
v  198.3401 0.0000 49.6301
v  191.1597 0.0000 42.0304
v  191.1811 0.0000 36.3889
v  194.4548 0.0000 36.1499
v  191.2668 0.0000 30.1992
v  191.4382 0.0000 29.5675
v  194.6346 0.0000 29.7099
v  191.7037 0.0000 28.6854
v  194.8185 0.0000 28.9227
v  192.0719 0.0000 27.7727
v  195.0793 0.0000 28.1143
v  192.5428 0.0000 26.8294
v  195.4169 0.0000 27.2848
v  193.1163 0.0000 25.8556
v  195.8313 0.0000 26.4341
v  193.7925 0.0000 24.8511
v  196.3226 0.0000 25.5623
v  194.5714 0.0000 23.8161
v  196.8907 0.0000 24.6693
v  195.2451 0.0000 22.9434
v  197.3277 0.0000 23.9481
v  195.7472 0.0000 22.2454
v  197.7753 0.0000 23.2180
v  196.2196 0.0000 21.5414
v  196.5005 0.0000 21.0904
v  196.7347 0.0000 20.6375
v  196.9221 0.0000 20.1826
v  197.0626 0.0000 19.7257
v  197.1562 0.0000 19.2668
v  197.2031 0.0000 18.8059
v  189.5449 0.0000 15.6230
v  189.4583 0.0000 15.3792
v  189.3391 0.0000 15.1348
v  189.7616 0.0000 14.9334
v  189.3588 0.0000 14.6812
v  189.1745 0.0000 14.4357
v  189.9271 0.0000 14.2984
v  189.1360 0.0000 14.0089
v  190.1743 0.0000 13.8414
v  189.0719 0.0000 13.6094
v  190.4191 0.0000 13.4398
v  190.8106 0.0000 13.2171
v  177.5592 0.0000 13.8045
v  177.3114 0.0000 15.2616
v  176.9316 0.0000 15.3852
v  176.6062 0.0000 15.5705
v  176.3349 0.0000 15.8176
v  176.1180 0.0000 16.1265
v  175.9552 0.0000 16.4972
v  175.8467 0.0000 16.9297
v  175.7925 0.0000 17.4240
v  174.8954 0.0000 13.7256
v  174.5053 0.0000 14.4189
v  174.1640 0.0000 15.1340
v  173.8715 0.0000 15.8711
v  173.6277 0.0000 16.6300
v  173.4326 0.0000 17.4108
v  173.2864 0.0000 18.2135
v  173.1888 0.0000 19.0381
v  173.1401 0.0000 19.8845
v  173.1628 0.0000 21.0487
v  173.3022 0.0000 22.4331
v  174.9445 0.0000 22.8021
v  173.5946 0.0000 23.9112
v  175.1731 0.0000 23.8667
v  175.2816 0.0000 24.3062
v  174.1214 0.0000 25.3890
v  175.6883 0.0000 25.1587
v  174.7740 0.0000 26.4268
v  176.2190 0.0000 25.8620
v  175.5932 0.0000 27.2603
v  176.8736 0.0000 26.4159
v  176.5789 0.0000 27.8893
v  177.6522 0.0000 26.8205
v  177.7311 0.0000 28.3138
v  178.5548 0.0000 27.0759
v  179.0500 0.0000 28.5340
v  179.5813 0.0000 27.1819
v  180.4068 0.0000 28.5594
v  180.5881 0.0000 27.1484
v  181.0446 0.0000 27.0856
v  181.8681 0.0000 28.3624
v  181.9150 0.0000 26.8594
v  182.9327 0.0000 28.0156
v  183.6862 0.0000 27.6131
v  183.0110 0.0000 26.2686
v  184.4711 0.0000 26.9666
v  183.5789 0.0000 25.7156
v  185.1019 0.0000 26.1546
v  184.0269 0.0000 25.0328
v  185.5785 0.0000 25.1769
v  184.3551 0.0000 24.2201
v  185.9010 0.0000 24.0337
v  184.5634 0.0000 23.2775
v  186.0694 0.0000 22.7250
v  184.6519 0.0000 22.2051
v  186.0807 0.0000 21.3432
v  184.6174 0.0000 21.1309
v  184.5603 0.0000 20.6366
v  185.8858 0.0000 19.8233
v  184.3429 0.0000 19.7234
v  185.5388 0.0000 18.7251
v  185.1254 0.0000 17.9559
v  183.7582 0.0000 18.5835
v  184.4743 0.0000 17.1449
v  183.2199 0.0000 17.9861
v  183.6569 0.0000 16.4931
v  182.5556 0.0000 17.5146
v  182.6731 0.0000 16.0004
v  181.7654 0.0000 17.1690
v  181.5230 0.0000 15.6668
v  180.8492 0.0000 16.9493
v  180.2065 0.0000 15.4922
v  179.8070 0.0000 16.8555
v  179.3339 0.0000 16.8555
v  177.6173 0.0000 12.1797
v  177.6724 0.0000 11.7769
v  177.7826 0.0000 11.4244
v  176.3660 0.0000 9.8545
v  178.1749 0.0000 10.8053
v  176.9321 0.0000 9.1193
v  178.6377 0.0000 10.2737
v  177.5565 0.0000 8.4838
v  178.0878 0.0000 8.0362
v  179.4444 0.0000 9.6247
v  178.8014 0.0000 7.5751
v  179.3943 0.0000 7.2767
v  180.3679 0.0000 9.1753
v  180.1972 0.0000 6.9899
v  181.0730 0.0000 8.9813
v  181.0583 0.0000 6.8030
v  181.7438 0.0000 6.7284
v  182.1990 0.0000 8.8564
v  182.6902 0.0000 6.7156
v  182.9324 0.0000 8.8692
v  183.5319 0.0000 6.7965
v  183.5539 0.0000 8.9522
v  184.3391 0.0000 6.9652
v  184.9658 0.0000 7.1872
v  184.4682 0.0000 9.2293
v  185.6996 0.0000 7.5176
v  185.0486 0.0000 9.4785
v  186.3990 0.0000 7.9358
v  185.6181 0.0000 9.7922
v  187.0637 0.0000 8.4418
v  186.1766 0.0000 10.1705
v  187.6939 0.0000 9.0356
v  186.7243 0.0000 10.6134
v  188.2896 0.0000 9.7172
v  187.2611 0.0000 11.1208
v  187.5998 0.0000 11.3412
v  187.9366 0.0000 11.5822
v  188.2512 0.0000 11.8297
v  190.0797 0.0000 11.8097
v  191.9652 0.0000 11.5964
v  191.2793 0.0000 9.9719
v  192.6290 0.0000 11.1707
v  191.9817 0.0000 9.3382
v  193.3071 0.0000 10.8375
v  192.6921 0.0000 8.8063
v  193.1833 0.0000 8.3623
v  194.1114 0.0000 10.3927
v  193.7684 0.0000 8.0054
v  194.2616 0.0000 7.7094
v  194.7557 0.0000 7.4874
v  195.2509 0.0000 7.3394
v  195.7471 0.0000 7.2654
v  195.5229 0.0000 9.9826
v  196.5087 0.0000 7.3253
v  197.3285 0.0000 7.4816
v  198.0624 0.0000 7.7944
v  198.7105 0.0000 8.2634
v  197.1439 0.0000 10.7128
v  199.3438 0.0000 8.9544
v  199.8202 0.0000 9.7362
v  197.7515 0.0000 11.6517
v  200.2709 0.0000 10.7660
v  198.0346 0.0000 12.3694
v  200.6249 0.0000 11.9784
v  198.2530 0.0000 13.2177
v  198.3186 0.0000 13.5320
v  200.9093 0.0000 13.5436
v  198.4503 0.0000 14.5632
v  198.4721 0.0000 14.9823
v  200.8389 0.0000 16.0225
v  200.6181 0.0000 17.5210
v  200.5171 0.0000 17.7565
v  200.3762 0.0000 18.0501
v  200.1955 0.0000 18.4018
v  199.9748 0.0000 18.8116
v  199.7143 0.0000 19.2795
v  199.4140 0.0000 19.8054
v  199.0737 0.0000 20.3895
v  198.6936 0.0000 21.0317
v  177.3114 10.0000 15.2616
v  176.9316 10.0000 15.3852
v  176.6062 10.0000 15.5705
v  176.3349 10.0000 15.8176
v  176.1180 10.0000 16.1265
v  175.9552 10.0000 16.4972
v  175.8467 10.0000 16.9297
v  175.7925 10.0000 17.4240
v  174.8954 10.0000 13.7256
v  174.5053 10.0000 14.4189
v  174.1640 10.0000 15.1340
v  173.8715 10.0000 15.8711
v  173.6277 10.0000 16.6300
v  173.4326 10.0000 17.4108
v  173.2864 10.0000 18.2135
v  173.1888 10.0000 19.0381
v  173.1401 10.0000 19.8845
v  173.1628 10.0000 21.0487
v  173.3022 10.0000 22.4331
v  174.9445 10.0000 22.8021
v  173.5946 10.0000 23.9112
v  175.1731 10.0000 23.8667
v  175.2816 10.0000 24.3062
v  174.1214 10.0000 25.3890
v  175.6883 10.0000 25.1587
v  174.7740 10.0000 26.4268
v  176.2190 10.0000 25.8620
v  175.5932 10.0000 27.2603
v  176.8736 10.0000 26.4159
v  176.5789 10.0000 27.8893
v  177.6522 10.0000 26.8205
v  177.7311 10.0000 28.3138
v  178.5548 10.0000 27.0759
v  179.0500 10.0000 28.5340
v  179.5813 10.0000 27.1819
v  180.4068 10.0000 28.5594
v  180.5881 10.0000 27.1484
v  181.0446 10.0000 27.0856
v  181.8681 10.0000 28.3624
v  181.9150 10.0000 26.8594
v  182.9327 10.0000 28.0156
v  183.6862 10.0000 27.6131
v  183.0110 10.0000 26.2686
v  184.4711 10.0000 26.9666
v  183.5789 10.0000 25.7156
v  185.1019 10.0000 26.1546
v  184.0269 10.0000 25.0328
v  185.5785 10.0000 25.1769
v  184.3551 10.0000 24.2201
v  185.9010 10.0000 24.0337
v  184.5634 10.0000 23.2775
v  186.0694 10.0000 22.7250
v  184.6519 10.0000 22.2051
v  186.0807 10.0000 21.3432
v  184.6174 10.0000 21.1309
v  184.5603 10.0000 20.6366
v  185.8858 10.0000 19.8233
v  184.3429 10.0000 19.7234
v  185.5388 10.0000 18.7251
v  185.1254 10.0000 17.9559
v  183.7582 10.0000 18.5835
v  184.4743 10.0000 17.1449
v  183.2199 10.0000 17.9861
v  183.6569 10.0000 16.4931
v  182.5556 10.0000 17.5146
v  182.6731 10.0000 16.0004
v  181.7654 10.0000 17.1690
v  181.5230 10.0000 15.6668
v  180.8492 10.0000 16.9493
v  180.2065 10.0000 15.4922
v  179.8070 10.0000 16.8555
v  179.3339 10.0000 16.8555
v  177.5592 10.0000 13.8045
v  177.6173 10.0000 12.1797
v  177.6724 10.0000 11.7769
v  177.7826 10.0000 11.4244
v  176.3660 10.0000 9.8545
v  178.1749 10.0000 10.8053
v  176.9321 10.0000 9.1193
v  178.6377 10.0000 10.2737
v  177.5565 10.0000 8.4838
v  178.0878 10.0000 8.0362
v  179.4444 10.0000 9.6247
v  178.8014 10.0000 7.5751
v  179.3944 10.0000 7.2767
v  180.3679 10.0000 9.1753
v  180.1972 10.0000 6.9899
v  181.0730 10.0000 8.9813
v  181.0583 10.0000 6.8030
v  181.7438 10.0000 6.7284
v  182.1990 10.0000 8.8564
v  182.6902 10.0000 6.7156
v  182.9324 10.0000 8.8692
v  183.5319 10.0000 6.7965
v  183.5539 10.0000 8.9522
v  184.3391 10.0000 6.9652
v  184.9658 10.0000 7.1872
v  184.4682 10.0000 9.2293
v  185.6996 10.0000 7.5176
v  185.0486 10.0000 9.4785
v  186.3990 10.0000 7.9358
v  185.6181 10.0000 9.7922
v  187.0637 10.0000 8.4418
v  186.1766 10.0000 10.1705
v  187.6939 10.0000 9.0356
v  186.7243 10.0000 10.6134
v  188.2896 10.0000 9.7172
v  187.2611 10.0000 11.1208
v  187.5998 10.0000 11.3412
v  187.9366 10.0000 11.5822
v  188.2512 10.0000 11.8297
v  189.5449 10.0000 15.6230
v  189.4583 10.0000 15.3792
v  189.3391 10.0000 15.1348
v  189.7616 10.0000 14.9334
v  189.3588 10.0000 14.6812
v  189.1745 10.0000 14.4357
v  189.9271 10.0000 14.2984
v  189.1360 10.0000 14.0089
v  190.1743 10.0000 13.8414
v  189.0719 10.0000 13.6094
v  190.4191 10.0000 13.4398
v  190.8106 10.0000 13.2171
v  190.0797 10.0000 11.8097
v  191.9652 10.0000 11.5964
v  191.2793 10.0000 9.9719
v  192.6290 10.0000 11.1707
v  191.9817 10.0000 9.3382
v  193.3071 10.0000 10.8375
v  192.6921 10.0000 8.8063
v  193.1833 10.0000 8.3623
v  194.1114 10.0000 10.3927
v  193.7684 10.0000 8.0054
v  194.2616 10.0000 7.7094
v  194.7557 10.0000 7.4874
v  195.2509 10.0000 7.3394
v  195.7471 10.0000 7.2654
v  195.5229 10.0000 9.9826
v  196.5087 10.0000 7.3253
v  197.3285 10.0000 7.4816
v  198.0624 10.0000 7.7944
v  198.7105 10.0000 8.2634
v  197.1439 10.0000 10.7128
v  199.3438 10.0000 8.9544
v  199.8202 10.0000 9.7362
v  197.7515 10.0000 11.6517
v  200.2709 10.0000 10.7660
v  198.0346 10.0000 12.3695
v  200.6249 10.0000 11.9784
v  198.2530 10.0000 13.2177
v  198.3186 10.0000 13.5320
v  200.9093 10.0000 13.5436
v  198.4503 10.0000 14.5632
v  198.4721 10.0000 14.9823
v  203.4158 10.0000 16.8524
v  200.8389 10.0000 16.0225
v  200.6181 10.0000 17.5210
v  200.5171 10.0000 17.7565
v  200.3762 10.0000 18.0501
v  200.1955 10.0000 18.4018
v  199.9748 10.0000 18.8116
v  199.7143 10.0000 19.2795
v  199.4140 10.0000 19.8054
v  199.0737 10.0000 20.3895
v  198.6936 10.0000 21.0317
v  197.2031 10.0000 18.8059
v  197.1562 10.0000 19.2668
v  197.0626 10.0000 19.7257
v  196.9221 10.0000 20.1826
v  196.7347 10.0000 20.6375
v  196.5005 10.0000 21.0904
v  196.2196 10.0000 21.5414
v  191.0952 10.0000 51.8840
v  193.0808 10.0000 49.6300
v  221.9285 10.0000 2.7139
v  220.7578 10.0000 4.2404
v  221.5282 10.0000 6.7207
v  219.0886 10.0000 6.0767
v  220.0074 10.0000 8.2212
v  219.1024 10.0000 8.9850
v  216.9074 10.0000 8.1285
v  217.5372 10.0000 10.3001
v  216.6143 10.0000 10.9381
v  214.6556 10.0000 9.9352
v  215.0047 10.0000 12.0677
v  214.0638 10.0000 12.5799
v  212.3331 10.0000 11.4969
v  212.4100 10.0000 13.5241
v  211.4511 10.0000 13.9105
v  209.9399 10.0000 12.8135
v  203.8411 10.0000 16.9016
v  204.2544 10.0000 17.0001
v  204.6559 10.0000 17.1479
v  204.9902 10.0000 15.3257
v  205.8284 10.0000 17.0289
v  206.2061 10.0000 17.2752
v  206.9076 10.0000 14.8803
v  208.6938 10.0000 15.7791
v  208.3580 10.0000 18.4695
v  208.7118 10.0000 18.8143
v  209.0537 10.0000 19.2084
v  209.3776 10.0000 19.6406
v  211.0291 10.0000 18.0664
v  210.2990 10.0000 20.3246
v  212.3489 10.0000 18.8324
v  211.1099 10.0000 21.0825
v  213.5026 10.0000 19.7389
v  211.8102 10.0000 21.9145
v  214.4902 10.0000 20.7861
v  212.4000 10.0000 22.8204
v  215.3116 10.0000 21.9738
v  212.8792 10.0000 23.8003
v  215.9669 10.0000 23.3022
v  213.2478 10.0000 24.8542
v  213.3211 10.0000 25.3319
v  216.4836 10.0000 25.0112
v  213.5425 10.0000 26.4646
v  216.7884 10.0000 26.6231
v  216.9362 10.0000 28.1308
v  213.6995 10.0000 33.2812
v  216.9731 10.0000 38.4541
v  213.6818 10.0000 43.1426
v  216.9109 10.0000 44.0262
v  213.5665 10.0000 44.5343
v  216.6797 10.0000 45.7772
v  213.2914 10.0000 45.7577
v  216.2351 10.0000 47.3069
v  215.7008 10.0000 48.4041
v  212.5448 10.0000 47.3158
v  214.8645 10.0000 49.5296
v  213.9740 10.0000 50.2610
v  211.3712 10.0000 48.4313
v  212.7462 10.0000 50.9825
v  211.4995 10.0000 51.3482
v  209.7707 10.0000 49.1042
v  209.3461 10.0000 49.3347
v  209.6501 10.0000 51.7615
v  208.0938 10.0000 49.5340
v  207.5276 10.0000 49.6108
v  204.4203 10.0000 49.6301
v  198.3401 10.0000 49.6301
v  191.1597 10.0000 42.0304
v  191.1811 10.0000 36.3889
v  194.4548 10.0000 36.1499
v  191.2668 10.0000 30.1992
v  191.4382 10.0000 29.5675
v  194.6346 10.0000 29.7099
v  191.7037 10.0000 28.6854
v  194.8185 10.0000 28.9227
v  192.0719 10.0000 27.7727
v  195.0793 10.0000 28.1143
v  192.5428 10.0000 26.8294
v  195.4169 10.0000 27.2848
v  193.1163 10.0000 25.8556
v  195.8313 10.0000 26.4341
v  193.7925 10.0000 24.8511
v  196.3226 10.0000 25.5623
v  194.5714 10.0000 23.8161
v  196.8907 10.0000 24.6693
v  195.2451 10.0000 22.9434
v  197.3277 10.0000 23.9481
v  195.7472 10.0000 22.2454
v  197.7753 10.0000 23.2180
# 1570 vertices

vn 0.5177 0.7175 0.4661
vn 0.5566 0.7162 0.4210
vn 0.7727 -0.0000 0.6347
vn 0.5566 -0.7162 0.4210
vn 0.5177 -0.7175 0.4661
vn 0.4695 0.7188 0.5128
vn 0.7120 -0.0000 0.7022
vn 0.4695 -0.7188 0.5128
vn 0.7120 0.0000 0.7022
vn 0.4109 0.7200 0.5592
vn 0.6367 -0.0000 0.7711
vn 0.4109 -0.7200 0.5592
vn 0.6367 0.0000 0.7711
vn 0.3418 0.7212 0.6026
vn 0.5457 -0.0000 0.8380
vn 0.3418 -0.7212 0.6026
vn 0.2631 0.7219 0.6400
vn 0.4391 0.0000 0.8984
vn 0.2631 -0.7219 0.6400
vn 0.1774 0.7223 0.6685
vn 0.3196 0.0000 0.9475
vn 0.1774 -0.7223 0.6685
vn 0.0885 0.7221 0.6862
vn 0.1922 -0.0000 0.9814
vn 0.0885 -0.7221 0.6862
vn 0.1922 0.0000 0.9814
vn -0.0262 0.7307 0.6822
vn 0.0631 -0.0000 0.9980
vn -0.0262 -0.7307 0.6822
vn 0.0631 0.0000 0.9980
vn -0.1935 0.7432 0.6405
vn -0.1395 -0.0000 0.9902
vn -0.1935 -0.7432 0.6405
vn -0.1395 0.0000 0.9902
vn -0.3761 0.7421 0.5549
vn -0.4321 -0.0000 0.9018
vn -0.3761 -0.7421 0.5549
vn -0.4321 0.0000 0.9018
vn -0.5165 0.7358 0.4380
vn -0.6776 -0.0000 0.7354
vn -0.5165 -0.7358 0.4380
vn -0.6776 0.0000 0.7354
vn -0.6051 0.7285 0.3212
vn -0.8362 0.0000 0.5485
vn -0.6051 -0.7285 0.3212
vn -0.6544 0.7227 0.2223
vn -0.9228 -0.0000 0.3852
vn -0.6544 -0.7227 0.2223
vn -0.9228 0.0000 0.3852
vn -0.6802 0.7186 0.1446
vn -0.9665 -0.0000 0.2567
vn -0.6802 -0.7186 0.1446
vn -0.6932 0.7157 0.0845
vn -0.9874 -0.0000 0.1585
vn -0.6932 -0.7157 0.0845
vn -0.6994 0.7138 0.0377
vn -0.9965 0.0000 0.0832
vn -0.6994 -0.7138 0.0377
vn -0.6984 0.7157 -0.0091
vn -0.9997 -0.0000 0.0245
vn -0.6984 -0.7157 -0.0091
vn -0.9997 0.0000 0.0245
vn -0.6918 0.7186 -0.0702
vn -0.9987 -0.0000 -0.0506
vn -0.6918 -0.7186 -0.0702
vn -0.9987 0.0000 -0.0506
vn -0.6816 0.7184 -0.1389
vn -0.9885 -0.0000 -0.1510
vn -0.6816 -0.7184 -0.1389
vn -0.6655 0.7179 -0.2042
vn -0.9688 -0.0000 -0.2477
vn -0.6655 -0.7179 -0.2042
vn -0.9688 0.0000 -0.2477
vn -0.6445 0.7173 -0.2648
vn -0.9410 -0.0000 -0.3383
vn -0.6445 -0.7173 -0.2648
vn -0.9410 0.0000 -0.3383
vn -0.6198 0.7166 -0.3198
vn -0.9070 0.0000 -0.4211
vn -0.6198 -0.7166 -0.3198
vn -0.9070 -0.0000 -0.4211
vn -0.5929 0.7158 -0.3688
vn -0.8688 -0.0000 -0.4952
vn -0.5929 -0.7158 -0.3688
vn -0.8688 0.0000 -0.4952
vn -0.5649 0.7151 -0.4118
vn -0.8282 0.0000 -0.5604
vn -0.5649 -0.7151 -0.4118
vn -0.8282 -0.0000 -0.5604
vn -0.5366 0.7144 -0.4491
vn -0.7869 -0.0000 -0.6170
vn -0.5366 -0.7144 -0.4491
vn -0.5254 0.7079 -0.4721
vn -0.7460 0.0000 -0.6659
vn -0.5254 -0.7079 -0.4721
vn -0.7460 -0.0000 -0.6659
vn -0.5388 0.7021 -0.4656
vn -0.7416 0.0000 -0.6708
vn -0.5388 -0.7021 -0.4656
vn -0.7416 -0.0000 -0.6708
vn -0.5615 0.7012 -0.4393
vn -0.7712 0.0000 -0.6366
vn -0.5615 -0.7012 -0.4393
vn -0.7712 -0.0000 -0.6366
vn -0.5864 0.7003 -0.4072
vn -0.8035 -0.0000 -0.5953
vn -0.5864 -0.7003 -0.4072
vn -0.6131 0.6991 -0.3678
vn -0.8385 0.0000 -0.5449
vn -0.6131 -0.6991 -0.3678
vn -0.6412 0.6977 -0.3194
vn -0.8755 -0.0000 -0.4833
vn -0.6412 -0.6977 -0.3194
vn -0.6693 0.6961 -0.2598
vn -0.9131 0.0000 -0.4076
vn -0.6693 -0.6961 -0.2598
vn -0.6950 0.6943 -0.1869
vn -0.9491 -0.0000 -0.3151
vn -0.6950 -0.6943 -0.1869
vn -0.7145 0.6925 -0.0997
vn -0.9791 -0.0000 -0.2035
vn -0.7145 -0.6925 -0.0997
vn -0.7146 0.6991 -0.0258
vn -0.9974 -0.0000 -0.0722
vn -0.7146 -0.6991 -0.0258
vn -0.9974 0.0000 -0.0722
vn -0.3015 0.9045 -0.3015
vn -1.0000 0.0000 -0.0000
vn -0.3015 -0.9045 -0.3015
vn -0.5774 0.5774 -0.5774
vn 0.0000 0.0000 -1.0000
vn -0.5774 -0.5774 -0.5774
vn -0.5774 0.5774 0.5774
vn -0.5774 -0.5774 0.5774
vn 0.0215 0.7004 0.7134
vn 0.0000 0.0000 1.0000
vn 0.0215 -0.7004 0.7134
vn 0.0947 0.6915 0.7162
vn 0.0603 0.0000 0.9982
vn 0.0947 -0.6915 0.7162
vn 0.2070 0.6881 0.6955
vn 0.2012 -0.0000 0.9796
vn 0.2070 -0.6881 0.6955
vn 0.2012 0.0000 0.9796
vn 0.3347 0.6850 0.6471
vn 0.3673 -0.0000 0.9301
vn 0.3347 -0.6850 0.6471
vn 0.3673 0.0000 0.9301
vn 0.4640 0.6832 0.5638
vn 0.5470 -0.0000 0.8371
vn 0.4640 -0.6832 0.5638
vn 0.5470 0.0000 0.8371
vn 0.5751 0.6835 0.4496
vn 0.7164 -0.0000 0.6977
vn 0.5751 -0.6835 0.4496
vn 0.7164 0.0000 0.6977
vn 0.6533 0.6857 0.3209
vn 0.8500 -0.0000 0.5268
vn 0.6533 -0.6857 0.3209
vn 0.8500 0.0000 0.5268
vn 0.6975 0.6889 0.1971
vn 0.9365 -0.0000 0.3508
vn 0.6975 -0.6889 0.1971
vn 0.9365 0.0000 0.3508
vn 0.7161 0.6922 0.0898
vn 0.9816 -0.0000 0.1912
vn 0.7161 -0.6922 0.0898
vn 0.9816 0.0000 0.1912
vn 0.7131 0.7007 0.0204
vn 0.9984 -0.0000 0.0572
vn 0.7131 -0.7007 0.0204
vn 0.9984 0.0000 0.0572
vn 0.7121 0.7019 -0.0167
vn 1.0000 0.0000 -0.0000
vn 0.7121 -0.7019 -0.0167
vn 0.7151 0.6954 -0.0716
vn 0.9989 -0.0000 -0.0468
vn 0.7151 -0.6954 -0.0716
vn 0.9989 0.0000 -0.0468
vn 0.7040 0.6934 -0.1536
vn 0.9883 0.0000 -0.1523
vn 0.7040 -0.6934 -0.1536
vn 0.9883 -0.0000 -0.1523
vn 0.6791 0.6915 -0.2462
vn 0.9619 0.0000 -0.2733
vn 0.6791 -0.6915 -0.2462
vn 0.9619 -0.0000 -0.2733
vn 0.6362 0.6899 -0.3454
vn 0.9136 0.0000 -0.4066
vn 0.6362 -0.6899 -0.3454
vn 0.9136 -0.0000 -0.4066
vn 0.5730 0.6889 -0.4440
vn 0.8387 -0.0000 -0.5446
vn 0.5730 -0.6889 -0.4440
vn 0.8387 0.0000 -0.5446
vn 0.4915 0.6888 -0.5329
vn 0.7369 -0.0000 -0.6760
vn 0.4915 -0.6888 -0.5329
vn 0.7369 0.0000 -0.6760
vn 0.3981 0.6897 -0.6048
vn 0.6143 0.0000 -0.7891
vn 0.3981 -0.6897 -0.6048
vn 0.6143 -0.0000 -0.7891
vn 0.3019 0.6913 -0.6565
vn 0.4820 -0.0000 -0.8762
vn 0.3019 -0.6913 -0.6565
vn 0.4820 0.0000 -0.8762
vn 0.1929 0.9812 0.0006
vn 0.3514 0.0000 -0.9362
vn 0.1929 -0.9812 0.0006
vn 0.2666 0.7005 0.6620
vn 0.3457 -0.0000 0.9383
vn 0.2666 -0.7005 0.6620
vn 0.3457 0.0000 0.9383
vn 0.3049 0.7007 0.6451
vn 0.4011 -0.0000 0.9161
vn 0.3049 -0.7007 0.6451
vn 0.4011 0.0000 0.9161
vn 0.3408 0.7009 0.6265
vn 0.4533 -0.0000 0.8914
vn 0.3408 -0.7009 0.6265
vn 0.4533 0.0000 0.8914
vn 0.3742 0.7012 0.6069
vn 0.5021 0.0000 0.8648
vn 0.3742 -0.7012 0.6069
vn 0.4051 0.7014 0.5864
vn 0.5473 -0.0000 0.8369
vn 0.4051 -0.7014 0.5864
vn 0.4334 0.7017 0.5655
vn 0.5890 -0.0000 0.8081
vn 0.4334 -0.7017 0.5655
vn 0.5890 0.0000 0.8081
vn 0.4592 0.7020 0.5444
vn 0.6272 -0.0000 0.7789
vn 0.4592 -0.7020 0.5444
vn 0.6272 0.0000 0.7789
vn 0.4826 0.7023 0.5233
vn 0.6620 -0.0000 0.7495
vn 0.4826 -0.7023 0.5233
vn 0.6620 0.0000 0.7495
vn 0.7580 0.6115 0.2269
vn 0.6935 0.0000 0.7204
vn 0.7580 -0.6115 0.2269
vn 0.6935 -0.0000 0.7204
vn 0.1671 0.5486 -0.8192
vn 0.9753 -0.0000 -0.2208
vn 0.1671 -0.5486 -0.8192
vn 0.9753 0.0000 -0.2208
vn -0.5555 0.7139 -0.4264
vn -0.8110 -0.0000 -0.5851
vn -0.5555 -0.7139 -0.4264
vn -0.8110 0.0000 -0.5851
vn -0.5279 0.7143 -0.4594
vn -0.7747 0.0000 -0.6323
vn -0.5279 -0.7143 -0.4594
vn -0.7747 -0.0000 -0.6323
vn -0.4966 0.7147 -0.4925
vn -0.7332 0.0000 -0.6800
vn -0.4966 -0.7147 -0.4925
vn -0.7332 -0.0000 -0.6800
vn -0.4614 0.7151 -0.5251
vn -0.6861 -0.0000 -0.7275
vn -0.4614 -0.7151 -0.5251
vn -0.6861 0.0000 -0.7275
vn -0.4224 0.7154 -0.5565
vn -0.6333 0.0000 -0.7739
vn -0.4224 -0.7154 -0.5565
vn -0.6333 -0.0000 -0.7739
vn -0.3799 0.7157 -0.5861
vn -0.5751 0.0000 -0.8181
vn -0.3799 -0.7157 -0.5861
vn -0.5751 -0.0000 -0.8181
vn -0.3342 0.7158 -0.6131
vn -0.5120 0.0000 -0.8590
vn -0.3342 -0.7158 -0.6131
vn -0.5120 -0.0000 -0.8590
vn -0.2861 0.7159 -0.6369
vn -0.4447 0.0000 -0.8957
vn -0.2861 -0.7159 -0.6369
vn -0.4447 -0.0000 -0.8957
vn 0.1821 0.9324 -0.3123
vn -0.3743 0.0000 -0.9273
vn 0.1821 -0.9324 -0.3123
vn -0.3743 -0.0000 -0.9273
vn 0.7057 0.6973 -0.1252
vn 0.9913 0.0000 -0.1313
vn 0.7057 -0.6973 -0.1252
vn 0.9913 -0.0000 -0.1313
vn 0.6921 0.6949 -0.1950
vn 0.9760 0.0000 -0.2179
vn 0.6921 -0.6949 -0.1950
vn 0.6654 0.6920 -0.2800
vn 0.9462 0.0000 -0.3236
vn 0.6654 -0.6920 -0.2800
vn 0.9462 -0.0000 -0.3236
vn 0.6177 0.6886 -0.3799
vn 0.8930 0.0000 -0.4501
vn 0.6177 -0.6886 -0.3799
vn 0.8930 -0.0000 -0.4501
vn 0.5399 0.6853 -0.4887
vn 0.8046 0.0000 -0.5938
vn 0.5399 -0.6853 -0.4887
vn 0.8046 -0.0000 -0.5938
vn 0.4273 0.6832 -0.5922
vn 0.6707 0.0000 -0.7417
vn 0.4273 -0.6832 -0.5922
vn 0.6707 -0.0000 -0.7417
vn 0.2871 0.6830 -0.6716
vn 0.4924 0.0000 -0.8704
vn 0.2871 -0.6830 -0.6716
vn 0.4924 -0.0000 -0.8704
vn 0.1389 0.6850 -0.7152
vn 0.2890 0.0000 -0.9573
vn 0.1389 -0.6850 -0.7152
vn 0.2890 -0.0000 -0.9573
vn 0.0058 0.6890 -0.7247
vn 0.0903 0.0000 -0.9959
vn 0.0058 -0.6890 -0.7247
vn 0.0903 -0.0000 -0.9959
vn -0.1061 0.6911 -0.7150
vn -0.0743 0.0000 -0.9972
vn -0.1061 -0.6911 -0.7150
vn -0.2058 0.6920 -0.6920
vn -0.2185 -0.0000 -0.9758
vn -0.2058 -0.6920 -0.6920
vn -0.2942 0.6933 -0.6579
vn -0.3503 0.0000 -0.9366
vn -0.2942 -0.6933 -0.6579
vn -0.3503 -0.0000 -0.9366
vn -0.3690 0.6948 -0.6173
vn -0.4646 0.0000 -0.8855
vn -0.3690 -0.6948 -0.6173
vn -0.4646 -0.0000 -0.8855
vn -0.4303 0.6963 -0.5744
vn -0.5600 0.0000 -0.8285
vn -0.4303 -0.6963 -0.5744
vn -0.5600 -0.0000 -0.8285
vn -0.4795 0.6978 -0.5321
vn -0.6376 0.0000 -0.7703
vn -0.4795 -0.6978 -0.5321
vn -0.6376 -0.0000 -0.7703
vn -0.5187 0.6991 -0.4922
vn -0.7000 0.0000 -0.7141
vn -0.5187 -0.6991 -0.4922
vn -0.5499 0.7001 -0.4555
vn -0.7498 -0.0000 -0.6616
vn -0.5499 -0.7001 -0.4555
vn -0.7498 0.0000 -0.6616
vn 0.0135 0.9401 -0.3406
vn -0.7897 0.0000 -0.6136
vn 0.0135 -0.9401 -0.3406
vn -0.7897 -0.0000 -0.6136
vn 0.5793 0.6958 -0.4246
vn 0.8357 0.0000 -0.5492
vn 0.5793 -0.6958 -0.4246
vn 0.8357 -0.0000 -0.5492
vn 0.5313 0.6947 -0.4848
vn 0.7753 0.0000 -0.6316
vn 0.5313 -0.6947 -0.4848
vn 0.4722 0.6938 -0.5437
vn 0.6998 0.0000 -0.7143
vn 0.4722 -0.6938 -0.5437
vn 0.6998 -0.0000 -0.7143
vn 0.4024 0.6933 -0.5978
vn 0.6092 0.0000 -0.7930
vn 0.4024 -0.6933 -0.5978
vn 0.6092 -0.0000 -0.7930
vn 0.3242 0.6931 -0.6438
vn 0.5054 0.0000 -0.8629
vn 0.3242 -0.6931 -0.6438
vn 0.5054 -0.0000 -0.8629
vn 0.2410 0.6934 -0.6791
vn 0.3923 0.0000 -0.9198
vn 0.2410 -0.6934 -0.6791
vn 0.3923 -0.0000 -0.9198
vn 0.1569 0.6941 -0.7026
vn 0.2753 -0.0000 -0.9614
vn 0.1569 -0.6941 -0.7026
vn 0.0760 0.6950 -0.7150
vn 0.1600 -0.0000 -0.9871
vn 0.0760 -0.6950 -0.7150
vn -0.0008 0.6956 -0.7185
vn 0.0511 0.0000 -0.9987
vn -0.0008 -0.6956 -0.7185
vn -0.0785 0.6947 -0.7150
vn -0.0531 0.0000 -0.9986
vn -0.0785 -0.6947 -0.7150
vn -0.0531 -0.0000 -0.9986
vn -0.1604 0.6940 -0.7019
vn -0.1647 0.0000 -0.9863
vn -0.1604 -0.6940 -0.7019
vn -0.1647 -0.0000 -0.9863
vn -0.2433 0.6937 -0.6779
vn -0.2801 0.0000 -0.9600
vn -0.2433 -0.6937 -0.6779
vn -0.2801 -0.0000 -0.9600
vn -0.3236 0.6937 -0.6435
vn -0.3944 0.0000 -0.9190
vn -0.3236 -0.6937 -0.6435
vn -0.3944 -0.0000 -0.9190
vn -0.3976 0.6942 -0.6001
vn -0.5025 -0.0000 -0.8646
vn -0.3976 -0.6942 -0.6001
vn -0.5025 0.0000 -0.8646
vn -0.4628 0.6949 -0.5504
vn -0.6002 -0.0000 -0.7998
vn -0.4628 -0.6949 -0.5504
vn -0.6002 0.0000 -0.7998
vn -0.5180 0.6958 -0.4976
vn -0.6849 0.0000 -0.7287
vn -0.5180 -0.6958 -0.4976
vn -0.6849 -0.0000 -0.7287
vn -0.5631 0.6968 -0.4442
vn -0.7556 0.0000 -0.6551
vn -0.5631 -0.6968 -0.4442
vn -0.5970 0.6987 -0.3943
vn -0.8129 -0.0000 -0.5824
vn -0.5970 -0.6987 -0.3943
vn -0.8129 0.0000 -0.5824
vn -0.6227 0.6997 -0.3503
vn -0.8547 -0.0000 -0.5191
vn -0.6227 -0.6997 -0.3503
vn -0.8547 0.0000 -0.5191
vn -0.6449 0.6996 -0.3077
vn -0.8875 0.0000 -0.4609
vn -0.6449 -0.6996 -0.3077
vn -0.6641 0.6996 -0.2636
vn -0.9165 -0.0000 -0.4000
vn -0.6641 -0.6996 -0.2636
vn -0.9165 0.0000 -0.4000
vn -0.6802 0.6997 -0.2186
vn -0.9413 0.0000 -0.3375
vn -0.6802 -0.6997 -0.2186
vn -0.6930 0.6998 -0.1732
vn -0.9617 0.0000 -0.2741
vn -0.6930 -0.6998 -0.1732
vn -0.9617 -0.0000 -0.2741
vn -0.7025 0.7000 -0.1282
vn -0.9776 -0.0000 -0.2107
vn -0.7025 -0.7000 -0.1282
vn -0.9776 0.0000 -0.2107
vn -0.7089 0.7003 -0.0841
vn -0.9890 -0.0000 -0.1482
vn -0.7089 -0.7003 -0.0841
vn -0.9890 0.0000 -0.1482
vn -0.7124 0.7005 -0.0413
vn -0.9962 0.0000 -0.0872
vn -0.7124 -0.7005 -0.0413
vn -0.7154 0.6987 0.0068
vn -0.9996 -0.0000 -0.0284
vn -0.7154 -0.6987 0.0068
vn -0.9996 0.0000 -0.0284
vn -0.7155 0.6947 0.0744
vn -0.9989 -0.0000 0.0473
vn -0.7155 -0.6947 0.0744
vn -0.9989 0.0000 0.0473
vn -0.7032 0.6916 0.1648
vn -0.9873 -0.0000 0.1591
vn -0.7032 -0.6916 0.1648
vn -0.9873 0.0000 0.1591
vn -0.6719 0.6881 0.2739
vn -0.9552 -0.0000 0.2960
vn -0.6719 -0.6881 0.2739
vn -0.9552 0.0000 0.2960
vn -0.6111 0.6848 0.3969
vn -0.8899 -0.0000 0.4562
vn -0.6111 -0.6848 0.3969
vn -0.5141 0.6828 0.5191
vn -0.7787 -0.0000 0.6274
vn -0.5141 -0.6828 0.5191
vn -0.7787 0.0000 0.6274
vn -0.3862 0.6829 0.6201
vn -0.6198 -0.0000 0.7848
vn -0.3862 -0.6829 0.6201
vn -0.6198 0.0000 0.7848
vn -0.2459 0.6851 0.6857
vn -0.4308 -0.0000 0.9024
vn -0.2459 -0.6851 0.6857
vn -0.4308 0.0000 0.9024
vn -0.1142 0.6884 0.7162
vn -0.2409 -0.0000 0.9705
vn -0.1142 -0.6884 0.7162
vn -0.2409 0.0000 0.9705
vn -0.0037 0.6922 0.7217
vn -0.0728 -0.0000 0.9973
vn -0.0037 -0.6922 0.7217
vn -0.0728 0.0000 0.9973
vn 0.0985 0.6909 0.7162
vn 0.0627 -0.0000 0.9980
vn 0.0985 -0.6909 0.7162
vn 0.0627 0.0000 0.9980
vn 0.2147 0.6875 0.6937
vn 0.2089 0.0000 0.9779
vn 0.2147 -0.6875 0.6937
vn 0.2089 -0.0000 0.9779
vn 0.3453 0.6846 0.6420
vn 0.3800 -0.0000 0.9250
vn 0.3453 -0.6846 0.6420
vn 0.3800 0.0000 0.9250
vn 0.4748 0.6831 0.5550
vn 0.5622 -0.0000 0.8270
vn 0.4748 -0.6831 0.5550
vn 0.5622 0.0000 0.8270
vn 0.5832 0.6837 0.4386
vn 0.7300 -0.0000 0.6834
vn 0.5832 -0.6837 0.4386
vn 0.7300 0.0000 0.6834
vn 0.6577 0.6862 0.3108
vn 0.8591 0.0000 0.5118
vn 0.6577 -0.6862 0.3108
vn 0.6989 0.6895 0.1899
vn 0.9409 0.0000 0.3388
vn 0.6989 -0.6895 0.1899
vn 0.9409 -0.0000 0.3388
vn 0.7160 0.6928 0.0864
vn 0.9829 -0.0000 0.1840
vn 0.7160 -0.6928 0.0864
vn 0.7199 0.6941 -0.0029
vn 0.9985 0.0000 0.0550
vn 0.7199 -0.6941 -0.0029
vn 0.9985 -0.0000 0.0550
vn 0.7163 0.6908 -0.0991
vn 0.9980 0.0000 -0.0631
vn 0.7163 -0.6908 -0.0991
vn 0.9980 -0.0000 -0.0631
vn 0.6934 0.6874 -0.2159
vn 0.9777 0.0000 -0.2102
vn 0.6934 -0.6874 -0.2159
vn 0.9777 -0.0000 -0.2102
vn 0.6412 0.6845 -0.3469
vn 0.9241 0.0000 -0.3821
vn 0.6412 -0.6845 -0.3469
vn 0.9241 -0.0000 -0.3821
vn 0.5535 0.6830 -0.4765
vn 0.8254 0.0000 -0.5646
vn 0.5535 -0.6830 -0.4765
vn 0.8254 -0.0000 -0.5646
vn 0.4369 0.6838 -0.5845
vn 0.6811 0.0000 -0.7322
vn 0.4369 -0.6838 -0.5845
vn 0.3092 0.6863 -0.6584
vn 0.5094 0.0000 -0.8605
vn 0.3092 -0.6863 -0.6584
vn 0.5094 -0.0000 -0.8605
vn 0.1888 0.6896 -0.6991
vn 0.3369 0.0000 -0.9415
vn 0.1888 -0.6896 -0.6991
vn 0.0858 0.6929 -0.7160
vn 0.1829 0.0000 -0.9831
vn 0.0858 -0.6929 -0.7160
vn 0.1829 -0.0000 -0.9831
vn 0.3171 0.9057 -0.2815
vn 0.0546 0.0000 -0.9985
vn 0.3171 -0.9057 -0.2815
vn 0.0546 -0.0000 -0.9985
vn 0.6826 0.7245 0.0960
vn 0.9979 0.0000 0.0642
vn 0.6826 -0.7245 0.0960
vn 0.9979 -0.0000 0.0642
vn 0.6533 0.7282 0.2070
vn 0.9769 -0.0000 0.2137
vn 0.6533 -0.7282 0.2070
vn 0.9769 0.0000 0.2137
vn 0.5974 0.7315 0.3288
vn 0.9218 0.0000 0.3878
vn 0.5974 -0.7315 0.3288
vn 0.9218 -0.0000 0.3878
vn 0.5119 0.7329 0.4481
vn 0.8208 -0.0000 0.5713
vn 0.5119 -0.7329 0.4481
vn 0.4035 0.7319 0.5491
vn 0.6748 0.0000 0.7380
vn 0.4035 -0.7319 0.5491
vn 0.2870 0.7290 0.6215
vn 0.5029 -0.0000 0.8643
vn 0.2870 -0.7290 0.6215
vn 0.1767 0.7252 0.6655
vn 0.3317 -0.0000 0.9434
vn 0.1767 -0.7252 0.6655
vn 0.0810 0.7217 0.6875
vn 0.1799 -0.0000 0.9837
vn 0.0810 -0.7217 0.6875
vn 0.1799 0.0000 0.9837
vn 0.0013 0.7190 0.6950
vn 0.0537 0.0000 0.9986
vn 0.0013 -0.7190 0.6950
vn 0.0537 -0.0000 0.9986
vn -0.0678 0.7179 0.6928
vn -0.0501 0.0000 0.9987
vn -0.0678 -0.7179 0.6928
vn -0.1305 0.7170 0.6847
vn -0.1444 -0.0000 0.9895
vn -0.1305 -0.7170 0.6847
vn -0.1444 0.0000 0.9895
vn -0.1870 0.7161 0.6725
vn -0.2298 -0.0000 0.9732
vn -0.1870 -0.7161 0.6725
vn -0.2298 0.0000 0.9732
vn -0.2372 0.7152 0.6574
vn -0.3057 -0.0000 0.9521
vn -0.2372 -0.7152 0.6574
vn -0.3057 0.0000 0.9521
vn -0.2813 0.7143 0.6408
vn -0.3726 -0.0000 0.9280
vn -0.2813 -0.7143 0.6408
vn -0.3726 0.0000 0.9280
vn -0.3198 0.7136 0.6233
vn -0.4309 -0.0000 0.9024
vn -0.3198 -0.7136 0.6233
vn -0.4309 0.0000 0.9024
vn -0.3534 0.7129 0.6057
vn -0.4817 -0.0000 0.8763
vn -0.3534 -0.7129 0.6057
vn -0.4817 0.0000 0.8763
vn -0.3826 0.7123 0.5885
vn -0.5258 -0.0000 0.8506
vn -0.3826 -0.7123 0.5885
vn -0.5258 0.0000 0.8506
vn -0.4086 0.7120 0.5710
vn -0.5641 -0.0000 0.8257
vn -0.4086 -0.7120 0.5710
vn -0.5641 0.0000 0.8257
vn -0.4342 0.7127 0.5510
vn -0.5994 -0.0000 0.8005
vn -0.4342 -0.7127 0.5510
vn -0.5994 0.0000 0.8005
vn -0.4621 0.7135 0.5267
vn -0.6381 0.0000 0.7699
vn -0.4621 -0.7135 0.5267
vn -0.4923 0.7144 0.4972
vn -0.6804 -0.0000 0.7328
vn -0.4923 -0.7144 0.4972
vn -0.5246 0.7155 0.4614
vn -0.7261 -0.0000 0.6876
vn -0.5246 -0.7155 0.4614
vn -0.7261 0.0000 0.6876
vn -0.5582 0.7167 0.4180
vn -0.7746 0.0000 0.6324
vn -0.5582 -0.7167 0.4180
vn -0.5922 0.7180 0.3657
vn -0.8249 -0.0000 0.5653
vn -0.5922 -0.7180 0.3657
vn -0.8249 0.0000 0.5653
vn -0.6248 0.7193 0.3036
vn -0.8749 -0.0000 0.4844
vn -0.6248 -0.7193 0.3036
vn -0.6537 0.7206 0.2312
vn -0.9215 -0.0000 0.3884
vn -0.6537 -0.7206 0.2312
vn -0.1358 0.5497 0.8242
vn -0.9608 -0.0000 0.2773
vn -0.1358 -0.5497 0.8242
vn -0.9608 0.0000 0.2773
vn 0.8210 0.0000 0.5709
vn 0.8210 -0.0000 0.5709
vn 0.6916 0.7151 0.1021
vn 0.6967 0.7155 0.0522
vn 0.9938 -0.0000 0.1113
vn 0.6967 -0.7155 0.0522
vn 0.6916 -0.7151 0.1021
vn 0.9938 0.0000 0.1113
vn 0.6835 0.7146 0.1489
vn 0.9836 0.0000 0.1805
vn 0.6835 -0.7146 0.1489
vn 0.9836 -0.0000 0.1805
vn 0.6731 0.7141 0.1924
vn 0.9695 0.0000 0.2450
vn 0.6731 -0.7141 0.1924
vn 0.6608 0.7136 0.2324
vn 0.9525 0.0000 0.3044
vn 0.6608 -0.7136 0.2324
vn 0.6474 0.7132 0.2689
vn 0.9334 -0.0000 0.3587
vn 0.6474 -0.7132 0.2689
vn 0.9334 0.0000 0.3587
vn 0.6331 0.7127 0.3020
vn 0.9129 -0.0000 0.4081
vn 0.6331 -0.7127 0.3020
vn 0.9129 0.0000 0.4081
vn 0.6184 0.7123 0.3320
vn 0.8917 -0.0000 0.4527
vn 0.6184 -0.7123 0.3320
vn 0.8917 0.0000 0.4527
vn 0.6092 0.7096 0.3541
vn 0.8700 -0.0000 0.4930
vn 0.6092 -0.7096 0.3541
vn 0.8700 0.0000 0.4930
vn 0.6092 0.7064 0.3605
vn 0.8590 -0.0000 0.5120
vn 0.6092 -0.7064 0.3605
vn 0.8590 0.0000 0.5120
vn 0.6118 0.7062 0.3563
vn 0.8622 0.0000 0.5065
vn 0.6118 -0.7062 0.3563
vn 0.8622 -0.0000 0.5065
vn 0.6151 0.7060 0.3510
vn 0.8661 -0.0000 0.4999
vn 0.6151 -0.7060 0.3510
vn 0.8661 0.0000 0.4999
vn 0.6191 0.7057 0.3444
vn 0.8709 -0.0000 0.4915
vn 0.6191 -0.7057 0.3444
vn 0.8709 0.0000 0.4915
vn 0.6244 0.7053 0.3357
vn 0.8769 -0.0000 0.4807
vn 0.6244 -0.7053 0.3357
vn 0.8769 0.0000 0.4807
vn 0.6315 0.7046 0.3238
vn 0.8846 -0.0000 0.4663
vn 0.6315 -0.7046 0.3238
vn 0.8846 0.0000 0.4663
vn 0.6414 0.7033 0.3064
vn 0.8950 -0.0000 0.4461
vn 0.6414 -0.7033 0.3064
vn 0.8950 0.0000 0.4461
vn 0.6564 0.7010 0.2787
vn 0.9095 -0.0000 0.4158
vn 0.6564 -0.7010 0.2787
vn 0.9095 0.0000 0.4158
vn 0.2703 0.8655 0.4218
vn 0.9308 -0.0000 0.3655
vn 0.2703 -0.8655 0.4218
vn -0.0801 0.7205 0.6888
vn -0.0570 -0.0000 0.9984
vn -0.0801 -0.7205 0.6888
vn -0.0570 0.0000 0.9984
vn -0.1607 0.7208 0.6743
vn -0.1735 0.0000 0.9848
vn -0.1607 -0.7208 0.6743
vn -0.2393 0.7206 0.6508
vn -0.2893 -0.0000 0.9572
vn -0.2393 -0.7206 0.6508
vn -0.3127 0.7200 0.6195
vn -0.3996 -0.0000 0.9167
vn -0.3127 -0.7200 0.6195
vn -0.3996 0.0000 0.9167
vn -0.3790 0.7192 0.5823
vn -0.5003 -0.0000 0.8658
vn -0.3790 -0.7192 0.5823
vn -0.5003 0.0000 0.8658
vn -0.4367 0.7182 0.5417
vn -0.5890 0.0000 0.8081
vn -0.4367 -0.7182 0.5417
vn -0.5890 -0.0000 0.8081
vn -0.4858 0.7172 0.4997
vn -0.6648 0.0000 0.7470
vn -0.4858 -0.7172 0.4997
vn -0.6648 -0.0000 0.7470
vn -0.5267 0.7161 0.4580
vn -0.7280 -0.0000 0.6855
vn -0.5267 -0.7161 0.4580
vn -0.7280 0.0000 0.6855
vn -0.5597 0.7146 0.4195
vn -0.7799 -0.0000 0.6259
vn -0.5597 -0.7146 0.4195
vn -0.7799 0.0000 0.6259
vn -0.5859 0.7142 0.3830
vn -0.8195 -0.0000 0.5730
vn -0.5859 -0.7142 0.3830
vn -0.8195 0.0000 0.5730
vn -0.6088 0.7146 0.3445
vn -0.8536 -0.0000 0.5209
vn -0.6088 -0.7146 0.3445
vn -0.8536 0.0000 0.5209
vn -0.6303 0.7150 0.3025
vn -0.8861 -0.0000 0.4636
vn -0.6303 -0.7150 0.3025
vn -0.8861 0.0000 0.4636
vn -0.6498 0.7153 0.2571
vn -0.9160 0.0000 0.4012
vn -0.6498 -0.7153 0.2571
vn -0.9160 -0.0000 0.4012
vn -0.6666 0.7156 0.2088
vn -0.9425 0.0000 0.3342
vn -0.6666 -0.7156 0.2088
vn -0.6802 0.7157 0.1582
vn -0.9647 -0.0000 0.2633
vn -0.6802 -0.7157 0.1582
vn -0.9647 0.0000 0.2633
vn -0.6902 0.7158 0.1059
vn -0.9819 0.0000 0.1894
vn -0.6902 -0.7158 0.1059
vn -0.9819 -0.0000 0.1894
vn -0.6963 0.7158 0.0530
vn -0.9935 0.0000 0.1138
vn -0.6963 -0.7158 0.0530
vn -0.9935 -0.0000 0.1138
vn -0.7027 0.7114 0.0133
vn -0.9993 0.0000 0.0378
vn -0.7027 -0.7114 0.0133
vn -0.9993 -0.0000 0.0378
vn -0.7007 0.7133 -0.0190
vn -0.7007 -0.7133 -0.0190
vn -0.6873 0.7218 -0.0816
vn -0.9985 0.0000 -0.0541
vn -0.6873 -0.7218 -0.0816
vn -0.9985 -0.0000 -0.0541
vn -0.6650 0.7253 -0.1779
vn -0.9834 0.0000 -0.1812
vn -0.6650 -0.7253 -0.1779
vn -0.9834 -0.0000 -0.1812
vn -0.6206 0.7291 -0.2887
vn -0.9426 -0.0000 -0.3340
vn -0.6206 -0.7291 -0.2887
vn -0.9426 0.0000 -0.3340
vn -0.5476 0.7320 -0.4054
vn -0.8627 -0.0000 -0.5058
vn -0.5476 -0.7320 -0.4054
vn -0.4463 0.7329 -0.5135
vn -0.7355 0.0000 -0.6776
vn -0.4463 -0.7329 -0.5135
vn -0.7355 -0.0000 -0.6776
vn -0.3270 0.7314 -0.5985
vn -0.5683 0.0000 -0.8228
vn -0.3270 -0.7314 -0.5985
vn -0.5683 -0.0000 -0.8228
vn -0.2056 0.7281 -0.6539
vn -0.3853 0.0000 -0.9228
vn -0.2056 -0.7281 -0.6539
vn -0.3853 -0.0000 -0.9228
vn -0.0954 0.7244 -0.6828
vn -0.2122 0.0000 -0.9772
vn -0.0954 -0.7244 -0.6828
vn -0.2122 -0.0000 -0.9772
vn -0.0223 0.7144 -0.6994
vn -0.0637 0.0000 -0.9980
vn -0.0223 -0.7144 -0.6994
vn -0.0637 -0.0000 -0.9980
vn 0.3015 0.9045 -0.3015
vn 0.3015 -0.9045 -0.3015
vn 0.7027 0.7114 0.0133
vn 0.7027 -0.7114 0.0133
vn 0.9993 -0.0000 0.0380
vn 0.9993 0.0000 0.0380
vn -0.2051 0.7281 0.6541
vn -0.0951 0.7243 0.6829
vn -0.2116 -0.0000 0.9773
vn -0.0951 -0.7243 0.6829
vn -0.2051 -0.7281 0.6541
vn -0.2116 0.0000 0.9773
vn -0.3264 0.7313 0.5989
vn -0.3844 -0.0000 0.9232
vn -0.3264 -0.7313 0.5989
vn -0.3844 0.0000 0.9232
vn -0.4456 0.7329 0.5141
vn -0.5674 -0.0000 0.8235
vn -0.4456 -0.7329 0.5141
vn -0.5674 0.0000 0.8235
vn -0.5471 0.7320 0.4061
vn -0.7346 0.0000 0.6785
vn -0.5471 -0.7320 0.4061
vn -0.6203 0.7291 0.2892
vn -0.8621 0.0000 0.5067
vn -0.6203 -0.7291 0.2892
vn -0.8621 -0.0000 0.5067
vn -0.6649 0.7254 0.1783
vn -0.9423 -0.0000 0.3347
vn -0.6649 -0.7254 0.1783
vn -0.9423 0.0000 0.3347
vn -0.6872 0.7218 0.0818
vn -0.9834 -0.0000 0.1816
vn -0.6872 -0.7218 0.0818
vn -0.9834 0.0000 0.1816
vn -0.6946 0.7194 0.0003
vn -0.9985 -0.0000 0.0543
vn -0.6946 -0.7194 0.0003
vn -0.9985 0.0000 0.0543
vn -0.6876 0.7216 -0.0806
vn -0.9986 -0.0000 -0.0534
vn -0.6876 -0.7216 -0.0806
vn -0.9986 0.0000 -0.0534
vn -0.6658 0.7251 -0.1757
vn -0.9839 -0.0000 -0.1789
vn -0.6658 -0.7251 -0.1757
vn -0.9839 0.0000 -0.1789
vn -0.6222 0.7289 -0.2856
vn -0.9440 0.0000 -0.3300
vn -0.6222 -0.7289 -0.2856
vn -0.5502 0.7319 -0.4021
vn -0.8656 -0.0000 -0.5007
vn -0.5502 -0.7319 -0.4021
vn -0.8656 0.0000 -0.5007
vn -0.4496 0.7329 -0.5106
vn -0.7400 0.0000 -0.6726
vn -0.4496 -0.7329 -0.5106
vn -0.7400 -0.0000 -0.6726
vn -0.3302 0.7315 -0.5965
vn -0.5735 0.0000 -0.8192
vn -0.3302 -0.7315 -0.5965
vn -0.5735 -0.0000 -0.8192
vn -0.2080 0.7283 -0.6529
vn -0.3897 0.0000 -0.9209
vn -0.2080 -0.7283 -0.6529
vn -0.3897 -0.0000 -0.9209
vn -0.0966 0.7246 -0.6824
vn -0.2149 0.0000 -0.9766
vn -0.0966 -0.7246 -0.6824
vn -0.2149 -0.0000 -0.9766
vn 0.0012 0.7223 -0.6916
vn -0.0646 0.0000 -0.9979
vn 0.0012 -0.7223 -0.6916
vn -0.0646 -0.0000 -0.9979
vn 0.1013 0.7255 -0.6807
vn 0.0679 0.0000 -0.9977
vn 0.1013 -0.7255 -0.6807
vn 0.0679 -0.0000 -0.9977
vn 0.2173 0.7293 -0.6488
vn 0.2255 0.0000 -0.9742
vn 0.2173 -0.7293 -0.6488
vn 0.2255 -0.0000 -0.9742
vn 0.3424 0.7322 -0.5888
vn 0.4066 0.0000 -0.9136
vn 0.3424 -0.7322 -0.5888
vn 0.4066 -0.0000 -0.9136
vn 0.4618 0.7331 -0.4993
vn 0.5930 0.0000 -0.8052
vn 0.4618 -0.7331 -0.4993
vn 0.5930 -0.0000 -0.8052
vn 0.5598 0.7315 -0.3893
vn 0.7566 0.0000 -0.6538
vn 0.5598 -0.7315 -0.3893
vn 0.7566 -0.0000 -0.6538
vn 0.6281 0.7281 -0.2744
vn 0.8763 0.0000 -0.4818
vn 0.6281 -0.7281 -0.2744
vn 0.8763 -0.0000 -0.4818
vn 0.6687 0.7243 -0.1679
vn 0.9490 0.0000 -0.3154
vn 0.6687 -0.7243 -0.1679
vn 0.9490 -0.0000 -0.3154
vn 0.6888 0.7209 -0.0767
vn 0.9854 0.0000 -0.1703
vn 0.6888 -0.7209 -0.0767
vn 0.9854 -0.0000 -0.1703
vn 0.6952 0.7188 0.0003
vn 0.9987 0.0000 -0.0508
vn 0.6952 -0.7188 0.0003
vn 0.9987 -0.0000 -0.0508
vn 0.6884 0.7211 0.0779
vn 0.9987 0.0000 0.0516
vn 0.6884 -0.7211 0.0779
vn 0.9987 -0.0000 0.0516
vn 0.6678 0.7246 0.1703
vn 0.9849 0.0000 0.1730
vn 0.6678 -0.7246 0.1703
vn 0.9849 -0.0000 0.1730
vn 0.6263 0.7284 0.2779
vn 0.9474 -0.0000 0.3199
vn 0.6263 -0.7284 0.2779
vn 0.9474 0.0000 0.3199
vn 0.5568 0.7316 0.3934
vn 0.8730 0.0000 0.4878
vn 0.5568 -0.7316 0.3934
vn 0.8730 -0.0000 0.4878
vn 0.4580 0.7330 0.5029
vn 0.7515 0.0000 0.6598
vn 0.4580 -0.7330 0.5029
vn 0.7515 -0.0000 0.6598
vn 0.3385 0.7320 0.5913
vn 0.5868 -0.0000 0.8097
vn 0.3385 -0.7320 0.5913
vn 0.2143 0.7290 0.6501
vn 0.4012 -0.0000 0.9160
vn 0.2143 -0.7290 0.6501
vn 0.4012 0.0000 0.9160
vn 0.0998 0.7252 0.6813
vn 0.2221 0.0000 0.9750
vn 0.0998 -0.7252 0.6813
vn 0.0011 0.7221 0.6918
vn 0.0668 -0.0000 0.9978
vn 0.0011 -0.7221 0.6918
vn -0.0636 -0.0000 0.9980
vn -0.0636 0.0000 0.9980
vn 0.0000 -1.0000 -0.0000
vn 0.0000 1.0000 -0.0000
# 975 vertex normals

o So_Soo
g So_Soo
s 1
f 1//1 2//2 3//3 
f 4//4 5//5 6//3 
s 3
f 7//6 1//1 8//7 
f 5//5 9//8 10//9 
s 2
f 11//10 7//6 12//11 
f 9//8 13//12 14//13 
f 15//14 11//10 16//15 
f 13//12 17//16 18//15 
f 19//17 15//14 20//18 
f 17//16 21//19 22//18 
f 23//20 19//17 24//21 
f 21//19 25//22 26//21 
f 27//23 23//20 28//24 
f 25//22 29//25 30//26 
f 31//27 27//23 32//28 
f 29//25 33//29 34//30 
f 35//31 31//27 36//32 
f 33//29 37//33 38//34 
f 39//35 35//31 40//36 
f 37//33 41//37 42//38 
f 43//39 39//35 44//40 
f 41//37 45//41 46//42 
f 47//43 43//39 48//44 
f 45//41 49//45 50//44 
f 51//46 47//43 52//47 
f 49//45 53//48 54//49 
f 55//50 51//46 56//51 
f 53//48 57//52 58//51 
f 59//53 55//50 60//54 
f 57//52 61//55 62//54 
f 63//56 59//53 64//57 
f 61//55 65//58 66//57 
f 67//59 63//56 68//60 
f 65//58 69//61 70//62 
f 71//63 67//59 72//64 
f 69//61 73//65 74//66 
f 75//67 71//63 76//68 
f 73//65 77//69 78//68 
f 79//70 75//67 80//71 
f 77//69 81//72 82//73 
f 83//74 79//70 84//75 
f 81//72 85//76 86//77 
f 87//78 83//74 88//79 
f 85//76 89//80 90//81 
f 91//82 87//78 92//83 
f 89//80 93//84 94//85 
f 95//86 91//82 96//87 
f 93//84 97//88 98//89 
f 99//90 95//86 100//91 
f 97//88 101//92 102//91 
f 103//93 99//90 104//94 
f 101//92 105//95 106//96 
f 107//97 103//93 108//98 
f 105//95 109//99 110//100 
f 111//101 107//97 112//102 
f 109//99 113//103 114//104 
f 115//105 111//101 116//106 
f 113//103 117//107 118//106 
f 119//108 115//105 120//109 
f 117//107 121//110 122//109 
f 123//111 119//108 124//112 
f 121//110 125//113 126//112 
f 127//114 123//111 128//115 
f 125//113 129//116 130//115 
f 131//117 127//114 132//118 
f 129//116 133//119 134//118 
f 135//120 131//117 136//121 
f 133//119 137//122 138//121 
f 139//123 135//120 140//124 
f 137//122 141//125 142//126 
s 4
f 143//127 139//123 144//128 
f 141//125 145//129 146//128 
s 2
f 147//130 143//127 148//131 
f 145//129 149//132 150//131 
s 4
f 151//133 147//130 152//128 
f 149//132 153//134 154//128 
s 2
f 155//135 151//133 156//136 
f 153//134 157//137 158//136 
s 4
f 159//138 155//135 160//139 
f 157//137 161//140 162//139 
f 163//141 159//138 164//142 
f 161//140 165//143 166//144 
f 167//145 163//141 168//146 
f 165//143 169//147 170//148 
f 171//149 167//145 172//150 
f 169//147 173//151 174//152 
f 175//153 171//149 176//154 
f 173//151 177//155 178//156 
f 179//157 175//153 180//158 
f 177//155 181//159 182//160 
f 183//161 179//157 184//162 
f 181//159 185//163 186//164 
f 187//165 183//161 188//166 
f 185//163 189//167 190//168 
f 191//169 187//165 192//170 
f 189//167 193//171 194//172 
s 2
f 195//173 191//169 196//174 
f 193//171 197//175 198//174 
s 4
f 199//176 195//173 200//177 
f 197//175 201//178 202//179 
f 203//180 199//176 204//181 
f 201//178 205//182 206//183 
f 207//184 203//180 208//185 
f 205//182 209//186 210//187 
f 211//188 207//184 212//189 
f 209//186 213//190 214//191 
f 215//192 211//188 216//193 
f 213//190 217//194 218//195 
f 219//196 215//192 220//197 
f 217//194 221//198 222//199 
f 223//200 219//196 224//201 
f 221//198 225//202 226//203 
f 227//204 223//200 228//205 
f 225//202 229//206 230//207 
f 231//208 227//204 232//209 
f 229//206 233//210 234//209 
s 2
f 235//211 231//208 236//212 
f 233//210 237//213 238//214 
f 239//215 235//211 240//216 
f 237//213 241//217 242//218 
f 243//219 239//215 244//220 
f 241//217 245//221 246//222 
f 247//223 243//219 248//224 
f 245//221 249//225 250//224 
f 251//226 247//223 252//227 
f 249//225 253//228 254//227 
f 255//229 251//226 256//230 
f 253//228 257//231 258//232 
f 259//233 255//229 260//234 
f 257//231 261//235 262//236 
f 263//237 259//233 264//238 
f 261//235 265//239 266//240 
f 267//241 263//237 268//242 
f 265//239 269//243 270//244 
s 4
f 271//245 267//241 272//246 
f 269//243 273//247 274//248 
s 2
f 275//249 271//245 276//250 
f 273//247 277//251 278//252 
f 279//253 275//249 280//254 
f 277//251 281//255 282//256 
f 283//257 279//253 284//258 
f 281//255 285//259 286//260 
f 287//261 283//257 288//262 
f 285//259 289//263 290//264 
f 291//265 287//261 292//266 
f 289//263 293//267 294//268 
f 295//269 291//265 296//270 
f 293//267 297//271 298//272 
f 299//273 295//269 300//274 
f 297//271 301//275 302//276 
f 303//277 299//273 304//278 
f 301//275 305//279 306//280 
f 307//281 303//277 308//282 
f 305//279 309//283 310//284 
s 4
f 311//285 307//281 312//286 
f 309//283 313//287 314//288 
f 315//289 311//285 316//290 
f 313//287 317//291 318//290 
f 319//292 315//289 320//293 
f 317//291 321//294 322//295 
f 323//296 319//292 324//297 
f 321//294 325//298 326//299 
f 327//300 323//296 328//301 
f 325//298 329//302 330//303 
f 331//304 327//300 332//305 
f 329//302 333//306 334//307 
f 335//308 331//304 336//309 
f 333//306 337//310 338//311 
f 339//312 335//308 340//313 
f 337//310 341//314 342//315 
f 343//316 339//312 344//317 
f 341//314 345//318 346//319 
f 347//320 343//316 348//321 
f 345//318 349//322 350//321 
f 351//323 347//320 352//324 
f 349//322 353//325 354//324 
f 355//326 351//323 356//327 
f 353//325 357//328 358//329 
f 359//330 355//326 360//331 
f 357//328 361//332 362//333 
f 363//334 359//330 364//335 
f 361//332 365//336 366//337 
f 367//338 363//334 368//339 
f 365//336 369//340 370//341 
f 371//342 367//338 372//343 
f 369//340 373//344 374//343 
f 375//345 371//342 376//346 
f 373//344 377//347 378//348 
f 379//349 375//345 380//350 
f 377//347 381//351 382//352 
s 2
f 383//353 379//349 384//354 
f 381//351 385//355 386//356 
f 387//357 383//353 388//358 
f 385//355 389//359 390//358 
f 391//360 387//357 392//361 
f 389//359 393//362 394//363 
f 395//364 391//360 396//365 
f 393//362 397//366 398//367 
f 399//368 395//364 400//369 
f 397//366 401//370 402//371 
f 403//372 399//368 404//373 
f 401//370 405//374 406//375 
f 407//376 403//372 408//377 
f 405//374 409//378 410//377 
f 411//379 407//376 412//380 
f 409//378 413//381 414//380 
f 415//382 411//379 416//383 
f 413//381 417//384 418//383 
f 419//385 415//382 420//386 
f 417//384 421//387 422//388 
f 423//389 419//385 424//390 
f 421//387 425//391 426//392 
f 427//393 423//389 428//394 
f 425//391 429//395 430//396 
f 431//397 427//393 432//398 
f 429//395 433//399 434//400 
f 435//401 431//397 436//402 
f 433//399 437//403 438//404 
f 439//405 435//401 440//406 
f 437//403 441//407 442//408 
f 443//409 439//405 444//410 
f 441//407 445//411 446//412 
f 447//413 443//409 448//414 
f 445//411 449//415 450//414 
f 451//416 447//413 452//417 
f 449//415 453//418 454//419 
f 455//420 451//416 456//421 
f 453//418 457//422 458//423 
f 459//424 455//420 460//425 
f 457//422 461//426 462//425 
f 463//427 459//424 464//428 
f 461//426 465//429 466//430 
f 467//431 463//427 468//432 
f 465//429 469//433 470//432 
f 471//434 467//431 472//435 
f 469//433 473//436 474//437 
f 475//438 471//434 476//439 
f 473//436 477//440 478//441 
f 479//442 475//438 480//443 
f 477//440 481//444 482//445 
f 483//446 479//442 484//447 
f 481//444 485//448 486//447 
f 487//449 483//446 488//450 
f 485//448 489//451 490//452 
f 491//453 487//449 492//454 
f 489//451 493//455 494//456 
f 495//457 491//453 496//458 
f 493//455 497//459 498//460 
f 499//461 495//457 500//462 
f 497//459 501//463 502//464 
f 503//465 499//461 504//466 
f 501//463 505//467 506//466 
f 507//468 503//465 508//469 
f 505//467 509//470 510//471 
f 511//472 507//468 512//473 
f 509//470 513//474 514//475 
f 515//476 511//472 516//477 
f 513//474 517//478 518//479 
f 519//480 515//476 520//481 
f 517//478 521//482 522//483 
f 523//484 519//480 524//485 
f 521//482 525//486 526//487 
f 527//488 523//484 528//489 
f 525//486 529//490 530//491 
f 531//492 527//488 532//493 
f 529//490 533//494 534//495 
f 535//496 531//492 536//497 
f 533//494 537//498 538//499 
f 539//500 535//496 540//501 
f 537//498 541//502 542//503 
f 543//504 539//500 544//505 
f 541//502 545//506 546//507 
f 547//508 543//504 548//509 
f 545//506 549//510 550//509 
f 551//511 547//508 552//512 
f 549//510 553//513 554//514 
f 555//515 551//511 556//516 
f 553//513 557//517 558//516 
f 559//518 555//515 560//519 
f 557//517 561//520 562//521 
f 563//522 559//518 564//523 
f 561//520 565//524 566//525 
f 567//526 563//522 568//527 
f 565//524 569//528 570//529 
f 571//530 567//526 572//531 
f 569//528 573//532 574//533 
f 575//534 571//530 576//535 
f 573//532 577//536 578//537 
f 579//538 575//534 580//539 
f 577//536 581//540 582//539 
f 583//541 579//538 584//542 
f 581//540 585//543 586//544 
f 587//545 583//541 588//546 
f 585//543 589//547 590//546 
f 591//548 587//545 592//549 
f 589//547 593//550 594//551 
f 595//552 591//548 596//553 
f 593//550 597//554 598//555 
s 4
f 599//556 595//552 600//557 
f 597//554 601//558 602//559 
f 603//560 599//556 604//561 
f 601//558 605//562 606//563 
f 607//564 603//560 608//565 
f 605//562 609//566 610//567 
f 611//568 607//564 612//569 
f 609//566 613//570 614//569 
f 615//571 611//568 616//572 
f 613//570 617//573 618//572 
f 619//574 615//571 620//575 
f 617//573 621//576 622//575 
f 623//577 619//574 624//578 
f 621//576 625//579 626//578 
f 627//580 623//577 628//581 
f 625//579 629//582 630//583 
f 631//584 627//580 632//585 
f 629//582 633//586 634//587 
f 635//588 631//584 636//589 
f 633//586 637//590 638//589 
f 639//591 635//588 640//592 
f 637//590 641//593 642//594 
f 643//595 639//591 644//596 
f 641//593 645//597 646//598 
f 647//599 643//595 648//600 
f 645//597 649//601 650//602 
f 651//603 647//599 652//604 
f 649//601 653//605 654//606 
f 655//607 651//603 656//608 
f 653//605 657//609 658//610 
f 659//611 655//607 660//612 
f 657//609 661//613 662//614 
f 663//615 659//611 664//616 
f 661//613 665//617 666//618 
f 667//619 663//615 668//620 
f 665//617 669//621 670//622 
f 671//623 667//619 672//624 
f 669//621 673//625 674//626 
f 675//627 671//623 676//628 
f 673//625 677//629 678//628 
f 679//630 675//627 680//631 
f 677//629 681//632 682//631 
f 683//633 679//630 684//634 
f 681//632 685//635 686//636 
f 687//637 683//633 688//638 
f 685//635 689//639 690//638 
f 691//640 687//637 692//641 
f 689//639 693//642 694//643 
f 695//644 691//640 696//645 
f 693//642 697//646 698//645 
f 699//647 695//644 700//648 
f 697//646 701//649 702//648 
f 703//650 699//647 704//651 
f 701//649 705//652 706//653 
s 3
f 2//2 703//650 707//654 
f 705//652 4//4 708//655 
s 1
f 709//656 710//657 711//658 
f 712//659 713//660 714//661 
s 3
f 715//662 709//656 716//663 
f 713//660 717//664 718//665 
s 2
f 719//666 715//662 720//667 
f 717//664 721//668 722//667 
f 723//669 719//666 724//670 
f 721//668 725//671 726//670 
f 727//672 723//669 728//673 
f 725//671 729//674 730//675 
f 731//676 727//672 732//677 
f 729//674 733//678 734//679 
f 735//680 731//676 736//681 
f 733//678 737//682 738//683 
f 739//684 735//680 740//685 
f 737//682 741//686 742//687 
f 743//688 739//684 744//689 
f 741//686 745//690 746//691 
f 747//692 743//688 748//693 
f 745//690 749//694 750//695 
f 751//696 747//692 752//697 
f 749//694 753//698 754//699 
f 755//700 751//696 756//701 
f 753//698 757//702 758//703 
f 759//704 755//700 760//705 
f 757//702 761//706 762//707 
f 763//708 759//704 764//709 
f 761//706 765//710 766//711 
f 767//712 763//708 768//713 
f 765//710 769//714 770//715 
f 771//716 767//712 772//717 
f 769//714 773//718 774//719 
f 775//720 771//716 776//721 
f 773//718 777//722 778//721 
s 4
f 779//723 775//720 780//724 
f 777//722 781//725 782//726 
f 783//727 779//723 784//728 
f 781//725 785//729 786//728 
f 787//730 783//727 788//731 
f 785//729 789//732 790//731 
f 791//733 787//730 792//734 
f 789//732 793//735 794//736 
f 795//737 791//733 796//738 
f 793//735 797//739 798//740 
f 799//741 795//737 800//742 
f 797//739 801//743 802//744 
f 803//745 799//741 804//746 
f 801//743 805//747 806//748 
f 807//749 803//745 808//750 
f 805//747 809//751 810//752 
f 811//753 807//749 812//754 
f 809//751 813//755 814//756 
f 815//757 811//753 816//758 
f 813//755 817//759 818//760 
f 819//761 815//757 820//762 
f 817//759 821//763 822//764 
f 823//765 819//761 824//766 
f 821//763 825//767 826//768 
f 827//769 823//765 828//770 
f 825//767 829//771 830//772 
f 831//773 827//769 832//774 
f 829//771 833//775 834//774 
f 835//776 831//773 836//777 
f 833//775 837//778 838//779 
f 839//780 835//776 840//781 
f 837//778 841//782 842//783 
f 843//784 839//780 844//785 
f 841//782 845//786 846//787 
f 847//788 843//784 848//789 
f 845//786 849//790 850//791 
s 2
f 851//792 847//788 852//128 
f 849//790 853//793 854//128 
s 4
f 855//794 851//792 856//795 
f 853//793 857//796 858//797 
f 859//798 855//794 860//799 
f 857//796 861//800 862//801 
f 863//802 859//798 864//803 
f 861//800 865//804 866//805 
f 867//806 863//802 868//807 
f 865//804 869//808 870//807 
f 871//809 867//806 872//810 
f 869//808 873//811 874//812 
f 875//813 871//809 876//814 
f 873//811 877//815 878//816 
f 879//817 875//813 880//818 
f 877//815 881//819 882//820 
f 883//821 879//817 884//822 
f 881//819 885//823 886//824 
f 887//825 883//821 888//826 
f 885//823 889//827 890//828 
s 2
f 891//829 887//825 892//131 
f 889//827 893//830 894//131 
s 4
f 895//831 891//829 896//174 
f 893//830 897//832 898//174 
s 3
f 710//657 895//831 899//833 
f 897//832 712//659 900//834 
s 1
f 901//835 902//836 903//837 
f 904//838 905//839 906//840 
s 3
f 907//841 901//835 908//842 
f 905//839 909//843 910//844 
s 2
f 911//845 907//841 912//846 
f 909//843 913//847 914//848 
f 915//849 911//845 916//850 
f 913//847 917//851 918//850 
f 919//852 915//849 920//853 
f 917//851 921//854 922//855 
f 923//856 919//852 924//857 
f 921//854 925//858 926//859 
f 927//860 923//856 928//861 
f 925//858 929//862 930//863 
f 931//864 927//860 932//865 
f 929//862 933//866 934//867 
f 935//868 931//864 936//869 
f 933//866 937//870 938//871 
f 939//872 935//868 940//873 
f 937//870 941//874 942//875 
f 943//876 939//872 944//877 
f 941//874 945//878 946//877 
f 947//879 943//876 948//880 
f 945//878 949//881 950//882 
f 951//883 947//879 952//884 
f 949//881 953//885 954//886 
f 955//887 951//883 956//888 
f 953//885 957//889 958//890 
f 959//891 955//887 960//892 
f 957//889 961//893 962//894 
f 963//895 959//891 964//896 
f 961//893 965//897 966//898 
f 967//899 963//895 968//900 
f 965//897 969//901 970//902 
f 971//903 967//899 972//904 
f 969//901 973//905 974//906 
f 975//907 971//903 976//908 
f 973//905 977//909 978//910 
f 979//911 975//907 980//912 
f 977//909 981//913 982//914 
f 983//915 979//911 984//916 
f 981//913 985//917 986//918 
f 987//919 983//915 988//920 
f 985//917 989//921 990//922 
f 991//923 987//919 992//924 
f 989//921 993//925 994//926 
f 995//927 991//923 996//928 
f 993//925 997//929 998//930 
f 999//931 995//927 1000//932 
f 997//929 1001//933 1002//934 
f 1003//935 999//931 1004//936 
f 1001//933 1005//937 1006//938 
f 1007//939 1003//935 1008//940 
f 1005//937 1009//941 1010//942 
f 1011//943 1007//939 1012//944 
f 1009//941 1013//945 1014//946 
f 1015//947 1011//943 1016//948 
f 1013//945 1017//949 1018//950 
f 1019//951 1015//947 1020//952 
f 1017//949 1021//953 1022//954 
f 1023//955 1019//951 1024//956 
f 1021//953 1025//957 1026//958 
f 1027//959 1023//955 1028//960 
f 1025//957 1029//961 1030//960 
f 1031//962 1027//959 1032//963 
f 1029//961 1033//964 1034//965 
f 1035//966 1031//962 1036//967 
f 1033//964 1037//968 1038//967 
f 1039//969 1035//966 1040//970 
f 1037//968 1041//971 1042//970 
s 3
f 902//836 1039//969 1043//972 
f 1041//971 904//838 1044//973 
s 16
f 781//725 777//722 1045//974 
f 785//729 781//725 1046//974 
f 789//732 785//729 1047//974 
f 793//735 789//732 1048//974 
f 793//735 1048//974 309//283 1049//974 
f 797//739 793//735 1050//974 
f 801//743 797//739 1051//974 
f 801//743 1051//974 305//279 1052//974 
f 277//251 273//247 1053//974 
f 281//255 277//251 1054//974 
f 281//255 1054//974 269//243 1055//974 
f 285//259 281//255 1056//974 
f 285//259 1056//974 265//239 1057//974 
f 285//259 1057//974 261//235 1058//974 
f 289//263 285//259 1059//974 
f 289//263 1059//974 257//231 1060//974 
f 289//263 1060//974 253//228 1061//974 
f 293//267 289//263 1062//974 
f 293//267 1062//974 249//225 1063//974 
f 293//267 1063//974 245//221 1064//974 
f 297//271 293//267 1065//974 
f 297//271 1065//974 241//217 1066//974 
f 297//271 1066//974 237//213 1067//974 
f 301//275 297//271 1068//974 
f 801//743 1052//974 301//275 1069//974 
f 805//747 801//743 1070//974 
f 809//751 805//747 1071//974 
f 813//755 809//751 1072//974 
f 817//759 813//755 1073//974 
f 817//759 1073//974 233//210 1074//974 
f 821//763 817//759 1075//974 
f 821//763 1075//974 229//206 1076//974 
f 825//767 821//763 1077//974 
f 825//767 1077//974 225//202 1078//974 
f 829//771 825//767 1079//974 
f 829//771 1079//974 221//198 1080//974 
f 833//775 829//771 1081//974 
f 833//775 1081//974 217//194 1082//974 
f 837//778 833//775 1083//974 
f 837//778 1083//974 213//190 1084//974 
f 841//782 837//778 1085//974 
f 845//786 841//782 1086//974 
f 845//786 1086//974 209//186 1087//974 
f 849//790 845//786 1088//974 
f 849//790 1088//974 205//182 1089//974 
f 849//790 1089//974 201//178 1090//974 
f 853//793 849//790 1091//974 
f 853//793 1091//974 197//175 1092//974 
f 857//796 853//793 1093//974 
f 857//796 1093//974 193//171 1094//974 
f 861//800 857//796 1095//974 
f 861//800 1095//974 189//167 1096//974 
f 865//804 861//800 1097//974 
f 865//804 1097//974 185//163 1098//974 
f 865//804 1098//974 181//159 1099//974 
f 869//808 865//804 1100//974 
f 869//808 1100//974 177//155 1101//974 
f 869//808 1101//974 173//151 1102//974 
f 873//811 869//808 1103//974 
f 873//811 1103//974 169//147 1104//974 
f 873//811 1104//974 165//143 1105//974 
f 877//815 873//811 1106//974 
f 881//819 877//815 1107//974 
f 881//819 1107//974 161//140 1108//974 
f 885//823 881//819 1109//974 
f 889//827 885//823 1110//974 
f 893//830 889//827 1111//974 
f 157//137 153//134 1112//974 
f 157//137 1112//974 149//132 1113//974 
f 893//830 1111//974 157//137 1114//974 
f 893//830 1114//974 145//129 1115//974 
f 893//830 1115//974 141//125 1116//974 
f 897//832 893//830 1117//974 
f 897//832 1117//974 137//122 1118//974 
f 897//832 1118//974 133//119 1119//974 
f 712//659 897//832 1120//974 
f 712//659 1120//974 129//116 1121//974 
f 713//660 712//659 1122//974 
f 713//660 1122//974 125//113 1123//974 
f 717//664 713//660 1124//974 
f 717//664 1124//974 121//110 1125//974 
f 721//668 717//664 1126//974 
f 721//668 1126//974 117//107 1127//974 
f 725//671 721//668 1128//974 
f 725//671 1128//974 113//103 1129//974 
f 729//674 725//671 1130//974 
f 729//674 1130//974 109//99 1131//974 
f 733//678 729//674 1132//974 
f 733//678 1132//974 105//95 1133//974 
f 737//682 733//678 1134//974 
f 737//682 1134//974 101//92 1135//974 
f 741//686 737//682 1136//974 
f 741//686 1136//974 97//88 1137//974 
f 741//686 1137//974 93//84 1138//974 
f 741//686 1138//974 89//80 1139//974 
f 741//686 1139//974 85//76 1140//974 
f 741//686 1140//974 81//72 1141//974 
f 741//686 1141//974 77//69 1142//974 
f 741//686 1142//974 73//65 1143//974 
f 4//4 705//652 1144//974 
f 4//4 1144//974 701//649 1145//974 
f 4//4 1145//974 697//646 1146//974 
f 5//5 4//4 1147//974 
f 5//5 1147//974 693//642 1148//974 
f 5//5 1148//974 689//639 1149//974 
f 9//8 5//5 1150//974 
f 9//8 1150//974 685//635 1151//974 
f 13//12 9//8 1152//974 
f 13//12 1152//974 681//632 1153//974 
f 17//16 13//12 1154//974 
f 21//19 17//16 1155//974 
f 453//418 1156//974 1037//968 1157//974 
f 453//418 1157//974 1033//964 1158//974 
f 453//418 1158//974 1029//961 1159//974 
f 453//418 1159//974 1025//957 1160//974 
f 453//418 1160//974 1021//953 1161//974 
f 453//418 1161//974 1017//949 1162//974 
f 453//418 1162//974 1013//945 1163//974 
f 453//418 1163//974 1009//941 1164//974 
f 457//422 453//418 1165//974 
f 461//426 457//422 1166//974 
f 465//429 461//426 1167//974 
f 469//433 465//429 1168//974 
f 473//436 469//433 1169//974 
f 477//440 473//436 1170//974 
f 481//444 477//440 1171//974 
f 485//448 481//444 1172//974 
f 489//451 485//448 1173//974 
f 493//455 489//451 1174//974 
f 497//459 493//455 1175//974 
f 497//459 1175//974 1005//937 1176//974 
f 501//463 497//459 1177//974 
f 501//463 1177//974 1001//933 1178//974 
f 501//463 1178//974 997//929 1179//974 
f 505//467 501//463 1180//974 
f 505//467 1180//974 993//925 1181//974 
f 509//470 505//467 1182//974 
f 509//470 1182//974 989//921 1183//974 
f 513//474 509//470 1184//974 
f 513//474 1184//974 985//917 1185//974 
f 517//478 513//474 1186//974 
f 517//478 1186//974 981//913 1187//974 
f 521//482 517//478 1188//974 
f 521//482 1188//974 977//909 1189//974 
f 525//486 521//482 1190//974 
f 525//486 1190//974 973//905 1191//974 
f 529//490 525//486 1192//974 
f 529//490 1192//974 969//901 1193//974 
f 529//490 1193//974 965//897 1194//974 
f 533//494 529//490 1195//974 
f 533//494 1195//974 961//893 1196//974 
f 537//498 533//494 1197//974 
f 541//502 537//498 1198//974 
f 541//502 1198//974 957//889 1199//974 
f 545//506 541//502 1200//974 
f 545//506 1200//974 953//885 1201//974 
f 549//510 545//506 1202//974 
f 549//510 1202//974 949//881 1203//974 
f 553//513 549//510 1204//974 
f 553//513 1204//974 945//878 1205//974 
f 557//517 553//513 1206//974 
f 557//517 1206//974 941//874 1207//974 
f 561//520 557//517 1208//974 
f 561//520 1208//974 937//870 1209//974 
f 565//524 561//520 1210//974 
f 565//524 1210//974 933//866 1211//974 
f 565//524 1211//974 929//862 1212//974 
f 569//528 565//524 1213//974 
f 569//528 1213//974 925//858 1214//974 
f 573//532 569//528 1215//974 
f 577//536 573//532 1216//974 
f 577//536 1216//974 921//854 1217//974 
f 581//540 577//536 1218//974 
f 581//540 1218//974 917//851 1219//974 
f 585//543 581//540 1220//974 
f 585//543 1220//974 913//847 1221//974 
f 589//547 585//543 1222//974 
f 589//547 1222//974 909//843 1223//974 
f 593//550 589//547 1224//974 
f 593//550 1224//974 905//839 1225//974 
f 597//554 593//550 1226//974 
f 597//554 1226//974 904//838 1227//974 
f 597//554 1227//974 1041//971 1228//974 
f 597//554 1228//974 1037//968 1156//974 
f 601//558 597//554 1229//974 
f 605//562 601//558 1230//974 
f 609//566 605//562 1231//974 
f 609//566 1231//974 453//418 1232//974 
f 613//570 609//566 1233//974 
f 613//570 1233//974 449//415 1234//974 
f 617//573 613//570 1235//974 
f 617//573 1235//974 445//411 1236//974 
f 617//573 1236//974 441//407 1237//974 
f 621//576 617//573 1238//974 
f 621//576 1238//974 437//403 1239//974 
f 621//576 1239//974 433//399 1240//974 
f 625//579 621//576 1241//974 
f 625//579 1241//974 429//395 1242//974 
f 629//582 625//579 1243//974 
f 629//582 1243//974 425//391 1244//974 
f 629//582 1244//974 421//387 1245//974 
f 633//586 629//582 1246//974 
f 633//586 1246//974 417//384 1247//974 
f 637//590 633//586 1248//974 
f 637//590 1248//974 413//381 1249//974 
f 641//593 637//590 1250//974 
f 641//593 1250//974 409//378 1251//974 
f 641//593 1251//974 405//374 1252//974 
f 645//597 641//593 1253//974 
f 645//597 1253//974 401//370 1254//974 
f 649//601 645//597 1255//974 
f 649//601 1255//974 397//366 1256//974 
f 653//605 649//601 1257//974 
f 653//605 1257//974 393//362 1258//974 
f 657//609 653//605 1259//974 
f 657//609 1259//974 389//359 1260//974 
f 661//613 657//609 1261//974 
f 661//613 1261//974 385//355 1262//974 
f 665//617 661//613 1263//974 
f 669//621 665//617 1264//974 
f 673//625 669//621 1265//974 
f 677//629 673//625 1266//974 
f 21//19 1155//974 677//629 1267//974 
f 25//22 21//19 1268//974 
f 25//22 1268//974 381//351 1269//974 
f 29//25 25//22 1270//974 
f 29//25 1270//974 377//347 1271//974 
f 33//29 29//25 1272//974 
f 33//29 1272//974 373//344 1273//974 
f 33//29 1273//974 369//340 1274//974 
f 37//33 33//29 1275//974 
f 37//33 1275//974 365//336 1276//974 
f 37//33 1276//974 361//332 1277//974 
f 37//33 1277//974 357//328 1278//974 
f 37//33 1278//974 353//325 1279//974 
f 37//33 1279//974 349//322 1280//974 
f 41//37 37//33 1281//974 
f 41//37 1281//974 345//318 1282//974 
f 41//37 1282//974 341//314 1283//974 
f 41//37 1283//974 337//310 1284//974 
f 41//37 1284//974 333//306 1285//974 
f 45//41 41//37 1286//974 
f 45//41 1286//974 329//302 1287//974 
f 45//41 1287//974 325//298 1288//974 
f 49//45 45//41 1289//974 
f 49//45 1289//974 321//294 1290//974 
f 53//48 49//45 1291//974 
f 53//48 1291//974 317//291 1292//974 
f 57//52 53//48 1293//974 
f 61//55 57//52 1294//974 
f 61//55 1294//974 313//287 1295//974 
f 65//58 61//55 1296//974 
f 69//61 65//58 1297//974 
f 69//61 1297//974 309//283 1298//974 
f 69//61 1298//974 777//722 1299//974 
f 69//61 1299//974 773//718 1300//974 
f 69//61 1300//974 769//714 1301//974 
f 69//61 1301//974 765//710 1302//974 
f 69//61 1302//974 761//706 1303//974 
f 69//61 1303//974 757//702 1304//974 
f 69//61 1304//974 753//698 1305//974 
f 69//61 1305//974 749//694 1306//974 
f 741//686 1143//974 69//61 1307//974 
f 1031//962 1035//966 1308//975 
f 1027//959 1031//962 1309//975 
f 1023//955 1027//959 1310//975 
f 1019//951 1023//955 1311//975 
f 1015//947 1019//951 1312//975 
f 1011//943 1015//947 1313//975 
f 1007//939 1011//943 1314//975 
f 1003//935 1007//939 1315//975 
f 1003//935 1315//975 451//416 1316//975 
f 1003//935 1316//975 455//420 1317//975 
f 1003//935 1317//975 459//424 1318//975 
f 1003//935 1318//975 463//427 1319//975 
f 1003//935 1319//975 467//431 1320//975 
f 1003//935 1320//975 471//434 1321//975 
f 1003//935 1321//975 475//438 1322//975 
f 1003//935 1322//975 479//442 1323//975 
f 1003//935 1323//975 483//446 1324//975 
f 1003//935 1324//975 487//449 1325//975 
f 1003//935 1325//975 491//453 1326//975 
f 999//931 1003//935 1327//975 
f 999//931 1327//975 495//457 1328//975 
f 995//927 999//931 1329//975 
f 991//923 995//927 1330//975 
f 991//923 1330//975 499//461 1331//975 
f 987//919 991//923 1332//975 
f 987//919 1332//975 503//465 1333//975 
f 983//915 987//919 1334//975 
f 983//915 1334//975 507//468 1335//975 
f 979//911 983//915 1336//975 
f 979//911 1336//975 511//472 1337//975 
f 975//907 979//911 1338//975 
f 975//907 1338//975 515//476 1339//975 
f 971//903 975//907 1340//975 
f 971//903 1340//975 519//480 1341//975 
f 967//899 971//903 1342//975 
f 967//899 1342//975 523//484 1343//975 
f 963//895 967//899 1344//975 
f 959//891 963//895 1345//975 
f 959//891 1345//975 527//488 1346//975 
f 955//887 959//891 1347//975 
f 955//887 1347//975 531//492 1348//975 
f 955//887 1348//975 535//496 1349//975 
f 951//883 955//887 1350//975 
f 951//883 1350//975 539//500 1351//975 
f 947//879 951//883 1352//975 
f 947//879 1352//975 543//504 1353//975 
f 943//876 947//879 1354//975 
f 943//876 1354//975 547//508 1355//975 
f 939//872 943//876 1356//975 
f 939//872 1356//975 551//511 1357//975 
f 935//868 939//872 1358//975 
f 935//868 1358//975 555//515 1359//975 
f 931//864 935//868 1360//975 
f 931//864 1360//975 559//518 1361//975 
f 927//860 931//864 1362//975 
f 923//856 927//860 1363//975 
f 923//856 1363//975 563//522 1364//975 
f 919//852 923//856 1365//975 
f 919//852 1365//975 567//526 1366//975 
f 919//852 1366//975 571//530 1367//975 
f 915//849 919//852 1368//975 
f 915//849 1368//975 575//534 1369//975 
f 911//845 915//849 1370//975 
f 911//845 1370//975 579//538 1371//975 
f 907//841 911//845 1372//975 
f 907//841 1372//975 583//541 1373//975 
f 901//835 907//841 1374//975 
f 901//835 1374//975 587//545 1375//975 
f 902//836 901//835 1376//975 
f 902//836 1376//975 591//548 1377//975 
f 1039//969 902//836 1378//975 
f 1035//966 1039//969 1379//975 
f 451//416 1308//975 1035//966 1380//975 
f 451//416 1380//975 595//552 1381//975 
f 451//416 1381//975 599//556 1382//975 
f 451//416 1382//975 603//560 1383//975 
f 447//413 451//416 1384//975 
f 447//413 1384//975 607//564 1385//975 
f 443//409 447//413 1386//975 
f 443//409 1386//975 611//568 1387//975 
f 439//405 443//409 1388//975 
f 435//401 439//405 1389//975 
f 435//401 1389//975 615//571 1390//975 
f 431//397 435//401 1391//975 
f 427//393 431//397 1392//975 
f 427//393 1392//975 619//574 1393//975 
f 423//389 427//393 1394//975 
f 423//389 1394//975 623//577 1395//975 
f 419//385 423//389 1396//975 
f 415//382 419//385 1397//975 
f 415//382 1397//975 627//580 1398//975 
f 411//379 415//382 1399//975 
f 411//379 1399//975 631//584 1400//975 
f 407//376 411//379 1401//975 
f 407//376 1401//975 635//588 1402//975 
f 403//372 407//376 1403//975 
f 399//368 403//372 1404//975 
f 399//368 1404//975 639//591 1405//975 
f 395//364 399//368 1406//975 
f 395//364 1406//975 643//595 1407//975 
f 391//360 395//364 1408//975 
f 391//360 1408//975 647//599 1409//975 
f 387//357 391//360 1410//975 
f 387//357 1410//975 651//603 1411//975 
f 383//353 387//357 1412//975 
f 383//353 1412//975 655//607 1413//975 
f 379//349 383//353 1414//975 
f 379//349 1414//975 659//611 1415//975 
f 379//349 1415//975 663//615 1416//975 
f 379//349 1416//975 667//619 1417//975 
f 379//349 1417//975 671//623 1418//975 
f 699//647 703//650 1419//975 
f 695//644 699//647 1420//975 
f 691//640 695//644 1421//975 
f 691//640 1421//975 2//2 1422//975 
f 687//637 691//640 1423//975 
f 683//633 687//637 1424//975 
f 683//633 1424//975 1//1 1425//975 
f 679//630 683//633 1426//975 
f 679//630 1426//975 7//6 1427//975 
f 675//627 679//630 1428//975 
f 675//627 1428//975 11//10 1429//975 
f 675//627 1429//975 15//14 1430//975 
f 379//349 1418//975 675//627 1431//975 
f 379//349 1431//975 19//17 1432//975 
f 375//345 379//349 1433//975 
f 375//345 1433//975 23//20 1434//975 
f 371//342 375//345 1435//975 
f 371//342 1435//975 27//23 1436//975 
f 367//338 371//342 1437//975 
f 363//334 367//338 1438//975 
f 363//334 1438//975 31//27 1439//975 
f 359//330 363//334 1440//975 
f 355//326 359//330 1441//975 
f 351//323 355//326 1442//975 
f 347//320 351//323 1443//975 
f 343//316 347//320 1444//975 
f 343//316 1444//975 35//31 1445//975 
f 339//312 343//316 1446//975 
f 335//308 339//312 1447//975 
f 331//304 335//308 1448//975 
f 327//300 331//304 1449//975 
f 327//300 1449//975 39//35 1450//975 
f 323//296 327//300 1451//975 
f 319//292 323//296 1452//975 
f 319//292 1452//975 43//39 1453//975 
f 315//289 319//292 1454//975 
f 315//289 1454//975 47//43 1455//975 
f 311//285 315//289 1456//975 
f 311//285 1456//975 51//46 1457//975 
f 311//285 1457//975 55//50 1458//975 
f 307//281 311//285 1459//975 
f 307//281 1459//975 59//53 1460//975 
f 307//281 1460//975 63//56 1461//975 
f 775//720 1462//975 307//281 1463//975 
f 771//716 775//720 1464//975 
f 767//712 771//716 1465//975 
f 763//708 767//712 1466//975 
f 759//704 763//708 1467//975 
f 755//700 759//704 1468//975 
f 751//696 755//700 1469//975 
f 747//692 751//696 1470//975 
f 743//688 747//692 1471//975 
f 739//684 743//688 1472//975 
f 739//684 1472//975 67//59 1473//975 
f 739//684 1473//975 71//63 1474//975 
f 739//684 1474//975 75//67 1475//975 
f 739//684 1475//975 79//70 1476//975 
f 739//684 1476//975 83//74 1477//975 
f 739//684 1477//975 87//78 1478//975 
f 739//684 1478//975 91//82 1479//975 
f 147//130 151//133 1480//975 
f 143//127 147//130 1481//975 
f 267//241 271//245 1482//975 
f 267//241 1482//975 275//249 1483//975 
f 263//237 267//241 1484//975 
f 263//237 1484//975 279//253 1485//975 
f 259//233 263//237 1486//975 
f 255//229 259//233 1487//975 
f 255//229 1487//975 283//257 1488//975 
f 251//226 255//229 1489//975 
f 247//223 251//226 1490//975 
f 247//223 1490//975 287//261 1491//975 
f 243//219 247//223 1492//975 
f 239//215 243//219 1493//975 
f 239//215 1493//975 291//265 1494//975 
f 235//211 239//215 1495//975 
f 231//208 235//211 1496//975 
f 231//208 1496//975 295//269 1497//975 
f 307//281 1462//975 779//723 1498//975 
f 307//281 1498//975 783//727 1499//975 
f 307//281 1499//975 787//730 1500//975 
f 303//277 307//281 1501//975 
f 303//277 1501//975 791//733 1502//975 
f 303//277 1502//975 795//737 1503//975 
f 299//273 303//277 1504//975 
f 231//208 1497//975 299//273 1505//975 
f 231//208 1505//975 799//741 1506//975 
f 231//208 1506//975 803//745 1507//975 
f 231//208 1507//975 807//749 1508//975 
f 231//208 1508//975 811//753 1509//975 
f 227//204 231//208 1510//975 
f 227//204 1510//975 815//757 1511//975 
f 223//200 227//204 1512//975 
f 223//200 1512//975 819//761 1513//975 
f 219//196 223//200 1514//975 
f 219//196 1514//975 823//765 1515//975 
f 215//192 219//196 1516//975 
f 215//192 1516//975 827//769 1517//975 
f 211//188 215//192 1518//975 
f 211//188 1518//975 831//773 1519//975 
f 207//184 211//188 1520//975 
f 207//184 1520//975 835//776 1521//975 
f 207//184 1521//975 839//780 1522//975 
f 203//180 207//184 1523//975 
f 203//180 1523//975 843//784 1524//975 
f 199//176 203//180 1525//975 
f 195//173 199//176 1526//975 
f 195//173 1526//975 847//788 1527//975 
f 191//169 195//173 1528//975 
f 191//169 1528//975 851//792 1529//975 
f 187//165 191//169 1530//975 
f 187//165 1530//975 855//794 1531//975 
f 183//161 187//165 1532//975 
f 183//161 1532//975 859//798 1533//975 
f 179//157 183//161 1534//975 
f 175//153 179//157 1535//975 
f 175//153 1535//975 863//802 1536//975 
f 171//149 175//153 1537//975 
f 167//145 171//149 1538//975 
f 167//145 1538//975 867//806 1539//975 
f 163//141 167//145 1540//975 
f 159//138 163//141 1541//975 
f 159//138 1541//975 871//809 1542//975 
f 159//138 1542//975 875//813 1543//975 
f 155//135 159//138 1544//975 
f 155//135 1544//975 879//817 1545//975 
f 155//135 1545//975 883//821 1546//975 
f 155//135 1546//975 887//825 1547//975 
f 143//127 1481//975 155//135 1548//975 
f 139//123 143//127 1549//975 
f 135//120 139//123 1550//975 
f 135//120 1550//975 891//829 1551//975 
f 131//117 135//120 1552//975 
f 127//114 131//117 1553//975 
f 127//114 1553//975 895//831 1554//975 
f 123//111 127//114 1555//975 
f 123//111 1555//975 710//657 1556//975 
f 119//108 123//111 1557//975 
f 119//108 1557//975 709//656 1558//975 
f 115//105 119//108 1559//975 
f 115//105 1559//975 715//662 1560//975 
f 111//101 115//105 1561//975 
f 111//101 1561//975 719//666 1562//975 
f 107//97 111//101 1563//975 
f 107//97 1563//975 723//669 1564//975 
f 103//93 107//97 1565//975 
f 103//93 1565//975 727//672 1566//975 
f 99//90 103//93 1567//975 
f 99//90 1567//975 731//676 1568//975 
f 95//86 99//90 1569//975 
f 739//684 1479//975 95//86 1570//975 
s 1
f 3//3 2//2 4//4 
f 1//1 3//3 4//4 6//3 
f 6//3 5//5 1//1 
s 3
f 8//7 1//1 5//5 
f 7//6 8//7 5//5 10//9 
f 10//9 9//8 7//6 
s 2
f 12//11 7//6 9//8 
f 11//10 12//11 9//8 14//13 
f 14//13 13//12 11//10 
f 16//15 11//10 13//12 
f 15//14 16//15 13//12 18//15 
f 18//15 17//16 15//14 
f 20//18 15//14 17//16 
f 19//17 20//18 17//16 22//18 
f 22//18 21//19 19//17 
f 24//21 19//17 21//19 
f 23//20 24//21 21//19 26//21 
f 26//21 25//22 23//20 
f 28//24 23//20 25//22 
f 27//23 28//24 25//22 30//26 
f 30//26 29//25 27//23 
f 32//28 27//23 29//25 
f 31//27 32//28 29//25 34//30 
f 34//30 33//29 31//27 
f 36//32 31//27 33//29 
f 35//31 36//32 33//29 38//34 
f 38//34 37//33 35//31 
f 40//36 35//31 37//33 
f 39//35 40//36 37//33 42//38 
f 42//38 41//37 39//35 
f 44//40 39//35 41//37 
f 43//39 44//40 41//37 46//42 
f 46//42 45//41 43//39 
f 48//44 43//39 45//41 
f 47//43 48//44 45//41 50//44 
f 50//44 49//45 47//43 
f 52//47 47//43 49//45 
f 51//46 52//47 49//45 54//49 
f 54//49 53//48 51//46 
f 56//51 51//46 53//48 
f 55//50 56//51 53//48 58//51 
f 58//51 57//52 55//50 
f 60//54 55//50 57//52 
f 59//53 60//54 57//52 62//54 
f 62//54 61//55 59//53 
f 64//57 59//53 61//55 
f 63//56 64//57 61//55 66//57 
f 66//57 65//58 63//56 
f 68//60 63//56 65//58 
f 67//59 68//60 65//58 70//62 
f 70//62 69//61 67//59 
f 72//64 67//59 69//61 
f 71//63 72//64 69//61 74//66 
f 74//66 73//65 71//63 
f 76//68 71//63 73//65 
f 75//67 76//68 73//65 78//68 
f 78//68 77//69 75//67 
f 80//71 75//67 77//69 
f 79//70 80//71 77//69 82//73 
f 82//73 81//72 79//70 
f 84//75 79//70 81//72 
f 83//74 84//75 81//72 86//77 
f 86//77 85//76 83//74 
f 88//79 83//74 85//76 
f 87//78 88//79 85//76 90//81 
f 90//81 89//80 87//78 
f 92//83 87//78 89//80 
f 91//82 92//83 89//80 94//85 
f 94//85 93//84 91//82 
f 96//87 91//82 93//84 
f 95//86 96//87 93//84 98//89 
f 98//89 97//88 95//86 
f 100//91 95//86 97//88 
f 99//90 100//91 97//88 102//91 
f 102//91 101//92 99//90 
f 104//94 99//90 101//92 
f 103//93 104//94 101//92 106//96 
f 106//96 105//95 103//93 
f 108//98 103//93 105//95 
f 107//97 108//98 105//95 110//100 
f 110//100 109//99 107//97 
f 112//102 107//97 109//99 
f 111//101 112//102 109//99 114//104 
f 114//104 113//103 111//101 
f 116//106 111//101 113//103 
f 115//105 116//106 113//103 118//106 
f 118//106 117//107 115//105 
f 120//109 115//105 117//107 
f 119//108 120//109 117//107 122//109 
f 122//109 121//110 119//108 
f 124//112 119//108 121//110 
f 123//111 124//112 121//110 126//112 
f 126//112 125//113 123//111 
f 128//115 123//111 125//113 
f 127//114 128//115 125//113 130//115 
f 130//115 129//116 127//114 
f 132//118 127//114 129//116 
f 131//117 132//118 129//116 134//118 
f 134//118 133//119 131//117 
f 136//121 131//117 133//119 
f 135//120 136//121 133//119 138//121 
f 138//121 137//122 135//120 
f 140//124 135//120 137//122 
f 139//123 140//124 137//122 142//126 
f 142//126 141//125 139//123 
s 4
f 144//128 139//123 141//125 
f 143//127 144//128 141//125 146//128 
f 146//128 145//129 143//127 
s 2
f 148//131 143//127 145//129 
f 147//130 148//131 145//129 150//131 
f 150//131 149//132 147//130 
s 4
f 152//128 147//130 149//132 
f 151//133 152//128 149//132 154//128 
f 154//128 153//134 151//133 
s 2
f 156//136 151//133 153//134 
f 155//135 156//136 153//134 158//136 
f 158//136 157//137 155//135 
s 4
f 160//139 155//135 157//137 
f 159//138 160//139 157//137 162//139 
f 162//139 161//140 159//138 
f 164//142 159//138 161//140 
f 163//141 164//142 161//140 166//144 
f 166//144 165//143 163//141 
f 168//146 163//141 165//143 
f 167//145 168//146 165//143 170//148 
f 170//148 169//147 167//145 
f 172//150 167//145 169//147 
f 171//149 172//150 169//147 174//152 
f 174//152 173//151 171//149 
f 176//154 171//149 173//151 
f 175//153 176//154 173//151 178//156 
f 178//156 177//155 175//153 
f 180//158 175//153 177//155 
f 179//157 180//158 177//155 182//160 
f 182//160 181//159 179//157 
f 184//162 179//157 181//159 
f 183//161 184//162 181//159 186//164 
f 186//164 185//163 183//161 
f 188//166 183//161 185//163 
f 187//165 188//166 185//163 190//168 
f 190//168 189//167 187//165 
f 192//170 187//165 189//167 
f 191//169 192//170 189//167 194//172 
f 194//172 193//171 191//169 
s 2
f 196//174 191//169 193//171 
f 195//173 196//174 193//171 198//174 
f 198//174 197//175 195//173 
s 4
f 200//177 195//173 197//175 
f 199//176 200//177 197//175 202//179 
f 202//179 201//178 199//176 
f 204//181 199//176 201//178 
f 203//180 204//181 201//178 206//183 
f 206//183 205//182 203//180 
f 208//185 203//180 205//182 
f 207//184 208//185 205//182 210//187 
f 210//187 209//186 207//184 
f 212//189 207//184 209//186 
f 211//188 212//189 209//186 214//191 
f 214//191 213//190 211//188 
f 216//193 211//188 213//190 
f 215//192 216//193 213//190 218//195 
f 218//195 217//194 215//192 
f 220//197 215//192 217//194 
f 219//196 220//197 217//194 222//199 
f 222//199 221//198 219//196 
f 224//201 219//196 221//198 
f 223//200 224//201 221//198 226//203 
f 226//203 225//202 223//200 
f 228//205 223//200 225//202 
f 227//204 228//205 225//202 230//207 
f 230//207 229//206 227//204 
f 232//209 227//204 229//206 
f 231//208 232//209 229//206 234//209 
f 234//209 233//210 231//208 
s 2
f 236//212 231//208 233//210 
f 235//211 236//212 233//210 238//214 
f 238//214 237//213 235//211 
f 240//216 235//211 237//213 
f 239//215 240//216 237//213 242//218 
f 242//218 241//217 239//215 
f 244//220 239//215 241//217 
f 243//219 244//220 241//217 246//222 
f 246//222 245//221 243//219 
f 248//224 243//219 245//221 
f 247//223 248//224 245//221 250//224 
f 250//224 249//225 247//223 
f 252//227 247//223 249//225 
f 251//226 252//227 249//225 254//227 
f 254//227 253//228 251//226 
f 256//230 251//226 253//228 
f 255//229 256//230 253//228 258//232 
f 258//232 257//231 255//229 
f 260//234 255//229 257//231 
f 259//233 260//234 257//231 262//236 
f 262//236 261//235 259//233 
f 264//238 259//233 261//235 
f 263//237 264//238 261//235 266//240 
f 266//240 265//239 263//237 
f 268//242 263//237 265//239 
f 267//241 268//242 265//239 270//244 
f 270//244 269//243 267//241 
s 4
f 272//246 267//241 269//243 
f 271//245 272//246 269//243 274//248 
f 274//248 273//247 271//245 
s 2
f 276//250 271//245 273//247 
f 275//249 276//250 273//247 278//252 
f 278//252 277//251 275//249 
f 280//254 275//249 277//251 
f 279//253 280//254 277//251 282//256 
f 282//256 281//255 279//253 
f 284//258 279//253 281//255 
f 283//257 284//258 281//255 286//260 
f 286//260 285//259 283//257 
f 288//262 283//257 285//259 
f 287//261 288//262 285//259 290//264 
f 290//264 289//263 287//261 
f 292//266 287//261 289//263 
f 291//265 292//266 289//263 294//268 
f 294//268 293//267 291//265 
f 296//270 291//265 293//267 
f 295//269 296//270 293//267 298//272 
f 298//272 297//271 295//269 
f 300//274 295//269 297//271 
f 299//273 300//274 297//271 302//276 
f 302//276 301//275 299//273 
f 304//278 299//273 301//275 
f 303//277 304//278 301//275 306//280 
f 306//280 305//279 303//277 
f 308//282 303//277 305//279 
f 307//281 308//282 305//279 310//284 
f 310//284 309//283 307//281 
s 4
f 312//286 307//281 309//283 
f 311//285 312//286 309//283 314//288 
f 314//288 313//287 311//285 
f 316//290 311//285 313//287 
f 315//289 316//290 313//287 318//290 
f 318//290 317//291 315//289 
f 320//293 315//289 317//291 
f 319//292 320//293 317//291 322//295 
f 322//295 321//294 319//292 
f 324//297 319//292 321//294 
f 323//296 324//297 321//294 326//299 
f 326//299 325//298 323//296 
f 328//301 323//296 325//298 
f 327//300 328//301 325//298 330//303 
f 330//303 329//302 327//300 
f 332//305 327//300 329//302 
f 331//304 332//305 329//302 334//307 
f 334//307 333//306 331//304 
f 336//309 331//304 333//306 
f 335//308 336//309 333//306 338//311 
f 338//311 337//310 335//308 
f 340//313 335//308 337//310 
f 339//312 340//313 337//310 342//315 
f 342//315 341//314 339//312 
f 344//317 339//312 341//314 
f 343//316 344//317 341//314 346//319 
f 346//319 345//318 343//316 
f 348//321 343//316 345//318 
f 347//320 348//321 345//318 350//321 
f 350//321 349//322 347//320 
f 352//324 347//320 349//322 
f 351//323 352//324 349//322 354//324 
f 354//324 353//325 351//323 
f 356//327 351//323 353//325 
f 355//326 356//327 353//325 358//329 
f 358//329 357//328 355//326 
f 360//331 355//326 357//328 
f 359//330 360//331 357//328 362//333 
f 362//333 361//332 359//330 
f 364//335 359//330 361//332 
f 363//334 364//335 361//332 366//337 
f 366//337 365//336 363//334 
f 368//339 363//334 365//336 
f 367//338 368//339 365//336 370//341 
f 370//341 369//340 367//338 
f 372//343 367//338 369//340 
f 371//342 372//343 369//340 374//343 
f 374//343 373//344 371//342 
f 376//346 371//342 373//344 
f 375//345 376//346 373//344 378//348 
f 378//348 377//347 375//345 
f 380//350 375//345 377//347 
f 379//349 380//350 377//347 382//352 
f 382//352 381//351 379//349 
s 2
f 384//354 379//349 381//351 
f 383//353 384//354 381//351 386//356 
f 386//356 385//355 383//353 
f 388//358 383//353 385//355 
f 387//357 388//358 385//355 390//358 
f 390//358 389//359 387//357 
f 392//361 387//357 389//359 
f 391//360 392//361 389//359 394//363 
f 394//363 393//362 391//360 
f 396//365 391//360 393//362 
f 395//364 396//365 393//362 398//367 
f 398//367 397//366 395//364 
f 400//369 395//364 397//366 
f 399//368 400//369 397//366 402//371 
f 402//371 401//370 399//368 
f 404//373 399//368 401//370 
f 403//372 404//373 401//370 406//375 
f 406//375 405//374 403//372 
f 408//377 403//372 405//374 
f 407//376 408//377 405//374 410//377 
f 410//377 409//378 407//376 
f 412//380 407//376 409//378 
f 411//379 412//380 409//378 414//380 
f 414//380 413//381 411//379 
f 416//383 411//379 413//381 
f 415//382 416//383 413//381 418//383 
f 418//383 417//384 415//382 
f 420//386 415//382 417//384 
f 419//385 420//386 417//384 422//388 
f 422//388 421//387 419//385 
f 424//390 419//385 421//387 
f 423//389 424//390 421//387 426//392 
f 426//392 425//391 423//389 
f 428//394 423//389 425//391 
f 427//393 428//394 425//391 430//396 
f 430//396 429//395 427//393 
f 432//398 427//393 429//395 
f 431//397 432//398 429//395 434//400 
f 434//400 433//399 431//397 
f 436//402 431//397 433//399 
f 435//401 436//402 433//399 438//404 
f 438//404 437//403 435//401 
f 440//406 435//401 437//403 
f 439//405 440//406 437//403 442//408 
f 442//408 441//407 439//405 
f 444//410 439//405 441//407 
f 443//409 444//410 441//407 446//412 
f 446//412 445//411 443//409 
f 448//414 443//409 445//411 
f 447//413 448//414 445//411 450//414 
f 450//414 449//415 447//413 
f 452//417 447//413 449//415 
f 451//416 452//417 449//415 454//419 
f 454//419 453//418 451//416 
f 456//421 451//416 453//418 
f 455//420 456//421 453//418 458//423 
f 458//423 457//422 455//420 
f 460//425 455//420 457//422 
f 459//424 460//425 457//422 462//425 
f 462//425 461//426 459//424 
f 464//428 459//424 461//426 
f 463//427 464//428 461//426 466//430 
f 466//430 465//429 463//427 
f 468//432 463//427 465//429 
f 467//431 468//432 465//429 470//432 
f 470//432 469//433 467//431 
f 472//435 467//431 469//433 
f 471//434 472//435 469//433 474//437 
f 474//437 473//436 471//434 
f 476//439 471//434 473//436 
f 475//438 476//439 473//436 478//441 
f 478//441 477//440 475//438 
f 480//443 475//438 477//440 
f 479//442 480//443 477//440 482//445 
f 482//445 481//444 479//442 
f 484//447 479//442 481//444 
f 483//446 484//447 481//444 486//447 
f 486//447 485//448 483//446 
f 488//450 483//446 485//448 
f 487//449 488//450 485//448 490//452 
f 490//452 489//451 487//449 
f 492//454 487//449 489//451 
f 491//453 492//454 489//451 494//456 
f 494//456 493//455 491//453 
f 496//458 491//453 493//455 
f 495//457 496//458 493//455 498//460 
f 498//460 497//459 495//457 
f 500//462 495//457 497//459 
f 499//461 500//462 497//459 502//464 
f 502//464 501//463 499//461 
f 504//466 499//461 501//463 
f 503//465 504//466 501//463 506//466 
f 506//466 505//467 503//465 
f 508//469 503//465 505//467 
f 507//468 508//469 505//467 510//471 
f 510//471 509//470 507//468 
f 512//473 507//468 509//470 
f 511//472 512//473 509//470 514//475 
f 514//475 513//474 511//472 
f 516//477 511//472 513//474 
f 515//476 516//477 513//474 518//479 
f 518//479 517//478 515//476 
f 520//481 515//476 517//478 
f 519//480 520//481 517//478 522//483 
f 522//483 521//482 519//480 
f 524//485 519//480 521//482 
f 523//484 524//485 521//482 526//487 
f 526//487 525//486 523//484 
f 528//489 523//484 525//486 
f 527//488 528//489 525//486 530//491 
f 530//491 529//490 527//488 
f 532//493 527//488 529//490 
f 531//492 532//493 529//490 534//495 
f 534//495 533//494 531//492 
f 536//497 531//492 533//494 
f 535//496 536//497 533//494 538//499 
f 538//499 537//498 535//496 
f 540//501 535//496 537//498 
f 539//500 540//501 537//498 542//503 
f 542//503 541//502 539//500 
f 544//505 539//500 541//502 
f 543//504 544//505 541//502 546//507 
f 546//507 545//506 543//504 
f 548//509 543//504 545//506 
f 547//508 548//509 545//506 550//509 
f 550//509 549//510 547//508 
f 552//512 547//508 549//510 
f 551//511 552//512 549//510 554//514 
f 554//514 553//513 551//511 
f 556//516 551//511 553//513 
f 555//515 556//516 553//513 558//516 
f 558//516 557//517 555//515 
f 560//519 555//515 557//517 
f 559//518 560//519 557//517 562//521 
f 562//521 561//520 559//518 
f 564//523 559//518 561//520 
f 563//522 564//523 561//520 566//525 
f 566//525 565//524 563//522 
f 568//527 563//522 565//524 
f 567//526 568//527 565//524 570//529 
f 570//529 569//528 567//526 
f 572//531 567//526 569//528 
f 571//530 572//531 569//528 574//533 
f 574//533 573//532 571//530 
f 576//535 571//530 573//532 
f 575//534 576//535 573//532 578//537 
f 578//537 577//536 575//534 
f 580//539 575//534 577//536 
f 579//538 580//539 577//536 582//539 
f 582//539 581//540 579//538 
f 584//542 579//538 581//540 
f 583//541 584//542 581//540 586//544 
f 586//544 585//543 583//541 
f 588//546 583//541 585//543 
f 587//545 588//546 585//543 590//546 
f 590//546 589//547 587//545 
f 592//549 587//545 589//547 
f 591//548 592//549 589//547 594//551 
f 594//551 593//550 591//548 
f 596//553 591//548 593//550 
f 595//552 596//553 593//550 598//555 
f 598//555 597//554 595//552 
s 4
f 600//557 595//552 597//554 
f 599//556 600//557 597//554 602//559 
f 602//559 601//558 599//556 
f 604//561 599//556 601//558 
f 603//560 604//561 601//558 606//563 
f 606//563 605//562 603//560 
f 608//565 603//560 605//562 
f 607//564 608//565 605//562 610//567 
f 610//567 609//566 607//564 
f 612//569 607//564 609//566 
f 611//568 612//569 609//566 614//569 
f 614//569 613//570 611//568 
f 616//572 611//568 613//570 
f 615//571 616//572 613//570 618//572 
f 618//572 617//573 615//571 
f 620//575 615//571 617//573 
f 619//574 620//575 617//573 622//575 
f 622//575 621//576 619//574 
f 624//578 619//574 621//576 
f 623//577 624//578 621//576 626//578 
f 626//578 625//579 623//577 
f 628//581 623//577 625//579 
f 627//580 628//581 625//579 630//583 
f 630//583 629//582 627//580 
f 632//585 627//580 629//582 
f 631//584 632//585 629//582 634//587 
f 634//587 633//586 631//584 
f 636//589 631//584 633//586 
f 635//588 636//589 633//586 638//589 
f 638//589 637//590 635//588 
f 640//592 635//588 637//590 
f 639//591 640//592 637//590 642//594 
f 642//594 641//593 639//591 
f 644//596 639//591 641//593 
f 643//595 644//596 641//593 646//598 
f 646//598 645//597 643//595 
f 648//600 643//595 645//597 
f 647//599 648//600 645//597 650//602 
f 650//602 649//601 647//599 
f 652//604 647//599 649//601 
f 651//603 652//604 649//601 654//606 
f 654//606 653//605 651//603 
f 656//608 651//603 653//605 
f 655//607 656//608 653//605 658//610 
f 658//610 657//609 655//607 
f 660//612 655//607 657//609 
f 659//611 660//612 657//609 662//614 
f 662//614 661//613 659//611 
f 664//616 659//611 661//613 
f 663//615 664//616 661//613 666//618 
f 666//618 665//617 663//615 
f 668//620 663//615 665//617 
f 667//619 668//620 665//617 670//622 
f 670//622 669//621 667//619 
f 672//624 667//619 669//621 
f 671//623 672//624 669//621 674//626 
f 674//626 673//625 671//623 
f 676//628 671//623 673//625 
f 675//627 676//628 673//625 678//628 
f 678//628 677//629 675//627 
f 680//631 675//627 677//629 
f 679//630 680//631 677//629 682//631 
f 682//631 681//632 679//630 
f 684//634 679//630 681//632 
f 683//633 684//634 681//632 686//636 
f 686//636 685//635 683//633 
f 688//638 683//633 685//635 
f 687//637 688//638 685//635 690//638 
f 690//638 689//639 687//637 
f 692//641 687//637 689//639 
f 691//640 692//641 689//639 694//643 
f 694//643 693//642 691//640 
f 696//645 691//640 693//642 
f 695//644 696//645 693//642 698//645 
f 698//645 697//646 695//644 
f 700//648 695//644 697//646 
f 699//647 700//648 697//646 702//648 
f 702//648 701//649 699//647 
f 704//651 699//647 701//649 
f 703//650 704//651 701//649 706//653 
f 706//653 705//652 703//650 
s 3
f 707//654 703//650 705//652 
f 2//2 707//654 705//652 708//655 
f 708//655 4//4 2//2 
s 1
f 711//658 710//657 712//659 
f 709//656 711//658 712//659 714//661 
f 714//661 713//660 709//656 
s 3
f 716//663 709//656 713//660 
f 715//662 716//663 713//660 718//665 
f 718//665 717//664 715//662 
s 2
f 720//667 715//662 717//664 
f 719//666 720//667 717//664 722//667 
f 722//667 721//668 719//666 
f 724//670 719//666 721//668 
f 723//669 724//670 721//668 726//670 
f 726//670 725//671 723//669 
f 728//673 723//669 725//671 
f 727//672 728//673 725//671 730//675 
f 730//675 729//674 727//672 
f 732//677 727//672 729//674 
f 731//676 732//677 729//674 734//679 
f 734//679 733//678 731//676 
f 736//681 731//676 733//678 
f 735//680 736//681 733//678 738//683 
f 738//683 737//682 735//680 
f 740//685 735//680 737//682 
f 739//684 740//685 737//682 742//687 
f 742//687 741//686 739//684 
f 744//689 739//684 741//686 
f 743//688 744//689 741//686 746//691 
f 746//691 745//690 743//688 
f 748//693 743//688 745//690 
f 747//692 748//693 745//690 750//695 
f 750//695 749//694 747//692 
f 752//697 747//692 749//694 
f 751//696 752//697 749//694 754//699 
f 754//699 753//698 751//696 
f 756//701 751//696 753//698 
f 755//700 756//701 753//698 758//703 
f 758//703 757//702 755//700 
f 760//705 755//700 757//702 
f 759//704 760//705 757//702 762//707 
f 762//707 761//706 759//704 
f 764//709 759//704 761//706 
f 763//708 764//709 761//706 766//711 
f 766//711 765//710 763//708 
f 768//713 763//708 765//710 
f 767//712 768//713 765//710 770//715 
f 770//715 769//714 767//712 
f 772//717 767//712 769//714 
f 771//716 772//717 769//714 774//719 
f 774//719 773//718 771//716 
f 776//721 771//716 773//718 
f 775//720 776//721 773//718 778//721 
f 778//721 777//722 775//720 
s 4
f 780//724 775//720 777//722 
f 779//723 780//724 777//722 782//726 
f 782//726 781//725 779//723 
f 784//728 779//723 781//725 
f 783//727 784//728 781//725 786//728 
f 786//728 785//729 783//727 
f 788//731 783//727 785//729 
f 787//730 788//731 785//729 790//731 
f 790//731 789//732 787//730 
f 792//734 787//730 789//732 
f 791//733 792//734 789//732 794//736 
f 794//736 793//735 791//733 
f 796//738 791//733 793//735 
f 795//737 796//738 793//735 798//740 
f 798//740 797//739 795//737 
f 800//742 795//737 797//739 
f 799//741 800//742 797//739 802//744 
f 802//744 801//743 799//741 
f 804//746 799//741 801//743 
f 803//745 804//746 801//743 806//748 
f 806//748 805//747 803//745 
f 808//750 803//745 805//747 
f 807//749 808//750 805//747 810//752 
f 810//752 809//751 807//749 
f 812//754 807//749 809//751 
f 811//753 812//754 809//751 814//756 
f 814//756 813//755 811//753 
f 816//758 811//753 813//755 
f 815//757 816//758 813//755 818//760 
f 818//760 817//759 815//757 
f 820//762 815//757 817//759 
f 819//761 820//762 817//759 822//764 
f 822//764 821//763 819//761 
f 824//766 819//761 821//763 
f 823//765 824//766 821//763 826//768 
f 826//768 825//767 823//765 
f 828//770 823//765 825//767 
f 827//769 828//770 825//767 830//772 
f 830//772 829//771 827//769 
f 832//774 827//769 829//771 
f 831//773 832//774 829//771 834//774 
f 834//774 833//775 831//773 
f 836//777 831//773 833//775 
f 835//776 836//777 833//775 838//779 
f 838//779 837//778 835//776 
f 840//781 835//776 837//778 
f 839//780 840//781 837//778 842//783 
f 842//783 841//782 839//780 
f 844//785 839//780 841//782 
f 843//784 844//785 841//782 846//787 
f 846//787 845//786 843//784 
f 848//789 843//784 845//786 
f 847//788 848//789 845//786 850//791 
f 850//791 849//790 847//788 
s 2
f 852//128 847//788 849//790 
f 851//792 852//128 849//790 854//128 
f 854//128 853//793 851//792 
s 4
f 856//795 851//792 853//793 
f 855//794 856//795 853//793 858//797 
f 858//797 857//796 855//794 
f 860//799 855//794 857//796 
f 859//798 860//799 857//796 862//801 
f 862//801 861//800 859//798 
f 864//803 859//798 861//800 
f 863//802 864//803 861//800 866//805 
f 866//805 865//804 863//802 
f 868//807 863//802 865//804 
f 867//806 868//807 865//804 870//807 
f 870//807 869//808 867//806 
f 872//810 867//806 869//808 
f 871//809 872//810 869//808 874//812 
f 874//812 873//811 871//809 
f 876//814 871//809 873//811 
f 875//813 876//814 873//811 878//816 
f 878//816 877//815 875//813 
f 880//818 875//813 877//815 
f 879//817 880//818 877//815 882//820 
f 882//820 881//819 879//817 
f 884//822 879//817 881//819 
f 883//821 884//822 881//819 886//824 
f 886//824 885//823 883//821 
f 888//826 883//821 885//823 
f 887//825 888//826 885//823 890//828 
f 890//828 889//827 887//825 
s 2
f 892//131 887//825 889//827 
f 891//829 892//131 889//827 894//131 
f 894//131 893//830 891//829 
s 4
f 896//174 891//829 893//830 
f 895//831 896//174 893//830 898//174 
f 898//174 897//832 895//831 
s 3
f 899//833 895//831 897//832 
f 710//657 899//833 897//832 900//834 
f 900//834 712//659 710//657 
s 1
f 903//837 902//836 904//838 
f 901//835 903//837 904//838 906//840 
f 906//840 905//839 901//835 
s 3
f 908//842 901//835 905//839 
f 907//841 908//842 905//839 910//844 
f 910//844 909//843 907//841 
s 2
f 912//846 907//841 909//843 
f 911//845 912//846 909//843 914//848 
f 914//848 913//847 911//845 
f 916//850 911//845 913//847 
f 915//849 916//850 913//847 918//850 
f 918//850 917//851 915//849 
f 920//853 915//849 917//851 
f 919//852 920//853 917//851 922//855 
f 922//855 921//854 919//852 
f 924//857 919//852 921//854 
f 923//856 924//857 921//854 926//859 
f 926//859 925//858 923//856 
f 928//861 923//856 925//858 
f 927//860 928//861 925//858 930//863 
f 930//863 929//862 927//860 
f 932//865 927//860 929//862 
f 931//864 932//865 929//862 934//867 
f 934//867 933//866 931//864 
f 936//869 931//864 933//866 
f 935//868 936//869 933//866 938//871 
f 938//871 937//870 935//868 
f 940//873 935//868 937//870 
f 939//872 940//873 937//870 942//875 
f 942//875 941//874 939//872 
f 944//877 939//872 941//874 
f 943//876 944//877 941//874 946//877 
f 946//877 945//878 943//876 
f 948//880 943//876 945//878 
f 947//879 948//880 945//878 950//882 
f 950//882 949//881 947//879 
f 952//884 947//879 949//881 
f 951//883 952//884 949//881 954//886 
f 954//886 953//885 951//883 
f 956//888 951//883 953//885 
f 955//887 956//888 953//885 958//890 
f 958//890 957//889 955//887 
f 960//892 955//887 957//889 
f 959//891 960//892 957//889 962//894 
f 962//894 961//893 959//891 
f 964//896 959//891 961//893 
f 963//895 964//896 961//893 966//898 
f 966//898 965//897 963//895 
f 968//900 963//895 965//897 
f 967//899 968//900 965//897 970//902 
f 970//902 969//901 967//899 
f 972//904 967//899 969//901 
f 971//903 972//904 969//901 974//906 
f 974//906 973//905 971//903 
f 976//908 971//903 973//905 
f 975//907 976//908 973//905 978//910 
f 978//910 977//909 975//907 
f 980//912 975//907 977//909 
f 979//911 980//912 977//909 982//914 
f 982//914 981//913 979//911 
f 984//916 979//911 981//913 
f 983//915 984//916 981//913 986//918 
f 986//918 985//917 983//915 
f 988//920 983//915 985//917 
f 987//919 988//920 985//917 990//922 
f 990//922 989//921 987//919 
f 992//924 987//919 989//921 
f 991//923 992//924 989//921 994//926 
f 994//926 993//925 991//923 
f 996//928 991//923 993//925 
f 995//927 996//928 993//925 998//930 
f 998//930 997//929 995//927 
f 1000//932 995//927 997//929 
f 999//931 1000//932 997//929 1002//934 
f 1002//934 1001//933 999//931 
f 1004//936 999//931 1001//933 
f 1003//935 1004//936 1001//933 1006//938 
f 1006//938 1005//937 1003//935 
f 1008//940 1003//935 1005//937 
f 1007//939 1008//940 1005//937 1010//942 
f 1010//942 1009//941 1007//939 
f 1012//944 1007//939 1009//941 
f 1011//943 1012//944 1009//941 1014//946 
f 1014//946 1013//945 1011//943 
f 1016//948 1011//943 1013//945 
f 1015//947 1016//948 1013//945 1018//950 
f 1018//950 1017//949 1015//947 
f 1020//952 1015//947 1017//949 
f 1019//951 1020//952 1017//949 1022//954 
f 1022//954 1021//953 1019//951 
f 1024//956 1019//951 1021//953 
f 1023//955 1024//956 1021//953 1026//958 
f 1026//958 1025//957 1023//955 
f 1028//960 1023//955 1025//957 
f 1027//959 1028//960 1025//957 1030//960 
f 1030//960 1029//961 1027//959 
f 1032//963 1027//959 1029//961 
f 1031//962 1032//963 1029//961 1034//965 
f 1034//965 1033//964 1031//962 
f 1036//967 1031//962 1033//964 
f 1035//966 1036//967 1033//964 1038//967 
f 1038//967 1037//968 1035//966 
f 1040//970 1035//966 1037//968 
f 1039//969 1040//970 1037//968 1042//970 
f 1042//970 1041//971 1039//969 
s 3
f 1043//972 1039//969 1041//971 
f 902//836 1043//972 1041//971 1044//973 
f 1044//973 904//838 902//836 
s 16
f 1045//974 777//722 1298//974 309//283 
f 781//725 1045//974 309//283 1046//974 
f 785//729 1046//974 309//283 1047//974 
f 789//732 1047//974 309//283 1048//974 
f 1049//974 309//283 305//279 
f 793//735 1049//974 305//279 1050//974 
f 797//739 1050//974 305//279 1051//974 
f 1052//974 305//279 301//275 
f 1053//974 273//247 269//243 
f 277//251 1053//974 269//243 1054//974 
f 1055//974 269//243 265//239 
f 281//255 1055//974 265//239 1056//974 
f 1057//974 265//239 261//235 
f 1058//974 261//235 257//231 
f 285//259 1058//974 257//231 1059//974 
f 1060//974 257//231 253//228 
f 1061//974 253//228 249//225 
f 289//263 1061//974 249//225 1062//974 
f 1063//974 249//225 245//221 
f 1064//974 245//221 241//217 
f 293//267 1064//974 241//217 1065//974 
f 1066//974 241//217 237//213 
f 1067//974 237//213 233//210 
f 297//271 1067//974 233//210 1068//974 
f 301//275 1068//974 233//210 1069//974 
f 801//743 1069//974 233//210 1070//974 
f 805//747 1070//974 233//210 1071//974 
f 809//751 1071//974 233//210 1072//974 
f 813//755 1072//974 233//210 1073//974 
f 1074//974 233//210 229//206 
f 817//759 1074//974 229//206 1075//974 
f 1076//974 229//206 225//202 
f 821//763 1076//974 225//202 1077//974 
f 1078//974 225//202 221//198 
f 825//767 1078//974 221//198 1079//974 
f 1080//974 221//198 217//194 
f 829//771 1080//974 217//194 1081//974 
f 1082//974 217//194 213//190 
f 833//775 1082//974 213//190 1083//974 
f 1084//974 213//190 209//186 
f 837//778 1084//974 209//186 1085//974 
f 841//782 1085//974 209//186 1086//974 
f 1087//974 209//186 205//182 
f 845//786 1087//974 205//182 1088//974 
f 1089//974 205//182 201//178 
f 1090//974 201//178 197//175 
f 849//790 1090//974 197//175 1091//974 
f 1092//974 197//175 193//171 
f 853//793 1092//974 193//171 1093//974 
f 1094//974 193//171 189//167 
f 857//796 1094//974 189//167 1095//974 
f 1096//974 189//167 185//163 
f 861//800 1096//974 185//163 1097//974 
f 1098//974 185//163 181//159 
f 1099//974 181//159 177//155 
f 865//804 1099//974 177//155 1100//974 
f 1101//974 177//155 173//151 
f 1102//974 173//151 169//147 
f 869//808 1102//974 169//147 1103//974 
f 1104//974 169//147 165//143 
f 1105//974 165//143 161//140 
f 873//811 1105//974 161//140 1106//974 
f 877//815 1106//974 161//140 1107//974 
f 1108//974 161//140 157//137 
f 881//819 1108//974 157//137 1109//974 
f 885//823 1109//974 157//137 1110//974 
f 889//827 1110//974 157//137 1111//974 
f 1112//974 153//134 149//132 
f 1113//974 149//132 145//129 
f 157//137 1113//974 145//129 1114//974 
f 1115//974 145//129 141//125 
f 1116//974 141//125 137//122 
f 893//830 1116//974 137//122 1117//974 
f 1118//974 137//122 133//119 
f 1119//974 133//119 129//116 
f 897//832 1119//974 129//116 1120//974 
f 1121//974 129//116 125//113 
f 712//659 1121//974 125//113 1122//974 
f 1123//974 125//113 121//110 
f 713//660 1123//974 121//110 1124//974 
f 1125//974 121//110 117//107 
f 717//664 1125//974 117//107 1126//974 
f 1127//974 117//107 113//103 
f 721//668 1127//974 113//103 1128//974 
f 1129//974 113//103 109//99 
f 725//671 1129//974 109//99 1130//974 
f 1131//974 109//99 105//95 
f 729//674 1131//974 105//95 1132//974 
f 1133//974 105//95 101//92 
f 733//678 1133//974 101//92 1134//974 
f 1135//974 101//92 97//88 
f 737//682 1135//974 97//88 1136//974 
f 1137//974 97//88 93//84 
f 1138//974 93//84 89//80 
f 1139//974 89//80 85//76 
f 1140//974 85//76 81//72 
f 1141//974 81//72 77//69 
f 1142//974 77//69 73//65 
f 1143//974 73//65 69//61 
f 1144//974 705//652 701//649 
f 1145//974 701//649 697//646 
f 1146//974 697//646 693//642 
f 4//4 1146//974 693//642 1147//974 
f 1148//974 693//642 689//639 
f 1149//974 689//639 685//635 
f 5//5 1149//974 685//635 1150//974 
f 1151//974 685//635 681//632 
f 9//8 1151//974 681//632 1152//974 
f 1153//974 681//632 677//629 
f 13//12 1153//974 677//629 1154//974 
f 17//16 1154//974 677//629 1155//974 
f 1157//974 1037//968 1033//964 
f 1158//974 1033//964 1029//961 
f 1159//974 1029//961 1025//957 
f 1160//974 1025//957 1021//953 
f 1161//974 1021//953 1017//949 
f 1162//974 1017//949 1013//945 
f 1163//974 1013//945 1009//941 
f 1164//974 1009//941 1005//937 
f 453//418 1164//974 1005//937 1165//974 
f 457//422 1165//974 1005//937 1166//974 
f 461//426 1166//974 1005//937 1167//974 
f 465//429 1167//974 1005//937 1168//974 
f 469//433 1168//974 1005//937 1169//974 
f 473//436 1169//974 1005//937 1170//974 
f 477//440 1170//974 1005//937 1171//974 
f 481//444 1171//974 1005//937 1172//974 
f 485//448 1172//974 1005//937 1173//974 
f 489//451 1173//974 1005//937 1174//974 
f 493//455 1174//974 1005//937 1175//974 
f 1176//974 1005//937 1001//933 
f 497//459 1176//974 1001//933 1177//974 
f 1178//974 1001//933 997//929 
f 1179//974 997//929 993//925 
f 501//463 1179//974 993//925 1180//974 
f 1181//974 993//925 989//921 
f 505//467 1181//974 989//921 1182//974 
f 1183//974 989//921 985//917 
f 509//470 1183//974 985//917 1184//974 
f 1185//974 985//917 981//913 
f 513//474 1185//974 981//913 1186//974 
f 1187//974 981//913 977//909 
f 517//478 1187//974 977//909 1188//974 
f 1189//974 977//909 973//905 
f 521//482 1189//974 973//905 1190//974 
f 1191//974 973//905 969//901 
f 525//486 1191//974 969//901 1192//974 
f 1193//974 969//901 965//897 
f 1194//974 965//897 961//893 
f 529//490 1194//974 961//893 1195//974 
f 1196//974 961//893 957//889 
f 533//494 1196//974 957//889 1197//974 
f 537//498 1197//974 957//889 1198//974 
f 1199//974 957//889 953//885 
f 541//502 1199//974 953//885 1200//974 
f 1201//974 953//885 949//881 
f 545//506 1201//974 949//881 1202//974 
f 1203//974 949//881 945//878 
f 549//510 1203//974 945//878 1204//974 
f 1205//974 945//878 941//874 
f 553//513 1205//974 941//874 1206//974 
f 1207//974 941//874 937//870 
f 557//517 1207//974 937//870 1208//974 
f 1209//974 937//870 933//866 
f 561//520 1209//974 933//866 1210//974 
f 1211//974 933//866 929//862 
f 1212//974 929//862 925//858 
f 565//524 1212//974 925//858 1213//974 
f 1214//974 925//858 921//854 
f 569//528 1214//974 921//854 1215//974 
f 573//532 1215//974 921//854 1216//974 
f 1217//974 921//854 917//851 
f 577//536 1217//974 917//851 1218//974 
f 1219//974 917//851 913//847 
f 581//540 1219//974 913//847 1220//974 
f 1221//974 913//847 909//843 
f 585//543 1221//974 909//843 1222//974 
f 1223//974 909//843 905//839 
f 589//547 1223//974 905//839 1224//974 
f 1225//974 905//839 904//838 
f 593//550 1225//974 904//838 1226//974 
f 1227//974 904//838 1041//971 
f 1228//974 1041//971 1037//968 
f 597//554 1156//974 453//418 1229//974 
f 601//558 1229//974 453//418 1230//974 
f 605//562 1230//974 453//418 1231//974 
f 1232//974 453//418 449//415 
f 609//566 1232//974 449//415 1233//974 
f 1234//974 449//415 445//411 
f 613//570 1234//974 445//411 1235//974 
f 1236//974 445//411 441//407 
f 1237//974 441//407 437//403 
f 617//573 1237//974 437//403 1238//974 
f 1239//974 437//403 433//399 
f 1240//974 433//399 429//395 
f 621//576 1240//974 429//395 1241//974 
f 1242//974 429//395 425//391 
f 625//579 1242//974 425//391 1243//974 
f 1244//974 425//391 421//387 
f 1245//974 421//387 417//384 
f 629//582 1245//974 417//384 1246//974 
f 1247//974 417//384 413//381 
f 633//586 1247//974 413//381 1248//974 
f 1249//974 413//381 409//378 
f 637//590 1249//974 409//378 1250//974 
f 1251//974 409//378 405//374 
f 1252//974 405//374 401//370 
f 641//593 1252//974 401//370 1253//974 
f 1254//974 401//370 397//366 
f 645//597 1254//974 397//366 1255//974 
f 1256//974 397//366 393//362 
f 649//601 1256//974 393//362 1257//974 
f 1258//974 393//362 389//359 
f 653//605 1258//974 389//359 1259//974 
f 1260//974 389//359 385//355 
f 657//609 1260//974 385//355 1261//974 
f 1262//974 385//355 381//351 
f 661//613 1262//974 381//351 1263//974 
f 665//617 1263//974 381//351 1264//974 
f 669//621 1264//974 381//351 1265//974 
f 673//625 1265//974 381//351 1266//974 
f 677//629 1266//974 381//351 1267//974 
f 21//19 1267//974 381//351 1268//974 
f 1269//974 381//351 377//347 
f 25//22 1269//974 377//347 1270//974 
f 1271//974 377//347 373//344 
f 29//25 1271//974 373//344 1272//974 
f 1273//974 373//344 369//340 
f 1274//974 369//340 365//336 
f 33//29 1274//974 365//336 1275//974 
f 1276//974 365//336 361//332 
f 1277//974 361//332 357//328 
f 1278//974 357//328 353//325 
f 1279//974 353//325 349//322 
f 1280//974 349//322 345//318 
f 37//33 1280//974 345//318 1281//974 
f 1282//974 345//318 341//314 
f 1283//974 341//314 337//310 
f 1284//974 337//310 333//306 
f 1285//974 333//306 329//302 
f 41//37 1285//974 329//302 1286//974 
f 1287//974 329//302 325//298 
f 1288//974 325//298 321//294 
f 45//41 1288//974 321//294 1289//974 
f 1290//974 321//294 317//291 
f 49//45 1290//974 317//291 1291//974 
f 1292//974 317//291 313//287 
f 53//48 1292//974 313//287 1293//974 
f 57//52 1293//974 313//287 1294//974 
f 1295//974 313//287 309//283 
f 61//55 1295//974 309//283 1296//974 
f 65//58 1296//974 309//283 1297//974 
f 1299//974 777//722 773//718 
f 1300//974 773//718 769//714 
f 1301//974 769//714 765//710 
f 1302//974 765//710 761//706 
f 1303//974 761//706 757//702 
f 1304//974 757//702 753//698 
f 1305//974 753//698 749//694 
f 1306//974 749//694 745//690 
f 69//61 1306//974 745//690 1307//974 
f 741//686 1307//974 745//690 
f 1031//962 1308//975 451//416 1309//975 
f 1027//959 1309//975 451//416 1310//975 
f 1023//955 1310//975 451//416 1311//975 
f 1019//951 1311//975 451//416 1312//975 
f 1015//947 1312//975 451//416 1313//975 
f 1011//943 1313//975 451//416 1314//975 
f 1007//939 1314//975 451//416 1315//975 
f 1316//975 451//416 455//420 
f 1317//975 455//420 459//424 
f 1318//975 459//424 463//427 
f 1319//975 463//427 467//431 
f 1320//975 467//431 471//434 
f 1321//975 471//434 475//438 
f 1322//975 475//438 479//442 
f 1323//975 479//442 483//446 
f 1324//975 483//446 487//449 
f 1325//975 487//449 491//453 
f 1326//975 491//453 495//457 
f 1003//935 1326//975 495//457 1327//975 
f 1328//975 495//457 499//461 
f 999//931 1328//975 499//461 1329//975 
f 995//927 1329//975 499//461 1330//975 
f 1331//975 499//461 503//465 
f 991//923 1331//975 503//465 1332//975 
f 1333//975 503//465 507//468 
f 987//919 1333//975 507//468 1334//975 
f 1335//975 507//468 511//472 
f 983//915 1335//975 511//472 1336//975 
f 1337//975 511//472 515//476 
f 979//911 1337//975 515//476 1338//975 
f 1339//975 515//476 519//480 
f 975//907 1339//975 519//480 1340//975 
f 1341//975 519//480 523//484 
f 971//903 1341//975 523//484 1342//975 
f 1343//975 523//484 527//488 
f 967//899 1343//975 527//488 1344//975 
f 963//895 1344//975 527//488 1345//975 
f 1346//975 527//488 531//492 
f 959//891 1346//975 531//492 1347//975 
f 1348//975 531//492 535//496 
f 1349//975 535//496 539//500 
f 955//887 1349//975 539//500 1350//975 
f 1351//975 539//500 543//504 
f 951//883 1351//975 543//504 1352//975 
f 1353//975 543//504 547//508 
f 947//879 1353//975 547//508 1354//975 
f 1355//975 547//508 551//511 
f 943//876 1355//975 551//511 1356//975 
f 1357//975 551//511 555//515 
f 939//872 1357//975 555//515 1358//975 
f 1359//975 555//515 559//518 
f 935//868 1359//975 559//518 1360//975 
f 1361//975 559//518 563//522 
f 931//864 1361//975 563//522 1362//975 
f 927//860 1362//975 563//522 1363//975 
f 1364//975 563//522 567//526 
f 923//856 1364//975 567//526 1365//975 
f 1366//975 567//526 571//530 
f 1367//975 571//530 575//534 
f 919//852 1367//975 575//534 1368//975 
f 1369//975 575//534 579//538 
f 915//849 1369//975 579//538 1370//975 
f 1371//975 579//538 583//541 
f 911//845 1371//975 583//541 1372//975 
f 1373//975 583//541 587//545 
f 907//841 1373//975 587//545 1374//975 
f 1375//975 587//545 591//548 
f 901//835 1375//975 591//548 1376//975 
f 1377//975 591//548 595//552 
f 902//836 1377//975 595//552 1378//975 
f 1039//969 1378//975 595//552 1379//975 
f 1035//966 1379//975 595//552 1380//975 
f 1381//975 595//552 599//556 
f 1382//975 599//556 603//560 
f 1383//975 603//560 607//564 
f 451//416 1383//975 607//564 1384//975 
f 1385//975 607//564 611//568 
f 447//413 1385//975 611//568 1386//975 
f 1387//975 611//568 615//571 
f 443//409 1387//975 615//571 1388//975 
f 439//405 1388//975 615//571 1389//975 
f 1390//975 615//571 619//574 
f 435//401 1390//975 619//574 1391//975 
f 431//397 1391//975 619//574 1392//975 
f 1393//975 619//574 623//577 
f 427//393 1393//975 623//577 1394//975 
f 1395//975 623//577 627//580 
f 423//389 1395//975 627//580 1396//975 
f 419//385 1396//975 627//580 1397//975 
f 1398//975 627//580 631//584 
f 415//382 1398//975 631//584 1399//975 
f 1400//975 631//584 635//588 
f 411//379 1400//975 635//588 1401//975 
f 1402//975 635//588 639//591 
f 407//376 1402//975 639//591 1403//975 
f 403//372 1403//975 639//591 1404//975 
f 1405//975 639//591 643//595 
f 399//368 1405//975 643//595 1406//975 
f 1407//975 643//595 647//599 
f 395//364 1407//975 647//599 1408//975 
f 1409//975 647//599 651//603 
f 391//360 1409//975 651//603 1410//975 
f 1411//975 651//603 655//607 
f 387//357 1411//975 655//607 1412//975 
f 1413//975 655//607 659//611 
f 383//353 1413//975 659//611 1414//975 
f 1415//975 659//611 663//615 
f 1416//975 663//615 667//619 
f 1417//975 667//619 671//623 
f 1418//975 671//623 675//627 
f 1419//975 703//650 2//2 
f 699//647 1419//975 2//2 1420//975 
f 695//644 1420//975 2//2 1421//975 
f 1422//975 2//2 1//1 
f 691//640 1422//975 1//1 1423//975 
f 687//637 1423//975 1//1 1424//975 
f 1425//975 1//1 7//6 
f 683//633 1425//975 7//6 1426//975 
f 1427//975 7//6 11//10 
f 679//630 1427//975 11//10 1428//975 
f 1429//975 11//10 15//14 
f 1430//975 15//14 19//17 
f 675//627 1430//975 19//17 1431//975 
f 1432//975 19//17 23//20 
f 379//349 1432//975 23//20 1433//975 
f 1434//975 23//20 27//23 
f 375//345 1434//975 27//23 1435//975 
f 1436//975 27//23 31//27 
f 371//342 1436//975 31//27 1437//975 
f 367//338 1437//975 31//27 1438//975 
f 1439//975 31//27 35//31 
f 363//334 1439//975 35//31 1440//975 
f 359//330 1440//975 35//31 1441//975 
f 355//326 1441//975 35//31 1442//975 
f 351//323 1442//975 35//31 1443//975 
f 347//320 1443//975 35//31 1444//975 
f 1445//975 35//31 39//35 
f 343//316 1445//975 39//35 1446//975 
f 339//312 1446//975 39//35 1447//975 
f 335//308 1447//975 39//35 1448//975 
f 331//304 1448//975 39//35 1449//975 
f 1450//975 39//35 43//39 
f 327//300 1450//975 43//39 1451//975 
f 323//296 1451//975 43//39 1452//975 
f 1453//975 43//39 47//43 
f 319//292 1453//975 47//43 1454//975 
f 1455//975 47//43 51//46 
f 315//289 1455//975 51//46 1456//975 
f 1457//975 51//46 55//50 
f 1458//975 55//50 59//53 
f 311//285 1458//975 59//53 1459//975 
f 1460//975 59//53 63//56 
f 1461//975 63//56 67//59 
f 307//281 1461//975 67//59 1463//975 
f 775//720 1463//975 67//59 1464//975 
f 771//716 1464//975 67//59 1465//975 
f 767//712 1465//975 67//59 1466//975 
f 763//708 1466//975 67//59 1467//975 
f 759//704 1467//975 67//59 1468//975 
f 755//700 1468//975 67//59 1469//975 
f 751//696 1469//975 67//59 1470//975 
f 747//692 1470//975 67//59 1471//975 
f 743//688 1471//975 67//59 1472//975 
f 1473//975 67//59 71//63 
f 1474//975 71//63 75//67 
f 1475//975 75//67 79//70 
f 1476//975 79//70 83//74 
f 1477//975 83//74 87//78 
f 1478//975 87//78 91//82 
f 1479//975 91//82 95//86 
f 1480//975 151//133 155//135 
f 147//130 1480//975 155//135 1481//975 
f 1482//975 271//245 275//249 
f 1483//975 275//249 279//253 
f 267//241 1483//975 279//253 1484//975 
f 1485//975 279//253 283//257 
f 263//237 1485//975 283//257 1486//975 
f 259//233 1486//975 283//257 1487//975 
f 1488//975 283//257 287//261 
f 255//229 1488//975 287//261 1489//975 
f 251//226 1489//975 287//261 1490//975 
f 1491//975 287//261 291//265 
f 247//223 1491//975 291//265 1492//975 
f 243//219 1492//975 291//265 1493//975 
f 1494//975 291//265 295//269 
f 239//215 1494//975 295//269 1495//975 
f 235//211 1495//975 295//269 1496//975 
f 1497//975 295//269 299//273 
f 1462//975 775//720 779//723 
f 1498//975 779//723 783//727 
f 1499//975 783//727 787//730 
f 1500//975 787//730 791//733 
f 307//281 1500//975 791//733 1501//975 
f 1502//975 791//733 795//737 
f 1503//975 795//737 799//741 
f 303//277 1503//975 799//741 1504//975 
f 299//273 1504//975 799//741 1505//975 
f 1506//975 799//741 803//745 
f 1507//975 803//745 807//749 
f 1508//975 807//749 811//753 
f 1509//975 811//753 815//757 
f 231//208 1509//975 815//757 1510//975 
f 1511//975 815//757 819//761 
f 227//204 1511//975 819//761 1512//975 
f 1513//975 819//761 823//765 
f 223//200 1513//975 823//765 1514//975 
f 1515//975 823//765 827//769 
f 219//196 1515//975 827//769 1516//975 
f 1517//975 827//769 831//773 
f 215//192 1517//975 831//773 1518//975 
f 1519//975 831//773 835//776 
f 211//188 1519//975 835//776 1520//975 
f 1521//975 835//776 839//780 
f 1522//975 839//780 843//784 
f 207//184 1522//975 843//784 1523//975 
f 1524//975 843//784 847//788 
f 203//180 1524//975 847//788 1525//975 
f 199//176 1525//975 847//788 1526//975 
f 1527//975 847//788 851//792 
f 195//173 1527//975 851//792 1528//975 
f 1529//975 851//792 855//794 
f 191//169 1529//975 855//794 1530//975 
f 1531//975 855//794 859//798 
f 187//165 1531//975 859//798 1532//975 
f 1533//975 859//798 863//802 
f 183//161 1533//975 863//802 1534//975 
f 179//157 1534//975 863//802 1535//975 
f 1536//975 863//802 867//806 
f 175//153 1536//975 867//806 1537//975 
f 171//149 1537//975 867//806 1538//975 
f 1539//975 867//806 871//809 
f 167//145 1539//975 871//809 1540//975 
f 163//141 1540//975 871//809 1541//975 
f 1542//975 871//809 875//813 
f 1543//975 875//813 879//817 
f 159//138 1543//975 879//817 1544//975 
f 1545//975 879//817 883//821 
f 1546//975 883//821 887//825 
f 1547//975 887//825 891//829 
f 155//135 1547//975 891//829 1548//975 
f 143//127 1548//975 891//829 1549//975 
f 139//123 1549//975 891//829 1550//975 
f 1551//975 891//829 895//831 
f 135//120 1551//975 895//831 1552//975 
f 131//117 1552//975 895//831 1553//975 
f 1554//975 895//831 710//657 
f 127//114 1554//975 710//657 1555//975 
f 1556//975 710//657 709//656 
f 123//111 1556//975 709//656 1557//975 
f 1558//975 709//656 715//662 
f 119//108 1558//975 715//662 1559//975 
f 1560//975 715//662 719//666 
f 115//105 1560//975 719//666 1561//975 
f 1562//975 719//666 723//669 
f 111//101 1562//975 723//669 1563//975 
f 1564//975 723//669 727//672 
f 107//97 1564//975 727//672 1565//975 
f 1566//975 727//672 731//676 
f 103//93 1566//975 731//676 1567//975 
f 1568//975 731//676 735//680 
f 99//90 1568//975 735//680 1569//975 
f 95//86 1569//975 735//680 1570//975 
f 739//684 1570//975 735//680 
# 789 polygons - 1566 triangles

