# 3ds Max Wavefront OBJ Exporter v0.97b - (c)2007 guruware
# File Created: 28.01.2021 19:02:55

#
# object Cho_che
#

v  275.9922 10.0000 41.0169
v  275.0540 10.0000 40.4292
v  275.3667 6.6667 40.6251
v  275.0540 0.0000 40.4292
v  275.9922 0.0000 41.0169
v  275.6795 3.3333 40.8210
v  276.8978 10.0000 41.7333
v  276.2941 6.6667 41.2557
v  276.8978 0.0000 41.7333
v  276.5959 3.3333 41.4945
v  277.7707 10.0000 42.5784
v  277.1888 6.6667 42.0150
v  277.7707 0.0000 42.5784
v  277.4797 3.3333 42.2967
v  278.6109 10.0000 43.5522
v  278.0507 6.6667 42.9030
v  278.6109 0.0000 43.5522
v  278.3308 3.3333 43.2276
v  279.4184 10.0000 44.6548
v  278.8801 6.6667 43.9197
v  279.4184 0.0000 44.6548
v  279.1492 3.3333 44.2872
v  280.1933 10.0000 45.8860
v  279.6767 6.6667 45.0652
v  280.1933 0.0000 45.8860
v  279.9350 3.3333 45.4756
v  280.9355 10.0000 47.2459
v  280.4407 6.6667 46.3393
v  280.9355 0.0000 47.2459
v  280.6881 3.3333 46.7926
v  281.6450 10.0000 48.7345
v  281.1720 6.6667 47.7421
v  281.6450 0.0000 48.7345
v  281.4085 3.3333 48.2383
v  281.9971 10.0000 49.5283
v  281.7624 6.6667 48.9991
v  281.9971 0.0000 49.5283
v  281.8797 3.3333 49.2637
v  282.3344 10.0000 50.2527
v  282.1095 6.6667 49.7697
v  282.3344 0.0000 50.2527
v  282.2220 3.3333 50.0112
v  282.6570 10.0000 50.9077
v  282.4419 6.6667 50.4710
v  282.6570 0.0000 50.9077
v  282.5494 3.3333 50.6894
v  282.9648 10.0000 51.4933
v  282.7596 6.6667 51.1029
v  282.9648 0.0000 51.4933
v  282.8622 3.3333 51.2981
v  283.2579 10.0000 52.0096
v  283.0625 6.6667 51.6654
v  283.2579 0.0000 52.0096
v  283.1602 3.3333 51.8375
v  283.5362 10.0000 52.4565
v  283.3506 6.6667 52.1586
v  283.5362 0.0000 52.4565
v  283.4434 3.3333 52.3075
v  283.7997 10.0000 52.8340
v  283.6240 6.6667 52.5823
v  283.7997 0.0000 52.8340
v  283.7119 3.3333 52.7081
v  284.0486 10.0000 53.1421
v  283.8827 6.6667 52.9367
v  284.0486 0.0000 53.1421
v  283.9656 3.3333 53.0394
v  284.2826 10.0000 53.3808
v  284.1266 6.6667 53.2217
v  284.2826 0.0000 53.3808
v  284.2046 3.3333 53.3012
v  284.5204 10.0000 53.5735
v  284.3619 6.6667 53.4450
v  284.5204 0.0000 53.5735
v  284.4411 3.3333 53.5093
v  284.7804 10.0000 53.7435
v  284.6071 6.6667 53.6302
v  284.7804 0.0000 53.7435
v  284.6937 3.3333 53.6869
v  285.0626 10.0000 53.8909
v  284.8745 6.6667 53.7927
v  285.0626 0.0000 53.8909
v  284.9685 3.3333 53.8418
v  285.3670 10.0000 54.0156
v  285.1641 6.6667 53.9325
v  285.3670 0.0000 54.0156
v  285.2655 3.3333 53.9740
v  285.6936 10.0000 54.1176
v  285.4758 6.6667 54.0496
v  285.6936 0.0000 54.1176
v  285.5847 3.3333 54.0836
v  286.0424 10.0000 54.1970
v  285.8099 6.6667 54.1441
v  286.0424 0.0000 54.1970
v  285.9261 3.3333 54.1705
v  286.4134 10.0000 54.2537
v  286.1661 6.6667 54.2159
v  286.4134 0.0000 54.2537
v  286.2897 3.3333 54.2348
v  286.8066 10.0000 54.2877
v  286.5445 6.6667 54.2650
v  286.8066 0.0000 54.2877
v  286.6756 3.3333 54.2763
v  287.2221 10.0000 54.2990
v  286.9451 6.6667 54.2914
v  287.2221 0.0000 54.2990
v  287.0836 3.3333 54.2952
v  288.5061 10.0000 54.2220
v  287.6501 6.6667 54.2733
v  288.5061 0.0000 54.2220
v  288.0781 3.3333 54.2477
v  289.6390 10.0000 53.9910
v  288.8838 6.6667 54.1450
v  289.6390 0.0000 53.9910
v  289.2614 3.3333 54.0680
v  290.6209 10.0000 53.6061
v  289.9663 6.6667 53.8627
v  290.6209 0.0000 53.6061
v  290.2936 3.3333 53.7344
v  291.4518 10.0000 53.0672
v  290.8979 6.6667 53.4265
v  291.4518 0.0000 53.0672
v  291.1748 3.3333 53.2468
v  292.1316 10.0000 52.3743
v  291.6784 6.6667 52.8362
v  292.1316 0.0000 52.3743
v  291.9050 3.3333 52.6052
v  292.6602 10.0000 51.5274
v  292.3078 6.6667 52.0920
v  292.6602 0.0000 51.5274
v  292.4840 3.3333 51.8097
v  293.0379 10.0000 50.5265
v  292.7861 6.6667 51.1937
v  293.0379 0.0000 50.5265
v  292.9120 3.3333 50.8601
v  293.2645 10.0000 49.3717
v  293.1134 6.6667 50.1416
v  293.2645 0.0000 49.3717
v  293.1890 3.3333 49.7566
v  293.3400 10.0000 48.0628
v  293.2897 6.6667 48.9354
v  293.3400 0.0000 48.0628
v  293.3148 3.3333 48.4991
v  293.3400 10.0000 4.7115
v  293.3400 6.6667 33.6124
v  293.3400 0.0000 4.7115
v  293.3400 3.3333 19.1619
v  283.5191 10.0000 4.7115
v  290.0664 6.6667 4.7115
v  283.5191 0.0000 4.7115
v  286.7928 3.3333 4.7115
v  283.5191 10.0000 41.2305
v  283.5191 6.6667 16.8845
v  283.5191 0.0000 41.2305
v  283.5191 3.3333 29.0575
v  282.8036 10.0000 39.9284
v  283.2806 6.6667 40.7964
v  282.8036 0.0000 39.9284
v  283.0421 3.3333 40.3624
v  282.0031 10.0000 38.7559
v  282.5367 6.6667 39.5376
v  282.0031 0.0000 38.7559
v  282.2699 3.3333 39.1467
v  281.1176 10.0000 37.7128
v  281.7079 6.6667 38.4082
v  281.1176 0.0000 37.7128
v  281.4127 3.3333 38.0605
v  280.1471 10.0000 36.7993
v  280.7941 6.6667 37.4083
v  280.1471 0.0000 36.7993
v  280.4706 3.3333 37.1038
v  279.0917 10.0000 36.0153
v  279.7953 6.6667 36.5379
v  279.0917 0.0000 36.0153
v  279.4435 3.3333 36.2766
v  277.9513 10.0000 35.3607
v  278.7115 6.6667 35.7971
v  277.9513 0.0000 35.3607
v  278.3314 3.3333 35.5789
v  276.7259 10.0000 34.8357
v  277.5428 6.6667 35.1857
v  276.7259 0.0000 34.8357
v  277.1343 3.3333 35.0107
v  275.4155 10.0000 34.4402
v  276.2891 6.6667 34.7039
v  275.4155 0.0000 34.4402
v  275.8523 3.3333 34.5720
v  274.0202 10.0000 34.1742
v  274.9504 6.6667 34.3515
v  274.0202 0.0000 34.1742
v  274.4853 3.3333 34.2629
v  274.0202 10.0000 20.1875
v  274.0202 6.6667 29.5120
v  274.0202 0.0000 20.1875
v  274.0202 3.3333 24.8497
v  273.7730 10.0000 16.9056
v  273.9378 6.6667 19.0935
v  273.7730 0.0000 16.9056
v  273.8554 3.3333 17.9996
v  273.0315 10.0000 14.0099
v  273.5259 6.6667 15.9404
v  273.0315 0.0000 14.0099
v  273.2787 3.3333 14.9751
v  271.7956 10.0000 11.5003
v  272.6195 6.6667 13.1734
v  271.7956 0.0000 11.5003
v  272.2076 3.3333 12.3368
v  270.0653 10.0000 9.3767
v  271.2188 6.6667 10.7924
v  270.0653 0.0000 9.3767
v  270.6421 3.3333 10.0846
v  267.8407 10.0000 7.6393
v  269.3238 6.6667 8.7976
v  267.8407 0.0000 7.6393
v  268.5822 3.3333 8.2184
v  265.1217 10.0000 6.2879
v  266.9344 6.6667 7.1888
v  265.1217 0.0000 6.2879
v  266.0280 3.3333 6.7384
v  261.9084 10.0000 5.3227
v  264.0506 6.6667 5.9662
v  261.9084 0.0000 5.3227
v  262.9795 3.3333 5.6444
v  258.2007 10.0000 4.7436
v  260.6725 6.6667 5.1297
v  258.2007 0.0000 4.7436
v  259.4366 3.3333 4.9366
v  253.9986 10.0000 4.5505
v  256.8000 6.6667 4.6792
v  253.9986 0.0000 4.5505
v  255.3993 3.3333 4.6149
v  250.7182 10.0000 4.6708
v  252.9051 6.6667 4.5906
v  250.7182 0.0000 4.6708
v  251.8116 3.3333 4.6307
v  247.6245 10.0000 5.0315
v  249.6870 6.6667 4.7910
v  247.6245 0.0000 5.0315
v  248.6557 3.3333 4.9113
v  244.7174 10.0000 5.6328
v  246.6555 6.6667 5.2319
v  244.7174 0.0000 5.6328
v  245.6864 3.3333 5.4323
v  241.9970 10.0000 6.4745
v  243.8106 6.6667 5.9134
v  241.9970 0.0000 6.4745
v  242.9038 3.3333 6.1939
v  239.4632 10.0000 7.5568
v  241.1524 6.6667 6.8353
v  239.4632 0.0000 7.5568
v  240.3078 3.3333 7.1960
v  237.1161 10.0000 8.8796
v  238.6808 6.6667 7.9977
v  237.1161 0.0000 8.8796
v  237.8985 3.3333 8.4386
v  234.9556 10.0000 10.4428
v  236.3959 6.6667 9.4007
v  234.9556 0.0000 10.4428
v  235.6758 3.3333 9.9218
v  232.9818 10.0000 12.2466
v  234.2977 6.6667 11.0441
v  232.9818 0.0000 12.2466
v  233.6398 3.3333 11.6454
v  231.1946 10.0000 14.2909
v  232.3861 6.6667 12.9280
v  231.1946 0.0000 14.2909
v  231.7904 3.3333 13.6095
v  232.8053 10.0000 14.8847
v  231.7315 6.6667 14.4888
v  232.8053 0.0000 14.8847
v  232.2684 3.3333 14.6868
v  234.3278 10.0000 15.5224
v  233.3128 6.6667 15.0973
v  234.3278 0.0000 15.5224
v  233.8203 3.3333 15.3098
v  235.7621 10.0000 16.2039
v  234.8059 6.6667 15.7495
v  235.7621 0.0000 16.2039
v  235.2840 3.3333 15.9767
v  237.1084 10.0000 16.9292
v  236.2109 6.6667 16.4457
v  237.1084 0.0000 16.9292
v  236.6596 3.3333 16.6875
v  238.3664 10.0000 17.6985
v  237.5277 6.6667 17.1856
v  238.3664 0.0000 17.6985
v  237.9471 3.3333 17.4421
v  239.5364 10.0000 18.5115
v  238.7564 6.6667 17.9695
v  239.5364 0.0000 18.5115
v  239.1464 3.3333 18.2405
v  240.6182 10.0000 19.3684
v  239.8970 6.6667 18.7972
v  240.6182 0.0000 19.3684
v  240.2576 3.3333 19.0828
v  241.6118 10.0000 20.2692
v  240.9494 6.6667 19.6687
v  241.6118 0.0000 20.2692
v  241.2806 3.3333 19.9690
v  242.5174 10.0000 21.2138
v  241.9137 6.6667 20.5841
v  242.5174 0.0000 21.2138
v  242.2155 3.3333 20.8990
v  241.1885 10.0000 21.7538
v  242.0744 6.6667 21.3938
v  241.1885 0.0000 21.7538
v  241.6314 3.3333 21.5738
v  240.0159 10.0000 22.4366
v  240.7976 6.6667 21.9814
v  240.0159 0.0000 22.4366
v  240.4068 3.3333 22.2090
v  238.9997 10.0000 23.2624
v  239.6772 6.6667 22.7119
v  238.9997 0.0000 23.2624
v  239.3385 3.3333 22.9871
v  238.1398 10.0000 24.2311
v  238.7131 6.6667 23.5853
v  238.1398 0.0000 24.2311
v  238.4265 3.3333 23.9082
v  237.4363 10.0000 25.3427
v  237.9053 6.6667 24.6016
v  237.4363 0.0000 25.3427
v  237.6708 3.3333 24.9721
v  236.8891 10.0000 26.5972
v  237.2539 6.6667 25.7609
v  236.8891 0.0000 26.5972
v  237.0715 3.3333 26.1790
v  236.4983 10.0000 27.9947
v  236.7589 6.6667 27.0630
v  236.4983 0.0000 27.9947
v  236.6286 3.3333 27.5289
v  236.2638 10.0000 29.5351
v  236.4201 6.6667 28.5081
v  236.2638 0.0000 29.5351
v  236.3419 3.3333 29.0216
v  236.1856 10.0000 31.2184
v  236.2377 6.6667 30.0962
v  236.1856 0.0000 31.2184
v  236.2117 3.3333 30.6573
v  236.1856 10.0000 43.3310
v  236.1856 6.6667 35.2559
v  236.1856 0.0000 43.3310
v  236.1856 3.3333 39.2934
v  236.2880 10.0000 45.6329
v  236.2197 6.6667 44.0983
v  236.2880 0.0000 45.6329
v  236.2538 3.3333 44.8656
v  236.5950 10.0000 47.6640
v  236.3903 6.6667 46.3100
v  236.5950 0.0000 47.6640
v  236.4927 3.3333 46.9870
v  237.1069 10.0000 49.4243
v  236.7657 6.6667 48.2508
v  237.1069 0.0000 49.4243
v  236.9363 3.3333 48.8376
v  237.8234 10.0000 50.9138
v  237.3457 6.6667 49.9208
v  237.8234 0.0000 50.9138
v  237.5846 3.3333 50.4173
v  238.7447 10.0000 52.1325
v  238.1305 6.6667 51.3200
v  238.7447 0.0000 52.1325
v  238.4376 3.3333 51.7263
v  239.8707 10.0000 53.0803
v  239.1200 6.6667 52.4484
v  239.8707 0.0000 53.0803
v  239.4953 3.3333 52.7644
v  241.2014 10.0000 53.7574
v  240.3142 6.6667 53.3060
v  241.2014 0.0000 53.7574
v  240.7578 3.3333 53.5317
v  242.7368 10.0000 54.1636
v  241.7132 6.6667 53.8928
v  242.7368 0.0000 54.1636
v  242.2250 3.3333 54.0282
v  244.4770 10.0000 54.2990
v  243.3169 6.6667 54.2087
v  244.4770 0.0000 54.2990
v  243.8970 3.3333 54.2539
v  245.3449 10.0000 54.2645
v  244.7663 6.6667 54.2875
v  245.3449 0.0000 54.2645
v  245.0556 3.3333 54.2760
v  246.1732 10.0000 54.1609
v  245.6210 6.6667 54.2299
v  246.1732 0.0000 54.1609
v  245.8971 3.3333 54.1954
v  246.9619 10.0000 53.9882
v  246.4361 6.6667 54.1033
v  246.9619 0.0000 53.9882
v  246.6990 3.3333 54.0457
v  247.7109 10.0000 53.7464
v  247.2115 6.6667 53.9076
v  247.7109 0.0000 53.7464
v  247.4612 3.3333 53.8270
v  248.4203 10.0000 53.4356
v  247.9474 6.6667 53.6428
v  248.4203 0.0000 53.4356
v  248.1838 3.3333 53.5392
v  249.0901 10.0000 53.0557
v  248.6436 6.6667 53.3090
v  249.0901 0.0000 53.0557
v  248.8668 3.3333 53.1824
v  249.7202 10.0000 52.6068
v  249.3001 6.6667 52.9061
v  249.7202 0.0000 52.6068
v  249.5102 3.3333 52.7564
v  250.3107 10.0000 52.0888
v  249.9171 6.6667 52.4341
v  250.3107 0.0000 52.0888
v  250.1139 3.3333 52.2614
v  250.8616 10.0000 51.5017
v  250.4944 6.6667 51.8931
v  250.8616 0.0000 51.5017
v  250.6780 3.3333 51.6973
v  251.3632 10.0000 50.8617
v  251.0288 6.6667 51.2883
v  251.3632 0.0000 50.8617
v  251.1960 3.3333 51.0750
v  251.8057 10.0000 50.1850
v  251.5107 6.6667 50.6361
v  251.8057 0.0000 50.1850
v  251.6582 3.3333 50.4105
v  252.1893 10.0000 49.4716
v  251.9336 6.6667 49.9472
v  252.1893 0.0000 49.4716
v  252.0614 3.3333 49.7094
v  252.5138 10.0000 48.7215
v  252.2975 6.6667 49.2215
v  252.5138 0.0000 48.7215
v  252.4056 3.3333 48.9715
v  252.7794 10.0000 47.9346
v  252.6023 6.6667 48.4592
v  252.7794 0.0000 47.9346
v  252.6909 3.3333 48.1969
v  252.9859 10.0000 47.1111
v  252.8482 6.6667 47.6601
v  252.9859 0.0000 47.1111
v  252.9171 3.3333 47.3856
v  253.1334 10.0000 46.2509
v  253.0351 6.6667 46.8243
v  253.1334 0.0000 46.2509
v  253.0842 3.3333 46.5376
v  253.2219 10.0000 45.3539
v  253.1629 6.6667 45.9519
v  253.2219 0.0000 45.3539
v  253.1924 3.3333 45.6529
v  253.2514 10.0000 44.4202
v  253.2318 6.6667 45.0427
v  253.2514 0.0000 44.4202
v  253.2416 3.3333 44.7315
v  253.2289 10.0000 43.7273
v  253.2439 6.6667 44.1893
v  253.2289 0.0000 43.7273
v  253.2364 3.3333 43.9583
v  253.1613 10.0000 43.0506
v  253.2063 6.6667 43.5017
v  253.1613 0.0000 43.0506
v  253.1838 3.3333 43.2762
v  253.0485 10.0000 42.3900
v  253.1237 6.6667 42.8304
v  253.0485 0.0000 42.3900
v  253.0861 3.3333 42.6102
v  252.8907 10.0000 41.7456
v  252.9959 6.6667 42.1752
v  252.8907 0.0000 41.7456
v  252.9433 3.3333 41.9604
v  252.6877 10.0000 41.1174
v  252.8230 6.6667 41.5362
v  252.6877 0.0000 41.1174
v  252.7554 3.3333 41.3268
v  252.4397 10.0000 40.5054
v  252.6051 6.6667 40.9134
v  252.4397 0.0000 40.5054
v  252.5224 3.3333 40.7094
v  252.1466 10.0000 39.9096
v  252.3420 6.6667 40.3068
v  252.1466 0.0000 39.9096
v  252.2443 3.3333 40.1082
v  251.8084 10.0000 39.3299
v  252.0339 6.6667 39.7164
v  251.8084 0.0000 39.3299
v  251.9211 3.3333 39.5231
v  251.4251 10.0000 38.7664
v  251.6806 6.6667 39.1421
v  251.4251 0.0000 38.7664
v  251.5529 3.3333 38.9543
v  250.9975 10.0000 38.2419
v  251.2826 6.6667 38.5916
v  250.9975 0.0000 38.2419
v  251.1400 3.3333 38.4167
v  250.5262 10.0000 37.7791
v  250.8404 6.6667 38.0876
v  250.5262 0.0000 37.7791
v  250.6833 3.3333 37.9333
v  250.0113 10.0000 37.3780
v  250.3546 6.6667 37.6454
v  250.0113 0.0000 37.3780
v  250.1830 3.3333 37.5117
v  249.4529 10.0000 37.0386
v  249.8252 6.6667 37.2648
v  249.4529 0.0000 37.0386
v  249.6390 3.3333 37.1517
v  248.8508 10.0000 36.7609
v  249.2522 6.6667 36.9460
v  248.8508 0.0000 36.7609
v  249.0515 3.3333 36.8534
v  248.2051 10.0000 36.5449
v  248.6356 6.6667 36.6889
v  248.2051 0.0000 36.5449
v  248.4203 3.3333 36.6169
v  247.5159 10.0000 36.3906
v  247.9754 6.6667 36.4935
v  247.5159 0.0000 36.3906
v  247.7456 3.3333 36.4420
v  246.7830 10.0000 36.2980
v  247.2716 6.6667 36.3597
v  246.7830 0.0000 36.2980
v  247.0273 3.3333 36.3289
v  246.0065 10.0000 36.2672
v  246.5242 6.6667 36.2878
v  246.0065 0.0000 36.2672
v  246.2653 3.3333 36.2775
v  246.0065 10.0000 31.3869
v  246.0065 6.6667 34.6404
v  246.0065 0.0000 31.3869
v  246.0065 3.3333 33.0137
v  246.0347 10.0000 30.6754
v  246.0159 6.6667 31.1498
v  246.0347 0.0000 30.6754
v  246.0253 3.3333 30.9126
v  246.1192 10.0000 29.9520
v  246.0629 6.6667 30.4343
v  246.1192 0.0000 29.9520
v  246.0910 3.3333 30.1931
v  246.2602 10.0000 29.2165
v  246.1662 6.6667 29.7068
v  246.2602 0.0000 29.2165
v  246.2132 3.3333 29.4617
v  246.4574 10.0000 28.4691
v  246.3259 6.6667 28.9674
v  246.4574 0.0000 28.4691
v  246.3917 3.3333 28.7182
v  246.7111 10.0000 27.7096
v  246.5420 6.6667 28.2159
v  246.7111 0.0000 27.7096
v  246.6266 3.3333 27.9628
v  247.0211 10.0000 26.9382
v  246.8145 6.6667 27.4525
v  247.0211 0.0000 26.9382
v  246.9178 3.3333 27.1954
v  247.3875 10.0000 26.1548
v  247.1432 6.6667 26.6771
v  247.3875 0.0000 26.1548
v  247.2654 3.3333 26.4160
v  247.8103 10.0000 25.3594
v  247.5284 6.6667 25.8897
v  247.8103 0.0000 25.3594
v  247.6694 3.3333 25.6245
v  248.2894 10.0000 24.5520
v  247.9700 6.6667 25.0903
v  248.2894 0.0000 24.5520
v  248.1297 3.3333 24.8212
v  248.8016 10.0000 23.7838
v  248.4601 6.6667 24.2960
v  248.8016 0.0000 23.7838
v  248.6309 3.3333 24.0399
v  249.3236 10.0000 23.1060
v  248.9756 6.6667 23.5579
v  249.3236 0.0000 23.1060
v  249.1496 3.3333 23.3320
v  249.8554 10.0000 22.5186
v  249.5009 6.6667 22.9102
v  249.8554 0.0000 22.5186
v  249.6781 3.3333 22.7144
v  250.3969 10.0000 22.0215
v  250.0359 6.6667 22.3529
v  250.3969 0.0000 22.0215
v  250.2164 3.3333 22.1872
v  250.9483 10.0000 21.6148
v  250.5807 6.6667 21.8860
v  250.9483 0.0000 21.6148
v  250.7645 3.3333 21.7504
v  251.5094 10.0000 21.2985
v  251.1353 6.6667 21.5094
v  251.5094 0.0000 21.2985
v  251.3223 3.3333 21.4040
v  252.0803 10.0000 21.0726
v  251.6997 6.6667 21.2232
v  252.0803 0.0000 21.0726
v  251.8900 3.3333 21.1479
v  252.6610 10.0000 20.9370
v  252.2738 6.6667 21.0274
v  252.6610 0.0000 20.9370
v  252.4674 3.3333 20.9822
v  253.2514 10.0000 20.8918
v  252.8578 6.6667 20.9220
v  253.2514 0.0000 20.8918
v  253.0546 3.3333 20.9069
v  252.5309 10.0000 20.0198
v  253.0113 6.6667 20.6011
v  252.5309 0.0000 20.0198
v  252.7711 3.3333 20.3105
v  251.7447 10.0000 19.1734
v  252.2689 6.6667 19.7376
v  251.7447 0.0000 19.1734
v  252.0068 3.3333 19.4555
v  250.8926 10.0000 18.3528
v  251.4607 6.6667 18.8999
v  250.8926 0.0000 18.3528
v  251.1767 3.3333 18.6263
v  249.9748 10.0000 17.5578
v  250.5867 6.6667 18.0878
v  249.9748 0.0000 17.5578
v  250.2808 3.3333 17.8228
v  248.9912 10.0000 16.7886
v  249.6469 6.6667 17.3014
v  248.9912 0.0000 16.7886
v  249.3191 3.3333 17.0450
v  247.9418 10.0000 16.0451
v  248.6414 6.6667 16.5408
v  247.9418 0.0000 16.0451
v  248.2916 3.3333 16.2929
v  246.8267 10.0000 15.3273
v  247.5701 6.6667 15.8059
v  246.8267 0.0000 15.3273
v  247.1984 3.3333 15.5666
v  245.6458 10.0000 14.6353
v  246.4330 6.6667 15.0966
v  245.6458 0.0000 14.6353
v  246.0394 3.3333 14.8660
v  244.3990 10.0000 13.9689
v  245.2302 6.6667 14.4131
v  244.3990 0.0000 13.9689
v  244.8146 3.3333 14.1910
v  245.2234 10.0000 13.2762
v  244.6738 6.6667 13.7380
v  245.2234 0.0000 13.2762
v  244.9486 3.3333 13.5071
v  246.1134 10.0000 12.6650
v  245.5201 6.6667 13.0725
v  246.1134 0.0000 12.6650
v  245.8167 3.3333 12.8687
v  247.0689 10.0000 12.1353
v  246.4319 6.6667 12.4884
v  247.0689 0.0000 12.1353
v  246.7504 3.3333 12.3119
v  248.0901 10.0000 11.6871
v  247.4093 6.6667 11.9859
v  248.0901 0.0000 11.6871
v  247.7497 3.3333 11.8365
v  249.1768 10.0000 11.3204
v  248.4523 6.6667 11.5649
v  249.1768 0.0000 11.3204
v  248.8146 3.3333 11.4426
v  250.3291 10.0000 11.0352
v  249.5609 6.6667 11.2253
v  250.3291 0.0000 11.0352
v  249.9450 3.3333 11.1302
v  251.5471 10.0000 10.8314
v  250.7351 6.6667 10.9672
v  251.5471 0.0000 10.8314
v  251.1411 3.3333 10.8993
v  252.8306 10.0000 10.7092
v  251.9749 6.6667 10.7907
v  252.8306 0.0000 10.7092
v  252.4027 3.3333 10.7499
v  254.1797 10.0000 10.6684
v  253.2803 6.6667 10.6956
v  254.1797 0.0000 10.6684
v  253.7300 3.3333 10.6820
v  256.2826 10.0000 10.7877
v  254.8806 6.6667 10.7082
v  256.2826 0.0000 10.7877
v  255.5816 3.3333 10.7479
v  258.1381 10.0000 11.1455
v  256.9011 6.6667 10.9070
v  258.1381 0.0000 11.1455
v  257.5196 3.3333 11.0262
v  259.7462 10.0000 11.7418
v  258.6741 6.6667 11.3442
v  259.7462 0.0000 11.7418
v  259.2101 3.3333 11.5430
v  261.1068 10.0000 12.5766
v  260.1997 6.6667 12.0200
v  261.1068 0.0000 12.5766
v  260.6533 3.3333 12.2983
v  262.2201 10.0000 13.6499
v  261.4779 6.6667 12.9343
v  262.2201 0.0000 13.6499
v  261.8490 3.3333 13.2921
v  263.0860 10.0000 14.9617
v  262.5088 6.6667 14.0872
v  263.0860 0.0000 14.9617
v  262.7974 3.3333 14.5244
v  263.7045 10.0000 16.5121
v  263.2922 6.6667 15.4785
v  263.7045 0.0000 16.5121
v  263.4984 3.3333 15.9953
v  264.0756 10.0000 18.3010
v  263.8282 6.6667 17.1084
v  264.0756 0.0000 18.3010
v  263.9519 3.3333 17.7047
v  264.1993 10.0000 20.3283
v  264.1169 6.6667 18.9768
v  264.1993 0.0000 20.3283
v  264.1581 3.3333 19.6525
v  264.1993 10.0000 34.8182
v  264.1993 6.6667 25.1583
v  264.1993 0.0000 34.8182
v  264.1993 3.3333 29.9882
v  262.7463 10.0000 35.0701
v  263.7150 6.6667 34.9022
v  262.7463 0.0000 35.0701
v  263.2307 3.3333 34.9862
v  261.4643 10.0000 35.5341
v  262.3190 6.6667 35.2248
v  261.4643 0.0000 35.5341
v  261.8917 3.3333 35.3795
v  260.3532 10.0000 36.2102
v  261.0940 6.6667 35.7595
v  260.3532 0.0000 36.2102
v  260.7236 3.3333 35.9848
v  259.4131 10.0000 37.0983
v  260.0399 6.6667 36.5062
v  259.4131 0.0000 37.0983
v  259.7265 3.3333 36.8022
v  258.6439 10.0000 38.1984
v  259.1567 6.6667 37.4650
v  258.6439 0.0000 38.1984
v  258.9003 3.3333 37.8317
v  258.0456 10.0000 39.5106
v  258.4445 6.6667 38.6358
v  258.0456 0.0000 39.5106
v  258.2450 3.3333 39.0732
v  257.6183 10.0000 41.0349
v  257.9031 6.6667 40.0187
v  257.6183 0.0000 41.0349
v  257.7607 3.3333 40.5268
v  257.3618 10.0000 42.7712
v  257.5328 6.6667 41.6137
v  257.3618 0.0000 42.7712
v  257.4473 3.3333 42.1925
v  257.2764 10.0000 44.7196
v  257.3334 6.6667 43.4207
v  257.2764 0.0000 44.7196
v  257.3049 3.3333 44.0701
v  257.3071 10.0000 45.6314
v  257.2866 6.6667 45.0235
v  257.3071 0.0000 45.6314
v  257.2969 3.3333 45.3274
v  257.3994 10.0000 46.5107
v  257.3379 6.6667 45.9245
v  257.3994 0.0000 46.5107
v  257.3687 3.3333 46.2176
v  257.5532 10.0000 47.3576
v  257.4507 6.6667 46.7930
v  257.5532 0.0000 47.3576
v  257.5020 3.3333 47.0753
v  257.7686 10.0000 48.1721
v  257.6250 6.6667 47.6291
v  257.7686 0.0000 48.1721
v  257.6968 3.3333 47.9006
v  258.0454 10.0000 48.9542
v  257.8609 6.6667 48.4328
v  258.0454 0.0000 48.9542
v  257.9532 3.3333 48.6935
v  258.3838 10.0000 49.7038
v  258.1582 6.6667 49.2041
v  258.3838 0.0000 49.7038
v  258.2710 3.3333 49.4540
v  258.7837 10.0000 50.4211
v  258.5171 6.6667 49.9429
v  258.7837 0.0000 50.4211
v  258.6504 3.3333 50.1820
v  259.2451 10.0000 51.1059
v  258.9375 6.6667 50.6493
v  259.2451 0.0000 51.1059
v  259.0913 3.3333 50.8776
v  259.7681 10.0000 51.7582
v  259.4195 6.6667 51.3233
v  259.7681 0.0000 51.7582
v  259.5938 3.3333 51.5408
v  260.3385 10.0000 52.3591
v  259.9582 6.6667 51.9585
v  260.3385 0.0000 52.3591
v  260.1483 3.3333 52.1588
v  260.9422 10.0000 52.8892
v  260.5397 6.6667 52.5358
v  260.9422 0.0000 52.8892
v  260.7409 3.3333 52.7125
v  261.5792 10.0000 53.3487
v  261.1545 6.6667 53.0424
v  261.5792 0.0000 53.3487
v  261.3669 3.3333 53.1955
v  262.2495 10.0000 53.7374
v  261.8026 6.6667 53.4783
v  262.2495 0.0000 53.7374
v  262.0261 3.3333 53.6078
v  262.9532 10.0000 54.0555
v  262.4841 6.6667 53.8435
v  262.9532 0.0000 54.0555
v  262.7186 3.3333 53.9495
v  263.6902 10.0000 54.3029
v  263.1989 6.6667 54.1380
v  263.6902 0.0000 54.3029
v  263.4445 3.3333 54.2204
v  264.4605 10.0000 54.4796
v  263.9470 6.6667 54.3618
v  264.4605 0.0000 54.4796
v  264.2037 3.3333 54.4207
v  265.2641 10.0000 54.5857
v  264.7284 6.6667 54.5150
v  265.2641 0.0000 54.5857
v  264.9963 3.3333 54.5503
v  266.1011 10.0000 54.6210
v  265.5431 6.6667 54.5974
v  266.1011 0.0000 54.6210
v  265.8221 3.3333 54.6092
v  267.9659 10.0000 54.4985
v  266.7227 6.6667 54.5802
v  267.9659 0.0000 54.4985
v  267.3443 3.3333 54.5393
v  269.6113 10.0000 54.1309
v  268.5143 6.6667 54.3760
v  269.6113 0.0000 54.1309
v  269.0628 3.3333 54.2534
v  271.0373 10.0000 53.5183
v  270.0866 6.6667 53.9267
v  271.0373 0.0000 53.5183
v  270.5620 3.3333 53.7225
v  272.2439 10.0000 52.6607
v  271.4395 6.6667 53.2324
v  272.2439 0.0000 52.6607
v  271.8417 3.3333 52.9466
v  273.2311 10.0000 51.5580
v  272.5730 6.6667 52.2931
v  273.2311 0.0000 51.5580
v  272.9020 3.3333 51.9256
v  273.9990 10.0000 50.2103
v  273.4871 6.6667 51.1088
v  273.9990 0.0000 50.2103
v  273.7430 3.3333 50.6595
v  274.5474 10.0000 48.6176
v  274.1818 6.6667 49.6794
v  274.5474 0.0000 48.6176
v  274.3646 3.3333 49.1485
v  274.8765 10.0000 46.7798
v  274.6571 6.6667 48.0050
v  274.8765 0.0000 46.7798
v  274.7668 3.3333 47.3924
v  274.9862 10.0000 44.6970
v  274.9131 6.6667 46.0855
v  274.9862 0.0000 44.6970
v  274.9496 3.3333 45.3912
v  274.9750 10.0000 44.0433
v  274.9825 6.6667 44.4791
v  274.9750 0.0000 44.0433
v  274.9788 3.3333 44.2612
v  274.9416 10.0000 43.4218
v  274.9639 6.6667 43.8361
v  274.9416 0.0000 43.4218
v  274.9528 3.3333 43.6289
v  274.8859 10.0000 42.8323
v  274.9230 6.6667 43.2253
v  274.8859 0.0000 42.8323
v  274.9044 3.3333 43.0288
v  274.8078 10.0000 42.2750
v  274.8599 6.6667 42.6466
v  274.8078 0.0000 42.2750
v  274.8338 3.3333 42.4608
v  274.7075 10.0000 41.7498
v  274.7744 6.6667 42.1000
v  274.7075 0.0000 41.7498
v  274.7409 3.3333 41.9249
v  274.5848 10.0000 41.2567
v  274.6666 6.6667 41.5855
v  274.5848 0.0000 41.2567
v  274.6257 3.3333 41.4211
v  274.4399 10.0000 40.7958
v  274.5365 6.6667 41.1031
v  274.4399 0.0000 40.7958
v  274.4882 3.3333 40.9494
v  274.2726 10.0000 40.3669
v  274.3842 6.6667 40.6528
v  274.2726 0.0000 40.3669
v  274.3284 3.3333 40.5098
v  274.0831 10.0000 39.9701
v  274.2095 6.6667 40.2346
v  274.0831 0.0000 39.9701
v  274.1463 3.3333 40.1024
v  274.4067 6.6667 40.1231
v  274.7303 3.3333 40.2762
v  267.6490 10.0000 40.1909
v  266.9800 10.0000 40.0253
v  267.2030 6.6667 40.0805
v  266.9800 0.0000 40.0253
v  267.6490 0.0000 40.1909
v  267.4260 3.3333 40.1357
v  268.2288 10.0000 40.4668
v  267.8422 6.6667 40.2829
v  268.2288 0.0000 40.4668
v  268.0355 3.3333 40.3749
v  268.7193 10.0000 40.8531
v  268.3923 6.6667 40.5956
v  268.7193 0.0000 40.8531
v  268.5558 3.3333 40.7244
v  269.1207 10.0000 41.3498
v  268.8531 6.6667 41.0187
v  269.1207 0.0000 41.3498
v  268.9869 3.3333 41.1843
v  269.4329 10.0000 41.9569
v  269.2248 6.6667 41.5522
v  269.4329 0.0000 41.9569
v  269.3288 3.3333 41.7546
v  269.6559 10.0000 42.6744
v  269.5072 6.6667 42.1961
v  269.6559 0.0000 42.6744
v  269.5815 3.3333 42.4352
v  269.7897 10.0000 43.5022
v  269.7005 6.6667 42.9503
v  269.7897 0.0000 43.5022
v  269.7451 3.3333 43.2262
v  269.8343 10.0000 44.4404
v  269.8045 6.6667 43.8149
v  269.8343 0.0000 44.4404
v  269.8194 3.3333 44.1276
v  269.7911 10.0000 45.4282
v  269.8199 6.6667 44.7696
v  269.7911 0.0000 45.4282
v  269.8055 3.3333 45.0989
v  269.6618 10.0000 46.2998
v  269.7480 6.6667 45.7187
v  269.6618 0.0000 46.2998
v  269.7050 3.3333 46.0093
v  269.4463 10.0000 47.0552
v  269.5900 6.6667 46.5516
v  269.4463 0.0000 47.0552
v  269.5182 3.3333 46.8034
v  269.1445 10.0000 47.6944
v  269.3457 6.6667 47.2683
v  269.1445 0.0000 47.6944
v  269.2451 3.3333 47.4813
v  268.7566 10.0000 48.2173
v  269.0152 6.6667 47.8687
v  268.7566 0.0000 48.2173
v  268.8859 3.3333 48.0430
v  268.2824 10.0000 48.6241
v  268.5985 6.6667 48.3529
v  268.2824 0.0000 48.6241
v  268.4405 3.3333 48.4885
v  267.7220 10.0000 48.9146
v  268.0956 6.6667 48.7209
v  267.7220 0.0000 48.9146
v  267.9088 3.3333 48.8178
v  267.0754 10.0000 49.0889
v  267.5065 6.6667 48.9727
v  267.0754 0.0000 49.0889
v  267.2910 3.3333 49.0308
v  266.3426 10.0000 49.1470
v  266.8311 6.6667 49.1083
v  266.3426 0.0000 49.1470
v  266.5869 3.3333 49.1277
v  265.5211 10.0000 49.0904
v  266.0688 6.6667 49.1282
v  265.5211 0.0000 49.0904
v  265.7949 3.3333 49.1093
v  264.7962 10.0000 48.9205
v  265.2795 6.6667 49.0338
v  264.7962 0.0000 48.9205
v  265.0378 3.3333 48.9771
v  264.1680 10.0000 48.6372
v  264.5868 6.6667 48.8260
v  264.1680 0.0000 48.6372
v  264.3774 3.3333 48.7316
v  263.6364 10.0000 48.2407
v  263.9908 6.6667 48.5050
v  263.6364 0.0000 48.2407
v  263.8136 3.3333 48.3729
v  263.2015 10.0000 47.7309
v  263.4915 6.6667 48.0708
v  263.2015 0.0000 47.7309
v  263.3465 3.3333 47.9008
v  262.8633 10.0000 47.1077
v  263.0888 6.6667 47.5232
v  262.8633 0.0000 47.1077
v  262.9760 3.3333 47.3154
v  262.6216 10.0000 46.3713
v  262.7827 6.6667 46.8623
v  262.6216 0.0000 46.3713
v  262.7022 3.3333 46.6168
v  262.4767 10.0000 45.5216
v  262.5733 6.6667 46.0881
v  262.4767 0.0000 45.5216
v  262.5250 3.3333 45.8048
v  262.4283 10.0000 44.5586
v  262.4605 6.6667 45.2006
v  262.4283 0.0000 44.5586
v  262.4445 3.3333 44.8796
v  262.4752 10.0000 43.5956
v  262.4439 6.6667 44.2376
v  262.4752 0.0000 43.5956
v  262.4596 3.3333 43.9166
v  262.6157 10.0000 42.7459
v  262.5220 6.6667 43.3124
v  262.6157 0.0000 42.7459
v  262.5688 3.3333 43.0291
v  262.8499 10.0000 42.0095
v  262.6937 6.6667 42.5004
v  262.8499 0.0000 42.0095
v  262.7718 3.3333 42.2549
v  263.1777 10.0000 41.3863
v  262.9591 6.6667 41.8017
v  263.1777 0.0000 41.3863
v  263.0684 3.3333 41.5940
v  263.5992 10.0000 40.8765
v  263.3182 6.6667 41.2164
v  263.5992 0.0000 40.8765
v  263.4587 3.3333 41.0465
v  264.1143 10.0000 40.4800
v  263.7709 6.6667 40.7443
v  264.1143 0.0000 40.4800
v  263.9426 3.3333 40.6122
v  264.7232 10.0000 40.1967
v  264.3173 6.6667 40.3856
v  264.7232 0.0000 40.1967
v  264.5202 3.3333 40.2911
v  265.4257 10.0000 40.0268
v  264.9574 6.6667 40.1401
v  265.4257 0.0000 40.0268
v  265.1915 3.3333 40.0834
v  266.2219 10.0000 39.9701
v  265.6911 6.6667 40.0079
v  266.2219 0.0000 39.9701
v  265.9565 3.3333 39.9890
v  266.4746 6.6667 39.9885
v  266.7273 3.3333 40.0069
v  246.6553 10.0000 41.6183
v  245.9668 10.0000 41.4689
v  246.1963 6.6667 41.5187
v  245.9668 0.0000 41.4689
v  246.6553 0.0000 41.6183
v  246.4258 3.3333 41.5685
v  247.2520 10.0000 41.8672
v  246.8542 6.6667 41.7012
v  247.2520 0.0000 41.8672
v  247.0531 3.3333 41.7842
v  247.7569 10.0000 42.2157
v  247.4203 6.6667 41.9834
v  247.7569 0.0000 42.2157
v  247.5886 3.3333 42.0995
v  248.1700 10.0000 42.6637
v  247.8946 6.6667 42.3650
v  248.1700 0.0000 42.6637
v  248.0323 3.3333 42.5144
v  248.4913 10.0000 43.2113
v  248.2771 6.6667 42.8463
v  248.4913 0.0000 43.2113
v  248.3842 3.3333 43.0288
v  248.7209 10.0000 43.8586
v  248.5679 6.6667 43.4271
v  248.7209 0.0000 43.8586
v  248.6444 3.3333 43.6428
v  248.8586 10.0000 44.6053
v  248.7668 6.6667 44.1075
v  248.8586 0.0000 44.6053
v  248.8127 3.3333 44.3564
v  248.9045 10.0000 45.4516
v  248.8739 6.6667 44.8874
v  248.9045 0.0000 45.4516
v  248.8892 3.3333 45.1695
v  248.8586 10.0000 46.2610
v  248.8892 6.6667 45.7214
v  248.8586 0.0000 46.2610
v  248.8739 3.3333 45.9912
v  248.7209 10.0000 46.9752
v  248.8127 6.6667 46.4991
v  248.7209 0.0000 46.9752
v  248.7668 3.3333 46.7371
v  248.4913 10.0000 47.5941
v  248.6443 6.6667 47.1815
v  248.4913 0.0000 47.5941
v  248.5679 3.3333 47.3878
v  248.1700 10.0000 48.1178
v  248.3842 6.6667 47.7687
v  248.1700 0.0000 48.1178
v  248.2771 3.3333 47.9432
v  247.7569 10.0000 48.5463
v  248.0323 6.6667 48.2606
v  247.7569 0.0000 48.5463
v  247.8946 3.3333 48.4035
v  247.2520 10.0000 48.8796
v  247.5886 6.6667 48.6574
v  247.2520 0.0000 48.8796
v  247.4203 3.3333 48.7685
v  246.6553 10.0000 49.1176
v  247.0531 6.6667 48.9589
v  246.6553 0.0000 49.1176
v  246.8542 3.3333 49.0383
v  245.9668 10.0000 49.2604
v  246.4258 6.6667 49.1652
v  245.9668 0.0000 49.2604
v  246.1963 3.3333 49.2128
v  245.1864 10.0000 49.3080
v  245.7066 6.6667 49.2763
v  245.1864 0.0000 49.3080
v  245.4465 3.3333 49.2922
v  244.4462 10.0000 49.2590
v  244.9397 6.6667 49.2917
v  244.4462 0.0000 49.2590
v  244.6929 3.3333 49.2753
v  243.7931 10.0000 49.1118
v  244.2285 6.6667 49.2099
v  243.7931 0.0000 49.1118
v  244.0108 3.3333 49.1608
v  243.2271 10.0000 48.8664
v  243.6044 6.6667 49.0300
v  243.2271 0.0000 48.8664
v  243.4157 3.3333 48.9482
v  242.7481 10.0000 48.5229
v  243.0674 6.6667 48.7519
v  242.7481 0.0000 48.5229
v  242.9077 3.3333 48.6374
v  242.3562 10.0000 48.0813
v  242.6175 6.6667 48.3757
v  242.3562 0.0000 48.0813
v  242.4868 3.3333 48.2285
v  242.0514 10.0000 47.5415
v  242.2546 6.6667 47.9014
v  242.0514 0.0000 47.5415
v  242.1530 3.3333 47.7215
v  241.8337 10.0000 46.9036
v  241.9789 6.6667 47.3289
v  241.8337 0.0000 46.9036
v  241.9063 3.3333 47.1163
v  241.7031 10.0000 46.1676
v  241.7902 6.6667 46.6583
v  241.7031 0.0000 46.1676
v  241.7466 3.3333 46.4129
v  241.6595 10.0000 45.3334
v  241.6886 6.6667 45.8895
v  241.6595 0.0000 45.3334
v  241.6741 3.3333 45.6115
v  241.7031 10.0000 44.5119
v  241.6741 6.6667 45.0596
v  241.7031 0.0000 44.5119
v  241.6886 3.3333 44.7857
v  241.8337 10.0000 43.7870
v  241.7466 6.6667 44.2703
v  241.8337 0.0000 43.7870
v  241.7902 3.3333 44.0286
v  242.0514 10.0000 43.1588
v  241.9063 6.6667 43.5776
v  242.0514 0.0000 43.1588
v  241.9789 3.3333 43.3682
v  242.3562 10.0000 42.6272
v  242.1530 6.6667 42.9816
v  242.3562 0.0000 42.6272
v  242.2546 3.3333 42.8044
v  242.7481 10.0000 42.1923
v  242.4868 6.6667 42.4823
v  242.7481 0.0000 42.1923
v  242.6175 3.3333 42.3373
v  243.2271 10.0000 41.8540
v  242.9077 6.6667 42.0796
v  243.2271 0.0000 41.8540
v  243.0674 3.3333 41.9668
v  243.7931 10.0000 41.6124
v  243.4157 6.6667 41.7735
v  243.7931 0.0000 41.6124
v  243.6044 3.3333 41.6930
v  244.4462 10.0000 41.4675
v  244.0108 6.6667 41.5641
v  244.4462 0.0000 41.4675
v  244.2285 3.3333 41.5158
v  245.1864 10.0000 41.4191
v  244.6929 6.6667 41.4513
v  245.1864 0.0000 41.4191
v  244.9397 3.3333 41.4352
v  245.4465 6.6667 41.4357
v  245.7066 3.3333 41.4523
v  245.7199 0.0000 39.7184
v  246.2521 0.0000 38.0114
v  246.7552 0.0000 38.0525
v  246.7126 0.0000 39.8259
v  247.4588 0.0000 38.1846
v  247.9037 0.0000 38.3080
v  247.5860 0.0000 40.0821
v  248.5186 0.0000 38.5555
v  248.9054 0.0000 38.7612
v  249.2632 0.0000 39.0081
v  249.5919 0.0000 39.2961
v  248.6688 0.0000 40.7749
v  250.0598 0.0000 39.7413
v  250.3301 0.0000 40.1040
v  249.2451 0.0000 41.4031
v  250.7084 0.0000 40.6344
v  250.9188 0.0000 41.0262
v  251.0992 0.0000 41.4289
v  249.7831 0.0000 42.3308
v  251.3566 0.0000 42.0248
v  251.4768 0.0000 42.4490
v  250.0869 0.0000 43.1533
v  251.6435 0.0000 43.0997
v  251.7037 0.0000 43.5455
v  250.2694 0.0000 44.0637
v  251.7796 0.0000 44.2510
v  251.7773 0.0000 44.7932
v  250.3283 0.0000 45.1369
v  251.7533 0.0000 45.6855
v  250.2988 0.0000 45.9878
v  251.6593 0.0000 46.5410
v  250.1884 0.0000 46.7824
v  251.4954 0.0000 47.3403
v  251.3380 0.0000 47.8771
v  249.9087 0.0000 47.7636
v  251.0648 0.0000 48.5957
v  250.8288 0.0000 49.0835
v  249.4890 0.0000 48.6323
v  250.4463 0.0000 49.7215
v  249.0967 0.0000 49.1753
v  249.9939 0.0000 50.3032
v  249.6431 0.0000 50.7122
v  248.4399 0.0000 49.8382
v  249.0943 0.0000 51.1917
v  248.6874 0.0000 51.5140
v  247.6658 0.0000 50.3510
v  248.0552 0.0000 51.8697
v  247.5955 0.0000 52.0999
v  246.7776 0.0000 50.7082
v  246.8799 0.0000 52.3317
v  246.3673 0.0000 52.4698
v  245.7755 0.0000 50.9098
v  245.5682 0.0000 52.5778
v  245.0028 0.0000 52.6238
v  244.7032 0.0000 50.9553
v  244.2388 0.0000 50.8899
v  243.6690 0.0000 52.5248
v  243.2523 0.0000 50.7139
v  242.3884 0.0000 52.2625
v  242.3922 0.0000 50.3822
v  241.2734 0.0000 51.7869
v  240.4545 0.0000 51.2452
v  241.2830 0.0000 49.5789
v  239.6414 0.0000 50.3759
v  240.7437 0.0000 48.8456
v  238.9939 0.0000 49.2932
v  240.3307 0.0000 47.9565
v  238.5119 0.0000 47.9973
v  240.0439 0.0000 46.9118
v  239.9859 0.0000 46.3883
v  238.1808 0.0000 46.2101
v  238.0444 0.0000 44.7658
v  238.0103 0.0000 39.9609
v  238.0363 0.0000 35.3623
v  238.1405 0.0000 34.2877
v  238.3490 0.0000 33.3084
v  238.6617 0.0000 32.4244
v  239.0786 0.0000 31.6357
v  239.5997 0.0000 30.9423
v  240.2251 0.0000 30.3441
v  240.9547 0.0000 29.8413
v  241.7885 0.0000 29.4337
v  241.9600 0.0000 37.0197
v  242.0181 0.0000 36.5042
v  242.1342 0.0000 36.0532
v  242.3083 0.0000 35.6666
v  242.5406 0.0000 35.3445
v  242.8308 0.0000 35.0867
v  243.1792 0.0000 34.8934
v  243.5856 0.0000 34.7646
v  244.0500 0.0000 34.7001
v  244.5701 0.0000 32.9667
v  244.8435 0.0000 29.6226
v  244.8528 0.0000 27.7587
v  244.8904 0.0000 27.2804
v  244.9656 0.0000 26.7941
v  245.0783 0.0000 26.2998
v  245.2286 0.0000 25.7975
v  245.4165 0.0000 25.2872
v  245.6420 0.0000 24.7690
v  245.9051 0.0000 24.2427
v  246.2057 0.0000 23.7084
v  246.5361 0.0000 23.1832
v  246.8809 0.0000 22.7012
v  247.2321 0.0000 22.2795
v  232.3273 0.0000 13.8074
v  233.3716 0.0000 14.2179
v  234.0884 0.0000 12.7373
v  235.0152 0.0000 14.0564
v  235.9446 0.0000 11.8421
v  236.6622 0.0000 14.0042
v  237.8959 0.0000 11.1219
v  238.3127 0.0000 14.0615
v  239.1220 0.0000 14.5889
v  240.3322 0.0000 10.8476
v  240.7172 0.0000 14.7848
v  242.4442 0.0000 10.4919
v  242.3158 0.0000 15.0901
v  244.6512 0.0000 10.3112
v  269.5497 0.0000 38.1301
v  269.9660 0.0000 38.2773
v  270.3228 0.0000 38.4981
v  270.6201 0.0000 38.7924
v  270.8579 0.0000 39.1603
v  271.0363 0.0000 39.6018
v  271.1553 0.0000 40.1169
v  271.2147 0.0000 40.7056
v  273.0900 0.0000 37.6849
v  273.9919 0.0000 37.9054
v  274.8372 0.0000 38.2123
v  286.7928 0.0000 16.8845
v  290.0664 0.0000 31.3349
v  290.0412 0.0000 46.2216
v  289.9405 0.0000 47.0429
v  289.7391 0.0000 47.7614
v  289.4370 0.0000 48.3774
v  289.0341 0.0000 48.8906
v  288.5306 0.0000 49.3012
v  287.9264 0.0000 49.6092
v  287.2214 0.0000 49.8145
v  286.4158 0.0000 49.9172
v  285.8493 0.0000 49.9390
v  285.5797 0.0000 49.9239
v  285.3250 0.0000 49.8937
v  285.0850 0.0000 49.8484
v  284.8599 0.0000 49.7879
v  284.6496 0.0000 49.7123
v  284.4540 0.0000 49.6216
v  284.2733 0.0000 49.5158
v  284.1074 0.0000 49.3949
v  283.9501 0.0000 49.2511
v  283.7891 0.0000 49.0688
v  283.6183 0.0000 48.8403
v  283.4377 0.0000 48.5655
v  283.2473 0.0000 48.2445
v  283.0470 0.0000 47.8772
v  282.8369 0.0000 47.4636
v  282.6169 0.0000 47.0038
v  282.3871 0.0000 46.4977
v  282.0332 0.0000 45.7369
v  281.5493 0.0000 44.7874
v  281.0436 0.0000 43.9237
v  280.5161 0.0000 43.1458
v  281.6445 0.0000 41.5704
v  279.7284 0.0000 42.0197
v  280.8591 0.0000 40.4209
v  280.2971 0.0000 39.6824
v  278.5953 0.0000 40.6748
v  279.3875 0.0000 38.7485
v  277.6790 0.0000 39.8498
v  278.4103 0.0000 37.9438
v  277.6784 0.0000 37.4643
v  276.3325 0.0000 38.9356
v  275.6961 0.0000 38.5867
v  273.9562 0.0000 39.9237
v  272.7300 0.0000 41.5925
v  272.8489 0.0000 41.8677
v  272.9530 0.0000 42.1643
v  273.0422 0.0000 42.4823
v  273.1165 0.0000 42.8217
v  273.1760 0.0000 43.1826
v  273.2206 0.0000 43.5648
v  273.2503 0.0000 43.9685
v  273.2652 0.0000 44.3935
v  271.5372 0.0000 44.8552
v  273.2180 0.0000 45.6350
v  271.4432 0.0000 46.1693
v  273.0286 0.0000 47.2324
v  271.2185 0.0000 47.3242
v  272.6642 0.0000 48.6277
v  270.8633 0.0000 48.3200
v  272.1249 0.0000 49.8209
v  270.3774 0.0000 49.1566
v  271.4105 0.0000 50.8120
v  270.6793 0.0000 51.4655
v  269.3588 0.0000 50.1199
v  269.6436 0.0000 52.0911
v  268.5386 0.0000 50.5565
v  268.4330 0.0000 52.5147
v  267.5878 0.0000 50.8340
v  267.0475 0.0000 52.7361
v  266.5064 0.0000 50.9523
v  265.9026 0.0000 52.7846
v  265.7093 0.0000 50.9410
v  265.0819 0.0000 52.7186
v  264.5573 0.0000 52.6243
v  264.6692 0.0000 50.7713
v  263.8132 0.0000 52.4263
v  263.3330 0.0000 52.2378
v  263.7379 0.0000 50.4317
v  262.6656 0.0000 51.9078
v  262.2298 0.0000 51.6250
v  261.8162 0.0000 51.2952
v  262.7143 0.0000 49.7457
v  261.2477 0.0000 50.7860
v  260.8832 0.0000 50.3683
v  262.0277 0.0000 49.0258
v  260.4101 0.0000 49.7526
v  260.1230 0.0000 49.2853
v  261.4828 0.0000 48.1808
v  259.7642 0.0000 48.5886
v  259.5591 0.0000 48.0780
v  261.0845 0.0000 47.2171
v  259.3145 0.0000 47.3004
v  259.1914 0.0000 46.7465
v  260.8326 0.0000 46.1345
v  259.0611 0.0000 45.8879
v  260.7374 0.0000 45.2372
v  259.0040 0.0000 44.9699
v  259.0222 0.0000 44.0165
v  260.7551 0.0000 43.6418
v  260.8176 0.0000 43.0376
v  259.1986 0.0000 42.1840
v  261.0279 0.0000 41.9301
v  259.5046 0.0000 40.8517
v  261.3577 0.0000 40.9688
v  259.9557 0.0000 39.6985
v  260.4116 0.0000 38.8943
v  262.0633 0.0000 39.7870
v  261.1218 0.0000 38.0616
v  261.8056 0.0000 37.5403
v  263.0593 0.0000 38.9635
v  262.7750 0.0000 37.0281
v  263.8613 0.0000 38.5823
v  263.8896 0.0000 36.6950
v  264.7827 0.0000 38.3472
v  265.2823 0.0000 38.2717
v  265.8004 0.0000 38.2712
v  268.3998 0.0000 36.3392
v  267.4730 0.0000 29.7736
v  270.7466 0.0000 24.8967
v  270.6642 0.0000 19.1405
v  267.3493 0.0000 18.5116
v  270.2934 0.0000 16.4055
v  266.9372 0.0000 16.2743
v  269.5105 0.0000 14.0074
v  266.1954 0.0000 14.3247
v  268.3156 0.0000 11.9462
v  266.9973 0.0000 10.6592
v  264.3823 0.0000 12.0836
v  265.0609 0.0000 9.1924
v  262.8162 0.0000 10.8381
v  262.7123 0.0000 8.0624
v  260.9204 0.0000 9.8803
v  259.9517 0.0000 7.2693
v  258.6949 0.0000 9.2103
v  257.5404 0.0000 8.8922
v  256.1606 0.0000 6.6939
v  254.8203 0.0000 8.6689
v  252.9655 0.0000 6.6299
v  252.5762 0.0000 8.6828
v  251.6986 0.0000 8.7371
v  249.9633 0.0000 6.8446
v  249.8336 0.0000 8.9660
v  249.0435 0.0000 9.1290
v  248.2971 0.0000 9.3463
v  247.5945 0.0000 9.6180
v  246.9356 0.0000 9.9439
v  246.3204 0.0000 10.3242
v  245.7490 0.0000 10.7589
v  244.5451 0.0000 13.0899
v  243.8855 0.0000 16.2911
v  244.6948 0.0000 16.7439
v  243.6520 0.0000 18.9368
v  245.7620 0.0000 17.5288
v  246.4835 0.0000 18.0159
v  247.1611 0.0000 18.5201
v  247.4492 0.0000 20.4301
v  250.0757 0.0000 20.6993
v  250.4214 0.0000 19.3107
v  250.7459 0.0000 20.6630
v  251.1952 0.0000 19.7137
v  251.4008 0.0000 20.6956
v  251.7781 0.0000 20.5148
v  252.1186 0.0000 20.0886
v  252.4241 0.0000 20.6765
v  252.8145 0.0000 20.6162
v  252.8145 10.0000 20.6162
v  286.7928 10.0000 16.8845
v  290.0664 10.0000 31.3349
v  290.0412 10.0000 46.2216
v  289.9405 10.0000 47.0429
v  289.7391 10.0000 47.7614
v  289.4370 10.0000 48.3774
v  289.0341 10.0000 48.8906
v  288.5306 10.0000 49.3012
v  287.9264 10.0000 49.6092
v  287.2214 10.0000 49.8145
v  286.4158 10.0000 49.9172
v  285.8493 10.0000 49.9390
v  285.5797 10.0000 49.9239
v  285.3250 10.0000 49.8937
v  285.0850 10.0000 49.8484
v  284.8599 10.0000 49.7879
v  284.6496 10.0000 49.7123
v  284.4540 10.0000 49.6216
v  284.2733 10.0000 49.5158
v  284.1074 10.0000 49.3949
v  283.9501 10.0000 49.2511
v  283.7891 10.0000 49.0688
v  283.6183 10.0000 48.8403
v  283.4377 10.0000 48.5655
v  283.2473 10.0000 48.2445
v  283.0470 10.0000 47.8772
v  282.8369 10.0000 47.4636
v  282.6169 10.0000 47.0038
v  282.3871 10.0000 46.4977
v  282.0332 10.0000 45.7369
v  281.5493 10.0000 44.7874
v  281.0436 10.0000 43.9237
v  280.5161 10.0000 43.1458
v  281.6445 10.0000 41.5704
v  279.7284 10.0000 42.0197
v  280.8591 10.0000 40.4209
v  280.2971 10.0000 39.6824
v  278.5953 10.0000 40.6748
v  279.3875 10.0000 38.7485
v  277.6790 10.0000 39.8498
v  278.4103 10.0000 37.9438
v  277.6784 10.0000 37.4643
v  276.3325 10.0000 38.9356
v  275.6961 10.0000 38.5867
v  268.3998 10.0000 36.3392
v  269.5497 10.0000 38.1301
v  269.9660 10.0000 38.2773
v  270.3228 10.0000 38.4981
v  270.6201 10.0000 38.7924
v  270.8579 10.0000 39.1603
v  271.0363 10.0000 39.6018
v  271.1553 10.0000 40.1169
v  271.2147 10.0000 40.7056
v  273.0900 10.0000 37.6849
v  273.9919 10.0000 37.9054
v  274.8372 10.0000 38.2123
v  273.9562 10.0000 39.9237
v  272.7300 10.0000 41.5925
v  272.8489 10.0000 41.8677
v  272.9530 10.0000 42.1643
v  273.0422 10.0000 42.4823
v  273.1165 10.0000 42.8217
v  273.1760 10.0000 43.1826
v  273.2206 10.0000 43.5648
v  273.2503 10.0000 43.9685
v  273.2652 10.0000 44.3935
v  271.5372 10.0000 44.8552
v  273.2180 10.0000 45.6350
v  271.4432 10.0000 46.1693
v  273.0286 10.0000 47.2324
v  271.2185 10.0000 47.3242
v  272.6642 10.0000 48.6277
v  270.8633 10.0000 48.3200
v  272.1249 10.0000 49.8209
v  270.3774 10.0000 49.1566
v  271.4105 10.0000 50.8120
v  270.6793 10.0000 51.4655
v  269.3588 10.0000 50.1199
v  269.6436 10.0000 52.0911
v  268.5386 10.0000 50.5565
v  268.4330 10.0000 52.5147
v  267.5878 10.0000 50.8340
v  267.0475 10.0000 52.7361
v  266.5064 10.0000 50.9523
v  265.9026 10.0000 52.7846
v  265.7093 10.0000 50.9410
v  265.0819 10.0000 52.7186
v  264.5573 10.0000 52.6243
v  264.6692 10.0000 50.7713
v  263.8132 10.0000 52.4263
v  263.3330 10.0000 52.2378
v  263.7379 10.0000 50.4317
v  262.6656 10.0000 51.9078
v  262.2298 10.0000 51.6250
v  261.8162 10.0000 51.2952
v  262.7143 10.0000 49.7457
v  261.2477 10.0000 50.7860
v  260.8832 10.0000 50.3683
v  262.0277 10.0000 49.0258
v  260.4101 10.0000 49.7526
v  260.1230 10.0000 49.2853
v  261.4828 10.0000 48.1808
v  259.7642 10.0000 48.5886
v  259.5591 10.0000 48.0780
v  261.0845 10.0000 47.2171
v  259.3145 10.0000 47.3004
v  259.1914 10.0000 46.7465
v  260.8326 10.0000 46.1345
v  259.0611 10.0000 45.8879
v  260.7374 10.0000 45.2372
v  259.0040 10.0000 44.9699
v  259.0222 10.0000 44.0165
v  260.7551 10.0000 43.6418
v  260.8176 10.0000 43.0376
v  259.1986 10.0000 42.1840
v  261.0279 10.0000 41.9301
v  259.5046 10.0000 40.8517
v  261.3577 10.0000 40.9688
v  259.9557 10.0000 39.6985
v  260.4116 10.0000 38.8943
v  262.0633 10.0000 39.7870
v  261.1218 10.0000 38.0616
v  261.8056 10.0000 37.5403
v  263.0593 10.0000 38.9635
v  262.7750 10.0000 37.0281
v  263.8613 10.0000 38.5823
v  263.8896 10.0000 36.6950
v  264.7827 10.0000 38.3472
v  265.2823 10.0000 38.2717
v  265.8004 10.0000 38.2712
v  267.4730 10.0000 29.7736
v  270.7466 10.0000 24.8967
v  270.6642 10.0000 19.1405
v  267.3493 10.0000 18.5116
v  270.2934 10.0000 16.4055
v  266.9372 10.0000 16.2743
v  269.5105 10.0000 14.0074
v  266.1954 10.0000 14.3247
v  268.3156 10.0000 11.9462
v  266.9973 10.0000 10.6592
v  264.3823 10.0000 12.0836
v  265.0609 10.0000 9.1924
v  262.8162 10.0000 10.8381
v  262.7123 10.0000 8.0624
v  260.9204 10.0000 9.8803
v  259.9517 10.0000 7.2693
v  258.6949 10.0000 9.2103
v  257.5404 10.0000 8.8922
v  256.1606 10.0000 6.6939
v  254.8203 10.0000 8.6689
v  252.9655 10.0000 6.6299
v  252.5762 10.0000 8.6828
v  251.6986 10.0000 8.7371
v  249.9632 10.0000 6.8446
v  249.8336 10.0000 8.9660
v  249.0435 10.0000 9.1290
v  248.2971 10.0000 9.3463
v  247.5945 10.0000 9.6180
v  246.9356 10.0000 9.9439
v  246.3204 10.0000 10.3242
v  245.7490 10.0000 10.7589
v  232.3273 10.0000 13.8074
v  233.3716 10.0000 14.2179
v  234.0884 10.0000 12.7373
v  235.0152 10.0000 14.0564
v  235.9446 10.0000 11.8421
v  236.6622 10.0000 14.0042
v  237.8959 10.0000 11.1219
v  238.3127 10.0000 14.0615
v  239.1220 10.0000 14.5889
v  240.3322 10.0000 10.8476
v  240.7172 10.0000 14.7848
v  242.4442 10.0000 10.4919
v  242.3158 10.0000 15.0901
v  244.6512 10.0000 10.3112
v  244.5451 10.0000 13.0899
v  243.8855 10.0000 16.2911
v  244.6948 10.0000 16.7439
v  243.6520 10.0000 18.9368
v  245.7620 10.0000 17.5288
v  246.4835 10.0000 18.0159
v  247.1611 10.0000 18.5201
v  244.5701 10.0000 32.9667
v  245.7199 10.0000 39.7184
v  246.2521 10.0000 38.0114
v  246.7552 10.0000 38.0525
v  246.7126 10.0000 39.8259
v  247.4588 10.0000 38.1846
v  247.9037 10.0000 38.3080
v  247.5860 10.0000 40.0821
v  248.5186 10.0000 38.5555
v  248.9054 10.0000 38.7612
v  249.2632 10.0000 39.0081
v  249.5919 10.0000 39.2961
v  248.6688 10.0000 40.7749
v  250.0598 10.0000 39.7413
v  250.3301 10.0000 40.1040
v  249.2451 10.0000 41.4031
v  250.7084 10.0000 40.6344
v  250.9188 10.0000 41.0262
v  251.0992 10.0000 41.4289
v  249.7831 10.0000 42.3308
v  251.3566 10.0000 42.0248
v  251.4768 10.0000 42.4490
v  250.0869 10.0000 43.1533
v  251.6435 10.0000 43.0997
v  251.7037 10.0000 43.5455
v  250.2694 10.0000 44.0637
v  251.7796 10.0000 44.2510
v  251.7773 10.0000 44.7931
v  250.3283 10.0000 45.1369
v  251.7533 10.0000 45.6855
v  250.2988 10.0000 45.9878
v  251.6593 10.0000 46.5410
v  250.1884 10.0000 46.7824
v  251.4954 10.0000 47.3403
v  251.3380 10.0000 47.8771
v  249.9087 10.0000 47.7636
v  251.0648 10.0000 48.5957
v  250.8288 10.0000 49.0835
v  249.4890 10.0000 48.6323
v  250.4463 10.0000 49.7215
v  249.0967 10.0000 49.1753
v  249.9939 10.0000 50.3032
v  249.6431 10.0000 50.7122
v  248.4399 10.0000 49.8382
v  249.0943 10.0000 51.1917
v  248.6874 10.0000 51.5140
v  247.6658 10.0000 50.3510
v  248.0552 10.0000 51.8697
v  247.5955 10.0000 52.0999
v  246.7776 10.0000 50.7082
v  246.8799 10.0000 52.3317
v  246.3673 10.0000 52.4698
v  245.7755 10.0000 50.9098
v  245.5682 10.0000 52.5778
v  245.0028 10.0000 52.6238
v  244.7032 10.0000 50.9553
v  244.2388 10.0000 50.8899
v  243.6690 10.0000 52.5248
v  243.2523 10.0000 50.7139
v  242.3884 10.0000 52.2625
v  242.3922 10.0000 50.3822
v  241.2734 10.0000 51.7869
v  240.4545 10.0000 51.2452
v  241.2830 10.0000 49.5789
v  239.6414 10.0000 50.3759
v  240.7437 10.0000 48.8456
v  238.9939 10.0000 49.2932
v  240.3307 10.0000 47.9565
v  238.5119 10.0000 47.9973
v  240.0439 10.0000 46.9118
v  239.9859 10.0000 46.3883
v  238.1808 10.0000 46.2101
v  238.0444 10.0000 44.7658
v  238.0103 10.0000 39.9609
v  238.0363 10.0000 35.3623
v  238.1405 10.0000 34.2877
v  238.3490 10.0000 33.3084
v  238.6617 10.0000 32.4244
v  239.0786 10.0000 31.6357
v  239.5997 10.0000 30.9423
v  240.2251 10.0000 30.3441
v  240.9547 10.0000 29.8413
v  241.7885 10.0000 29.4337
v  241.9600 10.0000 37.0197
v  242.0181 10.0000 36.5042
v  242.1342 10.0000 36.0532
v  242.3083 10.0000 35.6666
v  242.5406 10.0000 35.3445
v  242.8308 10.0000 35.0867
v  243.1792 10.0000 34.8934
v  243.5856 10.0000 34.7646
v  244.0500 10.0000 34.7001
v  244.8435 10.0000 29.6226
v  244.8528 10.0000 27.7587
v  244.8904 10.0000 27.2804
v  244.9656 10.0000 26.7941
v  245.0783 10.0000 26.2998
v  245.2286 10.0000 25.7975
v  245.4165 10.0000 25.2872
v  245.6420 10.0000 24.7690
v  245.9051 10.0000 24.2427
v  246.2057 10.0000 23.7084
v  246.5361 10.0000 23.1832
v  246.8809 10.0000 22.7012
v  247.2321 10.0000 22.2795
v  247.4492 10.0000 20.4301
v  250.0757 10.0000 20.6993
v  250.4214 10.0000 19.3107
v  250.7459 10.0000 20.6630
v  251.1952 10.0000 19.7137
v  251.4008 10.0000 20.6956
v  251.7781 10.0000 20.5148
v  252.1186 10.0000 20.0886
v  252.4241 10.0000 20.6765
# 1774 vertices

vn -0.4003 0.7197 0.5673
vn -0.3328 0.7206 0.6082
vn -0.5309 0.0000 0.8475
vn -0.3328 -0.7206 0.6082
vn -0.4003 -0.7197 0.5673
vn -0.4582 0.7185 0.5232
vn -0.6204 -0.0000 0.7843
vn -0.4582 -0.7185 0.5232
vn -0.5066 0.7173 0.4783
vn -0.6956 0.0000 0.7184
vn -0.5066 -0.7173 0.4783
vn -0.6956 -0.0000 0.7184
vn -0.5462 0.7162 0.4345
vn -0.7571 0.0000 0.6533
vn -0.5462 -0.7162 0.4345
vn -0.7571 -0.0000 0.6533
vn -0.5781 0.7151 0.3929
vn -0.8067 0.0000 0.5909
vn -0.5781 -0.7151 0.3929
vn -0.8067 -0.0000 0.5909
vn -0.6037 0.7142 0.3543
vn -0.8463 -0.0000 0.5327
vn -0.6037 -0.7142 0.3543
vn -0.6241 0.7133 0.3188
vn -0.8778 -0.0000 0.4791
vn -0.6241 -0.7133 0.3188
vn -0.8778 0.0000 0.4791
vn -0.6396 0.7102 0.2942
vn -0.9027 0.0000 0.4303
vn -0.6396 -0.7102 0.2942
vn -0.9027 -0.0000 0.4303
vn -0.6456 0.7051 0.2935
vn -0.9141 -0.0000 0.4054
vn -0.6456 -0.7051 0.2935
vn -0.6399 0.7047 0.3065
vn -0.9065 0.0000 0.4221
vn -0.6399 -0.7047 0.3065
vn -0.6328 0.7042 0.3220
vn -0.8971 -0.0000 0.4418
vn -0.6328 -0.7042 0.3220
vn -0.8971 0.0000 0.4418
vn -0.6237 0.7035 0.3408
vn -0.8852 -0.0000 0.4652
vn -0.6237 -0.7035 0.3408
vn -0.6116 0.7026 0.3638
vn -0.8696 0.0000 0.4937
vn -0.6116 -0.7026 0.3638
vn -0.8696 -0.0000 0.4937
vn -0.5951 0.7012 0.3926
vn -0.8488 0.0000 0.5286
vn -0.5951 -0.7012 0.3926
vn -0.8488 -0.0000 0.5286
vn -0.5714 0.6993 0.4294
vn -0.8199 0.0000 0.5725
vn -0.5714 -0.6993 0.4294
vn -0.8199 -0.0000 0.5725
vn -0.5360 0.6964 0.4772
vn -0.7780 -0.0000 0.6283
vn -0.5360 -0.6964 0.4772
vn -0.7780 0.0000 0.6283
vn -0.4842 0.6945 0.5322
vn -0.7141 -0.0000 0.7001
vn -0.4842 -0.6945 0.5322
vn -0.7141 0.0000 0.7001
vn -0.4232 0.6958 0.5803
vn -0.6296 -0.0000 0.7769
vn -0.4232 -0.6958 0.5803
vn -0.6296 0.0000 0.7769
vn -0.3630 0.6963 0.6192
vn -0.5473 -0.0000 0.8369
vn -0.3630 -0.6963 0.6192
vn -0.5473 0.0000 0.8369
vn -0.3023 0.6968 0.6504
vn -0.4629 -0.0000 0.8864
vn -0.3023 -0.6968 0.6504
vn -0.4629 0.0000 0.8864
vn -0.2429 0.6976 0.6741
vn -0.3791 -0.0000 0.9254
vn -0.2429 -0.6976 0.6741
vn -0.1862 0.6983 0.6911
vn -0.2982 -0.0000 0.9545
vn -0.1862 -0.6983 0.6911
vn -0.2982 0.0000 0.9545
vn -0.1334 0.6991 0.7025
vn -0.2218 -0.0000 0.9751
vn -0.1334 -0.6991 0.7025
vn -0.2218 0.0000 0.9751
vn -0.0848 0.6998 0.7093
vn -0.1511 -0.0000 0.9885
vn -0.0848 -0.6998 0.7093
vn -0.1511 0.0000 0.9885
vn -0.0405 0.7005 0.7125
vn -0.0861 -0.0000 0.9963
vn -0.0405 -0.7005 0.7125
vn -0.0861 0.0000 0.9963
vn 0.0117 0.6974 0.7166
vn -0.0273 -0.0000 0.9996
vn 0.0117 -0.6974 0.7166
vn 0.0940 0.6916 0.7162
vn 0.0599 -0.0000 0.9982
vn 0.0940 -0.6916 0.7162
vn 0.0599 0.0000 0.9982
vn 0.2056 0.6882 0.6957
vn 0.1998 -0.0000 0.9798
vn 0.2056 -0.6882 0.6958
vn 0.1998 0.0000 0.9798
vn 0.3328 0.6851 0.6479
vn 0.3650 -0.0000 0.9310
vn 0.3328 -0.6851 0.6479
vn 0.3650 0.0000 0.9310
vn 0.4621 0.6833 0.5654
vn 0.5442 -0.0000 0.8390
vn 0.4621 -0.6833 0.5654
vn 0.5442 0.0000 0.8390
vn 0.5736 0.6834 0.4516
vn 0.7138 -0.0000 0.7003
vn 0.5736 -0.6834 0.4516
vn 0.7138 0.0000 0.7003
vn 0.6525 0.6856 0.3228
vn 0.8483 -0.0000 0.5296
vn 0.6525 -0.6856 0.3228
vn 0.8483 0.0000 0.5296
vn 0.6973 0.6888 0.1985
vn 0.9356 0.0000 0.3530
vn 0.6973 -0.6888 0.1985
vn 0.7161 0.6921 0.0905
vn 0.9813 -0.0000 0.1925
vn 0.7161 -0.6921 0.0905
vn 0.9813 0.0000 0.1925
vn 0.7132 0.7007 0.0206
vn 0.9983 -0.0000 0.0576
vn 0.7132 -0.7007 0.0206
vn 0.5774 0.5774 -0.5774
vn 1.0000 0.0000 -0.0000
vn 0.5774 -0.5774 -0.5774
vn -0.5774 0.5774 -0.5774
vn 0.0000 0.0000 -1.0000
vn -0.5774 -0.5774 -0.5774
vn -0.0333 0.9910 -0.1297
vn -1.0000 0.0000 -0.0000
vn -0.0333 -0.9910 -0.1297
vn 0.6115 0.6964 -0.3756
vn 0.8764 -0.0000 -0.4816
vn 0.6115 -0.6964 -0.3756
vn 0.8764 0.0000 -0.4816
vn 0.5714 0.6955 -0.4357
vn 0.8259 -0.0000 -0.5638
vn 0.5714 -0.6955 -0.4357
vn 0.8259 0.0000 -0.5638
vn 0.5215 0.6948 -0.4954
vn 0.7623 -0.0000 -0.6472
vn 0.5215 -0.6948 -0.4954
vn 0.7623 0.0000 -0.6472
vn 0.4620 0.6943 -0.5518
vn 0.6854 -0.0000 -0.7281
vn 0.4620 -0.6943 -0.5518
vn 0.3945 0.6941 -0.6022
vn 0.5963 -0.0000 -0.8027
vn 0.3945 -0.6941 -0.6022
vn 0.3214 0.6943 -0.6440
vn 0.4978 0.0000 -0.8673
vn 0.3214 -0.6943 -0.6440
vn 0.4978 -0.0000 -0.8673
vn 0.2459 0.6948 -0.6759
vn 0.3938 0.0000 -0.9192
vn 0.2459 -0.6948 -0.6759
vn 0.3938 -0.0000 -0.9192
vn 0.1713 0.6955 -0.6978
vn 0.2890 0.0000 -0.9573
vn 0.1713 -0.6955 -0.6978
vn 0.2890 -0.0000 -0.9573
vn 0.3635 0.8817 -0.3007
vn 0.1873 0.0000 -0.9823
vn 0.3635 -0.8817 -0.3007
vn 0.1873 -0.0000 -0.9823
vn 0.7149 0.6987 -0.0269
vn 0.7149 -0.6987 -0.0269
vn 0.7162 0.6879 -0.1177
vn 0.9972 -0.0000 -0.0751
vn 0.7162 -0.6879 -0.1177
vn 0.9972 0.0000 -0.0751
vn 0.6837 0.6846 -0.2528
vn 0.9687 -0.0000 -0.2481
vn 0.6837 -0.6846 -0.2528
vn 0.9687 0.0000 -0.2481
vn 0.6150 0.6826 -0.3948
vn 0.8971 -0.0000 -0.4418
vn 0.6150 -0.6826 -0.3948
vn 0.8971 0.0000 -0.4418
vn 0.5113 0.6828 -0.5219
vn 0.7752 -0.0000 -0.6317
vn 0.5113 -0.6828 -0.5219
vn 0.3883 0.6851 -0.6163
vn 0.6155 0.0000 -0.7881
vn 0.3883 -0.6851 -0.6163
vn 0.6155 -0.0000 -0.7881
vn 0.2666 0.6885 -0.6744
vn 0.4451 -0.0000 -0.8955
vn 0.2666 -0.6885 -0.6744
vn 0.4451 0.0000 -0.8955
vn 0.1599 0.6920 -0.7039
vn 0.2877 -0.0000 -0.9577
vn 0.1599 -0.6920 -0.7039
vn 0.2877 0.0000 -0.9577
vn 0.0721 0.6950 -0.7153
vn 0.1543 -0.0000 -0.9880
vn 0.0721 -0.6950 -0.7153
vn 0.0033 0.6979 -0.7162
vn 0.0459 0.0000 -0.9989
vn 0.0033 -0.6979 -0.7162
vn 0.0459 -0.0000 -0.9989
vn -0.0546 0.6983 -0.7137
vn -0.0366 0.0000 -0.9993
vn -0.0546 -0.6983 -0.7137
vn -0.0366 -0.0000 -0.9993
vn -0.1142 0.6974 -0.7076
vn -0.1158 0.0000 -0.9933
vn -0.1142 -0.6974 -0.7076
vn -0.1158 -0.0000 -0.9933
vn -0.1789 0.6965 -0.6949
vn -0.2025 0.0000 -0.9793
vn -0.1789 -0.6965 -0.6949
vn -0.2025 -0.0000 -0.9793
vn -0.2476 0.6956 -0.6744
vn -0.2956 0.0000 -0.9553
vn -0.2476 -0.6956 -0.6744
vn -0.2956 -0.0000 -0.9553
vn -0.3182 0.6950 -0.6448
vn -0.3928 0.0000 -0.9196
vn -0.3182 -0.6950 -0.6448
vn -0.3928 -0.0000 -0.9196
vn -0.3881 0.6946 -0.6057
vn -0.4910 0.0000 -0.8712
vn -0.3881 -0.6946 -0.6057
vn -0.4543 0.6945 -0.5579
vn -0.5862 -0.0000 -0.8102
vn -0.4543 -0.6945 -0.5579
vn -0.5142 0.6947 -0.5030
vn -0.6746 0.0000 -0.7382
vn -0.5142 -0.6947 -0.5030
vn -0.6746 -0.0000 -0.7382
vn -0.8025 0.5605 0.2046
vn -0.7529 0.0000 -0.6582
vn -0.8025 -0.5605 0.2046
vn -0.7529 -0.0000 -0.6582
vn -0.2571 0.7120 0.6534
vn -0.3459 0.0000 0.9383
vn -0.2571 -0.7120 0.6534
vn -0.3459 -0.0000 0.9383
vn -0.2862 0.7124 0.6407
vn -0.3863 0.0000 0.9224
vn -0.2862 -0.7124 0.6407
vn -0.3863 -0.0000 0.9224
vn -0.3169 0.7129 0.6256
vn -0.4292 -0.0000 0.9032
vn -0.3169 -0.7129 0.6256
vn -0.4292 0.0000 0.9032
vn -0.3492 0.7133 0.6077
vn -0.4743 0.0000 0.8803
vn -0.3492 -0.7133 0.6077
vn -0.3827 0.7138 0.5866
vn -0.5216 -0.0000 0.8532
vn -0.3827 -0.7138 0.5866
vn -0.4172 0.7142 0.5620
vn -0.5707 0.0000 0.8212
vn -0.4172 -0.7142 0.5620
vn -0.5707 -0.0000 0.8212
vn -0.4523 0.7147 0.5336
vn -0.6209 0.0000 0.7839
vn -0.4523 -0.7147 0.5336
vn -0.6209 -0.0000 0.7839
vn -0.4874 0.7151 0.5011
vn -0.6716 0.0000 0.7409
vn -0.4874 -0.7151 0.5011
vn -0.3202 0.9449 -0.0684
vn -0.7219 0.0000 0.6920
vn -0.3202 -0.9449 -0.0684
vn -0.7219 -0.0000 0.6920
vn -0.3185 0.6915 -0.6483
vn -0.3764 0.0000 -0.9265
vn -0.3185 -0.6915 -0.6483
vn -0.3764 -0.0000 -0.9265
vn -0.4115 0.6901 -0.5953
vn -0.5032 0.0000 -0.8641
vn -0.4115 -0.6901 -0.5953
vn -0.5032 -0.0000 -0.8641
vn -0.5010 0.6893 -0.5233
vn -0.6306 0.0000 -0.7761
vn -0.5010 -0.6893 -0.5233
vn -0.6306 -0.0000 -0.7761
vn -0.5788 0.6894 -0.4356
vn -0.7479 0.0000 -0.6639
vn -0.5788 -0.6894 -0.4356
vn -0.7479 -0.0000 -0.6639
vn -0.6391 0.6903 -0.3391
vn -0.8450 0.0000 -0.5348
vn -0.6391 -0.6903 -0.3391
vn -0.8450 -0.0000 -0.5348
vn -0.6802 0.6918 -0.2422
vn -0.9166 0.0000 -0.3998
vn -0.6802 -0.6918 -0.2422
vn -0.9166 -0.0000 -0.3998
vn -0.7042 0.6937 -0.1515
vn -0.9630 0.0000 -0.2693
vn -0.7042 -0.6937 -0.1515
vn -0.9630 -0.0000 -0.2693
vn -0.7150 0.6955 -0.0708
vn -0.9886 0.0000 -0.1505
vn -0.7150 -0.6955 -0.0708
vn -0.9886 -0.0000 -0.1505
vn -0.7121 0.7019 -0.0165
vn -0.9989 -0.0000 -0.0464
vn -0.7121 -0.7019 -0.0165
vn -0.7119 0.7021 0.0158
vn -0.7119 -0.7021 0.0158
vn -0.7152 0.6954 0.0698
vn -0.9990 0.0000 0.0444
vn -0.7152 -0.6954 0.0698
vn -0.7046 0.6925 0.1550
vn -0.9888 -0.0000 0.1495
vn -0.7046 -0.6925 0.1550
vn -0.9888 0.0000 0.1495
vn -0.6769 0.6890 0.2592
vn -0.9602 -0.0000 0.2792
vn -0.6769 -0.6890 0.2592
vn -0.9602 0.0000 0.2792
vn -0.6216 0.6854 0.3793
vn -0.9011 -0.0000 0.4335
vn -0.6216 -0.6854 0.3793
vn -0.5300 0.6828 0.5029
vn -0.7977 0.0000 0.6030
vn -0.5300 -0.6828 0.5029
vn -0.7977 -0.0000 0.6030
vn -0.4038 0.6823 0.6095
vn -0.6440 -0.0000 0.7650
vn -0.4038 -0.6823 0.6095
vn -0.6440 0.0000 0.7650
vn -0.2601 0.6840 0.6815
vn -0.4535 -0.0000 0.8913
vn -0.2601 -0.6840 0.6815
vn -0.4535 0.0000 0.8913
vn -0.1216 0.6873 0.7161
vn -0.2558 -0.0000 0.9667
vn -0.1216 -0.6873 0.7161
vn -0.2558 0.0000 0.9667
vn -0.0136 0.6941 0.7197
vn -0.0776 -0.0000 0.9970
vn -0.0136 -0.6941 0.7197
vn 0.0588 0.6977 0.7140
vn 0.0398 -0.0000 0.9992
vn 0.0588 -0.6977 0.7140
vn 0.0398 0.0000 0.9992
vn 0.1213 0.6970 0.7067
vn 0.1241 -0.0000 0.9923
vn 0.1213 -0.6970 0.7067
vn 0.1241 0.0000 0.9923
vn 0.1872 0.6964 0.6928
vn 0.2139 -0.0000 0.9769
vn 0.1872 -0.6964 0.6928
vn 0.2547 0.6959 0.6714
vn 0.3072 -0.0000 0.9517
vn 0.2547 -0.6959 0.6714
vn 0.3072 0.0000 0.9517
vn 0.3218 0.6957 0.6422
vn 0.4013 -0.0000 0.9159
vn 0.3218 -0.6957 0.6422
vn 0.4013 0.0000 0.9159
vn 0.3861 0.6957 0.6057
vn 0.4934 -0.0000 0.8698
vn 0.3861 -0.6957 0.6057
vn 0.4934 0.0000 0.8698
vn 0.4457 0.6959 0.5631
vn 0.5802 -0.0000 0.8144
vn 0.4457 -0.6959 0.5631
vn 0.5802 0.0000 0.8144
vn 0.4989 0.6963 0.5159
vn 0.6595 0.0000 0.7517
vn 0.4989 -0.6963 0.5159
vn 0.5440 0.6972 0.4668
vn 0.7292 0.0000 0.6843
vn 0.5440 -0.6972 0.4668
vn 0.5823 0.6976 0.4174
vn 0.7871 -0.0000 0.6168
vn 0.5823 -0.6976 0.4174
vn 0.7871 0.0000 0.6168
vn 0.6159 0.6976 0.3661
vn 0.8369 -0.0000 0.5473
vn 0.6159 -0.6976 0.3661
vn 0.6448 0.6977 0.3121
vn 0.8808 -0.0000 0.4735
vn 0.6448 -0.6977 0.3121
vn 0.8808 0.0000 0.4735
vn 0.6685 0.6979 0.2569
vn 0.9178 -0.0000 0.3971
vn 0.6685 -0.6979 0.2569
vn 0.9178 0.0000 0.3971
vn 0.6869 0.6982 0.2017
vn 0.9475 0.0000 0.3198
vn 0.6869 -0.6982 0.2017
vn 0.7001 0.6987 0.1476
vn 0.9700 -0.0000 0.2432
vn 0.7001 -0.6987 0.1476
vn 0.9700 0.0000 0.2432
vn 0.7086 0.6992 0.0956
vn 0.9856 -0.0000 0.1690
vn 0.7086 -0.6992 0.0956
vn 0.9856 0.0000 0.1690
vn 0.7130 0.6997 0.0464
vn 0.9952 -0.0000 0.0982
vn 0.7130 -0.6997 0.0464
vn 0.9952 0.0000 0.0982
vn 0.7142 0.7000 -0.0003
vn 0.9995 -0.0000 0.0316
vn 0.7142 -0.7000 -0.0003
vn 0.9995 0.0000 0.0316
vn 0.7129 0.6996 -0.0472
vn 0.9995 -0.0000 -0.0325
vn 0.7129 -0.6996 -0.0472
vn 0.9995 0.0000 -0.0325
vn 0.7083 0.6994 -0.0957
vn 0.9950 -0.0000 -0.0995
vn 0.7083 -0.6994 -0.0957
vn 0.9950 0.0000 -0.0995
vn 0.7000 0.6992 -0.1453
vn 0.9857 -0.0000 -0.1682
vn 0.7000 -0.6992 -0.1453
vn 0.9857 0.0000 -0.1682
vn 0.6879 0.6991 -0.1951
vn 0.9713 0.0000 -0.2379
vn 0.6879 -0.6991 -0.1951
vn 0.6720 0.6990 -0.2444
vn 0.9516 -0.0000 -0.3074
vn 0.6720 -0.6990 -0.2444
vn 0.9516 0.0000 -0.3074
vn 0.6526 0.6991 -0.2923
vn 0.9268 -0.0000 -0.3756
vn 0.6526 -0.6991 -0.2923
vn 0.9268 0.0000 -0.3756
vn 0.6299 0.6992 -0.3381
vn 0.8973 -0.0000 -0.4414
vn 0.6299 -0.6992 -0.3381
vn 0.8973 0.0000 -0.4414
vn 0.6045 0.6994 -0.3813
vn 0.8637 0.0000 -0.5040
vn 0.6045 -0.6994 -0.3813
vn 0.8637 -0.0000 -0.5040
vn 0.5745 0.6975 -0.4283
vn 0.8268 -0.0000 -0.5625
vn 0.5745 -0.6975 -0.4283
vn 0.5314 0.6949 -0.4845
vn 0.7751 -0.0000 -0.6319
vn 0.5314 -0.6949 -0.4845
vn 0.4740 0.6945 -0.5414
vn 0.7007 0.0000 -0.7135
vn 0.4740 -0.6945 -0.5414
vn 0.7007 -0.0000 -0.7135
vn 0.4087 0.6943 -0.5923
vn 0.6146 -0.0000 -0.7889
vn 0.4087 -0.6943 -0.5923
vn 0.3381 0.6945 -0.6351
vn 0.5194 -0.0000 -0.8546
vn 0.3381 -0.6945 -0.6351
vn 0.5194 0.0000 -0.8546
vn 0.2650 0.6950 -0.6684
vn 0.4188 0.0000 -0.9081
vn 0.2650 -0.6950 -0.6684
vn 0.4188 -0.0000 -0.9081
vn 0.1926 0.6957 -0.6920
vn 0.3172 0.0000 -0.9483
vn 0.1926 -0.6957 -0.6920
vn 0.3172 -0.0000 -0.9483
vn 0.1234 0.6966 -0.7067
vn 0.2184 0.0000 -0.9759
vn 0.1234 -0.6966 -0.7067
vn 0.2184 -0.0000 -0.9759
vn 0.0592 0.6976 -0.7141
vn 0.1253 0.0000 -0.9921
vn 0.0592 -0.6976 -0.7141
vn 0.1253 -0.0000 -0.9921
vn 0.3145 0.8998 -0.3023
vn 0.0397 0.0000 -0.9992
vn 0.3145 -0.8998 -0.3023
vn 0.7025 0.7116 0.0139
vn 0.7025 -0.7116 0.0139
vn 0.6961 0.7158 0.0544
vn 0.9992 -0.0000 0.0396
vn 0.6961 -0.7158 0.0544
vn 0.9992 0.0000 0.0396
vn 0.6906 0.7154 0.1064
vn 0.9932 -0.0000 0.1161
vn 0.6906 -0.7154 0.1064
vn 0.9932 0.0000 0.1161
vn 0.6818 0.7149 0.1551
vn 0.9821 -0.0000 0.1882
vn 0.6818 -0.7149 0.1551
vn 0.9821 0.0000 0.1882
vn 0.6705 0.7144 0.2002
vn 0.9669 -0.0000 0.2552
vn 0.6705 -0.7144 0.2002
vn 0.9669 0.0000 0.2552
vn 0.6573 0.7139 0.2416
vn 0.9485 -0.0000 0.3168
vn 0.6573 -0.7139 0.2416
vn 0.9485 0.0000 0.3168
vn 0.6427 0.7134 0.2792
vn 0.9279 -0.0000 0.3729
vn 0.6427 -0.7134 0.2792
vn 0.9279 0.0000 0.3729
vn 0.6274 0.7129 0.3132
vn 0.9058 -0.0000 0.4237
vn 0.6274 -0.7129 0.3132
vn 0.9058 0.0000 0.4237
vn 0.6117 0.7124 0.3438
vn 0.8830 -0.0000 0.4693
vn 0.6117 -0.7124 0.3438
vn 0.8830 0.0000 0.4693
vn 0.5933 0.7131 0.3735
vn 0.8600 -0.0000 0.5103
vn 0.5933 -0.7131 0.3735
vn 0.8600 0.0000 0.5103
vn 0.5682 0.7149 0.4075
vn 0.8320 -0.0000 0.5548
vn 0.5682 -0.7149 0.4075
vn 0.8320 0.0000 0.5548
vn 0.5356 0.7162 0.4475
vn 0.7923 -0.0000 0.6101
vn 0.5356 -0.7162 0.4475
vn 0.7923 0.0000 0.6101
vn 0.4941 0.7177 0.4907
vn 0.7414 -0.0000 0.6711
vn 0.4941 -0.7177 0.4907
vn 0.7414 0.0000 0.6711
vn 0.4417 0.7193 0.5362
vn 0.6762 -0.0000 0.7367
vn 0.4417 -0.7193 0.5362
vn 0.6762 0.0000 0.7367
vn 0.3764 0.7211 0.5816
vn 0.5936 -0.0000 0.8048
vn 0.3764 -0.7211 0.5816
vn 0.5936 0.0000 0.8048
vn 0.2975 0.7228 0.6237
vn 0.4911 -0.0000 0.8711
vn 0.2975 -0.7228 0.6237
vn 0.4911 0.0000 0.8711
vn 0.2059 0.7241 0.6583
vn 0.3680 -0.0000 0.9298
vn 0.2059 -0.7241 0.6583
vn 0.3680 0.0000 0.9298
vn 0.1049 0.7247 0.6810
vn 0.2273 -0.0000 0.9738
vn 0.1049 -0.7247 0.6810
vn 0.2273 0.0000 0.9738
vn 0.7675 0.5517 0.3263
vn 0.0763 -0.0000 0.9971
vn 0.7675 -0.5517 0.3263
vn 0.0763 0.0000 0.9971
vn 0.5366 0.7006 -0.4703
vn 0.7709 0.0000 -0.6369
vn 0.5366 -0.7006 -0.4703
vn 0.5089 0.7009 -0.4998
vn 0.7326 0.0000 -0.6806
vn 0.5089 -0.7009 -0.4998
vn 0.4808 0.7012 -0.5264
vn 0.6937 -0.0000 -0.7203
vn 0.4808 -0.7012 -0.5264
vn 0.6937 0.0000 -0.7203
vn 0.4529 0.7015 -0.5502
vn 0.6547 0.0000 -0.7559
vn 0.4529 -0.7015 -0.5502
vn 0.4254 0.7018 -0.5713
vn 0.6160 -0.0000 -0.7877
vn 0.4254 -0.7018 -0.5713
vn 0.3986 0.7021 -0.5900
vn 0.5781 -0.0000 -0.8160
vn 0.3986 -0.7021 -0.5900
vn 0.5781 0.0000 -0.8160
vn 0.3726 0.7024 -0.6064
vn 0.5412 -0.0000 -0.8409
vn 0.3726 -0.7024 -0.6064
vn 0.5412 0.0000 -0.8409
vn 0.3476 0.7027 -0.6208
vn 0.5056 -0.0000 -0.8628
vn 0.3476 -0.7027 -0.6208
vn 0.3249 0.9451 -0.0339
vn 0.4714 -0.0000 -0.8819
vn 0.3249 -0.9451 -0.0339
vn 0.4714 0.0000 -0.8819
vn 0.4213 0.7182 0.5538
vn 0.6433 -0.0000 0.7656
vn 0.4213 -0.7182 0.5538
vn 0.6433 0.0000 0.7656
vn 0.3662 0.7180 0.5919
vn 0.5661 -0.0000 0.8243
vn 0.3662 -0.7180 0.5919
vn 0.5661 0.0000 0.8243
vn 0.3091 0.7177 0.6240
vn 0.4848 -0.0000 0.8746
vn 0.3091 -0.7177 0.6240
vn 0.4848 0.0000 0.8746
vn 0.2517 0.7172 0.6499
vn 0.4019 -0.0000 0.9157
vn 0.2517 -0.7172 0.6499
vn 0.4019 0.0000 0.9157
vn 0.1955 0.7165 0.6696
vn 0.3197 -0.0000 0.9475
vn 0.1955 -0.7165 0.6696
vn 0.3197 0.0000 0.9475
vn 0.1416 0.7159 0.6837
vn 0.2403 -0.0000 0.9707
vn 0.1416 -0.7159 0.6837
vn 0.2403 0.0000 0.9707
vn 0.0908 0.7152 0.6930
vn 0.1650 -0.0000 0.9863
vn 0.0908 -0.7152 0.6930
vn 0.0438 0.7145 0.6983
vn 0.0948 -0.0000 0.9955
vn 0.0438 -0.7145 0.6983
vn 0.0948 0.0000 0.9955
vn -0.0092 0.7170 0.6970
vn 0.0302 -0.0000 0.9995
vn -0.0092 -0.7170 0.6970
vn 0.0302 0.0000 0.9995
vn -0.0852 0.7225 0.6861
vn -0.0566 -0.0000 0.9984
vn -0.0852 -0.7225 0.6861
vn -0.1853 0.7261 0.6622
vn -0.1893 -0.0000 0.9819
vn -0.1853 -0.7261 0.6622
vn -0.1893 0.0000 0.9819
vn -0.2991 0.7297 0.6149
vn -0.3477 0.0000 0.9376
vn -0.2991 -0.7297 0.6149
vn -0.4168 0.7323 0.5385
vn -0.5229 0.0000 0.8524
vn -0.4168 -0.7323 0.5385
vn -0.5229 -0.0000 0.8524
vn -0.5233 0.7327 0.4351
vn -0.6941 0.0000 0.7199
vn -0.5233 -0.7327 0.4351
vn -0.6941 -0.0000 0.7199
vn -0.6050 0.7307 0.3161
vn -0.8346 0.0000 0.5509
vn -0.6050 -0.7307 0.3161
vn -0.8346 -0.0000 0.5509
vn -0.6572 0.7273 0.1976
vn -0.9288 -0.0000 0.3705
vn -0.6572 -0.7273 0.1976
vn -0.9288 0.0000 0.3705
vn -0.6841 0.7236 0.0914
vn -0.9792 0.0000 0.2031
vn -0.6841 -0.7236 0.0914
vn -0.9792 -0.0000 0.2031
vn -0.6998 0.7140 0.0213
vn -0.9981 0.0000 0.0609
vn -0.6998 -0.7140 0.0213
vn -0.9981 -0.0000 0.0609
vn -0.3580 0.8838 -0.3012
vn -0.3580 -0.8838 -0.3012
vn -0.1862 0.6879 -0.7015
vn -0.1708 0.0000 -0.9853
vn -0.1862 -0.6879 -0.7015
vn -0.1708 -0.0000 -0.9853
vn -0.3147 0.6854 -0.6567
vn -0.3403 0.0000 -0.9403
vn -0.3147 -0.6854 -0.6567
vn -0.3403 -0.0000 -0.9403
vn -0.4424 0.6842 -0.5798
vn -0.5198 0.0000 -0.8543
vn -0.4424 -0.6842 -0.5798
vn -0.5198 -0.0000 -0.8543
vn -0.5516 0.6849 -0.4761
vn -0.6867 0.0000 -0.7269
vn -0.5516 -0.6849 -0.4761
vn -0.6867 -0.0000 -0.7269
vn -0.6308 0.6872 -0.3603
vn -0.8195 0.0000 -0.5730
vn -0.6308 -0.6872 -0.3603
vn -0.8195 -0.0000 -0.5730
vn -0.6797 0.6901 -0.2485
vn -0.9099 0.0000 -0.4149
vn -0.6797 -0.6901 -0.2485
vn -0.9099 -0.0000 -0.4149
vn -0.7050 0.6931 -0.1502
vn -0.9629 0.0000 -0.2699
vn -0.7050 -0.6931 -0.1502
vn -0.9629 -0.0000 -0.2699
vn -0.7151 0.6957 -0.0683
vn -0.9893 0.0000 -0.1461
vn -0.7151 -0.6957 -0.0683
vn -0.9893 -0.0000 -0.1461
vn -0.7156 0.6985 -0.0036
vn -0.9990 0.0000 -0.0438
vn -0.7156 -0.6985 -0.0036
vn -0.9990 -0.0000 -0.0438
vn -0.7132 0.6992 0.0494
vn -0.9994 -0.0000 0.0337
vn -0.7132 -0.6992 0.0494
vn -0.7081 0.6988 0.1013
vn -0.9945 -0.0000 0.1044
vn -0.7081 -0.6988 0.1013
vn -0.9945 0.0000 0.1044
vn -0.6987 0.6983 0.1555
vn -0.9839 -0.0000 0.1787
vn -0.6987 -0.6983 0.1555
vn -0.9839 0.0000 0.1787
vn -0.6842 0.6980 0.2112
vn -0.9668 -0.0000 0.2556
vn -0.6842 -0.6980 0.2112
vn -0.9668 0.0000 0.2556
vn -0.6646 0.6978 0.2671
vn -0.9427 0.0000 0.3337
vn -0.6646 -0.6978 0.2671
vn -0.9427 -0.0000 0.3337
vn -0.6399 0.6977 0.3221
vn -0.9115 -0.0000 0.4114
vn -0.6399 -0.6977 0.3221
vn -0.9115 0.0000 0.4114
vn -0.6104 0.6977 0.3749
vn -0.8734 0.0000 0.4870
vn -0.6104 -0.6977 0.3749
vn -0.5769 0.6979 0.4244
vn -0.8293 -0.0000 0.5588
vn -0.5769 -0.6979 0.4244
vn -0.5397 0.6978 0.4710
vn -0.7803 0.0000 0.6255
vn -0.5397 -0.6978 0.4710
vn -0.7803 -0.0000 0.6255
vn -0.4971 0.6970 0.5168
vn -0.7252 0.0000 0.6885
vn -0.4971 -0.6970 0.5168
vn -0.7252 -0.0000 0.6885
vn -0.4471 0.6965 0.5612
vn -0.6599 0.0000 0.7514
vn -0.4471 -0.6965 0.5612
vn -0.3906 0.6961 0.6024
vn -0.5850 -0.0000 0.8111
vn -0.3906 -0.6961 0.6024
vn -0.5850 0.0000 0.8111
vn -0.3285 0.6959 0.6386
vn -0.5017 0.0000 0.8650
vn -0.3285 -0.6959 0.6386
vn -0.5017 -0.0000 0.8650
vn -0.2625 0.6960 0.6684
vn -0.4119 -0.0000 0.9112
vn -0.2625 -0.6960 0.6684
vn -0.1947 0.6962 0.6909
vn -0.3182 0.0000 0.9480
vn -0.1947 -0.6962 0.6909
vn -0.3182 -0.0000 0.9480
vn -0.1273 0.6966 0.7060
vn -0.2236 -0.0000 0.9747
vn -0.1273 -0.6966 0.7060
vn -0.2236 0.0000 0.9747
vn -0.0621 0.6972 0.7142
vn -0.1308 -0.0000 0.9914
vn -0.0621 -0.6972 0.7142
vn -0.1308 0.0000 0.9914
vn 0.0084 0.6952 0.7188
vn -0.0422 -0.0000 0.9991
vn 0.0084 -0.6952 0.7188
vn -0.0422 0.0000 0.9991
vn 0.1029 0.6902 0.7163
vn 0.0656 -0.0000 0.9978
vn 0.1029 -0.6902 0.7163
vn 0.0656 0.0000 0.9978
vn 0.2236 0.6868 0.6916
vn 0.2180 -0.0000 0.9759
vn 0.2236 -0.6868 0.6916
vn 0.2180 0.0000 0.9759
vn 0.3573 0.6840 0.6360
vn 0.3947 0.0000 0.9188
vn 0.3573 -0.6840 0.6360
vn 0.3947 -0.0000 0.9188
vn 0.4867 0.6829 0.5447
vn 0.5793 -0.0000 0.8151
vn 0.4867 -0.6829 0.5447
vn 0.5793 0.0000 0.8151
vn 0.5920 0.6840 0.4262
vn 0.7450 -0.0000 0.6670
vn 0.5920 -0.6840 0.4262
vn 0.7450 0.0000 0.6670
vn 0.6623 0.6868 0.2995
vn 0.8689 -0.0000 0.4950
vn 0.6623 -0.6868 0.2995
vn 0.8689 0.0000 0.4950
vn 0.7004 0.6901 0.1821
vn 0.9455 -0.0000 0.3256
vn 0.7004 -0.6901 0.1821
vn 0.9455 0.0000 0.3256
vn 0.7158 0.6934 0.0826
vn 0.9843 -0.0000 0.1763
vn 0.7158 -0.6934 0.0826
vn 0.9843 0.0000 0.1763
vn 0.7147 0.6994 0.0127
vn 0.9986 -0.0000 0.0526
vn 0.7147 -0.6994 0.0127
vn 0.9986 0.0000 0.0526
vn 0.7107 0.7030 -0.0252
vn 0.9999 -0.0000 -0.0171
vn 0.7107 -0.7030 -0.0252
vn 0.9999 0.0000 -0.0171
vn 0.7097 0.7026 -0.0526
vn 0.9986 -0.0000 -0.0537
vn 0.7097 -0.7026 -0.0526
vn 0.9986 0.0000 -0.0537
vn 0.7072 0.7021 -0.0829
vn 0.9956 -0.0000 -0.0941
vn 0.7072 -0.7021 -0.0829
vn 0.9956 0.0000 -0.0941
vn 0.7030 0.7016 -0.1163
vn 0.9903 0.0000 -0.1387
vn 0.7030 -0.7016 -0.1163
vn 0.9903 -0.0000 -0.1387
vn 0.6966 0.7010 -0.1531
vn 0.9822 -0.0000 -0.1876
vn 0.6966 -0.7010 -0.1531
vn 0.9822 0.0000 -0.1876
vn 0.6872 0.7003 -0.1933
vn 0.9704 0.0000 -0.2414
vn 0.6872 -0.7003 -0.1933
vn 0.9704 -0.0000 -0.2414
vn 0.6740 0.6996 -0.2371
vn 0.9540 0.0000 -0.2999
vn 0.6740 -0.6996 -0.2371
vn 0.9540 -0.0000 -0.2999
vn 0.6563 0.6989 -0.2843
vn 0.9317 -0.0000 -0.3633
vn 0.6563 -0.6989 -0.2843
vn 0.9317 0.0000 -0.3633
vn 0.1309 0.9828 0.1304
vn 0.9023 -0.0000 -0.4311
vn 0.1309 -0.9828 0.1304
vn 0.9023 0.0000 -0.4311
vn -0.4274 0.0000 0.9041
vn -0.4274 -0.0000 0.9041
vn -0.2300 0.7305 0.6431
vn -0.1078 0.7267 0.6784
vn -0.2402 -0.0000 0.9707
vn -0.1078 -0.7267 0.6784
vn -0.2300 -0.7305 0.6431
vn -0.2402 0.0000 0.9707
vn -0.3588 0.7330 0.5779
vn -0.4298 0.0000 0.9029
vn -0.3588 -0.7330 0.5779
vn -0.4298 -0.0000 0.9029
vn -0.4778 0.7332 0.4839
vn -0.6187 0.0000 0.7856
vn -0.4778 -0.7332 0.4839
vn -0.6187 -0.0000 0.7856
vn -0.5719 0.7308 0.3725
vn -0.7778 0.0000 0.6285
vn -0.5719 -0.7308 0.3725
vn -0.7778 -0.0000 0.6285
vn -0.6354 0.7272 0.2598
vn -0.8893 0.0000 0.4573
vn -0.6354 -0.7272 0.2598
vn -0.6722 0.7233 0.1580
vn -0.9549 -0.0000 0.2968
vn -0.6722 -0.7233 0.1580
vn -0.9549 0.0000 0.2968
vn -0.6902 0.7200 0.0719
vn -0.9872 -0.0000 0.1595
vn -0.6902 -0.7200 0.0719
vn -0.6966 0.7175 0.0014
vn -0.9989 0.0000 0.0475
vn -0.6966 -0.7175 0.0014
vn -0.9989 -0.0000 0.0475
vn -0.6919 0.7190 -0.0662
vn -0.9990 0.0000 -0.0436
vn -0.6919 -0.7190 -0.0662
vn -0.9990 -0.0000 -0.0436
vn -0.6762 0.7221 -0.1460
vn -0.9892 0.0000 -0.1468
vn -0.6762 -0.7221 -0.1460
vn -0.9892 -0.0000 -0.1468
vn -0.6438 0.7259 -0.2420
vn -0.9616 0.0000 -0.2744
vn -0.6438 -0.7259 -0.2420
vn -0.9616 -0.0000 -0.2744
vn -0.5864 0.7299 -0.3512
vn -0.9043 0.0000 -0.4269
vn -0.5864 -0.7299 -0.3512
vn -0.9043 -0.0000 -0.4269
vn -0.4976 0.7331 -0.4636
vn -0.8031 0.0000 -0.5958
vn -0.4976 -0.7331 -0.4636
vn -0.8031 -0.0000 -0.5958
vn -0.3799 0.7339 -0.5630
vn -0.6511 0.0000 -0.7590
vn -0.3799 -0.7339 -0.5630
vn -0.6511 -0.0000 -0.7590
vn -0.2469 0.7321 -0.6349
vn -0.4603 0.0000 -0.8878
vn -0.2469 -0.7321 -0.6349
vn -0.4603 -0.0000 -0.8878
vn -0.1167 0.7284 -0.6751
vn -0.2603 0.0000 -0.9655
vn -0.1167 -0.7284 -0.6751
vn -0.0035 0.7241 -0.6897
vn -0.0790 -0.0000 -0.9969
vn -0.0035 -0.7241 -0.6897
vn -0.0790 0.0000 -0.9969
vn 0.1025 0.7257 -0.6803
vn 0.0688 -0.0000 -0.9976
vn 0.1025 -0.7257 -0.6803
vn 0.0688 0.0000 -0.9976
vn 0.2197 0.7295 -0.6478
vn 0.2283 -0.0000 -0.9736
vn 0.2197 -0.7295 -0.6478
vn 0.2283 0.0000 -0.9736
vn 0.3455 0.7324 -0.5867
vn 0.4110 -0.0000 -0.9116
vn 0.3455 -0.7324 -0.5867
vn 0.4110 0.0000 -0.9116
vn 0.4649 0.7331 -0.4964
vn 0.5979 0.0000 -0.8015
vn 0.4649 -0.7331 -0.4964
vn 0.5979 -0.0000 -0.8015
vn 0.5622 0.7313 -0.3861
vn 0.7608 0.0000 -0.6490
vn 0.5622 -0.7313 -0.3861
vn 0.6296 0.7279 -0.2715
vn 0.8788 -0.0000 -0.4771
vn 0.6296 -0.7279 -0.2715
vn 0.8788 0.0000 -0.4771
vn 0.6694 0.7241 -0.1659
vn 0.9502 -0.0000 -0.3117
vn 0.6694 -0.7241 -0.1659
vn 0.9502 0.0000 -0.3117
vn 0.6891 0.7207 -0.0758
vn 0.9858 -0.0000 -0.1682
vn 0.6891 -0.7207 -0.0758
vn 0.9858 0.0000 -0.1682
vn 0.6956 0.7184 -0.0005
vn 0.9987 0.0000 -0.0501
vn 0.6956 -0.7184 -0.0005
vn 0.6897 0.7203 0.0735
vn 0.9988 -0.0000 0.0486
vn 0.6897 -0.7203 0.0735
vn 0.9988 0.0000 0.0486
vn 0.6710 0.7237 0.1613
vn 0.9866 -0.0000 0.1631
vn 0.6710 -0.7237 0.1613
vn 0.9866 0.0000 0.1631
vn 0.6330 0.7275 0.2647
vn 0.9530 -0.0000 0.3030
vn 0.6330 -0.7275 0.2647
vn 0.9530 0.0000 0.3030
vn 0.5679 0.7311 0.3782
vn 0.8850 -0.0000 0.4656
vn 0.5679 -0.7311 0.3782
vn 0.8850 0.0000 0.4656
vn 0.4724 0.7331 0.4892
vn 0.7707 -0.0000 0.6372
vn 0.4724 -0.7331 0.4892
vn 0.7707 0.0000 0.6372
vn 0.3532 0.7327 0.5817
vn 0.6100 -0.0000 0.7924
vn 0.3532 -0.7327 0.5817
vn 0.6100 0.0000 0.7924
vn 0.2256 0.7301 0.6451
vn 0.4218 -0.0000 0.9067
vn 0.2256 -0.7301 0.6451
vn 0.4218 0.0000 0.9067
vn 0.1056 0.7263 0.6792
vn 0.2351 -0.0000 0.9720
vn 0.1056 -0.7263 0.6792
vn 0.2351 0.0000 0.9720
vn -0.0006 0.7236 0.6902
vn 0.0710 -0.0000 0.9975
vn -0.0006 -0.7236 0.6902
vn 0.0710 0.0000 0.9975
vn -0.0726 -0.0000 0.9974
vn -0.0726 0.0000 0.9974
vn -0.2055 0.7281 0.6540
vn -0.0953 0.7244 0.6828
vn -0.2120 -0.0000 0.9773
vn -0.0953 -0.7244 0.6828
vn -0.2055 -0.7281 0.6540
vn -0.2120 0.0000 0.9773
vn -0.3268 0.7313 0.5986
vn -0.3850 -0.0000 0.9229
vn -0.3268 -0.7313 0.5986
vn -0.3850 0.0000 0.9229
vn -0.4461 0.7329 0.5137
vn -0.5680 -0.0000 0.8230
vn -0.4461 -0.7329 0.5137
vn -0.5680 0.0000 0.8230
vn -0.5474 0.7320 0.4056
vn -0.7352 -0.0000 0.6779
vn -0.5474 -0.7320 0.4056
vn -0.6205 0.7291 0.2889
vn -0.8625 0.0000 0.5061
vn -0.6205 -0.7291 0.2889
vn -0.8625 -0.0000 0.5061
vn -0.6650 0.7254 0.1780
vn -0.9425 0.0000 0.3342
vn -0.6650 -0.7254 0.1780
vn -0.9425 -0.0000 0.3342
vn -0.6873 0.7218 0.0817
vn -0.9834 0.0000 0.1813
vn -0.6873 -0.7218 0.0817
vn -0.9834 -0.0000 0.1813
vn -0.6942 0.7198 -0.0009
vn -0.9985 0.0000 0.0542
vn -0.6942 -0.7198 -0.0009
vn -0.9985 -0.0000 0.0542
vn -0.6861 0.7225 -0.0852
vn -0.9984 0.0000 -0.0566
vn -0.6861 -0.7225 -0.0852
vn -0.6622 0.7261 -0.1853
vn -0.9819 -0.0000 -0.1893
vn -0.6622 -0.7261 -0.1853
vn -0.6149 0.7297 -0.2991
vn -0.9376 0.0000 -0.3477
vn -0.6149 -0.7297 -0.2991
vn -0.9376 -0.0000 -0.3477
vn -0.5385 0.7323 -0.4168
vn -0.8524 0.0000 -0.5230
vn -0.5385 -0.7323 -0.4168
vn -0.8524 -0.0000 -0.5230
vn -0.4350 0.7327 -0.5233
vn -0.7199 0.0000 -0.6941
vn -0.4350 -0.7327 -0.5233
vn -0.7199 -0.0000 -0.6941
vn -0.3161 0.7307 -0.6050
vn -0.5509 0.0000 -0.8346
vn -0.3161 -0.7307 -0.6050
vn -0.5509 -0.0000 -0.8346
vn -0.1976 0.7273 -0.6572
vn -0.3706 0.0000 -0.9288
vn -0.1976 -0.7273 -0.6572
vn -0.3706 -0.0000 -0.9288
vn -0.0913 0.7236 -0.6841
vn -0.2031 -0.0000 -0.9792
vn -0.0913 -0.7236 -0.6841
vn -0.2031 0.0000 -0.9792
vn 0.0018 0.7217 -0.6922
vn -0.0609 0.0000 -0.9981
vn 0.0018 -0.7217 -0.6922
vn -0.0609 -0.0000 -0.9981
vn 0.0988 0.7250 -0.6816
vn 0.0661 0.0000 -0.9978
vn 0.0988 -0.7250 -0.6816
vn 0.0661 -0.0000 -0.9978
vn 0.2124 0.7288 -0.6510
vn 0.2199 0.0000 -0.9755
vn 0.2124 -0.7288 -0.6510
vn 0.2199 -0.0000 -0.9755
vn 0.3360 0.7319 -0.5929
vn 0.3977 0.0000 -0.9175
vn 0.3360 -0.7319 -0.5929
vn 0.3977 -0.0000 -0.9175
vn 0.4554 0.7330 -0.5052
vn 0.5828 -0.0000 -0.8126
vn 0.4554 -0.7330 -0.5052
vn 0.5828 0.0000 -0.8126
vn 0.5548 0.7317 -0.3960
vn 0.7480 -0.0000 -0.6637
vn 0.5548 -0.7317 -0.3960
vn 0.6251 0.7285 -0.2802
vn 0.8708 0.0000 -0.4917
vn 0.6251 -0.7285 -0.2802
vn 0.8708 -0.0000 -0.4917
vn 0.6672 0.7247 -0.1720
vn 0.9464 -0.0000 -0.3230
vn 0.6672 -0.7247 -0.1720
vn 0.9464 0.0000 -0.3230
vn 0.6882 0.7213 -0.0787
vn 0.9846 -0.0000 -0.1747
vn 0.6882 -0.7213 -0.0787
vn 0.9846 0.0000 -0.1747
vn 0.6949 0.7191 0.0003
vn 0.9986 0.0000 -0.0521
vn 0.6949 -0.7191 0.0003
vn 0.6878 0.7215 0.0799
vn 0.9986 -0.0000 0.0529
vn 0.6878 -0.7215 0.0799
vn 0.9986 0.0000 0.0529
vn 0.6663 0.7250 0.1744
vn 0.9841 -0.0000 0.1773
vn 0.6663 -0.7250 0.1744
vn 0.9841 0.0000 0.1773
vn 0.6233 0.7287 0.2837
vn 0.9449 -0.0000 0.3275
vn 0.6233 -0.7287 0.2837
vn 0.9449 0.0000 0.3275
vn 0.5519 0.7318 0.3999
vn 0.8675 -0.0000 0.4974
vn 0.5519 -0.7318 0.3999
vn 0.8675 0.0000 0.4974
vn 0.4517 0.7330 0.5087
vn 0.7429 0.0000 0.6694
vn 0.4517 -0.7330 0.5087
vn 0.3323 0.7317 0.5952
vn 0.5769 -0.0000 0.8168
vn 0.3323 -0.7317 0.5952
vn 0.5769 0.0000 0.8168
vn 0.2096 0.7285 0.6522
vn 0.3926 -0.0000 0.9197
vn 0.2096 -0.7285 0.6522
vn 0.0974 0.7247 0.6821
vn 0.2167 -0.0000 0.9762
vn 0.0974 -0.7247 0.6821
vn 0.0005 0.7219 0.6920
vn 0.0652 0.0000 0.9979
vn 0.0005 -0.7219 0.6920
vn 0.0652 -0.0000 0.9979
vn -0.0637 -0.0000 0.9980
vn 0.0000 -1.0000 -0.0000
vn 0.0000 1.0000 -0.0000
# 1111 vertex normals

o Cho_che
g Cho_che
s 1
f 1//1 2//2 3//3 
f 4//4 5//5 6//3 
s 3
f 7//6 1//1 8//7 
f 5//5 9//8 10//7 
s 2
f 11//9 7//6 12//10 
f 9//8 13//11 14//12 
f 15//13 11//9 16//14 
f 13//11 17//15 18//16 
f 19//17 15//13 20//18 
f 17//15 21//19 22//20 
f 23//21 19//17 24//22 
f 21//19 25//23 26//22 
f 27//24 23//21 28//25 
f 25//23 29//26 30//27 
f 31//28 27//24 32//29 
f 29//26 33//30 34//31 
s 4
f 35//32 31//28 36//33 
f 33//30 37//34 38//33 
f 39//35 35//32 40//36 
f 37//34 41//37 42//36 
f 43//38 39//35 44//39 
f 41//37 45//40 46//41 
f 47//42 43//38 48//43 
f 45//40 49//44 50//43 
f 51//45 47//42 52//46 
f 49//44 53//47 54//48 
f 55//49 51//45 56//50 
f 53//47 57//51 58//52 
f 59//53 55//49 60//54 
f 57//51 61//55 62//56 
f 63//57 59//53 64//58 
f 61//55 65//59 66//60 
f 67//61 63//57 68//62 
f 65//59 69//63 70//64 
f 71//65 67//61 72//66 
f 69//63 73//67 74//68 
f 75//69 71//65 76//70 
f 73//67 77//71 78//72 
f 79//73 75//69 80//74 
f 77//71 81//75 82//76 
f 83//77 79//73 84//78 
f 81//75 85//79 86//78 
f 87//80 83//77 88//81 
f 85//79 89//82 90//83 
f 91//84 87//80 92//85 
f 89//82 93//86 94//87 
f 95//88 91//84 96//89 
f 93//86 97//90 98//91 
f 99//92 95//88 100//93 
f 97//90 101//94 102//95 
f 103//96 99//92 104//97 
f 101//94 105//98 106//97 
f 107//99 103//96 108//100 
f 105//98 109//101 110//102 
f 111//103 107//99 112//104 
f 109//101 113//105 114//106 
f 115//107 111//103 116//108 
f 113//105 117//109 118//110 
f 119//111 115//107 120//112 
f 117//109 121//113 122//114 
f 123//115 119//111 124//116 
f 121//113 125//117 126//118 
f 127//119 123//115 128//120 
f 125//117 129//121 130//122 
f 131//123 127//119 132//124 
f 129//121 133//125 134//124 
f 135//126 131//123 136//127 
f 133//125 137//128 138//129 
f 139//130 135//126 140//131 
f 137//128 141//132 142//131 
s 2
f 143//133 139//130 144//134 
f 141//132 145//135 146//134 
s 4
f 147//136 143//133 148//137 
f 145//135 149//138 150//137 
s 2
f 151//139 147//136 152//140 
f 149//138 153//141 154//140 
s 4
f 155//142 151//139 156//143 
f 153//141 157//144 158//145 
f 159//146 155//142 160//147 
f 157//144 161//148 162//149 
f 163//150 159//146 164//151 
f 161//148 165//152 166//153 
f 167//154 163//150 168//155 
f 165//152 169//156 170//155 
f 171//157 167//154 172//158 
f 169//156 173//159 174//158 
f 175//160 171//157 176//161 
f 173//159 177//162 178//163 
f 179//164 175//160 180//165 
f 177//162 181//166 182//167 
f 183//168 179//164 184//169 
f 181//166 185//170 186//171 
f 187//172 183//168 188//173 
f 185//170 189//174 190//175 
s 2
f 191//176 187//172 192//134 
f 189//174 193//177 194//134 
s 4
f 195//178 191//176 196//179 
f 193//177 197//180 198//181 
f 199//182 195//178 200//183 
f 197//180 201//184 202//185 
f 203//186 199//182 204//187 
f 201//184 205//188 206//189 
f 207//190 203//186 208//191 
f 205//188 209//192 210//191 
f 211//193 207//190 212//194 
f 209//192 213//195 214//196 
f 215//197 211//193 216//198 
f 213//195 217//199 218//200 
f 219//201 215//197 220//202 
f 217//199 221//203 222//204 
f 223//205 219//201 224//206 
f 221//203 225//207 226//206 
f 227//208 223//205 228//209 
f 225//207 229//210 230//211 
f 231//212 227//208 232//213 
f 229//210 233//214 234//215 
f 235//216 231//212 236//217 
f 233//214 237//218 238//219 
f 239//220 235//216 240//221 
f 237//218 241//222 242//223 
f 243//224 239//220 244//225 
f 241//222 245//226 246//227 
f 247//228 243//224 248//229 
f 245//226 249//230 250//231 
f 251//232 247//228 252//233 
f 249//230 253//234 254//233 
f 255//235 251//232 256//236 
f 253//234 257//237 258//236 
f 259//238 255//235 260//239 
f 257//237 261//240 262//241 
f 263//242 259//238 264//243 
f 261//240 265//244 266//245 
s 2
f 267//246 263//242 268//247 
f 265//244 269//248 270//249 
f 271//250 267//246 272//251 
f 269//248 273//252 274//253 
f 275//254 271//250 276//255 
f 273//252 277//256 278//257 
f 279//258 275//254 280//259 
f 277//256 281//260 282//259 
f 283//261 279//258 284//262 
f 281//260 285//263 286//262 
f 287//264 283//261 288//265 
f 285//263 289//266 290//267 
f 291//268 287//264 292//269 
f 289//266 293//270 294//271 
f 295//272 291//268 296//273 
f 293//270 297//274 298//273 
f 299//275 295//272 300//276 
f 297//274 301//277 302//278 
s 4
f 303//279 299//275 304//280 
f 301//277 305//281 306//282 
f 307//283 303//279 308//284 
f 305//281 309//285 310//286 
f 311//287 307//283 312//288 
f 309//285 313//289 314//290 
f 315//291 311//287 316//292 
f 313//289 317//293 318//294 
f 319//295 315//291 320//296 
f 317//293 321//297 322//298 
f 323//299 319//295 324//300 
f 321//297 325//301 326//302 
f 327//303 323//299 328//304 
f 325//301 329//305 330//306 
f 331//307 327//303 332//308 
f 329//305 333//309 334//310 
f 335//311 331//307 336//312 
f 333//309 337//313 338//312 
s 2
f 339//314 335//311 340//140 
f 337//313 341//315 342//140 
s 4
f 343//316 339//314 344//317 
f 341//315 345//318 346//317 
f 347//319 343//316 348//320 
f 345//318 349//321 350//322 
f 351//323 347//319 352//324 
f 349//321 353//325 354//326 
f 355//327 351//323 356//328 
f 353//325 357//329 358//328 
f 359//330 355//327 360//331 
f 357//329 361//332 362//333 
f 363//334 359//330 364//335 
f 361//332 365//336 366//337 
f 367//338 363//334 368//339 
f 365//336 369//340 370//341 
f 371//342 367//338 372//343 
f 369//340 373//344 374//345 
f 375//346 371//342 376//347 
f 373//344 377//348 378//347 
f 379//349 375//346 380//350 
f 377//348 381//351 382//352 
f 383//353 379//349 384//354 
f 381//351 385//355 386//356 
f 387//357 383//353 388//358 
f 385//355 389//359 390//358 
f 391//360 387//357 392//361 
f 389//359 393//362 394//363 
f 395//364 391//360 396//365 
f 393//362 397//366 398//367 
f 399//368 395//364 400//369 
f 397//366 401//370 402//371 
f 403//372 399//368 404//373 
f 401//370 405//374 406//375 
f 407//376 403//372 408//377 
f 405//374 409//378 410//377 
f 411//379 407//376 412//380 
f 409//378 413//381 414//380 
f 415//382 411//379 416//383 
f 413//381 417//384 418//385 
f 419//386 415//382 420//387 
f 417//384 421//388 422//387 
f 423//389 419//386 424//390 
f 421//388 425//391 426//392 
f 427//393 423//389 428//394 
f 425//391 429//395 430//396 
f 431//397 427//393 432//398 
f 429//395 433//399 434//398 
f 435//400 431//397 436//401 
f 433//399 437//402 438//403 
f 439//404 435//400 440//405 
f 437//402 441//406 442//407 
f 443//408 439//404 444//409 
f 441//406 445//410 446//411 
f 447//412 443//408 448//413 
f 445//410 449//414 450//415 
f 451//416 447//412 452//417 
f 449//414 453//418 454//419 
f 455//420 451//416 456//421 
f 453//418 457//422 458//423 
f 459//424 455//420 460//425 
f 457//422 461//426 462//427 
f 463//428 459//424 464//429 
f 461//426 465//430 466//429 
f 467//431 463//428 468//432 
f 465//430 469//433 470//434 
f 471//435 467//431 472//436 
f 469//433 473//437 474//438 
f 475//439 471//435 476//440 
f 473//437 477//441 478//442 
f 479//443 475//439 480//444 
f 477//441 481//445 482//446 
f 483//447 479//443 484//448 
f 481//445 485//449 486//448 
f 487//450 483//447 488//451 
f 485//449 489//452 490//451 
f 491//453 487//450 492//454 
f 489//452 493//455 494//456 
f 495//457 491//453 496//458 
f 493//455 497//459 498//458 
f 499//460 495//457 500//461 
f 497//459 501//462 502//463 
f 503//464 499//460 504//465 
f 501//462 505//466 506//467 
f 507//468 503//464 508//469 
f 505//466 509//470 510//471 
f 511//472 507//468 512//473 
f 509//470 513//474 514//475 
f 515//476 511//472 516//477 
f 513//474 517//478 518//479 
f 519//480 515//476 520//481 
f 517//478 521//482 522//481 
s 2
f 523//483 519//480 524//134 
f 521//482 525//484 526//134 
s 4
f 527//485 523//483 528//486 
f 525//484 529//487 530//488 
f 531//489 527//485 532//490 
f 529//487 533//491 534//492 
f 535//493 531//489 536//494 
f 533//491 537//495 538//496 
f 539//497 535//493 540//498 
f 537//495 541//499 542//500 
f 543//501 539//497 544//502 
f 541//499 545//503 546//504 
f 547//505 543//501 548//506 
f 545//503 549//507 550//508 
f 551//509 547//505 552//510 
f 549//507 553//511 554//512 
f 555//513 551//509 556//514 
f 553//511 557//515 558//516 
f 559//517 555//513 560//518 
f 557//515 561//519 562//520 
f 563//521 559//517 564//522 
f 561//519 565//523 566//524 
f 567//525 563//521 568//526 
f 565//523 569//527 570//528 
f 571//529 567//525 572//530 
f 569//527 573//531 574//532 
f 575//533 571//529 576//534 
f 573//531 577//535 578//536 
f 579//537 575//533 580//538 
f 577//535 581//539 582//540 
f 583//541 579//537 584//542 
f 581//539 585//543 586//544 
f 587//545 583//541 588//546 
f 585//543 589//547 590//548 
f 591//549 587//545 592//550 
f 589//547 593//551 594//552 
f 595//553 591//549 596//554 
f 593//551 597//555 598//556 
s 2
f 599//557 595//553 600//558 
f 597//555 601//559 602//558 
f 603//560 599//557 604//561 
f 601//559 605//562 606//561 
f 607//563 603//560 608//564 
f 605//562 609//565 610//566 
f 611//567 607//563 612//568 
f 609//565 613//569 614//568 
f 615//570 611//567 616//571 
f 613//569 617//572 618//571 
f 619//573 615//570 620//574 
f 617//572 621//575 622//576 
f 623//577 619//573 624//578 
f 621//575 625//579 626//580 
f 627//581 623//577 628//582 
f 625//579 629//583 630//582 
f 631//584 627//581 632//585 
f 629//583 633//586 634//587 
s 4
f 635//588 631//584 636//589 
f 633//586 637//590 638//591 
f 639//592 635//588 640//593 
f 637//590 641//594 642//595 
f 643//596 639//592 644//597 
f 641//594 645//598 646//599 
f 647//600 643//596 648//601 
f 645//598 649//602 650//603 
f 651//604 647//600 652//605 
f 649//602 653//606 654//607 
f 655//608 651//604 656//609 
f 653//606 657//610 658//611 
f 659//612 655//608 660//613 
f 657//610 661//614 662//613 
f 663//615 659//612 664//616 
f 661//614 665//617 666//618 
f 667//619 663//615 668//620 
f 665//617 669//621 670//622 
f 671//623 667//619 672//624 
f 669//621 673//625 674//624 
f 675//626 671//623 676//627 
f 673//625 677//628 678//629 
f 679//630 675//626 680//631 
f 677//628 681//632 682//631 
f 683//633 679//630 684//634 
f 681//632 685//635 686//636 
f 687//637 683//633 688//638 
f 685//635 689//639 690//640 
f 691//641 687//637 692//642 
f 689//639 693//643 694//644 
f 695//645 691//641 696//646 
f 693//643 697//647 698//648 
f 699//649 695//645 700//650 
f 697//647 701//651 702//652 
f 703//653 699//649 704//654 
f 701//651 705//655 706//656 
s 2
f 707//657 703//653 708//140 
f 705//655 709//658 710//140 
s 4
f 711//659 707//657 712//660 
f 709//658 713//661 714//662 
f 715//663 711//659 716//664 
f 713//661 717//665 718//666 
f 719//667 715//663 720//668 
f 717//665 721//669 722//670 
f 723//671 719//667 724//672 
f 721//669 725//673 726//674 
f 727//675 723//671 728//676 
f 725//673 729//677 730//678 
f 731//679 727//675 732//680 
f 729//677 733//681 734//682 
f 735//683 731//679 736//684 
f 733//681 737//685 738//686 
f 739//687 735//683 740//688 
f 737//685 741//689 742//690 
f 743//691 739//687 744//692 
f 741//689 745//693 746//694 
f 747//695 743//691 748//696 
f 745//693 749//697 750//696 
f 751//698 747//695 752//699 
f 749//697 753//700 754//701 
f 755//702 751//698 756//703 
f 753//700 757//704 758//705 
f 759//706 755//702 760//707 
f 757//704 761//708 762//709 
f 763//710 759//706 764//711 
f 761//708 765//712 766//713 
f 767//714 763//710 768//715 
f 765//712 769//716 770//717 
f 771//718 767//714 772//719 
f 769//716 773//720 774//719 
f 775//721 771//718 776//722 
f 773//720 777//723 778//722 
f 779//724 775//721 780//725 
f 777//723 781//726 782//727 
f 783//728 779//724 784//729 
f 781//726 785//730 786//731 
f 787//732 783//728 788//733 
f 785//730 789//734 790//733 
f 791//735 787//732 792//736 
f 789//734 793//737 794//738 
f 795//739 791//735 796//740 
f 793//737 797//741 798//742 
f 799//743 795//739 800//744 
f 797//741 801//745 802//744 
f 803//746 799//743 804//747 
f 801//745 805//748 806//749 
f 807//750 803//746 808//751 
f 805//748 809//752 810//753 
f 811//754 807//750 812//755 
f 809//752 813//756 814//757 
f 815//758 811//754 816//759 
f 813//756 817//760 818//761 
f 819//762 815//758 820//763 
f 817//760 821//764 822//765 
f 823//766 819//762 824//767 
f 821//764 825//768 826//769 
f 827//770 823//766 828//771 
f 825//768 829//772 830//773 
f 831//774 827//770 832//775 
f 829//772 833//776 834//777 
f 835//778 831//774 836//779 
f 833//776 837//780 838//781 
f 839//782 835//778 840//783 
f 837//780 841//784 842//785 
f 843//786 839//782 844//787 
f 841//784 845//788 846//789 
f 847//790 843//786 848//791 
f 845//788 849//792 850//793 
f 851//794 847//790 852//795 
f 849//792 853//796 854//797 
f 855//798 851//794 856//799 
f 853//796 857//800 858//801 
f 859//802 855//798 860//803 
f 857//800 861//804 862//805 
f 863//806 859//802 864//807 
f 861//804 865//808 866//809 
f 867//810 863//806 868//811 
f 865//808 869//812 870//813 
f 871//814 867//810 872//815 
f 869//812 873//816 874//817 
f 875//818 871//814 876//819 
f 873//816 877//820 878//821 
f 879//822 875//818 880//823 
f 877//820 881//824 882//825 
f 883//826 879//822 884//827 
f 881//824 885//828 886//829 
f 887//830 883//826 888//831 
f 885//828 889//832 890//833 
s 3
f 2//2 887//830 891//834 
f 889//832 4//4 892//835 
s 1
f 893//836 894//837 895//838 
f 896//839 897//840 898//841 
s 3
f 899//842 893//836 900//843 
f 897//840 901//844 902//845 
s 2
f 903//846 899//842 904//847 
f 901//844 905//848 906//849 
f 907//850 903//846 908//851 
f 905//848 909//852 910//853 
f 911//854 907//850 912//855 
f 909//852 913//856 914//855 
f 915//857 911//854 916//858 
f 913//856 917//859 918//860 
f 919//861 915//857 920//862 
f 917//859 921//863 922//862 
f 923//864 919//861 924//865 
f 921//863 925//866 926//867 
f 927//868 923//864 928//869 
f 925//866 929//870 930//871 
f 931//872 927//868 932//873 
f 929//870 933//874 934//875 
f 935//876 931//872 936//877 
f 933//874 937//878 938//879 
f 939//880 935//876 940//881 
f 937//878 941//882 942//883 
f 943//884 939//880 944//885 
f 941//882 945//886 946//887 
f 947//888 943//884 948//889 
f 945//886 949//890 950//891 
f 951//892 947//888 952//893 
f 949//890 953//894 954//895 
f 955//896 951//892 956//897 
f 953//894 957//898 958//897 
f 959//899 955//896 960//900 
f 957//898 961//901 962//902 
f 963//903 959//899 964//904 
f 961//901 965//905 966//906 
f 967//907 963//903 968//908 
f 965//905 969//909 970//910 
f 971//911 967//907 972//912 
f 969//909 973//913 974//914 
f 975//915 971//911 976//916 
f 973//913 977//917 978//918 
f 979//919 975//915 980//920 
f 977//917 981//921 982//920 
f 983//922 979//919 984//923 
f 981//921 985//924 986//925 
f 987//926 983//922 988//927 
f 985//924 989//928 990//929 
f 991//930 987//926 992//931 
f 989//928 993//932 994//933 
f 995//934 991//930 996//935 
f 993//932 997//936 998//935 
f 999//937 995//934 1000//938 
f 997//936 1001//939 1002//940 
f 1003//941 999//937 1004//942 
f 1001//939 1005//943 1006//944 
f 1007//945 1003//941 1008//946 
f 1005//943 1009//947 1010//948 
f 1011//949 1007//945 1012//950 
f 1009//947 1013//951 1014//952 
f 1015//953 1011//949 1016//954 
f 1013//951 1017//955 1018//956 
f 1019//957 1015//953 1020//958 
f 1017//955 1021//959 1022//960 
f 1023//961 1019//957 1024//962 
f 1021//959 1025//963 1026//964 
f 1027//965 1023//961 1028//966 
f 1025//963 1029//967 1030//968 
f 1031//969 1027//965 1032//970 
f 1029//967 1033//971 1034//972 
s 3
f 894//837 1031//969 1035//973 
f 1033//971 896//839 1036//974 
s 1
f 1037//975 1038//976 1039//977 
f 1040//978 1041//979 1042//980 
s 3
f 1043//981 1037//975 1044//982 
f 1041//979 1045//983 1046//984 
s 2
f 1047//985 1043//981 1048//986 
f 1045//983 1049//987 1050//988 
f 1051//989 1047//985 1052//990 
f 1049//987 1053//991 1054//990 
f 1055//992 1051//989 1056//993 
f 1053//991 1057//994 1058//995 
f 1059//996 1055//992 1060//997 
f 1057//994 1061//998 1062//999 
f 1063//1000 1059//996 1064//1001 
f 1061//998 1065//1002 1066//1003 
f 1067//1004 1063//1000 1068//1005 
f 1065//1002 1069//1006 1070//1007 
f 1071//1008 1067//1004 1072//1009 
f 1069//1006 1073//1010 1074//1009 
f 1075//1011 1071//1008 1076//1012 
f 1073//1010 1077//1013 1078//1012 
f 1079//1014 1075//1011 1080//1015 
f 1077//1013 1081//1016 1082//1017 
f 1083//1018 1079//1014 1084//1019 
f 1081//1016 1085//1020 1086//1021 
f 1087//1022 1083//1018 1088//1023 
f 1085//1020 1089//1024 1090//1025 
f 1091//1026 1087//1022 1092//1027 
f 1089//1024 1093//1028 1094//1029 
f 1095//1030 1091//1026 1096//1031 
f 1093//1028 1097//1032 1098//1033 
f 1099//1034 1095//1030 1100//1035 
f 1097//1032 1101//1036 1102//1037 
f 1103//1038 1099//1034 1104//1039 
f 1101//1036 1105//1040 1106//1041 
f 1107//1042 1103//1038 1108//1043 
f 1105//1040 1109//1044 1110//1045 
f 1111//1046 1107//1042 1112//1047 
f 1109//1044 1113//1048 1114//1049 
f 1115//1050 1111//1046 1116//1051 
f 1113//1048 1117//1052 1118//1053 
f 1119//1054 1115//1050 1120//1055 
f 1117//1052 1121//1056 1122//1057 
f 1123//1058 1119//1054 1124//1059 
f 1121//1056 1125//1060 1126//1059 
f 1127//1061 1123//1058 1128//1062 
f 1125//1060 1129//1063 1130//1064 
f 1131//1065 1127//1061 1132//1066 
f 1129//1063 1133//1067 1134//1068 
f 1135//1069 1131//1065 1136//1070 
f 1133//1067 1137//1071 1138//1072 
f 1139//1073 1135//1069 1140//1074 
f 1137//1071 1141//1075 1142//1074 
f 1143//1076 1139//1073 1144//1077 
f 1141//1075 1145//1078 1146//1079 
f 1147//1080 1143//1076 1148//1081 
f 1145//1078 1149//1082 1150//1083 
f 1151//1084 1147//1080 1152//1085 
f 1149//1082 1153//1086 1154//1087 
f 1155//1088 1151//1084 1156//1089 
f 1153//1086 1157//1090 1158//1091 
f 1159//1092 1155//1088 1160//1093 
f 1157//1090 1161//1094 1162//1093 
f 1163//1095 1159//1092 1164//1096 
f 1161//1094 1165//1097 1166//1098 
f 1167//1099 1163//1095 1168//1100 
f 1165//1097 1169//1101 1170//1100 
f 1171//1102 1167//1099 1172//1103 
f 1169//1101 1173//1104 1174//1103 
f 1175//1105 1171//1102 1176//1106 
f 1173//1104 1177//1107 1178//1108 
s 3
f 1038//976 1175//1105 1179//1109 
f 1177//1107 1040//978 1180//1109 
s 16
f 1040//978 1177//1107 1181//1110 
f 1040//978 1181//1110 521//482 1182//1110 
f 1040//978 1182//1110 517//478 1183//1110 
f 1041//979 1040//978 1184//1110 
f 1041//979 1184//1110 513//474 1185//1110 
f 1041//979 1185//1110 509//470 1186//1110 
f 1045//983 1041//979 1187//1110 
f 1045//983 1187//1110 505//466 1188//1110 
f 1045//983 1188//1110 501//462 1189//1110 
f 1045//983 1189//1110 497//459 1190//1110 
f 1045//983 1190//1110 493//455 1191//1110 
f 1049//987 1045//983 1192//1110 
f 1049//987 1192//1110 489//452 1193//1110 
f 1049//987 1193//1110 485//449 1194//1110 
f 1053//991 1049//987 1195//1110 
f 1053//991 1195//1110 481//445 1196//1110 
f 1053//991 1196//1110 477//441 1197//1110 
f 1053//991 1197//1110 473//437 1198//1110 
f 1057//994 1053//991 1199//1110 
f 1057//994 1199//1110 469//433 1200//1110 
f 1057//994 1200//1110 465//430 1201//1110 
f 1061//998 1057//994 1202//1110 
f 1061//998 1202//1110 461//426 1203//1110 
f 1061//998 1203//1110 457//422 1204//1110 
f 1065//1002 1061//998 1205//1110 
f 1065//1002 1205//1110 453//418 1206//1110 
f 1065//1002 1206//1110 449//414 1207//1110 
f 1069//1006 1065//1002 1208//1110 
f 1069//1006 1208//1110 445//410 1209//1110 
f 1073//1010 1069//1006 1210//1110 
f 1073//1010 1210//1110 441//406 1211//1110 
f 1077//1013 1073//1010 1212//1110 
f 1077//1013 1212//1110 437//402 1213//1110 
f 1077//1013 1213//1110 433//399 1214//1110 
f 1081//1016 1077//1013 1215//1110 
f 1081//1016 1215//1110 429//395 1216//1110 
f 1081//1016 1216//1110 425//391 1217//1110 
f 1085//1020 1081//1016 1218//1110 
f 1085//1020 1218//1110 421//388 1219//1110 
f 1089//1024 1085//1020 1220//1110 
f 1089//1024 1220//1110 417//384 1221//1110 
f 1089//1024 1221//1110 413//381 1222//1110 
f 1093//1028 1089//1024 1223//1110 
f 1093//1028 1223//1110 409//378 1224//1110 
f 1093//1028 1224//1110 405//374 1225//1110 
f 1097//1032 1093//1028 1226//1110 
f 1097//1032 1226//1110 401//370 1227//1110 
f 1097//1032 1227//1110 397//366 1228//1110 
f 1101//1036 1097//1032 1229//1110 
f 1101//1036 1229//1110 393//362 1230//1110 
f 1101//1036 1230//1110 389//359 1231//1110 
f 1105//1040 1101//1036 1232//1110 
f 1105//1040 1232//1110 385//355 1233//1110 
f 1105//1040 1233//1110 381//351 1234//1110 
f 1109//1044 1105//1040 1235//1110 
f 1113//1048 1109//1044 1236//1110 
f 1113//1048 1236//1110 377//348 1237//1110 
f 1117//1052 1113//1048 1238//1110 
f 1117//1052 1238//1110 373//344 1239//1110 
f 1121//1056 1117//1052 1240//1110 
f 1121//1056 1240//1110 369//340 1241//1110 
f 1121//1056 1241//1110 365//336 1242//1110 
f 1125//1060 1121//1056 1243//1110 
f 1125//1060 1243//1110 361//332 1244//1110 
f 1129//1063 1125//1060 1245//1110 
f 1129//1063 1245//1110 357//329 1246//1110 
f 1133//1067 1129//1063 1247//1110 
f 1133//1067 1247//1110 353//325 1248//1110 
f 1137//1071 1133//1067 1249//1110 
f 1141//1075 1137//1071 1250//1110 
f 1141//1075 1250//1110 349//321 1251//1110 
f 1141//1075 1251//1110 345//318 1252//1110 
f 1141//1075 1252//1110 341//315 1253//1110 
f 1141//1075 1253//1110 337//313 1254//1110 
f 1141//1075 1254//1110 333//309 1255//1110 
f 1141//1075 1255//1110 329//305 1256//1110 
f 1141//1075 1256//1110 325//301 1257//1110 
f 1141//1075 1257//1110 321//297 1258//1110 
f 1141//1075 1258//1110 317//293 1259//1110 
f 1141//1075 1259//1110 313//289 1260//1110 
f 1141//1075 1260//1110 309//285 1261//1110 
f 1141//1075 1261//1110 305//281 1262//1110 
f 1145//1078 1141//1075 1263//1110 
f 1149//1082 1145//1078 1264//1110 
f 1153//1086 1149//1082 1265//1110 
f 1157//1090 1153//1086 1266//1110 
f 1161//1094 1157//1090 1267//1110 
f 1165//1097 1161//1094 1268//1110 
f 1169//1101 1165//1097 1269//1110 
f 1173//1104 1169//1101 1270//1110 
f 1177//1107 1173//1104 1271//1110 
f 521//482 1181//1110 1177//1107 1272//1110 
f 525//484 521//482 1273//1110 
f 529//487 525//484 1274//1110 
f 533//491 529//487 1275//1110 
f 537//495 533//491 1276//1110 
f 541//499 537//495 1277//1110 
f 545//503 541//499 1278//1110 
f 549//507 545//503 1279//1110 
f 553//511 549//507 1280//1110 
f 557//515 553//511 1281//1110 
f 561//519 557//515 1282//1110 
f 565//523 561//519 1283//1110 
f 569//527 565//523 1284//1110 
f 573//531 569//527 1285//1110 
f 269//248 265//244 1286//1110 
f 273//252 269//248 1287//1110 
f 273//252 1287//1110 261//240 1288//1110 
f 277//256 273//252 1289//1110 
f 277//256 1289//1110 257//237 1290//1110 
f 281//260 277//256 1291//1110 
f 281//260 1291//1110 253//234 1292//1110 
f 285//263 281//260 1293//1110 
f 289//266 285//263 1294//1110 
f 289//266 1294//1110 249//230 1295//1110 
f 293//270 289//266 1296//1110 
f 293//270 1296//1110 245//226 1297//1110 
f 297//274 293//270 1298//1110 
f 297//274 1298//1110 241//222 1299//1110 
f 897//840 896//839 1300//1110 
f 901//844 897//840 1301//1110 
f 905//848 901//844 1302//1110 
f 909//852 905//848 1303//1110 
f 913//856 909//852 1304//1110 
f 917//859 913//856 1305//1110 
f 921//863 917//859 1306//1110 
f 925//866 921//863 1307//1110 
f 925//866 1307//1110 189//174 1308//1110 
f 925//866 1308//1110 185//170 1309//1110 
f 925//866 1309//1110 181//166 1310//1110 
f 153//141 149//138 1311//1110 
f 153//141 1311//1110 145//135 1312//1110 
f 153//141 1312//1110 141//132 1313//1110 
f 153//141 1313//1110 137//128 1314//1110 
f 153//141 1314//1110 133//125 1315//1110 
f 153//141 1315//1110 129//121 1316//1110 
f 153//141 1316//1110 125//117 1317//1110 
f 153//141 1317//1110 121//113 1318//1110 
f 153//141 1318//1110 117//109 1319//1110 
f 153//141 1319//1110 113//105 1320//1110 
f 153//141 1320//1110 109//101 1321//1110 
f 153//141 1321//1110 105//98 1322//1110 
f 153//141 1322//1110 101//94 1323//1110 
f 153//141 1323//1110 97//90 1324//1110 
f 153//141 1324//1110 93//86 1325//1110 
f 153//141 1325//1110 89//82 1326//1110 
f 153//141 1326//1110 85//79 1327//1110 
f 153//141 1327//1110 81//75 1328//1110 
f 153//141 1328//1110 77//71 1329//1110 
f 153//141 1329//1110 73//67 1330//1110 
f 153//141 1330//1110 69//63 1331//1110 
f 153//141 1331//1110 65//59 1332//1110 
f 153//141 1332//1110 61//55 1333//1110 
f 153//141 1333//1110 57//51 1334//1110 
f 153//141 1334//1110 53//47 1335//1110 
f 153//141 1335//1110 49//44 1336//1110 
f 153//141 1336//1110 45//40 1337//1110 
f 153//141 1337//1110 41//37 1338//1110 
f 153//141 1338//1110 37//34 1339//1110 
f 153//141 1339//1110 33//30 1340//1110 
f 153//141 1340//1110 29//26 1341//1110 
f 153//141 1341//1110 25//23 1342//1110 
f 153//141 1342//1110 21//19 1343//1110 
f 157//144 153//141 1344//1110 
f 157//144 1344//1110 17//15 1345//1110 
f 161//148 157//144 1346//1110 
f 165//152 161//148 1347//1110 
f 165//152 1347//1110 13//11 1348//1110 
f 169//156 165//152 1349//1110 
f 169//156 1349//1110 9//8 1350//1110 
f 173//159 169//156 1351//1110 
f 177//162 173//159 1352//1110 
f 177//162 1352//1110 5//5 1353//1110 
f 177//162 1353//1110 4//4 1354//1110 
f 925//866 1310//1110 177//162 1355//1110 
f 925//866 1355//1110 889//832 1356//1110 
f 925//866 1356//1110 885//828 1357//1110 
f 925//866 1357//1110 881//824 1358//1110 
f 925//866 1358//1110 877//820 1359//1110 
f 925//866 1359//1110 873//816 1360//1110 
f 925//866 1360//1110 869//812 1361//1110 
f 925//866 1361//1110 865//808 1362//1110 
f 925//866 1362//1110 861//804 1363//1110 
f 925//866 1363//1110 857//800 1364//1110 
f 929//870 925//866 1365//1110 
f 929//870 1365//1110 853//796 1366//1110 
f 933//874 929//870 1367//1110 
f 933//874 1367//1110 849//792 1368//1110 
f 937//878 933//874 1369//1110 
f 937//878 1369//1110 845//788 1370//1110 
f 941//882 937//878 1371//1110 
f 941//882 1371//1110 841//784 1372//1110 
f 945//886 941//882 1373//1110 
f 945//886 1373//1110 837//780 1374//1110 
f 945//886 1374//1110 833//776 1375//1110 
f 949//890 945//886 1376//1110 
f 949//890 1376//1110 829//772 1377//1110 
f 953//894 949//890 1378//1110 
f 953//894 1378//1110 825//768 1379//1110 
f 957//898 953//894 1380//1110 
f 957//898 1380//1110 821//764 1381//1110 
f 961//901 957//898 1382//1110 
f 961//901 1382//1110 817//760 1383//1110 
f 965//905 961//901 1384//1110 
f 965//905 1384//1110 813//756 1385//1110 
f 965//905 1385//1110 809//752 1386//1110 
f 969//909 965//905 1387//1110 
f 969//909 1387//1110 805//748 1388//1110 
f 969//909 1388//1110 801//745 1389//1110 
f 973//913 969//909 1390//1110 
f 973//913 1390//1110 797//741 1391//1110 
f 973//913 1391//1110 793//737 1392//1110 
f 973//913 1392//1110 789//734 1393//1110 
f 977//917 973//913 1394//1110 
f 977//917 1394//1110 785//730 1395//1110 
f 977//917 1395//1110 781//726 1396//1110 
f 981//921 977//917 1397//1110 
f 981//921 1397//1110 777//723 1398//1110 
f 981//921 1398//1110 773//720 1399//1110 
f 985//924 981//921 1400//1110 
f 985//924 1400//1110 769//716 1401//1110 
f 985//924 1401//1110 765//712 1402//1110 
f 989//928 985//924 1403//1110 
f 989//928 1403//1110 761//708 1404//1110 
f 989//928 1404//1110 757//704 1405//1110 
f 993//932 989//928 1406//1110 
f 993//932 1406//1110 753//700 1407//1110 
f 997//936 993//932 1408//1110 
f 997//936 1408//1110 749//697 1409//1110 
f 997//936 1409//1110 745//693 1410//1110 
f 1001//939 997//936 1411//1110 
f 1005//943 1001//939 1412//1110 
f 1005//943 1412//1110 741//689 1413//1110 
f 1009//947 1005//943 1414//1110 
f 1009//947 1414//1110 737//685 1415//1110 
f 1013//951 1009//947 1416//1110 
f 1013//951 1416//1110 733//681 1417//1110 
f 1013//951 1417//1110 729//677 1418//1110 
f 1017//955 1013//951 1419//1110 
f 1017//955 1419//1110 725//673 1420//1110 
f 1017//955 1420//1110 721//669 1421//1110 
f 1021//959 1017//955 1422//1110 
f 1021//959 1422//1110 717//665 1423//1110 
f 1025//963 1021//959 1424//1110 
f 1025//963 1424//1110 713//661 1425//1110 
f 1029//967 1025//963 1426//1110 
f 1033//971 1029//967 1427//1110 
f 896//839 1033//971 1428//1110 
f 189//174 1300//1110 896//839 1429//1110 
f 189//174 1429//1110 709//658 1430//1110 
f 193//177 189//174 1431//1110 
f 197//180 193//177 1432//1110 
f 197//180 1432//1110 705//655 1433//1110 
f 201//184 197//180 1434//1110 
f 201//184 1434//1110 701//651 1435//1110 
f 205//188 201//184 1436//1110 
f 205//188 1436//1110 697//647 1437//1110 
f 209//192 205//188 1438//1110 
f 213//195 209//192 1439//1110 
f 213//195 1439//1110 693//643 1440//1110 
f 217//199 213//195 1441//1110 
f 217//199 1441//1110 689//639 1442//1110 
f 221//203 217//199 1443//1110 
f 221//203 1443//1110 685//635 1444//1110 
f 225//207 221//203 1445//1110 
f 225//207 1445//1110 681//632 1446//1110 
f 225//207 1446//1110 677//628 1447//1110 
f 229//210 225//207 1448//1110 
f 229//210 1448//1110 673//625 1449//1110 
f 233//214 229//210 1450//1110 
f 233//214 1450//1110 669//621 1451//1110 
f 233//214 1451//1110 665//617 1452//1110 
f 237//218 233//214 1453//1110 
f 237//218 1453//1110 661//614 1454//1110 
f 237//218 1454//1110 657//610 1455//1110 
f 237//218 1455//1110 653//606 1456//1110 
f 237//218 1456//1110 649//602 1457//1110 
f 237//218 1457//1110 645//598 1458//1110 
f 237//218 1458//1110 641//594 1459//1110 
f 237//218 1459//1110 637//590 1460//1110 
f 297//274 1299//1110 237//218 1461//1110 
f 297//274 1461//1110 633//586 1462//1110 
f 297//274 1462//1110 629//583 1463//1110 
f 301//277 297//274 1464//1110 
f 301//277 1464//1110 625//579 1465//1110 
f 301//277 1465//1110 621//575 1466//1110 
f 301//277 1466//1110 617//572 1467//1110 
f 573//531 1285//1110 301//277 1468//1110 
f 577//535 573//531 1469//1110 
f 577//535 1469//1110 613//569 1470//1110 
f 581//539 577//535 1471//1110 
f 581//539 1471//1110 609//565 1472//1110 
f 585//543 581//539 1473//1110 
f 589//547 585//543 1474//1110 
f 589//547 1474//1110 605//562 1475//1110 
f 593//551 589//547 1476//1110 
f 593//551 1476//1110 601//559 1477//1110 
f 591//549 595//553 1478//1111 
f 143//133 147//136 1479//1111 
f 139//130 143//133 1480//1111 
f 135//126 139//130 1481//1111 
f 131//123 135//126 1482//1111 
f 127//119 131//123 1483//1111 
f 123//115 127//119 1484//1111 
f 119//111 123//115 1485//1111 
f 115//107 119//111 1486//1111 
f 111//103 115//107 1487//1111 
f 107//99 111//103 1488//1111 
f 103//96 107//99 1489//1111 
f 99//92 103//96 1490//1111 
f 95//88 99//92 1491//1111 
f 91//84 95//88 1492//1111 
f 87//80 91//84 1493//1111 
f 83//77 87//80 1494//1111 
f 79//73 83//77 1495//1111 
f 75//69 79//73 1496//1111 
f 71//65 75//69 1497//1111 
f 67//61 71//65 1498//1111 
f 63//57 67//61 1499//1111 
f 59//53 63//57 1500//1111 
f 55//49 59//53 1501//1111 
f 51//45 55//49 1502//1111 
f 47//42 51//45 1503//1111 
f 43//38 47//42 1504//1111 
f 39//35 43//38 1505//1111 
f 35//32 39//35 1506//1111 
f 31//28 35//32 1507//1111 
f 27//24 31//28 1508//1111 
f 23//21 27//24 1509//1111 
f 19//17 23//21 1510//1111 
f 15//13 19//17 1511//1111 
f 15//13 1511//1111 151//139 1512//1111 
f 11//9 15//13 1513//1111 
f 11//9 1513//1111 155//142 1514//1111 
f 11//9 1514//1111 159//146 1515//1111 
f 7//6 11//9 1516//1111 
f 7//6 1516//1111 163//150 1517//1111 
f 1//1 7//6 1518//1111 
f 1//1 1518//1111 167//154 1519//1111 
f 1//1 1519//1111 171//157 1520//1111 
f 2//2 1//1 1521//1111 
f 887//830 2//2 1522//1111 
f 187//172 1523//1111 894//837 1524//1111 
f 187//172 1524//1111 893//836 1525//1111 
f 187//172 1525//1111 899//842 1526//1111 
f 187//172 1526//1111 903//846 1527//1111 
f 187//172 1527//1111 907//850 1528//1111 
f 187//172 1528//1111 911//854 1529//1111 
f 187//172 1529//1111 915//857 1530//1111 
f 187//172 1530//1111 919//861 1531//1111 
f 183//168 187//172 1532//1111 
f 179//164 183//168 1533//1111 
f 175//160 179//164 1534//1111 
f 887//830 1522//1111 175//160 1535//1111 
f 883//826 887//830 1536//1111 
f 879//822 883//826 1537//1111 
f 875//818 879//822 1538//1111 
f 871//814 875//818 1539//1111 
f 867//810 871//814 1540//1111 
f 863//806 867//810 1541//1111 
f 859//802 863//806 1542//1111 
f 855//798 859//802 1543//1111 
f 851//794 855//798 1544//1111 
f 851//794 1544//1111 923//864 1545//1111 
f 847//790 851//794 1546//1111 
f 847//790 1546//1111 927//868 1547//1111 
f 843//786 847//790 1548//1111 
f 843//786 1548//1111 931//872 1549//1111 
f 839//782 843//786 1550//1111 
f 839//782 1550//1111 935//876 1551//1111 
f 835//778 839//782 1552//1111 
f 835//778 1552//1111 939//880 1553//1111 
f 831//774 835//778 1554//1111 
f 827//770 831//774 1555//1111 
f 827//770 1555//1111 943//884 1556//1111 
f 823//766 827//770 1557//1111 
f 823//766 1557//1111 947//888 1558//1111 
f 819//762 823//766 1559//1111 
f 819//762 1559//1111 951//892 1560//1111 
f 815//758 819//762 1561//1111 
f 815//758 1561//1111 955//896 1562//1111 
f 811//754 815//758 1563//1111 
f 811//754 1563//1111 959//899 1564//1111 
f 807//750 811//754 1565//1111 
f 803//746 807//750 1566//1111 
f 803//746 1566//1111 963//903 1567//1111 
f 799//743 803//746 1568//1111 
f 795//739 799//743 1569//1111 
f 795//739 1569//1111 967//907 1570//1111 
f 791//735 795//739 1571//1111 
f 787//732 791//735 1572//1111 
f 783//728 787//732 1573//1111 
f 783//728 1573//1111 971//911 1574//1111 
f 779//724 783//728 1575//1111 
f 775//721 779//724 1576//1111 
f 775//721 1576//1111 975//915 1577//1111 
f 771//718 775//721 1578//1111 
f 767//714 771//718 1579//1111 
f 767//714 1579//1111 979//919 1580//1111 
f 763//710 767//714 1581//1111 
f 759//706 763//710 1582//1111 
f 759//706 1582//1111 983//922 1583//1111 
f 755//702 759//706 1584//1111 
f 751//698 755//702 1585//1111 
f 751//698 1585//1111 987//926 1586//1111 
f 747//695 751//698 1587//1111 
f 747//695 1587//1111 991//930 1588//1111 
f 743//691 747//695 1589//1111 
f 739//687 743//691 1590//1111 
f 739//687 1590//1111 995//934 1591//1111 
f 739//687 1591//1111 999//937 1592//1111 
f 735//683 739//687 1593//1111 
f 735//683 1593//1111 1003//941 1594//1111 
f 731//679 735//683 1595//1111 
f 731//679 1595//1111 1007//945 1596//1111 
f 727//675 731//679 1597//1111 
f 723//671 727//675 1598//1111 
f 723//671 1598//1111 1011//949 1599//1111 
f 719//667 723//671 1600//1111 
f 715//663 719//667 1601//1111 
f 715//663 1601//1111 1015//953 1602//1111 
f 711//659 715//663 1603//1111 
f 711//659 1603//1111 1019//957 1604//1111 
f 707//657 711//659 1605//1111 
f 707//657 1605//1111 1023//961 1606//1111 
f 707//657 1606//1111 1027//965 1607//1111 
f 707//657 1607//1111 1031//969 1608//1111 
f 707//657 1608//1111 894//837 1523//1111 
f 703//653 707//657 1609//1111 
f 703//653 1609//1111 187//172 1610//1111 
f 703//653 1610//1111 191//176 1611//1111 
f 699//649 703//653 1612//1111 
f 699//649 1612//1111 195//178 1613//1111 
f 695//645 699//649 1614//1111 
f 695//645 1614//1111 199//182 1615//1111 
f 691//641 695//645 1616//1111 
f 691//641 1616//1111 203//186 1617//1111 
f 691//641 1617//1111 207//190 1618//1111 
f 687//637 691//641 1619//1111 
f 687//637 1619//1111 211//193 1620//1111 
f 683//633 687//637 1621//1111 
f 683//633 1621//1111 215//197 1622//1111 
f 679//630 683//633 1623//1111 
f 679//630 1623//1111 219//201 1624//1111 
f 675//626 679//630 1625//1111 
f 671//623 675//626 1626//1111 
f 671//623 1626//1111 223//205 1627//1111 
f 667//619 671//623 1628//1111 
f 667//619 1628//1111 227//208 1629//1111 
f 663//615 667//619 1630//1111 
f 659//612 663//615 1631//1111 
f 659//612 1631//1111 231//212 1632//1111 
f 655//608 659//612 1633//1111 
f 651//604 655//608 1634//1111 
f 647//600 651//604 1635//1111 
f 643//596 647//600 1636//1111 
f 639//592 643//596 1637//1111 
f 635//588 639//592 1638//1111 
f 631//584 635//588 1639//1111 
f 259//238 263//242 1640//1111 
f 259//238 1640//1111 267//246 1641//1111 
f 255//235 259//238 1642//1111 
f 255//235 1642//1111 271//250 1643//1111 
f 251//232 255//235 1644//1111 
f 251//232 1644//1111 275//254 1645//1111 
f 247//228 251//232 1646//1111 
f 247//228 1646//1111 279//258 1647//1111 
f 247//228 1647//1111 283//261 1648//1111 
f 243//224 247//228 1649//1111 
f 243//224 1649//1111 287//264 1650//1111 
f 239//220 243//224 1651//1111 
f 239//220 1651//1111 291//268 1652//1111 
f 235//216 239//220 1653//1111 
f 631//584 1639//1111 235//216 1654//1111 
f 627//581 631//584 1655//1111 
f 623//577 627//581 1656//1111 
f 623//577 1656//1111 295//272 1657//1111 
f 619//573 623//577 1658//1111 
f 615//570 619//573 1659//1111 
f 611//567 615//570 1660//1111 
f 519//480 1661//1111 1175//1105 1662//1111 
f 515//476 519//480 1663//1111 
f 511//472 515//476 1664//1111 
f 511//472 1664//1111 1038//976 1665//1111 
f 507//468 511//472 1666//1111 
f 503//464 507//468 1667//1111 
f 503//464 1667//1111 1037//975 1668//1111 
f 499//460 503//464 1669//1111 
f 495//457 499//460 1670//1111 
f 491//453 495//457 1671//1111 
f 487//450 491//453 1672//1111 
f 487//450 1672//1111 1043//981 1673//1111 
f 483//447 487//450 1674//1111 
f 479//443 483//447 1675//1111 
f 479//443 1675//1111 1047//985 1676//1111 
f 475//439 479//443 1677//1111 
f 471//435 475//439 1678//1111 
f 467//431 471//435 1679//1111 
f 467//431 1679//1111 1051//989 1680//1111 
f 463//428 467//431 1681//1111 
f 459//424 463//428 1682//1111 
f 459//424 1682//1111 1055//992 1683//1111 
f 455//420 459//424 1684//1111 
f 451//416 455//420 1685//1111 
f 451//416 1685//1111 1059//996 1686//1111 
f 447//412 451//416 1687//1111 
f 443//408 447//412 1688//1111 
f 443//408 1688//1111 1063//1000 1689//1111 
f 439//404 443//408 1690//1111 
f 439//404 1690//1111 1067//1004 1691//1111 
f 435//400 439//404 1692//1111 
f 435//400 1692//1111 1071//1008 1693//1111 
f 431//397 435//400 1694//1111 
f 427//393 431//397 1695//1111 
f 427//393 1695//1111 1075//1011 1696//1111 
f 423//389 427//393 1697//1111 
f 419//386 423//389 1698//1111 
f 419//386 1698//1111 1079//1014 1699//1111 
f 415//382 419//386 1700//1111 
f 415//382 1700//1111 1083//1018 1701//1111 
f 411//379 415//382 1702//1111 
f 407//376 411//379 1703//1111 
f 407//376 1703//1111 1087//1022 1704//1111 
f 403//372 407//376 1705//1111 
f 399//368 403//372 1706//1111 
f 399//368 1706//1111 1091//1026 1707//1111 
f 395//364 399//368 1708//1111 
f 391//360 395//364 1709//1111 
f 391//360 1709//1111 1095//1030 1710//1111 
f 387//357 391//360 1711//1111 
f 383//353 387//357 1712//1111 
f 383//353 1712//1111 1099//1034 1713//1111 
f 379//349 383//353 1714//1111 
f 375//346 379//349 1715//1111 
f 375//346 1715//1111 1103//1038 1716//1111 
f 375//346 1716//1111 1107//1042 1717//1111 
f 371//342 375//346 1718//1111 
f 371//342 1718//1111 1111//1046 1719//1111 
f 367//338 371//342 1720//1111 
f 367//338 1720//1111 1115//1050 1721//1111 
f 363//334 367//338 1722//1111 
f 359//330 363//334 1723//1111 
f 359//330 1723//1111 1119//1054 1724//1111 
f 355//327 359//330 1725//1111 
f 355//327 1725//1111 1123//1058 1726//1111 
f 351//323 355//327 1727//1111 
f 351//323 1727//1111 1127//1061 1728//1111 
f 347//319 351//323 1729//1111 
f 347//319 1729//1111 1131//1065 1730//1111 
f 347//319 1730//1111 1135//1069 1731//1111 
f 343//316 347//319 1732//1111 
f 339//314 343//316 1733//1111 
f 335//311 339//314 1734//1111 
f 331//307 335//311 1735//1111 
f 327//303 331//307 1736//1111 
f 323//299 327//303 1737//1111 
f 319//295 323//299 1738//1111 
f 315//291 319//295 1739//1111 
f 311//287 315//291 1740//1111 
f 307//283 311//287 1741//1111 
f 303//279 307//283 1742//1111 
f 299//275 303//279 1743//1111 
f 299//275 1743//1111 1139//1073 1744//1111 
f 299//275 1744//1111 1143//1076 1745//1111 
f 299//275 1745//1111 1147//1080 1746//1111 
f 299//275 1746//1111 1151//1084 1747//1111 
f 299//275 1747//1111 1155//1088 1748//1111 
f 299//275 1748//1111 1159//1092 1749//1111 
f 299//275 1749//1111 1163//1095 1750//1111 
f 299//275 1750//1111 1167//1099 1751//1111 
f 299//275 1751//1111 1171//1102 1752//1111 
f 299//275 1752//1111 1175//1105 1661//1111 
f 299//275 1661//1111 519//480 1753//1111 
f 299//275 1753//1111 523//483 1754//1111 
f 299//275 1754//1111 527//485 1755//1111 
f 299//275 1755//1111 531//489 1756//1111 
f 299//275 1756//1111 535//493 1757//1111 
f 299//275 1757//1111 539//497 1758//1111 
f 299//275 1758//1111 543//501 1759//1111 
f 299//275 1759//1111 547//505 1760//1111 
f 299//275 1760//1111 551//509 1761//1111 
f 299//275 1761//1111 555//513 1762//1111 
f 299//275 1762//1111 559//517 1763//1111 
f 299//275 1763//1111 563//521 1764//1111 
f 299//275 1764//1111 567//525 1765//1111 
f 611//567 1660//1111 299//275 1766//1111 
f 611//567 1766//1111 571//529 1767//1111 
f 607//563 611//567 1768//1111 
f 607//563 1768//1111 575//533 1769//1111 
f 603//560 607//563 1770//1111 
f 603//560 1770//1111 579//537 1771//1111 
f 603//560 1771//1111 583//541 1772//1111 
f 599//557 603//560 1773//1111 
f 591//549 1478//1111 599//557 1774//1111 
s 1
f 3//3 2//2 4//4 
f 1//1 3//3 4//4 6//3 
f 6//3 5//5 1//1 
s 3
f 8//7 1//1 5//5 
f 7//6 8//7 5//5 10//7 
f 10//7 9//8 7//6 
s 2
f 12//10 7//6 9//8 
f 11//9 12//10 9//8 14//12 
f 14//12 13//11 11//9 
f 16//14 11//9 13//11 
f 15//13 16//14 13//11 18//16 
f 18//16 17//15 15//13 
f 20//18 15//13 17//15 
f 19//17 20//18 17//15 22//20 
f 22//20 21//19 19//17 
f 24//22 19//17 21//19 
f 23//21 24//22 21//19 26//22 
f 26//22 25//23 23//21 
f 28//25 23//21 25//23 
f 27//24 28//25 25//23 30//27 
f 30//27 29//26 27//24 
f 32//29 27//24 29//26 
f 31//28 32//29 29//26 34//31 
f 34//31 33//30 31//28 
s 4
f 36//33 31//28 33//30 
f 35//32 36//33 33//30 38//33 
f 38//33 37//34 35//32 
f 40//36 35//32 37//34 
f 39//35 40//36 37//34 42//36 
f 42//36 41//37 39//35 
f 44//39 39//35 41//37 
f 43//38 44//39 41//37 46//41 
f 46//41 45//40 43//38 
f 48//43 43//38 45//40 
f 47//42 48//43 45//40 50//43 
f 50//43 49//44 47//42 
f 52//46 47//42 49//44 
f 51//45 52//46 49//44 54//48 
f 54//48 53//47 51//45 
f 56//50 51//45 53//47 
f 55//49 56//50 53//47 58//52 
f 58//52 57//51 55//49 
f 60//54 55//49 57//51 
f 59//53 60//54 57//51 62//56 
f 62//56 61//55 59//53 
f 64//58 59//53 61//55 
f 63//57 64//58 61//55 66//60 
f 66//60 65//59 63//57 
f 68//62 63//57 65//59 
f 67//61 68//62 65//59 70//64 
f 70//64 69//63 67//61 
f 72//66 67//61 69//63 
f 71//65 72//66 69//63 74//68 
f 74//68 73//67 71//65 
f 76//70 71//65 73//67 
f 75//69 76//70 73//67 78//72 
f 78//72 77//71 75//69 
f 80//74 75//69 77//71 
f 79//73 80//74 77//71 82//76 
f 82//76 81//75 79//73 
f 84//78 79//73 81//75 
f 83//77 84//78 81//75 86//78 
f 86//78 85//79 83//77 
f 88//81 83//77 85//79 
f 87//80 88//81 85//79 90//83 
f 90//83 89//82 87//80 
f 92//85 87//80 89//82 
f 91//84 92//85 89//82 94//87 
f 94//87 93//86 91//84 
f 96//89 91//84 93//86 
f 95//88 96//89 93//86 98//91 
f 98//91 97//90 95//88 
f 100//93 95//88 97//90 
f 99//92 100//93 97//90 102//95 
f 102//95 101//94 99//92 
f 104//97 99//92 101//94 
f 103//96 104//97 101//94 106//97 
f 106//97 105//98 103//96 
f 108//100 103//96 105//98 
f 107//99 108//100 105//98 110//102 
f 110//102 109//101 107//99 
f 112//104 107//99 109//101 
f 111//103 112//104 109//101 114//106 
f 114//106 113//105 111//103 
f 116//108 111//103 113//105 
f 115//107 116//108 113//105 118//110 
f 118//110 117//109 115//107 
f 120//112 115//107 117//109 
f 119//111 120//112 117//109 122//114 
f 122//114 121//113 119//111 
f 124//116 119//111 121//113 
f 123//115 124//116 121//113 126//118 
f 126//118 125//117 123//115 
f 128//120 123//115 125//117 
f 127//119 128//120 125//117 130//122 
f 130//122 129//121 127//119 
f 132//124 127//119 129//121 
f 131//123 132//124 129//121 134//124 
f 134//124 133//125 131//123 
f 136//127 131//123 133//125 
f 135//126 136//127 133//125 138//129 
f 138//129 137//128 135//126 
f 140//131 135//126 137//128 
f 139//130 140//131 137//128 142//131 
f 142//131 141//132 139//130 
s 2
f 144//134 139//130 141//132 
f 143//133 144//134 141//132 146//134 
f 146//134 145//135 143//133 
s 4
f 148//137 143//133 145//135 
f 147//136 148//137 145//135 150//137 
f 150//137 149//138 147//136 
s 2
f 152//140 147//136 149//138 
f 151//139 152//140 149//138 154//140 
f 154//140 153//141 151//139 
s 4
f 156//143 151//139 153//141 
f 155//142 156//143 153//141 158//145 
f 158//145 157//144 155//142 
f 160//147 155//142 157//144 
f 159//146 160//147 157//144 162//149 
f 162//149 161//148 159//146 
f 164//151 159//146 161//148 
f 163//150 164//151 161//148 166//153 
f 166//153 165//152 163//150 
f 168//155 163//150 165//152 
f 167//154 168//155 165//152 170//155 
f 170//155 169//156 167//154 
f 172//158 167//154 169//156 
f 171//157 172//158 169//156 174//158 
f 174//158 173//159 171//157 
f 176//161 171//157 173//159 
f 175//160 176//161 173//159 178//163 
f 178//163 177//162 175//160 
f 180//165 175//160 177//162 
f 179//164 180//165 177//162 182//167 
f 182//167 181//166 179//164 
f 184//169 179//164 181//166 
f 183//168 184//169 181//166 186//171 
f 186//171 185//170 183//168 
f 188//173 183//168 185//170 
f 187//172 188//173 185//170 190//175 
f 190//175 189//174 187//172 
s 2
f 192//134 187//172 189//174 
f 191//176 192//134 189//174 194//134 
f 194//134 193//177 191//176 
s 4
f 196//179 191//176 193//177 
f 195//178 196//179 193//177 198//181 
f 198//181 197//180 195//178 
f 200//183 195//178 197//180 
f 199//182 200//183 197//180 202//185 
f 202//185 201//184 199//182 
f 204//187 199//182 201//184 
f 203//186 204//187 201//184 206//189 
f 206//189 205//188 203//186 
f 208//191 203//186 205//188 
f 207//190 208//191 205//188 210//191 
f 210//191 209//192 207//190 
f 212//194 207//190 209//192 
f 211//193 212//194 209//192 214//196 
f 214//196 213//195 211//193 
f 216//198 211//193 213//195 
f 215//197 216//198 213//195 218//200 
f 218//200 217//199 215//197 
f 220//202 215//197 217//199 
f 219//201 220//202 217//199 222//204 
f 222//204 221//203 219//201 
f 224//206 219//201 221//203 
f 223//205 224//206 221//203 226//206 
f 226//206 225//207 223//205 
f 228//209 223//205 225//207 
f 227//208 228//209 225//207 230//211 
f 230//211 229//210 227//208 
f 232//213 227//208 229//210 
f 231//212 232//213 229//210 234//215 
f 234//215 233//214 231//212 
f 236//217 231//212 233//214 
f 235//216 236//217 233//214 238//219 
f 238//219 237//218 235//216 
f 240//221 235//216 237//218 
f 239//220 240//221 237//218 242//223 
f 242//223 241//222 239//220 
f 244//225 239//220 241//222 
f 243//224 244//225 241//222 246//227 
f 246//227 245//226 243//224 
f 248//229 243//224 245//226 
f 247//228 248//229 245//226 250//231 
f 250//231 249//230 247//228 
f 252//233 247//228 249//230 
f 251//232 252//233 249//230 254//233 
f 254//233 253//234 251//232 
f 256//236 251//232 253//234 
f 255//235 256//236 253//234 258//236 
f 258//236 257//237 255//235 
f 260//239 255//235 257//237 
f 259//238 260//239 257//237 262//241 
f 262//241 261//240 259//238 
f 264//243 259//238 261//240 
f 263//242 264//243 261//240 266//245 
f 266//245 265//244 263//242 
s 2
f 268//247 263//242 265//244 
f 267//246 268//247 265//244 270//249 
f 270//249 269//248 267//246 
f 272//251 267//246 269//248 
f 271//250 272//251 269//248 274//253 
f 274//253 273//252 271//250 
f 276//255 271//250 273//252 
f 275//254 276//255 273//252 278//257 
f 278//257 277//256 275//254 
f 280//259 275//254 277//256 
f 279//258 280//259 277//256 282//259 
f 282//259 281//260 279//258 
f 284//262 279//258 281//260 
f 283//261 284//262 281//260 286//262 
f 286//262 285//263 283//261 
f 288//265 283//261 285//263 
f 287//264 288//265 285//263 290//267 
f 290//267 289//266 287//264 
f 292//269 287//264 289//266 
f 291//268 292//269 289//266 294//271 
f 294//271 293//270 291//268 
f 296//273 291//268 293//270 
f 295//272 296//273 293//270 298//273 
f 298//273 297//274 295//272 
f 300//276 295//272 297//274 
f 299//275 300//276 297//274 302//278 
f 302//278 301//277 299//275 
s 4
f 304//280 299//275 301//277 
f 303//279 304//280 301//277 306//282 
f 306//282 305//281 303//279 
f 308//284 303//279 305//281 
f 307//283 308//284 305//281 310//286 
f 310//286 309//285 307//283 
f 312//288 307//283 309//285 
f 311//287 312//288 309//285 314//290 
f 314//290 313//289 311//287 
f 316//292 311//287 313//289 
f 315//291 316//292 313//289 318//294 
f 318//294 317//293 315//291 
f 320//296 315//291 317//293 
f 319//295 320//296 317//293 322//298 
f 322//298 321//297 319//295 
f 324//300 319//295 321//297 
f 323//299 324//300 321//297 326//302 
f 326//302 325//301 323//299 
f 328//304 323//299 325//301 
f 327//303 328//304 325//301 330//306 
f 330//306 329//305 327//303 
f 332//308 327//303 329//305 
f 331//307 332//308 329//305 334//310 
f 334//310 333//309 331//307 
f 336//312 331//307 333//309 
f 335//311 336//312 333//309 338//312 
f 338//312 337//313 335//311 
s 2
f 340//140 335//311 337//313 
f 339//314 340//140 337//313 342//140 
f 342//140 341//315 339//314 
s 4
f 344//317 339//314 341//315 
f 343//316 344//317 341//315 346//317 
f 346//317 345//318 343//316 
f 348//320 343//316 345//318 
f 347//319 348//320 345//318 350//322 
f 350//322 349//321 347//319 
f 352//324 347//319 349//321 
f 351//323 352//324 349//321 354//326 
f 354//326 353//325 351//323 
f 356//328 351//323 353//325 
f 355//327 356//328 353//325 358//328 
f 358//328 357//329 355//327 
f 360//331 355//327 357//329 
f 359//330 360//331 357//329 362//333 
f 362//333 361//332 359//330 
f 364//335 359//330 361//332 
f 363//334 364//335 361//332 366//337 
f 366//337 365//336 363//334 
f 368//339 363//334 365//336 
f 367//338 368//339 365//336 370//341 
f 370//341 369//340 367//338 
f 372//343 367//338 369//340 
f 371//342 372//343 369//340 374//345 
f 374//345 373//344 371//342 
f 376//347 371//342 373//344 
f 375//346 376//347 373//344 378//347 
f 378//347 377//348 375//346 
f 380//350 375//346 377//348 
f 379//349 380//350 377//348 382//352 
f 382//352 381//351 379//349 
f 384//354 379//349 381//351 
f 383//353 384//354 381//351 386//356 
f 386//356 385//355 383//353 
f 388//358 383//353 385//355 
f 387//357 388//358 385//355 390//358 
f 390//358 389//359 387//357 
f 392//361 387//357 389//359 
f 391//360 392//361 389//359 394//363 
f 394//363 393//362 391//360 
f 396//365 391//360 393//362 
f 395//364 396//365 393//362 398//367 
f 398//367 397//366 395//364 
f 400//369 395//364 397//366 
f 399//368 400//369 397//366 402//371 
f 402//371 401//370 399//368 
f 404//373 399//368 401//370 
f 403//372 404//373 401//370 406//375 
f 406//375 405//374 403//372 
f 408//377 403//372 405//374 
f 407//376 408//377 405//374 410//377 
f 410//377 409//378 407//376 
f 412//380 407//376 409//378 
f 411//379 412//380 409//378 414//380 
f 414//380 413//381 411//379 
f 416//383 411//379 413//381 
f 415//382 416//383 413//381 418//385 
f 418//385 417//384 415//382 
f 420//387 415//382 417//384 
f 419//386 420//387 417//384 422//387 
f 422//387 421//388 419//386 
f 424//390 419//386 421//388 
f 423//389 424//390 421//388 426//392 
f 426//392 425//391 423//389 
f 428//394 423//389 425//391 
f 427//393 428//394 425//391 430//396 
f 430//396 429//395 427//393 
f 432//398 427//393 429//395 
f 431//397 432//398 429//395 434//398 
f 434//398 433//399 431//397 
f 436//401 431//397 433//399 
f 435//400 436//401 433//399 438//403 
f 438//403 437//402 435//400 
f 440//405 435//400 437//402 
f 439//404 440//405 437//402 442//407 
f 442//407 441//406 439//404 
f 444//409 439//404 441//406 
f 443//408 444//409 441//406 446//411 
f 446//411 445//410 443//408 
f 448//413 443//408 445//410 
f 447//412 448//413 445//410 450//415 
f 450//415 449//414 447//412 
f 452//417 447//412 449//414 
f 451//416 452//417 449//414 454//419 
f 454//419 453//418 451//416 
f 456//421 451//416 453//418 
f 455//420 456//421 453//418 458//423 
f 458//423 457//422 455//420 
f 460//425 455//420 457//422 
f 459//424 460//425 457//422 462//427 
f 462//427 461//426 459//424 
f 464//429 459//424 461//426 
f 463//428 464//429 461//426 466//429 
f 466//429 465//430 463//428 
f 468//432 463//428 465//430 
f 467//431 468//432 465//430 470//434 
f 470//434 469//433 467//431 
f 472//436 467//431 469//433 
f 471//435 472//436 469//433 474//438 
f 474//438 473//437 471//435 
f 476//440 471//435 473//437 
f 475//439 476//440 473//437 478//442 
f 478//442 477//441 475//439 
f 480//444 475//439 477//441 
f 479//443 480//444 477//441 482//446 
f 482//446 481//445 479//443 
f 484//448 479//443 481//445 
f 483//447 484//448 481//445 486//448 
f 486//448 485//449 483//447 
f 488//451 483//447 485//449 
f 487//450 488//451 485//449 490//451 
f 490//451 489//452 487//450 
f 492//454 487//450 489//452 
f 491//453 492//454 489//452 494//456 
f 494//456 493//455 491//453 
f 496//458 491//453 493//455 
f 495//457 496//458 493//455 498//458 
f 498//458 497//459 495//457 
f 500//461 495//457 497//459 
f 499//460 500//461 497//459 502//463 
f 502//463 501//462 499//460 
f 504//465 499//460 501//462 
f 503//464 504//465 501//462 506//467 
f 506//467 505//466 503//464 
f 508//469 503//464 505//466 
f 507//468 508//469 505//466 510//471 
f 510//471 509//470 507//468 
f 512//473 507//468 509//470 
f 511//472 512//473 509//470 514//475 
f 514//475 513//474 511//472 
f 516//477 511//472 513//474 
f 515//476 516//477 513//474 518//479 
f 518//479 517//478 515//476 
f 520//481 515//476 517//478 
f 519//480 520//481 517//478 522//481 
f 522//481 521//482 519//480 
s 2
f 524//134 519//480 521//482 
f 523//483 524//134 521//482 526//134 
f 526//134 525//484 523//483 
s 4
f 528//486 523//483 525//484 
f 527//485 528//486 525//484 530//488 
f 530//488 529//487 527//485 
f 532//490 527//485 529//487 
f 531//489 532//490 529//487 534//492 
f 534//492 533//491 531//489 
f 536//494 531//489 533//491 
f 535//493 536//494 533//491 538//496 
f 538//496 537//495 535//493 
f 540//498 535//493 537//495 
f 539//497 540//498 537//495 542//500 
f 542//500 541//499 539//497 
f 544//502 539//497 541//499 
f 543//501 544//502 541//499 546//504 
f 546//504 545//503 543//501 
f 548//506 543//501 545//503 
f 547//505 548//506 545//503 550//508 
f 550//508 549//507 547//505 
f 552//510 547//505 549//507 
f 551//509 552//510 549//507 554//512 
f 554//512 553//511 551//509 
f 556//514 551//509 553//511 
f 555//513 556//514 553//511 558//516 
f 558//516 557//515 555//513 
f 560//518 555//513 557//515 
f 559//517 560//518 557//515 562//520 
f 562//520 561//519 559//517 
f 564//522 559//517 561//519 
f 563//521 564//522 561//519 566//524 
f 566//524 565//523 563//521 
f 568//526 563//521 565//523 
f 567//525 568//526 565//523 570//528 
f 570//528 569//527 567//525 
f 572//530 567//525 569//527 
f 571//529 572//530 569//527 574//532 
f 574//532 573//531 571//529 
f 576//534 571//529 573//531 
f 575//533 576//534 573//531 578//536 
f 578//536 577//535 575//533 
f 580//538 575//533 577//535 
f 579//537 580//538 577//535 582//540 
f 582//540 581//539 579//537 
f 584//542 579//537 581//539 
f 583//541 584//542 581//539 586//544 
f 586//544 585//543 583//541 
f 588//546 583//541 585//543 
f 587//545 588//546 585//543 590//548 
f 590//548 589//547 587//545 
f 592//550 587//545 589//547 
f 591//549 592//550 589//547 594//552 
f 594//552 593//551 591//549 
f 596//554 591//549 593//551 
f 595//553 596//554 593//551 598//556 
f 598//556 597//555 595//553 
s 2
f 600//558 595//553 597//555 
f 599//557 600//558 597//555 602//558 
f 602//558 601//559 599//557 
f 604//561 599//557 601//559 
f 603//560 604//561 601//559 606//561 
f 606//561 605//562 603//560 
f 608//564 603//560 605//562 
f 607//563 608//564 605//562 610//566 
f 610//566 609//565 607//563 
f 612//568 607//563 609//565 
f 611//567 612//568 609//565 614//568 
f 614//568 613//569 611//567 
f 616//571 611//567 613//569 
f 615//570 616//571 613//569 618//571 
f 618//571 617//572 615//570 
f 620//574 615//570 617//572 
f 619//573 620//574 617//572 622//576 
f 622//576 621//575 619//573 
f 624//578 619//573 621//575 
f 623//577 624//578 621//575 626//580 
f 626//580 625//579 623//577 
f 628//582 623//577 625//579 
f 627//581 628//582 625//579 630//582 
f 630//582 629//583 627//581 
f 632//585 627//581 629//583 
f 631//584 632//585 629//583 634//587 
f 634//587 633//586 631//584 
s 4
f 636//589 631//584 633//586 
f 635//588 636//589 633//586 638//591 
f 638//591 637//590 635//588 
f 640//593 635//588 637//590 
f 639//592 640//593 637//590 642//595 
f 642//595 641//594 639//592 
f 644//597 639//592 641//594 
f 643//596 644//597 641//594 646//599 
f 646//599 645//598 643//596 
f 648//601 643//596 645//598 
f 647//600 648//601 645//598 650//603 
f 650//603 649//602 647//600 
f 652//605 647//600 649//602 
f 651//604 652//605 649//602 654//607 
f 654//607 653//606 651//604 
f 656//609 651//604 653//606 
f 655//608 656//609 653//606 658//611 
f 658//611 657//610 655//608 
f 660//613 655//608 657//610 
f 659//612 660//613 657//610 662//613 
f 662//613 661//614 659//612 
f 664//616 659//612 661//614 
f 663//615 664//616 661//614 666//618 
f 666//618 665//617 663//615 
f 668//620 663//615 665//617 
f 667//619 668//620 665//617 670//622 
f 670//622 669//621 667//619 
f 672//624 667//619 669//621 
f 671//623 672//624 669//621 674//624 
f 674//624 673//625 671//623 
f 676//627 671//623 673//625 
f 675//626 676//627 673//625 678//629 
f 678//629 677//628 675//626 
f 680//631 675//626 677//628 
f 679//630 680//631 677//628 682//631 
f 682//631 681//632 679//630 
f 684//634 679//630 681//632 
f 683//633 684//634 681//632 686//636 
f 686//636 685//635 683//633 
f 688//638 683//633 685//635 
f 687//637 688//638 685//635 690//640 
f 690//640 689//639 687//637 
f 692//642 687//637 689//639 
f 691//641 692//642 689//639 694//644 
f 694//644 693//643 691//641 
f 696//646 691//641 693//643 
f 695//645 696//646 693//643 698//648 
f 698//648 697//647 695//645 
f 700//650 695//645 697//647 
f 699//649 700//650 697//647 702//652 
f 702//652 701//651 699//649 
f 704//654 699//649 701//651 
f 703//653 704//654 701//651 706//656 
f 706//656 705//655 703//653 
s 2
f 708//140 703//653 705//655 
f 707//657 708//140 705//655 710//140 
f 710//140 709//658 707//657 
s 4
f 712//660 707//657 709//658 
f 711//659 712//660 709//658 714//662 
f 714//662 713//661 711//659 
f 716//664 711//659 713//661 
f 715//663 716//664 713//661 718//666 
f 718//666 717//665 715//663 
f 720//668 715//663 717//665 
f 719//667 720//668 717//665 722//670 
f 722//670 721//669 719//667 
f 724//672 719//667 721//669 
f 723//671 724//672 721//669 726//674 
f 726//674 725//673 723//671 
f 728//676 723//671 725//673 
f 727//675 728//676 725//673 730//678 
f 730//678 729//677 727//675 
f 732//680 727//675 729//677 
f 731//679 732//680 729//677 734//682 
f 734//682 733//681 731//679 
f 736//684 731//679 733//681 
f 735//683 736//684 733//681 738//686 
f 738//686 737//685 735//683 
f 740//688 735//683 737//685 
f 739//687 740//688 737//685 742//690 
f 742//690 741//689 739//687 
f 744//692 739//687 741//689 
f 743//691 744//692 741//689 746//694 
f 746//694 745//693 743//691 
f 748//696 743//691 745//693 
f 747//695 748//696 745//693 750//696 
f 750//696 749//697 747//695 
f 752//699 747//695 749//697 
f 751//698 752//699 749//697 754//701 
f 754//701 753//700 751//698 
f 756//703 751//698 753//700 
f 755//702 756//703 753//700 758//705 
f 758//705 757//704 755//702 
f 760//707 755//702 757//704 
f 759//706 760//707 757//704 762//709 
f 762//709 761//708 759//706 
f 764//711 759//706 761//708 
f 763//710 764//711 761//708 766//713 
f 766//713 765//712 763//710 
f 768//715 763//710 765//712 
f 767//714 768//715 765//712 770//717 
f 770//717 769//716 767//714 
f 772//719 767//714 769//716 
f 771//718 772//719 769//716 774//719 
f 774//719 773//720 771//718 
f 776//722 771//718 773//720 
f 775//721 776//722 773//720 778//722 
f 778//722 777//723 775//721 
f 780//725 775//721 777//723 
f 779//724 780//725 777//723 782//727 
f 782//727 781//726 779//724 
f 784//729 779//724 781//726 
f 783//728 784//729 781//726 786//731 
f 786//731 785//730 783//728 
f 788//733 783//728 785//730 
f 787//732 788//733 785//730 790//733 
f 790//733 789//734 787//732 
f 792//736 787//732 789//734 
f 791//735 792//736 789//734 794//738 
f 794//738 793//737 791//735 
f 796//740 791//735 793//737 
f 795//739 796//740 793//737 798//742 
f 798//742 797//741 795//739 
f 800//744 795//739 797//741 
f 799//743 800//744 797//741 802//744 
f 802//744 801//745 799//743 
f 804//747 799//743 801//745 
f 803//746 804//747 801//745 806//749 
f 806//749 805//748 803//746 
f 808//751 803//746 805//748 
f 807//750 808//751 805//748 810//753 
f 810//753 809//752 807//750 
f 812//755 807//750 809//752 
f 811//754 812//755 809//752 814//757 
f 814//757 813//756 811//754 
f 816//759 811//754 813//756 
f 815//758 816//759 813//756 818//761 
f 818//761 817//760 815//758 
f 820//763 815//758 817//760 
f 819//762 820//763 817//760 822//765 
f 822//765 821//764 819//762 
f 824//767 819//762 821//764 
f 823//766 824//767 821//764 826//769 
f 826//769 825//768 823//766 
f 828//771 823//766 825//768 
f 827//770 828//771 825//768 830//773 
f 830//773 829//772 827//770 
f 832//775 827//770 829//772 
f 831//774 832//775 829//772 834//777 
f 834//777 833//776 831//774 
f 836//779 831//774 833//776 
f 835//778 836//779 833//776 838//781 
f 838//781 837//780 835//778 
f 840//783 835//778 837//780 
f 839//782 840//783 837//780 842//785 
f 842//785 841//784 839//782 
f 844//787 839//782 841//784 
f 843//786 844//787 841//784 846//789 
f 846//789 845//788 843//786 
f 848//791 843//786 845//788 
f 847//790 848//791 845//788 850//793 
f 850//793 849//792 847//790 
f 852//795 847//790 849//792 
f 851//794 852//795 849//792 854//797 
f 854//797 853//796 851//794 
f 856//799 851//794 853//796 
f 855//798 856//799 853//796 858//801 
f 858//801 857//800 855//798 
f 860//803 855//798 857//800 
f 859//802 860//803 857//800 862//805 
f 862//805 861//804 859//802 
f 864//807 859//802 861//804 
f 863//806 864//807 861//804 866//809 
f 866//809 865//808 863//806 
f 868//811 863//806 865//808 
f 867//810 868//811 865//808 870//813 
f 870//813 869//812 867//810 
f 872//815 867//810 869//812 
f 871//814 872//815 869//812 874//817 
f 874//817 873//816 871//814 
f 876//819 871//814 873//816 
f 875//818 876//819 873//816 878//821 
f 878//821 877//820 875//818 
f 880//823 875//818 877//820 
f 879//822 880//823 877//820 882//825 
f 882//825 881//824 879//822 
f 884//827 879//822 881//824 
f 883//826 884//827 881//824 886//829 
f 886//829 885//828 883//826 
f 888//831 883//826 885//828 
f 887//830 888//831 885//828 890//833 
f 890//833 889//832 887//830 
s 3
f 891//834 887//830 889//832 
f 2//2 891//834 889//832 892//835 
f 892//835 4//4 2//2 
s 1
f 895//838 894//837 896//839 
f 893//836 895//838 896//839 898//841 
f 898//841 897//840 893//836 
s 3
f 900//843 893//836 897//840 
f 899//842 900//843 897//840 902//845 
f 902//845 901//844 899//842 
s 2
f 904//847 899//842 901//844 
f 903//846 904//847 901//844 906//849 
f 906//849 905//848 903//846 
f 908//851 903//846 905//848 
f 907//850 908//851 905//848 910//853 
f 910//853 909//852 907//850 
f 912//855 907//850 909//852 
f 911//854 912//855 909//852 914//855 
f 914//855 913//856 911//854 
f 916//858 911//854 913//856 
f 915//857 916//858 913//856 918//860 
f 918//860 917//859 915//857 
f 920//862 915//857 917//859 
f 919//861 920//862 917//859 922//862 
f 922//862 921//863 919//861 
f 924//865 919//861 921//863 
f 923//864 924//865 921//863 926//867 
f 926//867 925//866 923//864 
f 928//869 923//864 925//866 
f 927//868 928//869 925//866 930//871 
f 930//871 929//870 927//868 
f 932//873 927//868 929//870 
f 931//872 932//873 929//870 934//875 
f 934//875 933//874 931//872 
f 936//877 931//872 933//874 
f 935//876 936//877 933//874 938//879 
f 938//879 937//878 935//876 
f 940//881 935//876 937//878 
f 939//880 940//881 937//878 942//883 
f 942//883 941//882 939//880 
f 944//885 939//880 941//882 
f 943//884 944//885 941//882 946//887 
f 946//887 945//886 943//884 
f 948//889 943//884 945//886 
f 947//888 948//889 945//886 950//891 
f 950//891 949//890 947//888 
f 952//893 947//888 949//890 
f 951//892 952//893 949//890 954//895 
f 954//895 953//894 951//892 
f 956//897 951//892 953//894 
f 955//896 956//897 953//894 958//897 
f 958//897 957//898 955//896 
f 960//900 955//896 957//898 
f 959//899 960//900 957//898 962//902 
f 962//902 961//901 959//899 
f 964//904 959//899 961//901 
f 963//903 964//904 961//901 966//906 
f 966//906 965//905 963//903 
f 968//908 963//903 965//905 
f 967//907 968//908 965//905 970//910 
f 970//910 969//909 967//907 
f 972//912 967//907 969//909 
f 971//911 972//912 969//909 974//914 
f 974//914 973//913 971//911 
f 976//916 971//911 973//913 
f 975//915 976//916 973//913 978//918 
f 978//918 977//917 975//915 
f 980//920 975//915 977//917 
f 979//919 980//920 977//917 982//920 
f 982//920 981//921 979//919 
f 984//923 979//919 981//921 
f 983//922 984//923 981//921 986//925 
f 986//925 985//924 983//922 
f 988//927 983//922 985//924 
f 987//926 988//927 985//924 990//929 
f 990//929 989//928 987//926 
f 992//931 987//926 989//928 
f 991//930 992//931 989//928 994//933 
f 994//933 993//932 991//930 
f 996//935 991//930 993//932 
f 995//934 996//935 993//932 998//935 
f 998//935 997//936 995//934 
f 1000//938 995//934 997//936 
f 999//937 1000//938 997//936 1002//940 
f 1002//940 1001//939 999//937 
f 1004//942 999//937 1001//939 
f 1003//941 1004//942 1001//939 1006//944 
f 1006//944 1005//943 1003//941 
f 1008//946 1003//941 1005//943 
f 1007//945 1008//946 1005//943 1010//948 
f 1010//948 1009//947 1007//945 
f 1012//950 1007//945 1009//947 
f 1011//949 1012//950 1009//947 1014//952 
f 1014//952 1013//951 1011//949 
f 1016//954 1011//949 1013//951 
f 1015//953 1016//954 1013//951 1018//956 
f 1018//956 1017//955 1015//953 
f 1020//958 1015//953 1017//955 
f 1019//957 1020//958 1017//955 1022//960 
f 1022//960 1021//959 1019//957 
f 1024//962 1019//957 1021//959 
f 1023//961 1024//962 1021//959 1026//964 
f 1026//964 1025//963 1023//961 
f 1028//966 1023//961 1025//963 
f 1027//965 1028//966 1025//963 1030//968 
f 1030//968 1029//967 1027//965 
f 1032//970 1027//965 1029//967 
f 1031//969 1032//970 1029//967 1034//972 
f 1034//972 1033//971 1031//969 
s 3
f 1035//973 1031//969 1033//971 
f 894//837 1035//973 1033//971 1036//974 
f 1036//974 896//839 894//837 
s 1
f 1039//977 1038//976 1040//978 
f 1037//975 1039//977 1040//978 1042//980 
f 1042//980 1041//979 1037//975 
s 3
f 1044//982 1037//975 1041//979 
f 1043//981 1044//982 1041//979 1046//984 
f 1046//984 1045//983 1043//981 
s 2
f 1048//986 1043//981 1045//983 
f 1047//985 1048//986 1045//983 1050//988 
f 1050//988 1049//987 1047//985 
f 1052//990 1047//985 1049//987 
f 1051//989 1052//990 1049//987 1054//990 
f 1054//990 1053//991 1051//989 
f 1056//993 1051//989 1053//991 
f 1055//992 1056//993 1053//991 1058//995 
f 1058//995 1057//994 1055//992 
f 1060//997 1055//992 1057//994 
f 1059//996 1060//997 1057//994 1062//999 
f 1062//999 1061//998 1059//996 
f 1064//1001 1059//996 1061//998 
f 1063//1000 1064//1001 1061//998 1066//1003 
f 1066//1003 1065//1002 1063//1000 
f 1068//1005 1063//1000 1065//1002 
f 1067//1004 1068//1005 1065//1002 1070//1007 
f 1070//1007 1069//1006 1067//1004 
f 1072//1009 1067//1004 1069//1006 
f 1071//1008 1072//1009 1069//1006 1074//1009 
f 1074//1009 1073//1010 1071//1008 
f 1076//1012 1071//1008 1073//1010 
f 1075//1011 1076//1012 1073//1010 1078//1012 
f 1078//1012 1077//1013 1075//1011 
f 1080//1015 1075//1011 1077//1013 
f 1079//1014 1080//1015 1077//1013 1082//1017 
f 1082//1017 1081//1016 1079//1014 
f 1084//1019 1079//1014 1081//1016 
f 1083//1018 1084//1019 1081//1016 1086//1021 
f 1086//1021 1085//1020 1083//1018 
f 1088//1023 1083//1018 1085//1020 
f 1087//1022 1088//1023 1085//1020 1090//1025 
f 1090//1025 1089//1024 1087//1022 
f 1092//1027 1087//1022 1089//1024 
f 1091//1026 1092//1027 1089//1024 1094//1029 
f 1094//1029 1093//1028 1091//1026 
f 1096//1031 1091//1026 1093//1028 
f 1095//1030 1096//1031 1093//1028 1098//1033 
f 1098//1033 1097//1032 1095//1030 
f 1100//1035 1095//1030 1097//1032 
f 1099//1034 1100//1035 1097//1032 1102//1037 
f 1102//1037 1101//1036 1099//1034 
f 1104//1039 1099//1034 1101//1036 
f 1103//1038 1104//1039 1101//1036 1106//1041 
f 1106//1041 1105//1040 1103//1038 
f 1108//1043 1103//1038 1105//1040 
f 1107//1042 1108//1043 1105//1040 1110//1045 
f 1110//1045 1109//1044 1107//1042 
f 1112//1047 1107//1042 1109//1044 
f 1111//1046 1112//1047 1109//1044 1114//1049 
f 1114//1049 1113//1048 1111//1046 
f 1116//1051 1111//1046 1113//1048 
f 1115//1050 1116//1051 1113//1048 1118//1053 
f 1118//1053 1117//1052 1115//1050 
f 1120//1055 1115//1050 1117//1052 
f 1119//1054 1120//1055 1117//1052 1122//1057 
f 1122//1057 1121//1056 1119//1054 
f 1124//1059 1119//1054 1121//1056 
f 1123//1058 1124//1059 1121//1056 1126//1059 
f 1126//1059 1125//1060 1123//1058 
f 1128//1062 1123//1058 1125//1060 
f 1127//1061 1128//1062 1125//1060 1130//1064 
f 1130//1064 1129//1063 1127//1061 
f 1132//1066 1127//1061 1129//1063 
f 1131//1065 1132//1066 1129//1063 1134//1068 
f 1134//1068 1133//1067 1131//1065 
f 1136//1070 1131//1065 1133//1067 
f 1135//1069 1136//1070 1133//1067 1138//1072 
f 1138//1072 1137//1071 1135//1069 
f 1140//1074 1135//1069 1137//1071 
f 1139//1073 1140//1074 1137//1071 1142//1074 
f 1142//1074 1141//1075 1139//1073 
f 1144//1077 1139//1073 1141//1075 
f 1143//1076 1144//1077 1141//1075 1146//1079 
f 1146//1079 1145//1078 1143//1076 
f 1148//1081 1143//1076 1145//1078 
f 1147//1080 1148//1081 1145//1078 1150//1083 
f 1150//1083 1149//1082 1147//1080 
f 1152//1085 1147//1080 1149//1082 
f 1151//1084 1152//1085 1149//1082 1154//1087 
f 1154//1087 1153//1086 1151//1084 
f 1156//1089 1151//1084 1153//1086 
f 1155//1088 1156//1089 1153//1086 1158//1091 
f 1158//1091 1157//1090 1155//1088 
f 1160//1093 1155//1088 1157//1090 
f 1159//1092 1160//1093 1157//1090 1162//1093 
f 1162//1093 1161//1094 1159//1092 
f 1164//1096 1159//1092 1161//1094 
f 1163//1095 1164//1096 1161//1094 1166//1098 
f 1166//1098 1165//1097 1163//1095 
f 1168//1100 1163//1095 1165//1097 
f 1167//1099 1168//1100 1165//1097 1170//1100 
f 1170//1100 1169//1101 1167//1099 
f 1172//1103 1167//1099 1169//1101 
f 1171//1102 1172//1103 1169//1101 1174//1103 
f 1174//1103 1173//1104 1171//1102 
f 1176//1106 1171//1102 1173//1104 
f 1175//1105 1176//1106 1173//1104 1178//1108 
f 1178//1108 1177//1107 1175//1105 
s 3
f 1179//1109 1175//1105 1177//1107 
f 1038//976 1179//1109 1177//1107 1180//1109 
f 1180//1109 1040//978 1038//976 
s 16
f 1182//1110 521//482 517//478 
f 1183//1110 517//478 513//474 
f 1040//978 1183//1110 513//474 1184//1110 
f 1185//1110 513//474 509//470 
f 1186//1110 509//470 505//466 
f 1041//979 1186//1110 505//466 1187//1110 
f 1188//1110 505//466 501//462 
f 1189//1110 501//462 497//459 
f 1190//1110 497//459 493//455 
f 1191//1110 493//455 489//452 
f 1045//983 1191//1110 489//452 1192//1110 
f 1193//1110 489//452 485//449 
f 1194//1110 485//449 481//445 
f 1049//987 1194//1110 481//445 1195//1110 
f 1196//1110 481//445 477//441 
f 1197//1110 477//441 473//437 
f 1198//1110 473//437 469//433 
f 1053//991 1198//1110 469//433 1199//1110 
f 1200//1110 469//433 465//430 
f 1201//1110 465//430 461//426 
f 1057//994 1201//1110 461//426 1202//1110 
f 1203//1110 461//426 457//422 
f 1204//1110 457//422 453//418 
f 1061//998 1204//1110 453//418 1205//1110 
f 1206//1110 453//418 449//414 
f 1207//1110 449//414 445//410 
f 1065//1002 1207//1110 445//410 1208//1110 
f 1209//1110 445//410 441//406 
f 1069//1006 1209//1110 441//406 1210//1110 
f 1211//1110 441//406 437//402 
f 1073//1010 1211//1110 437//402 1212//1110 
f 1213//1110 437//402 433//399 
f 1214//1110 433//399 429//395 
f 1077//1013 1214//1110 429//395 1215//1110 
f 1216//1110 429//395 425//391 
f 1217//1110 425//391 421//388 
f 1081//1016 1217//1110 421//388 1218//1110 
f 1219//1110 421//388 417//384 
f 1085//1020 1219//1110 417//384 1220//1110 
f 1221//1110 417//384 413//381 
f 1222//1110 413//381 409//378 
f 1089//1024 1222//1110 409//378 1223//1110 
f 1224//1110 409//378 405//374 
f 1225//1110 405//374 401//370 
f 1093//1028 1225//1110 401//370 1226//1110 
f 1227//1110 401//370 397//366 
f 1228//1110 397//366 393//362 
f 1097//1032 1228//1110 393//362 1229//1110 
f 1230//1110 393//362 389//359 
f 1231//1110 389//359 385//355 
f 1101//1036 1231//1110 385//355 1232//1110 
f 1233//1110 385//355 381//351 
f 1234//1110 381//351 377//348 
f 1105//1040 1234//1110 377//348 1235//1110 
f 1109//1044 1235//1110 377//348 1236//1110 
f 1237//1110 377//348 373//344 
f 1113//1048 1237//1110 373//344 1238//1110 
f 1239//1110 373//344 369//340 
f 1117//1052 1239//1110 369//340 1240//1110 
f 1241//1110 369//340 365//336 
f 1242//1110 365//336 361//332 
f 1121//1056 1242//1110 361//332 1243//1110 
f 1244//1110 361//332 357//329 
f 1125//1060 1244//1110 357//329 1245//1110 
f 1246//1110 357//329 353//325 
f 1129//1063 1246//1110 353//325 1247//1110 
f 1248//1110 353//325 349//321 
f 1133//1067 1248//1110 349//321 1249//1110 
f 1137//1071 1249//1110 349//321 1250//1110 
f 1251//1110 349//321 345//318 
f 1252//1110 345//318 341//315 
f 1253//1110 341//315 337//313 
f 1254//1110 337//313 333//309 
f 1255//1110 333//309 329//305 
f 1256//1110 329//305 325//301 
f 1257//1110 325//301 321//297 
f 1258//1110 321//297 317//293 
f 1259//1110 317//293 313//289 
f 1260//1110 313//289 309//285 
f 1261//1110 309//285 305//281 
f 1262//1110 305//281 301//277 
f 1141//1075 1262//1110 301//277 1263//1110 
f 1145//1078 1263//1110 301//277 1264//1110 
f 1149//1082 1264//1110 301//277 1265//1110 
f 1153//1086 1265//1110 301//277 1266//1110 
f 1157//1090 1266//1110 301//277 1267//1110 
f 1161//1094 1267//1110 301//277 1268//1110 
f 1165//1097 1268//1110 301//277 1269//1110 
f 1169//1101 1269//1110 301//277 1270//1110 
f 1173//1104 1270//1110 301//277 1271//1110 
f 1177//1107 1271//1110 301//277 1272//1110 
f 521//482 1272//1110 301//277 1273//1110 
f 525//484 1273//1110 301//277 1274//1110 
f 529//487 1274//1110 301//277 1275//1110 
f 533//491 1275//1110 301//277 1276//1110 
f 537//495 1276//1110 301//277 1277//1110 
f 541//499 1277//1110 301//277 1278//1110 
f 545//503 1278//1110 301//277 1279//1110 
f 549//507 1279//1110 301//277 1280//1110 
f 553//511 1280//1110 301//277 1281//1110 
f 557//515 1281//1110 301//277 1282//1110 
f 561//519 1282//1110 301//277 1283//1110 
f 565//523 1283//1110 301//277 1284//1110 
f 569//527 1284//1110 301//277 1285//1110 
f 1286//1110 265//244 261//240 
f 269//248 1286//1110 261//240 1287//1110 
f 1288//1110 261//240 257//237 
f 273//252 1288//1110 257//237 1289//1110 
f 1290//1110 257//237 253//234 
f 277//256 1290//1110 253//234 1291//1110 
f 1292//1110 253//234 249//230 
f 281//260 1292//1110 249//230 1293//1110 
f 285//263 1293//1110 249//230 1294//1110 
f 1295//1110 249//230 245//226 
f 289//266 1295//1110 245//226 1296//1110 
f 1297//1110 245//226 241//222 
f 293//270 1297//1110 241//222 1298//1110 
f 1299//1110 241//222 237//218 
f 897//840 1300//1110 189//174 1301//1110 
f 901//844 1301//1110 189//174 1302//1110 
f 905//848 1302//1110 189//174 1303//1110 
f 909//852 1303//1110 189//174 1304//1110 
f 913//856 1304//1110 189//174 1305//1110 
f 917//859 1305//1110 189//174 1306//1110 
f 921//863 1306//1110 189//174 1307//1110 
f 1308//1110 189//174 185//170 
f 1309//1110 185//170 181//166 
f 1310//1110 181//166 177//162 
f 1311//1110 149//138 145//135 
f 1312//1110 145//135 141//132 
f 1313//1110 141//132 137//128 
f 1314//1110 137//128 133//125 
f 1315//1110 133//125 129//121 
f 1316//1110 129//121 125//117 
f 1317//1110 125//117 121//113 
f 1318//1110 121//113 117//109 
f 1319//1110 117//109 113//105 
f 1320//1110 113//105 109//101 
f 1321//1110 109//101 105//98 
f 1322//1110 105//98 101//94 
f 1323//1110 101//94 97//90 
f 1324//1110 97//90 93//86 
f 1325//1110 93//86 89//82 
f 1326//1110 89//82 85//79 
f 1327//1110 85//79 81//75 
f 1328//1110 81//75 77//71 
f 1329//1110 77//71 73//67 
f 1330//1110 73//67 69//63 
f 1331//1110 69//63 65//59 
f 1332//1110 65//59 61//55 
f 1333//1110 61//55 57//51 
f 1334//1110 57//51 53//47 
f 1335//1110 53//47 49//44 
f 1336//1110 49//44 45//40 
f 1337//1110 45//40 41//37 
f 1338//1110 41//37 37//34 
f 1339//1110 37//34 33//30 
f 1340//1110 33//30 29//26 
f 1341//1110 29//26 25//23 
f 1342//1110 25//23 21//19 
f 1343//1110 21//19 17//15 
f 153//141 1343//1110 17//15 1344//1110 
f 1345//1110 17//15 13//11 
f 157//144 1345//1110 13//11 1346//1110 
f 161//148 1346//1110 13//11 1347//1110 
f 1348//1110 13//11 9//8 
f 165//152 1348//1110 9//8 1349//1110 
f 1350//1110 9//8 5//5 
f 169//156 1350//1110 5//5 1351//1110 
f 173//159 1351//1110 5//5 1352//1110 
f 1353//1110 5//5 4//4 
f 1354//1110 4//4 889//832 
f 177//162 1354//1110 889//832 1355//1110 
f 1356//1110 889//832 885//828 
f 1357//1110 885//828 881//824 
f 1358//1110 881//824 877//820 
f 1359//1110 877//820 873//816 
f 1360//1110 873//816 869//812 
f 1361//1110 869//812 865//808 
f 1362//1110 865//808 861//804 
f 1363//1110 861//804 857//800 
f 1364//1110 857//800 853//796 
f 925//866 1364//1110 853//796 1365//1110 
f 1366//1110 853//796 849//792 
f 929//870 1366//1110 849//792 1367//1110 
f 1368//1110 849//792 845//788 
f 933//874 1368//1110 845//788 1369//1110 
f 1370//1110 845//788 841//784 
f 937//878 1370//1110 841//784 1371//1110 
f 1372//1110 841//784 837//780 
f 941//882 1372//1110 837//780 1373//1110 
f 1374//1110 837//780 833//776 
f 1375//1110 833//776 829//772 
f 945//886 1375//1110 829//772 1376//1110 
f 1377//1110 829//772 825//768 
f 949//890 1377//1110 825//768 1378//1110 
f 1379//1110 825//768 821//764 
f 953//894 1379//1110 821//764 1380//1110 
f 1381//1110 821//764 817//760 
f 957//898 1381//1110 817//760 1382//1110 
f 1383//1110 817//760 813//756 
f 961//901 1383//1110 813//756 1384//1110 
f 1385//1110 813//756 809//752 
f 1386//1110 809//752 805//748 
f 965//905 1386//1110 805//748 1387//1110 
f 1388//1110 805//748 801//745 
f 1389//1110 801//745 797//741 
f 969//909 1389//1110 797//741 1390//1110 
f 1391//1110 797//741 793//737 
f 1392//1110 793//737 789//734 
f 1393//1110 789//734 785//730 
f 973//913 1393//1110 785//730 1394//1110 
f 1395//1110 785//730 781//726 
f 1396//1110 781//726 777//723 
f 977//917 1396//1110 777//723 1397//1110 
f 1398//1110 777//723 773//720 
f 1399//1110 773//720 769//716 
f 981//921 1399//1110 769//716 1400//1110 
f 1401//1110 769//716 765//712 
f 1402//1110 765//712 761//708 
f 985//924 1402//1110 761//708 1403//1110 
f 1404//1110 761//708 757//704 
f 1405//1110 757//704 753//700 
f 989//928 1405//1110 753//700 1406//1110 
f 1407//1110 753//700 749//697 
f 993//932 1407//1110 749//697 1408//1110 
f 1409//1110 749//697 745//693 
f 1410//1110 745//693 741//689 
f 997//936 1410//1110 741//689 1411//1110 
f 1001//939 1411//1110 741//689 1412//1110 
f 1413//1110 741//689 737//685 
f 1005//943 1413//1110 737//685 1414//1110 
f 1415//1110 737//685 733//681 
f 1009//947 1415//1110 733//681 1416//1110 
f 1417//1110 733//681 729//677 
f 1418//1110 729//677 725//673 
f 1013//951 1418//1110 725//673 1419//1110 
f 1420//1110 725//673 721//669 
f 1421//1110 721//669 717//665 
f 1017//955 1421//1110 717//665 1422//1110 
f 1423//1110 717//665 713//661 
f 1021//959 1423//1110 713//661 1424//1110 
f 1425//1110 713//661 709//658 
f 1025//963 1425//1110 709//658 1426//1110 
f 1029//967 1426//1110 709//658 1427//1110 
f 1033//971 1427//1110 709//658 1428//1110 
f 896//839 1428//1110 709//658 1429//1110 
f 1430//1110 709//658 705//655 
f 189//174 1430//1110 705//655 1431//1110 
f 193//177 1431//1110 705//655 1432//1110 
f 1433//1110 705//655 701//651 
f 197//180 1433//1110 701//651 1434//1110 
f 1435//1110 701//651 697//647 
f 201//184 1435//1110 697//647 1436//1110 
f 1437//1110 697//647 693//643 
f 205//188 1437//1110 693//643 1438//1110 
f 209//192 1438//1110 693//643 1439//1110 
f 1440//1110 693//643 689//639 
f 213//195 1440//1110 689//639 1441//1110 
f 1442//1110 689//639 685//635 
f 217//199 1442//1110 685//635 1443//1110 
f 1444//1110 685//635 681//632 
f 221//203 1444//1110 681//632 1445//1110 
f 1446//1110 681//632 677//628 
f 1447//1110 677//628 673//625 
f 225//207 1447//1110 673//625 1448//1110 
f 1449//1110 673//625 669//621 
f 229//210 1449//1110 669//621 1450//1110 
f 1451//1110 669//621 665//617 
f 1452//1110 665//617 661//614 
f 233//214 1452//1110 661//614 1453//1110 
f 1454//1110 661//614 657//610 
f 1455//1110 657//610 653//606 
f 1456//1110 653//606 649//602 
f 1457//1110 649//602 645//598 
f 1458//1110 645//598 641//594 
f 1459//1110 641//594 637//590 
f 1460//1110 637//590 633//586 
f 237//218 1460//1110 633//586 1461//1110 
f 1462//1110 633//586 629//583 
f 1463//1110 629//583 625//579 
f 297//274 1463//1110 625//579 1464//1110 
f 1465//1110 625//579 621//575 
f 1466//1110 621//575 617//572 
f 1467//1110 617//572 613//569 
f 301//277 1467//1110 613//569 1468//1110 
f 573//531 1468//1110 613//569 1469//1110 
f 1470//1110 613//569 609//565 
f 577//535 1470//1110 609//565 1471//1110 
f 1472//1110 609//565 605//562 
f 581//539 1472//1110 605//562 1473//1110 
f 585//543 1473//1110 605//562 1474//1110 
f 1475//1110 605//562 601//559 
f 589//547 1475//1110 601//559 1476//1110 
f 1477//1110 601//559 597//555 
f 593//551 1477//1110 597//555 
f 1478//1111 595//553 599//557 
f 1479//1111 147//136 151//139 
f 143//133 1479//1111 151//139 1480//1111 
f 139//130 1480//1111 151//139 1481//1111 
f 135//126 1481//1111 151//139 1482//1111 
f 131//123 1482//1111 151//139 1483//1111 
f 127//119 1483//1111 151//139 1484//1111 
f 123//115 1484//1111 151//139 1485//1111 
f 119//111 1485//1111 151//139 1486//1111 
f 115//107 1486//1111 151//139 1487//1111 
f 111//103 1487//1111 151//139 1488//1111 
f 107//99 1488//1111 151//139 1489//1111 
f 103//96 1489//1111 151//139 1490//1111 
f 99//92 1490//1111 151//139 1491//1111 
f 95//88 1491//1111 151//139 1492//1111 
f 91//84 1492//1111 151//139 1493//1111 
f 87//80 1493//1111 151//139 1494//1111 
f 83//77 1494//1111 151//139 1495//1111 
f 79//73 1495//1111 151//139 1496//1111 
f 75//69 1496//1111 151//139 1497//1111 
f 71//65 1497//1111 151//139 1498//1111 
f 67//61 1498//1111 151//139 1499//1111 
f 63//57 1499//1111 151//139 1500//1111 
f 59//53 1500//1111 151//139 1501//1111 
f 55//49 1501//1111 151//139 1502//1111 
f 51//45 1502//1111 151//139 1503//1111 
f 47//42 1503//1111 151//139 1504//1111 
f 43//38 1504//1111 151//139 1505//1111 
f 39//35 1505//1111 151//139 1506//1111 
f 35//32 1506//1111 151//139 1507//1111 
f 31//28 1507//1111 151//139 1508//1111 
f 27//24 1508//1111 151//139 1509//1111 
f 23//21 1509//1111 151//139 1510//1111 
f 19//17 1510//1111 151//139 1511//1111 
f 1512//1111 151//139 155//142 
f 15//13 1512//1111 155//142 1513//1111 
f 1514//1111 155//142 159//146 
f 1515//1111 159//146 163//150 
f 11//9 1515//1111 163//150 1516//1111 
f 1517//1111 163//150 167//154 
f 7//6 1517//1111 167//154 1518//1111 
f 1519//1111 167//154 171//157 
f 1520//1111 171//157 175//160 
f 1//1 1520//1111 175//160 1521//1111 
f 2//2 1521//1111 175//160 1522//1111 
f 1524//1111 894//837 893//836 
f 1525//1111 893//836 899//842 
f 1526//1111 899//842 903//846 
f 1527//1111 903//846 907//850 
f 1528//1111 907//850 911//854 
f 1529//1111 911//854 915//857 
f 1530//1111 915//857 919//861 
f 1531//1111 919//861 923//864 
f 187//172 1531//1111 923//864 1532//1111 
f 183//168 1532//1111 923//864 1533//1111 
f 179//164 1533//1111 923//864 1534//1111 
f 175//160 1534//1111 923//864 1535//1111 
f 887//830 1535//1111 923//864 1536//1111 
f 883//826 1536//1111 923//864 1537//1111 
f 879//822 1537//1111 923//864 1538//1111 
f 875//818 1538//1111 923//864 1539//1111 
f 871//814 1539//1111 923//864 1540//1111 
f 867//810 1540//1111 923//864 1541//1111 
f 863//806 1541//1111 923//864 1542//1111 
f 859//802 1542//1111 923//864 1543//1111 
f 855//798 1543//1111 923//864 1544//1111 
f 1545//1111 923//864 927//868 
f 851//794 1545//1111 927//868 1546//1111 
f 1547//1111 927//868 931//872 
f 847//790 1547//1111 931//872 1548//1111 
f 1549//1111 931//872 935//876 
f 843//786 1549//1111 935//876 1550//1111 
f 1551//1111 935//876 939//880 
f 839//782 1551//1111 939//880 1552//1111 
f 1553//1111 939//880 943//884 
f 835//778 1553//1111 943//884 1554//1111 
f 831//774 1554//1111 943//884 1555//1111 
f 1556//1111 943//884 947//888 
f 827//770 1556//1111 947//888 1557//1111 
f 1558//1111 947//888 951//892 
f 823//766 1558//1111 951//892 1559//1111 
f 1560//1111 951//892 955//896 
f 819//762 1560//1111 955//896 1561//1111 
f 1562//1111 955//896 959//899 
f 815//758 1562//1111 959//899 1563//1111 
f 1564//1111 959//899 963//903 
f 811//754 1564//1111 963//903 1565//1111 
f 807//750 1565//1111 963//903 1566//1111 
f 1567//1111 963//903 967//907 
f 803//746 1567//1111 967//907 1568//1111 
f 799//743 1568//1111 967//907 1569//1111 
f 1570//1111 967//907 971//911 
f 795//739 1570//1111 971//911 1571//1111 
f 791//735 1571//1111 971//911 1572//1111 
f 787//732 1572//1111 971//911 1573//1111 
f 1574//1111 971//911 975//915 
f 783//728 1574//1111 975//915 1575//1111 
f 779//724 1575//1111 975//915 1576//1111 
f 1577//1111 975//915 979//919 
f 775//721 1577//1111 979//919 1578//1111 
f 771//718 1578//1111 979//919 1579//1111 
f 1580//1111 979//919 983//922 
f 767//714 1580//1111 983//922 1581//1111 
f 763//710 1581//1111 983//922 1582//1111 
f 1583//1111 983//922 987//926 
f 759//706 1583//1111 987//926 1584//1111 
f 755//702 1584//1111 987//926 1585//1111 
f 1586//1111 987//926 991//930 
f 751//698 1586//1111 991//930 1587//1111 
f 1588//1111 991//930 995//934 
f 747//695 1588//1111 995//934 1589//1111 
f 743//691 1589//1111 995//934 1590//1111 
f 1591//1111 995//934 999//937 
f 1592//1111 999//937 1003//941 
f 739//687 1592//1111 1003//941 1593//1111 
f 1594//1111 1003//941 1007//945 
f 735//683 1594//1111 1007//945 1595//1111 
f 1596//1111 1007//945 1011//949 
f 731//679 1596//1111 1011//949 1597//1111 
f 727//675 1597//1111 1011//949 1598//1111 
f 1599//1111 1011//949 1015//953 
f 723//671 1599//1111 1015//953 1600//1111 
f 719//667 1600//1111 1015//953 1601//1111 
f 1602//1111 1015//953 1019//957 
f 715//663 1602//1111 1019//957 1603//1111 
f 1604//1111 1019//957 1023//961 
f 711//659 1604//1111 1023//961 1605//1111 
f 1606//1111 1023//961 1027//965 
f 1607//1111 1027//965 1031//969 
f 1608//1111 1031//969 894//837 
f 707//657 1523//1111 187//172 1609//1111 
f 1610//1111 187//172 191//176 
f 1611//1111 191//176 195//178 
f 703//653 1611//1111 195//178 1612//1111 
f 1613//1111 195//178 199//182 
f 699//649 1613//1111 199//182 1614//1111 
f 1615//1111 199//182 203//186 
f 695//645 1615//1111 203//186 1616//1111 
f 1617//1111 203//186 207//190 
f 1618//1111 207//190 211//193 
f 691//641 1618//1111 211//193 1619//1111 
f 1620//1111 211//193 215//197 
f 687//637 1620//1111 215//197 1621//1111 
f 1622//1111 215//197 219//201 
f 683//633 1622//1111 219//201 1623//1111 
f 1624//1111 219//201 223//205 
f 679//630 1624//1111 223//205 1625//1111 
f 675//626 1625//1111 223//205 1626//1111 
f 1627//1111 223//205 227//208 
f 671//623 1627//1111 227//208 1628//1111 
f 1629//1111 227//208 231//212 
f 667//619 1629//1111 231//212 1630//1111 
f 663//615 1630//1111 231//212 1631//1111 
f 1632//1111 231//212 235//216 
f 659//612 1632//1111 235//216 1633//1111 
f 655//608 1633//1111 235//216 1634//1111 
f 651//604 1634//1111 235//216 1635//1111 
f 647//600 1635//1111 235//216 1636//1111 
f 643//596 1636//1111 235//216 1637//1111 
f 639//592 1637//1111 235//216 1638//1111 
f 635//588 1638//1111 235//216 1639//1111 
f 1640//1111 263//242 267//246 
f 1641//1111 267//246 271//250 
f 259//238 1641//1111 271//250 1642//1111 
f 1643//1111 271//250 275//254 
f 255//235 1643//1111 275//254 1644//1111 
f 1645//1111 275//254 279//258 
f 251//232 1645//1111 279//258 1646//1111 
f 1647//1111 279//258 283//261 
f 1648//1111 283//261 287//264 
f 247//228 1648//1111 287//264 1649//1111 
f 1650//1111 287//264 291//268 
f 243//224 1650//1111 291//268 1651//1111 
f 1652//1111 291//268 295//272 
f 239//220 1652//1111 295//272 1653//1111 
f 235//216 1653//1111 295//272 1654//1111 
f 631//584 1654//1111 295//272 1655//1111 
f 627//581 1655//1111 295//272 1656//1111 
f 1657//1111 295//272 299//275 
f 623//577 1657//1111 299//275 1658//1111 
f 619//573 1658//1111 299//275 1659//1111 
f 615//570 1659//1111 299//275 1660//1111 
f 1662//1111 1175//1105 1038//976 
f 519//480 1662//1111 1038//976 1663//1111 
f 515//476 1663//1111 1038//976 1664//1111 
f 1665//1111 1038//976 1037//975 
f 511//472 1665//1111 1037//975 1666//1111 
f 507//468 1666//1111 1037//975 1667//1111 
f 1668//1111 1037//975 1043//981 
f 503//464 1668//1111 1043//981 1669//1111 
f 499//460 1669//1111 1043//981 1670//1111 
f 495//457 1670//1111 1043//981 1671//1111 
f 491//453 1671//1111 1043//981 1672//1111 
f 1673//1111 1043//981 1047//985 
f 487//450 1673//1111 1047//985 1674//1111 
f 483//447 1674//1111 1047//985 1675//1111 
f 1676//1111 1047//985 1051//989 
f 479//443 1676//1111 1051//989 1677//1111 
f 475//439 1677//1111 1051//989 1678//1111 
f 471//435 1678//1111 1051//989 1679//1111 
f 1680//1111 1051//989 1055//992 
f 467//431 1680//1111 1055//992 1681//1111 
f 463//428 1681//1111 1055//992 1682//1111 
f 1683//1111 1055//992 1059//996 
f 459//424 1683//1111 1059//996 1684//1111 
f 455//420 1684//1111 1059//996 1685//1111 
f 1686//1111 1059//996 1063//1000 
f 451//416 1686//1111 1063//1000 1687//1111 
f 447//412 1687//1111 1063//1000 1688//1111 
f 1689//1111 1063//1000 1067//1004 
f 443//408 1689//1111 1067//1004 1690//1111 
f 1691//1111 1067//1004 1071//1008 
f 439//404 1691//1111 1071//1008 1692//1111 
f 1693//1111 1071//1008 1075//1011 
f 435//400 1693//1111 1075//1011 1694//1111 
f 431//397 1694//1111 1075//1011 1695//1111 
f 1696//1111 1075//1011 1079//1014 
f 427//393 1696//1111 1079//1014 1697//1111 
f 423//389 1697//1111 1079//1014 1698//1111 
f 1699//1111 1079//1014 1083//1018 
f 419//386 1699//1111 1083//1018 1700//1111 
f 1701//1111 1083//1018 1087//1022 
f 415//382 1701//1111 1087//1022 1702//1111 
f 411//379 1702//1111 1087//1022 1703//1111 
f 1704//1111 1087//1022 1091//1026 
f 407//376 1704//1111 1091//1026 1705//1111 
f 403//372 1705//1111 1091//1026 1706//1111 
f 1707//1111 1091//1026 1095//1030 
f 399//368 1707//1111 1095//1030 1708//1111 
f 395//364 1708//1111 1095//1030 1709//1111 
f 1710//1111 1095//1030 1099//1034 
f 391//360 1710//1111 1099//1034 1711//1111 
f 387//357 1711//1111 1099//1034 1712//1111 
f 1713//1111 1099//1034 1103//1038 
f 383//353 1713//1111 1103//1038 1714//1111 
f 379//349 1714//1111 1103//1038 1715//1111 
f 1716//1111 1103//1038 1107//1042 
f 1717//1111 1107//1042 1111//1046 
f 375//346 1717//1111 1111//1046 1718//1111 
f 1719//1111 1111//1046 1115//1050 
f 371//342 1719//1111 1115//1050 1720//1111 
f 1721//1111 1115//1050 1119//1054 
f 367//338 1721//1111 1119//1054 1722//1111 
f 363//334 1722//1111 1119//1054 1723//1111 
f 1724//1111 1119//1054 1123//1058 
f 359//330 1724//1111 1123//1058 1725//1111 
f 1726//1111 1123//1058 1127//1061 
f 355//327 1726//1111 1127//1061 1727//1111 
f 1728//1111 1127//1061 1131//1065 
f 351//323 1728//1111 1131//1065 1729//1111 
f 1730//1111 1131//1065 1135//1069 
f 1731//1111 1135//1069 1139//1073 
f 347//319 1731//1111 1139//1073 1732//1111 
f 343//316 1732//1111 1139//1073 1733//1111 
f 339//314 1733//1111 1139//1073 1734//1111 
f 335//311 1734//1111 1139//1073 1735//1111 
f 331//307 1735//1111 1139//1073 1736//1111 
f 327//303 1736//1111 1139//1073 1737//1111 
f 323//299 1737//1111 1139//1073 1738//1111 
f 319//295 1738//1111 1139//1073 1739//1111 
f 315//291 1739//1111 1139//1073 1740//1111 
f 311//287 1740//1111 1139//1073 1741//1111 
f 307//283 1741//1111 1139//1073 1742//1111 
f 303//279 1742//1111 1139//1073 1743//1111 
f 1744//1111 1139//1073 1143//1076 
f 1745//1111 1143//1076 1147//1080 
f 1746//1111 1147//1080 1151//1084 
f 1747//1111 1151//1084 1155//1088 
f 1748//1111 1155//1088 1159//1092 
f 1749//1111 1159//1092 1163//1095 
f 1750//1111 1163//1095 1167//1099 
f 1751//1111 1167//1099 1171//1102 
f 1752//1111 1171//1102 1175//1105 
f 1753//1111 519//480 523//483 
f 1754//1111 523//483 527//485 
f 1755//1111 527//485 531//489 
f 1756//1111 531//489 535//493 
f 1757//1111 535//493 539//497 
f 1758//1111 539//497 543//501 
f 1759//1111 543//501 547//505 
f 1760//1111 547//505 551//509 
f 1761//1111 551//509 555//513 
f 1762//1111 555//513 559//517 
f 1763//1111 559//517 563//521 
f 1764//1111 563//521 567//525 
f 1765//1111 567//525 571//529 
f 299//275 1765//1111 571//529 1766//1111 
f 1767//1111 571//529 575//533 
f 611//567 1767//1111 575//533 1768//1111 
f 1769//1111 575//533 579//537 
f 607//563 1769//1111 579//537 1770//1111 
f 1771//1111 579//537 583//541 
f 1772//1111 583//541 587//545 
f 603//560 1772//1111 587//545 1773//1111 
f 599//557 1773//1111 587//545 1774//1111 
f 591//549 1774//1111 587//545 
# 891 polygons - 1770 triangles

