# 3ds Max Wavefront OBJ Exporter v0.97b - (c)2007 guruware
# File Created: 28.01.2021 19:05:00

#
# object Yo_Puyin
#

v  356.9147 0.0000 10.7869
v  381.3362 0.0000 10.7869
v  369.1255 5.0000 10.7869
v  381.3362 10.0000 10.7869
v  356.9147 10.0000 10.7869
v  381.9401 0.0000 10.7545
v  381.6382 5.0000 10.7707
v  381.9401 10.0000 10.7545
v  382.5434 0.0000 10.6572
v  382.2417 5.0000 10.7059
v  382.5434 10.0000 10.6572
v  383.1459 0.0000 10.4952
v  382.8446 5.0000 10.5762
v  383.1459 10.0000 10.4952
v  383.7477 0.0000 10.2684
v  383.4468 5.0000 10.3818
v  383.7477 10.0000 10.2684
v  384.3488 0.0000 9.9767
v  384.0482 5.0000 10.1225
v  384.3488 10.0000 9.9767
v  384.9492 0.0000 9.6202
v  384.6490 5.0000 9.7984
v  384.9492 10.0000 9.6202
v  385.5488 0.0000 9.1989
v  385.2490 5.0000 9.4096
v  385.5488 10.0000 9.1989
v  386.1477 0.0000 8.7128
v  385.8483 5.0000 8.9558
v  386.1477 10.0000 8.7128
v  386.7460 0.0000 8.1619
v  386.4469 5.0000 8.4373
v  386.7460 10.0000 8.1619
v  387.3106 0.0000 7.5245
v  387.0283 5.0000 7.8432
v  387.3106 10.0000 7.5245
v  387.8089 0.0000 6.7791
v  387.5598 5.0000 7.1518
v  387.8089 10.0000 6.7791
v  388.2407 0.0000 5.9256
v  388.0248 5.0000 6.3524
v  388.2407 10.0000 5.9256
v  388.6060 0.0000 4.9641
v  388.4233 5.0000 5.4449
v  388.6060 10.0000 4.9641
v  388.9050 0.0000 3.8946
v  388.7555 5.0000 4.4293
v  388.9050 10.0000 3.8946
v  389.1375 0.0000 2.7170
v  389.0212 5.0000 3.3058
v  389.1375 10.0000 2.7170
v  389.3036 0.0000 1.4313
v  389.2205 5.0000 2.0742
v  389.3036 10.0000 1.4313
v  389.4032 0.0000 0.0376
v  389.3534 5.0000 0.7345
v  389.4032 10.0000 0.0376
v  389.4364 0.0000 -1.4641
v  389.4198 5.0000 -0.7132
v  389.4364 10.0000 -1.4641
v  389.4364 0.0000 -38.6396
v  389.4364 5.0000 -20.0519
v  389.4364 10.0000 -38.6396
v  379.6155 0.0000 -38.6396
v  384.5260 5.0000 -38.6396
v  379.6155 10.0000 -38.6396
v  379.6155 0.0000 0.4805
v  379.6155 5.0000 -19.0796
v  379.6155 10.0000 0.4805
v  379.5693 0.0000 1.2244
v  379.5924 5.0000 0.8524
v  379.5693 10.0000 1.2244
v  379.4308 0.0000 1.8808
v  379.5001 5.0000 1.5526
v  379.4308 10.0000 1.8808
v  379.1999 0.0000 2.4496
v  379.3153 5.0000 2.1652
v  379.1999 10.0000 2.4496
v  378.8766 0.0000 2.9310
v  379.0382 5.0000 2.6903
v  378.8766 10.0000 2.9310
v  378.4610 0.0000 3.3248
v  378.6688 5.0000 3.1279
v  378.4610 10.0000 3.3248
v  377.9530 0.0000 3.6311
v  378.2070 5.0000 3.4780
v  377.9530 10.0000 3.6311
v  377.3526 0.0000 3.8499
v  377.6528 5.0000 3.7405
v  377.3526 10.0000 3.8499
v  376.6599 0.0000 3.9812
v  377.0063 5.0000 3.9156
v  376.6599 10.0000 3.9812
v  375.8748 0.0000 4.0249
v  376.2674 5.0000 4.0031
v  375.8748 10.0000 4.0249
v  370.1166 0.0000 4.0249
v  372.9957 5.0000 4.0249
v  370.1166 10.0000 4.0249
v  370.1166 0.0000 -23.4630
v  370.1166 5.0000 -9.7190
v  370.1166 10.0000 -23.4630
v  369.8685 0.0000 -26.6820
v  369.9926 5.0000 -25.0725
v  369.8685 10.0000 -26.6820
v  369.1241 0.0000 -29.5223
v  369.4963 5.0000 -28.1022
v  369.1241 10.0000 -29.5223
v  367.8836 0.0000 -31.9839
v  368.5039 5.0000 -30.7531
v  367.8836 10.0000 -31.9839
v  366.1468 0.0000 -34.0668
v  367.0152 5.0000 -33.0253
v  366.1468 10.0000 -34.0668
v  363.9138 0.0000 -35.7710
v  365.0303 5.0000 -34.9189
v  363.9138 10.0000 -35.7710
v  361.1845 0.0000 -37.0964
v  362.5492 5.0000 -36.4337
v  361.1845 10.0000 -37.0964
v  357.9591 0.0000 -38.0432
v  359.5718 5.0000 -37.5698
v  357.9591 10.0000 -38.0432
v  354.2374 0.0000 -38.6113
v  356.0982 5.0000 -38.3272
v  354.2374 10.0000 -38.6113
v  350.0195 0.0000 -38.8006
v  352.1284 5.0000 -38.7059
v  350.0195 10.0000 -38.8006
v  346.7266 0.0000 -38.6804
v  348.3730 5.0000 -38.7405
v  346.7266 10.0000 -38.6804
v  343.6212 0.0000 -38.3196
v  345.1739 5.0000 -38.5000
v  343.6212 10.0000 -38.3196
v  340.7031 0.0000 -37.7184
v  342.1621 5.0000 -38.0190
v  340.7031 10.0000 -37.7184
v  337.9724 0.0000 -36.8766
v  339.3378 5.0000 -37.2975
v  337.9724 10.0000 -36.8766
v  335.4291 0.0000 -35.7943
v  336.7008 5.0000 -36.3355
v  335.4291 10.0000 -35.7943
v  333.0733 0.0000 -34.4715
v  334.2512 5.0000 -35.1329
v  333.0733 10.0000 -34.4715
v  330.9048 0.0000 -32.9083
v  331.9890 5.0000 -33.6899
v  330.9048 10.0000 -32.9083
v  328.9237 0.0000 -31.1045
v  329.9142 5.0000 -32.0064
v  328.9237 10.0000 -31.1045
v  327.1300 0.0000 -29.0602
v  328.0269 5.0000 -30.0824
v  327.1300 10.0000 -29.0602
v  328.5625 0.0000 -28.5390
v  327.8463 5.0000 -28.7996
v  328.5625 10.0000 -28.5390
v  329.9486 0.0000 -27.9557
v  329.2556 5.0000 -28.2473
v  329.9486 10.0000 -27.9557
v  331.2883 0.0000 -27.3105
v  330.6185 5.0000 -27.6331
v  331.2883 10.0000 -27.3105
v  332.5816 0.0000 -26.6033
v  331.9350 5.0000 -26.9569
v  332.5816 10.0000 -26.6033
v  333.8285 0.0000 -25.8340
v  333.2051 5.0000 -26.2187
v  333.8285 10.0000 -25.8340
v  335.0290 0.0000 -25.0028
v  334.4288 5.0000 -25.4184
v  335.0290 10.0000 -25.0028
v  336.1831 0.0000 -24.1096
v  335.6061 5.0000 -24.5562
v  336.1831 10.0000 -24.1096
v  337.2908 0.0000 -23.1545
v  336.7370 5.0000 -23.6320
v  337.2908 10.0000 -23.1545
v  338.3521 0.0000 -22.1373
v  337.8215 5.0000 -22.6459
v  338.3521 10.0000 -22.1373
v  337.0444 0.0000 -21.5258
v  337.6982 5.0000 -21.8316
v  337.0444 10.0000 -21.5258
v  335.8904 0.0000 -20.7893
v  336.4674 5.0000 -21.1576
v  335.8904 10.0000 -20.7893
v  334.8904 0.0000 -19.9278
v  335.3904 5.0000 -20.3585
v  334.8904 10.0000 -19.9278
v  334.0442 0.0000 -18.9412
v  334.4673 5.0000 -19.4345
v  334.0442 10.0000 -18.9412
v  333.3518 0.0000 -17.8296
v  333.6980 5.0000 -18.3854
v  333.3518 10.0000 -17.8296
v  332.8134 0.0000 -16.5929
v  333.0826 5.0000 -17.2112
v  332.8134 10.0000 -16.5929
v  332.4287 0.0000 -15.2312
v  332.6210 5.0000 -15.9121
v  332.4287 10.0000 -15.2312
v  332.1979 0.0000 -13.7445
v  332.3133 5.0000 -14.4879
v  332.1979 10.0000 -13.7445
v  332.1210 0.0000 -12.1327
v  332.1595 5.0000 -12.9386
v  332.1210 10.0000 -12.1327
v  332.1210 0.0000 -0.0201
v  332.1210 5.0000 -6.0764
v  332.1210 10.0000 -0.0201
v  332.2416 0.0000 2.2818
v  332.1813 5.0000 1.1308
v  332.2416 10.0000 2.2818
v  332.6035 0.0000 4.3129
v  332.4225 5.0000 3.2974
v  332.6035 10.0000 4.3129
v  333.2066 0.0000 6.0732
v  332.9050 5.0000 5.1931
v  333.2066 10.0000 6.0732
v  334.0510 0.0000 7.5627
v  333.6288 5.0000 6.8179
v  334.0510 10.0000 7.5627
v  335.1366 0.0000 8.7814
v  334.5938 5.0000 8.1720
v  335.1366 10.0000 8.7814
v  336.4635 0.0000 9.7292
v  335.8000 5.0000 9.2553
v  336.4635 10.0000 9.7292
v  338.0316 0.0000 10.4062
v  337.2475 5.0000 10.0677
v  338.0316 10.0000 10.4062
v  339.8409 0.0000 10.8125
v  338.9363 5.0000 10.6094
v  339.8409 10.0000 10.8125
v  341.8916 0.0000 10.9479
v  340.8663 5.0000 10.8802
v  341.8916 10.0000 10.9479
v  343.7268 0.0000 10.8380
v  342.8092 5.0000 10.8929
v  343.7268 10.0000 10.8380
v  345.3461 0.0000 10.5082
v  344.5364 5.0000 10.6731
v  345.3461 10.0000 10.5082
v  346.7495 0.0000 9.9587
v  346.0478 5.0000 10.2335
v  346.7495 10.0000 9.9587
v  347.9370 0.0000 9.1893
v  347.3432 5.0000 9.5740
v  347.9370 10.0000 9.1893
v  348.9085 0.0000 8.2001
v  348.4228 5.0000 8.6947
v  348.9085 10.0000 8.2001
v  349.6642 0.0000 6.9911
v  349.2864 5.0000 7.5956
v  349.6642 10.0000 6.9911
v  350.2040 0.0000 5.5623
v  349.9341 5.0000 6.2767
v  350.2040 10.0000 5.5623
v  350.5278 0.0000 3.9136
v  350.3659 5.0000 4.7380
v  350.5278 10.0000 3.9136
v  350.6358 0.0000 2.0452
v  350.5818 5.0000 2.9794
v  350.6358 10.0000 2.0452
v  350.5285 0.0000 0.3657
v  350.5822 5.0000 1.2054
v  350.5285 10.0000 0.3657
v  350.2065 0.0000 -1.1162
v  350.3675 5.0000 -0.3752
v  350.2065 10.0000 -1.1162
v  349.6698 0.0000 -2.4005
v  349.9381 5.0000 -1.7583
v  349.6698 10.0000 -2.4005
v  348.9185 0.0000 -3.4872
v  349.2942 5.0000 -2.9438
v  348.9185 10.0000 -3.4872
v  347.9525 0.0000 -4.3763
v  348.4355 5.0000 -3.9317
v  347.9525 10.0000 -4.3763
v  346.7719 0.0000 -5.0678
v  347.3622 5.0000 -4.7221
v  346.7719 10.0000 -5.0678
v  345.3765 0.0000 -5.5618
v  346.0742 5.0000 -5.3148
v  345.3765 10.0000 -5.5618
v  343.7665 0.0000 -5.8582
v  344.5715 5.0000 -5.7100
v  343.7665 10.0000 -5.8582
v  341.9419 0.0000 -5.9570
v  342.8542 5.0000 -5.9076
v  341.9419 10.0000 -5.9570
v  341.9419 0.0000 -12.1000
v  341.9419 5.0000 -9.0285
v  341.9419 10.0000 -12.1000
v  341.9760 0.0000 -13.0843
v  341.9589 5.0000 -12.5922
v  341.9760 10.0000 -13.0843
v  342.0783 0.0000 -14.0292
v  342.0272 5.0000 -13.5567
v  342.0783 10.0000 -14.0292
v  342.2488 0.0000 -14.9346
v  342.1635 5.0000 -14.4819
v  342.2488 10.0000 -14.9346
v  342.4875 0.0000 -15.8005
v  342.3681 5.0000 -15.3675
v  342.4875 10.0000 -15.8005
v  342.7944 0.0000 -16.6270
v  342.6409 5.0000 -16.2138
v  342.7944 10.0000 -16.6270
v  343.1695 0.0000 -17.4141
v  342.9819 5.0000 -17.0206
v  343.1695 10.0000 -17.4141
v  343.6128 0.0000 -18.1617
v  343.3912 5.0000 -17.7879
v  343.6128 10.0000 -18.1617
v  344.1243 0.0000 -18.8699
v  343.8686 5.0000 -18.5158
v  344.1243 10.0000 -18.8699
v  344.7040 0.0000 -19.5387
v  344.4142 5.0000 -19.2043
v  344.7040 10.0000 -19.5387
v  345.3030 0.0000 -20.1516
v  345.0035 5.0000 -19.8452
v  345.3030 10.0000 -20.1516
v  345.8723 0.0000 -20.6925
v  345.5876 5.0000 -20.4221
v  345.8723 10.0000 -20.6925
v  346.4118 0.0000 -21.1612
v  346.1420 5.0000 -20.9269
v  346.4118 10.0000 -21.1612
v  346.9217 0.0000 -21.5579
v  346.6668 5.0000 -21.3596
v  346.9217 10.0000 -21.5579
v  347.4019 0.0000 -21.8824
v  347.1618 5.0000 -21.7201
v  347.4019 10.0000 -21.8824
v  347.8524 0.0000 -22.1348
v  347.6272 5.0000 -22.0086
v  347.8524 10.0000 -22.1348
v  348.2733 0.0000 -22.3151
v  348.0628 5.0000 -22.2249
v  348.2733 10.0000 -22.3151
v  348.6644 0.0000 -22.4232
v  348.4688 5.0000 -22.3691
v  348.6644 10.0000 -22.4232
v  349.0258 0.0000 -22.4593
v  348.8451 5.0000 -22.4413
v  349.0258 10.0000 -22.4593
v  348.1809 0.0000 -23.4889
v  348.6034 5.0000 -22.9741
v  348.1809 10.0000 -23.4889
v  347.3077 0.0000 -24.4534
v  347.7444 5.0000 -23.9711
v  347.3077 10.0000 -24.4534
v  346.4063 0.0000 -25.3528
v  346.8570 5.0000 -24.9031
v  346.4063 10.0000 -25.3528
v  345.4764 0.0000 -26.1871
v  345.9413 5.0000 -25.7699
v  345.4764 10.0000 -26.1871
v  344.5182 0.0000 -26.9563
v  344.9973 5.0000 -26.5717
v  344.5182 10.0000 -26.9563
v  343.5317 0.0000 -27.6604
v  344.0250 5.0000 -27.3084
v  343.5317 10.0000 -27.6604
v  342.5169 0.0000 -28.2995
v  343.0244 5.0000 -27.9799
v  342.5169 10.0000 -28.2995
v  341.4738 0.0000 -28.8734
v  341.9954 5.0000 -28.5864
v  341.4738 10.0000 -28.8734
v  340.4023 0.0000 -29.3822
v  340.9381 5.0000 -29.1278
v  340.4023 10.0000 -29.3822
v  341.2257 0.0000 -30.0749
v  340.8140 5.0000 -29.7286
v  341.2257 10.0000 -30.0749
v  342.1149 0.0000 -30.6861
v  341.6703 5.0000 -30.3805
v  342.1149 10.0000 -30.6861
v  343.0700 0.0000 -31.2158
v  342.5925 5.0000 -30.9510
v  343.0700 10.0000 -31.2158
v  344.0909 0.0000 -31.6640
v  343.5804 5.0000 -31.4399
v  344.0909 10.0000 -31.6640
v  345.1776 0.0000 -32.0307
v  344.6343 5.0000 -31.8474
v  345.1776 10.0000 -32.0307
v  346.3302 0.0000 -32.3160
v  345.7539 5.0000 -32.1733
v  346.3302 10.0000 -32.3160
v  347.5486 0.0000 -32.5197
v  346.9394 5.0000 -32.4178
v  347.5486 10.0000 -32.5197
v  348.8329 0.0000 -32.6419
v  348.1908 5.0000 -32.5808
v  348.8329 10.0000 -32.6419
v  350.1830 0.0000 -32.6827
v  349.5079 5.0000 -32.6623
v  350.1830 10.0000 -32.6827
v  352.3054 0.0000 -32.5657
v  351.2442 5.0000 -32.6242
v  352.3054 10.0000 -32.5657
v  354.1781 0.0000 -32.2147
v  353.2418 5.0000 -32.3902
v  354.1781 10.0000 -32.2147
v  355.8011 0.0000 -31.6298
v  354.9897 5.0000 -31.9222
v  355.8011 10.0000 -31.6298
v  357.1745 0.0000 -30.8108
v  356.4878 5.0000 -31.2203
v  357.1745 10.0000 -30.8108
v  358.2981 0.0000 -29.7579
v  357.7363 5.0000 -30.2844
v  358.2981 10.0000 -29.7579
v  359.1721 0.0000 -28.4710
v  358.7351 5.0000 -29.1145
v  359.1721 10.0000 -28.4710
v  359.7963 0.0000 -26.9501
v  359.4842 5.0000 -27.7106
v  359.7963 10.0000 -26.9501
v  360.1708 0.0000 -25.1953
v  359.9836 5.0000 -26.0727
v  360.1708 10.0000 -25.1953
v  360.2957 0.0000 -23.2064
v  360.2333 5.0000 -24.2008
v  360.2957 10.0000 -23.2064
v  360.2957 0.0000 4.0249
v  360.2957 5.0000 -9.5907
v  360.2957 10.0000 4.0249
v  356.9147 0.0000 4.0249
v  358.6052 5.0000 4.0249
v  356.9147 10.0000 4.0249
v  356.9147 5.0000 7.4059
v  343.4426 0.0000 -1.2379
v  344.1096 0.0000 -1.0877
v  343.7761 5.0000 -1.1628
v  344.1096 10.0000 -1.0877
v  343.4426 10.0000 -1.2379
v  344.6878 0.0000 -0.8374
v  344.3987 5.0000 -0.9626
v  344.6878 10.0000 -0.8374
v  345.1770 0.0000 -0.4870
v  344.9324 5.0000 -0.6622
v  345.1770 10.0000 -0.4870
v  345.5773 0.0000 -0.0364
v  345.3771 5.0000 -0.2617
v  345.5773 10.0000 -0.0364
v  345.8886 0.0000 0.5143
v  345.7329 5.0000 0.2389
v  345.8886 10.0000 0.5143
v  346.1110 0.0000 1.1651
v  345.9998 5.0000 0.8397
v  346.1110 10.0000 1.1651
v  346.2444 0.0000 1.9161
v  346.1777 5.0000 1.5406
v  346.2444 10.0000 1.9161
v  346.2888 0.0000 2.7671
v  346.2666 5.0000 2.3416
v  346.2888 10.0000 2.7671
v  346.2444 0.0000 3.6056
v  346.2666 5.0000 3.1864
v  346.2444 10.0000 3.6056
v  346.1110 0.0000 4.3453
v  346.1777 5.0000 3.9754
v  346.1110 10.0000 4.3453
v  345.8886 0.0000 4.9865
v  345.9998 5.0000 4.6659
v  345.8886 10.0000 4.9865
v  345.5773 0.0000 5.5290
v  345.7329 5.0000 5.2577
v  345.5773 10.0000 5.5290
v  345.1770 0.0000 5.9728
v  345.3771 5.0000 5.7509
v  345.1770 10.0000 5.9728
v  344.6878 0.0000 6.3181
v  344.9324 5.0000 6.1454
v  344.6878 10.0000 6.3181
v  344.1096 0.0000 6.5646
v  344.3987 5.0000 6.4414
v  344.1096 10.0000 6.5646
v  343.4426 0.0000 6.7126
v  343.7761 5.0000 6.6386
v  343.4426 10.0000 6.7126
v  342.6865 0.0000 6.7619
v  343.0645 5.0000 6.7373
v  342.6865 10.0000 6.7619
v  341.9558 0.0000 6.7126
v  342.3212 5.0000 6.7373
v  341.9558 10.0000 6.7126
v  341.3111 0.0000 6.5646
v  341.6334 5.0000 6.6386
v  341.3111 10.0000 6.5646
v  340.7523 0.0000 6.3181
v  341.0317 5.0000 6.4414
v  340.7523 10.0000 6.3181
v  340.2795 0.0000 5.9728
v  340.5159 5.0000 6.1454
v  340.2795 10.0000 5.9728
v  339.8926 0.0000 5.5290
v  340.0861 5.0000 5.7509
v  339.8926 10.0000 5.5290
v  339.5918 0.0000 4.9865
v  339.7422 5.0000 5.2577
v  339.5918 10.0000 4.9865
v  339.3768 0.0000 4.3453
v  339.4843 5.0000 4.6659
v  339.3768 10.0000 4.3453
v  339.2479 0.0000 3.6056
v  339.3124 5.0000 3.9754
v  339.2479 10.0000 3.6056
v  339.2049 0.0000 2.7671
v  339.2264 5.0000 3.1864
v  339.2049 10.0000 2.7671
v  339.2479 0.0000 1.9161
v  339.2264 5.0000 2.3416
v  339.2479 10.0000 1.9161
v  339.3768 0.0000 1.1651
v  339.3124 5.0000 1.5406
v  339.3768 10.0000 1.1651
v  339.5918 0.0000 0.5143
v  339.4843 5.0000 0.8397
v  339.5918 10.0000 0.5143
v  339.8926 0.0000 -0.0364
v  339.7422 5.0000 0.2389
v  339.8926 10.0000 -0.0364
v  340.2795 0.0000 -0.4870
v  340.0861 5.0000 -0.2617
v  340.2795 10.0000 -0.4870
v  340.7523 0.0000 -0.8374
v  340.5159 5.0000 -0.6622
v  340.7523 10.0000 -0.8374
v  341.3111 0.0000 -1.0877
v  341.0317 5.0000 -0.9626
v  341.3111 10.0000 -1.0877
v  341.9558 0.0000 -1.2379
v  341.6334 5.0000 -1.1628
v  341.9558 10.0000 -1.2379
v  342.6865 0.0000 -1.2880
v  342.3212 5.0000 -1.2630
v  342.6865 10.0000 -1.2880
v  343.0645 5.0000 -1.2630
v  380.0656 0.0000 18.1772
v  379.9668 0.0000 19.5255
v  380.0162 5.0000 18.8513
v  379.9668 10.0000 19.5255
v  380.0656 10.0000 18.1772
v  379.8021 0.0000 20.7889
v  379.8844 5.0000 20.1572
v  379.8021 10.0000 20.7889
v  379.5715 0.0000 21.9673
v  379.6868 5.0000 21.3781
v  379.5715 10.0000 21.9673
v  379.2751 0.0000 23.0608
v  379.4233 5.0000 22.5140
v  379.2751 10.0000 23.0608
v  378.9128 0.0000 24.0692
v  379.0940 5.0000 23.5650
v  378.9128 10.0000 24.0692
v  378.4846 0.0000 24.9928
v  378.6987 5.0000 24.5310
v  378.4846 10.0000 24.9928
v  377.9906 0.0000 25.8313
v  378.2376 5.0000 25.4120
v  377.9906 10.0000 25.8313
v  377.4307 0.0000 26.5848
v  377.7107 5.0000 26.2081
v  377.4307 10.0000 26.5848
v  376.8266 0.0000 27.2564
v  377.1287 5.0000 26.9206
v  376.8266 10.0000 27.2564
v  376.2001 0.0000 27.8490
v  376.5134 5.0000 27.5527
v  376.2001 10.0000 27.8490
v  375.5511 0.0000 28.3625
v  375.8756 5.0000 28.1058
v  375.5511 10.0000 28.3625
v  374.8797 0.0000 28.7971
v  375.2154 5.0000 28.5798
v  374.8797 10.0000 28.7971
v  374.1858 0.0000 29.1526
v  374.5328 5.0000 28.9749
v  374.1858 10.0000 29.1526
v  373.4695 0.0000 29.4291
v  373.8276 5.0000 29.2909
v  373.4695 10.0000 29.4291
v  372.7307 0.0000 29.6267
v  373.1001 5.0000 29.5279
v  372.7307 10.0000 29.6267
v  371.9694 0.0000 29.7452
v  372.3501 5.0000 29.6859
v  371.9694 10.0000 29.7452
v  371.1857 0.0000 29.7847
v  371.5776 5.0000 29.7649
v  371.1857 10.0000 29.7847
v  370.6930 0.0000 29.7787
v  370.9394 5.0000 29.7817
v  370.6930 10.0000 29.7787
v  370.1853 0.0000 29.7608
v  370.4392 5.0000 29.7698
v  370.1853 10.0000 29.7608
v  369.6627 0.0000 29.7310
v  369.9240 5.0000 29.7459
v  369.6627 10.0000 29.7310
v  369.1251 0.0000 29.6893
v  369.3939 5.0000 29.7102
v  369.1251 10.0000 29.6893
v  368.5724 0.0000 29.6356
v  368.8488 5.0000 29.6624
v  368.5724 10.0000 29.6356
v  368.0049 0.0000 29.5700
v  368.2887 5.0000 29.6028
v  368.0049 10.0000 29.5700
v  367.4224 0.0000 29.4925
v  367.7136 5.0000 29.5313
v  367.4224 10.0000 29.4925
v  366.8249 0.0000 29.4031
v  367.1236 5.0000 29.4478
v  366.8249 10.0000 29.4031
v  366.2124 0.0000 29.3017
v  366.5186 5.0000 29.3524
v  366.2124 10.0000 29.3017
v  366.9304 0.0000 28.8873
v  366.5714 5.0000 29.0945
v  366.9304 10.0000 28.8873
v  367.5640 0.0000 28.4222
v  367.2472 5.0000 28.6547
v  367.5640 10.0000 28.4222
v  368.1131 0.0000 27.9064
v  367.8385 5.0000 28.1643
v  368.1131 10.0000 27.9064
v  368.5777 0.0000 27.3399
v  368.3454 5.0000 27.6231
v  368.5777 10.0000 27.3399
v  368.9578 0.0000 26.7227
v  368.7677 5.0000 27.0313
v  368.9578 10.0000 26.7227
v  369.2535 0.0000 26.0549
v  369.1057 5.0000 26.3888
v  369.2535 10.0000 26.0549
v  369.4647 0.0000 25.3364
v  369.3591 5.0000 25.6956
v  369.4647 10.0000 25.3364
v  369.5914 0.0000 24.5672
v  369.5280 5.0000 24.9518
v  369.5914 10.0000 24.5672
v  369.6336 0.0000 23.7472
v  369.6125 5.0000 24.1572
v  369.6336 10.0000 23.7472
v  369.5404 0.0000 22.1760
v  369.5870 5.0000 22.9616
v  369.5404 10.0000 22.1760
v  369.2609 0.0000 20.7896
v  369.4007 5.0000 21.4828
v  369.2609 10.0000 20.7896
v  368.7951 0.0000 19.5881
v  369.0280 5.0000 20.1889
v  368.7951 10.0000 19.5881
v  368.1429 0.0000 18.5714
v  368.4690 5.0000 19.0798
v  368.1429 10.0000 18.5714
v  367.3044 0.0000 17.7396
v  367.7236 5.0000 18.1555
v  367.3044 10.0000 17.7396
v  366.2795 0.0000 17.0926
v  366.7919 5.0000 17.4161
v  366.2795 10.0000 17.0926
v  365.0683 0.0000 16.6305
v  365.6739 5.0000 16.8616
v  365.0683 10.0000 16.6305
v  363.6707 0.0000 16.3533
v  364.3695 5.0000 16.4919
v  363.6707 10.0000 16.3533
v  362.0868 0.0000 16.2608
v  362.8788 5.0000 16.3070
v  362.0868 10.0000 16.2608
v  360.4269 0.0000 16.3727
v  361.2568 5.0000 16.3168
v  360.4269 10.0000 16.3727
v  358.9622 0.0000 16.7084
v  359.6946 5.0000 16.5406
v  358.9622 10.0000 16.7084
v  357.6929 0.0000 17.2679
v  358.3276 5.0000 16.9882
v  357.6929 10.0000 17.2679
v  356.6188 0.0000 18.0512
v  357.1559 5.0000 17.6595
v  356.6188 10.0000 18.0512
v  355.7401 0.0000 19.0583
v  356.1794 5.0000 18.5547
v  355.7401 10.0000 19.0583
v  355.0565 0.0000 20.2891
v  355.3983 5.0000 19.6737
v  355.0565 10.0000 20.2891
v  354.5683 0.0000 21.7438
v  354.8124 5.0000 21.0165
v  354.5683 10.0000 21.7438
v  354.2754 0.0000 23.4223
v  354.4219 5.0000 22.5830
v  354.2754 10.0000 23.4223
v  354.1778 0.0000 25.3245
v  354.2266 5.0000 24.3734
v  354.1778 10.0000 25.3245
v  354.2356 0.0000 26.3503
v  354.2067 5.0000 25.8374
v  354.2356 10.0000 26.3503
v  354.4089 0.0000 27.3191
v  354.3223 5.0000 26.8347
v  354.4089 10.0000 27.3191
v  354.6979 0.0000 28.2307
v  354.5534 5.0000 27.7749
v  354.6979 10.0000 28.2307
v  355.1025 0.0000 29.0854
v  354.9002 5.0000 28.6581
v  355.1025 10.0000 29.0854
v  355.6227 0.0000 29.8830
v  355.3626 5.0000 29.4842
v  355.6227 10.0000 29.8830
v  356.2585 0.0000 30.6235
v  355.9406 5.0000 30.2532
v  356.2585 10.0000 30.6235
v  357.0098 0.0000 31.3070
v  356.6341 5.0000 30.9652
v  357.0098 10.0000 31.3070
v  357.8767 0.0000 31.9334
v  357.4433 5.0000 31.6202
v  357.8767 10.0000 31.9334
v  358.8593 0.0000 32.5028
v  358.3680 5.0000 32.2181
v  358.8593 10.0000 32.5028
v  359.9105 0.0000 33.0136
v  359.3849 5.0000 32.7582
v  359.9105 10.0000 33.0136
v  360.9832 0.0000 33.4643
v  360.4468 5.0000 33.2390
v  360.9832 10.0000 33.4643
v  362.0776 0.0000 33.8549
v  361.5304 5.0000 33.6596
v  362.0776 10.0000 33.8549
v  363.1936 0.0000 34.1854
v  362.6356 5.0000 34.0202
v  363.1936 10.0000 34.1854
v  364.3312 0.0000 34.4559
v  363.7624 5.0000 34.3207
v  364.3312 10.0000 34.4559
v  365.4904 0.0000 34.6662
v  364.9108 5.0000 34.5610
v  365.4904 10.0000 34.6662
v  366.6713 0.0000 34.8164
v  366.0808 5.0000 34.7413
v  366.6713 10.0000 34.8164
v  367.8737 0.0000 34.9066
v  367.2725 5.0000 34.8615
v  367.8737 10.0000 34.9066
v  369.0978 0.0000 34.9366
v  368.4857 5.0000 34.9216
v  369.0978 10.0000 34.9366
v  370.8192 0.0000 34.8828
v  369.9585 5.0000 34.9097
v  370.8192 10.0000 34.8828
v  372.4929 0.0000 34.7211
v  371.6560 5.0000 34.8019
v  372.4929 10.0000 34.7211
v  374.1188 0.0000 34.4517
v  373.3058 5.0000 34.5864
v  374.1188 10.0000 34.4517
v  375.6970 0.0000 34.0745
v  374.9079 5.0000 34.2631
v  375.6970 10.0000 34.0745
v  377.2274 0.0000 33.5896
v  376.4622 5.0000 33.8320
v  377.2274 10.0000 33.5896
v  378.7102 0.0000 32.9968
v  377.9688 5.0000 33.2932
v  378.7102 10.0000 32.9968
v  380.1452 0.0000 32.2963
v  379.4277 5.0000 32.6466
v  380.1452 10.0000 32.2963
v  381.5324 0.0000 31.4881
v  380.8388 5.0000 31.8922
v  381.5324 10.0000 31.4881
v  382.8719 0.0000 30.5721
v  382.2022 5.0000 31.0301
v  382.8719 10.0000 30.5721
v  384.1145 0.0000 29.5392
v  383.4932 5.0000 30.0556
v  384.1145 10.0000 29.5392
v  385.2109 0.0000 28.3805
v  384.6627 5.0000 28.9598
v  385.2109 10.0000 28.3805
v  386.1611 0.0000 27.0958
v  385.6860 5.0000 27.7381
v  386.1611 10.0000 27.0958
v  386.9651 0.0000 25.6852
v  386.5631 5.0000 26.3905
v  386.9651 10.0000 25.6852
v  387.6229 0.0000 24.1488
v  387.2940 5.0000 24.9170
v  387.6229 10.0000 24.1488
v  388.1346 0.0000 22.4864
v  387.8788 5.0000 23.3176
v  388.1346 10.0000 22.4864
v  388.5001 0.0000 20.6981
v  388.3173 5.0000 21.5922
v  388.5001 10.0000 20.6981
v  388.7193 0.0000 18.7839
v  388.6097 5.0000 19.7410
v  388.7193 10.0000 18.7839
v  388.7924 0.0000 16.7438
v  388.7559 5.0000 17.7639
v  388.7924 10.0000 16.7438
v  380.0985 0.0000 16.7438
v  384.4455 5.0000 16.7438
v  380.0985 10.0000 16.7438
v  380.0820 5.0000 17.4605
v  362.8339 0.0000 20.4887
v  363.4843 0.0000 20.6144
v  363.1591 5.0000 20.5515
v  363.4843 10.0000 20.6144
v  362.8339 10.0000 20.4887
v  364.0479 0.0000 20.8238
v  363.7661 5.0000 20.7191
v  364.0479 10.0000 20.8238
v  364.5248 0.0000 21.1171
v  364.2863 5.0000 20.9705
v  364.5248 10.0000 21.1171
v  364.9150 0.0000 21.4942
v  364.7199 5.0000 21.3056
v  364.9150 10.0000 21.4942
v  365.2185 0.0000 21.9550
v  365.0667 5.0000 21.7246
v  365.2185 10.0000 21.9550
v  365.4352 0.0000 22.4997
v  365.3268 5.0000 22.2273
v  365.4352 10.0000 22.4997
v  365.5653 0.0000 23.1281
v  365.5003 5.0000 22.8139
v  365.5653 10.0000 23.1281
v  365.6086 0.0000 23.8403
v  365.5870 5.0000 23.4842
v  365.6086 10.0000 23.8403
v  365.5638 0.0000 24.6149
v  365.5862 5.0000 24.2276
v  365.5638 10.0000 24.6149
v  365.4293 0.0000 25.2983
v  365.4965 5.0000 24.9566
v  365.4293 10.0000 25.2983
v  365.2050 0.0000 25.8905
v  365.3171 5.0000 25.5944
v  365.2050 10.0000 25.8905
v  364.8911 0.0000 26.3917
v  365.0481 5.0000 26.1411
v  364.8911 10.0000 26.3917
v  364.4875 0.0000 26.8018
v  364.6893 5.0000 26.5967
v  364.4875 10.0000 26.8018
v  363.9942 0.0000 27.1207
v  364.2408 5.0000 26.9612
v  363.9942 10.0000 27.1207
v  363.4112 0.0000 27.3485
v  363.7027 5.0000 27.2346
v  363.4112 10.0000 27.3485
v  362.7385 0.0000 27.4852
v  363.0749 5.0000 27.4168
v  362.7385 10.0000 27.4852
v  361.9761 0.0000 27.5307
v  362.3573 5.0000 27.5079
v  361.9761 10.0000 27.5307
v  361.2518 0.0000 27.4881
v  361.6140 5.0000 27.5094
v  361.2518 10.0000 27.4881
v  360.6126 0.0000 27.3601
v  360.9322 5.0000 27.4241
v  360.6126 10.0000 27.3601
v  360.0587 0.0000 27.1469
v  360.3356 5.0000 27.2535
v  360.0587 10.0000 27.1469
v  359.5900 0.0000 26.8485
v  359.8243 5.0000 26.9977
v  359.5900 10.0000 26.8485
v  359.2065 0.0000 26.4647
v  359.3982 5.0000 26.6566
v  359.2065 10.0000 26.4647
v  358.9082 0.0000 25.9956
v  359.0573 5.0000 26.2302
v  358.9082 10.0000 25.9956
v  358.6952 0.0000 25.4413
v  358.8017 5.0000 25.7185
v  358.6952 10.0000 25.4413
v  358.5673 0.0000 24.8017
v  358.6313 5.0000 25.1215
v  358.5673 10.0000 24.8017
v  358.5247 0.0000 24.0768
v  358.5460 5.0000 24.4392
v  358.5247 10.0000 24.0768
v  358.5688 0.0000 23.3149
v  358.5468 5.0000 23.6959
v  358.5688 10.0000 23.3149
v  358.7011 0.0000 22.6427
v  358.6350 5.0000 22.9788
v  358.7011 10.0000 22.6427
v  358.9216 0.0000 22.0601
v  358.8114 5.0000 22.3514
v  358.9216 10.0000 22.0601
v  359.2303 0.0000 21.5672
v  359.0760 5.0000 21.8136
v  359.2303 10.0000 21.5672
v  359.6272 0.0000 21.1638
v  359.4288 5.0000 21.3655
v  359.6272 10.0000 21.1638
v  360.1124 0.0000 20.8501
v  359.8698 5.0000 21.0070
v  360.1124 10.0000 20.8501
v  360.6857 0.0000 20.6260
v  360.3990 5.0000 20.7381
v  360.6857 10.0000 20.6260
v  361.3472 0.0000 20.4916
v  361.0164 5.0000 20.5588
v  361.3472 10.0000 20.4916
v  362.0969 0.0000 20.4468
v  361.7220 5.0000 20.4692
v  362.0969 10.0000 20.4468
v  362.4654 5.0000 20.4677
v  343.1758 0.0000 -20.9938
v  364.5392 0.0000 27.9236
v  342.9321 10.0000 -25.4416
v  384.4189 10.0000 17.6122
v  348.6237 0.0000 -22.7905
v  342.7864 0.0000 -20.6092
v  342.3935 0.0000 -20.1820
v  342.0297 0.0000 -19.7230
v  341.7115 0.0000 -19.2377
v  341.4387 0.0000 -18.7261
v  341.2113 0.0000 -18.1883
v  341.0295 0.0000 -17.6241
v  340.8931 0.0000 -17.0337
v  340.8021 0.0000 -16.4169
v  340.7567 0.0000 -15.7739
v  340.7453 0.0000 -13.3981
v  340.8902 0.0000 -7.6050
v  340.1385 0.0000 -8.0208
v  339.7946 0.0000 -7.8206
v  339.5081 0.0000 -7.5536
v  339.2788 0.0000 -7.2198
v  339.1069 0.0000 -6.8193
v  338.9923 0.0000 -6.3520
v  334.7107 0.0000 -12.2791
v  335.8245 0.0000 3.2419
v  336.1087 0.0000 4.5843
v  336.5565 0.0000 5.7419
v  337.0271 0.0000 7.3177
v  338.6668 0.0000 7.9093
v  339.7261 0.0000 8.3774
v  340.6348 0.0000 7.8984
v  341.2498 0.0000 8.7594
v  342.5652 0.0000 8.8151
v  343.2853 0.0000 8.1042
v  344.1563 0.0000 8.6559
v  345.2233 0.0000 8.3374
v  346.1378 0.0000 7.8597
v  346.9000 0.0000 7.2228
v  347.5096 0.0000 6.4267
v  347.9669 0.0000 5.4713
v  348.2718 0.0000 4.3567
v  348.4242 0.0000 3.0829
v  347.7230 0.0000 2.2428
v  348.3799 0.0000 1.3730
v  348.1836 0.0000 0.2322
v  347.8355 0.0000 -0.7597
v  347.4590 0.0000 -2.1575
v  346.1473 0.0000 -2.6921
v  345.2365 0.0000 -3.1387
v  344.1738 0.0000 -3.4364
v  342.9594 0.0000 -3.5853
v  342.1947 0.0000 -2.8276
v  365.2061 0.0000 -9.6549
v  348.3729 0.0000 -22.7424
v  347.9036 0.0000 -23.0980
v  347.5207 0.0000 -22.8235
v  347.0094 0.0000 -23.3116
v  346.5799 0.0000 -22.6906
v  343.3752 0.0000 -24.6224
v  337.4719 0.0000 -30.9269
v  366.9088 0.0000 6.2789
v  365.1129 0.0000 -24.6367
v  364.7400 0.0000 -27.0874
v  363.9940 0.0000 -29.2318
v  363.0829 0.0000 -32.0101
v  360.1427 0.0000 -33.3590
v  358.0298 0.0000 -34.3951
v  355.5439 0.0000 -35.1247
v  353.5736 0.0000 -34.4639
v  351.6863 0.0000 -35.6651
v  349.6784 0.0000 -34.7084
v  348.2819 0.0000 -35.6607
v  346.8685 0.0000 -34.5053
v  345.4639 0.0000 -35.3367
v  344.2966 0.0000 -34.0048
v  343.5940 0.0000 -33.7331
v  342.9354 0.0000 -33.4072
v  342.3206 0.0000 -33.0269
v  341.7498 0.0000 -32.5922
v  340.4210 0.0000 -27.4274
v  339.6401 0.0000 -30.5369
v  377.9570 0.0000 6.2643
v  378.4496 0.0000 6.2060
v  378.8806 0.0000 6.0893
v  380.4467 0.0000 7.8309
v  382.7026 0.0000 8.3090
v  384.5198 0.0000 6.5368
v  384.6572 0.0000 4.3998
v  385.1297 0.0000 2.9362
v  384.4065 0.0000 1.4633
v  386.1351 0.0000 -12.7990
v  335.5648 0.0000 -30.8769
v  333.7281 0.0000 -30.6758
v  332.3144 0.0000 -29.4618
v  331.3038 0.0000 -30.6615
v  329.5849 0.0000 -30.1269
v  328.2054 0.0000 -29.5679
v  364.8980 0.0000 27.7414
v  365.1970 0.0000 27.4984
v  365.4362 0.0000 27.1946
v  365.6156 0.0000 26.8302
v  365.7352 0.0000 26.4049
v  367.9559 0.0000 26.3951
v  367.5870 0.0000 23.2229
v  367.4505 0.0000 22.1484
v  367.1774 0.0000 21.2081
v  366.7679 0.0000 20.4022
v  366.2217 0.0000 19.7306
v  365.5391 0.0000 19.1933
v  364.7200 0.0000 18.7903
v  363.7643 0.0000 18.5217
v  362.6721 0.0000 18.3874
v  361.4894 0.0000 18.3930
v  360.3555 0.0000 18.5497
v  359.3633 0.0000 18.8631
v  358.5128 0.0000 19.3333
v  357.8041 0.0000 19.9601
v  357.2371 0.0000 20.7437
v  356.8119 0.0000 21.6839
v  356.5284 0.0000 22.7809
v  357.1230 0.0000 23.6047
v  356.3863 0.0000 24.4063
v  356.4189 0.0000 25.4795
v  356.1892 0.0000 26.6674
v  356.7076 0.0000 27.9319
v  357.6694 0.0000 28.4549
v  358.1587 0.0000 29.5719
v  359.3518 0.0000 29.7358
v  360.3235 0.0000 30.7658
v  361.5722 0.0000 30.5845
v  362.4965 0.0000 30.7641
v  363.9774 0.0000 30.5553
v  365.7147 0.0000 31.9567
v  366.6022 0.0000 32.0946
v  367.4931 0.0000 32.1964
v  368.1504 0.0000 31.3707
v  368.6673 0.0000 32.2920
v  369.2952 0.0000 31.4523
v  369.6486 0.0000 31.4762
v  370.1988 0.0000 32.3397
v  370.8993 0.0000 31.4821
v  371.6168 0.0000 32.2834
v  372.8279 0.0000 32.1362
v  374.0040 0.0000 31.8955
v  374.4507 0.0000 30.8854
v  375.4975 0.0000 31.4034
v  376.5921 0.0000 30.9365
v  377.6516 0.0000 30.3762
v  377.7240 0.0000 29.1339
v  378.9837 0.0000 29.4064
v  379.9564 0.0000 28.6191
v  381.7345 0.0000 27.8632
v  382.1924 0.0000 26.1346
v  382.8286 0.0000 24.9778
v  383.3587 0.0000 23.7155
v  383.7828 0.0000 22.3478
v  384.1009 0.0000 20.8747
v  384.3129 0.0000 19.2962
v  384.4189 0.0000 17.6122
v  340.8902 10.0000 -7.6050
v  342.1947 10.0000 -2.8276
v  346.5799 10.0000 -22.6906
v  328.2054 10.0000 -29.5679
v  341.7498 10.0000 -32.5922
v  329.5849 10.0000 -30.1269
v  331.3038 10.0000 -30.6615
v  332.3144 10.0000 -29.4618
v  333.7281 10.0000 -30.6758
v  335.5648 10.0000 -30.8769
v  337.4719 10.0000 -30.9269
v  339.6401 10.0000 -30.5369
v  342.3206 10.0000 -33.0269
v  342.9354 10.0000 -33.4072
v  343.5940 10.0000 -33.7331
v  344.2966 10.0000 -34.0048
v  345.4639 10.0000 -35.3367
v  346.8685 10.0000 -34.5053
v  348.2819 10.0000 -35.6607
v  349.6784 10.0000 -34.7084
v  351.6863 10.0000 -35.6651
v  353.5736 10.0000 -34.4639
v  355.5439 10.0000 -35.1247
v  358.0298 10.0000 -34.3951
v  360.1427 10.0000 -33.3590
v  363.0829 10.0000 -32.0101
v  363.9940 10.0000 -29.2318
v  364.7400 10.0000 -27.0874
v  365.1129 10.0000 -24.6367
v  386.1351 10.0000 -12.7990
v  363.8654 10.0000 7.4059
v  384.4065 10.0000 1.4633
v  385.1297 10.0000 2.9362
v  384.6573 10.0000 4.3998
v  384.5198 10.0000 6.5368
v  382.7026 10.0000 8.3090
v  380.4467 10.0000 7.8309
v  378.8806 10.0000 6.0893
v  378.4496 10.0000 6.2060
v  377.9570 10.0000 6.2643
v  371.9058 10.0000 5.7154
v  365.2061 10.0000 -9.6549
v  347.0094 10.0000 -23.3116
v  347.5207 10.0000 -22.8235
v  347.9036 10.0000 -23.0980
v  348.3729 10.0000 -22.7424
v  348.6237 10.0000 -22.7905
v  342.9594 10.0000 -3.5853
v  344.1738 10.0000 -3.4364
v  345.2365 10.0000 -3.1387
v  346.1473 10.0000 -2.6921
v  347.4590 10.0000 -2.1575
v  347.8355 10.0000 -0.7597
v  348.1836 10.0000 0.2322
v  348.3799 10.0000 1.3730
v  347.7230 10.0000 2.2428
v  348.4242 10.0000 3.0829
v  348.2718 10.0000 4.3567
v  347.9669 10.0000 5.4713
v  347.5096 10.0000 6.4267
v  346.9000 10.0000 7.2228
v  346.1378 10.0000 7.8597
v  345.2233 10.0000 8.3374
v  344.1563 10.0000 8.6559
v  343.2853 10.0000 8.1042
v  342.5652 10.0000 8.8151
v  341.2498 10.0000 8.7594
v  340.6348 10.0000 7.8984
v  339.7261 10.0000 8.3774
v  338.6668 10.0000 7.9093
v  337.0271 10.0000 7.3177
v  336.5565 10.0000 5.7419
v  336.1087 10.0000 4.5842
v  335.8245 10.0000 3.2419
v  334.7107 10.0000 -12.2791
v  338.9923 10.0000 -6.3520
v  339.1069 10.0000 -6.8193
v  339.2788 10.0000 -7.2198
v  339.5081 10.0000 -7.5536
v  339.7946 10.0000 -7.8206
v  340.1385 10.0000 -8.0208
v  340.7453 10.0000 -13.3981
v  340.7567 10.0000 -15.7739
v  340.8021 10.0000 -16.4169
v  340.8931 10.0000 -17.0337
v  341.0295 10.0000 -17.6241
v  341.2113 10.0000 -18.1883
v  341.4387 10.0000 -18.7261
v  341.7115 10.0000 -19.2377
v  342.0297 10.0000 -19.7230
v  342.3935 10.0000 -20.1820
v  342.7864 10.0000 -20.6092
v  343.1758 10.0000 -20.9938
v  384.3129 10.0000 19.2962
v  384.1009 10.0000 20.8747
v  383.7828 10.0000 22.3478
v  383.3587 10.0000 23.7155
v  382.8286 10.0000 24.9778
v  382.1924 10.0000 26.1346
v  381.7345 10.0000 27.8632
v  379.9564 10.0000 28.6191
v  378.9837 10.0000 29.4064
v  377.7240 10.0000 29.1339
v  377.6516 10.0000 30.3762
v  376.5921 10.0000 30.9365
v  375.4975 10.0000 31.4034
v  374.4507 10.0000 30.8854
v  374.0040 10.0000 31.8955
v  372.8279 10.0000 32.1362
v  371.6168 10.0000 32.2834
v  370.8993 10.0000 31.4821
v  370.1988 10.0000 32.3397
v  369.6486 10.0000 31.4762
v  369.2952 10.0000 31.4523
v  368.6672 10.0000 32.2920
v  368.1504 10.0000 31.3707
v  367.4931 10.0000 32.1964
v  366.6022 10.0000 32.0946
v  365.7147 10.0000 31.9567
v  364.5393 10.0000 27.9236
v  363.9774 10.0000 30.5553
v  362.4965 10.0000 30.7641
v  361.5722 10.0000 30.5845
v  360.3235 10.0000 30.7658
v  359.3518 10.0000 29.7358
v  358.1587 10.0000 29.5719
v  357.6694 10.0000 28.4549
v  356.7076 10.0000 27.9319
v  356.1892 10.0000 26.6674
v  356.4189 10.0000 25.4795
v  356.3863 10.0000 24.4063
v  357.1230 10.0000 23.6047
v  356.5284 10.0000 22.7809
v  356.8119 10.0000 21.6839
v  357.2371 10.0000 20.7437
v  357.8041 10.0000 19.9601
v  358.5128 10.0000 19.3333
v  359.3633 10.0000 18.8631
v  360.3555 10.0000 18.5497
v  361.4894 10.0000 18.3930
v  362.6721 10.0000 18.3874
v  363.7643 10.0000 18.5217
v  364.7200 10.0000 18.7903
v  365.5391 10.0000 19.1933
v  366.2217 10.0000 19.7306
v  366.7679 10.0000 20.4022
v  367.1774 10.0000 21.2081
v  367.4505 10.0000 22.1484
v  367.5870 10.0000 23.2229
v  367.9559 10.0000 26.3951
v  365.7352 10.0000 26.4049
v  365.6156 10.0000 26.8302
v  365.4362 10.0000 27.1946
v  365.1970 10.0000 27.4984
v  364.8980 10.0000 27.7414
# 1241 vertices

vn -0.5774 -0.5774 0.5774
vn 0.0191 -0.7011 0.7128
vn 0.0000 0.0000 1.0000
vn 0.0191 0.7011 0.7128
vn -0.5774 0.5774 0.5774
vn 0.0765 -0.6954 0.7146
vn 0.0536 0.0000 0.9986
vn 0.0765 0.6954 0.7146
vn 0.1506 -0.6957 0.7024
vn 0.1591 0.0000 0.9873
vn 0.1506 0.6957 0.7024
vn 0.2201 -0.6963 0.6832
vn 0.2597 0.0000 0.9657
vn 0.2201 0.6963 0.6832
vn 0.2833 -0.6970 0.6588
vn 0.3527 0.0000 0.9357
vn 0.2833 0.6970 0.6588
vn 0.3395 -0.6978 0.6307
vn 0.4366 0.0000 0.8997
vn 0.3395 0.6978 0.6307
vn 0.3886 -0.6986 0.6008
vn 0.5105 0.0000 0.8598
vn 0.3886 0.6986 0.6008
vn 0.4309 -0.6994 0.5702
vn 0.5749 0.0000 0.8182
vn 0.4309 0.6994 0.5702
vn 0.4670 -0.7001 0.5401
vn 0.6302 0.0000 0.7764
vn 0.4670 0.7001 0.5401
vn 0.5127 -0.6959 0.5029
vn 0.6774 0.0000 0.7356
vn 0.5127 0.6959 0.5029
vn 0.5715 -0.6922 0.4409
vn 0.7485 0.0000 0.6631
vn 0.5715 0.6922 0.4409
vn 0.6218 -0.6938 0.3633
vn 0.8314 0.0000 0.5557
vn 0.6218 0.6938 0.3633
vn 0.6574 -0.6955 0.2902
vn 0.8923 0.0000 0.4514
vn 0.6574 0.6955 0.2902
vn 0.6811 -0.6971 0.2241
vn 0.9348 0.0000 0.3552
vn 0.6811 0.6971 0.2241
vn 0.6962 -0.6985 0.1658
vn 0.9631 0.0000 0.2692
vn 0.6962 0.6985 0.1658
vn 0.7051 -0.6997 0.1150
vn 0.9811 0.0000 0.1937
vn 0.7051 0.6997 0.1150
vn 0.7099 -0.7007 0.0712
vn 0.9918 0.0000 0.1281
vn 0.7099 0.7007 0.0712
vn 0.7118 -0.7016 0.0333
vn 0.9975 0.0000 0.0713
vn 0.7118 0.7016 0.0333
vn 0.7095 -0.7046 0.0078
vn 0.9998 0.0000 0.0221
vn 0.7095 0.7046 0.0078
vn 0.5774 -0.5774 -0.5774
vn 1.0000 0.0000 -0.0000
vn 0.5774 0.5774 -0.5774
vn -0.5774 -0.5774 -0.5774
vn 0.0000 0.0000 -1.0000
vn -0.5774 0.5774 -0.5774
vn -0.6997 -0.7142 -0.0217
vn -1.0000 0.0000 -0.0000
vn -0.6997 0.7142 -0.0217
vn -0.6836 -0.7239 -0.0929
vn -0.9981 0.0000 -0.0620
vn -0.6836 0.7239 -0.0929
vn -0.6560 -0.7276 -0.2006
vn -0.9784 0.0000 -0.2065
vn -0.6560 0.7276 -0.2006
vn -0.6026 -0.7310 -0.3203
vn -0.9266 0.0000 -0.3761
vn -0.6026 0.7310 -0.3203
vn -0.5196 -0.7328 -0.4393
vn -0.8302 0.0000 -0.5575
vn -0.5196 0.7328 -0.4393
vn -0.4125 -0.7322 -0.5420
vn -0.6878 0.0000 -0.7259
vn -0.4125 0.7322 -0.5420
vn -0.2951 -0.7295 -0.6171
vn -0.5164 0.0000 -0.8564
vn -0.2951 0.7295 -0.6171
vn -0.1824 -0.7258 -0.6633
vn -0.3424 0.0000 -0.9396
vn -0.1824 0.7258 -0.6633
vn -0.0838 -0.7222 -0.6866
vn -0.1862 0.0000 -0.9825
vn -0.0838 0.7222 -0.6866
vn -0.0195 -0.7134 -0.7005
vn -0.0557 0.0000 -0.9985
vn -0.0195 0.7134 -0.7005
vn 0.3015 -0.9045 -0.3015
vn 0.3015 0.9045 -0.3015
vn 0.7150 -0.6986 -0.0275
vn 0.7150 0.6986 -0.0275
vn 0.7161 -0.6875 -0.1204
vn 0.9970 0.0000 -0.0768
vn 0.7161 0.6875 -0.1204
vn 0.6821 -0.6842 -0.2580
vn 0.9673 0.0000 -0.2535
vn 0.6821 0.6842 -0.2580
vn 0.6111 -0.6824 -0.4012
vn 0.8930 0.0000 -0.4500
vn 0.6111 0.6824 -0.4012
vn 0.5053 -0.6828 -0.5276
vn 0.7680 0.0000 -0.6404
vn 0.5053 0.6828 -0.5276
vn 0.3819 -0.6853 -0.6201
vn 0.6067 0.0000 -0.7949
vn 0.3819 0.6853 -0.6201
vn 0.2613 -0.6889 -0.6762
vn 0.4369 0.0000 -0.8995
vn 0.2613 0.6889 -0.6762
vn 0.1564 -0.6923 -0.7044
vn 0.2816 0.0000 -0.9595
vn 0.1564 0.6923 -0.7044
vn 0.0704 -0.6953 -0.7153
vn 0.1509 0.0000 -0.9886
vn 0.0704 0.6953 -0.7153
vn 0.0030 -0.6981 -0.7160
vn 0.0448 0.0000 -0.9990
vn 0.0030 0.6981 -0.7160
vn -0.0544 -0.6983 -0.7137
vn -0.0365 0.0000 -0.9993
vn -0.0544 0.6983 -0.7137
vn -0.1138 -0.6974 -0.7076
vn -0.1154 0.0000 -0.9933
vn -0.1138 0.6974 -0.7076
vn -0.1783 -0.6965 -0.6951
vn -0.2018 0.0000 -0.9794
vn -0.1783 0.6965 -0.6951
vn -0.2468 -0.6957 -0.6746
vn -0.2946 0.0000 -0.9556
vn -0.2468 0.6957 -0.6746
vn -0.3172 -0.6950 -0.6452
vn -0.3916 0.0000 -0.9202
vn -0.3172 0.6950 -0.6452
vn -0.3871 -0.6946 -0.6064
vn -0.4896 0.0000 -0.8720
vn -0.3871 0.6946 -0.6064
vn -0.4533 -0.6945 -0.5587
vn -0.5848 0.0000 -0.8112
vn -0.4533 0.6945 -0.5587
vn -0.5133 -0.6947 -0.5039
vn -0.6732 0.0000 -0.7394
vn -0.5133 0.6947 -0.5039
vn -0.8024 -0.5603 0.2056
vn -0.7517 0.0000 -0.6595
vn -0.8024 0.5603 0.2056
vn -0.2560 -0.7127 0.6531
vn -0.3419 0.0000 0.9397
vn -0.2560 0.7127 0.6531
vn -0.2883 -0.7128 0.6393
vn -0.3878 0.0000 0.9217
vn -0.2883 0.7128 0.6393
vn -0.3205 -0.7130 0.6237
vn -0.4339 0.0000 0.9009
vn -0.3205 0.7130 0.6237
vn -0.3524 -0.7130 0.6061
vn -0.4798 0.0000 0.8774
vn -0.3524 0.7130 0.6061
vn -0.3837 -0.7131 0.5867
vn -0.5250 0.0000 0.8511
vn -0.3837 0.7131 0.5867
vn -0.4142 -0.7131 0.5656
vn -0.5692 0.0000 0.8222
vn -0.4142 0.7131 0.5656
vn -0.4436 -0.7131 0.5429
vn -0.6120 0.0000 0.7908
vn -0.4436 0.7131 0.5429
vn -0.4716 -0.7131 0.5187
vn -0.6530 0.0000 0.7573
vn -0.4716 0.7131 0.5187
vn -0.3255 -0.9440 -0.0537
vn -0.6919 0.0000 0.7220
vn -0.3255 0.9440 -0.0537
vn -0.3475 -0.6927 -0.6320
vn -0.4236 0.0000 -0.9059
vn -0.3475 0.6927 -0.6320
vn -0.4312 -0.6914 -0.5797
vn -0.5380 0.0000 -0.8429
vn -0.4312 0.6914 -0.5797
vn -0.5120 -0.6905 -0.5109
vn -0.6527 0.0000 -0.7576
vn -0.5120 0.6905 -0.5109
vn -0.5833 -0.6904 -0.4279
vn -0.7590 0.0000 -0.6510
vn -0.5833 0.6904 -0.4279
vn -0.6399 -0.6910 -0.3363
vn -0.8488 0.0000 -0.5287
vn -0.6399 0.6910 -0.3363
vn -0.6797 -0.6922 -0.2427
vn -0.9169 0.0000 -0.3992
vn -0.6797 0.6922 -0.2427
vn -0.7037 -0.6937 -0.1534
vn -0.9623 0.0000 -0.2718
vn -0.7037 0.6937 -0.1534
vn -0.7150 -0.6953 -0.0724
vn -0.9882 0.0000 -0.1534
vn -0.7150 0.6953 -0.0724
vn -0.7122 -0.7018 -0.0170
vn -0.9989 0.0000 -0.0477
vn -0.7122 0.7018 -0.0170
vn -0.7127 -0.7013 0.0187
vn -0.7127 0.7013 0.0187
vn -0.7158 -0.6934 0.0822
vn -0.9986 0.0000 0.0523
vn -0.7158 0.6934 0.0822
vn -0.7005 -0.6902 0.1813
vn -0.9845 0.0000 0.1754
vn -0.7005 0.6902 0.1813
vn -0.6628 -0.6868 0.2983
vn -0.9460 0.0000 0.3241
vn -0.6628 0.6868 0.2983
vn -0.5929 -0.6840 0.4248
vn -0.8699 0.0000 0.4932
vn -0.5929 0.6840 0.4248
vn -0.4881 -0.6829 0.5435
vn -0.7467 0.0000 0.6652
vn -0.4881 0.6829 0.5435
vn -0.3586 -0.6840 0.6353
vn -0.5813 0.0000 0.8137
vn -0.3586 0.6840 0.6353
vn -0.2247 -0.6867 0.6913
vn -0.3964 0.0000 0.9181
vn -0.2247 0.6867 0.6913
vn -0.1034 -0.6901 0.7163
vn -0.2191 0.0000 0.9757
vn -0.1034 0.6901 0.7163
vn -0.0022 -0.6932 0.7207
vn -0.0659 0.0000 0.9978
vn -0.0022 0.6932 0.7207
vn 0.0939 -0.6916 0.7162
vn 0.0598 0.0000 0.9982
vn 0.0939 0.6916 0.7162
vn 0.2054 -0.6882 0.6958
vn 0.1995 0.0000 0.9799
vn 0.2054 0.6882 0.6958
vn 0.3325 -0.6851 0.6481
vn 0.3646 0.0000 0.9312
vn 0.3325 0.6851 0.6481
vn 0.4618 -0.6833 0.5656
vn 0.5437 0.0000 0.8392
vn 0.4618 0.6833 0.5656
vn 0.5733 -0.6834 0.4519
vn 0.7134 0.0000 0.7007
vn 0.5733 0.6834 0.4519
vn 0.6524 -0.6856 0.3231
vn 0.8480 0.0000 0.5300
vn 0.6524 0.6856 0.3231
vn 0.6972 -0.6888 0.1987
vn 0.9355 0.0000 0.3534
vn 0.6972 0.6888 0.1987
vn 0.7161 -0.6921 0.0906
vn 0.9812 0.0000 0.1928
vn 0.7161 0.6921 0.0906
vn 0.7203 -0.6937 -0.0022
vn 0.9983 0.0000 0.0577
vn 0.7203 0.6937 -0.0022
vn 0.7163 -0.6906 -0.1001
vn 0.9980 0.0000 -0.0638
vn 0.7163 0.6906 -0.1001
vn 0.6929 -0.6872 -0.2181
vn 0.9772 0.0000 -0.2123
vn 0.6929 0.6872 -0.2181
vn 0.6398 -0.6844 -0.3498
vn 0.9227 0.0000 -0.3856
vn 0.6398 0.6844 -0.3498
vn 0.5511 -0.6830 -0.4793
vn 0.8225 0.0000 -0.5687
vn 0.5511 0.6830 -0.4793
vn 0.4339 -0.6838 -0.5866
vn 0.6772 0.0000 -0.7358
vn 0.4339 0.6838 -0.5866
vn 0.3065 -0.6864 -0.6595
vn 0.5054 0.0000 -0.8629
vn 0.3065 0.6864 -0.6595
vn 0.1869 -0.6897 -0.6995
vn 0.3337 0.0000 -0.9427
vn 0.1869 0.6897 -0.6995
vn 0.0849 -0.6930 -0.7159
vn 0.1810 0.0000 -0.9835
vn 0.0849 0.6930 -0.7159
vn 0.3192 -0.8981 -0.3024
vn 0.0541 0.0000 -0.9985
vn 0.3192 0.8981 -0.3024
vn 0.7031 -0.7110 0.0122
vn 0.7031 0.7110 0.0122
vn 0.6969 -0.7154 0.0497
vn 0.9994 0.0000 0.0346
vn 0.6969 0.7154 0.0497
vn 0.6906 -0.7160 0.1022
vn 0.9942 0.0000 0.1076
vn 0.6906 0.7160 0.1022
vn 0.6796 -0.7165 0.1574
vn 0.9827 0.0000 0.1851
vn 0.6796 0.7165 0.1574
vn 0.6634 -0.7170 0.2142
vn 0.9640 0.0000 0.2657
vn 0.6634 0.7170 0.2142
vn 0.6417 -0.7173 0.2714
vn 0.9375 0.0000 0.3481
vn 0.6417 0.7173 0.2714
vn 0.6147 -0.7174 0.3278
vn 0.9027 0.0000 0.4302
vn 0.6147 0.7174 0.3278
vn 0.5826 -0.7174 0.3820
vn 0.8602 0.0000 0.5100
vn 0.5826 0.7174 0.3820
vn 0.5463 -0.7172 0.4327
vn 0.8107 0.0000 0.5855
vn 0.5463 0.7172 0.4327
vn 0.5152 -0.7139 0.4743
vn 0.7556 0.0000 0.6550
vn 0.5152 0.7139 0.4743
vn 0.4935 -0.7113 0.5005
vn 0.7152 0.0000 0.6989
vn 0.4935 0.7113 0.5005
vn 0.4721 -0.7122 0.5196
vn 0.6888 0.0000 0.7250
vn 0.4721 0.7122 0.5196
vn 0.4452 -0.7133 0.5414
vn 0.6558 0.0000 0.7549
vn 0.4452 0.7133 0.5414
vn 0.4108 -0.7147 0.5661
vn 0.6140 0.0000 0.7893
vn 0.4108 0.7147 0.5661
vn 0.3660 -0.7166 0.5937
vn 0.5599 0.0000 0.8285
vn 0.3660 0.7166 0.5937
vn 0.3070 -0.7192 0.6233
vn 0.4888 0.0000 0.8724
vn 0.3070 0.7192 0.6233
vn 0.2288 -0.7226 0.6523
vn 0.3938 0.0000 0.9192
vn 0.2288 0.7226 0.6523
vn 0.1261 -0.7268 0.6752
vn 0.2666 0.0000 0.9638
vn 0.1261 0.7268 0.6752
vn 0.7702 -0.5526 0.3185
vn 0.0993 0.0000 0.9951
vn 0.7702 0.5526 0.3185
vn 0.5396 -0.7017 -0.4652
vn 0.7730 0.0000 -0.6344
vn 0.5396 0.7017 -0.4652
vn 0.5160 -0.7014 -0.4916
vn 0.7413 0.0000 -0.6711
vn 0.5160 0.7014 -0.4916
vn 0.4900 -0.7012 -0.5179
vn 0.7063 0.0000 -0.7079
vn 0.4900 0.7012 -0.5179
vn 0.4616 -0.7010 -0.5437
vn 0.6678 0.0000 -0.7443
vn 0.4616 0.7010 -0.5437
vn 0.4307 -0.7008 -0.5687
vn 0.6260 0.0000 -0.7798
vn 0.4307 0.7008 -0.5687
vn 0.3975 -0.7006 -0.5925
vn 0.5810 0.0000 -0.8139
vn 0.3975 0.7006 -0.5925
vn 0.3623 -0.7005 -0.6148
vn 0.5329 0.0000 -0.8462
vn 0.3623 0.7005 -0.6148
vn 0.3252 -0.7005 -0.6353
vn 0.4820 0.0000 -0.8761
vn 0.3252 0.7005 -0.6353
vn 0.3112 -0.9495 -0.0401
vn 0.4290 0.0000 -0.9033
vn 0.3112 0.9495 -0.0401
vn 0.4215 -0.7182 0.5536
vn 0.6438 0.0000 0.7652
vn 0.4215 0.7182 0.5536
vn 0.3663 -0.7180 0.5918
vn 0.5664 0.0000 0.8241
vn 0.3663 0.7180 0.5918
vn 0.3092 -0.7177 0.6240
vn 0.4850 0.0000 0.8745
vn 0.3092 0.7177 0.6240
vn 0.2517 -0.7172 0.6498
vn 0.4020 0.0000 0.9156
vn 0.2517 0.7172 0.6498
vn 0.1955 -0.7166 0.6696
vn 0.3197 0.0000 0.9475
vn 0.1955 0.7166 0.6696
vn 0.1415 -0.7159 0.6837
vn 0.2402 0.0000 0.9707
vn 0.1415 0.7159 0.6837
vn 0.0908 -0.7152 0.6930
vn 0.1649 0.0000 0.9863
vn 0.0908 0.7152 0.6930
vn 0.0437 -0.7145 0.6983
vn 0.0947 0.0000 0.9955
vn 0.0437 0.7145 0.6983
vn -0.0087 -0.7168 0.6972
vn 0.0302 0.0000 0.9995
vn -0.0087 0.7168 0.6972
vn -0.0829 -0.7220 0.6869
vn -0.0550 0.0000 0.9985
vn -0.0829 0.7220 0.6869
vn -0.1806 -0.7256 0.6640
vn -0.1842 0.0000 0.9829
vn -0.1806 0.7256 0.6640
vn -0.2925 -0.7293 0.6185
vn -0.3391 0.0000 0.9408
vn -0.2925 0.7293 0.6185
vn -0.4097 -0.7321 0.5442
vn -0.5122 0.0000 0.8589
vn -0.4097 0.7321 0.5442
vn -0.5172 -0.7328 0.4421
vn -0.6838 0.0000 0.7297
vn -0.5172 0.7328 0.4421
vn -0.6010 -0.7311 0.3229
vn -0.8273 0.0000 0.5618
vn -0.6010 0.7311 0.3229
vn -0.6552 -0.7278 0.2026
vn -0.9251 0.0000 0.3797
vn -0.6552 0.7278 0.2026
vn -0.6833 -0.7241 0.0938
vn -0.9780 0.0000 0.2087
vn -0.6833 0.7241 0.0938
vn -0.6996 -0.7142 0.0219
vn -0.9980 0.0000 0.0627
vn -0.6996 0.7142 0.0219
vn -0.3015 -0.9045 -0.3015
vn -0.3015 0.9045 -0.3015
vn -0.0987 -0.7250 0.6816
vn -0.2122 -0.7288 0.6511
vn -0.2196 0.0000 0.9756
vn -0.2122 0.7288 0.6511
vn -0.0987 0.7250 0.6816
vn -0.3357 -0.7318 0.5931
vn -0.3973 0.0000 0.9177
vn -0.3357 0.7318 0.5931
vn -0.4552 -0.7330 0.5055
vn -0.5824 0.0000 0.8129
vn -0.4552 0.7330 0.5055
vn -0.5546 -0.7317 0.3963
vn -0.7476 0.0000 0.6641
vn -0.5546 0.7317 0.3963
vn -0.6249 -0.7285 0.2805
vn -0.8705 0.0000 0.4921
vn -0.6249 0.7285 0.2805
vn -0.6671 -0.7248 0.1721
vn -0.9463 0.0000 0.3233
vn -0.6671 0.7248 0.1721
vn -0.6881 -0.7213 0.0788
vn -0.9846 0.0000 0.1749
vn -0.6881 0.7213 0.0788
vn -0.6949 -0.7191 -0.0003
vn -0.9986 0.0000 0.0522
vn -0.6949 0.7191 -0.0003
vn -0.6878 -0.7215 -0.0799
vn -0.9986 0.0000 -0.0530
vn -0.6878 0.7215 -0.0799
vn -0.6663 -0.7250 -0.1745
vn -0.9841 0.0000 -0.1775
vn -0.6663 0.7250 -0.1745
vn -0.6232 -0.7288 -0.2839
vn -0.9448 0.0000 -0.3277
vn -0.6232 0.7288 -0.2839
vn -0.5517 -0.7318 -0.4001
vn -0.8673 0.0000 -0.4977
vn -0.5517 0.7318 -0.4001
vn -0.4515 -0.7330 -0.5088
vn -0.7426 0.0000 -0.6697
vn -0.4515 0.7330 -0.5088
vn -0.3321 -0.7316 -0.5953
vn -0.5766 0.0000 -0.8170
vn -0.3321 0.7316 -0.5953
vn -0.2094 -0.7285 -0.6523
vn -0.3923 0.0000 -0.9198
vn -0.2094 0.7285 -0.6523
vn -0.0973 -0.7247 -0.6821
vn -0.2165 0.0000 -0.9763
vn -0.0973 0.7247 -0.6821
vn 0.0008 -0.7223 -0.6916
vn -0.0651 0.0000 -0.9979
vn 0.0008 0.7223 -0.6916
vn 0.1005 -0.7253 -0.6810
vn 0.0673 0.0000 -0.9977
vn 0.1005 0.7253 -0.6810
vn 0.2157 -0.7291 -0.6495
vn 0.2237 0.0000 -0.9747
vn 0.2157 0.7291 -0.6495
vn 0.3403 -0.7321 -0.5901
vn 0.4037 0.0000 -0.9149
vn 0.3403 0.7321 -0.5901
vn 0.4598 -0.7331 -0.5012
vn 0.5897 0.0000 -0.8076
vn 0.4598 0.7331 -0.5012
vn 0.5582 -0.7315 -0.3915
vn 0.7539 0.0000 -0.6570
vn 0.5582 0.7315 -0.3915
vn 0.6272 -0.7283 -0.2763
vn 0.8745 0.0000 -0.4850
vn 0.6272 0.7283 -0.2763
vn 0.6682 -0.7245 -0.1692
vn 0.9481 0.0000 -0.3178
vn 0.6682 0.7245 -0.1692
vn 0.6886 -0.7210 -0.0774
vn 0.9851 0.0000 -0.1717
vn 0.6886 0.7210 -0.0774
vn 0.6953 -0.7187 -0.0003
vn 0.9987 0.0000 -0.0512
vn 0.6953 0.7187 -0.0003
vn 0.6889 -0.7208 0.0763
vn 0.9987 0.0000 0.0504
vn 0.6889 0.7208 0.0763
vn 0.6690 -0.7242 0.1669
vn 0.9856 0.0000 0.1692
vn 0.6690 0.7242 0.1669
vn 0.6289 -0.7280 0.2729
vn 0.9496 0.0000 0.3136
vn 0.6289 0.7280 0.2729
vn 0.5610 -0.7314 0.3877
vn 0.8776 0.0000 0.4795
vn 0.5610 0.7314 0.3877
vn 0.4634 -0.7331 0.4978
vn 0.7587 0.0000 0.6514
vn 0.4634 0.7331 0.4978
vn 0.3440 -0.7323 0.5878
vn 0.5954 0.0000 0.8034
vn 0.3440 0.7323 0.5878
vn 0.2185 -0.7294 0.6483
vn 0.4088 0.0000 0.9126
vn 0.2185 0.7294 0.6483
vn 0.1019 -0.7256 0.6805
vn 0.2269 0.0000 0.9739
vn 0.1019 0.7256 0.6805
vn 0.0008 -0.7226 0.6913
vn 0.0684 0.0000 0.9977
vn 0.0008 0.7226 0.6913
vn -0.0661 0.0000 0.9978
vn -0.7006 -0.7128 -0.0337
vn -0.6970 -0.7135 -0.0709
vn -0.9973 0.0000 -0.0731
vn -0.6970 0.7135 -0.0709
vn -0.7006 0.7128 -0.0337
vn -0.6907 -0.7143 -0.1125
vn -0.9916 0.0000 -0.1293
vn -0.6907 0.7143 -0.1125
vn -0.6806 -0.7152 -0.1586
vn -0.9814 0.0000 -0.1920
vn -0.6806 0.7152 -0.1586
vn -0.6657 -0.7162 -0.2094
vn -0.9652 0.0000 -0.2616
vn -0.6657 0.7162 -0.2094
vn -0.6446 -0.7173 -0.2646
vn -0.9411 0.0000 -0.3381
vn -0.6446 0.7173 -0.2646
vn -0.6160 -0.7183 -0.3233
vn -0.9072 0.0000 -0.4206
vn -0.6160 0.7183 -0.3233
vn -0.5789 -0.7193 -0.3840
vn -0.8616 0.0000 -0.5076
vn -0.5789 0.7193 -0.3840
vn -0.5389 -0.7178 -0.4409
vn -0.8027 0.0000 -0.5964
vn -0.5389 0.7178 -0.4409
vn -0.4995 -0.7163 -0.4872
vn -0.7435 0.0000 -0.6688
vn -0.4995 0.7163 -0.4872
vn -0.4561 -0.7172 -0.5269
vn -0.6871 0.0000 -0.7265
vn -0.4561 0.7172 -0.5269
vn -0.4055 -0.7180 -0.5658
vn -0.6205 0.0000 -0.7842
vn -0.4055 0.7180 -0.5658
vn -0.3479 -0.7186 -0.6021
vn -0.5433 0.0000 -0.8395
vn -0.3479 0.7186 -0.6021
vn -0.2840 -0.7191 -0.6342
vn -0.4560 0.0000 -0.8900
vn -0.2840 0.7191 -0.6342
vn -0.2151 -0.7194 -0.6605
vn -0.3601 0.0000 -0.9329
vn -0.2151 0.7194 -0.6605
vn -0.1433 -0.7193 -0.6797
vn -0.2583 0.0000 -0.9661
vn -0.1433 0.7193 -0.6797
vn -0.0710 -0.7190 -0.6914
vn -0.1538 0.0000 -0.9881
vn -0.0710 0.7190 -0.6914
vn -0.0134 -0.7142 -0.6998
vn -0.0503 0.0000 -0.9987
vn -0.0134 0.7142 -0.6998
vn 0.0167 -0.7097 -0.7043
vn 0.0121 0.0000 -0.9999
vn 0.0167 0.7097 -0.7043
vn 0.0325 -0.7096 -0.7039
vn 0.0352 0.0000 -0.9994
vn 0.0325 0.7096 -0.7039
vn 0.0473 -0.7094 -0.7032
vn 0.0570 0.0000 -0.9984
vn 0.0473 0.7094 -0.7032
vn 0.0614 -0.7093 -0.7022
vn 0.0774 0.0000 -0.9970
vn 0.0614 0.7093 -0.7022
vn 0.0745 -0.7092 -0.7011
vn 0.0967 0.0000 -0.9953
vn 0.0745 0.7092 -0.7011
vn 0.0870 -0.7091 -0.6998
vn 0.1148 0.0000 -0.9934
vn 0.0870 0.7091 -0.6998
vn 0.0987 -0.7089 -0.6983
vn 0.1319 0.0000 -0.9913
vn 0.0987 0.7089 -0.6983
vn 0.1098 -0.7088 -0.6968
vn 0.1480 0.0000 -0.9890
vn 0.1098 0.7088 -0.6968
vn 0.1829 -0.9826 -0.0332
vn 0.1633 0.0000 -0.9866
vn 0.1829 0.9826 -0.0332
vn 0.3931 -0.6950 0.6021
vn 0.4999 0.0000 0.8661
vn 0.3931 0.6950 0.6021
vn 0.4605 -0.6938 0.5538
vn 0.5918 0.0000 0.8061
vn 0.4605 0.6938 0.5538
vn 0.5268 -0.6928 0.4925
vn 0.6847 0.0000 0.7289
vn 0.5268 0.6928 0.4925
vn 0.5876 -0.6923 0.4190
vn 0.7732 0.0000 0.6342
vn 0.5876 0.6923 0.4190
vn 0.6387 -0.6922 0.3361
vn 0.8514 0.0000 0.5244
vn 0.6387 0.6922 0.3361
vn 0.6772 -0.6927 0.2482
vn 0.9144 0.0000 0.4048
vn 0.6772 0.6927 0.2482
vn 0.7023 -0.6936 0.1604
vn 0.9594 0.0000 0.2820
vn 0.7023 0.6936 0.1604
vn 0.7151 -0.6947 0.0771
vn 0.9867 0.0000 0.1625
vn 0.7151 0.6947 0.0771
vn 0.7191 -0.6949 -0.0028
vn 0.9987 0.0000 0.0515
vn 0.7191 0.6949 -0.0028
vn 0.7161 -0.6917 -0.0930
vn 0.9982 0.0000 -0.0592
vn 0.7161 0.6917 -0.0930
vn 0.6962 -0.6884 -0.2035
vn 0.9803 0.0000 -0.1976
vn 0.6962 0.6884 -0.2035
vn 0.6493 -0.6853 -0.3299
vn 0.9324 0.0000 -0.3615
vn 0.6493 0.6853 -0.3299
vn 0.5678 -0.6833 -0.4590
vn 0.8417 0.0000 -0.5399
vn 0.5678 0.6833 -0.4590
vn 0.4546 -0.6834 -0.5712
vn 0.7043 0.0000 -0.7099
vn 0.4546 0.6834 -0.5712
vn 0.3257 -0.6855 -0.6512
vn 0.5338 0.0000 -0.8456
vn 0.3257 0.6855 -0.6512
vn 0.2005 -0.6886 -0.6968
vn 0.3565 0.0000 -0.9343
vn 0.2005 0.6886 -0.6968
vn 0.0915 -0.6920 -0.7161
vn 0.1946 0.0000 -0.9809
vn 0.0915 0.6920 -0.7161
vn -0.0033 -0.6933 -0.7207
vn 0.0583 0.0000 -0.9983
vn -0.0033 0.6933 -0.7207
vn -0.1056 -0.6898 -0.7163
vn -0.0673 0.0000 -0.9977
vn -0.1056 0.6898 -0.7163
vn -0.2289 -0.6864 -0.6903
vn -0.2234 0.0000 -0.9747
vn -0.2289 0.6864 -0.6903
vn -0.3642 -0.6837 -0.6323
vn -0.4033 0.0000 -0.9151
vn -0.3642 0.6837 -0.6323
vn -0.4935 -0.6829 -0.5386
vn -0.5892 0.0000 -0.8080
vn -0.4935 0.6829 -0.5386
vn -0.5969 -0.6842 -0.4191
vn -0.7535 0.0000 -0.6575
vn -0.5969 0.6842 -0.4191
vn -0.6648 -0.6871 -0.2932
vn -0.8743 0.0000 -0.4855
vn -0.6648 0.6871 -0.2932
vn -0.7011 -0.6905 -0.1778
vn -0.9480 0.0000 -0.3182
vn -0.7011 0.6905 -0.1778
vn -0.7158 -0.6937 -0.0805
vn -0.9851 0.0000 -0.1719
vn -0.7158 0.6937 -0.0805
vn -0.7188 -0.6952 0.0018
vn -0.9987 0.0000 -0.0513
vn -0.7188 0.6952 0.0018
vn -0.7153 -0.6938 0.0839
vn -0.9984 0.0000 0.0563
vn -0.7153 0.6938 0.0839
vn -0.7001 -0.6928 0.1728
vn -0.9844 0.0000 0.1762
vn -0.7001 0.6928 0.1728
vn -0.6717 -0.6922 0.2640
vn -0.9533 0.0000 0.3022
vn -0.6717 0.6922 0.2640
vn -0.6299 -0.6922 0.3524
vn -0.9038 0.0000 0.4279
vn -0.6299 0.6922 0.3524
vn -0.5770 -0.6926 0.4329
vn -0.8376 0.0000 0.5463
vn -0.5770 0.6926 0.4329
vn -0.5167 -0.6935 0.5021
vn -0.7587 0.0000 0.6514
vn -0.5167 0.6935 0.5021
vn -0.4534 -0.6947 0.5585
vn -0.6729 0.0000 0.7397
vn -0.4534 0.6947 0.5585
vn -0.3908 -0.6960 0.6024
vn -0.5857 0.0000 0.8105
vn -0.3908 0.6960 0.6024
vn -0.3358 -0.6990 0.6314
vn -0.5014 0.0000 0.8652
vn -0.3358 0.6990 0.6314
vn -0.2941 -0.7010 0.6497
vn -0.4371 0.0000 0.8994
vn -0.2941 0.7010 0.6497
vn -0.2581 -0.7010 0.6648
vn -0.3873 0.0000 0.9219
vn -0.2581 0.7010 0.6648
vn -0.2212 -0.7010 0.6780
vn -0.3362 0.0000 0.9418
vn -0.2212 0.7010 0.6780
vn -0.1838 -0.7010 0.6891
vn -0.2840 0.0000 0.9588
vn -0.1838 0.7010 0.6891
vn -0.1462 -0.7011 0.6979
vn -0.2313 0.0000 0.9729
vn -0.1462 0.7011 0.6979
vn -0.1087 -0.7012 0.7046
vn -0.1785 0.0000 0.9839
vn -0.1087 0.7012 0.7046
vn -0.0717 -0.7013 0.7092
vn -0.1262 0.0000 0.9920
vn -0.0717 0.7013 0.7092
vn -0.0354 -0.7015 0.7118
vn -0.0748 0.0000 0.9972
vn -0.0354 0.7015 0.7118
vn 0.0024 -0.7009 0.7133
vn -0.0245 0.0000 0.9997
vn 0.0024 0.7009 0.7133
vn 0.0455 -0.6999 0.7128
vn 0.0313 0.0000 0.9995
vn 0.0455 0.6999 0.7128
vn 0.0928 -0.6995 0.7085
vn 0.0961 0.0000 0.9954
vn 0.0928 0.6995 0.7085
vn 0.1416 -0.6993 0.7007
vn 0.1635 0.0000 0.9865
vn 0.1416 0.6993 0.7007
vn 0.1912 -0.6991 0.6890
vn 0.2324 0.0000 0.9726
vn 0.1912 0.6991 0.6890
vn 0.2409 -0.6989 0.6734
vn 0.3021 0.0000 0.9533
vn 0.2409 0.6989 0.6734
vn 0.2898 -0.6989 0.6539
vn 0.3712 0.0000 0.9286
vn 0.2898 0.6989 0.6539
vn 0.3371 -0.6989 0.6307
vn 0.4387 0.0000 0.8986
vn 0.3371 0.6989 0.6307
vn 0.3821 -0.6991 0.6044
vn 0.5034 0.0000 0.8640
vn 0.3821 0.6991 0.6044
vn 0.4322 -0.6967 0.5725
vn 0.5645 0.0000 0.8255
vn 0.4322 0.6967 0.5725
vn 0.4925 -0.6939 0.5253
vn 0.6392 0.0000 0.7690
vn 0.4925 0.6939 0.5253
vn 0.5521 -0.6938 0.4625
vn 0.7264 0.0000 0.6873
vn 0.5521 0.6938 0.4625
vn 0.6032 -0.6940 0.3930
vn 0.8040 0.0000 0.5947
vn 0.6032 0.6940 0.3930
vn 0.6442 -0.6946 0.3202
vn 0.8688 0.0000 0.4952
vn 0.6442 0.6946 0.3202
vn 0.6747 -0.6954 0.2475
vn 0.9193 0.0000 0.3936
vn 0.6747 0.6954 0.2475
vn 0.6954 -0.6964 0.1776
vn 0.9558 0.0000 0.2942
vn 0.6954 0.6964 0.1776
vn 0.7078 -0.6974 0.1126
vn 0.9798 0.0000 0.2002
vn 0.7078 0.6974 0.1126
vn 0.7137 -0.6984 0.0536
vn 0.9935 0.0000 0.1138
vn 0.7137 0.6984 0.0536
vn 0.5885 -0.5755 -0.5678
vn 0.9994 0.0000 0.0358
vn 0.5885 0.5755 -0.5678
vn -0.5701 -0.5786 -0.5833
vn -0.5701 0.5786 -0.5833
vn -0.9997 0.0000 -0.0230
vn -0.0854 -0.7225 0.6861
vn -0.1856 -0.7261 0.6620
vn -0.1898 0.0000 0.9818
vn -0.1856 0.7261 0.6620
vn -0.0854 0.7225 0.6861
vn -0.2996 -0.7297 0.6146
vn -0.3484 0.0000 0.9374
vn -0.2996 0.7297 0.6146
vn -0.4174 -0.7323 0.5380
vn -0.5238 0.0000 0.8518
vn -0.4174 0.7323 0.5380
vn -0.5238 -0.7327 0.4345
vn -0.6949 0.0000 0.7191
vn -0.5238 0.7327 0.4345
vn -0.6054 -0.7307 0.3156
vn -0.8352 0.0000 0.5500
vn -0.6054 0.7307 0.3156
vn -0.6574 -0.7273 0.1972
vn -0.9291 0.0000 0.3698
vn -0.6574 0.7273 0.1972
vn -0.6842 -0.7236 0.0911
vn -0.9792 0.0000 0.2027
vn -0.6842 0.7236 0.0911
vn -0.6932 -0.7207 0.0010
vn -0.9982 0.0000 0.0608
vn -0.6932 0.7207 0.0010
vn -0.6856 -0.7228 -0.0869
vn -0.9983 0.0000 -0.0578
vn -0.6856 0.7228 -0.0869
vn -0.6608 -0.7264 -0.1887
vn -0.9812 0.0000 -0.1932
vn -0.6608 0.7264 -0.1887
vn -0.6122 -0.7300 -0.3039
vn -0.9352 0.0000 -0.3541
vn -0.6122 0.7300 -0.3039
vn -0.5343 -0.7324 -0.4220
vn -0.8475 0.0000 -0.5308
vn -0.5343 0.7324 -0.4220
vn -0.4299 -0.7326 -0.5277
vn -0.7127 0.0000 -0.7015
vn -0.4299 0.7326 -0.5277
vn -0.3113 -0.7305 -0.6079
vn -0.5429 0.0000 -0.8398
vn -0.3113 0.7305 -0.6079
vn -0.1940 -0.7270 -0.6587
vn -0.3639 0.0000 -0.9314
vn -0.1940 0.7270 -0.6587
vn -0.0896 -0.7233 -0.6847
vn -0.1991 0.0000 -0.9800
vn -0.0896 0.7233 -0.6847
vn -0.0003 -0.7207 -0.6933
vn -0.0597 0.0000 -0.9982
vn -0.0003 0.7207 -0.6933
vn 0.0883 -0.7230 -0.6851
vn 0.0588 0.0000 -0.9983
vn 0.0883 0.7230 -0.6851
vn 0.1915 -0.7267 -0.6597
vn 0.1963 0.0000 -0.9806
vn 0.1915 0.7267 -0.6597
vn 0.3077 -0.7302 -0.6100
vn 0.3592 0.0000 -0.9333
vn 0.3077 0.7302 -0.6100
vn 0.4261 -0.7325 -0.5309
vn 0.5372 0.0000 -0.8435
vn 0.4261 0.7325 -0.5309
vn 0.5312 -0.7325 -0.4258
vn 0.7074 0.0000 -0.7069
vn 0.5312 0.7325 -0.4258
vn 0.6102 -0.7302 -0.3074
vn 0.8438 0.0000 -0.5366
vn 0.6102 0.7302 -0.3074
vn 0.6598 -0.7267 -0.1912
vn 0.9334 0.0000 -0.3588
vn 0.6598 0.7267 -0.1912
vn 0.6852 -0.7230 -0.0882
vn 0.9806 0.0000 -0.1960
vn 0.6852 0.7230 -0.0882
vn 0.6935 -0.7205 -0.0003
vn 0.9983 0.0000 -0.0587
vn 0.6935 0.7205 -0.0003
vn 0.6856 -0.7228 0.0869
vn 0.9983 0.0000 0.0578
vn 0.6856 0.7228 0.0869
vn 0.6608 -0.7264 0.1887
vn 0.9812 0.0000 0.1931
vn 0.6608 0.7264 0.1887
vn 0.6122 -0.7300 0.3038
vn 0.9353 0.0000 0.3540
vn 0.6122 0.7300 0.3038
vn 0.5343 -0.7324 0.4220
vn 0.8475 0.0000 0.5307
vn 0.5343 0.7324 0.4220
vn 0.4300 -0.7326 0.5277
vn 0.7128 0.0000 0.7014
vn 0.4300 0.7326 0.5277
vn 0.3113 -0.7305 0.6079
vn 0.5430 0.0000 0.8397
vn 0.3113 0.7305 0.6079
vn 0.1941 -0.7270 0.6587
vn 0.3640 0.0000 0.9314
vn 0.1941 0.7270 0.6587
vn 0.0896 -0.7233 0.6847
vn 0.1992 0.0000 0.9800
vn 0.0896 0.7233 0.6847
vn 0.0010 -0.7204 0.6935
vn 0.0597 0.0000 0.9982
vn 0.0010 0.7204 0.6935
vn -0.0568 0.0000 0.9984
vn 0.0000 -1.0000 -0.0000
vn 0.0000 1.0000 -0.0000
# 919 vertex normals

o Yo_Puyin
g Yo_Puyin
s 1
f 1//1 2//2 3//3 
f 2//2 4//4 3//3 
f 4//4 5//5 3//3 
f 5//5 1//1 3//3 
s 4
f 2//2 6//6 7//7 
f 6//6 8//8 7//7 
f 8//8 4//4 7//7 
f 4//4 2//2 7//7 
f 6//6 9//9 10//10 
f 9//9 11//11 10//10 
f 11//11 8//8 10//10 
f 8//8 6//6 10//10 
f 9//9 12//12 13//13 
f 12//12 14//14 13//13 
f 14//14 11//11 13//13 
f 11//11 9//9 13//13 
f 12//12 15//15 16//16 
f 15//15 17//17 16//16 
f 17//17 14//14 16//16 
f 14//14 12//12 16//16 
f 15//15 18//18 19//19 
f 18//18 20//20 19//19 
f 20//20 17//17 19//19 
f 17//17 15//15 19//19 
f 18//18 21//21 22//22 
f 21//21 23//23 22//22 
f 23//23 20//20 22//22 
f 20//20 18//18 22//22 
f 21//21 24//24 25//25 
f 24//24 26//26 25//25 
f 26//26 23//23 25//25 
f 23//23 21//21 25//25 
f 24//24 27//27 28//28 
f 27//27 29//29 28//28 
f 29//29 26//26 28//28 
f 26//26 24//24 28//28 
f 27//27 30//30 31//31 
f 30//30 32//32 31//31 
f 32//32 29//29 31//31 
f 29//29 27//27 31//31 
f 30//30 33//33 34//34 
f 33//33 35//35 34//34 
f 35//35 32//32 34//34 
f 32//32 30//30 34//34 
f 33//33 36//36 37//37 
f 36//36 38//38 37//37 
f 38//38 35//35 37//37 
f 35//35 33//33 37//37 
f 36//36 39//39 40//40 
f 39//39 41//41 40//40 
f 41//41 38//38 40//40 
f 38//38 36//36 40//40 
f 39//39 42//42 43//43 
f 42//42 44//44 43//43 
f 44//44 41//41 43//43 
f 41//41 39//39 43//43 
f 42//42 45//45 46//46 
f 45//45 47//47 46//46 
f 47//47 44//44 46//46 
f 44//44 42//42 46//46 
f 45//45 48//48 49//49 
f 48//48 50//50 49//49 
f 50//50 47//47 49//49 
f 47//47 45//45 49//49 
f 48//48 51//51 52//52 
f 51//51 53//53 52//52 
f 53//53 50//50 52//52 
f 50//50 48//48 52//52 
f 51//51 54//54 55//55 
f 54//54 56//56 55//55 
f 56//56 53//53 55//55 
f 53//53 51//51 55//55 
f 54//54 57//57 58//58 
f 57//57 59//59 58//58 
f 59//59 56//56 58//58 
f 56//56 54//54 58//58 
s 2
f 57//57 60//60 61//61 
f 60//60 62//62 61//61 
f 62//62 59//59 61//61 
f 59//59 57//57 61//61 
s 4
f 60//60 63//63 64//64 
f 63//63 65//65 64//64 
f 65//65 62//62 64//64 
f 62//62 60//60 64//64 
s 2
f 63//63 66//66 67//67 
f 66//66 68//68 67//67 
f 68//68 65//65 67//67 
f 65//65 63//63 67//67 
s 4
f 66//66 69//69 70//70 
f 69//69 71//71 70//70 
f 71//71 68//68 70//70 
f 68//68 66//66 70//70 
f 69//69 72//72 73//73 
f 72//72 74//74 73//73 
f 74//74 71//71 73//73 
f 71//71 69//69 73//73 
f 72//72 75//75 76//76 
f 75//75 77//77 76//76 
f 77//77 74//74 76//76 
f 74//74 72//72 76//76 
f 75//75 78//78 79//79 
f 78//78 80//80 79//79 
f 80//80 77//77 79//79 
f 77//77 75//75 79//79 
f 78//78 81//81 82//82 
f 81//81 83//83 82//82 
f 83//83 80//80 82//82 
f 80//80 78//78 82//82 
f 81//81 84//84 85//85 
f 84//84 86//86 85//85 
f 86//86 83//83 85//85 
f 83//83 81//81 85//85 
f 84//84 87//87 88//88 
f 87//87 89//89 88//88 
f 89//89 86//86 88//88 
f 86//86 84//84 88//88 
f 87//87 90//90 91//91 
f 90//90 92//92 91//91 
f 92//92 89//89 91//91 
f 89//89 87//87 91//91 
f 90//90 93//93 94//94 
f 93//93 95//95 94//94 
f 95//95 92//92 94//94 
f 92//92 90//90 94//94 
s 2
f 93//93 96//96 97//64 
f 96//96 98//97 97//64 
f 98//97 95//95 97//64 
f 95//95 93//93 97//64 
s 4
f 96//96 99//98 100//61 
f 99//98 101//99 100//61 
f 101//99 98//97 100//61 
f 98//97 96//96 100//61 
s 2
f 99//98 102//100 103//101 
f 102//100 104//102 103//101 
f 104//102 101//99 103//101 
f 101//99 99//98 103//101 
f 102//100 105//103 106//104 
f 105//103 107//105 106//104 
f 107//105 104//102 106//104 
f 104//102 102//100 106//104 
f 105//103 108//106 109//107 
f 108//106 110//108 109//107 
f 110//108 107//105 109//107 
f 107//105 105//103 109//107 
f 108//106 111//109 112//110 
f 111//109 113//111 112//110 
f 113//111 110//108 112//110 
f 110//108 108//106 112//110 
f 111//109 114//112 115//113 
f 114//112 116//114 115//113 
f 116//114 113//111 115//113 
f 113//111 111//109 115//113 
f 114//112 117//115 118//116 
f 117//115 119//117 118//116 
f 119//117 116//114 118//116 
f 116//114 114//112 118//116 
f 117//115 120//118 121//119 
f 120//118 122//120 121//119 
f 122//120 119//117 121//119 
f 119//117 117//115 121//119 
f 120//118 123//121 124//122 
f 123//121 125//123 124//122 
f 125//123 122//120 124//122 
f 122//120 120//118 124//122 
f 123//121 126//124 127//125 
f 126//124 128//126 127//125 
f 128//126 125//123 127//125 
f 125//123 123//121 127//125 
f 126//124 129//127 130//128 
f 129//127 131//129 130//128 
f 131//129 128//126 130//128 
f 128//126 126//124 130//128 
f 129//127 132//130 133//131 
f 132//130 134//132 133//131 
f 134//132 131//129 133//131 
f 131//129 129//127 133//131 
f 132//130 135//133 136//134 
f 135//133 137//135 136//134 
f 137//135 134//132 136//134 
f 134//132 132//130 136//134 
f 135//133 138//136 139//137 
f 138//136 140//138 139//137 
f 140//138 137//135 139//137 
f 137//135 135//133 139//137 
f 138//136 141//139 142//140 
f 141//139 143//141 142//140 
f 143//141 140//138 142//140 
f 140//138 138//136 142//140 
f 141//139 144//142 145//143 
f 144//142 146//144 145//143 
f 146//144 143//141 145//143 
f 143//141 141//139 145//143 
f 144//142 147//145 148//146 
f 147//145 149//147 148//146 
f 149//147 146//144 148//146 
f 146//144 144//142 148//146 
f 147//145 150//148 151//149 
f 150//148 152//150 151//149 
f 152//150 149//147 151//149 
f 149//147 147//145 151//149 
f 150//148 153//151 154//152 
f 153//151 155//153 154//152 
f 155//153 152//150 154//152 
f 152//150 150//148 154//152 
s 4
f 153//151 156//154 157//155 
f 156//154 158//156 157//155 
f 158//156 155//153 157//155 
f 155//153 153//151 157//155 
f 156//154 159//157 160//158 
f 159//157 161//159 160//158 
f 161//159 158//156 160//158 
f 158//156 156//154 160//158 
f 159//157 162//160 163//161 
f 162//160 164//162 163//161 
f 164//162 161//159 163//161 
f 161//159 159//157 163//161 
f 162//160 165//163 166//164 
f 165//163 167//165 166//164 
f 167//165 164//162 166//164 
f 164//162 162//160 166//164 
f 165//163 168//166 169//167 
f 168//166 170//168 169//167 
f 170//168 167//165 169//167 
f 167//165 165//163 169//167 
f 168//166 171//169 172//170 
f 171//169 173//171 172//170 
f 173//171 170//168 172//170 
f 170//168 168//166 172//170 
f 171//169 174//172 175//173 
f 174//172 176//174 175//173 
f 176//174 173//171 175//173 
f 173//171 171//169 175//173 
f 174//172 177//175 178//176 
f 177//175 179//177 178//176 
f 179//177 176//174 178//176 
f 176//174 174//172 178//176 
f 177//175 180//178 181//179 
f 180//178 182//180 181//179 
f 182//180 179//177 181//179 
f 179//177 177//175 181//179 
s 2
f 180//178 183//181 184//182 
f 183//181 185//183 184//182 
f 185//183 182//180 184//182 
f 182//180 180//178 184//182 
f 183//181 186//184 187//185 
f 186//184 188//186 187//185 
f 188//186 185//183 187//185 
f 185//183 183//181 187//185 
f 186//184 189//187 190//188 
f 189//187 191//189 190//188 
f 191//189 188//186 190//188 
f 188//186 186//184 190//188 
f 189//187 192//190 193//191 
f 192//190 194//192 193//191 
f 194//192 191//189 193//191 
f 191//189 189//187 193//191 
f 192//190 195//193 196//194 
f 195//193 197//195 196//194 
f 197//195 194//192 196//194 
f 194//192 192//190 196//194 
f 195//193 198//196 199//197 
f 198//196 200//198 199//197 
f 200//198 197//195 199//197 
f 197//195 195//193 199//197 
f 198//196 201//199 202//200 
f 201//199 203//201 202//200 
f 203//201 200//198 202//200 
f 200//198 198//196 202//200 
f 201//199 204//202 205//203 
f 204//202 206//204 205//203 
f 206//204 203//201 205//203 
f 203//201 201//199 205//203 
f 204//202 207//205 208//206 
f 207//205 209//207 208//206 
f 209//207 206//204 208//206 
f 206//204 204//202 208//206 
s 4
f 207//205 210//208 211//67 
f 210//208 212//209 211//67 
f 212//209 209//207 211//67 
f 209//207 207//205 211//67 
s 2
f 210//208 213//210 214//211 
f 213//210 215//212 214//211 
f 215//212 212//209 214//211 
f 212//209 210//208 214//211 
f 213//210 216//213 217//214 
f 216//213 218//215 217//214 
f 218//215 215//212 217//214 
f 215//212 213//210 217//214 
f 216//213 219//216 220//217 
f 219//216 221//218 220//217 
f 221//218 218//215 220//217 
f 218//215 216//213 220//217 
f 219//216 222//219 223//220 
f 222//219 224//221 223//220 
f 224//221 221//218 223//220 
f 221//218 219//216 223//220 
f 222//219 225//222 226//223 
f 225//222 227//224 226//223 
f 227//224 224//221 226//223 
f 224//221 222//219 226//223 
f 225//222 228//225 229//226 
f 228//225 230//227 229//226 
f 230//227 227//224 229//226 
f 227//224 225//222 229//226 
f 228//225 231//228 232//229 
f 231//228 233//230 232//229 
f 233//230 230//227 232//229 
f 230//227 228//225 232//229 
f 231//228 234//231 235//232 
f 234//231 236//233 235//232 
f 236//233 233//230 235//232 
f 233//230 231//228 235//232 
f 234//231 237//234 238//235 
f 237//234 239//236 238//235 
f 239//236 236//233 238//235 
f 236//233 234//231 238//235 
f 237//234 240//237 241//238 
f 240//237 242//239 241//238 
f 242//239 239//236 241//238 
f 239//236 237//234 241//238 
f 240//237 243//240 244//241 
f 243//240 245//242 244//241 
f 245//242 242//239 244//241 
f 242//239 240//237 244//241 
f 243//240 246//243 247//244 
f 246//243 248//245 247//244 
f 248//245 245//242 247//244 
f 245//242 243//240 247//244 
f 246//243 249//246 250//247 
f 249//246 251//248 250//247 
f 251//248 248//245 250//247 
f 248//245 246//243 250//247 
f 249//246 252//249 253//250 
f 252//249 254//251 253//250 
f 254//251 251//248 253//250 
f 251//248 249//246 253//250 
f 252//249 255//252 256//253 
f 255//252 257//254 256//253 
f 257//254 254//251 256//253 
f 254//251 252//249 256//253 
f 255//252 258//255 259//256 
f 258//255 260//257 259//256 
f 260//257 257//254 259//256 
f 257//254 255//252 259//256 
f 258//255 261//258 262//259 
f 261//258 263//260 262//259 
f 263//260 260//257 262//259 
f 260//257 258//255 262//259 
f 261//258 264//261 265//262 
f 264//261 266//263 265//262 
f 266//263 263//260 265//262 
f 263//260 261//258 265//262 
f 264//261 267//264 268//265 
f 267//264 269//266 268//265 
f 269//266 266//263 268//265 
f 266//263 264//261 268//265 
f 267//264 270//267 271//268 
f 270//267 272//269 271//268 
f 272//269 269//266 271//268 
f 269//266 267//264 271//268 
f 270//267 273//270 274//271 
f 273//270 275//272 274//271 
f 275//272 272//269 274//271 
f 272//269 270//267 274//271 
f 273//270 276//273 277//274 
f 276//273 278//275 277//274 
f 278//275 275//272 277//274 
f 275//272 273//270 277//274 
f 276//273 279//276 280//277 
f 279//276 281//278 280//277 
f 281//278 278//275 280//277 
f 278//275 276//273 280//277 
f 279//276 282//279 283//280 
f 282//279 284//281 283//280 
f 284//281 281//278 283//280 
f 281//278 279//276 283//280 
f 282//279 285//282 286//283 
f 285//282 287//284 286//283 
f 287//284 284//281 286//283 
f 284//281 282//279 286//283 
f 285//282 288//285 289//286 
f 288//285 290//287 289//286 
f 290//287 287//284 289//286 
f 287//284 285//282 289//286 
f 288//285 291//288 292//289 
f 291//288 293//290 292//289 
f 293//290 290//287 292//289 
f 290//287 288//285 292//289 
s 4
f 291//288 294//291 295//61 
f 294//291 296//292 295//61 
f 296//292 293//290 295//61 
f 293//290 291//288 295//61 
s 2
f 294//291 297//293 298//294 
f 297//293 299//295 298//294 
f 299//295 296//292 298//294 
f 296//292 294//291 298//294 
f 297//293 300//296 301//297 
f 300//296 302//298 301//297 
f 302//298 299//295 301//297 
f 299//295 297//293 301//297 
f 300//296 303//299 304//300 
f 303//299 305//301 304//300 
f 305//301 302//298 304//300 
f 302//298 300//296 304//300 
f 303//299 306//302 307//303 
f 306//302 308//304 307//303 
f 308//304 305//301 307//303 
f 305//301 303//299 307//303 
f 306//302 309//305 310//306 
f 309//305 311//307 310//306 
f 311//307 308//304 310//306 
f 308//304 306//302 310//306 
f 309//305 312//308 313//309 
f 312//308 314//310 313//309 
f 314//310 311//307 313//309 
f 311//307 309//305 313//309 
f 312//308 315//311 316//312 
f 315//311 317//313 316//312 
f 317//313 314//310 316//312 
f 314//310 312//308 316//312 
f 315//311 318//314 319//315 
f 318//314 320//316 319//315 
f 320//316 317//313 319//315 
f 317//313 315//311 319//315 
f 318//314 321//317 322//318 
f 321//317 323//319 322//318 
f 323//319 320//316 322//318 
f 320//316 318//314 322//318 
f 321//317 324//320 325//321 
f 324//320 326//322 325//321 
f 326//322 323//319 325//321 
f 323//319 321//317 325//321 
f 324//320 327//323 328//324 
f 327//323 329//325 328//324 
f 329//325 326//322 328//324 
f 326//322 324//320 328//324 
f 327//323 330//326 331//327 
f 330//326 332//328 331//327 
f 332//328 329//325 331//327 
f 329//325 327//323 331//327 
f 330//326 333//329 334//330 
f 333//329 335//331 334//330 
f 335//331 332//328 334//330 
f 332//328 330//326 334//330 
f 333//329 336//332 337//333 
f 336//332 338//334 337//333 
f 338//334 335//331 337//333 
f 335//331 333//329 337//333 
f 336//332 339//335 340//336 
f 339//335 341//337 340//336 
f 341//337 338//334 340//336 
f 338//334 336//332 340//336 
f 339//335 342//338 343//339 
f 342//338 344//340 343//339 
f 344//340 341//337 343//339 
f 341//337 339//335 343//339 
f 342//338 345//341 346//342 
f 345//341 347//343 346//342 
f 347//343 344//340 346//342 
f 344//340 342//338 346//342 
f 345//341 348//344 349//345 
f 348//344 350//346 349//345 
f 350//346 347//343 349//345 
f 347//343 345//341 349//345 
s 4
f 348//344 351//347 352//348 
f 351//347 353//349 352//348 
f 353//349 350//346 352//348 
f 350//346 348//344 352//348 
f 351//347 354//350 355//351 
f 354//350 356//352 355//351 
f 356//352 353//349 355//351 
f 353//349 351//347 355//351 
f 354//350 357//353 358//354 
f 357//353 359//355 358//354 
f 359//355 356//352 358//354 
f 356//352 354//350 358//354 
f 357//353 360//356 361//357 
f 360//356 362//358 361//357 
f 362//358 359//355 361//357 
f 359//355 357//353 361//357 
f 360//356 363//359 364//360 
f 363//359 365//361 364//360 
f 365//361 362//358 364//360 
f 362//358 360//356 364//360 
f 363//359 366//362 367//363 
f 366//362 368//364 367//363 
f 368//364 365//361 367//363 
f 365//361 363//359 367//363 
f 366//362 369//365 370//366 
f 369//365 371//367 370//366 
f 371//367 368//364 370//366 
f 368//364 366//362 370//366 
f 369//365 372//368 373//369 
f 372//368 374//370 373//369 
f 374//370 371//367 373//369 
f 371//367 369//365 373//369 
f 372//368 375//371 376//372 
f 375//371 377//373 376//372 
f 377//373 374//370 376//372 
f 374//370 372//368 376//372 
s 2
f 375//371 378//374 379//375 
f 378//374 380//376 379//375 
f 380//376 377//373 379//375 
f 377//373 375//371 379//375 
f 378//374 381//377 382//378 
f 381//377 383//379 382//378 
f 383//379 380//376 382//378 
f 380//376 378//374 382//378 
f 381//377 384//380 385//381 
f 384//380 386//382 385//381 
f 386//382 383//379 385//381 
f 383//379 381//377 385//381 
f 384//380 387//383 388//384 
f 387//383 389//385 388//384 
f 389//385 386//382 388//384 
f 386//382 384//380 388//384 
f 387//383 390//386 391//387 
f 390//386 392//388 391//387 
f 392//388 389//385 391//387 
f 389//385 387//383 391//387 
f 390//386 393//389 394//390 
f 393//389 395//391 394//390 
f 395//391 392//388 394//390 
f 392//388 390//386 394//390 
f 393//389 396//392 397//393 
f 396//392 398//394 397//393 
f 398//394 395//391 397//393 
f 395//391 393//389 397//393 
f 396//392 399//395 400//396 
f 399//395 401//397 400//396 
f 401//397 398//394 400//396 
f 398//394 396//392 400//396 
f 399//395 402//398 403//399 
f 402//398 404//400 403//399 
f 404//400 401//397 403//399 
f 401//397 399//395 403//399 
f 402//398 405//401 406//402 
f 405//401 407//403 406//402 
f 407//403 404//400 406//402 
f 404//400 402//398 406//402 
f 405//401 408//404 409//405 
f 408//404 410//406 409//405 
f 410//406 407//403 409//405 
f 407//403 405//401 409//405 
f 408//404 411//407 412//408 
f 411//407 413//409 412//408 
f 413//409 410//406 412//408 
f 410//406 408//404 412//408 
f 411//407 414//410 415//411 
f 414//410 416//412 415//411 
f 416//412 413//409 415//411 
f 413//409 411//407 415//411 
f 414//410 417//413 418//414 
f 417//413 419//415 418//414 
f 419//415 416//412 418//414 
f 416//412 414//410 418//414 
f 417//413 420//416 421//417 
f 420//416 422//418 421//417 
f 422//418 419//415 421//417 
f 419//415 417//413 421//417 
f 420//416 423//419 424//420 
f 423//419 425//421 424//420 
f 425//421 422//418 424//420 
f 422//418 420//416 424//420 
f 423//419 426//422 427//423 
f 426//422 428//424 427//423 
f 428//424 425//421 427//423 
f 425//421 423//419 427//423 
f 426//422 429//425 430//426 
f 429//425 431//427 430//426 
f 431//427 428//424 430//426 
f 428//424 426//422 430//426 
s 4
f 429//425 432//428 433//67 
f 432//428 434//429 433//67 
f 434//429 431//427 433//67 
f 431//427 429//425 433//67 
s 2
f 432//428 435//63 436//64 
f 435//63 437//65 436//64 
f 437//65 434//429 436//64 
f 434//429 432//428 436//64 
s 4
f 435//63 1//1 438//67 
f 1//1 5//5 438//67 
f 5//5 437//65 438//67 
f 437//65 435//63 438//67 
s 1
f 439//430 440//431 441//432 
f 440//431 442//433 441//432 
f 442//433 443//434 441//432 
f 443//434 439//430 441//432 
s 3
f 440//431 444//435 445//436 
f 444//435 446//437 445//436 
f 446//437 442//433 445//436 
f 442//433 440//431 445//436 
s 2
f 444//435 447//438 448//439 
f 447//438 449//440 448//439 
f 449//440 446//437 448//439 
f 446//437 444//435 448//439 
f 447//438 450//441 451//442 
f 450//441 452//443 451//442 
f 452//443 449//440 451//442 
f 449//440 447//438 451//442 
f 450//441 453//444 454//445 
f 453//444 455//446 454//445 
f 455//446 452//443 454//445 
f 452//443 450//441 454//445 
f 453//444 456//447 457//448 
f 456//447 458//449 457//448 
f 458//449 455//446 457//448 
f 455//446 453//444 457//448 
f 456//447 459//450 460//451 
f 459//450 461//452 460//451 
f 461//452 458//449 460//451 
f 458//449 456//447 460//451 
f 459//450 462//453 463//454 
f 462//453 464//455 463//454 
f 464//455 461//452 463//454 
f 461//452 459//450 463//454 
f 462//453 465//456 466//457 
f 465//456 467//458 466//457 
f 467//458 464//455 466//457 
f 464//455 462//453 466//457 
f 465//456 468//459 469//460 
f 468//459 470//461 469//460 
f 470//461 467//458 469//460 
f 467//458 465//456 469//460 
f 468//459 471//462 472//463 
f 471//462 473//464 472//463 
f 473//464 470//461 472//463 
f 470//461 468//459 472//463 
f 471//462 474//465 475//466 
f 474//465 476//467 475//466 
f 476//467 473//464 475//466 
f 473//464 471//462 475//466 
f 474//465 477//468 478//469 
f 477//468 479//470 478//469 
f 479//470 476//467 478//469 
f 476//467 474//465 478//469 
f 477//468 480//471 481//472 
f 480//471 482//473 481//472 
f 482//473 479//470 481//472 
f 479//470 477//468 481//472 
f 480//471 483//474 484//475 
f 483//474 485//476 484//475 
f 485//476 482//473 484//475 
f 482//473 480//471 484//475 
f 483//474 486//477 487//478 
f 486//477 488//479 487//478 
f 488//479 485//476 487//478 
f 485//476 483//474 487//478 
f 486//477 489//480 490//481 
f 489//480 491//482 490//481 
f 491//482 488//479 490//481 
f 488//479 486//477 490//481 
f 489//480 492//483 493//484 
f 492//483 494//485 493//484 
f 494//485 491//482 493//484 
f 491//482 489//480 493//484 
f 492//483 495//486 496//487 
f 495//486 497//488 496//487 
f 497//488 494//485 496//487 
f 494//485 492//483 496//487 
f 495//486 498//489 499//490 
f 498//489 500//491 499//490 
f 500//491 497//488 499//490 
f 497//488 495//486 499//490 
f 498//489 501//492 502//493 
f 501//492 503//494 502//493 
f 503//494 500//491 502//493 
f 500//491 498//489 502//493 
f 501//492 504//495 505//496 
f 504//495 506//497 505//496 
f 506//497 503//494 505//496 
f 503//494 501//492 505//496 
f 504//495 507//498 508//499 
f 507//498 509//500 508//499 
f 509//500 506//497 508//499 
f 506//497 504//495 508//499 
f 507//498 510//501 511//502 
f 510//501 512//503 511//502 
f 512//503 509//500 511//502 
f 509//500 507//498 511//502 
f 510//501 513//504 514//505 
f 513//504 515//506 514//505 
f 515//506 512//503 514//505 
f 512//503 510//501 514//505 
f 513//504 516//507 517//508 
f 516//507 518//509 517//508 
f 518//509 515//506 517//508 
f 515//506 513//504 517//508 
f 516//507 519//510 520//511 
f 519//510 521//512 520//511 
f 521//512 518//509 520//511 
f 518//509 516//507 520//511 
f 519//510 522//513 523//514 
f 522//513 524//515 523//514 
f 524//515 521//512 523//514 
f 521//512 519//510 523//514 
f 522//513 525//516 526//517 
f 525//516 527//518 526//517 
f 527//518 524//515 526//517 
f 524//515 522//513 526//517 
f 525//516 528//519 529//520 
f 528//519 530//521 529//520 
f 530//521 527//518 529//520 
f 527//518 525//516 529//520 
f 528//519 531//522 532//523 
f 531//522 533//524 532//523 
f 533//524 530//521 532//523 
f 530//521 528//519 532//523 
f 531//522 534//525 535//526 
f 534//525 536//527 535//526 
f 536//527 533//524 535//526 
f 533//524 531//522 535//526 
f 534//525 537//528 538//529 
f 537//528 539//530 538//529 
f 539//530 536//527 538//529 
f 536//527 534//525 538//529 
f 537//528 540//531 541//532 
f 540//531 542//533 541//532 
f 542//533 539//530 541//532 
f 539//530 537//528 541//532 
f 540//531 543//534 544//535 
f 543//534 545//536 544//535 
f 545//536 542//533 544//535 
f 542//533 540//531 544//535 
s 3
f 543//534 439//430 546//537 
f 439//430 443//434 546//537 
f 443//434 545//536 546//537 
f 545//536 543//534 546//537 
s 1
f 547//538 548//539 549//540 
f 548//539 550//541 549//540 
f 550//541 551//542 549//540 
f 551//542 547//538 549//540 
s 3
f 548//539 552//543 553//544 
f 552//543 554//545 553//544 
f 554//545 550//541 553//544 
f 550//541 548//539 553//544 
s 2
f 552//543 555//546 556//547 
f 555//546 557//548 556//547 
f 557//548 554//545 556//547 
f 554//545 552//543 556//547 
f 555//546 558//549 559//550 
f 558//549 560//551 559//550 
f 560//551 557//548 559//550 
f 557//548 555//546 559//550 
f 558//549 561//552 562//553 
f 561//552 563//554 562//553 
f 563//554 560//551 562//553 
f 560//551 558//549 562//553 
f 561//552 564//555 565//556 
f 564//555 566//557 565//556 
f 566//557 563//554 565//556 
f 563//554 561//552 565//556 
f 564//555 567//558 568//559 
f 567//558 569//560 568//559 
f 569//560 566//557 568//559 
f 566//557 564//555 568//559 
f 567//558 570//561 571//562 
f 570//561 572//563 571//562 
f 572//563 569//560 571//562 
f 569//560 567//558 571//562 
f 570//561 573//564 574//565 
f 573//564 575//566 574//565 
f 575//566 572//563 574//565 
f 572//563 570//561 574//565 
f 573//564 576//567 577//568 
f 576//567 578//569 577//568 
f 578//569 575//566 577//568 
f 575//566 573//564 577//568 
f 576//567 579//570 580//571 
f 579//570 581//572 580//571 
f 581//572 578//569 580//571 
f 578//569 576//567 580//571 
f 579//570 582//573 583//574 
f 582//573 584//575 583//574 
f 584//575 581//572 583//574 
f 581//572 579//570 583//574 
f 582//573 585//576 586//577 
f 585//576 587//578 586//577 
f 587//578 584//575 586//577 
f 584//575 582//573 586//577 
f 585//576 588//579 589//580 
f 588//579 590//581 589//580 
f 590//581 587//578 589//580 
f 587//578 585//576 589//580 
f 588//579 591//582 592//583 
f 591//582 593//584 592//583 
f 593//584 590//581 592//583 
f 590//581 588//579 592//583 
f 591//582 594//585 595//586 
f 594//585 596//587 595//586 
f 596//587 593//584 595//586 
f 593//584 591//582 595//586 
f 594//585 597//588 598//589 
f 597//588 599//590 598//589 
f 599//590 596//587 598//589 
f 596//587 594//585 598//589 
f 597//588 600//591 601//592 
f 600//591 602//593 601//592 
f 602//593 599//590 601//592 
f 599//590 597//588 601//592 
f 600//591 603//594 604//595 
f 603//594 605//596 604//595 
f 605//596 602//593 604//595 
f 602//593 600//591 604//595 
f 603//594 606//597 607//598 
f 606//597 608//599 607//598 
f 608//599 605//596 607//598 
f 605//596 603//594 607//598 
f 606//597 609//600 610//601 
f 609//600 611//602 610//601 
f 611//602 608//599 610//601 
f 608//599 606//597 610//601 
f 609//600 612//603 613//604 
f 612//603 614//605 613//604 
f 614//605 611//602 613//604 
f 611//602 609//600 613//604 
f 612//603 615//606 616//607 
f 615//606 617//608 616//607 
f 617//608 614//605 616//607 
f 614//605 612//603 616//607 
f 615//606 618//609 619//610 
f 618//609 620//611 619//610 
f 620//611 617//608 619//610 
f 617//608 615//606 619//610 
f 618//609 621//612 622//613 
f 621//612 623//614 622//613 
f 623//614 620//611 622//613 
f 620//611 618//609 622//613 
f 621//612 624//615 625//616 
f 624//615 626//617 625//616 
f 626//617 623//614 625//616 
f 623//614 621//612 625//616 
s 4
f 624//615 627//618 628//619 
f 627//618 629//620 628//619 
f 629//620 626//617 628//619 
f 626//617 624//615 628//619 
f 627//618 630//621 631//622 
f 630//621 632//623 631//622 
f 632//623 629//620 631//622 
f 629//620 627//618 631//622 
f 630//621 633//624 634//625 
f 633//624 635//626 634//625 
f 635//626 632//623 634//625 
f 632//623 630//621 634//625 
f 633//624 636//627 637//628 
f 636//627 638//629 637//628 
f 638//629 635//626 637//628 
f 635//626 633//624 637//628 
f 636//627 639//630 640//631 
f 639//630 641//632 640//631 
f 641//632 638//629 640//631 
f 638//629 636//627 640//631 
f 639//630 642//633 643//634 
f 642//633 644//635 643//634 
f 644//635 641//632 643//634 
f 641//632 639//630 643//634 
f 642//633 645//636 646//637 
f 645//636 647//638 646//637 
f 647//638 644//635 646//637 
f 644//635 642//633 646//637 
f 645//636 648//639 649//640 
f 648//639 650//641 649//640 
f 650//641 647//638 649//640 
f 647//638 645//636 649//640 
f 648//639 651//642 652//643 
f 651//642 653//644 652//643 
f 653//644 650//641 652//643 
f 650//641 648//639 652//643 
f 651//642 654//645 655//646 
f 654//645 656//647 655//646 
f 656//647 653//644 655//646 
f 653//644 651//642 655//646 
f 654//645 657//648 658//649 
f 657//648 659//650 658//649 
f 659//650 656//647 658//649 
f 656//647 654//645 658//649 
f 657//648 660//651 661//652 
f 660//651 662//653 661//652 
f 662//653 659//650 661//652 
f 659//650 657//648 661//652 
f 660//651 663//654 664//655 
f 663//654 665//656 664//655 
f 665//656 662//653 664//655 
f 662//653 660//651 664//655 
f 663//654 666//657 667//658 
f 666//657 668//659 667//658 
f 668//659 665//656 667//658 
f 665//656 663//654 667//658 
f 666//657 669//660 670//661 
f 669//660 671//662 670//661 
f 671//662 668//659 670//661 
f 668//659 666//657 670//661 
f 669//660 672//663 673//664 
f 672//663 674//665 673//664 
f 674//665 671//662 673//664 
f 671//662 669//660 673//664 
f 672//663 675//666 676//667 
f 675//666 677//668 676//667 
f 677//668 674//665 676//667 
f 674//665 672//663 676//667 
f 675//666 678//669 679//670 
f 678//669 680//671 679//670 
f 680//671 677//668 679//670 
f 677//668 675//666 679//670 
f 678//669 681//672 682//673 
f 681//672 683//674 682//673 
f 683//674 680//671 682//673 
f 680//671 678//669 682//673 
f 681//672 684//675 685//676 
f 684//675 686//677 685//676 
f 686//677 683//674 685//676 
f 683//674 681//672 685//676 
f 684//675 687//678 688//679 
f 687//678 689//680 688//679 
f 689//680 686//677 688//679 
f 686//677 684//675 688//679 
f 687//678 690//681 691//682 
f 690//681 692//683 691//682 
f 692//683 689//680 691//682 
f 689//680 687//678 691//682 
f 690//681 693//684 694//685 
f 693//684 695//686 694//685 
f 695//686 692//683 694//685 
f 692//683 690//681 694//685 
f 693//684 696//687 697//688 
f 696//687 698//689 697//688 
f 698//689 695//686 697//688 
f 695//686 693//684 697//688 
f 696//687 699//690 700//691 
f 699//690 701//692 700//691 
f 701//692 698//689 700//691 
f 698//689 696//687 700//691 
f 699//690 702//693 703//694 
f 702//693 704//695 703//694 
f 704//695 701//692 703//694 
f 701//692 699//690 703//694 
f 702//693 705//696 706//697 
f 705//696 707//698 706//697 
f 707//698 704//695 706//697 
f 704//695 702//693 706//697 
f 705//696 708//699 709//700 
f 708//699 710//701 709//700 
f 710//701 707//698 709//700 
f 707//698 705//696 709//700 
f 708//699 711//702 712//703 
f 711//702 713//704 712//703 
f 713//704 710//701 712//703 
f 710//701 708//699 712//703 
f 711//702 714//705 715//706 
f 714//705 716//707 715//706 
f 716//707 713//704 715//706 
f 713//704 711//702 715//706 
f 714//705 717//708 718//709 
f 717//708 719//710 718//709 
f 719//710 716//707 718//709 
f 716//707 714//705 718//709 
f 717//708 720//711 721//712 
f 720//711 722//713 721//712 
f 722//713 719//710 721//712 
f 719//710 717//708 721//712 
f 720//711 723//714 724//715 
f 723//714 725//716 724//715 
f 725//716 722//713 724//715 
f 722//713 720//711 724//715 
f 723//714 726//717 727//718 
f 726//717 728//719 727//718 
f 728//719 725//716 727//718 
f 725//716 723//714 727//718 
f 726//717 729//720 730//721 
f 729//720 731//722 730//721 
f 731//722 728//719 730//721 
f 728//719 726//717 730//721 
f 729//720 732//723 733//724 
f 732//723 734//725 733//724 
f 734//725 731//722 733//724 
f 731//722 729//720 733//724 
f 732//723 735//726 736//727 
f 735//726 737//728 736//727 
f 737//728 734//725 736//727 
f 734//725 732//723 736//727 
f 735//726 738//729 739//730 
f 738//729 740//731 739//730 
f 740//731 737//728 739//730 
f 737//728 735//726 739//730 
f 738//729 741//732 742//733 
f 741//732 743//734 742//733 
f 743//734 740//731 742//733 
f 740//731 738//729 742//733 
f 741//732 744//735 745//736 
f 744//735 746//737 745//736 
f 746//737 743//734 745//736 
f 743//734 741//732 745//736 
f 744//735 747//738 748//739 
f 747//738 749//740 748//739 
f 749//740 746//737 748//739 
f 746//737 744//735 748//739 
f 747//738 750//741 751//742 
f 750//741 752//743 751//742 
f 752//743 749//740 751//742 
f 749//740 747//738 751//742 
f 750//741 753//744 754//745 
f 753//744 755//746 754//745 
f 755//746 752//743 754//745 
f 752//743 750//741 754//745 
f 753//744 756//747 757//748 
f 756//747 758//749 757//748 
f 758//749 755//746 757//748 
f 755//746 753//744 757//748 
f 756//747 759//750 760//751 
f 759//750 761//752 760//751 
f 761//752 758//749 760//751 
f 758//749 756//747 760//751 
f 759//750 762//753 763//754 
f 762//753 764//755 763//754 
f 764//755 761//752 763//754 
f 761//752 759//750 763//754 
f 762//753 765//756 766//757 
f 765//756 767//758 766//757 
f 767//758 764//755 766//757 
f 764//755 762//753 766//757 
f 765//756 768//759 769//760 
f 768//759 770//761 769//760 
f 770//761 767//758 769//760 
f 767//758 765//756 769//760 
f 768//759 771//762 772//763 
f 771//762 773//764 772//763 
f 773//764 770//761 772//763 
f 770//761 768//759 772//763 
f 771//762 774//765 775//766 
f 774//765 776//767 775//766 
f 776//767 773//764 775//766 
f 773//764 771//762 775//766 
f 774//765 777//768 778//769 
f 777//768 779//770 778//769 
f 779//770 776//767 778//769 
f 776//767 774//765 778//769 
f 777//768 780//771 781//772 
f 780//771 782//773 781//772 
f 782//773 779//770 781//772 
f 779//770 777//768 781//772 
f 780//771 783//774 784//775 
f 783//774 785//776 784//775 
f 785//776 782//773 784//775 
f 782//773 780//771 784//775 
f 783//774 786//777 787//778 
f 786//777 788//779 787//778 
f 788//779 785//776 787//778 
f 785//776 783//774 787//778 
f 786//777 789//780 790//781 
f 789//780 791//782 790//781 
f 791//782 788//779 790//781 
f 788//779 786//777 790//781 
f 789//780 792//783 793//784 
f 792//783 794//785 793//784 
f 794//785 791//782 793//784 
f 791//782 789//780 793//784 
f 792//783 795//786 796//787 
f 795//786 797//788 796//787 
f 797//788 794//785 796//787 
f 794//785 792//783 796//787 
f 795//786 798//789 799//790 
f 798//789 800//791 799//790 
f 800//791 797//788 799//790 
f 797//788 795//786 799//790 
f 798//789 801//792 802//793 
f 801//792 803//794 802//793 
f 803//794 800//791 802//793 
f 800//791 798//789 802//793 
f 801//792 804//795 805//796 
f 804//795 806//797 805//796 
f 806//797 803//794 805//796 
f 803//794 801//792 805//796 
f 804//795 807//798 808//799 
f 807//798 809//800 808//799 
f 809//800 806//797 808//799 
f 806//797 804//795 808//799 
f 807//798 810//801 811//802 
f 810//801 812//803 811//802 
f 812//803 809//800 811//802 
f 809//800 807//798 811//802 
f 810//801 813//804 814//805 
f 813//804 815//806 814//805 
f 815//806 812//803 814//805 
f 812//803 810//801 814//805 
s 2
f 813//804 816//807 817//64 
f 816//807 818//808 817//64 
f 818//808 815//806 817//64 
f 815//806 813//804 817//64 
s 5
f 816//807 547//538 819//809 
f 547//538 551//542 819//809 
f 551//542 818//808 819//809 
f 818//808 816//807 819//809 
s 1
f 820//810 821//811 822//812 
f 821//811 823//813 822//812 
f 823//813 824//814 822//812 
f 824//814 820//810 822//812 
s 3
f 821//811 825//815 826//816 
f 825//815 827//817 826//816 
f 827//817 823//813 826//816 
f 823//813 821//811 826//816 
s 2
f 825//815 828//818 829//819 
f 828//818 830//820 829//819 
f 830//820 827//817 829//819 
f 827//817 825//815 829//819 
f 828//818 831//821 832//822 
f 831//821 833//823 832//822 
f 833//823 830//820 832//822 
f 830//820 828//818 832//822 
f 831//821 834//824 835//825 
f 834//824 836//826 835//825 
f 836//826 833//823 835//825 
f 833//823 831//821 835//825 
f 834//824 837//827 838//828 
f 837//827 839//829 838//828 
f 839//829 836//826 838//828 
f 836//826 834//824 838//828 
f 837//827 840//830 841//831 
f 840//830 842//832 841//831 
f 842//832 839//829 841//831 
f 839//829 837//827 841//831 
f 840//830 843//833 844//834 
f 843//833 845//835 844//834 
f 845//835 842//832 844//834 
f 842//832 840//830 844//834 
f 843//833 846//836 847//837 
f 846//836 848//838 847//837 
f 848//838 845//835 847//837 
f 845//835 843//833 847//837 
f 846//836 849//839 850//840 
f 849//839 851//841 850//840 
f 851//841 848//838 850//840 
f 848//838 846//836 850//840 
f 849//839 852//842 853//843 
f 852//842 854//844 853//843 
f 854//844 851//841 853//843 
f 851//841 849//839 853//843 
f 852//842 855//845 856//846 
f 855//845 857//847 856//846 
f 857//847 854//844 856//846 
f 854//844 852//842 856//846 
f 855//845 858//848 859//849 
f 858//848 860//850 859//849 
f 860//850 857//847 859//849 
f 857//847 855//845 859//849 
f 858//848 861//851 862//852 
f 861//851 863//853 862//852 
f 863//853 860//850 862//852 
f 860//850 858//848 862//852 
f 861//851 864//854 865//855 
f 864//854 866//856 865//855 
f 866//856 863//853 865//855 
f 863//853 861//851 865//855 
f 864//854 867//857 868//858 
f 867//857 869//859 868//858 
f 869//859 866//856 868//858 
f 866//856 864//854 868//858 
f 867//857 870//860 871//861 
f 870//860 872//862 871//861 
f 872//862 869//859 871//861 
f 869//859 867//857 871//861 
f 870//860 873//863 874//864 
f 873//863 875//865 874//864 
f 875//865 872//862 874//864 
f 872//862 870//860 874//864 
f 873//863 876//866 877//867 
f 876//866 878//868 877//867 
f 878//868 875//865 877//867 
f 875//865 873//863 877//867 
f 876//866 879//869 880//870 
f 879//869 881//871 880//870 
f 881//871 878//868 880//870 
f 878//868 876//866 880//870 
f 879//869 882//872 883//873 
f 882//872 884//874 883//873 
f 884//874 881//871 883//873 
f 881//871 879//869 883//873 
f 882//872 885//875 886//876 
f 885//875 887//877 886//876 
f 887//877 884//874 886//876 
f 884//874 882//872 886//876 
f 885//875 888//878 889//879 
f 888//878 890//880 889//879 
f 890//880 887//877 889//879 
f 887//877 885//875 889//879 
f 888//878 891//881 892//882 
f 891//881 893//883 892//882 
f 893//883 890//880 892//882 
f 890//880 888//878 892//882 
f 891//881 894//884 895//885 
f 894//884 896//886 895//885 
f 896//886 893//883 895//885 
f 893//883 891//881 895//885 
f 894//884 897//887 898//888 
f 897//887 899//889 898//888 
f 899//889 896//886 898//888 
f 896//886 894//884 898//888 
f 897//887 900//890 901//891 
f 900//890 902//892 901//891 
f 902//892 899//889 901//891 
f 899//889 897//887 901//891 
f 900//890 903//893 904//894 
f 903//893 905//895 904//894 
f 905//895 902//892 904//894 
f 902//892 900//890 904//894 
f 903//893 906//896 907//897 
f 906//896 908//898 907//897 
f 908//898 905//895 907//897 
f 905//895 903//893 907//897 
f 906//896 909//899 910//900 
f 909//899 911//901 910//900 
f 911//901 908//898 910//900 
f 908//898 906//896 910//900 
f 909//899 912//902 913//903 
f 912//902 914//904 913//903 
f 914//904 911//901 913//903 
f 911//901 909//899 913//903 
f 912//902 915//905 916//906 
f 915//905 917//907 916//906 
f 917//907 914//904 916//906 
f 914//904 912//902 916//906 
f 915//905 918//908 919//909 
f 918//908 920//910 919//909 
f 920//910 917//907 919//909 
f 917//907 915//905 919//909 
f 918//908 921//911 922//912 
f 921//911 923//913 922//912 
f 923//913 920//910 922//912 
f 920//910 918//908 922//912 
f 921//911 924//914 925//915 
f 924//914 926//916 925//915 
f 926//916 923//913 925//915 
f 923//913 921//911 925//915 
s 3
f 924//914 820//810 927//917 
f 820//810 824//814 927//917 
f 824//814 926//916 927//917 
f 926//916 924//914 927//917 
s 16
f 180//178 327//323 928//918 
f 327//323 324//320 928//918 
f 324//320 180//178 928//918 
f 864//854 861//851 929//918 
f 861//851 624//615 929//918 
f 182//180 329//325 930//919 
f 329//325 332//328 930//919 
f 332//328 359//355 930//919 
f 359//355 362//358 930//919 
f 362//358 365//361 930//919 
f 365//361 368//364 930//919 
f 368//364 371//367 930//919 
f 371//367 374//370 930//919 
f 374//370 377//373 930//919 
f 377//373 179//177 930//919 
f 179//177 182//180 930//919 
f 812//803 815//806 931//919 
f 815//806 818//808 931//919 
f 818//808 551//542 931//919 
f 551//542 812//803 931//919 
f 351//347 348//344 932//918 
f 348//344 345//341 932//918 
f 345//341 351//347 932//918 
f 324//320 321//317 933//918 
f 321//317 180//178 933//918 
f 180//178 324//320 933//918 
f 321//317 318//314 934//918 
f 318//314 180//178 934//918 
f 180//178 321//317 934//918 
f 318//314 315//311 935//918 
f 315//311 180//178 935//918 
f 180//178 318//314 935//918 
f 315//311 312//308 936//918 
f 312//308 180//178 936//918 
f 180//178 315//311 936//918 
f 312//308 309//305 937//918 
f 309//305 180//178 937//918 
f 180//178 312//308 937//918 
f 309//305 306//302 938//918 
f 306//302 180//178 938//918 
f 180//178 309//305 938//918 
f 306//302 303//299 939//918 
f 303//299 180//178 939//918 
f 180//178 306//302 939//918 
f 303//299 300//296 940//918 
f 300//296 180//178 940//918 
f 180//178 303//299 940//918 
f 300//296 297//293 941//918 
f 297//293 180//178 941//918 
f 180//178 300//296 941//918 
f 297//293 294//291 942//918 
f 294//291 180//178 942//918 
f 180//178 297//293 942//918 
f 294//291 291//288 943//918 
f 291//288 180//178 943//918 
f 180//178 294//291 943//918 
f 540//531 537//528 944//918 
f 537//528 180//178 944//918 
f 180//178 291//288 944//918 
f 537//528 534//525 945//918 
f 534//525 180//178 945//918 
f 180//178 537//528 945//918 
f 534//525 531//522 946//918 
f 531//522 180//178 946//918 
f 180//178 534//525 946//918 
f 531//522 528//519 947//918 
f 528//519 180//178 947//918 
f 180//178 531//522 947//918 
f 528//519 525//516 948//918 
f 525//516 180//178 948//918 
f 180//178 528//519 948//918 
f 525//516 522//513 949//918 
f 522//513 180//178 949//918 
f 180//178 525//516 949//918 
f 522//513 519//510 950//918 
f 519//510 180//178 950//918 
f 180//178 522//513 950//918 
f 519//510 516//507 951//918 
f 516//507 213//210 951//918 
f 213//210 210//208 951//918 
f 210//208 207//205 951//918 
f 207//205 204//202 951//918 
f 204//202 201//199 951//918 
f 201//199 198//196 951//918 
f 198//196 195//193 951//918 
f 195//193 192//190 951//918 
f 192//190 189//187 951//918 
f 189//187 186//184 951//918 
f 186//184 183//181 951//918 
f 183//181 180//178 951//918 
f 180//178 519//510 951//918 
f 516//507 513//504 952//918 
f 513//504 216//213 952//918 
f 216//213 213//210 952//918 
f 213//210 516//507 952//918 
f 513//504 510//501 953//918 
f 510//501 219//216 953//918 
f 219//216 216//213 953//918 
f 216//213 513//504 953//918 
f 510//501 507//498 954//918 
f 507//498 222//219 954//918 
f 222//219 219//216 954//918 
f 219//216 510//501 954//918 
f 507//498 504//495 955//918 
f 504//495 228//225 955//918 
f 228//225 225//222 955//918 
f 225//222 222//219 955//918 
f 222//219 507//498 955//918 
f 504//495 501//492 956//918 
f 501//492 231//228 956//918 
f 231//228 228//225 956//918 
f 228//225 504//495 956//918 
f 501//492 498//489 957//918 
f 498//489 234//231 957//918 
f 234//231 231//228 957//918 
f 231//228 501//492 957//918 
f 498//489 495//486 958//918 
f 495//486 234//231 958//918 
f 234//231 498//489 958//918 
f 495//486 492//483 959//918 
f 492//483 237//234 959//918 
f 237//234 234//231 959//918 
f 234//231 495//486 959//918 
f 492//483 489//480 960//918 
f 489//480 240//237 960//918 
f 240//237 237//234 960//918 
f 237//234 492//483 960//918 
f 489//480 486//477 961//918 
f 486//477 240//237 961//918 
f 240//237 489//480 961//918 
f 486//477 483//474 962//918 
f 483//474 243//240 962//918 
f 243//240 240//237 962//918 
f 240//237 486//477 962//918 
f 483//474 480//471 963//918 
f 480//471 246//243 963//918 
f 246//243 243//240 963//918 
f 243//240 483//474 963//918 
f 480//471 477//468 964//918 
f 477//468 249//246 964//918 
f 249//246 246//243 964//918 
f 246//243 480//471 964//918 
f 477//468 474//465 965//918 
f 474//465 252//249 965//918 
f 252//249 249//246 965//918 
f 249//246 477//468 965//918 
f 474//465 471//462 966//918 
f 471//462 255//252 966//918 
f 255//252 252//249 966//918 
f 252//249 474//465 966//918 
f 471//462 468//459 967//918 
f 468//459 258//255 967//918 
f 258//255 255//252 967//918 
f 255//252 471//462 967//918 
f 468//459 465//456 968//918 
f 465//456 261//258 968//918 
f 261//258 258//255 968//918 
f 258//255 468//459 968//918 
f 465//456 462//453 969//918 
f 462//453 264//261 969//918 
f 264//261 261//258 969//918 
f 261//258 465//456 969//918 
f 462//453 459//450 970//918 
f 459//450 264//261 970//918 
f 264//261 462//453 970//918 
f 459//450 456//447 971//918 
f 456//447 267//264 971//918 
f 267//264 264//261 971//918 
f 264//261 459//450 971//918 
f 456//447 453//444 972//918 
f 453//444 270//267 972//918 
f 270//267 267//264 972//918 
f 267//264 456//447 972//918 
f 453//444 450//441 973//918 
f 450//441 273//270 973//918 
f 273//270 270//267 973//918 
f 270//267 453//444 973//918 
f 450//441 447//438 974//918 
f 447//438 279//276 974//918 
f 279//276 276//273 974//918 
f 276//273 273//270 974//918 
f 273//270 450//441 974//918 
f 447//438 444//435 975//918 
f 444//435 282//279 975//918 
f 282//279 279//276 975//918 
f 279//276 447//438 975//918 
f 444//435 440//431 976//918 
f 440//431 285//282 976//918 
f 285//282 282//279 976//918 
f 282//279 444//435 976//918 
f 440//431 439//430 977//918 
f 439//430 288//285 977//918 
f 288//285 285//282 977//918 
f 285//282 440//431 977//918 
f 439//430 543//534 978//918 
f 543//534 291//288 978//918 
f 291//288 288//285 978//918 
f 288//285 439//430 978//918 
f 543//534 540//531 979//918 
f 540//531 944//918 291//288 979//918 
f 291//288 543//534 979//918 
f 99//98 96//96 980//918 
f 96//96 432//428 980//918 
f 432//428 429//425 980//918 
f 429//425 99//98 980//918 
f 345//341 342//338 981//918 
f 342//338 351//347 981//918 
f 351//347 345//341 981//918 
f 342//338 339//335 982//918 
f 339//335 354//350 982//918 
f 354//350 351//347 982//918 
f 351//347 342//338 982//918 
f 339//335 336//332 983//918 
f 336//332 354//350 983//918 
f 354//350 339//335 983//918 
f 336//332 333//329 984//918 
f 333//329 357//353 984//918 
f 357//353 354//350 984//918 
f 354//350 336//332 984//918 
f 333//329 330//326 985//918 
f 330//326 357//353 985//918 
f 357//353 333//329 985//918 
f 330//326 327//323 986//918 
f 327//323 180//178 986//918 
f 180//178 177//175 986//918 
f 177//175 369//365 986//918 
f 369//365 366//362 986//918 
f 366//362 363//359 986//918 
f 363//359 360//356 986//918 
f 360//356 357//353 986//918 
f 357//353 330//326 986//918 
f 174//172 171//169 987//918 
f 171//169 138//136 987//918 
f 138//136 135//133 987//918 
f 135//133 174//172 987//918 
f 96//96 93//93 988//918 
f 93//93 2//2 988//918 
f 2//2 1//1 988//918 
f 1//1 435//63 988//918 
f 435//63 432//428 988//918 
f 432//428 96//96 988//918 
f 429//425 426//422 989//918 
f 426//422 102//100 989//918 
f 102//100 99//98 989//918 
f 99//98 429//425 989//918 
f 426//422 423//419 990//918 
f 423//419 105//103 990//918 
f 105//103 102//100 990//918 
f 102//100 426//422 990//918 
f 423//419 420//416 991//918 
f 420//416 108//106 991//918 
f 108//106 105//103 991//918 
f 105//103 423//419 991//918 
f 420//416 417//413 992//918 
f 417//413 114//112 992//918 
f 114//112 111//109 992//918 
f 111//109 108//106 992//918 
f 108//106 420//416 992//918 
f 417//413 414//410 993//918 
f 414//410 117//115 993//918 
f 117//115 114//112 993//918 
f 114//112 417//413 993//918 
f 414//410 411//407 994//918 
f 411//407 120//118 994//918 
f 120//118 117//115 994//918 
f 117//115 414//410 994//918 
f 411//407 408//404 995//918 
f 408//404 123//121 995//918 
f 123//121 120//118 995//918 
f 120//118 411//407 995//918 
f 408//404 405//401 996//918 
f 405//401 123//121 996//918 
f 123//121 408//404 996//918 
f 405//401 402//398 997//918 
f 402//398 126//124 997//918 
f 126//124 123//121 997//918 
f 123//121 405//401 997//918 
f 402//398 399//395 998//918 
f 399//395 126//124 998//918 
f 126//124 402//398 998//918 
f 399//395 396//392 999//918 
f 396//392 129//127 999//918 
f 129//127 126//124 999//918 
f 126//124 399//395 999//918 
f 396//392 393//389 1000//918 
f 393//389 129//127 1000//918 
f 129//127 396//392 1000//918 
f 393//389 390//386 1001//918 
f 390//386 132//130 1001//918 
f 132//130 129//127 1001//918 
f 129//127 393//389 1001//918 
f 390//386 387//383 1002//918 
f 387//383 132//130 1002//918 
f 132//130 390//386 1002//918 
f 387//383 384//380 1003//918 
f 384//380 132//130 1003//918 
f 132//130 387//383 1003//918 
f 384//380 381//377 1004//918 
f 381//377 132//130 1004//918 
f 132//130 384//380 1004//918 
f 381//377 378//374 1005//918 
f 378//374 132//130 1005//918 
f 132//130 381//377 1005//918 
f 378//374 375//371 1006//918 
f 375//371 132//130 1006//918 
f 132//130 378//374 1006//918 
f 375//371 372//368 1007//918 
f 372//368 369//365 1007//918 
f 369//365 177//175 1007//918 
f 177//175 375//371 1007//918 
f 375//371 177//175 1008//918 
f 177//175 174//172 1008//918 
f 174//172 135//133 1008//918 
f 135//133 132//130 1008//918 
f 132//130 375//371 1008//918 
f 93//93 90//90 1009//918 
f 90//90 2//2 1009//918 
f 2//2 93//93 1009//918 
f 90//90 87//87 1010//918 
f 87//87 2//2 1010//918 
f 2//2 90//90 1010//918 
f 87//87 84//84 1011//918 
f 84//84 2//2 1011//918 
f 2//2 87//87 1011//918 
f 84//84 81//81 1012//918 
f 81//81 9//9 1012//918 
f 9//9 6//6 1012//918 
f 6//6 2//2 1012//918 
f 2//2 84//84 1012//918 
f 81//81 78//78 1013//918 
f 78//78 24//24 1013//918 
f 24//24 21//21 1013//918 
f 21//21 18//18 1013//918 
f 18//18 15//15 1013//918 
f 15//15 12//12 1013//918 
f 12//12 9//9 1013//918 
f 9//9 81//81 1013//918 
f 78//78 75//75 1014//918 
f 75//75 36//36 1014//918 
f 36//36 33//33 1014//918 
f 33//33 30//30 1014//918 
f 30//30 27//27 1014//918 
f 27//27 24//24 1014//918 
f 24//24 78//78 1014//918 
f 75//75 72//72 1015//918 
f 72//72 42//42 1015//918 
f 42//42 39//39 1015//918 
f 39//39 36//36 1015//918 
f 36//36 75//75 1015//918 
f 72//72 69//69 1016//918 
f 69//69 48//48 1016//918 
f 48//48 45//45 1016//918 
f 45//45 42//42 1016//918 
f 42//42 72//72 1016//918 
f 69//69 66//66 1017//918 
f 66//66 51//51 1017//918 
f 51//51 48//48 1017//918 
f 48//48 69//69 1017//918 
f 66//66 63//63 1018//918 
f 63//63 60//60 1018//918 
f 60//60 57//57 1018//918 
f 57//57 54//54 1018//918 
f 54//54 51//51 1018//918 
f 51//51 66//66 1018//918 
f 171//169 168//166 1019//918 
f 168//166 141//139 1019//918 
f 141//139 138//136 1019//918 
f 138//136 171//169 1019//918 
f 168//166 165//163 1020//918 
f 165//163 144//142 1020//918 
f 144//142 141//139 1020//918 
f 141//139 168//166 1020//918 
f 165//163 162//160 1021//918 
f 162//160 144//142 1021//918 
f 144//142 165//163 1021//918 
f 162//160 159//157 1022//918 
f 159//157 147//145 1022//918 
f 147//145 144//142 1022//918 
f 144//142 162//160 1022//918 
f 159//157 156//154 1023//918 
f 156//154 150//148 1023//918 
f 150//148 147//145 1023//918 
f 147//145 159//157 1023//918 
f 156//154 153//151 1024//918 
f 153//151 150//148 1024//918 
f 150//148 156//154 1024//918 
f 861//851 858//848 1025//918 
f 858//848 624//615 1025//918 
f 624//615 861//851 1025//918 
f 858//848 855//845 1026//918 
f 855//845 624//615 1026//918 
f 624//615 858//848 1026//918 
f 855//845 852//842 1027//918 
f 852//842 624//615 1027//918 
f 624//615 855//845 1027//918 
f 852//842 849//839 1028//918 
f 849//839 624//615 1028//918 
f 624//615 852//842 1028//918 
f 849//839 846//836 1029//918 
f 846//836 624//615 1029//918 
f 624//615 849//839 1029//918 
f 846//836 843//833 1030//918 
f 843//833 651//642 1030//918 
f 651//642 648//639 1030//918 
f 648//639 645//636 1030//918 
f 645//636 642//633 1030//918 
f 642//633 639//630 1030//918 
f 639//630 636//627 1030//918 
f 636//627 633//624 1030//918 
f 633//624 630//621 1030//918 
f 630//621 627//618 1030//918 
f 627//618 624//615 1030//918 
f 624//615 846//836 1030//918 
f 843//833 840//830 1031//918 
f 840//830 654//645 1031//918 
f 654//645 651//642 1031//918 
f 651//642 843//833 1031//918 
f 840//830 837//827 1032//918 
f 837//827 657//648 1032//918 
f 657//648 654//645 1032//918 
f 654//645 840//830 1032//918 
f 837//827 834//824 1033//918 
f 834//824 660//651 1033//918 
f 660//651 657//648 1033//918 
f 657//648 837//827 1033//918 
f 834//824 831//821 1034//918 
f 831//821 663//654 1034//918 
f 663//654 660//651 1034//918 
f 660//651 834//824 1034//918 
f 831//821 828//818 1035//918 
f 828//818 666//657 1035//918 
f 666//657 663//654 1035//918 
f 663//654 831//821 1035//918 
f 828//818 825//815 1036//918 
f 825//815 669//660 1036//918 
f 669//660 666//657 1036//918 
f 666//657 828//818 1036//918 
f 825//815 821//811 1037//918 
f 821//811 672//663 1037//918 
f 672//663 669//660 1037//918 
f 669//660 825//815 1037//918 
f 821//811 820//810 1038//918 
f 820//810 675//666 1038//918 
f 675//666 672//663 1038//918 
f 672//663 821//811 1038//918 
f 820//810 924//914 1039//918 
f 924//914 678//669 1039//918 
f 678//669 675//666 1039//918 
f 675//666 820//810 1039//918 
f 924//914 921//911 1040//918 
f 921//911 681//672 1040//918 
f 681//672 678//669 1040//918 
f 678//669 924//914 1040//918 
f 921//911 918//908 1041//918 
f 918//908 684//675 1041//918 
f 684//675 681//672 1041//918 
f 681//672 921//911 1041//918 
f 918//908 915//905 1042//918 
f 915//905 687//678 1042//918 
f 687//678 684//675 1042//918 
f 684//675 918//908 1042//918 
f 915//905 912//902 1043//918 
f 912//902 690//681 1043//918 
f 690//681 687//678 1043//918 
f 687//678 915//905 1043//918 
f 912//902 909//899 1044//918 
f 909//899 693//684 1044//918 
f 693//684 690//681 1044//918 
f 690//681 912//902 1044//918 
f 909//899 906//896 1045//918 
f 906//896 696//687 1045//918 
f 696//687 693//684 1045//918 
f 693//684 909//899 1045//918 
f 906//896 903//893 1046//918 
f 903//893 699//690 1046//918 
f 699//690 696//687 1046//918 
f 696//687 906//896 1046//918 
f 903//893 900//890 1047//918 
f 900//890 702//693 1047//918 
f 702//693 699//690 1047//918 
f 699//690 903//893 1047//918 
f 900//890 897//887 1048//918 
f 897//887 702//693 1048//918 
f 702//693 900//890 1048//918 
f 897//887 894//884 1049//918 
f 894//884 705//696 1049//918 
f 705//696 702//693 1049//918 
f 702//693 897//887 1049//918 
f 894//884 891//881 1050//918 
f 891//881 708//699 1050//918 
f 708//699 705//696 1050//918 
f 705//696 894//884 1050//918 
f 891//881 888//878 1051//918 
f 888//878 714//705 1051//918 
f 714//705 711//702 1051//918 
f 711//702 708//699 1051//918 
f 708//699 891//881 1051//918 
f 888//878 885//875 1052//918 
f 885//875 720//711 1052//918 
f 720//711 717//708 1052//918 
f 717//708 714//705 1052//918 
f 714//705 888//878 1052//918 
f 885//875 882//872 1053//918 
f 882//872 723//714 1053//918 
f 723//714 720//711 1053//918 
f 720//711 885//875 1053//918 
f 882//872 879//869 1054//918 
f 879//869 729//720 1054//918 
f 729//720 726//717 1054//918 
f 726//717 723//714 1054//918 
f 723//714 882//872 1054//918 
f 879//869 876//866 1055//918 
f 876//866 732//723 1055//918 
f 732//723 729//720 1055//918 
f 729//720 879//869 1055//918 
f 876//866 873//863 1056//918 
f 873//863 738//729 1056//918 
f 738//729 735//726 1056//918 
f 735//726 732//723 1056//918 
f 732//723 876//866 1056//918 
f 873//863 870//860 1057//918 
f 870//860 741//732 1057//918 
f 741//732 738//729 1057//918 
f 738//729 873//863 1057//918 
f 870//860 867//857 1058//918 
f 867//857 744//735 1058//918 
f 744//735 741//732 1058//918 
f 741//732 870//860 1058//918 
f 867//857 864//854 1059//918 
f 864//854 929//918 624//615 1059//918 
f 624//615 747//738 1059//918 
f 747//738 744//735 1059//918 
f 744//735 867//857 1059//918 
f 624//615 621//612 1060//918 
f 621//612 750//741 1060//918 
f 750//741 747//738 1060//918 
f 747//738 624//615 1060//918 
f 621//612 618//609 1061//918 
f 618//609 753//744 1061//918 
f 753//744 750//741 1061//918 
f 750//741 621//612 1061//918 
f 618//609 615//606 1062//918 
f 615//606 756//747 1062//918 
f 756//747 753//744 1062//918 
f 753//744 618//609 1062//918 
f 615//606 612//603 1063//918 
f 612//603 756//747 1063//918 
f 756//747 615//606 1063//918 
f 612//603 609//600 1064//918 
f 609//600 759//750 1064//918 
f 759//750 756//747 1064//918 
f 756//747 612//603 1064//918 
f 609//600 606//597 1065//918 
f 606//597 759//750 1065//918 
f 759//750 609//600 1065//918 
f 606//597 603//594 1066//918 
f 603//594 759//750 1066//918 
f 759//750 606//597 1066//918 
f 603//594 600//591 1067//918 
f 600//591 762//753 1067//918 
f 762//753 759//750 1067//918 
f 759//750 603//594 1067//918 
f 600//591 597//588 1068//918 
f 597//588 762//753 1068//918 
f 762//753 600//591 1068//918 
f 597//588 594//585 1069//918 
f 594//585 765//756 1069//918 
f 765//756 762//753 1069//918 
f 762//753 597//588 1069//918 
f 594//585 591//582 1070//918 
f 591//582 768//759 1070//918 
f 768//759 765//756 1070//918 
f 765//756 594//585 1070//918 
f 591//582 588//579 1071//918 
f 588//579 771//762 1071//918 
f 771//762 768//759 1071//918 
f 768//759 591//582 1071//918 
f 588//579 585//576 1072//918 
f 585//576 771//762 1072//918 
f 771//762 588//579 1072//918 
f 585//576 582//573 1073//918 
f 582//573 774//765 1073//918 
f 774//765 771//762 1073//918 
f 771//762 585//576 1073//918 
f 582//573 579//570 1074//918 
f 579//570 777//768 1074//918 
f 777//768 774//765 1074//918 
f 774//765 582//573 1074//918 
f 579//570 576//567 1075//918 
f 576//567 780//771 1075//918 
f 780//771 777//768 1075//918 
f 777//768 579//570 1075//918 
f 576//567 573//564 1076//918 
f 573//564 780//771 1076//918 
f 780//771 576//567 1076//918 
f 573//564 570//561 1077//918 
f 570//561 783//774 1077//918 
f 783//774 780//771 1077//918 
f 780//771 573//564 1077//918 
f 570//561 567//558 1078//918 
f 567//558 786//777 1078//918 
f 786//777 783//774 1078//918 
f 783//774 570//561 1078//918 
f 567//558 564//555 1079//918 
f 564//555 792//783 1079//918 
f 792//783 789//780 1079//918 
f 789//780 786//777 1079//918 
f 786//777 567//558 1079//918 
f 564//555 561//552 1080//918 
f 561//552 795//786 1080//918 
f 795//786 792//783 1080//918 
f 792//783 564//555 1080//918 
f 561//552 558//549 1081//918 
f 558//549 798//789 1081//918 
f 798//789 795//786 1081//918 
f 795//786 561//552 1081//918 
f 558//549 555//546 1082//918 
f 555//546 801//792 1082//918 
f 801//792 798//789 1082//918 
f 798//789 558//549 1082//918 
f 555//546 552//543 1083//918 
f 552//543 804//795 1083//918 
f 804//795 801//792 1083//918 
f 801//792 555//546 1083//918 
f 552//543 548//539 1084//918 
f 548//539 807//798 1084//918 
f 807//798 804//795 1084//918 
f 804//795 552//543 1084//918 
f 548//539 547//538 1085//918 
f 547//538 810//801 1085//918 
f 810//801 807//798 1085//918 
f 807//798 548//539 1085//918 
f 547//538 816//807 1086//918 
f 816//807 813//804 1086//918 
f 813//804 810//801 1086//918 
f 810//801 547//538 1086//918 
f 293//290 1087//919 542//533 1088//919 
f 542//533 545//536 1088//919 
f 545//536 293//290 1088//919 
f 332//328 335//331 1089//919 
f 335//331 359//355 1089//919 
f 359//355 332//328 1089//919 
f 152//150 155//153 1090//919 
f 155//153 158//156 1090//919 
f 158//156 152//150 1090//919 
f 377//373 380//376 1091//919 
f 380//376 134//132 1091//919 
f 134//132 377//373 1091//919 
f 158//156 161//159 1092//919 
f 161//159 149//147 1092//919 
f 149//147 152//150 1092//919 
f 152//150 158//156 1092//919 
f 161//159 164//162 1093//919 
f 164//162 146//144 1093//919 
f 146//144 149//147 1093//919 
f 149//147 161//159 1093//919 
f 164//162 167//165 1094//919 
f 167//165 146//144 1094//919 
f 146//144 164//162 1094//919 
f 167//165 170//168 1095//919 
f 170//168 143//141 1095//919 
f 143//141 146//144 1095//919 
f 146//144 167//165 1095//919 
f 170//168 173//171 1096//919 
f 173//171 140//138 1096//919 
f 140//138 143//141 1096//919 
f 143//141 170//168 1096//919 
f 173//171 176//174 1097//919 
f 176//174 137//135 1097//919 
f 137//135 140//138 1097//919 
f 140//138 173//171 1097//919 
f 176//174 179//177 1098//919 
f 179//177 377//373 1098//919 
f 377//373 134//132 1098//919 
f 134//132 137//135 1098//919 
f 137//135 176//174 1098//919 
f 380//376 383//379 1099//919 
f 383//379 134//132 1099//919 
f 134//132 380//376 1099//919 
f 383//379 386//382 1100//919 
f 386//382 134//132 1100//919 
f 134//132 383//379 1100//919 
f 386//382 389//385 1101//919 
f 389//385 134//132 1101//919 
f 134//132 386//382 1101//919 
f 389//385 392//388 1102//919 
f 392//388 134//132 1102//919 
f 134//132 389//385 1102//919 
f 392//388 395//391 1103//919 
f 395//391 131//129 1103//919 
f 131//129 134//132 1103//919 
f 134//132 392//388 1103//919 
f 395//391 398//394 1104//919 
f 398//394 131//129 1104//919 
f 131//129 395//391 1104//919 
f 398//394 401//397 1105//919 
f 401//397 128//126 1105//919 
f 128//126 131//129 1105//919 
f 131//129 398//394 1105//919 
f 401//397 404//400 1106//919 
f 404//400 128//126 1106//919 
f 128//126 401//397 1106//919 
f 404//400 407//403 1107//919 
f 407//403 125//123 1107//919 
f 125//123 128//126 1107//919 
f 128//126 404//400 1107//919 
f 407//403 410//406 1108//919 
f 410//406 125//123 1108//919 
f 125//123 407//403 1108//919 
f 410//406 413//409 1109//919 
f 413//409 122//120 1109//919 
f 122//120 125//123 1109//919 
f 125//123 410//406 1109//919 
f 413//409 416//412 1110//919 
f 416//412 119//117 1110//919 
f 119//117 122//120 1110//919 
f 122//120 413//409 1110//919 
f 416//412 419//415 1111//919 
f 419//415 116//114 1111//919 
f 116//114 119//117 1111//919 
f 119//117 416//412 1111//919 
f 419//415 422//418 1112//919 
f 422//418 110//108 1112//919 
f 110//108 113//111 1112//919 
f 113//111 116//114 1112//919 
f 116//114 419//415 1112//919 
f 422//418 425//421 1113//919 
f 425//421 107//105 1113//919 
f 107//105 110//108 1113//919 
f 110//108 422//418 1113//919 
f 425//421 428//424 1114//919 
f 428//424 104//102 1114//919 
f 104//102 107//105 1114//919 
f 107//105 425//421 1114//919 
f 428//424 431//427 1115//919 
f 431//427 101//99 1115//919 
f 101//99 104//102 1115//919 
f 104//102 428//424 1115//919 
f 53//53 56//56 1116//919 
f 56//56 59//59 1116//919 
f 59//59 62//62 1116//919 
f 62//62 65//65 1116//919 
f 65//65 68//68 1116//919 
f 68//68 53//53 1116//919 
f 434//429 437//65 1117//919 
f 437//65 5//5 1117//919 
f 5//5 4//4 1117//919 
f 4//4 434//429 1117//919 
f 68//68 71//71 1118//919 
f 71//71 50//50 1118//919 
f 50//50 53//53 1118//919 
f 53//53 68//68 1118//919 
f 71//71 74//74 1119//919 
f 74//74 44//44 1119//919 
f 44//44 47//47 1119//919 
f 47//47 50//50 1119//919 
f 50//50 71//71 1119//919 
f 74//74 77//77 1120//919 
f 77//77 38//38 1120//919 
f 38//38 41//41 1120//919 
f 41//41 44//44 1120//919 
f 44//44 74//74 1120//919 
f 77//77 80//80 1121//919 
f 80//80 26//26 1121//919 
f 26//26 29//29 1121//919 
f 29//29 32//32 1121//919 
f 32//32 35//35 1121//919 
f 35//35 38//38 1121//919 
f 38//38 77//77 1121//919 
f 80//80 83//83 1122//919 
f 83//83 11//11 1122//919 
f 11//11 14//14 1122//919 
f 14//14 17//17 1122//919 
f 17//17 20//20 1122//919 
f 20//20 23//23 1122//919 
f 23//23 26//26 1122//919 
f 26//26 80//80 1122//919 
f 83//83 86//86 1123//919 
f 86//86 4//4 1123//919 
f 4//4 8//8 1123//919 
f 8//8 11//11 1123//919 
f 11//11 83//83 1123//919 
f 86//86 89//89 1124//919 
f 89//89 4//4 1124//919 
f 4//4 86//86 1124//919 
f 89//89 92//92 1125//919 
f 92//92 4//4 1125//919 
f 4//4 89//89 1125//919 
f 92//92 95//95 1126//919 
f 95//95 4//4 1126//919 
f 4//4 92//92 1126//919 
f 95//95 98//97 1127//919 
f 98//97 434//429 1127//919 
f 434//429 4//4 1127//919 
f 4//4 95//95 1127//919 
f 98//97 101//99 1128//919 
f 101//99 431//427 1128//919 
f 431//427 434//429 1128//919 
f 434//429 98//97 1128//919 
f 335//331 338//334 1129//919 
f 338//334 356//352 1129//919 
f 356//352 359//355 1129//919 
f 359//355 335//331 1129//919 
f 338//334 341//337 1130//919 
f 341//337 356//352 1130//919 
f 356//352 338//334 1130//919 
f 341//337 344//340 1131//919 
f 344//340 353//349 1131//919 
f 353//349 356//352 1131//919 
f 356//352 341//337 1131//919 
f 344//340 347//343 1132//919 
f 347//343 353//349 1132//919 
f 353//349 344//340 1132//919 
f 347//343 350//346 1133//919 
f 350//346 353//349 1133//919 
f 353//349 347//343 1133//919 
f 545//536 443//434 1134//919 
f 443//434 290//287 1134//919 
f 290//287 293//290 1134//919 
f 293//290 545//536 1134//919 
f 443//434 442//433 1135//919 
f 442//433 287//284 1135//919 
f 287//284 290//287 1135//919 
f 290//287 443//434 1135//919 
f 442//433 446//437 1136//919 
f 446//437 284//281 1136//919 
f 284//281 287//284 1136//919 
f 287//284 442//433 1136//919 
f 446//437 449//440 1137//919 
f 449//440 281//278 1137//919 
f 281//278 284//281 1137//919 
f 284//281 446//437 1137//919 
f 449//440 452//443 1138//919 
f 452//443 275//272 1138//919 
f 275//272 278//275 1138//919 
f 278//275 281//278 1138//919 
f 281//278 449//440 1138//919 
f 452//443 455//446 1139//919 
f 455//446 272//269 1139//919 
f 272//269 275//272 1139//919 
f 275//272 452//443 1139//919 
f 455//446 458//449 1140//919 
f 458//449 269//266 1140//919 
f 269//266 272//269 1140//919 
f 272//269 455//446 1140//919 
f 458//449 461//452 1141//919 
f 461//452 266//263 1141//919 
f 266//263 269//266 1141//919 
f 269//266 458//449 1141//919 
f 461//452 464//455 1142//919 
f 464//455 266//263 1142//919 
f 266//263 461//452 1142//919 
f 464//455 467//458 1143//919 
f 467//458 263//260 1143//919 
f 263//260 266//263 1143//919 
f 266//263 464//455 1143//919 
f 467//458 470//461 1144//919 
f 470//461 260//257 1144//919 
f 260//257 263//260 1144//919 
f 263//260 467//458 1144//919 
f 470//461 473//464 1145//919 
f 473//464 257//254 1145//919 
f 257//254 260//257 1145//919 
f 260//257 470//461 1145//919 
f 473//464 476//467 1146//919 
f 476//467 254//251 1146//919 
f 254//251 257//254 1146//919 
f 257//254 473//464 1146//919 
f 476//467 479//470 1147//919 
f 479//470 251//248 1147//919 
f 251//248 254//251 1147//919 
f 254//251 476//467 1147//919 
f 479//470 482//473 1148//919 
f 482//473 248//245 1148//919 
f 248//245 251//248 1148//919 
f 251//248 479//470 1148//919 
f 482//473 485//476 1149//919 
f 485//476 245//242 1149//919 
f 245//242 248//245 1149//919 
f 248//245 482//473 1149//919 
f 485//476 488//479 1150//919 
f 488//479 242//239 1150//919 
f 242//239 245//242 1150//919 
f 245//242 485//476 1150//919 
f 488//479 491//482 1151//919 
f 491//482 242//239 1151//919 
f 242//239 488//479 1151//919 
f 491//482 494//485 1152//919 
f 494//485 239//236 1152//919 
f 239//236 242//239 1152//919 
f 242//239 491//482 1152//919 
f 494//485 497//488 1153//919 
f 497//488 236//233 1153//919 
f 236//233 239//236 1153//919 
f 239//236 494//485 1153//919 
f 497//488 500//491 1154//919 
f 500//491 236//233 1154//919 
f 236//233 497//488 1154//919 
f 500//491 503//494 1155//919 
f 503//494 233//230 1155//919 
f 233//230 236//233 1155//919 
f 236//233 500//491 1155//919 
f 503//494 506//497 1156//919 
f 506//497 230//227 1156//919 
f 230//227 233//230 1156//919 
f 233//230 503//494 1156//919 
f 506//497 509//500 1157//919 
f 509//500 224//221 1157//919 
f 224//221 227//224 1157//919 
f 227//224 230//227 1157//919 
f 230//227 506//497 1157//919 
f 509//500 512//503 1158//919 
f 512//503 221//218 1158//919 
f 221//218 224//221 1158//919 
f 224//221 509//500 1158//919 
f 512//503 515//506 1159//919 
f 515//506 218//215 1159//919 
f 218//215 221//218 1159//919 
f 221//218 512//503 1159//919 
f 515//506 518//509 1160//919 
f 518//509 215//212 1160//919 
f 215//212 218//215 1160//919 
f 218//215 515//506 1160//919 
f 518//509 521//512 1161//919 
f 521//512 182//180 1161//919 
f 182//180 185//183 1161//919 
f 185//183 188//186 1161//919 
f 188//186 191//189 1161//919 
f 191//189 194//192 1161//919 
f 194//192 197//195 1161//919 
f 197//195 200//198 1161//919 
f 200//198 203//201 1161//919 
f 203//201 206//204 1161//919 
f 206//204 209//207 1161//919 
f 209//207 212//209 1161//919 
f 212//209 215//212 1161//919 
f 215//212 518//509 1161//919 
f 521//512 524//515 1162//919 
f 524//515 182//180 1162//919 
f 182//180 521//512 1162//919 
f 524//515 527//518 1163//919 
f 527//518 182//180 1163//919 
f 182//180 524//515 1163//919 
f 527//518 530//521 1164//919 
f 530//521 182//180 1164//919 
f 182//180 527//518 1164//919 
f 530//521 533//524 1165//919 
f 533//524 182//180 1165//919 
f 182//180 530//521 1165//919 
f 533//524 536//527 1166//919 
f 536//527 182//180 1166//919 
f 182//180 533//524 1166//919 
f 536//527 539//530 1167//919 
f 539//530 182//180 1167//919 
f 182//180 536//527 1167//919 
f 539//530 542//533 1087//919 
f 293//290 182//180 1087//919 
f 182//180 539//530 1087//919 
f 293//290 296//292 1168//919 
f 296//292 182//180 1168//919 
f 182//180 293//290 1168//919 
f 296//292 299//295 1169//919 
f 299//295 182//180 1169//919 
f 182//180 296//292 1169//919 
f 299//295 302//298 1170//919 
f 302//298 182//180 1170//919 
f 182//180 299//295 1170//919 
f 302//298 305//301 1171//919 
f 305//301 182//180 1171//919 
f 182//180 302//298 1171//919 
f 305//301 308//304 1172//919 
f 308//304 182//180 1172//919 
f 182//180 305//301 1172//919 
f 308//304 311//307 1173//919 
f 311//307 182//180 1173//919 
f 182//180 308//304 1173//919 
f 311//307 314//310 1174//919 
f 314//310 182//180 1174//919 
f 182//180 311//307 1174//919 
f 314//310 317//313 1175//919 
f 317//313 182//180 1175//919 
f 182//180 314//310 1175//919 
f 317//313 320//316 1176//919 
f 320//316 182//180 1176//919 
f 182//180 317//313 1176//919 
f 320//316 323//319 1177//919 
f 323//319 182//180 1177//919 
f 182//180 320//316 1177//919 
f 323//319 326//322 1178//919 
f 326//322 182//180 1178//919 
f 182//180 323//319 1178//919 
f 326//322 329//325 1179//919 
f 329//325 182//180 1179//919 
f 182//180 326//322 1179//919 
f 551//542 550//541 1180//919 
f 550//541 809//800 1180//919 
f 809//800 812//803 1180//919 
f 812//803 551//542 1180//919 
f 550//541 554//545 1181//919 
f 554//545 806//797 1181//919 
f 806//797 809//800 1181//919 
f 809//800 550//541 1181//919 
f 554//545 557//548 1182//919 
f 557//548 803//794 1182//919 
f 803//794 806//797 1182//919 
f 806//797 554//545 1182//919 
f 557//548 560//551 1183//919 
f 560//551 800//791 1183//919 
f 800//791 803//794 1183//919 
f 803//794 557//548 1183//919 
f 560//551 563//554 1184//919 
f 563//554 797//788 1184//919 
f 797//788 800//791 1184//919 
f 800//791 560//551 1184//919 
f 563//554 566//557 1185//919 
f 566//557 794//785 1185//919 
f 794//785 797//788 1185//919 
f 797//788 563//554 1185//919 
f 566//557 569//560 1186//919 
f 569//560 788//779 1186//919 
f 788//779 791//782 1186//919 
f 791//782 794//785 1186//919 
f 794//785 566//557 1186//919 
f 569//560 572//563 1187//919 
f 572//563 785//776 1187//919 
f 785//776 788//779 1187//919 
f 788//779 569//560 1187//919 
f 572//563 575//566 1188//919 
f 575//566 782//773 1188//919 
f 782//773 785//776 1188//919 
f 785//776 572//563 1188//919 
f 575//566 578//569 1189//919 
f 578//569 782//773 1189//919 
f 782//773 575//566 1189//919 
f 578//569 581//572 1190//919 
f 581//572 779//770 1190//919 
f 779//770 782//773 1190//919 
f 782//773 578//569 1190//919 
f 581//572 584//575 1191//919 
f 584//575 776//767 1191//919 
f 776//767 779//770 1191//919 
f 779//770 581//572 1191//919 
f 584//575 587//578 1192//919 
f 587//578 773//764 1192//919 
f 773//764 776//767 1192//919 
f 776//767 584//575 1192//919 
f 587//578 590//581 1193//919 
f 590//581 773//764 1193//919 
f 773//764 587//578 1193//919 
f 590//581 593//584 1194//919 
f 593//584 770//761 1194//919 
f 770//761 773//764 1194//919 
f 773//764 590//581 1194//919 
f 593//584 596//587 1195//919 
f 596//587 767//758 1195//919 
f 767//758 770//761 1195//919 
f 770//761 593//584 1195//919 
f 596//587 599//590 1196//919 
f 599//590 764//755 1196//919 
f 764//755 767//758 1196//919 
f 767//758 596//587 1196//919 
f 599//590 602//593 1197//919 
f 602//593 764//755 1197//919 
f 764//755 599//590 1197//919 
f 602//593 605//596 1198//919 
f 605//596 761//752 1198//919 
f 761//752 764//755 1198//919 
f 764//755 602//593 1198//919 
f 605//596 608//599 1199//919 
f 608//599 761//752 1199//919 
f 761//752 605//596 1199//919 
f 608//599 611//602 1200//919 
f 611//602 761//752 1200//919 
f 761//752 608//599 1200//919 
f 611//602 614//605 1201//919 
f 614//605 758//749 1201//919 
f 758//749 761//752 1201//919 
f 761//752 611//602 1201//919 
f 614//605 617//608 1202//919 
f 617//608 758//749 1202//919 
f 758//749 614//605 1202//919 
f 617//608 620//611 1203//919 
f 620//611 755//746 1203//919 
f 755//746 758//749 1203//919 
f 758//749 617//608 1203//919 
f 620//611 623//614 1204//919 
f 623//614 752//743 1204//919 
f 752//743 755//746 1204//919 
f 755//746 620//611 1204//919 
f 623//614 626//617 1205//919 
f 626//617 749//740 1205//919 
f 749//740 752//743 1205//919 
f 752//743 623//614 1205//919 
f 626//617 1206//919 866//856 1207//919 
f 866//856 869//859 1207//919 
f 869//859 746//737 1207//919 
f 746//737 749//740 1207//919 
f 749//740 626//617 1207//919 
f 869//859 872//862 1208//919 
f 872//862 743//734 1208//919 
f 743//734 746//737 1208//919 
f 746//737 869//859 1208//919 
f 872//862 875//865 1209//919 
f 875//865 740//731 1209//919 
f 740//731 743//734 1209//919 
f 743//734 872//862 1209//919 
f 875//865 878//868 1210//919 
f 878//868 734//725 1210//919 
f 734//725 737//728 1210//919 
f 737//728 740//731 1210//919 
f 740//731 875//865 1210//919 
f 878//868 881//871 1211//919 
f 881//871 731//722 1211//919 
f 731//722 734//725 1211//919 
f 734//725 878//868 1211//919 
f 881//871 884//874 1212//919 
f 884//874 725//716 1212//919 
f 725//716 728//719 1212//919 
f 728//719 731//722 1212//919 
f 731//722 881//871 1212//919 
f 884//874 887//877 1213//919 
f 887//877 722//713 1213//919 
f 722//713 725//716 1213//919 
f 725//716 884//874 1213//919 
f 887//877 890//880 1214//919 
f 890//880 716//707 1214//919 
f 716//707 719//710 1214//919 
f 719//710 722//713 1214//919 
f 722//713 887//877 1214//919 
f 890//880 893//883 1215//919 
f 893//883 710//701 1215//919 
f 710//701 713//704 1215//919 
f 713//704 716//707 1215//919 
f 716//707 890//880 1215//919 
f 893//883 896//886 1216//919 
f 896//886 707//698 1216//919 
f 707//698 710//701 1216//919 
f 710//701 893//883 1216//919 
f 896//886 899//889 1217//919 
f 899//889 704//695 1217//919 
f 704//695 707//698 1217//919 
f 707//698 896//886 1217//919 
f 899//889 902//892 1218//919 
f 902//892 704//695 1218//919 
f 704//695 899//889 1218//919 
f 902//892 905//895 1219//919 
f 905//895 701//692 1219//919 
f 701//692 704//695 1219//919 
f 704//695 902//892 1219//919 
f 905//895 908//898 1220//919 
f 908//898 698//689 1220//919 
f 698//689 701//692 1220//919 
f 701//692 905//895 1220//919 
f 908//898 911//901 1221//919 
f 911//901 695//686 1221//919 
f 695//686 698//689 1221//919 
f 698//689 908//898 1221//919 
f 911//901 914//904 1222//919 
f 914//904 692//683 1222//919 
f 692//683 695//686 1222//919 
f 695//686 911//901 1222//919 
f 914//904 917//907 1223//919 
f 917//907 689//680 1223//919 
f 689//680 692//683 1223//919 
f 692//683 914//904 1223//919 
f 917//907 920//910 1224//919 
f 920//910 686//677 1224//919 
f 686//677 689//680 1224//919 
f 689//680 917//907 1224//919 
f 920//910 923//913 1225//919 
f 923//913 683//674 1225//919 
f 683//674 686//677 1225//919 
f 686//677 920//910 1225//919 
f 923//913 926//916 1226//919 
f 926//916 680//671 1226//919 
f 680//671 683//674 1226//919 
f 683//674 923//913 1226//919 
f 926//916 824//814 1227//919 
f 824//814 677//668 1227//919 
f 677//668 680//671 1227//919 
f 680//671 926//916 1227//919 
f 824//814 823//813 1228//919 
f 823//813 674//665 1228//919 
f 674//665 677//668 1228//919 
f 677//668 824//814 1228//919 
f 823//813 827//817 1229//919 
f 827//817 671//662 1229//919 
f 671//662 674//665 1229//919 
f 674//665 823//813 1229//919 
f 827//817 830//820 1230//919 
f 830//820 668//659 1230//919 
f 668//659 671//662 1230//919 
f 671//662 827//817 1230//919 
f 830//820 833//823 1231//919 
f 833//823 665//656 1231//919 
f 665//656 668//659 1231//919 
f 668//659 830//820 1231//919 
f 833//823 836//826 1232//919 
f 836//826 662//653 1232//919 
f 662//653 665//656 1232//919 
f 665//656 833//823 1232//919 
f 836//826 839//829 1233//919 
f 839//829 659//650 1233//919 
f 659//650 662//653 1233//919 
f 662//653 836//826 1233//919 
f 839//829 842//832 1234//919 
f 842//832 656//647 1234//919 
f 656//647 659//650 1234//919 
f 659//650 839//829 1234//919 
f 842//832 845//835 1235//919 
f 845//835 653//644 1235//919 
f 653//644 656//647 1235//919 
f 656//647 842//832 1235//919 
f 845//835 848//838 1236//919 
f 848//838 626//617 1236//919 
f 626//617 629//620 1236//919 
f 629//620 632//623 1236//919 
f 632//623 635//626 1236//919 
f 635//626 638//629 1236//919 
f 638//629 641//632 1236//919 
f 641//632 644//635 1236//919 
f 644//635 647//638 1236//919 
f 647//638 650//641 1236//919 
f 650//641 653//644 1236//919 
f 653//644 845//835 1236//919 
f 848//838 851//841 1237//919 
f 851//841 626//617 1237//919 
f 626//617 848//838 1237//919 
f 851//841 854//844 1238//919 
f 854//844 626//617 1238//919 
f 626//617 851//841 1238//919 
f 854//844 857//847 1239//919 
f 857//847 626//617 1239//919 
f 626//617 854//844 1239//919 
f 857//847 860//850 1240//919 
f 860//850 626//617 1240//919 
f 626//617 857//847 1240//919 
f 860//850 863//853 1241//919 
f 863//853 626//617 1241//919 
f 626//617 860//850 1241//919 
f 863//853 866//856 1206//919 
f 626//617 863//853 1206//919 
# 4 polygons - 2474 triangles

