# 3ds Max Wavefront OBJ Exporter v0.97b - (c)2007 guruware
# File Created: 28.01.2021 19:05:25

#
# object Do_chada
#

v  435.9772 0.0000 22.2815
v  435.7995 0.0000 22.5929
v  435.8884 5.0000 22.4372
v  435.7995 10.0000 22.5929
v  435.9772 10.0000 22.2815
v  435.5926 0.0000 22.9154
v  435.6960 5.0000 22.7541
v  435.5926 10.0000 22.9154
v  435.3567 0.0000 23.2492
v  435.4747 5.0000 23.0823
v  435.3567 10.0000 23.2492
v  435.0918 0.0000 23.5941
v  435.2242 5.0000 23.4216
v  435.0918 10.0000 23.5941
v  434.7977 0.0000 23.9502
v  434.9447 5.0000 23.7721
v  434.7977 10.0000 23.9502
v  434.4746 0.0000 24.3175
v  434.6361 5.0000 24.1338
v  434.4746 10.0000 24.3175
v  434.1224 0.0000 24.6959
v  434.2985 5.0000 24.5067
v  434.1224 10.0000 24.6959
v  433.7411 0.0000 25.0855
v  433.9318 5.0000 24.8907
v  433.7411 10.0000 25.0855
v  433.3562 0.0000 25.4588
v  433.5486 5.0000 25.2722
v  433.3562 10.0000 25.4588
v  432.9928 0.0000 25.7882
v  433.1745 5.0000 25.6235
v  432.9928 10.0000 25.7882
v  432.6511 0.0000 26.0736
v  432.8219 5.0000 25.9309
v  432.6511 10.0000 26.0736
v  432.3309 0.0000 26.3151
v  432.4910 5.0000 26.1944
v  432.3309 10.0000 26.3151
v  432.0324 0.0000 26.5128
v  432.1817 5.0000 26.4140
v  432.0324 10.0000 26.5128
v  431.7555 0.0000 26.6665
v  431.8940 5.0000 26.5896
v  431.7555 10.0000 26.6665
v  431.5002 0.0000 26.7762
v  431.6279 5.0000 26.7214
v  431.5002 10.0000 26.7762
v  431.2665 0.0000 26.8421
v  431.3834 5.0000 26.8092
v  431.2665 10.0000 26.8421
v  431.0545 0.0000 26.8641
v  431.1605 5.0000 26.8531
v  431.0545 10.0000 26.8641
v  430.5966 0.0000 26.2596
v  430.8255 5.0000 26.5618
v  430.5966 10.0000 26.2596
v  430.0704 0.0000 25.6525
v  430.3335 5.0000 25.9560
v  430.0704 10.0000 25.6525
v  429.4758 0.0000 25.0428
v  429.7731 5.0000 25.3476
v  429.4758 10.0000 25.0428
v  428.8129 0.0000 24.4305
v  429.1444 5.0000 24.7366
v  428.8129 10.0000 24.4305
v  428.0817 0.0000 23.8155
v  428.4473 5.0000 24.1230
v  428.0817 10.0000 23.8155
v  427.2822 0.0000 23.1980
v  427.6820 5.0000 23.5068
v  427.2822 10.0000 23.1980
v  426.4144 0.0000 22.5779
v  426.8483 5.0000 22.8879
v  426.4144 10.0000 22.5779
v  425.4782 0.0000 21.9551
v  425.9463 5.0000 22.2665
v  425.4782 10.0000 21.9551
v  424.4737 0.0000 21.3298
v  424.9759 5.0000 21.6424
v  424.4737 10.0000 21.3298
v  424.7905 0.0000 20.4801
v  424.6321 5.0000 20.9049
v  424.7905 10.0000 20.4801
v  425.0700 0.0000 19.6349
v  424.9302 5.0000 20.0575
v  425.0700 10.0000 19.6349
v  425.3122 0.0000 18.7943
v  425.1911 5.0000 19.2146
v  425.3122 10.0000 18.7943
v  425.5172 0.0000 17.9582
v  425.4147 5.0000 18.3763
v  425.5172 10.0000 17.9582
v  425.6849 0.0000 17.1267
v  425.6010 5.0000 17.5425
v  425.6849 10.0000 17.1267
v  425.8153 0.0000 16.2997
v  425.7501 5.0000 16.7132
v  425.8153 10.0000 16.2997
v  425.9085 0.0000 15.4772
v  425.8619 5.0000 15.8884
v  425.9085 10.0000 15.4772
v  425.9644 0.0000 14.6593
v  425.9365 5.0000 15.0682
v  425.9644 10.0000 14.6593
v  425.9830 0.0000 13.8458
v  425.9737 5.0000 14.2526
v  425.9830 10.0000 13.8458
v  418.8991 0.0000 13.8458
v  422.4411 5.0000 13.8458
v  418.8991 10.0000 13.8458
v  418.8490 0.0000 14.1994
v  418.8740 5.0000 14.0226
v  418.8490 10.0000 14.1994
v  418.8047 0.0000 14.5290
v  418.8268 5.0000 14.3642
v  418.8047 10.0000 14.5290
v  418.7664 0.0000 14.8345
v  418.7855 5.0000 14.6817
v  418.7664 10.0000 14.8345
v  418.7339 0.0000 15.1159
v  418.7501 5.0000 14.9752
v  418.7339 10.0000 15.1159
v  418.7073 0.0000 15.3734
v  418.7206 5.0000 15.2447
v  418.7073 10.0000 15.3734
v  418.6867 0.0000 15.6068
v  418.6970 5.0000 15.4901
v  418.6867 10.0000 15.6068
v  418.6719 0.0000 15.8161
v  418.6793 5.0000 15.7114
v  418.6719 10.0000 15.8161
v  418.6631 0.0000 16.0014
v  418.6675 5.0000 15.9088
v  418.6631 10.0000 16.0014
v  418.6601 0.0000 16.1627
v  418.6616 5.0000 16.0821
v  418.6601 10.0000 16.1627
v  418.6050 0.0000 16.5645
v  418.6326 5.0000 16.3636
v  418.6050 10.0000 16.5645
v  418.5468 0.0000 16.9302
v  418.5759 5.0000 16.7473
v  418.5468 10.0000 16.9302
v  418.4857 0.0000 17.2598
v  418.5163 5.0000 17.0950
v  418.4857 10.0000 17.2598
v  418.4216 0.0000 17.5533
v  418.4537 5.0000 17.4066
v  418.4216 10.0000 17.5533
v  418.3545 0.0000 17.8107
v  418.3881 5.0000 17.6820
v  418.3545 10.0000 17.8107
v  418.2845 0.0000 18.0321
v  418.3195 5.0000 17.9214
v  418.2845 10.0000 18.0321
v  418.2114 0.0000 18.2173
v  418.2480 5.0000 18.1247
v  418.2114 10.0000 18.2173
v  418.1354 0.0000 18.3665
v  418.1734 5.0000 18.2919
v  418.1354 10.0000 18.3665
v  418.0564 0.0000 18.4796
v  418.0959 5.0000 18.4230
v  418.0564 10.0000 18.4796
v  417.2726 0.0000 18.2504
v  417.6645 5.0000 18.3650
v  417.2726 10.0000 18.2504
v  416.5022 0.0000 18.0483
v  416.8874 5.0000 18.1494
v  416.5022 10.0000 18.0483
v  415.7451 0.0000 17.8730
v  416.1237 5.0000 17.9607
v  415.7451 10.0000 17.8730
v  415.0014 0.0000 17.7248
v  415.3733 5.0000 17.7989
v  415.0014 10.0000 17.7248
v  414.2710 0.0000 17.6035
v  414.6362 5.0000 17.6641
v  414.2710 10.0000 17.6035
v  413.5540 0.0000 17.5091
v  413.9125 5.0000 17.5563
v  413.5540 10.0000 17.5091
v  412.8504 0.0000 17.4417
v  413.2022 5.0000 17.4754
v  412.8504 10.0000 17.4417
v  412.1601 0.0000 17.4013
v  412.5052 5.0000 17.4215
v  412.1601 10.0000 17.4013
v  411.4831 0.0000 17.3878
v  411.8216 5.0000 17.3946
v  411.4831 10.0000 17.3878
v  410.5695 0.0000 17.4180
v  411.0263 5.0000 17.4029
v  410.5695 10.0000 17.4180
v  409.6790 0.0000 17.5084
v  410.1243 5.0000 17.4632
v  409.6790 10.0000 17.5084
v  408.8117 0.0000 17.6592
v  409.2454 5.0000 17.5838
v  408.8117 10.0000 17.6592
v  407.9675 0.0000 17.8703
v  408.3896 5.0000 17.7648
v  407.9675 10.0000 17.8703
v  407.1464 0.0000 18.1417
v  407.5570 5.0000 18.0060
v  407.1464 10.0000 18.1417
v  406.3485 0.0000 18.4734
v  406.7475 5.0000 18.3076
v  406.3485 10.0000 18.4734
v  405.5737 0.0000 18.8655
v  405.9611 5.0000 18.6694
v  405.5737 10.0000 18.8655
v  404.8221 0.0000 19.3178
v  405.1979 5.0000 19.0916
v  404.8221 10.0000 19.3178
v  404.0936 0.0000 19.8305
v  404.4578 5.0000 19.5741
v  404.0936 10.0000 19.8305
v  403.4164 0.0000 20.4012
v  403.7550 5.0000 20.1158
v  403.4164 10.0000 20.4012
v  402.8190 0.0000 21.0278
v  403.1177 5.0000 20.7145
v  402.8190 10.0000 21.0278
v  402.3012 0.0000 21.7102
v  402.5601 5.0000 21.3690
v  402.3012 10.0000 21.7102
v  401.8630 0.0000 22.4484
v  402.0821 5.0000 22.0793
v  401.8630 10.0000 22.4484
v  401.5046 0.0000 23.2425
v  401.6838 5.0000 22.8455
v  401.5046 10.0000 23.2425
v  401.2258 0.0000 24.0924
v  401.3652 5.0000 23.6675
v  401.2258 10.0000 24.0924
v  401.0266 0.0000 24.9982
v  401.1262 5.0000 24.5453
v  401.0266 10.0000 24.9982
v  400.9071 0.0000 25.9598
v  400.9669 5.0000 25.4790
v  400.9071 10.0000 25.9598
v  400.8673 0.0000 26.9773
v  400.8872 5.0000 26.4686
v  400.8673 10.0000 26.9773
v  400.9059 0.0000 28.0458
v  400.8866 5.0000 27.5115
v  400.9059 10.0000 28.0458
v  401.0215 0.0000 29.0532
v  400.9637 5.0000 28.5495
v  401.0215 10.0000 29.0532
v  401.2143 0.0000 29.9996
v  401.1179 5.0000 29.5264
v  401.2143 10.0000 29.9996
v  401.4842 0.0000 30.8850
v  401.3492 5.0000 30.4423
v  401.4842 10.0000 30.8850
v  401.8312 0.0000 31.7092
v  401.6577 5.0000 31.2971
v  401.8312 10.0000 31.7092
v  402.2553 0.0000 32.4725
v  402.0433 5.0000 32.0909
v  402.2553 10.0000 32.4725
v  402.7566 0.0000 33.1746
v  402.5060 5.0000 32.8235
v  402.7566 10.0000 33.1746
v  403.3349 0.0000 33.8157
v  403.0458 5.0000 33.4952
v  403.3349 10.0000 33.8157
v  403.9904 0.0000 34.3958
v  403.6627 5.0000 34.1058
v  403.9904 10.0000 34.3958
v  404.6933 0.0000 34.9148
v  404.3419 5.0000 34.6553
v  404.6933 10.0000 34.9148
v  405.4141 0.0000 35.3727
v  405.0537 5.0000 35.1437
v  405.4141 10.0000 35.3727
v  406.1526 0.0000 35.7696
v  405.7833 5.0000 35.5711
v  406.1526 10.0000 35.7696
v  406.9089 0.0000 36.1054
v  406.5307 5.0000 35.9375
v  406.9089 10.0000 36.1054
v  407.6830 0.0000 36.3802
v  407.2959 5.0000 36.2428
v  407.6830 10.0000 36.3802
v  408.4749 0.0000 36.5939
v  408.0789 5.0000 36.4870
v  408.4749 10.0000 36.5939
v  409.2846 0.0000 36.7465
v  408.8797 5.0000 36.6702
v  409.2846 10.0000 36.7465
v  410.1121 0.0000 36.8381
v  409.6983 5.0000 36.7923
v  410.1121 10.0000 36.8381
v  410.9574 0.0000 36.8686
v  410.5347 5.0000 36.8534
v  410.9574 10.0000 36.8686
v  411.7564 0.0000 36.8390
v  411.3569 5.0000 36.8538
v  411.7564 10.0000 36.8390
v  412.5525 0.0000 36.7503
v  412.1544 5.0000 36.7947
v  412.5525 10.0000 36.7503
v  413.3456 0.0000 36.6024
v  412.9491 5.0000 36.6763
v  413.3456 10.0000 36.6024
v  414.1358 0.0000 36.3953
v  413.7408 5.0000 36.4988
v  414.1358 10.0000 36.3953
v  414.9231 0.0000 36.1291
v  414.5294 5.0000 36.2622
v  414.9231 10.0000 36.1291
v  415.7074 0.0000 35.8037
v  415.3152 5.0000 35.9664
v  415.7074 10.0000 35.8037
v  416.4887 0.0000 35.4191
v  416.0981 5.0000 35.6114
v  416.4887 10.0000 35.4191
v  417.2671 0.0000 34.9754
v  416.8779 5.0000 35.1973
v  417.2671 10.0000 34.9754
v  418.0425 0.0000 34.4725
v  417.6548 5.0000 34.7240
v  418.0425 10.0000 34.4725
v  418.7854 0.0000 33.9245
v  418.4140 5.0000 34.1985
v  418.7854 10.0000 33.9245
v  419.4659 0.0000 33.3455
v  419.1257 5.0000 33.6350
v  419.4659 10.0000 33.3455
v  420.0842 0.0000 32.7355
v  419.7751 5.0000 33.0405
v  420.0842 10.0000 32.7355
v  420.6403 0.0000 32.0944
v  420.3622 5.0000 32.4150
v  420.6403 10.0000 32.0944
v  421.1340 0.0000 31.4223
v  420.8871 5.0000 31.7584
v  421.1340 10.0000 31.4223
v  421.5655 0.0000 30.7192
v  421.3498 5.0000 31.0708
v  421.5655 10.0000 30.7192
v  421.9347 0.0000 29.9851
v  421.7501 5.0000 30.3522
v  421.9347 10.0000 29.9851
v  422.2417 0.0000 29.2199
v  422.0882 5.0000 29.6025
v  422.2417 10.0000 29.2199
v  422.4864 0.0000 28.4237
v  422.3640 5.0000 28.8218
v  422.4864 10.0000 28.4237
v  422.6702 0.0000 28.4674
v  422.5783 5.0000 28.4456
v  422.6702 10.0000 28.4674
v  422.9277 0.0000 28.5982
v  422.7990 5.0000 28.5328
v  422.9277 10.0000 28.5982
v  423.2588 0.0000 28.8162
v  423.0932 5.0000 28.7072
v  423.2588 10.0000 28.8162
v  423.6635 0.0000 29.1214
v  423.4612 5.0000 28.9688
v  423.6635 10.0000 29.1214
v  424.1419 0.0000 29.5138
v  423.9027 5.0000 29.3176
v  424.1419 10.0000 29.5138
v  424.6939 0.0000 29.9935
v  424.4179 5.0000 29.7537
v  424.6939 10.0000 29.9935
v  425.3196 0.0000 30.5603
v  425.0068 5.0000 30.2769
v  425.3196 10.0000 30.5603
v  426.0189 0.0000 31.2144
v  425.6693 5.0000 30.8874
v  426.0189 10.0000 31.2144
v  426.7918 0.0000 31.9557
v  426.4053 5.0000 31.5850
v  426.7918 10.0000 31.9557
v  427.5702 0.0000 32.7160
v  427.1810 5.0000 32.3358
v  427.5702 10.0000 32.7160
v  428.2858 0.0000 33.4271
v  427.9280 5.0000 33.0715
v  428.2858 10.0000 33.4271
v  428.9386 0.0000 34.0892
v  428.6122 5.0000 33.7581
v  428.9386 10.0000 34.0892
v  429.5287 0.0000 34.7021
v  429.2336 5.0000 34.3956
v  429.5287 10.0000 34.7021
v  430.0560 0.0000 35.2658
v  429.7923 5.0000 34.9840
v  430.0560 10.0000 35.2658
v  430.5205 0.0000 35.7805
v  430.2882 5.0000 35.5232
v  430.5205 10.0000 35.7805
v  430.9222 0.0000 36.2460
v  430.7214 5.0000 36.0132
v  430.9222 10.0000 36.2460
v  431.2613 0.0000 36.6624
v  431.0917 5.0000 36.4542
v  431.2613 10.0000 36.6624
v  431.5375 0.0000 37.0296
v  431.3994 5.0000 36.8460
v  431.5375 10.0000 37.0296
v  432.1711 0.0000 36.8307
v  431.8543 5.0000 36.9302
v  432.1711 10.0000 36.8307
v  432.8837 0.0000 36.5024
v  432.5274 5.0000 36.6666
v  432.8837 10.0000 36.5024
v  433.6750 0.0000 36.0446
v  433.2794 5.0000 36.2735
v  433.6750 10.0000 36.0446
v  434.5453 0.0000 35.4574
v  434.1102 5.0000 35.7510
v  434.5453 10.0000 35.4574
v  435.4944 0.0000 34.7407
v  435.0198 5.0000 35.0991
v  435.4944 10.0000 34.7407
v  436.5223 0.0000 33.8946
v  436.0083 5.0000 34.3177
v  436.5223 10.0000 33.8946
v  437.6291 0.0000 32.9191
v  437.0757 5.0000 33.4068
v  437.6291 10.0000 32.9191
v  438.8147 0.0000 31.8141
v  438.2219 5.0000 32.3666
v  438.8147 10.0000 31.8141
v  440.0792 0.0000 30.5796
v  439.4470 5.0000 31.1968
v  440.0792 10.0000 30.5796
v  441.3107 0.0000 29.3191
v  440.6949 5.0000 29.9494
v  441.3107 10.0000 29.3191
v  442.3973 0.0000 28.1361
v  441.8540 5.0000 28.7276
v  442.3973 10.0000 28.1361
v  443.3390 0.0000 27.0304
v  442.8681 5.0000 27.5832
v  443.3390 10.0000 27.0304
v  444.1358 0.0000 26.0021
v  443.7374 5.0000 26.5162
v  444.1358 10.0000 26.0021
v  444.7878 0.0000 25.0512
v  444.4618 5.0000 25.5266
v  444.7878 10.0000 25.0512
v  445.2949 0.0000 24.1777
v  445.0414 5.0000 24.6144
v  445.2949 10.0000 24.1777
v  445.6571 0.0000 23.3816
v  445.4760 5.0000 23.7796
v  445.6571 10.0000 23.3816
v  445.8744 0.0000 22.6629
v  445.7657 5.0000 23.0222
v  445.8744 10.0000 22.6629
v  445.9468 0.0000 22.0215
v  445.9106 5.0000 22.3422
v  445.9468 10.0000 22.0215
v  445.9468 0.0000 -23.1888
v  445.9468 5.0000 -0.5836
v  445.9468 10.0000 -23.1888
v  445.7022 0.0000 -26.4654
v  445.8245 5.0000 -24.8271
v  445.7022 10.0000 -26.4654
v  444.9683 0.0000 -29.3564
v  445.3353 5.0000 -27.9109
v  444.9683 10.0000 -29.3564
v  443.7451 0.0000 -31.8620
v  444.3567 5.0000 -30.6092
v  443.7451 10.0000 -31.8620
v  442.0327 0.0000 -33.9822
v  442.8889 5.0000 -32.9221
v  442.0327 10.0000 -33.9822
v  439.8310 0.0000 -35.7168
v  440.9319 5.0000 -34.8495
v  439.8310 10.0000 -35.7168
v  437.1400 0.0000 -37.0660
v  438.4855 5.0000 -36.3914
v  437.1400 10.0000 -37.0660
v  433.9598 0.0000 -38.0297
v  435.5499 5.0000 -37.5478
v  433.9598 10.0000 -38.0297
v  430.2903 0.0000 -38.6079
v  432.1250 5.0000 -38.3188
v  430.2903 10.0000 -38.6079
v  426.1315 0.0000 -38.8006
v  428.2108 5.0000 -38.7043
v  426.1315 10.0000 -38.8006
v  422.7546 0.0000 -38.6784
v  424.4431 5.0000 -38.7395
v  422.7546 10.0000 -38.6784
v  419.5739 0.0000 -38.3117
v  421.1642 5.0000 -38.4950
v  419.5739 10.0000 -38.3117
v  416.5892 0.0000 -37.7005
v  418.0816 5.0000 -38.0061
v  416.5892 10.0000 -37.7005
v  413.8007 0.0000 -36.8448
v  415.1949 5.0000 -37.2726
v  413.8007 10.0000 -36.8448
v  411.2082 0.0000 -35.7446
v  412.5045 5.0000 -36.2947
v  411.2082 10.0000 -35.7446
v  408.8118 0.0000 -34.4000
v  410.0100 5.0000 -35.0723
v  408.8118 10.0000 -34.4000
v  406.6116 0.0000 -32.8109
v  407.7117 5.0000 -33.6054
v  406.6116 10.0000 -32.8109
v  404.6074 0.0000 -30.9773
v  405.6095 5.0000 -31.8941
v  404.6074 10.0000 -30.9773
v  402.7993 0.0000 -28.8992
v  403.7033 5.0000 -29.9383
v  402.7993 10.0000 -28.8992
v  404.3871 0.0000 -28.3193
v  403.5932 5.0000 -28.6093
v  404.3871 10.0000 -28.3193
v  405.8881 0.0000 -27.6966
v  405.1376 5.0000 -28.0079
v  405.8881 10.0000 -27.6966
v  407.3022 0.0000 -27.0310
v  406.5951 5.0000 -27.3638
v  407.3022 10.0000 -27.0310
v  408.6295 0.0000 -26.3225
v  407.9659 5.0000 -26.6767
v  408.6295 10.0000 -26.3225
v  409.8700 0.0000 -25.5712
v  409.2497 5.0000 -25.9468
v  409.8700 10.0000 -25.5712
v  411.0236 0.0000 -24.7770
v  410.4468 5.0000 -25.1741
v  411.0236 10.0000 -24.7770
v  412.0904 0.0000 -23.9399
v  411.5570 5.0000 -24.3585
v  412.0904 10.0000 -23.9399
v  413.0704 0.0000 -23.0600
v  412.5804 5.0000 -23.5000
v  413.0704 10.0000 -23.0600
v  413.9635 0.0000 -22.1373
v  413.5169 5.0000 -22.5987
v  413.9635 10.0000 -22.1373
v  412.6341 0.0000 -21.6078
v  413.2988 5.0000 -21.8725
v  412.6341 10.0000 -21.6078
v  411.4611 0.0000 -20.9384
v  412.0476 5.0000 -21.2731
v  411.4611 10.0000 -20.9384
v  410.4445 0.0000 -20.1290
v  410.9528 5.0000 -20.5337
v  410.4445 10.0000 -20.1290
v  409.5843 0.0000 -19.1797
v  410.0143 5.0000 -19.6543
v  409.5843 10.0000 -19.1797
v  408.8804 0.0000 -18.0904
v  409.2324 5.0000 -18.6351
v  408.8804 10.0000 -18.0904
v  408.3330 0.0000 -16.8612
v  408.6068 5.0000 -17.4758
v  408.3330 10.0000 -16.8612
v  407.9420 0.0000 -15.4921
v  408.1375 5.0000 -16.1767
v  407.9420 10.0000 -15.4921
v  407.7074 0.0000 -13.9830
v  407.8247 5.0000 -14.7376
v  407.7074 10.0000 -13.9830
v  407.6292 0.0000 -12.3340
v  407.6683 5.0000 -13.1585
v  407.6292 10.0000 -12.3340
v  407.6292 0.0000 -5.9570
v  407.6292 5.0000 -9.1455
v  407.6292 10.0000 -5.9570
v  406.0411 0.0000 -5.8515
v  406.8352 5.0000 -5.9042
v  406.0411 10.0000 -5.8515
v  404.6398 0.0000 -5.5351
v  405.3405 5.0000 -5.6933
v  404.6398 10.0000 -5.5351
v  403.4254 0.0000 -5.0077
v  404.0326 5.0000 -5.2714
v  403.4254 10.0000 -5.0077
v  402.3978 0.0000 -4.2694
v  402.9116 5.0000 -4.6386
v  402.3978 10.0000 -4.2694
v  401.5570 0.0000 -3.3202
v  401.9774 5.0000 -3.7948
v  401.5570 10.0000 -3.3202
v  400.9031 0.0000 -2.1601
v  401.2300 5.0000 -2.7402
v  400.9031 10.0000 -2.1601
v  400.4360 0.0000 -0.7890
v  400.6695 5.0000 -1.4745
v  400.4360 10.0000 -0.7890
v  400.1557 0.0000 0.7931
v  400.2958 5.0000 0.0020
v  400.1557 10.0000 0.7931
v  400.0623 0.0000 2.5860
v  400.1090 5.0000 1.6895
v  400.0623 10.0000 2.5860
v  400.1704 0.0000 4.3410
v  400.1163 5.0000 3.4635
v  400.1704 10.0000 4.3410
v  400.4946 0.0000 5.8895
v  400.3325 5.0000 5.1152
v  400.4946 10.0000 5.8895
v  401.0350 0.0000 7.2315
v  400.7648 5.0000 6.5605
v  401.0350 10.0000 7.2315
v  401.7915 0.0000 8.3671
v  401.4133 5.0000 7.7993
v  401.7915 10.0000 8.3671
v  402.7643 0.0000 9.2962
v  402.2779 5.0000 8.8316
v  402.7643 10.0000 9.2962
v  403.9531 0.0000 10.0188
v  403.3587 5.0000 9.6575
v  403.9531 10.0000 10.0188
v  405.3581 0.0000 10.5349
v  404.6556 5.0000 10.2769
v  405.3581 10.0000 10.5349
v  406.9793 0.0000 10.8446
v  406.1687 5.0000 10.6898
v  406.9793 10.0000 10.8446
v  408.8166 0.0000 10.9479
v  407.8979 5.0000 10.8963
v  408.8166 10.0000 10.9479
v  410.6286 0.0000 10.8309
v  409.7226 5.0000 10.8894
v  410.6286 10.0000 10.8309
v  412.2274 0.0000 10.4799
v  411.4280 5.0000 10.6554
v  412.2274 10.0000 10.4799
v  413.6130 0.0000 9.8950
v  412.9202 5.0000 10.1874
v  413.6130 10.0000 9.8950
v  414.7855 0.0000 9.0760
v  414.1992 5.0000 9.4855
v  414.7855 10.0000 9.0760
v  415.7448 0.0000 8.0231
v  415.2651 5.0000 8.5496
v  415.7448 10.0000 8.0231
v  416.4908 0.0000 6.7362
v  416.1178 5.0000 7.3797
v  416.4908 10.0000 6.7362
v  417.0238 0.0000 5.2153
v  416.7573 5.0000 5.9758
v  417.0238 10.0000 5.2153
v  417.3435 0.0000 3.4605
v  417.1837 5.0000 4.3379
v  417.3435 10.0000 3.4605
v  417.4501 0.0000 1.4716
v  417.3968 5.0000 2.4660
v  417.4501 10.0000 1.4716
v  417.4501 0.0000 -12.1428
v  417.4501 5.0000 -5.3356
v  417.4501 10.0000 -12.1428
v  417.5396 0.0000 -13.7867
v  417.4948 5.0000 -12.9648
v  417.5396 10.0000 -13.7867
v  417.8079 0.0000 -15.3063
v  417.6737 5.0000 -14.5465
v  417.8079 10.0000 -15.3063
v  418.2551 0.0000 -16.7014
v  418.0315 5.0000 -16.0038
v  418.2551 10.0000 -16.7014
v  418.8812 0.0000 -17.9720
v  418.5682 5.0000 -17.3367
v  418.8812 10.0000 -17.9720
v  419.6862 0.0000 -19.1183
v  419.2837 5.0000 -18.5452
v  419.6862 10.0000 -19.1183
v  420.6701 0.0000 -20.1402
v  420.1782 5.0000 -19.6293
v  420.6701 10.0000 -20.1402
v  421.8329 0.0000 -21.0376
v  421.2515 5.0000 -20.5889
v  421.8329 10.0000 -21.0376
v  423.1745 0.0000 -21.8107
v  422.5037 5.0000 -21.4241
v  423.1745 10.0000 -21.8107
v  424.6951 0.0000 -22.4593
v  423.9348 5.0000 -22.1350
v  424.6951 10.0000 -22.4593
v  423.9994 0.0000 -23.2991
v  424.3472 5.0000 -22.8792
v  423.9994 10.0000 -23.2991
v  423.2363 0.0000 -24.1167
v  423.6178 5.0000 -23.7079
v  423.2363 10.0000 -24.1167
v  422.4056 0.0000 -24.9123
v  422.8209 5.0000 -24.5145
v  422.4056 10.0000 -24.9123
v  421.5074 0.0000 -25.6857
v  421.9565 5.0000 -25.2990
v  421.5074 10.0000 -25.6857
v  420.5417 0.0000 -26.4370
v  421.0245 5.0000 -26.0614
v  420.5417 10.0000 -26.4370
v  419.5085 0.0000 -27.1662
v  420.0251 5.0000 -26.8016
v  419.5085 10.0000 -27.1662
v  418.4077 0.0000 -27.8734
v  418.9581 5.0000 -27.5198
v  418.4077 10.0000 -27.8734
v  417.2394 0.0000 -28.5583
v  417.8236 5.0000 -28.2158
v  417.2394 10.0000 -28.5583
v  416.0037 0.0000 -29.2212
v  416.6216 5.0000 -28.8898
v  416.0037 10.0000 -29.2212
v  416.8583 0.0000 -29.9477
v  416.4310 5.0000 -29.5845
v  416.8583 10.0000 -29.9477
v  417.7789 0.0000 -30.5887
v  417.3186 5.0000 -30.2682
v  417.7789 10.0000 -30.5887
v  418.7652 0.0000 -31.1443
v  418.2720 5.0000 -30.8665
v  418.7652 10.0000 -31.1443
v  419.8174 0.0000 -31.6143
v  419.2913 5.0000 -31.3793
v  419.8174 10.0000 -31.6143
v  420.9355 0.0000 -31.9989
v  420.3765 5.0000 -31.8066
v  420.9355 10.0000 -31.9989
v  422.1194 0.0000 -32.2981
v  421.5274 5.0000 -32.1485
v  422.1194 10.0000 -32.2981
v  423.3691 0.0000 -32.5117
v  422.7442 5.0000 -32.4049
v  423.3691 10.0000 -32.5117
v  424.6847 0.0000 -32.6399
v  424.0269 5.0000 -32.5758
v  424.6847 10.0000 -32.6399
v  426.0660 0.0000 -32.6827
v  425.3754 5.0000 -32.6613
v  426.0660 10.0000 -32.6827
v  428.1774 0.0000 -32.5638
v  427.1217 5.0000 -32.6232
v  428.1774 10.0000 -32.5638
v  430.0403 0.0000 -32.2070
v  429.1089 5.0000 -32.3854
v  430.0403 10.0000 -32.2070
v  431.6549 0.0000 -31.6124
v  430.8476 5.0000 -31.9097
v  431.6549 10.0000 -31.6124
v  433.0210 0.0000 -30.7800
v  432.3380 5.0000 -31.1962
v  433.0210 10.0000 -30.7800
v  434.1388 0.0000 -29.7098
v  433.5799 5.0000 -30.2449
v  434.1388 10.0000 -29.7098
v  435.0082 0.0000 -28.4017
v  434.5735 5.0000 -29.0557
v  435.0082 10.0000 -28.4017
v  435.6292 0.0000 -26.8558
v  435.3187 5.0000 -27.6287
v  435.6292 10.0000 -26.8558
v  436.0017 0.0000 -25.0720
v  435.8155 5.0000 -25.9639
v  436.0017 10.0000 -25.0720
v  436.1259 0.0000 -23.0504
v  436.0638 5.0000 -24.0612
v  436.1259 10.0000 -23.0504
v  436.1259 0.0000 21.9813
v  436.1259 5.0000 -0.5346
v  436.1259 10.0000 21.9813
v  436.0516 5.0000 22.1314
v  409.5234 0.0000 -1.3999
v  410.1738 0.0000 -1.2527
v  409.8486 5.0000 -1.3263
v  410.1738 10.0000 -1.2527
v  409.5234 10.0000 -1.3999
v  410.7374 0.0000 -1.0074
v  410.4556 5.0000 -1.1300
v  410.7374 10.0000 -1.0074
v  411.2143 0.0000 -0.6639
v  410.9758 5.0000 -0.8356
v  411.2143 10.0000 -0.6639
v  411.6045 0.0000 -0.2223
v  411.4094 5.0000 -0.4431
v  411.6045 10.0000 -0.2223
v  411.9080 0.0000 0.3175
v  411.7562 5.0000 0.0476
v  411.9080 10.0000 0.3175
v  412.1248 0.0000 0.9554
v  412.0164 5.0000 0.6365
v  412.1248 10.0000 0.9554
v  412.2548 0.0000 1.6915
v  412.1898 5.0000 1.3234
v  412.2548 10.0000 1.6915
v  412.2982 0.0000 2.5257
v  412.2765 5.0000 2.1086
v  412.2982 10.0000 2.5257
v  412.2548 0.0000 3.3472
v  412.2765 5.0000 2.9364
v  412.2548 10.0000 3.3472
v  412.1248 0.0000 4.0720
v  412.1898 5.0000 3.7096
v  412.1248 10.0000 4.0720
v  411.9080 0.0000 4.7002
v  412.0164 5.0000 4.3861
v  411.9080 10.0000 4.7002
v  411.6045 0.0000 5.2318
v  411.7562 5.0000 4.9660
v  411.6045 10.0000 5.2318
v  411.2143 0.0000 5.6667
v  411.4094 5.0000 5.4493
v  411.2143 10.0000 5.6667
v  410.7374 0.0000 6.0050
v  410.9758 5.0000 5.8359
v  410.7374 10.0000 6.0050
v  410.1738 0.0000 6.2466
v  410.4556 5.0000 6.1258
v  410.1738 10.0000 6.2466
v  409.5234 0.0000 6.3916
v  409.8486 5.0000 6.3191
v  409.5234 10.0000 6.3916
v  408.7864 0.0000 6.4399
v  409.1549 5.0000 6.4158
v  408.7864 10.0000 6.4399
v  408.0367 0.0000 6.3916
v  408.4116 5.0000 6.4158
v  408.0367 10.0000 6.3916
v  407.3752 0.0000 6.2466
v  407.7059 5.0000 6.3191
v  407.3752 10.0000 6.2466
v  406.8019 0.0000 6.0050
v  407.0885 5.0000 6.1258
v  406.8019 10.0000 6.0050
v  406.3168 0.0000 5.6667
v  406.5593 5.0000 5.8359
v  406.3168 10.0000 5.6667
v  405.9199 0.0000 5.2318
v  406.1183 5.0000 5.4493
v  405.9199 10.0000 5.2318
v  405.6112 0.0000 4.7002
v  405.7655 5.0000 4.9660
v  405.6112 10.0000 4.7002
v  405.3907 0.0000 4.0720
v  405.5009 5.0000 4.3861
v  405.3907 10.0000 4.0720
v  405.2584 0.0000 3.3472
v  405.3245 5.0000 3.7096
v  405.2584 10.0000 3.3472
v  405.2143 0.0000 2.5257
v  405.2363 5.0000 2.9364
v  405.2143 10.0000 2.5257
v  405.2584 0.0000 1.6915
v  405.2363 5.0000 2.1086
v  405.2584 10.0000 1.6915
v  405.3907 0.0000 0.9554
v  405.3245 5.0000 1.3234
v  405.3907 10.0000 0.9554
v  405.6111 0.0000 0.3175
v  405.5009 5.0000 0.6365
v  405.6111 10.0000 0.3175
v  405.9199 0.0000 -0.2223
v  405.7655 5.0000 0.0476
v  405.9199 10.0000 -0.2223
v  406.3168 0.0000 -0.6639
v  406.1183 5.0000 -0.4431
v  406.3168 10.0000 -0.6639
v  406.8019 0.0000 -1.0074
v  406.5593 5.0000 -0.8356
v  406.8019 10.0000 -1.0074
v  407.3752 0.0000 -1.2527
v  407.0885 5.0000 -1.1300
v  407.3752 10.0000 -1.2527
v  408.0367 0.0000 -1.3999
v  407.7059 5.0000 -1.3263
v  408.0367 10.0000 -1.3999
v  408.7864 0.0000 -1.4490
v  408.4116 5.0000 -1.4245
v  408.7864 10.0000 -1.4490
v  409.1549 5.0000 -1.4245
v  416.4091 0.0000 24.6334
v  416.3499 0.0000 25.2040
v  416.3795 5.0000 24.9187
v  416.3499 10.0000 25.2040
v  416.4091 10.0000 24.6334
v  416.2513 0.0000 25.7687
v  416.3006 5.0000 25.4864
v  416.2513 10.0000 25.7687
v  416.1133 0.0000 26.3273
v  416.1823 5.0000 26.0480
v  416.1133 10.0000 26.3273
v  415.9358 0.0000 26.8799
v  416.0245 5.0000 26.6036
v  415.9358 10.0000 26.8799
v  415.7188 0.0000 27.4265
v  415.8273 5.0000 27.1532
v  415.7188 10.0000 27.4265
v  415.4625 0.0000 27.9670
v  415.5906 5.0000 27.6967
v  415.4625 10.0000 27.9670
v  415.1667 0.0000 28.5015
v  415.3145 5.0000 28.2343
v  415.1667 10.0000 28.5015
v  414.8314 0.0000 29.0300
v  414.9990 5.0000 28.7658
v  414.8314 10.0000 29.0300
v  414.4671 0.0000 29.5263
v  414.6493 5.0000 29.2782
v  414.4671 10.0000 29.5263
v  414.0843 0.0000 29.9642
v  414.2757 5.0000 29.7452
v  414.0843 10.0000 29.9642
v  413.6829 0.0000 30.3437
v  413.8836 5.0000 30.1540
v  413.6829 10.0000 30.3437
v  413.2629 0.0000 30.6648
v  413.4729 5.0000 30.5043
v  413.2629 10.0000 30.6648
v  412.8243 0.0000 30.9276
v  413.0436 5.0000 30.7962
v  412.8243 10.0000 30.9276
v  412.3672 0.0000 31.1319
v  412.5958 5.0000 31.0298
v  412.3672 10.0000 31.1319
v  411.8915 0.0000 31.2779
v  412.1294 5.0000 31.2049
v  411.8915 10.0000 31.2779
v  411.3972 0.0000 31.3655
v  411.6444 5.0000 31.3217
v  411.3972 10.0000 31.3655
v  410.8844 0.0000 31.3947
v  411.1408 5.0000 31.3801
v  410.8844 10.0000 31.3947
v  410.0999 0.0000 31.3469
v  410.4921 5.0000 31.3708
v  410.0999 10.0000 31.3469
v  409.4076 0.0000 31.2037
v  409.7537 5.0000 31.2753
v  409.4076 10.0000 31.2037
v  408.8076 0.0000 30.9651
v  409.1076 5.0000 31.0844
v  408.8076 10.0000 30.9651
v  408.3000 0.0000 30.6309
v  408.5538 5.0000 30.7980
v  408.3000 10.0000 30.6309
v  407.8846 0.0000 30.2013
v  408.0923 5.0000 30.4161
v  407.8846 10.0000 30.2013
v  407.5616 0.0000 29.6762
v  407.7231 5.0000 29.9388
v  407.5616 10.0000 29.6762
v  407.3308 0.0000 29.0557
v  407.4462 5.0000 29.3660
v  407.3308 10.0000 29.0557
v  407.1924 0.0000 28.3397
v  407.2616 5.0000 28.6977
v  407.1924 10.0000 28.3397
v  407.1462 0.0000 27.5282
v  407.1693 5.0000 27.9339
v  407.1462 10.0000 27.5282
v  407.1663 0.0000 27.0618
v  407.1563 5.0000 27.2950
v  407.1663 10.0000 27.0618
v  407.2266 0.0000 26.6173
v  407.1965 5.0000 26.8395
v  407.2266 10.0000 26.6173
v  407.3271 0.0000 26.1948
v  407.2769 5.0000 26.4060
v  407.3271 10.0000 26.1948
v  407.4677 0.0000 25.7942
v  407.3974 5.0000 25.9945
v  407.4677 10.0000 25.7942
v  407.6486 0.0000 25.4156
v  407.5582 5.0000 25.6049
v  407.6486 10.0000 25.4156
v  407.8696 0.0000 25.0590
v  407.7591 5.0000 25.2373
v  407.8696 10.0000 25.0590
v  408.1308 0.0000 24.7243
v  408.0002 5.0000 24.8917
v  408.1308 10.0000 24.7243
v  408.4322 0.0000 24.4116
v  408.2815 5.0000 24.5679
v  408.4322 10.0000 24.4116
v  408.7738 0.0000 24.1208
v  408.6030 5.0000 24.2662
v  408.7738 10.0000 24.1208
v  409.1378 0.0000 23.8566
v  408.9558 5.0000 23.9887
v  409.1378 10.0000 23.8566
v  409.5061 0.0000 23.6234
v  409.3220 5.0000 23.7400
v  409.5061 10.0000 23.6234
v  409.8790 0.0000 23.4213
v  409.6926 5.0000 23.5224
v  409.8790 10.0000 23.4213
v  410.2563 0.0000 23.2504
v  410.0677 5.0000 23.3358
v  410.2563 10.0000 23.2504
v  410.6382 0.0000 23.1105
v  410.4473 5.0000 23.1804
v  410.6382 10.0000 23.1105
v  411.0244 0.0000 23.0017
v  410.8313 5.0000 23.0561
v  411.0244 10.0000 23.0017
v  411.4152 0.0000 22.9239
v  411.2198 5.0000 22.9628
v  411.4152 10.0000 22.9239
v  411.8104 0.0000 22.8773
v  411.6128 5.0000 22.9006
v  411.8104 10.0000 22.8773
v  412.2101 0.0000 22.8618
v  412.0103 5.0000 22.8695
v  412.2101 10.0000 22.8618
v  412.9882 0.0000 22.8765
v  412.5992 5.0000 22.8691
v  412.9882 10.0000 22.8765
v  413.6889 0.0000 22.9208
v  413.3386 5.0000 22.8986
v  413.6889 10.0000 22.9208
v  414.3123 0.0000 22.9945
v  414.0006 5.0000 22.9576
v  414.3123 10.0000 22.9945
v  414.8584 0.0000 23.0978
v  414.5854 5.0000 23.0462
v  414.8584 10.0000 23.0978
v  415.3271 0.0000 23.2306
v  415.0928 5.0000 23.1642
v  415.3271 10.0000 23.2306
v  415.7186 0.0000 23.3928
v  415.5229 5.0000 23.3117
v  415.7186 10.0000 23.3928
v  416.0326 0.0000 23.5846
v  415.8756 5.0000 23.4887
v  416.0326 10.0000 23.5846
v  416.2694 0.0000 23.8059
v  416.1510 5.0000 23.6952
v  416.2694 10.0000 23.8059
v  416.4288 0.0000 24.0567
v  416.3491 5.0000 23.9313
v  416.4288 10.0000 24.0567
v  416.4189 5.0000 24.3450
v  423.7763 0.0000 -22.9214
v  418.2745 10.0000 -25.1317
v  422.4313 0.0000 -23.5126
v  418.6877 0.0000 -24.1922
v  418.1066 0.0000 -20.4653
v  431.6566 0.0000 36.8409
v  413.3760 0.0000 -30.8155
v  431.8096 0.0000 36.5604
v  432.0004 0.0000 36.1434
v  433.4689 0.0000 35.1973
v  431.8725 0.0000 31.4610
v  430.3085 0.0000 30.6024
v  433.4367 0.0000 29.0246
v  434.6287 0.0000 29.9104
v  434.2037 0.0000 28.4359
v  435.5219 0.0000 29.1487
v  435.0546 0.0000 27.6870
v  435.3040 0.0000 27.4528
v  436.6894 0.0000 28.0438
v  436.2254 0.0000 26.5310
v  437.6656 0.0000 27.0416
v  437.0667 0.0000 25.6211
v  437.2531 0.0000 25.3875
v  438.6643 0.0000 25.9050
v  437.9298 0.0000 24.5481
v  439.3782 0.0000 25.0102
v  441.6101 0.0000 24.4207
v  442.9960 0.0000 9.7122
v  440.9442 0.0000 -24.4442
v  440.5753 0.0000 -26.9374
v  439.8377 0.0000 -29.1190
v  438.9512 0.0000 -31.9345
v  436.0327 0.0000 -33.3181
v  433.9439 0.0000 -34.3720
v  431.4863 0.0000 -35.1143
v  429.5027 0.0000 -34.4596
v  427.6663 0.0000 -35.6637
v  425.6274 0.0000 -34.7077
v  424.2350 0.0000 -35.6577
v  422.7477 0.0000 -34.4961
v  421.3458 0.0000 -35.3218
v  420.1089 0.0000 -33.9750
v  419.3855 0.0000 -33.6901
v  418.7060 0.0000 -33.3482
v  418.0704 0.0000 -32.9494
v  417.4786 0.0000 -32.4935
v  416.1803 0.0000 -27.1782
v  415.4655 0.0000 -30.4467
v  429.8864 0.0000 30.3056
v  428.9702 0.0000 31.0024
v  428.4722 0.0000 30.5119
v  427.9551 0.0000 30.0114
v  427.4643 0.0000 29.5463
v  427.0227 0.0000 29.1393
v  426.6301 0.0000 28.7905
v  426.2867 0.0000 28.4998
v  425.9923 0.0000 28.2672
v  425.7470 0.0000 28.0928
v  425.5508 0.0000 27.9765
v  425.4037 0.0000 27.9184
v  420.8847 0.0000 28.2048
v  420.5612 0.0000 27.7775
v  425.3964 0.0000 26.5354
v  423.6050 0.0000 25.5190
v  422.7655 0.0000 24.5597
v  421.0643 0.0000 24.1572
v  420.6383 0.0000 23.5644
v  419.0775 0.0000 23.7224
v  419.1039 0.0000 23.3399
v  417.2225 0.0000 21.1772
v  416.7861 0.0000 21.9567
v  417.5919 0.0000 20.2135
v  420.4378 0.0000 20.4232
v  421.6249 0.0000 18.9895
v  420.6154 0.0000 18.3330
v  421.8224 0.0000 18.3106
v  420.7816 0.0000 17.6614
v  421.9953 0.0000 17.5618
v  422.1168 0.0000 16.9530
v  421.1199 0.0000 15.2596
v  416.6025 0.0000 21.8190
v  416.5937 0.0000 20.8384
v  415.9411 0.0000 20.1000
v  414.9793 0.0000 20.4225
v  414.3184 0.0000 20.3109
v  413.6255 0.0000 20.2275
v  412.7526 0.0000 19.6181
v  411.9160 0.0000 20.1320
v  411.3196 0.0000 20.1518
v  410.6721 0.0000 20.2130
v  410.0383 0.0000 20.3199
v  409.4184 0.0000 20.4726
v  408.8123 0.0000 20.6709
v  408.2200 0.0000 20.9150
v  407.6415 0.0000 21.2047
v  407.0768 0.0000 21.5402
v  406.5304 0.0000 21.9202
v  406.0182 0.0000 22.3419
v  405.5590 0.0000 22.8031
v  404.5003 0.0000 23.1322
v  404.6210 0.0000 24.2252
v  404.3813 0.0000 24.8310
v  403.5426 0.0000 25.5725
v  404.0418 0.0000 26.6540
v  404.0214 0.0000 27.4033
v  404.0665 0.0000 28.2417
v  403.6487 0.0000 29.4666
v  404.0927 0.0000 30.7597
v  404.7586 0.0000 31.8681
v  405.6407 0.0000 32.7917
v  406.6735 0.0000 33.5306
v  407.7919 0.0000 34.0848
v  408.9900 0.0000 34.4542
v  410.2677 0.0000 34.6390
v  411.2489 0.0000 34.1170
v  412.1887 0.0000 34.5670
v  412.9351 0.0000 33.8519
v  413.9916 0.0000 34.0775
v  414.5708 0.0000 33.2038
v  415.1754 0.0000 32.8508
v  416.3724 0.0000 32.7361
v  416.7007 0.0000 31.6901
v  419.8851 0.0000 30.6502
v  411.4756 0.0000 -30.7344
v  409.6299 0.0000 -30.5096
v  408.2478 0.0000 -29.2512
v  407.1534 0.0000 -30.4846
v  405.3735 0.0000 -29.9510
v  403.9312 0.0000 -29.3986
v  417.5103 0.0000 -19.7426
v  417.0333 0.0000 -18.9369
v  416.6755 0.0000 -18.0483
v  416.4370 0.0000 -17.0768
v  416.3177 0.0000 -16.0223
v  414.6833 0.0000 -5.7183
v  412.7810 0.0000 -6.4968
v  412.6654 0.0000 -6.9548
v  412.4920 0.0000 -7.3473
v  412.2608 0.0000 -7.6745
v  409.8585 0.0000 -14.4909
v  409.5135 0.0000 -2.7390
v  409.1088 0.0000 -2.8699
v  408.6464 0.0000 -2.9353
v  408.1508 0.0000 -2.9353
v  407.2705 0.0000 -3.6153
v  406.2145 0.0000 -3.4117
v  404.7163 0.0000 -3.2967
v  404.0479 0.0000 -2.1190
v  403.4978 0.0000 -1.3463
v  403.0852 0.0000 -0.4190
v  402.8102 0.0000 0.6627
v  402.6727 0.0000 1.8990
v  402.6763 0.0000 3.2000
v  402.8285 0.0000 4.4124
v  403.1329 0.0000 5.4733
v  403.5894 0.0000 6.3827
v  404.1981 0.0000 7.1404
v  405.0388 0.0000 8.3043
v  406.6286 0.0000 8.4078
v  407.4637 0.0000 7.8276
v  408.1547 0.0000 8.6560
v  409.4388 0.0000 8.6526
v  410.6383 0.0000 8.4873
v  411.6879 0.0000 8.1566
v  412.5875 0.0000 7.6607
v  413.3372 0.0000 6.9994
v  413.9370 0.0000 6.1728
v  414.3868 0.0000 5.1810
v  414.6867 0.0000 4.0237
v  414.8367 0.0000 2.7012
v  423.7763 10.0000 -22.9214
v  403.9312 10.0000 -29.3986
v  409.9252 10.0000 -14.4305
v  422.4313 10.0000 -23.5126
v  414.8367 10.0000 2.7012
v  414.6833 10.0000 -5.7183
v  412.4920 10.0000 -7.3473
v  412.6654 10.0000 -6.9548
v  412.7810 10.0000 -6.4968
v  416.3177 10.0000 -16.0223
v  416.4370 10.0000 -17.0768
v  416.6755 10.0000 -18.0483
v  417.0333 10.0000 -18.9369
v  417.5103 10.0000 -19.7426
v  418.1066 10.0000 -20.4653
v  414.6867 10.0000 4.0237
v  414.3868 10.0000 5.1810
v  413.9370 10.0000 6.1728
v  413.3372 10.0000 6.9994
v  412.5875 10.0000 7.6607
v  411.6879 10.0000 8.1566
v  410.6383 10.0000 8.4873
v  409.4388 10.0000 8.6526
v  408.1547 10.0000 8.6560
v  407.4637 10.0000 7.8276
v  406.6286 10.0000 8.4078
v  405.0388 10.0000 8.3043
v  404.1981 10.0000 7.1404
v  403.5894 10.0000 6.3827
v  403.1328 10.0000 5.4733
v  402.8285 10.0000 4.4124
v  402.6763 10.0000 3.2000
v  402.6727 10.0000 1.8990
v  402.8102 10.0000 0.6627
v  403.0852 10.0000 -0.4190
v  403.4978 10.0000 -1.3463
v  404.0479 10.0000 -2.1190
v  404.7163 10.0000 -3.2967
v  406.2145 10.0000 -3.4117
v  407.2705 10.0000 -3.6153
v  408.1508 10.0000 -2.9353
v  408.6464 10.0000 -2.9353
v  409.1088 10.0000 -2.8699
v  409.5135 10.0000 -2.7390
v  409.8603 10.0000 -2.5427
v  417.4786 10.0000 -32.4935
v  405.3735 10.0000 -29.9510
v  407.1534 10.0000 -30.4846
v  408.2478 10.0000 -29.2512
v  409.6299 10.0000 -30.5096
v  411.4756 10.0000 -30.7344
v  413.3760 10.0000 -30.8155
v  415.4655 10.0000 -30.4467
v  418.0704 10.0000 -32.9494
v  418.7060 10.0000 -33.3482
v  419.3855 10.0000 -33.6901
v  420.1089 10.0000 -33.9750
v  421.3458 10.0000 -35.3218
v  422.7477 10.0000 -34.4961
v  424.2350 10.0000 -35.6577
v  425.6274 10.0000 -34.7077
v  427.6663 10.0000 -35.6637
v  429.5027 10.0000 -34.4596
v  431.4863 10.0000 -35.1143
v  433.9439 10.0000 -34.3720
v  436.0327 10.0000 -33.3181
v  438.9512 10.0000 -31.9345
v  439.8377 10.0000 -29.1190
v  440.5753 10.0000 -26.9374
v  440.9442 10.0000 -24.4442
v  442.9960 10.0000 9.7122
v  441.6101 10.0000 24.4207
v  439.3782 10.0000 25.0102
v  437.9298 10.0000 24.5481
v  438.6643 10.0000 25.9050
v  437.2531 10.0000 25.3875
v  437.0667 10.0000 25.6211
v  437.6655 10.0000 27.0416
v  436.2254 10.0000 26.5310
v  436.6894 10.0000 28.0438
v  435.3040 10.0000 27.4528
v  435.0546 10.0000 27.6870
v  435.5219 10.0000 29.1487
v  434.2037 10.0000 28.4359
v  434.6287 10.0000 29.9104
v  433.4367 10.0000 29.0246
v  433.0086 10.0000 33.0783
v  430.5878 10.0000 30.8966
v  432.0004 10.0000 36.1434
v  431.8096 10.0000 36.5604
v  431.6566 10.0000 36.8409
v  429.8864 10.0000 30.3056
v  419.1039 10.0000 23.3399
v  429.9113 10.0000 31.8778
v  421.1199 10.0000 15.2596
v  419.0775 10.0000 23.7224
v  420.6383 10.0000 23.5644
v  421.0643 10.0000 24.1572
v  422.7655 10.0000 24.5597
v  423.6050 10.0000 25.5190
v  425.3964 10.0000 26.5354
v  420.5612 10.0000 27.7775
v  420.8847 10.0000 28.2048
v  425.4037 10.0000 27.9184
v  425.5508 10.0000 27.9765
v  425.7470 10.0000 28.0928
v  425.9923 10.0000 28.2672
v  426.2867 10.0000 28.4998
v  426.6301 10.0000 28.7905
v  427.0227 10.0000 29.1393
v  427.4643 10.0000 29.5463
v  427.9551 10.0000 30.0114
v  428.4722 10.0000 30.5119
v  428.9702 10.0000 31.0024
v  422.1168 10.0000 16.9530
v  421.9953 10.0000 17.5618
v  420.7816 10.0000 17.6614
v  421.8224 10.0000 18.3106
v  420.6154 10.0000 18.3330
v  421.6249 10.0000 18.9895
v  420.4378 10.0000 20.4232
v  417.5919 10.0000 20.2135
v  417.5402 10.0000 20.3009
v  419.8851 10.0000 30.6502
v  416.7007 10.0000 31.6901
v  416.3724 10.0000 32.7361
v  415.1754 10.0000 32.8508
v  414.5708 10.0000 33.2038
v  413.9916 10.0000 34.0775
v  412.9351 10.0000 33.8519
v  412.1887 10.0000 34.5670
v  411.2489 10.0000 34.1170
v  410.2677 10.0000 34.6390
v  408.9900 10.0000 34.4542
v  407.7919 10.0000 34.0848
v  406.6735 10.0000 33.5306
v  405.6407 10.0000 32.7917
v  404.7586 10.0000 31.8681
v  404.0927 10.0000 30.7597
v  403.6487 10.0000 29.4666
v  404.0665 10.0000 28.2417
v  404.0214 10.0000 27.4033
v  404.0418 10.0000 26.6540
v  403.5426 10.0000 25.5725
v  404.3813 10.0000 24.8310
v  404.6210 10.0000 24.2252
v  404.5003 10.0000 23.1322
v  405.5590 10.0000 22.8031
v  406.0182 10.0000 22.3419
v  406.5304 10.0000 21.9202
v  407.0768 10.0000 21.5402
v  407.6415 10.0000 21.2047
v  408.2200 10.0000 20.9150
v  408.8123 10.0000 20.6709
v  409.4184 10.0000 20.4726
v  410.0383 10.0000 20.3199
v  410.6721 10.0000 20.2130
v  411.3196 10.0000 20.1518
v  411.9160 10.0000 20.1320
v  412.7526 10.0000 19.6181
v  413.6255 10.0000 20.2275
v  414.3184 10.0000 20.3109
v  414.9793 10.0000 20.4225
v  415.9411 10.0000 20.1000
v  416.5937 10.0000 20.8384
v  416.6025 10.0000 21.8190
v  416.7861 10.0000 21.9567
v  416.9182 10.0000 22.1140
# 1379 vertices

vn -0.6182 -0.7138 -0.3292
vn -0.5998 -0.7129 -0.3632
vn -0.8684 0.0000 -0.4958
vn -0.5998 0.7129 -0.3632
vn -0.6182 0.7138 -0.3292
vn -0.5822 -0.7122 -0.3921
vn -0.8418 0.0000 -0.5398
vn -0.5822 0.7122 -0.3921
vn -0.5655 -0.7116 -0.4169
vn -0.8166 0.0000 -0.5772
vn -0.5655 0.7116 -0.4169
vn -0.5499 -0.7111 -0.4381
vn -0.7930 0.0000 -0.6092
vn -0.5499 0.7111 -0.4381
vn -0.5354 -0.7106 -0.4564
vn -0.7711 0.0000 -0.6367
vn -0.5354 0.7106 -0.4564
vn -0.5220 -0.7103 -0.4723
vn -0.7508 0.0000 -0.6605
vn -0.5220 0.7103 -0.4723
vn -0.5095 -0.7099 -0.4862
vn -0.7321 0.0000 -0.6812
vn -0.5095 0.7099 -0.4862
vn -0.4968 -0.7101 -0.4990
vn -0.7148 0.0000 -0.6994
vn -0.4968 0.7101 -0.4990
vn -0.4810 -0.7109 -0.5131
vn -0.6961 0.0000 -0.7179
vn -0.4810 0.7109 -0.5131
vn -0.4612 -0.7117 -0.5299
vn -0.6716 0.0000 -0.7409
vn -0.4612 0.7117 -0.5299
vn -0.4362 -0.7127 -0.5493
vn -0.6410 0.0000 -0.7675
vn -0.4362 0.7127 -0.5493
vn -0.4042 -0.7141 -0.5716
vn -0.6023 0.0000 -0.7983
vn -0.4042 0.7141 -0.5716
vn -0.3624 -0.7160 -0.5967
vn -0.5520 0.0000 -0.8338
vn -0.3624 0.7160 -0.5967
vn -0.3065 -0.7186 -0.6242
vn -0.4853 0.0000 -0.8743
vn -0.3065 0.7186 -0.6242
vn -0.2310 -0.7222 -0.6520
vn -0.3951 0.0000 -0.9186
vn -0.2310 0.7222 -0.6520
vn -0.1290 -0.7269 -0.6745
vn -0.2713 0.0000 -0.9625
vn -0.1290 0.7269 -0.6745
vn 0.2187 -0.8358 -0.5036
vn -0.1030 0.0000 -0.9947
vn 0.2187 0.8358 -0.5036
vn 0.5549 -0.6998 -0.4499
vn 0.7971 0.0000 -0.6038
vn 0.5549 0.6998 -0.4499
vn 0.5253 -0.7006 -0.4830
vn 0.7556 0.0000 -0.6550
vn 0.5253 0.7006 -0.4830
vn 0.4972 -0.7013 -0.5109
vn 0.7159 0.0000 -0.6982
vn 0.4972 0.7013 -0.5109
vn 0.4710 -0.7019 -0.5343
vn 0.6785 0.0000 -0.7346
vn 0.4710 0.7019 -0.5343
vn 0.4467 -0.7025 -0.5541
vn 0.6436 0.0000 -0.7653
vn 0.4467 0.7025 -0.5541
vn 0.4242 -0.7029 -0.5709
vn 0.6113 0.0000 -0.7914
vn 0.4242 0.7029 -0.5709
vn 0.4035 -0.7034 -0.5852
vn 0.5814 0.0000 -0.8136
vn 0.4035 0.7034 -0.5852
vn 0.3845 -0.7037 -0.5974
vn 0.5539 0.0000 -0.8326
vn 0.3845 0.7037 -0.5974
vn 0.4491 -0.8803 -0.1531
vn 0.5285 0.0000 -0.8489
vn 0.4491 0.8803 -0.1531
vn 0.6710 -0.7029 0.2359
vn 0.9370 0.0000 0.3493
vn 0.6710 0.7029 0.2359
vn 0.6797 -0.7028 0.2102
vn 0.9494 0.0000 0.3140
vn 0.6797 0.7028 0.2102
vn 0.6876 -0.7026 0.1833
vn 0.9609 0.0000 0.2769
vn 0.6876 0.7026 0.1833
vn 0.6946 -0.7025 0.1551
vn 0.9712 0.0000 0.2381
vn 0.6946 0.7025 0.1551
vn 0.7006 -0.7023 0.1258
vn 0.9803 0.0000 0.1977
vn 0.7006 0.7023 0.1258
vn 0.7055 -0.7022 0.0956
vn 0.9878 0.0000 0.1558
vn 0.7055 0.7022 0.0956
vn 0.7091 -0.7021 0.0644
vn 0.9936 0.0000 0.1126
vn 0.7091 0.7021 0.0644
vn 0.7114 -0.7020 0.0324
vn 0.9977 0.0000 0.0682
vn 0.7114 0.7020 0.0324
vn 0.5845 -0.5762 -0.5713
vn 0.9997 0.0000 0.0229
vn 0.5845 0.5762 -0.5713
vn -0.5316 -0.5851 -0.6124
vn 0.0000 0.0000 -1.0000
vn -0.5316 0.5851 -0.6124
vn -0.7013 -0.7063 -0.0968
vn -0.9901 0.0000 -0.1404
vn -0.7013 0.7063 -0.0968
vn -0.7022 -0.7061 -0.0912
vn -0.9911 0.0000 -0.1331
vn -0.7022 0.7061 -0.0912
vn -0.7032 -0.7060 -0.0847
vn -0.9922 0.0000 -0.1246
vn -0.7032 0.7060 -0.0847
vn -0.7043 -0.7058 -0.0769
vn -0.9934 0.0000 -0.1145
vn -0.7043 0.7058 -0.0769
vn -0.7055 -0.7055 -0.0676
vn -0.9947 0.0000 -0.1026
vn -0.7055 0.7055 -0.0676
vn -0.7069 -0.7051 -0.0562
vn -0.9961 0.0000 -0.0882
vn -0.7069 0.7051 -0.0562
vn -0.7084 -0.7046 -0.0419
vn -0.9975 0.0000 -0.0703
vn -0.7084 0.7046 -0.0419
vn -0.7100 -0.7038 -0.0234
vn -0.9989 0.0000 -0.0477
vn -0.7100 0.7038 -0.0234
vn -0.6912 -0.7206 -0.0536
vn -0.9998 0.0000 -0.0183
vn -0.6912 0.7206 -0.0536
vn -0.6971 -0.7095 -0.1032
vn -0.9907 0.0000 -0.1360
vn -0.6971 0.7095 -0.1032
vn -0.6940 -0.7100 -0.1195
vn -0.9876 0.0000 -0.1570
vn -0.6940 0.7100 -0.1195
vn -0.6896 -0.7107 -0.1392
vn -0.9832 0.0000 -0.1823
vn -0.6896 0.7107 -0.1392
vn -0.6833 -0.7116 -0.1636
vn -0.9770 0.0000 -0.2134
vn -0.6833 0.7116 -0.1636
vn -0.6737 -0.7130 -0.1943
vn -0.9677 0.0000 -0.2522
vn -0.6737 0.7130 -0.1943
vn -0.6589 -0.7150 -0.2339
vn -0.9534 0.0000 -0.3018
vn -0.6589 0.7150 -0.2339
vn -0.6345 -0.7180 -0.2860
vn -0.9303 0.0000 -0.3668
vn -0.6345 0.7180 -0.2860
vn -0.5923 -0.7230 -0.3555
vn -0.8909 0.0000 -0.4541
vn -0.5923 0.7230 -0.3555
vn -0.1669 -0.8644 -0.4743
vn -0.8197 0.0000 -0.5728
vn -0.1669 0.8644 -0.4743
vn 0.1898 -0.7040 -0.6844
vn 0.2806 0.0000 -0.9598
vn 0.1898 0.7040 -0.6844
vn 0.1703 -0.7038 -0.6897
vn 0.2538 0.0000 -0.9672
vn 0.1703 0.7038 -0.6897
vn 0.1496 -0.7037 -0.6946
vn 0.2255 0.0000 -0.9742
vn 0.1496 0.7037 -0.6946
vn 0.1277 -0.7035 -0.6991
vn 0.1955 0.0000 -0.9807
vn 0.1277 0.7035 -0.6991
vn 0.1046 -0.7033 -0.7031
vn 0.1638 0.0000 -0.9865
vn 0.1046 0.7033 -0.7031
vn 0.0803 -0.7031 -0.7065
vn 0.1305 0.0000 -0.9915
vn 0.0803 0.7031 -0.7065
vn 0.0547 -0.7030 -0.7091
vn 0.0953 0.0000 -0.9954
vn 0.0547 0.7030 -0.7091
vn 0.0279 -0.7028 -0.7109
vn 0.0585 0.0000 -0.9983
vn 0.0279 0.7028 -0.7109
vn -0.0047 -0.7012 -0.7129
vn 0.0199 0.0000 -0.9998
vn -0.0047 0.7012 -0.7129
vn -0.0479 -0.6995 -0.7130
vn -0.0330 0.0000 -0.9995
vn -0.0479 0.6995 -0.7130
vn -0.0974 -0.6992 -0.7082
vn -0.1011 0.0000 -0.9949
vn -0.0974 0.6992 -0.7082
vn -0.1481 -0.6990 -0.6996
vn -0.1713 0.0000 -0.9852
vn -0.1481 0.6990 -0.6996
vn -0.1991 -0.6989 -0.6870
vn -0.2426 0.0000 -0.9701
vn -0.1991 0.6989 -0.6870
vn -0.2497 -0.6988 -0.6703
vn -0.3139 0.0000 -0.9495
vn -0.2497 0.6988 -0.6703
vn -0.2990 -0.6988 -0.6498
vn -0.3839 0.0000 -0.9234
vn -0.2990 0.6988 -0.6498
vn -0.3461 -0.6989 -0.6259
vn -0.4515 0.0000 -0.8923
vn -0.3461 0.6989 -0.6259
vn -0.3903 -0.6992 -0.5990
vn -0.5156 0.0000 -0.8568
vn -0.3903 0.6992 -0.5990
vn -0.4376 -0.6974 -0.5676
vn -0.5755 0.0000 -0.8178
vn -0.4376 0.6974 -0.5676
vn -0.4926 -0.6951 -0.5237
vn -0.6445 0.0000 -0.7646
vn -0.4926 0.6951 -0.5237
vn -0.5477 -0.6947 -0.4663
vn -0.7237 0.0000 -0.6901
vn -0.5477 0.6947 -0.4663
vn -0.5969 -0.6946 -0.4017
vn -0.7966 0.0000 -0.6045
vn -0.5969 0.6946 -0.4017
vn -0.6380 -0.6948 -0.3320
vn -0.8600 0.0000 -0.5104
vn -0.6380 0.6948 -0.3320
vn -0.6700 -0.6953 -0.2603
vn -0.9114 0.0000 -0.4114
vn -0.6700 0.6953 -0.2603
vn -0.6927 -0.6960 -0.1892
vn -0.9502 0.0000 -0.3117
vn -0.6927 0.6960 -0.1892
vn -0.7069 -0.6968 -0.1214
vn -0.9767 0.0000 -0.2147
vn -0.7069 0.6968 -0.1214
vn -0.7140 -0.6977 -0.0582
vn -0.9924 0.0000 -0.1233
vn -0.7140 0.6977 -0.0582
vn -0.7154 -0.6987 -0.0011
vn -0.9992 0.0000 -0.0391
vn -0.7154 0.6987 -0.0011
vn -0.7137 -0.6984 0.0538
vn -0.9993 0.0000 0.0361
vn -0.7137 0.6984 0.0538
vn -0.7077 -0.6975 0.1125
vn -0.9935 0.0000 0.1141
vn -0.7077 0.6975 0.1125
vn -0.6955 -0.6966 0.1764
vn -0.9799 0.0000 0.1996
vn -0.6955 0.6966 0.1764
vn -0.6754 -0.6957 0.2444
vn -0.9565 0.0000 0.2916
vn -0.6754 0.6957 0.2444
vn -0.6465 -0.6951 0.3145
vn -0.9217 0.0000 0.3880
vn -0.6465 0.6951 0.3145
vn -0.6081 -0.6946 0.3843
vn -0.8741 0.0000 0.4857
vn -0.6081 0.6946 0.3843
vn -0.5608 -0.6945 0.4507
vn -0.8139 0.0000 0.5810
vn -0.5608 0.6945 0.4507
vn -0.5062 -0.6947 0.5111
vn -0.7425 0.0000 0.6698
vn -0.5062 0.6947 0.5111
vn -0.4508 -0.6973 0.5573
vn -0.6627 0.0000 0.7489
vn -0.4508 0.6973 0.5573
vn -0.4042 -0.6993 0.5895
vn -0.5940 0.0000 0.8045
vn -0.4042 0.6993 0.5895
vn -0.3613 -0.6990 0.6172
vn -0.5363 0.0000 0.8440
vn -0.3613 0.6990 0.6172
vn -0.3147 -0.6987 0.6424
vn -0.4734 0.0000 0.8809
vn -0.3147 0.6987 0.6424
vn -0.2651 -0.6986 0.6646
vn -0.4058 0.0000 0.9140
vn -0.2651 0.6986 0.6646
vn -0.2131 -0.6985 0.6832
vn -0.3345 0.0000 0.9424
vn -0.2131 0.6985 0.6832
vn -0.1596 -0.6985 0.6976
vn -0.2605 0.0000 0.9655
vn -0.1596 0.6985 0.6976
vn -0.1057 -0.6986 0.7076
vn -0.1853 0.0000 0.9827
vn -0.1057 0.6986 0.7076
vn -0.0523 -0.6989 0.7133
vn -0.1100 0.0000 0.9939
vn -0.0523 0.6989 0.7133
vn 0.0003 -0.6990 0.7151
vn -0.0361 0.0000 0.9993
vn 0.0003 0.6990 0.7151
vn 0.0529 -0.6989 0.7133
vn 0.0370 0.0000 0.9993
vn 0.0529 0.6989 0.7133
vn 0.1052 -0.6989 0.7074
vn 0.1108 0.0000 0.9938
vn 0.1052 0.6989 0.7074
vn 0.1563 -0.6991 0.6977
vn 0.1833 0.0000 0.9831
vn 0.1563 0.6991 0.6977
vn 0.2052 -0.6993 0.6847
vn 0.2535 0.0000 0.9673
vn 0.2052 0.6993 0.6847
vn 0.2515 -0.6996 0.6688
vn 0.3204 0.0000 0.9473
vn 0.2515 0.6996 0.6688
vn 0.2947 -0.7000 0.6505
vn 0.3832 0.0000 0.9237
vn 0.2947 0.7000 0.6505
vn 0.3345 -0.7003 0.6306
vn 0.4416 0.0000 0.8972
vn 0.3345 0.7003 0.6306
vn 0.3709 -0.7007 0.6094
vn 0.4952 0.0000 0.8688
vn 0.3709 0.7007 0.6094
vn 0.4062 -0.7004 0.5869
vn 0.5441 0.0000 0.8390
vn 0.4062 0.7004 0.5869
vn 0.4440 -0.6994 0.5601
vn 0.5936 0.0000 0.8047
vn 0.4440 0.6994 0.5601
vn 0.4832 -0.6989 0.5273
vn 0.6480 0.0000 0.7616
vn 0.4832 0.6989 0.5273
vn 0.5220 -0.6985 0.4895
vn 0.7023 0.0000 0.7118
vn 0.5220 0.6985 0.4895
vn 0.5594 -0.6981 0.4469
vn 0.7554 0.0000 0.6552
vn 0.5594 0.6981 0.4469
vn 0.5943 -0.6979 0.3997
vn 0.8059 0.0000 0.5921
vn 0.5943 0.6979 0.3997
vn 0.6258 -0.6977 0.3486
vn 0.8523 0.0000 0.5230
vn 0.6258 0.6977 0.3486
vn 0.6530 -0.6977 0.2946
vn 0.8934 0.0000 0.4493
vn 0.6530 0.6977 0.2946
vn 0.6753 -0.6978 0.2387
vn 0.9281 0.0000 0.3723
vn 0.6753 0.6978 0.2387
vn 0.2198 -0.8968 0.3840
vn 0.9559 0.0000 0.2938
vn 0.2198 0.8968 0.3840
vn -0.2335 -0.7347 0.6369
vn -0.2308 0.0000 0.9730
vn -0.2335 0.7347 0.6369
vn -0.3486 -0.7200 0.6001
vn -0.4529 0.0000 0.8915
vn -0.3486 0.7200 0.6001
vn -0.4033 -0.7144 0.5719
vn -0.5499 0.0000 0.8352
vn -0.4033 0.7144 0.5719
vn -0.4343 -0.7117 0.5521
vn -0.6021 0.0000 0.7984
vn -0.4343 0.7117 0.5521
vn -0.4541 -0.7103 0.5378
vn -0.6342 0.0000 0.7731
vn -0.4541 0.7103 0.5378
vn -0.4677 -0.7095 0.5272
vn -0.6559 0.0000 0.7549
vn -0.4677 0.7095 0.5272
vn -0.4777 -0.7089 0.5189
vn -0.6714 0.0000 0.7411
vn -0.4777 0.7089 0.5189
vn -0.4853 -0.7085 0.5124
vn -0.6831 0.0000 0.7303
vn -0.4853 0.7085 0.5124
vn -0.4911 -0.7081 0.5074
vn -0.6922 0.0000 0.7217
vn -0.4911 0.7081 0.5074
vn -0.4956 -0.7081 0.5030
vn -0.6988 0.0000 0.7154
vn -0.4956 0.7081 0.5030
vn -0.5002 -0.7082 0.4982
vn -0.7049 0.0000 0.7093
vn -0.5002 0.7082 0.4982
vn -0.5055 -0.7085 0.4925
vn -0.7120 0.0000 0.7021
vn -0.5055 0.7085 0.4925
vn -0.5117 -0.7087 0.4856
vn -0.7204 0.0000 0.6936
vn -0.5117 0.7087 0.4856
vn -0.5192 -0.7091 0.4771
vn -0.7303 0.0000 0.6831
vn -0.5192 0.7091 0.4771
vn -0.5282 -0.7096 0.4663
vn -0.7423 0.0000 0.6700
vn -0.5282 0.7096 0.4663
vn -0.5394 -0.7104 0.4522
vn -0.7570 0.0000 0.6534
vn -0.5394 0.7104 0.4522
vn -0.5534 -0.7115 0.4331
vn -0.7755 0.0000 0.6314
vn -0.5534 0.7115 0.4331
vn -0.2453 -0.5974 0.7635
vn -0.7992 0.0000 0.6011
vn -0.2453 0.5974 0.7635
vn 0.2593 -0.6930 0.6727
vn 0.2995 0.0000 0.9541
vn 0.2593 0.6930 0.6727
vn 0.3300 -0.6968 0.6368
vn 0.4185 0.0000 0.9082
vn 0.3300 0.6968 0.6368
vn 0.3791 -0.6994 0.6059
vn 0.5007 0.0000 0.8656
vn 0.3791 0.6994 0.6059
vn 0.4144 -0.7012 0.5802
vn 0.5594 0.0000 0.8289
vn 0.4144 0.7012 0.5802
vn 0.4407 -0.7024 0.5589
vn 0.6026 0.0000 0.7980
vn 0.4407 0.7024 0.5589
vn 0.4610 -0.7033 0.5411
vn 0.6355 0.0000 0.7721
vn 0.4610 0.7033 0.5411
vn 0.4770 -0.7040 0.5262
vn 0.6612 0.0000 0.7502
vn 0.4770 0.7040 0.5262
vn 0.4898 -0.7045 0.5135
vn 0.6818 0.0000 0.7315
vn 0.4898 0.7045 0.5135
vn 0.5018 -0.7045 0.5020
vn 0.6986 0.0000 0.7156
vn 0.5018 0.7045 0.5020
vn 0.5158 -0.7037 0.4887
vn 0.7153 0.0000 0.6988
vn 0.5158 0.7037 0.4887
vn 0.5328 -0.7029 0.4712
vn 0.7365 0.0000 0.6764
vn 0.5328 0.7029 0.4712
vn 0.5527 -0.7019 0.4492
vn 0.7613 0.0000 0.6484
vn 0.5527 0.7019 0.4492
vn 0.5765 -0.7006 0.4205
vn 0.7904 0.0000 0.6125
vn 0.5765 0.7006 0.4205
vn 0.6048 -0.6988 0.3821
vn 0.8248 0.0000 0.5655
vn 0.6048 0.6988 0.3821
vn 0.6379 -0.6961 0.3293
vn 0.8648 0.0000 0.5020
vn 0.6379 0.6961 0.3293
vn 0.6752 -0.6924 0.2544
vn 0.9102 0.0000 0.4141
vn 0.6752 0.6924 0.2544
vn 0.7114 -0.6873 0.1465
vn 0.9572 0.0000 0.2894
vn 0.7114 0.6873 0.1465
vn 0.7182 -0.6947 0.0404
vn 0.9937 0.0000 0.1122
vn 0.7182 0.6947 0.0404
vn 0.7148 -0.6988 -0.0266
vn 1.0000 0.0000 -0.0000
vn 0.7148 0.6988 -0.0266
vn 0.7162 -0.6881 -0.1167
vn 0.9972 0.0000 -0.0745
vn 0.7162 0.6881 -0.1167
vn 0.6843 -0.6847 -0.2508
vn 0.9693 0.0000 -0.2460
vn 0.6843 0.6847 -0.2508
vn 0.6165 -0.6827 -0.3923
vn 0.8986 0.0000 -0.4387
vn 0.6165 0.6827 -0.3923
vn 0.5135 -0.6828 -0.5197
vn 0.7779 0.0000 -0.6283
vn 0.5135 0.6828 -0.5197
vn 0.3907 -0.6850 -0.6149
vn 0.6189 0.0000 -0.7855
vn 0.3907 0.6850 -0.6149
vn 0.2687 -0.6884 -0.6737
vn 0.4482 0.0000 -0.8939
vn 0.2687 0.6884 -0.6737
vn 0.1613 -0.6919 -0.7037
vn 0.2900 0.0000 -0.9570
vn 0.1613 0.6919 -0.7037
vn 0.0727 -0.6949 -0.7154
vn 0.1557 0.0000 -0.9878
vn 0.0727 0.6949 -0.7154
vn 0.0036 -0.6979 -0.7161
vn 0.0463 0.0000 -0.9989
vn 0.0036 0.6979 -0.7161
vn -0.0540 -0.6984 -0.7137
vn -0.0362 0.0000 -0.9993
vn -0.0540 0.6984 -0.7137
vn -0.1130 -0.6974 -0.7077
vn -0.1145 0.0000 -0.9934
vn -0.1130 0.6974 -0.7077
vn -0.1774 -0.6965 -0.6953
vn -0.2006 0.0000 -0.9797
vn -0.1774 0.6965 -0.6953
vn -0.2460 -0.6956 -0.6750
vn -0.2934 0.0000 -0.9560
vn -0.2460 0.6956 -0.6750
vn -0.3169 -0.6949 -0.6455
vn -0.3906 0.0000 -0.9205
vn -0.3169 0.6949 -0.6455
vn -0.3873 -0.6945 -0.6064
vn -0.4893 0.0000 -0.8721
vn -0.3873 0.6945 -0.6064
vn -0.4543 -0.6943 -0.5581
vn -0.5855 0.0000 -0.8107
vn -0.4543 0.6943 -0.5581
vn -0.5150 -0.6945 -0.5024
vn -0.6750 0.0000 -0.7378
vn -0.5150 0.6945 -0.5024
vn -0.8019 -0.5605 0.2067
vn -0.7544 0.0000 -0.6564
vn -0.8019 0.5605 0.2067
vn -0.2551 -0.7120 0.6542
vn -0.3431 0.0000 0.9393
vn -0.2551 0.7120 0.6542
vn -0.2840 -0.7124 0.6418
vn -0.3832 0.0000 0.9237
vn -0.2840 0.7124 0.6418
vn -0.3146 -0.7128 0.6268
vn -0.4259 0.0000 0.9048
vn -0.3146 0.7128 0.6268
vn -0.3467 -0.7133 0.6091
vn -0.4709 0.0000 0.8822
vn -0.3467 0.7133 0.6091
vn -0.3802 -0.7137 0.5883
vn -0.5181 0.0000 0.8553
vn -0.3802 0.7137 0.5883
vn -0.4147 -0.7142 0.5639
vn -0.5670 0.0000 0.8237
vn -0.4147 0.7142 0.5639
vn -0.4498 -0.7146 0.5357
vn -0.6173 0.0000 0.7867
vn -0.4498 0.7146 0.5357
vn -0.4850 -0.7151 0.5035
vn -0.6681 0.0000 0.7441
vn -0.4850 0.7151 0.5035
vn -0.3170 -0.9460 -0.0680
vn -0.7185 0.0000 0.6955
vn -0.3170 0.9460 -0.0680
vn -0.3133 -0.6917 -0.6506
vn -0.3700 0.0000 -0.9290
vn -0.3133 0.6917 -0.6506
vn -0.4059 -0.6902 -0.5991
vn -0.4957 0.0000 -0.8685
vn -0.4059 0.6902 -0.5991
vn -0.4957 -0.6893 -0.5284
vn -0.6229 0.0000 -0.7823
vn -0.4957 0.6893 -0.5284
vn -0.5746 -0.6893 -0.4413
vn -0.7410 0.0000 -0.6715
vn -0.5746 0.6893 -0.4413
vn -0.6364 -0.6901 -0.3446
vn -0.8399 0.0000 -0.5427
vn -0.6364 0.6901 -0.3446
vn -0.6788 -0.6916 -0.2467
vn -0.9135 0.0000 -0.4068
vn -0.6788 0.6916 -0.2467
vn -0.7038 -0.6934 -0.1546
vn -0.9616 0.0000 -0.2746
vn -0.7038 0.6934 -0.1546
vn -0.7151 -0.6953 -0.0723
vn -0.9881 0.0000 -0.1536
vn -0.7151 0.6953 -0.0723
vn -0.7122 -0.7018 -0.0169
vn -0.9989 0.0000 -0.0474
vn -0.7122 0.7018 -0.0169
vn -0.3232 -0.8967 -0.3025
vn -1.0000 0.0000 -0.0000
vn -0.3232 0.8967 -0.3025
vn -0.1040 -0.6900 -0.7163
vn -0.0663 0.0000 -0.9978
vn -0.1040 0.6900 -0.7163
vn -0.2258 -0.6866 -0.6910
vn -0.2203 0.0000 -0.9754
vn -0.2258 0.6866 -0.6910
vn -0.3602 -0.6839 -0.6345
vn -0.3983 0.0000 -0.9173
vn -0.3602 0.6839 -0.6345
vn -0.4896 -0.6829 -0.5422
vn -0.5835 0.0000 -0.8121
vn -0.4896 0.6829 -0.5422
vn -0.5940 -0.6841 -0.4233
vn -0.7486 0.0000 -0.6630
vn -0.5940 0.6841 -0.4233
vn -0.6633 -0.6869 -0.2969
vn -0.8711 0.0000 -0.4910
vn -0.6633 0.6869 -0.2969
vn -0.7007 -0.6903 -0.1803
vn -0.9466 0.0000 -0.3225
vn -0.7007 0.6903 -0.1803
vn -0.7158 -0.6935 -0.0817
vn -0.9847 0.0000 -0.1744
vn -0.7158 0.6935 -0.0817
vn -0.7194 -0.6946 0.0034
vn -0.9986 0.0000 -0.0520
vn -0.7194 0.6946 0.0034
vn -0.7162 -0.6912 0.0965
vn -0.9981 0.0000 0.0615
vn -0.7162 0.6912 0.0965
vn -0.6946 -0.6878 0.2108
vn -0.9788 0.0000 0.2049
vn -0.6946 0.6878 0.2108
vn -0.6446 -0.6848 0.3399
vn -0.9276 0.0000 0.3735
vn -0.6446 0.6848 0.3399
vn -0.5595 -0.6831 0.4693
vn -0.8322 0.0000 0.5544
vn -0.5595 0.6831 0.4693
vn -0.4442 -0.6836 0.5791
vn -0.6907 0.0000 0.7231
vn -0.4442 0.6836 0.5791
vn -0.3159 -0.6859 0.6555
vn -0.5194 0.0000 0.8545
vn -0.3159 0.6859 0.6555
vn -0.1936 -0.6892 0.6982
vn -0.3448 0.0000 0.9387
vn -0.1936 0.6892 0.6982
vn -0.0881 -0.6925 0.7160
vn -0.1876 0.0000 0.9822
vn -0.0881 0.6925 0.7160
vn 0.0030 -0.6938 0.7202
vn -0.0561 0.0000 0.9984
vn 0.0030 0.6938 0.7202
vn 0.1011 -0.6905 0.7163
vn 0.0644 0.0000 0.9979
vn 0.1011 0.6905 0.7163
vn 0.2201 -0.6871 0.6924
vn 0.2144 0.0000 0.9767
vn 0.2201 0.6871 0.6924
vn 0.3526 -0.6842 0.6384
vn 0.3889 0.0000 0.9213
vn 0.3526 0.6842 0.6384
vn 0.4821 -0.6830 0.5488
vn 0.5726 0.0000 0.8198
vn 0.4821 0.6830 0.5488
vn 0.5886 -0.6839 0.4311
vn 0.7392 0.0000 0.6735
vn 0.5886 0.6839 0.4311
vn 0.6605 -0.6865 0.3039
vn 0.8651 0.0000 0.5016
vn 0.6605 0.6865 0.3039
vn 0.6998 -0.6899 0.1852
vn 0.9437 0.0000 0.3307
vn 0.6998 0.6899 0.1852
vn 0.7159 -0.6931 0.0841
vn 0.9838 0.0000 0.1793
vn 0.7159 0.6931 0.0841
vn 0.7128 -0.7011 0.0191
vn 0.9986 0.0000 0.0535
vn 0.7128 0.7011 0.0191
vn 0.7006 -0.7133 0.0190
vn 0.7006 0.7133 0.0190
vn 0.6885 -0.7209 0.0792
vn 0.9985 0.0000 0.0543
vn 0.6885 0.7209 0.0792
vn 0.6710 -0.7227 0.1660
vn 0.9848 0.0000 0.1739
vn 0.6710 0.7227 0.1660
vn 0.6395 -0.7241 0.2584
vn 0.9523 0.0000 0.3053
vn 0.6395 0.7241 0.2584
vn 0.5926 -0.7249 0.3512
vn 0.8970 0.0000 0.4420
vn 0.5926 0.7249 0.3512
vn 0.5316 -0.7249 0.4382
vn 0.8184 0.0000 0.5747
vn 0.5316 0.7249 0.4382
vn 0.4604 -0.7240 0.5136
vn 0.7204 0.0000 0.6936
vn 0.4604 0.7240 0.5136
vn 0.3846 -0.7226 0.5744
vn 0.6110 0.0000 0.7916
vn 0.3846 0.7226 0.5744
vn 0.3096 -0.7208 0.6202
vn 0.4992 0.0000 0.8665
vn 0.3096 0.7208 0.6202
vn 0.8027 -0.5637 0.1947
vn 0.3924 0.0000 0.9198
vn 0.8027 0.5637 0.1947
vn 0.5359 -0.7005 -0.4713
vn 0.7701 0.0000 -0.6379
vn 0.5359 0.7005 -0.4713
vn 0.5076 -0.7009 -0.5011
vn 0.7311 0.0000 -0.6823
vn 0.5076 0.7009 -0.5011
vn 0.4793 -0.7012 -0.5278
vn 0.6917 0.0000 -0.7222
vn 0.4793 0.7012 -0.5278
vn 0.4514 -0.7016 -0.5514
vn 0.6525 0.0000 -0.7578
vn 0.4514 0.7016 -0.5514
vn 0.4242 -0.7019 -0.5722
vn 0.6141 0.0000 -0.7893
vn 0.4242 0.7019 -0.5722
vn 0.3977 -0.7022 -0.5905
vn 0.5766 0.0000 -0.8170
vn 0.3977 0.7022 -0.5905
vn 0.3724 -0.7026 -0.6064
vn 0.5405 0.0000 -0.8414
vn 0.3724 0.7026 -0.6064
vn 0.3481 -0.7029 -0.6203
vn 0.5058 0.0000 -0.8627
vn 0.3481 0.7029 -0.6203
vn 0.3268 -0.9445 -0.0348
vn 0.4727 0.0000 -0.8812
vn 0.3268 0.9445 -0.0348
vn 0.4247 -0.7181 0.5513
vn 0.6476 0.0000 0.7619
vn 0.4247 0.7181 0.5513
vn 0.3701 -0.7180 0.5895
vn 0.5715 0.0000 0.8206
vn 0.3701 0.7180 0.5895
vn 0.3132 -0.7177 0.6219
vn 0.4907 0.0000 0.8713
vn 0.3132 0.7177 0.6219
vn 0.2557 -0.7172 0.6482
vn 0.4079 0.0000 0.9130
vn 0.2557 0.7172 0.6482
vn 0.1990 -0.7167 0.6684
vn 0.3253 0.0000 0.9456
vn 0.1990 0.7167 0.6684
vn 0.1444 -0.7160 0.6830
vn 0.2450 0.0000 0.9695
vn 0.1444 0.7160 0.6830
vn 0.0928 -0.7153 0.6926
vn 0.1685 0.0000 0.9857
vn 0.0928 0.7153 0.6926
vn 0.0448 -0.7146 0.6981
vn 0.0970 0.0000 0.9953
vn 0.0448 0.7146 0.6981
vn -0.0088 -0.7170 0.6970
vn 0.0309 0.0000 0.9995
vn -0.0088 0.7170 0.6970
vn -0.0847 -0.7224 0.6863
vn -0.0562 0.0000 0.9984
vn -0.0847 0.7224 0.6863
vn -0.1841 -0.7260 0.6626
vn -0.1881 0.0000 0.9822
vn -0.1841 0.7260 0.6626
vn -0.2975 -0.7296 0.6158
vn -0.3456 0.0000 0.9384
vn -0.2975 0.7296 0.6158
vn -0.4151 -0.7322 0.5399
vn -0.5203 0.0000 0.8540
vn -0.4151 0.7322 0.5399
vn -0.5219 -0.7327 0.4368
vn -0.6916 0.0000 0.7223
vn -0.5219 0.7327 0.4368
vn -0.6041 -0.7308 0.3178
vn -0.8328 0.0000 0.5535
vn -0.6041 0.7308 0.3178
vn -0.6567 -0.7274 0.1988
vn -0.9279 0.0000 0.3727
vn -0.6567 0.7274 0.1988
vn -0.6839 -0.7237 0.0919
vn -0.9789 0.0000 0.2045
vn -0.6839 0.7237 0.0919
vn -0.6997 -0.7141 0.0215
vn -0.9981 0.0000 0.0613
vn -0.6997 0.7141 0.0215
vn -0.6303 -0.7622 -0.1476
vn -0.6303 0.7622 -0.1476
vn -0.8961 0.0000 -0.4439
vn -0.0992 -0.7251 0.6815
vn -0.2132 -0.7289 0.6506
vn -0.2208 0.0000 0.9753
vn -0.2132 0.7289 0.6506
vn -0.0992 0.7251 0.6815
vn -0.3370 -0.7319 0.5922
vn -0.3991 0.0000 0.9169
vn -0.3370 0.7319 0.5922
vn -0.4565 -0.7330 0.5043
vn -0.5844 0.0000 0.8114
vn -0.4565 0.7330 0.5043
vn -0.5556 -0.7316 0.3949
vn -0.7494 0.0000 0.6621
vn -0.5556 0.7316 0.3949
vn -0.6256 -0.7285 0.2793
vn -0.8717 0.0000 0.4901
vn -0.6256 0.7285 0.2793
vn -0.6674 -0.7247 0.1713
vn -0.9468 0.0000 0.3218
vn -0.6674 0.7247 0.1713
vn -0.6883 -0.7212 0.0784
vn -0.9847 0.0000 0.1740
vn -0.6883 0.7212 0.0784
vn -0.6949 -0.7191 -0.0003
vn -0.9987 0.0000 0.0519
vn -0.6949 0.7191 -0.0003
vn -0.6879 -0.7214 -0.0796
vn -0.9986 0.0000 -0.0527
vn -0.6879 0.7214 -0.0796
vn -0.6666 -0.7249 -0.1737
vn -0.9843 0.0000 -0.1766
vn -0.6666 0.7249 -0.1737
vn -0.6238 -0.7287 -0.2827
vn -0.9453 0.0000 -0.3262
vn -0.6238 0.7287 -0.2827
vn -0.5527 -0.7318 -0.3988
vn -0.5527 0.7318 -0.3988
vn -0.4527 -0.7330 -0.5077
vn -0.7443 0.0000 -0.6678
vn -0.4527 0.7330 -0.5077
vn -0.3333 -0.7317 -0.5946
vn -0.5785 0.0000 -0.8157
vn -0.3333 0.7317 -0.5946
vn -0.2104 -0.7286 -0.6519
vn -0.3940 0.0000 -0.9191
vn -0.2104 0.7286 -0.6519
vn -0.0978 -0.7248 -0.6820
vn -0.2176 0.0000 -0.9760
vn -0.0978 0.7248 -0.6820
vn -0.0004 -0.7220 -0.6919
vn -0.0654 0.0000 -0.9979
vn -0.0004 0.7220 -0.6919
vn 0.0962 -0.7245 -0.6825
vn 0.0643 0.0000 -0.9979
vn 0.0962 0.7245 -0.6825
vn 0.2073 -0.7283 -0.6532
vn 0.2141 0.0000 -0.9768
vn 0.2073 0.7283 -0.6532
vn 0.3292 -0.7315 -0.5971
vn 0.3884 0.0000 -0.9215
vn 0.3292 0.7315 -0.5971
vn 0.4486 -0.7329 -0.5115
vn 0.5720 0.0000 -0.8203
vn 0.4486 0.7329 -0.5115
vn 0.5494 -0.7319 -0.4031
vn 0.7387 0.0000 -0.6741
vn 0.5494 0.7319 -0.4031
vn 0.6217 -0.7289 -0.2865
vn 0.8648 0.0000 -0.5022
vn 0.6217 0.7289 -0.2865
vn 0.6656 -0.7252 -0.1764
vn 0.9436 0.0000 -0.3312
vn 0.6656 0.7252 -0.1764
vn 0.6875 -0.7217 -0.0809
vn 0.9837 0.0000 -0.1796
vn 0.6875 0.7217 -0.0809
vn 0.6947 -0.7193 -0.0003
vn 0.9986 0.0000 -0.0536
vn 0.6947 0.7193 -0.0003
vn 0.6879 -0.7214 0.0797
vn 0.9986 0.0000 0.0528
vn 0.6879 0.7214 0.0797
vn 0.6665 -0.7250 0.1740
vn 0.9842 0.0000 0.1769
vn 0.6665 0.7250 0.1740
vn 0.6236 -0.7287 0.2831
vn 0.9451 0.0000 0.3267
vn 0.6236 0.7287 0.2831
vn 0.5524 -0.7318 0.3992
vn 0.8681 0.0000 0.4965
vn 0.5524 0.7318 0.3992
vn 0.4523 -0.7330 0.5081
vn 0.7438 0.0000 0.6684
vn 0.4523 0.7330 0.5081
vn 0.3329 -0.7317 0.5948
vn 0.5779 0.0000 0.8161
vn 0.3329 0.7317 0.5948
vn 0.2101 -0.7285 0.6520
vn 0.3934 0.0000 0.9193
vn 0.2101 0.7285 0.6520
vn 0.0976 -0.7248 0.6820
vn 0.2172 0.0000 0.9761
vn 0.0976 0.7248 0.6820
vn -0.0004 -0.7222 0.6916
vn 0.0653 0.0000 0.9979
vn -0.0004 0.7222 0.6916
vn -0.0664 0.0000 0.9978
vn -0.6975 -0.7150 -0.0480
vn -0.6924 -0.7150 -0.0962
vn -0.9947 0.0000 -0.1031
vn -0.6924 0.7150 -0.0962
vn -0.6975 0.7150 -0.0480
vn -0.6841 -0.7150 -0.1441
vn -0.9851 0.0000 -0.1720
vn -0.6841 0.7150 -0.1441
vn -0.6727 -0.7149 -0.1909
vn -0.9708 0.0000 -0.2399
vn -0.6727 0.7149 -0.1909
vn -0.6584 -0.7147 -0.2361
vn -0.9521 0.0000 -0.3058
vn -0.6584 0.7147 -0.2361
vn -0.6416 -0.7145 -0.2791
vn -0.9295 0.0000 -0.3689
vn -0.6416 0.7145 -0.2791
vn -0.6227 -0.7142 -0.3196
vn -0.9035 0.0000 -0.4285
vn -0.6227 0.7142 -0.3196
vn -0.6023 -0.7139 -0.3572
vn -0.8749 0.0000 -0.4842
vn -0.6023 0.7139 -0.3572
vn -0.5775 -0.7148 -0.3944
vn -0.8444 0.0000 -0.5357
vn -0.5775 0.7148 -0.3944
vn -0.5440 -0.7168 -0.4361
vn -0.8062 0.0000 -0.5917
vn -0.5440 0.7168 -0.4361
vn -0.5017 -0.7180 -0.4825
vn -0.7529 0.0000 -0.6582
vn -0.5017 0.7180 -0.4825
vn -0.4504 -0.7191 -0.5292
vn -0.6870 0.0000 -0.7266
vn -0.4504 0.7191 -0.5292
vn -0.3897 -0.7200 -0.5742
vn -0.6074 0.0000 -0.7944
vn -0.3897 0.7200 -0.5742
vn -0.3201 -0.7208 -0.6148
vn -0.5139 0.0000 -0.8578
vn -0.3201 0.7208 -0.6148
vn -0.2434 -0.7212 -0.6486
vn -0.4081 0.0000 -0.9129
vn -0.2434 0.7212 -0.6486
vn -0.1624 -0.7211 -0.6735
vn -0.1624 0.7211 -0.6735
vn -0.0803 -0.7207 -0.6886
vn -0.1745 0.0000 -0.9847
vn -0.0803 0.7207 -0.6886
vn 0.0014 -0.7206 -0.6934
vn -0.0568 0.0000 -0.9984
vn 0.0014 0.7206 -0.6934
vn 0.0911 -0.7236 -0.6842
vn 0.0607 0.0000 -0.9982
vn 0.0911 0.7236 -0.6842
vn 0.1971 -0.7273 -0.6574
vn 0.2026 0.0000 -0.9793
vn 0.1971 0.7273 -0.6574
vn 0.3155 -0.7307 -0.6054
vn 0.3696 0.0000 -0.9292
vn 0.3155 0.7307 -0.6054
vn 0.4344 -0.7327 -0.5239
vn 0.5498 0.0000 -0.8353
vn 0.4344 0.7327 -0.5239
vn 0.5379 -0.7323 -0.4175
vn 0.7189 0.0000 -0.6951
vn 0.5379 0.7323 -0.4175
vn 0.6145 -0.7298 -0.2997
vn 0.8517 0.0000 -0.5240
vn 0.6145 0.7298 -0.2997
vn 0.6620 -0.7261 -0.1857
vn 0.9373 0.0000 -0.3485
vn 0.6620 0.7261 -0.1857
vn 0.6861 -0.7225 -0.0854
vn 0.9818 0.0000 -0.1898
vn 0.6861 0.7225 -0.0854
vn 0.6955 -0.7185 -0.0048
vn 0.9984 0.0000 -0.0568
vn 0.6955 0.7185 -0.0048
vn 0.6937 -0.7176 0.0619
vn 0.9991 0.0000 0.0430
vn 0.6937 0.7176 0.0619
vn 0.6839 -0.7184 0.1274
vn 0.9909 0.0000 0.1344
vn 0.6839 0.7184 0.1274
vn 0.6668 -0.7190 0.1958
vn 0.9729 0.0000 0.2313
vn 0.6668 0.7190 0.1958
vn 0.6419 -0.7195 0.2651
vn 0.9435 0.0000 0.3313
vn 0.6419 0.7195 0.2651
vn 0.6093 -0.7196 0.3330
vn 0.9023 0.0000 0.4310
vn 0.6093 0.7196 0.3330
vn 0.5698 -0.7194 0.3972
vn 0.8500 0.0000 0.5268
vn 0.5698 0.7194 0.3972
vn 0.5248 -0.7190 0.4556
vn 0.7883 0.0000 0.6153
vn 0.5248 0.7190 0.4556
vn 0.4765 -0.7184 0.5069
vn 0.7200 0.0000 0.6940
vn 0.4765 0.7184 0.5069
vn 0.4317 -0.7159 0.5487
vn 0.6482 0.0000 0.7615
vn 0.4317 0.7159 0.5487
vn 0.3929 -0.7144 0.5791
vn 0.5876 0.0000 0.8092
vn 0.3929 0.7144 0.5791
vn 0.3538 -0.7148 0.6032
vn 0.5348 0.0000 0.8450
vn 0.3538 0.7148 0.6032
vn 0.3109 -0.7152 0.6259
vn 0.4765 0.0000 0.8792
vn 0.3109 0.7152 0.6259
vn 0.2645 -0.7156 0.6465
vn 0.4127 0.0000 0.9109
vn 0.2645 0.7156 0.6465
vn 0.2149 -0.7158 0.6644
vn 0.3440 0.0000 0.9390
vn 0.2149 0.7158 0.6644
vn 0.1628 -0.7160 0.6788
vn 0.2711 0.0000 0.9625
vn 0.1628 0.7160 0.6788
vn 0.1091 -0.7161 0.6894
vn 0.1951 0.0000 0.9808
vn 0.1091 0.7161 0.6894
vn 0.0545 -0.7161 0.6959
vn 0.1172 0.0000 0.9931
vn 0.0545 0.7161 0.6959
vn 0.0070 -0.7137 0.7004
vn 0.0389 0.0000 0.9992
vn 0.0070 0.7137 0.7004
vn -0.0288 -0.7121 0.7015
vn -0.0190 0.0000 0.9998
vn -0.0288 0.7121 0.7015
vn -0.0633 -0.7133 0.6980
vn -0.0630 0.0000 0.9980
vn -0.0633 0.7133 0.6980
vn -0.1061 -0.7150 0.6911
vn -0.1175 0.0000 0.9931
vn -0.1061 0.7150 0.6911
vn -0.1598 -0.7173 0.6782
vn -0.1858 0.0000 0.9826
vn -0.1598 0.7173 0.6782
vn -0.2277 -0.7205 0.6550
vn -0.2725 0.0000 0.9621
vn -0.2277 0.7205 0.6550
vn -0.3123 -0.7250 0.6139
vn -0.3830 0.0000 0.9238
vn -0.3123 0.7250 0.6139
vn -0.4131 -0.7307 0.5435
vn -0.5211 0.0000 0.8535
vn -0.4131 0.7307 0.5435
vn -0.5204 -0.7366 0.4319
vn -0.6828 0.0000 0.7306
vn -0.5204 0.7366 0.4319
vn -0.6036 -0.7801 0.1645
vn -0.8439 0.0000 0.5365
vn -0.6036 0.7801 0.1645
vn -0.9994 0.0000 -0.0342
vn 0.0000 -1.0000 -0.0000
vn 0.0000 1.0000 -0.0000
vn -0.0000 1.0000 0.0000
# 1040 vertex normals

o Do_chada
g Do_chada
s 1
f 1//1 2//2 3//3 
f 2//2 4//4 3//3 
f 4//4 5//5 3//3 
f 5//5 1//1 3//3 
s 3
f 2//2 6//6 7//7 
f 6//6 8//8 7//7 
f 8//8 4//4 7//7 
f 4//4 2//2 7//7 
s 2
f 6//6 9//9 10//10 
f 9//9 11//11 10//10 
f 11//11 8//8 10//10 
f 8//8 6//6 10//10 
f 9//9 12//12 13//13 
f 12//12 14//14 13//13 
f 14//14 11//11 13//13 
f 11//11 9//9 13//13 
f 12//12 15//15 16//16 
f 15//15 17//17 16//16 
f 17//17 14//14 16//16 
f 14//14 12//12 16//16 
f 15//15 18//18 19//19 
f 18//18 20//20 19//19 
f 20//20 17//17 19//19 
f 17//17 15//15 19//19 
f 18//18 21//21 22//22 
f 21//21 23//23 22//22 
f 23//23 20//20 22//22 
f 20//20 18//18 22//22 
f 21//21 24//24 25//25 
f 24//24 26//26 25//25 
f 26//26 23//23 25//25 
f 23//23 21//21 25//25 
f 24//24 27//27 28//28 
f 27//27 29//29 28//28 
f 29//29 26//26 28//28 
f 26//26 24//24 28//28 
f 27//27 30//30 31//31 
f 30//30 32//32 31//31 
f 32//32 29//29 31//31 
f 29//29 27//27 31//31 
f 30//30 33//33 34//34 
f 33//33 35//35 34//34 
f 35//35 32//32 34//34 
f 32//32 30//30 34//34 
f 33//33 36//36 37//37 
f 36//36 38//38 37//37 
f 38//38 35//35 37//37 
f 35//35 33//33 37//37 
f 36//36 39//39 40//40 
f 39//39 41//41 40//40 
f 41//41 38//38 40//40 
f 38//38 36//36 40//40 
f 39//39 42//42 43//43 
f 42//42 44//44 43//43 
f 44//44 41//41 43//43 
f 41//41 39//39 43//43 
f 42//42 45//45 46//46 
f 45//45 47//47 46//46 
f 47//47 44//44 46//46 
f 44//44 42//42 46//46 
f 45//45 48//48 49//49 
f 48//48 50//50 49//49 
f 50//50 47//47 49//49 
f 47//47 45//45 49//49 
f 48//48 51//51 52//52 
f 51//51 53//53 52//52 
f 53//53 50//50 52//52 
f 50//50 48//48 52//52 
s 4
f 51//51 54//54 55//55 
f 54//54 56//56 55//55 
f 56//56 53//53 55//55 
f 53//53 51//51 55//55 
f 54//54 57//57 58//58 
f 57//57 59//59 58//58 
f 59//59 56//56 58//58 
f 56//56 54//54 58//58 
f 57//57 60//60 61//61 
f 60//60 62//62 61//61 
f 62//62 59//59 61//61 
f 59//59 57//57 61//61 
f 60//60 63//63 64//64 
f 63//63 65//65 64//64 
f 65//65 62//62 64//64 
f 62//62 60//60 64//64 
f 63//63 66//66 67//67 
f 66//66 68//68 67//67 
f 68//68 65//65 67//67 
f 65//65 63//63 67//67 
f 66//66 69//69 70//70 
f 69//69 71//71 70//70 
f 71//71 68//68 70//70 
f 68//68 66//66 70//70 
f 69//69 72//72 73//73 
f 72//72 74//74 73//73 
f 74//74 71//71 73//73 
f 71//71 69//69 73//73 
f 72//72 75//75 76//76 
f 75//75 77//77 76//76 
f 77//77 74//74 76//76 
f 74//74 72//72 76//76 
f 75//75 78//78 79//79 
f 78//78 80//80 79//79 
f 80//80 77//77 79//79 
f 77//77 75//75 79//79 
s 2
f 78//78 81//81 82//82 
f 81//81 83//83 82//82 
f 83//83 80//80 82//82 
f 80//80 78//78 82//82 
f 81//81 84//84 85//85 
f 84//84 86//86 85//85 
f 86//86 83//83 85//85 
f 83//83 81//81 85//85 
f 84//84 87//87 88//88 
f 87//87 89//89 88//88 
f 89//89 86//86 88//88 
f 86//86 84//84 88//88 
f 87//87 90//90 91//91 
f 90//90 92//92 91//91 
f 92//92 89//89 91//91 
f 89//89 87//87 91//91 
f 90//90 93//93 94//94 
f 93//93 95//95 94//94 
f 95//95 92//92 94//94 
f 92//92 90//90 94//94 
f 93//93 96//96 97//97 
f 96//96 98//98 97//97 
f 98//98 95//95 97//97 
f 95//95 93//93 97//97 
f 96//96 99//99 100//100 
f 99//99 101//101 100//100 
f 101//101 98//98 100//100 
f 98//98 96//96 100//100 
f 99//99 102//102 103//103 
f 102//102 104//104 103//103 
f 104//104 101//101 103//103 
f 101//101 99//99 103//103 
f 102//102 105//105 106//106 
f 105//105 107//107 106//106 
f 107//107 104//104 106//106 
f 104//104 102//102 106//106 
s 4
f 105//105 108//108 109//109 
f 108//108 110//110 109//109 
f 110//110 107//107 109//109 
f 107//107 105//105 109//109 
s 2
f 108//108 111//111 112//112 
f 111//111 113//113 112//112 
f 113//113 110//110 112//112 
f 110//110 108//108 112//112 
f 111//111 114//114 115//115 
f 114//114 116//116 115//115 
f 116//116 113//113 115//115 
f 113//113 111//111 115//115 
f 114//114 117//117 118//118 
f 117//117 119//119 118//118 
f 119//119 116//116 118//118 
f 116//116 114//114 118//118 
f 117//117 120//120 121//121 
f 120//120 122//122 121//121 
f 122//122 119//119 121//121 
f 119//119 117//117 121//121 
f 120//120 123//123 124//124 
f 123//123 125//125 124//124 
f 125//125 122//122 124//124 
f 122//122 120//120 124//124 
f 123//123 126//126 127//127 
f 126//126 128//128 127//127 
f 128//128 125//125 127//127 
f 125//125 123//123 127//127 
f 126//126 129//129 130//130 
f 129//129 131//131 130//130 
f 131//131 128//128 130//130 
f 128//128 126//126 130//130 
f 129//129 132//132 133//133 
f 132//132 134//134 133//133 
f 134//134 131//131 133//133 
f 131//131 129//129 133//133 
f 132//132 135//135 136//136 
f 135//135 137//137 136//136 
f 137//137 134//134 136//136 
f 134//134 132//132 136//136 
s 4
f 135//135 138//138 139//139 
f 138//138 140//140 139//139 
f 140//140 137//137 139//139 
f 137//137 135//135 139//139 
f 138//138 141//141 142//142 
f 141//141 143//143 142//142 
f 143//143 140//140 142//142 
f 140//140 138//138 142//142 
f 141//141 144//144 145//145 
f 144//144 146//146 145//145 
f 146//146 143//143 145//145 
f 143//143 141//141 145//145 
f 144//144 147//147 148//148 
f 147//147 149//149 148//148 
f 149//149 146//146 148//148 
f 146//146 144//144 148//148 
f 147//147 150//150 151//151 
f 150//150 152//152 151//151 
f 152//152 149//149 151//151 
f 149//149 147//147 151//151 
f 150//150 153//153 154//154 
f 153//153 155//155 154//154 
f 155//155 152//152 154//154 
f 152//152 150//150 154//154 
f 153//153 156//156 157//157 
f 156//156 158//158 157//157 
f 158//158 155//155 157//157 
f 155//155 153//153 157//157 
f 156//156 159//159 160//160 
f 159//159 161//161 160//160 
f 161//161 158//158 160//160 
f 158//158 156//156 160//160 
f 159//159 162//162 163//163 
f 162//162 164//164 163//163 
f 164//164 161//161 163//163 
f 161//161 159//159 163//163 
s 2
f 162//162 165//165 166//166 
f 165//165 167//167 166//166 
f 167//167 164//164 166//166 
f 164//164 162//162 166//166 
f 165//165 168//168 169//169 
f 168//168 170//170 169//169 
f 170//170 167//167 169//169 
f 167//167 165//165 169//169 
f 168//168 171//171 172//172 
f 171//171 173//173 172//172 
f 173//173 170//170 172//172 
f 170//170 168//168 172//172 
f 171//171 174//174 175//175 
f 174//174 176//176 175//175 
f 176//176 173//173 175//175 
f 173//173 171//171 175//175 
f 174//174 177//177 178//178 
f 177//177 179//179 178//178 
f 179//179 176//176 178//178 
f 176//176 174//174 178//178 
f 177//177 180//180 181//181 
f 180//180 182//182 181//181 
f 182//182 179//179 181//181 
f 179//179 177//177 181//181 
f 180//180 183//183 184//184 
f 183//183 185//185 184//184 
f 185//185 182//182 184//184 
f 182//182 180//180 184//184 
f 183//183 186//186 187//187 
f 186//186 188//188 187//187 
f 188//188 185//185 187//187 
f 185//185 183//183 187//187 
f 186//186 189//189 190//190 
f 189//189 191//191 190//190 
f 191//191 188//188 190//190 
f 188//188 186//186 190//190 
f 189//189 192//192 193//193 
f 192//192 194//194 193//193 
f 194//194 191//191 193//193 
f 191//191 189//189 193//193 
f 192//192 195//195 196//196 
f 195//195 197//197 196//196 
f 197//197 194//194 196//196 
f 194//194 192//192 196//196 
f 195//195 198//198 199//199 
f 198//198 200//200 199//199 
f 200//200 197//197 199//199 
f 197//197 195//195 199//199 
f 198//198 201//201 202//202 
f 201//201 203//203 202//202 
f 203//203 200//200 202//202 
f 200//200 198//198 202//202 
f 201//201 204//204 205//205 
f 204//204 206//206 205//205 
f 206//206 203//203 205//205 
f 203//203 201//201 205//205 
f 204//204 207//207 208//208 
f 207//207 209//209 208//208 
f 209//209 206//206 208//208 
f 206//206 204//204 208//208 
f 207//207 210//210 211//211 
f 210//210 212//212 211//211 
f 212//212 209//209 211//211 
f 209//209 207//207 211//211 
f 210//210 213//213 214//214 
f 213//213 215//215 214//214 
f 215//215 212//212 214//214 
f 212//212 210//210 214//214 
f 213//213 216//216 217//217 
f 216//216 218//218 217//217 
f 218//218 215//215 217//217 
f 215//215 213//213 217//217 
f 216//216 219//219 220//220 
f 219//219 221//221 220//220 
f 221//221 218//218 220//220 
f 218//218 216//216 220//220 
f 219//219 222//222 223//223 
f 222//222 224//224 223//223 
f 224//224 221//221 223//223 
f 221//221 219//219 223//223 
f 222//222 225//225 226//226 
f 225//225 227//227 226//226 
f 227//227 224//224 226//226 
f 224//224 222//222 226//226 
f 225//225 228//228 229//229 
f 228//228 230//230 229//229 
f 230//230 227//227 229//229 
f 227//227 225//225 229//229 
f 228//228 231//231 232//232 
f 231//231 233//233 232//232 
f 233//233 230//230 232//232 
f 230//230 228//228 232//232 
f 231//231 234//234 235//235 
f 234//234 236//236 235//235 
f 236//236 233//233 235//235 
f 233//233 231//231 235//235 
f 234//234 237//237 238//238 
f 237//237 239//239 238//238 
f 239//239 236//236 238//238 
f 236//236 234//234 238//238 
f 237//237 240//240 241//241 
f 240//240 242//242 241//241 
f 242//242 239//239 241//241 
f 239//239 237//237 241//241 
f 240//240 243//243 244//244 
f 243//243 245//245 244//244 
f 245//245 242//242 244//244 
f 242//242 240//240 244//244 
f 243//243 246//246 247//247 
f 246//246 248//248 247//247 
f 248//248 245//245 247//247 
f 245//245 243//243 247//247 
f 246//246 249//249 250//250 
f 249//249 251//251 250//250 
f 251//251 248//248 250//250 
f 248//248 246//246 250//250 
f 249//249 252//252 253//253 
f 252//252 254//254 253//253 
f 254//254 251//251 253//253 
f 251//251 249//249 253//253 
f 252//252 255//255 256//256 
f 255//255 257//257 256//256 
f 257//257 254//254 256//256 
f 254//254 252//252 256//256 
f 255//255 258//258 259//259 
f 258//258 260//260 259//259 
f 260//260 257//257 259//259 
f 257//257 255//255 259//259 
f 258//258 261//261 262//262 
f 261//261 263//263 262//262 
f 263//263 260//260 262//262 
f 260//260 258//258 262//262 
f 261//261 264//264 265//265 
f 264//264 266//266 265//265 
f 266//266 263//263 265//265 
f 263//263 261//261 265//265 
f 264//264 267//267 268//268 
f 267//267 269//269 268//268 
f 269//269 266//266 268//268 
f 266//266 264//264 268//268 
f 267//267 270//270 271//271 
f 270//270 272//272 271//271 
f 272//272 269//269 271//271 
f 269//269 267//267 271//271 
f 270//270 273//273 274//274 
f 273//273 275//275 274//274 
f 275//275 272//272 274//274 
f 272//272 270//270 274//274 
f 273//273 276//276 277//277 
f 276//276 278//278 277//277 
f 278//278 275//275 277//277 
f 275//275 273//273 277//277 
f 276//276 279//279 280//280 
f 279//279 281//281 280//280 
f 281//281 278//278 280//280 
f 278//278 276//276 280//280 
f 279//279 282//282 283//283 
f 282//282 284//284 283//283 
f 284//284 281//281 283//283 
f 281//281 279//279 283//283 
f 282//282 285//285 286//286 
f 285//285 287//287 286//286 
f 287//287 284//284 286//286 
f 284//284 282//282 286//286 
f 285//285 288//288 289//289 
f 288//288 290//290 289//289 
f 290//290 287//287 289//289 
f 287//287 285//285 289//289 
f 288//288 291//291 292//292 
f 291//291 293//293 292//292 
f 293//293 290//290 292//292 
f 290//290 288//288 292//292 
f 291//291 294//294 295//295 
f 294//294 296//296 295//295 
f 296//296 293//293 295//295 
f 293//293 291//291 295//295 
f 294//294 297//297 298//298 
f 297//297 299//299 298//298 
f 299//299 296//296 298//298 
f 296//296 294//294 298//298 
f 297//297 300//300 301//301 
f 300//300 302//302 301//301 
f 302//302 299//299 301//301 
f 299//299 297//297 301//301 
f 300//300 303//303 304//304 
f 303//303 305//305 304//304 
f 305//305 302//302 304//304 
f 302//302 300//300 304//304 
f 303//303 306//306 307//307 
f 306//306 308//308 307//307 
f 308//308 305//305 307//307 
f 305//305 303//303 307//307 
f 306//306 309//309 310//310 
f 309//309 311//311 310//310 
f 311//311 308//308 310//310 
f 308//308 306//306 310//310 
f 309//309 312//312 313//313 
f 312//312 314//314 313//313 
f 314//314 311//311 313//313 
f 311//311 309//309 313//313 
f 312//312 315//315 316//316 
f 315//315 317//317 316//316 
f 317//317 314//314 316//316 
f 314//314 312//312 316//316 
f 315//315 318//318 319//319 
f 318//318 320//320 319//319 
f 320//320 317//317 319//319 
f 317//317 315//315 319//319 
f 318//318 321//321 322//322 
f 321//321 323//323 322//322 
f 323//323 320//320 322//322 
f 320//320 318//318 322//322 
f 321//321 324//324 325//325 
f 324//324 326//326 325//325 
f 326//326 323//323 325//325 
f 323//323 321//321 325//325 
f 324//324 327//327 328//328 
f 327//327 329//329 328//328 
f 329//329 326//326 328//328 
f 326//326 324//324 328//328 
f 327//327 330//330 331//331 
f 330//330 332//332 331//331 
f 332//332 329//329 331//331 
f 329//329 327//327 331//331 
f 330//330 333//333 334//334 
f 333//333 335//335 334//334 
f 335//335 332//332 334//334 
f 332//332 330//330 334//334 
f 333//333 336//336 337//337 
f 336//336 338//338 337//337 
f 338//338 335//335 337//337 
f 335//335 333//333 337//337 
f 336//336 339//339 340//340 
f 339//339 341//341 340//340 
f 341//341 338//338 340//340 
f 338//338 336//336 340//340 
f 339//339 342//342 343//343 
f 342//342 344//344 343//343 
f 344//344 341//341 343//343 
f 341//341 339//339 343//343 
f 342//342 345//345 346//346 
f 345//345 347//347 346//346 
f 347//347 344//344 346//346 
f 344//344 342//342 346//346 
f 345//345 348//348 349//349 
f 348//348 350//350 349//349 
f 350//350 347//347 349//349 
f 347//347 345//345 349//349 
f 348//348 351//351 352//352 
f 351//351 353//353 352//352 
f 353//353 350//350 352//352 
f 350//350 348//348 352//352 
s 4
f 351//351 354//354 355//355 
f 354//354 356//356 355//355 
f 356//356 353//353 355//355 
f 353//353 351//351 355//355 
f 354//354 357//357 358//358 
f 357//357 359//359 358//358 
f 359//359 356//356 358//358 
f 356//356 354//354 358//358 
f 357//357 360//360 361//361 
f 360//360 362//362 361//361 
f 362//362 359//359 361//361 
f 359//359 357//357 361//361 
f 360//360 363//363 364//364 
f 363//363 365//365 364//364 
f 365//365 362//362 364//364 
f 362//362 360//360 364//364 
f 363//363 366//366 367//367 
f 366//366 368//368 367//367 
f 368//368 365//365 367//367 
f 365//365 363//363 367//367 
f 366//366 369//369 370//370 
f 369//369 371//371 370//370 
f 371//371 368//368 370//370 
f 368//368 366//366 370//370 
f 369//369 372//372 373//373 
f 372//372 374//374 373//373 
f 374//374 371//371 373//373 
f 371//371 369//369 373//373 
f 372//372 375//375 376//376 
f 375//375 377//377 376//376 
f 377//377 374//374 376//376 
f 374//374 372//372 376//376 
f 375//375 378//378 379//379 
f 378//378 380//380 379//379 
f 380//380 377//377 379//379 
f 377//377 375//375 379//379 
f 378//378 381//381 382//382 
f 381//381 383//383 382//382 
f 383//383 380//380 382//382 
f 380//380 378//378 382//382 
f 381//381 384//384 385//385 
f 384//384 386//386 385//385 
f 386//386 383//383 385//385 
f 383//383 381//381 385//385 
f 384//384 387//387 388//388 
f 387//387 389//389 388//388 
f 389//389 386//386 388//388 
f 386//386 384//384 388//388 
f 387//387 390//390 391//391 
f 390//390 392//392 391//391 
f 392//392 389//389 391//391 
f 389//389 387//387 391//391 
f 390//390 393//393 394//394 
f 393//393 395//395 394//394 
f 395//395 392//392 394//394 
f 392//392 390//390 394//394 
f 393//393 396//396 397//397 
f 396//396 398//398 397//397 
f 398//398 395//395 397//397 
f 395//395 393//393 397//397 
f 396//396 399//399 400//400 
f 399//399 401//401 400//400 
f 401//401 398//398 400//400 
f 398//398 396//396 400//400 
f 399//399 402//402 403//403 
f 402//402 404//404 403//403 
f 404//404 401//401 403//403 
f 401//401 399//399 403//403 
f 402//402 405//405 406//406 
f 405//405 407//407 406//406 
f 407//407 404//404 406//406 
f 404//404 402//402 406//406 
s 2
f 405//405 408//408 409//409 
f 408//408 410//410 409//409 
f 410//410 407//407 409//409 
f 407//407 405//405 409//409 
f 408//408 411//411 412//412 
f 411//411 413//413 412//412 
f 413//413 410//410 412//412 
f 410//410 408//408 412//412 
f 411//411 414//414 415//415 
f 414//414 416//416 415//415 
f 416//416 413//413 415//415 
f 413//413 411//411 415//415 
f 414//414 417//417 418//418 
f 417//417 419//419 418//418 
f 419//419 416//416 418//418 
f 416//416 414//414 418//418 
f 417//417 420//420 421//421 
f 420//420 422//422 421//421 
f 422//422 419//419 421//421 
f 419//419 417//417 421//421 
f 420//420 423//423 424//424 
f 423//423 425//425 424//424 
f 425//425 422//422 424//424 
f 422//422 420//420 424//424 
f 423//423 426//426 427//427 
f 426//426 428//428 427//427 
f 428//428 425//425 427//427 
f 425//425 423//423 427//427 
f 426//426 429//429 430//430 
f 429//429 431//431 430//430 
f 431//431 428//428 430//430 
f 428//428 426//426 430//430 
f 429//429 432//432 433//433 
f 432//432 434//434 433//433 
f 434//434 431//431 433//433 
f 431//431 429//429 433//433 
f 432//432 435//435 436//436 
f 435//435 437//437 436//436 
f 437//437 434//434 436//436 
f 434//434 432//432 436//436 
f 435//435 438//438 439//439 
f 438//438 440//440 439//439 
f 440//440 437//437 439//439 
f 437//437 435//435 439//439 
f 438//438 441//441 442//442 
f 441//441 443//443 442//442 
f 443//443 440//440 442//442 
f 440//440 438//438 442//442 
f 441//441 444//444 445//445 
f 444//444 446//446 445//445 
f 446//446 443//443 445//445 
f 443//443 441//441 445//445 
f 444//444 447//447 448//448 
f 447//447 449//449 448//448 
f 449//449 446//446 448//448 
f 446//446 444//444 448//448 
f 447//447 450//450 451//451 
f 450//450 452//452 451//451 
f 452//452 449//449 451//451 
f 449//449 447//447 451//451 
f 450//450 453//453 454//454 
f 453//453 455//455 454//454 
f 455//455 452//452 454//454 
f 452//452 450//450 454//454 
f 453//453 456//456 457//457 
f 456//456 458//458 457//457 
f 458//458 455//455 457//457 
f 455//455 453//453 457//457 
f 456//456 459//459 460//460 
f 459//459 461//461 460//460 
f 461//461 458//458 460//460 
f 458//458 456//456 460//460 
s 4
f 459//459 462//462 463//463 
f 462//462 464//464 463//463 
f 464//464 461//461 463//463 
f 461//461 459//459 463//463 
s 2
f 462//462 465//465 466//466 
f 465//465 467//467 466//466 
f 467//467 464//464 466//466 
f 464//464 462//462 466//466 
f 465//465 468//468 469//469 
f 468//468 470//470 469//469 
f 470//470 467//467 469//469 
f 467//467 465//465 469//469 
f 468//468 471//471 472//472 
f 471//471 473//473 472//472 
f 473//473 470//470 472//472 
f 470//470 468//468 472//472 
f 471//471 474//474 475//475 
f 474//474 476//476 475//475 
f 476//476 473//473 475//475 
f 473//473 471//471 475//475 
f 474//474 477//477 478//478 
f 477//477 479//479 478//478 
f 479//479 476//476 478//478 
f 476//476 474//474 478//478 
f 477//477 480//480 481//481 
f 480//480 482//482 481//481 
f 482//482 479//479 481//481 
f 479//479 477//477 481//481 
f 480//480 483//483 484//484 
f 483//483 485//485 484//484 
f 485//485 482//482 484//484 
f 482//482 480//480 484//484 
f 483//483 486//486 487//487 
f 486//486 488//488 487//487 
f 488//488 485//485 487//487 
f 485//485 483//483 487//487 
f 486//486 489//489 490//490 
f 489//489 491//491 490//490 
f 491//491 488//488 490//490 
f 488//488 486//486 490//490 
f 489//489 492//492 493//493 
f 492//492 494//494 493//493 
f 494//494 491//491 493//493 
f 491//491 489//489 493//493 
f 492//492 495//495 496//496 
f 495//495 497//497 496//496 
f 497//497 494//494 496//496 
f 494//494 492//492 496//496 
f 495//495 498//498 499//499 
f 498//498 500//500 499//499 
f 500//500 497//497 499//499 
f 497//497 495//495 499//499 
f 498//498 501//501 502//502 
f 501//501 503//503 502//502 
f 503//503 500//500 502//502 
f 500//500 498//498 502//502 
f 501//501 504//504 505//505 
f 504//504 506//506 505//505 
f 506//506 503//503 505//505 
f 503//503 501//501 505//505 
f 504//504 507//507 508//508 
f 507//507 509//509 508//508 
f 509//509 506//506 508//508 
f 506//506 504//504 508//508 
f 507//507 510//510 511//511 
f 510//510 512//512 511//511 
f 512//512 509//509 511//511 
f 509//509 507//507 511//511 
f 510//510 513//513 514//514 
f 513//513 515//515 514//514 
f 515//515 512//512 514//514 
f 512//512 510//510 514//514 
f 513//513 516//516 517//517 
f 516//516 518//518 517//517 
f 518//518 515//515 517//517 
f 515//515 513//513 517//517 
s 4
f 516//516 519//519 520//520 
f 519//519 521//521 520//520 
f 521//521 518//518 520//520 
f 518//518 516//516 520//520 
f 519//519 522//522 523//523 
f 522//522 524//524 523//523 
f 524//524 521//521 523//523 
f 521//521 519//519 523//523 
f 522//522 525//525 526//526 
f 525//525 527//527 526//526 
f 527//527 524//524 526//526 
f 524//524 522//522 526//526 
f 525//525 528//528 529//529 
f 528//528 530//530 529//529 
f 530//530 527//527 529//529 
f 527//527 525//525 529//529 
f 528//528 531//531 532//532 
f 531//531 533//533 532//532 
f 533//533 530//530 532//532 
f 530//530 528//528 532//532 
f 531//531 534//534 535//535 
f 534//534 536//536 535//535 
f 536//536 533//533 535//535 
f 533//533 531//531 535//535 
f 534//534 537//537 538//538 
f 537//537 539//539 538//538 
f 539//539 536//536 538//538 
f 536//536 534//534 538//538 
f 537//537 540//540 541//541 
f 540//540 542//542 541//541 
f 542//542 539//539 541//541 
f 539//539 537//537 541//541 
f 540//540 543//543 544//544 
f 543//543 545//545 544//544 
f 545//545 542//542 544//544 
f 542//542 540//540 544//544 
s 2
f 543//543 546//546 547//547 
f 546//546 548//548 547//547 
f 548//548 545//545 547//547 
f 545//545 543//543 547//547 
f 546//546 549//549 550//550 
f 549//549 551//551 550//550 
f 551//551 548//548 550//550 
f 548//548 546//546 550//550 
f 549//549 552//552 553//553 
f 552//552 554//554 553//553 
f 554//554 551//551 553//553 
f 551//551 549//549 553//553 
f 552//552 555//555 556//556 
f 555//555 557//557 556//556 
f 557//557 554//554 556//556 
f 554//554 552//552 556//556 
f 555//555 558//558 559//559 
f 558//558 560//560 559//559 
f 560//560 557//557 559//559 
f 557//557 555//555 559//559 
f 558//558 561//561 562//562 
f 561//561 563//563 562//562 
f 563//563 560//560 562//562 
f 560//560 558//558 562//562 
f 561//561 564//564 565//565 
f 564//564 566//566 565//565 
f 566//566 563//563 565//565 
f 563//563 561//561 565//565 
f 564//564 567//567 568//568 
f 567//567 569//569 568//568 
f 569//569 566//566 568//568 
f 566//566 564//564 568//568 
f 567//567 570//570 571//571 
f 570//570 572//572 571//571 
f 572//572 569//569 571//571 
f 569//569 567//567 571//571 
s 4
f 570//570 573//573 574//574 
f 573//573 575//575 574//574 
f 575//575 572//572 574//574 
f 572//572 570//570 574//574 
s 2
f 573//573 576//576 577//577 
f 576//576 578//578 577//577 
f 578//578 575//575 577//577 
f 575//575 573//573 577//577 
f 576//576 579//579 580//580 
f 579//579 581//581 580//580 
f 581//581 578//578 580//580 
f 578//578 576//576 580//580 
f 579//579 582//582 583//583 
f 582//582 584//584 583//583 
f 584//584 581//581 583//583 
f 581//581 579//579 583//583 
f 582//582 585//585 586//586 
f 585//585 587//587 586//586 
f 587//587 584//584 586//586 
f 584//584 582//582 586//586 
f 585//585 588//588 589//589 
f 588//588 590//590 589//589 
f 590//590 587//587 589//589 
f 587//587 585//585 589//589 
f 588//588 591//591 592//592 
f 591//591 593//593 592//592 
f 593//593 590//590 592//592 
f 590//590 588//588 592//592 
f 591//591 594//594 595//595 
f 594//594 596//596 595//595 
f 596//596 593//593 595//595 
f 593//593 591//591 595//595 
f 594//594 597//597 598//598 
f 597//597 599//599 598//598 
f 599//599 596//596 598//598 
f 596//596 594//594 598//598 
f 597//597 600//600 601//601 
f 600//600 602//602 601//601 
f 602//602 599//599 601//601 
f 599//599 597//597 601//601 
f 600//600 603//603 604//604 
f 603//603 605//605 604//604 
f 605//605 602//602 604//604 
f 602//602 600//600 604//604 
f 603//603 606//606 607//607 
f 606//606 608//608 607//607 
f 608//608 605//605 607//607 
f 605//605 603//603 607//607 
f 606//606 609//609 610//610 
f 609//609 611//611 610//610 
f 611//611 608//608 610//610 
f 608//608 606//606 610//610 
f 609//609 612//612 613//613 
f 612//612 614//614 613//613 
f 614//614 611//611 613//613 
f 611//611 609//609 613//613 
f 612//612 615//615 616//616 
f 615//615 617//617 616//616 
f 617//617 614//614 616//616 
f 614//614 612//612 616//616 
f 615//615 618//618 619//619 
f 618//618 620//620 619//619 
f 620//620 617//617 619//619 
f 617//617 615//615 619//619 
f 618//618 621//621 622//622 
f 621//621 623//623 622//622 
f 623//623 620//620 622//622 
f 620//620 618//618 622//622 
f 621//621 624//624 625//625 
f 624//624 626//626 625//625 
f 626//626 623//623 625//625 
f 623//623 621//621 625//625 
f 624//624 627//627 628//628 
f 627//627 629//629 628//628 
f 629//629 626//626 628//628 
f 626//626 624//624 628//628 
f 627//627 630//630 631//631 
f 630//630 632//632 631//631 
f 632//632 629//629 631//631 
f 629//629 627//627 631//631 
f 630//630 633//633 634//634 
f 633//633 635//635 634//634 
f 635//635 632//632 634//634 
f 632//632 630//630 634//634 
f 633//633 636//636 637//637 
f 636//636 638//638 637//637 
f 638//638 635//635 637//637 
f 635//635 633//633 637//637 
f 636//636 639//639 640//640 
f 639//639 641//641 640//640 
f 641//641 638//638 640//640 
f 638//638 636//636 640//640 
f 639//639 642//642 643//643 
f 642//642 644//644 643//643 
f 644//644 641//641 643//643 
f 641//641 639//639 643//643 
f 642//642 645//645 646//646 
f 645//645 647//647 646//646 
f 647//647 644//644 646//646 
f 644//644 642//642 646//646 
f 645//645 648//648 649//649 
f 648//648 650//650 649//649 
f 650//650 647//647 649//649 
f 647//647 645//645 649//649 
f 648//648 651//651 652//652 
f 651//651 653//653 652//652 
f 653//653 650//650 652//652 
f 650//650 648//648 652//652 
f 651//651 654//654 655//655 
f 654//654 656//656 655//655 
f 656//656 653//653 655//655 
f 653//653 651//651 655//655 
s 4
f 654//654 657//657 658//463 
f 657//657 659//658 658//463 
f 659//658 656//656 658//463 
f 656//656 654//654 658//463 
s 2
f 657//657 660//659 661//660 
f 660//659 662//661 661//660 
f 662//661 659//658 661//660 
f 659//658 657//657 661//660 
f 660//659 663//662 664//663 
f 663//662 665//664 664//663 
f 665//664 662//661 664//663 
f 662//661 660//659 664//663 
f 663//662 666//665 667//666 
f 666//665 668//667 667//666 
f 668//667 665//664 667//666 
f 665//664 663//662 667//666 
f 666//665 669//668 670//669 
f 669//668 671//670 670//669 
f 671//670 668//667 670//669 
f 668//667 666//665 670//669 
f 669//668 672//671 673//672 
f 672//671 674//673 673//672 
f 674//673 671//670 673//672 
f 671//670 669//668 673//672 
f 672//671 675//674 676//675 
f 675//674 677//676 676//675 
f 677//676 674//673 676//675 
f 674//673 672//671 676//675 
f 675//674 678//677 679//678 
f 678//677 680//679 679//678 
f 680//679 677//676 679//678 
f 677//676 675//674 679//678 
f 678//677 681//680 682//681 
f 681//680 683//682 682//681 
f 683//682 680//679 682//681 
f 680//679 678//677 682//681 
f 681//680 684//683 685//684 
f 684//683 686//685 685//684 
f 686//685 683//682 685//684 
f 683//682 681//680 685//684 
s 4
f 684//683 687//686 688//687 
f 687//686 689//688 688//687 
f 689//688 686//685 688//687 
f 686//685 684//683 688//687 
f 687//686 690//689 691//690 
f 690//689 692//691 691//690 
f 692//691 689//688 691//690 
f 689//688 687//686 691//690 
f 690//689 693//692 694//693 
f 693//692 695//694 694//693 
f 695//694 692//691 694//693 
f 692//691 690//689 694//693 
f 693//692 696//695 697//696 
f 696//695 698//697 697//696 
f 698//697 695//694 697//696 
f 695//694 693//692 697//696 
f 696//695 699//698 700//699 
f 699//698 701//700 700//699 
f 701//700 698//697 700//699 
f 698//697 696//695 700//699 
f 699//698 702//701 703//702 
f 702//701 704//703 703//702 
f 704//703 701//700 703//702 
f 701//700 699//698 703//702 
f 702//701 705//704 706//705 
f 705//704 707//706 706//705 
f 707//706 704//703 706//705 
f 704//703 702//701 706//705 
f 705//704 708//707 709//708 
f 708//707 710//709 709//708 
f 710//709 707//706 709//708 
f 707//706 705//704 709//708 
f 708//707 711//710 712//711 
f 711//710 713//712 712//711 
f 713//712 710//709 712//711 
f 710//709 708//707 712//711 
s 2
f 711//710 714//713 715//714 
f 714//713 716//715 715//714 
f 716//715 713//712 715//714 
f 713//712 711//710 715//714 
f 714//713 717//716 718//717 
f 717//716 719//718 718//717 
f 719//718 716//715 718//717 
f 716//715 714//713 718//717 
f 717//716 720//719 721//720 
f 720//719 722//721 721//720 
f 722//721 719//718 721//720 
f 719//718 717//716 721//720 
f 720//719 723//722 724//723 
f 723//722 725//724 724//723 
f 725//724 722//721 724//723 
f 722//721 720//719 724//723 
f 723//722 726//725 727//726 
f 726//725 728//727 727//726 
f 728//727 725//724 727//726 
f 725//724 723//722 727//726 
f 726//725 729//728 730//729 
f 729//728 731//730 730//729 
f 731//730 728//727 730//729 
f 728//727 726//725 730//729 
f 729//728 732//731 733//732 
f 732//731 734//733 733//732 
f 734//733 731//730 733//732 
f 731//730 729//728 733//732 
f 732//731 735//734 736//735 
f 735//734 737//736 736//735 
f 737//736 734//733 736//735 
f 734//733 732//731 736//735 
f 735//734 738//737 739//738 
f 738//737 740//739 739//738 
f 740//739 737//736 739//738 
f 737//736 735//734 739//738 
f 738//737 741//740 742//741 
f 741//740 743//742 742//741 
f 743//742 740//739 742//741 
f 740//739 738//737 742//741 
f 741//740 744//743 745//744 
f 744//743 746//745 745//744 
f 746//745 743//742 745//744 
f 743//742 741//740 745//744 
f 744//743 747//746 748//747 
f 747//746 749//748 748//747 
f 749//748 746//745 748//747 
f 746//745 744//743 748//747 
f 747//746 750//749 751//750 
f 750//749 752//751 751//750 
f 752//751 749//748 751//750 
f 749//748 747//746 751//750 
f 750//749 753//752 754//753 
f 753//752 755//754 754//753 
f 755//754 752//751 754//753 
f 752//751 750//749 754//753 
f 753//752 756//755 757//756 
f 756//755 758//757 757//756 
f 758//757 755//754 757//756 
f 755//754 753//752 757//756 
f 756//755 759//758 760//759 
f 759//758 761//760 760//759 
f 761//760 758//757 760//759 
f 758//757 756//755 760//759 
f 759//758 762//761 763//762 
f 762//761 764//763 763//762 
f 764//763 761//760 763//762 
f 761//760 759//758 763//762 
f 762//761 765//764 766//765 
f 765//764 767//766 766//765 
f 767//766 764//763 766//765 
f 764//763 762//761 766//765 
s 4
f 765//764 768//767 769//574 
f 768//767 770//768 769//574 
f 770//768 767//766 769//574 
f 767//766 765//764 769//574 
s 3
f 768//767 1//1 771//769 
f 1//1 5//5 771//769 
f 5//5 770//768 771//769 
f 770//768 768//767 771//769 
s 1
f 772//770 773//771 774//772 
f 773//771 775//773 774//772 
f 775//773 776//774 774//772 
f 776//774 772//770 774//772 
s 3
f 773//771 777//775 778//776 
f 777//775 779//777 778//776 
f 779//777 775//773 778//776 
f 775//773 773//771 778//776 
s 2
f 777//775 780//778 781//779 
f 780//778 782//780 781//779 
f 782//780 779//777 781//779 
f 779//777 777//775 781//779 
f 780//778 783//781 784//782 
f 783//781 785//783 784//782 
f 785//783 782//780 784//782 
f 782//780 780//778 784//782 
f 783//781 786//784 787//785 
f 786//784 788//786 787//785 
f 788//786 785//783 787//785 
f 785//783 783//781 787//785 
f 786//784 789//787 790//788 
f 789//787 791//789 790//788 
f 791//789 788//786 790//788 
f 788//786 786//784 790//788 
f 789//787 792//790 793//791 
f 792//790 794//792 793//791 
f 794//792 791//789 793//791 
f 791//789 789//787 793//791 
f 792//790 795//793 796//794 
f 795//793 797//795 796//794 
f 797//795 794//792 796//794 
f 794//792 792//790 796//794 
f 795//793 798//796 799//797 
f 798//796 800//798 799//797 
f 800//798 797//795 799//797 
f 797//795 795//793 799//797 
f 798//796 801//799 802//800 
f 801//799 803//801 802//800 
f 803//801 800//798 802//800 
f 800//798 798//796 802//800 
f 801//799 804//802 805//803 
f 804//802 806//804 805//803 
f 806//804 803//801 805//803 
f 803//801 801//799 805//803 
f 804//802 807//805 808//3 
f 807//805 809//806 808//3 
f 809//806 806//804 808//3 
f 806//804 804//802 808//3 
f 807//805 810//807 811//808 
f 810//807 812//809 811//808 
f 812//809 809//806 811//808 
f 809//806 807//805 811//808 
f 810//807 813//810 814//811 
f 813//810 815//812 814//811 
f 815//812 812//809 814//811 
f 812//809 810//807 814//811 
f 813//810 816//813 817//814 
f 816//813 818//815 817//814 
f 818//815 815//812 817//814 
f 815//812 813//810 817//814 
f 816//813 819//816 820//817 
f 819//816 821//818 820//817 
f 821//818 818//815 820//817 
f 818//815 816//813 820//817 
f 819//816 822//819 823//820 
f 822//819 824//821 823//820 
f 824//821 821//818 823//820 
f 821//818 819//816 823//820 
f 822//819 825//822 826//823 
f 825//822 827//824 826//823 
f 827//824 824//821 826//823 
f 824//821 822//819 826//823 
f 825//822 828//825 829//826 
f 828//825 830//827 829//826 
f 830//827 827//824 829//826 
f 827//824 825//822 829//826 
f 828//825 831//828 832//829 
f 831//828 833//830 832//829 
f 833//830 830//827 832//829 
f 830//827 828//825 832//829 
f 831//828 834//831 835//832 
f 834//831 836//833 835//832 
f 836//833 833//830 835//832 
f 833//830 831//828 835//832 
f 834//831 837//834 838//835 
f 837//834 839//836 838//835 
f 839//836 836//833 838//835 
f 836//833 834//831 838//835 
f 837//834 840//837 841//838 
f 840//837 842//839 841//838 
f 842//839 839//836 841//838 
f 839//836 837//834 841//838 
f 840//837 843//840 844//841 
f 843//840 845//842 844//841 
f 845//842 842//839 844//841 
f 842//839 840//837 844//841 
f 843//840 846//843 847//844 
f 846//843 848//845 847//844 
f 848//845 845//842 847//844 
f 845//842 843//840 847//844 
f 846//843 849//846 850//847 
f 849//846 851//848 850//847 
f 851//848 848//845 850//847 
f 848//845 846//843 850//847 
f 849//846 852//849 853//850 
f 852//849 854//851 853//850 
f 854//851 851//848 853//850 
f 851//848 849//846 853//850 
f 852//849 855//852 856//853 
f 855//852 857//854 856//853 
f 857//854 854//851 856//853 
f 854//851 852//849 856//853 
f 855//852 858//855 859//856 
f 858//855 860//857 859//856 
f 860//857 857//854 859//856 
f 857//854 855//852 859//856 
f 858//855 861//858 862//859 
f 861//858 863//860 862//859 
f 863//860 860//857 862//859 
f 860//857 858//855 862//859 
f 861//858 864//861 865//862 
f 864//861 866//863 865//862 
f 866//863 863//860 865//862 
f 863//860 861//858 865//862 
f 864//861 867//864 868//865 
f 867//864 869//866 868//865 
f 869//866 866//863 868//865 
f 866//863 864//861 868//865 
f 867//864 870//867 871//868 
f 870//867 872//869 871//868 
f 872//869 869//866 871//868 
f 869//866 867//864 871//868 
f 870//867 873//870 874//871 
f 873//870 875//872 874//871 
f 875//872 872//869 874//871 
f 872//869 870//867 874//871 
f 873//870 876//873 877//874 
f 876//873 878//875 877//874 
f 878//875 875//872 877//874 
f 875//872 873//870 877//874 
s 3
f 876//873 772//770 879//876 
f 772//770 776//774 879//876 
f 776//774 878//875 879//876 
f 878//875 876//873 879//876 
s 1
f 880//877 881//878 882//879 
f 881//878 883//880 882//879 
f 883//880 884//881 882//879 
f 884//881 880//877 882//879 
s 3
f 881//878 885//882 886//883 
f 885//882 887//884 886//883 
f 887//884 883//880 886//883 
f 883//880 881//878 886//883 
s 2
f 885//882 888//885 889//886 
f 888//885 890//887 889//886 
f 890//887 887//884 889//886 
f 887//884 885//882 889//886 
f 888//885 891//888 892//889 
f 891//888 893//890 892//889 
f 893//890 890//887 892//889 
f 890//887 888//885 892//889 
f 891//888 894//891 895//892 
f 894//891 896//893 895//892 
f 896//893 893//890 895//892 
f 893//890 891//888 895//892 
f 894//891 897//894 898//895 
f 897//894 899//896 898//895 
f 899//896 896//893 898//895 
f 896//893 894//891 898//895 
f 897//894 900//897 901//898 
f 900//897 902//899 901//898 
f 902//899 899//896 901//898 
f 899//896 897//894 901//898 
f 900//897 903//900 904//901 
f 903//900 905//902 904//901 
f 905//902 902//899 904//901 
f 902//899 900//897 904//901 
f 903//900 906//903 907//904 
f 906//903 908//905 907//904 
f 908//905 905//902 907//904 
f 905//902 903//900 907//904 
f 906//903 909//906 910//907 
f 909//906 911//908 910//907 
f 911//908 908//905 910//907 
f 908//905 906//903 910//907 
f 909//906 912//909 913//910 
f 912//909 914//911 913//910 
f 914//911 911//908 913//910 
f 911//908 909//906 913//910 
f 912//909 915//912 916//913 
f 915//912 917//914 916//913 
f 917//914 914//911 916//913 
f 914//911 912//909 916//913 
f 915//912 918//915 919//916 
f 918//915 920//917 919//916 
f 920//917 917//914 919//916 
f 917//914 915//912 919//916 
f 918//915 921//918 922//919 
f 921//918 923//920 922//919 
f 923//920 920//917 922//919 
f 920//917 918//915 922//919 
f 921//918 924//921 925//502 
f 924//921 926//922 925//502 
f 926//922 923//920 925//502 
f 923//920 921//918 925//502 
f 924//921 927//923 928//924 
f 927//923 929//925 928//924 
f 929//925 926//922 928//924 
f 926//922 924//921 928//924 
f 927//923 930//926 931//927 
f 930//926 932//928 931//927 
f 932//928 929//925 931//927 
f 929//925 927//923 931//927 
f 930//926 933//929 934//930 
f 933//929 935//931 934//930 
f 935//931 932//928 934//930 
f 932//928 930//926 934//930 
f 933//929 936//932 937//933 
f 936//932 938//934 937//933 
f 938//934 935//931 937//933 
f 935//931 933//929 937//933 
f 936//932 939//935 940//936 
f 939//935 941//937 940//936 
f 941//937 938//934 940//936 
f 938//934 936//932 940//936 
f 939//935 942//938 943//939 
f 942//938 944//940 943//939 
f 944//940 941//937 943//939 
f 941//937 939//935 943//939 
f 942//938 945//941 946//942 
f 945//941 947//943 946//942 
f 947//943 944//940 946//942 
f 944//940 942//938 946//942 
f 945//941 948//944 949//945 
f 948//944 950//946 949//945 
f 950//946 947//943 949//945 
f 947//943 945//941 949//945 
f 948//944 951//947 952//948 
f 951//947 953//949 952//948 
f 953//949 950//946 952//948 
f 950//946 948//944 952//948 
f 951//947 954//950 955//951 
f 954//950 956//952 955//951 
f 956//952 953//949 955//951 
f 953//949 951//947 955//951 
f 954//950 957//953 958//954 
f 957//953 959//955 958//954 
f 959//955 956//952 958//954 
f 956//952 954//950 958//954 
f 957//953 960//956 961//957 
f 960//956 962//958 961//957 
f 962//958 959//955 961//957 
f 959//955 957//953 961//957 
f 960//956 963//959 964//960 
f 963//959 965//961 964//960 
f 965//961 962//958 964//960 
f 962//958 960//956 964//960 
f 963//959 966//962 967//963 
f 966//962 968//964 967//963 
f 968//964 965//961 967//963 
f 965//961 963//959 967//963 
f 966//962 969//965 970//966 
f 969//965 971//967 970//966 
f 971//967 968//964 970//966 
f 968//964 966//962 970//966 
f 969//965 972//968 973//969 
f 972//968 974//970 973//969 
f 974//970 971//967 973//969 
f 971//967 969//965 973//969 
f 972//968 975//971 976//972 
f 975//971 977//973 976//972 
f 977//973 974//970 976//972 
f 974//970 972//968 976//972 
f 975//971 978//974 979//975 
f 978//974 980//976 979//975 
f 980//976 977//973 979//975 
f 977//973 975//971 979//975 
f 978//974 981//977 982//978 
f 981//977 983//979 982//978 
f 983//979 980//976 982//978 
f 980//976 978//974 982//978 
f 981//977 984//980 985//981 
f 984//980 986//982 985//981 
f 986//982 983//979 985//981 
f 983//979 981//977 985//981 
f 984//980 987//983 988//984 
f 987//983 989//985 988//984 
f 989//985 986//982 988//984 
f 986//982 984//980 988//984 
f 987//983 990//986 991//987 
f 990//986 992//988 991//987 
f 992//988 989//985 991//987 
f 989//985 987//983 991//987 
f 990//986 993//989 994//990 
f 993//989 995//991 994//990 
f 995//991 992//988 994//990 
f 992//988 990//986 994//990 
f 993//989 996//992 997//993 
f 996//992 998//994 997//993 
f 998//994 995//991 997//993 
f 995//991 993//989 997//993 
f 996//992 999//995 1000//996 
f 999//995 1001//997 1000//996 
f 1001//997 998//994 1000//996 
f 998//994 996//992 1000//996 
f 999//995 1002//998 1003//999 
f 1002//998 1004//1000 1003//999 
f 1004//1000 1001//997 1003//999 
f 1001//997 999//995 1003//999 
f 1002//998 1005//1001 1006//1002 
f 1005//1001 1007//1003 1006//1002 
f 1007//1003 1004//1000 1006//1002 
f 1004//1000 1002//998 1006//1002 
f 1005//1001 1008//1004 1009//1005 
f 1008//1004 1010//1006 1009//1005 
f 1010//1006 1007//1003 1009//1005 
f 1007//1003 1005//1001 1009//1005 
f 1008//1004 1011//1007 1012//1008 
f 1011//1007 1013//1009 1012//1008 
f 1013//1009 1010//1006 1012//1008 
f 1010//1006 1008//1004 1012//1008 
f 1011//1007 1014//1010 1015//1011 
f 1014//1010 1016//1012 1015//1011 
f 1016//1012 1013//1009 1015//1011 
f 1013//1009 1011//1007 1015//1011 
f 1014//1010 1017//1013 1018//1014 
f 1017//1013 1019//1015 1018//1014 
f 1019//1015 1016//1012 1018//1014 
f 1016//1012 1014//1010 1018//1014 
f 1017//1013 1020//1016 1021//1017 
f 1020//1016 1022//1018 1021//1017 
f 1022//1018 1019//1015 1021//1017 
f 1019//1015 1017//1013 1021//1017 
f 1020//1016 1023//1019 1024//1020 
f 1023//1019 1025//1021 1024//1020 
f 1025//1021 1022//1018 1024//1020 
f 1022//1018 1020//1016 1024//1020 
f 1023//1019 1026//1022 1027//1023 
f 1026//1022 1028//1024 1027//1023 
f 1028//1024 1025//1021 1027//1023 
f 1025//1021 1023//1019 1027//1023 
f 1026//1022 1029//1025 1030//1026 
f 1029//1025 1031//1027 1030//1026 
f 1031//1027 1028//1024 1030//1026 
f 1028//1024 1026//1022 1030//1026 
f 1029//1025 1032//1028 1033//1029 
f 1032//1028 1034//1030 1033//1029 
f 1034//1030 1031//1027 1033//1029 
f 1031//1027 1029//1025 1033//1029 
f 1032//1028 1035//1031 1036//1032 
f 1035//1031 1037//1033 1036//1032 
f 1037//1033 1034//1030 1036//1032 
f 1034//1030 1032//1028 1036//1032 
f 1035//1031 1038//1034 1039//1035 
f 1038//1034 1040//1036 1039//1035 
f 1040//1036 1037//1033 1039//1035 
f 1037//1033 1035//1031 1039//1035 
s 5
f 1038//1034 880//877 1041//1037 
f 880//877 884//881 1041//1037 
f 884//881 1040//1036 1041//1037 
f 1040//1036 1038//1034 1041//1037 
s 16
f 681//680 690//689 1042//1038 
f 690//689 687//686 1042//1038 
f 687//686 684//683 1042//1038 
f 684//683 681//680 1042//1038 
f 698//697 701//700 1043//1039 
f 701//700 704//703 1043//1039 
f 704//703 707//706 1043//1039 
f 707//706 710//709 1043//1039 
f 710//709 713//712 1043//1039 
f 713//712 542//542 1043//1039 
f 542//542 545//545 1043//1039 
f 545//545 677//676 1043//1039 
f 677//676 680//679 1043//1039 
f 680//679 698//697 1043//1039 
f 681//680 678//677 1044//1038 
f 678//677 696//695 1044//1038 
f 696//695 693//692 1044//1038 
f 693//692 690//689 1044//1038 
f 690//689 681//680 1044//1038 
f 678//677 675//674 1045//1038 
f 675//674 543//543 1045//1038 
f 543//543 540//540 1045//1038 
f 540//540 705//704 1045//1038 
f 705//704 702//701 1045//1038 
f 702//701 699//698 1045//1038 
f 699//698 696//695 1045//1038 
f 696//695 678//677 1045//1038 
f 675//674 672//671 1046//1038 
f 672//671 543//543 1046//1038 
f 543//543 675//674 1046//1038 
f 408//408 405//405 1047//1038 
f 405//405 402//402 1047//1038 
f 402//402 408//408 1047//1038 
f 537//537 534//534 1048//1038 
f 534//534 501//501 1048//1038 
f 501//501 498//498 1048//1038 
f 498//498 537//537 1048//1038 
f 402//402 399//399 1049//1038 
f 399//399 411//411 1049//1038 
f 411//411 408//408 1049//1038 
f 408//408 402//402 1049//1038 
f 399//399 396//396 1050//1038 
f 396//396 414//414 1050//1038 
f 414//414 411//411 1050//1038 
f 411//411 399//399 1050//1038 
f 396//396 393//393 1051//1038 
f 393//393 423//423 1051//1038 
f 423//423 420//420 1051//1038 
f 420//420 417//417 1051//1038 
f 417//417 414//414 1051//1038 
f 414//414 396//396 1051//1038 
f 393//393 390//390 1052//1038 
f 390//390 45//45 1052//1038 
f 45//45 42//42 1052//1038 
f 42//42 423//423 1052//1038 
f 423//423 393//393 1052//1038 
f 390//390 387//387 1053//1038 
f 387//387 48//48 1053//1038 
f 48//48 45//45 1053//1038 
f 45//45 390//390 1053//1038 
f 42//42 39//39 1054//1038 
f 39//39 423//423 1054//1038 
f 423//423 42//42 1054//1038 
f 39//39 36//36 1055//1038 
f 36//36 426//426 1055//1038 
f 426//426 423//423 1055//1038 
f 423//423 39//39 1055//1038 
f 36//36 33//33 1056//1038 
f 33//33 426//426 1056//1038 
f 426//426 36//36 1056//1038 
f 33//33 30//30 1057//1038 
f 30//30 429//429 1057//1038 
f 429//429 426//426 1057//1038 
f 426//426 33//33 1057//1038 
f 30//30 27//27 1058//1038 
f 27//27 429//429 1058//1038 
f 429//429 30//30 1058//1038 
f 27//27 24//24 1059//1038 
f 24//24 429//429 1059//1038 
f 429//429 27//27 1059//1038 
f 24//24 21//21 1060//1038 
f 21//21 432//432 1060//1038 
f 432//432 429//429 1060//1038 
f 429//429 24//24 1060//1038 
f 21//21 18//18 1061//1038 
f 18//18 432//432 1061//1038 
f 432//432 21//21 1061//1038 
f 18//18 15//15 1062//1038 
f 15//15 435//435 1062//1038 
f 435//435 432//432 1062//1038 
f 432//432 18//18 1062//1038 
f 15//15 12//12 1063//1038 
f 12//12 435//435 1063//1038 
f 435//435 15//15 1063//1038 
f 12//12 9//9 1064//1038 
f 9//9 435//435 1064//1038 
f 435//435 12//12 1064//1038 
f 9//9 6//6 1065//1038 
f 6//6 438//438 1065//1038 
f 438//438 435//435 1065//1038 
f 435//435 9//9 1065//1038 
f 6//6 2//2 1066//1038 
f 2//2 438//438 1066//1038 
f 438//438 6//6 1066//1038 
f 2//2 1//1 1067//1038 
f 1//1 441//441 1067//1038 
f 441//441 438//438 1067//1038 
f 438//438 2//2 1067//1038 
f 1//1 768//767 1068//1038 
f 768//767 450//450 1068//1038 
f 450//450 447//447 1068//1038 
f 447//447 444//444 1068//1038 
f 444//444 441//441 1068//1038 
f 441//441 1//1 1068//1038 
f 768//767 765//764 1069//1038 
f 765//764 462//462 1069//1038 
f 462//462 459//459 1069//1038 
f 459//459 456//456 1069//1038 
f 456//456 453//453 1069//1038 
f 453//453 450//450 1069//1038 
f 450//450 768//767 1069//1038 
f 765//764 762//761 1070//1038 
f 762//761 465//465 1070//1038 
f 465//465 462//462 1070//1038 
f 462//462 765//764 1070//1038 
f 762//761 759//758 1071//1038 
f 759//758 468//468 1071//1038 
f 468//468 465//465 1071//1038 
f 465//465 762//761 1071//1038 
f 759//758 756//755 1072//1038 
f 756//755 471//471 1072//1038 
f 471//471 468//468 1072//1038 
f 468//468 759//758 1072//1038 
f 756//755 753//752 1073//1038 
f 753//752 477//477 1073//1038 
f 477//477 474//474 1073//1038 
f 474//474 471//471 1073//1038 
f 471//471 756//755 1073//1038 
f 753//752 750//749 1074//1038 
f 750//749 480//480 1074//1038 
f 480//480 477//477 1074//1038 
f 477//477 753//752 1074//1038 
f 750//749 747//746 1075//1038 
f 747//746 483//483 1075//1038 
f 483//483 480//480 1075//1038 
f 480//480 750//749 1075//1038 
f 747//746 744//743 1076//1038 
f 744//743 486//486 1076//1038 
f 486//486 483//483 1076//1038 
f 483//483 747//746 1076//1038 
f 744//743 741//740 1077//1038 
f 741//740 486//486 1077//1038 
f 486//486 744//743 1077//1038 
f 741//740 738//737 1078//1038 
f 738//737 489//489 1078//1038 
f 489//489 486//486 1078//1038 
f 486//486 741//740 1078//1038 
f 738//737 735//734 1079//1038 
f 735//734 489//489 1079//1038 
f 489//489 738//737 1079//1038 
f 735//734 732//731 1080//1038 
f 732//731 492//492 1080//1038 
f 492//492 489//489 1080//1038 
f 489//489 735//734 1080//1038 
f 732//731 729//728 1081//1038 
f 729//728 492//492 1081//1038 
f 492//492 732//731 1081//1038 
f 729//728 726//725 1082//1038 
f 726//725 495//495 1082//1038 
f 495//495 492//492 1082//1038 
f 492//492 729//728 1082//1038 
f 726//725 723//722 1083//1038 
f 723//722 495//495 1083//1038 
f 495//495 726//725 1083//1038 
f 723//722 720//719 1084//1038 
f 720//719 495//495 1084//1038 
f 495//495 723//722 1084//1038 
f 720//719 717//716 1085//1038 
f 717//716 495//495 1085//1038 
f 495//495 720//719 1085//1038 
f 717//716 714//713 1086//1038 
f 714//713 495//495 1086//1038 
f 495//495 717//716 1086//1038 
f 714//713 711//710 1087//1038 
f 711//710 495//495 1087//1038 
f 495//495 714//713 1087//1038 
f 711//710 708//707 1088//1038 
f 708//707 705//704 1088//1038 
f 705//704 540//540 1088//1038 
f 540//540 711//710 1088//1038 
f 711//710 540//540 1089//1038 
f 540//540 537//537 1089//1038 
f 537//537 498//498 1089//1038 
f 498//498 495//495 1089//1038 
f 495//495 711//710 1089//1038 
f 387//387 384//384 1090//1038 
f 384//384 51//51 1090//1038 
f 51//51 48//48 1090//1038 
f 48//48 387//387 1090//1038 
f 384//384 381//381 1091//1038 
f 381//381 51//51 1091//1038 
f 51//51 384//384 1091//1038 
f 381//381 378//378 1092//1038 
f 378//378 51//51 1092//1038 
f 51//51 381//381 1092//1038 
f 378//378 375//375 1093//1038 
f 375//375 51//51 1093//1038 
f 51//51 378//378 1093//1038 
f 375//375 372//372 1094//1038 
f 372//372 51//51 1094//1038 
f 51//51 375//375 1094//1038 
f 372//372 369//369 1095//1038 
f 369//369 51//51 1095//1038 
f 51//51 372//372 1095//1038 
f 369//369 366//366 1096//1038 
f 366//366 51//51 1096//1038 
f 51//51 369//369 1096//1038 
f 366//366 363//363 1097//1038 
f 363//363 51//51 1097//1038 
f 51//51 366//366 1097//1038 
f 363//363 360//360 1098//1038 
f 360//360 51//51 1098//1038 
f 51//51 363//363 1098//1038 
f 360//360 357//357 1099//1038 
f 357//357 51//51 1099//1038 
f 51//51 360//360 1099//1038 
f 357//357 354//354 1100//1038 
f 354//354 51//51 1100//1038 
f 51//51 357//357 1100//1038 
f 354//354 351//351 1101//1038 
f 351//351 51//51 1101//1038 
f 51//51 354//354 1101//1038 
f 903//900 900//897 1102//1038 
f 900//897 51//51 1102//1038 
f 51//51 351//351 1102//1038 
f 900//897 897//894 1103//1038 
f 897//894 51//51 1103//1038 
f 51//51 900//897 1103//1038 
f 897//894 894//891 1104//1038 
f 894//891 60//60 1104//1038 
f 60//60 57//57 1104//1038 
f 57//57 54//54 1104//1038 
f 54//54 51//51 1104//1038 
f 51//51 897//894 1104//1038 
f 894//891 891//888 1105//1038 
f 891//888 66//66 1105//1038 
f 66//66 63//63 1105//1038 
f 63//63 60//60 1105//1038 
f 60//60 894//891 1105//1038 
f 891//888 888//885 1106//1038 
f 888//885 72//72 1106//1038 
f 72//72 69//69 1106//1038 
f 69//69 66//66 1106//1038 
f 66//66 891//888 1106//1038 
f 888//885 885//882 1107//1038 
f 885//882 75//75 1107//1038 
f 75//75 72//72 1107//1038 
f 72//72 888//885 1107//1038 
f 885//882 881//878 1108//1038 
f 881//878 78//78 1108//1038 
f 78//78 75//75 1108//1038 
f 75//75 885//882 1108//1038 
f 881//878 880//877 1109//1038 
f 880//877 78//78 1109//1038 
f 78//78 881//878 1109//1038 
f 880//877 1038//1034 1110//1038 
f 1038//1034 78//78 1110//1038 
f 78//78 880//877 1110//1038 
f 1038//1034 1035//1031 1111//1038 
f 1035//1031 162//162 1111//1038 
f 162//162 159//159 1111//1038 
f 159//159 1038//1034 1111//1038 
f 1035//1031 1032//1028 1112//1038 
f 1032//1028 162//162 1112//1038 
f 162//162 1035//1031 1112//1038 
f 159//159 156//156 1113//1038 
f 156//156 1038//1034 1113//1038 
f 1038//1034 159//159 1113//1038 
f 156//156 153//153 1114//1038 
f 153//153 81//81 1114//1038 
f 81//81 78//78 1114//1038 
f 78//78 1038//1034 1114//1038 
f 1038//1034 156//156 1114//1038 
f 153//153 150//150 1115//1038 
f 150//150 84//84 1115//1038 
f 84//84 81//81 1115//1038 
f 81//81 153//153 1115//1038 
f 150//150 147//147 1116//1038 
f 147//147 84//84 1116//1038 
f 84//84 150//150 1116//1038 
f 147//147 144//144 1117//1038 
f 144//144 87//87 1117//1038 
f 87//87 84//84 1117//1038 
f 84//84 147//147 1117//1038 
f 144//144 141//141 1118//1038 
f 141//141 87//87 1118//1038 
f 87//87 144//144 1118//1038 
f 141//141 138//138 1119//1038 
f 138//138 90//90 1119//1038 
f 90//90 87//87 1119//1038 
f 87//87 141//141 1119//1038 
f 138//138 135//135 1120//1038 
f 135//135 93//93 1120//1038 
f 93//93 90//90 1120//1038 
f 90//90 138//138 1120//1038 
f 135//135 132//132 1121//1038 
f 132//132 129//129 1121//1038 
f 129//129 126//126 1121//1038 
f 126//126 123//123 1121//1038 
f 123//123 120//120 1121//1038 
f 120//120 117//117 1121//1038 
f 117//117 114//114 1121//1038 
f 114//114 111//111 1121//1038 
f 111//111 108//108 1121//1038 
f 108//108 105//105 1121//1038 
f 105//105 102//102 1121//1038 
f 102//102 99//99 1121//1038 
f 99//99 96//96 1121//1038 
f 96//96 93//93 1121//1038 
f 93//93 135//135 1121//1038 
f 1032//1028 1029//1025 1122//1038 
f 1029//1025 162//162 1122//1038 
f 162//162 1032//1028 1122//1038 
f 1029//1025 1026//1022 1123//1038 
f 1026//1022 165//165 1123//1038 
f 165//165 162//162 1123//1038 
f 162//162 1029//1025 1123//1038 
f 1026//1022 1023//1019 1124//1038 
f 1023//1019 171//171 1124//1038 
f 171//171 168//168 1124//1038 
f 168//168 165//165 1124//1038 
f 165//165 1026//1022 1124//1038 
f 1023//1019 1020//1016 1125//1038 
f 1020//1016 174//174 1125//1038 
f 174//174 171//171 1125//1038 
f 171//171 1023//1019 1125//1038 
f 1020//1016 1017//1013 1126//1038 
f 1017//1013 177//177 1126//1038 
f 177//177 174//174 1126//1038 
f 174//174 1020//1016 1126//1038 
f 1017//1013 1014//1010 1127//1038 
f 1014//1010 180//180 1127//1038 
f 180//180 177//177 1127//1038 
f 177//177 1017//1013 1127//1038 
f 1014//1010 1011//1007 1128//1038 
f 1011//1007 186//186 1128//1038 
f 186//186 183//183 1128//1038 
f 183//183 180//180 1128//1038 
f 180//180 1014//1010 1128//1038 
f 1011//1007 1008//1004 1129//1038 
f 1008//1004 189//189 1129//1038 
f 189//189 186//186 1129//1038 
f 186//186 1011//1007 1129//1038 
f 1008//1004 1005//1001 1130//1038 
f 1005//1001 192//192 1130//1038 
f 192//192 189//189 1130//1038 
f 189//189 1008//1004 1130//1038 
f 1005//1001 1002//998 1131//1038 
f 1002//998 195//195 1131//1038 
f 195//195 192//192 1131//1038 
f 192//192 1005//1001 1131//1038 
f 1002//998 999//995 1132//1038 
f 999//995 198//198 1132//1038 
f 198//198 195//195 1132//1038 
f 195//195 1002//998 1132//1038 
f 999//995 996//992 1133//1038 
f 996//992 201//201 1133//1038 
f 201//201 198//198 1133//1038 
f 198//198 999//995 1133//1038 
f 996//992 993//989 1134//1038 
f 993//989 204//204 1134//1038 
f 204//204 201//201 1134//1038 
f 201//201 996//992 1134//1038 
f 993//989 990//986 1135//1038 
f 990//986 207//207 1135//1038 
f 207//207 204//204 1135//1038 
f 204//204 993//989 1135//1038 
f 990//986 987//983 1136//1038 
f 987//983 210//210 1136//1038 
f 210//210 207//207 1136//1038 
f 207//207 990//986 1136//1038 
f 987//983 984//980 1137//1038 
f 984//980 213//213 1137//1038 
f 213//213 210//210 1137//1038 
f 210//210 987//983 1137//1038 
f 984//980 981//977 1138//1038 
f 981//977 216//216 1138//1038 
f 216//216 213//213 1138//1038 
f 213//213 984//980 1138//1038 
f 981//977 978//974 1139//1038 
f 978//974 219//219 1139//1038 
f 219//219 216//216 1139//1038 
f 216//216 981//977 1139//1038 
f 978//974 975//971 1140//1038 
f 975//971 222//222 1140//1038 
f 222//222 219//219 1140//1038 
f 219//219 978//974 1140//1038 
f 975//971 972//968 1141//1038 
f 972//968 228//228 1141//1038 
f 228//228 225//225 1141//1038 
f 225//225 222//222 1141//1038 
f 222//222 975//971 1141//1038 
f 972//968 969//965 1142//1038 
f 969//965 231//231 1142//1038 
f 231//231 228//228 1142//1038 
f 228//228 972//968 1142//1038 
f 969//965 966//962 1143//1038 
f 966//962 234//234 1143//1038 
f 234//234 231//231 1143//1038 
f 231//231 969//965 1143//1038 
f 966//962 963//959 1144//1038 
f 963//959 240//240 1144//1038 
f 240//240 237//237 1144//1038 
f 237//237 234//234 1144//1038 
f 234//234 966//962 1144//1038 
f 963//959 960//956 1145//1038 
f 960//956 243//243 1145//1038 
f 243//243 240//240 1145//1038 
f 240//240 963//959 1145//1038 
f 960//956 957//953 1146//1038 
f 957//953 246//246 1146//1038 
f 246//246 243//243 1146//1038 
f 243//243 960//956 1146//1038 
f 957//953 954//950 1147//1038 
f 954//950 249//249 1147//1038 
f 249//249 246//246 1147//1038 
f 246//246 957//953 1147//1038 
f 954//950 951//947 1148//1038 
f 951//947 255//255 1148//1038 
f 255//255 252//252 1148//1038 
f 252//252 249//249 1148//1038 
f 249//249 954//950 1148//1038 
f 951//947 948//944 1149//1038 
f 948//944 261//261 1149//1038 
f 261//261 258//258 1149//1038 
f 258//258 255//255 1149//1038 
f 255//255 951//947 1149//1038 
f 948//944 945//941 1150//1038 
f 945//941 267//267 1150//1038 
f 267//267 264//264 1150//1038 
f 264//264 261//261 1150//1038 
f 261//261 948//944 1150//1038 
f 945//941 942//938 1151//1038 
f 942//938 273//273 1151//1038 
f 273//273 270//270 1151//1038 
f 270//270 267//267 1151//1038 
f 267//267 945//941 1151//1038 
f 942//938 939//935 1152//1038 
f 939//935 279//279 1152//1038 
f 279//279 276//276 1152//1038 
f 276//276 273//273 1152//1038 
f 273//273 942//938 1152//1038 
f 939//935 936//932 1153//1038 
f 936//932 285//285 1153//1038 
f 285//285 282//282 1153//1038 
f 282//282 279//279 1153//1038 
f 279//279 939//935 1153//1038 
f 936//932 933//929 1154//1038 
f 933//929 291//291 1154//1038 
f 291//291 288//288 1154//1038 
f 288//288 285//285 1154//1038 
f 285//285 936//932 1154//1038 
f 933//929 930//926 1155//1038 
f 930//926 297//297 1155//1038 
f 297//297 294//294 1155//1038 
f 294//294 291//291 1155//1038 
f 291//291 933//929 1155//1038 
f 930//926 927//923 1156//1038 
f 927//923 300//300 1156//1038 
f 300//300 297//297 1156//1038 
f 297//297 930//926 1156//1038 
f 927//923 924//921 1157//1038 
f 924//921 306//306 1157//1038 
f 306//306 303//303 1157//1038 
f 303//303 300//300 1157//1038 
f 300//300 927//923 1157//1038 
f 924//921 921//918 1158//1038 
f 921//918 309//309 1158//1038 
f 309//309 306//306 1158//1038 
f 306//306 924//921 1158//1038 
f 921//918 918//915 1159//1038 
f 918//915 315//315 1159//1038 
f 315//315 312//312 1159//1038 
f 312//312 309//309 1159//1038 
f 309//309 921//918 1159//1038 
f 918//915 915//912 1160//1038 
f 915//912 318//318 1160//1038 
f 318//318 315//315 1160//1038 
f 315//315 918//915 1160//1038 
f 915//912 912//909 1161//1038 
f 912//909 321//321 1161//1038 
f 321//321 318//318 1161//1038 
f 318//318 915//912 1161//1038 
f 912//909 909//906 1162//1038 
f 909//906 327//327 1162//1038 
f 327//327 324//324 1162//1038 
f 324//324 321//321 1162//1038 
f 321//321 912//909 1162//1038 
f 909//906 906//903 1163//1038 
f 906//903 330//330 1163//1038 
f 330//330 327//327 1163//1038 
f 327//327 909//906 1163//1038 
f 906//903 903//900 1164//1038 
f 903//900 1102//1038 351//351 1164//1038 
f 351//351 348//348 1164//1038 
f 348//348 345//345 1164//1038 
f 345//345 342//342 1164//1038 
f 342//342 339//339 1164//1038 
f 339//339 336//336 1164//1038 
f 336//336 333//333 1164//1038 
f 333//333 330//330 1164//1038 
f 330//330 906//903 1164//1038 
f 534//534 531//531 1165//1038 
f 531//531 504//504 1165//1038 
f 504//504 501//501 1165//1038 
f 501//501 534//534 1165//1038 
f 531//531 528//528 1166//1038 
f 528//528 507//507 1166//1038 
f 507//507 504//504 1166//1038 
f 504//504 531//531 1166//1038 
f 528//528 525//525 1167//1038 
f 525//525 507//507 1167//1038 
f 507//507 528//528 1167//1038 
f 525//525 522//522 1168//1038 
f 522//522 510//510 1168//1038 
f 510//510 507//507 1168//1038 
f 507//507 525//525 1168//1038 
f 522//522 519//519 1169//1038 
f 519//519 513//513 1169//1038 
f 513//513 510//510 1169//1038 
f 510//510 522//522 1169//1038 
f 519//519 516//516 1170//1038 
f 516//516 513//513 1170//1038 
f 513//513 519//519 1170//1038 
f 672//671 669//668 1171//1038 
f 669//668 543//543 1171//1038 
f 543//543 672//671 1171//1038 
f 669//668 666//665 1172//1038 
f 666//665 543//543 1172//1038 
f 543//543 669//668 1172//1038 
f 666//665 663//662 1173//1038 
f 663//662 543//543 1173//1038 
f 543//543 666//665 1173//1038 
f 663//662 660//659 1174//1038 
f 660//659 543//543 1174//1038 
f 543//543 663//662 1174//1038 
f 660//659 657//657 1175//1038 
f 657//657 543//543 1175//1038 
f 543//543 660//659 1175//1038 
f 657//657 654//654 1176//1038 
f 795//793 792//790 1176//1038 
f 792//790 543//543 1176//1038 
f 543//543 657//657 1176//1038 
f 792//790 789//787 1177//1038 
f 789//787 543//543 1177//1038 
f 543//543 792//790 1177//1038 
f 789//787 786//784 1178//1038 
f 786//784 543//543 1178//1038 
f 543//543 789//787 1178//1038 
f 786//784 783//781 1179//1038 
f 783//781 543//543 1179//1038 
f 543//543 786//784 1179//1038 
f 783//781 780//778 1180//1038 
f 780//778 543//543 1180//1038 
f 543//543 783//781 1180//1038 
f 780//778 777//775 1181//1038 
f 777//775 573//573 1181//1038 
f 573//573 570//570 1181//1038 
f 570//570 567//567 1181//1038 
f 567//567 564//564 1181//1038 
f 564//564 561//561 1181//1038 
f 561//561 558//558 1181//1038 
f 558//558 555//555 1181//1038 
f 555//555 552//552 1181//1038 
f 552//552 549//549 1181//1038 
f 549//549 546//546 1181//1038 
f 546//546 543//543 1181//1038 
f 543//543 780//778 1181//1038 
f 777//775 773//771 1182//1038 
f 773//771 573//573 1182//1038 
f 573//573 777//775 1182//1038 
f 773//771 772//770 1183//1038 
f 772//770 573//573 1183//1038 
f 573//573 773//771 1183//1038 
f 772//770 876//873 1184//1038 
f 876//873 573//573 1184//1038 
f 573//573 772//770 1184//1038 
f 876//873 873//870 1185//1038 
f 873//870 573//573 1185//1038 
f 573//573 876//873 1185//1038 
f 873//870 870//867 1186//1038 
f 870//867 576//576 1186//1038 
f 576//576 573//573 1186//1038 
f 573//573 873//870 1186//1038 
f 870//867 867//864 1187//1038 
f 867//864 579//579 1187//1038 
f 579//579 576//576 1187//1038 
f 576//576 870//867 1187//1038 
f 867//864 864//861 1188//1038 
f 864//861 585//585 1188//1038 
f 585//585 582//582 1188//1038 
f 582//582 579//579 1188//1038 
f 579//579 867//864 1188//1038 
f 864//861 861//858 1189//1038 
f 861//858 588//588 1189//1038 
f 588//588 585//585 1189//1038 
f 585//585 864//861 1189//1038 
f 861//858 858//855 1190//1038 
f 858//855 591//591 1190//1038 
f 591//591 588//588 1190//1038 
f 588//588 861//858 1190//1038 
f 858//855 855//852 1191//1038 
f 855//852 594//594 1191//1038 
f 594//594 591//591 1191//1038 
f 591//591 858//855 1191//1038 
f 855//852 852//849 1192//1038 
f 852//849 597//597 1192//1038 
f 597//597 594//594 1192//1038 
f 594//594 855//852 1192//1038 
f 852//849 849//846 1193//1038 
f 849//846 600//600 1193//1038 
f 600//600 597//597 1193//1038 
f 597//597 852//849 1193//1038 
f 849//846 846//843 1194//1038 
f 846//843 603//603 1194//1038 
f 603//603 600//600 1194//1038 
f 600//600 849//846 1194//1038 
f 846//843 843//840 1195//1038 
f 843//840 606//606 1195//1038 
f 606//606 603//603 1195//1038 
f 603//603 846//843 1195//1038 
f 843//840 840//837 1196//1038 
f 840//837 609//609 1196//1038 
f 609//609 606//606 1196//1038 
f 606//606 843//840 1196//1038 
f 840//837 837//834 1197//1038 
f 837//834 612//612 1197//1038 
f 612//612 609//609 1197//1038 
f 609//609 840//837 1197//1038 
f 837//834 834//831 1198//1038 
f 834//831 615//615 1198//1038 
f 615//615 612//612 1198//1038 
f 612//612 837//834 1198//1038 
f 834//831 831//828 1199//1038 
f 831//828 621//621 1199//1038 
f 621//621 618//618 1199//1038 
f 618//618 615//615 1199//1038 
f 615//615 834//831 1199//1038 
f 831//828 828//825 1200//1038 
f 828//825 624//624 1200//1038 
f 624//624 621//621 1200//1038 
f 621//621 831//828 1200//1038 
f 828//825 825//822 1201//1038 
f 825//822 624//624 1201//1038 
f 624//624 828//825 1201//1038 
f 825//822 822//819 1202//1038 
f 822//819 627//627 1202//1038 
f 627//627 624//624 1202//1038 
f 624//624 825//822 1202//1038 
f 822//819 819//816 1203//1038 
f 819//816 630//630 1203//1038 
f 630//630 627//627 1203//1038 
f 627//627 822//819 1203//1038 
f 819//816 816//813 1204//1038 
f 816//813 633//633 1204//1038 
f 633//633 630//630 1204//1038 
f 630//630 819//816 1204//1038 
f 816//813 813//810 1205//1038 
f 813//810 636//636 1205//1038 
f 636//636 633//633 1205//1038 
f 633//633 816//813 1205//1038 
f 813//810 810//807 1206//1038 
f 810//807 639//639 1206//1038 
f 639//639 636//636 1206//1038 
f 636//636 813//810 1206//1038 
f 810//807 807//805 1207//1038 
f 807//805 642//642 1207//1038 
f 642//642 639//639 1207//1038 
f 639//639 810//807 1207//1038 
f 807//805 804//802 1208//1038 
f 804//802 645//645 1208//1038 
f 645//645 642//642 1208//1038 
f 642//642 807//805 1208//1038 
f 804//802 801//799 1209//1038 
f 801//799 648//648 1209//1038 
f 648//648 645//645 1209//1038 
f 645//645 804//802 1209//1038 
f 801//799 798//796 1210//1038 
f 798//796 651//651 1210//1038 
f 651//651 648//648 1210//1038 
f 648//648 801//799 1210//1038 
f 798//796 795//793 1211//1038 
f 795//793 1176//1038 654//654 1211//1038 
f 654//654 651//651 1211//1038 
f 651//651 798//796 1211//1038 
f 683//682 686//685 1212//1039 
f 686//685 689//688 1212//1039 
f 689//688 692//691 1212//1039 
f 692//691 683//682 1212//1039 
f 515//515 518//518 1213//1039 
f 518//518 521//521 1213//1039 
f 521//521 515//515 1213//1039 
f 545//545 548//548 1214//1039 
f 548//548 551//551 1214//1039 
f 551//551 554//554 1214//1039 
f 554//554 557//557 1214//1039 
f 557//557 560//560 1214//1039 
f 560//560 563//563 1214//1039 
f 563//563 566//566 1214//1039 
f 566//566 569//569 1214//1039 
f 569//569 572//572 1214//1039 
f 572//572 575//575 1214//1039 
f 575//575 782//780 1214//1039 
f 782//780 785//783 1214//1039 
f 785//783 545//545 1214//1039 
f 680//679 683//682 1215//1039 
f 683//682 692//691 1215//1039 
f 692//691 695//694 1215//1039 
f 695//694 698//697 1215//1039 
f 698//697 680//679 1215//1039 
f 653//653 656//656 1216//1039 
f 656//656 1217//1039 797//795 1216//1039 
f 797//795 800//798 1216//1039 
f 800//798 653//653 1216//1039 
f 785//783 788//786 1218//1039 
f 788//786 545//545 1218//1039 
f 545//545 785//783 1218//1039 
f 788//786 791//789 1219//1039 
f 791//789 545//545 1219//1039 
f 545//545 788//786 1219//1039 
f 791//789 794//792 1220//1039 
f 794//792 545//545 1220//1039 
f 545//545 791//789 1220//1039 
f 794//792 797//795 1217//1039 
f 656//656 659//658 1217//1039 
f 659//658 545//545 1217//1039 
f 545//545 794//792 1217//1039 
f 659//658 662//661 1221//1039 
f 662//661 545//545 1221//1039 
f 545//545 659//658 1221//1039 
f 662//661 665//664 1222//1039 
f 665//664 545//545 1222//1039 
f 545//545 662//661 1222//1039 
f 665//664 668//667 1223//1039 
f 668//667 545//545 1223//1039 
f 545//545 665//664 1223//1039 
f 668//667 671//670 1224//1039 
f 671//670 545//545 1224//1039 
f 545//545 668//667 1224//1039 
f 671//670 674//673 1225//1039 
f 674//673 545//545 1225//1039 
f 545//545 671//670 1225//1039 
f 674//673 677//676 1226//1039 
f 677//676 545//545 1226//1039 
f 545//545 674//673 1226//1039 
f 800//798 803//801 1227//1039 
f 803//801 650//650 1227//1039 
f 650//650 653//653 1227//1039 
f 653//653 800//798 1227//1039 
f 803//801 806//804 1228//1039 
f 806//804 647//647 1228//1039 
f 647//647 650//650 1228//1039 
f 650//650 803//801 1228//1039 
f 806//804 809//806 1229//1039 
f 809//806 644//644 1229//1039 
f 644//644 647//647 1229//1039 
f 647//647 806//804 1229//1039 
f 809//806 812//809 1230//1039 
f 812//809 641//641 1230//1039 
f 641//641 644//644 1230//1039 
f 644//644 809//806 1230//1039 
f 812//809 815//812 1231//1039 
f 815//812 638//638 1231//1039 
f 638//638 641//641 1231//1039 
f 641//641 812//809 1231//1039 
f 815//812 818//815 1232//1039 
f 818//815 635//635 1232//1039 
f 635//635 638//638 1232//1039 
f 638//638 815//812 1232//1039 
f 818//815 821//818 1233//1039 
f 821//818 632//632 1233//1039 
f 632//632 635//635 1233//1039 
f 635//635 818//815 1233//1039 
f 821//818 824//821 1234//1039 
f 824//821 629//629 1234//1039 
f 629//629 632//632 1234//1039 
f 632//632 821//818 1234//1039 
f 824//821 827//824 1235//1039 
f 827//824 626//626 1235//1039 
f 626//626 629//629 1235//1039 
f 629//629 824//821 1235//1039 
f 827//824 830//827 1236//1039 
f 830//827 626//626 1236//1039 
f 626//626 827//824 1236//1039 
f 830//827 833//830 1237//1039 
f 833//830 623//623 1237//1039 
f 623//623 626//626 1237//1039 
f 626//626 830//827 1237//1039 
f 833//830 836//833 1238//1039 
f 836//833 617//617 1238//1039 
f 617//617 620//620 1238//1039 
f 620//620 623//623 1238//1039 
f 623//623 833//830 1238//1039 
f 836//833 839//836 1239//1039 
f 839//836 614//614 1239//1039 
f 614//614 617//617 1239//1039 
f 617//617 836//833 1239//1039 
f 839//836 842//839 1240//1039 
f 842//839 611//611 1240//1039 
f 611//611 614//614 1240//1039 
f 614//614 839//836 1240//1039 
f 842//839 845//842 1241//1039 
f 845//842 608//608 1241//1039 
f 608//608 611//611 1241//1039 
f 611//611 842//839 1241//1039 
f 845//842 848//845 1242//1039 
f 848//845 605//605 1242//1039 
f 605//605 608//608 1242//1039 
f 608//608 845//842 1242//1039 
f 848//845 851//848 1243//1039 
f 851//848 602//602 1243//1039 
f 602//602 605//605 1243//1039 
f 605//605 848//845 1243//1039 
f 851//848 854//851 1244//1039 
f 854//851 599//599 1244//1039 
f 599//599 602//602 1244//1039 
f 602//602 851//848 1244//1039 
f 854//851 857//854 1245//1039 
f 857//854 596//596 1245//1039 
f 596//596 599//599 1245//1039 
f 599//599 854//851 1245//1039 
f 857//854 860//857 1246//1039 
f 860//857 593//593 1246//1039 
f 593//593 596//596 1246//1039 
f 596//596 857//854 1246//1039 
f 860//857 863//860 1247//1039 
f 863//860 590//590 1247//1039 
f 590//590 593//593 1247//1039 
f 593//593 860//857 1247//1039 
f 863//860 866//863 1248//1039 
f 866//863 587//587 1248//1039 
f 587//587 590//590 1248//1039 
f 590//590 863//860 1248//1039 
f 866//863 869//866 1249//1039 
f 869//866 581//581 1249//1039 
f 581//581 584//584 1249//1039 
f 584//584 587//587 1249//1039 
f 587//587 866//863 1249//1039 
f 869//866 872//869 1250//1039 
f 872//869 578//578 1250//1039 
f 578//578 581//581 1250//1039 
f 581//581 869//866 1250//1039 
f 872//869 875//872 1251//1039 
f 875//872 575//575 1251//1039 
f 575//575 578//578 1251//1039 
f 578//578 872//869 1251//1039 
f 875//872 878//875 1252//1039 
f 878//875 575//575 1252//1039 
f 575//575 875//872 1252//1039 
f 878//875 776//774 1253//1039 
f 776//774 575//575 1253//1039 
f 575//575 878//875 1253//1039 
f 776//774 775//773 1254//1039 
f 775//773 575//575 1254//1039 
f 575//575 776//774 1254//1039 
f 775//773 779//777 1255//1039 
f 779//777 575//575 1255//1039 
f 575//575 775//773 1255//1039 
f 779//777 782//780 1256//1039 
f 782//780 575//575 1256//1039 
f 575//575 779//777 1256//1039 
f 713//712 716//715 1257//1039 
f 716//715 497//497 1257//1039 
f 497//497 713//712 1257//1039 
f 521//521 524//524 1258//1039 
f 524//524 512//512 1258//1039 
f 512//512 515//515 1258//1039 
f 515//515 521//521 1258//1039 
f 524//524 527//527 1259//1039 
f 527//527 509//509 1259//1039 
f 509//509 512//512 1259//1039 
f 512//512 524//524 1259//1039 
f 527//527 530//530 1260//1039 
f 530//530 509//509 1260//1039 
f 509//509 527//527 1260//1039 
f 530//530 533//533 1261//1039 
f 533//533 506//506 1261//1039 
f 506//506 509//509 1261//1039 
f 509//509 530//530 1261//1039 
f 533//533 536//536 1262//1039 
f 536//536 503//503 1262//1039 
f 503//503 506//506 1262//1039 
f 506//506 533//533 1262//1039 
f 536//536 539//539 1263//1039 
f 539//539 500//500 1263//1039 
f 500//500 503//503 1263//1039 
f 503//503 536//536 1263//1039 
f 539//539 542//542 1264//1039 
f 542//542 713//712 1264//1039 
f 713//712 497//497 1264//1039 
f 497//497 500//500 1264//1039 
f 500//500 539//539 1264//1039 
f 716//715 719//718 1265//1039 
f 719//718 497//497 1265//1039 
f 497//497 716//715 1265//1039 
f 719//718 722//721 1266//1039 
f 722//721 497//497 1266//1039 
f 497//497 719//718 1266//1039 
f 722//721 725//724 1267//1039 
f 725//724 497//497 1267//1039 
f 497//497 722//721 1267//1039 
f 725//724 728//727 1268//1039 
f 728//727 497//497 1268//1039 
f 497//497 725//724 1268//1039 
f 728//727 731//730 1269//1039 
f 731//730 494//494 1269//1039 
f 494//494 497//497 1269//1039 
f 497//497 728//727 1269//1039 
f 731//730 734//733 1270//1039 
f 734//733 494//494 1270//1039 
f 494//494 731//730 1270//1039 
f 734//733 737//736 1271//1039 
f 737//736 491//491 1271//1039 
f 491//491 494//494 1271//1039 
f 494//494 734//733 1271//1039 
f 737//736 740//739 1272//1039 
f 740//739 491//491 1272//1039 
f 491//491 737//736 1272//1039 
f 740//739 743//742 1273//1039 
f 743//742 488//488 1273//1039 
f 488//488 491//491 1273//1039 
f 491//491 740//739 1273//1039 
f 743//742 746//745 1274//1039 
f 746//745 488//488 1274//1039 
f 488//488 743//742 1274//1039 
f 746//745 749//748 1275//1039 
f 749//748 485//485 1275//1039 
f 485//485 488//488 1275//1039 
f 488//488 746//745 1275//1039 
f 749//748 752//751 1276//1039 
f 752//751 482//482 1276//1039 
f 482//482 485//485 1276//1039 
f 485//485 749//748 1276//1039 
f 752//751 755//754 1277//1039 
f 755//754 479//479 1277//1039 
f 479//479 482//482 1277//1039 
f 482//482 752//751 1277//1039 
f 755//754 758//757 1278//1039 
f 758//757 473//473 1278//1039 
f 473//473 476//476 1278//1039 
f 476//476 479//479 1278//1039 
f 479//479 755//754 1278//1039 
f 758//757 761//760 1279//1039 
f 761//760 470//470 1279//1039 
f 470//470 473//473 1279//1039 
f 473//473 758//757 1279//1039 
f 761//760 764//763 1280//1039 
f 764//763 467//467 1280//1039 
f 467//467 470//470 1280//1039 
f 470//470 761//760 1280//1039 
f 764//763 767//766 1281//1039 
f 767//766 464//464 1281//1039 
f 464//464 467//467 1281//1039 
f 467//467 764//763 1281//1039 
f 767//766 770//768 1282//1039 
f 770//768 452//452 1282//1039 
f 452//452 455//455 1282//1039 
f 455//455 458//458 1282//1039 
f 458//458 461//461 1282//1039 
f 461//461 464//464 1282//1039 
f 464//464 767//766 1282//1039 
f 770//768 5//5 1283//1039 
f 5//5 443//443 1283//1039 
f 443//443 446//446 1283//1039 
f 446//446 449//449 1283//1039 
f 449//449 452//452 1283//1039 
f 452//452 770//768 1283//1039 
f 5//5 4//4 1284//1039 
f 4//4 440//440 1284//1039 
f 440//440 443//443 1284//1039 
f 443//443 5//5 1284//1039 
f 4//4 8//8 1285//1039 
f 8//8 440//440 1285//1039 
f 440//440 4//4 1285//1039 
f 8//8 11//11 1286//1039 
f 11//11 437//437 1286//1039 
f 437//437 440//440 1286//1039 
f 440//440 8//8 1286//1039 
f 11//11 14//14 1287//1039 
f 14//14 437//437 1287//1039 
f 437//437 11//11 1287//1039 
f 14//14 17//17 1288//1039 
f 17//17 437//437 1288//1039 
f 437//437 14//14 1288//1039 
f 17//17 20//20 1289//1039 
f 20//20 434//434 1289//1039 
f 434//434 437//437 1289//1039 
f 437//437 17//17 1289//1039 
f 20//20 23//23 1290//1039 
f 23//23 434//434 1290//1039 
f 434//434 20//20 1290//1039 
f 23//23 26//26 1291//1039 
f 26//26 431//431 1291//1039 
f 431//431 434//434 1291//1039 
f 434//434 23//23 1291//1039 
f 26//26 29//29 1292//1039 
f 29//29 431//431 1292//1039 
f 431//431 26//26 1292//1039 
f 29//29 32//32 1293//1039 
f 32//32 431//431 1293//1039 
f 431//431 29//29 1293//1039 
f 32//32 35//35 1294//1039 
f 35//35 428//428 1294//1039 
f 428//428 431//431 1294//1039 
f 431//431 32//32 1294//1039 
f 35//35 38//38 1295//1039 
f 38//38 428//428 1295//1039 
f 428//428 35//35 1295//1039 
f 38//38 41//41 1296//1039 
f 41//41 425//425 1296//1039 
f 425//425 428//428 1296//1039 
f 428//428 38//38 1296//1039 
f 41//41 44//44 1297//1039 
f 44//44 425//425 1297//1039 
f 425//425 41//41 1297//1039 
f 44//44 47//47 1298//1039 
f 47//47 395//395 1298//1039 
f 395//395 398//398 1298//1039 
f 398//398 416//416 1298//1039 
f 416//416 419//419 1298//1039 
f 419//419 422//422 1298//1039 
f 422//422 425//425 1298//1039 
f 425//425 44//44 1298//1039 
f 47//47 50//50 1299//1039 
f 50//50 392//392 1299//1039 
f 392//392 395//395 1299//1039 
f 395//395 47//47 1299//1039 
f 398//398 401//401 1300//1039 
f 401//401 413//413 1300//1039 
f 413//413 416//416 1300//1039 
f 416//416 398//398 1300//1039 
f 401//401 404//404 1301//1039 
f 404//404 410//410 1301//1039 
f 410//410 413//413 1301//1039 
f 413//413 401//401 1301//1039 
f 404//404 407//407 1302//1039 
f 407//407 410//410 1302//1039 
f 410//410 404//404 1302//1039 
f 50//50 53//53 1303//1039 
f 53//53 386//386 1303//1039 
f 386//386 389//389 1303//1039 
f 389//389 50//50 1303//1039 
f 80//80 1040//1036 1304//1039 
f 1040//1036 884//881 1304//1039 
f 884//881 80//80 1304//1039 
f 389//389 392//392 1305//1039 
f 392//392 50//50 1305//1039 
f 50//50 389//389 1305//1039 
f 95//95 98//98 1306//1040 
f 98//98 101//101 1306//1040 
f 101//101 104//104 1306//1040 
f 104//104 107//107 1306//1040 
f 107//107 110//110 1306//1040 
f 110//110 113//113 1306//1040 
f 113//113 116//116 1306//1040 
f 116//116 119//119 1306//1040 
f 119//119 122//122 1306//1040 
f 122//122 125//125 1306//1040 
f 125//125 128//128 1306//1040 
f 128//128 131//131 1306//1040 
f 131//131 134//134 1306//1040 
f 134//134 137//137 1306//1040 
f 137//137 95//95 1306//1040 
f 884//881 883//880 1307//1039 
f 883//880 80//80 1307//1039 
f 80//80 884//881 1307//1039 
f 883//880 887//884 1308//1039 
f 887//884 77//77 1308//1039 
f 77//77 80//80 1308//1039 
f 80//80 883//880 1308//1039 
f 887//884 890//887 1309//1039 
f 890//887 74//74 1309//1039 
f 74//74 77//77 1309//1039 
f 77//77 887//884 1309//1039 
f 890//887 893//890 1310//1039 
f 893//890 68//68 1310//1039 
f 68//68 71//71 1310//1039 
f 71//71 74//74 1310//1039 
f 74//74 890//887 1310//1039 
f 893//890 896//893 1311//1039 
f 896//893 62//62 1311//1039 
f 62//62 65//65 1311//1039 
f 65//65 68//68 1311//1039 
f 68//68 893//890 1311//1039 
f 896//893 899//896 1312//1039 
f 899//896 53//53 1312//1039 
f 53//53 56//56 1312//1039 
f 56//56 59//59 1312//1039 
f 59//59 62//62 1312//1039 
f 62//62 896//893 1312//1039 
f 899//896 902//899 1313//1039 
f 902//899 53//53 1313//1039 
f 53//53 899//896 1313//1039 
f 902//899 905//902 1314//1039 
f 353//353 53//53 1314//1039 
f 53//53 902//899 1314//1039 
f 353//353 356//356 1315//1039 
f 356//356 53//53 1315//1039 
f 53//53 353//353 1315//1039 
f 356//356 359//359 1316//1039 
f 359//359 53//53 1316//1039 
f 53//53 356//356 1316//1039 
f 359//359 362//362 1317//1039 
f 362//362 53//53 1317//1039 
f 53//53 359//359 1317//1039 
f 362//362 365//365 1318//1039 
f 365//365 53//53 1318//1039 
f 53//53 362//362 1318//1039 
f 365//365 368//368 1319//1039 
f 368//368 53//53 1319//1039 
f 53//53 365//365 1319//1039 
f 368//368 371//371 1320//1039 
f 371//371 53//53 1320//1039 
f 53//53 368//368 1320//1039 
f 371//371 374//374 1321//1039 
f 374//374 53//53 1321//1039 
f 53//53 371//371 1321//1039 
f 374//374 377//377 1322//1039 
f 377//377 53//53 1322//1039 
f 53//53 374//374 1322//1039 
f 377//377 380//380 1323//1039 
f 380//380 53//53 1323//1039 
f 53//53 377//377 1323//1039 
f 380//380 383//383 1324//1039 
f 383//383 53//53 1324//1039 
f 53//53 380//380 1324//1039 
f 383//383 386//386 1325//1039 
f 386//386 53//53 1325//1039 
f 53//53 383//383 1325//1039 
f 137//137 140//140 1326//1039 
f 140//140 92//92 1326//1039 
f 92//92 95//95 1326//1039 
f 95//95 137//137 1326//1039 
f 140//140 143//143 1327//1039 
f 143//143 89//89 1327//1039 
f 89//89 92//92 1327//1039 
f 92//92 140//140 1327//1039 
f 143//143 146//146 1328//1039 
f 146//146 89//89 1328//1039 
f 89//89 143//143 1328//1039 
f 146//146 149//149 1329//1039 
f 149//149 86//86 1329//1039 
f 86//86 89//89 1329//1039 
f 89//89 146//146 1329//1039 
f 149//149 152//152 1330//1039 
f 152//152 86//86 1330//1039 
f 86//86 149//149 1330//1039 
f 152//152 155//155 1331//1039 
f 155//155 83//83 1331//1039 
f 83//83 86//86 1331//1039 
f 86//86 152//152 1331//1039 
f 155//155 158//158 1332//1039 
f 158//158 1040//1036 1332//1039 
f 1040//1036 80//80 1332//1039 
f 80//80 83//83 1332//1039 
f 83//83 155//155 1332//1039 
f 158//158 161//161 1333//1039 
f 161//161 1040//1036 1333//1039 
f 1040//1036 158//158 1333//1039 
f 161//161 164//164 1334//1039 
f 164//164 1040//1036 1334//1039 
f 1040//1036 161//161 1334//1039 
f 332//332 335//335 1335//1039 
f 335//335 338//338 1335//1039 
f 338//338 341//341 1335//1039 
f 341//341 344//344 1335//1039 
f 344//344 347//347 1335//1039 
f 347//347 350//350 1335//1039 
f 350//350 353//353 1335//1039 
f 353//353 1314//1039 905//902 1335//1039 
f 905//902 908//905 1335//1039 
f 908//905 332//332 1335//1039 
f 908//905 911//908 1336//1039 
f 911//908 329//329 1336//1039 
f 329//329 332//332 1336//1039 
f 332//332 908//905 1336//1039 
f 911//908 914//911 1337//1039 
f 914//911 323//323 1337//1039 
f 323//323 326//326 1337//1039 
f 326//326 329//329 1337//1039 
f 329//329 911//908 1337//1039 
f 914//911 917//914 1338//1039 
f 917//914 320//320 1338//1039 
f 320//320 323//323 1338//1039 
f 323//323 914//911 1338//1039 
f 917//914 920//917 1339//1039 
f 920//917 317//317 1339//1039 
f 317//317 320//320 1339//1039 
f 320//320 917//914 1339//1039 
f 920//917 923//920 1340//1039 
f 923//920 311//311 1340//1039 
f 311//311 314//314 1340//1039 
f 314//314 317//317 1340//1039 
f 317//317 920//917 1340//1039 
f 923//920 926//922 1341//1039 
f 926//922 308//308 1341//1039 
f 308//308 311//311 1341//1039 
f 311//311 923//920 1341//1039 
f 926//922 929//925 1342//1039 
f 929//925 302//302 1342//1039 
f 302//302 305//305 1342//1039 
f 305//305 308//308 1342//1039 
f 308//308 926//922 1342//1039 
f 929//925 932//928 1343//1039 
f 932//928 299//299 1343//1039 
f 299//299 302//302 1343//1039 
f 302//302 929//925 1343//1039 
f 932//928 935//931 1344//1039 
f 935//931 293//293 1344//1039 
f 293//293 296//296 1344//1039 
f 296//296 299//299 1344//1039 
f 299//299 932//928 1344//1039 
f 935//931 938//934 1345//1039 
f 938//934 287//287 1345//1039 
f 287//287 290//290 1345//1039 
f 290//290 293//293 1345//1039 
f 293//293 935//931 1345//1039 
f 938//934 941//937 1346//1039 
f 941//937 281//281 1346//1039 
f 281//281 284//284 1346//1039 
f 284//284 287//287 1346//1039 
f 287//287 938//934 1346//1039 
f 941//937 944//940 1347//1039 
f 944//940 275//275 1347//1039 
f 275//275 278//278 1347//1039 
f 278//278 281//281 1347//1039 
f 281//281 941//937 1347//1039 
f 944//940 947//943 1348//1039 
f 947//943 269//269 1348//1039 
f 269//269 272//272 1348//1039 
f 272//272 275//275 1348//1039 
f 275//275 944//940 1348//1039 
f 947//943 950//946 1349//1039 
f 950//946 263//263 1349//1039 
f 263//263 266//266 1349//1039 
f 266//266 269//269 1349//1039 
f 269//269 947//943 1349//1039 
f 950//946 953//949 1350//1039 
f 953//949 257//257 1350//1039 
f 257//257 260//260 1350//1039 
f 260//260 263//263 1350//1039 
f 263//263 950//946 1350//1039 
f 953//949 956//952 1351//1039 
f 956//952 251//251 1351//1039 
f 251//251 254//254 1351//1039 
f 254//254 257//257 1351//1039 
f 257//257 953//949 1351//1039 
f 956//952 959//955 1352//1039 
f 959//955 248//248 1352//1039 
f 248//248 251//251 1352//1039 
f 251//251 956//952 1352//1039 
f 959//955 962//958 1353//1039 
f 962//958 245//245 1353//1039 
f 245//245 248//248 1353//1039 
f 248//248 959//955 1353//1039 
f 962//958 965//961 1354//1039 
f 965//961 242//242 1354//1039 
f 242//242 245//245 1354//1039 
f 245//245 962//958 1354//1039 
f 965//961 968//964 1355//1039 
f 968//964 236//236 1355//1039 
f 236//236 239//239 1355//1039 
f 239//239 242//242 1355//1039 
f 242//242 965//961 1355//1039 
f 968//964 971//967 1356//1039 
f 971//967 233//233 1356//1039 
f 233//233 236//236 1356//1039 
f 236//236 968//964 1356//1039 
f 971//967 974//970 1357//1039 
f 974//970 230//230 1357//1039 
f 230//230 233//233 1357//1039 
f 233//233 971//967 1357//1039 
f 974//970 977//973 1358//1039 
f 977//973 224//224 1358//1039 
f 224//224 227//227 1358//1039 
f 227//227 230//230 1358//1039 
f 230//230 974//970 1358//1039 
f 977//973 980//976 1359//1039 
f 980//976 221//221 1359//1039 
f 221//221 224//224 1359//1039 
f 224//224 977//973 1359//1039 
f 980//976 983//979 1360//1039 
f 983//979 218//218 1360//1039 
f 218//218 221//221 1360//1039 
f 221//221 980//976 1360//1039 
f 983//979 986//982 1361//1039 
f 986//982 215//215 1361//1039 
f 215//215 218//218 1361//1039 
f 218//218 983//979 1361//1039 
f 986//982 989//985 1362//1039 
f 989//985 212//212 1362//1039 
f 212//212 215//215 1362//1039 
f 215//215 986//982 1362//1039 
f 989//985 992//988 1363//1039 
f 992//988 209//209 1363//1039 
f 209//209 212//212 1363//1039 
f 212//212 989//985 1363//1039 
f 992//988 995//991 1364//1039 
f 995//991 206//206 1364//1039 
f 206//206 209//209 1364//1039 
f 209//209 992//988 1364//1039 
f 995//991 998//994 1365//1039 
f 998//994 203//203 1365//1039 
f 203//203 206//206 1365//1039 
f 206//206 995//991 1365//1039 
f 998//994 1001//997 1366//1039 
f 1001//997 200//200 1366//1039 
f 200//200 203//203 1366//1039 
f 203//203 998//994 1366//1039 
f 1001//997 1004//1000 1367//1039 
f 1004//1000 197//197 1367//1039 
f 197//197 200//200 1367//1039 
f 200//200 1001//997 1367//1039 
f 1004//1000 1007//1003 1368//1039 
f 1007//1003 194//194 1368//1039 
f 194//194 197//197 1368//1039 
f 197//197 1004//1000 1368//1039 
f 1007//1003 1010//1006 1369//1039 
f 1010//1006 191//191 1369//1039 
f 191//191 194//194 1369//1039 
f 194//194 1007//1003 1369//1039 
f 1010//1006 1013//1009 1370//1039 
f 1013//1009 188//188 1370//1039 
f 188//188 191//191 1370//1039 
f 191//191 1010//1006 1370//1039 
f 1013//1009 1016//1012 1371//1039 
f 1016//1012 182//182 1371//1039 
f 182//182 185//185 1371//1039 
f 185//185 188//188 1371//1039 
f 188//188 1013//1009 1371//1039 
f 1016//1012 1019//1015 1372//1039 
f 1019//1015 179//179 1372//1039 
f 179//179 182//182 1372//1039 
f 182//182 1016//1012 1372//1039 
f 1019//1015 1022//1018 1373//1039 
f 1022//1018 176//176 1373//1039 
f 176//176 179//179 1373//1039 
f 179//179 1019//1015 1373//1039 
f 1022//1018 1025//1021 1374//1039 
f 1025//1021 173//173 1374//1039 
f 173//173 176//176 1374//1039 
f 176//176 1022//1018 1374//1039 
f 1025//1021 1028//1024 1375//1039 
f 1028//1024 167//167 1375//1039 
f 167//167 170//170 1375//1039 
f 170//170 173//173 1375//1039 
f 173//173 1025//1021 1375//1039 
f 1028//1024 1031//1027 1376//1039 
f 1031//1027 164//164 1376//1039 
f 164//164 167//167 1376//1039 
f 167//167 1028//1024 1376//1039 
f 1031//1027 1034//1030 1377//1039 
f 1034//1030 164//164 1377//1039 
f 164//164 1031//1027 1377//1039 
f 1034//1030 1037//1033 1378//1039 
f 1037//1033 164//164 1378//1039 
f 164//164 1034//1030 1378//1039 
f 1037//1033 1040//1036 1379//1039 
f 1040//1036 164//164 1379//1039 
f 164//164 1037//1033 1379//1039 
# 4 polygons - 2754 triangles

