# 3ds Max Wavefront OBJ Exporter v0.97b - (c)2007 guruware
# File Created: 28.01.2021 19:05:52

#
# object To_Patag
#

v  483.0570 0.0000 16.0998
v  477.2610 0.0000 25.1157
v  480.1590 5.0000 20.6078
v  477.2610 10.0000 25.1157
v  483.0570 10.0000 16.0998
v  474.4033 0.0000 20.9700
v  475.8322 5.0000 23.0429
v  474.4033 10.0000 20.9700
v  474.4793 0.0000 20.4573
v  474.4413 5.0000 20.7137
v  474.4793 10.0000 20.4573
v  474.5464 0.0000 19.9725
v  474.5129 5.0000 20.2149
v  474.5464 10.0000 19.9725
v  474.6046 0.0000 19.5155
v  474.5755 5.0000 19.7440
v  474.6046 10.0000 19.5155
v  474.6537 0.0000 19.0862
v  474.6292 5.0000 19.3008
v  474.6537 10.0000 19.0862
v  474.6940 0.0000 18.6849
v  474.6739 5.0000 18.8856
v  474.6940 10.0000 18.6849
v  474.7253 0.0000 18.3113
v  474.7097 5.0000 18.4981
v  474.7253 10.0000 18.3113
v  474.7477 0.0000 17.9656
v  474.7365 5.0000 18.1385
v  474.7477 10.0000 17.9656
v  474.7611 0.0000 17.6477
v  474.7544 5.0000 17.8066
v  474.7611 10.0000 17.6477
v  474.7656 0.0000 17.3576
v  474.7633 5.0000 17.5027
v  474.7656 10.0000 17.3576
v  474.7656 0.0000 13.6849
v  474.7656 5.0000 15.5212
v  474.7656 10.0000 13.6849
v  468.0036 0.0000 13.6849
v  471.3846 5.0000 13.6849
v  468.0036 10.0000 13.6849
v  468.0036 0.0000 17.8683
v  468.0036 5.0000 15.7766
v  468.0036 10.0000 17.8683
v  467.5218 0.0000 17.6661
v  467.7627 5.0000 17.7672
v  467.5218 10.0000 17.6661
v  467.0310 0.0000 17.4877
v  467.2764 5.0000 17.5769
v  467.0310 10.0000 17.4877
v  466.5314 0.0000 17.3330
v  466.7813 5.0000 17.4103
v  466.5314 10.0000 17.3330
v  466.0229 0.0000 17.2022
v  466.2772 5.0000 17.2676
v  466.0229 10.0000 17.2022
v  465.5056 0.0000 17.0951
v  465.7643 5.0000 17.1487
v  465.5056 10.0000 17.0951
v  464.9793 0.0000 17.0119
v  465.2424 5.0000 17.0535
v  464.9793 10.0000 17.0119
v  464.4442 0.0000 16.9524
v  464.7117 5.0000 16.9821
v  464.4442 10.0000 16.9524
v  463.9001 0.0000 16.9167
v  464.1721 5.0000 16.9346
v  463.9001 10.0000 16.9167
v  463.3472 0.0000 16.9048
v  463.6237 5.0000 16.9108
v  463.3472 10.0000 16.9048
v  461.7565 0.0000 17.0221
v  462.5518 5.0000 16.9635
v  461.7565 10.0000 17.0221
v  460.3529 0.0000 17.3739
v  461.0547 5.0000 17.1980
v  460.3529 10.0000 17.3739
v  459.1364 0.0000 17.9603
v  459.7446 5.0000 17.6671
v  459.1364 10.0000 17.9603
v  458.1071 0.0000 18.7811
v  458.6218 5.0000 18.3707
v  458.1071 10.0000 18.7811
v  457.2649 0.0000 19.8366
v  457.6860 5.0000 19.3089
v  457.2649 10.0000 19.8366
v  456.6099 0.0000 21.1266
v  456.9374 5.0000 20.4816
v  456.6099 10.0000 21.1266
v  456.1420 0.0000 22.6511
v  456.3760 5.0000 21.8888
v  456.1420 10.0000 22.6511
v  455.8613 0.0000 24.4101
v  456.0017 5.0000 23.5306
v  455.8613 10.0000 24.4101
v  455.7677 0.0000 26.4037
v  455.8145 5.0000 25.4069
v  455.7677 10.0000 26.4037
v  455.8790 0.0000 28.3973
v  455.8234 5.0000 27.4005
v  455.8790 10.0000 28.3973
v  456.2128 0.0000 30.1564
v  456.0459 5.0000 29.2768
v  456.2128 10.0000 30.1564
v  456.7692 0.0000 31.6809
v  456.4910 5.0000 30.9186
v  456.7692 10.0000 31.6809
v  457.5482 0.0000 32.9709
v  457.1587 5.0000 32.3259
v  457.5482 10.0000 32.9709
v  458.5497 0.0000 34.0263
v  458.0489 5.0000 33.4986
v  458.5497 10.0000 34.0263
v  459.7737 0.0000 34.8472
v  459.1617 5.0000 34.4367
v  459.7737 10.0000 34.8472
v  461.2203 0.0000 35.4335
v  460.4970 5.0000 35.1404
v  461.2203 10.0000 35.4335
v  462.8894 0.0000 35.7854
v  462.0549 5.0000 35.6095
v  462.8894 10.0000 35.7854
v  464.7811 0.0000 35.9026
v  463.8353 5.0000 35.8440
v  464.7811 10.0000 35.9026
v  465.2313 0.0000 35.8747
v  465.0062 5.0000 35.8887
v  465.2313 10.0000 35.8747
v  465.7008 0.0000 35.7909
v  465.4661 5.0000 35.8328
v  465.7008 10.0000 35.7909
v  466.1896 0.0000 35.6513
v  465.9452 5.0000 35.7211
v  466.1896 10.0000 35.6513
v  466.6977 0.0000 35.4559
v  466.4437 5.0000 35.5536
v  466.6977 10.0000 35.4559
v  467.2252 0.0000 35.2046
v  466.9614 5.0000 35.3303
v  467.2252 10.0000 35.2046
v  467.7719 0.0000 34.8975
v  467.4985 5.0000 35.0511
v  467.7719 10.0000 34.8975
v  468.3380 0.0000 34.5345
v  468.0549 5.0000 34.7160
v  468.3380 10.0000 34.5345
v  468.9234 0.0000 34.1157
v  468.6307 5.0000 34.3251
v  468.9234 10.0000 34.1157
v  469.5281 0.0000 33.6411
v  469.2257 5.0000 33.8784
v  469.5281 10.0000 33.6411
v  470.1083 0.0000 33.1360
v  469.8182 5.0000 33.3885
v  470.1083 10.0000 33.1360
v  470.6203 0.0000 32.6257
v  470.3643 5.0000 32.8808
v  470.6203 10.0000 32.6257
v  471.0640 0.0000 32.1102
v  470.8421 5.0000 32.3679
v  471.0640 10.0000 32.1102
v  471.4394 0.0000 31.5896
v  471.2517 5.0000 31.8499
v  471.4394 10.0000 31.5896
v  471.7466 0.0000 31.0639
v  471.5930 5.0000 31.3267
v  471.7466 10.0000 31.0639
v  471.9855 0.0000 30.5329
v  471.8661 5.0000 30.7984
v  471.9855 10.0000 30.5329
v  472.1562 0.0000 29.9969
v  472.0709 5.0000 30.2649
v  472.1562 10.0000 29.9969
v  472.2586 0.0000 29.4556
v  472.2074 5.0000 29.7263
v  472.2586 10.0000 29.4556
v  472.2927 0.0000 28.9093
v  472.2756 5.0000 29.1825
v  472.2927 10.0000 28.9093
v  477.7440 0.0000 36.2246
v  475.0184 5.0000 32.5669
v  477.7440 10.0000 36.2246
v  483.3790 0.0000 26.7131
v  480.5615 5.0000 31.4689
v  483.3790 10.0000 26.7131
v  490.6239 0.0000 36.5466
v  487.0014 5.0000 31.6299
v  490.6239 10.0000 36.5466
v  490.8603 0.0000 36.4983
v  490.7421 5.0000 36.5225
v  490.8603 10.0000 36.4983
v  491.1961 0.0000 36.3534
v  491.0282 5.0000 36.4259
v  491.1961 10.0000 36.3534
v  491.6314 0.0000 36.1120
v  491.4138 5.0000 36.2327
v  491.6314 10.0000 36.1120
v  492.1660 0.0000 35.7739
v  491.8987 5.0000 35.9430
v  492.1660 10.0000 35.7739
v  492.8001 0.0000 35.3393
v  492.4831 5.0000 35.5566
v  492.8001 10.0000 35.3393
v  493.5336 0.0000 34.8081
v  493.1669 5.0000 35.0737
v  493.5336 10.0000 34.8081
v  494.3665 0.0000 34.1803
v  493.9501 5.0000 34.4942
v  494.3665 10.0000 34.1803
v  495.2988 0.0000 33.4558
v  494.8326 5.0000 33.8181
v  495.2988 10.0000 33.4558
v  496.3305 0.0000 32.6349
v  495.8147 5.0000 33.0454
v  496.3305 10.0000 32.6349
v  497.3734 0.0000 31.7299
v  496.8520 5.0000 32.1824
v  497.3734 10.0000 31.7299
v  498.3392 0.0000 30.7537
v  497.8563 5.0000 31.2418
v  498.3392 10.0000 30.7537
v  499.2278 0.0000 29.7061
v  498.7835 5.0000 30.2299
v  499.2278 10.0000 29.7061
v  500.0393 0.0000 28.5873
v  499.6335 5.0000 29.1467
v  500.0393 10.0000 28.5873
v  500.7737 0.0000 27.3971
v  500.4066 5.0000 27.9922
v  500.7737 10.0000 27.3971
v  501.4310 0.0000 26.1357
v  501.1024 5.0000 26.7664
v  501.4310 10.0000 26.1357
v  502.0112 0.0000 24.8029
v  501.7211 5.0000 25.4693
v  502.0112 10.0000 24.8029
v  502.5143 0.0000 23.3988
v  502.2628 5.0000 24.1009
v  502.5143 10.0000 23.3988
v  502.9403 0.0000 21.9234
v  502.7273 5.0000 22.6611
v  502.9403 10.0000 21.9234
v  502.9403 0.0000 -23.2140
v  502.9403 5.0000 -0.6453
v  502.9403 10.0000 -23.2140
v  502.6961 0.0000 -26.4852
v  502.8182 5.0000 -24.8496
v  502.6961 10.0000 -26.4852
v  501.9637 0.0000 -29.3717
v  502.3299 5.0000 -27.9284
v  501.9637 10.0000 -29.3717
v  500.7430 0.0000 -31.8732
v  501.3534 5.0000 -30.6224
v  500.7430 10.0000 -31.8732
v  499.0341 0.0000 -33.9899
v  499.8885 5.0000 -32.9316
v  499.0341 10.0000 -33.9899
v  496.8369 0.0000 -35.7218
v  497.9355 5.0000 -34.8559
v  496.8369 10.0000 -35.7218
v  494.1513 0.0000 -37.0688
v  495.4941 5.0000 -36.3953
v  494.1513 10.0000 -37.0688
v  490.9775 0.0000 -38.0309
v  492.5645 5.0000 -37.5498
v  490.9775 10.0000 -38.0309
v  487.3155 0.0000 -38.6082
v  489.1465 5.0000 -38.3196
v  487.3155 10.0000 -38.6082
v  483.1651 0.0000 -38.8006
v  485.2403 5.0000 -38.7044
v  483.1651 10.0000 -38.8006
v  481.6785 0.0000 -38.7671
v  482.4218 5.0000 -38.7838
v  481.6785 10.0000 -38.7671
v  480.1926 0.0000 -38.6665
v  480.9355 5.0000 -38.7168
v  480.1926 10.0000 -38.6665
v  478.7074 0.0000 -38.4987
v  479.4500 5.0000 -38.5826
v  478.7074 10.0000 -38.4987
v  477.2228 0.0000 -38.2640
v  477.9651 5.0000 -38.3814
v  477.2228 10.0000 -38.2640
v  475.7391 0.0000 -37.9621
v  476.4810 5.0000 -38.1130
v  475.7391 10.0000 -37.9621
v  474.2560 0.0000 -37.5931
v  474.9975 5.0000 -37.7776
v  474.2560 10.0000 -37.5931
v  472.7737 0.0000 -37.1571
v  473.5148 5.0000 -37.3751
v  472.7737 10.0000 -37.1571
v  471.2920 0.0000 -36.6540
v  472.0328 5.0000 -36.9055
v  471.2920 10.0000 -36.6540
v  469.8111 0.0000 -36.0838
v  470.5515 5.0000 -36.3689
v  469.8111 10.0000 -36.0838
v  468.3733 0.0000 -35.4584
v  469.0922 5.0000 -35.7711
v  468.3733 10.0000 -35.4584
v  467.0212 0.0000 -34.7898
v  467.6973 5.0000 -35.1241
v  467.0212 10.0000 -34.7898
v  465.7547 0.0000 -34.0780
v  466.3879 5.0000 -34.4339
v  465.7547 10.0000 -34.0780
v  464.5738 0.0000 -33.3230
v  465.1642 5.0000 -33.7005
v  464.5738 10.0000 -33.3230
v  463.4785 0.0000 -32.5247
v  464.0262 5.0000 -32.9238
v  463.4785 10.0000 -32.5247
v  462.4689 0.0000 -31.6831
v  462.9737 5.0000 -32.1039
v  462.4689 10.0000 -31.6831
v  461.5449 0.0000 -30.7984
v  462.0069 5.0000 -31.2408
v  461.5449 10.0000 -30.7984
v  460.7065 0.0000 -29.8704
v  461.1257 5.0000 -30.3344
v  460.7065 10.0000 -29.8704
v  459.9537 0.0000 -28.8992
v  460.3301 5.0000 -29.3848
v  459.9537 10.0000 -28.8992
v  461.5004 0.0000 -28.2602
v  460.7271 5.0000 -28.5797
v  461.5004 10.0000 -28.2602
v  462.9686 0.0000 -27.5931
v  462.2345 5.0000 -27.9266
v  462.9686 10.0000 -27.5931
v  464.3582 0.0000 -26.8979
v  463.6634 5.0000 -27.2455
v  464.3582 10.0000 -26.8979
v  465.6694 0.0000 -26.1747
v  465.0138 5.0000 -26.5363
v  465.6694 10.0000 -26.1747
v  466.9020 0.0000 -25.4233
v  466.2857 5.0000 -25.7990
v  466.9020 10.0000 -25.4233
v  468.0562 0.0000 -24.6439
v  467.4791 5.0000 -25.0336
v  468.0562 10.0000 -24.6439
v  469.1318 0.0000 -23.8365
v  468.5940 5.0000 -24.2402
v  469.1318 10.0000 -23.8365
v  470.1289 0.0000 -23.0009
v  469.6303 5.0000 -23.4187
v  470.1289 10.0000 -23.0009
v  471.0475 0.0000 -22.1373
v  470.5882 5.0000 -22.5691
v  471.0475 10.0000 -22.1373
v  469.7328 0.0000 -21.5382
v  470.3902 5.0000 -21.8378
v  469.7328 10.0000 -21.5382
v  468.5729 0.0000 -20.8166
v  469.1529 5.0000 -21.1774
v  468.5729 10.0000 -20.8166
v  467.5676 0.0000 -19.9725
v  468.0703 5.0000 -20.3946
v  467.5676 10.0000 -19.9725
v  466.7169 0.0000 -19.0058
v  467.1423 5.0000 -19.4891
v  466.7169 10.0000 -19.0058
v  466.0210 0.0000 -17.9165
v  466.3690 5.0000 -18.4611
v  466.0210 10.0000 -17.9165
v  465.4796 0.0000 -16.7047
v  465.7503 5.0000 -17.3106
v  465.4796 10.0000 -16.7047
v  465.0930 0.0000 -15.3704
v  465.2863 5.0000 -16.0375
v  465.0930 10.0000 -15.3704
v  464.8610 0.0000 -13.9135
v  464.9770 5.0000 -14.6419
v  464.8610 10.0000 -13.9135
v  464.7837 0.0000 -12.3340
v  464.8223 5.0000 -13.1237
v  464.7837 10.0000 -12.3340
v  464.7837 0.0000 -5.9570
v  464.7837 5.0000 -9.1455
v  464.7837 10.0000 -5.9570
v  463.2293 0.0000 -5.8530
v  464.0065 5.0000 -5.9050
v  463.2293 10.0000 -5.8530
v  461.8578 0.0000 -5.5410
v  462.5436 5.0000 -5.6970
v  461.8578 10.0000 -5.5410
v  460.6693 0.0000 -5.0211
v  461.2635 5.0000 -5.2811
v  460.6693 10.0000 -5.0211
v  459.6635 0.0000 -4.2933
v  460.1664 5.0000 -4.6572
v  459.6635 10.0000 -4.2933
v  458.8406 0.0000 -3.3575
v  459.2521 5.0000 -3.8254
v  458.8406 10.0000 -3.3575
v  458.2006 0.0000 -2.2137
v  458.5206 5.0000 -2.7856
v  458.2006 10.0000 -2.2137
v  457.7434 0.0000 -0.8620
v  457.9720 5.0000 -1.5379
v  457.7434 10.0000 -0.8620
v  457.4691 0.0000 0.6976
v  457.6063 5.0000 -0.0822
v  457.4691 10.0000 0.6976
v  457.3777 0.0000 2.4653
v  457.4234 5.0000 1.5815
v  457.3777 10.0000 2.4653
v  457.4074 0.0000 3.3006
v  457.3925 5.0000 2.8830
v  457.4074 10.0000 3.3006
v  457.4963 0.0000 4.0984
v  457.4518 5.0000 3.6995
v  457.4963 10.0000 4.0984
v  457.6445 0.0000 4.8585
v  457.5704 5.0000 4.4784
v  457.6445 10.0000 4.8585
v  457.8520 0.0000 5.5809
v  457.7483 5.0000 5.2197
v  457.8520 10.0000 5.5809
v  458.1188 0.0000 6.2657
v  457.9854 5.0000 5.9233
v  458.1188 10.0000 6.2657
v  458.4449 0.0000 6.9129
v  458.2819 5.0000 6.5893
v  458.4449 10.0000 6.9129
v  458.8303 0.0000 7.5224
v  458.6376 5.0000 7.2176
v  458.8303 10.0000 7.5224
v  459.2749 0.0000 8.0943
v  459.0526 5.0000 7.8083
v  459.2749 10.0000 8.0943
v  459.7789 0.0000 8.6285
v  459.5269 5.0000 8.3614
v  459.7789 10.0000 8.6285
v  460.3295 0.0000 9.1153
v  460.0542 5.0000 8.8719
v  460.3295 10.0000 9.1153
v  460.9142 0.0000 9.5448
v  460.6218 5.0000 9.3300
v  460.9142 10.0000 9.5448
v  461.5329 0.0000 9.9170
v  461.2236 5.0000 9.7309
v  461.5329 10.0000 9.9170
v  462.1858 0.0000 10.2320
v  461.8593 5.0000 10.0745
v  462.1858 10.0000 10.2320
v  462.8727 0.0000 10.4897
v  462.5292 5.0000 10.3609
v  462.8727 10.0000 10.4897
v  463.5936 0.0000 10.6902
v  463.2332 5.0000 10.5899
v  463.5936 10.0000 10.6902
v  464.3487 0.0000 10.8333
v  463.9712 5.0000 10.7618
v  464.3487 10.0000 10.8333
v  465.1378 0.0000 10.9192
v  464.7432 5.0000 10.8763
v  465.1378 10.0000 10.9192
v  465.9609 0.0000 10.9479
v  465.5493 5.0000 10.9336
v  465.9609 10.0000 10.9479
v  467.7750 0.0000 10.8309
v  466.8680 5.0000 10.8894
v  467.7750 10.0000 10.8309
v  469.3757 0.0000 10.4799
v  468.5754 5.0000 10.6554
v  469.3757 10.0000 10.4799
v  470.7629 0.0000 9.8950
v  470.0693 5.0000 10.1874
v  470.7629 10.0000 9.8950
v  471.9368 0.0000 9.0760
v  471.3499 5.0000 9.4855
v  471.9368 10.0000 9.0760
v  472.8972 0.0000 8.0231
v  472.4170 5.0000 8.5496
v  472.8972 10.0000 8.0231
v  473.6441 0.0000 6.7362
v  473.2707 5.0000 7.3797
v  473.6441 10.0000 6.7362
v  474.1777 0.0000 5.2153
v  473.9109 5.0000 5.9758
v  474.1777 10.0000 5.2153
v  474.4978 0.0000 3.4605
v  474.3378 5.0000 4.3379
v  474.4978 10.0000 3.4605
v  474.6046 0.0000 1.4716
v  474.5512 5.0000 2.4660
v  474.6046 10.0000 1.4716
v  474.6046 0.0000 -12.1428
v  474.6046 5.0000 -5.3356
v  474.6046 10.0000 -12.1428
v  474.6388 0.0000 -13.1227
v  474.6217 5.0000 -12.6328
v  474.6388 10.0000 -13.1227
v  474.7415 0.0000 -14.0634
v  474.6902 5.0000 -13.5931
v  474.7415 10.0000 -14.0634
v  474.9127 0.0000 -14.9649
v  474.8271 5.0000 -14.5142
v  474.9127 10.0000 -14.9649
v  475.1524 0.0000 -15.8271
v  475.0325 5.0000 -15.3960
v  475.1524 10.0000 -15.8271
v  475.4606 0.0000 -16.6502
v  475.3065 5.0000 -16.2386
v  475.4606 10.0000 -16.6502
v  475.8372 0.0000 -17.4340
v  475.6489 5.0000 -17.0421
v  475.8372 10.0000 -17.4340
v  476.2823 0.0000 -18.1785
v  476.0598 5.0000 -17.8062
v  476.2823 10.0000 -18.1785
v  476.7959 0.0000 -18.8839
v  476.5391 5.0000 -18.5312
v  476.7959 10.0000 -18.8839
v  477.3780 0.0000 -19.5500
v  477.0870 5.0000 -19.2169
v  477.3780 10.0000 -19.5500
v  477.9794 0.0000 -20.1606
v  477.6787 5.0000 -19.8553
v  477.9794 10.0000 -20.1606
v  478.5511 0.0000 -20.6993
v  478.2653 5.0000 -20.4300
v  478.5511 10.0000 -20.6993
v  479.0930 0.0000 -21.1663
v  478.8220 5.0000 -20.9328
v  479.0930 10.0000 -21.1663
v  479.6050 0.0000 -21.5614
v  479.3490 5.0000 -21.3638
v  479.6050 10.0000 -21.5614
v  480.0873 0.0000 -21.8846
v  479.8462 5.0000 -21.7230
v  480.0873 10.0000 -21.8846
v  480.5398 0.0000 -22.1360
v  480.3136 5.0000 -22.0103
v  480.5398 10.0000 -22.1360
v  480.9626 0.0000 -22.3156
v  480.7512 5.0000 -22.2258
v  480.9626 10.0000 -22.3156
v  481.3555 0.0000 -22.4234
v  481.1590 5.0000 -22.3695
v  481.3555 10.0000 -22.4234
v  481.7187 0.0000 -22.4593
v  481.5371 5.0000 -22.4413
v  481.7187 10.0000 -22.4593
v  481.0110 0.0000 -23.3110
v  481.3648 5.0000 -22.8851
v  481.0110 10.0000 -23.3110
v  480.2442 0.0000 -24.1376
v  480.6276 5.0000 -23.7243
v  480.2442 10.0000 -24.1376
v  479.4183 0.0000 -24.9391
v  479.8312 5.0000 -24.5383
v  479.4183 10.0000 -24.9391
v  478.5332 0.0000 -25.7155
v  478.9758 5.0000 -25.3273
v  478.5332 10.0000 -25.7155
v  477.5891 0.0000 -26.4669
v  478.0612 5.0000 -26.0912
v  477.5891 10.0000 -26.4669
v  476.5857 0.0000 -27.1931
v  477.0874 5.0000 -26.8300
v  476.5857 10.0000 -27.1931
v  475.5233 0.0000 -27.8942
v  476.0545 5.0000 -27.5437
v  475.5233 10.0000 -27.8942
v  474.4017 0.0000 -28.5703
v  474.9625 5.0000 -28.2322
v  474.4017 10.0000 -28.5703
v  473.2210 0.0000 -29.2212
v  473.8113 5.0000 -28.8957
v  473.2210 10.0000 -29.2212
v  474.0679 0.0000 -29.9477
v  473.6444 5.0000 -29.5845
v  474.0679 10.0000 -29.9477
v  474.9787 0.0000 -30.5887
v  474.5233 5.0000 -30.2682
v  474.9787 10.0000 -30.5887
v  475.9532 0.0000 -31.1443
v  475.4659 5.0000 -30.8665
v  475.9532 10.0000 -31.1443
v  476.9915 0.0000 -31.6143
v  476.4724 5.0000 -31.3793
v  476.9915 10.0000 -31.6143
v  478.0936 0.0000 -31.9989
v  477.5426 5.0000 -31.8066
v  478.0936 10.0000 -31.9989
v  479.2595 0.0000 -32.2981
v  478.6766 5.0000 -32.1485
v  479.2595 10.0000 -32.2981
v  480.4892 0.0000 -32.5117
v  479.8744 5.0000 -32.4049
v  480.4892 10.0000 -32.5117
v  481.7827 0.0000 -32.6399
v  481.1360 5.0000 -32.5758
v  481.7827 10.0000 -32.6399
v  483.1400 0.0000 -32.6827
v  482.4613 5.0000 -32.6613
v  483.1400 10.0000 -32.6827
v  485.2344 0.0000 -32.5642
v  484.1872 5.0000 -32.6234
v  485.2344 10.0000 -32.5642
v  487.0825 0.0000 -32.2088
v  486.1584 5.0000 -32.3865
v  487.0825 10.0000 -32.2088
v  488.6841 0.0000 -31.6163
v  487.8833 5.0000 -31.9126
v  488.6841 10.0000 -31.6163
v  490.0393 0.0000 -30.7870
v  489.3617 5.0000 -31.2017
v  490.0393 10.0000 -30.7870
v  491.1481 0.0000 -29.7206
v  490.5937 5.0000 -30.2538
v  491.1481 10.0000 -29.7206
v  492.0105 0.0000 -28.4173
v  491.5793 5.0000 -29.0690
v  492.0105 10.0000 -28.4173
v  492.6266 0.0000 -26.8771
v  492.3185 5.0000 -27.6472
v  492.6266 10.0000 -26.8771
v  492.9962 0.0000 -25.0999
v  492.8113 5.0000 -25.9885
v  492.9962 10.0000 -25.0999
v  493.1194 0.0000 -23.0857
v  493.0578 5.0000 -24.0928
v  493.1194 10.0000 -23.0857
v  493.1194 0.0000 21.7801
v  493.1194 5.0000 -0.6528
v  493.1194 10.0000 21.7801
v  493.0682 0.0000 21.9492
v  493.0938 5.0000 21.8646
v  493.0682 10.0000 21.9492
v  492.9940 0.0000 22.1368
v  493.0311 5.0000 22.0430
v  492.9940 10.0000 22.1368
v  492.8969 0.0000 22.3430
v  492.9454 5.0000 22.2399
v  492.8969 10.0000 22.3430
v  492.7767 0.0000 22.5676
v  492.8368 5.0000 22.4553
v  492.7767 10.0000 22.5676
v  492.6337 0.0000 22.8108
v  492.7052 5.0000 22.6892
v  492.6337 10.0000 22.8108
v  492.4675 0.0000 23.0725
v  492.5506 5.0000 22.9417
v  492.4675 10.0000 23.0725
v  492.2785 0.0000 23.3527
v  492.3730 5.0000 23.2126
v  492.2785 10.0000 23.3527
v  492.0664 0.0000 23.6514
v  492.1725 5.0000 23.5021
v  492.0664 10.0000 23.6514
v  491.8314 0.0000 23.9686
v  491.9489 5.0000 23.8100
v  491.8314 10.0000 23.9686
v  491.5934 0.0000 24.2770
v  491.7124 5.0000 24.1228
v  491.5934 10.0000 24.2770
v  491.3724 0.0000 24.5490
v  491.4828 5.0000 24.4130
v  491.3724 10.0000 24.5490
v  491.1684 0.0000 24.7848
v  491.2704 5.0000 24.6669
v  491.1684 10.0000 24.7848
v  490.9814 0.0000 24.9843
v  491.0749 5.0000 24.8846
v  490.9814 10.0000 24.9843
v  490.8115 0.0000 25.1475
v  490.8965 5.0000 25.0659
v  490.8115 10.0000 25.1475
v  490.6585 0.0000 25.2745
v  490.7350 5.0000 25.2110
v  490.6585 10.0000 25.2745
v  490.5226 0.0000 25.3652
v  490.5906 5.0000 25.3198
v  490.5226 10.0000 25.3652
v  490.4037 0.0000 25.4196
v  490.4632 5.0000 25.3924
v  490.4037 10.0000 25.4196
v  490.3019 0.0000 25.4377
v  490.3528 5.0000 25.4287
v  490.3019 10.0000 25.4377
v  486.6794 5.0000 20.7688
v  466.5467 0.0000 -1.3999
v  467.1523 0.0000 -1.2527
v  466.8495 5.0000 -1.3263
v  467.1523 10.0000 -1.2527
v  466.5467 10.0000 -1.3999
v  467.6772 0.0000 -1.0074
v  467.4147 5.0000 -1.1300
v  467.6772 10.0000 -1.0074
v  468.1213 0.0000 -0.6639
v  467.8992 5.0000 -0.8356
v  468.1213 10.0000 -0.6639
v  468.4846 0.0000 -0.2223
v  468.3029 5.0000 -0.4431
v  468.4846 10.0000 -0.2223
v  468.7672 0.0000 0.3175
v  468.6259 5.0000 0.0476
v  468.7672 10.0000 0.3175
v  468.9691 0.0000 0.9554
v  468.8682 5.0000 0.6365
v  468.9691 10.0000 0.9554
v  469.0902 0.0000 1.6915
v  469.0297 5.0000 1.3234
v  469.0902 10.0000 1.6915
v  469.1306 0.0000 2.5257
v  469.1104 5.0000 2.1086
v  469.1306 10.0000 2.5257
v  469.0902 0.0000 3.3472
v  469.1104 5.0000 2.9364
v  469.0902 10.0000 3.3472
v  468.9691 0.0000 4.0720
v  469.0297 5.0000 3.7096
v  468.9691 10.0000 4.0720
v  468.7672 0.0000 4.7002
v  468.8682 5.0000 4.3861
v  468.7672 10.0000 4.7002
v  468.4846 0.0000 5.2318
v  468.6259 5.0000 4.9660
v  468.4846 10.0000 5.2318
v  468.1213 0.0000 5.6667
v  468.3029 5.0000 5.4493
v  468.1213 10.0000 5.6667
v  467.6772 0.0000 6.0050
v  467.8992 5.0000 5.8359
v  467.6772 10.0000 6.0050
v  467.1523 0.0000 6.2466
v  467.4147 5.0000 6.1258
v  467.1523 10.0000 6.2466
v  466.5467 0.0000 6.3916
v  466.8495 5.0000 6.3191
v  466.5467 10.0000 6.3916
v  465.8603 0.0000 6.4399
v  466.2035 5.0000 6.4158
v  465.8603 10.0000 6.4399
v  465.1613 0.0000 6.3916
v  465.5108 5.0000 6.4158
v  465.1613 10.0000 6.3916
v  464.5445 0.0000 6.2466
v  464.8529 5.0000 6.3191
v  464.5445 10.0000 6.2466
v  464.0099 0.0000 6.0050
v  464.2772 5.0000 6.1258
v  464.0099 10.0000 6.0050
v  463.5576 0.0000 5.6667
v  463.7838 5.0000 5.8359
v  463.5576 10.0000 5.6667
v  463.1876 0.0000 5.2318
v  463.3726 5.0000 5.4493
v  463.1876 10.0000 5.2318
v  462.8997 0.0000 4.7002
v  463.0437 5.0000 4.9660
v  462.8997 10.0000 4.7002
v  462.6942 0.0000 4.0720
v  462.7969 5.0000 4.3861
v  462.6942 10.0000 4.0720
v  462.5708 0.0000 3.3472
v  462.6325 5.0000 3.7096
v  462.5708 10.0000 3.3472
v  462.5297 0.0000 2.5257
v  462.5502 5.0000 2.9364
v  462.5297 10.0000 2.5257
v  462.5708 0.0000 1.6915
v  462.5502 5.0000 2.1086
v  462.5708 10.0000 1.6915
v  462.6942 0.0000 0.9554
v  462.6325 5.0000 1.3234
v  462.6942 10.0000 0.9554
v  462.8997 0.0000 0.3175
v  462.7969 5.0000 0.6365
v  462.8997 10.0000 0.3175
v  463.1876 0.0000 -0.2223
v  463.0437 5.0000 0.0476
v  463.1876 10.0000 -0.2223
v  463.5576 0.0000 -0.6639
v  463.3726 5.0000 -0.4431
v  463.5576 10.0000 -0.6639
v  464.0099 0.0000 -1.0074
v  463.7838 5.0000 -0.8356
v  464.0099 10.0000 -1.0074
v  464.5445 0.0000 -1.2527
v  464.2772 5.0000 -1.1300
v  464.5445 10.0000 -1.2527
v  465.1613 0.0000 -1.3999
v  464.8529 5.0000 -1.3263
v  465.1613 10.0000 -1.3999
v  465.8603 0.0000 -1.4490
v  465.5108 5.0000 -1.4245
v  465.8603 10.0000 -1.4490
v  466.2035 5.0000 -1.4245
v  466.7654 0.0000 25.3463
v  466.6659 0.0000 26.4620
v  466.7157 5.0000 25.9042
v  466.6659 10.0000 26.4620
v  466.7654 10.0000 25.3463
v  466.4998 0.0000 27.4290
v  466.5829 5.0000 26.9455
v  466.4998 10.0000 27.4290
v  466.2675 0.0000 28.2472
v  466.3837 5.0000 27.8381
v  466.2675 10.0000 28.2472
v  465.9687 0.0000 28.9166
v  466.1181 5.0000 28.5819
v  465.9687 10.0000 28.9166
v  465.6035 0.0000 29.4373
v  465.7861 5.0000 29.1769
v  465.6035 10.0000 29.4373
v  465.1719 0.0000 29.8092
v  465.3877 5.0000 29.6232
v  465.1719 10.0000 29.8092
v  464.6739 0.0000 30.0323
v  464.9229 5.0000 29.9207
v  464.6739 10.0000 30.0323
v  464.1095 0.0000 30.1067
v  464.3917 5.0000 30.0695
v  464.1095 10.0000 30.1067
v  463.5076 0.0000 30.0601
v  463.8085 5.0000 30.0834
v  463.5076 10.0000 30.0601
v  462.9765 0.0000 29.9203
v  463.2421 5.0000 29.9902
v  462.9765 10.0000 29.9203
v  462.5163 0.0000 29.6874
v  462.7464 5.0000 29.8039
v  462.5163 10.0000 29.6874
v  462.1268 0.0000 29.3613
v  462.3215 5.0000 29.5244
v  462.1268 10.0000 29.3613
v  461.8082 0.0000 28.9421
v  461.9675 5.0000 29.1517
v  461.8082 10.0000 28.9421
v  461.5603 0.0000 28.4296
v  461.6843 5.0000 28.6858
v  461.5603 10.0000 28.4296
v  461.3833 0.0000 27.8240
v  461.4718 5.0000 28.1268
v  461.3833 10.0000 27.8240
v  461.2771 0.0000 27.1252
v  461.3302 5.0000 27.4746
v  461.2771 10.0000 27.1252
v  461.2417 0.0000 26.3333
v  461.2594 5.0000 26.7293
v  461.2417 10.0000 26.3333
v  461.2800 0.0000 25.5033
v  461.2609 5.0000 25.9183
v  461.2800 10.0000 25.5033
v  461.3951 0.0000 24.7710
v  461.3376 5.0000 25.1372
v  461.3951 10.0000 24.7710
v  461.5869 0.0000 24.1363
v  461.4910 5.0000 24.4537
v  461.5869 10.0000 24.1363
v  461.8554 0.0000 23.5993
v  461.7211 5.0000 23.8678
v  461.8554 10.0000 23.5993
v  462.2006 0.0000 23.1599
v  462.0280 5.0000 23.3796
v  462.2006 10.0000 23.1599
v  462.6225 0.0000 22.8182
v  462.4115 5.0000 22.9890
v  462.6225 10.0000 22.8182
v  463.1211 0.0000 22.5741
v  462.8718 5.0000 22.6961
v  463.1211 10.0000 22.5741
v  463.6964 0.0000 22.4276
v  463.4088 5.0000 22.5008
v  463.6964 10.0000 22.4276
v  464.3484 0.0000 22.3788
v  464.0224 5.0000 22.4032
v  464.3484 10.0000 22.3788
v  464.6972 0.0000 22.3998
v  464.5228 5.0000 22.3893
v  464.6972 10.0000 22.3998
v  465.0269 0.0000 22.4629
v  464.8620 5.0000 22.4313
v  465.0269 10.0000 22.4629
v  465.3374 0.0000 22.5680
v  465.1821 5.0000 22.5154
v  465.3374 10.0000 22.5680
v  465.6287 0.0000 22.7152
v  465.4831 5.0000 22.6416
v  465.6287 10.0000 22.7152
v  465.9010 0.0000 22.9044
v  465.7649 5.0000 22.8098
v  465.9010 10.0000 22.9044
v  466.1541 0.0000 23.1357
v  466.0275 5.0000 23.0200
v  466.1541 10.0000 23.1357
v  466.3881 0.0000 23.4090
v  466.2711 5.0000 23.2723
v  466.3881 10.0000 23.4090
v  466.6029 0.0000 23.7244
v  466.4955 5.0000 23.5667
v  466.6029 10.0000 23.7244
v  466.7986 0.0000 24.0818
v  466.7008 5.0000 23.9031
v  466.7986 10.0000 24.0818
v  466.7820 5.0000 24.7141
v  472.0418 0.0000 20.4098
v  473.6272 10.0000 18.0928
v  470.7463 0.0000 26.4583
v  466.8486 0.0000 21.4710
v  473.0583 0.0000 16.9006
v  466.6862 0.0000 21.3028
v  466.5111 0.0000 21.1626
v  466.6229 0.0000 20.2044
v  466.2897 0.0000 19.5035
v  465.5568 0.0000 19.2986
v  464.7950 0.0000 19.1676
v  463.9473 0.0000 19.1161
v  462.9803 0.0000 19.7321
v  461.3979 0.0000 19.5497
v  460.5166 0.0000 20.6799
v  459.2076 0.0000 21.3007
v  459.0486 0.0000 22.8783
v  458.7463 0.0000 23.9921
v  459.5121 0.0000 24.8948
v  458.5377 0.0000 25.6626
v  458.5414 0.0000 27.0649
v  459.5132 0.0000 27.7822
v  458.7589 0.0000 28.7018
v  459.0876 0.0000 29.8022
v  459.5631 0.0000 30.7388
v  460.1029 0.0000 32.1786
v  461.6217 0.0000 32.4721
v  462.6485 0.0000 32.7998
v  463.8219 0.0000 32.9637
v  465.1143 0.0000 33.8931
v  466.5811 0.0000 33.6551
v  467.9455 0.0000 32.4456
v  468.6729 0.0000 31.2451
v  469.7453 0.0000 30.4101
v  470.2434 0.0000 29.0951
v  468.4861 0.0000 27.6001
v  477.6692 0.0000 29.2407
v  471.3071 0.0000 23.8785
v  469.2683 0.0000 22.9254
v  488.1016 0.0000 29.5658
v  491.7884 0.0000 33.6469
v  483.4997 0.0000 23.3416
v  493.3845 0.0000 30.2111
v  492.5039 0.0000 27.7582
v  493.7935 0.0000 28.6967
v  493.0554 0.0000 27.2873
v  494.4656 0.0000 28.0632
v  493.6266 0.0000 26.6958
v  495.1332 0.0000 27.3215
v  494.2175 0.0000 25.9839
v  495.7912 0.0000 26.4784
v  494.7947 0.0000 25.1971
v  496.3898 0.0000 25.6024
v  495.2917 0.0000 24.4268
v  496.9038 0.0000 24.7278
v  495.7015 0.0000 23.6821
v  495.7740 0.0000 23.5385
v  497.3761 0.0000 23.7561
v  497.6783 0.0000 22.9827
v  498.9267 0.0000 4.1605
v  497.9380 0.0000 -24.4712
v  497.5706 0.0000 -26.9585
v  496.8360 0.0000 -29.1348
v  495.9545 0.0000 -31.9446
v  493.0439 0.0000 -33.3245
v  490.9631 0.0000 -34.3757
v  488.5149 0.0000 -35.1161
v  486.5441 0.0000 -34.4604
v  484.7137 0.0000 -35.6639
v  482.4416 0.0000 -35.7226
v  481.0358 0.0000 -35.6463
v  479.1743 0.0000 -36.0478
v  477.5788 0.0000 -35.1308
v  476.2701 0.0000 -34.7921
v  474.9936 0.0000 -34.3772
v  473.7494 0.0000 -33.8860
v  472.5374 0.0000 -33.3185
v  466.2320 0.0000 -31.9801
v  481.3617 0.0000 -22.7312
v  460.9264 0.0000 -29.4571
v  481.1097 0.0000 -22.6833
v  480.6894 0.0000 -22.9751
v  480.2905 0.0000 -22.7194
v  479.8387 0.0000 -23.1307
v  479.3721 0.0000 -22.5556
v  477.4619 0.0000 -25.3306
v  474.4217 0.0000 -22.9137
v  475.4683 0.0000 -20.6160
v  471.7208 0.0000 -26.1572
v  470.1363 0.0000 -25.9005
v  469.3931 0.0000 -26.4295
v  468.5975 0.0000 -26.9397
v  467.7495 0.0000 -27.4313
v  466.8492 0.0000 -27.9041
v  475.0738 0.0000 -20.1904
v  474.7086 0.0000 -19.7332
v  474.3890 0.0000 -19.2499
v  474.1151 0.0000 -18.7405
v  473.8868 0.0000 -18.2049
v  473.7042 0.0000 -17.6431
v  473.5672 0.0000 -17.0552
v  473.4759 0.0000 -16.4411
v  473.4303 0.0000 -15.8009
v  471.6955 0.0000 -5.7183
v  469.7023 0.0000 -6.4968
v  469.5946 0.0000 -6.9548
v  469.4331 0.0000 -7.3473
v  469.2178 0.0000 -7.6745
v  466.9583 0.0000 -14.4106
v  466.5377 0.0000 -2.7390
v  466.1609 0.0000 -2.8699
v  465.7302 0.0000 -2.9353
v  465.2684 0.0000 -2.9353
v  464.4297 0.0000 -3.6156
v  463.4104 0.0000 -3.4135
v  461.9516 0.0000 -3.3053
v  461.3123 0.0000 -2.1342
v  460.7821 0.0000 -1.3690
v  460.3845 0.0000 -0.4507
v  460.1194 0.0000 0.6206
v  459.9868 0.0000 1.8450
v  459.4764 0.0000 3.1474
v  459.6516 0.0000 4.3914
v  460.0019 0.0000 5.5063
v  460.5275 0.0000 6.4923
v  461.2257 0.0000 7.3473
v  462.0688 0.0000 8.0498
v  463.0292 0.0000 8.5781
v  464.1042 0.0000 8.9303
v  465.2938 0.0000 9.1064
v  466.5357 0.0000 8.6526
v  467.7124 0.0000 8.4873
v  468.7420 0.0000 8.1566
v  469.6245 0.0000 7.6607
v  470.3600 0.0000 6.9994
v  470.9483 0.0000 6.1728
v  471.3896 0.0000 5.1810
v  471.6837 0.0000 4.0237
v  471.8308 0.0000 2.7012
v  470.7463 10.0000 26.4583
v  468.4861 10.0000 27.6001
v  470.2434 10.0000 29.0951
v  469.7453 10.0000 30.4101
v  468.6729 10.0000 31.2451
v  467.9455 10.0000 32.4456
v  466.5811 10.0000 33.6551
v  465.1144 10.0000 33.8931
v  463.8219 10.0000 32.9637
v  462.6485 10.0000 32.7998
v  461.6217 10.0000 32.4721
v  460.1029 10.0000 32.1786
v  459.5631 10.0000 30.7388
v  459.0876 10.0000 29.8022
v  458.7589 10.0000 28.7018
v  459.5132 10.0000 27.7822
v  458.5414 10.0000 27.0649
v  458.5377 10.0000 25.6626
v  459.5121 10.0000 24.8948
v  458.7463 10.0000 23.9921
v  459.0486 10.0000 22.8783
v  459.2076 10.0000 21.3007
v  460.5166 10.0000 20.6799
v  461.3979 10.0000 19.5497
v  462.9803 10.0000 19.7321
v  463.9473 10.0000 19.1161
v  464.7950 10.0000 19.1676
v  465.5568 10.0000 19.2986
v  466.2897 10.0000 19.5035
v  466.6229 10.0000 20.2044
v  466.5111 10.0000 21.1626
v  466.6862 10.0000 21.3028
v  466.8486 10.0000 21.4710
v  468.8495 10.0000 21.4929
v  469.2683 10.0000 22.9254
v  471.3071 10.0000 23.8785
v  477.6692 10.0000 29.2407
v  483.4997 10.0000 23.3416
v  460.9264 10.0000 -29.4571
v  462.1207 10.0000 -29.5837
v  466.9179 10.0000 -31.9637
v  467.7495 10.0000 -27.4313
v  472.5374 10.0000 -33.3185
v  473.7494 10.0000 -33.8860
v  474.9936 10.0000 -34.3772
v  476.2701 10.0000 -34.7921
v  477.5788 10.0000 -35.1308
v  479.1743 10.0000 -36.0478
v  481.0358 10.0000 -35.6463
v  482.4416 10.0000 -35.7226
v  484.7137 10.0000 -35.6639
v  486.5441 10.0000 -34.4604
v  488.5149 10.0000 -35.1161
v  490.9631 10.0000 -34.3757
v  493.0439 10.0000 -33.3245
v  495.9545 10.0000 -31.9446
v  496.8360 10.0000 -29.1348
v  497.5706 10.0000 -26.9585
v  497.9380 10.0000 -24.4712
v  498.9267 10.0000 4.1605
v  497.6783 10.0000 22.9827
v  497.3761 10.0000 23.7561
v  495.7740 10.0000 23.5385
v  495.7015 10.0000 23.6821
v  496.9038 10.0000 24.7278
v  495.2917 10.0000 24.4268
v  496.3898 10.0000 25.6024
v  494.7947 10.0000 25.1971
v  495.7912 10.0000 26.4784
v  494.2175 10.0000 25.9839
v  495.1332 10.0000 27.3215
v  493.6266 10.0000 26.6958
v  494.4656 10.0000 28.0632
v  493.0554 10.0000 27.2873
v  493.7935 10.0000 28.6967
v  492.5039 10.0000 27.7582
v  493.3845 10.0000 30.2111
v  491.0239 10.0000 33.0166
v  468.5975 10.0000 -26.9397
v  469.3931 10.0000 -26.4295
v  470.1363 10.0000 -25.9005
v  471.7208 10.0000 -26.1572
v  476.0872 10.0000 -24.7783
v  467.0204 10.0000 -14.3502
v  479.3721 10.0000 -22.5556
v  479.8387 10.0000 -23.1307
v  480.2905 10.0000 -22.7194
v  480.6894 10.0000 -22.9751
v  481.1097 10.0000 -22.6833
v  481.3617 10.0000 -22.7312
v  471.8308 10.0000 2.7012
v  471.6955 10.0000 -5.7183
v  469.4331 10.0000 -7.3473
v  469.5946 10.0000 -6.9548
v  469.7023 10.0000 -6.4968
v  473.4303 10.0000 -15.8009
v  473.4759 10.0000 -16.4411
v  473.5672 10.0000 -17.0552
v  473.7042 10.0000 -17.6431
v  473.8868 10.0000 -18.2049
v  474.1151 10.0000 -18.7405
v  474.3890 10.0000 -19.2499
v  474.7086 10.0000 -19.7332
v  475.0738 10.0000 -20.1904
v  475.4683 10.0000 -20.6160
v  475.8593 10.0000 -20.9991
v  471.6837 10.0000 4.0237
v  471.3896 10.0000 5.1810
v  470.9483 10.0000 6.1728
v  470.3600 10.0000 6.9994
v  469.6245 10.0000 7.6607
v  468.7420 10.0000 8.1566
v  467.7124 10.0000 8.4873
v  466.5357 10.0000 8.6526
v  465.2938 10.0000 9.1064
v  464.1042 10.0000 8.9303
v  463.0292 10.0000 8.5781
v  462.0688 10.0000 8.0498
v  461.2257 10.0000 7.3473
v  460.5275 10.0000 6.4923
v  460.0019 10.0000 5.5063
v  459.6516 10.0000 4.3914
v  459.4764 10.0000 3.1474
v  459.9868 10.0000 1.8450
v  460.1194 10.0000 0.6206
v  460.3845 10.0000 -0.4507
v  460.7821 10.0000 -1.3690
v  461.3123 10.0000 -2.1342
v  461.9516 10.0000 -3.3053
v  463.4104 10.0000 -3.4135
v  464.4297 10.0000 -3.6156
v  465.2684 10.0000 -2.9353
v  465.7302 10.0000 -2.9353
v  466.1609 10.0000 -2.8699
v  466.5377 10.0000 -2.7390
v  466.8607 10.0000 -2.5427
# 1178 vertices

vn -0.0366 -0.5616 -0.8266
vn -0.0052 -0.9465 -0.3226
vn -0.8412 0.0000 -0.5408
vn -0.0052 0.9465 -0.3226
vn -0.0366 0.5616 -0.8266
vn 0.5849 -0.7996 -0.1358
vn 0.8233 0.0000 -0.5675
vn 0.5849 0.7996 -0.1358
vn 0.7010 -0.7060 0.1005
vn 0.9892 0.0000 0.1467
vn 0.7010 0.7060 0.1005
vn 0.7022 -0.7059 0.0932
vn 0.9906 0.0000 0.1371
vn 0.7022 0.7059 0.0932
vn 0.7034 -0.7057 0.0850
vn 0.9920 0.0000 0.1262
vn 0.7034 0.7057 0.0850
vn 0.7046 -0.7055 0.0757
vn 0.9935 0.0000 0.1139
vn 0.7046 0.7055 0.0757
vn 0.7060 -0.7053 0.0650
vn 0.9950 0.0000 0.0998
vn 0.7060 0.7053 0.0650
vn 0.7073 -0.7050 0.0525
vn 0.9965 0.0000 0.0835
vn 0.7073 0.7050 0.0525
vn 0.7086 -0.7046 0.0379
vn 0.9979 0.0000 0.0646
vn 0.7086 0.7046 0.0379
vn 0.7098 -0.7041 0.0205
vn 0.9991 0.0000 0.0422
vn 0.7098 0.7041 0.0205
vn 0.7088 -0.7054 0.0055
vn 0.9999 0.0000 0.0154
vn 0.7088 0.7054 0.0055
vn 0.5774 -0.5774 -0.5774
vn 1.0000 0.0000 -0.0000
vn 0.5774 0.5774 -0.5774
vn -0.5774 -0.5774 -0.5774
vn 0.0000 0.0000 -1.0000
vn -0.5774 0.5774 -0.5774
vn -0.1784 -0.9467 -0.2683
vn -1.0000 0.0000 -0.0000
vn -0.1784 0.9467 -0.2683
vn 0.2597 -0.7017 -0.6635
vn 0.3870 0.0000 -0.9221
vn 0.2597 0.7017 -0.6635
vn 0.2271 -0.7017 -0.6753
vn 0.3417 0.0000 -0.9398
vn 0.2271 0.7017 -0.6753
vn 0.1942 -0.7017 -0.6855
vn 0.2957 0.0000 -0.9553
vn 0.1942 0.7017 -0.6855
vn 0.1610 -0.7018 -0.6940
vn 0.2492 0.0000 -0.9685
vn 0.1610 0.7018 -0.6940
vn 0.1279 -0.7018 -0.7008
vn 0.2026 0.0000 -0.9793
vn 0.1279 0.7018 -0.7008
vn 0.0950 -0.7019 -0.7059
vn 0.1563 0.0000 -0.9877
vn 0.0950 0.7019 -0.7059
vn 0.0627 -0.7021 -0.7094
vn 0.1105 0.0000 -0.9939
vn 0.0627 0.7021 -0.7094
vn 0.0310 -0.7022 -0.7113
vn 0.0655 0.0000 -0.9979
vn 0.0310 0.7022 -0.7113
vn -0.0187 -0.6966 -0.7173
vn 0.0215 0.0000 -0.9998
vn -0.0187 0.6966 -0.7173
vn -0.1153 -0.6883 -0.7162
vn -0.0735 0.0000 -0.9973
vn -0.1153 0.6883 -0.7162
vn -0.2480 -0.6849 -0.6851
vn -0.2431 0.0000 -0.9700
vn -0.2480 0.6849 -0.6851
vn -0.3888 -0.6828 -0.6186
vn -0.4342 0.0000 -0.9008
vn -0.3888 0.6828 -0.6186
vn -0.5166 -0.6828 -0.5167
vn -0.6235 0.0000 -0.7818
vn -0.5166 0.6828 -0.5167
vn -0.6128 -0.6849 -0.3942
vn -0.7817 0.0000 -0.6237
vn -0.6128 0.6849 -0.3942
vn -0.6727 -0.6883 -0.2717
vn -0.8916 0.0000 -0.4528
vn -0.6727 0.6883 -0.2717
vn -0.7034 -0.6917 -0.1632
vn -0.9560 0.0000 -0.2934
vn -0.7034 0.6917 -0.1632
vn -0.7154 -0.6948 -0.0736
vn -0.9875 0.0000 -0.1576
vn -0.7154 0.6948 -0.0736
vn -0.7183 -0.6957 0.0032
vn -0.9989 0.0000 -0.0469
vn -0.7183 0.6957 0.0032
vn -0.7160 -0.6926 0.0875
vn -0.9984 0.0000 0.0557
vn -0.7160 0.6926 0.0875
vn -0.6985 -0.6893 0.1924
vn -0.9825 0.0000 0.1865
vn -0.6985 0.6893 0.1924
vn -0.6562 -0.6860 0.3142
vn -0.9394 0.0000 0.3428
vn -0.6562 0.6860 0.3142
vn -0.5805 -0.6836 0.4424
vn -0.8560 0.0000 0.5169
vn -0.5805 0.6836 0.4424
vn -0.4711 -0.6831 0.5580
vn -0.7254 0.0000 0.6883
vn -0.4711 0.6831 0.5580
vn -0.3417 -0.6847 0.6438
vn -0.5570 0.0000 0.8305
vn -0.3417 0.6847 0.6438
vn -0.2121 -0.6877 0.6943
vn -0.3756 0.0000 0.9268
vn -0.2121 0.6877 0.6943
vn -0.0972 -0.6911 0.7162
vn -0.2062 0.0000 0.9785
vn -0.0972 0.6911 0.7162
vn 0.0000 -0.6934 0.7205
vn -0.0619 0.0000 0.9981
vn 0.0000 0.6934 0.7205
vn 0.0856 -0.6944 0.7144
vn 0.0619 0.0000 0.9981
vn 0.0856 0.6944 0.7144
vn 0.1619 -0.6958 0.6997
vn 0.1756 0.0000 0.9845
vn 0.1619 0.6958 0.6997
vn 0.2273 -0.6972 0.6798
vn 0.2746 0.0000 0.9616
vn 0.2273 0.6972 0.6798
vn 0.2826 -0.6985 0.6575
vn 0.3590 0.0000 0.9333
vn 0.2826 0.6985 0.6575
vn 0.3288 -0.6996 0.6344
vn 0.4301 0.0000 0.9028
vn 0.3288 0.6996 0.6344
vn 0.3675 -0.7006 0.6117
vn 0.4898 0.0000 0.8719
vn 0.3675 0.7006 0.6117
vn 0.3998 -0.7014 0.5900
vn 0.5398 0.0000 0.8418
vn 0.3998 0.7014 0.5900
vn 0.4271 -0.7021 0.5697
vn 0.5819 0.0000 0.8133
vn 0.4271 0.7021 0.5697
vn 0.4542 -0.7014 0.5493
vn 0.6174 0.0000 0.7866
vn 0.4542 0.7014 0.5493
vn 0.4871 -0.6996 0.5228
vn 0.6566 0.0000 0.7542
vn 0.4871 0.6996 0.5228
vn 0.5241 -0.6986 0.4871
vn 0.7059 0.0000 0.7083
vn 0.5241 0.6986 0.4871
vn 0.5626 -0.6976 0.4437
vn 0.7579 0.0000 0.6524
vn 0.5626 0.6976 0.4437
vn 0.6015 -0.6965 0.3913
vn 0.8111 0.0000 0.5849
vn 0.6015 0.6965 0.3913
vn 0.6388 -0.6954 0.3292
vn 0.8634 0.0000 0.5045
vn 0.6388 0.6954 0.3292
vn 0.6720 -0.6944 0.2572
vn 0.9119 0.0000 0.4104
vn 0.6720 0.6944 0.2572
vn 0.6983 -0.6937 0.1765
vn 0.9529 0.0000 0.3034
vn 0.6983 0.6937 0.1765
vn 0.7150 -0.6934 0.0896
vn 0.9826 0.0000 0.1859
vn 0.7150 0.6934 0.0896
vn 0.0542 -0.9817 0.1824
vn 0.9981 0.0000 0.0624
vn 0.0542 0.9817 0.1824
vn 0.0437 -0.5594 0.8278
vn -0.8018 0.0000 0.5975
vn 0.0437 0.5594 0.8278
vn 0.0161 -0.9470 0.3208
vn 0.8604 0.0000 0.5097
vn 0.0161 0.9470 0.3208
vn -0.2862 -0.6036 0.7441
vn -0.8051 0.0000 0.5932
vn -0.2862 0.6036 0.7441
vn 0.2184 -0.6847 0.6953
vn 0.2001 0.0000 0.9798
vn 0.2184 0.6847 0.6953
vn 0.3167 -0.6961 0.6443
vn 0.3961 0.0000 0.9182
vn 0.3167 0.6961 0.6443
vn 0.3638 -0.7007 0.6137
vn 0.4851 0.0000 0.8744
vn 0.3638 0.7007 0.6137
vn 0.3912 -0.7030 0.5940
vn 0.5344 0.0000 0.8452
vn 0.3912 0.7030 0.5940
vn 0.4090 -0.7042 0.5804
vn 0.5654 0.0000 0.8248
vn 0.4090 0.7042 0.5804
vn 0.4215 -0.7050 0.5704
vn 0.5866 0.0000 0.8099
vn 0.4215 0.7050 0.5704
vn 0.4307 -0.7055 0.5628
vn 0.6019 0.0000 0.7986
vn 0.4307 0.7055 0.5628
vn 0.4379 -0.7058 0.5569
vn 0.6136 0.0000 0.7896
vn 0.4379 0.7058 0.5569
vn 0.4550 -0.7023 0.5474
vn 0.6227 0.0000 0.7825
vn 0.4550 0.7023 0.5474
vn 0.4891 -0.6986 0.5222
vn 0.6554 0.0000 0.7553
vn 0.4891 0.6986 0.5222
vn 0.5275 -0.6986 0.4834
vn 0.7109 0.0000 0.7033
vn 0.5275 0.6986 0.4834
vn 0.5628 -0.6987 0.4418
vn 0.7626 0.0000 0.6469
vn 0.5628 0.6987 0.4418
vn 0.5943 -0.6988 0.3981
vn 0.8095 0.0000 0.5871
vn 0.5943 0.6988 0.3981
vn 0.6218 -0.6990 0.3532
vn 0.8510 0.0000 0.5251
vn 0.6218 0.6990 0.3532
vn 0.6450 -0.6993 0.3080
vn 0.8868 0.0000 0.4621
vn 0.6450 0.6993 0.3080
vn 0.6642 -0.6997 0.2632
vn 0.9169 0.0000 0.3991
vn 0.6642 0.6997 0.2632
vn 0.6795 -0.7001 0.2196
vn 0.9414 0.0000 0.3373
vn 0.6795 0.7001 0.2196
vn 0.7288 -0.6769 0.1031
vn 0.9608 0.0000 0.2774
vn 0.7288 0.6769 0.1031
vn 0.7148 -0.6988 -0.0266
vn 0.7148 0.6988 -0.0266
vn 0.7162 -0.6881 -0.1167
vn 0.9972 0.0000 -0.0744
vn 0.7162 0.6881 -0.1167
vn 0.6843 -0.6847 -0.2507
vn 0.9693 0.0000 -0.2460
vn 0.6843 0.6847 -0.2507
vn 0.6165 -0.6827 -0.3922
vn 0.8987 0.0000 -0.4385
vn 0.6165 0.6827 -0.3922
vn 0.5136 -0.6828 -0.5196
vn 0.7781 0.0000 -0.6282
vn 0.5136 0.6828 -0.5196
vn 0.3908 -0.6850 -0.6148
vn 0.6190 0.0000 -0.7854
vn 0.3908 0.6850 -0.6148
vn 0.2688 -0.6884 -0.6737
vn 0.4483 0.0000 -0.8939
vn 0.2688 0.6884 -0.6737
vn 0.1613 -0.6919 -0.7037
vn 0.2901 0.0000 -0.9570
vn 0.1613 0.6919 -0.7037
vn 0.0727 -0.6949 -0.7154
vn 0.1557 0.0000 -0.9878
vn 0.0727 0.6949 -0.7154
vn 0.0085 -0.6994 -0.7146
vn 0.0463 0.0000 -0.9989
vn 0.0085 0.6994 -0.7146
vn -0.0321 -0.7021 -0.7114
vn -0.0226 0.0000 -0.9997
vn -0.0321 0.7021 -0.7114
vn -0.0640 -0.7021 -0.7092
vn -0.0676 0.0000 -0.9977
vn -0.0640 0.7021 -0.7092
vn -0.0956 -0.7021 -0.7056
vn -0.1122 0.0000 -0.9937
vn -0.0956 0.7021 -0.7056
vn -0.1266 -0.7022 -0.7006
vn -0.1562 0.0000 -0.9877
vn -0.1266 0.7022 -0.7006
vn -0.1569 -0.7023 -0.6944
vn -0.1994 0.0000 -0.9799
vn -0.1569 0.7023 -0.6944
vn -0.1864 -0.7024 -0.6870
vn -0.2414 0.0000 -0.9704
vn -0.1864 0.7024 -0.6870
vn -0.2149 -0.7025 -0.6785
vn -0.2822 0.0000 -0.9594
vn -0.2149 0.7025 -0.6785
vn -0.2423 -0.7026 -0.6691
vn -0.3215 0.0000 -0.9469
vn -0.2423 0.7026 -0.6691
vn -0.2699 -0.7023 -0.6587
vn -0.3593 0.0000 -0.9332
vn -0.2699 0.7023 -0.6587
vn -0.3001 -0.7016 -0.6463
vn -0.3989 0.0000 -0.9170
vn -0.3001 0.7016 -0.6463
vn -0.3328 -0.7012 -0.6305
vn -0.4432 0.0000 -0.8964
vn -0.3328 0.7012 -0.6305
vn -0.3671 -0.7008 -0.6117
vn -0.4900 0.0000 -0.8717
vn -0.3671 0.7008 -0.6117
vn -0.4027 -0.7003 -0.5894
vn -0.5387 0.0000 -0.8425
vn -0.4027 0.7003 -0.5894
vn -0.4392 -0.6999 -0.5632
vn -0.5890 0.0000 -0.8081
vn -0.4392 0.6999 -0.5632
vn -0.4762 -0.6994 -0.5329
vn -0.6403 0.0000 -0.7682
vn -0.4762 0.6994 -0.5329
vn -0.5129 -0.6991 -0.4983
vn -0.6916 0.0000 -0.7223
vn -0.5129 0.6991 -0.4983
vn -0.5485 -0.6987 -0.4592
vn -0.7420 0.0000 -0.6704
vn -0.5485 0.6987 -0.4592
vn -0.7977 -0.5646 0.2120
vn -0.7904 0.0000 -0.6126
vn -0.7977 0.5646 0.2120
vn -0.2797 -0.7110 0.6451
vn -0.3818 0.0000 0.9242
vn -0.2797 0.7110 0.6451
vn -0.3027 -0.7113 0.6344
vn -0.4137 0.0000 0.9104
vn -0.3027 0.7113 0.6344
vn -0.3269 -0.7117 0.6218
vn -0.4474 0.0000 0.8943
vn -0.3269 0.7117 0.6218
vn -0.3524 -0.7120 0.6073
vn -0.4830 0.0000 0.8756
vn -0.3524 0.7120 0.6073
vn -0.3791 -0.7124 0.5906
vn -0.5205 0.0000 0.8539
vn -0.3791 0.7124 0.5906
vn -0.4069 -0.7128 0.5713
vn -0.5597 0.0000 0.8287
vn -0.4069 0.7128 0.5713
vn -0.4357 -0.7132 0.5491
vn -0.6004 0.0000 0.7997
vn -0.4357 0.7132 0.5491
vn -0.4651 -0.7136 0.5239
vn -0.6423 0.0000 0.7665
vn -0.4651 0.7136 0.5239
vn -0.3203 -0.9458 -0.0528
vn -0.6850 0.0000 0.7286
vn -0.3203 0.9458 -0.0528
vn -0.3406 -0.6929 -0.6355
vn -0.4147 0.0000 -0.9100
vn -0.3406 0.6929 -0.6355
vn -0.4241 -0.6915 -0.5848
vn -0.5282 0.0000 -0.8491
vn -0.4241 0.6915 -0.5848
vn -0.5055 -0.6906 -0.5173
vn -0.6431 0.0000 -0.7658
vn -0.5055 0.6906 -0.5173
vn -0.5781 -0.6903 -0.4350
vn -0.7507 0.0000 -0.6606
vn -0.5781 0.6903 -0.4350
vn -0.6365 -0.6908 -0.3431
vn -0.8427 0.0000 -0.5384
vn -0.6365 0.6908 -0.3431
vn -0.6779 -0.6919 -0.2483
vn -0.9130 0.0000 -0.4079
vn -0.6779 0.6919 -0.2483
vn -0.7032 -0.6934 -0.1572
vn -0.9605 0.0000 -0.2783
vn -0.7032 0.6934 -0.1572
vn -0.7151 -0.6951 -0.0742
vn -0.9876 0.0000 -0.1573
vn -0.7151 0.6951 -0.0742
vn -0.7123 -0.7016 -0.0174
vn -0.9988 0.0000 -0.0489
vn -0.7123 0.7016 -0.0174
vn -0.3234 -0.8966 -0.3025
vn -0.3234 0.8966 -0.3025
vn -0.1048 -0.6899 -0.7163
vn -0.0667 0.0000 -0.9978
vn -0.1048 0.6899 -0.7163
vn -0.2273 -0.6865 -0.6907
vn -0.2218 0.0000 -0.9751
vn -0.2273 0.6865 -0.6907
vn -0.3622 -0.6838 -0.6334
vn -0.4007 0.0000 -0.9162
vn -0.3622 0.6838 -0.6334
vn -0.4915 -0.6829 -0.5405
vn -0.5863 0.0000 -0.8101
vn -0.4915 0.6829 -0.5405
vn -0.5954 -0.6841 -0.4212
vn -0.7510 0.0000 -0.6603
vn -0.5954 0.6841 -0.4212
vn -0.6641 -0.6870 -0.2951
vn -0.8727 0.0000 -0.4883
vn -0.6641 0.6870 -0.2951
vn -0.7009 -0.6904 -0.1791
vn -0.9473 0.0000 -0.3204
vn -0.7009 0.6904 -0.1791
vn -0.7158 -0.6936 -0.0811
vn -0.9849 0.0000 -0.1732
vn -0.7158 0.6936 -0.0811
vn -0.7166 -0.6974 -0.0058
vn -0.9987 0.0000 -0.0517
vn -0.7166 0.6974 -0.0058
vn -0.7135 -0.6987 0.0524
vn -0.9994 0.0000 0.0355
vn -0.7135 0.6987 0.0524
vn -0.7078 -0.6980 0.1083
vn -0.9938 0.0000 0.1108
vn -0.7078 0.6980 0.1083
vn -0.6968 -0.6974 0.1677
vn -0.9815 0.0000 0.1914
vn -0.6968 0.6974 0.1677
vn -0.6795 -0.6969 0.2294
vn -0.9611 0.0000 0.2761
vn -0.6795 0.6969 0.2294
vn -0.6554 -0.6965 0.2920
vn -0.9318 0.0000 0.3630
vn -0.6554 0.6965 0.2920
vn -0.6245 -0.6963 0.3537
vn -0.8930 0.0000 0.4500
vn -0.6245 0.6963 0.3537
vn -0.5873 -0.6963 0.4125
vn -0.8452 0.0000 0.5344
vn -0.5873 0.6963 0.4125
vn -0.5448 -0.6965 0.4669
vn -0.7894 0.0000 0.6138
vn -0.5448 0.6965 0.4669
vn -0.4988 -0.6971 0.5151
vn -0.7274 0.0000 0.6862
vn -0.4988 0.6971 0.5151
vn -0.4501 -0.6971 0.5581
vn -0.6623 0.0000 0.7492
vn -0.4501 0.6971 0.5581
vn -0.3976 -0.6969 0.5969
vn -0.5920 0.0000 0.8059
vn -0.3976 0.6969 0.5969
vn -0.3410 -0.6969 0.6309
vn -0.5155 0.0000 0.8569
vn -0.3410 0.6969 0.6309
vn -0.2820 -0.6971 0.6592
vn -0.4345 0.0000 0.9007
vn -0.2820 0.6971 0.6592
vn -0.2221 -0.6974 0.6814
vn -0.3513 0.0000 0.9363
vn -0.2221 0.6974 0.6814
vn -0.1628 -0.6978 0.6975
vn -0.2679 0.0000 0.9635
vn -0.1628 0.6978 0.6975
vn -0.1055 -0.6983 0.7080
vn -0.1863 0.0000 0.9825
vn -0.1055 0.6983 0.7080
vn -0.0512 -0.6989 0.7134
vn -0.1082 0.0000 0.9941
vn -0.0512 0.6989 0.7134
vn 0.0106 -0.6961 0.7178
vn -0.0348 0.0000 0.9994
vn 0.0106 0.6961 0.7178
vn 0.1010 -0.6905 0.7163
vn 0.0644 0.0000 0.9979
vn 0.1010 0.6905 0.7163
vn 0.2199 -0.6871 0.6925
vn 0.2142 0.0000 0.9768
vn 0.2199 0.6871 0.6925
vn 0.3522 -0.6842 0.6385
vn 0.3885 0.0000 0.9214
vn 0.3522 0.6842 0.6385
vn 0.4818 -0.6830 0.5490
vn 0.5722 0.0000 0.8201
vn 0.4818 0.6830 0.5490
vn 0.5884 -0.6839 0.4314
vn 0.7388 0.0000 0.6739
vn 0.5884 0.6839 0.4314
vn 0.6604 -0.6865 0.3042
vn 0.8649 0.0000 0.5020
vn 0.6604 0.6865 0.3042
vn 0.6998 -0.6899 0.1854
vn 0.9436 0.0000 0.3310
vn 0.6998 0.6899 0.1854
vn 0.7159 -0.6931 0.0842
vn 0.9838 0.0000 0.1795
vn 0.7159 0.6931 0.0842
vn 0.7128 -0.7011 0.0191
vn 0.9986 0.0000 0.0536
vn 0.7128 0.7011 0.0191
vn 0.7030 -0.7111 0.0123
vn 0.7030 0.7111 0.0123
vn 0.6968 -0.7155 0.0501
vn 0.9994 0.0000 0.0349
vn 0.6968 0.7155 0.0501
vn 0.6903 -0.7161 0.1031
vn 0.9941 0.0000 0.1085
vn 0.6903 0.7161 0.1031
vn 0.6792 -0.7166 0.1586
vn 0.9824 0.0000 0.1866
vn 0.6792 0.7166 0.1586
vn 0.6628 -0.7170 0.2158
vn 0.9635 0.0000 0.2678
vn 0.6628 0.7170 0.2158
vn 0.6409 -0.7173 0.2733
vn 0.9365 0.0000 0.3507
vn 0.6409 0.7173 0.2733
vn 0.6135 -0.7175 0.3299
vn 0.9013 0.0000 0.4331
vn 0.6135 0.7175 0.3299
vn 0.5811 -0.7174 0.3842
vn 0.8583 0.0000 0.5131
vn 0.5811 0.7174 0.3842
vn 0.5446 -0.7172 0.4348
vn 0.8084 0.0000 0.5886
vn 0.5446 0.7172 0.4348
vn 0.5133 -0.7139 0.4763
vn 0.7530 0.0000 0.6580
vn 0.5133 0.7139 0.4763
vn 0.4915 -0.7113 0.5025
vn 0.7124 0.0000 0.7017
vn 0.4915 0.7113 0.5025
vn 0.4700 -0.7122 0.5215
vn 0.6859 0.0000 0.7277
vn 0.4700 0.7122 0.5215
vn 0.4430 -0.7132 0.5432
vn 0.6528 0.0000 0.7575
vn 0.4430 0.7132 0.5432
vn 0.4086 -0.7147 0.5677
vn 0.6109 0.0000 0.7917
vn 0.4086 0.7147 0.5677
vn 0.3639 -0.7166 0.5951
vn 0.5567 0.0000 0.8307
vn 0.3639 0.7166 0.5951
vn 0.3050 -0.7192 0.6243
vn 0.4857 0.0000 0.8741
vn 0.3050 0.7192 0.6243
vn 0.2271 -0.7225 0.6530
vn 0.3910 0.0000 0.9204
vn 0.2271 0.7225 0.6530
vn 0.1251 -0.7266 0.6756
vn 0.2644 0.0000 0.9644
vn 0.1251 0.7266 0.6756
vn 0.7712 -0.5524 0.3165
vn 0.0984 0.0000 0.9951
vn 0.7712 0.5524 0.3165
vn 0.5359 -0.7010 -0.4705
vn 0.7692 0.0000 -0.6391
vn 0.5359 0.7010 -0.4705
vn 0.5098 -0.7012 -0.4984
vn 0.7331 0.0000 -0.6801
vn 0.5098 0.7012 -0.4984
vn 0.4833 -0.7015 -0.5238
vn 0.6964 0.0000 -0.7176
vn 0.4833 0.7015 -0.5238
vn 0.4568 -0.7017 -0.5467
vn 0.6595 0.0000 -0.7517
vn 0.4568 0.7017 -0.5467
vn 0.4306 -0.7020 -0.5672
vn 0.6227 0.0000 -0.7825
vn 0.4306 0.7020 -0.5672
vn 0.4049 -0.7023 -0.5856
vn 0.5863 0.0000 -0.8101
vn 0.4049 0.7023 -0.5856
vn 0.3798 -0.7025 -0.6019
vn 0.5508 0.0000 -0.8346
vn 0.3798 0.7025 -0.6019
vn 0.3554 -0.7028 -0.6162
vn 0.5162 0.0000 -0.8564
vn 0.3554 0.7028 -0.6162
vn 0.3312 -0.9429 -0.0341
vn 0.4828 0.0000 -0.8757
vn 0.3312 0.9429 -0.0341
vn 0.4274 -0.7180 0.5494
vn 0.6511 0.0000 0.7590
vn 0.4274 0.7180 0.5494
vn 0.3731 -0.7180 0.5876
vn 0.5756 0.0000 0.8178
vn 0.3731 0.7180 0.5876
vn 0.3164 -0.7177 0.6203
vn 0.4952 0.0000 0.8688
vn 0.3164 0.7177 0.6203
vn 0.2587 -0.7173 0.6469
vn 0.4124 0.0000 0.9110
vn 0.2587 0.7173 0.6469
vn 0.2017 -0.7168 0.6675
vn 0.3295 0.0000 0.9442
vn 0.2017 0.7168 0.6675
vn 0.1466 -0.7161 0.6824
vn 0.2485 0.0000 0.9686
vn 0.1466 0.7161 0.6824
vn 0.0943 -0.7154 0.6923
vn 0.1712 0.0000 0.9852
vn 0.0943 0.7154 0.6923
vn 0.0455 -0.7148 0.6979
vn 0.0986 0.0000 0.9951
vn 0.0455 0.7148 0.6979
vn -0.0087 -0.7171 0.6969
vn 0.0315 0.0000 0.9995
vn -0.0087 0.7171 0.6969
vn -0.0850 -0.7224 0.6862
vn -0.0565 0.0000 0.9984
vn -0.0850 0.7224 0.6862
vn -0.1848 -0.7260 0.6623
vn -0.1889 0.0000 0.9820
vn -0.1848 0.7260 0.6623
vn -0.2985 -0.7297 0.6152
vn -0.3469 0.0000 0.9379
vn -0.2985 0.7297 0.6152
vn -0.4162 -0.7323 0.5390
vn -0.5220 0.0000 0.8530
vn -0.4162 0.7323 0.5390
vn -0.5228 -0.7327 0.4357
vn -0.6932 0.0000 0.7208
vn -0.5228 0.7327 0.4357
vn -0.6047 -0.7308 0.3167
vn -0.8340 0.0000 0.5518
vn -0.6047 0.7308 0.3167
vn -0.6571 -0.7274 0.1980
vn -0.9285 0.0000 0.3714
vn -0.6571 0.7274 0.1980
vn -0.6841 -0.7237 0.0916
vn -0.9791 0.0000 0.2036
vn -0.6841 0.7237 0.0916
vn -0.6998 -0.7140 0.0214
vn -0.9981 0.0000 0.0611
vn -0.6998 0.7140 0.0214
vn -0.6636 -0.7416 -0.0982
vn -0.6636 0.7416 -0.0982
vn -0.6588 -0.7165 -0.2294
vn -0.9571 0.0000 -0.2896
vn -0.6588 0.7165 -0.2294
vn -0.6422 -0.7144 -0.2779
vn -0.9300 0.0000 -0.3676
vn -0.6422 0.7144 -0.2779
vn -0.6266 -0.7129 -0.3149
vn -0.9046 0.0000 -0.4262
vn -0.6266 0.7129 -0.3149
vn -0.6126 -0.7117 -0.3438
vn -0.8818 0.0000 -0.4716
vn -0.6126 0.7117 -0.3438
vn -0.6000 -0.7109 -0.3668
vn -0.8619 0.0000 -0.5071
vn -0.6000 0.7109 -0.3668
vn -0.5890 -0.7103 -0.3855
vn -0.8443 0.0000 -0.5359
vn -0.5890 0.7103 -0.3855
vn -0.5792 -0.7098 -0.4009
vn -0.8289 0.0000 -0.5593
vn -0.5792 0.7098 -0.4009
vn -0.5705 -0.7094 -0.4138
vn -0.8154 0.0000 -0.5789
vn -0.5705 0.7094 -0.4138
vn -0.5622 -0.7093 -0.4252
vn -0.8035 0.0000 -0.5953
vn -0.5622 0.7093 -0.4252
vn -0.5521 -0.7099 -0.4373
vn -0.7916 0.0000 -0.6111
vn -0.5521 0.7099 -0.4373
vn -0.5392 -0.7106 -0.4520
vn -0.7762 0.0000 -0.6305
vn -0.5392 0.7106 -0.4520
vn -0.5221 -0.7116 -0.4701
vn -0.7563 0.0000 -0.6543
vn -0.5221 0.7116 -0.4701
vn -0.4988 -0.7131 -0.4927
vn -0.7297 0.0000 -0.6838
vn -0.4988 0.7131 -0.4927
vn -0.4655 -0.7154 -0.5211
vn -0.6927 0.0000 -0.7212
vn -0.4655 0.7153 -0.5211
vn -0.4154 -0.7190 -0.5572
vn -0.6387 0.0000 -0.7694
vn -0.4154 0.7190 -0.5572
vn -0.3353 -0.7255 -0.6011
vn -0.5551 0.0000 -0.8318
vn -0.3353 0.7255 -0.6011
vn -0.2016 -0.7366 -0.6455
vn -0.4161 0.0000 -0.9093
vn -0.2016 0.7366 -0.6455
vn 0.1927 -0.8439 -0.5008
vn -0.1753 0.0000 -0.9845
vn 0.1927 0.8439 -0.5008
vn 0.7901 0.0000 -0.6130
vn -0.1060 -0.7264 0.6791
vn -0.2265 -0.7301 0.6447
vn -0.2362 0.0000 0.9717
vn -0.2265 0.7301 0.6447
vn -0.1060 0.7264 0.6791
vn -0.3544 -0.7328 0.5809
vn -0.4235 0.0000 0.9059
vn -0.3544 0.7328 0.5809
vn -0.4736 -0.7331 0.4881
vn -0.6118 0.0000 0.7910
vn -0.4736 0.7331 0.4881
vn -0.5687 -0.7310 0.3770
vn -0.7722 0.0000 0.6354
vn -0.5687 0.7310 0.3770
vn -0.6335 -0.7274 0.2637
vn -0.8859 0.0000 0.4639
vn -0.6335 0.7274 0.2637
vn -0.6713 -0.7236 0.1606
vn -0.9534 0.0000 0.3017
vn -0.6713 0.7236 0.1606
vn -0.6898 -0.7202 0.0732
vn -0.9867 0.0000 0.1624
vn -0.6898 0.7202 0.0732
vn -0.6958 -0.7182 -0.0003
vn -0.9988 0.0000 0.0483
vn -0.6958 0.7182 -0.0003
vn -0.6895 -0.7204 -0.0743
vn -0.9988 0.0000 -0.0491
vn -0.6895 0.7204 -0.0743
vn -0.6705 -0.7238 -0.1628
vn -0.9863 0.0000 -0.1648
vn -0.6705 0.7238 -0.1628
vn -0.6319 -0.7276 -0.2670
vn -0.9521 0.0000 -0.3059
vn -0.6319 0.7276 -0.2670
vn -0.5660 -0.7312 -0.3809
vn -0.8830 0.0000 -0.4694
vn -0.5660 0.7312 -0.3809
vn -0.4699 -0.7331 -0.4916
vn -0.7674 0.0000 -0.6412
vn -0.4699 0.7331 -0.4916
vn -0.3506 -0.7326 -0.5834
vn -0.6059 0.0000 -0.7955
vn -0.3506 0.7326 -0.5834
vn -0.2236 -0.7299 -0.6460
vn -0.4182 0.0000 -0.9084
vn -0.2236 0.7299 -0.6460
vn -0.1045 -0.7261 -0.6796
vn -0.2328 0.0000 -0.9725
vn -0.1045 0.7261 -0.6796
vn -0.0004 -0.7231 -0.6907
vn -0.0702 0.0000 -0.9975
vn -0.0004 0.7231 -0.6907
vn 0.1028 -0.7258 -0.6802
vn 0.0690 0.0000 -0.9976
vn 0.1028 0.7258 -0.6802
vn 0.2201 -0.7295 -0.6476
vn 0.2288 0.0000 -0.9735
vn 0.2201 0.7295 -0.6476
vn 0.3462 -0.7324 -0.5863
vn 0.4119 0.0000 -0.9112
vn 0.3462 0.7324 -0.5863
vn 0.4656 -0.7331 -0.4958
vn 0.5989 0.0000 -0.8008
vn 0.4656 0.7331 -0.4958
vn 0.5627 -0.7313 -0.3855
vn 0.7616 0.0000 -0.6480
vn 0.5627 0.7313 -0.3855
vn 0.6299 -0.7279 -0.2710
vn 0.8794 0.0000 -0.4762
vn 0.6299 0.7279 -0.2710
vn 0.6695 -0.7241 -0.1656
vn 0.9504 0.0000 -0.3110
vn 0.6695 0.7241 -0.1656
vn 0.6891 -0.7207 -0.0756
vn 0.9858 0.0000 -0.1678
vn 0.6891 0.7207 -0.0756
vn 0.6956 -0.7184 -0.0003
vn 0.9987 0.0000 -0.0500
vn 0.6956 0.7184 -0.0003
vn 0.6895 -0.7205 0.0745
vn 0.9988 0.0000 0.0492
vn 0.6895 0.7205 0.0745
vn 0.6703 -0.7239 0.1633
vn 0.9862 0.0000 0.1653
vn 0.6703 0.7239 0.1633
vn 0.6315 -0.7277 0.2676
vn 0.9518 0.0000 0.3068
vn 0.6315 0.7277 0.2676
vn 0.5654 -0.7312 0.3816
vn 0.8824 0.0000 0.4705
vn 0.5654 0.7312 0.3816
vn 0.4692 -0.7331 0.4923
vn 0.7665 0.0000 0.6423
vn 0.4692 0.7331 0.4923
vn 0.3499 -0.7326 0.5839
vn 0.6048 0.0000 0.7964
vn 0.3499 0.7326 0.5839
vn 0.2230 -0.7298 0.6463
vn 0.4171 0.0000 0.9088
vn 0.2230 0.7298 0.6463
vn 0.1042 -0.7260 0.6797
vn 0.2321 0.0000 0.9727
vn 0.1042 0.7260 0.6797
vn -0.0004 -0.7234 0.6905
vn 0.0700 0.0000 0.9975
vn -0.0004 0.7234 0.6905
vn -0.0713 0.0000 0.9975
vn -0.6987 -0.7142 -0.0403
vn -0.6919 -0.7163 -0.0901
vn -0.9960 0.0000 -0.0889
vn -0.6919 0.7163 -0.0901
vn -0.6987 0.7142 -0.0403
vn -0.6774 -0.7193 -0.1539
vn -0.9856 0.0000 -0.1692
vn -0.6774 0.7193 -0.1539
vn -0.6488 -0.7236 -0.2356
vn -0.9619 0.0000 -0.2732
vn -0.6488 0.7236 -0.2356
vn -0.5952 -0.7293 -0.3374
vn -0.9132 0.0000 -0.4076
vn -0.5952 0.7293 -0.3374
vn -0.5019 -0.7360 -0.4543
vn -0.8187 0.0000 -0.5742
vn -0.5019 0.7360 -0.4543
vn -0.3602 -0.7411 -0.5666
vn -0.6528 0.0000 -0.7575
vn -0.3602 0.7411 -0.5666
vn -0.1830 -0.7411 -0.6459
vn -0.4089 0.0000 -0.9126
vn -0.1830 0.7411 -0.6459
vn -0.0183 -0.7313 -0.6818
vn -0.1307 0.0000 -0.9914
vn -0.0183 0.7313 -0.6818
vn 0.1142 -0.7279 -0.6761
vn 0.0772 0.0000 -0.9970
vn 0.1142 0.7279 -0.6761
vn 0.2420 -0.7316 -0.6373
vn 0.2545 0.0000 -0.9671
vn 0.2420 0.7316 -0.6373
vn 0.3740 -0.7337 -0.5673
vn 0.4515 0.0000 -0.8922
vn 0.3740 0.7337 -0.5673
vn 0.4921 -0.7331 -0.4694
vn 0.6420 0.0000 -0.7667
vn 0.4921 0.7331 -0.4694
vn 0.5824 -0.7302 -0.3572
vn 0.7962 0.0000 -0.6051
vn 0.5824 0.7302 -0.3572
vn 0.6415 -0.7263 -0.2469
vn 0.9002 0.0000 -0.4354
vn 0.6415 0.7263 -0.2469
vn 0.6751 -0.7224 -0.1493
vn 0.9598 0.0000 -0.2806
vn 0.6751 0.7224 -0.1493
vn 0.6914 -0.7192 -0.0678
vn 0.9886 0.0000 -0.1503
vn 0.6914 0.7192 -0.0678
vn 0.6966 -0.7175 0.0005
vn 0.9990 0.0000 -0.0447
vn 0.6966 0.7175 0.0005
vn 0.6908 -0.7197 0.0700
vn 0.9989 0.0000 0.0462
vn 0.6908 0.7197 0.0700
vn 0.6736 -0.7229 0.1539
vn 0.9879 0.0000 0.1552
vn 0.6736 0.7229 0.1539
vn 0.6383 -0.7267 0.2538
vn 0.9573 0.0000 0.2892
vn 0.6383 0.7267 0.2538
vn 0.5768 -0.7306 0.3655
vn 0.8945 0.0000 0.4472
vn 0.5768 0.7306 0.3655
vn 0.4844 -0.7332 0.4773
vn 0.7863 0.0000 0.6178
vn 0.4844 0.7332 0.4773
vn 0.3658 -0.7333 0.5731
vn 0.6294 0.0000 0.7770
vn 0.3658 0.7333 0.5731
vn 0.2354 -0.7310 0.6405
vn 0.4397 0.0000 0.8981
vn 0.2354 0.7310 0.6405
vn 0.1107 -0.7273 0.6774
vn 0.2467 0.0000 0.9691
vn 0.1107 0.7273 0.6774
vn 0.0050 -0.7226 0.6912
vn 0.0747 0.0000 0.9972
vn 0.0050 0.7226 0.6912
vn -0.0860 -0.7219 0.6866
vn -0.0602 0.0000 0.9982
vn -0.0860 0.7219 0.6866
vn -0.1761 -0.7229 0.6681
vn -0.1879 0.0000 0.9822
vn -0.1761 0.7229 0.6681
vn -0.2670 -0.7233 0.6368
vn -0.3207 0.0000 0.9472
vn -0.2670 0.7233 0.6368
vn -0.3537 -0.7232 0.5933
vn -0.4509 0.0000 0.8926
vn -0.3537 0.7232 0.5933
vn -0.4315 -0.7224 0.5403
vn -0.5707 0.0000 0.8211
vn -0.4315 0.7224 0.5403
vn -0.4977 -0.7211 0.4819
vn -0.6746 0.0000 0.7382
vn -0.4977 0.7211 0.4819
vn -0.5515 -0.7197 0.4218
vn -0.7597 0.0000 0.6503
vn -0.5515 0.7197 0.4218
vn -0.5934 -0.7182 0.3634
vn -0.8265 0.0000 0.5630
vn -0.5934 0.7182 0.3634
vn -0.6193 -0.7707 0.1498
vn -0.8771 0.0000 0.4803
vn -0.6193 0.7707 0.1498
vn -0.9997 0.0000 -0.0262
vn 0.0000 -1.0000 -0.0000
vn 0.0000 1.0000 -0.0000
# 901 vertex normals

o To_Patag
g To_Patag
s 1
f 1//1 2//2 3//3 
f 2//2 4//4 3//3 
f 4//4 5//5 3//3 
f 5//5 1//1 3//3 
s 4
f 2//2 6//6 7//7 
f 6//6 8//8 7//7 
f 8//8 4//4 7//7 
f 4//4 2//2 7//7 
s 2
f 6//6 9//9 10//10 
f 9//9 11//11 10//10 
f 11//11 8//8 10//10 
f 8//8 6//6 10//10 
f 9//9 12//12 13//13 
f 12//12 14//14 13//13 
f 14//14 11//11 13//13 
f 11//11 9//9 13//13 
f 12//12 15//15 16//16 
f 15//15 17//17 16//16 
f 17//17 14//14 16//16 
f 14//14 12//12 16//16 
f 15//15 18//18 19//19 
f 18//18 20//20 19//19 
f 20//20 17//17 19//19 
f 17//17 15//15 19//19 
f 18//18 21//21 22//22 
f 21//21 23//23 22//22 
f 23//23 20//20 22//22 
f 20//20 18//18 22//22 
f 21//21 24//24 25//25 
f 24//24 26//26 25//25 
f 26//26 23//23 25//25 
f 23//23 21//21 25//25 
f 24//24 27//27 28//28 
f 27//27 29//29 28//28 
f 29//29 26//26 28//28 
f 26//26 24//24 28//28 
f 27//27 30//30 31//31 
f 30//30 32//32 31//31 
f 32//32 29//29 31//31 
f 29//29 27//27 31//31 
f 30//30 33//33 34//34 
f 33//33 35//35 34//34 
f 35//35 32//32 34//34 
f 32//32 30//30 34//34 
s 4
f 33//33 36//36 37//37 
f 36//36 38//38 37//37 
f 38//38 35//35 37//37 
f 35//35 33//33 37//37 
s 2
f 36//36 39//39 40//40 
f 39//39 41//41 40//40 
f 41//41 38//38 40//40 
f 38//38 36//36 40//40 
s 4
f 39//39 42//42 43//43 
f 42//42 44//44 43//43 
f 44//44 41//41 43//43 
f 41//41 39//39 43//43 
s 2
f 42//42 45//45 46//46 
f 45//45 47//47 46//46 
f 47//47 44//44 46//46 
f 44//44 42//42 46//46 
f 45//45 48//48 49//49 
f 48//48 50//50 49//49 
f 50//50 47//47 49//49 
f 47//47 45//45 49//49 
f 48//48 51//51 52//52 
f 51//51 53//53 52//52 
f 53//53 50//50 52//52 
f 50//50 48//48 52//52 
f 51//51 54//54 55//55 
f 54//54 56//56 55//55 
f 56//56 53//53 55//55 
f 53//53 51//51 55//55 
f 54//54 57//57 58//58 
f 57//57 59//59 58//58 
f 59//59 56//56 58//58 
f 56//56 54//54 58//58 
f 57//57 60//60 61//61 
f 60//60 62//62 61//61 
f 62//62 59//59 61//61 
f 59//59 57//57 61//61 
f 60//60 63//63 64//64 
f 63//63 65//65 64//64 
f 65//65 62//62 64//64 
f 62//62 60//60 64//64 
f 63//63 66//66 67//67 
f 66//66 68//68 67//67 
f 68//68 65//65 67//67 
f 65//65 63//63 67//67 
f 66//66 69//69 70//70 
f 69//69 71//71 70//70 
f 71//71 68//68 70//70 
f 68//68 66//66 70//70 
f 69//69 72//72 73//73 
f 72//72 74//74 73//73 
f 74//74 71//71 73//73 
f 71//71 69//69 73//73 
f 72//72 75//75 76//76 
f 75//75 77//77 76//76 
f 77//77 74//74 76//76 
f 74//74 72//72 76//76 
f 75//75 78//78 79//79 
f 78//78 80//80 79//79 
f 80//80 77//77 79//79 
f 77//77 75//75 79//79 
f 78//78 81//81 82//82 
f 81//81 83//83 82//82 
f 83//83 80//80 82//82 
f 80//80 78//78 82//82 
f 81//81 84//84 85//85 
f 84//84 86//86 85//85 
f 86//86 83//83 85//85 
f 83//83 81//81 85//85 
f 84//84 87//87 88//88 
f 87//87 89//89 88//88 
f 89//89 86//86 88//88 
f 86//86 84//84 88//88 
f 87//87 90//90 91//91 
f 90//90 92//92 91//91 
f 92//92 89//89 91//91 
f 89//89 87//87 91//91 
f 90//90 93//93 94//94 
f 93//93 95//95 94//94 
f 95//95 92//92 94//94 
f 92//92 90//90 94//94 
f 93//93 96//96 97//97 
f 96//96 98//98 97//97 
f 98//98 95//95 97//97 
f 95//95 93//93 97//97 
f 96//96 99//99 100//100 
f 99//99 101//101 100//100 
f 101//101 98//98 100//100 
f 98//98 96//96 100//100 
f 99//99 102//102 103//103 
f 102//102 104//104 103//103 
f 104//104 101//101 103//103 
f 101//101 99//99 103//103 
f 102//102 105//105 106//106 
f 105//105 107//107 106//106 
f 107//107 104//104 106//106 
f 104//104 102//102 106//106 
f 105//105 108//108 109//109 
f 108//108 110//110 109//109 
f 110//110 107//107 109//109 
f 107//107 105//105 109//109 
f 108//108 111//111 112//112 
f 111//111 113//113 112//112 
f 113//113 110//110 112//112 
f 110//110 108//108 112//112 
f 111//111 114//114 115//115 
f 114//114 116//116 115//115 
f 116//116 113//113 115//115 
f 113//113 111//111 115//115 
f 114//114 117//117 118//118 
f 117//117 119//119 118//118 
f 119//119 116//116 118//118 
f 116//116 114//114 118//118 
f 117//117 120//120 121//121 
f 120//120 122//122 121//121 
f 122//122 119//119 121//121 
f 119//119 117//117 121//121 
f 120//120 123//123 124//124 
f 123//123 125//125 124//124 
f 125//125 122//122 124//124 
f 122//122 120//120 124//124 
f 123//123 126//126 127//127 
f 126//126 128//128 127//127 
f 128//128 125//125 127//127 
f 125//125 123//123 127//127 
f 126//126 129//129 130//130 
f 129//129 131//131 130//130 
f 131//131 128//128 130//130 
f 128//128 126//126 130//130 
f 129//129 132//132 133//133 
f 132//132 134//134 133//133 
f 134//134 131//131 133//133 
f 131//131 129//129 133//133 
f 132//132 135//135 136//136 
f 135//135 137//137 136//136 
f 137//137 134//134 136//136 
f 134//134 132//132 136//136 
f 135//135 138//138 139//139 
f 138//138 140//140 139//139 
f 140//140 137//137 139//139 
f 137//137 135//135 139//139 
f 138//138 141//141 142//142 
f 141//141 143//143 142//142 
f 143//143 140//140 142//142 
f 140//140 138//138 142//142 
f 141//141 144//144 145//145 
f 144//144 146//146 145//145 
f 146//146 143//143 145//145 
f 143//143 141//141 145//145 
f 144//144 147//147 148//148 
f 147//147 149//149 148//148 
f 149//149 146//146 148//148 
f 146//146 144//144 148//148 
f 147//147 150//150 151//151 
f 150//150 152//152 151//151 
f 152//152 149//149 151//151 
f 149//149 147//147 151//151 
f 150//150 153//153 154//154 
f 153//153 155//155 154//154 
f 155//155 152//152 154//154 
f 152//152 150//150 154//154 
f 153//153 156//156 157//157 
f 156//156 158//158 157//157 
f 158//158 155//155 157//157 
f 155//155 153//153 157//157 
f 156//156 159//159 160//160 
f 159//159 161//161 160//160 
f 161//161 158//158 160//160 
f 158//158 156//156 160//160 
f 159//159 162//162 163//163 
f 162//162 164//164 163//163 
f 164//164 161//161 163//163 
f 161//161 159//159 163//163 
f 162//162 165//165 166//166 
f 165//165 167//167 166//166 
f 167//167 164//164 166//166 
f 164//164 162//162 166//166 
f 165//165 168//168 169//169 
f 168//168 170//170 169//169 
f 170//170 167//167 169//169 
f 167//167 165//165 169//169 
f 168//168 171//171 172//172 
f 171//171 173//173 172//172 
f 173//173 170//170 172//172 
f 170//170 168//168 172//172 
f 171//171 174//174 175//175 
f 174//174 176//176 175//175 
f 176//176 173//173 175//175 
f 173//173 171//171 175//175 
f 174//174 177//177 178//178 
f 177//177 179//179 178//178 
f 179//179 176//176 178//178 
f 176//176 174//174 178//178 
s 4
f 177//177 180//180 181//181 
f 180//180 182//182 181//181 
f 182//182 179//179 181//181 
f 179//179 177//177 181//181 
s 2
f 180//180 183//183 184//184 
f 183//183 185//185 184//184 
f 185//185 182//182 184//184 
f 182//182 180//180 184//184 
s 4
f 183//183 186//186 187//187 
f 186//186 188//188 187//187 
f 188//188 185//185 187//187 
f 185//185 183//183 187//187 
s 2
f 186//186 189//189 190//190 
f 189//189 191//191 190//190 
f 191//191 188//188 190//190 
f 188//188 186//186 190//190 
f 189//189 192//192 193//193 
f 192//192 194//194 193//193 
f 194//194 191//191 193//193 
f 191//191 189//189 193//193 
f 192//192 195//195 196//196 
f 195//195 197//197 196//196 
f 197//197 194//194 196//196 
f 194//194 192//192 196//196 
f 195//195 198//198 199//199 
f 198//198 200//200 199//199 
f 200//200 197//197 199//199 
f 197//197 195//195 199//199 
f 198//198 201//201 202//202 
f 201//201 203//203 202//202 
f 203//203 200//200 202//202 
f 200//200 198//198 202//202 
f 201//201 204//204 205//205 
f 204//204 206//206 205//205 
f 206//206 203//203 205//205 
f 203//203 201//201 205//205 
f 204//204 207//207 208//208 
f 207//207 209//209 208//208 
f 209//209 206//206 208//208 
f 206//206 204//204 208//208 
f 207//207 210//210 211//211 
f 210//210 212//212 211//211 
f 212//212 209//209 211//211 
f 209//209 207//207 211//211 
f 210//210 213//213 214//214 
f 213//213 215//215 214//214 
f 215//215 212//212 214//214 
f 212//212 210//210 214//214 
f 213//213 216//216 217//217 
f 216//216 218//218 217//217 
f 218//218 215//215 217//217 
f 215//215 213//213 217//217 
f 216//216 219//219 220//220 
f 219//219 221//221 220//220 
f 221//221 218//218 220//220 
f 218//218 216//216 220//220 
f 219//219 222//222 223//223 
f 222//222 224//224 223//223 
f 224//224 221//221 223//223 
f 221//221 219//219 223//223 
f 222//222 225//225 226//226 
f 225//225 227//227 226//226 
f 227//227 224//224 226//226 
f 224//224 222//222 226//226 
f 225//225 228//228 229//229 
f 228//228 230//230 229//229 
f 230//230 227//227 229//229 
f 227//227 225//225 229//229 
f 228//228 231//231 232//232 
f 231//231 233//233 232//232 
f 233//233 230//230 232//232 
f 230//230 228//228 232//232 
f 231//231 234//234 235//235 
f 234//234 236//236 235//235 
f 236//236 233//233 235//235 
f 233//233 231//231 235//235 
f 234//234 237//237 238//238 
f 237//237 239//239 238//238 
f 239//239 236//236 238//238 
f 236//236 234//234 238//238 
f 237//237 240//240 241//241 
f 240//240 242//242 241//241 
f 242//242 239//239 241//241 
f 239//239 237//237 241//241 
s 4
f 240//240 243//243 244//37 
f 243//243 245//244 244//37 
f 245//244 242//242 244//37 
f 242//242 240//240 244//37 
s 2
f 243//243 246//245 247//246 
f 246//245 248//247 247//246 
f 248//247 245//244 247//246 
f 245//244 243//243 247//246 
f 246//245 249//248 250//249 
f 249//248 251//250 250//249 
f 251//250 248//247 250//249 
f 248//247 246//245 250//249 
f 249//248 252//251 253//252 
f 252//251 254//253 253//252 
f 254//253 251//250 253//252 
f 251//250 249//248 253//252 
f 252//251 255//254 256//255 
f 255//254 257//256 256//255 
f 257//256 254//253 256//255 
f 254//253 252//251 256//255 
f 255//254 258//257 259//258 
f 258//257 260//259 259//258 
f 260//259 257//256 259//258 
f 257//256 255//254 259//258 
f 258//257 261//260 262//261 
f 261//260 263//262 262//261 
f 263//262 260//259 262//261 
f 260//259 258//257 262//261 
f 261//260 264//263 265//264 
f 264//263 266//265 265//264 
f 266//265 263//262 265//264 
f 263//262 261//260 265//264 
f 264//263 267//266 268//267 
f 267//266 269//268 268//267 
f 269//268 266//265 268//267 
f 266//265 264//263 268//267 
f 267//266 270//269 271//270 
f 270//269 272//271 271//270 
f 272//271 269//268 271//270 
f 269//268 267//266 271//270 
f 270//269 273//272 274//273 
f 273//272 275//274 274//273 
f 275//274 272//271 274//273 
f 272//271 270//269 274//273 
f 273//272 276//275 277//276 
f 276//275 278//277 277//276 
f 278//277 275//274 277//276 
f 275//274 273//272 277//276 
f 276//275 279//278 280//279 
f 279//278 281//280 280//279 
f 281//280 278//277 280//279 
f 278//277 276//275 280//279 
f 279//278 282//281 283//282 
f 282//281 284//283 283//282 
f 284//283 281//280 283//282 
f 281//280 279//278 283//282 
f 282//281 285//284 286//285 
f 285//284 287//286 286//285 
f 287//286 284//283 286//285 
f 284//283 282//281 286//285 
f 285//284 288//287 289//288 
f 288//287 290//289 289//288 
f 290//289 287//286 289//288 
f 287//286 285//284 289//288 
f 288//287 291//290 292//291 
f 291//290 293//292 292//291 
f 293//292 290//289 292//291 
f 290//289 288//287 292//291 
f 291//290 294//293 295//294 
f 294//293 296//295 295//294 
f 296//295 293//292 295//294 
f 293//292 291//290 295//294 
f 294//293 297//296 298//297 
f 297//296 299//298 298//297 
f 299//298 296//295 298//297 
f 296//295 294//293 298//297 
f 297//296 300//299 301//300 
f 300//299 302//301 301//300 
f 302//301 299//298 301//300 
f 299//298 297//296 301//300 
f 300//299 303//302 304//303 
f 303//302 305//304 304//303 
f 305//304 302//301 304//303 
f 302//301 300//299 304//303 
f 303//302 306//305 307//306 
f 306//305 308//307 307//306 
f 308//307 305//304 307//306 
f 305//304 303//302 307//306 
f 306//305 309//308 310//309 
f 309//308 311//310 310//309 
f 311//310 308//307 310//309 
f 308//307 306//305 310//309 
f 309//308 312//311 313//312 
f 312//311 314//313 313//312 
f 314//313 311//310 313//312 
f 311//310 309//308 313//312 
f 312//311 315//314 316//315 
f 315//314 317//316 316//315 
f 317//316 314//313 316//315 
f 314//313 312//311 316//315 
f 315//314 318//317 319//318 
f 318//317 320//319 319//318 
f 320//319 317//316 319//318 
f 317//316 315//314 319//318 
f 318//317 321//320 322//321 
f 321//320 323//322 322//321 
f 323//322 320//319 322//321 
f 320//319 318//317 322//321 
f 321//320 324//323 325//324 
f 324//323 326//325 325//324 
f 326//325 323//322 325//324 
f 323//322 321//320 325//324 
s 4
f 324//323 327//326 328//327 
f 327//326 329//328 328//327 
f 329//328 326//325 328//327 
f 326//325 324//323 328//327 
f 327//326 330//329 331//330 
f 330//329 332//331 331//330 
f 332//331 329//328 331//330 
f 329//328 327//326 331//330 
f 330//329 333//332 334//333 
f 333//332 335//334 334//333 
f 335//334 332//331 334//333 
f 332//331 330//329 334//333 
f 333//332 336//335 337//336 
f 336//335 338//337 337//336 
f 338//337 335//334 337//336 
f 335//334 333//332 337//336 
f 336//335 339//338 340//339 
f 339//338 341//340 340//339 
f 341//340 338//337 340//339 
f 338//337 336//335 340//339 
f 339//338 342//341 343//342 
f 342//341 344//343 343//342 
f 344//343 341//340 343//342 
f 341//340 339//338 343//342 
f 342//341 345//344 346//345 
f 345//344 347//346 346//345 
f 347//346 344//343 346//345 
f 344//343 342//341 346//345 
f 345//344 348//347 349//348 
f 348//347 350//349 349//348 
f 350//349 347//346 349//348 
f 347//346 345//344 349//348 
f 348//347 351//350 352//351 
f 351//350 353//352 352//351 
f 353//352 350//349 352//351 
f 350//349 348//347 352//351 
s 2
f 351//350 354//353 355//354 
f 354//353 356//355 355//354 
f 356//355 353//352 355//354 
f 353//352 351//350 355//354 
f 354//353 357//356 358//357 
f 357//356 359//358 358//357 
f 359//358 356//355 358//357 
f 356//355 354//353 358//357 
f 357//356 360//359 361//360 
f 360//359 362//361 361//360 
f 362//361 359//358 361//360 
f 359//358 357//356 361//360 
f 360//359 363//362 364//363 
f 363//362 365//364 364//363 
f 365//364 362//361 364//363 
f 362//361 360//359 364//363 
f 363//362 366//365 367//366 
f 366//365 368//367 367//366 
f 368//367 365//364 367//366 
f 365//364 363//362 367//366 
f 366//365 369//368 370//369 
f 369//368 371//370 370//369 
f 371//370 368//367 370//369 
f 368//367 366//365 370//369 
f 369//368 372//371 373//372 
f 372//371 374//373 373//372 
f 374//373 371//370 373//372 
f 371//370 369//368 373//372 
f 372//371 375//374 376//375 
f 375//374 377//376 376//375 
f 377//376 374//373 376//375 
f 374//373 372//371 376//375 
f 375//374 378//377 379//378 
f 378//377 380//379 379//378 
f 380//379 377//376 379//378 
f 377//376 375//374 379//378 
s 4
f 378//377 381//380 382//43 
f 381//380 383//381 382//43 
f 383//381 380//379 382//43 
f 380//379 378//377 382//43 
s 2
f 381//380 384//382 385//383 
f 384//382 386//384 385//383 
f 386//384 383//381 385//383 
f 383//381 381//380 385//383 
f 384//382 387//385 388//386 
f 387//385 389//387 388//386 
f 389//387 386//384 388//386 
f 386//384 384//382 388//386 
f 387//385 390//388 391//389 
f 390//388 392//390 391//389 
f 392//390 389//387 391//389 
f 389//387 387//385 391//389 
f 390//388 393//391 394//392 
f 393//391 395//393 394//392 
f 395//393 392//390 394//392 
f 392//390 390//388 394//392 
f 393//391 396//394 397//395 
f 396//394 398//396 397//395 
f 398//396 395//393 397//395 
f 395//393 393//391 397//395 
f 396//394 399//397 400//398 
f 399//397 401//399 400//398 
f 401//399 398//396 400//398 
f 398//396 396//394 400//398 
f 399//397 402//400 403//401 
f 402//400 404//402 403//401 
f 404//402 401//399 403//401 
f 401//399 399//397 403//401 
f 402//400 405//403 406//404 
f 405//403 407//405 406//404 
f 407//405 404//402 406//404 
f 404//402 402//400 406//404 
f 405//403 408//406 409//407 
f 408//406 410//408 409//407 
f 410//408 407//405 409//407 
f 407//405 405//403 409//407 
f 408//406 411//409 412//410 
f 411//409 413//411 412//410 
f 413//411 410//408 412//410 
f 410//408 408//406 412//410 
f 411//409 414//412 415//413 
f 414//412 416//414 415//413 
f 416//414 413//411 415//413 
f 413//411 411//409 415//413 
f 414//412 417//415 418//416 
f 417//415 419//417 418//416 
f 419//417 416//414 418//416 
f 416//414 414//412 418//416 
f 417//415 420//418 421//419 
f 420//418 422//420 421//419 
f 422//420 419//417 421//419 
f 419//417 417//415 421//419 
f 420//418 423//421 424//422 
f 423//421 425//423 424//422 
f 425//423 422//420 424//422 
f 422//420 420//418 424//422 
f 423//421 426//424 427//425 
f 426//424 428//426 427//425 
f 428//426 425//423 427//425 
f 425//423 423//421 427//425 
f 426//424 429//427 430//428 
f 429//427 431//429 430//428 
f 431//429 428//426 430//428 
f 428//426 426//424 430//428 
f 429//427 432//430 433//431 
f 432//430 434//432 433//431 
f 434//432 431//429 433//431 
f 431//429 429//427 433//431 
f 432//430 435//433 436//434 
f 435//433 437//435 436//434 
f 437//435 434//432 436//434 
f 434//432 432//430 436//434 
f 435//433 438//436 439//437 
f 438//436 440//438 439//437 
f 440//438 437//435 439//437 
f 437//435 435//433 439//437 
f 438//436 441//439 442//440 
f 441//439 443//441 442//440 
f 443//441 440//438 442//440 
f 440//438 438//436 442//440 
f 441//439 444//442 445//443 
f 444//442 446//444 445//443 
f 446//444 443//441 445//443 
f 443//441 441//439 445//443 
f 444//442 447//445 448//446 
f 447//445 449//447 448//446 
f 449//447 446//444 448//446 
f 446//444 444//442 448//446 
f 447//445 450//448 451//449 
f 450//448 452//450 451//449 
f 452//450 449//447 451//449 
f 449//447 447//445 451//449 
f 450//448 453//451 454//452 
f 453//451 455//453 454//452 
f 455//453 452//450 454//452 
f 452//450 450//448 454//452 
f 453//451 456//454 457//455 
f 456//454 458//456 457//455 
f 458//456 455//453 457//455 
f 455//453 453//451 457//455 
f 456//454 459//457 460//458 
f 459//457 461//459 460//458 
f 461//459 458//456 460//458 
f 458//456 456//454 460//458 
f 459//457 462//460 463//461 
f 462//460 464//462 463//461 
f 464//462 461//459 463//461 
f 461//459 459//457 463//461 
f 462//460 465//463 466//464 
f 465//463 467//465 466//464 
f 467//465 464//462 466//464 
f 464//462 462//460 466//464 
f 465//463 468//466 469//467 
f 468//466 470//468 469//467 
f 470//468 467//465 469//467 
f 467//465 465//463 469//467 
f 468//466 471//469 472//470 
f 471//469 473//471 472//470 
f 473//471 470//468 472//470 
f 470//468 468//466 472//470 
f 471//469 474//472 475//473 
f 474//472 476//474 475//473 
f 476//474 473//471 475//473 
f 473//471 471//469 475//473 
f 474//472 477//475 478//476 
f 477//475 479//477 478//476 
f 479//477 476//474 478//476 
f 476//474 474//472 478//476 
f 477//475 480//478 481//479 
f 480//478 482//480 481//479 
f 482//480 479//477 481//479 
f 479//477 477//475 481//479 
f 480//478 483//481 484//482 
f 483//481 485//483 484//482 
f 485//483 482//480 484//482 
f 482//480 480//478 484//482 
f 483//481 486//484 487//485 
f 486//484 488//486 487//485 
f 488//486 485//483 487//485 
f 485//483 483//481 487//485 
f 486//484 489//487 490//488 
f 489//487 491//489 490//488 
f 491//489 488//486 490//488 
f 488//486 486//484 490//488 
s 4
f 489//487 492//490 493//37 
f 492//490 494//491 493//37 
f 494//491 491//489 493//37 
f 491//489 489//487 493//37 
s 2
f 492//490 495//492 496//493 
f 495//492 497//494 496//493 
f 497//494 494//491 496//493 
f 494//491 492//490 496//493 
f 495//492 498//495 499//496 
f 498//495 500//497 499//496 
f 500//497 497//494 499//496 
f 497//494 495//492 499//496 
f 498//495 501//498 502//499 
f 501//498 503//500 502//499 
f 503//500 500//497 502//499 
f 500//497 498//495 502//499 
f 501//498 504//501 505//502 
f 504//501 506//503 505//502 
f 506//503 503//500 505//502 
f 503//500 501//498 505//502 
f 504//501 507//504 508//505 
f 507//504 509//506 508//505 
f 509//506 506//503 508//505 
f 506//503 504//501 508//505 
f 507//504 510//507 511//508 
f 510//507 512//509 511//508 
f 512//509 509//506 511//508 
f 509//506 507//504 511//508 
f 510//507 513//510 514//511 
f 513//510 515//512 514//511 
f 515//512 512//509 514//511 
f 512//509 510//507 514//511 
f 513//510 516//513 517//514 
f 516//513 518//515 517//514 
f 518//515 515//512 517//514 
f 515//512 513//510 517//514 
f 516//513 519//516 520//517 
f 519//516 521//518 520//517 
f 521//518 518//515 520//517 
f 518//515 516//513 520//517 
f 519//516 522//519 523//520 
f 522//519 524//521 523//520 
f 524//521 521//518 523//520 
f 521//518 519//516 523//520 
f 522//519 525//522 526//523 
f 525//522 527//524 526//523 
f 527//524 524//521 526//523 
f 524//521 522//519 526//523 
f 525//522 528//525 529//526 
f 528//525 530//527 529//526 
f 530//527 527//524 529//526 
f 527//524 525//522 529//526 
f 528//525 531//528 532//529 
f 531//528 533//530 532//529 
f 533//530 530//527 532//529 
f 530//527 528//525 532//529 
f 531//528 534//531 535//532 
f 534//531 536//533 535//532 
f 536//533 533//530 535//532 
f 533//530 531//528 535//532 
f 534//531 537//534 538//535 
f 537//534 539//536 538//535 
f 539//536 536//533 538//535 
f 536//533 534//531 538//535 
f 537//534 540//537 541//538 
f 540//537 542//539 541//538 
f 542//539 539//536 541//538 
f 539//536 537//534 541//538 
f 540//537 543//540 544//541 
f 543//540 545//542 544//541 
f 545//542 542//539 544//541 
f 542//539 540//537 544//541 
f 543//540 546//543 547//544 
f 546//543 548//545 547//544 
f 548//545 545//542 547//544 
f 545//542 543//540 547//544 
s 4
f 546//543 549//546 550//547 
f 549//546 551//548 550//547 
f 551//548 548//545 550//547 
f 548//545 546//543 550//547 
f 549//546 552//549 553//550 
f 552//549 554//551 553//550 
f 554//551 551//548 553//550 
f 551//548 549//546 553//550 
f 552//549 555//552 556//553 
f 555//552 557//554 556//553 
f 557//554 554//551 556//553 
f 554//551 552//549 556//553 
f 555//552 558//555 559//556 
f 558//555 560//557 559//556 
f 560//557 557//554 559//556 
f 557//554 555//552 559//556 
f 558//555 561//558 562//559 
f 561//558 563//560 562//559 
f 563//560 560//557 562//559 
f 560//557 558//555 562//559 
f 561//558 564//561 565//562 
f 564//561 566//563 565//562 
f 566//563 563//560 565//562 
f 563//560 561//558 565//562 
f 564//561 567//564 568//565 
f 567//564 569//566 568//565 
f 569//566 566//563 568//565 
f 566//563 564//561 568//565 
f 567//564 570//567 571//568 
f 570//567 572//569 571//568 
f 572//569 569//566 571//568 
f 569//566 567//564 571//568 
f 570//567 573//570 574//571 
f 573//570 575//572 574//571 
f 575//572 572//569 574//571 
f 572//569 570//567 574//571 
s 2
f 573//570 576//573 577//574 
f 576//573 578//575 577//574 
f 578//575 575//572 577//574 
f 575//572 573//570 577//574 
f 576//573 579//576 580//577 
f 579//576 581//578 580//577 
f 581//578 578//575 580//577 
f 578//575 576//573 580//577 
f 579//576 582//579 583//580 
f 582//579 584//581 583//580 
f 584//581 581//578 583//580 
f 581//578 579//576 583//580 
f 582//579 585//582 586//583 
f 585//582 587//584 586//583 
f 587//584 584//581 586//583 
f 584//581 582//579 586//583 
f 585//582 588//585 589//586 
f 588//585 590//587 589//586 
f 590//587 587//584 589//586 
f 587//584 585//582 589//586 
f 588//585 591//588 592//589 
f 591//588 593//590 592//589 
f 593//590 590//587 592//589 
f 590//587 588//585 592//589 
f 591//588 594//591 595//592 
f 594//591 596//593 595//592 
f 596//593 593//590 595//592 
f 593//590 591//588 595//592 
f 594//591 597//594 598//595 
f 597//594 599//596 598//595 
f 599//596 596//593 598//595 
f 596//593 594//591 598//595 
f 597//594 600//597 601//598 
f 600//597 602//599 601//598 
f 602//599 599//596 601//598 
f 599//596 597//594 601//598 
f 600//597 603//600 604//601 
f 603//600 605//602 604//601 
f 605//602 602//599 604//601 
f 602//599 600//597 604//601 
f 603//600 606//603 607//604 
f 606//603 608//605 607//604 
f 608//605 605//602 607//604 
f 605//602 603//600 607//604 
f 606//603 609//606 610//607 
f 609//606 611//608 610//607 
f 611//608 608//605 610//607 
f 608//605 606//603 610//607 
f 609//606 612//609 613//610 
f 612//609 614//611 613//610 
f 614//611 611//608 613//610 
f 611//608 609//606 613//610 
f 612//609 615//612 616//613 
f 615//612 617//614 616//613 
f 617//614 614//611 616//613 
f 614//611 612//609 616//613 
f 615//612 618//615 619//616 
f 618//615 620//617 619//616 
f 620//617 617//614 619//616 
f 617//614 615//612 619//616 
f 618//615 621//618 622//619 
f 621//618 623//620 622//619 
f 623//620 620//617 622//619 
f 620//617 618//615 622//619 
f 621//618 624//621 625//622 
f 624//621 626//623 625//622 
f 626//623 623//620 625//622 
f 623//620 621//618 625//622 
f 624//621 627//624 628//625 
f 627//624 629//626 628//625 
f 629//626 626//623 628//625 
f 626//623 624//621 628//625 
s 4
f 627//624 630//627 631//43 
f 630//627 632//628 631//43 
f 632//628 629//626 631//43 
f 629//626 627//624 631//43 
s 2
f 630//627 633//629 634//630 
f 633//629 635//631 634//630 
f 635//631 632//628 634//630 
f 632//628 630//627 634//630 
f 633//629 636//632 637//633 
f 636//632 638//634 637//633 
f 638//634 635//631 637//633 
f 635//631 633//629 637//633 
f 636//632 639//635 640//636 
f 639//635 641//637 640//636 
f 641//637 638//634 640//636 
f 638//634 636//632 640//636 
f 639//635 642//638 643//639 
f 642//638 644//640 643//639 
f 644//640 641//637 643//639 
f 641//637 639//635 643//639 
f 642//638 645//641 646//642 
f 645//641 647//643 646//642 
f 647//643 644//640 646//642 
f 644//640 642//638 646//642 
f 645//641 648//644 649//645 
f 648//644 650//646 649//645 
f 650//646 647//643 649//645 
f 647//643 645//641 649//645 
f 648//644 651//647 652//648 
f 651//647 653//649 652//648 
f 653//649 650//646 652//648 
f 650//646 648//644 652//648 
f 651//647 654//650 655//651 
f 654//650 656//652 655//651 
f 656//652 653//649 655//651 
f 653//649 651//647 655//651 
f 654//650 657//653 658//654 
f 657//653 659//655 658//654 
f 659//655 656//652 658//654 
f 656//652 654//650 658//654 
f 657//653 660//656 661//657 
f 660//656 662//658 661//657 
f 662//658 659//655 661//657 
f 659//655 657//653 661//657 
f 660//656 663//659 664//660 
f 663//659 665//661 664//660 
f 665//661 662//658 664//660 
f 662//658 660//656 664//660 
f 663//659 666//662 667//663 
f 666//662 668//664 667//663 
f 668//664 665//661 667//663 
f 665//661 663//659 667//663 
f 666//662 669//665 670//666 
f 669//665 671//667 670//666 
f 671//667 668//664 670//666 
f 668//664 666//662 670//666 
f 669//665 672//668 673//669 
f 672//668 674//670 673//669 
f 674//670 671//667 673//669 
f 671//667 669//665 673//669 
f 672//668 675//671 676//672 
f 675//671 677//673 676//672 
f 677//673 674//670 676//672 
f 674//670 672//668 676//672 
f 675//671 678//674 679//675 
f 678//674 680//676 679//675 
f 680//676 677//673 679//675 
f 677//673 675//671 679//675 
f 678//674 681//677 682//678 
f 681//677 683//679 682//678 
f 683//679 680//676 682//678 
f 680//676 678//674 682//678 
f 681//677 684//680 685//681 
f 684//680 686//682 685//681 
f 686//682 683//679 685//681 
f 683//679 681//677 685//681 
s 4
f 684//680 1//1 687//683 
f 1//1 5//5 687//683 
f 5//5 686//682 687//683 
f 686//682 684//680 687//683 
s 1
f 688//684 689//685 690//686 
f 689//685 691//687 690//686 
f 691//687 692//688 690//686 
f 692//688 688//684 690//686 
s 3
f 689//685 693//689 694//690 
f 693//689 695//691 694//690 
f 695//691 691//687 694//690 
f 691//687 689//685 694//690 
s 2
f 693//689 696//692 697//693 
f 696//692 698//694 697//693 
f 698//694 695//691 697//693 
f 695//691 693//689 697//693 
f 696//692 699//695 700//696 
f 699//695 701//697 700//696 
f 701//697 698//694 700//696 
f 698//694 696//692 700//696 
f 699//695 702//698 703//699 
f 702//698 704//700 703//699 
f 704//700 701//697 703//699 
f 701//697 699//695 703//699 
f 702//698 705//701 706//702 
f 705//701 707//703 706//702 
f 707//703 704//700 706//702 
f 704//700 702//698 706//702 
f 705//701 708//704 709//705 
f 708//704 710//706 709//705 
f 710//706 707//703 709//705 
f 707//703 705//701 709//705 
f 708//704 711//707 712//708 
f 711//707 713//709 712//708 
f 713//709 710//706 712//708 
f 710//706 708//704 712//708 
f 711//707 714//710 715//711 
f 714//710 716//712 715//711 
f 716//712 713//709 715//711 
f 713//709 711//707 715//711 
f 714//710 717//713 718//714 
f 717//713 719//715 718//714 
f 719//715 716//712 718//714 
f 716//712 714//710 718//714 
f 717//713 720//716 721//717 
f 720//716 722//718 721//717 
f 722//718 719//715 721//717 
f 719//715 717//713 721//717 
f 720//716 723//719 724//720 
f 723//719 725//721 724//720 
f 725//721 722//718 724//720 
f 722//718 720//716 724//720 
f 723//719 726//722 727//723 
f 726//722 728//724 727//723 
f 728//724 725//721 727//723 
f 725//721 723//719 727//723 
f 726//722 729//725 730//726 
f 729//725 731//727 730//726 
f 731//727 728//724 730//726 
f 728//724 726//722 730//726 
f 729//725 732//728 733//729 
f 732//728 734//730 733//729 
f 734//730 731//727 733//729 
f 731//727 729//725 733//729 
f 732//728 735//731 736//732 
f 735//731 737//733 736//732 
f 737//733 734//730 736//732 
f 734//730 732//728 736//732 
f 735//731 738//734 739//735 
f 738//734 740//736 739//735 
f 740//736 737//733 739//735 
f 737//733 735//731 739//735 
f 738//734 741//737 742//738 
f 741//737 743//739 742//738 
f 743//739 740//736 742//738 
f 740//736 738//734 742//738 
f 741//737 744//740 745//741 
f 744//740 746//742 745//741 
f 746//742 743//739 745//741 
f 743//739 741//737 745//741 
f 744//740 747//743 748//744 
f 747//743 749//745 748//744 
f 749//745 746//742 748//744 
f 746//742 744//740 748//744 
f 747//743 750//746 751//747 
f 750//746 752//748 751//747 
f 752//748 749//745 751//747 
f 749//745 747//743 751//747 
f 750//746 753//749 754//750 
f 753//749 755//751 754//750 
f 755//751 752//748 754//750 
f 752//748 750//746 754//750 
f 753//749 756//752 757//753 
f 756//752 758//754 757//753 
f 758//754 755//751 757//753 
f 755//751 753//749 757//753 
f 756//752 759//755 760//756 
f 759//755 761//757 760//756 
f 761//757 758//754 760//756 
f 758//754 756//752 760//756 
f 759//755 762//758 763//759 
f 762//758 764//760 763//759 
f 764//760 761//757 763//759 
f 761//757 759//755 763//759 
f 762//758 765//761 766//762 
f 765//761 767//763 766//762 
f 767//763 764//760 766//762 
f 764//760 762//758 766//762 
f 765//761 768//764 769//765 
f 768//764 770//766 769//765 
f 770//766 767//763 769//765 
f 767//763 765//761 769//765 
f 768//764 771//767 772//768 
f 771//767 773//769 772//768 
f 773//769 770//766 772//768 
f 770//766 768//764 772//768 
f 771//767 774//770 775//771 
f 774//770 776//772 775//771 
f 776//772 773//769 775//771 
f 773//769 771//767 775//771 
f 774//770 777//773 778//774 
f 777//773 779//775 778//774 
f 779//775 776//772 778//774 
f 776//772 774//770 778//774 
f 777//773 780//776 781//777 
f 780//776 782//778 781//777 
f 782//778 779//775 781//777 
f 779//775 777//773 781//777 
f 780//776 783//779 784//780 
f 783//779 785//781 784//780 
f 785//781 782//778 784//780 
f 782//778 780//776 784//780 
f 783//779 786//782 787//783 
f 786//782 788//784 787//783 
f 788//784 785//781 787//783 
f 785//781 783//779 787//783 
f 786//782 789//785 790//786 
f 789//785 791//787 790//786 
f 791//787 788//784 790//786 
f 788//784 786//782 790//786 
f 789//785 792//788 793//789 
f 792//788 794//790 793//789 
f 794//790 791//787 793//789 
f 791//787 789//785 793//789 
s 3
f 792//788 688//684 795//791 
f 688//684 692//688 795//791 
f 692//688 794//790 795//791 
f 794//790 792//788 795//791 
s 1
f 796//792 797//793 798//794 
f 797//793 799//795 798//794 
f 799//795 800//796 798//794 
f 800//796 796//792 798//794 
s 3
f 797//793 801//797 802//798 
f 801//797 803//799 802//798 
f 803//799 799//795 802//798 
f 799//795 797//793 802//798 
s 2
f 801//797 804//800 805//801 
f 804//800 806//802 805//801 
f 806//802 803//799 805//801 
f 803//799 801//797 805//801 
f 804//800 807//803 808//804 
f 807//803 809//805 808//804 
f 809//805 806//802 808//804 
f 806//802 804//800 808//804 
f 807//803 810//806 811//807 
f 810//806 812//808 811//807 
f 812//808 809//805 811//807 
f 809//805 807//803 811//807 
f 810//806 813//809 814//810 
f 813//809 815//811 814//810 
f 815//811 812//808 814//810 
f 812//808 810//806 814//810 
f 813//809 816//812 817//813 
f 816//812 818//814 817//813 
f 818//814 815//811 817//813 
f 815//811 813//809 817//813 
f 816//812 819//815 820//816 
f 819//815 821//817 820//816 
f 821//817 818//814 820//816 
f 818//814 816//812 820//816 
f 819//815 822//818 823//819 
f 822//818 824//820 823//819 
f 824//820 821//817 823//819 
f 821//817 819//815 823//819 
f 822//818 825//821 826//822 
f 825//821 827//823 826//822 
f 827//823 824//820 826//822 
f 824//820 822//818 826//822 
f 825//821 828//824 829//825 
f 828//824 830//826 829//825 
f 830//826 827//823 829//825 
f 827//823 825//821 829//825 
f 828//824 831//827 832//828 
f 831//827 833//829 832//828 
f 833//829 830//826 832//828 
f 830//826 828//824 832//828 
f 831//827 834//830 835//831 
f 834//830 836//832 835//831 
f 836//832 833//829 835//831 
f 833//829 831//827 835//831 
f 834//830 837//833 838//834 
f 837//833 839//835 838//834 
f 839//835 836//832 838//834 
f 836//832 834//830 838//834 
f 837//833 840//836 841//837 
f 840//836 842//838 841//837 
f 842//838 839//835 841//837 
f 839//835 837//833 841//837 
f 840//836 843//839 844//840 
f 843//839 845//841 844//840 
f 845//841 842//838 844//840 
f 842//838 840//836 844//840 
f 843//839 846//842 847//843 
f 846//842 848//844 847//843 
f 848//844 845//841 847//843 
f 845//841 843//839 847//843 
f 846//842 849//845 850//846 
f 849//845 851//847 850//846 
f 851//847 848//844 850//846 
f 848//844 846//842 850//846 
f 849//845 852//848 853//849 
f 852//848 854//850 853//849 
f 854//850 851//847 853//849 
f 851//847 849//845 853//849 
f 852//848 855//851 856//852 
f 855//851 857//853 856//852 
f 857//853 854//850 856//852 
f 854//850 852//848 856//852 
f 855//851 858//854 859//855 
f 858//854 860//856 859//855 
f 860//856 857//853 859//855 
f 857//853 855//851 859//855 
f 858//854 861//857 862//858 
f 861//857 863//859 862//858 
f 863//859 860//856 862//858 
f 860//856 858//854 862//858 
f 861//857 864//860 865//861 
f 864//860 866//862 865//861 
f 866//862 863//859 865//861 
f 863//859 861//857 865//861 
f 864//860 867//863 868//864 
f 867//863 869//865 868//864 
f 869//865 866//862 868//864 
f 866//862 864//860 868//864 
f 867//863 870//866 871//867 
f 870//866 872//868 871//867 
f 872//868 869//865 871//867 
f 869//865 867//863 871//867 
f 870//866 873//869 874//870 
f 873//869 875//871 874//870 
f 875//871 872//868 874//870 
f 872//868 870//866 874//870 
f 873//869 876//872 877//873 
f 876//872 878//874 877//873 
f 878//874 875//871 877//873 
f 875//871 873//869 877//873 
f 876//872 879//875 880//876 
f 879//875 881//877 880//876 
f 881//877 878//874 880//876 
f 878//874 876//872 880//876 
f 879//875 882//878 883//879 
f 882//878 884//880 883//879 
f 884//880 881//877 883//879 
f 881//877 879//875 883//879 
f 882//878 885//881 886//882 
f 885//881 887//883 886//882 
f 887//883 884//880 886//882 
f 884//880 882//878 886//882 
f 885//881 888//884 889//885 
f 888//884 890//886 889//885 
f 890//886 887//883 889//885 
f 887//883 885//881 889//885 
f 888//884 891//887 892//888 
f 891//887 893//889 892//888 
f 893//889 890//886 892//888 
f 890//886 888//884 892//888 
f 891//887 894//890 895//891 
f 894//890 896//892 895//891 
f 896//892 893//889 895//891 
f 893//889 891//887 895//891 
f 894//890 897//893 898//894 
f 897//893 899//895 898//894 
f 899//895 896//892 898//894 
f 896//892 894//890 898//894 
f 897//893 900//896 901//897 
f 900//896 902//898 901//897 
f 902//898 899//895 901//897 
f 899//895 897//893 901//897 
s 5
f 900//896 796//792 903//899 
f 796//792 800//796 903//899 
f 800//796 902//898 903//899 
f 902//898 900//896 903//899 
s 16
f 21//21 18//18 904//900 
f 18//18 15//15 904//900 
f 15//15 12//12 904//900 
f 12//12 9//9 904//900 
f 9//9 6//6 904//900 
f 6//6 897//893 904//900 
f 897//893 894//890 904//900 
f 894//890 42//42 904//900 
f 42//42 21//21 904//900 
f 38//38 41//41 905//901 
f 41//41 44//44 905//901 
f 44//44 8//8 905//901 
f 8//8 11//11 905//901 
f 11//11 14//14 905//901 
f 14//14 17//17 905//901 
f 17//17 20//20 905//901 
f 20//20 23//23 905//901 
f 23//23 26//26 905//901 
f 26//26 29//29 905//901 
f 29//29 32//32 905//901 
f 32//32 35//35 905//901 
f 35//35 38//38 905//901 
f 2//2 177//177 906//900 
f 797//793 796//792 906//900 
f 796//792 2//2 906//900 
f 894//890 891//887 907//900 
f 891//887 42//42 907//900 
f 42//42 894//890 907//900 
f 42//42 39//39 908//900 
f 39//39 36//36 908//900 
f 36//36 33//33 908//900 
f 33//33 30//30 908//900 
f 30//30 27//27 908//900 
f 27//27 24//24 908//900 
f 24//24 21//21 908//900 
f 21//21 42//42 908//900 
f 891//887 888//884 909//900 
f 888//884 42//42 909//900 
f 42//42 891//887 909//900 
f 888//884 885//881 910//900 
f 885//881 42//42 910//900 
f 42//42 888//884 910//900 
f 885//881 882//878 911//900 
f 882//878 45//45 911//900 
f 45//45 42//42 911//900 
f 42//42 885//881 911//900 
f 882//878 879//875 912//900 
f 879//875 51//51 912//900 
f 51//51 48//48 912//900 
f 48//48 45//45 912//900 
f 45//45 882//878 912//900 
f 879//875 876//872 913//900 
f 876//872 57//57 913//900 
f 57//57 54//54 913//900 
f 54//54 51//51 913//900 
f 51//51 879//875 913//900 
f 876//872 873//869 914//900 
f 873//869 63//63 914//900 
f 63//63 60//60 914//900 
f 60//60 57//57 914//900 
f 57//57 876//872 914//900 
f 873//869 870//866 915//900 
f 870//866 69//69 915//900 
f 69//69 66//66 915//900 
f 66//66 63//63 915//900 
f 63//63 873//869 915//900 
f 870//866 867//863 916//900 
f 867//863 72//72 916//900 
f 72//72 69//69 916//900 
f 69//69 870//866 916//900 
f 867//863 864//860 917//900 
f 864//860 78//78 917//900 
f 78//78 75//75 917//900 
f 75//75 72//72 917//900 
f 72//72 867//863 917//900 
f 864//860 861//857 918//900 
f 861//857 81//81 918//900 
f 81//81 78//78 918//900 
f 78//78 864//860 918//900 
f 861//857 858//854 919//900 
f 858//854 87//87 919//900 
f 87//87 84//84 919//900 
f 84//84 81//81 919//900 
f 81//81 861//857 919//900 
f 858//854 855//851 920//900 
f 855//851 90//90 920//900 
f 90//90 87//87 920//900 
f 87//87 858//854 920//900 
f 855//851 852//848 921//900 
f 852//848 93//93 921//900 
f 93//93 90//90 921//900 
f 90//90 855//851 921//900 
f 852//848 849//845 922//900 
f 849//845 93//93 922//900 
f 93//93 852//848 922//900 
f 849//845 846//842 923//900 
f 846//842 96//96 923//900 
f 96//96 93//93 923//900 
f 93//93 849//845 923//900 
f 846//842 843//839 924//900 
f 843//839 99//99 924//900 
f 99//99 96//96 924//900 
f 96//96 846//842 924//900 
f 843//839 840//836 925//900 
f 840//836 99//99 925//900 
f 99//99 843//839 925//900 
f 840//836 837//833 926//900 
f 837//833 102//102 926//900 
f 102//102 99//99 926//900 
f 99//99 840//836 926//900 
f 837//833 834//830 927//900 
f 834//830 105//105 927//900 
f 105//105 102//102 927//900 
f 102//102 837//833 927//900 
f 834//830 831//827 928//900 
f 831//827 108//108 928//900 
f 108//108 105//105 928//900 
f 105//105 834//830 928//900 
f 831//827 828//824 929//900 
f 828//824 114//114 929//900 
f 114//114 111//111 929//900 
f 111//111 108//108 929//900 
f 108//108 831//827 929//900 
f 828//824 825//821 930//900 
f 825//821 117//117 930//900 
f 117//117 114//114 930//900 
f 114//114 828//824 930//900 
f 825//821 822//818 931//900 
f 822//818 120//120 931//900 
f 120//120 117//117 931//900 
f 117//117 825//821 931//900 
f 822//818 819//815 932//900 
f 819//815 123//123 932//900 
f 123//123 120//120 932//900 
f 120//120 822//818 932//900 
f 819//815 816//812 933//900 
f 816//812 132//132 933//900 
f 132//132 129//129 933//900 
f 129//129 126//126 933//900 
f 126//126 123//123 933//900 
f 123//123 819//815 933//900 
f 816//812 813//809 934//900 
f 813//809 144//144 934//900 
f 144//144 141//141 934//900 
f 141//141 138//138 934//900 
f 138//138 135//135 934//900 
f 135//135 132//132 934//900 
f 132//132 816//812 934//900 
f 813//809 810//806 935//900 
f 810//806 153//153 935//900 
f 153//153 150//150 935//900 
f 150//150 147//147 935//900 
f 147//147 144//144 935//900 
f 144//144 813//809 935//900 
f 810//806 807//803 936//900 
f 807//803 159//159 936//900 
f 159//159 156//156 936//900 
f 156//156 153//153 936//900 
f 153//153 810//806 936//900 
f 807//803 804//800 937//900 
f 804//800 168//168 937//900 
f 168//168 165//165 937//900 
f 165//165 162//162 937//900 
f 162//162 159//159 937//900 
f 159//159 807//803 937//900 
f 804//800 801//797 938//900 
f 801//797 177//177 938//900 
f 177//177 174//174 938//900 
f 174//174 171//171 938//900 
f 171//171 168//168 938//900 
f 168//168 804//800 938//900 
f 801//797 797//793 939//900 
f 797//793 906//900 177//177 939//900 
f 177//177 801//797 939//900 
f 2//2 183//183 940//900 
f 183//183 180//180 940//900 
f 180//180 177//177 940//900 
f 177//177 2//2 940//900 
f 796//792 900//896 941//900 
f 900//896 6//6 941//900 
f 6//6 2//2 941//900 
f 2//2 796//792 941//900 
f 900//896 897//893 942//900 
f 897//893 6//6 942//900 
f 6//6 900//896 942//900 
f 684//680 186//186 943//900 
f 186//186 183//183 943//900 
f 183//183 684//680 943//900 
f 684//680 681//677 944//900 
f 681//677 207//207 944//900 
f 207//207 204//204 944//900 
f 204//204 201//201 944//900 
f 201//201 198//198 944//900 
f 198//198 195//195 944//900 
f 195//195 192//192 944//900 
f 192//192 189//189 944//900 
f 189//189 186//186 944//900 
f 186//186 684//680 944//900 
f 183//183 2//2 945//900 
f 2//2 1//1 945//900 
f 1//1 684//680 945//900 
f 684//680 183//183 945//900 
f 681//677 678//674 946//900 
f 678//674 213//213 946//900 
f 213//213 210//210 946//900 
f 210//210 207//207 946//900 
f 207//207 681//677 946//900 
f 678//674 675//671 947//900 
f 675//671 213//213 947//900 
f 213//213 678//674 947//900 
f 675//671 672//668 948//900 
f 672//668 216//216 948//900 
f 216//216 213//213 948//900 
f 213//213 675//671 948//900 
f 672//668 669//665 949//900 
f 669//665 216//216 949//900 
f 216//216 672//668 949//900 
f 669//665 666//662 950//900 
f 666//662 219//219 950//900 
f 219//219 216//216 950//900 
f 216//216 669//665 950//900 
f 666//662 663//659 951//900 
f 663//659 219//219 951//900 
f 219//219 666//662 951//900 
f 663//659 660//656 952//900 
f 660//656 222//222 952//900 
f 222//222 219//219 952//900 
f 219//219 663//659 952//900 
f 660//656 657//653 953//900 
f 657//653 222//222 953//900 
f 222//222 660//656 953//900 
f 657//653 654//650 954//900 
f 654//650 225//225 954//900 
f 225//225 222//222 954//900 
f 222//222 657//653 954//900 
f 654//650 651//647 955//900 
f 651//647 225//225 955//900 
f 225//225 654//650 955//900 
f 651//647 648//644 956//900 
f 648//644 228//228 956//900 
f 228//228 225//225 956//900 
f 225//225 651//647 956//900 
f 648//644 645//641 957//900 
f 645//641 228//228 957//900 
f 228//228 648//644 957//900 
f 645//641 642//638 958//900 
f 642//638 231//231 958//900 
f 231//231 228//228 958//900 
f 228//228 645//641 958//900 
f 642//638 639//635 959//900 
f 639//635 231//231 959//900 
f 231//231 642//638 959//900 
f 639//635 636//632 960//900 
f 636//632 231//231 960//900 
f 231//231 639//635 960//900 
f 636//632 633//629 961//900 
f 633//629 234//234 961//900 
f 234//234 231//231 961//900 
f 231//231 636//632 961//900 
f 633//629 630//627 962//900 
f 630//627 237//237 962//900 
f 237//237 234//234 962//900 
f 234//234 633//629 962//900 
f 630//627 627//624 963//900 
f 627//624 243//243 963//900 
f 243//243 240//240 963//900 
f 240//240 237//237 963//900 
f 237//237 630//627 963//900 
f 627//624 624//621 964//900 
f 624//621 246//245 964//900 
f 246//245 243//243 964//900 
f 243//243 627//624 964//900 
f 624//621 621//618 965//900 
f 621//618 249//248 965//900 
f 249//248 246//245 965//900 
f 246//245 624//621 965//900 
f 621//618 618//615 966//900 
f 618//615 252//251 966//900 
f 252//251 249//248 966//900 
f 249//248 621//618 966//900 
f 618//615 615//612 967//900 
f 615//612 258//257 967//900 
f 258//257 255//254 967//900 
f 255//254 252//251 967//900 
f 252//251 618//615 967//900 
f 615//612 612//609 968//900 
f 612//609 261//260 968//900 
f 261//260 258//257 968//900 
f 258//257 615//612 968//900 
f 612//609 609//606 969//900 
f 609//606 264//263 969//900 
f 264//263 261//260 969//900 
f 261//260 612//609 969//900 
f 609//606 606//603 970//900 
f 606//603 267//266 970//900 
f 267//266 264//263 970//900 
f 264//263 609//606 970//900 
f 606//603 603//600 971//900 
f 603//600 267//266 971//900 
f 267//266 606//603 971//900 
f 603//600 600//597 972//900 
f 600//597 270//269 972//900 
f 270//269 267//266 972//900 
f 267//266 603//600 972//900 
f 600//597 597//594 973//900 
f 597//594 273//272 973//900 
f 273//272 270//269 973//900 
f 270//269 600//597 973//900 
f 597//594 594//591 974//900 
f 594//591 276//275 974//900 
f 276//275 273//272 974//900 
f 273//272 597//594 974//900 
f 594//591 591//588 975//900 
f 591//588 282//281 975//900 
f 282//281 279//278 975//900 
f 279//278 276//275 975//900 
f 276//275 594//591 975//900 
f 591//588 588//585 976//900 
f 588//585 285//284 976//900 
f 285//284 282//281 976//900 
f 282//281 591//588 976//900 
f 588//585 585//582 977//900 
f 585//582 288//287 977//900 
f 288//287 285//284 977//900 
f 285//284 588//585 977//900 
f 585//582 582//579 978//900 
f 582//579 291//290 978//900 
f 291//290 288//287 978//900 
f 288//287 585//582 978//900 
f 582//579 579//576 979//900 
f 579//576 294//293 979//900 
f 294//293 291//290 979//900 
f 291//290 582//579 979//900 
f 579//576 576//573 980//900 
f 576//573 297//296 980//900 
f 297//296 294//293 980//900 
f 294//293 579//576 980//900 
f 576//573 573//570 981//900 
f 573//570 330//329 981//900 
f 330//329 327//326 981//900 
f 327//326 318//317 981//900 
f 318//317 315//314 981//900 
f 315//314 312//311 981//900 
f 312//311 309//308 981//900 
f 309//308 306//305 981//900 
f 306//305 303//302 981//900 
f 303//302 300//299 981//900 
f 300//299 297//296 981//900 
f 297//296 576//573 981//900 
f 549//546 546//543 982//900 
f 546//543 543//540 982//900 
f 543//540 549//546 982//900 
f 327//326 324//323 983//900 
f 324//323 321//320 983//900 
f 321//320 318//317 983//900 
f 318//317 327//326 983//900 
f 543//540 540//537 984//900 
f 540//537 549//546 984//900 
f 549//546 543//540 984//900 
f 540//537 537//534 985//900 
f 537//534 552//549 985//900 
f 552//549 549//546 985//900 
f 549//546 540//537 985//900 
f 537//534 534//531 986//900 
f 534//531 552//549 986//900 
f 552//549 537//534 986//900 
f 534//531 531//528 987//900 
f 531//528 555//552 987//900 
f 555//552 552//549 987//900 
f 552//549 534//531 987//900 
f 531//528 528//525 988//900 
f 528//525 555//552 988//900 
f 555//552 531//528 988//900 
f 528//525 525//522 989//900 
f 525//522 570//567 989//900 
f 570//567 567//564 989//900 
f 567//564 564//561 989//900 
f 564//561 561//558 989//900 
f 561//558 558//555 989//900 
f 558//555 555//552 989//900 
f 555//552 528//525 989//900 
f 525//522 522//519 990//900 
f 522//519 351//350 990//900 
f 351//350 348//347 990//900 
f 348//347 570//567 990//900 
f 570//567 525//522 990//900 
f 522//519 519//516 991//900 
f 519//516 351//350 991//900 
f 351//350 522//519 991//900 
f 348//347 345//344 992//900 
f 345//344 573//570 992//900 
f 573//570 570//567 992//900 
f 570//567 348//347 992//900 
f 345//344 342//341 993//900 
f 342//341 573//570 993//900 
f 573//570 345//344 993//900 
f 342//341 339//338 994//900 
f 339//338 573//570 994//900 
f 573//570 342//341 994//900 
f 339//338 336//335 995//900 
f 336//335 573//570 995//900 
f 573//570 339//338 995//900 
f 336//335 333//332 996//900 
f 333//332 573//570 996//900 
f 573//570 336//335 996//900 
f 333//332 330//329 997//900 
f 330//329 573//570 997//900 
f 573//570 333//332 997//900 
f 519//516 516//513 998//900 
f 516//513 351//350 998//900 
f 351//350 519//516 998//900 
f 516//513 513//510 999//900 
f 513//510 351//350 999//900 
f 351//350 516//513 999//900 
f 513//510 510//507 1000//900 
f 510//507 351//350 1000//900 
f 351//350 513//510 1000//900 
f 510//507 507//504 1001//900 
f 507//504 351//350 1001//900 
f 351//350 510//507 1001//900 
f 507//504 504//501 1002//900 
f 504//501 351//350 1002//900 
f 351//350 507//504 1002//900 
f 504//501 501//498 1003//900 
f 501//498 351//350 1003//900 
f 351//350 504//501 1003//900 
f 501//498 498//495 1004//900 
f 498//495 351//350 1004//900 
f 351//350 501//498 1004//900 
f 498//495 495//492 1005//900 
f 495//492 351//350 1005//900 
f 351//350 498//495 1005//900 
f 495//492 492//490 1006//900 
f 492//490 351//350 1006//900 
f 351//350 495//492 1006//900 
f 492//490 489//487 1007//900 
f 711//707 708//704 1007//900 
f 708//704 351//350 1007//900 
f 351//350 492//490 1007//900 
f 708//704 705//701 1008//900 
f 705//701 351//350 1008//900 
f 351//350 708//704 1008//900 
f 705//701 702//698 1009//900 
f 702//698 351//350 1009//900 
f 351//350 705//701 1009//900 
f 702//698 699//695 1010//900 
f 699//695 351//350 1010//900 
f 351//350 702//698 1010//900 
f 699//695 696//692 1011//900 
f 696//692 351//350 1011//900 
f 351//350 699//695 1011//900 
f 696//692 693//689 1012//900 
f 693//689 381//380 1012//900 
f 381//380 378//377 1012//900 
f 378//377 375//374 1012//900 
f 375//374 372//371 1012//900 
f 372//371 369//368 1012//900 
f 369//368 366//365 1012//900 
f 366//365 363//362 1012//900 
f 363//362 360//359 1012//900 
f 360//359 357//356 1012//900 
f 357//356 354//353 1012//900 
f 354//353 351//350 1012//900 
f 351//350 696//692 1012//900 
f 693//689 689//685 1013//900 
f 689//685 381//380 1013//900 
f 381//380 693//689 1013//900 
f 689//685 688//684 1014//900 
f 688//684 381//380 1014//900 
f 381//380 689//685 1014//900 
f 688//684 792//788 1015//900 
f 792//788 381//380 1015//900 
f 381//380 688//684 1015//900 
f 792//788 789//785 1016//900 
f 789//785 381//380 1016//900 
f 381//380 792//788 1016//900 
f 789//785 786//782 1017//900 
f 786//782 384//382 1017//900 
f 384//382 381//380 1017//900 
f 381//380 789//785 1017//900 
f 786//782 783//779 1018//900 
f 783//779 387//385 1018//900 
f 387//385 384//382 1018//900 
f 384//382 786//782 1018//900 
f 783//779 780//776 1019//900 
f 780//776 393//391 1019//900 
f 393//391 390//388 1019//900 
f 390//388 387//385 1019//900 
f 387//385 783//779 1019//900 
f 780//776 777//773 1020//900 
f 777//773 396//394 1020//900 
f 396//394 393//391 1020//900 
f 393//391 780//776 1020//900 
f 777//773 774//770 1021//900 
f 774//770 399//397 1021//900 
f 399//397 396//394 1021//900 
f 396//394 777//773 1021//900 
f 774//770 771//767 1022//900 
f 771//767 402//400 1022//900 
f 402//400 399//397 1022//900 
f 399//397 774//770 1022//900 
f 771//767 768//764 1023//900 
f 768//764 405//403 1023//900 
f 405//403 402//400 1023//900 
f 402//400 771//767 1023//900 
f 768//764 765//761 1024//900 
f 765//761 408//406 1024//900 
f 408//406 405//403 1024//900 
f 405//403 768//764 1024//900 
f 765//761 762//758 1025//900 
f 762//758 414//412 1025//900 
f 414//412 411//409 1025//900 
f 411//409 408//406 1025//900 
f 408//406 765//761 1025//900 
f 762//758 759//755 1026//900 
f 759//755 420//418 1026//900 
f 420//418 417//415 1026//900 
f 417//415 414//412 1026//900 
f 414//412 762//758 1026//900 
f 759//755 756//752 1027//900 
f 756//752 426//424 1027//900 
f 426//424 423//421 1027//900 
f 423//421 420//418 1027//900 
f 420//418 759//755 1027//900 
f 756//752 753//749 1028//900 
f 753//749 432//430 1028//900 
f 432//430 429//427 1028//900 
f 429//427 426//424 1028//900 
f 426//424 756//752 1028//900 
f 753//749 750//746 1029//900 
f 750//746 438//436 1029//900 
f 438//436 435//433 1029//900 
f 435//433 432//430 1029//900 
f 432//430 753//749 1029//900 
f 750//746 747//743 1030//900 
f 747//743 444//442 1030//900 
f 444//442 441//439 1030//900 
f 441//439 438//436 1030//900 
f 438//436 750//746 1030//900 
f 747//743 744//740 1031//900 
f 744//740 450//448 1031//900 
f 450//448 447//445 1031//900 
f 447//445 444//442 1031//900 
f 444//442 747//743 1031//900 
f 744//740 741//737 1032//900 
f 741//737 456//454 1032//900 
f 456//454 453//451 1032//900 
f 453//451 450//448 1032//900 
f 450//448 744//740 1032//900 
f 741//737 738//734 1033//900 
f 738//734 462//460 1033//900 
f 462//460 459//457 1033//900 
f 459//457 456//454 1033//900 
f 456//454 741//737 1033//900 
f 738//734 735//731 1034//900 
f 735//731 465//463 1034//900 
f 465//463 462//460 1034//900 
f 462//460 738//734 1034//900 
f 735//731 732//728 1035//900 
f 732//728 468//466 1035//900 
f 468//466 465//463 1035//900 
f 465//463 735//731 1035//900 
f 732//728 729//725 1036//900 
f 729//725 471//469 1036//900 
f 471//469 468//466 1036//900 
f 468//466 732//728 1036//900 
f 729//725 726//722 1037//900 
f 726//722 474//472 1037//900 
f 474//472 471//469 1037//900 
f 471//469 729//725 1037//900 
f 726//722 723//719 1038//900 
f 723//719 477//475 1038//900 
f 477//475 474//472 1038//900 
f 474//472 726//722 1038//900 
f 723//719 720//716 1039//900 
f 720//716 480//478 1039//900 
f 480//478 477//475 1039//900 
f 477//475 723//719 1039//900 
f 720//716 717//713 1040//900 
f 717//713 483//481 1040//900 
f 483//481 480//478 1040//900 
f 480//478 720//716 1040//900 
f 717//713 714//710 1041//900 
f 714//710 486//484 1041//900 
f 486//484 483//481 1041//900 
f 483//481 717//713 1041//900 
f 714//710 711//707 1042//900 
f 711//707 1007//900 489//487 1042//900 
f 489//487 486//484 1042//900 
f 486//484 714//710 1042//900 
f 179//179 1043//901 799//795 1044//901 
f 799//795 803//799 1044//901 
f 803//799 179//179 1044//901 
f 803//799 806//802 1045//901 
f 806//802 170//170 1045//901 
f 170//170 173//173 1045//901 
f 173//173 176//176 1045//901 
f 176//176 179//179 1045//901 
f 179//179 803//799 1045//901 
f 806//802 809//805 1046//901 
f 809//805 161//161 1046//901 
f 161//161 164//164 1046//901 
f 164//164 167//167 1046//901 
f 167//167 170//170 1046//901 
f 170//170 806//802 1046//901 
f 809//805 812//808 1047//901 
f 812//808 155//155 1047//901 
f 155//155 158//158 1047//901 
f 158//158 161//161 1047//901 
f 161//161 809//805 1047//901 
f 812//808 815//811 1048//901 
f 815//811 146//146 1048//901 
f 146//146 149//149 1048//901 
f 149//149 152//152 1048//901 
f 152//152 155//155 1048//901 
f 155//155 812//808 1048//901 
f 815//811 818//814 1049//901 
f 818//814 134//134 1049//901 
f 134//134 137//137 1049//901 
f 137//137 140//140 1049//901 
f 140//140 143//143 1049//901 
f 143//143 146//146 1049//901 
f 146//146 815//811 1049//901 
f 818//814 821//817 1050//901 
f 821//817 125//125 1050//901 
f 125//125 128//128 1050//901 
f 128//128 131//131 1050//901 
f 131//131 134//134 1050//901 
f 134//134 818//814 1050//901 
f 821//817 824//820 1051//901 
f 824//820 122//122 1051//901 
f 122//122 125//125 1051//901 
f 125//125 821//817 1051//901 
f 824//820 827//823 1052//901 
f 827//823 119//119 1052//901 
f 119//119 122//122 1052//901 
f 122//122 824//820 1052//901 
f 827//823 830//826 1053//901 
f 830//826 116//116 1053//901 
f 116//116 119//119 1053//901 
f 119//119 827//823 1053//901 
f 830//826 833//829 1054//901 
f 833//829 110//110 1054//901 
f 110//110 113//113 1054//901 
f 113//113 116//116 1054//901 
f 116//116 830//826 1054//901 
f 833//829 836//832 1055//901 
f 836//832 107//107 1055//901 
f 107//107 110//110 1055//901 
f 110//110 833//829 1055//901 
f 836//832 839//835 1056//901 
f 839//835 104//104 1056//901 
f 104//104 107//107 1056//901 
f 107//107 836//832 1056//901 
f 839//835 842//838 1057//901 
f 842//838 101//101 1057//901 
f 101//101 104//104 1057//901 
f 104//104 839//835 1057//901 
f 842//838 845//841 1058//901 
f 845//841 101//101 1058//901 
f 101//101 842//838 1058//901 
f 845//841 848//844 1059//901 
f 848//844 98//98 1059//901 
f 98//98 101//101 1059//901 
f 101//101 845//841 1059//901 
f 848//844 851//847 1060//901 
f 851//847 95//95 1060//901 
f 95//95 98//98 1060//901 
f 98//98 848//844 1060//901 
f 851//847 854//850 1061//901 
f 854//850 95//95 1061//901 
f 95//95 851//847 1061//901 
f 854//850 857//853 1062//901 
f 857//853 92//92 1062//901 
f 92//92 95//95 1062//901 
f 95//95 854//850 1062//901 
f 857//853 860//856 1063//901 
f 860//856 89//89 1063//901 
f 89//89 92//92 1063//901 
f 92//92 857//853 1063//901 
f 860//856 863//859 1064//901 
f 863//859 83//83 1064//901 
f 83//83 86//86 1064//901 
f 86//86 89//89 1064//901 
f 89//89 860//856 1064//901 
f 863//859 866//862 1065//901 
f 866//862 80//80 1065//901 
f 80//80 83//83 1065//901 
f 83//83 863//859 1065//901 
f 866//862 869//865 1066//901 
f 869//865 74//74 1066//901 
f 74//74 77//77 1066//901 
f 77//77 80//80 1066//901 
f 80//80 866//862 1066//901 
f 869//865 872//868 1067//901 
f 872//868 71//71 1067//901 
f 71//71 74//74 1067//901 
f 74//74 869//865 1067//901 
f 872//868 875//871 1068//901 
f 875//871 65//65 1068//901 
f 65//65 68//68 1068//901 
f 68//68 71//71 1068//901 
f 71//71 872//868 1068//901 
f 875//871 878//874 1069//901 
f 878//874 59//59 1069//901 
f 59//59 62//62 1069//901 
f 62//62 65//65 1069//901 
f 65//65 875//871 1069//901 
f 878//874 881//877 1070//901 
f 881//877 53//53 1070//901 
f 53//53 56//56 1070//901 
f 56//56 59//59 1070//901 
f 59//59 878//874 1070//901 
f 881//877 884//880 1071//901 
f 884//880 47//47 1071//901 
f 47//47 50//50 1071//901 
f 50//50 53//53 1071//901 
f 53//53 881//877 1071//901 
f 884//880 887//883 1072//901 
f 887//883 44//44 1072//901 
f 44//44 47//47 1072//901 
f 47//47 884//880 1072//901 
f 887//883 890//886 1073//901 
f 890//886 44//44 1073//901 
f 44//44 887//883 1073//901 
f 890//886 893//889 1074//901 
f 893//889 44//44 1074//901 
f 44//44 890//886 1074//901 
f 893//889 896//892 1075//901 
f 896//892 44//44 1075//901 
f 44//44 893//889 1075//901 
f 896//892 899//895 1076//901 
f 899//895 8//8 1076//901 
f 8//8 44//44 1076//901 
f 44//44 896//892 1076//901 
f 899//895 902//898 1077//901 
f 902//898 8//8 1077//901 
f 8//8 899//895 1077//901 
f 902//898 800//796 1078//901 
f 800//796 4//4 1078//901 
f 4//4 8//8 1078//901 
f 8//8 902//898 1078//901 
f 800//796 799//795 1043//901 
f 179//179 4//4 1043//901 
f 4//4 800//796 1043//901 
f 179//179 182//182 1079//901 
f 182//182 185//185 1079//901 
f 185//185 4//4 1079//901 
f 4//4 179//179 1079//901 
f 185//185 686//682 1080//901 
f 686//682 5//5 1080//901 
f 5//5 4//4 1080//901 
f 4//4 185//185 1080//901 
f 320//319 323//322 1081//901 
f 323//322 326//325 1081//901 
f 326//325 329//328 1081//901 
f 329//328 320//319 1081//901 
f 329//328 332//331 1082//901 
f 332//331 317//316 1082//901 
f 317//316 320//319 1082//901 
f 320//319 329//328 1082//901 
f 332//331 335//334 1083//901 
f 335//334 575//572 1083//901 
f 575//572 578//575 1083//901 
f 578//575 299//298 1083//901 
f 299//298 302//301 1083//901 
f 302//301 305//304 1083//901 
f 305//304 308//307 1083//901 
f 308//307 311//310 1083//901 
f 311//310 314//313 1083//901 
f 314//313 317//316 1083//901 
f 317//316 332//331 1083//901 
f 335//334 338//337 1084//901 
f 338//337 575//572 1084//901 
f 575//572 335//334 1084//901 
f 578//575 581//578 1085//901 
f 581//578 296//295 1085//901 
f 296//295 299//298 1085//901 
f 299//298 578//575 1085//901 
f 581//578 584//581 1086//901 
f 584//581 293//292 1086//901 
f 293//292 296//295 1086//901 
f 296//295 581//578 1086//901 
f 584//581 587//584 1087//901 
f 587//584 290//289 1087//901 
f 290//289 293//292 1087//901 
f 293//292 584//581 1087//901 
f 587//584 590//587 1088//901 
f 590//587 287//286 1088//901 
f 287//286 290//289 1088//901 
f 290//289 587//584 1088//901 
f 590//587 593//590 1089//901 
f 593//590 284//283 1089//901 
f 284//283 287//286 1089//901 
f 287//286 590//587 1089//901 
f 593//590 596//593 1090//901 
f 596//593 278//277 1090//901 
f 278//277 281//280 1090//901 
f 281//280 284//283 1090//901 
f 284//283 593//590 1090//901 
f 596//593 599//596 1091//901 
f 599//596 275//274 1091//901 
f 275//274 278//277 1091//901 
f 278//277 596//593 1091//901 
f 599//596 602//599 1092//901 
f 602//599 272//271 1092//901 
f 272//271 275//274 1092//901 
f 275//274 599//596 1092//901 
f 602//599 605//602 1093//901 
f 605//602 269//268 1093//901 
f 269//268 272//271 1093//901 
f 272//271 602//599 1093//901 
f 605//602 608//605 1094//901 
f 608//605 269//268 1094//901 
f 269//268 605//602 1094//901 
f 608//605 611//608 1095//901 
f 611//608 266//265 1095//901 
f 266//265 269//268 1095//901 
f 269//268 608//605 1095//901 
f 611//608 614//611 1096//901 
f 614//611 263//262 1096//901 
f 263//262 266//265 1096//901 
f 266//265 611//608 1096//901 
f 614//611 617//614 1097//901 
f 617//614 260//259 1097//901 
f 260//259 263//262 1097//901 
f 263//262 614//611 1097//901 
f 617//614 620//617 1098//901 
f 620//617 254//253 1098//901 
f 254//253 257//256 1098//901 
f 257//256 260//259 1098//901 
f 260//259 617//614 1098//901 
f 620//617 623//620 1099//901 
f 623//620 251//250 1099//901 
f 251//250 254//253 1099//901 
f 254//253 620//617 1099//901 
f 623//620 626//623 1100//901 
f 626//623 248//247 1100//901 
f 248//247 251//250 1100//901 
f 251//250 623//620 1100//901 
f 626//623 629//626 1101//901 
f 629//626 245//244 1101//901 
f 245//244 248//247 1101//901 
f 248//247 626//623 1101//901 
f 629//626 632//628 1102//901 
f 632//628 239//239 1102//901 
f 239//239 242//242 1102//901 
f 242//242 245//244 1102//901 
f 245//244 629//626 1102//901 
f 632//628 635//631 1103//901 
f 635//631 236//236 1103//901 
f 236//236 239//239 1103//901 
f 239//239 632//628 1103//901 
f 635//631 638//634 1104//901 
f 638//634 233//233 1104//901 
f 233//233 236//236 1104//901 
f 236//236 635//631 1104//901 
f 638//634 641//637 1105//901 
f 641//637 233//233 1105//901 
f 233//233 638//634 1105//901 
f 641//637 644//640 1106//901 
f 644//640 233//233 1106//901 
f 233//233 641//637 1106//901 
f 644//640 647//643 1107//901 
f 647//643 230//230 1107//901 
f 230//230 233//233 1107//901 
f 233//233 644//640 1107//901 
f 647//643 650//646 1108//901 
f 650//646 230//230 1108//901 
f 230//230 647//643 1108//901 
f 650//646 653//649 1109//901 
f 653//649 227//227 1109//901 
f 227//227 230//230 1109//901 
f 230//230 650//646 1109//901 
f 653//649 656//652 1110//901 
f 656//652 227//227 1110//901 
f 227//227 653//649 1110//901 
f 656//652 659//655 1111//901 
f 659//655 224//224 1111//901 
f 224//224 227//227 1111//901 
f 227//227 656//652 1111//901 
f 659//655 662//658 1112//901 
f 662//658 224//224 1112//901 
f 224//224 659//655 1112//901 
f 662//658 665//661 1113//901 
f 665//661 221//221 1113//901 
f 221//221 224//224 1113//901 
f 224//224 662//658 1113//901 
f 665//661 668//664 1114//901 
f 668//664 221//221 1114//901 
f 221//221 665//661 1114//901 
f 668//664 671//667 1115//901 
f 671//667 218//218 1115//901 
f 218//218 221//221 1115//901 
f 221//221 668//664 1115//901 
f 671//667 674//670 1116//901 
f 674//670 218//218 1116//901 
f 218//218 671//667 1116//901 
f 674//670 677//673 1117//901 
f 677//673 215//215 1117//901 
f 215//215 218//218 1117//901 
f 218//218 674//670 1117//901 
f 677//673 680//676 1118//901 
f 680//676 215//215 1118//901 
f 215//215 677//673 1118//901 
f 680//676 683//679 1119//901 
f 683//679 209//209 1119//901 
f 209//209 212//212 1119//901 
f 212//212 215//215 1119//901 
f 215//215 680//676 1119//901 
f 683//679 686//682 1120//901 
f 686//682 185//185 1120//901 
f 185//185 188//188 1120//901 
f 188//188 191//191 1120//901 
f 191//191 194//194 1120//901 
f 194//194 197//197 1120//901 
f 197//197 200//200 1120//901 
f 200//200 203//203 1120//901 
f 203//203 206//206 1120//901 
f 206//206 209//209 1120//901 
f 209//209 683//679 1120//901 
f 338//337 341//340 1121//901 
f 341//340 575//572 1121//901 
f 575//572 338//337 1121//901 
f 341//340 344//343 1122//901 
f 344//343 575//572 1122//901 
f 575//572 341//340 1122//901 
f 344//343 347//346 1123//901 
f 347//346 575//572 1123//901 
f 575//572 344//343 1123//901 
f 347//346 350//349 1124//901 
f 350//349 572//569 1124//901 
f 572//569 575//572 1124//901 
f 575//572 347//346 1124//901 
f 350//349 353//352 1125//901 
f 353//352 527//524 1125//901 
f 527//524 530//527 1125//901 
f 530//527 557//554 1125//901 
f 557//554 560//557 1125//901 
f 560//557 563//560 1125//901 
f 563//560 566//563 1125//901 
f 566//563 569//566 1125//901 
f 569//566 572//569 1125//901 
f 572//569 350//349 1125//901 
f 353//352 356//355 1126//901 
f 356//355 359//358 1126//901 
f 359//358 362//361 1126//901 
f 362//361 365//364 1126//901 
f 365//364 368//367 1126//901 
f 368//367 371//370 1126//901 
f 371//370 374//373 1126//901 
f 374//373 377//376 1126//901 
f 377//376 380//379 1126//901 
f 380//379 383//381 1126//901 
f 383//381 698//694 1126//901 
f 698//694 701//697 1126//901 
f 701//697 353//352 1126//901 
f 530//527 533//530 1127//901 
f 533//530 557//554 1127//901 
f 557//554 530//527 1127//901 
f 533//530 536//533 1128//901 
f 536//533 554//551 1128//901 
f 554//551 557//554 1128//901 
f 557//554 533//530 1128//901 
f 536//533 539//536 1129//901 
f 539//536 554//551 1129//901 
f 554//551 536//533 1129//901 
f 539//536 542//539 1130//901 
f 542//539 551//548 1130//901 
f 551//548 554//551 1130//901 
f 554//551 539//536 1130//901 
f 542//539 545//542 1131//901 
f 545//542 551//548 1131//901 
f 551//548 542//539 1131//901 
f 545//542 548//545 1132//901 
f 548//545 551//548 1132//901 
f 551//548 545//542 1132//901 
f 488//486 491//489 1133//901 
f 491//489 1134//901 713//709 1133//901 
f 713//709 716//712 1133//901 
f 716//712 488//486 1133//901 
f 701//697 704//700 1135//901 
f 704//700 353//352 1135//901 
f 353//352 701//697 1135//901 
f 704//700 707//703 1136//901 
f 707//703 353//352 1136//901 
f 353//352 704//700 1136//901 
f 707//703 710//706 1137//901 
f 710//706 353//352 1137//901 
f 353//352 707//703 1137//901 
f 710//706 713//709 1134//901 
f 491//489 494//491 1134//901 
f 494//491 353//352 1134//901 
f 353//352 710//706 1134//901 
f 494//491 497//494 1138//901 
f 497//494 353//352 1138//901 
f 353//352 494//491 1138//901 
f 497//494 500//497 1139//901 
f 500//497 353//352 1139//901 
f 353//352 497//494 1139//901 
f 500//497 503//500 1140//901 
f 503//500 353//352 1140//901 
f 353//352 500//497 1140//901 
f 503//500 506//503 1141//901 
f 506//503 353//352 1141//901 
f 353//352 503//500 1141//901 
f 506//503 509//506 1142//901 
f 509//506 353//352 1142//901 
f 353//352 506//503 1142//901 
f 509//506 512//509 1143//901 
f 512//509 353//352 1143//901 
f 353//352 509//506 1143//901 
f 512//509 515//512 1144//901 
f 515//512 353//352 1144//901 
f 353//352 512//509 1144//901 
f 515//512 518//515 1145//901 
f 518//515 353//352 1145//901 
f 353//352 515//512 1145//901 
f 518//515 521//518 1146//901 
f 521//518 353//352 1146//901 
f 353//352 518//515 1146//901 
f 521//518 524//521 1147//901 
f 524//521 353//352 1147//901 
f 353//352 521//518 1147//901 
f 524//521 527//524 1148//901 
f 527//524 353//352 1148//901 
f 353//352 524//521 1148//901 
f 716//712 719//715 1149//901 
f 719//715 485//483 1149//901 
f 485//483 488//486 1149//901 
f 488//486 716//712 1149//901 
f 719//715 722//718 1150//901 
f 722//718 482//480 1150//901 
f 482//480 485//483 1150//901 
f 485//483 719//715 1150//901 
f 722//718 725//721 1151//901 
f 725//721 479//477 1151//901 
f 479//477 482//480 1151//901 
f 482//480 722//718 1151//901 
f 725//721 728//724 1152//901 
f 728//724 476//474 1152//901 
f 476//474 479//477 1152//901 
f 479//477 725//721 1152//901 
f 728//724 731//727 1153//901 
f 731//727 473//471 1153//901 
f 473//471 476//474 1153//901 
f 476//474 728//724 1153//901 
f 731//727 734//730 1154//901 
f 734//730 470//468 1154//901 
f 470//468 473//471 1154//901 
f 473//471 731//727 1154//901 
f 734//730 737//733 1155//901 
f 737//733 467//465 1155//901 
f 467//465 470//468 1155//901 
f 470//468 734//730 1155//901 
f 737//733 740//736 1156//901 
f 740//736 464//462 1156//901 
f 464//462 467//465 1156//901 
f 467//465 737//733 1156//901 
f 740//736 743//739 1157//901 
f 743//739 458//456 1157//901 
f 458//456 461//459 1157//901 
f 461//459 464//462 1157//901 
f 464//462 740//736 1157//901 
f 743//739 746//742 1158//901 
f 746//742 452//450 1158//901 
f 452//450 455//453 1158//901 
f 455//453 458//456 1158//901 
f 458//456 743//739 1158//901 
f 746//742 749//745 1159//901 
f 749//745 446//444 1159//901 
f 446//444 449//447 1159//901 
f 449//447 452//450 1159//901 
f 452//450 746//742 1159//901 
f 749//745 752//748 1160//901 
f 752//748 440//438 1160//901 
f 440//438 443//441 1160//901 
f 443//441 446//444 1160//901 
f 446//444 749//745 1160//901 
f 752//748 755//751 1161//901 
f 755//751 434//432 1161//901 
f 434//432 437//435 1161//901 
f 437//435 440//438 1161//901 
f 440//438 752//748 1161//901 
f 755//751 758//754 1162//901 
f 758//754 428//426 1162//901 
f 428//426 431//429 1162//901 
f 431//429 434//432 1162//901 
f 434//432 755//751 1162//901 
f 758//754 761//757 1163//901 
f 761//757 422//420 1163//901 
f 422//420 425//423 1163//901 
f 425//423 428//426 1163//901 
f 428//426 758//754 1163//901 
f 761//757 764//760 1164//901 
f 764//760 416//414 1164//901 
f 416//414 419//417 1164//901 
f 419//417 422//420 1164//901 
f 422//420 761//757 1164//901 
f 764//760 767//763 1165//901 
f 767//763 410//408 1165//901 
f 410//408 413//411 1165//901 
f 413//411 416//414 1165//901 
f 416//414 764//760 1165//901 
f 767//763 770//766 1166//901 
f 770//766 407//405 1166//901 
f 407//405 410//408 1166//901 
f 410//408 767//763 1166//901 
f 770//766 773//769 1167//901 
f 773//769 404//402 1167//901 
f 404//402 407//405 1167//901 
f 407//405 770//766 1167//901 
f 773//769 776//772 1168//901 
f 776//772 401//399 1168//901 
f 401//399 404//402 1168//901 
f 404//402 773//769 1168//901 
f 776//772 779//775 1169//901 
f 779//775 398//396 1169//901 
f 398//396 401//399 1169//901 
f 401//399 776//772 1169//901 
f 779//775 782//778 1170//901 
f 782//778 395//393 1170//901 
f 395//393 398//396 1170//901 
f 398//396 779//775 1170//901 
f 782//778 785//781 1171//901 
f 785//781 389//387 1171//901 
f 389//387 392//390 1171//901 
f 392//390 395//393 1171//901 
f 395//393 782//778 1171//901 
f 785//781 788//784 1172//901 
f 788//784 386//384 1172//901 
f 386//384 389//387 1172//901 
f 389//387 785//781 1172//901 
f 788//784 791//787 1173//901 
f 791//787 383//381 1173//901 
f 383//381 386//384 1173//901 
f 386//384 788//784 1173//901 
f 791//787 794//790 1174//901 
f 794//790 383//381 1174//901 
f 383//381 791//787 1174//901 
f 794//790 692//688 1175//901 
f 692//688 383//381 1175//901 
f 383//381 794//790 1175//901 
f 692//688 691//687 1176//901 
f 691//687 383//381 1176//901 
f 383//381 692//688 1176//901 
f 691//687 695//691 1177//901 
f 695//691 383//381 1177//901 
f 383//381 691//687 1177//901 
f 695//691 698//694 1178//901 
f 698//694 383//381 1178//901 
f 383//381 695//691 1178//901 
# 4 polygons - 2352 triangles

