# 3ds Max Wavefront OBJ Exporter v0.97b - (c)2007 guruware
# File Created: 31.01.2021 23:02:16

#
# object To_Taan
#

v  569.9380 0.0000 -54.4625
v  569.5358 0.0000 -53.9855
v  569.7369 5.0000 -54.2240
v  569.5358 10.0000 -53.9855
v  569.9380 10.0000 -54.4625
v  569.0709 0.0000 -53.5721
v  569.3033 5.0000 -53.7788
v  569.0709 10.0000 -53.5721
v  568.5436 0.0000 -53.2223
v  568.8073 5.0000 -53.3972
v  568.5436 10.0000 -53.2223
v  567.9539 0.0000 -52.9361
v  568.2488 5.0000 -53.0792
v  567.9539 10.0000 -52.9361
v  567.3016 0.0000 -52.7134
v  567.6277 5.0000 -52.8247
v  567.3016 10.0000 -52.7134
v  566.5869 0.0000 -52.5544
v  566.9443 5.0000 -52.6339
v  566.5869 10.0000 -52.5544
v  565.8096 0.0000 -52.4590
v  566.1983 5.0000 -52.5067
v  565.8096 10.0000 -52.4590
v  564.9700 0.0000 -52.4272
v  565.3898 5.0000 -52.4431
v  564.9700 10.0000 -52.4272
v  564.4747 0.0000 -52.4394
v  564.7223 5.0000 -52.4333
v  564.4747 10.0000 -52.4394
v  563.9257 0.0000 -52.4759
v  564.2002 5.0000 -52.4576
v  563.9257 10.0000 -52.4759
v  563.3231 0.0000 -52.5368
v  563.6244 5.0000 -52.5063
v  563.3231 10.0000 -52.5368
v  562.6668 0.0000 -52.6220
v  562.9949 5.0000 -52.5794
v  562.6668 10.0000 -52.6220
v  561.9568 0.0000 -52.7316
v  562.3118 5.0000 -52.6768
v  561.9568 10.0000 -52.7316
v  561.1932 0.0000 -52.8655
v  561.5750 5.0000 -52.7985
v  561.1932 10.0000 -52.8655
v  560.3759 0.0000 -53.0238
v  560.7845 5.0000 -52.9446
v  560.3759 10.0000 -53.0238
v  559.5049 0.0000 -53.2064
v  559.9404 5.0000 -53.1151
v  559.5049 10.0000 -53.2064
v  558.5803 0.0000 -53.4133
v  559.0426 5.0000 -53.3098
v  558.5803 10.0000 -53.4133
v  556.8046 0.0000 -53.8146
v  557.6924 5.0000 -53.6139
v  556.8046 10.0000 -53.8146
v  555.1478 0.0000 -54.1686
v  555.9762 5.0000 -53.9916
v  555.1478 10.0000 -54.1686
v  553.6100 0.0000 -54.4755
v  554.3789 5.0000 -54.3220
v  553.6100 10.0000 -54.4755
v  552.1913 0.0000 -54.7351
v  552.9007 5.0000 -54.6053
v  552.1913 10.0000 -54.7351
v  550.8916 0.0000 -54.9475
v  551.5414 5.0000 -54.8413
v  550.8916 10.0000 -54.9475
v  549.7109 0.0000 -55.1127
v  550.3013 5.0000 -55.0301
v  549.7109 10.0000 -55.1127
v  548.6492 0.0000 -55.2308
v  549.1801 5.0000 -55.1718
v  548.6492 10.0000 -55.2308
v  547.7065 0.0000 -55.3016
v  548.1779 5.0000 -55.2662
v  547.7065 10.0000 -55.3016
v  546.8828 0.0000 -55.3252
v  547.2946 5.0000 -55.3134
v  546.8828 10.0000 -55.3252
v  545.4502 0.0000 -55.2771
v  546.1665 5.0000 -55.3011
v  545.4502 10.0000 -55.2771
v  544.0458 0.0000 -55.1329
v  544.7480 5.0000 -55.2050
v  544.0458 10.0000 -55.1329
v  542.6697 0.0000 -54.8925
v  543.3578 5.0000 -55.0127
v  542.6697 10.0000 -54.8925
v  541.3219 0.0000 -54.5560
v  541.9958 5.0000 -54.7242
v  541.3219 10.0000 -54.5560
v  540.0023 0.0000 -54.1233
v  540.6621 5.0000 -54.3396
v  540.0023 10.0000 -54.1233
v  538.7110 0.0000 -53.5944
v  539.3567 5.0000 -53.8589
v  538.7110 10.0000 -53.5944
v  537.4479 0.0000 -52.9695
v  538.0795 5.0000 -53.2820
v  537.4479 10.0000 -52.9695
v  536.2132 0.0000 -52.2483
v  536.8306 5.0000 -52.6089
v  536.2132 10.0000 -52.2483
v  535.0067 0.0000 -51.4310
v  535.6099 5.0000 -51.8397
v  535.0067 10.0000 -51.4310
v  533.8805 0.0000 -50.5469
v  534.4436 5.0000 -50.9890
v  533.8805 10.0000 -50.5469
v  532.8868 0.0000 -49.6253
v  533.3837 5.0000 -50.0861
v  532.8868 10.0000 -49.6253
v  532.0256 0.0000 -48.6661
v  532.4562 5.0000 -49.1457
v  532.0256 10.0000 -48.6661
v  531.2970 0.0000 -47.6694
v  531.6613 5.0000 -48.1678
v  531.2970 10.0000 -47.6694
v  530.7007 0.0000 -46.6352
v  530.9989 5.0000 -47.1523
v  530.7007 10.0000 -46.6352
v  530.2371 0.0000 -45.5635
v  530.4689 5.0000 -46.0994
v  530.2371 10.0000 -45.5635
v  529.9058 0.0000 -44.4543
v  530.0715 5.0000 -45.0089
v  529.9058 10.0000 -44.4543
v  529.7071 0.0000 -43.3076
v  529.8065 5.0000 -43.8809
v  529.7071 10.0000 -43.3076
v  529.6409 0.0000 -42.1233
v  529.6740 5.0000 -42.7154
v  529.6409 10.0000 -42.1233
v  531.2709 0.0000 -42.0894
v  530.4559 5.0000 -42.1064
v  531.2709 10.0000 -42.0894
v  533.0034 0.0000 -41.9878
v  532.1371 5.0000 -42.0386
v  533.0034 10.0000 -41.9878
v  534.8386 0.0000 -41.8185
v  533.9210 5.0000 -41.9032
v  534.8386 10.0000 -41.8185
v  536.7765 0.0000 -41.5814
v  535.8076 5.0000 -41.7000
v  536.7765 10.0000 -41.5814
v  538.8169 0.0000 -41.2766
v  537.7967 5.0000 -41.4290
v  538.8169 10.0000 -41.2766
v  540.9600 0.0000 -40.9041
v  539.8884 5.0000 -41.0904
v  540.9600 10.0000 -40.9041
v  543.2056 0.0000 -40.4638
v  542.0828 5.0000 -40.6839
v  543.2056 10.0000 -40.4638
v  545.5538 0.0000 -39.9558
v  544.3798 5.0000 -40.2098
v  545.5538 10.0000 -39.9558
v  548.0048 0.0000 -39.3801
v  546.7793 5.0000 -39.6679
v  548.0048 10.0000 -39.3801
v  550.3679 0.0000 -38.7023
v  549.1863 5.0000 -39.0412
v  550.3679 10.0000 -38.7023
v  552.4531 0.0000 -37.8885
v  551.4105 5.0000 -38.2954
v  552.4531 10.0000 -37.8885
v  554.2602 0.0000 -36.9384
v  553.3566 5.0000 -37.4134
v  554.2602 10.0000 -36.9384
v  555.7893 0.0000 -35.8521
v  555.0248 5.0000 -36.3953
v  555.7893 10.0000 -35.8521
v  557.0404 0.0000 -34.6297
v  556.4149 5.0000 -35.2409
v  557.0404 10.0000 -34.6297
v  558.0135 0.0000 -33.2711
v  557.5270 5.0000 -33.9504
v  558.0135 10.0000 -33.2711
v  558.7085 0.0000 -31.7763
v  558.3610 5.0000 -32.5237
v  558.7085 10.0000 -31.7763
v  559.1255 0.0000 -30.1453
v  558.9171 5.0000 -30.9608
v  559.1255 10.0000 -30.1453
v  559.2646 0.0000 -28.3781
v  559.1951 5.0000 -29.2617
v  559.2646 10.0000 -28.3781
v  558.4596 0.0000 -14.5222
v  558.8621 5.0000 -21.4501
v  558.4596 10.0000 -14.5222
v  558.3608 0.0000 -13.7260
v  558.4102 5.0000 -14.1241
v  558.3608 10.0000 -13.7260
v  558.1741 0.0000 -13.0235
v  558.2675 5.0000 -13.3747
v  558.1741 10.0000 -13.0235
v  557.8994 0.0000 -12.4146
v  558.0367 5.0000 -12.7191
v  557.8994 10.0000 -12.4146
v  557.5368 0.0000 -11.8995
v  557.7181 5.0000 -12.1571
v  557.5368 10.0000 -11.8995
v  557.0862 0.0000 -11.4780
v  557.3115 5.0000 -11.6887
v  557.0862 10.0000 -11.4780
v  556.5477 0.0000 -11.1501
v  556.8170 5.0000 -11.3140
v  556.5477 10.0000 -11.1501
v  555.9213 0.0000 -10.9160
v  556.2345 5.0000 -11.0330
v  555.9213 10.0000 -10.9160
v  555.2068 0.0000 -10.7755
v  555.5640 5.0000 -10.8457
v  555.2068 10.0000 -10.7755
v  554.4044 0.0000 -10.7286
v  554.8056 5.0000 -10.7520
v  554.4044 10.0000 -10.7286
v  553.6147 0.0000 -10.7784
v  554.0096 5.0000 -10.7535
v  553.6147 10.0000 -10.7784
v  552.9115 0.0000 -10.9276
v  553.2631 5.0000 -10.8530
v  552.9115 10.0000 -10.9276
v  552.2947 0.0000 -11.1764
v  552.6031 5.0000 -11.0520
v  552.2947 10.0000 -11.1764
v  551.7643 0.0000 -11.5247
v  552.0295 5.0000 -11.3505
v  551.7643 10.0000 -11.5247
v  551.3205 0.0000 -11.9725
v  551.5424 5.0000 -11.7486
v  551.3205 10.0000 -11.9725
v  550.9631 0.0000 -12.5197
v  551.1418 5.0000 -12.2461
v  550.9631 10.0000 -12.5197
v  550.6921 0.0000 -13.1665
v  550.8276 5.0000 -12.8431
v  550.6921 10.0000 -13.1665
v  550.5077 0.0000 -13.9128
v  550.5999 5.0000 -13.5397
v  550.5077 10.0000 -13.9128
v  550.4097 0.0000 -14.7586
v  550.4587 5.0000 -14.3357
v  550.4097 10.0000 -14.7586
v  549.7657 0.0000 -25.6612
v  550.0876 5.0000 -20.2099
v  549.7657 10.0000 -25.6612
v  549.5350 0.0000 -27.8660
v  549.6503 5.0000 -26.7636
v  549.5350 10.0000 -27.8660
v  549.1100 0.0000 -29.8114
v  549.3225 5.0000 -28.8387
v  549.1100 10.0000 -29.8114
v  548.4908 0.0000 -31.4974
v  548.8004 5.0000 -30.6544
v  548.4908 10.0000 -31.4974
v  547.6774 0.0000 -32.9240
v  548.0841 5.0000 -32.2107
v  547.6774 10.0000 -32.9240
v  546.6698 0.0000 -34.0913
v  547.1736 5.0000 -33.5077
v  546.6698 10.0000 -34.0913
v  545.4679 0.0000 -34.9991
v  546.0688 5.0000 -34.5452
v  545.4679 10.0000 -34.9991
v  544.0718 0.0000 -35.6476
v  544.7698 5.0000 -35.3234
v  544.0718 10.0000 -35.6476
v  542.4815 0.0000 -36.0367
v  543.2766 5.0000 -35.8421
v  542.4815 10.0000 -36.0367
v  540.6969 0.0000 -36.1664
v  541.5892 5.0000 -36.1015
v  540.6969 10.0000 -36.1664
v  538.5793 0.0000 -36.0575
v  539.6381 5.0000 -36.1120
v  538.5793 10.0000 -36.0575
v  536.7107 0.0000 -35.7311
v  537.6450 5.0000 -35.8943
v  536.7107 10.0000 -35.7311
v  535.0913 0.0000 -35.1870
v  535.9010 5.0000 -35.4590
v  535.0913 10.0000 -35.1870
v  533.7211 0.0000 -34.4252
v  534.4062 5.0000 -34.8061
v  533.7211 10.0000 -34.4252
v  532.6000 0.0000 -33.4458
v  533.1605 5.0000 -33.9355
v  532.6000 10.0000 -33.4458
v  531.7280 0.0000 -32.2487
v  532.1639 5.0000 -32.8473
v  531.7280 10.0000 -32.2487
v  531.1051 0.0000 -30.8340
v  531.4166 5.0000 -31.5414
v  531.1051 10.0000 -30.8340
v  530.7314 0.0000 -29.2017
v  530.9183 5.0000 -30.0179
v  530.7314 10.0000 -29.2017
v  530.6069 0.0000 -27.3517
v  530.6691 5.0000 -28.2767
v  530.6069 10.0000 -27.3517
v  530.7321 0.0000 -25.6538
v  530.6694 5.0000 -26.5027
v  530.7321 10.0000 -25.6538
v  531.1077 0.0000 -24.1556
v  530.9199 5.0000 -24.9047
v  531.1077 10.0000 -24.1556
v  531.7338 0.0000 -22.8572
v  531.4208 5.0000 -23.5064
v  531.7338 10.0000 -22.8572
v  532.6104 0.0000 -21.7585
v  532.1721 5.0000 -22.3078
v  532.6104 10.0000 -21.7585
v  533.7374 0.0000 -20.8596
v  533.1739 5.0000 -21.3091
v  533.7374 10.0000 -20.8596
v  535.1148 0.0000 -20.1604
v  534.4261 5.0000 -20.5100
v  535.1148 10.0000 -20.1604
v  536.7427 0.0000 -19.6611
v  535.9287 5.0000 -19.9108
v  536.7427 10.0000 -19.6611
v  538.6210 0.0000 -19.3614
v  537.6818 5.0000 -19.5112
v  538.6210 10.0000 -19.3614
v  540.7498 0.0000 -19.2615
v  539.6854 5.0000 -19.3115
v  540.7498 10.0000 -19.2615
v  541.3937 0.0000 -14.4014
v  541.0718 5.0000 -16.8315
v  541.3937 10.0000 -14.4014
v  541.6950 0.0000 -12.4479
v  541.5444 5.0000 -13.4247
v  541.6950 10.0000 -12.4479
v  542.2756 0.0000 -10.7243
v  541.9854 5.0000 -11.5861
v  542.2756 10.0000 -10.7243
v  543.1357 0.0000 -9.2304
v  542.7057 5.0000 -9.9774
v  543.1357 10.0000 -9.2304
v  544.2751 0.0000 -7.9664
v  543.7054 5.0000 -8.5984
v  544.2751 10.0000 -7.9664
v  545.6938 0.0000 -6.9322
v  544.9845 5.0000 -7.4493
v  545.6938 10.0000 -6.9322
v  547.3921 0.0000 -6.1279
v  546.5430 5.0000 -6.5301
v  547.3921 10.0000 -6.1279
v  549.3696 0.0000 -5.5533
v  548.3809 5.0000 -5.8406
v  549.3696 10.0000 -5.5533
v  551.6266 0.0000 -5.2086
v  550.4981 5.0000 -5.3810
v  551.6266 10.0000 -5.2086
v  554.1630 0.0000 -5.0937
v  552.8948 5.0000 -5.1511
v  554.1630 10.0000 -5.0937
v  556.9147 0.0000 -5.2328
v  555.5388 5.0000 -5.1632
v  556.9147 10.0000 -5.2328
v  559.3617 0.0000 -5.6500
v  558.1382 5.0000 -5.4414
v  559.3617 10.0000 -5.6500
v  561.5040 0.0000 -6.3453
v  560.4329 5.0000 -5.9977
v  561.5040 10.0000 -6.3453
v  563.3416 0.0000 -7.3188
v  562.4228 5.0000 -6.8321
v  563.3416 10.0000 -7.3188
v  564.8744 0.0000 -8.5705
v  564.1080 5.0000 -7.9447
v  564.8744 10.0000 -8.5705
v  566.1025 0.0000 -10.1003
v  565.4885 5.0000 -9.3354
v  566.1025 10.0000 -10.1003
v  567.0259 0.0000 -11.9082
v  566.5642 5.0000 -11.0043
v  567.0259 10.0000 -11.9082
v  567.6445 0.0000 -13.9943
v  567.3352 5.0000 -12.9513
v  567.6445 10.0000 -13.9943
v  567.9585 0.0000 -16.3585
v  567.8015 5.0000 -15.1764
v  567.9585 10.0000 -16.3585
v  568.6025 0.0000 -27.8951
v  568.2805 5.0000 -22.1268
v  568.6025 10.0000 -27.8951
v  568.5746 0.0000 -29.1272
v  568.5886 5.0000 -28.5111
v  568.5746 10.0000 -29.1272
v  568.4910 0.0000 -30.3011
v  568.5328 5.0000 -29.7141
v  568.4910 10.0000 -30.3011
v  568.3516 0.0000 -31.4169
v  568.4213 5.0000 -30.8590
v  568.3516 10.0000 -31.4169
v  568.1565 0.0000 -32.4746
v  568.2540 5.0000 -31.9458
v  568.1565 10.0000 -32.4746
v  567.9056 0.0000 -33.4741
v  568.0311 5.0000 -32.9744
v  567.9056 10.0000 -33.4741
v  567.5991 0.0000 -34.4155
v  567.7523 5.0000 -33.9448
v  567.5991 10.0000 -34.4155
v  567.2367 0.0000 -35.2988
v  567.4178 5.0000 -34.8571
v  567.2367 10.0000 -35.2988
v  566.8186 0.0000 -36.1239
v  567.0276 5.0000 -35.7113
v  566.8186 10.0000 -36.1239
v  566.3447 0.0000 -36.8909
v  566.5817 5.0000 -36.5074
v  566.3447 10.0000 -36.8909
v  565.7639 0.0000 -37.6254
v  566.0543 5.0000 -37.2581
v  565.7639 10.0000 -37.6254
v  565.0248 0.0000 -38.3533
v  565.3943 5.0000 -37.9893
v  565.0248 10.0000 -38.3533
v  564.1274 0.0000 -39.0744
v  564.5760 5.0000 -38.7138
v  564.1274 10.0000 -39.0744
v  563.0717 0.0000 -39.7888
v  563.5995 5.0000 -39.4316
v  563.0717 10.0000 -39.7888
v  561.8578 0.0000 -40.4966
v  562.4647 5.0000 -40.1427
v  561.8578 10.0000 -40.4966
v  560.4856 0.0000 -41.1976
v  561.1717 5.0000 -40.8471
v  560.4856 10.0000 -41.1976
v  558.9551 0.0000 -41.8919
v  559.7204 5.0000 -41.5447
v  558.9551 10.0000 -41.8919
v  557.2665 0.0000 -42.5795
v  558.1108 5.0000 -42.2357
v  557.2665 10.0000 -42.5795
v  555.4195 0.0000 -43.2604
v  556.3430 5.0000 -42.9199
v  555.4195 10.0000 -43.2604
v  553.5216 0.0000 -43.9003
v  554.4706 5.0000 -43.5803
v  553.5216 10.0000 -43.9003
v  551.6802 0.0000 -44.4649
v  552.6010 5.0000 -44.1826
v  551.6802 10.0000 -44.4649
v  549.8954 0.0000 -44.9542
v  550.7878 5.0000 -44.7095
v  549.8954 10.0000 -44.9542
v  548.1670 0.0000 -45.3682
v  549.0312 5.0000 -45.1612
v  548.1670 10.0000 -45.3682
v  546.4951 0.0000 -45.7070
v  547.3311 5.0000 -45.5376
v  546.4951 10.0000 -45.7070
v  544.8797 0.0000 -45.9705
v  545.6874 5.0000 -45.8388
v  544.8797 10.0000 -45.9705
v  543.3207 0.0000 -46.1587
v  544.1002 5.0000 -46.0646
v  543.3207 10.0000 -46.1587
v  541.8184 0.0000 -46.2716
v  542.5696 5.0000 -46.2152
v  541.8184 10.0000 -46.2716
v  540.3724 0.0000 -46.3093
v  541.0954 5.0000 -46.2905
v  540.3724 10.0000 -46.3093
v  540.9762 0.0000 -47.3482
v  540.6743 5.0000 -46.8287
v  540.9762 10.0000 -47.3482
v  541.3818 0.0000 -47.8735
v  541.1790 5.0000 -47.6109
v  541.3818 10.0000 -47.8735
v  541.8484 0.0000 -48.3371
v  541.6151 5.0000 -48.1053
v  541.8484 10.0000 -48.3371
v  542.3760 0.0000 -48.7388
v  542.1122 5.0000 -48.5379
v  542.3760 10.0000 -48.7388
v  542.9645 0.0000 -49.0787
v  542.6702 5.0000 -48.9087
v  542.9645 10.0000 -49.0787
v  543.6141 0.0000 -49.3568
v  543.2893 5.0000 -49.2178
v  543.6141 10.0000 -49.3568
v  544.3247 0.0000 -49.5731
v  543.9694 5.0000 -49.4650
v  544.3247 10.0000 -49.5731
v  545.0963 0.0000 -49.7276
v  544.7105 5.0000 -49.6504
v  545.0963 10.0000 -49.7276
v  545.9288 0.0000 -49.8203
v  545.5126 5.0000 -49.7740
v  545.9288 10.0000 -49.8203
v  546.8224 0.0000 -49.8512
v  546.3756 5.0000 -49.8358
v  546.8224 10.0000 -49.8512
v  547.6082 0.0000 -49.8320
v  547.2153 5.0000 -49.8416
v  547.6082 10.0000 -49.8320
v  548.4637 0.0000 -49.7742
v  548.0359 5.0000 -49.8031
v  548.4637 10.0000 -49.7742
v  549.3892 0.0000 -49.6779
v  548.9265 5.0000 -49.7261
v  549.3892 10.0000 -49.6779
v  550.3845 0.0000 -49.5432
v  549.8868 5.0000 -49.6105
v  550.3845 10.0000 -49.5432
v  551.4497 0.0000 -49.3699
v  550.9171 5.0000 -49.4565
v  551.4497 10.0000 -49.3699
v  552.5848 0.0000 -49.1580
v  552.0173 5.0000 -49.2640
v  552.5848 10.0000 -49.1580
v  553.7898 0.0000 -48.9077
v  553.1873 5.0000 -49.0329
v  553.7898 10.0000 -48.9077
v  555.0646 0.0000 -48.6189
v  554.4272 5.0000 -48.7633
v  555.0646 10.0000 -48.6189
v  556.4094 0.0000 -48.2916
v  555.7370 5.0000 -48.4552
v  556.4094 10.0000 -48.2916
v  557.5713 0.0000 -48.0107
v  556.9903 5.0000 -48.1511
v  557.5713 10.0000 -48.0107
v  558.6722 0.0000 -47.7628
v  558.1217 5.0000 -47.8868
v  558.6722 10.0000 -47.7628
v  559.7120 0.0000 -47.5481
v  559.1921 5.0000 -47.6555
v  559.7120 10.0000 -47.5481
v  560.6910 0.0000 -47.3663
v  560.2015 5.0000 -47.4572
v  560.6910 10.0000 -47.3663
v  561.6089 0.0000 -47.2176
v  561.1499 5.0000 -47.2920
v  561.6089 10.0000 -47.2176
v  562.4658 0.0000 -47.1020
v  562.0374 5.0000 -47.1598
v  562.4658 10.0000 -47.1020
v  563.2617 0.0000 -47.0194
v  562.8638 5.0000 -47.0607
v  563.2617 10.0000 -47.0194
v  563.9966 0.0000 -46.9698
v  563.6292 5.0000 -46.9946
v  563.9966 10.0000 -46.9698
v  564.6706 0.0000 -46.9533
v  564.3336 5.0000 -46.9615
v  564.6706 10.0000 -46.9533
v  565.7990 0.0000 -46.9910
v  565.2347 5.0000 -46.9721
v  565.7990 10.0000 -46.9910
v  566.8796 0.0000 -47.1043
v  566.3392 5.0000 -47.0477
v  566.8796 10.0000 -47.1043
v  567.9127 0.0000 -47.2932
v  567.3961 5.0000 -47.1987
v  567.9127 10.0000 -47.2932
v  568.8981 0.0000 -47.5575
v  568.4053 5.0000 -47.4253
v  568.8981 10.0000 -47.5575
v  569.8358 0.0000 -47.8974
v  569.3669 5.0000 -47.7275
v  569.8358 10.0000 -47.8974
v  570.7260 0.0000 -48.3128
v  570.2809 5.0000 -48.1051
v  570.7260 10.0000 -48.3128
v  571.5684 0.0000 -48.8038
v  571.1472 5.0000 -48.5583
v  571.5684 10.0000 -48.8038
v  572.3632 0.0000 -49.3702
v  571.9658 5.0000 -49.0870
v  572.3632 10.0000 -49.3702
v  573.1104 0.0000 -50.0122
v  572.7368 5.0000 -49.6912
v  573.1104 10.0000 -50.0122
v  570.2779 0.0000 -55.0032
v  571.6942 5.0000 -52.5077
v  570.2779 10.0000 -55.0032
v  570.1080 5.0000 -54.7329
v  539.8931 0.0000 -31.2891
v  540.5844 0.0000 -31.1471
v  540.2388 5.0000 -31.2181
v  540.5844 10.0000 -31.1471
v  539.8931 10.0000 -31.2891
v  541.1836 0.0000 -30.9104
v  540.8840 5.0000 -31.0288
v  541.1836 10.0000 -30.9104
v  541.6906 0.0000 -30.5791
v  541.4371 5.0000 -30.7448
v  541.6906 10.0000 -30.5791
v  542.1053 0.0000 -30.1532
v  541.8979 5.0000 -30.3661
v  542.1053 10.0000 -30.1532
v  542.4279 0.0000 -29.6325
v  542.2666 5.0000 -29.8928
v  542.4279 10.0000 -29.6325
v  542.6584 0.0000 -29.0172
v  542.5432 5.0000 -29.3249
v  542.6584 10.0000 -29.0172
v  542.7966 0.0000 -28.3073
v  542.7275 5.0000 -28.6622
v  542.7966 10.0000 -28.3073
v  542.8427 0.0000 -27.5026
v  542.8197 5.0000 -27.9050
v  542.8427 10.0000 -27.5026
v  542.7966 0.0000 -26.6854
v  542.8197 5.0000 -27.0940
v  542.7966 10.0000 -26.6854
v  542.6584 0.0000 -25.9642
v  542.7275 5.0000 -26.3248
v  542.6584 10.0000 -25.9642
v  542.4279 0.0000 -25.3392
v  542.5432 5.0000 -25.6517
v  542.4279 10.0000 -25.3392
v  542.1053 0.0000 -24.8104
v  542.2666 5.0000 -25.0748
v  542.1053 10.0000 -24.8104
v  541.6906 0.0000 -24.3777
v  541.8979 5.0000 -24.5941
v  541.6906 10.0000 -24.3777
v  541.1836 0.0000 -24.0412
v  541.4370 5.0000 -24.2094
v  541.1836 10.0000 -24.0412
v  540.5844 0.0000 -23.8008
v  540.8840 5.0000 -23.9210
v  540.5844 10.0000 -23.8008
v  539.8931 0.0000 -23.6566
v  540.2388 5.0000 -23.7287
v  539.8931 10.0000 -23.6566
v  539.1096 0.0000 -23.6085
v  539.5013 5.0000 -23.6325
v  539.1096 10.0000 -23.6085
v  538.3387 0.0000 -23.6566
v  538.7242 5.0000 -23.6325
v  538.3387 10.0000 -23.6566
v  537.6586 0.0000 -23.8008
v  537.9987 5.0000 -23.7287
v  537.6586 10.0000 -23.8008
v  537.0692 0.0000 -24.0412
v  537.3639 5.0000 -23.9210
v  537.0692 10.0000 -24.0412
v  536.5704 0.0000 -24.3777
v  536.8198 5.0000 -24.2094
v  536.5704 10.0000 -24.3777
v  536.1623 0.0000 -24.8104
v  536.3663 5.0000 -24.5941
v  536.1623 10.0000 -24.8104
v  535.8449 0.0000 -25.3392
v  536.0036 5.0000 -25.0748
v  535.8449 10.0000 -25.3392
v  535.6182 0.0000 -25.9642
v  535.7316 5.0000 -25.6517
v  535.6182 10.0000 -25.9642
v  535.4822 0.0000 -26.6854
v  535.5502 5.0000 -26.3248
v  535.4822 10.0000 -26.6854
v  535.4368 0.0000 -27.5026
v  535.4595 5.0000 -27.0940
v  535.4368 10.0000 -27.5026
v  535.4822 0.0000 -28.3073
v  535.4595 5.0000 -27.9050
v  535.4822 10.0000 -28.3073
v  535.6182 0.0000 -29.0172
v  535.5502 5.0000 -28.6622
v  535.6182 10.0000 -29.0172
v  535.8449 0.0000 -29.6325
v  535.7316 5.0000 -29.3249
v  535.8449 10.0000 -29.6325
v  536.1623 0.0000 -30.1532
v  536.0036 5.0000 -29.8928
v  536.1623 10.0000 -30.1532
v  536.5704 0.0000 -30.5791
v  536.3663 5.0000 -30.3661
v  536.5704 10.0000 -30.5791
v  537.0692 0.0000 -30.9104
v  536.8198 5.0000 -30.7448
v  537.0692 10.0000 -30.9104
v  537.6586 0.0000 -31.1471
v  537.3639 5.0000 -31.0288
v  537.6586 10.0000 -31.1471
v  538.3387 0.0000 -31.2891
v  537.9987 5.0000 -31.2181
v  538.3387 10.0000 -31.2891
v  539.1096 0.0000 -31.3364
v  538.7242 5.0000 -31.3128
v  539.1096 10.0000 -31.3364
v  539.5013 5.0000 -31.3128
v  560.3535 0.0000 14.7668
v  560.2393 0.0000 15.2438
v  560.2964 5.0000 15.0053
v  560.2393 10.0000 15.2438
v  560.3535 10.0000 14.7668
v  560.0489 0.0000 15.6572
v  560.1440 5.0000 15.4505
v  560.0489 10.0000 15.6572
v  559.7823 0.0000 16.0070
v  559.9156 5.0000 15.8321
v  559.7823 10.0000 16.0070
v  559.4397 0.0000 16.2933
v  559.6110 5.0000 16.1502
v  559.4397 10.0000 16.2933
v  559.0209 0.0000 16.5159
v  559.2302 5.0000 16.4046
v  559.0209 10.0000 16.5159
v  558.5259 0.0000 16.6749
v  558.7734 5.0000 16.5954
v  558.5259 10.0000 16.6749
v  557.9547 0.0000 16.7703
v  558.2403 5.0000 16.7226
v  557.9547 10.0000 16.7703
v  557.3074 0.0000 16.8021
v  557.6311 5.0000 16.7862
v  557.3074 10.0000 16.8021
v  556.2215 0.0000 16.7285
v  556.7645 5.0000 16.7653
v  556.2215 10.0000 16.7285
v  555.1685 0.0000 16.5079
v  555.6950 5.0000 16.6182
v  555.1685 10.0000 16.5079
v  554.1484 0.0000 16.1402
v  554.6584 5.0000 16.3241
v  554.1484 10.0000 16.1402
v  553.1613 0.0000 15.6254
v  553.6548 5.0000 15.8828
v  553.1613 10.0000 15.6254
v  552.2070 0.0000 14.9635
v  552.6841 5.0000 15.2945
v  552.2070 10.0000 14.9635
v  551.2856 0.0000 14.1546
v  551.7463 5.0000 14.5590
v  551.2856 10.0000 14.1546
v  550.3972 0.0000 13.1985
v  550.8414 5.0000 13.6765
v  550.3972 10.0000 13.1985
v  549.5417 0.0000 12.0954
v  549.9695 5.0000 12.6469
v  549.5417 10.0000 12.0954
v  548.7192 0.0000 10.8452
v  549.1305 5.0000 11.4703
v  548.7192 10.0000 10.8452
v  545.3382 0.0000 14.2815
v  547.0287 5.0000 12.5633
v  545.3382 10.0000 14.2815
v  542.9584 0.0000 10.6439
v  544.1483 5.0000 12.4627
v  542.9584 10.0000 10.6439
v  543.5086 0.0000 9.5090
v  543.2335 5.0000 10.0764
v  543.5086 10.0000 9.5090
v  543.9940 0.0000 8.3503
v  543.7513 5.0000 8.9296
v  543.9940 10.0000 8.3503
v  544.4147 0.0000 7.1679
v  544.2043 5.0000 7.7591
v  544.4147 10.0000 7.1679
v  544.7707 0.0000 5.9618
v  544.5927 5.0000 6.5648
v  544.7707 10.0000 5.9618
v  545.0619 0.0000 4.7319
v  544.9163 5.0000 5.3469
v  545.0619 10.0000 4.7319
v  545.2885 0.0000 3.4784
v  545.1752 5.0000 4.1051
v  545.2885 10.0000 3.4784
v  545.4503 0.0000 2.2011
v  545.3694 5.0000 2.8397
v  545.4503 10.0000 2.2011
v  545.5474 0.0000 0.9000
v  545.4988 5.0000 1.5505
v  545.5474 10.0000 0.9000
v  545.5797 0.0000 -0.4247
v  545.5635 5.0000 0.2376
v  545.5797 10.0000 -0.4247
v  538.9788 0.0000 -0.4247
v  542.2792 5.0000 -0.4247
v  538.9788 10.0000 -0.4247
v  538.9281 0.0000 0.2996
v  538.9534 5.0000 -0.0626
v  538.9281 10.0000 0.2996
v  538.8567 0.0000 1.0313
v  538.8924 5.0000 0.6655
v  538.8567 10.0000 1.0313
v  538.7644 0.0000 1.7705
v  538.8105 5.0000 1.4009
v  538.7644 10.0000 1.7705
v  538.6513 0.0000 2.5172
v  538.7079 5.0000 2.1439
v  538.6513 10.0000 2.5172
v  538.5174 0.0000 3.2713
v  538.5844 5.0000 2.8943
v  538.5174 10.0000 3.2713
v  538.3627 0.0000 4.0329
v  538.4401 5.0000 3.6521
v  538.3627 10.0000 4.0329
v  538.1873 0.0000 4.8019
v  538.2750 5.0000 4.4174
v  538.1873 10.0000 4.8019
v  537.9909 0.0000 5.5784
v  538.0891 5.0000 5.1902
v  537.9909 10.0000 5.5784
v  537.7738 0.0000 6.3624
v  537.8823 5.0000 5.9704
v  537.7738 10.0000 6.3624
v  537.1848 0.0000 5.9854
v  537.4793 5.0000 6.1739
v  537.1848 10.0000 5.9854
v  536.5706 0.0000 5.6528
v  536.8777 5.0000 5.8191
v  536.5706 10.0000 5.6528
v  535.9310 0.0000 5.3645
v  536.2507 5.0000 5.5086
v  535.9310 10.0000 5.3645
v  535.2662 0.0000 5.1206
v  535.5986 5.0000 5.2425
v  535.2662 10.0000 5.1206
v  534.5760 0.0000 4.9210
v  534.9211 5.0000 5.0208
v  534.5760 10.0000 4.9210
v  533.8607 0.0000 4.7658
v  534.2184 5.0000 4.8434
v  533.8607 10.0000 4.7658
v  533.1200 0.0000 4.6549
v  533.4903 5.0000 4.7104
v  533.1200 10.0000 4.6549
v  532.3540 0.0000 4.5884
v  532.7370 5.0000 4.6217
v  532.3540 10.0000 4.5884
v  531.5628 0.0000 4.5662
v  531.9584 5.0000 4.5773
v  531.5628 10.0000 4.5662
v  530.9042 0.0000 4.5999
v  531.2335 5.0000 4.5831
v  530.9042 10.0000 4.5999
v  530.2679 0.0000 4.7010
v  530.5861 5.0000 4.6505
v  530.2679 10.0000 4.7010
v  529.6540 0.0000 4.8695
v  529.9610 5.0000 4.7852
v  529.6540 10.0000 4.8695
v  529.0624 0.0000 5.1054
v  529.3582 5.0000 4.9874
v  529.0624 10.0000 5.1054
v  528.4930 0.0000 5.4086
v  528.7776 5.0000 5.2570
v  528.4930 10.0000 5.4086
v  527.9459 0.0000 5.7793
v  528.2195 5.0000 5.5940
v  527.9459 10.0000 5.7793
v  527.4211 0.0000 6.2174
v  527.6835 5.0000 5.9983
v  527.4211 10.0000 6.2174
v  526.9187 0.0000 6.7228
v  527.1699 5.0000 6.4701
v  526.9187 10.0000 6.7228
v  526.4385 0.0000 7.2956
v  526.6786 5.0000 7.0092
v  526.4385 10.0000 7.2956
v  525.9955 0.0000 7.9107
v  526.2170 5.0000 7.6032
v  525.9955 10.0000 7.9107
v  525.6047 0.0000 8.5428
v  525.8001 5.0000 8.2267
v  525.6047 10.0000 8.5428
v  525.2660 0.0000 9.1918
v  525.4353 5.0000 8.8673
v  525.2660 10.0000 9.1918
v  524.9794 0.0000 9.8580
v  525.1227 5.0000 9.5249
v  524.9794 10.0000 9.8580
v  524.7448 0.0000 10.5411
v  524.8621 5.0000 10.1995
v  524.7448 10.0000 10.5411
v  524.5624 0.0000 11.2412
v  524.6536 5.0000 10.8911
v  524.5624 10.0000 11.2412
v  524.4321 0.0000 11.9584
v  524.4973 5.0000 11.5998
v  524.4321 10.0000 11.9584
v  524.3540 0.0000 12.6926
v  524.3931 5.0000 12.3255
v  524.3540 10.0000 12.6926
v  524.3279 0.0000 13.4438
v  524.3409 5.0000 13.0682
v  524.3279 10.0000 13.4438
v  524.4210 0.0000 15.5340
v  524.3745 5.0000 14.4889
v  524.4210 10.0000 15.5340
v  524.7001 0.0000 17.3783
v  524.5605 5.0000 16.4561
v  524.7001 10.0000 17.3783
v  525.1653 0.0000 18.9767
v  524.9327 5.0000 18.1775
v  525.1653 10.0000 18.9767
v  525.8167 0.0000 20.3292
v  525.4910 5.0000 19.6529
v  525.8167 10.0000 20.3292
v  526.6541 0.0000 21.4358
v  526.2354 5.0000 20.8825
v  526.6541 10.0000 21.4358
v  527.6776 0.0000 22.2964
v  527.1658 5.0000 21.8661
v  527.6776 10.0000 22.2964
v  528.8872 0.0000 22.9112
v  528.2823 5.0000 22.6038
v  528.8872 10.0000 22.9112
v  530.2829 0.0000 23.2801
v  529.5850 5.0000 23.0956
v  530.2829 10.0000 23.2801
v  531.8647 0.0000 23.4030
v  531.0738 5.0000 23.3415
v  531.8647 10.0000 23.4030
v  533.0609 0.0000 23.3239
v  532.4628 5.0000 23.3635
v  533.0609 10.0000 23.3239
v  534.1841 0.0000 23.0865
v  533.6225 5.0000 23.2052
v  534.1841 10.0000 23.0865
v  535.2344 0.0000 22.6908
v  534.7093 5.0000 22.8887
v  535.2344 10.0000 22.6908
v  536.2119 0.0000 22.1369
v  535.7231 5.0000 22.4139
v  536.2119 10.0000 22.1369
v  537.1163 0.0000 21.4247
v  536.6641 5.0000 21.7808
v  537.1163 10.0000 21.4247
v  537.9479 0.0000 20.5542
v  537.5322 5.0000 20.9895
v  537.9479 10.0000 20.5542
v  538.7066 0.0000 19.5255
v  538.3273 5.0000 20.0399
v  538.7066 10.0000 19.5255
v  539.3923 0.0000 18.3385
v  539.0494 5.0000 18.9320
v  539.3923 10.0000 18.3385
v  540.0051 0.0000 16.9933
v  539.6987 5.0000 17.6659
v  540.0051 10.0000 16.9933
v  543.8314 0.0000 22.9200
v  541.9183 5.0000 19.9567
v  543.8314 10.0000 22.9200
v  548.3972 0.0000 18.2511
v  546.1143 5.0000 20.5856
v  548.3972 10.0000 18.2511
v  549.1904 0.0000 19.2310
v  548.7938 5.0000 18.7410
v  549.1904 10.0000 19.2310
v  550.0149 0.0000 20.0956
v  549.6027 5.0000 19.6633
v  550.0149 10.0000 20.0956
v  550.8705 0.0000 20.8449
v  550.4427 5.0000 20.4703
v  550.8705 10.0000 20.8449
v  551.7575 0.0000 21.4790
v  551.3140 5.0000 21.1620
v  551.7575 10.0000 21.4790
v  552.6757 0.0000 21.9978
v  552.2166 5.0000 21.7384
v  552.6757 10.0000 21.9978
v  553.6252 0.0000 22.4013
v  553.1505 5.0000 22.1995
v  553.6252 10.0000 22.4013
v  554.6058 0.0000 22.6895
v  554.1155 5.0000 22.5454
v  554.6058 10.0000 22.6895
v  555.6178 0.0000 22.8624
v  555.1118 5.0000 22.7759
v  555.6178 10.0000 22.8624
v  556.6609 0.0000 22.9200
v  556.1393 5.0000 22.8912
v  556.6609 10.0000 22.9200
v  559.2686 0.0000 22.7881
v  557.9647 5.0000 22.8541
v  559.2686 10.0000 22.7881
v  561.5694 0.0000 22.3924
v  560.4189 5.0000 22.5903
v  561.5694 10.0000 22.3924
v  563.5635 0.0000 21.7329
v  562.5664 5.0000 22.0627
v  563.5635 10.0000 21.7329
v  565.2507 0.0000 20.8097
v  564.4071 5.0000 21.2713
v  565.2507 10.0000 20.8097
v  566.6312 0.0000 19.6226
v  565.9410 5.0000 20.2161
v  566.6312 10.0000 19.6226
v  567.7050 0.0000 18.1717
v  567.1681 5.0000 18.8971
v  567.7050 10.0000 18.1717
v  568.4719 0.0000 16.4570
v  568.0884 5.0000 17.3144
v  568.4719 10.0000 16.4570
v  568.9321 0.0000 14.4786
v  568.7020 5.0000 15.4678
v  568.9321 10.0000 14.4786
v  569.0854 0.0000 12.2363
v  569.0088 5.0000 13.3574
v  569.0854 10.0000 12.2363
v  569.0854 0.0000 9.2955
v  569.0854 5.0000 10.7659
v  569.0854 10.0000 9.2955
v  568.9850 0.0000 7.1541
v  569.0352 5.0000 8.2248
v  568.9850 10.0000 7.1541
v  568.6835 0.0000 5.2646
v  568.8342 5.0000 6.2094
v  568.6835 10.0000 5.2646
v  568.1810 0.0000 3.6271
v  568.4323 5.0000 4.4458
v  568.1810 10.0000 3.6271
v  567.4775 0.0000 2.2414
v  567.8292 5.0000 2.9342
v  567.4775 10.0000 2.2414
v  566.5730 0.0000 1.1077
v  567.0252 5.0000 1.6746
v  566.5730 10.0000 1.1077
v  565.4675 0.0000 0.2260
v  566.0202 5.0000 0.6669
v  565.4675 10.0000 0.2260
v  564.1609 0.0000 -0.4039
v  564.8142 5.0000 -0.0889
v  564.1609 10.0000 -0.4039
v  562.6535 0.0000 -0.7818
v  563.4072 5.0000 -0.5928
v  562.6535 10.0000 -0.7818
v  560.9450 0.0000 -0.9077
v  561.7993 5.0000 -0.8447
v  560.9450 10.0000 -0.9077
v  559.2745 0.0000 -0.8091
v  560.1097 5.0000 -0.8584
v  559.2745 10.0000 -0.8091
v  557.8005 0.0000 -0.5133
v  558.5375 5.0000 -0.6612
v  557.8005 10.0000 -0.5133
v  556.5231 0.0000 -0.0203
v  557.1619 5.0000 -0.2668
v  556.5231 10.0000 -0.0203
v  555.4423 0.0000 0.6700
v  555.9827 5.0000 0.3248
v  555.4423 10.0000 0.6700
v  554.5579 0.0000 1.5574
v  555.0001 5.0000 1.1137
v  554.5579 10.0000 1.5574
v  553.8700 0.0000 2.6421
v  554.2139 5.0000 2.0997
v  553.8700 10.0000 2.6421
v  553.3787 0.0000 3.9239
v  553.6244 5.0000 3.2830
v  553.3787 10.0000 3.9239
v  553.0839 0.0000 5.4030
v  553.2313 5.0000 4.6635
v  553.0839 10.0000 5.4030
v  552.9857 0.0000 7.0793
v  553.0348 5.0000 6.2412
v  552.9857 10.0000 7.0793
v  553.0095 0.0000 7.6497
v  552.9976 5.0000 7.3645
v  553.0095 10.0000 7.6497
v  553.0809 0.0000 8.2126
v  553.0452 5.0000 7.9312
v  553.0809 10.0000 8.2126
v  553.1999 0.0000 8.7681
v  553.1404 5.0000 8.4904
v  553.1999 10.0000 8.7681
v  553.3665 0.0000 9.3161
v  553.2832 5.0000 9.0421
v  553.3665 10.0000 9.3161
v  553.5807 0.0000 9.8567
v  553.4736 5.0000 9.5864
v  553.5807 10.0000 9.8567
v  553.8427 0.0000 10.3898
v  553.7117 5.0000 10.1233
v  553.8427 10.0000 10.3898
v  554.1521 0.0000 10.9155
v  553.9973 5.0000 10.6527
v  554.1521 10.0000 10.9155
v  554.5092 0.0000 11.4337
v  554.3306 5.0000 11.1746
v  554.5092 10.0000 11.4337
v  554.9138 0.0000 11.9445
v  554.7115 5.0000 11.6891
v  554.9138 10.0000 11.9445
v  555.3624 0.0000 12.4233
v  555.1381 5.0000 12.1839
v  555.3624 10.0000 12.4233
v  555.8509 0.0000 12.8459
v  555.6066 5.0000 12.6346
v  555.8509 10.0000 12.8459
v  556.3795 0.0000 13.2121
v  556.1152 5.0000 13.0290
v  556.3795 10.0000 13.2121
v  556.9481 0.0000 13.5219
v  556.6638 5.0000 13.3670
v  556.9481 10.0000 13.5219
v  557.5567 0.0000 13.7754
v  557.2524 5.0000 13.6487
v  557.5567 10.0000 13.7754
v  558.2054 0.0000 13.9726
v  557.8810 5.0000 13.8740
v  558.2054 10.0000 13.9726
v  558.8940 0.0000 14.1134
v  558.5497 5.0000 14.0430
v  558.8940 10.0000 14.1134
v  559.6228 0.0000 14.1979
v  559.2584 5.0000 14.1557
v  559.6228 10.0000 14.1979
v  560.3915 0.0000 14.2261
v  560.0072 5.0000 14.2120
v  560.3915 10.0000 14.2261
v  560.3725 5.0000 14.4964
v  561.3695 0.0000 3.3200
v  562.0082 0.0000 3.4452
v  561.6888 5.0000 3.3826
v  562.0082 10.0000 3.4452
v  561.3695 10.0000 3.3200
v  562.5617 0.0000 3.6539
v  562.2849 5.0000 3.5495
v  562.5617 10.0000 3.6539
v  563.0300 0.0000 3.9461
v  562.7959 5.0000 3.8000
v  563.0300 10.0000 3.9461
v  563.4133 0.0000 4.3217
v  563.2217 5.0000 4.1339
v  563.4133 10.0000 4.3217
v  563.7113 0.0000 4.7809
v  563.5623 5.0000 4.5513
v  563.7113 10.0000 4.7809
v  563.9242 0.0000 5.3235
v  563.8177 5.0000 5.0522
v  563.9242 10.0000 5.3235
v  564.0519 0.0000 5.9496
v  563.9880 5.0000 5.6366
v  564.0519 10.0000 5.9496
v  564.0945 0.0000 6.6592
v  564.0732 5.0000 6.3044
v  564.0945 10.0000 6.6592
v  564.0527 0.0000 7.3688
v  564.0736 5.0000 7.0140
v  564.0527 10.0000 7.3688
v  563.9272 0.0000 7.9949
v  563.9899 5.0000 7.6818
v  563.9272 10.0000 7.9949
v  563.7180 0.0000 8.5375
v  563.8226 5.0000 8.2662
v  563.7180 10.0000 8.5375
v  563.4252 0.0000 8.9967
v  563.5716 5.0000 8.7671
v  563.4252 10.0000 8.9967
v  563.0487 0.0000 9.3723
v  563.2369 5.0000 9.1845
v  563.0487 10.0000 9.3723
v  562.5885 0.0000 9.6645
v  562.8186 5.0000 9.5184
v  562.5885 10.0000 9.6645
v  562.0447 0.0000 9.8732
v  562.3166 5.0000 9.7688
v  562.0447 10.0000 9.8732
v  561.4172 0.0000 9.9984
v  561.7310 5.0000 9.9358
v  561.4172 10.0000 9.9984
v  560.7060 0.0000 10.0402
v  561.0616 5.0000 10.0193
v  560.7060 10.0000 10.0402
v  559.9304 0.0000 9.9984
v  560.3182 5.0000 10.0193
v  559.9304 10.0000 9.9984
v  559.2461 0.0000 9.8732
v  559.5883 5.0000 9.9358
v  559.2461 10.0000 9.8732
v  558.6530 0.0000 9.6645
v  558.9495 5.0000 9.7688
v  558.6530 10.0000 9.6645
v  558.1511 0.0000 9.3723
v  558.4021 5.0000 9.5184
v  558.1511 10.0000 9.3723
v  557.7405 0.0000 8.9967
v  557.9459 5.0000 9.1845
v  557.7405 10.0000 8.9967
v  557.4212 0.0000 8.5375
v  557.5809 5.0000 8.7671
v  557.4212 10.0000 8.5375
v  557.1931 0.0000 7.9949
v  557.3071 5.0000 8.2662
v  557.1931 10.0000 7.9949
v  557.0562 0.0000 7.3688
v  557.1246 5.0000 7.6818
v  557.0562 10.0000 7.3688
v  557.0106 0.0000 6.6592
v  557.0334 5.0000 7.0140
v  557.0106 10.0000 6.6592
v  557.0555 0.0000 5.9496
v  557.0330 5.0000 6.3044
v  557.0555 10.0000 5.9496
v  557.1901 0.0000 5.3235
v  557.1228 5.0000 5.6366
v  557.1901 10.0000 5.3235
v  557.4145 0.0000 4.7809
v  557.3023 5.0000 5.0522
v  557.4145 10.0000 4.7809
v  557.7286 0.0000 4.3217
v  557.5715 5.0000 4.5513
v  557.7286 10.0000 4.3217
v  558.1325 0.0000 3.9461
v  557.9305 5.0000 4.1339
v  558.1325 10.0000 3.9461
v  558.6262 0.0000 3.6539
v  558.3793 5.0000 3.8000
v  558.6262 10.0000 3.6539
v  559.2096 0.0000 3.4452
v  558.9178 5.0000 3.5495
v  559.2096 10.0000 3.4452
v  559.8827 0.0000 3.3200
v  559.5461 5.0000 3.3826
v  559.8827 10.0000 3.3200
v  560.6456 0.0000 3.2782
v  560.2642 5.0000 3.2991
v  560.6456 10.0000 3.2782
v  561.0076 5.0000 3.2991
v  535.5654 0.0000 13.3237
v  535.4531 0.0000 14.2522
v  535.5093 5.0000 13.7880
v  535.4531 10.0000 14.2522
v  535.5654 10.0000 13.3237
v  535.2661 0.0000 15.0568
v  535.3596 5.0000 14.6545
v  535.2661 10.0000 15.0568
v  535.0041 0.0000 15.7377
v  535.1351 5.0000 15.3973
v  535.0041 10.0000 15.7377
v  534.6672 0.0000 16.2948
v  534.8356 5.0000 16.0162
v  534.6672 10.0000 16.2948
v  534.2556 0.0000 16.7280
v  534.4614 5.0000 16.5114
v  534.2556 10.0000 16.7280
v  533.7691 0.0000 17.0375
v  534.0123 5.0000 16.8828
v  533.7691 10.0000 17.0375
v  533.2078 0.0000 17.2232
v  533.4884 5.0000 17.1303
v  533.2078 10.0000 17.2232
v  532.5715 0.0000 17.2851
v  532.8896 5.0000 17.2541
v  532.5715 10.0000 17.2851
v  531.9227 0.0000 17.2429
v  532.2471 5.0000 17.2640
v  531.9227 10.0000 17.2429
v  531.3502 0.0000 17.1163
v  531.6364 5.0000 17.1796
v  531.3502 10.0000 17.1163
v  530.8539 0.0000 16.9052
v  531.1021 5.0000 17.0107
v  530.8539 10.0000 16.9052
v  530.4341 0.0000 16.6098
v  530.6440 5.0000 16.7575
v  530.4341 10.0000 16.6098
v  530.0906 0.0000 16.2299
v  530.2623 5.0000 16.4199
v  530.0906 10.0000 16.2299
v  529.8234 0.0000 15.7657
v  529.9570 5.0000 15.9978
v  529.8234 10.0000 15.7657
v  529.6326 0.0000 15.2170
v  529.7280 5.0000 15.4913
v  529.6326 10.0000 15.2170
v  529.5180 0.0000 14.5839
v  529.5753 5.0000 14.9004
v  529.5180 10.0000 14.5839
v  529.4799 0.0000 13.8664
v  529.4990 5.0000 14.2251
v  529.4799 10.0000 13.8664
v  529.5090 0.0000 13.0634
v  529.4944 5.0000 13.4649
v  529.5090 10.0000 13.0634
v  529.5967 0.0000 12.3548
v  529.5529 5.0000 12.7091
v  529.5967 10.0000 12.3548
v  529.7426 0.0000 11.7407
v  529.6696 5.0000 12.0478
v  529.7426 10.0000 11.7407
v  529.9470 0.0000 11.2211
v  529.8448 5.0000 11.4809
v  529.9470 10.0000 11.2211
v  530.2097 0.0000 10.7960
v  530.0783 5.0000 11.0085
v  530.2097 10.0000 10.7960
v  530.5308 0.0000 10.4653
v  530.3702 5.0000 10.6306
v  530.5308 10.0000 10.4653
v  530.9103 0.0000 10.2291
v  530.7206 5.0000 10.3472
v  530.9103 10.0000 10.2291
v  531.3483 0.0000 10.0874
v  531.1293 5.0000 10.1583
v  531.3483 10.0000 10.0874
v  531.8445 0.0000 10.0402
v  531.5964 5.0000 10.0638
v  531.8445 10.0000 10.0402
v  532.2383 0.0000 10.0677
v  532.0414 5.0000 10.0539
v  532.2383 10.0000 10.0677
v  532.6379 0.0000 10.1504
v  532.4381 5.0000 10.1090
v  532.6379 10.0000 10.1504
v  533.0436 0.0000 10.2881
v  532.8408 5.0000 10.2192
v  533.0436 10.0000 10.2881
v  533.4553 0.0000 10.4809
v  533.2495 5.0000 10.3845
v  533.4553 10.0000 10.4809
v  533.8729 0.0000 10.7288
v  533.6641 5.0000 10.6049
v  533.8729 10.0000 10.7288
v  534.2964 0.0000 11.0319
v  534.0847 5.0000 10.8804
v  534.2964 10.0000 11.0319
v  534.7260 0.0000 11.3900
v  534.5112 5.0000 11.2109
v  534.7260 10.0000 11.3900
v  535.1614 0.0000 11.8032
v  534.9437 5.0000 11.5966
v  535.1614 10.0000 11.8032
v  535.6028 0.0000 12.2715
v  535.3821 5.0000 12.0373
v  535.6028 10.0000 12.2715
v  535.5841 5.0000 12.7976
v  543.0854 0.0000 -19.3681
v  539.8332 0.0000 9.8234
v  543.9471 10.0000 -17.6002
v  540.8392 10.0000 -22.3678
v  542.2585 10.0000 0.0875
v  546.0711 0.0000 -28.3718
v  546.0015 0.0000 -13.8802
v  544.7352 0.0000 -21.3156
v  544.9810 0.0000 -21.6361
v  545.1653 0.0000 -22.0207
v  545.2882 0.0000 -22.4694
v  547.0699 0.0000 -24.4948
v  545.6613 0.0000 -11.8964
v  547.2665 0.0000 -10.7208
v  547.9289 0.0000 -9.1038
v  549.9616 0.0000 -8.7946
v  551.2638 0.0000 -8.3658
v  552.2776 0.0000 -9.1042
v  553.0789 0.0000 -8.0021
v  554.0607 0.0000 -8.8669
v  555.1722 0.0000 -7.9576
v  556.0142 0.0000 -8.9747
v  557.1863 0.0000 -8.2372
v  558.6249 0.0000 -8.6559
v  559.8672 0.0000 -9.2604
v  560.9131 0.0000 -10.0509
v  561.7626 0.0000 -11.0272
v  562.4158 0.0000 -12.1895
v  562.8727 0.0000 -13.5377
v  564.3859 0.0000 -20.2296
v  565.4016 0.0000 -29.5439
v  565.2977 0.0000 -32.7145
v  563.8143 0.0000 -35.1644
v  562.1736 0.0000 -37.1238
v  559.6490 0.0000 -38.3930
v  557.3513 0.0000 -39.6919
v  554.8498 0.0000 -40.1667
v  552.6885 0.0000 -41.6433
v  549.9871 0.0000 -41.8754
v  547.6232 0.0000 -43.0731
v  545.0336 0.0000 -43.0243
v  542.8369 0.0000 -43.9537
v  540.4919 0.0000 -43.6904
v  556.8860 0.0000 -50.4298
v  534.5469 0.0000 -44.0220
v  558.5822 0.0000 -50.5983
v  555.2017 0.0000 -51.3775
v  553.7831 0.0000 -51.6775
v  552.4590 0.0000 -51.9346
v  551.2293 0.0000 -52.1489
v  550.0941 0.0000 -52.3203
v  549.0532 0.0000 -52.4489
v  548.1069 0.0000 -52.5346
v  547.2549 0.0000 -52.5775
v  546.2711 0.0000 -52.5685
v  545.1302 0.0000 -52.4895
v  544.0341 0.0000 -52.3315
v  542.9826 0.0000 -52.0946
v  541.9757 0.0000 -51.7787
v  541.0134 0.0000 -51.3838
v  540.0958 0.0000 -50.9099
v  539.2228 0.0000 -50.3571
v  538.3944 0.0000 -49.7253
v  536.6245 0.0000 -49.0521
v  536.1757 0.0000 -45.4917
v  559.5663 0.0000 -50.3853
v  560.4271 0.0000 -51.1458
v  560.8882 0.0000 -50.1279
v  561.7308 0.0000 -49.9844
v  562.5161 0.0000 -49.8696
v  563.2441 0.0000 -49.7835
v  563.9147 0.0000 -49.7261
v  564.5280 0.0000 -49.6974
v  565.3123 0.0000 -49.7076
v  566.5975 0.0000 -49.2804
v  567.6748 0.0000 -50.0296
v  568.4973 0.0000 -50.2761
v  569.7255 0.0000 -50.2345
v  570.3865 0.0000 -51.2421
v  571.0201 0.0000 -51.7350
v  570.8614 0.0000 -52.8201
v  571.1088 0.0000 -53.1593
v  532.7912 0.0000 -45.0355
v  531.3018 0.0000 -44.7891
v  530.1523 0.0000 -43.5076
v  545.7640 0.0000 -29.6583
v  545.3137 0.0000 -30.7678
v  544.7201 0.0000 -31.7003
v  543.9834 0.0000 -32.4557
v  542.9791 0.0000 -33.6346
v  541.2366 0.0000 -33.5651
v  540.3915 0.0000 -32.8675
v  539.5697 0.0000 -33.7124
v  538.1846 0.0000 -33.6035
v  537.5693 0.0000 -32.7224
v  536.6324 0.0000 -33.2439
v  535.6130 0.0000 -32.7754
v  534.7634 0.0000 -32.1508
v  534.0838 0.0000 -31.3701
v  533.5740 0.0000 -30.4331
v  533.2343 0.0000 -29.3401
v  533.0643 0.0000 -28.0908
v  533.0645 0.0000 -26.7984
v  533.2350 0.0000 -25.6147
v  533.5762 0.0000 -24.5791
v  534.0879 0.0000 -23.6913
v  534.7701 0.0000 -22.9516
v  535.6229 0.0000 -22.3597
v  536.6463 0.0000 -21.9159
v  537.8403 0.0000 -21.6200
v  538.6898 0.0000 -22.2088
v  539.5934 0.0000 -21.4720
v  540.4091 0.0000 -22.2396
v  540.8392 0.0000 -22.3678
v  539.0905 0.0000 14.7127
v  535.8870 0.0000 9.8518
v  541.0433 0.0000 6.8647
v  541.3409 0.0000 5.8775
v  540.4402 0.0000 4.9322
v  541.6782 0.0000 4.4995
v  541.8798 0.0000 3.4997
v  542.0386 0.0000 2.4918
v  541.0238 0.0000 1.6676
v  542.1956 0.0000 1.1080
v  542.2585 0.0000 0.0875
v  535.5987 0.0000 9.5947
v  535.7820 0.0000 8.5271
v  535.4029 0.0000 7.6425
v  534.4240 0.0000 7.8135
v  533.8769 0.0000 7.0492
v  532.9642 0.0000 7.4097
v  532.2239 0.0000 6.7835
v  531.1855 0.0000 6.7989
v  529.9560 0.0000 6.7335
v  529.0602 0.0000 7.6199
v  527.9191 0.0000 8.2346
v  527.4046 0.0000 9.5325
v  526.9359 0.0000 10.5105
v  527.1616 0.0000 11.4694
v  526.4908 0.0000 12.2621
v  526.9177 0.0000 13.2665
v  526.9367 0.0000 14.3570
v  527.0679 0.0000 15.6783
v  528.0520 0.0000 16.1203
v  527.4448 0.0000 17.0876
v  527.6321 0.0000 18.7163
v  528.9049 0.0000 19.3118
v  529.6922 0.0000 19.8073
v  530.8615 0.0000 20.7907
v  532.3549 0.0000 20.3137
v  533.2560 0.0000 20.2297
v  534.5214 0.0000 20.4350
v  535.8602 0.0000 19.5763
v  536.3943 0.0000 18.2756
v  536.9426 0.0000 17.4741
v  537.4169 0.0000 16.5316
v  536.9081 0.0000 15.4341
v  547.8664 0.0000 12.4073
v  544.3929 0.0000 18.1115
v  539.8662 0.0000 12.6301
v  548.4186 0.0000 14.4566
v  550.0267 0.0000 15.2014
v  550.2701 0.0000 16.6500
v  551.1434 0.0000 17.4789
v  551.9905 0.0000 18.8370
v  553.4750 0.0000 19.7052
v  555.0477 0.0000 20.2379
v  556.4519 0.0000 19.8283
v  557.7979 0.0000 19.8201
v  558.5830 0.0000 18.7444
v  559.5962 0.0000 19.5928
v  560.8983 0.0000 19.2336
v  562.0090 0.0000 18.7107
v  562.9283 0.0000 18.0241
v  563.6561 0.0000 17.1738
v  564.1924 0.0000 16.1598
v  563.6018 0.0000 13.3000
v  565.1865 0.0000 10.2018
v  564.5217 0.0000 11.3388
v  565.9137 0.0000 11.4379
v  565.4095 0.0000 9.9235
v  565.5769 0.0000 9.5896
v  565.6885 0.0000 9.2000
v  567.0606 0.0000 8.5428
v  566.4537 0.0000 6.2569
v  566.2101 0.0000 5.0412
v  565.8235 0.0000 3.9932
v  565.2938 0.0000 3.1129
v  564.6210 0.0000 2.4004
v  563.8051 0.0000 1.8555
v  562.8461 0.0000 1.4784
v  561.7440 0.0000 1.2689
v  560.9867 0.0000 1.8968
v  560.1870 0.0000 1.2203
v  559.0419 0.0000 1.3607
v  558.0399 0.0000 1.6414
v  557.1810 0.0000 2.0624
v  556.4653 0.0000 2.6238
v  555.8928 0.0000 3.3255
v  555.4633 0.0000 4.1676
v  555.1771 0.0000 5.1500
v  555.0339 0.0000 6.2728
v  554.6285 0.0000 7.3939
v  554.7793 0.0000 8.3321
v  555.0808 0.0000 9.2190
v  555.5331 0.0000 10.0546
v  556.0880 0.0000 11.1694
v  557.1965 0.0000 11.7233
v  558.1218 0.0000 12.1615
v  559.1797 0.0000 12.4311
v  560.1627 0.0000 12.1157
v  560.8383 0.0000 11.4216
v  547.0699 10.0000 -24.4948
v  540.4091 10.0000 -22.2396
v  539.5934 10.0000 -21.4720
v  538.6898 10.0000 -22.2088
v  537.8403 10.0000 -21.6200
v  536.6463 10.0000 -21.9159
v  535.6229 10.0000 -22.3597
v  534.7701 10.0000 -22.9516
v  534.0879 10.0000 -23.6913
v  533.5762 10.0000 -24.5791
v  533.2350 10.0000 -25.6147
v  533.0645 10.0000 -26.7984
v  533.0643 10.0000 -28.0908
v  533.2343 10.0000 -29.3401
v  533.5740 10.0000 -30.4331
v  534.0838 10.0000 -31.3701
v  534.7634 10.0000 -32.1508
v  535.6130 10.0000 -32.7754
v  536.6324 10.0000 -33.2439
v  537.5693 10.0000 -32.7224
v  538.1846 10.0000 -33.6035
v  539.5697 10.0000 -33.7124
v  540.3915 10.0000 -32.8675
v  541.2366 10.0000 -33.5651
v  542.9791 10.0000 -33.6346
v  543.9834 10.0000 -32.4557
v  544.7201 10.0000 -31.7003
v  545.3137 10.0000 -30.7678
v  545.7640 10.0000 -29.6583
v  546.0710 10.0000 -28.3718
v  545.2882 10.0000 -22.4694
v  545.1653 10.0000 -22.0207
v  544.9810 10.0000 -21.6361
v  544.7352 10.0000 -21.3156
v  540.4919 10.0000 -43.6904
v  530.1523 10.0000 -43.5076
v  542.8369 10.0000 -43.9537
v  545.0336 10.0000 -43.0243
v  547.6232 10.0000 -43.0731
v  549.9871 10.0000 -41.8754
v  552.6885 10.0000 -41.6433
v  554.8498 10.0000 -40.1667
v  557.3514 10.0000 -39.6919
v  559.6490 10.0000 -38.3930
v  562.1736 10.0000 -37.1238
v  563.8143 10.0000 -35.1644
v  565.2977 10.0000 -32.7145
v  565.4016 10.0000 -29.5439
v  564.3859 10.0000 -20.2296
v  562.8727 10.0000 -13.5377
v  562.4158 10.0000 -12.1895
v  561.7626 10.0000 -11.0272
v  560.9131 10.0000 -10.0509
v  559.8672 10.0000 -9.2604
v  558.6249 10.0000 -8.6559
v  557.1863 10.0000 -8.2372
v  556.0142 10.0000 -8.9747
v  555.1722 10.0000 -7.9576
v  554.0607 10.0000 -8.8669
v  553.0789 10.0000 -8.0021
v  552.2776 10.0000 -9.1042
v  551.2638 10.0000 -8.3658
v  549.9616 10.0000 -8.7946
v  547.9289 10.0000 -9.1038
v  547.2665 10.0000 -10.7208
v  545.6613 10.0000 -11.8964
v  536.6245 10.0000 -49.0521
v  531.3018 10.0000 -44.7891
v  532.7912 10.0000 -45.0355
v  534.5469 10.0000 -44.0220
v  536.1757 10.0000 -45.4917
v  538.3944 10.0000 -49.7253
v  539.2228 10.0000 -50.3571
v  540.0958 10.0000 -50.9099
v  541.0134 10.0000 -51.3838
v  541.9757 10.0000 -51.7787
v  542.9826 10.0000 -52.0946
v  544.0341 10.0000 -52.3315
v  545.1302 10.0000 -52.4895
v  546.2711 10.0000 -52.5685
v  547.2549 10.0000 -52.5775
v  548.1069 10.0000 -52.5346
v  549.0532 10.0000 -52.4489
v  550.0941 10.0000 -52.3203
v  551.2293 10.0000 -52.1489
v  552.4590 10.0000 -51.9346
v  553.7831 10.0000 -51.6775
v  555.2017 10.0000 -51.3775
v  571.1088 10.0000 -53.1593
v  570.8614 10.0000 -52.8201
v  571.0201 10.0000 -51.7350
v  570.3865 10.0000 -51.2421
v  569.7255 10.0000 -50.2345
v  568.4973 10.0000 -50.2761
v  567.6748 10.0000 -50.0296
v  566.5975 10.0000 -49.2804
v  565.3123 10.0000 -49.7076
v  564.5280 10.0000 -49.6974
v  563.9147 10.0000 -49.7261
v  563.2441 10.0000 -49.7835
v  562.5161 10.0000 -49.8696
v  561.7308 10.0000 -49.9844
v  560.8882 10.0000 -50.1279
v  560.4271 10.0000 -51.1458
v  559.5663 10.0000 -50.3853
v  558.5822 10.0000 -50.5983
v  556.8860 10.0000 -50.4298
v  542.1956 10.0000 1.1080
v  541.0238 10.0000 1.6676
v  542.0386 10.0000 2.4918
v  541.8798 10.0000 3.4997
v  541.6782 10.0000 4.4995
v  540.4402 10.0000 4.9322
v  541.3409 10.0000 5.8775
v  541.7734 10.0000 7.9353
v  539.0905 10.0000 14.7127
v  536.9081 10.0000 15.4341
v  537.4169 10.0000 16.5316
v  536.9426 10.0000 17.4741
v  536.3943 10.0000 18.2756
v  535.8602 10.0000 19.5763
v  534.5214 10.0000 20.4350
v  533.2560 10.0000 20.2297
v  532.3549 10.0000 20.3137
v  530.8615 10.0000 20.7907
v  529.6922 10.0000 19.8073
v  528.9049 10.0000 19.3118
v  527.6321 10.0000 18.7163
v  527.4448 10.0000 17.0876
v  528.0520 10.0000 16.1203
v  527.0679 10.0000 15.6783
v  526.9367 10.0000 14.3570
v  526.9177 10.0000 13.2665
v  526.4908 10.0000 12.2621
v  527.1616 10.0000 11.4694
v  526.9359 10.0000 10.5105
v  527.4046 10.0000 9.5325
v  527.9191 10.0000 8.2346
v  529.0602 10.0000 7.6199
v  529.9560 10.0000 6.7335
v  531.1855 10.0000 6.7989
v  532.2239 10.0000 6.7835
v  532.9642 10.0000 7.4097
v  533.8769 10.0000 7.0492
v  534.4240 10.0000 7.8135
v  535.4029 10.0000 7.6425
v  535.7820 10.0000 8.5271
v  535.5987 10.0000 9.5947
v  535.8870 10.0000 9.8518
v  537.8741 10.0000 10.2702
v  539.8662 10.0000 12.6301
v  547.9991 10.0000 13.8683
v  565.9137 10.0000 11.4379
v  565.1865 10.0000 10.2018
v  544.3929 10.0000 18.1115
v  564.5217 10.0000 11.3388
v  563.6018 10.0000 13.3000
v  560.8383 10.0000 11.4216
v  564.1924 10.0000 16.1598
v  563.6561 10.0000 17.1738
v  562.9283 10.0000 18.0241
v  562.0090 10.0000 18.7107
v  560.8983 10.0000 19.2336
v  559.5962 10.0000 19.5928
v  558.5830 10.0000 18.7444
v  557.7979 10.0000 19.8201
v  556.4519 10.0000 19.8283
v  555.0477 10.0000 20.2379
v  553.4750 10.0000 19.7052
v  551.9905 10.0000 18.8370
v  551.1434 10.0000 17.4789
v  550.2701 10.0000 16.6500
v  550.0267 10.0000 15.2014
v  549.4454 10.0000 14.5150
v  560.1627 10.0000 12.1157
v  559.1797 10.0000 12.4311
v  558.1218 10.0000 12.1615
v  557.1965 10.0000 11.7233
v  556.0880 10.0000 11.1694
v  555.5331 10.0000 10.0546
v  555.0808 10.0000 9.2190
v  554.7793 10.0000 8.3321
v  554.6285 10.0000 7.3939
v  555.0339 10.0000 6.2728
v  555.1771 10.0000 5.1500
v  555.4633 10.0000 4.1676
v  555.8928 10.0000 3.3255
v  556.4653 10.0000 2.6238
v  557.1810 10.0000 2.0624
v  558.0399 10.0000 1.6414
v  559.0418 10.0000 1.3607
v  560.1870 10.0000 1.2203
v  560.9867 10.0000 1.8968
v  561.7440 10.0000 1.2689
v  562.8461 10.0000 1.4784
v  563.8051 10.0000 1.8555
v  564.6209 10.0000 2.4004
v  565.2938 10.0000 3.1129
v  565.8235 10.0000 3.9932
v  566.2101 10.0000 5.0412
v  566.4537 10.0000 6.2569
v  567.0606 10.0000 8.5428
v  565.6885 10.0000 9.2000
v  565.5769 10.0000 9.5896
v  565.4095 10.0000 9.9235
# 1749 vertices

vn -0.5578 -0.7231 -0.4074
vn -0.4945 -0.7236 -0.4816
vn -0.7644 0.0000 -0.6447
vn -0.4945 0.7236 -0.4816
vn -0.5578 0.7231 -0.4074
vn -0.4214 -0.7233 -0.5470
vn -0.6646 0.0000 -0.7472
vn -0.4214 0.7233 -0.5470
vn -0.3428 -0.7225 -0.6004
vn -0.5528 0.0000 -0.8333
vn -0.3428 0.7225 -0.6004
vn -0.2636 -0.7212 -0.6406
vn -0.4366 0.0000 -0.8997
vn -0.2636 0.7212 -0.6406
vn -0.1878 -0.7197 -0.6684
vn -0.3230 0.0000 -0.9464
vn -0.1878 0.7197 -0.6684
vn -0.1181 -0.7182 -0.6858
vn -0.2172 0.0000 -0.9761
vn -0.1181 0.7182 -0.6858
vn -0.0557 -0.7167 -0.6951
vn -0.1218 0.0000 -0.9926
vn -0.0557 0.7167 -0.6951
vn -0.0046 -0.7142 -0.6999
vn -0.0379 0.0000 -0.9993
vn -0.0046 0.7142 -0.6999
vn 0.0319 -0.7118 -0.7016
vn 0.0246 0.0000 -0.9997
vn 0.0319 0.7118 -0.7016
vn 0.0587 -0.7110 -0.7008
vn 0.0664 0.0000 -0.9978
vn 0.0587 0.7110 -0.7008
vn 0.0807 -0.7103 -0.6992
vn 0.1005 0.0000 -0.9949
vn 0.0807 0.7103 -0.6992
vn 0.0991 -0.7098 -0.6974
vn 0.1288 0.0000 -0.9917
vn 0.0991 0.7098 -0.6974
vn 0.1146 -0.7094 -0.6954
vn 0.1525 0.0000 -0.9883
vn 0.1146 0.7094 -0.6954
vn 0.1279 -0.7091 -0.6934
vn 0.1727 0.0000 -0.9850
vn 0.1279 0.7091 -0.6934
vn 0.1394 -0.7088 -0.6914
vn 0.1901 0.0000 -0.9818
vn 0.1394 0.7088 -0.6914
vn 0.1495 -0.7086 -0.6896
vn 0.2052 0.0000 -0.9787
vn 0.1495 0.7086 -0.6896
vn 0.1551 -0.7073 -0.6897
vn 0.2184 0.0000 -0.9759
vn 0.1551 0.7073 -0.6897
vn 0.1521 -0.7058 -0.6919
vn 0.2204 0.0000 -0.9754
vn 0.1521 0.7058 -0.6919
vn 0.1434 -0.7056 -0.6940
vn 0.2090 0.0000 -0.9779
vn 0.1434 0.7056 -0.6940
vn 0.1332 -0.7053 -0.6963
vn 0.1957 0.0000 -0.9807
vn 0.1332 0.7053 -0.6963
vn 0.1210 -0.7050 -0.6988
vn 0.1800 0.0000 -0.9837
vn 0.1210 0.7050 -0.6988
vn 0.1064 -0.7045 -0.7017
vn 0.1613 0.0000 -0.9869
vn 0.1064 0.7045 -0.7017
vn 0.0885 -0.7039 -0.7047
vn 0.1386 0.0000 -0.9904
vn 0.0885 0.7039 -0.7047
vn 0.0659 -0.7031 -0.7080
vn 0.1105 0.0000 -0.9939
vn 0.0659 0.7031 -0.7080
vn 0.0369 -0.7019 -0.7113
vn 0.0749 0.0000 -0.9972
vn 0.0369 0.7019 -0.7113
vn -0.0017 -0.7002 -0.7140
vn 0.0286 0.0000 -0.9996
vn -0.0017 0.7002 -0.7140
vn -0.0485 -0.6994 -0.7130
vn -0.0335 0.0000 -0.9994
vn -0.0485 0.6994 -0.7130
vn -0.0981 -0.6992 -0.7081
vn -0.1022 0.0000 -0.9948
vn -0.0981 0.6992 -0.7081
vn -0.1482 -0.6991 -0.6995
vn -0.1721 0.0000 -0.9851
vn -0.1482 0.6991 -0.6995
vn -0.1981 -0.6991 -0.6870
vn -0.2422 0.0000 -0.9702
vn -0.1981 0.6991 -0.6870
vn -0.2470 -0.6991 -0.6710
vn -0.3116 0.0000 -0.9502
vn -0.2470 0.6991 -0.6710
vn -0.2942 -0.6992 -0.6516
vn -0.3790 0.0000 -0.9254
vn -0.2942 0.6992 -0.6516
vn -0.3389 -0.6994 -0.6293
vn -0.4435 0.0000 -0.8963
vn -0.3389 0.6994 -0.6293
vn -0.3807 -0.6997 -0.6046
vn -0.5043 0.0000 -0.8635
vn -0.3807 0.6997 -0.6046
vn -0.4214 -0.6993 -0.5774
vn -0.5608 0.0000 -0.8279
vn -0.4214 0.6993 -0.5774
vn -0.4650 -0.6980 -0.5446
vn -0.6175 0.0000 -0.7866
vn -0.4650 0.6980 -0.5446
vn -0.5112 -0.6970 -0.5029
vn -0.6800 0.0000 -0.7332
vn -0.5112 0.6970 -0.5029
vn -0.5577 -0.6960 -0.4523
vn -0.7441 0.0000 -0.6681
vn -0.5577 0.6960 -0.4523
vn -0.6025 -0.6951 -0.3922
vn -0.8073 0.0000 -0.5902
vn -0.6025 0.6951 -0.3922
vn -0.6429 -0.6944 -0.3231
vn -0.8663 0.0000 -0.4994
vn -0.6429 0.6944 -0.3231
vn -0.6765 -0.6941 -0.2464
vn -0.9178 0.0000 -0.3971
vn -0.6765 0.6941 -0.2464
vn -0.7009 -0.6940 -0.1648
vn -0.9582 0.0000 -0.2861
vn -0.7009 0.6940 -0.1648
vn -0.7150 -0.6943 -0.0817
vn -0.9853 0.0000 -0.1708
vn -0.7150 0.6943 -0.0817
vn -0.6000 -0.5755 0.5557
vn -0.9984 0.0000 -0.0558
vn -0.6000 0.5755 0.5557
vn -0.0279 -0.7114 0.7022
vn -0.0208 0.0000 0.9998
vn -0.0279 0.7114 0.7022
vn -0.0529 -0.7109 0.7013
vn -0.0585 0.0000 0.9983
vn -0.0529 0.7109 0.7013
vn -0.0751 -0.7105 0.6997
vn -0.0919 0.0000 0.9958
vn -0.0751 0.7105 0.6997
vn -0.0948 -0.7101 0.6977
vn -0.1214 0.0000 0.9926
vn -0.0948 0.7101 0.6977
vn -0.1124 -0.7098 0.6954
vn -0.1477 0.0000 0.9890
vn -0.1124 0.7098 0.6954
vn -0.1281 -0.7095 0.6929
vn -0.1713 0.0000 0.9852
vn -0.1281 0.7095 0.6929
vn -0.1423 -0.7093 0.6904
vn -0.1924 0.0000 0.9813
vn -0.1423 0.7093 0.6904
vn -0.1552 -0.7091 0.6878
vn -0.2114 0.0000 0.9774
vn -0.1552 0.7091 0.6878
vn -0.1770 -0.7126 0.6789
vn -0.2287 0.0000 0.9735
vn -0.1770 0.7126 0.6789
vn -0.2228 -0.7177 0.6597
vn -0.2757 0.0000 0.9613
vn -0.2228 0.7177 0.6597
vn -0.2881 -0.7199 0.6314
vn -0.3636 0.0000 0.9316
vn -0.2881 0.7199 0.6314
vn -0.3619 -0.7224 0.5892
vn -0.4653 0.0000 0.8851
vn -0.3619 0.7224 0.5892
vn -0.4414 -0.7251 0.5286
vn -0.5791 0.0000 0.8152
vn -0.4414 0.7251 0.5286
vn -0.5208 -0.7274 0.4469
vn -0.6989 0.0000 0.7152
vn -0.5208 0.7274 0.4469
vn -0.5915 -0.7287 0.3453
vn -0.8130 0.0000 0.5823
vn -0.5915 0.7287 0.3453
vn -0.6452 -0.7285 0.2303
vn -0.9068 0.0000 0.4216
vn -0.6452 0.7285 0.2303
vn -0.6774 -0.7269 0.1124
vn -0.9688 0.0000 0.2477
vn -0.6774 0.7269 0.1124
vn -0.6910 -0.7228 0.0071
vn -0.9969 0.0000 0.0784
vn -0.6910 0.7228 0.0071
vn -0.6967 -0.7145 -0.0634
vn -0.9983 0.0000 -0.0580
vn -0.6967 0.7145 -0.0634
vn -0.6784 -0.7228 -0.1316
vn -0.9924 0.0000 -0.1231
vn -0.6784 0.7228 -0.1316
vn -0.6479 -0.7260 -0.2305
vn -0.9664 0.0000 -0.2569
vn -0.6479 0.7260 -0.2305
vn -0.5945 -0.7290 -0.3392
vn -0.9115 0.0000 -0.4112
vn -0.5945 0.7290 -0.3392
vn -0.5149 -0.7309 -0.4480
vn -0.8177 0.0000 -0.5756
vn -0.5149 0.7309 -0.4480
vn -0.4127 -0.7309 -0.5435
vn -0.6832 0.0000 -0.7303
vn -0.4127 0.7309 -0.5435
vn -0.2991 -0.7290 -0.6157
vn -0.5200 0.0000 -0.8542
vn -0.2991 0.7290 -0.6157
vn -0.1874 -0.7260 -0.6617
vn -0.3501 0.0000 -0.9367
vn -0.1874 0.7260 -0.6617
vn -0.0870 -0.7227 -0.6857
vn -0.1930 0.0000 -0.9812
vn -0.0870 0.7227 -0.6857
vn 0.0016 -0.7210 -0.6929
vn -0.0583 0.0000 -0.9983
vn 0.0016 0.7210 -0.6929
vn 0.0936 -0.7239 -0.6835
vn 0.0629 0.0000 -0.9980
vn 0.0936 0.7239 -0.6835
vn 0.2004 -0.7272 -0.6565
vn 0.2076 0.0000 -0.9782
vn 0.2004 0.7272 -0.6565
vn 0.3169 -0.7300 -0.6055
vn 0.3740 0.0000 -0.9274
vn 0.3169 0.7300 -0.6055
vn 0.4317 -0.7313 -0.5280
vn 0.5489 0.0000 -0.8359
vn 0.4317 0.7313 -0.5280
vn 0.5310 -0.7306 -0.4292
vn 0.7102 0.0000 -0.7040
vn 0.5310 0.7306 -0.4292
vn 0.6056 -0.7281 -0.3211
vn 0.8373 0.0000 -0.5468
vn 0.6056 0.7281 -0.3211
vn 0.6540 -0.7249 -0.2164
vn 0.9223 0.0000 -0.3864
vn 0.6540 0.7249 -0.2164
vn 0.6812 -0.7217 -0.1231
vn 0.9708 0.0000 -0.2400
vn 0.6812 0.7217 -0.1231
vn 0.6980 -0.7135 -0.0610
vn 0.9934 0.0000 -0.1151
vn 0.6980 0.7135 -0.0610
vn 0.7098 -0.7020 -0.0581
vn 0.9983 0.0000 -0.0590
vn 0.7098 0.7020 -0.0581
vn 0.7100 -0.6949 -0.1143
vn 0.9946 0.0000 -0.1041
vn 0.7100 0.6949 -0.1143
vn 0.6930 -0.6920 -0.2019
vn 0.9770 0.0000 -0.2134
vn 0.6930 0.6920 -0.2019
vn 0.6573 -0.6889 -0.3055
vn 0.9387 0.0000 -0.3447
vn 0.6573 0.6889 -0.3055
vn 0.5943 -0.6859 -0.4199
vn 0.8687 0.0000 -0.4953
vn 0.5943 0.6859 -0.4199
vn 0.4987 -0.6841 -0.5323
vn 0.7570 0.0000 -0.6535
vn 0.4987 0.6841 -0.5323
vn 0.3756 -0.6840 -0.6253
vn 0.6027 0.0000 -0.7979
vn 0.3756 0.6840 -0.6253
vn 0.2409 -0.6858 -0.6867
vn 0.4213 0.0000 -0.9069
vn 0.2409 0.6858 -0.6867
vn 0.1128 -0.6888 -0.7162
vn 0.2376 0.0000 -0.9714
vn 0.1128 0.6888 -0.7162
vn 0.0076 -0.6934 -0.7205
vn 0.0725 0.0000 -0.9974
vn 0.0076 0.6934 -0.7205
vn -0.0806 -0.6937 -0.7158
vn -0.0513 0.0000 -0.9987
vn -0.0806 0.6937 -0.7158
vn -0.1779 -0.6905 -0.7011
vn -0.1779 0.6905 -0.7011
vn -0.2935 -0.6871 -0.6647
vn -0.3185 0.0000 -0.9479
vn -0.2935 0.6871 -0.6647
vn -0.4194 -0.6842 -0.5966
vn -0.4859 0.0000 -0.8740
vn -0.4194 0.6842 -0.5966
vn -0.5389 -0.6829 -0.4932
vn -0.6579 0.0000 -0.7531
vn -0.5389 0.6829 -0.4932
vn -0.6325 -0.6838 -0.3639
vn -0.8083 0.0000 -0.5888
vn -0.6325 0.6838 -0.3639
vn -0.6903 -0.6864 -0.2287
vn -0.9152 0.0000 -0.4029
vn -0.6903 0.6864 -0.2287
vn -0.7163 -0.6898 -0.1054
vn -0.9748 0.0000 -0.2232
vn -0.7163 0.6898 -0.1054
vn -0.7223 -0.6916 0.0023
vn -0.9977 0.0000 -0.0672
vn -0.7223 0.6916 0.0023
vn -0.7162 -0.6883 0.1153
vn -0.9973 0.0000 0.0735
vn -0.7162 0.6883 0.1153
vn -0.6851 -0.6849 0.2481
vn -0.9700 0.0000 0.2432
vn -0.6851 0.6849 0.2481
vn -0.6185 -0.6828 0.3889
vn -0.9007 0.0000 0.4343
vn -0.6185 0.6828 0.3889
vn -0.5166 -0.6828 0.5167
vn -0.7817 0.0000 0.6237
vn -0.5166 0.6828 0.5167
vn -0.3941 -0.6849 0.6128
vn -0.6236 0.0000 0.7818
vn -0.3941 0.6849 0.6128
vn -0.2716 -0.6883 0.6727
vn -0.4526 0.0000 0.8917
vn -0.2716 0.6883 0.6727
vn -0.1632 -0.6918 0.7035
vn -0.2933 0.0000 0.9560
vn -0.1632 0.6918 0.7035
vn -0.0736 -0.6948 0.7154
vn -0.1575 0.0000 0.9875
vn -0.0736 0.6948 0.7154
vn -0.3176 -0.8829 0.3458
vn -0.0469 0.0000 0.9989
vn -0.3176 0.8829 0.3458
vn -0.7023 -0.7047 0.1007
vn -0.9913 0.0000 0.1314
vn -0.7023 0.7047 0.1007
vn -0.7048 -0.6883 0.1717
vn -0.9883 0.0000 0.1524
vn -0.7048 0.6883 0.1717
vn -0.6636 -0.6856 0.2993
vn -0.9477 0.0000 0.3192
vn -0.6636 0.6856 0.2993
vn -0.5902 -0.6841 0.4285
vn -0.8666 0.0000 0.4989
vn -0.5902 0.6841 0.4285
vn -0.4880 -0.6845 0.5415
vn -0.7428 0.0000 0.6695
vn -0.4880 0.6845 0.5415
vn -0.3714 -0.6866 0.6250
vn -0.5890 0.0000 0.8081
vn -0.3714 0.6866 0.6250
vn -0.2568 -0.6896 0.6771
vn -0.4281 0.0000 0.9037
vn -0.2568 0.6896 0.6771
vn -0.1554 -0.6926 0.7043
vn -0.2790 0.0000 0.9603
vn -0.1554 0.6926 0.7043
vn -0.0706 -0.6953 0.7152
vn -0.1510 0.0000 0.9885
vn -0.0706 0.6953 0.7152
vn 0.0019 -0.6965 0.7176
vn -0.0453 0.0000 0.9990
vn 0.0019 0.6965 0.7176
vn 0.0788 -0.6940 0.7156
vn 0.0505 0.0000 0.9987
vn 0.0788 0.6940 0.7156
vn 0.1727 -0.6912 0.7017
vn 0.1681 0.0000 0.9858
vn 0.1727 0.6912 0.7017
vn 0.2829 -0.6881 0.6682
vn 0.3087 0.0000 0.9511
vn 0.2829 0.6881 0.6682
vn 0.4026 -0.6856 0.6066
vn 0.4681 0.0000 0.8837
vn 0.4026 0.6856 0.6066
vn 0.5178 -0.6843 0.5135
vn 0.6325 0.0000 0.7746
vn 0.5178 0.6843 0.5135
vn 0.6118 -0.6849 0.3959
vn 0.7798 0.0000 0.6260
vn 0.6118 0.6849 0.3959
vn 0.6747 -0.6870 0.2697
vn 0.8906 0.0000 0.4548
vn 0.6747 0.6870 0.2697
vn 0.7079 -0.6900 0.1510
vn 0.9587 0.0000 0.2843
vn 0.7079 0.6900 0.1510
vn 0.7123 -0.6986 0.0671
vn 0.9913 0.0000 0.1316
vn 0.7123 0.6986 0.0671
vn 0.7156 -0.6984 0.0119
vn 0.9984 0.0000 0.0557
vn 0.7156 0.6984 0.0119
vn 0.7117 -0.7017 -0.0334
vn 0.9997 0.0000 -0.0226
vn 0.7117 0.7017 -0.0334
vn 0.7096 -0.7012 -0.0695
vn 0.9975 0.0000 -0.0711
vn 0.7096 0.7012 -0.0695
vn 0.7052 -0.7006 -0.1090
vn 0.9923 0.0000 -0.1239
vn 0.7052 0.7006 -0.1090
vn 0.6978 -0.7000 -0.1518
vn 0.9834 0.0000 -0.1814
vn 0.6978 0.7000 -0.1518
vn 0.6868 -0.6994 -0.1978
vn 0.9699 0.0000 -0.2434
vn 0.6868 0.6994 -0.1978
vn 0.6714 -0.6988 -0.2467
vn 0.9508 0.0000 -0.3097
vn 0.6714 0.6988 -0.2467
vn 0.6509 -0.6982 -0.2979
vn 0.9252 0.0000 -0.3796
vn 0.6509 0.6982 -0.2979
vn 0.6248 -0.6977 -0.3505
vn 0.8920 0.0000 -0.4520
vn 0.6248 0.6977 -0.3505
vn 0.5894 -0.6943 -0.4130
vn 0.8507 0.0000 -0.5256
vn 0.5894 0.6943 -0.4130
vn 0.5364 -0.6934 -0.4811
vn 0.7844 0.0000 -0.6203
vn 0.5364 0.6934 -0.4811
vn 0.4774 -0.6959 -0.5364
vn 0.7017 0.0000 -0.7125
vn 0.4774 0.6959 -0.5364
vn 0.4253 -0.6980 -0.5761
vn 0.6264 0.0000 -0.7795
vn 0.4253 0.6980 -0.5761
vn 0.3804 -0.6996 -0.6048
vn 0.5605 0.0000 -0.8282
vn 0.3804 0.6996 -0.6048
vn 0.3420 -0.7009 -0.6259
vn 0.5037 0.0000 -0.8639
vn 0.3420 0.7009 -0.6259
vn 0.3092 -0.7019 -0.6416
vn 0.4549 0.0000 -0.8905
vn 0.3092 0.7019 -0.6416
vn 0.2812 -0.7027 -0.6536
vn 0.4131 0.0000 -0.9107
vn 0.2812 0.7027 -0.6536
vn 0.2570 -0.7034 -0.6627
vn 0.3771 0.0000 -0.9262
vn 0.2570 0.7034 -0.6627
vn 0.2363 -0.7040 -0.6698
vn 0.3459 0.0000 -0.9383
vn 0.2363 0.7040 -0.6698
vn 0.2176 -0.7040 -0.6760
vn 0.3195 0.0000 -0.9476
vn 0.2176 0.7040 -0.6760
vn 0.1981 -0.7038 -0.6823
vn 0.2932 0.0000 -0.9561
vn 0.1981 0.7038 -0.6823
vn 0.1768 -0.7035 -0.6884
vn 0.2644 0.0000 -0.9644
vn 0.1768 0.7035 -0.6884
vn 0.1534 -0.7032 -0.6943
vn 0.2330 0.0000 -0.9725
vn 0.1534 0.7032 -0.6943
vn 0.1279 -0.7028 -0.6998
vn 0.1986 0.0000 -0.9801
vn 0.1279 0.7028 -0.6998
vn 0.1000 -0.7025 -0.7047
vn 0.1610 0.0000 -0.9870
vn 0.1000 0.7025 -0.7047
vn 0.0694 -0.7021 -0.7087
vn 0.1199 0.0000 -0.9928
vn 0.0694 0.7021 -0.7087
vn 0.0360 -0.7016 -0.7116
vn 0.0360 0.7016 -0.7116
vn 0.2565 -0.9559 -0.1432
vn 0.0260 0.0000 -0.9997
vn 0.2565 0.9559 -0.1432
vn 0.5740 -0.7221 0.3860
vn 0.8646 0.0000 0.5024
vn 0.5740 0.7221 0.3860
vn 0.5186 -0.7222 0.4577
vn 0.7915 0.0000 0.6111
vn 0.5186 0.7222 0.4577
vn 0.4542 -0.7222 0.5217
vn 0.7048 0.0000 0.7094
vn 0.4542 0.7222 0.5217
vn 0.3835 -0.7217 0.5763
vn 0.6058 0.0000 0.7956
vn 0.3835 0.7217 0.5763
vn 0.3103 -0.7208 0.6199
vn 0.5001 0.0000 0.8660
vn 0.3103 0.7208 0.6199
vn 0.2381 -0.7196 0.6523
vn 0.3936 0.0000 0.9193
vn 0.2381 0.7196 0.6523
vn 0.1698 -0.7183 0.6747
vn 0.2912 0.0000 0.9567
vn 0.1698 0.7183 0.6747
vn 0.1071 -0.7170 0.6888
vn 0.1964 0.0000 0.9805
vn 0.1071 0.7170 0.6888
vn 0.0507 -0.7158 0.6965
vn 0.1107 0.0000 0.9939
vn 0.0507 0.7158 0.6965
vn 0.0035 -0.7138 0.7003
vn 0.0346 0.0000 0.9994
vn 0.0035 0.7138 0.7003
vn -0.0323 -0.7120 0.7015
vn -0.0245 0.0000 0.9997
vn -0.0323 0.7120 0.7015
vn -0.0601 -0.7112 0.7004
vn -0.0674 0.0000 0.9977
vn -0.0601 0.7112 0.7004
vn -0.0836 -0.7106 0.6986
vn -0.1035 0.0000 0.9946
vn -0.0836 0.7106 0.6986
vn -0.1038 -0.7101 0.6964
vn -0.1342 0.0000 0.9910
vn -0.1038 0.7101 0.6964
vn -0.1212 -0.7097 0.6940
vn -0.1606 0.0000 0.9870
vn -0.1212 0.7097 0.6940
vn -0.1363 -0.7094 0.6915
vn -0.1834 0.0000 0.9830
vn -0.1363 0.7094 0.6915
vn -0.1496 -0.7091 0.6890
vn -0.2034 0.0000 0.9791
vn -0.1496 0.7091 0.6890
vn -0.1613 -0.7089 0.6866
vn -0.2210 0.0000 0.9753
vn -0.1613 0.7089 0.6866
vn -0.1667 -0.7069 0.6874
vn -0.2365 0.0000 0.9716
vn -0.1667 0.7069 0.6874
vn -0.1611 -0.7053 0.6903
vn -0.2350 0.0000 0.9720
vn -0.1611 0.7053 0.6903
vn -0.1496 -0.7051 0.6931
vn -0.2196 0.0000 0.9756
vn -0.1496 0.7051 0.6931
vn -0.1365 -0.7049 0.6961
vn -0.2023 0.0000 0.9793
vn -0.1365 0.7049 0.6961
vn -0.1215 -0.7045 0.6992
vn -0.1825 0.0000 0.9832
vn -0.1215 0.7045 0.6992
vn -0.1043 -0.7041 0.7024
vn -0.1599 0.0000 0.9871
vn -0.1043 0.7041 0.7024
vn -0.0842 -0.7037 0.7055
vn -0.1338 0.0000 0.9910
vn -0.0842 0.7037 0.7055
vn -0.0606 -0.7031 0.7085
vn -0.1032 0.0000 0.9947
vn -0.0606 0.7031 0.7085
vn -0.0327 -0.7023 0.7111
vn -0.0673 0.0000 0.9977
vn -0.0327 0.7023 0.7111
vn 0.0032 -0.7006 0.7135
vn 0.0032 0.7006 0.7135
vn 0.0493 -0.6992 0.7132
vn 0.0335 0.0000 0.9994
vn 0.0493 0.6992 0.7132
vn 0.1017 -0.6986 0.7082
vn 0.1043 0.0000 0.9945
vn 0.1017 0.6986 0.7082
vn 0.1573 -0.6981 0.6985
vn 0.1798 0.0000 0.9837
vn 0.1573 0.6981 0.6985
vn 0.2151 -0.6976 0.6834
vn 0.2591 0.0000 0.9658
vn 0.2151 0.6976 0.6834
vn 0.2740 -0.6972 0.6624
vn 0.3408 0.0000 0.9402
vn 0.2740 0.6972 0.6624
vn 0.3325 -0.6970 0.6353
vn 0.4229 0.0000 0.9062
vn 0.3325 0.6970 0.6353
vn 0.3890 -0.6970 0.6024
vn 0.5035 0.0000 0.8640
vn 0.3890 0.6970 0.6024
vn 0.4422 -0.6971 0.5645
vn 0.5804 0.0000 0.8143
vn 0.4422 0.6971 0.5645
vn 0.7967 -0.5882 0.1387
vn 0.6517 0.0000 0.7585
vn 0.7967 0.5882 0.1387
vn 0.0187 -0.5557 -0.8311
vn 0.8697 0.0000 -0.4936
vn 0.0187 0.5557 -0.8311
vn -0.8466 0.0000 -0.5322
vn -0.0905 -0.7235 0.6844
vn -0.1959 -0.7271 0.6579
vn -0.2012 0.0000 0.9796
vn -0.1959 0.7271 0.6579
vn -0.0905 0.7235 0.6844
vn -0.3138 -0.7306 0.6064
vn -0.3674 0.0000 0.9301
vn -0.3138 0.7306 0.6064
vn -0.4326 -0.7327 0.5254
vn -0.5471 0.0000 0.8371
vn -0.4326 0.7327 0.5254
vn -0.5365 -0.7324 0.4193
vn -0.7165 0.0000 0.6976
vn -0.5365 0.7324 0.4193
vn -0.6136 -0.7299 0.3014
vn -0.8500 0.0000 0.5267
vn -0.6136 0.7299 0.3014
vn -0.6615 -0.7263 0.1869
vn -0.9365 0.0000 0.3507
vn -0.6615 0.7263 0.1869
vn -0.6859 -0.7226 0.0860
vn -0.9816 0.0000 0.1912
vn -0.6859 0.7226 0.0860
vn -0.6939 -0.7201 0.0003
vn -0.9984 0.0000 0.0572
vn -0.6939 0.7201 0.0003
vn -0.6863 -0.7224 -0.0848
vn -0.9984 0.0000 -0.0563
vn -0.6863 0.7224 -0.0848
vn -0.6625 -0.7260 -0.1843
vn -0.9821 0.0000 -0.1883
vn -0.6625 0.7260 -0.1843
vn -0.6156 -0.7296 -0.2978
vn -0.9383 0.0000 -0.3460
vn -0.6156 0.7296 -0.2978
vn -0.5397 -0.7323 -0.4154
vn -0.8537 0.0000 -0.5208
vn -0.5397 0.7323 -0.4154
vn -0.4365 -0.7327 -0.5221
vn -0.7219 0.0000 -0.6920
vn -0.4365 0.7327 -0.5221
vn -0.3175 -0.7308 -0.6042
vn -0.5531 0.0000 -0.8331
vn -0.3175 0.7308 -0.6042
vn -0.1986 -0.7274 -0.6568
vn -0.3723 0.0000 -0.9281
vn -0.1986 0.7274 -0.6568
vn -0.0918 -0.7237 -0.6840
vn -0.2042 0.0000 -0.9789
vn -0.0918 0.7237 -0.6840
vn 0.0003 -0.7213 -0.6927
vn -0.0612 0.0000 -0.9981
vn 0.0003 0.7213 -0.6927
vn 0.0933 -0.7240 -0.6835
vn 0.0622 0.0000 -0.9981
vn 0.0933 0.7240 -0.6835
vn 0.2014 -0.7277 -0.6556
vn 0.2074 0.0000 -0.9782
vn 0.2014 0.7277 -0.6556
vn 0.3214 -0.7310 -0.6019
vn 0.3776 0.0000 -0.9260
vn 0.3214 0.7310 -0.6019
vn 0.4405 -0.7328 -0.5186
vn 0.5593 0.0000 -0.8290
vn 0.4405 0.7328 -0.5186
vn 0.5429 -0.7321 -0.4113
vn 0.7275 0.0000 -0.6861
vn 0.5429 0.7321 -0.4113
vn 0.6177 -0.7294 -0.2940
vn 0.8574 0.0000 -0.5146
vn 0.6177 0.7294 -0.2940
vn 0.6636 -0.7257 -0.1817
vn 0.9401 0.0000 -0.3410
vn 0.6636 0.7257 -0.1817
vn 0.6867 -0.7221 -0.0834
vn 0.9827 0.0000 -0.1854
vn 0.6867 0.7221 -0.0834
vn 0.6941 -0.7199 0.0003
vn 0.9985 0.0000 -0.0554
vn 0.6941 0.7199 0.0003
vn 0.6863 -0.7224 0.0847
vn 0.9984 0.0000 0.0563
vn 0.6863 0.7224 0.0847
vn 0.6626 -0.7260 0.1842
vn 0.9821 0.0000 0.1882
vn 0.6626 0.7260 0.1842
vn 0.6157 -0.7296 0.2976
vn 0.9383 0.0000 0.3458
vn 0.6157 0.7296 0.2976
vn 0.5398 -0.7322 0.4152
vn 0.8538 0.0000 0.5205
vn 0.5398 0.7322 0.4152
vn 0.4366 -0.7327 0.5220
vn 0.7221 0.0000 0.6918
vn 0.4366 0.7327 0.5220
vn 0.3176 -0.7308 0.6042
vn 0.5533 0.0000 0.8330
vn 0.3176 0.7308 0.6042
vn 0.1987 -0.7274 0.6568
vn 0.3726 0.0000 0.9280
vn 0.1987 0.7274 0.6568
vn 0.0919 -0.7237 0.6839
vn 0.2044 0.0000 0.9789
vn 0.0919 0.7237 0.6839
vn 0.0003 -0.7210 0.6929
vn 0.0613 0.0000 0.9981
vn 0.0003 0.7210 0.6929
vn -0.0603 0.0000 0.9982
vn -0.6796 -0.7261 -0.1046
vn -0.6460 -0.7299 -0.2236
vn -0.9725 0.0000 -0.2329
vn -0.6460 0.7299 -0.2236
vn -0.6796 0.7261 -0.1046
vn -0.5833 -0.7326 -0.3507
vn -0.9083 0.0000 -0.4183
vn -0.5833 0.7326 -0.3507
vn -0.4915 -0.7331 -0.4700
vn -0.7954 0.0000 -0.6060
vn -0.4915 0.7331 -0.4700
vn -0.3808 -0.7312 -0.5660
vn -0.6410 0.0000 -0.7675
vn -0.3808 0.7312 -0.5660
vn -0.2669 -0.7276 -0.6319
vn -0.4693 0.0000 -0.8830
vn -0.2669 0.7276 -0.6319
vn -0.1628 -0.7238 -0.6705
vn -0.3058 0.0000 -0.9521
vn -0.1628 0.7238 -0.6705
vn -0.0743 -0.7204 -0.6895
vn -0.1648 0.0000 -0.9863
vn -0.0743 0.7204 -0.6895
vn 0.0064 -0.7205 -0.6935
vn -0.0491 0.0000 -0.9988
vn 0.0064 0.7205 -0.6935
vn 0.0944 -0.7231 -0.6843
vn 0.0676 0.0000 -0.9977
vn 0.0944 0.7231 -0.6843
vn 0.1884 -0.7231 -0.6645
vn 0.2051 0.0000 -0.9787
vn 0.1884 0.7231 -0.6645
vn 0.2777 -0.7226 -0.6331
vn 0.3391 0.0000 -0.9407
vn 0.2777 0.7226 -0.6331
vn 0.3581 -0.7215 -0.5926
vn 0.4624 0.0000 -0.8867
vn 0.3581 0.7215 -0.5926
vn 0.4273 -0.7202 -0.5466
vn 0.5699 0.0000 -0.8217
vn 0.4273 0.7202 -0.5466
vn 0.4847 -0.7187 -0.4985
vn 0.6598 0.0000 -0.7514
vn 0.4847 0.7187 -0.4985
vn 0.5311 -0.7173 -0.4511
vn 0.7325 0.0000 -0.6807
vn 0.5311 0.7173 -0.4511
vn 0.5679 -0.7160 -0.4061
vn 0.7902 0.0000 -0.6128
vn 0.5679 0.7160 -0.4061
vn 0.0803 -0.5670 -0.8198
vn 0.8354 0.0000 -0.5496
vn 0.0803 0.5670 -0.8198
vn 0.0367 -0.9284 -0.3697
vn -0.7128 0.0000 -0.7013
vn 0.0367 0.9284 -0.3697
vn 0.5469 -0.8365 -0.0350
vn 0.8368 0.0000 -0.5475
vn 0.5469 0.8365 -0.0350
vn 0.6500 -0.7010 0.2934
vn 0.8999 0.0000 0.4362
vn 0.6500 0.7010 0.2934
vn 0.6651 -0.7010 0.2574
vn 0.9223 0.0000 0.3864
vn 0.6651 0.7010 0.2574
vn 0.6782 -0.7010 0.2206
vn 0.9421 0.0000 0.3352
vn 0.6782 0.7010 0.2206
vn 0.6892 -0.7010 0.1832
vn 0.9591 0.0000 0.2831
vn 0.6892 0.7010 0.1832
vn 0.6980 -0.7011 0.1456
vn 0.9731 0.0000 0.2304
vn 0.6980 0.7011 0.1456
vn 0.7047 -0.7012 0.1082
vn 0.9841 0.0000 0.1778
vn 0.7047 0.7012 0.1082
vn 0.7092 -0.7014 0.0713
vn 0.9921 0.0000 0.1257
vn 0.7092 0.7014 0.0713
vn 0.7118 -0.7015 0.0352
vn 0.9972 0.0000 0.0744
vn 0.7118 0.7015 0.0352
vn 0.5850 -0.5761 -0.5709
vn 0.9997 0.0000 0.0244
vn 0.5850 0.5761 -0.5709
vn -0.5550 -0.5811 -0.5952
vn 0.0000 0.0000 -1.0000
vn -0.5550 0.5811 -0.5952
vn -0.7015 -0.7102 -0.0588
vn -0.9976 0.0000 -0.0698
vn -0.7015 0.7102 -0.0588
vn -0.6997 -0.7101 -0.0778
vn -0.9953 0.0000 -0.0972
vn -0.6997 0.7101 -0.0778
vn -0.6975 -0.7101 -0.0963
vn -0.9923 0.0000 -0.1239
vn -0.6975 0.7101 -0.0963
vn -0.6949 -0.7100 -0.1143
vn -0.9887 0.0000 -0.1497
vn -0.6949 0.7100 -0.1143
vn -0.6919 -0.7099 -0.1317
vn -0.9846 0.0000 -0.1748
vn -0.6919 0.7099 -0.1317
vn -0.6886 -0.7098 -0.1485
vn -0.9800 0.0000 -0.1990
vn -0.6886 0.7098 -0.1485
vn -0.6849 -0.7097 -0.1647
vn -0.9749 0.0000 -0.2225
vn -0.6849 0.7097 -0.1647
vn -0.6811 -0.7097 -0.1804
vn -0.9695 0.0000 -0.2451
vn -0.6811 0.7097 -0.1804
vn -0.1247 -0.9372 -0.3258
vn -0.9637 0.0000 -0.2669
vn -0.1247 0.9372 -0.3258
vn 0.3633 -0.6990 -0.6160
vn 0.5391 0.0000 -0.8423
vn 0.3633 0.6990 -0.6160
vn 0.3174 -0.6990 -0.6408
vn 0.4762 0.0000 -0.8794
vn 0.3174 0.6990 -0.6408
vn 0.2702 -0.6991 -0.6620
vn 0.4109 0.0000 -0.9117
vn 0.2702 0.6991 -0.6620
vn 0.2225 -0.6993 -0.6793
vn 0.3444 0.0000 -0.9388
vn 0.2225 0.6993 -0.6793
vn 0.1751 -0.6996 -0.6928
vn 0.2778 0.0000 -0.9606
vn 0.1751 0.6996 -0.6928
vn 0.1287 -0.6999 -0.7026
vn 0.2120 0.0000 -0.9773
vn 0.1287 0.6999 -0.7026
vn 0.0838 -0.7002 -0.7090
vn 0.1480 0.0000 -0.9890
vn 0.0838 0.7002 -0.7090
vn 0.0409 -0.7006 -0.7124
vn 0.0865 0.0000 -0.9962
vn 0.0409 0.7006 -0.7124
vn -0.0083 -0.6983 -0.7157
vn 0.0280 0.0000 -0.9996
vn -0.0083 0.6983 -0.7157
vn -0.0749 -0.6953 -0.7148
vn -0.0511 0.0000 -0.9987
vn -0.0749 0.6953 -0.7148
vn -0.1518 -0.6949 -0.7029
vn -0.1569 0.0000 -0.9876
vn -0.1518 0.6949 -0.7029
vn -0.2287 -0.6948 -0.6819
vn -0.2646 0.0000 -0.9643
vn -0.2287 0.6948 -0.6819
vn -0.3026 -0.6949 -0.6523
vn -0.3703 0.0000 -0.9289
vn -0.3026 0.6949 -0.6523
vn -0.3710 -0.6954 -0.6155
vn -0.4701 0.0000 -0.8826
vn -0.3710 0.6954 -0.6155
vn -0.4320 -0.6960 -0.5735
vn -0.5609 0.0000 -0.8279
vn -0.4320 0.6960 -0.5735
vn -0.4847 -0.6968 -0.5287
vn -0.6408 0.0000 -0.7677
vn -0.4847 0.6968 -0.5287
vn -0.5290 -0.6977 -0.4831
vn -0.7092 0.0000 -0.7050
vn -0.5290 0.6977 -0.4831
vn -0.5646 -0.6989 -0.4390
vn -0.7664 0.0000 -0.6424
vn -0.5646 0.6989 -0.4390
vn -0.5944 -0.6993 -0.3971
vn -0.8115 0.0000 -0.5844
vn -0.5944 0.6993 -0.3971
vn -0.6215 -0.6990 -0.3537
vn -0.8505 0.0000 -0.5259
vn -0.6215 0.6990 -0.3537
vn -0.6461 -0.6988 -0.3071
vn -0.8865 0.0000 -0.4627
vn -0.6461 0.6988 -0.3071
vn -0.6674 -0.6987 -0.2577
vn -0.9186 0.0000 -0.3953
vn -0.6674 0.6987 -0.2577
vn -0.6850 -0.6987 -0.2065
vn -0.9458 0.0000 -0.3247
vn -0.6850 0.6987 -0.2065
vn -0.6985 -0.6988 -0.1542
vn -0.9677 0.0000 -0.2521
vn -0.6985 0.6988 -0.1542
vn -0.7079 -0.6989 -0.1018
vn -0.9839 0.0000 -0.1788
vn -0.7079 0.6989 -0.1018
vn -0.7132 -0.6992 -0.0503
vn -0.9944 0.0000 -0.1059
vn -0.7132 0.6992 -0.0503
vn -0.7158 -0.6983 0.0035
vn -0.9994 0.0000 -0.0347
vn -0.7158 0.6983 0.0035
vn -0.7152 -0.6954 0.0698
vn -0.9990 0.0000 0.0445
vn -0.7152 0.6954 0.0698
vn -0.7046 -0.6924 0.1551
vn -0.9887 0.0000 0.1496
vn -0.7046 0.6924 0.1551
vn -0.6768 -0.6890 0.2594
vn -0.9602 0.0000 0.2795
vn -0.6768 0.6890 0.2594
vn -0.6214 -0.6854 0.3795
vn -0.9010 0.0000 0.4339
vn -0.6214 0.6854 0.3795
vn -0.5297 -0.6828 0.5032
vn -0.7974 0.0000 0.6034
vn -0.5297 0.6828 0.5032
vn -0.4035 -0.6823 0.6096
vn -0.6436 0.0000 0.7654
vn -0.4035 0.6823 0.6096
vn -0.2599 -0.6841 0.6815
vn -0.4531 0.0000 0.8915
vn -0.2599 0.6841 0.6815
vn -0.1214 -0.6873 0.7161
vn -0.2555 0.0000 0.9668
vn -0.1214 0.6873 0.7161
vn -0.0042 -0.6913 0.7225
vn -0.0775 0.0000 0.9970
vn -0.0042 0.6913 0.7225
vn 0.0988 -0.6915 0.7156
vn 0.0660 0.0000 0.9978
vn 0.0988 0.6915 0.7156
vn 0.2029 -0.6904 0.6944
vn 0.2068 0.0000 0.9784
vn 0.2029 0.6904 0.6944
vn 0.3069 -0.6901 0.6555
vn 0.3525 0.0000 0.9358
vn 0.3069 0.6901 0.6555
vn 0.4032 -0.6905 0.6005
vn 0.4930 0.0000 0.8700
vn 0.4032 0.6905 0.6005
vn 0.4858 -0.6916 0.5346
vn 0.6186 0.0000 0.7857
vn 0.4858 0.6916 0.5346
vn 0.5518 -0.6931 0.4638
vn 0.7231 0.0000 0.6908
vn 0.5518 0.6931 0.4638
vn 0.6017 -0.6948 0.3939
vn 0.8048 0.0000 0.5935
vn 0.6017 0.6948 0.3939
vn 0.6380 -0.6964 0.3286
vn 0.8659 0.0000 0.5002
vn 0.6380 0.6964 0.3286
vn 0.0200 -0.9616 0.2736
vn 0.9100 0.0000 0.4146
vn 0.0200 0.9616 0.2736
vn -0.0827 -0.5665 0.8199
vn -0.8401 0.0000 0.5424
vn -0.0827 0.5665 0.8199
vn -0.0186 -0.9178 0.3966
vn 0.7150 0.0000 0.6992
vn -0.0186 0.9178 0.3966
vn -0.5378 -0.6981 0.4727
vn -0.7773 0.0000 0.6292
vn -0.5378 0.6981 0.4727
vn -0.4961 -0.6971 0.5176
vn -0.7237 0.0000 0.6901
vn -0.4961 0.6971 0.5176
vn -0.4457 -0.6962 0.5627
vn -0.6588 0.0000 0.7523
vn -0.4457 0.6962 0.5627
vn -0.3863 -0.6953 0.6060
vn -0.5815 0.0000 0.8135
vn -0.3863 0.6953 0.6060
vn -0.3181 -0.6947 0.6452
vn -0.4919 0.0000 0.8706
vn -0.3181 0.6947 0.6452
vn -0.2426 -0.6943 0.6776
vn -0.3911 0.0000 0.9203
vn -0.2426 0.6943 0.6776
vn -0.1624 -0.6942 0.7012
vn -0.2820 0.0000 0.9594
vn -0.1624 0.6942 0.7012
vn -0.0806 -0.6945 0.7150
vn -0.1684 0.0000 0.9857
vn -0.0806 0.6945 0.7150
vn -0.0017 -0.6954 0.7186
vn -0.0552 0.0000 0.9985
vn -0.0017 0.6954 0.7186
vn 0.0794 -0.6939 0.7157
vn 0.0794 0.6939 0.7157
vn 0.1753 -0.6907 0.7016
vn 0.1695 0.0000 0.9855
vn 0.1753 0.6907 0.7016
vn 0.2896 -0.6873 0.6662
vn 0.3140 0.0000 0.9494
vn 0.2896 0.6873 0.6662
vn 0.4150 -0.6843 0.5996
vn 0.4800 0.0000 0.8772
vn 0.4150 0.6843 0.5996
vn 0.5351 -0.6828 0.4974
vn 0.6520 0.0000 0.7582
vn 0.5351 0.6828 0.4974
vn 0.6302 -0.6836 0.3683
vn 0.8038 0.0000 0.5949
vn 0.6302 0.6836 0.3683
vn 0.6895 -0.6861 0.2320
vn 0.9128 0.0000 0.4083
vn 0.6895 0.6861 0.2320
vn 0.7163 -0.6895 0.1071
vn 0.9740 0.0000 0.2265
vn 0.7163 0.6895 0.1071
vn 0.7142 -0.6995 0.0244
vn 0.9977 0.0000 0.0683
vn 0.7142 0.6995 0.0244
vn 0.7121 -0.7019 -0.0167
vn 1.0000 0.0000 -0.0000
vn 0.7121 0.7019 -0.0167
vn 0.7154 -0.6948 -0.0736
vn 0.9989 0.0000 -0.0469
vn 0.7154 0.6948 -0.0736
vn 0.7035 -0.6918 -0.1632
vn 0.9875 0.0000 -0.1576
vn 0.7035 0.6918 -0.1632
vn 0.6727 -0.6883 -0.2716
vn 0.9560 0.0000 -0.2934
vn 0.6727 0.6883 -0.2716
vn 0.6128 -0.6849 -0.3942
vn 0.8917 0.0000 -0.4527
vn 0.6128 0.6849 -0.3942
vn 0.5166 -0.6828 -0.5167
vn 0.7817 0.0000 -0.6237
vn 0.5166 0.6828 -0.5167
vn 0.3889 -0.6828 -0.6185
vn 0.6236 0.0000 -0.7818
vn 0.3889 0.6828 -0.6185
vn 0.2481 -0.6849 -0.6851
vn 0.4342 0.0000 -0.9008
vn 0.2481 0.6849 -0.6851
vn 0.1153 -0.6883 -0.7162
vn 0.2432 0.0000 -0.9700
vn 0.1153 0.6883 -0.7162
vn 0.0053 -0.6925 -0.7214
vn 0.0735 0.0000 -0.9973
vn 0.0053 0.6925 -0.7214
vn -0.0925 -0.6918 -0.7161
vn -0.0589 0.0000 -0.9983
vn -0.0925 0.6918 -0.7161
vn -0.2027 -0.6885 -0.6964
vn -0.1968 0.0000 -0.9804
vn -0.2027 0.6885 -0.6964
vn -0.3287 -0.6853 -0.6498
vn -0.3601 0.0000 -0.9329
vn -0.3287 0.6853 -0.6498
vn -0.4578 -0.6833 -0.5688
vn -0.5382 0.0000 -0.8428
vn -0.4578 0.6833 -0.5688
vn -0.5702 -0.6834 -0.4559
vn -0.7083 0.0000 -0.7059
vn -0.5702 0.6834 -0.4559
vn -0.6507 -0.6854 -0.3269
vn -0.8445 0.0000 -0.5355
vn -0.6507 0.6854 -0.3269
vn -0.6967 -0.6886 -0.2014
vn -0.9338 0.0000 -0.3579
vn -0.6967 0.6886 -0.2014
vn -0.7161 -0.6919 -0.0919
vn -0.9807 0.0000 -0.1955
vn -0.7161 0.6919 -0.0919
vn -0.7180 -0.6960 -0.0060
vn -0.9983 0.0000 -0.0585
vn -0.7180 0.6960 -0.0060
vn -0.7138 -0.6977 0.0601
vn -0.9991 0.0000 0.0417
vn -0.7138 0.6977 0.0601
vn -0.7062 -0.6977 0.1202
vn -0.9920 0.0000 0.1259
vn -0.7062 0.6977 0.1202
vn -0.6935 -0.6978 0.1794
vn -0.9778 0.0000 0.2095
vn -0.6935 0.6978 0.1794
vn -0.6760 -0.6980 0.2363
vn -0.9567 0.0000 0.2909
vn -0.6760 0.6980 0.2363
vn -0.6545 -0.6983 0.2899
vn -0.9297 0.0000 0.3684
vn -0.6545 0.6983 0.2899
vn -0.6298 -0.6987 0.3394
vn -0.8976 0.0000 0.4409
vn -0.6298 0.6987 0.3394
vn -0.6028 -0.6992 0.3844
vn -0.8618 0.0000 0.5073
vn -0.6028 0.6992 0.3844
vn -0.5745 -0.6997 0.4248
vn -0.8234 0.0000 0.5674
vn -0.5745 0.6997 0.4248
vn -0.5425 -0.6979 0.4676
vn -0.7838 0.0000 0.6210
vn -0.5425 0.6979 0.4676
vn -0.4979 -0.6955 0.5180
vn -0.7299 0.0000 0.6836
vn -0.4979 0.6955 0.5180
vn -0.4404 -0.6952 0.5681
vn -0.6542 0.0000 0.7564
vn -0.4404 0.6952 0.5681
vn -0.3772 -0.6953 0.6118
vn -0.5695 0.0000 0.8220
vn -0.3772 0.6953 0.6118
vn -0.3104 -0.6956 0.6479
vn -0.4785 0.0000 0.8781
vn -0.3104 0.6956 0.6479
vn -0.2427 -0.6961 0.6757
vn -0.3845 0.0000 0.9231
vn -0.2427 0.6961 0.6757
vn -0.1764 -0.6968 0.6953
vn -0.2908 0.0000 0.9568
vn -0.1764 0.6968 0.6953
vn -0.1132 -0.6975 0.7076
vn -0.2004 0.0000 0.9797
vn -0.1132 0.6975 0.7076
vn -0.0544 -0.6983 0.7137
vn -0.1152 0.0000 0.9933
vn -0.0544 0.6983 0.7137
vn -0.3109 -0.9085 0.2793
vn -0.0366 0.0000 0.9993
vn -0.3109 0.9085 0.2793
vn -0.9975 0.0000 -0.0703
vn -0.0866 -0.7227 0.6857
vn -0.1880 -0.7264 0.6611
vn -0.1880 0.7264 0.6611
vn -0.0866 0.7227 0.6857
vn -0.3029 -0.7299 0.6127
vn -0.3528 0.0000 0.9357
vn -0.3029 0.7299 0.6127
vn -0.4210 -0.7324 0.5351
vn -0.5293 0.0000 0.8484
vn -0.4210 0.7324 0.5351
vn -0.5269 -0.7326 0.4309
vn -0.7001 0.0000 0.7141
vn -0.5269 0.7326 0.4309
vn -0.6073 -0.7305 0.3122
vn -0.8388 0.0000 0.5445
vn -0.6073 0.7305 0.3122
vn -0.6584 -0.7270 0.1947
vn -0.9309 0.0000 0.3652
vn -0.6584 0.7270 0.1947
vn -0.6846 -0.7233 0.0899
vn -0.9798 0.0000 0.1999
vn -0.6846 0.7233 0.0899
vn -0.6932 -0.7207 0.0004
vn -0.9982 0.0000 0.0599
vn -0.6932 0.7207 0.0004
vn -0.6851 -0.7231 -0.0884
vn -0.9983 0.0000 -0.0589
vn -0.6851 0.7231 -0.0884
vn -0.6596 -0.7267 -0.1917
vn -0.9805 0.0000 -0.1965
vn -0.6596 0.7267 -0.1917
vn -0.6098 -0.7303 -0.3081
vn -0.9331 0.0000 -0.3597
vn -0.6098 0.7303 -0.3081
vn -0.5306 -0.7325 -0.4265
vn -0.8431 0.0000 -0.5377
vn -0.5306 0.7325 -0.4265
vn -0.4254 -0.7325 -0.5315
vn -0.7063 0.0000 -0.7079
vn -0.4254 0.7325 -0.5315
vn -0.3070 -0.7302 -0.6104
vn -0.5360 0.0000 -0.8442
vn -0.3070 0.7302 -0.6104
vn -0.1910 -0.7267 -0.6599
vn -0.3583 0.0000 -0.9336
vn -0.1910 0.7267 -0.6599
vn -0.0880 -0.7230 -0.6852
vn -0.1957 0.0000 -0.9807
vn -0.0880 0.7230 -0.6852
vn -0.0017 -0.7200 -0.6940
vn -0.0586 0.0000 -0.9983
vn -0.0017 0.7200 -0.6940
vn 0.0811 -0.7217 -0.6874
vn 0.0537 0.0000 -0.9986
vn 0.0811 0.7217 -0.6874
vn 0.1768 -0.7252 -0.6654
vn 0.1768 0.7252 -0.6654
vn 0.2871 -0.7290 -0.6214
vn 0.3319 0.0000 -0.9433
vn 0.2871 0.7290 -0.6214
vn 0.4037 -0.7319 -0.5489
vn 0.5032 0.0000 -0.8642
vn 0.4037 0.7319 -0.5489
vn 0.5120 -0.7329 -0.4480
vn 0.6750 0.0000 -0.7378
vn 0.5120 0.7329 -0.4480
vn 0.5975 -0.7314 -0.3286
vn 0.8210 0.0000 -0.5710
vn 0.5975 0.7314 -0.3286
vn 0.6534 -0.7282 -0.2068
vn 0.9218 0.0000 -0.3875
vn 0.6534 0.7282 -0.2068
vn 0.6826 -0.7245 -0.0960
vn 0.9769 0.0000 -0.2136
vn 0.6826 0.7245 -0.0960
vn 0.6922 -0.7217 -0.0004
vn 0.9979 0.0000 -0.0642
vn 0.6922 0.7217 -0.0004
vn 0.6831 -0.7242 0.0945
vn 0.9980 0.0000 0.0631
vn 0.6831 0.7242 0.0945
vn 0.6546 -0.7279 0.2039
vn 0.9777 0.0000 0.2102
vn 0.6546 0.7279 0.2039
vn 0.5999 -0.7312 0.3247
vn 0.9241 0.0000 0.3821
vn 0.5999 0.7312 0.3247
vn 0.5156 -0.7329 0.4439
vn 0.8253 0.0000 0.5647
vn 0.5156 0.7329 0.4439
vn 0.4078 -0.7320 0.5457
vn 0.6811 0.0000 0.7322
vn 0.4078 0.7320 0.5457
vn 0.2908 -0.7292 0.6194
vn 0.5093 0.0000 0.8606
vn 0.2908 0.7292 0.6194
vn 0.1794 -0.7255 0.6644
vn 0.3368 0.0000 0.9416
vn 0.1794 0.7255 0.6644
vn 0.0823 -0.7219 0.6870
vn 0.1829 0.0000 0.9831
vn 0.0823 0.7219 0.6870
vn -0.0010 -0.7200 0.6940
vn 0.0546 0.0000 0.9985
vn -0.0010 0.7200 0.6940
vn -0.0576 0.0000 0.9983
vn -0.6952 -0.7168 -0.0543
vn -0.6840 -0.7195 -0.1205
vn -0.9928 0.0000 -0.1200
vn -0.6840 0.7195 -0.1205
vn -0.6952 0.7168 -0.0543
vn -0.6604 -0.7231 -0.2028
vn -0.9740 0.0000 -0.2265
vn -0.6604 0.7231 -0.2028
vn -0.6161 -0.7275 -0.3019
vn -0.9333 0.0000 -0.3591
vn -0.6161 0.7275 -0.3019
vn -0.5415 -0.7322 -0.4132
vn -0.8557 0.0000 -0.5174
vn -0.5415 0.7322 -0.4132
vn -0.4306 -0.7356 -0.5230
vn -0.7250 0.0000 -0.6888
vn -0.4306 0.7356 -0.5230
vn -0.2902 -0.7359 -0.6117
vn -0.5367 0.0000 -0.8438
vn -0.2902 0.7359 -0.6117
vn -0.1406 -0.7330 -0.6656
vn -0.3141 0.0000 -0.9494
vn -0.1406 0.7330 -0.6656
vn -0.0110 -0.7258 -0.6878
vn -0.0968 0.0000 -0.9953
vn -0.0110 0.7258 -0.6878
vn 0.0970 -0.7247 -0.6822
vn 0.0649 0.0000 -0.9979
vn 0.0970 0.7247 -0.6822
vn 0.2089 -0.7284 -0.6525
vn 0.2159 0.0000 -0.9764
vn 0.2089 0.7284 -0.6525
vn 0.3314 -0.7316 -0.5958
vn 0.3914 0.0000 -0.9202
vn 0.3314 0.7316 -0.5958
vn 0.4508 -0.7330 -0.5095
vn 0.5755 0.0000 -0.8178
vn 0.4508 0.7330 -0.5095
vn 0.5512 -0.7318 -0.4008
vn 0.7417 0.0000 -0.6708
vn 0.5512 0.7318 -0.4008
vn 0.6228 -0.7288 -0.2845
vn 0.8667 0.0000 -0.4988
vn 0.6228 0.7288 -0.2845
vn 0.6661 -0.7251 -0.1750
vn 0.9445 0.0000 -0.3285
vn 0.6661 0.7251 -0.1750
vn 0.6877 -0.7215 -0.0802
vn 0.9840 0.0000 -0.1780
vn 0.6877 0.7215 -0.0802
vn 0.6967 -0.7173 -0.0059
vn 0.9986 0.0000 -0.0531
vn 0.6967 0.7173 -0.0059
vn 0.6949 -0.7170 0.0555
vn 0.9993 0.0000 0.0363
vn 0.6949 0.7170 0.0555
vn 0.6833 -0.7197 0.1230
vn 0.9924 0.0000 0.1227
vn 0.6833 0.7197 0.1230
vn 0.6588 -0.7234 0.2067
vn 0.9729 0.0000 0.2312
vn 0.6588 0.7234 0.2067
vn 0.6133 -0.7278 0.3070
vn 0.9306 0.0000 0.3660
vn 0.6133 0.7278 0.3070
vn 0.5370 -0.7323 0.4187
vn 0.8507 0.0000 0.5257
vn 0.5370 0.7323 0.4187
vn 0.4252 -0.7355 0.5276
vn 0.7174 0.0000 0.6967
vn 0.4252 0.7355 0.5276
vn 0.2854 -0.7355 0.6145
vn 0.5284 0.0000 0.8490
vn 0.2854 0.7355 0.6145
vn 0.1379 -0.7324 0.6667
vn 0.3079 0.0000 0.9514
vn 0.1379 0.7324 0.6667
vn 0.0086 -0.7261 0.6875
vn 0.0948 0.0000 0.9955
vn 0.0086 0.7261 0.6875
vn -0.0943 -0.7225 0.6849
vn -0.0698 0.0000 0.9976
vn -0.0943 0.7225 0.6849
vn -0.1818 -0.7213 0.6684
vn -0.2025 0.0000 0.9793
vn -0.1818 0.7213 0.6684
vn -0.2592 -0.7198 0.6440
vn -0.3215 0.0000 0.9469
vn -0.2592 0.7198 0.6440
vn -0.3256 -0.7183 0.6149
vn -0.4242 0.0000 0.9056
vn -0.3256 0.7183 0.6149
vn -0.3812 -0.7168 0.5838
vn -0.5105 0.0000 0.8599
vn -0.3812 0.7168 0.5838
vn -0.4272 -0.7155 0.5527
vn -0.5818 0.0000 0.8133
vn -0.4272 0.7155 0.5527
vn -0.4651 -0.7144 0.5228
vn -0.6404 0.0000 0.7680
vn -0.4651 0.7144 0.5228
vn -0.4963 -0.7134 0.4947
vn -0.6883 0.0000 0.7254
vn -0.4963 0.7134 0.4947
vn -0.5552 -0.8050 0.2091
vn -0.7277 0.0000 0.6859
vn -0.5552 0.8050 0.2091
vn -0.9994 0.0000 -0.0355
vn 0.0000 -1.0000 -0.0000
vn 0.0000 1.0000 -0.0000
# 1328 vertex normals

o To_Taan
g To_Taan
s 1
f 1//1 2//2 3//3 
f 2//2 4//4 3//3 
f 4//4 5//5 3//3 
f 5//5 1//1 3//3 
s 3
f 2//2 6//6 7//7 
f 6//6 8//8 7//7 
f 8//8 4//4 7//7 
f 4//4 2//2 7//7 
s 2
f 6//6 9//9 10//10 
f 9//9 11//11 10//10 
f 11//11 8//8 10//10 
f 8//8 6//6 10//10 
f 9//9 12//12 13//13 
f 12//12 14//14 13//13 
f 14//14 11//11 13//13 
f 11//11 9//9 13//13 
f 12//12 15//15 16//16 
f 15//15 17//17 16//16 
f 17//17 14//14 16//16 
f 14//14 12//12 16//16 
f 15//15 18//18 19//19 
f 18//18 20//20 19//19 
f 20//20 17//17 19//19 
f 17//17 15//15 19//19 
f 18//18 21//21 22//22 
f 21//21 23//23 22//22 
f 23//23 20//20 22//22 
f 20//20 18//18 22//22 
f 21//21 24//24 25//25 
f 24//24 26//26 25//25 
f 26//26 23//23 25//25 
f 23//23 21//21 25//25 
f 24//24 27//27 28//28 
f 27//27 29//29 28//28 
f 29//29 26//26 28//28 
f 26//26 24//24 28//28 
f 27//27 30//30 31//31 
f 30//30 32//32 31//31 
f 32//32 29//29 31//31 
f 29//29 27//27 31//31 
f 30//30 33//33 34//34 
f 33//33 35//35 34//34 
f 35//35 32//32 34//34 
f 32//32 30//30 34//34 
f 33//33 36//36 37//37 
f 36//36 38//38 37//37 
f 38//38 35//35 37//37 
f 35//35 33//33 37//37 
f 36//36 39//39 40//40 
f 39//39 41//41 40//40 
f 41//41 38//38 40//40 
f 38//38 36//36 40//40 
f 39//39 42//42 43//43 
f 42//42 44//44 43//43 
f 44//44 41//41 43//43 
f 41//41 39//39 43//43 
f 42//42 45//45 46//46 
f 45//45 47//47 46//46 
f 47//47 44//44 46//46 
f 44//44 42//42 46//46 
f 45//45 48//48 49//49 
f 48//48 50//50 49//49 
f 50//50 47//47 49//49 
f 47//47 45//45 49//49 
f 48//48 51//51 52//52 
f 51//51 53//53 52//52 
f 53//53 50//50 52//52 
f 50//50 48//48 52//52 
f 51//51 54//54 55//55 
f 54//54 56//56 55//55 
f 56//56 53//53 55//55 
f 53//53 51//51 55//55 
f 54//54 57//57 58//58 
f 57//57 59//59 58//58 
f 59//59 56//56 58//58 
f 56//56 54//54 58//58 
f 57//57 60//60 61//61 
f 60//60 62//62 61//61 
f 62//62 59//59 61//61 
f 59//59 57//57 61//61 
f 60//60 63//63 64//64 
f 63//63 65//65 64//64 
f 65//65 62//62 64//64 
f 62//62 60//60 64//64 
f 63//63 66//66 67//67 
f 66//66 68//68 67//67 
f 68//68 65//65 67//67 
f 65//65 63//63 67//67 
f 66//66 69//69 70//70 
f 69//69 71//71 70//70 
f 71//71 68//68 70//70 
f 68//68 66//66 70//70 
f 69//69 72//72 73//73 
f 72//72 74//74 73//73 
f 74//74 71//71 73//73 
f 71//71 69//69 73//73 
f 72//72 75//75 76//76 
f 75//75 77//77 76//76 
f 77//77 74//74 76//76 
f 74//74 72//72 76//76 
f 75//75 78//78 79//79 
f 78//78 80//80 79//79 
f 80//80 77//77 79//79 
f 77//77 75//75 79//79 
f 78//78 81//81 82//82 
f 81//81 83//83 82//82 
f 83//83 80//80 82//82 
f 80//80 78//78 82//82 
f 81//81 84//84 85//85 
f 84//84 86//86 85//85 
f 86//86 83//83 85//85 
f 83//83 81//81 85//85 
f 84//84 87//87 88//88 
f 87//87 89//89 88//88 
f 89//89 86//86 88//88 
f 86//86 84//84 88//88 
f 87//87 90//90 91//91 
f 90//90 92//92 91//91 
f 92//92 89//89 91//91 
f 89//89 87//87 91//91 
f 90//90 93//93 94//94 
f 93//93 95//95 94//94 
f 95//95 92//92 94//94 
f 92//92 90//90 94//94 
f 93//93 96//96 97//97 
f 96//96 98//98 97//97 
f 98//98 95//95 97//97 
f 95//95 93//93 97//97 
f 96//96 99//99 100//100 
f 99//99 101//101 100//100 
f 101//101 98//98 100//100 
f 98//98 96//96 100//100 
f 99//99 102//102 103//103 
f 102//102 104//104 103//103 
f 104//104 101//101 103//103 
f 101//101 99//99 103//103 
f 102//102 105//105 106//106 
f 105//105 107//107 106//106 
f 107//107 104//104 106//106 
f 104//104 102//102 106//106 
f 105//105 108//108 109//109 
f 108//108 110//110 109//109 
f 110//110 107//107 109//109 
f 107//107 105//105 109//109 
f 108//108 111//111 112//112 
f 111//111 113//113 112//112 
f 113//113 110//110 112//112 
f 110//110 108//108 112//112 
f 111//111 114//114 115//115 
f 114//114 116//116 115//115 
f 116//116 113//113 115//115 
f 113//113 111//111 115//115 
f 114//114 117//117 118//118 
f 117//117 119//119 118//118 
f 119//119 116//116 118//118 
f 116//116 114//114 118//118 
f 117//117 120//120 121//121 
f 120//120 122//122 121//121 
f 122//122 119//119 121//121 
f 119//119 117//117 121//121 
f 120//120 123//123 124//124 
f 123//123 125//125 124//124 
f 125//125 122//122 124//124 
f 122//122 120//120 124//124 
f 123//123 126//126 127//127 
f 126//126 128//128 127//127 
f 128//128 125//125 127//127 
f 125//125 123//123 127//127 
f 126//126 129//129 130//130 
f 129//129 131//131 130//130 
f 131//131 128//128 130//130 
f 128//128 126//126 130//130 
f 129//129 132//132 133//133 
f 132//132 134//134 133//133 
f 134//134 131//131 133//133 
f 131//131 129//129 133//133 
s 4
f 132//132 135//135 136//136 
f 135//135 137//137 136//136 
f 137//137 134//134 136//136 
f 134//134 132//132 136//136 
f 135//135 138//138 139//139 
f 138//138 140//140 139//139 
f 140//140 137//137 139//139 
f 137//137 135//135 139//139 
f 138//138 141//141 142//142 
f 141//141 143//143 142//142 
f 143//143 140//140 142//142 
f 140//140 138//138 142//142 
f 141//141 144//144 145//145 
f 144//144 146//146 145//145 
f 146//146 143//143 145//145 
f 143//143 141//141 145//145 
f 144//144 147//147 148//148 
f 147//147 149//149 148//148 
f 149//149 146//146 148//148 
f 146//146 144//144 148//148 
f 147//147 150//150 151//151 
f 150//150 152//152 151//151 
f 152//152 149//149 151//151 
f 149//149 147//147 151//151 
f 150//150 153//153 154//154 
f 153//153 155//155 154//154 
f 155//155 152//152 154//154 
f 152//152 150//150 154//154 
f 153//153 156//156 157//157 
f 156//156 158//158 157//157 
f 158//158 155//155 157//157 
f 155//155 153//153 157//157 
f 156//156 159//159 160//160 
f 159//159 161//161 160//160 
f 161//161 158//158 160//160 
f 158//158 156//156 160//160 
f 159//159 162//162 163//163 
f 162//162 164//164 163//163 
f 164//164 161//161 163//163 
f 161//161 159//159 163//163 
f 162//162 165//165 166//166 
f 165//165 167//167 166//166 
f 167//167 164//164 166//166 
f 164//164 162//162 166//166 
f 165//165 168//168 169//169 
f 168//168 170//170 169//169 
f 170//170 167//167 169//169 
f 167//167 165//165 169//169 
f 168//168 171//171 172//172 
f 171//171 173//173 172//172 
f 173//173 170//170 172//172 
f 170//170 168//168 172//172 
f 171//171 174//174 175//175 
f 174//174 176//176 175//175 
f 176//176 173//173 175//175 
f 173//173 171//171 175//175 
f 174//174 177//177 178//178 
f 177//177 179//179 178//178 
f 179//179 176//176 178//178 
f 176//176 174//174 178//178 
f 177//177 180//180 181//181 
f 180//180 182//182 181//181 
f 182//182 179//179 181//181 
f 179//179 177//177 181//181 
f 180//180 183//183 184//184 
f 183//183 185//185 184//184 
f 185//185 182//182 184//184 
f 182//182 180//180 184//184 
f 183//183 186//186 187//187 
f 186//186 188//188 187//187 
f 188//188 185//185 187//187 
f 185//185 183//183 187//187 
s 2
f 186//186 189//189 190//190 
f 189//189 191//191 190//190 
f 191//191 188//188 190//190 
f 188//188 186//186 190//190 
s 4
f 189//189 192//192 193//193 
f 192//192 194//194 193//193 
f 194//194 191//191 193//193 
f 191//191 189//189 193//193 
f 192//192 195//195 196//196 
f 195//195 197//197 196//196 
f 197//197 194//194 196//196 
f 194//194 192//192 196//196 
f 195//195 198//198 199//199 
f 198//198 200//200 199//199 
f 200//200 197//197 199//199 
f 197//197 195//195 199//199 
f 198//198 201//201 202//202 
f 201//201 203//203 202//202 
f 203//203 200//200 202//202 
f 200//200 198//198 202//202 
f 201//201 204//204 205//205 
f 204//204 206//206 205//205 
f 206//206 203//203 205//205 
f 203//203 201//201 205//205 
f 204//204 207//207 208//208 
f 207//207 209//209 208//208 
f 209//209 206//206 208//208 
f 206//206 204//204 208//208 
f 207//207 210//210 211//211 
f 210//210 212//212 211//211 
f 212//212 209//209 211//211 
f 209//209 207//207 211//211 
f 210//210 213//213 214//214 
f 213//213 215//215 214//214 
f 215//215 212//212 214//214 
f 212//212 210//210 214//214 
f 213//213 216//216 217//217 
f 216//216 218//218 217//217 
f 218//218 215//215 217//217 
f 215//215 213//213 217//217 
f 216//216 219//219 220//220 
f 219//219 221//221 220//220 
f 221//221 218//218 220//220 
f 218//218 216//216 220//220 
f 219//219 222//222 223//223 
f 222//222 224//224 223//223 
f 224//224 221//221 223//223 
f 221//221 219//219 223//223 
f 222//222 225//225 226//226 
f 225//225 227//227 226//226 
f 227//227 224//224 226//226 
f 224//224 222//222 226//226 
f 225//225 228//228 229//229 
f 228//228 230//230 229//229 
f 230//230 227//227 229//229 
f 227//227 225//225 229//229 
f 228//228 231//231 232//232 
f 231//231 233//233 232//232 
f 233//233 230//230 232//232 
f 230//230 228//228 232//232 
f 231//231 234//234 235//235 
f 234//234 236//236 235//235 
f 236//236 233//233 235//235 
f 233//233 231//231 235//235 
f 234//234 237//237 238//238 
f 237//237 239//239 238//238 
f 239//239 236//236 238//238 
f 236//236 234//234 238//238 
f 237//237 240//240 241//241 
f 240//240 242//242 241//241 
f 242//242 239//239 241//241 
f 239//239 237//237 241//241 
f 240//240 243//243 244//244 
f 243//243 245//245 244//244 
f 245//245 242//242 244//244 
f 242//242 240//240 244//244 
s 2
f 243//243 246//246 247//247 
f 246//246 248//248 247//247 
f 248//248 245//245 247//247 
f 245//245 243//243 247//247 
s 4
f 246//246 249//249 250//250 
f 249//249 251//251 250//250 
f 251//251 248//248 250//250 
f 248//248 246//246 250//250 
f 249//249 252//252 253//253 
f 252//252 254//254 253//253 
f 254//254 251//251 253//253 
f 251//251 249//249 253//253 
f 252//252 255//255 256//256 
f 255//255 257//257 256//256 
f 257//257 254//254 256//256 
f 254//254 252//252 256//256 
f 255//255 258//258 259//259 
f 258//258 260//260 259//259 
f 260//260 257//257 259//259 
f 257//257 255//255 259//259 
f 258//258 261//261 262//262 
f 261//261 263//263 262//262 
f 263//263 260//260 262//262 
f 260//260 258//258 262//262 
f 261//261 264//264 265//265 
f 264//264 266//266 265//265 
f 266//266 263//263 265//265 
f 263//263 261//261 265//265 
f 264//264 267//267 268//268 
f 267//267 269//269 268//268 
f 269//269 266//266 268//268 
f 266//266 264//264 268//268 
f 267//267 270//270 271//271 
f 270//270 272//272 271//271 
f 272//272 269//269 271//271 
f 269//269 267//267 271//271 
f 270//270 273//273 274//274 
f 273//273 275//275 274//274 
f 275//275 272//272 274//274 
f 272//272 270//270 274//274 
f 273//273 276//276 277//277 
f 276//276 278//278 277//277 
f 278//278 275//275 277//277 
f 275//275 273//273 277//277 
f 276//276 279//279 280//88 
f 279//279 281//280 280//88 
f 281//280 278//278 280//88 
f 278//278 276//276 280//88 
f 279//279 282//281 283//282 
f 282//281 284//283 283//282 
f 284//283 281//280 283//282 
f 281//280 279//279 283//282 
f 282//281 285//284 286//285 
f 285//284 287//286 286//285 
f 287//286 284//283 286//285 
f 284//283 282//281 286//285 
f 285//284 288//287 289//288 
f 288//287 290//289 289//288 
f 290//289 287//286 289//288 
f 287//286 285//284 289//288 
f 288//287 291//290 292//291 
f 291//290 293//292 292//291 
f 293//292 290//289 292//291 
f 290//289 288//287 292//291 
f 291//290 294//293 295//294 
f 294//293 296//295 295//294 
f 296//295 293//292 295//294 
f 293//292 291//290 295//294 
f 294//293 297//296 298//297 
f 297//296 299//298 298//297 
f 299//298 296//295 298//297 
f 296//295 294//293 298//297 
f 297//296 300//299 301//300 
f 300//299 302//301 301//300 
f 302//301 299//298 301//300 
f 299//298 297//296 301//300 
f 300//299 303//302 304//303 
f 303//302 305//304 304//303 
f 305//304 302//301 304//303 
f 302//301 300//299 304//303 
f 303//302 306//305 307//306 
f 306//305 308//307 307//306 
f 308//307 305//304 307//306 
f 305//304 303//302 307//306 
f 306//305 309//308 310//309 
f 309//308 311//310 310//309 
f 311//310 308//307 310//309 
f 308//307 306//305 310//309 
f 309//308 312//311 313//312 
f 312//311 314//313 313//312 
f 314//313 311//310 313//312 
f 311//310 309//308 313//312 
f 312//311 315//314 316//315 
f 315//314 317//316 316//315 
f 317//316 314//313 316//315 
f 314//313 312//311 316//315 
f 315//314 318//317 319//318 
f 318//317 320//319 319//318 
f 320//319 317//316 319//318 
f 317//316 315//314 319//318 
f 318//317 321//320 322//321 
f 321//320 323//322 322//321 
f 323//322 320//319 322//321 
f 320//319 318//317 322//321 
f 321//320 324//323 325//324 
f 324//323 326//325 325//324 
f 326//325 323//322 325//324 
f 323//322 321//320 325//324 
f 324//323 327//326 328//327 
f 327//326 329//328 328//327 
f 329//328 326//325 328//327 
f 326//325 324//323 328//327 
s 2
f 327//326 330//329 331//330 
f 330//329 332//331 331//330 
f 332//331 329//328 331//330 
f 329//328 327//326 331//330 
s 4
f 330//329 333//332 334//333 
f 333//332 335//334 334//333 
f 335//334 332//331 334//333 
f 332//331 330//329 334//333 
f 333//332 336//335 337//336 
f 336//335 338//337 337//336 
f 338//337 335//334 337//336 
f 335//334 333//332 337//336 
f 336//335 339//338 340//339 
f 339//338 341//340 340//339 
f 341//340 338//337 340//339 
f 338//337 336//335 340//339 
f 339//338 342//341 343//342 
f 342//341 344//343 343//342 
f 344//343 341//340 343//342 
f 341//340 339//338 343//342 
f 342//341 345//344 346//345 
f 345//344 347//346 346//345 
f 347//346 344//343 346//345 
f 344//343 342//341 346//345 
f 345//344 348//347 349//348 
f 348//347 350//349 349//348 
f 350//349 347//346 349//348 
f 347//346 345//344 349//348 
f 348//347 351//350 352//351 
f 351//350 353//352 352//351 
f 353//352 350//349 352//351 
f 350//349 348//347 352//351 
f 351//350 354//353 355//354 
f 354//353 356//355 355//354 
f 356//355 353//352 355//354 
f 353//352 351//350 355//354 
f 354//353 357//356 358//357 
f 357//356 359//358 358//357 
f 359//358 356//355 358//357 
f 356//355 354//353 358//357 
f 357//356 360//359 361//360 
f 360//359 362//361 361//360 
f 362//361 359//358 361//360 
f 359//358 357//356 361//360 
f 360//359 363//362 364//363 
f 363//362 365//364 364//363 
f 365//364 362//361 364//363 
f 362//361 360//359 364//363 
f 363//362 366//365 367//366 
f 366//365 368//367 367//366 
f 368//367 365//364 367//366 
f 365//364 363//362 367//366 
f 366//365 369//368 370//369 
f 369//368 371//370 370//369 
f 371//370 368//367 370//369 
f 368//367 366//365 370//369 
f 369//368 372//371 373//372 
f 372//371 374//373 373//372 
f 374//373 371//370 373//372 
f 371//370 369//368 373//372 
f 372//371 375//374 376//375 
f 375//374 377//376 376//375 
f 377//376 374//373 376//375 
f 374//373 372//371 376//375 
f 375//374 378//377 379//378 
f 378//377 380//379 379//378 
f 380//379 377//376 379//378 
f 377//376 375//374 379//378 
f 378//377 381//380 382//381 
f 381//380 383//382 382//381 
f 383//382 380//379 382//381 
f 380//379 378//377 382//381 
f 381//380 384//383 385//384 
f 384//383 386//385 385//384 
f 386//385 383//382 385//384 
f 383//382 381//380 385//384 
s 2
f 384//383 387//386 388//387 
f 387//386 389//388 388//387 
f 389//388 386//385 388//387 
f 386//385 384//383 388//387 
s 4
f 387//386 390//389 391//390 
f 390//389 392//391 391//390 
f 392//391 389//388 391//390 
f 389//388 387//386 391//390 
f 390//389 393//392 394//393 
f 393//392 395//394 394//393 
f 395//394 392//391 394//393 
f 392//391 390//389 394//393 
f 393//392 396//395 397//396 
f 396//395 398//397 397//396 
f 398//397 395//394 397//396 
f 395//394 393//392 397//396 
f 396//395 399//398 400//399 
f 399//398 401//400 400//399 
f 401//400 398//397 400//399 
f 398//397 396//395 400//399 
f 399//398 402//401 403//402 
f 402//401 404//403 403//402 
f 404//403 401//400 403//402 
f 401//400 399//398 403//402 
f 402//401 405//404 406//405 
f 405//404 407//406 406//405 
f 407//406 404//403 406//405 
f 404//403 402//401 406//405 
f 405//404 408//407 409//408 
f 408//407 410//409 409//408 
f 410//409 407//406 409//408 
f 407//406 405//404 409//408 
f 408//407 411//410 412//411 
f 411//410 413//412 412//411 
f 413//412 410//409 412//411 
f 410//409 408//407 412//411 
f 411//410 414//413 415//414 
f 414//413 416//415 415//414 
f 416//415 413//412 415//414 
f 413//412 411//410 415//414 
f 414//413 417//416 418//417 
f 417//416 419//418 418//417 
f 419//418 416//415 418//417 
f 416//415 414//413 418//417 
f 417//416 420//419 421//420 
f 420//419 422//421 421//420 
f 422//421 419//418 421//420 
f 419//418 417//416 421//420 
f 420//419 423//422 424//423 
f 423//422 425//424 424//423 
f 425//424 422//421 424//423 
f 422//421 420//419 424//423 
f 423//422 426//425 427//426 
f 426//425 428//427 427//426 
f 428//427 425//424 427//426 
f 425//424 423//422 427//426 
f 426//425 429//428 430//429 
f 429//428 431//430 430//429 
f 431//430 428//427 430//429 
f 428//427 426//425 430//429 
f 429//428 432//431 433//432 
f 432//431 434//433 433//432 
f 434//433 431//430 433//432 
f 431//430 429//428 433//432 
f 432//431 435//434 436//435 
f 435//434 437//436 436//435 
f 437//436 434//433 436//435 
f 434//433 432//431 436//435 
f 435//434 438//437 439//438 
f 438//437 440//439 439//438 
f 440//439 437//436 439//438 
f 437//436 435//434 439//438 
f 438//437 441//440 442//441 
f 441//440 443//442 442//441 
f 443//442 440//439 442//441 
f 440//439 438//437 442//441 
f 441//440 444//443 445//444 
f 444//443 446//445 445//444 
f 446//445 443//442 445//444 
f 443//442 441//440 445//444 
f 444//443 447//446 448//447 
f 447//446 449//448 448//447 
f 449//448 446//445 448//447 
f 446//445 444//443 448//447 
f 447//446 450//449 451//450 
f 450//449 452//451 451//450 
f 452//451 449//448 451//450 
f 449//448 447//446 451//450 
f 450//449 453//452 454//453 
f 453//452 455//454 454//453 
f 455//454 452//451 454//453 
f 452//451 450//449 454//453 
f 453//452 456//455 457//456 
f 456//455 458//457 457//456 
f 458//457 455//454 457//456 
f 455//454 453//452 457//456 
f 456//455 459//458 460//459 
f 459//458 461//460 460//459 
f 461//460 458//457 460//459 
f 458//457 456//455 460//459 
f 459//458 462//461 463//462 
f 462//461 464//463 463//462 
f 464//463 461//460 463//462 
f 461//460 459//458 463//462 
f 462//461 465//464 466//76 
f 465//464 467//465 466//76 
f 467//465 464//463 466//76 
f 464//463 462//461 466//76 
f 465//464 468//466 469//467 
f 468//466 470//468 469//467 
f 470//468 467//465 469//467 
f 467//465 465//464 469//467 
s 2
f 468//466 471//469 472//470 
f 471//469 473//471 472//470 
f 473//471 470//468 472//470 
f 470//468 468//466 472//470 
s 4
f 471//469 474//472 475//473 
f 474//472 476//474 475//473 
f 476//474 473//471 475//473 
f 473//471 471//469 475//473 
f 474//472 477//475 478//476 
f 477//475 479//477 478//476 
f 479//477 476//474 478//476 
f 476//474 474//472 478//476 
f 477//475 480//478 481//479 
f 480//478 482//480 481//479 
f 482//480 479//477 481//479 
f 479//477 477//475 481//479 
f 480//478 483//481 484//482 
f 483//481 485//483 484//482 
f 485//483 482//480 484//482 
f 482//480 480//478 484//482 
f 483//481 486//484 487//485 
f 486//484 488//486 487//485 
f 488//486 485//483 487//485 
f 485//483 483//481 487//485 
f 486//484 489//487 490//488 
f 489//487 491//489 490//488 
f 491//489 488//486 490//488 
f 488//486 486//484 490//488 
f 489//487 492//490 493//491 
f 492//490 494//492 493//491 
f 494//492 491//489 493//491 
f 491//489 489//487 493//491 
f 492//490 495//493 496//494 
f 495//493 497//495 496//494 
f 497//495 494//492 496//494 
f 494//492 492//490 496//494 
f 495//493 498//496 499//497 
f 498//496 500//498 499//497 
f 500//498 497//495 499//497 
f 497//495 495//493 499//497 
f 498//496 501//499 502//500 
f 501//499 503//501 502//500 
f 503//501 500//498 502//500 
f 500//498 498//496 502//500 
f 501//499 504//502 505//503 
f 504//502 506//504 505//503 
f 506//504 503//501 505//503 
f 503//501 501//499 505//503 
f 504//502 507//505 508//506 
f 507//505 509//507 508//506 
f 509//507 506//504 508//506 
f 506//504 504//502 508//506 
f 507//505 510//508 511//509 
f 510//508 512//510 511//509 
f 512//510 509//507 511//509 
f 509//507 507//505 511//509 
f 510//508 513//511 514//512 
f 513//511 515//513 514//512 
f 515//513 512//510 514//512 
f 512//510 510//508 514//512 
f 513//511 516//514 517//515 
f 516//514 518//516 517//515 
f 518//516 515//513 517//515 
f 515//513 513//511 517//515 
f 516//514 519//517 520//518 
f 519//517 521//519 520//518 
f 521//519 518//516 520//518 
f 518//516 516//514 520//518 
f 519//517 522//520 523//521 
f 522//520 524//522 523//521 
f 524//522 521//519 523//521 
f 521//519 519//517 523//521 
f 522//520 525//523 526//524 
f 525//523 527//525 526//524 
f 527//525 524//522 526//524 
f 524//522 522//520 526//524 
f 525//523 528//526 529//527 
f 528//526 530//528 529//527 
f 530//528 527//525 529//527 
f 527//525 525//523 529//527 
f 528//526 531//529 532//530 
f 531//529 533//531 532//530 
f 533//531 530//528 532//530 
f 530//528 528//526 532//530 
f 531//529 534//532 535//533 
f 534//532 536//534 535//533 
f 536//534 533//531 535//533 
f 533//531 531//529 535//533 
f 534//532 537//535 538//536 
f 537//535 539//537 538//536 
f 539//537 536//534 538//536 
f 536//534 534//532 538//536 
f 537//535 540//538 541//539 
f 540//538 542//540 541//539 
f 542//540 539//537 541//539 
f 539//537 537//535 541//539 
f 540//538 543//541 544//542 
f 543//541 545//543 544//542 
f 545//543 542//540 544//542 
f 542//540 540//538 544//542 
f 543//541 546//544 547//545 
f 546//544 548//546 547//545 
f 548//546 545//543 547//545 
f 545//543 543//541 547//545 
f 546//544 549//547 550//548 
f 549//547 551//549 550//548 
f 551//549 548//546 550//548 
f 548//546 546//544 550//548 
f 549//547 552//550 553//500 
f 552//550 554//551 553//500 
f 554//551 551//549 553//500 
f 551//549 549//547 553//500 
f 552//550 555//552 556//553 
f 555//552 557//554 556//553 
f 557//554 554//551 556//553 
f 554//551 552//550 556//553 
f 555//552 558//555 559//556 
f 558//555 560//557 559//556 
f 560//557 557//554 559//556 
f 557//554 555//552 559//556 
f 558//555 561//558 562//559 
f 561//558 563//560 562//559 
f 563//560 560//557 562//559 
f 560//557 558//555 562//559 
f 561//558 564//561 565//562 
f 564//561 566//563 565//562 
f 566//563 563//560 565//562 
f 563//560 561//558 565//562 
f 564//561 567//564 568//565 
f 567//564 569//566 568//565 
f 569//566 566//563 568//565 
f 566//563 564//561 568//565 
f 567//564 570//567 571//568 
f 570//567 572//569 571//568 
f 572//569 569//566 571//568 
f 569//566 567//564 571//568 
f 570//567 573//570 574//571 
f 573//570 575//572 574//571 
f 575//572 572//569 574//571 
f 572//569 570//567 574//571 
f 573//570 576//573 577//574 
f 576//573 578//575 577//574 
f 578//575 575//572 577//574 
f 575//572 573//570 577//574 
f 576//573 579//576 580//577 
f 579//576 581//578 580//577 
f 581//578 578//575 580//577 
f 578//575 576//573 580//577 
s 2
f 579//576 582//579 583//580 
f 582//579 584//581 583//580 
f 584//581 581//578 583//580 
f 581//578 579//576 583//580 
s 5
f 582//579 1//1 585//582 
f 1//1 5//5 585//582 
f 5//5 584//581 585//582 
f 584//581 582//579 585//582 
s 1
f 586//583 587//584 588//585 
f 587//584 589//586 588//585 
f 589//586 590//587 588//585 
f 590//587 586//583 588//585 
s 3
f 587//584 591//588 592//589 
f 591//588 593//590 592//589 
f 593//590 589//586 592//589 
f 589//586 587//584 592//589 
s 2
f 591//588 594//591 595//592 
f 594//591 596//593 595//592 
f 596//593 593//590 595//592 
f 593//590 591//588 595//592 
f 594//591 597//594 598//595 
f 597//594 599//596 598//595 
f 599//596 596//593 598//595 
f 596//593 594//591 598//595 
f 597//594 600//597 601//598 
f 600//597 602//599 601//598 
f 602//599 599//596 601//598 
f 599//596 597//594 601//598 
f 600//597 603//600 604//601 
f 603//600 605//602 604//601 
f 605//602 602//599 604//601 
f 602//599 600//597 604//601 
f 603//600 606//603 607//604 
f 606//603 608//605 607//604 
f 608//605 605//602 607//604 
f 605//602 603//600 607//604 
f 606//603 609//606 610//607 
f 609//606 611//608 610//607 
f 611//608 608//605 610//607 
f 608//605 606//603 610//607 
f 609//606 612//609 613//610 
f 612//609 614//611 613//610 
f 614//611 611//608 613//610 
f 611//608 609//606 613//610 
f 612//609 615//612 616//613 
f 615//612 617//614 616//613 
f 617//614 614//611 616//613 
f 614//611 612//609 616//613 
f 615//612 618//615 619//616 
f 618//615 620//617 619//616 
f 620//617 617//614 619//616 
f 617//614 615//612 619//616 
f 618//615 621//618 622//619 
f 621//618 623//620 622//619 
f 623//620 620//617 622//619 
f 620//617 618//615 622//619 
f 621//618 624//621 625//622 
f 624//621 626//623 625//622 
f 626//623 623//620 625//622 
f 623//620 621//618 625//622 
f 624//621 627//624 628//625 
f 627//624 629//626 628//625 
f 629//626 626//623 628//625 
f 626//623 624//621 628//625 
f 627//624 630//627 631//628 
f 630//627 632//629 631//628 
f 632//629 629//626 631//628 
f 629//626 627//624 631//628 
f 630//627 633//630 634//631 
f 633//630 635//632 634//631 
f 635//632 632//629 634//631 
f 632//629 630//627 634//631 
f 633//630 636//633 637//634 
f 636//633 638//635 637//634 
f 638//635 635//632 637//634 
f 635//632 633//630 637//634 
f 636//633 639//636 640//637 
f 639//636 641//638 640//637 
f 641//638 638//635 640//637 
f 638//635 636//633 640//637 
f 639//636 642//639 643//640 
f 642//639 644//641 643//640 
f 644//641 641//638 643//640 
f 641//638 639//636 643//640 
f 642//639 645//642 646//643 
f 645//642 647//644 646//643 
f 647//644 644//641 646//643 
f 644//641 642//639 646//643 
f 645//642 648//645 649//646 
f 648//645 650//647 649//646 
f 650//647 647//644 649//646 
f 647//644 645//642 649//646 
f 648//645 651//648 652//649 
f 651//648 653//650 652//649 
f 653//650 650//647 652//649 
f 650//647 648//645 652//649 
f 651//648 654//651 655//652 
f 654//651 656//653 655//652 
f 656//653 653//650 655//652 
f 653//650 651//648 655//652 
f 654//651 657//654 658//655 
f 657//654 659//656 658//655 
f 659//656 656//653 658//655 
f 656//653 654//651 658//655 
f 657//654 660//657 661//658 
f 660//657 662//659 661//658 
f 662//659 659//656 661//658 
f 659//656 657//654 661//658 
f 660//657 663//660 664//661 
f 663//660 665//662 664//661 
f 665//662 662//659 664//661 
f 662//659 660//657 664//661 
f 663//660 666//663 667//664 
f 666//663 668//665 667//664 
f 668//665 665//662 667//664 
f 665//662 663//660 667//664 
f 666//663 669//666 670//667 
f 669//666 671//668 670//667 
f 671//668 668//665 670//667 
f 668//665 666//663 670//667 
f 669//666 672//669 673//670 
f 672//669 674//671 673//670 
f 674//671 671//668 673//670 
f 671//668 669//666 673//670 
f 672//669 675//672 676//673 
f 675//672 677//674 676//673 
f 677//674 674//671 676//673 
f 674//671 672//669 676//673 
f 675//672 678//675 679//676 
f 678//675 680//677 679//676 
f 680//677 677//674 679//676 
f 677//674 675//672 679//676 
f 678//675 681//678 682//679 
f 681//678 683//680 682//679 
f 683//680 680//677 682//679 
f 680//677 678//675 682//679 
f 681//678 684//681 685//682 
f 684//681 686//683 685//682 
f 686//683 683//680 685//682 
f 683//680 681//678 685//682 
f 684//681 687//684 688//685 
f 687//684 689//686 688//685 
f 689//686 686//683 688//685 
f 686//683 684//681 688//685 
f 687//684 690//687 691//688 
f 690//687 692//689 691//688 
f 692//689 689//686 691//688 
f 689//686 687//684 691//688 
s 3
f 690//687 586//583 693//690 
f 586//583 590//587 693//690 
f 590//587 692//689 693//690 
f 692//689 690//687 693//690 
s 1
f 694//691 695//692 696//693 
f 695//692 697//694 696//693 
f 697//694 698//695 696//693 
f 698//695 694//691 696//693 
s 3
f 695//692 699//696 700//697 
f 699//696 701//698 700//697 
f 701//698 697//694 700//697 
f 697//694 695//692 700//697 
s 2
f 699//696 702//699 703//700 
f 702//699 704//701 703//700 
f 704//701 701//698 703//700 
f 701//698 699//696 703//700 
f 702//699 705//702 706//703 
f 705//702 707//704 706//703 
f 707//704 704//701 706//703 
f 704//701 702//699 706//703 
f 705//702 708//705 709//706 
f 708//705 710//707 709//706 
f 710//707 707//704 709//706 
f 707//704 705//702 709//706 
f 708//705 711//708 712//709 
f 711//708 713//710 712//709 
f 713//710 710//707 712//709 
f 710//707 708//705 712//709 
f 711//708 714//711 715//712 
f 714//711 716//713 715//712 
f 716//713 713//710 715//712 
f 713//710 711//708 715//712 
f 714//711 717//714 718//715 
f 717//714 719//716 718//715 
f 719//716 716//713 718//715 
f 716//713 714//711 718//715 
f 717//714 720//717 721//718 
f 720//717 722//719 721//718 
f 722//719 719//716 721//718 
f 719//716 717//714 721//718 
f 720//717 723//720 724//721 
f 723//720 725//722 724//721 
f 725//722 722//719 724//721 
f 722//719 720//717 724//721 
f 723//720 726//723 727//724 
f 726//723 728//725 727//724 
f 728//725 725//722 727//724 
f 725//722 723//720 727//724 
f 726//723 729//726 730//727 
f 729//726 731//728 730//727 
f 731//728 728//725 730//727 
f 728//725 726//723 730//727 
f 729//726 732//729 733//730 
f 732//729 734//731 733//730 
f 734//731 731//728 733//730 
f 731//728 729//726 733//730 
f 732//729 735//732 736//733 
f 735//732 737//734 736//733 
f 737//734 734//731 736//733 
f 734//731 732//729 736//733 
f 735//732 738//735 739//736 
f 738//735 740//737 739//736 
f 740//737 737//734 739//736 
f 737//734 735//732 739//736 
f 738//735 741//738 742//739 
f 741//738 743//740 742//739 
f 743//740 740//737 742//739 
f 740//737 738//735 742//739 
f 741//738 744//741 745//742 
f 744//741 746//743 745//742 
f 746//743 743//740 745//742 
f 743//740 741//738 745//742 
s 4
f 744//741 747//744 748//745 
f 747//744 749//746 748//745 
f 749//746 746//743 748//745 
f 746//743 744//741 748//745 
s 2
f 747//744 750//747 751//748 
f 750//747 752//749 751//748 
f 752//749 749//746 751//748 
f 749//746 747//744 751//748 
s 4
f 750//747 753//750 754//751 
f 753//750 755//752 754//751 
f 755//752 752//749 754//751 
f 752//749 750//747 754//751 
f 753//750 756//753 757//754 
f 756//753 758//755 757//754 
f 758//755 755//752 757//754 
f 755//752 753//750 757//754 
f 756//753 759//756 760//757 
f 759//756 761//758 760//757 
f 761//758 758//755 760//757 
f 758//755 756//753 760//757 
f 759//756 762//759 763//760 
f 762//759 764//761 763//760 
f 764//761 761//758 763//760 
f 761//758 759//756 763//760 
f 762//759 765//762 766//763 
f 765//762 767//764 766//763 
f 767//764 764//761 766//763 
f 764//761 762//759 766//763 
f 765//762 768//765 769//766 
f 768//765 770//767 769//766 
f 770//767 767//764 769//766 
f 767//764 765//762 769//766 
f 768//765 771//768 772//769 
f 771//768 773//770 772//769 
f 773//770 770//767 772//769 
f 770//767 768//765 772//769 
f 771//768 774//771 775//772 
f 774//771 776//773 775//772 
f 776//773 773//770 775//772 
f 773//770 771//768 775//772 
f 774//771 777//774 778//775 
f 777//774 779//776 778//775 
f 779//776 776//773 778//775 
f 776//773 774//771 778//775 
s 2
f 777//774 780//777 781//778 
f 780//777 782//779 781//778 
f 782//779 779//776 781//778 
f 779//776 777//774 781//778 
s 4
f 780//777 783//780 784//781 
f 783//780 785//782 784//781 
f 785//782 782//779 784//781 
f 782//779 780//777 784//781 
f 783//780 786//783 787//784 
f 786//783 788//785 787//784 
f 788//785 785//782 787//784 
f 785//782 783//780 787//784 
f 786//783 789//786 790//787 
f 789//786 791//788 790//787 
f 791//788 788//785 790//787 
f 788//785 786//783 790//787 
f 789//786 792//789 793//790 
f 792//789 794//791 793//790 
f 794//791 791//788 793//790 
f 791//788 789//786 793//790 
f 792//789 795//792 796//793 
f 795//792 797//794 796//793 
f 797//794 794//791 796//793 
f 794//791 792//789 796//793 
f 795//792 798//795 799//796 
f 798//795 800//797 799//796 
f 800//797 797//794 799//796 
f 797//794 795//792 799//796 
f 798//795 801//798 802//799 
f 801//798 803//800 802//799 
f 803//800 800//797 802//799 
f 800//797 798//795 802//799 
f 801//798 804//801 805//802 
f 804//801 806//803 805//802 
f 806//803 803//800 805//802 
f 803//800 801//798 805//802 
f 804//801 807//804 808//805 
f 807//804 809//806 808//805 
f 809//806 806//803 808//805 
f 806//803 804//801 808//805 
s 2
f 807//804 810//807 811//808 
f 810//807 812//809 811//808 
f 812//809 809//806 811//808 
f 809//806 807//804 811//808 
f 810//807 813//810 814//811 
f 813//810 815//812 814//811 
f 815//812 812//809 814//811 
f 812//809 810//807 814//811 
f 813//810 816//813 817//814 
f 816//813 818//815 817//814 
f 818//815 815//812 817//814 
f 815//812 813//810 817//814 
f 816//813 819//816 820//817 
f 819//816 821//818 820//817 
f 821//818 818//815 820//817 
f 818//815 816//813 820//817 
f 819//816 822//819 823//820 
f 822//819 824//821 823//820 
f 824//821 821//818 823//820 
f 821//818 819//816 823//820 
f 822//819 825//822 826//823 
f 825//822 827//824 826//823 
f 827//824 824//821 826//823 
f 824//821 822//819 826//823 
f 825//822 828//825 829//826 
f 828//825 830//827 829//826 
f 830//827 827//824 829//826 
f 827//824 825//822 829//826 
f 828//825 831//828 832//829 
f 831//828 833//830 832//829 
f 833//830 830//827 832//829 
f 830//827 828//825 832//829 
f 831//828 834//831 835//832 
f 834//831 836//833 835//832 
f 836//833 833//830 835//832 
f 833//830 831//828 835//832 
f 834//831 837//834 838//835 
f 837//834 839//836 838//835 
f 839//836 836//833 838//835 
f 836//833 834//831 838//835 
f 837//834 840//837 841//838 
f 840//837 842//839 841//838 
f 842//839 839//836 841//838 
f 839//836 837//834 841//838 
f 840//837 843//840 844//841 
f 843//840 845//842 844//841 
f 845//842 842//839 844//841 
f 842//839 840//837 844//841 
f 843//840 846//843 847//844 
f 846//843 848//845 847//844 
f 848//845 845//842 847//844 
f 845//842 843//840 847//844 
f 846//843 849//846 850//847 
f 849//846 851//848 850//847 
f 851//848 848//845 850//847 
f 848//845 846//843 850//847 
f 849//846 852//849 853//850 
f 852//849 854//851 853//850 
f 854//851 851//848 853//850 
f 851//848 849//846 853//850 
f 852//849 855//852 856//853 
f 855//852 857//854 856//853 
f 857//854 854//851 856//853 
f 854//851 852//849 856//853 
f 855//852 858//855 859//856 
f 858//855 860//857 859//856 
f 860//857 857//854 859//856 
f 857//854 855//852 859//856 
f 858//855 861//858 862//859 
f 861//858 863//860 862//859 
f 863//860 860//857 862//859 
f 860//857 858//855 862//859 
f 861//858 864//861 865//862 
f 864//861 866//863 865//862 
f 866//863 863//860 865//862 
f 863//860 861//858 865//862 
f 864//861 867//864 868//865 
f 867//864 869//866 868//865 
f 869//866 866//863 868//865 
f 866//863 864//861 868//865 
f 867//864 870//867 871//868 
f 870//867 872//869 871//868 
f 872//869 869//866 871//868 
f 869//866 867//864 871//868 
f 870//867 873//870 874//871 
f 873//870 875//872 874//871 
f 875//872 872//869 874//871 
f 872//869 870//867 874//871 
f 873//870 876//873 877//874 
f 876//873 878//875 877//874 
f 878//875 875//872 877//874 
f 875//872 873//870 877//874 
f 876//873 879//876 880//877 
f 879//876 881//878 880//877 
f 881//878 878//875 880//877 
f 878//875 876//873 880//877 
f 879//876 882//879 883//880 
f 882//879 884//881 883//880 
f 884//881 881//878 883//880 
f 881//878 879//876 883//880 
f 882//879 885//882 886//883 
f 885//882 887//884 886//883 
f 887//884 884//881 886//883 
f 884//881 882//879 886//883 
f 885//882 888//885 889//886 
f 888//885 890//887 889//886 
f 890//887 887//884 889//886 
f 887//884 885//882 889//886 
f 888//885 891//888 892//889 
f 891//888 893//890 892//889 
f 893//890 890//887 892//889 
f 890//887 888//885 892//889 
f 891//888 894//891 895//892 
f 894//891 896//893 895//892 
f 896//893 893//890 895//892 
f 893//890 891//888 895//892 
f 894//891 897//894 898//895 
f 897//894 899//896 898//895 
f 899//896 896//893 898//895 
f 896//893 894//891 898//895 
f 897//894 900//897 901//898 
f 900//897 902//899 901//898 
f 902//899 899//896 901//898 
f 899//896 897//894 901//898 
f 900//897 903//900 904//901 
f 903//900 905//902 904//901 
f 905//902 902//899 904//901 
f 902//899 900//897 904//901 
f 903//900 906//903 907//904 
f 906//903 908//905 907//904 
f 908//905 905//902 907//904 
f 905//902 903//900 907//904 
f 906//903 909//906 910//907 
f 909//906 911//908 910//907 
f 911//908 908//905 910//907 
f 908//905 906//903 910//907 
f 909//906 912//909 913//910 
f 912//909 914//911 913//910 
f 914//911 911//908 913//910 
f 911//908 909//906 913//910 
f 912//909 915//912 916//913 
f 915//912 917//914 916//913 
f 917//914 914//911 916//913 
f 914//911 912//909 916//913 
f 915//912 918//915 919//916 
f 918//915 920//917 919//916 
f 920//917 917//914 919//916 
f 917//914 915//912 919//916 
f 918//915 921//918 922//919 
f 921//918 923//920 922//919 
f 923//920 920//917 922//919 
f 920//917 918//915 922//919 
f 921//918 924//921 925//922 
f 924//921 926//923 925//922 
f 926//923 923//920 925//922 
f 923//920 921//918 925//922 
f 924//921 927//924 928//925 
f 927//924 929//926 928//925 
f 929//926 926//923 928//925 
f 926//923 924//921 928//925 
f 927//924 930//927 931//928 
f 930//927 932//929 931//928 
f 932//929 929//926 931//928 
f 929//926 927//924 931//928 
f 930//927 933//930 934//931 
f 933//930 935//932 934//931 
f 935//932 932//929 934//931 
f 932//929 930//927 934//931 
f 933//930 936//933 937//934 
f 936//933 938//935 937//934 
f 938//935 935//932 937//934 
f 935//932 933//930 937//934 
f 936//933 939//936 940//937 
f 939//936 941//938 940//937 
f 941//938 938//935 940//937 
f 938//935 936//933 940//937 
f 939//936 942//939 943//940 
f 942//939 944//941 943//940 
f 944//941 941//938 943//940 
f 941//938 939//936 943//940 
s 4
f 942//939 945//942 946//943 
f 945//942 947//944 946//943 
f 947//944 944//941 946//943 
f 944//941 942//939 946//943 
s 2
f 945//942 948//945 949//946 
f 948//945 950//947 949//946 
f 950//947 947//944 949//946 
f 947//944 945//942 949//946 
s 4
f 948//945 951//948 952//949 
f 951//948 953//950 952//949 
f 953//950 950//947 952//949 
f 950//947 948//945 952//949 
f 951//948 954//951 955//952 
f 954//951 956//953 955//952 
f 956//953 953//950 955//952 
f 953//950 951//948 955//952 
f 954//951 957//954 958//955 
f 957//954 959//956 958//955 
f 959//956 956//953 958//955 
f 956//953 954//951 958//955 
f 957//954 960//957 961//958 
f 960//957 962//959 961//958 
f 962//959 959//956 961//958 
f 959//956 957//954 961//958 
f 960//957 963//960 964//961 
f 963//960 965//962 964//961 
f 965//962 962//959 964//961 
f 962//959 960//957 964//961 
f 963//960 966//963 967//964 
f 966//963 968//965 967//964 
f 968//965 965//962 967//964 
f 965//962 963//960 967//964 
f 966//963 969//966 970//967 
f 969//966 971//968 970//967 
f 971//968 968//965 970//967 
f 968//965 966//963 970//967 
f 969//966 972//969 973//970 
f 972//969 974//971 973//970 
f 974//971 971//968 973//970 
f 971//968 969//966 973//970 
f 972//969 975//972 976//973 
f 975//972 977//974 976//973 
f 977//974 974//971 976//973 
f 974//971 972//969 976//973 
f 975//972 978//975 979//360 
f 978//975 980//976 979//360 
f 980//976 977//974 979//360 
f 977//974 975//972 979//360 
f 978//975 981//977 982//978 
f 981//977 983//979 982//978 
f 983//979 980//976 982//978 
f 980//976 978//975 982//978 
f 981//977 984//980 985//981 
f 984//980 986//982 985//981 
f 986//982 983//979 985//981 
f 983//979 981//977 985//981 
f 984//980 987//983 988//984 
f 987//983 989//985 988//984 
f 989//985 986//982 988//984 
f 986//982 984//980 988//984 
f 987//983 990//986 991//987 
f 990//986 992//988 991//987 
f 992//988 989//985 991//987 
f 989//985 987//983 991//987 
f 990//986 993//989 994//990 
f 993//989 995//991 994//990 
f 995//991 992//988 994//990 
f 992//988 990//986 994//990 
f 993//989 996//992 997//993 
f 996//992 998//994 997//993 
f 998//994 995//991 997//993 
f 995//991 993//989 997//993 
f 996//992 999//995 1000//996 
f 999//995 1001//997 1000//996 
f 1001//997 998//994 1000//996 
f 998//994 996//992 1000//996 
f 999//995 1002//998 1003//999 
f 1002//998 1004//1000 1003//999 
f 1004//1000 1001//997 1003//999 
f 1001//997 999//995 1003//999 
s 2
f 1002//998 1005//1001 1006//1002 
f 1005//1001 1007//1003 1006//1002 
f 1007//1003 1004//1000 1006//1002 
f 1004//1000 1002//998 1006//1002 
s 4
f 1005//1001 1008//1004 1009//1005 
f 1008//1004 1010//1006 1009//1005 
f 1010//1006 1007//1003 1009//1005 
f 1007//1003 1005//1001 1009//1005 
f 1008//1004 1011//1007 1012//1008 
f 1011//1007 1013//1009 1012//1008 
f 1013//1009 1010//1006 1012//1008 
f 1010//1006 1008//1004 1012//1008 
f 1011//1007 1014//1010 1015//1011 
f 1014//1010 1016//1012 1015//1011 
f 1016//1012 1013//1009 1015//1011 
f 1013//1009 1011//1007 1015//1011 
f 1014//1010 1017//1013 1018//1014 
f 1017//1013 1019//1015 1018//1014 
f 1019//1015 1016//1012 1018//1014 
f 1016//1012 1014//1010 1018//1014 
f 1017//1013 1020//1016 1021//1017 
f 1020//1016 1022//1018 1021//1017 
f 1022//1018 1019//1015 1021//1017 
f 1019//1015 1017//1013 1021//1017 
f 1020//1016 1023//1019 1024//1020 
f 1023//1019 1025//1021 1024//1020 
f 1025//1021 1022//1018 1024//1020 
f 1022//1018 1020//1016 1024//1020 
f 1023//1019 1026//1022 1027//1023 
f 1026//1022 1028//1024 1027//1023 
f 1028//1024 1025//1021 1027//1023 
f 1025//1021 1023//1019 1027//1023 
f 1026//1022 1029//1025 1030//1026 
f 1029//1025 1031//1027 1030//1026 
f 1031//1027 1028//1024 1030//1026 
f 1028//1024 1026//1022 1030//1026 
f 1029//1025 1032//1028 1033//1029 
f 1032//1028 1034//1030 1033//1029 
f 1034//1030 1031//1027 1033//1029 
f 1031//1027 1029//1025 1033//1029 
f 1032//1028 1035//1031 1036//1032 
f 1035//1031 1037//1033 1036//1032 
f 1037//1033 1034//1030 1036//1032 
f 1034//1030 1032//1028 1036//1032 
f 1035//1031 1038//1034 1039//1035 
f 1038//1034 1040//1036 1039//1035 
f 1040//1036 1037//1033 1039//1035 
f 1037//1033 1035//1031 1039//1035 
f 1038//1034 1041//1037 1042//1038 
f 1041//1037 1043//1039 1042//1038 
f 1043//1039 1040//1036 1042//1038 
f 1040//1036 1038//1034 1042//1038 
f 1041//1037 1044//1040 1045//1041 
f 1044//1040 1046//1042 1045//1041 
f 1046//1042 1043//1039 1045//1041 
f 1043//1039 1041//1037 1045//1041 
f 1044//1040 1047//1043 1048//1044 
f 1047//1043 1049//1045 1048//1044 
f 1049//1045 1046//1042 1048//1044 
f 1046//1042 1044//1040 1048//1044 
f 1047//1043 1050//1046 1051//1047 
f 1050//1046 1052//1048 1051//1047 
f 1052//1048 1049//1045 1051//1047 
f 1049//1045 1047//1043 1051//1047 
f 1050//1046 1053//1049 1054//1050 
f 1053//1049 1055//1051 1054//1050 
f 1055//1051 1052//1048 1054//1050 
f 1052//1048 1050//1046 1054//1050 
f 1053//1049 1056//1052 1057//1053 
f 1056//1052 1058//1054 1057//1053 
f 1058//1054 1055//1051 1057//1053 
f 1055//1051 1053//1049 1057//1053 
f 1056//1052 1059//1055 1060//1056 
f 1059//1055 1061//1057 1060//1056 
f 1061//1057 1058//1054 1060//1056 
f 1058//1054 1056//1052 1060//1056 
f 1059//1055 1062//1058 1063//1059 
f 1062//1058 1064//1060 1063//1059 
f 1064//1060 1061//1057 1063//1059 
f 1061//1057 1059//1055 1063//1059 
f 1062//1058 1065//1061 1066//1062 
f 1065//1061 1067//1063 1066//1062 
f 1067//1063 1064//1060 1066//1062 
f 1064//1060 1062//1058 1066//1062 
f 1065//1061 1068//1064 1069//1065 
f 1068//1064 1070//1066 1069//1065 
f 1070//1066 1067//1063 1069//1065 
f 1067//1063 1065//1061 1069//1065 
f 1068//1064 1071//1067 1072//1068 
f 1071//1067 1073//1069 1072//1068 
f 1073//1069 1070//1066 1072//1068 
f 1070//1066 1068//1064 1072//1068 
f 1071//1067 1074//1070 1075//1071 
f 1074//1070 1076//1072 1075//1071 
f 1076//1072 1073//1069 1075//1071 
f 1073//1069 1071//1067 1075//1071 
f 1074//1070 1077//1073 1078//1074 
f 1077//1073 1079//1075 1078//1074 
f 1079//1075 1076//1072 1078//1074 
f 1076//1072 1074//1070 1078//1074 
f 1077//1073 1080//1076 1081//1077 
f 1080//1076 1082//1078 1081//1077 
f 1082//1078 1079//1075 1081//1077 
f 1079//1075 1077//1073 1081//1077 
f 1080//1076 1083//1079 1084//1080 
f 1083//1079 1085//1081 1084//1080 
f 1085//1081 1082//1078 1084//1080 
f 1082//1078 1080//1076 1084//1080 
f 1083//1079 1086//1082 1087//1083 
f 1086//1082 1088//1084 1087//1083 
f 1088//1084 1085//1081 1087//1083 
f 1085//1081 1083//1079 1087//1083 
f 1086//1082 1089//1085 1090//1086 
f 1089//1085 1091//1087 1090//1086 
f 1091//1087 1088//1084 1090//1086 
f 1088//1084 1086//1082 1090//1086 
f 1089//1085 1092//1088 1093//1089 
f 1092//1088 1094//1090 1093//1089 
f 1094//1090 1091//1087 1093//1089 
f 1091//1087 1089//1085 1093//1089 
f 1092//1088 1095//1091 1096//1092 
f 1095//1091 1097//1093 1096//1092 
f 1097//1093 1094//1090 1096//1092 
f 1094//1090 1092//1088 1096//1092 
f 1095//1091 1098//1094 1099//1095 
f 1098//1094 1100//1096 1099//1095 
f 1100//1096 1097//1093 1099//1095 
f 1097//1093 1095//1091 1099//1095 
f 1098//1094 1101//1097 1102//1098 
f 1101//1097 1103//1099 1102//1098 
f 1103//1099 1100//1096 1102//1098 
f 1100//1096 1098//1094 1102//1098 
f 1101//1097 1104//1100 1105//1101 
f 1104//1100 1106//1102 1105//1101 
f 1106//1102 1103//1099 1105//1101 
f 1103//1099 1101//1097 1105//1101 
f 1104//1100 1107//1103 1108//1104 
f 1107//1103 1109//1105 1108//1104 
f 1109//1105 1106//1102 1108//1104 
f 1106//1102 1104//1100 1108//1104 
f 1107//1103 1110//1106 1111//1107 
f 1110//1106 1112//1108 1111//1107 
f 1112//1108 1109//1105 1111//1107 
f 1109//1105 1107//1103 1111//1107 
f 1110//1106 1113//1109 1114//1110 
f 1113//1109 1115//1111 1114//1110 
f 1115//1111 1112//1108 1114//1110 
f 1112//1108 1110//1106 1114//1110 
s 3
f 1113//1109 694//691 1116//1112 
f 694//691 698//695 1116//1112 
f 698//695 1115//1111 1116//1112 
f 1115//1111 1113//1109 1116//1112 
s 1
f 1117//1113 1118//1114 1119//154 
f 1118//1114 1120//1115 1119//154 
f 1120//1115 1121//1116 1119//154 
f 1121//1116 1117//1113 1119//154 
s 3
f 1118//1114 1122//1117 1123//1118 
f 1122//1117 1124//1119 1123//1118 
f 1124//1119 1120//1115 1123//1118 
f 1120//1115 1118//1114 1123//1118 
s 2
f 1122//1117 1125//1120 1126//1121 
f 1125//1120 1127//1122 1126//1121 
f 1127//1122 1124//1119 1126//1121 
f 1124//1119 1122//1117 1126//1121 
f 1125//1120 1128//1123 1129//1124 
f 1128//1123 1130//1125 1129//1124 
f 1130//1125 1127//1122 1129//1124 
f 1127//1122 1125//1120 1129//1124 
f 1128//1123 1131//1126 1132//1127 
f 1131//1126 1133//1128 1132//1127 
f 1133//1128 1130//1125 1132//1127 
f 1130//1125 1128//1123 1132//1127 
f 1131//1126 1134//1129 1135//1130 
f 1134//1129 1136//1131 1135//1130 
f 1136//1131 1133//1128 1135//1130 
f 1133//1128 1131//1126 1135//1130 
f 1134//1129 1137//1132 1138//1133 
f 1137//1132 1139//1134 1138//1133 
f 1139//1134 1136//1131 1138//1133 
f 1136//1131 1134//1129 1138//1133 
f 1137//1132 1140//1135 1141//1136 
f 1140//1135 1142//1137 1141//1136 
f 1142//1137 1139//1134 1141//1136 
f 1139//1134 1137//1132 1141//1136 
f 1140//1135 1143//1138 1144//1139 
f 1143//1138 1145//1140 1144//1139 
f 1145//1140 1142//1137 1144//1139 
f 1142//1137 1140//1135 1144//1139 
f 1143//1138 1146//1141 1147//1142 
f 1146//1141 1148//1143 1147//1142 
f 1148//1143 1145//1140 1147//1142 
f 1145//1140 1143//1138 1147//1142 
f 1146//1141 1149//1144 1150//1145 
f 1149//1144 1151//1146 1150//1145 
f 1151//1146 1148//1143 1150//1145 
f 1148//1143 1146//1141 1150//1145 
f 1149//1144 1152//1147 1153//1148 
f 1152//1147 1154//1149 1153//1148 
f 1154//1149 1151//1146 1153//1148 
f 1151//1146 1149//1144 1153//1148 
f 1152//1147 1155//1150 1156//1151 
f 1155//1150 1157//1152 1156//1151 
f 1157//1152 1154//1149 1156//1151 
f 1154//1149 1152//1147 1156//1151 
f 1155//1150 1158//1153 1159//1154 
f 1158//1153 1160//1155 1159//1154 
f 1160//1155 1157//1152 1159//1154 
f 1157//1152 1155//1150 1159//1154 
f 1158//1153 1161//1156 1162//1157 
f 1161//1156 1163//1158 1162//1157 
f 1163//1158 1160//1155 1162//1157 
f 1160//1155 1158//1153 1162//1157 
f 1161//1156 1164//1159 1165//1160 
f 1164//1159 1166//1161 1165//1160 
f 1166//1161 1163//1158 1165//1160 
f 1163//1158 1161//1156 1165//1160 
f 1164//1159 1167//1162 1168//1163 
f 1167//1162 1169//1164 1168//1163 
f 1169//1164 1166//1161 1168//1163 
f 1166//1161 1164//1159 1168//1163 
f 1167//1162 1170//1165 1171//1166 
f 1170//1165 1172//1167 1171//1166 
f 1172//1167 1169//1164 1171//1166 
f 1169//1164 1167//1162 1171//1166 
f 1170//1165 1173//1168 1174//64 
f 1173//1168 1175//1169 1174//64 
f 1175//1169 1172//1167 1174//64 
f 1172//1167 1170//1165 1174//64 
f 1173//1168 1176//1170 1177//1171 
f 1176//1170 1178//1172 1177//1171 
f 1178//1172 1175//1169 1177//1171 
f 1175//1169 1173//1168 1177//1171 
f 1176//1170 1179//1173 1180//1174 
f 1179//1173 1181//1175 1180//1174 
f 1181//1175 1178//1172 1180//1174 
f 1178//1172 1176//1170 1180//1174 
f 1179//1173 1182//1176 1183//1177 
f 1182//1176 1184//1178 1183//1177 
f 1184//1178 1181//1175 1183//1177 
f 1181//1175 1179//1173 1183//1177 
f 1182//1176 1185//1179 1186//1180 
f 1185//1179 1187//1181 1186//1180 
f 1187//1181 1184//1178 1186//1180 
f 1184//1178 1182//1176 1186//1180 
f 1185//1179 1188//1182 1189//1183 
f 1188//1182 1190//1184 1189//1183 
f 1190//1184 1187//1181 1189//1183 
f 1187//1181 1185//1179 1189//1183 
f 1188//1182 1191//1185 1192//1186 
f 1191//1185 1193//1187 1192//1186 
f 1193//1187 1190//1184 1192//1186 
f 1190//1184 1188//1182 1192//1186 
f 1191//1185 1194//1188 1195//1189 
f 1194//1188 1196//1190 1195//1189 
f 1196//1190 1193//1187 1195//1189 
f 1193//1187 1191//1185 1195//1189 
f 1194//1188 1197//1191 1198//1192 
f 1197//1191 1199//1193 1198//1192 
f 1199//1193 1196//1190 1198//1192 
f 1196//1190 1194//1188 1198//1192 
f 1197//1191 1200//1194 1201//1195 
f 1200//1194 1202//1196 1201//1195 
f 1202//1196 1199//1193 1201//1195 
f 1199//1193 1197//1191 1201//1195 
f 1200//1194 1203//1197 1204//1198 
f 1203//1197 1205//1199 1204//1198 
f 1205//1199 1202//1196 1204//1198 
f 1202//1196 1200//1194 1204//1198 
f 1203//1197 1206//1200 1207//1201 
f 1206//1200 1208//1202 1207//1201 
f 1208//1202 1205//1199 1207//1201 
f 1205//1199 1203//1197 1207//1201 
f 1206//1200 1209//1203 1210//1204 
f 1209//1203 1211//1205 1210//1204 
f 1211//1205 1208//1202 1210//1204 
f 1208//1202 1206//1200 1210//1204 
f 1209//1203 1212//1206 1213//1207 
f 1212//1206 1214//1208 1213//1207 
f 1214//1208 1211//1205 1213//1207 
f 1211//1205 1209//1203 1213//1207 
f 1212//1206 1215//1209 1216//1210 
f 1215//1209 1217//1211 1216//1210 
f 1217//1211 1214//1208 1216//1210 
f 1214//1208 1212//1206 1216//1210 
f 1215//1209 1218//1212 1219//1213 
f 1218//1212 1220//1214 1219//1213 
f 1220//1214 1217//1211 1219//1213 
f 1217//1211 1215//1209 1219//1213 
f 1218//1212 1221//1215 1222//1216 
f 1221//1215 1223//1217 1222//1216 
f 1223//1217 1220//1214 1222//1216 
f 1220//1214 1218//1212 1222//1216 
s 3
f 1221//1215 1117//1113 1224//1218 
f 1117//1113 1121//1116 1224//1218 
f 1121//1116 1223//1217 1224//1218 
f 1223//1217 1221//1215 1224//1218 
s 1
f 1225//1219 1226//1220 1227//1221 
f 1226//1220 1228//1222 1227//1221 
f 1228//1222 1229//1223 1227//1221 
f 1229//1223 1225//1219 1227//1221 
s 3
f 1226//1220 1230//1224 1231//1225 
f 1230//1224 1232//1226 1231//1225 
f 1232//1226 1228//1222 1231//1225 
f 1228//1222 1226//1220 1231//1225 
s 2
f 1230//1224 1233//1227 1234//1228 
f 1233//1227 1235//1229 1234//1228 
f 1235//1229 1232//1226 1234//1228 
f 1232//1226 1230//1224 1234//1228 
f 1233//1227 1236//1230 1237//1231 
f 1236//1230 1238//1232 1237//1231 
f 1238//1232 1235//1229 1237//1231 
f 1235//1229 1233//1227 1237//1231 
f 1236//1230 1239//1233 1240//1234 
f 1239//1233 1241//1235 1240//1234 
f 1241//1235 1238//1232 1240//1234 
f 1238//1232 1236//1230 1240//1234 
f 1239//1233 1242//1236 1243//1237 
f 1242//1236 1244//1238 1243//1237 
f 1244//1238 1241//1235 1243//1237 
f 1241//1235 1239//1233 1243//1237 
f 1242//1236 1245//1239 1246//1240 
f 1245//1239 1247//1241 1246//1240 
f 1247//1241 1244//1238 1246//1240 
f 1244//1238 1242//1236 1246//1240 
f 1245//1239 1248//1242 1249//1243 
f 1248//1242 1250//1244 1249//1243 
f 1250//1244 1247//1241 1249//1243 
f 1247//1241 1245//1239 1249//1243 
f 1248//1242 1251//1245 1252//1246 
f 1251//1245 1253//1247 1252//1246 
f 1253//1247 1250//1244 1252//1246 
f 1250//1244 1248//1242 1252//1246 
f 1251//1245 1254//1248 1255//1249 
f 1254//1248 1256//1250 1255//1249 
f 1256//1250 1253//1247 1255//1249 
f 1253//1247 1251//1245 1255//1249 
f 1254//1248 1257//1251 1258//1252 
f 1257//1251 1259//1253 1258//1252 
f 1259//1253 1256//1250 1258//1252 
f 1256//1250 1254//1248 1258//1252 
f 1257//1251 1260//1254 1261//1255 
f 1260//1254 1262//1256 1261//1255 
f 1262//1256 1259//1253 1261//1255 
f 1259//1253 1257//1251 1261//1255 
f 1260//1254 1263//1257 1264//1258 
f 1263//1257 1265//1259 1264//1258 
f 1265//1259 1262//1256 1264//1258 
f 1262//1256 1260//1254 1264//1258 
f 1263//1257 1266//1260 1267//1261 
f 1266//1260 1268//1262 1267//1261 
f 1268//1262 1265//1259 1267//1261 
f 1265//1259 1263//1257 1267//1261 
f 1266//1260 1269//1263 1270//1264 
f 1269//1263 1271//1265 1270//1264 
f 1271//1265 1268//1262 1270//1264 
f 1268//1262 1266//1260 1270//1264 
f 1269//1263 1272//1266 1273//1267 
f 1272//1266 1274//1268 1273//1267 
f 1274//1268 1271//1265 1273//1267 
f 1271//1265 1269//1263 1273//1267 
f 1272//1266 1275//1269 1276//1270 
f 1275//1269 1277//1271 1276//1270 
f 1277//1271 1274//1268 1276//1270 
f 1274//1268 1272//1266 1276//1270 
f 1275//1269 1278//1272 1279//1273 
f 1278//1272 1280//1274 1279//1273 
f 1280//1274 1277//1271 1279//1273 
f 1277//1271 1275//1269 1279//1273 
f 1278//1272 1281//1275 1282//1276 
f 1281//1275 1283//1277 1282//1276 
f 1283//1277 1280//1274 1282//1276 
f 1280//1274 1278//1272 1282//1276 
f 1281//1275 1284//1278 1285//1279 
f 1284//1278 1286//1280 1285//1279 
f 1286//1280 1283//1277 1285//1279 
f 1283//1277 1281//1275 1285//1279 
f 1284//1278 1287//1281 1288//1282 
f 1287//1281 1289//1283 1288//1282 
f 1289//1283 1286//1280 1288//1282 
f 1286//1280 1284//1278 1288//1282 
f 1287//1281 1290//1284 1291//1285 
f 1290//1284 1292//1286 1291//1285 
f 1292//1286 1289//1283 1291//1285 
f 1289//1283 1287//1281 1291//1285 
f 1290//1284 1293//1287 1294//1288 
f 1293//1287 1295//1289 1294//1288 
f 1295//1289 1292//1286 1294//1288 
f 1292//1286 1290//1284 1294//1288 
f 1293//1287 1296//1290 1297//1291 
f 1296//1290 1298//1292 1297//1291 
f 1298//1292 1295//1289 1297//1291 
f 1295//1289 1293//1287 1297//1291 
f 1296//1290 1299//1293 1300//1294 
f 1299//1293 1301//1295 1300//1294 
f 1301//1295 1298//1292 1300//1294 
f 1298//1292 1296//1290 1300//1294 
f 1299//1293 1302//1296 1303//1297 
f 1302//1296 1304//1298 1303//1297 
f 1304//1298 1301//1295 1303//1297 
f 1301//1295 1299//1293 1303//1297 
f 1302//1296 1305//1299 1306//1300 
f 1305//1299 1307//1301 1306//1300 
f 1307//1301 1304//1298 1306//1300 
f 1304//1298 1302//1296 1306//1300 
f 1305//1299 1308//1302 1309//1303 
f 1308//1302 1310//1304 1309//1303 
f 1310//1304 1307//1301 1309//1303 
f 1307//1301 1305//1299 1309//1303 
f 1308//1302 1311//1305 1312//1306 
f 1311//1305 1313//1307 1312//1306 
f 1313//1307 1310//1304 1312//1306 
f 1310//1304 1308//1302 1312//1306 
f 1311//1305 1314//1308 1315//1309 
f 1314//1308 1316//1310 1315//1309 
f 1316//1310 1313//1307 1315//1309 
f 1313//1307 1311//1305 1315//1309 
f 1314//1308 1317//1311 1318//1312 
f 1317//1311 1319//1313 1318//1312 
f 1319//1313 1316//1310 1318//1312 
f 1316//1310 1314//1308 1318//1312 
f 1317//1311 1320//1314 1321//1315 
f 1320//1314 1322//1316 1321//1315 
f 1322//1316 1319//1313 1321//1315 
f 1319//1313 1317//1311 1321//1315 
f 1320//1314 1323//1317 1324//1318 
f 1323//1317 1325//1319 1324//1318 
f 1325//1319 1322//1316 1324//1318 
f 1322//1316 1320//1314 1324//1318 
f 1323//1317 1326//1320 1327//1321 
f 1326//1320 1328//1322 1327//1321 
f 1328//1322 1325//1319 1327//1321 
f 1325//1319 1323//1317 1327//1321 
f 1326//1320 1329//1323 1330//1324 
f 1329//1323 1331//1325 1330//1324 
f 1331//1325 1328//1322 1330//1324 
f 1328//1322 1326//1320 1330//1324 
s 5
f 1329//1323 1225//1219 1332//1326 
f 1225//1219 1229//1223 1332//1326 
f 1229//1223 1331//1325 1332//1326 
f 1331//1325 1329//1323 1332//1326 
s 16
f 243//243 330//329 1333//1327 
f 330//329 327//326 1333//1327 
f 627//624 624//621 1333//1327 
f 624//621 243//243 1333//1327 
f 756//753 753//750 1334//1327 
f 753//750 750//747 1334//1327 
f 750//747 1329//1323 1334//1327 
f 1329//1323 1326//1320 1334//1327 
f 1326//1320 807//804 1334//1327 
f 807//804 756//753 1334//1327 
f 329//328 1335//1328 629//626 1336//1328 
f 629//626 632//629 1336//1328 
f 632//629 329//328 1336//1328 
f 776//773 779//776 1337//1328 
f 779//776 782//779 1337//1328 
f 782//779 785//782 1337//1328 
f 785//782 776//773 1337//1328 
f 609//606 606//603 1338//1327 
f 606//603 252//252 1338//1327 
f 252//252 249//249 1338//1327 
f 249//249 609//606 1338//1327 
f 243//243 240//240 1339//1327 
f 240//240 333//332 1339//1327 
f 333//332 330//329 1339//1327 
f 330//329 243//243 1339//1327 
f 624//621 621//618 1340//1327 
f 621//618 243//243 1340//1327 
f 243//243 624//621 1340//1327 
f 621//618 618//615 1341//1327 
f 618//615 243//243 1341//1327 
f 243//243 621//618 1341//1327 
f 618//615 615//612 1342//1327 
f 615//612 243//243 1342//1327 
f 243//243 618//615 1342//1327 
f 615//612 612//609 1343//1327 
f 612//609 243//243 1343//1327 
f 243//243 615//612 1343//1327 
f 612//609 609//606 1344//1327 
f 609//606 249//249 1344//1327 
f 249//249 246//246 1344//1327 
f 246//246 243//243 1344//1327 
f 243//243 612//609 1344//1327 
f 240//240 237//237 1345//1327 
f 237//237 339//338 1345//1327 
f 339//338 336//335 1345//1327 
f 336//335 333//332 1345//1327 
f 333//332 240//240 1345//1327 
f 237//237 234//234 1346//1327 
f 234//234 342//341 1346//1327 
f 342//341 339//338 1346//1327 
f 339//338 237//237 1346//1327 
f 234//234 231//231 1347//1327 
f 231//231 348//347 1347//1327 
f 348//347 345//344 1347//1327 
f 345//344 342//341 1347//1327 
f 342//341 234//234 1347//1327 
f 231//231 228//228 1348//1327 
f 228//228 351//350 1348//1327 
f 351//350 348//347 1348//1327 
f 348//347 231//231 1348//1327 
f 228//228 225//225 1349//1327 
f 225//225 354//353 1349//1327 
f 354//353 351//350 1349//1327 
f 351//350 228//228 1349//1327 
f 225//225 222//222 1350//1327 
f 222//222 354//353 1350//1327 
f 354//353 225//225 1350//1327 
f 222//222 219//219 1351//1327 
f 219//219 357//356 1351//1327 
f 357//356 354//353 1351//1327 
f 354//353 222//222 1351//1327 
f 219//219 216//216 1352//1327 
f 216//216 357//356 1352//1327 
f 357//356 219//219 1352//1327 
f 216//216 213//213 1353//1327 
f 213//213 360//359 1353//1327 
f 360//359 357//356 1353//1327 
f 357//356 216//216 1353//1327 
f 213//213 210//210 1354//1327 
f 210//210 360//359 1354//1327 
f 360//359 213//213 1354//1327 
f 210//210 207//207 1355//1327 
f 207//207 363//362 1355//1327 
f 363//362 360//359 1355//1327 
f 360//359 210//210 1355//1327 
f 207//207 204//204 1356//1327 
f 204//204 366//365 1356//1327 
f 366//365 363//362 1356//1327 
f 363//362 207//207 1356//1327 
f 204//204 201//201 1357//1327 
f 201//201 369//368 1357//1327 
f 369//368 366//365 1357//1327 
f 366//365 204//204 1357//1327 
f 201//201 198//198 1358//1327 
f 198//198 372//371 1358//1327 
f 372//371 369//368 1358//1327 
f 369//368 201//201 1358//1327 
f 198//198 195//195 1359//1327 
f 195//195 375//374 1359//1327 
f 375//374 372//371 1359//1327 
f 372//371 198//198 1359//1327 
f 195//195 192//192 1360//1327 
f 192//192 378//377 1360//1327 
f 378//377 375//374 1360//1327 
f 375//374 195//195 1360//1327 
f 192//192 189//189 1361//1327 
f 189//189 381//380 1361//1327 
f 381//380 378//377 1361//1327 
f 378//377 192//192 1361//1327 
f 189//189 186//186 1362//1327 
f 186//186 387//386 1362//1327 
f 387//386 384//383 1362//1327 
f 384//383 381//380 1362//1327 
f 381//380 189//189 1362//1327 
f 186//186 183//183 1363//1327 
f 183//183 396//395 1363//1327 
f 396//395 393//392 1363//1327 
f 393//392 390//389 1363//1327 
f 390//389 387//386 1363//1327 
f 387//386 186//186 1363//1327 
f 183//183 180//180 1364//1327 
f 180//180 408//407 1364//1327 
f 408//407 405//404 1364//1327 
f 405//404 402//401 1364//1327 
f 402//401 399//398 1364//1327 
f 399//398 396//395 1364//1327 
f 396//395 183//183 1364//1327 
f 180//180 177//177 1365//1327 
f 177//177 417//416 1365//1327 
f 417//416 414//413 1365//1327 
f 414//413 411//410 1365//1327 
f 411//410 408//407 1365//1327 
f 408//407 180//180 1365//1327 
f 177//177 174//174 1366//1327 
f 174//174 426//425 1366//1327 
f 426//425 423//422 1366//1327 
f 423//422 420//419 1366//1327 
f 420//419 417//416 1366//1327 
f 417//416 177//177 1366//1327 
f 174//174 171//171 1367//1327 
f 171//171 432//431 1367//1327 
f 432//431 429//428 1367//1327 
f 429//428 426//425 1367//1327 
f 426//425 174//174 1367//1327 
f 171//171 168//168 1368//1327 
f 168//168 438//437 1368//1327 
f 438//437 435//434 1368//1327 
f 435//434 432//431 1368//1327 
f 432//431 171//171 1368//1327 
f 168//168 165//165 1369//1327 
f 165//165 441//440 1369//1327 
f 441//440 438//437 1369//1327 
f 438//437 168//168 1369//1327 
f 165//165 162//162 1370//1327 
f 162//162 447//446 1370//1327 
f 447//446 444//443 1370//1327 
f 444//443 441//440 1370//1327 
f 441//440 165//165 1370//1327 
f 162//162 159//159 1371//1327 
f 159//159 450//449 1371//1327 
f 450//449 447//446 1371//1327 
f 447//446 162//162 1371//1327 
f 159//159 156//156 1372//1327 
f 156//156 456//455 1372//1327 
f 456//455 453//452 1372//1327 
f 453//452 450//449 1372//1327 
f 450//449 159//159 1372//1327 
f 156//156 153//153 1373//1327 
f 153//153 459//458 1373//1327 
f 459//458 456//455 1373//1327 
f 456//455 156//156 1373//1327 
f 153//153 150//150 1374//1327 
f 150//150 465//464 1374//1327 
f 465//464 462//461 1374//1327 
f 462//461 459//458 1374//1327 
f 459//458 153//153 1374//1327 
f 150//150 147//147 1375//1327 
f 147//147 468//466 1375//1327 
f 468//466 465//464 1375//1327 
f 465//464 150//150 1375//1327 
f 54//54 51//51 1376//1327 
f 51//51 528//526 1376//1327 
f 528//526 525//523 1376//1327 
f 525//523 522//520 1376//1327 
f 522//520 54//54 1376//1327 
f 144//144 141//141 1377//1327 
f 141//141 114//114 1377//1327 
f 114//114 144//144 1377//1327 
f 51//51 48//48 1378//1327 
f 48//48 531//529 1378//1327 
f 531//529 528//526 1378//1327 
f 528//526 51//51 1378//1327 
f 522//520 519//517 1379//1327 
f 519//517 57//57 1379//1327 
f 57//57 54//54 1379//1327 
f 54//54 522//520 1379//1327 
f 519//517 516//514 1380//1327 
f 516//514 60//60 1380//1327 
f 60//60 57//57 1380//1327 
f 57//57 519//517 1380//1327 
f 516//514 513//511 1381//1327 
f 513//511 63//63 1381//1327 
f 63//63 60//60 1381//1327 
f 60//60 516//514 1381//1327 
f 513//511 510//508 1382//1327 
f 510//508 66//66 1382//1327 
f 66//66 63//63 1382//1327 
f 63//63 513//511 1382//1327 
f 510//508 507//505 1383//1327 
f 507//505 69//69 1383//1327 
f 69//69 66//66 1383//1327 
f 66//66 510//508 1383//1327 
f 507//505 504//502 1384//1327 
f 504//502 72//72 1384//1327 
f 72//72 69//69 1384//1327 
f 69//69 507//505 1384//1327 
f 504//502 501//499 1385//1327 
f 501//499 75//75 1385//1327 
f 75//75 72//72 1385//1327 
f 72//72 504//502 1385//1327 
f 501//499 498//496 1386//1327 
f 498//496 78//78 1386//1327 
f 78//78 75//75 1386//1327 
f 75//75 501//499 1386//1327 
f 498//496 495//493 1387//1327 
f 495//493 81//81 1387//1327 
f 81//81 78//78 1387//1327 
f 78//78 498//496 1387//1327 
f 495//493 492//490 1388//1327 
f 492//490 84//84 1388//1327 
f 84//84 81//81 1388//1327 
f 81//81 495//493 1388//1327 
f 492//490 489//487 1389//1327 
f 489//487 87//87 1389//1327 
f 87//87 84//84 1389//1327 
f 84//84 492//490 1389//1327 
f 489//487 486//484 1390//1327 
f 486//484 90//90 1390//1327 
f 90//90 87//87 1390//1327 
f 87//87 489//487 1390//1327 
f 486//484 483//481 1391//1327 
f 483//481 93//93 1391//1327 
f 93//93 90//90 1391//1327 
f 90//90 486//484 1391//1327 
f 483//481 480//478 1392//1327 
f 480//478 96//96 1392//1327 
f 96//96 93//93 1392//1327 
f 93//93 483//481 1392//1327 
f 480//478 477//475 1393//1327 
f 477//475 99//99 1393//1327 
f 99//99 96//96 1393//1327 
f 96//96 480//478 1393//1327 
f 477//475 474//472 1394//1327 
f 474//472 102//102 1394//1327 
f 102//102 99//99 1394//1327 
f 99//99 477//475 1394//1327 
f 474//472 471//469 1395//1327 
f 471//469 105//105 1395//1327 
f 105//105 102//102 1395//1327 
f 102//102 474//472 1395//1327 
f 471//469 468//466 1396//1327 
f 468//466 111//111 1396//1327 
f 111//111 108//108 1396//1327 
f 108//108 105//105 1396//1327 
f 105//105 471//469 1396//1327 
f 468//466 147//147 1397//1327 
f 147//147 144//144 1397//1327 
f 144//144 114//114 1397//1327 
f 114//114 111//111 1397//1327 
f 111//111 468//466 1397//1327 
f 48//48 45//45 1398//1327 
f 45//45 534//532 1398//1327 
f 534//532 531//529 1398//1327 
f 531//529 48//48 1398//1327 
f 45//45 42//42 1399//1327 
f 42//42 534//532 1399//1327 
f 534//532 45//45 1399//1327 
f 42//42 39//39 1400//1327 
f 39//39 537//535 1400//1327 
f 537//535 534//532 1400//1327 
f 534//532 42//42 1400//1327 
f 39//39 36//36 1401//1327 
f 36//36 540//538 1401//1327 
f 540//538 537//535 1401//1327 
f 537//535 39//39 1401//1327 
f 36//36 33//33 1402//1327 
f 33//33 543//541 1402//1327 
f 543//541 540//538 1402//1327 
f 540//538 36//36 1402//1327 
f 33//33 30//30 1403//1327 
f 30//30 546//544 1403//1327 
f 546//544 543//541 1403//1327 
f 543//541 33//33 1403//1327 
f 30//30 27//27 1404//1327 
f 27//27 549//547 1404//1327 
f 549//547 546//544 1404//1327 
f 546//544 30//30 1404//1327 
f 27//27 24//24 1405//1327 
f 24//24 552//550 1405//1327 
f 552//550 549//547 1405//1327 
f 549//547 27//27 1405//1327 
f 24//24 21//21 1406//1327 
f 21//21 555//552 1406//1327 
f 555//552 552//550 1406//1327 
f 552//550 24//24 1406//1327 
f 21//21 18//18 1407//1327 
f 18//18 561//558 1407//1327 
f 561//558 558//555 1407//1327 
f 558//555 555//552 1407//1327 
f 555//552 21//21 1407//1327 
f 18//18 15//15 1408//1327 
f 15//15 564//561 1408//1327 
f 564//561 561//558 1408//1327 
f 561//558 18//18 1408//1327 
f 15//15 12//12 1409//1327 
f 12//12 567//564 1409//1327 
f 567//564 564//561 1409//1327 
f 564//561 15//15 1409//1327 
f 12//12 9//9 1410//1327 
f 9//9 573//570 1410//1327 
f 573//570 570//567 1410//1327 
f 570//567 567//564 1410//1327 
f 567//564 12//12 1410//1327 
f 9//9 6//6 1411//1327 
f 6//6 576//573 1411//1327 
f 576//573 573//570 1411//1327 
f 573//570 9//9 1411//1327 
f 6//6 2//2 1412//1327 
f 2//2 579//576 1412//1327 
f 579//576 576//573 1412//1327 
f 576//573 6//6 1412//1327 
f 2//2 1//1 1413//1327 
f 1//1 579//576 1413//1327 
f 579//576 2//2 1413//1327 
f 1//1 582//579 1414//1327 
f 582//579 579//576 1414//1327 
f 579//576 1//1 1414//1327 
f 141//141 138//138 1415//1327 
f 138//138 117//117 1415//1327 
f 117//117 114//114 1415//1327 
f 114//114 141//141 1415//1327 
f 138//138 135//135 1416//1327 
f 135//135 123//123 1416//1327 
f 123//123 120//120 1416//1327 
f 120//120 117//117 1416//1327 
f 117//117 138//138 1416//1327 
f 135//135 132//132 1417//1327 
f 132//132 129//129 1417//1327 
f 129//129 126//126 1417//1327 
f 126//126 123//123 1417//1327 
f 123//123 135//135 1417//1327 
f 606//603 603//600 1418//1327 
f 603//600 255//255 1418//1327 
f 255//255 252//252 1418//1327 
f 252//252 606//603 1418//1327 
f 603//600 600//597 1419//1327 
f 600//597 258//258 1419//1327 
f 258//258 255//255 1419//1327 
f 255//255 603//600 1419//1327 
f 600//597 597//594 1420//1327 
f 597//594 261//261 1420//1327 
f 261//261 258//258 1420//1327 
f 258//258 600//597 1420//1327 
f 597//594 594//591 1421//1327 
f 594//591 264//264 1421//1327 
f 264//264 261//261 1421//1327 
f 261//261 597//594 1421//1327 
f 594//591 591//588 1422//1327 
f 591//588 270//270 1422//1327 
f 270//270 267//267 1422//1327 
f 267//267 264//264 1422//1327 
f 264//264 594//591 1422//1327 
f 591//588 587//584 1423//1327 
f 587//584 273//273 1423//1327 
f 273//273 270//270 1423//1327 
f 270//270 591//588 1423//1327 
f 587//584 586//583 1424//1327 
f 586//583 273//273 1424//1327 
f 273//273 587//584 1424//1327 
f 586//583 690//687 1425//1327 
f 690//687 276//276 1425//1327 
f 276//276 273//273 1425//1327 
f 273//273 586//583 1425//1327 
f 690//687 687//684 1426//1327 
f 687//684 279//279 1426//1327 
f 279//279 276//276 1426//1327 
f 276//276 690//687 1426//1327 
f 687//684 684//681 1427//1327 
f 684//681 279//279 1427//1327 
f 279//279 687//684 1427//1327 
f 684//681 681//678 1428//1327 
f 681//678 282//281 1428//1327 
f 282//281 279//279 1428//1327 
f 279//279 684//681 1428//1327 
f 681//678 678//675 1429//1327 
f 678//675 285//284 1429//1327 
f 285//284 282//281 1429//1327 
f 282//281 681//678 1429//1327 
f 678//675 675//672 1430//1327 
f 675//672 288//287 1430//1327 
f 288//287 285//284 1430//1327 
f 285//284 678//675 1430//1327 
f 675//672 672//669 1431//1327 
f 672//669 291//290 1431//1327 
f 291//290 288//287 1431//1327 
f 288//287 675//672 1431//1327 
f 672//669 669//666 1432//1327 
f 669//666 294//293 1432//1327 
f 294//293 291//290 1432//1327 
f 291//290 672//669 1432//1327 
f 669//666 666//663 1433//1327 
f 666//663 297//296 1433//1327 
f 297//296 294//293 1433//1327 
f 294//293 669//666 1433//1327 
f 666//663 663//660 1434//1327 
f 663//660 300//299 1434//1327 
f 300//299 297//296 1434//1327 
f 297//296 666//663 1434//1327 
f 663//660 660//657 1435//1327 
f 660//657 303//302 1435//1327 
f 303//302 300//299 1435//1327 
f 300//299 663//660 1435//1327 
f 660//657 657//654 1436//1327 
f 657//654 306//305 1436//1327 
f 306//305 303//302 1436//1327 
f 303//302 660//657 1436//1327 
f 657//654 654//651 1437//1327 
f 654//651 309//308 1437//1327 
f 309//308 306//305 1437//1327 
f 306//305 657//654 1437//1327 
f 654//651 651//648 1438//1327 
f 651//648 312//311 1438//1327 
f 312//311 309//308 1438//1327 
f 309//308 654//651 1438//1327 
f 651//648 648//645 1439//1327 
f 648//645 315//314 1439//1327 
f 315//314 312//311 1439//1327 
f 312//311 651//648 1439//1327 
f 648//645 645//642 1440//1327 
f 645//642 318//317 1440//1327 
f 318//317 315//314 1440//1327 
f 315//314 648//645 1440//1327 
f 645//642 642//639 1441//1327 
f 642//639 321//320 1441//1327 
f 321//320 318//317 1441//1327 
f 318//317 645//642 1441//1327 
f 642//639 639//636 1442//1327 
f 639//636 324//323 1442//1327 
f 324//323 321//320 1442//1327 
f 321//320 642//639 1442//1327 
f 639//636 636//633 1443//1327 
f 636//633 324//323 1443//1327 
f 324//323 639//636 1443//1327 
f 636//633 633//630 1444//1327 
f 633//630 327//326 1444//1327 
f 327//326 324//323 1444//1327 
f 324//323 636//633 1444//1327 
f 633//630 630//627 1445//1327 
f 630//627 327//326 1445//1327 
f 327//326 633//630 1445//1327 
f 630//627 627//624 1446//1327 
f 627//624 1333//1327 327//326 1446//1327 
f 327//326 630//627 1446//1327 
f 747//744 942//939 1447//1327 
f 1226//1220 1225//1219 1447//1327 
f 1225//1219 747//744 1447//1327 
f 1326//1320 1323//1317 1448//1327 
f 1323//1317 807//804 1448//1327 
f 807//804 1326//1320 1448//1327 
f 807//804 804//801 1449//1327 
f 804//801 759//756 1449//1327 
f 759//756 756//753 1449//1327 
f 756//753 807//804 1449//1327 
f 804//801 801//798 1450//1327 
f 801//798 762//759 1450//1327 
f 762//759 759//756 1450//1327 
f 759//756 804//801 1450//1327 
f 801//798 798//795 1451//1327 
f 798//795 762//759 1451//1327 
f 762//759 801//798 1451//1327 
f 798//795 795//792 1452//1327 
f 795//792 765//762 1452//1327 
f 765//762 762//759 1452//1327 
f 762//759 798//795 1452//1327 
f 795//792 792//789 1453//1327 
f 792//789 768//765 1453//1327 
f 768//765 765//762 1453//1327 
f 765//762 795//792 1453//1327 
f 792//789 789//786 1454//1327 
f 789//786 771//768 1454//1327 
f 771//768 768//765 1454//1327 
f 768//765 792//789 1454//1327 
f 789//786 786//783 1455//1327 
f 786//783 771//768 1455//1327 
f 771//768 789//786 1455//1327 
f 786//783 783//780 1456//1327 
f 783//780 774//771 1456//1327 
f 774//771 771//768 1456//1327 
f 771//768 786//783 1456//1327 
f 783//780 780//777 1457//1327 
f 780//777 777//774 1457//1327 
f 777//774 774//771 1457//1327 
f 774//771 783//780 1457//1327 
f 1323//1317 1320//1314 1458//1327 
f 1320//1314 807//804 1458//1327 
f 807//804 1323//1317 1458//1327 
f 1320//1314 1317//1311 1459//1327 
f 1317//1311 810//807 1459//1327 
f 810//807 807//804 1459//1327 
f 807//804 1320//1314 1459//1327 
f 1317//1311 1314//1308 1460//1327 
f 1314//1308 816//813 1460//1327 
f 816//813 813//810 1460//1327 
f 813//810 810//807 1460//1327 
f 810//807 1317//1311 1460//1327 
f 1314//1308 1311//1305 1461//1327 
f 1311//1305 819//816 1461//1327 
f 819//816 816//813 1461//1327 
f 816//813 1314//1308 1461//1327 
f 1311//1305 1308//1302 1462//1327 
f 1308//1302 825//822 1462//1327 
f 825//822 822//819 1462//1327 
f 822//819 819//816 1462//1327 
f 819//816 1311//1305 1462//1327 
f 1308//1302 1305//1299 1463//1327 
f 1305//1299 828//825 1463//1327 
f 828//825 825//822 1463//1327 
f 825//822 1308//1302 1463//1327 
f 1305//1299 1302//1296 1464//1327 
f 1302//1296 834//831 1464//1327 
f 834//831 831//828 1464//1327 
f 831//828 828//825 1464//1327 
f 828//825 1305//1299 1464//1327 
f 1302//1296 1299//1293 1465//1327 
f 1299//1293 840//837 1465//1327 
f 840//837 837//834 1465//1327 
f 837//834 834//831 1465//1327 
f 834//831 1302//1296 1465//1327 
f 1299//1293 1296//1290 1466//1327 
f 1296//1290 849//846 1466//1327 
f 849//846 846//843 1466//1327 
f 846//843 843//840 1466//1327 
f 843//840 840//837 1466//1327 
f 840//837 1299//1293 1466//1327 
f 1296//1290 1293//1287 1467//1327 
f 1293//1287 855//852 1467//1327 
f 855//852 852//849 1467//1327 
f 852//849 849//846 1467//1327 
f 849//846 1296//1290 1467//1327 
f 1293//1287 1290//1284 1468//1327 
f 1290//1284 864//861 1468//1327 
f 864//861 861//858 1468//1327 
f 861//858 858//855 1468//1327 
f 858//855 855//852 1468//1327 
f 855//852 1293//1287 1468//1327 
f 1290//1284 1287//1281 1469//1327 
f 1287//1281 870//867 1469//1327 
f 870//867 867//864 1469//1327 
f 867//864 864//861 1469//1327 
f 864//861 1290//1284 1469//1327 
f 1287//1281 1284//1278 1470//1327 
f 1284//1278 876//873 1470//1327 
f 876//873 873//870 1470//1327 
f 873//870 870//867 1470//1327 
f 870//867 1287//1281 1470//1327 
f 1284//1278 1281//1275 1471//1327 
f 1281//1275 879//876 1471//1327 
f 879//876 876//873 1471//1327 
f 876//873 1284//1278 1471//1327 
f 1281//1275 1278//1272 1472//1327 
f 1278//1272 885//882 1472//1327 
f 885//882 882//879 1472//1327 
f 882//879 879//876 1472//1327 
f 879//876 1281//1275 1472//1327 
f 1278//1272 1275//1269 1473//1327 
f 1275//1269 888//885 1473//1327 
f 888//885 885//882 1473//1327 
f 885//882 1278//1272 1473//1327 
f 1275//1269 1272//1266 1474//1327 
f 1272//1266 891//888 1474//1327 
f 891//888 888//885 1474//1327 
f 888//885 1275//1269 1474//1327 
f 1272//1266 1269//1263 1475//1327 
f 1269//1263 894//891 1475//1327 
f 894//891 891//888 1475//1327 
f 891//888 1272//1266 1475//1327 
f 1269//1263 1266//1260 1476//1327 
f 1266//1260 894//891 1476//1327 
f 894//891 1269//1263 1476//1327 
f 1266//1260 1263//1257 1477//1327 
f 1263//1257 897//894 1477//1327 
f 897//894 894//891 1477//1327 
f 894//891 1266//1260 1477//1327 
f 1263//1257 1260//1254 1478//1327 
f 1260//1254 903//900 1478//1327 
f 903//900 900//897 1478//1327 
f 900//897 897//894 1478//1327 
f 897//894 1263//1257 1478//1327 
f 1260//1254 1257//1251 1479//1327 
f 1257//1251 906//903 1479//1327 
f 906//903 903//900 1479//1327 
f 903//900 1260//1254 1479//1327 
f 1257//1251 1254//1248 1480//1327 
f 1254//1248 909//906 1480//1327 
f 909//906 906//903 1480//1327 
f 906//903 1257//1251 1480//1327 
f 1254//1248 1251//1245 1481//1327 
f 1251//1245 915//912 1481//1327 
f 915//912 912//909 1481//1327 
f 912//909 909//906 1481//1327 
f 909//906 1254//1248 1481//1327 
f 1251//1245 1248//1242 1482//1327 
f 1248//1242 918//915 1482//1327 
f 918//915 915//912 1482//1327 
f 915//912 1251//1245 1482//1327 
f 1248//1242 1245//1239 1483//1327 
f 1245//1239 921//918 1483//1327 
f 921//918 918//915 1483//1327 
f 918//915 1248//1242 1483//1327 
f 1245//1239 1242//1236 1484//1327 
f 1242//1236 927//924 1484//1327 
f 927//924 924//921 1484//1327 
f 924//921 921//918 1484//1327 
f 921//918 1245//1239 1484//1327 
f 1242//1236 1239//1233 1485//1327 
f 1239//1233 933//930 1485//1327 
f 933//930 930//927 1485//1327 
f 930//927 927//924 1485//1327 
f 927//924 1242//1236 1485//1327 
f 1239//1233 1236//1230 1486//1327 
f 1236//1230 936//933 1486//1327 
f 936//933 933//930 1486//1327 
f 933//930 1239//1233 1486//1327 
f 1236//1230 1233//1227 1487//1327 
f 1233//1227 939//936 1487//1327 
f 939//936 936//933 1487//1327 
f 936//933 1236//1230 1487//1327 
f 1233//1227 1230//1224 1488//1327 
f 1230//1224 942//939 1488//1327 
f 942//939 939//936 1488//1327 
f 939//936 1233//1227 1488//1327 
f 1230//1224 1226//1220 1489//1327 
f 1226//1220 1447//1327 942//939 1489//1327 
f 942//939 1230//1224 1489//1327 
f 747//744 744//741 1490//1327 
f 744//741 741//738 1490//1327 
f 741//738 747//744 1490//1327 
f 747//744 948//945 1491//1327 
f 948//945 945//942 1491//1327 
f 945//942 942//939 1491//1327 
f 942//939 747//744 1491//1327 
f 1225//1219 1329//1323 1492//1327 
f 1329//1323 750//747 1492//1327 
f 750//747 747//744 1492//1327 
f 747//744 1225//1219 1492//1327 
f 741//738 738//735 1493//1327 
f 738//735 948//945 1493//1327 
f 948//945 747//744 1493//1327 
f 747//744 741//738 1493//1327 
f 738//735 735//732 1494//1327 
f 735//732 948//945 1494//1327 
f 948//945 738//735 1494//1327 
f 735//732 732//729 1495//1327 
f 732//729 951//948 1495//1327 
f 951//948 948//945 1495//1327 
f 948//945 735//732 1495//1327 
f 732//729 729//726 1496//1327 
f 729//726 954//951 1496//1327 
f 954//951 951//948 1496//1327 
f 951//948 732//729 1496//1327 
f 729//726 726//723 1497//1327 
f 726//723 960//957 1497//1327 
f 960//957 957//954 1497//1327 
f 957//954 954//951 1497//1327 
f 954//951 729//726 1497//1327 
f 726//723 723//720 1498//1327 
f 723//720 966//963 1498//1327 
f 966//963 963//960 1498//1327 
f 963//960 960//957 1498//1327 
f 960//957 726//723 1498//1327 
f 723//720 720//717 1499//1327 
f 720//717 972//969 1499//1327 
f 972//969 969//966 1499//1327 
f 969//966 966//963 1499//1327 
f 966//963 723//720 1499//1327 
f 720//717 717//714 1500//1327 
f 717//714 975//972 1500//1327 
f 975//972 972//969 1500//1327 
f 972//969 720//717 1500//1327 
f 717//714 714//711 1501//1327 
f 714//711 978//975 1501//1327 
f 978//975 975//972 1501//1327 
f 975//972 717//714 1501//1327 
f 714//711 711//708 1502//1327 
f 711//708 978//975 1502//1327 
f 978//975 714//711 1502//1327 
f 711//708 708//705 1503//1327 
f 708//705 981//977 1503//1327 
f 981//977 978//975 1503//1327 
f 978//975 711//708 1503//1327 
f 708//705 705//702 1504//1327 
f 705//702 984//980 1504//1327 
f 984//980 981//977 1504//1327 
f 981//977 708//705 1504//1327 
f 705//702 702//699 1505//1327 
f 702//699 987//983 1505//1327 
f 987//983 984//980 1505//1327 
f 984//980 705//702 1505//1327 
f 702//699 699//696 1506//1327 
f 699//696 990//986 1506//1327 
f 990//986 987//983 1506//1327 
f 987//983 702//699 1506//1327 
f 699//696 695//692 1507//1327 
f 695//692 993//989 1507//1327 
f 993//989 990//986 1507//1327 
f 990//986 699//696 1507//1327 
f 695//692 694//691 1508//1327 
f 694//691 996//992 1508//1327 
f 996//992 993//989 1508//1327 
f 993//989 695//692 1508//1327 
f 694//691 1113//1109 1509//1327 
f 1113//1109 1164//1159 1509//1327 
f 1164//1159 1161//1156 1509//1327 
f 1161//1156 999//995 1509//1327 
f 999//995 996//992 1509//1327 
f 996//992 694//691 1509//1327 
f 1155//1150 1152//1147 1510//1327 
f 1152//1147 1002//998 1510//1327 
f 1161//1156 1158//1153 1511//1327 
f 1158//1153 999//995 1511//1327 
f 999//995 1161//1156 1511//1327 
f 1158//1153 1155//1150 1512//1327 
f 1155//1150 1510//1327 1002//998 1512//1327 
f 1002//998 999//995 1512//1327 
f 999//995 1158//1153 1512//1327 
f 1152//1147 1149//1144 1513//1327 
f 1149//1144 1002//998 1513//1327 
f 1002//998 1152//1147 1513//1327 
f 1149//1144 1146//1141 1514//1327 
f 1146//1141 1002//998 1514//1327 
f 1002//998 1149//1144 1514//1327 
f 1146//1141 1143//1138 1515//1327 
f 1143//1138 1002//998 1515//1327 
f 1002//998 1146//1141 1515//1327 
f 1143//1138 1140//1135 1516//1327 
f 1140//1135 1008//1004 1516//1327 
f 1008//1004 1005//1001 1516//1327 
f 1005//1001 1002//998 1516//1327 
f 1002//998 1143//1138 1516//1327 
f 1140//1135 1137//1132 1517//1327 
f 1137//1132 1011//1007 1517//1327 
f 1011//1007 1008//1004 1517//1327 
f 1008//1004 1140//1135 1517//1327 
f 1137//1132 1134//1129 1518//1327 
f 1134//1129 1014//1010 1518//1327 
f 1014//1010 1011//1007 1518//1327 
f 1011//1007 1137//1132 1518//1327 
f 1134//1129 1131//1126 1519//1327 
f 1131//1126 1017//1013 1519//1327 
f 1017//1013 1014//1010 1519//1327 
f 1014//1010 1134//1129 1519//1327 
f 1131//1126 1128//1123 1520//1327 
f 1128//1123 1020//1016 1520//1327 
f 1020//1016 1017//1013 1520//1327 
f 1017//1013 1131//1126 1520//1327 
f 1128//1123 1125//1120 1521//1327 
f 1125//1120 1023//1019 1521//1327 
f 1023//1019 1020//1016 1521//1327 
f 1020//1016 1128//1123 1521//1327 
f 1125//1120 1122//1117 1522//1327 
f 1122//1117 1026//1022 1522//1327 
f 1026//1022 1023//1019 1522//1327 
f 1023//1019 1125//1120 1522//1327 
f 1122//1117 1118//1114 1523//1327 
f 1118//1114 1029//1025 1523//1327 
f 1029//1025 1026//1022 1523//1327 
f 1026//1022 1122//1117 1523//1327 
f 1118//1114 1117//1113 1524//1327 
f 1117//1113 1032//1028 1524//1327 
f 1032//1028 1029//1025 1524//1327 
f 1029//1025 1118//1114 1524//1327 
f 1117//1113 1221//1215 1525//1327 
f 1221//1215 1032//1028 1525//1327 
f 1032//1028 1117//1113 1525//1327 
f 1221//1215 1218//1212 1526//1327 
f 1218//1212 1035//1031 1526//1327 
f 1035//1031 1032//1028 1526//1327 
f 1032//1028 1221//1215 1526//1327 
f 1218//1212 1215//1209 1527//1327 
f 1215//1209 1038//1034 1527//1327 
f 1038//1034 1035//1031 1527//1327 
f 1035//1031 1218//1212 1527//1327 
f 1215//1209 1212//1206 1528//1327 
f 1212//1206 1041//1037 1528//1327 
f 1041//1037 1038//1034 1528//1327 
f 1038//1034 1215//1209 1528//1327 
f 1212//1206 1209//1203 1529//1327 
f 1209//1203 1044//1040 1529//1327 
f 1044//1040 1041//1037 1529//1327 
f 1041//1037 1212//1206 1529//1327 
f 1209//1203 1206//1200 1530//1327 
f 1206//1200 1047//1043 1530//1327 
f 1047//1043 1044//1040 1530//1327 
f 1044//1040 1209//1203 1530//1327 
f 1206//1200 1203//1197 1531//1327 
f 1203//1197 1050//1046 1531//1327 
f 1050//1046 1047//1043 1531//1327 
f 1047//1043 1206//1200 1531//1327 
f 1203//1197 1200//1194 1532//1327 
f 1200//1194 1053//1049 1532//1327 
f 1053//1049 1050//1046 1532//1327 
f 1050//1046 1203//1197 1532//1327 
f 1200//1194 1197//1191 1533//1327 
f 1197//1191 1056//1052 1533//1327 
f 1056//1052 1053//1049 1533//1327 
f 1053//1049 1200//1194 1533//1327 
f 1197//1191 1194//1188 1534//1327 
f 1194//1188 1059//1055 1534//1327 
f 1059//1055 1056//1052 1534//1327 
f 1056//1052 1197//1191 1534//1327 
f 1194//1188 1191//1185 1535//1327 
f 1191//1185 1065//1061 1535//1327 
f 1065//1061 1062//1058 1535//1327 
f 1062//1058 1059//1055 1535//1327 
f 1059//1055 1194//1188 1535//1327 
f 1191//1185 1188//1182 1536//1327 
f 1188//1182 1071//1067 1536//1327 
f 1071//1067 1068//1064 1536//1327 
f 1068//1064 1065//1061 1536//1327 
f 1065//1061 1191//1185 1536//1327 
f 1188//1182 1185//1179 1537//1327 
f 1185//1179 1077//1073 1537//1327 
f 1077//1073 1074//1070 1537//1327 
f 1074//1070 1071//1067 1537//1327 
f 1071//1067 1188//1182 1537//1327 
f 1185//1179 1182//1176 1538//1327 
f 1182//1176 1083//1079 1538//1327 
f 1083//1079 1080//1076 1538//1327 
f 1080//1076 1077//1073 1538//1327 
f 1077//1073 1185//1179 1538//1327 
f 1182//1176 1179//1173 1539//1327 
f 1179//1173 1092//1088 1539//1327 
f 1092//1088 1089//1085 1539//1327 
f 1089//1085 1086//1082 1539//1327 
f 1086//1082 1083//1079 1539//1327 
f 1083//1079 1182//1176 1539//1327 
f 1179//1173 1176//1170 1540//1327 
f 1176//1170 1098//1094 1540//1327 
f 1098//1094 1095//1091 1540//1327 
f 1095//1091 1092//1088 1540//1327 
f 1092//1088 1179//1173 1540//1327 
f 1176//1170 1173//1168 1541//1327 
f 1173//1168 1104//1100 1541//1327 
f 1104//1100 1101//1097 1541//1327 
f 1101//1097 1098//1094 1541//1327 
f 1098//1094 1176//1170 1541//1327 
f 1173//1168 1170//1165 1542//1327 
f 1170//1165 1110//1106 1542//1327 
f 1110//1106 1107//1103 1542//1327 
f 1107//1103 1104//1100 1542//1327 
f 1104//1100 1173//1168 1542//1327 
f 1170//1165 1167//1162 1543//1327 
f 1167//1162 1113//1109 1543//1327 
f 1113//1109 1110//1106 1543//1327 
f 1110//1106 1170//1165 1543//1327 
f 1167//1162 1164//1159 1544//1327 
f 1164//1159 1113//1109 1544//1327 
f 1113//1109 1167//1162 1544//1327 
f 611//608 614//611 1545//1328 
f 614//611 245//245 1545//1328 
f 245//245 248//248 1545//1328 
f 248//248 251//251 1545//1328 
f 251//251 611//608 1545//1328 
f 632//629 635//632 1546//1328 
f 635//632 329//328 1546//1328 
f 329//328 632//629 1546//1328 
f 635//632 638//635 1547//1328 
f 638//635 326//325 1547//1328 
f 326//325 329//328 1547//1328 
f 329//328 635//632 1547//1328 
f 638//635 641//638 1548//1328 
f 641//638 326//325 1548//1328 
f 326//325 638//635 1548//1328 
f 641//638 644//641 1549//1328 
f 644//641 323//322 1549//1328 
f 323//322 326//325 1549//1328 
f 326//325 641//638 1549//1328 
f 644//641 647//644 1550//1328 
f 647//644 320//319 1550//1328 
f 320//319 323//322 1550//1328 
f 323//322 644//641 1550//1328 
f 647//644 650//647 1551//1328 
f 650//647 317//316 1551//1328 
f 317//316 320//319 1551//1328 
f 320//319 647//644 1551//1328 
f 650//647 653//650 1552//1328 
f 653//650 314//313 1552//1328 
f 314//313 317//316 1552//1328 
f 317//316 650//647 1552//1328 
f 653//650 656//653 1553//1328 
f 656//653 311//310 1553//1328 
f 311//310 314//313 1553//1328 
f 314//313 653//650 1553//1328 
f 656//653 659//656 1554//1328 
f 659//656 308//307 1554//1328 
f 308//307 311//310 1554//1328 
f 311//310 656//653 1554//1328 
f 659//656 662//659 1555//1328 
f 662//659 305//304 1555//1328 
f 305//304 308//307 1555//1328 
f 308//307 659//656 1555//1328 
f 662//659 665//662 1556//1328 
f 665//662 302//301 1556//1328 
f 302//301 305//304 1556//1328 
f 305//304 662//659 1556//1328 
f 665//662 668//665 1557//1328 
f 668//665 299//298 1557//1328 
f 299//298 302//301 1557//1328 
f 302//301 665//662 1557//1328 
f 668//665 671//668 1558//1328 
f 671//668 296//295 1558//1328 
f 296//295 299//298 1558//1328 
f 299//298 668//665 1558//1328 
f 671//668 674//671 1559//1328 
f 674//671 293//292 1559//1328 
f 293//292 296//295 1559//1328 
f 296//295 671//668 1559//1328 
f 674//671 677//674 1560//1328 
f 677//674 290//289 1560//1328 
f 290//289 293//292 1560//1328 
f 293//292 674//671 1560//1328 
f 677//674 680//677 1561//1328 
f 680//677 287//286 1561//1328 
f 287//286 290//289 1561//1328 
f 290//289 677//674 1561//1328 
f 680//677 683//680 1562//1328 
f 683//680 284//283 1562//1328 
f 284//283 287//286 1562//1328 
f 287//286 680//677 1562//1328 
f 683//680 686//683 1563//1328 
f 686//683 281//280 1563//1328 
f 281//280 284//283 1563//1328 
f 284//283 683//680 1563//1328 
f 686//683 689//686 1564//1328 
f 689//686 281//280 1564//1328 
f 281//280 686//683 1564//1328 
f 689//686 692//689 1565//1328 
f 692//689 278//278 1565//1328 
f 278//278 281//280 1565//1328 
f 281//280 689//686 1565//1328 
f 692//689 590//587 1566//1328 
f 590//587 275//275 1566//1328 
f 275//275 278//278 1566//1328 
f 278//278 692//689 1566//1328 
f 590//587 589//586 1567//1328 
f 589//586 275//275 1567//1328 
f 275//275 590//587 1567//1328 
f 589//586 593//590 1568//1328 
f 593//590 272//272 1568//1328 
f 272//272 275//275 1568//1328 
f 275//275 589//586 1568//1328 
f 593//590 596//593 1569//1328 
f 596//593 266//266 1569//1328 
f 266//266 269//269 1569//1328 
f 269//269 272//272 1569//1328 
f 272//272 593//590 1569//1328 
f 596//593 599//596 1570//1328 
f 599//596 263//263 1570//1328 
f 263//263 266//266 1570//1328 
f 266//266 596//593 1570//1328 
f 599//596 602//599 1571//1328 
f 602//599 260//260 1571//1328 
f 260//260 263//263 1571//1328 
f 263//263 599//596 1571//1328 
f 602//599 605//602 1572//1328 
f 605//602 257//257 1572//1328 
f 257//257 260//260 1572//1328 
f 260//260 602//599 1572//1328 
f 605//602 608//605 1573//1328 
f 608//605 254//254 1573//1328 
f 254//254 257//257 1573//1328 
f 257//257 605//602 1573//1328 
f 608//605 611//608 1574//1328 
f 611//608 251//251 1574//1328 
f 251//251 254//254 1574//1328 
f 254//254 608//605 1574//1328 
f 614//611 617//614 1575//1328 
f 617//614 245//245 1575//1328 
f 245//245 614//611 1575//1328 
f 617//614 620//617 1576//1328 
f 620//617 245//245 1576//1328 
f 245//245 617//614 1576//1328 
f 620//617 623//620 1577//1328 
f 623//620 245//245 1577//1328 
f 245//245 620//617 1577//1328 
f 623//620 626//623 1578//1328 
f 626//623 245//245 1578//1328 
f 245//245 623//620 1578//1328 
f 467//465 470//468 1579//1328 
f 470//468 149//149 1579//1328 
f 149//149 152//152 1579//1328 
f 152//152 467//465 1579//1328 
f 125//125 128//128 1580//1328 
f 128//128 131//131 1580//1328 
f 131//131 134//134 1580//1328 
f 134//134 137//137 1580//1328 
f 137//137 125//125 1580//1328 
f 152//152 155//155 1581//1328 
f 155//155 461//460 1581//1328 
f 461//460 464//463 1581//1328 
f 464//463 467//465 1581//1328 
f 467//465 152//152 1581//1328 
f 155//155 158//158 1582//1328 
f 158//158 458//457 1582//1328 
f 458//457 461//460 1582//1328 
f 461//460 155//155 1582//1328 
f 158//158 161//161 1583//1328 
f 161//161 452//451 1583//1328 
f 452//451 455//454 1583//1328 
f 455//454 458//457 1583//1328 
f 458//457 158//158 1583//1328 
f 161//161 164//164 1584//1328 
f 164//164 449//448 1584//1328 
f 449//448 452//451 1584//1328 
f 452//451 161//161 1584//1328 
f 164//164 167//167 1585//1328 
f 167//167 443//442 1585//1328 
f 443//442 446//445 1585//1328 
f 446//445 449//448 1585//1328 
f 449//448 164//164 1585//1328 
f 167//167 170//170 1586//1328 
f 170//170 440//439 1586//1328 
f 440//439 443//442 1586//1328 
f 443//442 167//167 1586//1328 
f 170//170 173//173 1587//1328 
f 173//173 434//433 1587//1328 
f 434//433 437//436 1587//1328 
f 437//436 440//439 1587//1328 
f 440//439 170//170 1587//1328 
f 173//173 176//176 1588//1328 
f 176//176 428//427 1588//1328 
f 428//427 431//430 1588//1328 
f 431//430 434//433 1588//1328 
f 434//433 173//173 1588//1328 
f 176//176 179//179 1589//1328 
f 179//179 419//418 1589//1328 
f 419//418 422//421 1589//1328 
f 422//421 425//424 1589//1328 
f 425//424 428//427 1589//1328 
f 428//427 176//176 1589//1328 
f 179//179 182//182 1590//1328 
f 182//182 410//409 1590//1328 
f 410//409 413//412 1590//1328 
f 413//412 416//415 1590//1328 
f 416//415 419//418 1590//1328 
f 419//418 179//179 1590//1328 
f 182//182 185//185 1591//1328 
f 185//185 398//397 1591//1328 
f 398//397 401//400 1591//1328 
f 401//400 404//403 1591//1328 
f 404//403 407//406 1591//1328 
f 407//406 410//409 1591//1328 
f 410//409 182//182 1591//1328 
f 185//185 188//188 1592//1328 
f 188//188 389//388 1592//1328 
f 389//388 392//391 1592//1328 
f 392//391 395//394 1592//1328 
f 395//394 398//397 1592//1328 
f 398//397 185//185 1592//1328 
f 188//188 191//191 1593//1328 
f 191//191 383//382 1593//1328 
f 383//382 386//385 1593//1328 
f 386//385 389//388 1593//1328 
f 389//388 188//188 1593//1328 
f 191//191 194//194 1594//1328 
f 194//194 380//379 1594//1328 
f 380//379 383//382 1594//1328 
f 383//382 191//191 1594//1328 
f 194//194 197//197 1595//1328 
f 197//197 377//376 1595//1328 
f 377//376 380//379 1595//1328 
f 380//379 194//194 1595//1328 
f 197//197 200//200 1596//1328 
f 200//200 374//373 1596//1328 
f 374//373 377//376 1596//1328 
f 377//376 197//197 1596//1328 
f 200//200 203//203 1597//1328 
f 203//203 371//370 1597//1328 
f 371//370 374//373 1597//1328 
f 374//373 200//200 1597//1328 
f 203//203 206//206 1598//1328 
f 206//206 368//367 1598//1328 
f 368//367 371//370 1598//1328 
f 371//370 203//203 1598//1328 
f 206//206 209//209 1599//1328 
f 209//209 365//364 1599//1328 
f 365//364 368//367 1599//1328 
f 368//367 206//206 1599//1328 
f 209//209 212//212 1600//1328 
f 212//212 362//361 1600//1328 
f 362//361 365//364 1600//1328 
f 365//364 209//209 1600//1328 
f 212//212 215//215 1601//1328 
f 215//215 362//361 1601//1328 
f 362//361 212//212 1601//1328 
f 215//215 218//218 1602//1328 
f 218//218 359//358 1602//1328 
f 359//358 362//361 1602//1328 
f 362//361 215//215 1602//1328 
f 218//218 221//221 1603//1328 
f 221//221 359//358 1603//1328 
f 359//358 218//218 1603//1328 
f 221//221 224//224 1604//1328 
f 224//224 356//355 1604//1328 
f 356//355 359//358 1604//1328 
f 359//358 221//221 1604//1328 
f 224//224 227//227 1605//1328 
f 227//227 356//355 1605//1328 
f 356//355 224//224 1605//1328 
f 227//227 230//230 1606//1328 
f 230//230 353//352 1606//1328 
f 353//352 356//355 1606//1328 
f 356//355 227//227 1606//1328 
f 230//230 233//233 1607//1328 
f 233//233 350//349 1607//1328 
f 350//349 353//352 1607//1328 
f 353//352 230//230 1607//1328 
f 233//233 236//236 1608//1328 
f 236//236 344//343 1608//1328 
f 344//343 347//346 1608//1328 
f 347//346 350//349 1608//1328 
f 350//349 233//233 1608//1328 
f 236//236 239//239 1609//1328 
f 239//239 341//340 1609//1328 
f 341//340 344//343 1609//1328 
f 344//343 236//236 1609//1328 
f 239//239 242//242 1610//1328 
f 242//242 335//334 1610//1328 
f 335//334 338//337 1610//1328 
f 338//337 341//340 1610//1328 
f 341//340 239//239 1610//1328 
f 242//242 245//245 1335//1328 
f 245//245 626//623 1335//1328 
f 626//623 629//626 1335//1328 
f 329//328 332//331 1335//1328 
f 332//331 335//334 1335//1328 
f 335//334 242//242 1335//1328 
f 470//468 473//471 1611//1328 
f 473//471 107//107 1611//1328 
f 107//107 110//110 1611//1328 
f 110//110 113//113 1611//1328 
f 113//113 470//468 1611//1328 
f 137//137 140//140 1612//1328 
f 140//140 119//119 1612//1328 
f 119//119 122//122 1612//1328 
f 122//122 125//125 1612//1328 
f 125//125 137//137 1612//1328 
f 140//140 143//143 1613//1328 
f 143//143 116//116 1613//1328 
f 116//116 119//119 1613//1328 
f 119//119 140//140 1613//1328 
f 143//143 146//146 1614//1328 
f 146//146 116//116 1614//1328 
f 116//116 143//143 1614//1328 
f 146//146 149//149 1615//1328 
f 149//149 470//468 1615//1328 
f 470//468 113//113 1615//1328 
f 113//113 116//116 1615//1328 
f 116//116 146//146 1615//1328 
f 473//471 476//474 1616//1328 
f 476//474 104//104 1616//1328 
f 104//104 107//107 1616//1328 
f 107//107 473//471 1616//1328 
f 476//474 479//477 1617//1328 
f 479//477 101//101 1617//1328 
f 101//101 104//104 1617//1328 
f 104//104 476//474 1617//1328 
f 479//477 482//480 1618//1328 
f 482//480 98//98 1618//1328 
f 98//98 101//101 1618//1328 
f 101//101 479//477 1618//1328 
f 482//480 485//483 1619//1328 
f 485//483 95//95 1619//1328 
f 95//95 98//98 1619//1328 
f 98//98 482//480 1619//1328 
f 485//483 488//486 1620//1328 
f 488//486 92//92 1620//1328 
f 92//92 95//95 1620//1328 
f 95//95 485//483 1620//1328 
f 488//486 491//489 1621//1328 
f 491//489 89//89 1621//1328 
f 89//89 92//92 1621//1328 
f 92//92 488//486 1621//1328 
f 491//489 494//492 1622//1328 
f 494//492 86//86 1622//1328 
f 86//86 89//89 1622//1328 
f 89//89 491//489 1622//1328 
f 494//492 497//495 1623//1328 
f 497//495 83//83 1623//1328 
f 83//83 86//86 1623//1328 
f 86//86 494//492 1623//1328 
f 497//495 500//498 1624//1328 
f 500//498 80//80 1624//1328 
f 80//80 83//83 1624//1328 
f 83//83 497//495 1624//1328 
f 500//498 503//501 1625//1328 
f 503//501 77//77 1625//1328 
f 77//77 80//80 1625//1328 
f 80//80 500//498 1625//1328 
f 503//501 506//504 1626//1328 
f 506//504 74//74 1626//1328 
f 74//74 77//77 1626//1328 
f 77//77 503//501 1626//1328 
f 506//504 509//507 1627//1328 
f 509//507 71//71 1627//1328 
f 71//71 74//74 1627//1328 
f 74//74 506//504 1627//1328 
f 509//507 512//510 1628//1328 
f 512//510 68//68 1628//1328 
f 68//68 71//71 1628//1328 
f 71//71 509//507 1628//1328 
f 512//510 515//513 1629//1328 
f 515//513 65//65 1629//1328 
f 65//65 68//68 1629//1328 
f 68//68 512//510 1629//1328 
f 515//513 518//516 1630//1328 
f 518//516 62//62 1630//1328 
f 62//62 65//65 1630//1328 
f 65//65 515//513 1630//1328 
f 518//516 521//519 1631//1328 
f 521//519 59//59 1631//1328 
f 59//59 62//62 1631//1328 
f 62//62 518//516 1631//1328 
f 521//519 524//522 1632//1328 
f 524//522 56//56 1632//1328 
f 56//56 59//59 1632//1328 
f 59//59 521//519 1632//1328 
f 581//578 584//581 1633//1328 
f 584//581 5//5 1633//1328 
f 5//5 581//578 1633//1328 
f 5//5 4//4 1634//1328 
f 4//4 581//578 1634//1328 
f 581//578 5//5 1634//1328 
f 4//4 8//8 1635//1328 
f 8//8 578//575 1635//1328 
f 578//575 581//578 1635//1328 
f 581//578 4//4 1635//1328 
f 8//8 11//11 1636//1328 
f 11//11 575//572 1636//1328 
f 575//572 578//575 1636//1328 
f 578//575 8//8 1636//1328 
f 11//11 14//14 1637//1328 
f 14//14 569//566 1637//1328 
f 569//566 572//569 1637//1328 
f 572//569 575//572 1637//1328 
f 575//572 11//11 1637//1328 
f 14//14 17//17 1638//1328 
f 17//17 566//563 1638//1328 
f 566//563 569//566 1638//1328 
f 569//566 14//14 1638//1328 
f 17//17 20//20 1639//1328 
f 20//20 563//560 1639//1328 
f 563//560 566//563 1639//1328 
f 566//563 17//17 1639//1328 
f 20//20 23//23 1640//1328 
f 23//23 557//554 1640//1328 
f 557//554 560//557 1640//1328 
f 560//557 563//560 1640//1328 
f 563//560 20//20 1640//1328 
f 23//23 26//26 1641//1328 
f 26//26 554//551 1641//1328 
f 554//551 557//554 1641//1328 
f 557//554 23//23 1641//1328 
f 26//26 29//29 1642//1328 
f 29//29 551//549 1642//1328 
f 551//549 554//551 1642//1328 
f 554//551 26//26 1642//1328 
f 29//29 32//32 1643//1328 
f 32//32 548//546 1643//1328 
f 548//546 551//549 1643//1328 
f 551//549 29//29 1643//1328 
f 32//32 35//35 1644//1328 
f 35//35 545//543 1644//1328 
f 545//543 548//546 1644//1328 
f 548//546 32//32 1644//1328 
f 35//35 38//38 1645//1328 
f 38//38 542//540 1645//1328 
f 542//540 545//543 1645//1328 
f 545//543 35//35 1645//1328 
f 38//38 41//41 1646//1328 
f 41//41 539//537 1646//1328 
f 539//537 542//540 1646//1328 
f 542//540 38//38 1646//1328 
f 41//41 44//44 1647//1328 
f 44//44 536//534 1647//1328 
f 536//534 539//537 1647//1328 
f 539//537 41//41 1647//1328 
f 44//44 47//47 1648//1328 
f 47//47 536//534 1648//1328 
f 536//534 44//44 1648//1328 
f 47//47 50//50 1649//1328 
f 50//50 533//531 1649//1328 
f 533//531 536//534 1649//1328 
f 536//534 47//47 1649//1328 
f 50//50 53//53 1650//1328 
f 53//53 530//528 1650//1328 
f 530//528 533//531 1650//1328 
f 533//531 50//50 1650//1328 
f 53//53 56//56 1651//1328 
f 56//56 524//522 1651//1328 
f 524//522 527//525 1651//1328 
f 527//525 530//528 1651//1328 
f 530//528 53//53 1651//1328 
f 785//782 788//785 1652//1328 
f 788//785 773//770 1652//1328 
f 773//770 776//773 1652//1328 
f 776//773 785//782 1652//1328 
f 788//785 791//788 1653//1328 
f 791//788 773//770 1653//1328 
f 773//770 788//785 1653//1328 
f 791//788 794//791 1654//1328 
f 794//791 770//767 1654//1328 
f 770//767 773//770 1654//1328 
f 773//770 791//788 1654//1328 
f 794//791 797//794 1655//1328 
f 797//794 767//764 1655//1328 
f 767//764 770//767 1655//1328 
f 770//767 794//791 1655//1328 
f 797//794 800//797 1656//1328 
f 800//797 764//761 1656//1328 
f 764//761 767//764 1656//1328 
f 767//764 797//794 1656//1328 
f 800//797 803//800 1657//1328 
f 803//800 764//761 1657//1328 
f 764//761 800//797 1657//1328 
f 803//800 806//803 1658//1328 
f 806//803 761//758 1658//1328 
f 761//758 764//761 1658//1328 
f 764//761 803//800 1658//1328 
f 806//803 809//806 1659//1328 
f 809//806 752//749 1659//1328 
f 752//749 755//752 1659//1328 
f 755//752 758//755 1659//1328 
f 758//755 761//758 1659//1328 
f 761//758 806//803 1659//1328 
f 944//941 1660//1328 1228//1222 1661//1328 
f 1228//1222 1232//1226 1661//1328 
f 1232//1226 944//941 1661//1328 
f 1232//1226 1235//1229 1662//1328 
f 1235//1229 941//938 1662//1328 
f 941//938 944//941 1662//1328 
f 944//941 1232//1226 1662//1328 
f 1235//1229 1238//1232 1663//1328 
f 1238//1232 938//935 1663//1328 
f 938//935 941//938 1663//1328 
f 941//938 1235//1229 1663//1328 
f 1238//1232 1241//1235 1664//1328 
f 1241//1235 935//932 1664//1328 
f 935//932 938//935 1664//1328 
f 938//935 1238//1232 1664//1328 
f 1241//1235 1244//1238 1665//1328 
f 1244//1238 929//926 1665//1328 
f 929//926 932//929 1665//1328 
f 932//929 935//932 1665//1328 
f 935//932 1241//1235 1665//1328 
f 1244//1238 1247//1241 1666//1328 
f 1247//1241 923//920 1666//1328 
f 923//920 926//923 1666//1328 
f 926//923 929//926 1666//1328 
f 929//926 1244//1238 1666//1328 
f 1247//1241 1250//1244 1667//1328 
f 1250//1244 920//917 1667//1328 
f 920//917 923//920 1667//1328 
f 923//920 1247//1241 1667//1328 
f 1250//1244 1253//1247 1668//1328 
f 1253//1247 917//914 1668//1328 
f 917//914 920//917 1668//1328 
f 920//917 1250//1244 1668//1328 
f 1253//1247 1256//1250 1669//1328 
f 1256//1250 911//908 1669//1328 
f 911//908 914//911 1669//1328 
f 914//911 917//914 1669//1328 
f 917//914 1253//1247 1669//1328 
f 1256//1250 1259//1253 1670//1328 
f 1259//1253 908//905 1670//1328 
f 908//905 911//908 1670//1328 
f 911//908 1256//1250 1670//1328 
f 1259//1253 1262//1256 1671//1328 
f 1262//1256 905//902 1671//1328 
f 905//902 908//905 1671//1328 
f 908//905 1259//1253 1671//1328 
f 1262//1256 1265//1259 1672//1328 
f 1265//1259 899//896 1672//1328 
f 899//896 902//899 1672//1328 
f 902//899 905//902 1672//1328 
f 905//902 1262//1256 1672//1328 
f 1265//1259 1268//1262 1673//1328 
f 1268//1262 896//893 1673//1328 
f 896//893 899//896 1673//1328 
f 899//896 1265//1259 1673//1328 
f 1268//1262 1271//1265 1674//1328 
f 1271//1265 896//893 1674//1328 
f 896//893 1268//1262 1674//1328 
f 1271//1265 1274//1268 1675//1328 
f 1274//1268 893//890 1675//1328 
f 893//890 896//893 1675//1328 
f 896//893 1271//1265 1675//1328 
f 1274//1268 1277//1271 1676//1328 
f 1277//1271 890//887 1676//1328 
f 890//887 893//890 1676//1328 
f 893//890 1274//1268 1676//1328 
f 1277//1271 1280//1274 1677//1328 
f 1280//1274 887//884 1677//1328 
f 887//884 890//887 1677//1328 
f 890//887 1277//1271 1677//1328 
f 1280//1274 1283//1277 1678//1328 
f 1283//1277 881//878 1678//1328 
f 881//878 884//881 1678//1328 
f 884//881 887//884 1678//1328 
f 887//884 1280//1274 1678//1328 
f 1283//1277 1286//1280 1679//1328 
f 1286//1280 878//875 1679//1328 
f 878//875 881//878 1679//1328 
f 881//878 1283//1277 1679//1328 
f 1286//1280 1289//1283 1680//1328 
f 1289//1283 872//869 1680//1328 
f 872//869 875//872 1680//1328 
f 875//872 878//875 1680//1328 
f 878//875 1286//1280 1680//1328 
f 1289//1283 1292//1286 1681//1328 
f 1292//1286 866//863 1681//1328 
f 866//863 869//866 1681//1328 
f 869//866 872//869 1681//1328 
f 872//869 1289//1283 1681//1328 
f 1292//1286 1295//1289 1682//1328 
f 1295//1289 857//854 1682//1328 
f 857//854 860//857 1682//1328 
f 860//857 863//860 1682//1328 
f 863//860 866//863 1682//1328 
f 866//863 1292//1286 1682//1328 
f 1295//1289 1298//1292 1683//1328 
f 1298//1292 851//848 1683//1328 
f 851//848 854//851 1683//1328 
f 854//851 857//854 1683//1328 
f 857//854 1295//1289 1683//1328 
f 1298//1292 1301//1295 1684//1328 
f 1301//1295 842//839 1684//1328 
f 842//839 845//842 1684//1328 
f 845//842 848//845 1684//1328 
f 848//845 851//848 1684//1328 
f 851//848 1298//1292 1684//1328 
f 1301//1295 1304//1298 1685//1328 
f 1304//1298 836//833 1685//1328 
f 836//833 839//836 1685//1328 
f 839//836 842//839 1685//1328 
f 842//839 1301//1295 1685//1328 
f 1304//1298 1307//1301 1686//1328 
f 1307//1301 830//827 1686//1328 
f 830//827 833//830 1686//1328 
f 833//830 836//833 1686//1328 
f 836//833 1304//1298 1686//1328 
f 1307//1301 1310//1304 1687//1328 
f 1310//1304 827//824 1687//1328 
f 827//824 830//827 1687//1328 
f 830//827 1307//1301 1687//1328 
f 1310//1304 1313//1307 1688//1328 
f 1313//1307 821//818 1688//1328 
f 821//818 824//821 1688//1328 
f 824//821 827//824 1688//1328 
f 827//824 1310//1304 1688//1328 
f 1313//1307 1316//1310 1689//1328 
f 1316//1310 818//815 1689//1328 
f 818//815 821//818 1689//1328 
f 821//818 1313//1307 1689//1328 
f 1316//1310 1319//1313 1690//1328 
f 1319//1313 812//809 1690//1328 
f 812//809 815//812 1690//1328 
f 815//812 818//815 1690//1328 
f 818//815 1316//1310 1690//1328 
f 1319//1313 1322//1316 1691//1328 
f 1322//1316 809//806 1691//1328 
f 809//806 812//809 1691//1328 
f 812//809 1319//1313 1691//1328 
f 1322//1316 1325//1319 1692//1328 
f 1325//1319 809//806 1692//1328 
f 809//806 1322//1316 1692//1328 
f 1325//1319 1328//1322 1693//1328 
f 1328//1322 809//806 1693//1328 
f 809//806 1325//1319 1693//1328 
f 1328//1322 1331//1325 1694//1328 
f 1331//1325 752//749 1694//1328 
f 752//749 809//806 1694//1328 
f 809//806 1328//1322 1694//1328 
f 1331//1325 1229//1223 1695//1328 
f 1229//1223 749//746 1695//1328 
f 749//746 752//749 1695//1328 
f 752//749 1331//1325 1695//1328 
f 1229//1223 1228//1222 1660//1328 
f 944//941 749//746 1660//1328 
f 749//746 1229//1223 1660//1328 
f 950//947 743//740 1696//1328 
f 743//740 746//743 1696//1328 
f 746//743 749//746 1696//1328 
f 749//746 950//947 1696//1328 
f 1001//997 1004//1000 1697//1328 
f 1004//1000 1698//1328 1157//1152 1697//1328 
f 1157//1152 1160//1155 1697//1328 
f 1160//1155 1001//997 1697//1328 
f 749//746 944//941 1699//1328 
f 944//941 947//944 1699//1328 
f 947//944 950//947 1699//1328 
f 950//947 749//746 1699//1328 
f 1160//1155 1163//1158 1700//1328 
f 1163//1158 1001//997 1700//1328 
f 1001//997 1160//1155 1700//1328 
f 1163//1158 1166//1161 1701//1328 
f 1166//1161 1115//1111 1701//1328 
f 1115//1111 698//695 1701//1328 
f 698//695 998//994 1701//1328 
f 998//994 1001//997 1701//1328 
f 1001//997 1163//1158 1701//1328 
f 1166//1161 1169//1164 1702//1328 
f 1169//1164 1115//1111 1702//1328 
f 1115//1111 1166//1161 1702//1328 
f 698//695 697//694 1703//1328 
f 697//694 995//991 1703//1328 
f 995//991 998//994 1703//1328 
f 998//994 698//695 1703//1328 
f 697//694 701//698 1704//1328 
f 701//698 992//988 1704//1328 
f 992//988 995//991 1704//1328 
f 995//991 697//694 1704//1328 
f 701//698 704//701 1705//1328 
f 704//701 989//985 1705//1328 
f 989//985 992//988 1705//1328 
f 992//988 701//698 1705//1328 
f 704//701 707//704 1706//1328 
f 707//704 986//982 1706//1328 
f 986//982 989//985 1706//1328 
f 989//985 704//701 1706//1328 
f 707//704 710//707 1707//1328 
f 710//707 983//979 1707//1328 
f 983//979 986//982 1707//1328 
f 986//982 707//704 1707//1328 
f 710//707 713//710 1708//1328 
f 713//710 980//976 1708//1328 
f 980//976 983//979 1708//1328 
f 983//979 710//707 1708//1328 
f 713//710 716//713 1709//1328 
f 716//713 980//976 1709//1328 
f 980//976 713//710 1709//1328 
f 716//713 719//716 1710//1328 
f 719//716 977//974 1710//1328 
f 977//974 980//976 1710//1328 
f 980//976 716//713 1710//1328 
f 719//716 722//719 1711//1328 
f 722//719 974//971 1711//1328 
f 974//971 977//974 1711//1328 
f 977//974 719//716 1711//1328 
f 722//719 725//722 1712//1328 
f 725//722 968//965 1712//1328 
f 968//965 971//968 1712//1328 
f 971//968 974//971 1712//1328 
f 974//971 722//719 1712//1328 
f 725//722 728//725 1713//1328 
f 728//725 962//959 1713//1328 
f 962//959 965//962 1713//1328 
f 965//962 968//965 1713//1328 
f 968//965 725//722 1713//1328 
f 728//725 731//728 1714//1328 
f 731//728 956//953 1714//1328 
f 956//953 959//956 1714//1328 
f 959//956 962//959 1714//1328 
f 962//959 728//725 1714//1328 
f 731//728 734//731 1715//1328 
f 734//731 953//950 1715//1328 
f 953//950 956//953 1715//1328 
f 956//953 731//728 1715//1328 
f 734//731 737//734 1716//1328 
f 737//734 950//947 1716//1328 
f 950//947 953//950 1716//1328 
f 953//950 734//731 1716//1328 
f 737//734 740//737 1717//1328 
f 740//737 950//947 1717//1328 
f 950//947 737//734 1717//1328 
f 740//737 743//740 1718//1328 
f 743//740 950//947 1718//1328 
f 950//947 740//737 1718//1328 
f 1169//1164 1172//1167 1719//1328 
f 1172//1167 1112//1108 1719//1328 
f 1112//1108 1115//1111 1719//1328 
f 1115//1111 1169//1164 1719//1328 
f 1172//1167 1175//1169 1720//1328 
f 1175//1169 1106//1102 1720//1328 
f 1106//1102 1109//1105 1720//1328 
f 1109//1105 1112//1108 1720//1328 
f 1112//1108 1172//1167 1720//1328 
f 1175//1169 1178//1172 1721//1328 
f 1178//1172 1100//1096 1721//1328 
f 1100//1096 1103//1099 1721//1328 
f 1103//1099 1106//1102 1721//1328 
f 1106//1102 1175//1169 1721//1328 
f 1178//1172 1181//1175 1722//1328 
f 1181//1175 1094//1090 1722//1328 
f 1094//1090 1097//1093 1722//1328 
f 1097//1093 1100//1096 1722//1328 
f 1100//1096 1178//1172 1722//1328 
f 1181//1175 1184//1178 1723//1328 
f 1184//1178 1085//1081 1723//1328 
f 1085//1081 1088//1084 1723//1328 
f 1088//1084 1091//1087 1723//1328 
f 1091//1087 1094//1090 1723//1328 
f 1094//1090 1181//1175 1723//1328 
f 1184//1178 1187//1181 1724//1328 
f 1187//1181 1079//1075 1724//1328 
f 1079//1075 1082//1078 1724//1328 
f 1082//1078 1085//1081 1724//1328 
f 1085//1081 1184//1178 1724//1328 
f 1187//1181 1190//1184 1725//1328 
f 1190//1184 1073//1069 1725//1328 
f 1073//1069 1076//1072 1725//1328 
f 1076//1072 1079//1075 1725//1328 
f 1079//1075 1187//1181 1725//1328 
f 1190//1184 1193//1187 1726//1328 
f 1193//1187 1067//1063 1726//1328 
f 1067//1063 1070//1066 1726//1328 
f 1070//1066 1073//1069 1726//1328 
f 1073//1069 1190//1184 1726//1328 
f 1193//1187 1196//1190 1727//1328 
f 1196//1190 1061//1057 1727//1328 
f 1061//1057 1064//1060 1727//1328 
f 1064//1060 1067//1063 1727//1328 
f 1067//1063 1193//1187 1727//1328 
f 1196//1190 1199//1193 1728//1328 
f 1199//1193 1058//1054 1728//1328 
f 1058//1054 1061//1057 1728//1328 
f 1061//1057 1196//1190 1728//1328 
f 1199//1193 1202//1196 1729//1328 
f 1202//1196 1055//1051 1729//1328 
f 1055//1051 1058//1054 1729//1328 
f 1058//1054 1199//1193 1729//1328 
f 1202//1196 1205//1199 1730//1328 
f 1205//1199 1052//1048 1730//1328 
f 1052//1048 1055//1051 1730//1328 
f 1055//1051 1202//1196 1730//1328 
f 1205//1199 1208//1202 1731//1328 
f 1208//1202 1049//1045 1731//1328 
f 1049//1045 1052//1048 1731//1328 
f 1052//1048 1205//1199 1731//1328 
f 1208//1202 1211//1205 1732//1328 
f 1211//1205 1046//1042 1732//1328 
f 1046//1042 1049//1045 1732//1328 
f 1049//1045 1208//1202 1732//1328 
f 1211//1205 1214//1208 1733//1328 
f 1214//1208 1043//1039 1733//1328 
f 1043//1039 1046//1042 1733//1328 
f 1046//1042 1211//1205 1733//1328 
f 1214//1208 1217//1211 1734//1328 
f 1217//1211 1040//1036 1734//1328 
f 1040//1036 1043//1039 1734//1328 
f 1043//1039 1214//1208 1734//1328 
f 1217//1211 1220//1214 1735//1328 
f 1220//1214 1037//1033 1735//1328 
f 1037//1033 1040//1036 1735//1328 
f 1040//1036 1217//1211 1735//1328 
f 1220//1214 1223//1217 1736//1328 
f 1223//1217 1034//1030 1736//1328 
f 1034//1030 1037//1033 1736//1328 
f 1037//1033 1220//1214 1736//1328 
f 1223//1217 1121//1116 1737//1328 
f 1121//1116 1034//1030 1737//1328 
f 1034//1030 1223//1217 1737//1328 
f 1121//1116 1120//1115 1738//1328 
f 1120//1115 1031//1027 1738//1328 
f 1031//1027 1034//1030 1738//1328 
f 1034//1030 1121//1116 1738//1328 
f 1120//1115 1124//1119 1739//1328 
f 1124//1119 1028//1024 1739//1328 
f 1028//1024 1031//1027 1739//1328 
f 1031//1027 1120//1115 1739//1328 
f 1124//1119 1127//1122 1740//1328 
f 1127//1122 1025//1021 1740//1328 
f 1025//1021 1028//1024 1740//1328 
f 1028//1024 1124//1119 1740//1328 
f 1127//1122 1130//1125 1741//1328 
f 1130//1125 1022//1018 1741//1328 
f 1022//1018 1025//1021 1741//1328 
f 1025//1021 1127//1122 1741//1328 
f 1130//1125 1133//1128 1742//1328 
f 1133//1128 1019//1015 1742//1328 
f 1019//1015 1022//1018 1742//1328 
f 1022//1018 1130//1125 1742//1328 
f 1133//1128 1136//1131 1743//1328 
f 1136//1131 1016//1012 1743//1328 
f 1016//1012 1019//1015 1743//1328 
f 1019//1015 1133//1128 1743//1328 
f 1136//1131 1139//1134 1744//1328 
f 1139//1134 1013//1009 1744//1328 
f 1013//1009 1016//1012 1744//1328 
f 1016//1012 1136//1131 1744//1328 
f 1139//1134 1142//1137 1745//1328 
f 1142//1137 1010//1006 1745//1328 
f 1010//1006 1013//1009 1745//1328 
f 1013//1009 1139//1134 1745//1328 
f 1142//1137 1145//1140 1746//1328 
f 1145//1140 1004//1000 1746//1328 
f 1004//1000 1007//1003 1746//1328 
f 1007//1003 1010//1006 1746//1328 
f 1010//1006 1142//1137 1746//1328 
f 1145//1140 1148//1143 1747//1328 
f 1148//1143 1004//1000 1747//1328 
f 1004//1000 1145//1140 1747//1328 
f 1148//1143 1151//1146 1748//1328 
f 1151//1146 1004//1000 1748//1328 
f 1004//1000 1148//1143 1748//1328 
f 1151//1146 1154//1149 1749//1328 
f 1154//1149 1004//1000 1749//1328 
f 1004//1000 1151//1146 1749//1328 
f 1154//1149 1157//1152 1698//1328 
f 1004//1000 1154//1149 1698//1328 
# 6 polygons - 3490 triangles

