# 3ds Max Wavefront OBJ Exporter v0.97b - (c)2007 guruware
# File Created: 31.01.2021 23:02:38

#
# object To_Monto
#

v  592.3929 0.0000 -46.2024
v  592.8941 0.0000 -45.6547
v  592.6436 5.0000 -45.9286
v  592.8941 10.0000 -45.6547
v  592.3929 10.0000 -46.2024
v  593.3425 0.0000 -45.1465
v  593.1183 5.0000 -45.4006
v  593.3425 10.0000 -45.1465
v  593.7383 0.0000 -44.6779
v  593.5404 5.0000 -44.9122
v  593.7383 10.0000 -44.6779
v  594.0812 0.0000 -44.2488
v  593.9097 5.0000 -44.4634
v  594.0812 10.0000 -44.2488
v  594.3715 0.0000 -43.8594
v  594.2263 5.0000 -44.0541
v  594.3715 10.0000 -43.8594
v  594.6089 0.0000 -43.5094
v  594.4902 5.0000 -43.6844
v  594.6089 10.0000 -43.5094
v  594.7937 0.0000 -43.1991
v  594.7013 5.0000 -43.3543
v  594.7937 10.0000 -43.1991
v  594.9257 0.0000 -42.9283
v  594.8597 5.0000 -43.0637
v  594.9257 10.0000 -42.9283
v  595.6319 0.0000 -43.7393
v  595.2788 5.0000 -43.3338
v  595.6319 10.0000 -43.7393
v  596.3171 0.0000 -44.4548
v  595.9745 5.0000 -44.0970
v  596.3171 10.0000 -44.4548
v  596.9813 0.0000 -45.0749
v  596.6492 5.0000 -44.7649
v  596.9813 10.0000 -45.0749
v  597.6244 0.0000 -45.5997
v  597.3029 5.0000 -45.3373
v  597.6244 10.0000 -45.5997
v  598.2466 0.0000 -46.0290
v  597.9355 5.0000 -45.8144
v  598.2466 10.0000 -46.0290
v  598.8478 0.0000 -46.3629
v  598.5472 5.0000 -46.1960
v  598.8478 10.0000 -46.3629
v  599.4280 0.0000 -46.6015
v  599.1379 5.0000 -46.4822
v  599.4280 10.0000 -46.6015
v  599.9872 0.0000 -46.7446
v  599.7076 5.0000 -46.6730
v  599.9872 10.0000 -46.7446
v  600.5255 0.0000 -46.7923
v  600.2563 5.0000 -46.7684
v  600.5255 10.0000 -46.7923
v  600.9214 0.0000 -46.7654
v  600.7234 5.0000 -46.7789
v  600.9214 10.0000 -46.7654
v  601.2708 0.0000 -46.6849
v  601.0961 5.0000 -46.7252
v  601.2708 10.0000 -46.6849
v  601.5736 0.0000 -46.5508
v  601.4222 5.0000 -46.6179
v  601.5736 10.0000 -46.5508
v  601.8298 0.0000 -46.3629
v  601.7017 5.0000 -46.4569
v  601.8298 10.0000 -46.3629
v  602.0394 0.0000 -46.1214
v  601.9346 5.0000 -46.2422
v  602.0394 10.0000 -46.1214
v  602.2025 0.0000 -45.8263
v  602.1210 5.0000 -45.9739
v  602.2025 10.0000 -45.8263
v  602.3190 0.0000 -45.4774
v  602.2607 5.0000 -45.6519
v  602.3190 10.0000 -45.4774
v  602.3889 0.0000 -45.0750
v  602.3539 5.0000 -45.2762
v  602.3889 10.0000 -45.0750
v  602.4121 0.0000 -44.6188
v  602.4005 5.0000 -44.8469
v  602.4121 10.0000 -44.6188
v  602.3903 0.0000 -44.2483
v  602.4012 5.0000 -44.4336
v  602.3903 10.0000 -44.2483
v  602.3247 0.0000 -43.8078
v  602.3575 5.0000 -44.0281
v  602.3247 10.0000 -43.8078
v  602.2153 0.0000 -43.2973
v  602.2700 5.0000 -43.5525
v  602.2153 10.0000 -43.2973
v  602.0623 0.0000 -42.7166
v  602.1389 5.0000 -43.0069
v  602.0623 10.0000 -42.7166
v  601.8655 0.0000 -42.0659
v  601.9639 5.0000 -42.3913
v  601.8655 10.0000 -42.0659
v  601.6251 0.0000 -41.3451
v  601.7453 5.0000 -41.7055
v  601.6251 10.0000 -41.3451
v  601.3408 0.0000 -40.5543
v  601.4829 5.0000 -40.9497
v  601.3408 10.0000 -40.5543
v  601.0128 0.0000 -39.6934
v  601.1768 5.0000 -40.1239
v  601.0128 10.0000 -39.6934
v  600.6412 0.0000 -38.7625
v  600.8270 5.0000 -39.2280
v  600.6412 10.0000 -38.7625
v  600.2695 0.0000 -37.8151
v  600.4553 5.0000 -38.2888
v  600.2695 10.0000 -37.8151
v  599.9415 0.0000 -36.9050
v  600.1055 5.0000 -37.3601
v  599.9415 10.0000 -36.9050
v  599.6573 0.0000 -36.0322
v  599.7994 5.0000 -36.4686
v  599.6573 10.0000 -36.0322
v  599.4167 0.0000 -35.1967
v  599.5370 5.0000 -35.6144
v  599.4167 10.0000 -35.1967
v  599.2200 0.0000 -34.3984
v  599.3184 5.0000 -34.7975
v  599.2200 10.0000 -34.3984
v  599.0670 0.0000 -33.6374
v  599.1435 5.0000 -34.0179
v  599.0670 10.0000 -33.6374
v  598.9576 0.0000 -32.9136
v  599.0123 5.0000 -33.2755
v  598.9576 10.0000 -32.9136
v  598.8920 0.0000 -32.2271
v  598.9248 5.0000 -32.5704
v  598.8920 10.0000 -32.2271
v  598.8702 0.0000 -31.5779
v  598.8811 5.0000 -31.9025
v  598.8702 10.0000 -31.5779
v  598.8702 0.0000 -5.2547
v  598.8702 5.0000 -18.4163
v  598.8702 10.0000 -5.2547
v  608.8521 0.0000 -5.2547
v  603.8611 5.0000 -5.2547
v  608.8521 10.0000 -5.2547
v  608.9285 0.0000 -7.3294
v  608.8903 5.0000 -6.2921
v  608.9285 10.0000 -7.3294
v  609.1577 0.0000 -9.5712
v  609.0431 5.0000 -8.4503
v  609.1577 10.0000 -9.5712
v  609.5397 0.0000 -11.9800
v  609.3487 5.0000 -10.7756
v  609.5397 10.0000 -11.9800
v  610.0745 0.0000 -14.5558
v  609.8071 5.0000 -13.2679
v  610.0745 10.0000 -14.5558
v  610.7621 0.0000 -17.2987
v  610.4183 5.0000 -15.9272
v  610.7621 10.0000 -17.2987
v  611.6025 0.0000 -20.2085
v  611.1823 5.0000 -18.7536
v  611.6025 10.0000 -20.2085
v  612.5956 0.0000 -23.2854
v  612.0991 5.0000 -21.7470
v  612.5956 10.0000 -23.2854
v  613.7416 0.0000 -26.5293
v  613.1686 5.0000 -24.9074
v  613.7416 10.0000 -26.5293
v  615.0405 0.0000 -29.9403
v  614.3911 5.0000 -28.2348
v  615.0405 10.0000 -29.9403
v  616.4019 0.0000 -33.2406
v  615.7211 5.0000 -31.5904
v  616.4019 10.0000 -33.2406
v  617.7357 0.0000 -36.1526
v  617.0688 5.0000 -34.6966
v  617.7357 10.0000 -36.1526
v  619.0419 0.0000 -38.6764
v  618.3888 5.0000 -37.4145
v  619.0419 10.0000 -38.6764
v  620.3206 0.0000 -40.8119
v  619.6813 5.0000 -39.7441
v  620.3206 10.0000 -40.8119
v  621.5717 0.0000 -42.5591
v  620.9462 5.0000 -41.6855
v  621.5717 10.0000 -42.5591
v  622.7952 0.0000 -43.9180
v  622.1835 5.0000 -43.2386
v  622.7952 10.0000 -43.9180
v  623.9911 0.0000 -44.8887
v  623.3932 5.0000 -44.4034
v  623.9911 10.0000 -44.8887
v  625.1595 0.0000 -45.4711
v  624.5753 5.0000 -45.1799
v  625.1595 10.0000 -45.4711
v  626.3003 0.0000 -45.6653
v  625.7299 5.0000 -45.5682
v  626.3003 10.0000 -45.6653
v  626.7944 0.0000 -45.6044
v  626.5474 5.0000 -45.6348
v  626.7944 10.0000 -45.6044
v  627.2305 0.0000 -45.4218
v  627.0125 5.0000 -45.5131
v  627.2305 10.0000 -45.4218
v  627.6084 0.0000 -45.1174
v  627.4194 5.0000 -45.2696
v  627.6084 10.0000 -45.1174
v  627.9282 0.0000 -44.6913
v  627.7682 5.0000 -44.9044
v  627.9282 10.0000 -44.6913
v  628.1898 0.0000 -44.1435
v  628.0590 5.0000 -44.4174
v  628.1898 10.0000 -44.1435
v  628.3932 0.0000 -43.4739
v  628.2915 5.0000 -43.8087
v  628.3932 10.0000 -43.4739
v  628.5386 0.0000 -42.6826
v  628.4659 5.0000 -43.0782
v  628.5386 10.0000 -42.6826
v  628.6258 0.0000 -41.7695
v  628.5822 5.0000 -42.2261
v  628.6258 10.0000 -41.7695
v  628.6548 0.0000 -40.7347
v  628.6403 5.0000 -41.2521
v  628.6548 10.0000 -40.7347
v  628.6548 0.0000 -5.2547
v  628.6548 5.0000 -22.9947
v  628.6548 10.0000 -5.2547
v  638.4758 0.0000 -5.2547
v  633.5653 5.0000 -5.2547
v  638.4758 10.0000 -5.2547
v  638.4758 0.0000 -43.9496
v  638.4758 5.0000 -24.6022
v  638.4758 10.0000 -43.9496
v  638.3503 0.0000 -46.2357
v  638.4130 5.0000 -45.0927
v  638.3503 10.0000 -46.2357
v  637.9739 0.0000 -48.2529
v  638.1621 5.0000 -47.2443
v  637.9739 10.0000 -48.2529
v  637.3466 0.0000 -50.0011
v  637.6602 5.0000 -49.1270
v  637.3466 10.0000 -50.0011
v  636.4683 0.0000 -51.4803
v  636.9074 5.0000 -50.7407
v  636.4683 10.0000 -51.4803
v  635.3391 0.0000 -52.6906
v  635.9036 5.0000 -52.0854
v  635.3391 10.0000 -52.6906
v  633.9589 0.0000 -53.6319
v  634.6490 5.0000 -53.1612
v  633.9589 10.0000 -53.6319
v  632.3278 0.0000 -54.3043
v  633.1433 5.0000 -53.9681
v  632.3278 10.0000 -54.3043
v  630.4457 0.0000 -54.7077
v  631.3868 5.0000 -54.5060
v  630.4457 10.0000 -54.7077
v  628.3127 0.0000 -54.8422
v  629.3793 5.0000 -54.7749
v  628.3127 10.0000 -54.8422
v  626.6871 0.0000 -54.6955
v  627.4999 5.0000 -54.7689
v  626.6871 10.0000 -54.6955
v  625.0907 0.0000 -54.2556
v  625.8889 5.0000 -54.4756
v  625.0907 10.0000 -54.2556
v  623.5233 0.0000 -53.5225
v  624.3070 5.0000 -53.8891
v  623.5233 10.0000 -53.5225
v  621.9851 0.0000 -52.4960
v  622.7542 5.0000 -53.0092
v  621.9851 10.0000 -52.4960
v  620.4760 0.0000 -51.1763
v  621.2306 5.0000 -51.8362
v  620.4760 10.0000 -51.1763
v  618.9961 0.0000 -49.5633
v  619.7361 5.0000 -50.3698
v  618.9961 10.0000 -49.5633
v  617.5453 0.0000 -47.6571
v  618.2707 5.0000 -48.6102
v  617.5453 10.0000 -47.6571
v  616.1236 0.0000 -45.4576
v  616.8344 5.0000 -46.5573
v  616.1236 10.0000 -45.4576
v  614.7310 0.0000 -42.9648
v  615.4273 5.0000 -44.2112
v  614.7310 10.0000 -42.9648
v  613.4296 0.0000 -40.4489
v  614.0803 5.0000 -41.7068
v  613.4296 10.0000 -40.4489
v  612.2813 0.0000 -38.1802
v  612.8554 5.0000 -39.3145
v  612.2813 10.0000 -38.1802
v  611.2861 0.0000 -36.1585
v  611.7836 5.0000 -37.1694
v  611.2861 10.0000 -36.1585
v  610.4440 0.0000 -34.3840
v  610.8650 5.0000 -35.2713
v  610.4440 10.0000 -34.3840
v  609.7549 0.0000 -32.8567
v  610.0994 5.0000 -33.6203
v  609.7549 10.0000 -32.8567
v  609.2191 0.0000 -31.5764
v  609.4870 5.0000 -32.2165
v  609.2191 10.0000 -31.5764
v  608.8363 0.0000 -30.5432
v  609.0277 5.0000 -31.0598
v  608.8363 10.0000 -30.5432
v  608.6066 0.0000 -29.7572
v  608.7214 5.0000 -30.1502
v  608.6066 10.0000 -29.7572
v  608.5301 0.0000 -29.2183
v  608.5684 5.0000 -29.4877
v  608.5301 10.0000 -29.2183
v  608.5301 0.0000 -36.2117
v  608.5301 5.0000 -32.7150
v  608.5301 10.0000 -36.2117
v  608.5388 0.0000 -36.5346
v  608.5344 5.0000 -36.3731
v  608.5388 10.0000 -36.5346
v  608.5651 0.0000 -36.8873
v  608.5519 5.0000 -36.7110
v  608.5651 10.0000 -36.8873
v  608.6089 0.0000 -37.2699
v  608.5870 5.0000 -37.0786
v  608.6089 10.0000 -37.2699
v  608.6702 0.0000 -37.6823
v  608.6395 5.0000 -37.4761
v  608.6702 10.0000 -37.6823
v  608.7490 0.0000 -38.1244
v  608.7096 5.0000 -37.9033
v  608.7490 10.0000 -38.1244
v  608.8453 0.0000 -38.5964
v  608.7972 5.0000 -38.3604
v  608.8453 10.0000 -38.5964
v  608.9592 0.0000 -39.0983
v  608.9023 5.0000 -38.8473
v  608.9592 10.0000 -39.0983
v  609.0906 0.0000 -39.6299
v  609.0249 5.0000 -39.3641
v  609.0906 10.0000 -39.6299
v  609.2395 0.0000 -40.1913
v  609.1650 5.0000 -39.9106
v  609.2395 10.0000 -40.1913
v  609.4623 0.0000 -40.9692
v  609.3509 5.0000 -40.5803
v  609.4623 10.0000 -40.9692
v  609.6589 0.0000 -41.6681
v  609.5605 5.0000 -41.3187
v  609.6589 10.0000 -41.6681
v  609.8292 0.0000 -42.2882
v  609.7441 5.0000 -41.9782
v  609.8292 10.0000 -42.2882
v  609.9734 0.0000 -42.8294
v  609.9013 5.0000 -42.5588
v  609.9734 10.0000 -42.8294
v  610.0914 0.0000 -43.2917
v  610.0324 5.0000 -43.0606
v  610.0914 10.0000 -43.2917
v  610.1831 0.0000 -43.6752
v  610.1372 5.0000 -43.4834
v  610.1831 10.0000 -43.6752
v  610.2487 0.0000 -43.9797
v  610.2159 5.0000 -43.8274
v  610.2487 10.0000 -43.9797
v  610.2880 0.0000 -44.2054
v  610.2683 5.0000 -44.0925
v  610.2880 10.0000 -44.2054
v  610.3010 0.0000 -44.3521
v  610.2945 5.0000 -44.2787
v  610.3010 10.0000 -44.3521
v  610.2745 0.0000 -45.3137
v  610.2878 5.0000 -44.8329
v  610.2745 10.0000 -45.3137
v  610.1948 0.0000 -46.2416
v  610.2346 5.0000 -45.7776
v  610.1948 10.0000 -46.2416
v  610.0620 0.0000 -47.1361
v  610.1284 5.0000 -46.6888
v  610.0620 10.0000 -47.1361
v  609.8760 0.0000 -47.9970
v  609.9689 5.0000 -47.5665
v  609.8760 10.0000 -47.9970
v  609.6368 0.0000 -48.8243
v  609.7564 5.0000 -48.4106
v  609.6368 10.0000 -48.8243
v  609.3445 0.0000 -49.6181
v  609.4907 5.0000 -49.2212
v  609.3445 10.0000 -49.6181
v  608.9991 0.0000 -50.3784
v  609.1719 5.0000 -49.9983
v  608.9991 10.0000 -50.3784
v  608.6006 0.0000 -51.1051
v  608.7999 5.0000 -50.7418
v  608.6006 10.0000 -51.1051
v  608.1490 0.0000 -51.7983
v  608.3748 5.0000 -51.4517
v  608.1490 10.0000 -51.7983
v  607.6509 0.0000 -52.4371
v  607.8999 5.0000 -52.1177
v  607.6509 10.0000 -52.4371
v  607.1132 0.0000 -53.0008
v  607.3820 5.0000 -52.7190
v  607.1132 10.0000 -53.0008
v  606.5358 0.0000 -53.4893
v  606.8245 5.0000 -53.2451
v  606.5358 10.0000 -53.4893
v  605.9187 0.0000 -53.9027
v  606.2272 5.0000 -53.6960
v  605.9187 10.0000 -53.9027
v  605.2620 0.0000 -54.2409
v  605.5903 5.0000 -54.0718
v  605.2620 10.0000 -54.2409
v  604.5656 0.0000 -54.5040
v  604.9138 5.0000 -54.3725
v  604.5656 10.0000 -54.5040
v  603.8296 0.0000 -54.6919
v  604.1976 5.0000 -54.5979
v  603.8296 10.0000 -54.6919
v  603.0539 0.0000 -54.8046
v  603.4418 5.0000 -54.7482
v  603.0539 10.0000 -54.8046
v  602.2386 0.0000 -54.8422
v  602.6462 5.0000 -54.8234
v  602.2386 10.0000 -54.8422
v  601.1743 0.0000 -54.7865
v  601.7064 5.0000 -54.8144
v  601.1743 10.0000 -54.7865
v  600.1909 0.0000 -54.6196
v  600.6826 5.0000 -54.7030
v  600.1909 10.0000 -54.6196
v  599.2883 0.0000 -54.3413
v  599.7396 5.0000 -54.4804
v  599.2883 10.0000 -54.3413
v  598.4666 0.0000 -53.9517
v  598.8774 5.0000 -54.1465
v  598.4666 10.0000 -53.9517
v  597.7255 0.0000 -53.4508
v  598.0960 5.0000 -53.7013
v  597.7255 10.0000 -53.4508
v  597.0654 0.0000 -52.8386
v  597.3954 5.0000 -53.1447
v  597.0654 10.0000 -52.8386
v  596.4860 0.0000 -52.1152
v  596.7757 5.0000 -52.4769
v  596.4860 10.0000 -52.1152
v  595.9874 0.0000 -51.2803
v  596.2368 5.0000 -51.6978
v  595.9874 10.0000 -51.2803
v  595.5697 0.0000 -50.3342
v  595.7786 5.0000 -50.8073
v  595.5697 10.0000 -50.3342
v  595.0484 0.0000 -51.2803
v  595.3090 5.0000 -50.8073
v  595.0484 10.0000 -51.2803
v  594.4694 0.0000 -52.1152
v  594.7589 5.0000 -51.6977
v  594.4694 10.0000 -52.1152
v  593.8328 0.0000 -52.8386
v  594.1511 5.0000 -52.4769
v  593.8328 10.0000 -52.8386
v  593.1385 0.0000 -53.4508
v  593.4857 5.0000 -53.1447
v  593.1385 10.0000 -53.4508
v  592.3867 0.0000 -53.9517
v  592.7626 5.0000 -53.7013
v  592.3867 10.0000 -53.9517
v  591.5771 0.0000 -54.3413
v  591.9819 5.0000 -54.1465
v  591.5771 10.0000 -54.3413
v  590.7100 0.0000 -54.6196
v  591.1436 5.0000 -54.4804
v  590.7100 10.0000 -54.6196
v  589.7852 0.0000 -54.7865
v  590.2476 5.0000 -54.7031
v  589.7852 10.0000 -54.7865
v  588.8027 0.0000 -54.8422
v  589.2939 5.0000 -54.8144
v  588.8027 10.0000 -54.8422
v  587.7374 0.0000 -54.7791
v  588.2701 5.0000 -54.8106
v  587.7374 10.0000 -54.7791
v  586.7238 0.0000 -54.5899
v  587.2306 5.0000 -54.6845
v  586.7238 10.0000 -54.5899
v  585.7620 0.0000 -54.2745
v  586.2429 5.0000 -54.4322
v  585.7620 10.0000 -54.2745
v  584.8518 0.0000 -53.8330
v  585.3069 5.0000 -54.0537
v  584.8518 10.0000 -53.8330
v  583.9934 0.0000 -53.2653
v  584.4226 5.0000 -53.5491
v  583.9934 10.0000 -53.2653
v  583.1868 0.0000 -52.5714
v  583.5901 5.0000 -52.9184
v  583.1868 10.0000 -52.5714
v  582.4319 0.0000 -51.7514
v  582.8093 5.0000 -52.1614
v  582.4319 10.0000 -51.7514
v  581.7288 0.0000 -50.8053
v  582.0803 5.0000 -51.2784
v  581.7288 10.0000 -50.8053
v  581.0773 0.0000 -49.7330
v  581.4030 5.0000 -50.2691
v  581.0773 10.0000 -49.7330
v  580.4866 0.0000 -48.5910
v  580.7819 5.0000 -49.1620
v  580.4866 10.0000 -48.5910
v  579.9653 0.0000 -47.4355
v  580.2259 5.0000 -48.0132
v  579.9653 10.0000 -47.4355
v  579.5135 0.0000 -46.2668
v  579.7394 5.0000 -46.8512
v  579.5135 10.0000 -46.2668
v  579.1312 0.0000 -45.0847
v  579.3223 5.0000 -45.6757
v  579.1312 10.0000 -45.0847
v  578.8184 0.0000 -43.8892
v  578.9748 5.0000 -44.4869
v  578.8184 10.0000 -43.8892
v  578.5751 0.0000 -42.6804
v  578.6968 5.0000 -43.2848
v  578.5751 10.0000 -42.6804
v  578.4014 0.0000 -41.4582
v  578.4883 5.0000 -42.0693
v  578.4014 10.0000 -41.4582
v  578.2971 0.0000 -40.2227
v  578.3492 5.0000 -40.8404
v  578.2971 10.0000 -40.2227
v  578.2624 0.0000 -38.9738
v  578.2798 5.0000 -39.5982
v  578.2624 10.0000 -38.9738
v  578.3699 0.0000 -36.6275
v  578.3162 5.0000 -37.8006
v  578.3699 10.0000 -36.6275
v  578.6926 0.0000 -34.5573
v  578.5313 5.0000 -35.5924
v  578.6926 10.0000 -34.5573
v  579.2303 0.0000 -32.7630
v  578.9614 5.0000 -33.6602
v  579.2303 10.0000 -32.7630
v  579.9832 0.0000 -31.2449
v  579.6068 5.0000 -32.0040
v  579.9832 10.0000 -31.2449
v  580.9511 0.0000 -30.0027
v  580.4672 5.0000 -30.6238
v  580.9511 10.0000 -30.0027
v  582.1342 0.0000 -29.0366
v  581.5427 5.0000 -29.5197
v  582.1342 10.0000 -29.0366
v  583.5323 0.0000 -28.3465
v  582.8333 5.0000 -28.6916
v  583.5323 10.0000 -28.3465
v  585.1456 0.0000 -27.9325
v  584.3389 5.0000 -28.1395
v  585.1456 10.0000 -27.9325
v  586.9739 0.0000 -27.7945
v  586.0598 5.0000 -27.8635
v  586.9739 10.0000 -27.7945
v  588.5245 0.0000 -27.8966
v  587.7492 5.0000 -27.8455
v  588.5245 10.0000 -27.8966
v  589.8928 0.0000 -28.2029
v  589.2086 5.0000 -28.0497
v  589.8928 10.0000 -28.2029
v  591.0785 0.0000 -28.7135
v  590.4857 5.0000 -28.4582
v  591.0785 10.0000 -28.7135
v  592.0818 0.0000 -29.4283
v  591.5802 5.0000 -29.0709
v  592.0818 10.0000 -29.4283
v  592.9028 0.0000 -30.3473
v  592.4923 5.0000 -29.8878
v  592.9028 10.0000 -30.3473
v  593.5413 0.0000 -31.4706
v  593.2220 5.0000 -30.9090
v  593.5413 10.0000 -31.4706
v  593.9974 0.0000 -32.7981
v  593.7693 5.0000 -32.1343
v  593.9974 10.0000 -32.7981
v  594.2710 0.0000 -34.3298
v  594.1342 5.0000 -33.5639
v  594.2710 10.0000 -34.3298
v  594.3622 0.0000 -36.0658
v  594.3166 5.0000 -35.1978
v  594.3622 10.0000 -36.0658
v  594.2549 0.0000 -37.6750
v  594.3085 5.0000 -36.8704
v  594.2549 10.0000 -37.6750
v  593.9329 0.0000 -39.0949
v  594.0939 5.0000 -38.3849
v  593.9329 10.0000 -39.0949
v  593.3962 0.0000 -40.3255
v  593.6646 5.0000 -39.7102
v  593.3962 10.0000 -40.3255
v  592.6449 0.0000 -41.3668
v  593.0206 5.0000 -40.8461
v  592.6449 10.0000 -41.3668
v  591.6789 0.0000 -42.2187
v  592.1619 5.0000 -41.7927
v  591.6789 10.0000 -42.2187
v  590.4983 0.0000 -42.8813
v  591.0886 5.0000 -42.5500
v  590.4983 10.0000 -42.8813
v  589.1029 0.0000 -43.3547
v  589.8006 5.0000 -43.1180
v  589.1029 10.0000 -43.3547
v  587.4930 0.0000 -43.6386
v  588.2980 5.0000 -43.4966
v  587.4930 10.0000 -43.6386
v  585.6683 0.0000 -43.7333
v  586.5806 5.0000 -43.6860
v  585.6683 10.0000 -43.7333
v  585.7086 0.0000 -44.6118
v  585.6885 5.0000 -44.1726
v  585.7086 10.0000 -44.6118
v  585.8294 0.0000 -45.3870
v  585.7690 5.0000 -44.9994
v  585.8294 10.0000 -45.3870
v  586.0308 0.0000 -46.0588
v  585.9301 5.0000 -45.7229
v  586.0308 10.0000 -46.0588
v  586.3128 0.0000 -46.6273
v  586.1718 5.0000 -46.3431
v  586.3128 10.0000 -46.6273
v  586.6753 0.0000 -47.0924
v  586.4941 5.0000 -46.8598
v  586.6753 10.0000 -47.0924
v  587.1184 0.0000 -47.4541
v  586.8969 5.0000 -47.2733
v  587.1184 10.0000 -47.4541
v  587.6420 0.0000 -47.7125
v  587.3802 5.0000 -47.5833
v  587.6420 10.0000 -47.7125
v  588.2463 0.0000 -47.8676
v  587.9442 5.0000 -47.7901
v  588.2463 10.0000 -47.8676
v  588.9310 0.0000 -47.9193
v  588.5886 5.0000 -47.8934
v  588.9310 10.0000 -47.9193
v  589.2487 0.0000 -47.9053
v  589.0898 5.0000 -47.9123
v  589.2487 10.0000 -47.9053
v  589.5677 0.0000 -47.8635
v  589.4082 5.0000 -47.8844
v  589.5677 10.0000 -47.8635
v  589.8881 0.0000 -47.7938
v  589.7279 5.0000 -47.8286
v  589.8881 10.0000 -47.7938
v  590.2098 0.0000 -47.6961
v  590.0490 5.0000 -47.7449
v  590.2098 10.0000 -47.6961
v  590.5330 0.0000 -47.5706
v  590.3714 5.0000 -47.6334
v  590.5330 10.0000 -47.5706
v  590.8574 0.0000 -47.4172
v  590.6952 5.0000 -47.4939
v  590.8574 10.0000 -47.4172
v  591.1833 0.0000 -47.2360
v  591.0204 5.0000 -47.3266
v  591.1833 10.0000 -47.2360
v  591.5105 0.0000 -47.0268
v  591.3469 5.0000 -47.1314
v  591.5105 10.0000 -47.0268
v  591.8391 0.0000 -46.7897
v  591.6748 5.0000 -46.9083
v  591.8391 10.0000 -46.7897
v  592.1160 5.0000 -46.4961
v  587.4135 0.0000 -39.9810
v  588.0233 0.0000 -39.8331
v  587.7183 5.0000 -39.9070
v  588.0233 10.0000 -39.8331
v  587.4135 10.0000 -39.9810
v  588.5518 0.0000 -39.5865
v  588.2875 5.0000 -39.7098
v  588.5518 10.0000 -39.5865
v  588.9989 0.0000 -39.2412
v  588.7753 5.0000 -39.4139
v  588.9989 10.0000 -39.2412
v  589.3648 0.0000 -38.7974
v  589.1819 5.0000 -39.0193
v  589.3648 10.0000 -38.7974
v  589.6494 0.0000 -38.2549
v  589.5071 5.0000 -38.5261
v  589.6494 10.0000 -38.2549
v  589.8527 0.0000 -37.6137
v  589.7510 5.0000 -37.9343
v  589.8527 10.0000 -37.6137
v  589.9746 0.0000 -36.8740
v  589.9136 5.0000 -37.2439
v  589.9746 10.0000 -36.8740
v  590.0153 0.0000 -36.0356
v  589.9949 5.0000 -36.4548
v  590.0153 10.0000 -36.0356
v  589.9731 0.0000 -35.1845
v  589.9942 5.0000 -35.6100
v  589.9731 10.0000 -35.1845
v  589.8468 0.0000 -34.4335
v  589.9100 5.0000 -34.8090
v  589.8468 10.0000 -34.4335
v  589.6362 0.0000 -33.7827
v  589.7415 5.0000 -34.1081
v  589.6362 10.0000 -33.7827
v  589.3414 0.0000 -33.2320
v  589.4888 5.0000 -33.5074
v  589.3414 10.0000 -33.2320
v  588.9624 0.0000 -32.7814
v  589.1519 5.0000 -33.0067
v  588.9624 10.0000 -32.7814
v  588.4992 0.0000 -32.4310
v  588.7308 5.0000 -32.6062
v  588.4992 10.0000 -32.4310
v  587.9517 0.0000 -32.1807
v  588.2255 5.0000 -32.3058
v  587.9517 10.0000 -32.1807
v  587.3200 0.0000 -32.0305
v  587.6359 5.0000 -32.1056
v  587.3200 10.0000 -32.0305
v  586.6041 0.0000 -31.9804
v  586.9620 5.0000 -32.0054
v  586.6041 10.0000 -31.9804
v  585.9009 0.0000 -32.0290
v  586.2525 5.0000 -32.0047
v  585.9009 10.0000 -32.0290
v  585.2803 0.0000 -32.1747
v  585.5906 5.0000 -32.1018
v  585.2803 10.0000 -32.1747
v  584.7426 0.0000 -32.4176
v  585.0115 5.0000 -32.2961
v  584.7426 10.0000 -32.4176
v  584.2875 0.0000 -32.7576
v  584.5150 5.0000 -32.5876
v  584.2875 10.0000 -32.7576
v  583.9152 0.0000 -33.1947
v  584.1014 5.0000 -32.9762
v  583.9152 10.0000 -33.1947
v  583.6256 0.0000 -33.7290
v  583.7704 5.0000 -33.4619
v  583.6256 10.0000 -33.7290
v  583.4188 0.0000 -34.3605
v  583.5222 5.0000 -34.0448
v  583.4188 10.0000 -34.3605
v  583.2947 0.0000 -35.0891
v  583.3568 5.0000 -34.7248
v  583.2947 10.0000 -35.0891
v  583.2534 0.0000 -35.9148
v  583.2740 5.0000 -35.5019
v  583.2534 10.0000 -35.9148
v  583.2961 0.0000 -36.7786
v  583.2747 5.0000 -36.3467
v  583.2961 10.0000 -36.7786
v  583.4246 0.0000 -37.5407
v  583.3604 5.0000 -37.1596
v  583.4246 10.0000 -37.5407
v  583.6388 0.0000 -38.2012
v  583.5317 5.0000 -37.8710
v  583.6388 10.0000 -38.2012
v  583.9386 0.0000 -38.7601
v  583.7887 5.0000 -38.4807
v  583.9386 10.0000 -38.7601
v  584.3240 0.0000 -39.2174
v  584.1313 5.0000 -38.9888
v  584.3240 10.0000 -39.2174
v  584.7951 0.0000 -39.5730
v  584.5596 5.0000 -39.3952
v  584.7951 10.0000 -39.5730
v  585.3519 0.0000 -39.8271
v  585.0735 5.0000 -39.7001
v  585.3519 10.0000 -39.8271
v  585.9943 0.0000 -39.9795
v  585.6731 5.0000 -39.9033
v  585.9943 10.0000 -39.9795
v  586.7224 0.0000 -40.0303
v  586.3583 5.0000 -40.0049
v  586.7224 10.0000 -40.0303
v  587.0679 5.0000 -40.0057
v  594.9732 0.0000 -45.6329
v  584.5203 10.0000 -43.4957
v  585.6715 10.0000 -41.1800
v  605.6574 0.0000 -41.4858
v  594.8837 0.0000 -45.0827
v  593.9521 0.0000 -46.1973
v  594.1359 0.0000 -47.4376
v  593.3279 0.0000 -48.9693
v  592.8896 0.0000 -49.5122
v  592.4232 0.0000 -49.9854
v  591.9285 0.0000 -50.3891
v  591.4058 0.0000 -50.7231
v  590.8549 0.0000 -50.9876
v  590.1777 0.0000 -51.9032
v  589.1919 0.0000 -51.3633
v  588.0883 0.0000 -51.9996
v  586.6452 0.0000 -51.6555
v  585.9014 0.0000 -50.5662
v  584.6812 0.0000 -50.4269
v  583.6452 0.0000 -49.2019
v  584.4736 0.0000 -47.4730
v  584.3125 0.0000 -47.0596
v  584.2051 0.0000 -46.5773
v  584.5203 0.0000 -43.4957
v  583.3988 0.0000 -42.8411
v  583.1133 0.0000 -42.5702
v  582.8849 0.0000 -42.2314
v  582.7136 0.0000 -41.8250
v  582.5994 0.0000 -41.3508
v  579.8036 0.0000 -42.5889
v  580.9026 0.0000 -35.5472
v  581.1591 0.0000 -34.1925
v  581.5645 0.0000 -33.0244
v  582.5080 0.0000 -32.7229
v  582.2842 0.0000 -31.8000
v  583.0288 0.0000 -31.0536
v  583.9224 0.0000 -30.4939
v  584.9648 0.0000 -30.1207
v  586.1561 0.0000 -29.9341
v  587.3557 0.0000 -29.9255
v  588.4222 0.0000 -30.0777
v  589.3555 0.0000 -30.3820
v  590.1555 0.0000 -30.8386
v  590.8221 0.0000 -31.4473
v  591.3555 0.0000 -32.2082
v  591.7554 0.0000 -33.1212
v  592.0221 0.0000 -34.1865
v  592.1554 0.0000 -35.4039
v  592.1517 0.0000 -36.6626
v  592.0038 0.0000 -37.8144
v  591.7078 0.0000 -38.8223
v  591.2639 0.0000 -39.6861
v  590.6719 0.0000 -40.4060
v  589.9319 0.0000 -40.9819
v  589.0441 0.0000 -41.4139
v  588.0081 0.0000 -41.7018
v  587.2096 0.0000 -41.2167
v  586.4695 0.0000 -41.8454
v  585.6715 0.0000 -41.1800
v  594.9421 0.0000 -44.2802
v  595.1171 0.0000 -43.2889
v  594.4659 0.0000 -44.7597
v  595.0115 0.0000 -43.4826
v  594.8707 0.0000 -43.7027
v  594.6948 0.0000 -43.9492
v  605.4551 0.0000 -40.8081
v  605.8497 0.0000 -42.1628
v  606.0070 0.0000 -42.7654
v  606.9218 0.0000 -43.2931
v  607.9878 0.0000 -44.0530
v  607.1143 0.0000 -45.1202
v  606.2411 0.0000 -45.9825
v  606.8192 0.0000 -47.0522
v  606.8038 0.0000 -48.6456
v  605.6539 0.0000 -49.5650
v  605.1036 0.0000 -50.9573
v  603.7367 0.0000 -51.7625
v  602.0814 0.0000 -52.0959
v  600.4201 0.0000 -51.4610
v  598.8431 0.0000 -51.3532
v  597.7908 0.0000 -49.9160
v  597.4583 0.0000 -48.6447
v  597.5547 0.0000 -47.5754
v  597.1469 0.0000 -47.3210
v  606.5583 0.0000 -40.0244
v  605.1926 0.0000 -39.8985
v  606.3117 0.0000 -39.0917
v  604.9432 0.0000 -39.0136
v  606.0973 0.0000 -38.2152
v  604.7070 0.0000 -38.1533
v  605.9150 0.0000 -37.3948
v  602.9297 0.0000 -37.0435
v  601.2379 0.0000 -33.4904
v  633.5653 0.0000 -23.7984
v  608.4344 0.0000 -27.6527
v  607.6895 0.0000 -25.0240
v  607.0782 0.0000 -23.0284
v  606.5689 0.0000 -21.1441
v  606.1614 0.0000 -19.3712
v  605.8558 0.0000 -17.7097
v  605.6521 0.0000 -16.1595
v  603.8802 0.0000 -12.3542
v  631.9188 0.0000 -42.1513
v  631.8801 0.0000 -42.8006
v  633.4395 0.0000 -44.0855
v  633.2268 0.0000 -45.5265
v  632.8596 0.0000 -46.7722
v  632.9380 0.0000 -48.7961
v  631.1517 0.0000 -50.9790
v  628.1959 0.0000 -50.1440
v  626.6371 0.0000 -51.0126
v  624.4118 0.0000 -50.2821
v  622.9030 0.0000 -48.5081
v  621.5646 0.0000 -47.3866
v  619.4064 0.0000 -45.8310
v  618.1867 0.0000 -42.9483
v  616.8808 0.0000 -40.7255
v  615.6221 0.0000 -38.3645
v  614.4262 0.0000 -35.9330
v  612.0244 0.0000 -33.0261
v  610.6624 0.0000 -29.5941
v  586.4695 10.0000 -41.8454
v  587.2096 10.0000 -41.2167
v  588.0081 10.0000 -41.7018
v  589.0441 10.0000 -41.4139
v  589.9319 10.0000 -40.9819
v  590.6719 10.0000 -40.4060
v  591.2639 10.0000 -39.6861
v  591.7078 10.0000 -38.8223
v  592.0038 10.0000 -37.8144
v  592.1517 10.0000 -36.6626
v  592.1554 10.0000 -35.4039
v  592.0221 10.0000 -34.1865
v  591.7554 10.0000 -33.1212
v  591.3555 10.0000 -32.2082
v  590.8221 10.0000 -31.4473
v  590.1555 10.0000 -30.8385
v  589.3555 10.0000 -30.3820
v  588.4222 10.0000 -30.0777
v  587.3557 10.0000 -29.9255
v  586.1561 10.0000 -29.9341
v  584.9648 10.0000 -30.1207
v  583.9224 10.0000 -30.4939
v  583.0289 10.0000 -31.0536
v  582.2842 10.0000 -31.8000
v  582.5080 10.0000 -32.7229
v  581.5645 10.0000 -33.0244
v  581.1591 10.0000 -34.1925
v  580.9026 10.0000 -35.5472
v  579.8036 10.0000 -42.5889
v  582.5994 10.0000 -41.3508
v  582.7136 10.0000 -41.8250
v  582.8849 10.0000 -42.2314
v  583.1133 10.0000 -42.5702
v  583.3988 10.0000 -42.8411
v  584.2051 10.0000 -46.5773
v  584.3125 10.0000 -47.0596
v  584.4736 10.0000 -47.4730
v  583.6452 10.0000 -49.2019
v  584.6812 10.0000 -50.4269
v  585.9014 10.0000 -50.5662
v  586.6452 10.0000 -51.6555
v  588.0883 10.0000 -51.9996
v  589.1919 10.0000 -51.3633
v  590.1777 10.0000 -51.9032
v  590.8549 10.0000 -50.9876
v  591.4058 10.0000 -50.7231
v  591.9285 10.0000 -50.3891
v  592.4232 10.0000 -49.9854
v  592.8896 10.0000 -49.5122
v  593.3279 10.0000 -48.9693
v  594.9581 10.0000 -47.1559
v  593.9521 10.0000 -46.1973
v  597.5547 10.0000 -47.5754
v  597.4583 10.0000 -48.6447
v  597.7908 10.0000 -49.9160
v  598.8431 10.0000 -51.3532
v  600.4201 10.0000 -51.4610
v  602.0814 10.0000 -52.0959
v  603.7367 10.0000 -51.7625
v  605.1036 10.0000 -50.9573
v  605.6539 10.0000 -49.5650
v  606.8038 10.0000 -48.6456
v  606.8192 10.0000 -47.0522
v  606.2411 10.0000 -45.9825
v  607.1143 10.0000 -45.1202
v  607.9878 10.0000 -44.0530
v  606.9218 10.0000 -43.2931
v  606.0070 10.0000 -42.7654
v  605.8497 10.0000 -42.1628
v  606.7319 10.0000 -40.6290
v  606.4766 10.0000 -39.6799
v  605.6574 10.0000 -41.4858
v  606.2534 10.0000 -38.7870
v  605.3851 10.0000 -40.5348
v  606.0623 10.0000 -37.9502
v  605.1401 10.0000 -39.6551
v  603.8802 10.0000 -12.3542
v  604.9082 10.0000 -38.8000
v  605.6521 10.0000 -16.1595
v  605.8558 10.0000 -17.7097
v  606.1614 10.0000 -19.3712
v  606.5689 10.0000 -21.1441
v  607.0782 10.0000 -23.0284
v  607.6895 10.0000 -25.0240
v  608.4025 10.0000 -27.1309
v  610.6624 10.0000 -29.5941
v  612.0244 10.0000 -33.0261
v  607.0473 10.0000 -29.1085
v  601.2379 10.0000 -33.4904
v  602.9297 10.0000 -37.0435
v  604.6895 10.0000 -37.9695
v  614.4262 10.0000 -35.9330
v  615.6221 10.0000 -38.3645
v  616.8808 10.0000 -40.7255
v  618.1867 10.0000 -42.9483
v  619.4064 10.0000 -45.8310
v  621.5646 10.0000 -47.3866
v  622.9030 10.0000 -48.5081
v  624.4118 10.0000 -50.2821
v  626.6371 10.0000 -51.0126
v  628.1959 10.0000 -50.1440
v  631.1517 10.0000 -50.9790
v  632.9380 10.0000 -48.7961
v  632.8596 10.0000 -46.7722
v  633.2268 10.0000 -45.5265
v  633.4395 10.0000 -44.0855
v  631.8801 10.0000 -42.8006
v  631.9188 10.0000 -42.1513
v  633.5653 10.0000 -23.7984
v  594.3038 10.0000 -45.8189
v  595.2106 10.0000 -45.3690
v  595.0948 10.0000 -44.8385
v  594.7122 10.0000 -44.4605
v  595.1004 10.0000 -44.0756
v  594.8707 10.0000 -43.7027
v  595.0115 10.0000 -43.4826
v  595.1171 10.0000 -43.2889
# 1012 vertices

vn -0.5168 -0.7088 0.4801
vn -0.5245 -0.7091 0.4712
vn -0.7378 0.0000 0.6750
vn -0.5245 0.7091 0.4712
vn -0.5168 0.7088 0.4801
vn -0.5334 -0.7096 0.4604
vn -0.7498 0.0000 0.6616
vn -0.5334 0.7096 0.4604
vn -0.5440 -0.7101 0.4470
vn -0.7641 0.0000 0.6452
vn -0.5440 0.7101 0.4470
vn -0.5567 -0.7109 0.4297
vn -0.7811 0.0000 0.6244
vn -0.5567 0.7109 0.4297
vn -0.5721 -0.7121 0.4070
vn -0.8019 0.0000 0.5975
vn -0.5721 0.7121 0.4070
vn -0.5909 -0.7138 0.3759
vn -0.8274 0.0000 0.5616
vn -0.5909 0.7138 0.3759
vn -0.6137 -0.7166 0.3315
vn -0.8593 0.0000 0.5115
vn -0.6137 0.7166 0.3315
vn -0.1086 -0.5592 0.8219
vn -0.8989 0.0000 0.4382
vn -0.1086 0.5592 0.8219
vn 0.5182 -0.7125 0.4732
vn 0.7541 0.0000 0.6567
vn 0.5182 0.7125 0.4732
vn 0.4923 -0.7135 0.4986
vn 0.7223 0.0000 0.6916
vn 0.4923 0.7135 0.4986
vn 0.4600 -0.7147 0.5269
vn 0.6825 0.0000 0.7309
vn 0.4600 0.7147 0.5269
vn 0.4191 -0.7163 0.5580
vn 0.6322 0.0000 0.7748
vn 0.4191 0.7163 0.5580
vn 0.3670 -0.7182 0.5912
vn 0.5679 0.0000 0.8231
vn 0.3670 0.7182 0.5912
vn 0.3007 -0.7205 0.6249
vn 0.4855 0.0000 0.8742
vn 0.3007 0.7205 0.6249
vn 0.2175 -0.7231 0.6556
vn 0.3802 0.0000 0.9249
vn 0.2175 0.7231 0.6556
vn 0.1160 -0.7258 0.6781
vn 0.2479 0.0000 0.9688
vn 0.1160 0.7258 0.6781
vn 0.0071 -0.7251 0.6886
vn 0.0883 0.0000 0.9961
vn 0.0071 0.7251 0.6886
vn -0.1009 -0.7254 0.6809
vn -0.0676 0.0000 0.9977
vn -0.1009 0.7254 0.6809
vn -0.2164 -0.7292 0.6492
vn -0.2245 0.0000 0.9745
vn -0.2164 0.7292 0.6492
vn -0.3413 -0.7321 0.5895
vn -0.4051 0.0000 0.9143
vn -0.3413 0.7321 0.5895
vn -0.4608 -0.7331 0.5003
vn -0.5912 0.0000 0.8065
vn -0.4608 0.7331 0.5003
vn -0.5590 -0.7315 0.3905
vn -0.7552 0.0000 0.6555
vn -0.5590 0.7315 0.3905
vn -0.6276 -0.7282 0.2754
vn -0.8753 0.0000 0.4835
vn -0.6276 0.7282 0.2754
vn -0.6684 -0.7244 0.1686
vn -0.9485 0.0000 0.3167
vn -0.6684 0.7244 0.1686
vn -0.6887 -0.7210 0.0771
vn -0.9853 0.0000 0.1711
vn -0.6887 0.7210 0.0771
vn -0.6943 -0.7197 -0.0028
vn -0.9987 0.0000 0.0510
vn -0.6943 0.7197 -0.0028
vn -0.6931 -0.7172 -0.0719
vn -0.9983 0.0000 -0.0589
vn -0.6931 0.7172 -0.0719
vn -0.6886 -0.7143 -0.1249
vn -0.9891 0.0000 -0.1473
vn -0.6886 0.7143 -0.1249
vn -0.6826 -0.7124 -0.1629
vn -0.9778 0.0000 -0.2094
vn -0.6826 0.7124 -0.1629
vn -0.6765 -0.7112 -0.1914
vn -0.9670 0.0000 -0.2549
vn -0.6765 0.7112 -0.1914
vn -0.6708 -0.7103 -0.2133
vn -0.9572 0.0000 -0.2895
vn -0.6708 0.7103 -0.2133
vn -0.6657 -0.7097 -0.2306
vn -0.9486 0.0000 -0.3165
vn -0.6657 0.7097 -0.2306
vn -0.6611 -0.7092 -0.2447
vn -0.9411 0.0000 -0.3382
vn -0.6611 0.7092 -0.2447
vn -0.6571 -0.7089 -0.2563
vn -0.9345 0.0000 -0.3560
vn -0.6571 0.7089 -0.2563
vn -0.6581 -0.7064 -0.2605
vn -0.9287 0.0000 -0.3708
vn -0.6581 0.7064 -0.2605
vn -0.6647 -0.7040 -0.2501
vn -0.9309 0.0000 -0.3652
vn -0.6647 0.7040 -0.2501
vn -0.6721 -0.7036 -0.2305
vn -0.9408 0.0000 -0.3390
vn -0.6721 0.7036 -0.2305
vn -0.6797 -0.7032 -0.2084
vn -0.9509 0.0000 -0.3096
vn -0.6797 0.7032 -0.2084
vn -0.6873 -0.7028 -0.1836
vn -0.9610 0.0000 -0.2766
vn -0.6873 0.7028 -0.1836
vn -0.6947 -0.7023 -0.1554
vn -0.9709 0.0000 -0.2393
vn -0.6947 0.7023 -0.1554
vn -0.7017 -0.7017 -0.1235
vn -0.9804 0.0000 -0.1972
vn -0.7017 0.7017 -0.1235
vn -0.7078 -0.7010 -0.0872
vn -0.9888 0.0000 -0.1494
vn -0.7078 0.7010 -0.0872
vn -0.7124 -0.7002 -0.0460
vn -0.9955 0.0000 -0.0951
vn -0.7124 0.7002 -0.0460
vn -0.7108 -0.7033 -0.0120
vn -0.9994 0.0000 -0.0337
vn -0.7108 0.7033 -0.0120
vn -0.5774 -0.5774 0.5774
vn -1.0000 0.0000 -0.0000
vn -0.5774 0.5774 0.5774
vn 0.5657 -0.5793 0.5869
vn 0.0000 0.0000 1.0000
vn 0.5657 0.5793 0.5869
vn 0.6980 -0.7145 0.0485
vn 0.9993 0.0000 0.0368
vn 0.6980 0.7145 0.0485
vn 0.6949 -0.7134 0.0906
vn 0.9948 0.0000 0.1017
vn 0.6949 0.7134 0.0906
vn 0.6902 -0.7125 0.1263
vn 0.9877 0.0000 0.1566
vn 0.6902 0.7125 0.1263
vn 0.6847 -0.7117 0.1568
vn 0.9791 0.0000 0.2033
vn 0.6847 0.7117 0.1568
vn 0.6788 -0.7111 0.1830
vn 0.9700 0.0000 0.2432
vn 0.6788 0.7111 0.1830
vn 0.6728 -0.7106 0.2057
vn 0.9607 0.0000 0.2775
vn 0.6728 0.7106 0.2057
vn 0.6669 -0.7102 0.2254
vn 0.9516 0.0000 0.3072
vn 0.6669 0.7102 0.2254
vn 0.6612 -0.7098 0.2427
vn 0.9429 0.0000 0.3331
vn 0.6612 0.7098 0.2427
vn 0.6544 -0.7102 0.2595
vn 0.9345 0.0000 0.3558
vn 0.6544 0.7102 0.2595
vn 0.6444 -0.7114 0.2804
vn 0.9244 0.0000 0.3813
vn 0.6444 0.7114 0.2804
vn 0.6307 -0.7126 0.3074
vn 0.9092 0.0000 0.4164
vn 0.6307 0.7126 0.3074
vn 0.6114 -0.7141 0.3408
vn 0.8881 0.0000 0.4597
vn 0.6114 0.7141 0.3408
vn 0.5834 -0.7164 0.3826
vn 0.8580 0.0000 0.5137
vn 0.5834 0.7164 0.3826
vn 0.5409 -0.7199 0.4349
vn 0.8131 0.0000 0.5822
vn 0.5409 0.7199 0.4349
vn 0.4743 -0.7251 0.4993
vn 0.7432 0.0000 0.6691
vn 0.4743 0.7251 0.4993
vn 0.3685 -0.7326 0.5723
vn 0.6302 0.0000 0.7764
vn 0.3685 0.7326 0.5723
vn 0.2082 -0.7416 0.6377
vn 0.4461 0.0000 0.8950
vn 0.2082 0.7416 0.6377
vn 0.0154 -0.7413 0.6710
vn 0.1678 0.0000 0.9858
vn 0.0154 0.7413 0.6710
vn -0.1729 -0.7392 0.6509
vn -0.1223 0.0000 0.9925
vn -0.1729 0.7392 0.6509
vn -0.3442 -0.7401 0.5778
vn -0.3863 0.0000 0.9224
vn -0.3442 0.7401 0.5778
vn -0.4867 -0.7362 0.4703
vn -0.6273 0.0000 0.7788
vn -0.4867 0.7362 0.4703
vn -0.5845 -0.7301 0.3541
vn -0.7998 0.0000 0.6002
vn -0.5845 0.7301 0.3541
vn -0.6426 -0.7244 0.2495
vn -0.9024 0.0000 0.4309
vn -0.6426 0.7244 0.2495
vn -0.6743 -0.7201 0.1638
vn -0.9568 0.0000 0.2908
vn -0.6743 0.7201 0.1638
vn -0.6904 -0.7170 0.0962
vn -0.9835 0.0000 0.1807
vn -0.6904 0.7170 0.0962
vn -0.6981 -0.7147 0.0431
vn -0.9955 0.0000 0.0951
vn -0.6981 0.7147 0.0431
vn -0.7038 -0.7103 0.0099
vn -0.9996 0.0000 0.0281
vn -0.7038 0.7103 0.0099
vn 0.5774 -0.5774 0.5774
vn 0.5774 0.5774 0.5774
vn 0.7129 -0.7010 -0.0195
vn 1.0000 0.0000 -0.0000
vn 0.7129 0.7010 -0.0195
vn 0.7160 -0.6928 -0.0861
vn 0.9985 0.0000 -0.0548
vn 0.7160 0.6928 -0.0861
vn 0.6991 -0.6895 -0.1893
vn 0.9830 0.0000 -0.1834
vn 0.6991 0.6895 -0.1893
vn 0.6580 -0.6862 -0.3099
vn 0.9412 0.0000 -0.3378
vn 0.6580 0.6862 -0.3099
vn 0.5839 -0.6837 -0.4377
vn 0.8599 0.0000 -0.5105
vn 0.5839 0.6837 -0.4377
vn 0.4757 -0.6831 -0.5542
vn 0.7312 0.0000 -0.6822
vn 0.4757 0.6831 -0.5542
vn 0.3462 -0.6845 -0.6416
vn 0.5635 0.0000 -0.8261
vn 0.3462 0.6845 -0.6416
vn 0.2154 -0.6874 -0.6936
vn 0.3811 0.0000 -0.9245
vn 0.2154 0.6874 -0.6936
vn 0.0988 -0.6908 -0.7162
vn 0.2096 0.0000 -0.9778
vn 0.0988 0.6908 -0.7162
vn -0.0098 -0.6903 -0.7234
vn 0.0629 0.0000 -0.9980
vn -0.0098 0.6903 -0.7234
vn -0.1296 -0.6875 -0.7145
vn -0.0898 0.0000 -0.9960
vn -0.1296 0.6875 -0.7145
vn -0.2508 -0.6886 -0.6804
vn -0.2656 0.0000 -0.9641
vn -0.2508 0.6886 -0.6804
vn -0.3550 -0.6905 -0.6302
vn -0.4237 0.0000 -0.9058
vn -0.3550 0.6905 -0.6302
vn -0.4384 -0.6928 -0.5726
vn -0.5551 0.0000 -0.8318
vn -0.4384 0.6928 -0.5726
vn -0.5023 -0.6950 -0.5145
vn -0.6583 0.0000 -0.7528
vn -0.5023 0.6950 -0.5145
vn -0.5501 -0.6969 -0.4601
vn -0.7368 0.0000 -0.6761
vn -0.5501 0.6969 -0.4601
vn -0.5856 -0.6986 -0.4112
vn -0.7957 0.0000 -0.6056
vn -0.5856 0.6986 -0.4112
vn -0.6120 -0.6999 -0.3682
vn -0.8398 0.0000 -0.5428
vn -0.6120 0.6999 -0.3682
vn -0.6259 -0.7035 -0.3366
vn -0.8730 0.0000 -0.4877
vn -0.6259 0.7035 -0.3366
vn -0.6304 -0.7061 -0.3226
vn -0.8882 0.0000 -0.4595
vn -0.6304 0.7061 -0.3226
vn -0.6338 -0.7059 -0.3164
vn -0.8922 0.0000 -0.4516
vn -0.6338 0.7059 -0.3164
vn -0.6381 -0.7055 -0.3084
vn -0.8972 0.0000 -0.4417
vn -0.6381 0.7055 -0.3084
vn -0.6437 -0.7049 -0.2979
vn -0.9034 0.0000 -0.4287
vn -0.6437 0.7049 -0.2979
vn -0.6513 -0.7040 -0.2831
vn -0.9115 0.0000 -0.4112
vn -0.6513 0.7040 -0.2831
vn -0.6621 -0.7025 -0.2611
vn -0.9225 0.0000 -0.3861
vn -0.6621 0.7025 -0.2611
vn -0.6787 -0.6993 -0.2246
vn -0.9377 0.0000 -0.3474
vn -0.6787 0.6993 -0.2246
vn -0.7062 -0.6914 -0.1525
vn -0.9599 0.0000 -0.2805
vn -0.7062 0.6914 -0.1525
vn 0.0025 -0.9994 -0.0359
vn -0.9901 0.0000 -0.1406
vn 0.0025 0.9994 -0.0359
vn 0.7040 -0.7102 0.0095
vn 0.7040 0.7102 0.0095
vn 0.7008 -0.7125 0.0356
vn 0.9996 0.0000 0.0271
vn 0.7008 0.7125 0.0356
vn 0.6995 -0.7116 0.0661
vn 0.9972 0.0000 0.0743
vn 0.6995 0.7116 0.0661
vn 0.6973 -0.7109 0.0917
vn 0.9935 0.0000 0.1137
vn 0.6973 0.7109 0.0917
vn 0.6946 -0.7104 0.1135
vn 0.9891 0.0000 0.1470
vn 0.6946 0.7104 0.1135
vn 0.6918 -0.7099 0.1322
vn 0.9845 0.0000 0.1755
vn 0.6918 0.7099 0.1322
vn 0.6888 -0.7096 0.1484
vn 0.9798 0.0000 0.2000
vn 0.6888 0.7096 0.1484
vn 0.6859 -0.7093 0.1625
vn 0.9752 0.0000 0.2213
vn 0.6859 0.7093 0.1625
vn 0.6831 -0.7090 0.1750
vn 0.9708 0.0000 0.2399
vn 0.6831 0.7090 0.1750
vn 0.6795 -0.7093 0.1874
vn 0.9666 0.0000 0.2563
vn 0.6795 0.7093 0.1874
vn 0.6808 -0.7066 0.1932
vn 0.9613 0.0000 0.2754
vn 0.6808 0.7066 0.1932
vn 0.6819 -0.7064 0.1896
vn 0.9626 0.0000 0.2708
vn 0.6819 0.7064 0.1896
vn 0.6834 -0.7062 0.1849
vn 0.9643 0.0000 0.2649
vn 0.6834 0.7062 0.1849
vn 0.6854 -0.7059 0.1787
vn 0.9663 0.0000 0.2574
vn 0.6854 0.7059 0.1787
vn 0.6881 -0.7054 0.1701
vn 0.9690 0.0000 0.2472
vn 0.6881 0.7054 0.1701
vn 0.6920 -0.7045 0.1572
vn 0.9725 0.0000 0.2327
vn 0.6920 0.7045 0.1572
vn 0.6984 -0.7027 0.1359
vn 0.9776 0.0000 0.2104
vn 0.6984 0.7027 0.1359
vn 0.7101 -0.6978 0.0934
vn 0.9852 0.0000 0.1716
vn 0.7101 0.6978 0.0934
vn 0.7194 -0.6942 0.0221
vn 0.9960 0.0000 0.0889
vn 0.7194 0.6942 0.0221
vn 0.7124 -0.7006 -0.0404
vn 0.9996 0.0000 -0.0276
vn 0.7124 0.7006 -0.0404
vn 0.7091 -0.7002 -0.0830
vn 0.9963 0.0000 -0.0856
vn 0.7091 0.7002 -0.0830
vn 0.7028 -0.6998 -0.1280
vn 0.9891 0.0000 -0.1469
vn 0.7028 0.6998 -0.1280
vn 0.6930 -0.6995 -0.1748
vn 0.9775 0.0000 -0.2112
vn 0.6930 0.6995 -0.1748
vn 0.6793 -0.6992 -0.2229
vn 0.9607 0.0000 -0.2777
vn 0.6793 0.6992 -0.2229
vn 0.6616 -0.6989 -0.2716
vn 0.9384 0.0000 -0.3455
vn 0.6616 0.6989 -0.2716
vn 0.6397 -0.6987 -0.3202
vn 0.9104 0.0000 -0.4136
vn 0.6397 0.6987 -0.3202
vn 0.6138 -0.6987 -0.3676
vn 0.8768 0.0000 -0.4808
vn 0.6138 0.6987 -0.3676
vn 0.5831 -0.6977 -0.4162
vn 0.8378 0.0000 -0.5459
vn 0.5831 0.6977 -0.4162
vn 0.5435 -0.6961 -0.4691
vn 0.7886 0.0000 -0.6149
vn 0.5435 0.6961 -0.4691
vn 0.4928 -0.6953 -0.5231
vn 0.7236 0.0000 -0.6903
vn 0.4928 0.6953 -0.5231
vn 0.4331 -0.6947 -0.5742
vn 0.6459 0.0000 -0.7634
vn 0.4331 0.6947 -0.5742
vn 0.3656 -0.6944 -0.6198
vn 0.5566 0.0000 -0.8308
vn 0.3656 0.6944 -0.6198
vn 0.2923 -0.6945 -0.6575
vn 0.4579 0.0000 -0.8890
vn 0.2923 0.6945 -0.6575
vn 0.2163 -0.6948 -0.6859
vn 0.3534 0.0000 -0.9355
vn 0.2163 0.6948 -0.6859
vn 0.1407 -0.6954 -0.7047
vn 0.2474 0.0000 -0.9689
vn 0.1407 0.6954 -0.7047
vn 0.0682 -0.6962 -0.7146
vn 0.1438 0.0000 -0.9896
vn 0.0682 0.6962 -0.7146
vn -0.0022 -0.6962 -0.7178
vn 0.0460 0.0000 -0.9989
vn -0.0022 0.6962 -0.7178
vn -0.0792 -0.6943 -0.7153
vn -0.0522 0.0000 -0.9986
vn -0.0792 0.6943 -0.7153
vn -0.1670 -0.6927 -0.7017
vn -0.1674 0.0000 -0.9859
vn -0.1670 0.6927 -0.7017
vn -0.2619 -0.6913 -0.6734
vn -0.2946 0.0000 -0.9556
vn -0.2619 0.6913 -0.6734
vn -0.3585 -0.6904 -0.6283
vn -0.4284 0.0000 -0.9036
vn -0.3585 0.6904 -0.6283
vn -0.4499 -0.6903 -0.5667
vn -0.5600 0.0000 -0.8285
vn -0.4499 0.6903 -0.5667
vn -0.5294 -0.6909 -0.4924
vn -0.6800 0.0000 -0.7332
vn -0.5294 0.6909 -0.4924
vn -0.5930 -0.6920 -0.4116
vn -0.7806 0.0000 -0.6251
vn -0.5930 0.6920 -0.4116
vn -0.6399 -0.6936 -0.3308
vn -0.8585 0.0000 -0.5127
vn -0.6399 0.6936 -0.3308
vn -0.0110 -0.9679 -0.2513
vn -0.9148 0.0000 -0.4039
vn -0.0110 0.9679 -0.2513
vn 0.6105 -0.6957 -0.3785
vn 0.8758 0.0000 -0.4826
vn 0.6105 0.6957 -0.3785
vn 0.5667 -0.6944 -0.4435
vn 0.8217 0.0000 -0.5699
vn 0.5667 0.6944 -0.4435
vn 0.5100 -0.6931 -0.5094
vn 0.7508 0.0000 -0.6606
vn 0.5100 0.6931 -0.5094
vn 0.4397 -0.6922 -0.5722
vn 0.6614 0.0000 -0.7500
vn 0.4397 0.6922 -0.5722
vn 0.3576 -0.6918 -0.6273
vn 0.5544 0.0000 -0.8322
vn 0.3576 0.6918 -0.6273
vn 0.2675 -0.6919 -0.6706
vn 0.4336 0.0000 -0.9011
vn 0.2675 0.6919 -0.6706
vn 0.1747 -0.6926 -0.6999
vn 0.3056 0.0000 -0.9522
vn 0.1747 0.6926 -0.6999
vn 0.0845 -0.6936 -0.7154
vn 0.1777 0.0000 -0.9841
vn 0.0845 0.6936 -0.7154
vn -0.0009 -0.6943 -0.7197
vn 0.0566 0.0000 -0.9984
vn -0.0009 0.6943 -0.7197
vn -0.0876 -0.6933 -0.7153
vn -0.0591 0.0000 -0.9983
vn -0.0876 0.6933 -0.7153
vn -0.1790 -0.6925 -0.6988
vn -0.1835 0.0000 -0.9830
vn -0.1790 0.6925 -0.6988
vn -0.2705 -0.6923 -0.6690
vn -0.3116 0.0000 -0.9502
vn -0.2705 0.6923 -0.6690
vn -0.3572 -0.6925 -0.6268
vn -0.4365 0.0000 -0.8997
vn -0.3572 0.6925 -0.6268
vn -0.4347 -0.6932 -0.5749
vn -0.5516 0.0000 -0.8341
vn -0.4347 0.6932 -0.5749
vn -0.5003 -0.6943 -0.5174
vn -0.6521 0.0000 -0.7581
vn -0.5003 0.6943 -0.5174
vn -0.5534 -0.6955 -0.4583
vn -0.7357 0.0000 -0.6773
vn -0.5534 0.6955 -0.4583
vn -0.5950 -0.6968 -0.4006
vn -0.8026 0.0000 -0.5965
vn -0.5950 0.6968 -0.4006
vn -0.6231 -0.6995 -0.3499
vn -0.8547 0.0000 -0.5192
vn -0.6231 0.6995 -0.3499
vn -0.6419 -0.7011 -0.3105
vn -0.6419 0.7011 -0.3105
vn -0.6579 -0.7010 -0.2753
vn -0.9115 0.0000 -0.4113
vn -0.6579 0.7010 -0.2753
vn -0.6723 -0.7008 -0.2384
vn -0.9327 0.0000 -0.3606
vn -0.6723 0.7008 -0.2384
vn -0.6847 -0.7008 -0.2001
vn -0.9515 0.0000 -0.3077
vn -0.6847 0.7008 -0.2001
vn -0.6951 -0.7007 -0.1607
vn -0.9674 0.0000 -0.2531
vn -0.6951 0.7007 -0.1607
vn -0.7032 -0.7007 -0.1206
vn -0.9803 0.0000 -0.1973
vn -0.7032 0.7007 -0.1206
vn -0.7089 -0.7007 -0.0802
vn -0.9900 0.0000 -0.1408
vn -0.7089 0.7007 -0.0802
vn -0.7122 -0.7008 -0.0399
vn -0.9965 0.0000 -0.0841
vn -0.7122 0.7008 -0.0399
vn -0.7152 -0.6989 0.0064
vn -0.9996 0.0000 -0.0278
vn -0.7152 0.6989 0.0064
vn -0.7153 -0.6951 0.0719
vn -0.9990 0.0000 0.0458
vn -0.7153 0.6951 0.0719
vn -0.7040 -0.6921 0.1596
vn -0.9881 0.0000 0.1540
vn -0.7040 0.6921 0.1596
vn -0.6746 -0.6886 0.2661
vn -0.9579 0.0000 0.2871
vn -0.6746 0.6886 0.2661
vn -0.6167 -0.6851 0.3876
vn -0.8959 0.0000 0.4443
vn -0.6167 0.6851 0.3876
vn -0.5225 -0.6828 0.5107
vn -0.7888 0.0000 0.6147
vn -0.5225 0.6828 0.5107
vn -0.3954 -0.6826 0.6146
vn -0.6325 0.0000 0.7745
vn -0.3954 0.6826 0.6146
vn -0.2533 -0.6845 0.6835
vn -0.4426 0.0000 0.8967
vn -0.2533 0.6845 0.6835
vn -0.1180 -0.6879 0.7162
vn -0.2486 0.0000 0.9686
vn -0.1180 0.6879 0.7162
vn -0.0035 -0.6916 0.7223
vn -0.0753 0.0000 0.9972
vn -0.0035 0.6916 0.7223
vn 0.1031 -0.6901 0.7163
vn 0.0657 0.0000 0.9978
vn 0.1031 0.6901 0.7163
vn 0.2241 -0.6868 0.6915
vn 0.2185 0.0000 0.9758
vn 0.2241 0.6868 0.6915
vn 0.3579 -0.6840 0.6356
vn 0.3955 0.0000 0.9185
vn 0.3579 0.6840 0.6356
vn 0.4873 -0.6829 0.5442
vn 0.5802 0.0000 0.8145
vn 0.4873 0.6829 0.5442
vn 0.5924 -0.6840 0.4256
vn 0.7458 0.0000 0.6662
vn 0.5924 0.6840 0.4256
vn 0.6625 -0.6868 0.2990
vn 0.8694 0.0000 0.4942
vn 0.6625 0.6868 0.2990
vn 0.7004 -0.6902 0.1817
vn 0.9457 0.0000 0.3249
vn 0.7004 0.6902 0.1817
vn 0.7158 -0.6934 0.0824
vn 0.9844 0.0000 0.1759
vn 0.7158 0.6934 0.0824
vn 0.7200 -0.6940 -0.0051
vn 0.9986 0.0000 0.0525
vn 0.7200 0.6940 -0.0051
vn 0.7163 -0.6899 -0.1044
vn 0.9978 0.0000 -0.0665
vn 0.7163 0.6899 -0.1044
vn 0.6908 -0.6866 -0.2267
vn 0.9752 0.0000 -0.2212
vn 0.6908 0.6866 -0.2267
vn 0.6338 -0.6839 -0.3614
vn 0.9166 0.0000 -0.3997
vn 0.6338 0.6839 -0.3614
vn 0.5412 -0.6829 -0.4907
vn 0.8109 0.0000 -0.5851
vn 0.5412 0.6829 -0.4907
vn 0.4221 -0.6841 -0.5948
vn 0.4221 0.6841 -0.5948
vn 0.2958 -0.6870 -0.6638
vn 0.4894 0.0000 -0.8720
vn 0.2958 0.6870 -0.6638
vn 0.1796 -0.6904 -0.7008
vn 0.3212 0.0000 -0.9470
vn 0.1796 0.6904 -0.7008
vn 0.0814 -0.6936 -0.7158
vn 0.1737 0.0000 -0.9848
vn 0.0814 0.6936 -0.7158
vn 0.3170 -0.9038 -0.2874
vn 0.0518 0.0000 -0.9987
vn 0.3170 0.9038 -0.2874
vn 0.6909 -0.7196 0.0695
vn 0.9990 0.0000 0.0458
vn 0.6909 0.7196 0.0695
vn 0.6740 -0.7228 0.1528
vn 0.9881 0.0000 0.1540
vn 0.6740 0.7228 0.1528
vn 0.6391 -0.7266 0.2522
vn 0.9579 0.0000 0.2872
vn 0.6391 0.7266 0.2522
vn 0.5782 -0.7305 0.3635
vn 0.8958 0.0000 0.4444
vn 0.5782 0.7305 0.3635
vn 0.4863 -0.7332 0.4754
vn 0.7887 0.0000 0.6148
vn 0.4863 0.7332 0.4754
vn 0.3677 -0.7334 0.5717
vn 0.6324 0.0000 0.7746
vn 0.3677 0.7334 0.5717
vn 0.2370 -0.7311 0.6397
vn 0.4425 0.0000 0.8968
vn 0.2370 0.7311 0.6397
vn 0.1115 -0.7274 0.6771
vn 0.2485 0.0000 0.9686
vn 0.1115 0.7274 0.6771
vn 0.0109 -0.7208 0.6931
vn 0.0753 0.0000 0.9972
vn 0.0109 0.7208 0.6931
vn -0.0607 -0.7170 0.6945
vn -0.0439 0.0000 0.9990
vn -0.0607 0.7170 0.6945
vn -0.1196 -0.7167 0.6871
vn -0.1300 0.0000 0.9915
vn -0.1196 0.7167 0.6871
vn -0.1756 -0.7163 0.6754
vn -0.2126 0.0000 0.9771
vn -0.1756 0.7163 0.6754
vn -0.2280 -0.7157 0.6601
vn -0.2903 0.0000 0.9569
vn -0.2280 0.7157 0.6601
vn -0.2760 -0.7152 0.6421
vn -0.3620 0.0000 0.9322
vn -0.2760 0.7152 0.6421
vn -0.3197 -0.7146 0.6222
vn -0.4274 0.0000 0.9041
vn -0.3197 0.7146 0.6222
vn -0.3589 -0.7140 0.6011
vn -0.4861 0.0000 0.8739
vn -0.3589 0.7140 0.6011
vn -0.3938 -0.7135 0.5795
vn -0.5386 0.0000 0.8426
vn -0.3938 0.7135 0.5795
vn -0.4512 -0.7291 0.5147
vn -0.5851 0.0000 0.8110
vn -0.4512 0.7291 0.5147
vn -0.7275 0.0000 0.6861
vn -0.1059 -0.7263 0.6791
vn -0.2261 -0.7301 0.6448
vn -0.2358 0.0000 0.9718
vn -0.2261 0.7301 0.6448
vn -0.1059 0.7263 0.6791
vn -0.3539 -0.7328 0.5812
vn -0.4228 0.0000 0.9062
vn -0.3539 0.7328 0.5812
vn -0.4731 -0.7331 0.4885
vn -0.6111 0.0000 0.7916
vn -0.4731 0.7331 0.4885
vn -0.5684 -0.7310 0.3775
vn -0.7716 0.0000 0.6361
vn -0.5684 0.7310 0.3775
vn -0.6333 -0.7274 0.2641
vn -0.8856 0.0000 0.4645
vn -0.6333 0.7274 0.2641
vn -0.6712 -0.7236 0.1608
vn -0.9532 0.0000 0.3022
vn -0.6712 0.7236 0.1608
vn -0.6898 -0.7203 0.0733
vn -0.9867 0.0000 0.1627
vn -0.6898 0.7203 0.0733
vn -0.6957 -0.7183 -0.0003
vn -0.9988 0.0000 0.0484
vn -0.6957 0.7183 -0.0003
vn -0.6894 -0.7205 -0.0748
vn -0.9988 0.0000 -0.0494
vn -0.6894 0.7205 -0.0748
vn -0.6701 -0.7239 -0.1638
vn -0.9861 0.0000 -0.1659
vn -0.6701 0.7239 -0.1638
vn -0.6311 -0.7277 -0.2685
vn -0.9514 0.0000 -0.3078
vn -0.6311 0.7277 -0.2685
vn -0.5648 -0.7312 -0.3826
vn -0.8816 0.0000 -0.4719
vn -0.5647 0.7312 -0.3826
vn -0.4683 -0.7331 -0.4932
vn -0.7653 0.0000 -0.6437
vn -0.4683 0.7331 -0.4932
vn -0.3490 -0.7325 -0.5845
vn -0.6033 0.0000 -0.7975
vn -0.3490 0.7325 -0.5845
vn -0.2223 -0.7297 -0.6466
vn -0.4158 0.0000 -0.9094
vn -0.2223 0.7297 -0.6466
vn -0.1039 -0.7260 -0.6798
vn -0.2313 0.0000 -0.9729
vn -0.1039 0.7260 -0.6798
vn -0.0003 -0.7230 -0.6908
vn -0.0698 0.0000 -0.9976
vn -0.0003 0.7230 -0.6908
vn 0.1027 -0.7257 -0.6803
vn 0.0689 0.0000 -0.9976
vn 0.1027 0.7257 -0.6803
vn 0.2200 -0.7295 -0.6476
vn 0.2286 0.0000 -0.9735
vn 0.2200 0.7295 -0.6476
vn 0.3460 -0.7324 -0.5865
vn 0.4116 0.0000 -0.9114
vn 0.3459 0.7324 -0.5865
vn 0.4653 -0.7331 -0.4960
vn 0.5986 0.0000 -0.8011
vn 0.4653 0.7331 -0.4960
vn 0.5625 -0.7313 -0.3857
vn 0.7613 0.0000 -0.6484
vn 0.5625 0.7313 -0.3857
vn 0.6298 -0.7279 -0.2712
vn 0.8792 0.0000 -0.4765
vn 0.6298 0.7279 -0.2712
vn 0.6695 -0.7241 -0.1657
vn 0.9503 0.0000 -0.3113
vn 0.6695 0.7241 -0.1657
vn 0.6891 -0.7207 -0.0757
vn 0.9858 0.0000 -0.1679
vn 0.6891 0.7207 -0.0757
vn 0.6955 -0.7185 -0.0002
vn 0.9987 0.0000 -0.0500
vn 0.6955 0.7185 -0.0002
vn 0.6893 -0.7206 0.0749
vn 0.9988 0.0000 0.0495
vn 0.6893 0.7206 0.0749
vn 0.6700 -0.7240 0.1641
vn 0.9861 0.0000 0.1662
vn 0.6700 0.7240 0.1641
vn 0.6309 -0.7278 0.2689
vn 0.9513 0.0000 0.3084
vn 0.6309 0.7278 0.2689
vn 0.5644 -0.7312 0.3831
vn 0.8812 0.0000 0.4727
vn 0.5644 0.7312 0.3831
vn 0.4678 -0.7331 0.4936
vn 0.7646 0.0000 0.6445
vn 0.4678 0.7331 0.4936
vn 0.3485 -0.7325 0.5848
vn 0.6025 0.0000 0.7981
vn 0.3485 0.7325 0.5848
vn 0.2219 -0.7297 0.6468
vn 0.4151 0.0000 0.9098
vn 0.2219 0.7297 0.6468
vn 0.1037 -0.7259 0.6799
vn 0.2309 0.0000 0.9730
vn 0.1037 0.7259 0.6799
vn -0.0005 -0.7233 0.6905
vn 0.0696 0.0000 0.9976
vn -0.0005 0.7233 0.6905
vn -0.0712 0.0000 0.9975
vn 0.0000 -1.0000 -0.0000
vn 0.0000 1.0000 -0.0000
# 769 vertex normals

o To_Monto
g To_Monto
s 1
f 1//1 2//2 3//3 
f 2//2 4//4 3//3 
f 4//4 5//5 3//3 
f 5//5 1//1 3//3 
s 3
f 2//2 6//6 7//7 
f 6//6 8//8 7//7 
f 8//8 4//4 7//7 
f 4//4 2//2 7//7 
s 2
f 6//6 9//9 10//10 
f 9//9 11//11 10//10 
f 11//11 8//8 10//10 
f 8//8 6//6 10//10 
f 9//9 12//12 13//13 
f 12//12 14//14 13//13 
f 14//14 11//11 13//13 
f 11//11 9//9 13//13 
f 12//12 15//15 16//16 
f 15//15 17//17 16//16 
f 17//17 14//14 16//16 
f 14//14 12//12 16//16 
f 15//15 18//18 19//19 
f 18//18 20//20 19//19 
f 20//20 17//17 19//19 
f 17//17 15//15 19//19 
f 18//18 21//21 22//22 
f 21//21 23//23 22//22 
f 23//23 20//20 22//22 
f 20//20 18//18 22//22 
f 21//21 24//24 25//25 
f 24//24 26//26 25//25 
f 26//26 23//23 25//25 
f 23//23 21//21 25//25 
s 4
f 24//24 27//27 28//28 
f 27//27 29//29 28//28 
f 29//29 26//26 28//28 
f 26//26 24//24 28//28 
f 27//27 30//30 31//31 
f 30//30 32//32 31//31 
f 32//32 29//29 31//31 
f 29//29 27//27 31//31 
f 30//30 33//33 34//34 
f 33//33 35//35 34//34 
f 35//35 32//32 34//34 
f 32//32 30//30 34//34 
f 33//33 36//36 37//37 
f 36//36 38//38 37//37 
f 38//38 35//35 37//37 
f 35//35 33//33 37//37 
f 36//36 39//39 40//40 
f 39//39 41//41 40//40 
f 41//41 38//38 40//40 
f 38//38 36//36 40//40 
f 39//39 42//42 43//43 
f 42//42 44//44 43//43 
f 44//44 41//41 43//43 
f 41//41 39//39 43//43 
f 42//42 45//45 46//46 
f 45//45 47//47 46//46 
f 47//47 44//44 46//46 
f 44//44 42//42 46//46 
f 45//45 48//48 49//49 
f 48//48 50//50 49//49 
f 50//50 47//47 49//49 
f 47//47 45//45 49//49 
f 48//48 51//51 52//52 
f 51//51 53//53 52//52 
f 53//53 50//50 52//52 
f 50//50 48//48 52//52 
f 51//51 54//54 55//55 
f 54//54 56//56 55//55 
f 56//56 53//53 55//55 
f 53//53 51//51 55//55 
f 54//54 57//57 58//58 
f 57//57 59//59 58//58 
f 59//59 56//56 58//58 
f 56//56 54//54 58//58 
f 57//57 60//60 61//61 
f 60//60 62//62 61//61 
f 62//62 59//59 61//61 
f 59//59 57//57 61//61 
f 60//60 63//63 64//64 
f 63//63 65//65 64//64 
f 65//65 62//62 64//64 
f 62//62 60//60 64//64 
f 63//63 66//66 67//67 
f 66//66 68//68 67//67 
f 68//68 65//65 67//67 
f 65//65 63//63 67//67 
f 66//66 69//69 70//70 
f 69//69 71//71 70//70 
f 71//71 68//68 70//70 
f 68//68 66//66 70//70 
f 69//69 72//72 73//73 
f 72//72 74//74 73//73 
f 74//74 71//71 73//73 
f 71//71 69//69 73//73 
f 72//72 75//75 76//76 
f 75//75 77//77 76//76 
f 77//77 74//74 76//76 
f 74//74 72//72 76//76 
f 75//75 78//78 79//79 
f 78//78 80//80 79//79 
f 80//80 77//77 79//79 
f 77//77 75//75 79//79 
f 78//78 81//81 82//82 
f 81//81 83//83 82//82 
f 83//83 80//80 82//82 
f 80//80 78//78 82//82 
f 81//81 84//84 85//85 
f 84//84 86//86 85//85 
f 86//86 83//83 85//85 
f 83//83 81//81 85//85 
f 84//84 87//87 88//88 
f 87//87 89//89 88//88 
f 89//89 86//86 88//88 
f 86//86 84//84 88//88 
f 87//87 90//90 91//91 
f 90//90 92//92 91//91 
f 92//92 89//89 91//91 
f 89//89 87//87 91//91 
f 90//90 93//93 94//94 
f 93//93 95//95 94//94 
f 95//95 92//92 94//94 
f 92//92 90//90 94//94 
f 93//93 96//96 97//97 
f 96//96 98//98 97//97 
f 98//98 95//95 97//97 
f 95//95 93//93 97//97 
f 96//96 99//99 100//100 
f 99//99 101//101 100//100 
f 101//101 98//98 100//100 
f 98//98 96//96 100//100 
f 99//99 102//102 103//103 
f 102//102 104//104 103//103 
f 104//104 101//101 103//103 
f 101//101 99//99 103//103 
f 102//102 105//105 106//106 
f 105//105 107//107 106//106 
f 107//107 104//104 106//106 
f 104//104 102//102 106//106 
f 105//105 108//108 109//109 
f 108//108 110//110 109//109 
f 110//110 107//107 109//109 
f 107//107 105//105 109//109 
f 108//108 111//111 112//112 
f 111//111 113//113 112//112 
f 113//113 110//110 112//112 
f 110//110 108//108 112//112 
f 111//111 114//114 115//115 
f 114//114 116//116 115//115 
f 116//116 113//113 115//115 
f 113//113 111//111 115//115 
f 114//114 117//117 118//118 
f 117//117 119//119 118//118 
f 119//119 116//116 118//118 
f 116//116 114//114 118//118 
f 117//117 120//120 121//121 
f 120//120 122//122 121//121 
f 122//122 119//119 121//121 
f 119//119 117//117 121//121 
f 120//120 123//123 124//124 
f 123//123 125//125 124//124 
f 125//125 122//122 124//124 
f 122//122 120//120 124//124 
f 123//123 126//126 127//127 
f 126//126 128//128 127//127 
f 128//128 125//125 127//127 
f 125//125 123//123 127//127 
f 126//126 129//129 130//130 
f 129//129 131//131 130//130 
f 131//131 128//128 130//130 
f 128//128 126//126 130//130 
f 129//129 132//132 133//133 
f 132//132 134//134 133//133 
f 134//134 131//131 133//133 
f 131//131 129//129 133//133 
s 2
f 132//132 135//135 136//136 
f 135//135 137//137 136//136 
f 137//137 134//134 136//136 
f 134//134 132//132 136//136 
s 4
f 135//135 138//138 139//139 
f 138//138 140//140 139//139 
f 140//140 137//137 139//139 
f 137//137 135//135 139//139 
s 2
f 138//138 141//141 142//142 
f 141//141 143//143 142//142 
f 143//143 140//140 142//142 
f 140//140 138//138 142//142 
f 141//141 144//144 145//145 
f 144//144 146//146 145//145 
f 146//146 143//143 145//145 
f 143//143 141//141 145//145 
f 144//144 147//147 148//148 
f 147//147 149//149 148//148 
f 149//149 146//146 148//148 
f 146//146 144//144 148//148 
f 147//147 150//150 151//151 
f 150//150 152//152 151//151 
f 152//152 149//149 151//151 
f 149//149 147//147 151//151 
f 150//150 153//153 154//154 
f 153//153 155//155 154//154 
f 155//155 152//152 154//154 
f 152//152 150//150 154//154 
f 153//153 156//156 157//157 
f 156//156 158//158 157//157 
f 158//158 155//155 157//157 
f 155//155 153//153 157//157 
f 156//156 159//159 160//160 
f 159//159 161//161 160//160 
f 161//161 158//158 160//160 
f 158//158 156//156 160//160 
f 159//159 162//162 163//163 
f 162//162 164//164 163//163 
f 164//164 161//161 163//163 
f 161//161 159//159 163//163 
f 162//162 165//165 166//166 
f 165//165 167//167 166//166 
f 167//167 164//164 166//166 
f 164//164 162//162 166//166 
f 165//165 168//168 169//169 
f 168//168 170//170 169//169 
f 170//170 167//167 169//169 
f 167//167 165//165 169//169 
f 168//168 171//171 172//172 
f 171//171 173//173 172//172 
f 173//173 170//170 172//172 
f 170//170 168//168 172//172 
f 171//171 174//174 175//175 
f 174//174 176//176 175//175 
f 176//176 173//173 175//175 
f 173//173 171//171 175//175 
f 174//174 177//177 178//178 
f 177//177 179//179 178//178 
f 179//179 176//176 178//178 
f 176//176 174//174 178//178 
f 177//177 180//180 181//181 
f 180//180 182//182 181//181 
f 182//182 179//179 181//181 
f 179//179 177//177 181//181 
f 180//180 183//183 184//184 
f 183//183 185//185 184//184 
f 185//185 182//182 184//184 
f 182//182 180//180 184//184 
f 183//183 186//186 187//187 
f 186//186 188//188 187//187 
f 188//188 185//185 187//187 
f 185//185 183//183 187//187 
f 186//186 189//189 190//190 
f 189//189 191//191 190//190 
f 191//191 188//188 190//190 
f 188//188 186//186 190//190 
f 189//189 192//192 193//193 
f 192//192 194//194 193//193 
f 194//194 191//191 193//193 
f 191//191 189//189 193//193 
f 192//192 195//195 196//196 
f 195//195 197//197 196//196 
f 197//197 194//194 196//196 
f 194//194 192//192 196//196 
f 195//195 198//198 199//199 
f 198//198 200//200 199//199 
f 200//200 197//197 199//199 
f 197//197 195//195 199//199 
f 198//198 201//201 202//202 
f 201//201 203//203 202//202 
f 203//203 200//200 202//202 
f 200//200 198//198 202//202 
f 201//201 204//204 205//205 
f 204//204 206//206 205//205 
f 206//206 203//203 205//205 
f 203//203 201//201 205//205 
f 204//204 207//207 208//208 
f 207//207 209//209 208//208 
f 209//209 206//206 208//208 
f 206//206 204//204 208//208 
f 207//207 210//210 211//211 
f 210//210 212//212 211//211 
f 212//212 209//209 211//211 
f 209//209 207//207 211//211 
f 210//210 213//213 214//214 
f 213//213 215//215 214//214 
f 215//215 212//212 214//214 
f 212//212 210//210 214//214 
f 213//213 216//216 217//217 
f 216//216 218//218 217//217 
f 218//218 215//215 217//217 
f 215//215 213//213 217//217 
f 216//216 219//219 220//220 
f 219//219 221//221 220//220 
f 221//221 218//218 220//220 
f 218//218 216//216 220//220 
s 4
f 219//219 222//135 223//136 
f 222//135 224//137 223//136 
f 224//137 221//221 223//136 
f 221//221 219//219 223//136 
s 2
f 222//135 225//222 226//139 
f 225//222 227//223 226//139 
f 227//223 224//137 226//139 
f 224//137 222//135 226//139 
s 4
f 225//222 228//224 229//225 
f 228//224 230//226 229//225 
f 230//226 227//223 229//225 
f 227//223 225//222 229//225 
s 2
f 228//224 231//227 232//228 
f 231//227 233//229 232//228 
f 233//229 230//226 232//228 
f 230//226 228//224 232//228 
f 231//227 234//230 235//231 
f 234//230 236//232 235//231 
f 236//232 233//229 235//231 
f 233//229 231//227 235//231 
f 234//230 237//233 238//234 
f 237//233 239//235 238//234 
f 239//235 236//232 238//234 
f 236//232 234//230 238//234 
f 237//233 240//236 241//237 
f 240//236 242//238 241//237 
f 242//238 239//235 241//237 
f 239//235 237//233 241//237 
f 240//236 243//239 244//240 
f 243//239 245//241 244//240 
f 245//241 242//238 244//240 
f 242//238 240//236 244//240 
f 243//239 246//242 247//243 
f 246//242 248//244 247//243 
f 248//244 245//241 247//243 
f 245//241 243//239 247//243 
f 246//242 249//245 250//246 
f 249//245 251//247 250//246 
f 251//247 248//244 250//246 
f 248//244 246//242 250//246 
f 249//245 252//248 253//249 
f 252//248 254//250 253//249 
f 254//250 251//247 253//249 
f 251//247 249//245 253//249 
f 252//248 255//251 256//252 
f 255//251 257//253 256//252 
f 257//253 254//250 256//252 
f 254//250 252//248 256//252 
f 255//251 258//254 259//255 
f 258//254 260//256 259//255 
f 260//256 257//253 259//255 
f 257//253 255//251 259//255 
f 258//254 261//257 262//258 
f 261//257 263//259 262//258 
f 263//259 260//256 262//258 
f 260//256 258//254 262//258 
f 261//257 264//260 265//261 
f 264//260 266//262 265//261 
f 266//262 263//259 265//261 
f 263//259 261//257 265//261 
f 264//260 267//263 268//264 
f 267//263 269//265 268//264 
f 269//265 266//262 268//264 
f 266//262 264//260 268//264 
f 267//263 270//266 271//267 
f 270//266 272//268 271//267 
f 272//268 269//265 271//267 
f 269//265 267//263 271//267 
f 270//266 273//269 274//270 
f 273//269 275//271 274//270 
f 275//271 272//268 274//270 
f 272//268 270//266 274//270 
f 273//269 276//272 277//273 
f 276//272 278//274 277//273 
f 278//274 275//271 277//273 
f 275//271 273//269 277//273 
f 276//272 279//275 280//276 
f 279//275 281//277 280//276 
f 281//277 278//274 280//276 
f 278//274 276//272 280//276 
f 279//275 282//278 283//279 
f 282//278 284//280 283//279 
f 284//280 281//277 283//279 
f 281//277 279//275 283//279 
f 282//278 285//281 286//282 
f 285//281 287//283 286//282 
f 287//283 284//280 286//282 
f 284//280 282//278 286//282 
f 285//281 288//284 289//285 
f 288//284 290//286 289//285 
f 290//286 287//283 289//285 
f 287//283 285//281 289//285 
f 288//284 291//287 292//288 
f 291//287 293//289 292//288 
f 293//289 290//286 292//288 
f 290//286 288//284 292//288 
f 291//287 294//290 295//291 
f 294//290 296//292 295//291 
f 296//292 293//289 295//291 
f 293//289 291//287 295//291 
f 294//290 297//293 298//294 
f 297//293 299//295 298//294 
f 299//295 296//292 298//294 
f 296//292 294//290 298//294 
f 297//293 300//296 301//297 
f 300//296 302//298 301//297 
f 302//298 299//295 301//297 
f 299//295 297//293 301//297 
f 300//296 303//299 304//300 
f 303//299 305//301 304//300 
f 305//301 302//298 304//300 
f 302//298 300//296 304//300 
f 303//299 306//302 307//303 
f 306//302 308//304 307//303 
f 308//304 305//301 307//303 
f 305//301 303//299 307//303 
f 306//302 309//305 310//306 
f 309//305 311//307 310//306 
f 311//307 308//304 310//306 
f 308//304 306//302 310//306 
s 4
f 309//305 312//308 313//225 
f 312//308 314//309 313//225 
f 314//309 311//307 313//225 
f 311//307 309//305 313//225 
s 2
f 312//308 315//310 316//311 
f 315//310 317//312 316//311 
f 317//312 314//309 316//311 
f 314//309 312//308 316//311 
f 315//310 318//313 319//314 
f 318//313 320//315 319//314 
f 320//315 317//312 319//314 
f 317//312 315//310 319//314 
f 318//313 321//316 322//317 
f 321//316 323//318 322//317 
f 323//318 320//315 322//317 
f 320//315 318//313 322//317 
f 321//316 324//319 325//320 
f 324//319 326//321 325//320 
f 326//321 323//318 325//320 
f 323//318 321//316 325//320 
f 324//319 327//322 328//323 
f 327//322 329//324 328//323 
f 329//324 326//321 328//323 
f 326//321 324//319 328//323 
f 327//322 330//325 331//326 
f 330//325 332//327 331//326 
f 332//327 329//324 331//326 
f 329//324 327//322 331//326 
f 330//325 333//328 334//329 
f 333//328 335//330 334//329 
f 335//330 332//327 334//329 
f 332//327 330//325 334//329 
f 333//328 336//331 337//332 
f 336//331 338//333 337//332 
f 338//333 335//330 337//332 
f 335//330 333//328 337//332 
f 336//331 339//334 340//335 
f 339//334 341//336 340//335 
f 341//336 338//333 340//335 
f 338//333 336//331 340//335 
s 4
f 339//334 342//337 343//338 
f 342//337 344//339 343//338 
f 344//339 341//336 343//338 
f 341//336 339//334 343//338 
f 342//337 345//340 346//341 
f 345//340 347//342 346//341 
f 347//342 344//339 346//341 
f 344//339 342//337 346//341 
f 345//340 348//343 349//344 
f 348//343 350//345 349//344 
f 350//345 347//342 349//344 
f 347//342 345//340 349//344 
f 348//343 351//346 352//347 
f 351//346 353//348 352//347 
f 353//348 350//345 352//347 
f 350//345 348//343 352//347 
f 351//346 354//349 355//350 
f 354//349 356//351 355//350 
f 356//351 353//348 355//350 
f 353//348 351//346 355//350 
f 354//349 357//352 358//353 
f 357//352 359//354 358//353 
f 359//354 356//351 358//353 
f 356//351 354//349 358//353 
f 357//352 360//355 361//356 
f 360//355 362//357 361//356 
f 362//357 359//354 361//356 
f 359//354 357//352 361//356 
f 360//355 363//358 364//359 
f 363//358 365//360 364//359 
f 365//360 362//357 364//359 
f 362//357 360//355 364//359 
f 363//358 366//361 367//362 
f 366//361 368//363 367//362 
f 368//363 365//360 367//362 
f 365//360 363//358 367//362 
f 366//361 369//364 370//365 
f 369//364 371//366 370//365 
f 371//366 368//363 370//365 
f 368//363 366//361 370//365 
f 369//364 372//367 373//368 
f 372//367 374//369 373//368 
f 374//369 371//366 373//368 
f 371//366 369//364 373//368 
f 372//367 375//370 376//371 
f 375//370 377//372 376//371 
f 377//372 374//369 376//371 
f 374//369 372//367 376//371 
f 375//370 378//373 379//374 
f 378//373 380//375 379//374 
f 380//375 377//372 379//374 
f 377//372 375//370 379//374 
f 378//373 381//376 382//377 
f 381//376 383//378 382//377 
f 383//378 380//375 382//377 
f 380//375 378//373 382//377 
f 381//376 384//379 385//380 
f 384//379 386//381 385//380 
f 386//381 383//378 385//380 
f 383//378 381//376 385//380 
f 384//379 387//382 388//383 
f 387//382 389//384 388//383 
f 389//384 386//381 388//383 
f 386//381 384//379 388//383 
f 387//382 390//385 391//386 
f 390//385 392//387 391//386 
f 392//387 389//384 391//386 
f 389//384 387//382 391//386 
f 390//385 393//388 394//389 
f 393//388 395//390 394//389 
f 395//390 392//387 394//389 
f 392//387 390//385 394//389 
f 393//388 396//391 397//392 
f 396//391 398//393 397//392 
f 398//393 395//390 397//392 
f 395//390 393//388 397//392 
f 396//391 399//394 400//395 
f 399//394 401//396 400//395 
f 401//396 398//393 400//395 
f 398//393 396//391 400//395 
f 399//394 402//397 403//398 
f 402//397 404//399 403//398 
f 404//399 401//396 403//398 
f 401//396 399//394 403//398 
f 402//397 405//400 406//401 
f 405//400 407//402 406//401 
f 407//402 404//399 406//401 
f 404//399 402//397 406//401 
f 405//400 408//403 409//404 
f 408//403 410//405 409//404 
f 410//405 407//402 409//404 
f 407//402 405//400 409//404 
f 408//403 411//406 412//407 
f 411//406 413//408 412//407 
f 413//408 410//405 412//407 
f 410//405 408//403 412//407 
f 411//406 414//409 415//410 
f 414//409 416//411 415//410 
f 416//411 413//408 415//410 
f 413//408 411//406 415//410 
f 414//409 417//412 418//413 
f 417//412 419//414 418//413 
f 419//414 416//411 418//413 
f 416//411 414//409 418//413 
f 417//412 420//415 421//416 
f 420//415 422//417 421//416 
f 422//417 419//414 421//416 
f 419//414 417//412 421//416 
f 420//415 423//418 424//419 
f 423//418 425//420 424//419 
f 425//420 422//417 424//419 
f 422//417 420//415 424//419 
f 423//418 426//421 427//422 
f 426//421 428//423 427//422 
f 428//423 425//420 427//422 
f 425//420 423//418 427//422 
f 426//421 429//424 430//425 
f 429//424 431//426 430//425 
f 431//426 428//423 430//425 
f 428//423 426//421 430//425 
f 429//424 432//427 433//428 
f 432//427 434//429 433//428 
f 434//429 431//426 433//428 
f 431//426 429//424 433//428 
f 432//427 435//430 436//431 
f 435//430 437//432 436//431 
f 437//432 434//429 436//431 
f 434//429 432//427 436//431 
f 435//430 438//433 439//434 
f 438//433 440//435 439//434 
f 440//435 437//432 439//434 
f 437//432 435//430 439//434 
f 438//433 441//436 442//437 
f 441//436 443//438 442//437 
f 443//438 440//435 442//437 
f 440//435 438//433 442//437 
f 441//436 444//439 445//440 
f 444//439 446//441 445//440 
f 446//441 443//438 445//440 
f 443//438 441//436 445//440 
f 444//439 447//442 448//443 
f 447//442 449//444 448//443 
f 449//444 446//441 448//443 
f 446//441 444//439 448//443 
s 2
f 447//442 450//445 451//446 
f 450//445 452//447 451//446 
f 452//447 449//444 451//446 
f 449//444 447//442 451//446 
f 450//445 453//448 454//449 
f 453//448 455//450 454//449 
f 455//450 452//447 454//449 
f 452//447 450//445 454//449 
f 453//448 456//451 457//452 
f 456//451 458//453 457//452 
f 458//453 455//450 457//452 
f 455//450 453//448 457//452 
f 456//451 459//454 460//455 
f 459//454 461//456 460//455 
f 461//456 458//453 460//455 
f 458//453 456//451 460//455 
f 459//454 462//457 463//458 
f 462//457 464//459 463//458 
f 464//459 461//456 463//458 
f 461//456 459//454 463//458 
f 462//457 465//460 466//461 
f 465//460 467//462 466//461 
f 467//462 464//459 466//461 
f 464//459 462//457 466//461 
f 465//460 468//463 469//464 
f 468//463 470//465 469//464 
f 470//465 467//462 469//464 
f 467//462 465//460 469//464 
f 468//463 471//466 472//467 
f 471//466 473//468 472//467 
f 473//468 470//465 472//467 
f 470//465 468//463 472//467 
f 471//466 474//469 475//470 
f 474//469 476//471 475//470 
f 476//471 473//468 475//470 
f 473//468 471//466 475//470 
f 474//469 477//472 478//473 
f 477//472 479//474 478//473 
f 479//474 476//471 478//473 
f 476//471 474//469 478//473 
f 477//472 480//475 481//476 
f 480//475 482//477 481//476 
f 482//477 479//474 481//476 
f 479//474 477//472 481//476 
f 480//475 483//478 484//479 
f 483//478 485//480 484//479 
f 485//480 482//477 484//479 
f 482//477 480//475 484//479 
f 483//478 486//481 487//482 
f 486//481 488//483 487//482 
f 488//483 485//480 487//482 
f 485//480 483//478 487//482 
f 486//481 489//484 490//485 
f 489//484 491//486 490//485 
f 491//486 488//483 490//485 
f 488//483 486//481 490//485 
f 489//484 492//487 493//488 
f 492//487 494//489 493//488 
f 494//489 491//486 493//488 
f 491//486 489//484 493//488 
f 492//487 495//490 496//491 
f 495//490 497//492 496//491 
f 497//492 494//489 496//491 
f 494//489 492//487 496//491 
f 495//490 498//493 499//494 
f 498//493 500//495 499//494 
f 500//495 497//492 499//494 
f 497//492 495//490 499//494 
f 498//493 501//496 502//497 
f 501//496 503//498 502//497 
f 503//498 500//495 502//497 
f 500//495 498//493 502//497 
f 501//496 504//499 505//282 
f 504//499 506//500 505//282 
f 506//500 503//498 505//282 
f 503//498 501//496 505//282 
f 504//499 507//501 508//502 
f 507//501 509//503 508//502 
f 509//503 506//500 508//502 
f 506//500 504//499 508//502 
f 507//501 510//504 511//505 
f 510//504 512//506 511//505 
f 512//506 509//503 511//505 
f 509//503 507//501 511//505 
f 510//504 513//507 514//508 
f 513//507 515//509 514//508 
f 515//509 512//506 514//508 
f 512//506 510//504 514//508 
f 513//507 516//510 517//511 
f 516//510 518//512 517//511 
f 518//512 515//509 517//511 
f 515//509 513//507 517//511 
f 516//510 519//513 520//514 
f 519//513 521//515 520//514 
f 521//515 518//512 520//514 
f 518//512 516//510 520//514 
f 519//513 522//516 523//517 
f 522//516 524//518 523//517 
f 524//518 521//515 523//517 
f 521//515 519//513 523//517 
f 522//516 525//519 526//520 
f 525//519 527//521 526//520 
f 527//521 524//518 526//520 
f 524//518 522//516 526//520 
f 525//519 528//522 529//523 
f 528//522 530//524 529//523 
f 530//524 527//521 529//523 
f 527//521 525//519 529//523 
f 528//522 531//525 532//526 
f 531//525 533//527 532//526 
f 533//527 530//524 532//526 
f 530//524 528//522 532//526 
f 531//525 534//528 535//529 
f 534//528 536//530 535//529 
f 536//530 533//527 535//529 
f 533//527 531//525 535//529 
f 534//528 537//531 538//532 
f 537//531 539//533 538//532 
f 539//533 536//530 538//532 
f 536//530 534//528 538//532 
f 537//531 540//534 541//535 
f 540//534 542//536 541//535 
f 542//536 539//533 541//535 
f 539//533 537//531 541//535 
f 540//534 543//537 544//538 
f 543//537 545//539 544//538 
f 545//539 542//536 544//538 
f 542//536 540//534 544//538 
f 543//537 546//540 547//541 
f 546//540 548//542 547//541 
f 548//542 545//539 547//541 
f 545//539 543//537 547//541 
f 546//540 549//543 550//544 
f 549//543 551//545 550//544 
f 551//545 548//542 550//544 
f 548//542 546//540 550//544 
f 549//543 552//546 553//547 
f 552//546 554//548 553//547 
f 554//548 551//545 553//547 
f 551//545 549//543 553//547 
f 552//546 555//549 556//550 
f 555//549 557//551 556//550 
f 557//551 554//548 556//550 
f 554//548 552//546 556//550 
f 555//549 558//552 559//553 
f 558//552 560//554 559//553 
f 560//554 557//551 559//553 
f 557//551 555//549 559//553 
f 558//552 561//555 562//556 
f 561//555 563//557 562//556 
f 563//557 560//554 562//556 
f 560//554 558//552 562//556 
f 561//555 564//558 565//559 
f 564//558 566//560 565//559 
f 566//560 563//557 565//559 
f 563//557 561//555 565//559 
f 564//558 567//561 568//562 
f 567//561 569//563 568//562 
f 569//563 566//560 568//562 
f 566//560 564//558 568//562 
f 567//561 570//564 571//565 
f 570//564 572//566 571//565 
f 572//566 569//563 571//565 
f 569//563 567//561 571//565 
f 570//564 573//567 574//568 
f 573//567 575//569 574//568 
f 575//569 572//566 574//568 
f 572//566 570//564 574//568 
f 573//567 576//570 577//571 
f 576//570 578//572 577//571 
f 578//572 575//569 577//571 
f 575//569 573//567 577//571 
f 576//570 579//573 580//574 
f 579//573 581//575 580//574 
f 581//575 578//572 580//574 
f 578//572 576//570 580//574 
f 579//573 582//576 583//577 
f 582//576 584//578 583//577 
f 584//578 581//575 583//577 
f 581//575 579//573 583//577 
f 582//576 585//579 586//580 
f 585//579 587//581 586//580 
f 587//581 584//578 586//580 
f 584//578 582//576 586//580 
f 585//579 588//582 589//583 
f 588//582 590//584 589//583 
f 590//584 587//581 589//583 
f 587//581 585//579 589//583 
f 588//582 591//585 592//586 
f 591//585 593//587 592//586 
f 593//587 590//584 592//586 
f 590//584 588//582 592//586 
f 591//585 594//588 595//589 
f 594//588 596//590 595//589 
f 596//590 593//587 595//589 
f 593//587 591//585 595//589 
f 594//588 597//591 598//455 
f 597//591 599//592 598//455 
f 599//592 596//590 598//455 
f 596//590 594//588 598//455 
f 597//591 600//593 601//594 
f 600//593 602//595 601//594 
f 602//595 599//592 601//594 
f 599//592 597//591 601//594 
f 600//593 603//596 604//597 
f 603//596 605//598 604//597 
f 605//598 602//595 604//597 
f 602//595 600//593 604//597 
f 603//596 606//599 607//600 
f 606//599 608//601 607//600 
f 608//601 605//598 607//600 
f 605//598 603//596 607//600 
f 606//599 609//602 610//603 
f 609//602 611//604 610//603 
f 611//604 608//601 610//603 
f 608//601 606//599 610//603 
s 4
f 609//602 612//605 613//606 
f 612//605 614//607 613//606 
f 614//607 611//604 613//606 
f 611//604 609//602 613//606 
f 612//605 615//608 616//609 
f 615//608 617//610 616//609 
f 617//610 614//607 616//609 
f 614//607 612//605 616//609 
f 615//608 618//611 619//612 
f 618//611 620//613 619//612 
f 620//613 617//610 619//612 
f 617//610 615//608 619//612 
f 618//611 621//614 622//615 
f 621//614 623//616 622//615 
f 623//616 620//613 622//615 
f 620//613 618//611 622//615 
f 621//614 624//617 625//618 
f 624//617 626//619 625//618 
f 626//619 623//616 625//618 
f 623//616 621//614 625//618 
f 624//617 627//620 628//621 
f 627//620 629//622 628//621 
f 629//622 626//619 628//621 
f 626//619 624//617 628//621 
f 627//620 630//623 631//624 
f 630//623 632//625 631//624 
f 632//625 629//622 631//624 
f 629//622 627//620 631//624 
f 630//623 633//626 634//627 
f 633//626 635//628 634//627 
f 635//628 632//625 634//627 
f 632//625 630//623 634//627 
f 633//626 636//629 637//630 
f 636//629 638//631 637//630 
f 638//631 635//628 637//630 
f 635//628 633//626 637//630 
f 636//629 639//632 640//633 
f 639//632 641//634 640//633 
f 641//634 638//631 640//633 
f 638//631 636//629 640//633 
f 639//632 642//635 643//636 
f 642//635 644//637 643//636 
f 644//637 641//634 643//636 
f 641//634 639//632 643//636 
f 642//635 645//638 646//639 
f 645//638 647//640 646//639 
f 647//640 644//637 646//639 
f 644//637 642//635 646//639 
f 645//638 648//641 649//642 
f 648//641 650//643 649//642 
f 650//643 647//640 649//642 
f 647//640 645//638 649//642 
f 648//641 651//644 652//645 
f 651//644 653//646 652//645 
f 653//646 650//643 652//645 
f 650//643 648//641 652//645 
f 651//644 654//647 655//648 
f 654//647 656//649 655//648 
f 656//649 653//646 655//648 
f 653//646 651//644 655//648 
f 654//647 657//650 658//651 
f 657//650 659//652 658//651 
f 659//652 656//649 658//651 
f 656//649 654//647 658//651 
f 657//650 660//653 661//654 
f 660//653 662//655 661//654 
f 662//655 659//652 661//654 
f 659//652 657//650 661//654 
f 660//653 663//656 664//657 
f 663//656 665//658 664//657 
f 665//658 662//655 664//657 
f 662//655 660//653 664//657 
s 3
f 663//656 1//1 666//659 
f 1//1 5//5 666//659 
f 5//5 665//658 666//659 
f 665//658 663//656 666//659 
s 1
f 667//660 668//661 669//662 
f 668//661 670//663 669//662 
f 670//663 671//664 669//662 
f 671//664 667//660 669//662 
s 3
f 668//661 672//665 673//666 
f 672//665 674//667 673//666 
f 674//667 670//663 673//666 
f 670//663 668//661 673//666 
s 2
f 672//665 675//668 676//669 
f 675//668 677//670 676//669 
f 677//670 674//667 676//669 
f 674//667 672//665 676//669 
f 675//668 678//671 679//672 
f 678//671 680//673 679//672 
f 680//673 677//670 679//672 
f 677//670 675//668 679//672 
f 678//671 681//674 682//675 
f 681//674 683//676 682//675 
f 683//676 680//673 682//675 
f 680//673 678//671 682//675 
f 681//674 684//677 685//678 
f 684//677 686//679 685//678 
f 686//679 683//676 685//678 
f 683//676 681//674 685//678 
f 684//677 687//680 688//681 
f 687//680 689//682 688//681 
f 689//682 686//679 688//681 
f 686//679 684//677 688//681 
f 687//680 690//683 691//684 
f 690//683 692//685 691//684 
f 692//685 689//682 691//684 
f 689//682 687//680 691//684 
f 690//683 693//686 694//687 
f 693//686 695//688 694//687 
f 695//688 692//685 694//687 
f 692//685 690//683 694//687 
f 693//686 696//689 697//690 
f 696//689 698//691 697//690 
f 698//691 695//688 697//690 
f 695//688 693//686 697//690 
f 696//689 699//692 700//693 
f 699//692 701//694 700//693 
f 701//694 698//691 700//693 
f 698//691 696//689 700//693 
f 699//692 702//695 703//696 
f 702//695 704//697 703//696 
f 704//697 701//694 703//696 
f 701//694 699//692 703//696 
f 702//695 705//698 706//699 
f 705//698 707//700 706//699 
f 707//700 704//697 706//699 
f 704//697 702//695 706//699 
f 705//698 708//701 709//702 
f 708//701 710//703 709//702 
f 710//703 707//700 709//702 
f 707//700 705//698 709//702 
f 708//701 711//704 712//705 
f 711//704 713//706 712//705 
f 713//706 710//703 712//705 
f 710//703 708//701 712//705 
f 711//704 714//707 715//708 
f 714//707 716//709 715//708 
f 716//709 713//706 715//708 
f 713//706 711//704 715//708 
f 714//707 717//710 718//711 
f 717//710 719//712 718//711 
f 719//712 716//709 718//711 
f 716//709 714//707 718//711 
f 717//710 720//713 721//714 
f 720//713 722//715 721//714 
f 722//715 719//712 721//714 
f 719//712 717//710 721//714 
f 720//713 723//716 724//717 
f 723//716 725//718 724//717 
f 725//718 722//715 724//717 
f 722//715 720//713 724//717 
f 723//716 726//719 727//720 
f 726//719 728//721 727//720 
f 728//721 725//718 727//720 
f 725//718 723//716 727//720 
f 726//719 729//722 730//723 
f 729//722 731//724 730//723 
f 731//724 728//721 730//723 
f 728//721 726//719 730//723 
f 729//722 732//725 733//726 
f 732//725 734//727 733//726 
f 734//727 731//724 733//726 
f 731//724 729//722 733//726 
f 732//725 735//728 736//729 
f 735//728 737//730 736//729 
f 737//730 734//727 736//729 
f 734//727 732//725 736//729 
f 735//728 738//731 739//732 
f 738//731 740//733 739//732 
f 740//733 737//730 739//732 
f 737//730 735//728 739//732 
f 738//731 741//734 742//735 
f 741//734 743//736 742//735 
f 743//736 740//733 742//735 
f 740//733 738//731 742//735 
f 741//734 744//737 745//738 
f 744//737 746//739 745//738 
f 746//739 743//736 745//738 
f 743//736 741//734 745//738 
f 744//737 747//740 748//741 
f 747//740 749//742 748//741 
f 749//742 746//739 748//741 
f 746//739 744//737 748//741 
f 747//740 750//743 751//744 
f 750//743 752//745 751//744 
f 752//745 749//742 751//744 
f 749//742 747//740 751//744 
f 750//743 753//746 754//747 
f 753//746 755//748 754//747 
f 755//748 752//745 754//747 
f 752//745 750//743 754//747 
f 753//746 756//749 757//750 
f 756//749 758//751 757//750 
f 758//751 755//748 757//750 
f 755//748 753//746 757//750 
f 756//749 759//752 760//753 
f 759//752 761//754 760//753 
f 761//754 758//751 760//753 
f 758//751 756//749 760//753 
f 759//752 762//755 763//756 
f 762//755 764//757 763//756 
f 764//757 761//754 763//756 
f 761//754 759//752 763//756 
f 762//755 765//758 766//759 
f 765//758 767//760 766//759 
f 767//760 764//757 766//759 
f 764//757 762//755 766//759 
f 765//758 768//761 769//762 
f 768//761 770//763 769//762 
f 770//763 767//760 769//762 
f 767//760 765//758 769//762 
f 768//761 771//764 772//765 
f 771//764 773//766 772//765 
f 773//766 770//763 772//765 
f 770//763 768//761 772//765 
s 3
f 771//764 667//660 774//767 
f 667//660 671//664 774//767 
f 671//664 773//766 774//767 
f 773//766 771//764 774//767 
s 16
f 36//36 33//33 775//768 
f 33//33 2//2 775//768 
f 2//2 1//1 775//768 
f 1//1 36//36 775//768 
f 611//604 776//769 767//760 777//769 
f 767//760 770//763 777//769 
f 770//763 611//604 777//769 
f 342//337 339//334 778//768 
f 339//334 93//93 778//768 
f 93//93 90//90 778//768 
f 90//90 342//337 778//768 
f 33//33 30//30 779//768 
f 30//30 6//6 779//768 
f 6//6 2//2 779//768 
f 2//2 33//33 779//768 
f 1//1 663//656 780//768 
f 663//656 36//36 780//768 
f 36//36 1//1 780//768 
f 663//656 660//653 781//768 
f 660//653 447//442 781//768 
f 447//442 36//36 781//768 
f 36//36 663//656 781//768 
f 660//653 657//650 782//768 
f 657//650 450//445 782//768 
f 450//445 447//442 782//768 
f 447//442 660//653 782//768 
f 657//650 654//647 783//768 
f 654//647 453//448 783//768 
f 453//448 450//445 783//768 
f 450//445 657//650 783//768 
f 654//647 651//644 784//768 
f 651//644 456//451 784//768 
f 456//451 453//448 784//768 
f 453//448 654//647 784//768 
f 651//644 648//641 785//768 
f 648//641 459//454 785//768 
f 459//454 456//451 785//768 
f 456//451 651//644 785//768 
f 648//641 645//638 786//768 
f 645//638 462//457 786//768 
f 462//457 459//454 786//768 
f 459//454 648//641 786//768 
f 645//638 642//635 787//768 
f 642//635 465//460 787//768 
f 465//460 462//457 787//768 
f 462//457 645//638 787//768 
f 642//635 639//632 788//768 
f 639//632 471//466 788//768 
f 471//466 468//463 788//768 
f 468//463 465//460 788//768 
f 465//460 642//635 788//768 
f 639//632 636//629 789//768 
f 636//629 474//469 789//768 
f 474//469 471//466 789//768 
f 471//466 639//632 789//768 
f 636//629 633//626 790//768 
f 633//626 480//475 790//768 
f 480//475 477//472 790//768 
f 477//472 474//469 790//768 
f 474//469 636//629 790//768 
f 633//626 630//623 791//768 
f 630//623 486//481 791//768 
f 486//481 483//478 791//768 
f 483//478 480//475 791//768 
f 480//475 633//626 791//768 
f 630//623 627//620 792//768 
f 627//620 489//484 792//768 
f 489//484 486//481 792//768 
f 486//481 630//623 792//768 
f 627//620 624//617 793//768 
f 624//617 495//490 793//768 
f 495//490 492//487 793//768 
f 492//487 489//484 793//768 
f 489//484 627//620 793//768 
f 624//617 621//614 794//768 
f 621//614 501//496 794//768 
f 501//496 498//493 794//768 
f 498//493 495//490 794//768 
f 495//490 624//617 794//768 
f 621//614 618//611 795//768 
f 618//611 501//496 795//768 
f 501//496 621//614 795//768 
f 618//611 615//608 796//768 
f 615//608 501//496 796//768 
f 501//496 618//611 796//768 
f 615//608 612//605 797//768 
f 612//605 501//496 797//768 
f 501//496 615//608 797//768 
f 612//605 609//602 798//768 
f 765//758 762//755 798//768 
f 762//755 501//496 798//768 
f 501//496 612//605 798//768 
f 762//755 759//752 799//768 
f 759//752 501//496 799//768 
f 501//496 762//755 799//768 
f 759//752 756//749 800//768 
f 756//749 501//496 800//768 
f 501//496 759//752 800//768 
f 756//749 753//746 801//768 
f 753//746 501//496 801//768 
f 501//496 756//749 801//768 
f 753//746 750//743 802//768 
f 750//743 501//496 802//768 
f 501//496 753//746 802//768 
f 750//743 747//740 803//768 
f 747//740 501//496 803//768 
f 501//496 750//743 803//768 
f 747//740 744//737 804//768 
f 744//737 531//525 804//768 
f 531//525 528//522 804//768 
f 528//522 525//519 804//768 
f 525//519 522//516 804//768 
f 522//516 519//513 804//768 
f 519//513 516//510 804//768 
f 516//510 513//507 804//768 
f 513//507 510//504 804//768 
f 510//504 507//501 804//768 
f 507//501 504//499 804//768 
f 504//499 501//496 804//768 
f 501//496 747//740 804//768 
f 744//737 741//734 805//768 
f 741//734 534//528 805//768 
f 534//528 531//525 805//768 
f 531//525 744//737 805//768 
f 741//734 738//731 806//768 
f 738//731 537//531 806//768 
f 537//531 534//528 806//768 
f 534//528 741//734 806//768 
f 738//731 735//728 807//768 
f 735//728 540//534 807//768 
f 540//534 537//531 807//768 
f 537//531 738//731 807//768 
f 735//728 732//725 808//768 
f 732//725 540//534 808//768 
f 540//534 735//728 808//768 
f 732//725 729//722 809//768 
f 729//722 543//537 809//768 
f 543//537 540//534 809//768 
f 540//534 732//725 809//768 
f 729//722 726//719 810//768 
f 726//719 546//540 810//768 
f 546//540 543//537 810//768 
f 543//537 729//722 810//768 
f 726//719 723//716 811//768 
f 723//716 549//543 811//768 
f 549//543 546//540 811//768 
f 546//540 726//719 811//768 
f 723//716 720//713 812//768 
f 720//713 552//546 812//768 
f 552//546 549//543 812//768 
f 549//543 723//716 812//768 
f 720//713 717//710 813//768 
f 717//710 555//549 813//768 
f 555//549 552//546 813//768 
f 552//546 720//713 813//768 
f 717//710 714//707 814//768 
f 714//707 558//552 814//768 
f 558//552 555//549 814//768 
f 555//549 717//710 814//768 
f 714//707 711//704 815//768 
f 711//704 561//555 815//768 
f 561//555 558//552 815//768 
f 558//552 714//707 815//768 
f 711//704 708//701 816//768 
f 708//701 564//558 816//768 
f 564//558 561//555 816//768 
f 561//555 711//704 816//768 
f 708//701 705//698 817//768 
f 705//698 567//561 817//768 
f 567//561 564//558 817//768 
f 564//558 708//701 817//768 
f 705//698 702//695 818//768 
f 702//695 570//564 818//768 
f 570//564 567//561 818//768 
f 567//561 705//698 818//768 
f 702//695 699//692 819//768 
f 699//692 573//567 819//768 
f 573//567 570//564 819//768 
f 570//564 702//695 819//768 
f 699//692 696//689 820//768 
f 696//689 576//570 820//768 
f 576//570 573//567 820//768 
f 573//567 699//692 820//768 
f 696//689 693//686 821//768 
f 693//686 579//573 821//768 
f 579//573 576//570 821//768 
f 576//570 696//689 821//768 
f 693//686 690//683 822//768 
f 690//683 582//576 822//768 
f 582//576 579//573 822//768 
f 579//573 693//686 822//768 
f 690//683 687//680 823//768 
f 687//680 585//579 823//768 
f 585//579 582//576 823//768 
f 582//576 690//683 823//768 
f 687//680 684//677 824//768 
f 684//677 588//582 824//768 
f 588//582 585//579 824//768 
f 585//579 687//680 824//768 
f 684//677 681//674 825//768 
f 681//674 591//585 825//768 
f 591//585 588//582 825//768 
f 588//582 684//677 825//768 
f 681//674 678//671 826//768 
f 678//671 594//588 826//768 
f 594//588 591//585 826//768 
f 591//585 681//674 826//768 
f 678//671 675//668 827//768 
f 675//668 597//591 827//768 
f 597//591 594//588 827//768 
f 594//588 678//671 827//768 
f 675//668 672//665 828//768 
f 672//665 600//593 828//768 
f 600//593 597//591 828//768 
f 597//591 675//668 828//768 
f 672//665 668//661 829//768 
f 668//661 603//596 829//768 
f 603//596 600//593 829//768 
f 600//593 672//665 829//768 
f 668//661 667//660 830//768 
f 667//660 606//599 830//768 
f 606//599 603//596 830//768 
f 603//596 668//661 830//768 
f 667//660 771//764 831//768 
f 771//764 606//599 831//768 
f 606//599 667//660 831//768 
f 771//764 768//761 832//768 
f 768//761 609//602 832//768 
f 609//602 606//599 832//768 
f 606//599 771//764 832//768 
f 768//761 765//758 833//768 
f 765//758 798//768 609//602 833//768 
f 609//602 768//761 833//768 
f 30//30 27//27 834//768 
f 27//27 12//12 834//768 
f 12//12 9//9 834//768 
f 9//9 30//30 834//768 
f 27//27 24//24 835//768 
f 24//24 21//21 835//768 
f 21//21 27//27 835//768 
f 9//9 6//6 836//768 
f 6//6 30//30 836//768 
f 30//30 9//9 836//768 
f 21//21 18//18 837//768 
f 18//18 27//27 837//768 
f 27//27 21//21 837//768 
f 18//18 15//15 838//768 
f 15//15 27//27 838//768 
f 27//27 18//18 838//768 
f 15//15 12//12 839//768 
f 12//12 27//27 839//768 
f 27//27 15//15 839//768 
f 339//334 336//331 840//768 
f 336//331 96//96 840//768 
f 96//96 93//93 840//768 
f 93//93 339//334 840//768 
f 90//90 87//87 841//768 
f 87//87 345//340 841//768 
f 345//340 342//337 841//768 
f 342//337 90//90 841//768 
f 87//87 84//84 842//768 
f 84//84 348//343 842//768 
f 348//343 345//340 842//768 
f 345//340 87//87 842//768 
f 84//84 81//81 843//768 
f 81//81 354//349 843//768 
f 354//349 351//346 843//768 
f 351//346 348//343 843//768 
f 348//343 84//84 843//768 
f 81//81 78//78 844//768 
f 78//78 366//361 844//768 
f 366//361 363//358 844//768 
f 363//358 360//355 844//768 
f 360//355 357//352 844//768 
f 357//352 354//349 844//768 
f 354//349 81//81 844//768 
f 78//78 75//75 845//768 
f 75//75 372//367 845//768 
f 372//367 369//364 845//768 
f 369//364 366//361 845//768 
f 366//361 78//78 845//768 
f 75//75 72//72 846//768 
f 72//72 375//370 846//768 
f 375//370 372//367 846//768 
f 372//367 75//75 846//768 
f 72//72 69//69 847//768 
f 69//69 381//376 847//768 
f 381//376 378//373 847//768 
f 378//373 375//370 847//768 
f 375//370 72//72 847//768 
f 69//69 66//66 848//768 
f 66//66 390//385 848//768 
f 390//385 387//382 848//768 
f 387//382 384//379 848//768 
f 384//379 381//376 848//768 
f 381//376 69//69 848//768 
f 66//66 63//63 849//768 
f 63//63 396//391 849//768 
f 396//391 393//388 849//768 
f 393//388 390//385 849//768 
f 390//385 66//66 849//768 
f 63//63 60//60 850//768 
f 60//60 405//400 850//768 
f 405//400 402//397 850//768 
f 402//397 399//394 850//768 
f 399//394 396//391 850//768 
f 396//391 63//63 850//768 
f 60//60 57//57 851//768 
f 57//57 414//409 851//768 
f 414//409 411//406 851//768 
f 411//406 408//403 851//768 
f 408//403 405//400 851//768 
f 405//400 60//60 851//768 
f 57//57 54//54 852//768 
f 54//54 423//418 852//768 
f 423//418 420//415 852//768 
f 420//415 417//412 852//768 
f 417//412 414//409 852//768 
f 414//409 57//57 852//768 
f 54//54 51//51 853//768 
f 51//51 429//424 853//768 
f 429//424 426//421 853//768 
f 426//421 423//418 853//768 
f 423//418 54//54 853//768 
f 51//51 48//48 854//768 
f 48//48 438//433 854//768 
f 438//433 435//430 854//768 
f 435//430 432//427 854//768 
f 432//427 429//424 854//768 
f 429//424 51//51 854//768 
f 48//48 45//45 855//768 
f 45//45 444//439 855//768 
f 444//439 441//436 855//768 
f 441//436 438//433 855//768 
f 438//433 48//48 855//768 
f 45//45 42//42 856//768 
f 42//42 447//442 856//768 
f 447//442 444//439 856//768 
f 444//439 45//45 856//768 
f 42//42 39//39 857//768 
f 39//39 447//442 857//768 
f 447//442 42//42 857//768 
f 39//39 36//36 858//768 
f 36//36 447//442 858//768 
f 447//442 39//39 858//768 
f 336//331 333//328 859//768 
f 333//328 96//96 859//768 
f 96//96 336//331 859//768 
f 333//328 330//325 860//768 
f 330//325 99//99 860//768 
f 99//99 96//96 860//768 
f 96//96 333//328 860//768 
f 330//325 327//322 861//768 
f 327//322 99//99 861//768 
f 99//99 330//325 861//768 
f 327//322 324//319 862//768 
f 324//319 102//102 862//768 
f 102//102 99//99 862//768 
f 99//99 327//322 862//768 
f 324//319 321//316 863//768 
f 321//316 102//102 863//768 
f 102//102 324//319 863//768 
f 321//316 318//313 864//768 
f 318//313 105//105 864//768 
f 105//105 102//102 864//768 
f 102//102 321//316 864//768 
f 318//313 315//310 865//768 
f 315//310 105//105 865//768 
f 105//105 318//313 865//768 
f 315//310 312//308 866//768 
f 312//308 114//114 866//768 
f 114//114 111//111 866//768 
f 111//111 108//108 866//768 
f 108//108 105//105 866//768 
f 105//105 315//310 866//768 
f 312//308 309//305 867//768 
f 309//305 132//132 867//768 
f 132//132 129//129 867//768 
f 129//129 126//126 867//768 
f 126//126 123//123 867//768 
f 123//123 120//120 867//768 
f 120//120 117//117 867//768 
f 117//117 114//114 867//768 
f 114//114 312//308 867//768 
f 228//224 225//222 868//768 
f 225//222 222//135 868//768 
f 222//135 219//219 868//768 
f 219//219 228//224 868//768 
f 309//305 162//162 869//768 
f 162//162 159//159 869//768 
f 159//159 132//132 869//768 
f 132//132 309//305 869//768 
f 159//159 156//156 870//768 
f 156//156 132//132 870//768 
f 132//132 159//159 870//768 
f 156//156 153//153 871//768 
f 153//153 132//132 871//768 
f 132//132 156//156 871//768 
f 153//153 150//150 872//768 
f 150//150 132//132 872//768 
f 132//132 153//153 872//768 
f 150//150 147//147 873//768 
f 147//147 132//132 873//768 
f 132//132 150//150 873//768 
f 147//147 144//144 874//768 
f 144//144 132//132 874//768 
f 132//132 147//147 874//768 
f 144//144 141//141 875//768 
f 141//141 132//132 875//768 
f 132//132 144//144 875//768 
f 141//141 138//138 876//768 
f 138//138 135//135 876//768 
f 135//135 132//132 876//768 
f 132//132 141//141 876//768 
f 219//219 216//216 877//768 
f 216//216 228//224 877//768 
f 228//224 219//219 877//768 
f 216//216 213//213 878//768 
f 213//213 228//224 878//768 
f 228//224 216//216 878//768 
f 213//213 210//210 879//768 
f 210//210 231//227 879//768 
f 231//227 228//224 879//768 
f 228//224 213//213 879//768 
f 210//210 207//207 880//768 
f 207//207 234//230 880//768 
f 234//230 231//227 880//768 
f 231//227 210//210 880//768 
f 207//207 204//204 881//768 
f 204//204 237//233 881//768 
f 237//233 234//230 881//768 
f 234//230 207//207 881//768 
f 204//204 201//201 882//768 
f 201//201 243//239 882//768 
f 243//239 240//236 882//768 
f 240//236 237//233 882//768 
f 237//233 204//204 882//768 
f 201//201 198//198 883//768 
f 198//198 252//248 883//768 
f 252//248 249//245 883//768 
f 249//245 246//242 883//768 
f 246//242 243//239 883//768 
f 243//239 201//201 883//768 
f 198//198 195//195 884//768 
f 195//195 255//251 884//768 
f 255//251 252//248 884//768 
f 252//248 198//198 884//768 
f 195//195 192//192 885//768 
f 192//192 261//257 885//768 
f 261//257 258//254 885//768 
f 258//254 255//251 885//768 
f 255//251 195//195 885//768 
f 192//192 189//189 886//768 
f 189//189 267//263 886//768 
f 267//263 264//260 886//768 
f 264//260 261//257 886//768 
f 261//257 192//192 886//768 
f 189//189 186//186 887//768 
f 186//186 270//266 887//768 
f 270//266 267//263 887//768 
f 267//263 189//189 887//768 
f 186//186 183//183 888//768 
f 183//183 273//269 888//768 
f 273//269 270//266 888//768 
f 270//266 186//186 888//768 
f 183//183 180//180 889//768 
f 180//180 279//275 889//768 
f 279//275 276//272 889//768 
f 276//272 273//269 889//768 
f 273//269 183//183 889//768 
f 180//180 177//177 890//768 
f 177//177 282//278 890//768 
f 282//278 279//275 890//768 
f 279//275 180//180 890//768 
f 177//177 174//174 891//768 
f 174//174 285//281 891//768 
f 285//281 282//278 891//768 
f 282//278 177//177 891//768 
f 174//174 171//171 892//768 
f 171//171 288//284 892//768 
f 288//284 285//281 892//768 
f 285//281 174//174 892//768 
f 171//171 168//168 893//768 
f 168//168 291//287 893//768 
f 291//287 288//284 893//768 
f 288//284 171//171 893//768 
f 168//168 165//165 894//768 
f 165//165 300//296 894//768 
f 300//296 297//293 894//768 
f 297//293 294//290 894//768 
f 294//290 291//287 894//768 
f 291//287 168//168 894//768 
f 165//165 162//162 895//768 
f 162//162 309//305 895//768 
f 309//305 306//302 895//768 
f 306//302 303//299 895//768 
f 303//299 300//296 895//768 
f 300//296 165//165 895//768 
f 770//763 773//766 896//769 
f 773//766 608//601 896//769 
f 608//601 611//604 896//769 
f 611//604 770//763 896//769 
f 773//766 671//664 897//769 
f 671//664 608//601 897//769 
f 608//601 773//766 897//769 
f 671//664 670//663 898//769 
f 670//663 605//598 898//769 
f 605//598 608//601 898//769 
f 608//601 671//664 898//769 
f 670//663 674//667 899//769 
f 674//667 602//595 899//769 
f 602//595 605//598 899//769 
f 605//598 670//663 899//769 
f 674//667 677//670 900//769 
f 677//670 599//592 900//769 
f 599//592 602//595 900//769 
f 602//595 674//667 900//769 
f 677//670 680//673 901//769 
f 680//673 596//590 901//769 
f 596//590 599//592 901//769 
f 599//592 677//670 901//769 
f 680//673 683//676 902//769 
f 683//676 593//587 902//769 
f 593//587 596//590 902//769 
f 596//590 680//673 902//769 
f 683//676 686//679 903//769 
f 686//679 590//584 903//769 
f 590//584 593//587 903//769 
f 593//587 683//676 903//769 
f 686//679 689//682 904//769 
f 689//682 587//581 904//769 
f 587//581 590//584 904//769 
f 590//584 686//679 904//769 
f 689//682 692//685 905//769 
f 692//685 584//578 905//769 
f 584//578 587//581 905//769 
f 587//581 689//682 905//769 
f 692//685 695//688 906//769 
f 695//688 581//575 906//769 
f 581//575 584//578 906//769 
f 584//578 692//685 906//769 
f 695//688 698//691 907//769 
f 698//691 578//572 907//769 
f 578//572 581//575 907//769 
f 581//575 695//688 907//769 
f 698//691 701//694 908//769 
f 701//694 575//569 908//769 
f 575//569 578//572 908//769 
f 578//572 698//691 908//769 
f 701//694 704//697 909//769 
f 704//697 572//566 909//769 
f 572//566 575//569 909//769 
f 575//569 701//694 909//769 
f 704//697 707//700 910//769 
f 707//700 569//563 910//769 
f 569//563 572//566 910//769 
f 572//566 704//697 910//769 
f 707//700 710//703 911//769 
f 710//703 566//560 911//769 
f 566//560 569//563 911//769 
f 569//563 707//700 911//769 
f 710//703 713//706 912//769 
f 713//706 563//557 912//769 
f 563//557 566//560 912//769 
f 566//560 710//703 912//769 
f 713//706 716//709 913//769 
f 716//709 560//554 913//769 
f 560//554 563//557 913//769 
f 563//557 713//706 913//769 
f 716//709 719//712 914//769 
f 719//712 557//551 914//769 
f 557//551 560//554 914//769 
f 560//554 716//709 914//769 
f 719//712 722//715 915//769 
f 722//715 554//548 915//769 
f 554//548 557//551 915//769 
f 557//551 719//712 915//769 
f 722//715 725//718 916//769 
f 725//718 551//545 916//769 
f 551//545 554//548 916//769 
f 554//548 722//715 916//769 
f 725//718 728//721 917//769 
f 728//721 548//542 917//769 
f 548//542 551//545 917//769 
f 551//545 725//718 917//769 
f 728//721 731//724 918//769 
f 731//724 545//539 918//769 
f 545//539 548//542 918//769 
f 548//542 728//721 918//769 
f 731//724 734//727 919//769 
f 734//727 542//536 919//769 
f 542//536 545//539 919//769 
f 545//539 731//724 919//769 
f 734//727 737//730 920//769 
f 737//730 542//536 920//769 
f 542//536 734//727 920//769 
f 737//730 740//733 921//769 
f 740//733 539//533 921//769 
f 539//533 542//536 921//769 
f 542//536 737//730 921//769 
f 740//733 743//736 922//769 
f 743//736 536//530 922//769 
f 536//530 539//533 922//769 
f 539//533 740//733 922//769 
f 743//736 746//739 923//769 
f 746//739 533//527 923//769 
f 533//527 536//530 923//769 
f 536//530 743//736 923//769 
f 746//739 749//742 924//769 
f 749//742 503//498 924//769 
f 503//498 506//500 924//769 
f 506//500 509//503 924//769 
f 509//503 512//506 924//769 
f 512//506 515//509 924//769 
f 515//509 518//512 924//769 
f 518//512 521//515 924//769 
f 521//515 524//518 924//769 
f 524//518 527//521 924//769 
f 527//521 530//524 924//769 
f 530//524 533//527 924//769 
f 533//527 746//739 924//769 
f 749//742 752//745 925//769 
f 752//745 503//498 925//769 
f 503//498 749//742 925//769 
f 752//745 755//748 926//769 
f 755//748 503//498 926//769 
f 503//498 752//745 926//769 
f 755//748 758//751 927//769 
f 758//751 503//498 927//769 
f 503//498 755//748 927//769 
f 758//751 761//754 928//769 
f 761//754 503//498 928//769 
f 503//498 758//751 928//769 
f 761//754 764//757 929//769 
f 764//757 503//498 929//769 
f 503//498 761//754 929//769 
f 764//757 767//760 776//769 
f 611//604 614//607 776//769 
f 614//607 503//498 776//769 
f 503//498 764//757 776//769 
f 614//607 617//610 930//769 
f 617//610 503//498 930//769 
f 503//498 614//607 930//769 
f 617//610 620//613 931//769 
f 620//613 503//498 931//769 
f 503//498 617//610 931//769 
f 620//613 623//616 932//769 
f 623//616 503//498 932//769 
f 503//498 620//613 932//769 
f 623//616 626//619 933//769 
f 626//619 497//492 933//769 
f 497//492 500//495 933//769 
f 500//495 503//498 933//769 
f 503//498 623//616 933//769 
f 626//619 629//622 934//769 
f 629//622 491//486 934//769 
f 491//486 494//489 934//769 
f 494//489 497//492 934//769 
f 497//492 626//619 934//769 
f 629//622 632//625 935//769 
f 632//625 488//483 935//769 
f 488//483 491//486 935//769 
f 491//486 629//622 935//769 
f 632//625 635//628 936//769 
f 635//628 482//477 936//769 
f 482//477 485//480 936//769 
f 485//480 488//483 936//769 
f 488//483 632//625 936//769 
f 635//628 638//631 937//769 
f 638//631 476//471 937//769 
f 476//471 479//474 937//769 
f 479//474 482//477 937//769 
f 482//477 635//628 937//769 
f 638//631 641//634 938//769 
f 641//634 473//468 938//769 
f 473//468 476//471 938//769 
f 476//471 638//631 938//769 
f 641//634 644//637 939//769 
f 644//637 467//462 939//769 
f 467//462 470//465 939//769 
f 470//465 473//468 939//769 
f 473//468 641//634 939//769 
f 644//637 647//640 940//769 
f 647//640 464//459 940//769 
f 464//459 467//462 940//769 
f 467//462 644//637 940//769 
f 647//640 650//643 941//769 
f 650//643 461//456 941//769 
f 461//456 464//459 941//769 
f 464//459 647//640 941//769 
f 650//643 653//646 942//769 
f 653//646 458//453 942//769 
f 458//453 461//456 942//769 
f 461//456 650//643 942//769 
f 653//646 656//649 943//769 
f 656//649 455//450 943//769 
f 455//450 458//453 943//769 
f 458//453 653//646 943//769 
f 656//649 659//652 944//769 
f 659//652 452//447 944//769 
f 452//447 455//450 944//769 
f 455//450 656//649 944//769 
f 659//652 662//655 945//769 
f 662//655 449//444 945//769 
f 449//444 452//447 945//769 
f 452//447 659//652 945//769 
f 662//655 665//658 946//769 
f 665//658 38//38 946//769 
f 38//38 41//41 946//769 
f 41//41 449//444 946//769 
f 449//444 662//655 946//769 
f 665//658 5//5 947//769 
f 5//5 38//38 947//769 
f 38//38 665//658 947//769 
f 41//41 44//44 948//769 
f 44//44 449//444 948//769 
f 449//444 41//41 948//769 
f 44//44 47//47 949//769 
f 47//47 446//441 949//769 
f 446//441 449//444 949//769 
f 449//444 44//44 949//769 
f 47//47 50//50 950//769 
f 50//50 440//435 950//769 
f 440//435 443//438 950//769 
f 443//438 446//441 950//769 
f 446//441 47//47 950//769 
f 50//50 53//53 951//769 
f 53//53 431//426 951//769 
f 431//426 434//429 951//769 
f 434//429 437//432 951//769 
f 437//432 440//435 951//769 
f 440//435 50//50 951//769 
f 53//53 56//56 952//769 
f 56//56 425//420 952//769 
f 425//420 428//423 952//769 
f 428//423 431//426 952//769 
f 431//426 53//53 952//769 
f 56//56 59//59 953//769 
f 59//59 416//411 953//769 
f 416//411 419//414 953//769 
f 419//414 422//417 953//769 
f 422//417 425//420 953//769 
f 425//420 56//56 953//769 
f 59//59 62//62 954//769 
f 62//62 407//402 954//769 
f 407//402 410//405 954//769 
f 410//405 413//408 954//769 
f 413//408 416//411 954//769 
f 416//411 59//59 954//769 
f 62//62 65//65 955//769 
f 65//65 398//393 955//769 
f 398//393 401//396 955//769 
f 401//396 404//399 955//769 
f 404//399 407//402 955//769 
f 407//402 62//62 955//769 
f 65//65 68//68 956//769 
f 68//68 392//387 956//769 
f 392//387 395//390 956//769 
f 395//390 398//393 956//769 
f 398//393 65//65 956//769 
f 68//68 71//71 957//769 
f 71//71 383//378 957//769 
f 383//378 386//381 957//769 
f 386//381 389//384 957//769 
f 389//384 392//387 957//769 
f 392//387 68//68 957//769 
f 71//71 74//74 958//769 
f 74//74 377//372 958//769 
f 377//372 380//375 958//769 
f 380//375 383//378 958//769 
f 383//378 71//71 958//769 
f 74//74 77//77 959//769 
f 77//77 374//369 959//769 
f 374//369 377//372 959//769 
f 377//372 74//74 959//769 
f 77//77 80//80 960//769 
f 80//80 368//363 960//769 
f 368//363 371//366 960//769 
f 371//366 374//369 960//769 
f 374//369 77//77 960//769 
f 80//80 83//83 961//769 
f 83//83 356//351 961//769 
f 356//351 359//354 961//769 
f 359//354 362//357 961//769 
f 362//357 365//360 961//769 
f 365//360 368//363 961//769 
f 368//363 80//80 961//769 
f 83//83 86//86 962//769 
f 86//86 350//345 962//769 
f 350//345 353//348 962//769 
f 353//348 356//351 962//769 
f 356//351 83//83 962//769 
f 86//86 89//89 963//769 
f 89//89 347//342 963//769 
f 347//342 350//345 963//769 
f 350//345 86//86 963//769 
f 89//89 92//92 964//769 
f 92//92 344//339 964//769 
f 344//339 347//342 964//769 
f 347//342 89//89 964//769 
f 95//95 338//333 965//769 
f 338//333 341//336 965//769 
f 341//336 95//95 965//769 
f 98//98 332//327 966//769 
f 332//327 335//330 966//769 
f 335//330 98//98 966//769 
f 341//336 344//339 967//769 
f 344//339 92//92 967//769 
f 92//92 95//95 967//769 
f 95//95 341//336 967//769 
f 101//101 326//321 968//769 
f 326//321 329//324 968//769 
f 329//324 101//101 968//769 
f 335//330 338//333 969//769 
f 338//333 95//95 969//769 
f 95//95 98//98 969//769 
f 98//98 335//330 969//769 
f 104//104 320//315 970//769 
f 320//315 323//318 970//769 
f 323//318 104//104 970//769 
f 329//324 332//327 971//769 
f 332//327 98//98 971//769 
f 98//98 101//101 971//769 
f 101//101 329//324 971//769 
f 134//134 137//137 972//769 
f 137//137 140//140 972//769 
f 140//140 143//143 972//769 
f 143//143 134//134 972//769 
f 323//318 326//321 973//769 
f 326//321 101//101 973//769 
f 101//101 104//104 973//769 
f 104//104 323//318 973//769 
f 143//143 146//146 974//769 
f 146//146 134//134 974//769 
f 134//134 143//143 974//769 
f 146//146 149//149 975//769 
f 149//149 134//134 975//769 
f 134//134 146//146 975//769 
f 149//149 152//152 976//769 
f 152//152 134//134 976//769 
f 134//134 149//149 976//769 
f 152//152 155//155 977//769 
f 155//155 134//134 977//769 
f 134//134 152//152 977//769 
f 155//155 158//158 978//769 
f 158//158 134//134 978//769 
f 134//134 155//155 978//769 
f 158//158 161//161 979//769 
f 161//161 134//134 979//769 
f 134//134 158//158 979//769 
f 161//161 164//164 980//769 
f 164//164 134//134 980//769 
f 134//134 161//161 980//769 
f 164//164 167//167 981//769 
f 167//167 302//298 981//769 
f 302//298 305//301 981//769 
f 305//301 308//304 981//769 
f 308//304 311//307 981//769 
f 311//307 164//164 981//769 
f 167//167 170//170 982//769 
f 170//170 293//289 982//769 
f 293//289 296//292 982//769 
f 296//292 299//295 982//769 
f 299//295 302//298 982//769 
f 302//298 167//167 982//769 
f 311//307 134//134 983//769 
f 134//134 164//164 983//769 
f 164//164 311//307 983//769 
f 311//307 314//309 984//769 
f 314//309 116//116 984//769 
f 116//116 119//119 984//769 
f 119//119 122//122 984//769 
f 122//122 125//125 984//769 
f 125//125 128//128 984//769 
f 128//128 131//131 984//769 
f 131//131 134//134 984//769 
f 134//134 311//307 984//769 
f 314//309 317//312 985//769 
f 317//312 107//107 985//769 
f 107//107 110//110 985//769 
f 110//110 113//113 985//769 
f 113//113 116//116 985//769 
f 116//116 314//309 985//769 
f 317//312 320//315 986//769 
f 320//315 104//104 986//769 
f 104//104 107//107 986//769 
f 107//107 317//312 986//769 
f 170//170 173//173 987//769 
f 173//173 290//286 987//769 
f 290//286 293//289 987//769 
f 293//289 170//170 987//769 
f 173//173 176//176 988//769 
f 176//176 287//283 988//769 
f 287//283 290//286 988//769 
f 290//286 173//173 988//769 
f 176//176 179//179 989//769 
f 179//179 284//280 989//769 
f 284//280 287//283 989//769 
f 287//283 176//176 989//769 
f 179//179 182//182 990//769 
f 182//182 281//277 990//769 
f 281//277 284//280 990//769 
f 284//280 179//179 990//769 
f 182//182 185//185 991//769 
f 185//185 275//271 991//769 
f 275//271 278//274 991//769 
f 278//274 281//277 991//769 
f 281//277 182//182 991//769 
f 185//185 188//188 992//769 
f 188//188 272//268 992//769 
f 272//268 275//271 992//769 
f 275//271 185//185 992//769 
f 188//188 191//191 993//769 
f 191//191 269//265 993//769 
f 269//265 272//268 993//769 
f 272//268 188//188 993//769 
f 191//191 194//194 994//769 
f 194//194 263//259 994//769 
f 263//259 266//262 994//769 
f 266//262 269//265 994//769 
f 269//265 191//191 994//769 
f 194//194 197//197 995//769 
f 197//197 257//253 995//769 
f 257//253 260//256 995//769 
f 260//256 263//259 995//769 
f 263//259 194//194 995//769 
f 197//197 200//200 996//769 
f 200//200 254//250 996//769 
f 254//250 257//253 996//769 
f 257//253 197//197 996//769 
f 200//200 203//203 997//769 
f 203//203 245//241 997//769 
f 245//241 248//244 997//769 
f 248//244 251//247 997//769 
f 251//247 254//250 997//769 
f 254//250 200//200 997//769 
f 203//203 206//206 998//769 
f 206//206 239//235 998//769 
f 239//235 242//238 998//769 
f 242//238 245//241 998//769 
f 245//241 203//203 998//769 
f 206//206 209//209 999//769 
f 209//209 236//232 999//769 
f 236//232 239//235 999//769 
f 239//235 206//206 999//769 
f 209//209 212//212 1000//769 
f 212//212 233//229 1000//769 
f 233//229 236//232 1000//769 
f 236//232 209//209 1000//769 
f 212//212 215//215 1001//769 
f 215//215 230//226 1001//769 
f 230//226 233//229 1001//769 
f 233//229 212//212 1001//769 
f 215//215 218//218 1002//769 
f 218//218 230//226 1002//769 
f 230//226 215//215 1002//769 
f 218//218 221//221 1003//769 
f 221//221 230//226 1003//769 
f 230//226 218//218 1003//769 
f 221//221 224//137 1004//769 
f 224//137 227//223 1004//769 
f 227//223 230//226 1004//769 
f 230//226 221//221 1004//769 
f 5//5 4//4 1005//769 
f 4//4 38//38 1005//769 
f 38//38 5//5 1005//769 
f 4//4 8//8 1006//769 
f 8//8 35//35 1006//769 
f 35//35 38//38 1006//769 
f 38//38 4//4 1006//769 
f 8//8 11//11 1007//769 
f 11//11 32//32 1007//769 
f 32//32 35//35 1007//769 
f 35//35 8//8 1007//769 
f 11//11 14//14 1008//769 
f 14//14 32//32 1008//769 
f 32//32 11//11 1008//769 
f 14//14 17//17 1009//769 
f 17//17 29//29 1009//769 
f 29//29 32//32 1009//769 
f 32//32 14//14 1009//769 
f 17//17 20//20 1010//769 
f 20//20 29//29 1010//769 
f 29//29 17//17 1010//769 
f 20//20 23//23 1011//769 
f 23//23 29//29 1011//769 
f 29//29 20//20 1011//769 
f 23//23 26//26 1012//769 
f 26//26 29//29 1012//769 
f 29//29 23//23 1012//769 
# 2 polygons - 2020 triangles

