# 3ds Max Wavefront OBJ Exporter v0.97b - (c)2007 guruware
# File Created: 31.01.2021 23:02:58

#
# object To_Putao
#

v  692.5264 0.0000 -38.7449
v  692.4763 0.0000 -40.3180
v  692.5013 5.0000 -39.5314
v  692.4763 10.0000 -40.3180
v  692.5264 10.0000 -38.7449
v  692.3259 0.0000 -41.8219
v  692.4011 5.0000 -41.0700
v  692.3259 10.0000 -41.8219
v  692.0754 0.0000 -43.2566
v  692.2007 5.0000 -42.5392
v  692.0754 10.0000 -43.2566
v  691.7246 0.0000 -44.6220
v  691.9000 5.0000 -43.9393
v  691.7246 10.0000 -44.6220
v  691.2736 0.0000 -45.9183
v  691.4991 5.0000 -45.2702
v  691.2736 10.0000 -45.9183
v  690.7224 0.0000 -47.1453
v  690.9980 5.0000 -46.5318
v  690.7224 10.0000 -47.1453
v  690.0710 0.0000 -48.3031
v  690.3967 5.0000 -47.7242
v  690.0710 10.0000 -48.3031
v  689.3193 0.0000 -49.3916
v  689.6952 5.0000 -48.8473
v  689.3193 10.0000 -49.3916
v  688.4675 0.0000 -50.4110
v  688.8934 5.0000 -49.9013
v  688.4675 10.0000 -50.4110
v  687.5281 0.0000 -51.3410
v  687.9977 5.0000 -50.8760
v  687.5281 10.0000 -51.3410
v  686.5139 0.0000 -52.1616
v  687.0210 5.0000 -51.7513
v  686.5139 10.0000 -52.1616
v  685.4249 0.0000 -52.8727
v  685.9694 5.0000 -52.5172
v  685.4249 10.0000 -52.8727
v  684.2610 0.0000 -53.4745
v  684.8429 5.0000 -53.1736
v  684.2610 10.0000 -53.4745
v  683.0223 0.0000 -53.9669
v  683.6417 5.0000 -53.7207
v  683.0223 10.0000 -53.9669
v  681.7089 0.0000 -54.3498
v  682.3656 5.0000 -54.1584
v  681.7089 10.0000 -54.3498
v  680.3206 0.0000 -54.6234
v  681.0148 5.0000 -54.4866
v  680.3206 10.0000 -54.6234
v  678.8575 0.0000 -54.7875
v  679.5891 5.0000 -54.7054
v  678.8575 10.0000 -54.7875
v  677.3196 0.0000 -54.8422
v  678.0886 5.0000 -54.8148
v  677.3196 10.0000 -54.8422
v  669.7451 0.0000 -50.4952
v  673.5323 5.0000 -52.6687
v  669.7451 10.0000 -50.4952
v  661.1493 0.0000 -54.8422
v  665.4472 5.0000 -52.6687
v  661.1493 10.0000 -54.8422
v  659.7761 0.0000 -54.7631
v  660.4626 5.0000 -54.8026
v  659.7761 10.0000 -54.7631
v  658.4614 0.0000 -54.5257
v  659.1187 5.0000 -54.6444
v  658.4614 10.0000 -54.5257
v  657.2054 0.0000 -54.1301
v  657.8334 5.0000 -54.3279
v  657.2054 10.0000 -54.1301
v  656.0081 0.0000 -53.5763
v  656.6068 5.0000 -53.8532
v  656.0081 10.0000 -53.5763
v  654.8693 0.0000 -52.8643
v  655.4387 5.0000 -53.2203
v  654.8693 10.0000 -52.8643
v  653.7892 0.0000 -51.9940
v  654.3293 5.0000 -52.4291
v  653.7892 10.0000 -51.9940
v  652.7678 0.0000 -50.9654
v  653.2785 5.0000 -51.4797
v  652.7678 10.0000 -50.9654
v  651.8049 0.0000 -49.7787
v  652.2864 5.0000 -50.3721
v  651.8049 10.0000 -49.7787
v  650.9008 0.0000 -48.4337
v  651.3528 5.0000 -49.1062
v  650.9008 10.0000 -48.4337
v  650.0745 0.0000 -47.0107
v  650.4876 5.0000 -47.7222
v  650.0745 10.0000 -47.0107
v  649.3455 0.0000 -45.5899
v  649.7100 5.0000 -46.3003
v  649.3455 10.0000 -45.5899
v  648.7136 0.0000 -44.1713
v  649.0295 5.0000 -44.8806
v  648.7136 10.0000 -44.1713
v  648.1790 0.0000 -42.7549
v  648.4463 5.0000 -43.4631
v  648.1790 10.0000 -42.7549
v  647.7415 0.0000 -41.3407
v  647.9602 5.0000 -42.0478
v  647.7415 10.0000 -41.3407
v  647.4012 0.0000 -39.9287
v  647.5714 5.0000 -40.6347
v  647.4012 10.0000 -39.9287
v  647.1583 0.0000 -38.5190
v  647.2798 5.0000 -39.2238
v  647.1583 10.0000 -38.5190
v  647.0125 0.0000 -37.1114
v  647.0853 5.0000 -37.8152
v  647.0125 10.0000 -37.1114
v  646.9639 0.0000 -35.7060
v  646.9882 5.0000 -36.4087
v  646.9639 10.0000 -35.7060
v  646.9968 0.0000 -34.6849
v  646.9803 5.0000 -35.1955
v  646.9968 10.0000 -34.6849
v  647.0959 0.0000 -33.5479
v  647.0464 5.0000 -34.1164
v  647.0959 10.0000 -33.5479
v  647.2610 0.0000 -32.2951
v  647.1784 5.0000 -32.9215
v  647.2610 10.0000 -32.2951
v  647.4921 0.0000 -30.9265
v  647.3765 5.0000 -31.6108
v  647.4921 10.0000 -30.9265
v  647.7892 0.0000 -29.4420
v  647.6406 5.0000 -30.1843
v  647.7892 10.0000 -29.4420
v  648.1523 0.0000 -27.8417
v  647.9708 5.0000 -28.6419
v  648.1523 10.0000 -27.8417
v  648.5815 0.0000 -26.1255
v  648.3669 5.0000 -26.9836
v  648.5815 10.0000 -26.1255
v  649.0767 0.0000 -24.2935
v  648.8291 5.0000 -25.2095
v  649.0767 10.0000 -24.2935
v  649.6379 0.0000 -22.3457
v  649.3573 5.0000 -23.3196
v  649.6379 10.0000 -22.3457
v  650.3269 0.0000 -19.9354
v  649.9824 5.0000 -21.1405
v  650.3269 10.0000 -19.9354
v  650.9349 0.0000 -17.6529
v  650.6309 5.0000 -18.7941
v  650.9349 10.0000 -17.6529
v  651.4617 0.0000 -15.4982
v  651.1983 5.0000 -16.5755
v  651.4617 10.0000 -15.4982
v  651.9075 0.0000 -13.4714
v  651.6846 5.0000 -14.4848
v  651.9075 10.0000 -13.4714
v  652.2723 0.0000 -11.5724
v  652.0900 5.0000 -12.5219
v  652.2723 10.0000 -11.5724
v  652.5560 0.0000 -9.8012
v  652.4142 5.0000 -10.6868
v  652.5560 10.0000 -9.8012
v  652.7587 0.0000 -8.1579
v  652.6573 5.0000 -8.9795
v  652.7587 10.0000 -8.1579
v  652.8802 0.0000 -6.6424
v  652.8195 5.0000 -7.4001
v  652.8802 10.0000 -6.6424
v  652.9208 0.0000 -5.2547
v  652.9005 5.0000 -5.9485
v  652.9208 10.0000 -5.2547
v  664.7089 0.0000 -5.2547
v  658.8148 5.0000 -5.2547
v  664.7089 10.0000 -5.2547
v  664.7374 0.0000 -5.5044
v  664.7231 5.0000 -5.3795
v  664.7374 10.0000 -5.5044
v  664.8232 0.0000 -5.8521
v  664.7803 5.0000 -5.6782
v  664.8232 10.0000 -5.8521
v  664.9661 0.0000 -6.2978
v  664.8946 5.0000 -6.0750
v  664.9661 10.0000 -6.2978
v  665.1660 0.0000 -6.8416
v  665.0660 5.0000 -6.5697
v  665.1660 10.0000 -6.8416
v  665.4232 0.0000 -7.4833
v  665.2946 5.0000 -7.1624
v  665.4232 10.0000 -7.4833
v  665.7375 0.0000 -8.2231
v  665.5803 5.0000 -7.8532
v  665.7375 10.0000 -8.2231
v  666.1089 0.0000 -9.0609
v  665.9232 5.0000 -8.6420
v  666.1089 10.0000 -9.0609
v  666.5375 0.0000 -9.9967
v  666.3232 5.0000 -9.5288
v  666.5375 10.0000 -9.9967
v  667.0233 0.0000 -11.0305
v  666.7804 5.0000 -10.5136
v  667.0233 10.0000 -11.0305
v  667.5832 0.0000 -12.1512
v  667.3032 5.0000 -11.5909
v  667.5832 10.0000 -12.1512
v  668.2344 0.0000 -13.3477
v  667.9088 5.0000 -12.7495
v  668.2344 10.0000 -13.3477
v  668.9771 0.0000 -14.6200
v  668.6057 5.0000 -13.9838
v  668.9771 10.0000 -14.6200
v  669.8109 0.0000 -15.9680
v  669.3939 5.0000 -15.2940
v  669.8109 10.0000 -15.9680
v  670.7361 0.0000 -17.3919
v  670.2735 5.0000 -16.6799
v  670.7361 10.0000 -17.3919
v  671.7526 0.0000 -18.8915
v  671.2443 5.0000 -18.1417
v  671.7526 10.0000 -18.8915
v  672.8604 0.0000 -20.4669
v  672.3065 5.0000 -19.6792
v  672.8604 10.0000 -20.4669
v  674.0594 0.0000 -22.1180
v  673.4599 5.0000 -21.2924
v  674.0594 10.0000 -22.1180
v  675.3499 0.0000 -23.8450
v  674.7047 5.0000 -22.9815
v  675.3499 10.0000 -23.8450
v  675.7786 0.0000 -24.4665
v  675.5642 5.0000 -24.1558
v  675.7786 10.0000 -24.4665
v  676.1569 0.0000 -25.1282
v  675.9677 5.0000 -24.7974
v  676.1569 10.0000 -25.1282
v  676.4847 0.0000 -25.8301
v  676.3207 5.0000 -25.4791
v  676.4847 10.0000 -25.8301
v  676.7621 0.0000 -26.5720
v  676.6234 5.0000 -26.2010
v  676.7621 10.0000 -26.5720
v  676.9891 0.0000 -27.3541
v  676.8755 5.0000 -26.9630
v  676.9891 10.0000 -27.3541
v  677.1656 0.0000 -28.1763
v  677.0773 5.0000 -27.7652
v  677.1656 10.0000 -28.1763
v  677.2917 0.0000 -29.0386
v  677.2286 5.0000 -28.6074
v  677.2917 10.0000 -29.0386
v  677.3673 0.0000 -29.9410
v  677.3295 5.0000 -29.4898
v  677.3673 10.0000 -29.9410
v  677.3925 0.0000 -30.8836
v  677.3799 5.0000 -30.4123
v  677.3925 10.0000 -30.8836
v  677.2947 0.0000 -32.7019
v  677.3436 5.0000 -31.7928
v  677.2947 10.0000 -32.7019
v  677.0010 0.0000 -34.3063
v  677.1478 5.0000 -33.5041
v  677.0010 10.0000 -34.3063
v  676.5115 0.0000 -35.6968
v  676.7562 5.0000 -35.0016
v  676.5115 10.0000 -35.6968
v  675.8263 0.0000 -36.8733
v  676.1689 5.0000 -36.2851
v  675.8263 10.0000 -36.8733
v  674.9453 0.0000 -37.8360
v  675.3858 5.0000 -37.3547
v  674.9453 10.0000 -37.8360
v  673.8685 0.0000 -38.5847
v  674.4069 5.0000 -38.2103
v  673.8685 10.0000 -38.5847
v  672.5959 0.0000 -39.1195
v  673.2322 5.0000 -38.8521
v  672.5959 10.0000 -39.1195
v  671.1275 0.0000 -39.4404
v  671.8617 5.0000 -39.2799
v  671.1275 10.0000 -39.4404
v  669.4634 0.0000 -39.5473
v  670.2955 5.0000 -39.4939
v  669.4634 10.0000 -39.5473
v  668.7104 0.0000 -39.5152
v  669.0869 5.0000 -39.5313
v  668.7104 10.0000 -39.5152
v  667.9843 0.0000 -39.4187
v  668.3473 5.0000 -39.4669
v  667.9843 10.0000 -39.4187
v  667.2850 0.0000 -39.2579
v  667.6346 5.0000 -39.3383
v  667.2850 10.0000 -39.2579
v  666.6126 0.0000 -39.0328
v  666.9488 5.0000 -39.1453
v  666.6126 10.0000 -39.0328
v  665.9671 0.0000 -38.7434
v  666.2899 5.0000 -38.8881
v  665.9671 10.0000 -38.7434
v  665.3484 0.0000 -38.3896
v  665.6577 5.0000 -38.5665
v  665.3484 10.0000 -38.3896
v  664.7566 0.0000 -37.9715
v  665.0525 5.0000 -38.1806
v  664.7566 10.0000 -37.9715
v  664.1917 0.0000 -37.4891
v  664.4741 5.0000 -37.7303
v  664.1917 10.0000 -37.4891
v  663.6536 0.0000 -36.9424
v  663.9226 5.0000 -37.2158
v  663.6536 10.0000 -36.9424
v  663.1581 0.0000 -36.3493
v  663.4058 5.0000 -36.6459
v  663.1581 10.0000 -36.3493
v  662.7209 0.0000 -35.7277
v  662.9395 5.0000 -36.0385
v  662.7209 10.0000 -35.7277
v  662.3420 0.0000 -35.0777
v  662.5314 5.0000 -35.4027
v  662.3420 10.0000 -35.0777
v  662.0214 0.0000 -34.3991
v  662.1816 5.0000 -34.7384
v  662.0214 10.0000 -34.3991
v  661.7590 0.0000 -33.6921
v  661.8902 5.0000 -34.0456
v  661.7590 10.0000 -33.6921
v  661.5550 0.0000 -32.9566
v  661.6570 5.0000 -33.3244
v  661.5550 10.0000 -32.9566
v  661.4093 0.0000 -32.1926
v  661.4822 5.0000 -32.5746
v  661.4093 10.0000 -32.1926
v  661.3218 0.0000 -31.4002
v  661.3656 5.0000 -31.7964
v  661.3218 10.0000 -31.4002
v  661.2927 0.0000 -30.5792
v  661.3073 5.0000 -30.9897
v  661.2927 10.0000 -30.5792
v  661.3493 0.0000 -29.1411
v  661.3210 5.0000 -29.8602
v  661.3493 10.0000 -29.1411
v  661.5190 0.0000 -27.8420
v  661.4341 5.0000 -28.4915
v  661.5190 10.0000 -27.8420
v  661.8020 0.0000 -26.6820
v  661.6605 5.0000 -27.2620
v  661.8020 10.0000 -26.6820
v  662.1981 0.0000 -25.6611
v  662.0000 5.0000 -26.1715
v  662.1981 10.0000 -25.6611
v  662.7073 0.0000 -24.7792
v  662.4527 5.0000 -25.2201
v  662.7073 10.0000 -24.7792
v  663.3298 0.0000 -24.0364
v  663.0186 5.0000 -24.4078
v  663.3298 10.0000 -24.0364
v  664.0654 0.0000 -23.4327
v  663.6976 5.0000 -23.7346
v  664.0654 10.0000 -23.4327
v  664.9142 0.0000 -22.9681
v  664.4897 5.0000 -23.2004
v  664.9142 10.0000 -22.9681
v  665.8761 0.0000 -22.6425
v  665.3951 5.0000 -22.8053
v  665.8761 10.0000 -22.6425
v  664.7894 0.0000 -20.8036
v  665.3328 5.0000 -21.7231
v  664.7894 10.0000 -20.8036
v  664.0814 0.0000 -19.6612
v  664.4354 5.0000 -20.2324
v  664.0814 10.0000 -19.6612
v  663.4308 0.0000 -18.5818
v  663.7561 5.0000 -19.1215
v  663.4308 10.0000 -18.5818
v  662.8378 0.0000 -17.5655
v  663.1343 5.0000 -18.0736
v  662.8378 10.0000 -17.5655
v  662.3024 0.0000 -16.6122
v  662.5701 5.0000 -17.0888
v  662.3024 10.0000 -16.6122
v  661.8244 0.0000 -15.7219
v  662.0634 5.0000 -16.1671
v  661.8244 10.0000 -15.7219
v  661.4039 0.0000 -14.8947
v  661.6141 5.0000 -15.3083
v  661.4039 10.0000 -14.8947
v  661.0410 0.0000 -14.1306
v  661.2225 5.0000 -14.5127
v  661.0410 10.0000 -14.1306
v  660.7356 0.0000 -13.4295
v  660.8883 5.0000 -13.7800
v  660.7356 10.0000 -13.4295
v  660.4877 0.0000 -12.7914
v  660.6116 5.0000 -13.1105
v  660.4877 10.0000 -12.7914
v  660.4555 0.0000 -13.8124
v  660.4716 5.0000 -13.3019
v  660.4555 10.0000 -13.8124
v  660.3589 0.0000 -14.9311
v  660.4072 5.0000 -14.3718
v  660.3589 10.0000 -14.9311
v  660.1979 0.0000 -16.1475
v  660.2784 5.0000 -15.5393
v  660.1979 10.0000 -16.1475
v  659.9724 0.0000 -17.4616
v  660.0851 5.0000 -16.8046
v  659.9724 10.0000 -17.4616
v  659.6826 0.0000 -18.8734
v  659.8275 5.0000 -18.1675
v  659.6826 10.0000 -18.8734
v  659.3283 0.0000 -20.3829
v  659.5054 5.0000 -19.6282
v  659.3283 10.0000 -20.3829
v  658.9096 0.0000 -21.9902
v  659.1190 5.0000 -21.1866
v  658.9096 10.0000 -21.9902
v  658.4265 0.0000 -23.6951
v  658.6681 5.0000 -22.8426
v  658.4265 10.0000 -23.6951
v  657.8790 0.0000 -25.4977
v  658.1528 5.0000 -24.5964
v  657.8790 10.0000 -25.4977
v  657.5480 0.0000 -26.6132
v  657.7135 5.0000 -26.0555
v  657.5480 10.0000 -26.6132
v  657.2559 0.0000 -27.6947
v  657.4020 5.0000 -27.1540
v  657.2559 10.0000 -27.6947
v  657.0027 0.0000 -28.7420
v  657.1293 5.0000 -28.2183
v  657.0027 10.0000 -28.7420
v  656.7886 0.0000 -29.7552
v  656.8957 5.0000 -29.2486
v  656.7886 10.0000 -29.7552
v  656.6133 0.0000 -30.7344
v  656.7009 5.0000 -30.2448
v  656.6133 10.0000 -30.7344
v  656.4770 0.0000 -31.6794
v  656.5452 5.0000 -31.2069
v  656.4770 10.0000 -31.6794
v  656.3796 0.0000 -32.5903
v  656.4283 5.0000 -32.1348
v  656.3796 10.0000 -32.5903
v  656.3212 0.0000 -33.4671
v  656.3505 5.0000 -33.0287
v  656.3212 10.0000 -33.4671
v  656.3018 0.0000 -34.3099
v  656.3115 5.0000 -33.8885
v  656.3018 10.0000 -34.3099
v  656.3807 0.0000 -36.8044
v  656.3412 5.0000 -35.5571
v  656.3807 10.0000 -36.8044
v  656.6177 0.0000 -39.0399
v  656.4992 5.0000 -37.9222
v  656.6177 10.0000 -39.0399
v  657.0126 0.0000 -41.0164
v  656.8151 5.0000 -40.0282
v  657.0126 10.0000 -41.0164
v  657.5654 0.0000 -42.7340
v  657.2889 5.0000 -41.8752
v  657.5654 10.0000 -42.7340
v  658.2762 0.0000 -44.1924
v  657.9208 5.0000 -43.4632
v  658.2762 10.0000 -44.1924
v  659.1450 0.0000 -45.3919
v  658.7106 5.0000 -44.7922
v  659.1450 10.0000 -45.3919
v  660.1716 0.0000 -46.3324
v  659.6583 5.0000 -45.8621
v  660.1716 10.0000 -46.3324
v  661.3563 0.0000 -47.0138
v  660.7640 5.0000 -46.6731
v  661.3563 10.0000 -47.0138
v  662.6989 0.0000 -47.4363
v  662.0276 5.0000 -47.2250
v  662.6989 10.0000 -47.4363
v  669.7451 0.0000 -43.4113
v  666.2220 5.0000 -45.4238
v  669.7451 10.0000 -43.4113
v  677.3498 0.0000 -47.6325
v  673.5474 5.0000 -45.5219
v  677.3498 10.0000 -47.6325
v  678.4738 0.0000 -47.5069
v  677.9118 5.0000 -47.5697
v  678.4738 10.0000 -47.5069
v  679.4656 0.0000 -47.1300
v  678.9697 5.0000 -47.3184
v  679.4656 10.0000 -47.1300
v  680.3252 0.0000 -46.5019
v  679.8954 5.0000 -46.8159
v  680.3252 10.0000 -46.5019
v  681.0525 0.0000 -45.6225
v  680.6888 5.0000 -46.0622
v  681.0525 10.0000 -45.6225
v  681.6476 0.0000 -44.4919
v  681.3500 5.0000 -45.0572
v  681.6476 10.0000 -44.4919
v  682.1104 0.0000 -43.1100
v  681.8790 5.0000 -43.8009
v  682.1104 10.0000 -43.1100
v  682.4410 0.0000 -41.4769
v  682.2757 5.0000 -42.2934
v  682.4410 10.0000 -41.4769
v  682.6394 0.0000 -39.5925
v  682.5402 5.0000 -40.5347
v  682.6394 10.0000 -39.5925
v  682.7055 0.0000 -37.4569
v  682.6724 5.0000 -38.5247
v  682.7055 10.0000 -37.4569
v  682.7055 0.0000 -24.4135
v  682.7055 5.0000 -30.9352
v  682.7055 10.0000 -24.4135
v  682.2562 0.0000 -24.3825
v  682.4808 5.0000 -24.3980
v  682.2562 10.0000 -24.3825
v  681.8083 0.0000 -24.2896
v  682.0323 5.0000 -24.3361
v  681.8083 10.0000 -24.2896
v  681.3620 0.0000 -24.1348
v  681.5852 5.0000 -24.2122
v  681.3620 10.0000 -24.1348
v  680.9171 0.0000 -23.9181
v  681.1395 5.0000 -24.0264
v  680.9171 10.0000 -23.9181
v  680.4737 0.0000 -23.6394
v  680.6954 5.0000 -23.7787
v  680.4737 10.0000 -23.6394
v  680.0317 0.0000 -23.2988
v  680.2527 5.0000 -23.4691
v  680.0317 10.0000 -23.2988
v  679.5911 0.0000 -22.8963
v  679.8114 5.0000 -23.0975
v  679.5911 10.0000 -22.8963
v  679.1521 0.0000 -22.4318
v  679.3716 5.0000 -22.6640
v  679.1521 10.0000 -22.4318
v  678.7145 0.0000 -21.9054
v  678.9333 5.0000 -22.1686
v  678.7145 10.0000 -21.9054
v  678.3019 0.0000 -21.3283
v  678.5082 5.0000 -21.6169
v  678.3019 10.0000 -21.3283
v  677.9378 0.0000 -20.7116
v  678.1199 5.0000 -21.0200
v  677.9378 10.0000 -20.7116
v  677.6223 0.0000 -20.0554
v  677.7800 5.0000 -20.3835
v  677.6223 10.0000 -20.0554
v  677.3553 0.0000 -19.3595
v  677.4888 5.0000 -19.7074
v  677.3553 10.0000 -19.3595
v  677.1369 0.0000 -18.6241
v  677.2461 5.0000 -18.9918
v  677.1369 10.0000 -18.6241
v  676.9670 0.0000 -17.8492
v  677.0519 5.0000 -18.2367
v  676.9670 10.0000 -17.8492
v  676.8456 0.0000 -17.0346
v  676.9063 5.0000 -17.4419
v  676.8456 10.0000 -17.0346
v  676.7728 0.0000 -16.1806
v  676.8092 5.0000 -16.6076
v  676.7728 10.0000 -16.1806
v  676.7485 0.0000 -15.2869
v  676.7607 5.0000 -15.7337
v  676.7485 10.0000 -15.2869
v  676.8624 0.0000 -12.9786
v  676.8055 5.0000 -14.1328
v  676.8624 10.0000 -12.9786
v  677.2042 0.0000 -10.9419
v  677.0333 5.0000 -11.9603
v  677.2042 10.0000 -10.9419
v  677.7738 0.0000 -9.1768
v  677.4890 5.0000 -10.0594
v  677.7738 10.0000 -9.1768
v  678.5712 0.0000 -7.6832
v  678.1725 5.0000 -8.4300
v  678.5712 10.0000 -7.6832
v  679.5964 0.0000 -6.4612
v  679.0839 5.0000 -7.0722
v  679.5964 10.0000 -6.4612
v  680.8495 0.0000 -5.5107
v  680.2230 5.0000 -5.9859
v  680.8495 10.0000 -5.5107
v  682.3304 0.0000 -4.8318
v  681.5900 5.0000 -5.1713
v  682.3304 10.0000 -4.8318
v  684.0392 0.0000 -4.4245
v  683.1848 5.0000 -4.6281
v  684.0392 10.0000 -4.4245
v  685.9758 0.0000 -4.2887
v  685.0074 5.0000 -4.3566
v  685.9758 10.0000 -4.2887
v  686.8285 0.0000 -4.3243
v  686.4021 5.0000 -4.3065
v  686.8285 10.0000 -4.3243
v  687.6448 0.0000 -4.4312
v  687.2366 5.0000 -4.3778
v  687.6448 10.0000 -4.4312
v  688.4246 0.0000 -4.6094
v  688.0347 5.0000 -4.5203
v  688.4246 10.0000 -4.6094
v  689.1679 0.0000 -4.8589
v  688.7963 5.0000 -4.7342
v  689.1679 10.0000 -4.8589
v  689.8748 0.0000 -5.1796
v  689.5214 5.0000 -5.0193
v  689.8748 10.0000 -5.1796
v  690.5452 0.0000 -5.5716
v  690.2100 5.0000 -5.3756
v  690.5452 10.0000 -5.5716
v  691.1792 0.0000 -6.0349
v  690.8622 5.0000 -5.8033
v  691.1792 10.0000 -6.0349
v  691.7767 0.0000 -6.5695
v  691.4779 5.0000 -6.3022
v  691.7767 10.0000 -6.5695
v  692.3377 0.0000 -7.1753
v  692.0572 5.0000 -6.8724
v  692.3377 10.0000 -7.1753
v  692.8503 0.0000 -7.8354
v  692.5941 5.0000 -7.5054
v  692.8503 10.0000 -7.8354
v  693.3027 0.0000 -8.5326
v  693.0765 5.0000 -8.1840
v  693.3027 10.0000 -8.5326
v  693.6948 0.0000 -9.2671
v  693.4987 5.0000 -8.8999
v  693.6948 10.0000 -9.2671
v  694.0265 0.0000 -10.0387
v  693.8606 5.0000 -9.6529
v  694.0265 10.0000 -10.0387
v  694.2979 0.0000 -10.8474
v  694.1622 5.0000 -10.4430
v  694.2979 10.0000 -10.8474
v  694.5089 0.0000 -11.6934
v  694.4034 5.0000 -11.2704
v  694.5089 10.0000 -11.6934
v  694.6597 0.0000 -12.5765
v  694.5844 5.0000 -12.1349
v  694.6597 10.0000 -12.5765
v  694.7502 0.0000 -13.4968
v  694.7050 5.0000 -13.0366
v  694.7502 10.0000 -13.4968
v  694.7803 0.0000 -14.4542
v  694.7653 5.0000 -13.9755
v  694.7803 10.0000 -14.4542
v  694.7605 0.0000 -15.0835
v  694.7704 5.0000 -14.7689
v  694.7605 10.0000 -15.0835
v  694.7009 0.0000 -15.7159
v  694.7307 5.0000 -15.3997
v  694.7009 10.0000 -15.7159
v  694.6014 0.0000 -16.3513
v  694.6512 5.0000 -16.0336
v  694.6014 10.0000 -16.3513
v  694.4623 0.0000 -16.9897
v  694.5319 5.0000 -16.6705
v  694.4623 10.0000 -16.9897
v  694.2834 0.0000 -17.6312
v  694.3729 5.0000 -17.3104
v  694.2834 10.0000 -17.6312
v  694.0648 0.0000 -18.2757
v  694.1741 5.0000 -17.9534
v  694.0648 10.0000 -18.2757
v  693.8064 0.0000 -18.9233
v  693.9356 5.0000 -18.5995
v  693.8064 10.0000 -18.9233
v  693.5083 0.0000 -19.5739
v  693.6573 5.0000 -19.2486
v  693.5083 10.0000 -19.5739
v  693.1703 0.0000 -20.2275
v  693.3394 5.0000 -19.9007
v  693.1703 10.0000 -20.2275
v  693.8746 0.0000 -20.1710
v  693.5225 5.0000 -20.1992
v  693.8746 10.0000 -20.1710
v  694.5731 0.0000 -20.0013
v  694.2239 5.0000 -20.0861
v  694.5731 10.0000 -20.0013
v  695.2657 0.0000 -19.7184
v  694.9194 5.0000 -19.8598
v  695.2657 10.0000 -19.7184
v  695.9526 0.0000 -19.3224
v  695.6091 5.0000 -19.5204
v  695.9526 10.0000 -19.3224
v  696.6336 0.0000 -18.8133
v  696.2931 5.0000 -19.0679
v  696.6336 10.0000 -18.8133
v  697.3088 0.0000 -18.1910
v  696.9712 5.0000 -18.5022
v  697.3088 10.0000 -18.1910
v  697.9782 0.0000 -17.4556
v  697.6436 5.0000 -17.8233
v  697.9782 10.0000 -17.4556
v  698.6418 0.0000 -16.6071
v  698.3101 5.0000 -17.0313
v  698.6418 10.0000 -16.6071
v  699.2996 0.0000 -15.6454
v  698.9707 5.0000 -16.1262
v  699.2996 10.0000 -15.6454
v  699.9182 0.0000 -14.6120
v  699.6089 5.0000 -15.1287
v  699.9182 10.0000 -14.6120
v  700.4639 0.0000 -13.5483
v  700.1910 5.0000 -14.0801
v  700.4639 10.0000 -13.5483
v  700.9369 0.0000 -12.4543
v  700.7004 5.0000 -13.0013
v  700.9369 10.0000 -12.4543
v  701.3371 0.0000 -11.3301
v  701.1370 5.0000 -11.8922
v  701.3371 10.0000 -11.3301
v  701.6646 0.0000 -10.1756
v  701.5008 5.0000 -10.7528
v  701.6646 10.0000 -10.1756
v  701.9192 0.0000 -8.9908
v  701.7919 5.0000 -9.5832
v  701.9192 10.0000 -8.9908
v  702.1011 0.0000 -7.7757
v  702.0101 5.0000 -8.3832
v  702.1011 10.0000 -7.7757
v  702.2103 0.0000 -6.5303
v  702.1557 5.0000 -7.1530
v  702.2103 10.0000 -6.5303
v  702.2466 0.0000 -5.2547
v  702.2285 5.0000 -5.8925
v  702.2466 10.0000 -5.2547
v  706.4326 0.0000 -5.2547
v  704.3397 5.0000 -5.2547
v  706.4326 10.0000 -5.2547
v  707.3998 0.0000 -5.3620
v  706.9163 5.0000 -5.3083
v  707.3998 10.0000 -5.3620
v  708.2533 0.0000 -5.6839
v  707.8266 5.0000 -5.5229
v  708.2533 10.0000 -5.6839
v  708.9929 0.0000 -6.2204
v  708.6231 5.0000 -5.9521
v  708.9929 10.0000 -6.2204
v  709.6188 0.0000 -6.9715
v  709.3058 5.0000 -6.5959
v  709.6188 10.0000 -6.9715
v  710.1309 0.0000 -7.9372
v  709.8749 5.0000 -7.4544
v  710.1309 10.0000 -7.9372
v  710.5291 0.0000 -9.1175
v  710.3300 5.0000 -8.5274
v  710.5291 10.0000 -9.1175
v  710.8136 0.0000 -10.5124
v  710.6714 5.0000 -9.8150
v  710.8136 10.0000 -10.5124
v  710.9843 0.0000 -12.1220
v  710.8990 5.0000 -11.3172
v  710.9843 10.0000 -12.1220
v  711.0412 0.0000 -13.9461
v  711.0128 5.0000 -13.0340
v  711.0412 10.0000 -13.9461
v  711.0412 0.0000 -54.6812
v  711.0412 5.0000 -34.3136
v  711.0412 10.0000 -54.6812
v  701.2203 0.0000 -54.6812
v  706.1307 5.0000 -54.6812
v  701.2203 10.0000 -54.6812
v  701.2203 0.0000 -21.2011
v  701.2203 5.0000 -37.9411
v  701.2203 10.0000 -21.2011
v  701.0395 0.0000 -21.5870
v  701.1299 5.0000 -21.3940
v  701.0395 10.0000 -21.5870
v  700.8101 0.0000 -21.9677
v  700.9247 5.0000 -21.7773
v  700.8101 10.0000 -21.9677
v  700.5320 0.0000 -22.3432
v  700.6710 5.0000 -22.1554
v  700.5320 10.0000 -22.3432
v  700.2053 0.0000 -22.7134
v  700.3687 5.0000 -22.5283
v  700.2053 10.0000 -22.7134
v  699.8301 0.0000 -23.0785
v  700.0178 5.0000 -22.8959
v  699.8301 10.0000 -23.0785
v  699.4063 0.0000 -23.4383
v  699.6182 5.0000 -23.2584
v  699.4063 10.0000 -23.4383
v  698.9338 0.0000 -23.7929
v  699.1700 5.0000 -23.6156
v  698.9338 10.0000 -23.7929
v  698.4128 0.0000 -24.1423
v  698.6733 5.0000 -23.9676
v  698.4128 10.0000 -24.1423
v  697.8431 0.0000 -24.4864
v  698.1279 5.0000 -24.3144
v  697.8431 10.0000 -24.4864
v  697.2495 0.0000 -24.8090
v  697.5463 5.0000 -24.6477
v  697.2495 10.0000 -24.8090
v  696.6566 0.0000 -25.0937
v  696.9531 5.0000 -24.9513
v  696.6566 10.0000 -25.0937
v  696.0645 0.0000 -25.3404
v  696.3605 5.0000 -25.2170
v  696.0645 10.0000 -25.3404
v  695.4730 0.0000 -25.5491
v  695.7687 5.0000 -25.4447
v  695.4730 10.0000 -25.5491
v  694.8822 0.0000 -25.7199
v  695.1776 5.0000 -25.6345
v  694.8822 10.0000 -25.7199
v  694.2922 0.0000 -25.8527
v  694.5872 5.0000 -25.7863
v  694.2922 10.0000 -25.8527
v  693.7029 0.0000 -25.9476
v  693.9976 5.0000 -25.9001
v  693.7029 10.0000 -25.9476
v  693.1143 0.0000 -26.0045
v  693.4086 5.0000 -25.9760
v  693.1143 10.0000 -26.0045
v  692.5264 0.0000 -26.0235
v  692.8203 5.0000 -26.0140
v  692.5264 10.0000 -26.0235
v  692.5264 5.0000 -32.3842
v  670.1456 0.0000 -34.9837
v  670.8253 0.0000 -34.8168
v  670.4855 5.0000 -34.9002
v  670.8253 10.0000 -34.8168
v  670.1456 10.0000 -34.9837
v  671.4144 0.0000 -34.5385
v  671.1198 5.0000 -34.6776
v  671.4144 10.0000 -34.5385
v  671.9128 0.0000 -34.1489
v  671.6636 5.0000 -34.3437
v  671.9128 10.0000 -34.1489
v  672.3206 0.0000 -33.6480
v  672.1167 5.0000 -33.8985
v  672.3206 10.0000 -33.6480
v  672.6378 0.0000 -33.0358
v  672.4792 5.0000 -33.3419
v  672.6378 10.0000 -33.0358
v  672.8643 0.0000 -32.3124
v  672.7510 5.0000 -32.6741
v  672.8643 10.0000 -32.3124
v  673.0002 0.0000 -31.4775
v  672.9323 5.0000 -31.8949
v  673.0002 10.0000 -31.4775
v  673.0456 0.0000 -30.5314
v  673.0229 5.0000 -31.0045
v  673.0456 10.0000 -30.5314
v  673.0010 0.0000 -29.5853
v  673.0233 5.0000 -30.0584
v  673.0010 10.0000 -29.5853
v  672.8674 0.0000 -28.7505
v  672.9343 5.0000 -29.1679
v  672.8674 10.0000 -28.7505
v  672.6448 0.0000 -28.0270
v  672.7561 5.0000 -28.3888
v  672.6448 10.0000 -28.0270
v  672.3330 0.0000 -27.4148
v  672.4889 5.0000 -27.7209
v  672.3330 10.0000 -27.4148
v  671.9322 0.0000 -26.9139
v  672.1326 5.0000 -27.1644
v  671.9322 10.0000 -26.9139
v  671.4423 0.0000 -26.5244
v  671.6873 5.0000 -26.7191
v  671.4423 10.0000 -26.5244
v  670.8633 0.0000 -26.2461
v  671.1528 5.0000 -26.3852
v  670.8633 10.0000 -26.2461
v  670.1953 0.0000 -26.0791
v  670.5293 5.0000 -26.1626
v  670.1953 10.0000 -26.0791
v  669.4382 0.0000 -26.0235
v  669.8168 5.0000 -26.0513
v  669.4382 10.0000 -26.0235
v  668.6410 0.0000 -26.0806
v  669.0396 5.0000 -26.0520
v  668.6410 10.0000 -26.0806
v  667.9376 0.0000 -26.2521
v  668.2892 5.0000 -26.1663
v  667.9376 10.0000 -26.2521
v  667.3279 0.0000 -26.5378
v  667.6328 5.0000 -26.3949
v  667.3279 10.0000 -26.5378
v  666.8121 0.0000 -26.9378
v  667.0699 5.0000 -26.7378
v  666.8121 10.0000 -26.9378
v  666.3900 0.0000 -27.4521
v  666.6010 5.0000 -27.1949
v  666.3900 10.0000 -27.4521
v  666.0617 0.0000 -28.0807
v  666.2258 5.0000 -27.7664
v  666.0617 10.0000 -28.0807
v  665.8273 0.0000 -28.8236
v  665.9445 5.0000 -28.4521
v  665.8273 10.0000 -28.8236
v  665.6865 0.0000 -29.6807
v  665.7569 5.0000 -29.2521
v  665.6865 10.0000 -29.6807
v  665.6396 0.0000 -30.6522
v  665.6631 5.0000 -30.1665
v  665.6396 10.0000 -30.6522
v  665.6858 0.0000 -31.5729
v  665.6627 5.0000 -31.1126
v  665.6858 10.0000 -31.5729
v  665.8242 0.0000 -32.3854
v  665.7549 5.0000 -31.9792
v  665.8242 10.0000 -32.3854
v  666.0547 0.0000 -33.0895
v  665.9395 5.0000 -32.7375
v  666.0547 10.0000 -33.0895
v  666.3776 0.0000 -33.6853
v  666.2161 5.0000 -33.3874
v  666.3776 10.0000 -33.6853
v  666.7927 0.0000 -34.1728
v  666.5851 5.0000 -33.9290
v  666.7927 10.0000 -34.1728
v  667.2999 0.0000 -34.5519
v  667.0463 5.0000 -34.3623
v  667.2999 10.0000 -34.5519
v  667.8995 0.0000 -34.8227
v  667.5997 5.0000 -34.6873
v  667.8995 10.0000 -34.8227
v  668.5913 0.0000 -34.9852
v  668.2454 5.0000 -34.9040
v  668.5913 10.0000 -34.9852
v  669.3753 0.0000 -35.0394
v  668.9833 5.0000 -35.0123
v  669.3753 10.0000 -35.0394
v  669.7605 5.0000 -35.0116
v  686.8000 0.0000 -19.3587
v  687.4629 0.0000 -19.1670
v  687.1315 5.0000 -19.2628
v  687.4629 10.0000 -19.1670
v  686.8000 10.0000 -19.3587
v  688.0375 0.0000 -18.8476
v  687.7502 5.0000 -19.0073
v  688.0375 10.0000 -18.8476
v  688.5236 0.0000 -18.4004
v  688.2805 5.0000 -18.6240
v  688.5236 10.0000 -18.4004
v  688.9213 0.0000 -17.8254
v  688.7224 5.0000 -18.1129
v  688.9213 10.0000 -17.8254
v  689.2307 0.0000 -17.1227
v  689.0760 5.0000 -17.4741
v  689.2307 10.0000 -17.1227
v  689.4517 0.0000 -16.2922
v  689.3411 5.0000 -16.7075
v  689.4517 10.0000 -16.2922
v  689.5842 0.0000 -15.3340
v  689.5179 5.0000 -15.8131
v  689.5842 10.0000 -15.3340
v  689.6284 0.0000 -14.2480
v  689.6063 5.0000 -14.7910
v  689.6284 10.0000 -14.2480
v  689.5850 0.0000 -13.2390
v  689.6067 5.0000 -13.7435
v  689.5850 10.0000 -13.2390
v  689.4547 0.0000 -12.3488
v  689.5199 5.0000 -12.7939
v  689.4547 10.0000 -12.3488
v  689.2377 0.0000 -11.5772
v  689.3462 5.0000 -11.9630
v  689.2377 10.0000 -11.5772
v  688.9337 0.0000 -10.9244
v  689.0857 5.0000 -11.2508
v  688.9337 10.0000 -10.9244
v  688.5430 0.0000 -10.3902
v  688.7383 5.0000 -10.6573
v  688.5430 10.0000 -10.3902
v  688.0654 0.0000 -9.9748
v  688.3042 5.0000 -10.1825
v  688.0654 10.0000 -9.9748
v  687.5010 0.0000 -9.6780
v  687.7832 5.0000 -9.8264
v  687.5010 10.0000 -9.6780
v  686.8497 0.0000 -9.5000
v  687.1754 5.0000 -9.5890
v  686.8497 10.0000 -9.5000
v  686.1116 0.0000 -9.4406
v  686.4807 5.0000 -9.4703
v  686.1116 10.0000 -9.4406
v  685.2953 0.0000 -9.5000
v  685.7035 5.0000 -9.4703
v  685.2953 10.0000 -9.5000
v  684.5752 0.0000 -9.6780
v  684.9353 5.0000 -9.5890
v  684.5752 10.0000 -9.6780
v  683.9510 0.0000 -9.9748
v  684.2631 5.0000 -9.8264
v  683.9510 10.0000 -9.9748
v  683.4229 0.0000 -10.3902
v  683.6869 5.0000 -10.1825
v  683.4229 10.0000 -10.3902
v  682.9907 0.0000 -10.9244
v  683.2068 5.0000 -10.6573
v  682.9907 10.0000 -10.9244
v  682.6546 0.0000 -11.5772
v  682.8226 5.0000 -11.2508
v  682.6546 10.0000 -11.5772
v  682.4146 0.0000 -12.3488
v  682.5345 5.0000 -11.9630
v  682.4146 10.0000 -12.3488
v  682.2705 0.0000 -13.2390
v  682.3425 5.0000 -12.7939
v  682.2705 10.0000 -13.2390
v  682.2225 0.0000 -14.2480
v  682.2465 5.0000 -13.7435
v  682.2225 10.0000 -14.2480
v  682.2697 0.0000 -15.3340
v  682.2461 5.0000 -14.7910
v  682.2697 10.0000 -15.3340
v  682.4114 0.0000 -16.2922
v  682.3406 5.0000 -15.8131
v  682.4114 10.0000 -16.2922
v  682.6476 0.0000 -17.1227
v  682.5295 5.0000 -16.7075
v  682.6476 10.0000 -17.1227
v  682.9783 0.0000 -17.8254
v  682.8129 5.0000 -17.4741
v  682.9783 10.0000 -17.8254
v  683.4034 0.0000 -18.4004
v  683.1909 5.0000 -18.1129
v  683.4034 10.0000 -18.4004
v  683.9230 0.0000 -18.8476
v  683.6632 5.0000 -18.6240
v  683.9230 10.0000 -18.8476
v  684.5371 0.0000 -19.1670
v  684.2301 5.0000 -19.0073
v  684.5371 10.0000 -19.1670
v  685.2457 0.0000 -19.3587
v  684.8914 5.0000 -19.2628
v  685.2457 10.0000 -19.3587
v  686.0487 0.0000 -19.4225
v  685.6472 5.0000 -19.3906
v  686.0487 10.0000 -19.4225
v  686.4244 5.0000 -19.3906
v  660.8136 0.0000 -5.9996
v  658.8571 10.0000 -6.7375
v  660.9636 0.0000 -7.0991
v  658.8118 0.0000 -5.6640
v  661.0511 0.0000 -9.5748
v  658.8571 0.0000 -6.7375
v  655.1053 0.0000 -11.3883
v  663.0413 0.0000 -15.4350
v  658.9760 0.0000 -8.0710
v  665.8962 0.0000 -18.1589
v  664.3781 0.0000 -10.6163
v  664.1114 0.0000 -10.0251
v  671.7061 0.0000 -24.8144
v  666.9456 0.0000 -19.9750
v  671.6383 0.0000 -23.6719
v  672.9287 0.0000 -24.6834
v  672.9081 0.0000 -25.7611
v  674.3101 0.0000 -25.5537
v  674.8763 0.0000 -26.5944
v  675.2858 0.0000 -27.7760
v  675.0814 0.0000 -28.8877
v  675.6196 0.0000 -29.9960
v  675.1832 0.0000 -31.3986
v  674.3864 0.0000 -32.1639
v  674.9495 0.0000 -33.0891
v  674.6177 0.0000 -34.1718
v  674.3033 0.0000 -35.6406
v  673.0352 0.0000 -36.2770
v  672.1760 0.0000 -36.7649
v  671.1736 0.0000 -37.0901
v  670.0280 0.0000 -37.2527
v  668.8249 0.0000 -37.7012
v  667.6746 0.0000 -37.5035
v  666.6255 0.0000 -37.1081
v  665.6779 0.0000 -36.5150
v  664.8347 0.0000 -35.7278
v  664.1307 0.0000 -34.7859
v  663.6003 0.0000 -33.7288
v  663.2466 0.0000 -32.5599
v  663.0699 0.0000 -31.2794
v  663.4921 0.0000 -30.0133
v  663.5955 0.0000 -28.8718
v  663.8025 0.0000 -27.8571
v  663.8318 0.0000 -26.5310
v  664.8098 0.0000 -25.8014
v  665.2899 0.0000 -24.7826
v  666.5139 0.0000 -24.6001
v  671.3504 0.0000 -21.7939
v  670.6423 0.0000 -20.7689
v  669.9951 0.0000 -19.7945
v  669.4087 0.0000 -18.8705
v  668.8832 0.0000 -17.9971
v  668.4186 0.0000 -17.1741
v  667.8672 0.0000 -21.1211
v  668.1714 0.0000 -18.8215
v  657.0964 0.0000 -13.3157
v  656.7797 0.0000 -15.5020
v  656.2760 0.0000 -17.9738
v  654.8749 0.0000 -19.9903
v  655.0360 0.0000 -22.6928
v  667.3964 0.0000 -47.1143
v  691.0663 0.0000 -23.5876
v  662.1979 0.0000 -51.5127
v  658.0120 0.0000 -51.4071
v  656.1486 0.0000 -49.5096
v  654.5789 0.0000 -47.7524
v  653.2324 0.0000 -45.5921
v  652.1631 0.0000 -43.2533
v  651.3904 0.0000 -40.8161
v  650.9141 0.0000 -38.2807
v  650.7311 0.0000 -35.7233
v  651.6790 0.0000 -34.0025
v  651.7644 0.0000 -32.9751
v  651.9024 0.0000 -31.8728
v  652.0929 0.0000 -30.6956
v  652.3358 0.0000 -29.4433
v  652.6313 0.0000 -28.1161
v  654.2800 0.0000 -27.5207
v  653.1155 0.0000 -26.1817
v  653.5354 0.0000 -24.6875
v  699.6785 0.0000 -20.9738
v  690.5208 0.0000 -23.4570
v  690.4029 0.0000 -24.0533
v  690.2261 0.0000 -24.5643
v  689.9904 0.0000 -24.9902
v  689.6958 0.0000 -25.3310
v  689.3423 0.0000 -25.5865
v  688.9298 0.0000 -25.7568
v  688.4166 0.0000 -35.4990
v  684.1763 0.0000 -25.1629
v  687.9250 0.0000 -43.6768
v  687.1650 0.0000 -45.7937
v  686.1116 0.0000 -47.6440
v  684.7774 0.0000 -49.2076
v  683.1688 0.0000 -51.0179
v  680.5983 0.0000 -51.5154
v  678.4642 0.0000 -51.8785
v  673.5399 0.0000 -49.0953
v  684.1628 0.0000 -20.9797
v  683.7979 0.0000 -32.1573
v  682.2479 0.0000 -22.8491
v  681.0958 0.0000 -21.5857
v  680.0813 0.0000 -20.4338
v  679.7083 0.0000 -19.0149
v  679.3036 0.0000 -17.8496
v  679.0533 0.0000 -16.5381
v  679.5034 0.0000 -15.2623
v  679.5260 0.0000 -13.9381
v  679.6879 0.0000 -12.3771
v  680.0118 0.0000 -11.0112
v  680.4976 0.0000 -9.8404
v  681.1453 0.0000 -8.8647
v  681.9550 0.0000 -8.0842
v  682.9265 0.0000 -7.4988
v  684.0601 0.0000 -7.1086
v  685.3555 0.0000 -6.9135
v  686.6821 0.0000 -6.3970
v  687.9176 0.0000 -6.6155
v  689.3889 0.0000 -6.8830
v  690.3804 0.0000 -8.0290
v  691.1935 0.0000 -8.9716
v  691.8391 0.0000 -10.0680
v  692.3051 0.0000 -11.3011
v  692.0521 0.0000 -12.4644
v  693.6259 0.0000 -16.1990
v  693.6505 0.0000 -23.8792
v  706.1307 0.0000 -36.1274
v  703.6299 0.0000 -5.6799
v  698.4937 0.0000 -21.8598
v  697.2816 0.0000 -22.2925
v  696.2754 0.0000 -23.2415
v  694.8374 0.0000 -21.8375
v  694.3698 0.0000 -21.9129
v  703.5814 0.0000 -6.5202
v  707.2642 0.0000 -7.0349
v  707.1822 0.0000 -10.1837
v  706.2568 0.0000 -11.8934
v  704.4384 0.0000 -12.5768
v  704.1473 0.0000 -13.3162
v  703.8077 0.0000 -14.0354
v  703.4197 0.0000 -14.7345
v  702.9943 0.0000 -15.3995
v  702.2204 0.0000 -17.3025
v  698.8358 0.0000 -18.9492
v  658.8118 10.0000 -5.6640
v  658.8617 10.0000 -7.7746
v  661.0484 10.0000 -8.0420
v  661.2389 10.0000 -8.5025
v  661.2225 10.0000 -9.9692
v  664.3781 10.0000 -10.6163
v  655.0360 10.0000 -22.6928
v  653.5354 10.0000 -24.6875
v  654.8749 10.0000 -19.9903
v  656.2760 10.0000 -17.9738
v  656.7797 10.0000 -15.5020
v  657.0964 10.0000 -13.3157
v  655.1053 10.0000 -11.3883
v  653.1155 10.0000 -26.1817
v  654.2800 10.0000 -27.5207
v  652.6313 10.0000 -28.1161
v  652.3358 10.0000 -29.4433
v  652.0929 10.0000 -30.6956
v  651.9024 10.0000 -31.8728
v  651.7644 10.0000 -32.9751
v  651.6790 10.0000 -34.0025
v  650.7311 10.0000 -35.7233
v  650.9141 10.0000 -38.2807
v  651.3904 10.0000 -40.8161
v  652.1632 10.0000 -43.2533
v  653.2324 10.0000 -45.5921
v  654.5789 10.0000 -47.7524
v  656.1486 10.0000 -49.5096
v  658.0120 10.0000 -51.4071
v  662.1979 10.0000 -51.5127
v  673.5399 10.0000 -49.0953
v  678.4642 10.0000 -51.8785
v  667.3964 10.0000 -47.1143
v  680.5983 10.0000 -51.5154
v  683.1688 10.0000 -51.0179
v  684.7774 10.0000 -49.2076
v  686.1116 10.0000 -47.6440
v  687.1650 10.0000 -45.7937
v  687.9250 10.0000 -43.6768
v  688.3916 10.0000 -41.2932
v  687.1993 10.0000 -32.4822
v  683.8199 10.0000 -27.0976
v  688.9298 10.0000 -25.7568
v  689.3423 10.0000 -25.5865
v  689.6958 10.0000 -25.3310
v  689.9904 10.0000 -24.9902
v  690.2261 10.0000 -24.5643
v  690.4029 10.0000 -24.0533
v  690.5208 10.0000 -23.4570
v  693.6505 10.0000 -23.8792
v  694.3698 10.0000 -21.9129
v  691.0663 10.0000 -23.5876
v  694.8374 10.0000 -21.8375
v  696.2754 10.0000 -23.2415
v  697.2816 10.0000 -22.2925
v  698.4937 10.0000 -21.8598
v  699.0980 10.0000 -20.8057
v  699.6714 10.0000 -20.0805
v  706.1307 10.0000 -36.1274
v  702.9943 10.0000 -15.3995
v  702.2204 10.0000 -17.3025
v  703.4197 10.0000 -14.7345
v  703.8077 10.0000 -14.0354
v  704.1473 10.0000 -13.3162
v  704.4384 10.0000 -12.5768
v  706.2568 10.0000 -11.8934
v  707.1822 10.0000 -10.1837
v  707.2642 10.0000 -7.0349
v  703.5814 10.0000 -6.5202
v  703.6299 10.0000 -5.6799
v  693.6259 10.0000 -16.1990
v  692.0521 10.0000 -12.4644
v  692.3051 10.0000 -11.3011
v  691.8391 10.0000 -10.0680
v  691.1935 10.0000 -8.9716
v  690.3804 10.0000 -8.0290
v  689.3889 10.0000 -6.8830
v  687.9176 10.0000 -6.6155
v  686.6821 10.0000 -6.3970
v  685.3555 10.0000 -6.9135
v  684.0601 10.0000 -7.1086
v  682.9265 10.0000 -7.4988
v  681.9550 10.0000 -8.0842
v  681.1453 10.0000 -8.8647
v  680.4976 10.0000 -9.8404
v  680.0118 10.0000 -11.0112
v  679.6879 10.0000 -12.3771
v  679.5260 10.0000 -13.9381
v  679.5034 10.0000 -15.2623
v  679.0533 10.0000 -16.5381
v  679.3036 10.0000 -17.8496
v  679.7083 10.0000 -19.0149
v  680.0813 10.0000 -20.4338
v  681.0958 10.0000 -21.5857
v  682.2479 10.0000 -22.8491
v  684.1628 10.0000 -20.9797
v  684.6666 10.0000 -21.0649
v  666.5139 10.0000 -24.6001
v  665.2899 10.0000 -24.7826
v  666.9456 10.0000 -19.9750
v  665.8962 10.0000 -18.1589
v  663.0413 10.0000 -15.4350
v  664.8098 10.0000 -25.8014
v  663.8318 10.0000 -26.5310
v  663.8025 10.0000 -27.8571
v  663.5955 10.0000 -28.8718
v  663.4921 10.0000 -30.0133
v  663.0699 10.0000 -31.2794
v  663.2466 10.0000 -32.5599
v  663.6003 10.0000 -33.7288
v  664.1307 10.0000 -34.7859
v  664.8347 10.0000 -35.7278
v  665.6779 10.0000 -36.5150
v  666.6255 10.0000 -37.1081
v  667.6745 10.0000 -37.5035
v  668.8250 10.0000 -37.7012
v  670.0280 10.0000 -37.2527
v  671.1736 10.0000 -37.0901
v  672.1760 10.0000 -36.7649
v  673.0352 10.0000 -36.2770
v  674.3033 10.0000 -35.6406
v  674.6177 10.0000 -34.1717
v  674.9495 10.0000 -33.0891
v  674.3864 10.0000 -32.1639
v  675.1833 10.0000 -31.3986
v  675.6196 10.0000 -29.9960
v  675.0814 10.0000 -28.8877
v  675.2858 10.0000 -27.7760
v  674.8763 10.0000 -26.5944
v  674.3101 10.0000 -25.5537
v  672.9081 10.0000 -25.7611
v  672.9287 10.0000 -24.6834
v  671.9946 10.0000 -23.7275
v  669.9951 10.0000 -19.7945
v  668.1714 10.0000 -18.8215
v  670.6423 10.0000 -20.7689
v  671.0616 10.0000 -22.8652
v  667.8672 10.0000 -21.1211
v  668.4186 10.0000 -17.1741
v  668.8832 10.0000 -17.9971
v  669.4087 10.0000 -18.8705
v  660.8136 10.0000 -5.9996
# 1321 vertices

vn 0.7106 -0.7035 -0.0113
vn 0.7130 -0.6996 -0.0469
vn 0.9995 0.0000 -0.0318
vn 0.7130 0.6996 -0.0469
vn 0.7106 0.7035 -0.0113
vn 0.7085 -0.6990 -0.0971
vn 0.9950 0.0000 -0.0995
vn 0.7085 0.6990 -0.0971
vn 0.6997 -0.6984 -0.1507
vn 0.9851 0.0000 -0.1720
vn 0.6997 0.6984 -0.1507
vn 0.6857 -0.6978 -0.2070
vn 0.9686 0.0000 -0.2488
vn 0.6857 0.6978 -0.2070
vn 0.6659 -0.6974 -0.2648
vn 0.9445 0.0000 -0.3286
vn 0.6659 0.6974 -0.2648
vn 0.6401 -0.6971 -0.3230
vn 0.9122 0.0000 -0.4098
vn 0.6401 0.6971 -0.3230
vn 0.6082 -0.6969 -0.3800
vn 0.8715 0.0000 -0.4904
vn 0.6082 0.6969 -0.3800
vn 0.5708 -0.6969 -0.4341
vn 0.8229 0.0000 -0.5682
vn 0.5708 0.6969 -0.4341
vn 0.5282 -0.6967 -0.4855
vn 0.7673 0.0000 -0.6413
vn 0.5282 0.6967 -0.4855
vn 0.4790 -0.6960 -0.5349
vn 0.7035 0.0000 -0.7106
vn 0.4790 0.6960 -0.5349
vn 0.4228 -0.6958 -0.5806
vn 0.6290 0.0000 -0.7774
vn 0.4228 0.6958 -0.5806
vn 0.3617 -0.6959 -0.6204
vn 0.5468 0.0000 -0.8373
vn 0.3617 0.6959 -0.6204
vn 0.2978 -0.6962 -0.6532
vn 0.4593 0.0000 -0.8883
vn 0.2978 0.6962 -0.6532
vn 0.2332 -0.6966 -0.6785
vn 0.3694 0.0000 -0.9293
vn 0.2332 0.6966 -0.6785
vn 0.1698 -0.6972 -0.6965
vn 0.2799 0.0000 -0.9600
vn 0.1698 0.6972 -0.6965
vn 0.1092 -0.6979 -0.7078
vn 0.1933 0.0000 -0.9811
vn 0.1092 0.6979 -0.7078
vn 0.0526 -0.6986 -0.7135
vn 0.1115 0.0000 -0.9938
vn 0.0526 0.6986 -0.7135
vn -0.1826 -0.6502 -0.7375
vn 0.0355 0.0000 -0.9994
vn -0.1826 0.6502 -0.7375
vn -0.0147 -0.8310 -0.5561
vn -0.4978 0.0000 -0.8673
vn -0.0147 0.8310 -0.5561
vn 0.1544 -0.6530 -0.7414
vn 0.4513 0.0000 -0.8924
vn 0.1544 0.6530 -0.7414
vn -0.0849 -0.6937 -0.7152
vn -0.0575 0.0000 -0.9983
vn -0.0849 0.6937 -0.7152
vn -0.1726 -0.6932 -0.6998
vn -0.1777 0.0000 -0.9841
vn -0.1726 0.6932 -0.6998
vn -0.2602 -0.6930 -0.6724
vn -0.3004 0.0000 -0.9538
vn -0.2602 0.6930 -0.6724
vn -0.3430 -0.6933 -0.6338
vn -0.4198 0.0000 -0.9076
vn -0.3430 0.6933 -0.6338
vn -0.4175 -0.6939 -0.5867
vn -0.5302 0.0000 -0.8479
vn -0.4175 0.6939 -0.5867
vn -0.4815 -0.6949 -0.5342
vn -0.6274 0.0000 -0.7787
vn -0.4815 0.6949 -0.5342
vn -0.5342 -0.6960 -0.4798
vn -0.7095 0.0000 -0.7047
vn -0.5342 0.6960 -0.4798
vn -0.5764 -0.6972 -0.4263
vn -0.7766 0.0000 -0.6300
vn -0.5764 0.6972 -0.4263
vn -0.6056 -0.6998 -0.3788
vn -0.8299 0.0000 -0.5579
vn -0.6056 0.6998 -0.3788
vn -0.6256 -0.7013 -0.3418
vn -0.8648 0.0000 -0.5021
vn -0.6256 0.7013 -0.3418
vn -0.6433 -0.7010 -0.3080
vn -0.8897 0.0000 -0.4565
vn -0.6433 0.7010 -0.3080
vn -0.6600 -0.7006 -0.2713
vn -0.9135 0.0000 -0.4069
vn -0.6600 0.7006 -0.2713
vn -0.6752 -0.7003 -0.2316
vn -0.9356 0.0000 -0.3531
vn -0.6752 0.7003 -0.2316
vn -0.6886 -0.7000 -0.1892
vn -0.9553 0.0000 -0.2955
vn -0.6886 0.7000 -0.1892
vn -0.6996 -0.6998 -0.1444
vn -0.9722 0.0000 -0.2343
vn -0.6996 0.6998 -0.1444
vn -0.7079 -0.6996 -0.0976
vn -0.9855 0.0000 -0.1699
vn -0.7079 0.6996 -0.0976
vn -0.7130 -0.6995 -0.0492
vn -0.9947 0.0000 -0.1030
vn -0.7130 0.6995 -0.0492
vn -0.7145 -0.6997 -0.0008
vn -0.9994 0.0000 -0.0346
vn -0.7145 0.6997 -0.0008
vn -0.7119 -0.7010 0.0425
vn -0.9995 0.0000 0.0323
vn -0.7119 0.7010 0.0425
vn -0.7078 -0.7022 0.0774
vn -0.9962 0.0000 0.0868
vn -0.7078 0.7022 0.0774
vn -0.7032 -0.7030 0.1057
vn -0.9914 0.0000 0.1306
vn -0.7032 0.7030 0.1057
vn -0.6987 -0.7037 0.1289
vn -0.9860 0.0000 0.1665
vn -0.6987 0.7037 0.1289
vn -0.6943 -0.7042 0.1482
vn -0.9806 0.0000 0.1963
vn -0.6943 0.7042 0.1482
vn -0.6902 -0.7046 0.1646
vn -0.9752 0.0000 0.2213
vn -0.6902 0.7046 0.1646
vn -0.6864 -0.7050 0.1786
vn -0.9701 0.0000 0.2426
vn -0.6864 0.7050 0.1786
vn -0.6828 -0.7053 0.1906
vn -0.9654 0.0000 0.2609
vn -0.6828 0.7053 0.1906
vn -0.6794 -0.7073 0.1950
vn -0.9609 0.0000 0.2769
vn -0.6794 0.7073 0.1950
vn -0.6796 -0.7092 0.1876
vn -0.9615 0.0000 0.2748
vn -0.6796 0.7092 0.1876
vn -0.6829 -0.7094 0.1744
vn -0.9663 0.0000 0.2574
vn -0.6829 0.7094 0.1744
vn -0.6862 -0.7097 0.1593
vn -0.9714 0.0000 0.2375
vn -0.6862 0.7097 0.1593
vn -0.6896 -0.7101 0.1420
vn -0.9767 0.0000 0.2148
vn -0.6896 0.7101 0.1420
vn -0.6929 -0.7106 0.1220
vn -0.9820 0.0000 0.1886
vn -0.6929 0.7106 0.1220
vn -0.6960 -0.7112 0.0986
vn -0.9874 0.0000 0.1582
vn -0.6960 0.7112 0.0986
vn -0.6986 -0.7119 0.0711
vn -0.9925 0.0000 0.1224
vn -0.6986 0.7119 0.0711
vn -0.7002 -0.7129 0.0383
vn -0.9968 0.0000 0.0800
vn -0.7002 0.7129 0.0383
vn -0.5681 -0.5789 0.5849
vn -0.9996 0.0000 0.0292
vn -0.5681 0.5789 0.5849
vn 0.5406 -0.5836 0.6060
vn 0.0000 0.0000 1.0000
vn 0.5406 0.5836 0.6060
vn 0.6812 -0.7218 0.1224
vn 0.9935 0.0000 0.1137
vn 0.6812 0.7218 0.1224
vn 0.6728 -0.7149 0.1905
vn 0.9709 0.0000 0.2394
vn 0.6728 0.7149 0.1905
vn 0.6641 -0.7119 0.2284
vn 0.9523 0.0000 0.3052
vn 0.6641 0.7119 0.2284
vn 0.6570 -0.7103 0.2524
vn 0.9385 0.0000 0.3452
vn 0.6570 0.7103 0.2524
vn 0.6515 -0.7094 0.2689
vn 0.9282 0.0000 0.3720
vn 0.6515 0.7094 0.2689
vn 0.6470 -0.7089 0.2809
vn 0.9204 0.0000 0.3910
vn 0.6470 0.7089 0.2809
vn 0.6434 -0.7085 0.2900
vn 0.9142 0.0000 0.4053
vn 0.6434 0.7085 0.2900
vn 0.6404 -0.7082 0.2971
vn 0.9092 0.0000 0.4164
vn 0.6404 0.7082 0.2971
vn 0.6339 -0.7098 0.3072
vn 0.9051 0.0000 0.4252
vn 0.6339 0.7098 0.3072
vn 0.6234 -0.7111 0.3253
vn 0.8946 0.0000 0.4470
vn 0.6234 0.7111 0.3253
vn 0.6130 -0.7105 0.3456
vn 0.8783 0.0000 0.4781
vn 0.6130 0.7105 0.3456
vn 0.6036 -0.7100 0.3627
vn 0.8637 0.0000 0.5041
vn 0.6036 0.7100 0.3627
vn 0.5950 -0.7096 0.3773
vn 0.8504 0.0000 0.5261
vn 0.5950 0.7096 0.3773
vn 0.5873 -0.7093 0.3898
vn 0.8385 0.0000 0.5449
vn 0.5873 0.7093 0.3898
vn 0.5803 -0.7090 0.4007
vn 0.8278 0.0000 0.5611
vn 0.5803 0.7090 0.4007
vn 0.5739 -0.7088 0.4101
vn 0.8180 0.0000 0.5752
vn 0.5739 0.7088 0.4101
vn 0.5681 -0.7086 0.4185
vn 0.8091 0.0000 0.5876
vn 0.5681 0.7086 0.4185
vn 0.5778 -0.7029 0.4149
vn 0.8011 0.0000 0.5986
vn 0.5778 0.7029 0.4149
vn 0.6063 -0.6977 0.3815
vn 0.8232 0.0000 0.5678
vn 0.6063 0.6977 0.3815
vn 0.6358 -0.6980 0.3295
vn 0.8682 0.0000 0.4963
vn 0.6358 0.6980 0.3295
vn 0.6600 -0.6983 0.2770
vn 0.9060 0.0000 0.4232
vn 0.6600 0.6983 0.2770
vn 0.6790 -0.6987 0.2251
vn 0.9367 0.0000 0.3502
vn 0.6790 0.6987 0.2251
vn 0.6932 -0.6992 0.1748
vn 0.9604 0.0000 0.2787
vn 0.6932 0.6992 0.1748
vn 0.7031 -0.6997 0.1267
vn 0.9777 0.0000 0.2099
vn 0.7031 0.6997 0.1267
vn 0.7092 -0.7002 0.0815
vn 0.9895 0.0000 0.1447
vn 0.7092 0.7002 0.0815
vn 0.7123 -0.7008 0.0394
vn 0.9965 0.0000 0.0835
vn 0.7123 0.7008 0.0394
vn 0.7159 -0.6982 -0.0097
vn 0.9996 0.0000 0.0267
vn 0.7159 0.6982 -0.0097
vn 0.7159 -0.6931 -0.0844
vn 0.9986 0.0000 -0.0538
vn 0.7159 0.6931 -0.0844
vn 0.6997 -0.6898 -0.1859
vn 0.9837 0.0000 -0.1801
vn 0.6997 0.6898 -0.1859
vn 0.6601 -0.6865 -0.3051
vn 0.9433 0.0000 -0.3320
vn 0.6601 0.6865 -0.3051
vn 0.5877 -0.6839 -0.4324
vn 0.8641 0.0000 -0.5033
vn 0.5877 0.6839 -0.4324
vn 0.4809 -0.6830 -0.5498
vn 0.7377 0.0000 -0.6751
vn 0.4809 0.6830 -0.5498
vn 0.3513 -0.6843 -0.6390
vn 0.5709 0.0000 -0.8210
vn 0.3513 0.6843 -0.6390
vn 0.2192 -0.6871 -0.6927
vn 0.3874 0.0000 -0.9219
vn 0.2192 0.6871 -0.6927
vn 0.1007 -0.6905 -0.7163
vn 0.2135 0.0000 -0.9769
vn 0.1007 0.6905 -0.7163
vn 0.0077 -0.6953 -0.7187
vn 0.0641 0.0000 -0.9979
vn 0.0077 0.6953 -0.7187
vn -0.0626 -0.6972 -0.7142
vn -0.0427 0.0000 -0.9991
vn -0.0626 0.6972 -0.7142
vn -0.1278 -0.6967 -0.7059
vn -0.1317 0.0000 -0.9913
vn -0.1278 0.6967 -0.7059
vn -0.1946 -0.6964 -0.6908
vn -0.2241 0.0000 -0.9746
vn -0.1946 0.6964 -0.6908
vn -0.2611 -0.6962 -0.6687
vn -0.3175 0.0000 -0.9483
vn -0.2611 0.6962 -0.6687
vn -0.3254 -0.6963 -0.6398
vn -0.4091 0.0000 -0.9125
vn -0.3254 0.6963 -0.6398
vn -0.3855 -0.6965 -0.6052
vn -0.4964 0.0000 -0.8681
vn -0.3855 0.6965 -0.6052
vn -0.4402 -0.6969 -0.5661
vn -0.5770 0.0000 -0.8168
vn -0.4402 0.6969 -0.5661
vn -0.4885 -0.6975 -0.5243
vn -0.6494 0.0000 -0.7605
vn -0.4885 0.6975 -0.5243
vn -0.5304 -0.6981 -0.4811
vn -0.7127 0.0000 -0.7015
vn -0.5304 0.6981 -0.4811
vn -0.5682 -0.6979 -0.4360
vn -0.7674 0.0000 -0.6411
vn -0.5682 0.6979 -0.4360
vn -0.6030 -0.6976 -0.3868
vn -0.8179 0.0000 -0.5753
vn -0.6030 0.6976 -0.3868
vn -0.6341 -0.6975 -0.3338
vn -0.8640 0.0000 -0.5036
vn -0.6341 0.6975 -0.3338
vn -0.6604 -0.6975 -0.2779
vn -0.9041 0.0000 -0.4272
vn -0.6604 0.6975 -0.2779
vn -0.6816 -0.6977 -0.2205
vn -0.9376 0.0000 -0.3478
vn -0.6816 0.6977 -0.2205
vn -0.6973 -0.6980 -0.1629
vn -0.9636 0.0000 -0.2673
vn -0.6973 0.6980 -0.1629
vn -0.7078 -0.6984 -0.1064
vn -0.9823 0.0000 -0.1874
vn -0.7078 0.6984 -0.1064
vn -0.7134 -0.6988 -0.0520
vn -0.9940 0.0000 -0.1097
vn -0.7134 0.6988 -0.0520
vn -0.7153 -0.6988 0.0014
vn -0.9994 0.0000 -0.0355
vn -0.7153 0.6988 0.0014
vn -0.7145 -0.6971 0.0606
vn -0.9992 0.0000 0.0393
vn -0.7145 0.6971 0.0606
vn -0.7068 -0.6950 0.1320
vn -0.9916 0.0000 0.1296
vn -0.7068 0.6950 0.1320
vn -0.6880 -0.6927 0.2164
vn -0.9715 0.0000 0.2370
vn -0.6880 0.6927 0.2164
vn -0.6525 -0.6902 0.3127
vn -0.9323 0.0000 0.3617
vn -0.6525 0.6902 0.3127
vn -0.5945 -0.6881 0.4160
vn -0.8660 0.0000 0.5001
vn -0.5945 0.6881 0.4160
vn -0.5113 -0.6868 0.5166
vn -0.7665 0.0000 0.6423
vn -0.5113 0.6868 0.5166
vn -0.4069 -0.6868 0.6024
vn -0.6344 0.0000 0.7730
vn -0.4069 0.6868 0.6024
vn -0.2917 -0.6880 0.6645
vn -0.4802 0.0000 0.8772
vn -0.2917 0.6880 0.6645
vn -0.3500 -0.9277 0.1299
vn -0.3206 0.0000 0.9472
vn -0.3500 0.9277 0.1299
vn -0.6029 -0.7095 -0.3649
vn -0.8609 0.0000 -0.5088
vn -0.6029 0.7095 -0.3649
vn -0.6045 -0.7057 -0.3695
vn -0.8500 0.0000 -0.5268
vn -0.6045 0.7057 -0.3695
vn -0.6096 -0.7055 -0.3615
vn -0.8565 0.0000 -0.5162
vn -0.6096 0.7055 -0.3615
vn -0.6152 -0.7053 -0.3523
vn -0.8637 0.0000 -0.5040
vn -0.6152 0.7053 -0.3523
vn -0.6216 -0.7050 -0.3414
vn -0.8719 0.0000 -0.4897
vn -0.6216 0.7050 -0.3414
vn -0.6289 -0.7046 -0.3286
vn -0.8811 0.0000 -0.4730
vn -0.6289 0.7046 -0.3286
vn -0.6373 -0.7041 -0.3132
vn -0.8915 0.0000 -0.4531
vn -0.6373 0.7041 -0.3132
vn -0.6469 -0.7035 -0.2944
vn -0.9033 0.0000 -0.4290
vn -0.6469 0.7035 -0.2944
vn -0.6580 -0.7026 -0.2710
vn -0.9168 0.0000 -0.3994
vn -0.6580 0.7026 -0.2710
vn 0.0179 -0.9944 -0.1046
vn -0.9321 0.0000 -0.3621
vn 0.0179 0.9944 -0.1046
vn 0.7119 -0.7010 -0.0419
vn 0.9995 0.0000 -0.0315
vn 0.7119 0.7010 -0.0419
vn 0.7079 -0.7020 -0.0774
vn 0.9963 0.0000 -0.0860
vn 0.7079 0.7020 -0.0774
vn 0.7033 -0.7028 -0.1068
vn 0.9914 0.0000 -0.1312
vn 0.7033 0.7028 -0.1068
vn 0.6985 -0.7035 -0.1316
vn 0.9856 0.0000 -0.1691
vn 0.6985 0.7035 -0.1316
vn 0.6937 -0.7040 -0.1526
vn 0.9796 0.0000 -0.2011
vn 0.6937 0.7040 -0.1526
vn 0.6890 -0.7044 -0.1706
vn 0.9735 0.0000 -0.2285
vn 0.6890 0.7044 -0.1706
vn 0.6846 -0.7047 -0.1861
vn 0.9677 0.0000 -0.2521
vn 0.6846 0.7047 -0.1861
vn 0.6805 -0.7050 -0.1997
vn 0.9621 0.0000 -0.2726
vn 0.6805 0.7050 -0.1997
vn 0.6766 -0.7078 -0.2031
vn 0.9568 0.0000 -0.2906
vn 0.6766 0.7078 -0.2031
vn 0.6776 -0.7099 -0.1920
vn 0.9587 0.0000 -0.2845
vn 0.6776 0.7099 -0.1920
vn 0.6821 -0.7101 -0.1745
vn 0.9654 0.0000 -0.2608
vn 0.6821 0.7101 -0.1745
vn 0.6864 -0.7104 -0.1555
vn 0.9720 0.0000 -0.2349
vn 0.6864 0.7104 -0.1555
vn 0.6905 -0.7106 -0.1348
vn 0.9784 0.0000 -0.2068
vn 0.6905 0.7106 -0.1348
vn 0.6943 -0.7109 -0.1122
vn 0.9844 0.0000 -0.1762
vn 0.6943 0.7109 -0.1122
vn 0.6974 -0.7113 -0.0875
vn 0.9898 0.0000 -0.1428
vn 0.6974 0.7113 -0.0875
vn 0.6999 -0.7116 -0.0607
vn 0.9943 0.0000 -0.1063
vn 0.6999 0.7116 -0.0607
vn 0.7014 -0.7120 -0.0315
vn 0.9978 0.0000 -0.0665
vn 0.7014 0.7120 -0.0315
vn 0.7008 -0.7133 0.0030
vn 0.9997 0.0000 -0.0231
vn 0.7008 0.7133 0.0030
vn 0.6969 -0.7155 0.0479
vn 0.9995 0.0000 0.0316
vn 0.6969 0.7155 0.0479
vn 0.6885 -0.7176 0.1050
vn 0.9944 0.0000 0.1054
vn 0.6885 0.7176 0.1050
vn 0.6715 -0.7202 0.1745
vn 0.9806 0.0000 0.1959
vn 0.6715 0.7202 0.1745
vn 0.6405 -0.7234 0.2576
vn 0.9519 0.0000 0.3064
vn 0.6405 0.7234 0.2576
vn 0.5888 -0.7271 0.3531
vn 0.8989 0.0000 0.4381
vn 0.5888 0.7271 0.3531
vn 0.5097 -0.7306 0.4544
vn 0.8099 0.0000 0.5866
vn 0.5097 0.7306 0.4544
vn 0.4020 -0.7326 0.5493
vn 0.6755 0.0000 0.7374
vn 0.4020 0.7326 0.5493
vn 0.2736 -0.7323 0.6236
vn 0.4986 0.0000 0.8668
vn 0.2736 0.7323 0.6236
vn -0.0628 -0.8092 0.5841
vn 0.3001 0.0000 0.9539
vn -0.0628 0.8092 0.5841
vn -0.0048 -0.6116 0.7912
vn -0.4960 0.0000 0.8683
vn -0.0048 0.6116 0.7912
vn 0.1223 -0.7824 0.6107
vn 0.4853 0.0000 0.8743
vn 0.1223 0.7824 0.6107
vn -0.1590 -0.7365 0.6575
vn -0.1111 0.0000 0.9938
vn -0.1590 0.7365 0.6575
vn -0.3216 -0.7384 0.5927
vn -0.3552 0.0000 0.9348
vn -0.3216 0.7384 0.5927
vn -0.4640 -0.7361 0.4927
vn -0.5900 0.0000 0.8074
vn -0.4640 0.7361 0.4927
vn -0.5678 -0.7311 0.3783
vn -0.7706 0.0000 0.6373
vn -0.5678 0.7311 0.3783
vn -0.6327 -0.7257 0.2704
vn -0.8849 0.0000 0.4658
vn -0.6327 0.7257 0.2704
vn -0.6691 -0.7213 0.1791
vn -0.9482 0.0000 0.3176
vn -0.6691 0.7213 0.1791
vn -0.6881 -0.7179 0.1056
vn -0.9801 0.0000 0.1984
vn -0.6881 0.7179 0.1056
vn -0.6970 -0.7155 0.0474
vn -0.9945 0.0000 0.1047
vn -0.6970 0.7155 0.0474
vn -0.7035 -0.7106 0.0109
vn -0.9995 0.0000 0.0309
vn -0.7035 0.7106 0.0109
vn -0.3241 -0.8964 -0.3025
vn -1.0000 0.0000 -0.0000
vn -0.3241 0.8964 -0.3025
vn -0.0983 -0.6922 -0.7150
vn -0.0688 0.0000 -0.9976
vn -0.0983 0.6922 -0.7150
vn -0.1918 -0.6928 -0.6951
vn -0.2031 0.0000 -0.9792
vn -0.1918 0.6928 -0.6951
vn -0.2762 -0.6939 -0.6650
vn -0.3277 0.0000 -0.9448
vn -0.2762 0.6939 -0.6650
vn -0.3492 -0.6952 -0.6283
vn -0.4380 0.0000 -0.8990
vn -0.3492 0.6952 -0.6283
vn -0.4104 -0.6965 -0.5886
vn -0.5321 0.0000 -0.8467
vn -0.4104 0.6965 -0.5886
vn -0.4606 -0.6978 -0.5486
vn -0.6104 0.0000 -0.7921
vn -0.4606 0.6978 -0.5486
vn -0.5014 -0.6990 -0.5100
vn -0.6746 0.0000 -0.7382
vn -0.5014 0.6990 -0.5100
vn -0.5343 -0.7000 -0.4738
vn -0.7267 0.0000 -0.6870
vn -0.5343 0.7000 -0.4738
vn -0.5662 -0.6990 -0.4368
vn -0.7690 0.0000 -0.6393
vn -0.5662 0.6990 -0.4368
vn -0.6007 -0.6974 -0.3909
vn -0.8135 0.0000 -0.5816
vn -0.6007 0.6974 -0.3909
vn -0.6319 -0.6977 -0.3376
vn -0.8611 0.0000 -0.5084
vn -0.6319 0.6977 -0.3376
vn -0.6575 -0.6980 -0.2836
vn -0.9012 0.0000 -0.4333
vn -0.6575 0.6980 -0.2836
vn -0.6776 -0.6985 -0.2302
vn -0.9336 0.0000 -0.3582
vn -0.6776 0.6985 -0.2302
vn -0.6925 -0.6990 -0.1785
vn -0.9586 0.0000 -0.2847
vn -0.6925 0.6990 -0.1785
vn -0.7028 -0.6995 -0.1292
vn -0.9768 0.0000 -0.2142
vn -0.7028 0.6995 -0.1292
vn -0.7092 -0.7001 -0.0830
vn -0.9891 0.0000 -0.1474
vn -0.7092 0.7001 -0.0830
vn -0.7124 -0.7007 -0.0400
vn -0.9964 0.0000 -0.0849
vn -0.7124 0.7007 -0.0400
vn -0.7155 -0.6986 0.0079
vn -0.9996 0.0000 -0.0272
vn -0.7155 0.6986 0.0079
vn -0.7156 -0.6942 0.0774
vn -0.9988 0.0000 0.0493
vn -0.7156 0.6942 0.0774
vn -0.7022 -0.6911 0.1712
vn -0.9862 0.0000 0.1655
vn -0.7022 0.6911 0.1712
vn -0.6684 -0.6876 0.2836
vn -0.9517 0.0000 0.3071
vn -0.6684 0.6876 0.2836
vn -0.6040 -0.6845 0.4081
vn -0.8821 0.0000 0.4710
vn -0.6040 0.6845 0.4081
vn -0.5038 -0.6828 0.5291
vn -0.7661 0.0000 0.6427
vn -0.5038 0.6828 0.5291
vn -0.3750 -0.6833 0.6265
vn -0.6043 0.0000 0.7967
vn -0.3750 0.6833 0.6265
vn -0.2372 -0.6858 0.6881
vn -0.4167 0.0000 0.9090
vn -0.2372 0.6858 0.6881
vn -0.1097 -0.6891 0.7163
vn -0.2319 0.0000 0.9727
vn -0.1097 0.6891 0.7163
vn -0.0102 -0.6947 0.7192
vn -0.0699 0.0000 0.9976
vn -0.0102 0.6947 0.7192
vn 0.0616 -0.6973 0.7141
vn 0.0418 0.0000 0.9991
vn 0.0616 0.6973 0.7141
vn 0.1266 -0.6966 0.7062
vn 0.1299 0.0000 0.9915
vn 0.1266 0.6966 0.7062
vn 0.1944 -0.6961 0.6911
vn 0.2228 0.0000 0.9749
vn 0.1944 0.6961 0.6911
vn 0.2630 -0.6958 0.6684
vn 0.3182 0.0000 0.9480
vn 0.2630 0.6958 0.6684
vn 0.3301 -0.6957 0.6380
vn 0.4132 0.0000 0.9106
vn 0.3301 0.6957 0.6380
vn 0.3937 -0.6958 0.6007
vn 0.5048 0.0000 0.8632
vn 0.3937 0.6958 0.6007
vn 0.4517 -0.6962 0.5580
vn 0.5900 0.0000 0.8074
vn 0.4517 0.6962 0.5580
vn 0.5029 -0.6967 0.5116
vn 0.6668 0.0000 0.7453
vn 0.5029 0.6967 0.5116
vn 0.5464 -0.6975 0.4637
vn 0.7337 0.0000 0.6795
vn 0.5464 0.6975 0.4637
vn 0.5839 -0.6977 0.4150
vn 0.7898 0.0000 0.6134
vn 0.5839 0.6977 0.4150
vn 0.6171 -0.6976 0.3640
vn 0.8389 0.0000 0.5442
vn 0.6171 0.6976 0.3640
vn 0.6456 -0.6977 0.3104
vn 0.8822 0.0000 0.4709
vn 0.6456 0.6977 0.3104
vn 0.6690 -0.6980 0.2556
vn 0.9187 0.0000 0.3950
vn 0.6690 0.6980 0.2556
vn 0.6871 -0.6983 0.2007
vn 0.9480 0.0000 0.3182
vn 0.6871 0.6983 0.2007
vn 0.7001 -0.6987 0.1469
vn 0.9703 0.0000 0.2421
vn 0.7001 0.6987 0.1469
vn 0.7086 -0.6992 0.0952
vn 0.9857 0.0000 0.1683
vn 0.7086 0.6992 0.0952
vn 0.7129 -0.6997 0.0462
vn 0.9952 0.0000 0.0978
vn 0.7129 0.6997 0.0462
vn 0.7141 -0.7001 -0.0000
vn 0.9995 0.0000 0.0315
vn 0.7141 0.7001 -0.0000
vn 0.7126 -0.7001 -0.0448
vn 0.9995 0.0000 -0.0316
vn 0.7126 0.7001 -0.0448
vn 0.7083 -0.7003 -0.0887
vn 0.9956 0.0000 -0.0939
vn 0.7083 0.7003 -0.0887
vn 0.7015 -0.7005 -0.1312
vn 0.9880 0.0000 -0.1545
vn 0.7015 0.7005 -0.1312
vn 0.6924 -0.7007 -0.1718
vn 0.9771 0.0000 -0.2129
vn 0.6924 0.7007 -0.1718
vn 0.6815 -0.7010 -0.2104
vn 0.9633 0.0000 -0.2686
vn 0.6815 0.7010 -0.2104
vn 0.6689 -0.7012 -0.2467
vn 0.9470 0.0000 -0.3213
vn 0.6689 0.7012 -0.2467
vn 0.6551 -0.7015 -0.2806
vn 0.9288 0.0000 -0.3706
vn 0.6551 0.7015 -0.2806
vn 0.6404 -0.7018 -0.3120
vn 0.9091 0.0000 -0.4166
vn 0.6404 0.7018 -0.3120
vn 0.6934 0.5536 0.4612
vn 0.8883 0.0000 -0.4592
vn 0.6934 -0.5536 0.4612
vn -0.1092 -0.7253 0.6797
vn -0.0801 0.0000 0.9968
vn -0.1092 0.7253 0.6797
vn -0.2123 -0.7243 0.6560
vn -0.2361 0.0000 0.9717
vn -0.2123 0.7243 0.6560
vn -0.3040 -0.7226 0.6208
vn -0.3781 0.0000 0.9258
vn -0.3040 0.7226 0.6208
vn -0.3813 -0.7207 0.5789
vn -0.4995 0.0000 0.8663
vn -0.3813 0.7207 0.5789
vn -0.4443 -0.7188 0.5347
vn -0.5988 0.0000 0.8009
vn -0.4443 0.7188 0.5347
vn -0.4943 -0.7171 0.4913
vn -0.6777 0.0000 0.7353
vn -0.4943 0.7171 0.4913
vn -0.5338 -0.7156 0.4506
vn -0.7395 0.0000 0.6732
vn -0.5338 0.7156 0.4506
vn -0.5647 -0.7144 0.4133
vn -0.7877 0.0000 0.6160
vn -0.5647 0.7144 0.4133
vn -0.5896 -0.7140 0.3776
vn -0.8254 0.0000 0.5646
vn -0.5896 0.7140 0.3776
vn -0.6117 -0.7145 0.3395
vn -0.8581 0.0000 0.5136
vn -0.6117 0.7145 0.3395
vn -0.6326 -0.7146 0.2986
vn -0.8897 0.0000 0.4565
vn -0.6326 0.7146 0.2986
vn -0.6509 -0.7146 0.2562
vn -0.9179 0.0000 0.3969
vn -0.6509 0.7146 0.2562
vn -0.6664 -0.7146 0.2129
vn -0.9421 0.0000 0.3354
vn -0.6664 0.7146 0.2129
vn -0.6789 -0.7145 0.1691
vn -0.9621 0.0000 0.2729
vn -0.6789 0.7145 0.1691
vn -0.6885 -0.7143 0.1254
vn -0.9777 0.0000 0.2101
vn -0.6885 0.7143 0.1254
vn -0.6952 -0.7141 0.0824
vn -0.9890 0.0000 0.1481
vn -0.6952 0.7141 0.0824
vn -0.6992 -0.7138 0.0406
vn -0.9962 0.0000 0.0873
vn -0.6992 0.7138 0.0406
vn -0.5683 -0.5789 0.5848
vn -0.9996 0.0000 0.0285
vn -0.5683 0.5789 0.5848
vn 0.0397 -0.6949 0.7180
vn 0.0397 0.6949 0.7180
vn 0.1711 -0.6801 0.7129
vn 0.1103 0.0000 0.9939
vn 0.1711 0.6801 0.7129
vn 0.3484 -0.6784 0.6469
vn 0.3529 0.0000 0.9357
vn 0.3484 0.6784 0.6469
vn 0.5006 -0.6802 0.5354
vn 0.5872 0.0000 0.8095
vn 0.5006 0.6802 0.5354
vn 0.6053 -0.6846 0.4062
vn 0.7683 0.0000 0.6401
vn 0.6053 0.6846 0.4062
vn 0.6654 -0.6893 0.2864
vn 0.8835 0.0000 0.4685
vn 0.6654 0.6893 0.2864
vn 0.6957 -0.6934 0.1875
vn 0.9475 0.0000 0.3197
vn 0.6957 0.6934 0.1875
vn 0.7091 -0.6965 0.1097
vn 0.9798 0.0000 0.1998
vn 0.7091 0.6965 0.1097
vn 0.7136 -0.6988 0.0489
vn 0.9944 0.0000 0.1055
vn 0.7136 0.6988 0.0489
vn 0.7105 -0.7036 0.0111
vn 0.9995 0.0000 0.0312
vn 0.7105 0.7036 0.0111
vn 0.5774 -0.5774 -0.5774
vn 1.0000 0.0000 -0.0000
vn 0.5774 0.5774 -0.5774
vn -0.5774 -0.5774 -0.5774
vn 0.0000 0.0000 -1.0000
vn -0.5774 0.5774 -0.5774
vn -0.0252 -0.9932 -0.1133
vn -0.0252 0.9932 -0.1133
vn 0.6338 -0.6956 -0.3383
vn 0.9055 0.0000 -0.4243
vn 0.6338 0.6956 -0.3383
vn 0.5962 -0.6966 -0.3991
vn 0.8565 0.0000 -0.5162
vn 0.5962 0.6966 -0.3991
vn 0.5571 -0.6976 -0.4506
vn 0.8037 0.0000 -0.5951
vn 0.5571 0.6976 -0.4506
vn 0.5181 -0.6986 -0.4934
vn 0.7499 0.0000 -0.6616
vn 0.5181 0.6986 -0.4934
vn 0.4806 -0.6996 -0.5288
vn 0.6973 0.0000 -0.7168
vn 0.4806 0.6996 -0.5288
vn 0.4454 -0.7004 -0.5577
vn 0.6472 0.0000 -0.7624
vn 0.4454 0.7004 -0.5577
vn 0.4127 -0.7012 -0.5814
vn 0.6003 0.0000 -0.7998
vn 0.4127 0.7012 -0.5814
vn 0.3826 -0.7018 -0.6008
vn 0.5569 0.0000 -0.8306
vn 0.3826 0.7018 -0.6008
vn 0.3543 -0.7020 -0.6178
vn 0.5171 0.0000 -0.8559
vn 0.3543 0.7020 -0.6178
vn 0.3245 -0.7015 -0.6345
vn 0.4775 0.0000 -0.8786
vn 0.3245 0.7015 -0.6345
vn 0.2915 -0.7012 -0.6507
vn 0.4328 0.0000 -0.9015
vn 0.2915 0.7012 -0.6507
vn 0.2559 -0.7009 -0.6657
vn 0.3845 0.0000 -0.9231
vn 0.2559 0.7009 -0.6657
vn 0.2179 -0.7007 -0.6794
vn 0.3328 0.0000 -0.9430
vn 0.2179 0.7007 -0.6794
vn 0.1776 -0.7004 -0.6913
vn 0.2777 0.0000 -0.9607
vn 0.1776 0.7004 -0.6913
vn 0.1352 -0.7002 -0.7010
vn 0.2196 0.0000 -0.9756
vn 0.1352 0.7002 -0.7010
vn 0.0912 -0.7001 -0.7082
vn 0.1590 0.0000 -0.9873
vn 0.0912 0.7001 -0.7082
vn 0.0459 -0.7000 -0.7127
vn 0.0963 0.0000 -0.9954
vn 0.0459 0.7000 -0.7127
vn 0.3121 -0.9007 -0.3022
vn 0.0323 0.0000 -0.9995
vn 0.3121 0.9007 -0.3022
vn -0.1071 -0.7266 0.6787
vn -0.2285 -0.7303 0.6437
vn -0.2386 0.0000 0.9711
vn -0.2285 0.7303 0.6437
vn -0.1071 0.7266 0.6787
vn -0.3570 -0.7329 0.5791
vn -0.4271 0.0000 0.9042
vn -0.3570 0.7329 0.5791
vn -0.4761 -0.7332 0.4856
vn -0.6158 0.0000 0.7879
vn -0.4761 0.7332 0.4856
vn -0.5706 -0.7309 0.3744
vn -0.7755 0.0000 0.6314
vn -0.5706 0.7309 0.3744
vn -0.6346 -0.7273 0.2614
vn -0.8879 0.0000 0.4600
vn -0.6346 0.7273 0.2614
vn -0.6718 -0.7234 0.1590
vn -0.9543 0.0000 0.2989
vn -0.6718 0.7234 0.1590
vn -0.6901 -0.7201 0.0725
vn -0.9870 0.0000 0.1607
vn -0.6901 0.7201 0.0725
vn -0.6961 -0.7179 0.0003
vn -0.9989 0.0000 0.0478
vn -0.6961 0.7179 0.0003
vn -0.6904 -0.7199 -0.0713
vn -0.9989 0.0000 -0.0470
vn -0.6904 0.7199 -0.0713
vn -0.6727 -0.7232 -0.1565
vn -0.9874 0.0000 -0.1580
vn -0.6727 0.7232 -0.1565
vn -0.6364 -0.7270 -0.2577
vn -0.9558 0.0000 -0.2942
vn -0.6364 0.7270 -0.2577
vn -0.5736 -0.7307 -0.3701
vn -0.8911 0.0000 -0.4538
vn -0.5736 0.7307 -0.3701
vn -0.4801 -0.7332 -0.4816
vn -0.7808 0.0000 -0.6248
vn -0.4801 0.7332 -0.4816
vn -0.3612 -0.7331 -0.5762
vn -0.6224 0.0000 -0.7827
vn -0.3612 0.7331 -0.5762
vn -0.2318 -0.7307 -0.6422
vn -0.4332 0.0000 -0.9013
vn -0.2318 0.7307 -0.6422
vn -0.1088 -0.7269 -0.6781
vn -0.2425 0.0000 -0.9702
vn -0.1088 0.7269 -0.6781
vn -0.0006 -0.7238 -0.6900
vn -0.0733 0.0000 -0.9973
vn -0.0006 0.7238 -0.6900
vn 0.1063 -0.7264 -0.6790
vn 0.0715 0.0000 -0.9974
vn 0.1063 0.7264 -0.6790
vn 0.2270 -0.7302 -0.6444
vn 0.2368 0.0000 -0.9716
vn 0.2270 0.7302 -0.6444
vn 0.3550 -0.7328 -0.5805
vn 0.4244 0.0000 -0.9055
vn 0.3550 0.7328 -0.5805
vn 0.4742 -0.7332 -0.4875
vn 0.6128 0.0000 -0.7903
vn 0.4742 0.7332 -0.4875
vn 0.5692 -0.7310 -0.3764
vn 0.7730 0.0000 -0.6344
vn 0.5692 0.7310 -0.3764
vn 0.6338 -0.7274 -0.2631
vn 0.8864 0.0000 -0.4629
vn 0.6338 0.7274 -0.2631
vn 0.6714 -0.7235 -0.1602
vn 0.9536 0.0000 -0.3010
vn 0.6714 0.7235 -0.1602
vn 0.6899 -0.7202 -0.0730
vn 0.9868 0.0000 -0.1620
vn 0.6899 0.7202 -0.0730
vn 0.6957 -0.7183 0.0006
vn 0.9988 0.0000 -0.0482
vn 0.6957 0.7183 0.0006
vn 0.6891 -0.7207 0.0757
vn 0.9987 0.0000 0.0500
vn 0.6891 0.7207 0.0757
vn 0.6695 -0.7241 0.1657
vn 0.9858 0.0000 0.1679
vn 0.6695 0.7241 0.1657
vn 0.6298 -0.7279 0.2711
vn 0.9503 0.0000 0.3112
vn 0.6298 0.7279 0.2711
vn 0.5625 -0.7313 0.3856
vn 0.8792 0.0000 0.4764
vn 0.5625 0.7313 0.3856
vn 0.4654 -0.7331 0.4960
vn 0.7614 0.0000 0.6483
vn 0.4654 0.7331 0.4960
vn 0.3460 -0.7324 0.5864
vn 0.5986 0.0000 0.8010
vn 0.3460 0.7324 0.5864
vn 0.2200 -0.7295 0.6476
vn 0.4117 0.0000 0.9113
vn 0.2200 0.7295 0.6476
vn 0.1027 -0.7257 0.6803
vn 0.2287 0.0000 0.9735
vn 0.1027 0.7257 0.6803
vn -0.0011 -0.7233 0.6905
vn 0.0689 0.0000 0.9976
vn -0.0011 0.7233 0.6905
vn -0.0721 0.0000 0.9974
vn -0.1245 -0.7299 0.6721
vn -0.2612 -0.7334 0.6276
vn -0.2777 0.0000 0.9607
vn -0.2612 0.7334 0.6276
vn -0.1245 0.7299 0.6721
vn -0.3973 -0.7346 0.5500
vn -0.4859 0.0000 0.8740
vn -0.3973 0.7346 0.5500
vn -0.5132 -0.7329 0.4466
vn -0.6770 0.0000 0.7360
vn -0.5132 0.7329 0.4466
vn -0.5973 -0.7292 0.3340
vn -0.8224 0.0000 0.5689
vn -0.5973 0.7292 0.3340
vn -0.6500 -0.7249 0.2280
vn -0.9152 0.0000 0.4029
vn -0.6500 0.7249 0.2280
vn -0.6791 -0.7212 0.1368
vn -0.9664 0.0000 0.2571
vn -0.6791 0.7212 0.1368
vn -0.6931 -0.7182 0.0619
vn -0.9906 0.0000 0.1371
vn -0.6931 0.7182 0.0619
vn -0.6974 -0.7166 -0.0008
vn -0.9992 0.0000 0.0407
vn -0.6974 0.7166 -0.0008
vn -0.6921 -0.7188 -0.0654
vn -0.9991 0.0000 -0.0430
vn -0.6921 0.7188 -0.0654
vn -0.6768 -0.7219 -0.1441
vn -0.9895 0.0000 -0.1448
vn -0.6768 0.7219 -0.1441
vn -0.6451 -0.7257 -0.2391
vn -0.9626 0.0000 -0.2708
vn -0.6451 0.7257 -0.2391
vn -0.5886 -0.7298 -0.3478
vn -0.9066 0.0000 -0.4220
vn -0.5886 0.7298 -0.3478
vn -0.5008 -0.7331 -0.4602
vn -0.8071 0.0000 -0.5904
vn -0.5008 0.7331 -0.4602
vn -0.3834 -0.7341 -0.5605
vn -0.6563 0.0000 -0.7545
vn -0.3834 0.7341 -0.5605
vn -0.2497 -0.7323 -0.6335
vn -0.4654 0.0000 -0.8851
vn -0.2497 0.7323 -0.6335
vn -0.1183 -0.7287 -0.6746
vn -0.2637 0.0000 -0.9646
vn -0.1183 0.7287 -0.6746
vn -0.0026 -0.7247 -0.6891
vn -0.0802 0.0000 -0.9968
vn -0.0026 0.7247 -0.6891
vn 0.1077 -0.7267 -0.6785
vn 0.0725 0.0000 -0.9974
vn 0.1077 0.7267 -0.6785
vn 0.2297 -0.7305 -0.6432
vn 0.2400 0.0000 -0.9708
vn 0.2297 0.7305 -0.6432
vn 0.3585 -0.7330 -0.5781
vn 0.4294 0.0000 -0.9031
vn 0.3585 0.7330 -0.5781
vn 0.4776 -0.7332 -0.4842
vn 0.6182 0.0000 -0.7860
vn 0.4776 0.7332 -0.4842
vn 0.5717 -0.7308 -0.3728
vn 0.7775 0.0000 -0.6289
vn 0.5717 0.7308 -0.3728
vn 0.6353 -0.7272 -0.2601
vn 0.8891 0.0000 -0.4577
vn 0.6353 0.7272 -0.2601
vn 0.6721 -0.7233 -0.1581
vn 0.9548 0.0000 -0.2971
vn 0.6721 0.7233 -0.1581
vn 0.6902 -0.7200 -0.0720
vn 0.9872 0.0000 -0.1597
vn 0.6902 0.7200 -0.0720
vn 0.6966 -0.7175 -0.0014
vn 0.9989 0.0000 -0.0475
vn 0.6966 0.7175 -0.0014
vn 0.6919 -0.7189 0.0660
vn 0.9991 0.0000 0.0435
vn 0.6919 0.7189 0.0660
vn 0.6764 -0.7221 0.1455
vn 0.9892 0.0000 0.1463
vn 0.6764 0.7221 0.1455
vn 0.6441 -0.7259 0.2413
vn 0.9619 0.0000 0.2736
vn 0.6441 0.7259 0.2413
vn 0.5869 -0.7299 0.3504
vn 0.9048 0.0000 0.4258
vn 0.5869 0.7299 0.3504
vn 0.4984 -0.7331 0.4628
vn 0.8041 0.0000 0.5946
vn 0.4984 0.7331 0.4628
vn 0.3808 -0.7340 0.5624
vn 0.6523 0.0000 0.7580
vn 0.3808 0.7340 0.5624
vn 0.2475 -0.7321 0.6346
vn 0.4615 0.0000 0.8872
vn 0.2475 0.7321 0.6346
vn 0.1171 -0.7285 0.6750
vn 0.2611 0.0000 0.9653
vn 0.1171 0.7285 0.6750
vn -0.0019 -0.7260 0.6876
vn 0.0793 0.0000 0.9969
vn -0.0019 0.7260 0.6876
vn -0.0847 0.0000 0.9964
vn 0.0000 -1.0000 -0.0000
vn 0.0000 1.0000 -0.0000
# 1034 vertex normals

o To_Putao
g To_Putao
s 1
f 1//1 2//2 3//3 
f 2//2 4//4 3//3 
f 4//4 5//5 3//3 
f 5//5 1//1 3//3 
s 3
f 2//2 6//6 7//7 
f 6//6 8//8 7//7 
f 8//8 4//4 7//7 
f 4//4 2//2 7//7 
s 2
f 6//6 9//9 10//10 
f 9//9 11//11 10//10 
f 11//11 8//8 10//10 
f 8//8 6//6 10//10 
f 9//9 12//12 13//13 
f 12//12 14//14 13//13 
f 14//14 11//11 13//13 
f 11//11 9//9 13//13 
f 12//12 15//15 16//16 
f 15//15 17//17 16//16 
f 17//17 14//14 16//16 
f 14//14 12//12 16//16 
f 15//15 18//18 19//19 
f 18//18 20//20 19//19 
f 20//20 17//17 19//19 
f 17//17 15//15 19//19 
f 18//18 21//21 22//22 
f 21//21 23//23 22//22 
f 23//23 20//20 22//22 
f 20//20 18//18 22//22 
f 21//21 24//24 25//25 
f 24//24 26//26 25//25 
f 26//26 23//23 25//25 
f 23//23 21//21 25//25 
f 24//24 27//27 28//28 
f 27//27 29//29 28//28 
f 29//29 26//26 28//28 
f 26//26 24//24 28//28 
f 27//27 30//30 31//31 
f 30//30 32//32 31//31 
f 32//32 29//29 31//31 
f 29//29 27//27 31//31 
f 30//30 33//33 34//34 
f 33//33 35//35 34//34 
f 35//35 32//32 34//34 
f 32//32 30//30 34//34 
f 33//33 36//36 37//37 
f 36//36 38//38 37//37 
f 38//38 35//35 37//37 
f 35//35 33//33 37//37 
f 36//36 39//39 40//40 
f 39//39 41//41 40//40 
f 41//41 38//38 40//40 
f 38//38 36//36 40//40 
f 39//39 42//42 43//43 
f 42//42 44//44 43//43 
f 44//44 41//41 43//43 
f 41//41 39//39 43//43 
f 42//42 45//45 46//46 
f 45//45 47//47 46//46 
f 47//47 44//44 46//46 
f 44//44 42//42 46//46 
f 45//45 48//48 49//49 
f 48//48 50//50 49//49 
f 50//50 47//47 49//49 
f 47//47 45//45 49//49 
f 48//48 51//51 52//52 
f 51//51 53//53 52//52 
f 53//53 50//50 52//52 
f 50//50 48//48 52//52 
f 51//51 54//54 55//55 
f 54//54 56//56 55//55 
f 56//56 53//53 55//55 
f 53//53 51//51 55//55 
s 4
f 54//54 57//57 58//58 
f 57//57 59//59 58//58 
f 59//59 56//56 58//58 
f 56//56 54//54 58//58 
s 2
f 57//57 60//60 61//61 
f 60//60 62//62 61//61 
f 62//62 59//59 61//61 
f 59//59 57//57 61//61 
s 4
f 60//60 63//63 64//64 
f 63//63 65//65 64//64 
f 65//65 62//62 64//64 
f 62//62 60//60 64//64 
f 63//63 66//66 67//67 
f 66//66 68//68 67//67 
f 68//68 65//65 67//67 
f 65//65 63//63 67//67 
f 66//66 69//69 70//70 
f 69//69 71//71 70//70 
f 71//71 68//68 70//70 
f 68//68 66//66 70//70 
f 69//69 72//72 73//73 
f 72//72 74//74 73//73 
f 74//74 71//71 73//73 
f 71//71 69//69 73//73 
f 72//72 75//75 76//76 
f 75//75 77//77 76//76 
f 77//77 74//74 76//76 
f 74//74 72//72 76//76 
f 75//75 78//78 79//79 
f 78//78 80//80 79//79 
f 80//80 77//77 79//79 
f 77//77 75//75 79//79 
f 78//78 81//81 82//82 
f 81//81 83//83 82//82 
f 83//83 80//80 82//82 
f 80//80 78//78 82//82 
f 81//81 84//84 85//85 
f 84//84 86//86 85//85 
f 86//86 83//83 85//85 
f 83//83 81//81 85//85 
f 84//84 87//87 88//88 
f 87//87 89//89 88//88 
f 89//89 86//86 88//88 
f 86//86 84//84 88//88 
f 87//87 90//90 91//91 
f 90//90 92//92 91//91 
f 92//92 89//89 91//91 
f 89//89 87//87 91//91 
f 90//90 93//93 94//94 
f 93//93 95//95 94//94 
f 95//95 92//92 94//94 
f 92//92 90//90 94//94 
f 93//93 96//96 97//97 
f 96//96 98//98 97//97 
f 98//98 95//95 97//97 
f 95//95 93//93 97//97 
f 96//96 99//99 100//100 
f 99//99 101//101 100//100 
f 101//101 98//98 100//100 
f 98//98 96//96 100//100 
f 99//99 102//102 103//103 
f 102//102 104//104 103//103 
f 104//104 101//101 103//103 
f 101//101 99//99 103//103 
f 102//102 105//105 106//106 
f 105//105 107//107 106//106 
f 107//107 104//104 106//106 
f 104//104 102//102 106//106 
f 105//105 108//108 109//109 
f 108//108 110//110 109//109 
f 110//110 107//107 109//109 
f 107//107 105//105 109//109 
f 108//108 111//111 112//112 
f 111//111 113//113 112//112 
f 113//113 110//110 112//112 
f 110//110 108//108 112//112 
f 111//111 114//114 115//115 
f 114//114 116//116 115//115 
f 116//116 113//113 115//115 
f 113//113 111//111 115//115 
f 114//114 117//117 118//118 
f 117//117 119//119 118//118 
f 119//119 116//116 118//118 
f 116//116 114//114 118//118 
f 117//117 120//120 121//121 
f 120//120 122//122 121//121 
f 122//122 119//119 121//121 
f 119//119 117//117 121//121 
f 120//120 123//123 124//124 
f 123//123 125//125 124//124 
f 125//125 122//122 124//124 
f 122//122 120//120 124//124 
f 123//123 126//126 127//127 
f 126//126 128//128 127//127 
f 128//128 125//125 127//127 
f 125//125 123//123 127//127 
f 126//126 129//129 130//130 
f 129//129 131//131 130//130 
f 131//131 128//128 130//130 
f 128//128 126//126 130//130 
f 129//129 132//132 133//133 
f 132//132 134//134 133//133 
f 134//134 131//131 133//133 
f 131//131 129//129 133//133 
f 132//132 135//135 136//136 
f 135//135 137//137 136//136 
f 137//137 134//134 136//136 
f 134//134 132//132 136//136 
f 135//135 138//138 139//139 
f 138//138 140//140 139//139 
f 140//140 137//137 139//139 
f 137//137 135//135 139//139 
f 138//138 141//141 142//142 
f 141//141 143//143 142//142 
f 143//143 140//140 142//142 
f 140//140 138//138 142//142 
f 141//141 144//144 145//145 
f 144//144 146//146 145//145 
f 146//146 143//143 145//145 
f 143//143 141//141 145//145 
f 144//144 147//147 148//148 
f 147//147 149//149 148//148 
f 149//149 146//146 148//148 
f 146//146 144//144 148//148 
f 147//147 150//150 151//151 
f 150//150 152//152 151//151 
f 152//152 149//149 151//151 
f 149//149 147//147 151//151 
f 150//150 153//153 154//154 
f 153//153 155//155 154//154 
f 155//155 152//152 154//154 
f 152//152 150//150 154//154 
f 153//153 156//156 157//157 
f 156//156 158//158 157//157 
f 158//158 155//155 157//157 
f 155//155 153//153 157//157 
f 156//156 159//159 160//160 
f 159//159 161//161 160//160 
f 161//161 158//158 160//160 
f 158//158 156//156 160//160 
f 159//159 162//162 163//163 
f 162//162 164//164 163//163 
f 164//164 161//161 163//163 
f 161//161 159//159 163//163 
f 162//162 165//165 166//166 
f 165//165 167//167 166//166 
f 167//167 164//164 166//166 
f 164//164 162//162 166//166 
f 165//165 168//168 169//169 
f 168//168 170//170 169//169 
f 170//170 167//167 169//169 
f 167//167 165//165 169//169 
s 2
f 168//168 171//171 172//172 
f 171//171 173//173 172//172 
f 173//173 170//170 172//172 
f 170//170 168//168 172//172 
s 4
f 171//171 174//174 175//175 
f 174//174 176//176 175//175 
f 176//176 173//173 175//175 
f 173//173 171//171 175//175 
f 174//174 177//177 178//178 
f 177//177 179//179 178//178 
f 179//179 176//176 178//178 
f 176//176 174//174 178//178 
f 177//177 180//180 181//181 
f 180//180 182//182 181//181 
f 182//182 179//179 181//181 
f 179//179 177//177 181//181 
f 180//180 183//183 184//184 
f 183//183 185//185 184//184 
f 185//185 182//182 184//184 
f 182//182 180//180 184//184 
f 183//183 186//186 187//187 
f 186//186 188//188 187//187 
f 188//188 185//185 187//187 
f 185//185 183//183 187//187 
f 186//186 189//189 190//190 
f 189//189 191//191 190//190 
f 191//191 188//188 190//190 
f 188//188 186//186 190//190 
f 189//189 192//192 193//193 
f 192//192 194//194 193//193 
f 194//194 191//191 193//193 
f 191//191 189//189 193//193 
f 192//192 195//195 196//196 
f 195//195 197//197 196//196 
f 197//197 194//194 196//196 
f 194//194 192//192 196//196 
f 195//195 198//198 199//199 
f 198//198 200//200 199//199 
f 200//200 197//197 199//199 
f 197//197 195//195 199//199 
f 198//198 201//201 202//202 
f 201//201 203//203 202//202 
f 203//203 200//200 202//202 
f 200//200 198//198 202//202 
f 201//201 204//204 205//205 
f 204//204 206//206 205//205 
f 206//206 203//203 205//205 
f 203//203 201//201 205//205 
f 204//204 207//207 208//208 
f 207//207 209//209 208//208 
f 209//209 206//206 208//208 
f 206//206 204//204 208//208 
f 207//207 210//210 211//211 
f 210//210 212//212 211//211 
f 212//212 209//209 211//211 
f 209//209 207//207 211//211 
f 210//210 213//213 214//214 
f 213//213 215//215 214//214 
f 215//215 212//212 214//214 
f 212//212 210//210 214//214 
f 213//213 216//216 217//217 
f 216//216 218//218 217//217 
f 218//218 215//215 217//217 
f 215//215 213//213 217//217 
f 216//216 219//219 220//220 
f 219//219 221//221 220//220 
f 221//221 218//218 220//220 
f 218//218 216//216 220//220 
f 219//219 222//222 223//223 
f 222//222 224//224 223//223 
f 224//224 221//221 223//223 
f 221//221 219//219 223//223 
f 222//222 225//225 226//226 
f 225//225 227//227 226//226 
f 227//227 224//224 226//226 
f 224//224 222//222 226//226 
f 225//225 228//228 229//229 
f 228//228 230//230 229//229 
f 230//230 227//227 229//229 
f 227//227 225//225 229//229 
f 228//228 231//231 232//232 
f 231//231 233//233 232//232 
f 233//233 230//230 232//232 
f 230//230 228//228 232//232 
f 231//231 234//234 235//235 
f 234//234 236//236 235//235 
f 236//236 233//233 235//235 
f 233//233 231//231 235//235 
f 234//234 237//237 238//238 
f 237//237 239//239 238//238 
f 239//239 236//236 238//238 
f 236//236 234//234 238//238 
f 237//237 240//240 241//241 
f 240//240 242//242 241//241 
f 242//242 239//239 241//241 
f 239//239 237//237 241//241 
f 240//240 243//243 244//244 
f 243//243 245//245 244//244 
f 245//245 242//242 244//244 
f 242//242 240//240 244//244 
f 243//243 246//246 247//247 
f 246//246 248//248 247//247 
f 248//248 245//245 247//247 
f 245//245 243//243 247//247 
f 246//246 249//249 250//250 
f 249//249 251//251 250//250 
f 251//251 248//248 250//250 
f 248//248 246//246 250//250 
f 249//249 252//252 253//253 
f 252//252 254//254 253//253 
f 254//254 251//251 253//253 
f 251//251 249//249 253//253 
f 252//252 255//255 256//256 
f 255//255 257//257 256//256 
f 257//257 254//254 256//256 
f 254//254 252//252 256//256 
f 255//255 258//258 259//259 
f 258//258 260//260 259//259 
f 260//260 257//257 259//259 
f 257//257 255//255 259//259 
f 258//258 261//261 262//262 
f 261//261 263//263 262//262 
f 263//263 260//260 262//262 
f 260//260 258//258 262//262 
f 261//261 264//264 265//265 
f 264//264 266//266 265//265 
f 266//266 263//263 265//265 
f 263//263 261//261 265//265 
f 264//264 267//267 268//268 
f 267//267 269//269 268//268 
f 269//269 266//266 268//268 
f 266//266 264//264 268//268 
f 267//267 270//270 271//271 
f 270//270 272//272 271//271 
f 272//272 269//269 271//271 
f 269//269 267//267 271//271 
f 270//270 273//273 274//274 
f 273//273 275//275 274//274 
f 275//275 272//272 274//274 
f 272//272 270//270 274//274 
f 273//273 276//276 277//277 
f 276//276 278//278 277//277 
f 278//278 275//275 277//277 
f 275//275 273//273 277//277 
f 276//276 279//279 280//280 
f 279//279 281//281 280//280 
f 281//281 278//278 280//280 
f 278//278 276//276 280//280 
f 279//279 282//282 283//283 
f 282//282 284//284 283//283 
f 284//284 281//281 283//283 
f 281//281 279//279 283//283 
f 282//282 285//285 286//286 
f 285//285 287//287 286//286 
f 287//287 284//284 286//286 
f 284//284 282//282 286//286 
f 285//285 288//288 289//289 
f 288//288 290//290 289//289 
f 290//290 287//287 289//289 
f 287//287 285//285 289//289 
f 288//288 291//291 292//292 
f 291//291 293//293 292//292 
f 293//293 290//290 292//292 
f 290//290 288//288 292//292 
f 291//291 294//294 295//295 
f 294//294 296//296 295//295 
f 296//296 293//293 295//295 
f 293//293 291//291 295//295 
f 294//294 297//297 298//298 
f 297//297 299//299 298//298 
f 299//299 296//296 298//298 
f 296//296 294//294 298//298 
f 297//297 300//300 301//301 
f 300//300 302//302 301//301 
f 302//302 299//299 301//301 
f 299//299 297//297 301//301 
f 300//300 303//303 304//304 
f 303//303 305//305 304//304 
f 305//305 302//302 304//304 
f 302//302 300//300 304//304 
f 303//303 306//306 307//307 
f 306//306 308//308 307//307 
f 308//308 305//305 307//307 
f 305//305 303//303 307//307 
f 306//306 309//309 310//310 
f 309//309 311//311 310//310 
f 311//311 308//308 310//310 
f 308//308 306//306 310//310 
f 309//309 312//312 313//313 
f 312//312 314//314 313//313 
f 314//314 311//311 313//313 
f 311//311 309//309 313//313 
f 312//312 315//315 316//316 
f 315//315 317//317 316//316 
f 317//317 314//314 316//316 
f 314//314 312//312 316//316 
f 315//315 318//318 319//319 
f 318//318 320//320 319//319 
f 320//320 317//317 319//319 
f 317//317 315//315 319//319 
f 318//318 321//321 322//322 
f 321//321 323//323 322//322 
f 323//323 320//320 322//322 
f 320//320 318//318 322//322 
f 321//321 324//324 325//325 
f 324//324 326//326 325//325 
f 326//326 323//323 325//325 
f 323//323 321//321 325//325 
f 324//324 327//327 328//328 
f 327//327 329//329 328//328 
f 329//329 326//326 328//328 
f 326//326 324//324 328//328 
f 327//327 330//330 331//331 
f 330//330 332//332 331//331 
f 332//332 329//329 331//331 
f 329//329 327//327 331//331 
f 330//330 333//333 334//334 
f 333//333 335//335 334//334 
f 335//335 332//332 334//334 
f 332//332 330//330 334//334 
f 333//333 336//336 337//337 
f 336//336 338//338 337//337 
f 338//338 335//335 337//337 
f 335//335 333//333 337//337 
f 336//336 339//339 340//340 
f 339//339 341//341 340//340 
f 341//341 338//338 340//340 
f 338//338 336//336 340//340 
f 339//339 342//342 343//343 
f 342//342 344//344 343//343 
f 344//344 341//341 343//343 
f 341//341 339//339 343//343 
f 342//342 345//345 346//346 
f 345//345 347//347 346//346 
f 347//347 344//344 346//346 
f 344//344 342//342 346//346 
f 345//345 348//348 349//349 
f 348//348 350//350 349//349 
f 350//350 347//347 349//349 
f 347//347 345//345 349//349 
f 348//348 351//351 352//352 
f 351//351 353//353 352//352 
f 353//353 350//350 352//352 
f 350//350 348//348 352//352 
f 351//351 354//354 355//355 
f 354//354 356//356 355//355 
f 356//356 353//353 355//355 
f 353//353 351//351 355//355 
f 354//354 357//357 358//358 
f 357//357 359//359 358//358 
f 359//359 356//356 358//358 
f 356//356 354//354 358//358 
f 357//357 360//360 361//361 
f 360//360 362//362 361//361 
f 362//362 359//359 361//361 
f 359//359 357//357 361//361 
s 2
f 360//360 363//363 364//364 
f 363//363 365//365 364//364 
f 365//365 362//362 364//364 
f 362//362 360//360 364//364 
f 363//363 366//366 367//367 
f 366//366 368//368 367//367 
f 368//368 365//365 367//367 
f 365//365 363//363 367//367 
f 366//366 369//369 370//370 
f 369//369 371//371 370//370 
f 371//371 368//368 370//370 
f 368//368 366//366 370//370 
f 369//369 372//372 373//373 
f 372//372 374//374 373//373 
f 374//374 371//371 373//373 
f 371//371 369//369 373//373 
f 372//372 375//375 376//376 
f 375//375 377//377 376//376 
f 377//377 374//374 376//376 
f 374//374 372//372 376//376 
f 375//375 378//378 379//379 
f 378//378 380//380 379//379 
f 380//380 377//377 379//379 
f 377//377 375//375 379//379 
f 378//378 381//381 382//382 
f 381//381 383//383 382//382 
f 383//383 380//380 382//382 
f 380//380 378//378 382//382 
f 381//381 384//384 385//385 
f 384//384 386//386 385//385 
f 386//386 383//383 385//385 
f 383//383 381//381 385//385 
f 384//384 387//387 388//388 
f 387//387 389//389 388//388 
f 389//389 386//386 388//388 
f 386//386 384//384 388//388 
f 387//387 390//390 391//391 
f 390//390 392//392 391//391 
f 392//392 389//389 391//391 
f 389//389 387//387 391//391 
s 4
f 390//390 393//393 394//394 
f 393//393 395//395 394//394 
f 395//395 392//392 394//394 
f 392//392 390//390 394//394 
f 393//393 396//396 397//397 
f 396//396 398//398 397//397 
f 398//398 395//395 397//397 
f 395//395 393//393 397//397 
f 396//396 399//399 400//400 
f 399//399 401//401 400//400 
f 401//401 398//398 400//400 
f 398//398 396//396 400//400 
f 399//399 402//402 403//403 
f 402//402 404//404 403//403 
f 404//404 401//401 403//403 
f 401//401 399//399 403//403 
f 402//402 405//405 406//406 
f 405//405 407//407 406//406 
f 407//407 404//404 406//406 
f 404//404 402//402 406//406 
f 405//405 408//408 409//409 
f 408//408 410//410 409//409 
f 410//410 407//407 409//409 
f 407//407 405//405 409//409 
f 408//408 411//411 412//412 
f 411//411 413//413 412//412 
f 413//413 410//410 412//412 
f 410//410 408//408 412//412 
f 411//411 414//414 415//415 
f 414//414 416//416 415//415 
f 416//416 413//413 415//415 
f 413//413 411//411 415//415 
f 414//414 417//417 418//418 
f 417//417 419//419 418//418 
f 419//419 416//416 418//418 
f 416//416 414//414 418//418 
f 417//417 420//420 421//421 
f 420//420 422//422 421//421 
f 422//422 419//419 421//421 
f 419//419 417//417 421//421 
f 420//420 423//423 424//424 
f 423//423 425//425 424//424 
f 425//425 422//422 424//424 
f 422//422 420//420 424//424 
f 423//423 426//426 427//427 
f 426//426 428//428 427//427 
f 428//428 425//425 427//427 
f 425//425 423//423 427//427 
f 426//426 429//429 430//430 
f 429//429 431//431 430//430 
f 431//431 428//428 430//430 
f 428//428 426//426 430//430 
f 429//429 432//432 433//433 
f 432//432 434//434 433//433 
f 434//434 431//431 433//433 
f 431//431 429//429 433//433 
f 432//432 435//435 436//436 
f 435//435 437//437 436//436 
f 437//437 434//434 436//436 
f 434//434 432//432 436//436 
f 435//435 438//438 439//439 
f 438//438 440//440 439//439 
f 440//440 437//437 439//439 
f 437//437 435//435 439//439 
f 438//438 441//441 442//442 
f 441//441 443//443 442//442 
f 443//443 440//440 442//442 
f 440//440 438//438 442//442 
f 441//441 444//444 445//445 
f 444//444 446//446 445//445 
f 446//446 443//443 445//445 
f 443//443 441//441 445//445 
f 444//444 447//447 448//448 
f 447//447 449//449 448//448 
f 449//449 446//446 448//448 
f 446//446 444//444 448//448 
f 447//447 450//450 451//451 
f 450//450 452//452 451//451 
f 452//452 449//449 451//451 
f 449//449 447//447 451//451 
f 450//450 453//453 454//454 
f 453//453 455//455 454//454 
f 455//455 452//452 454//454 
f 452//452 450//450 454//454 
f 453//453 456//456 457//457 
f 456//456 458//458 457//457 
f 458//458 455//455 457//457 
f 455//455 453//453 457//457 
f 456//456 459//459 460//460 
f 459//459 461//461 460//460 
f 461//461 458//458 460//460 
f 458//458 456//456 460//460 
f 459//459 462//462 463//463 
f 462//462 464//464 463//463 
f 464//464 461//461 463//463 
f 461//461 459//459 463//463 
f 462//462 465//465 466//466 
f 465//465 467//467 466//466 
f 467//467 464//464 466//466 
f 464//464 462//462 466//466 
f 465//465 468//468 469//469 
f 468//468 470//470 469//469 
f 470//470 467//467 469//469 
f 467//467 465//465 469//469 
f 468//468 471//471 472//472 
f 471//471 473//473 472//472 
f 473//473 470//470 472//472 
f 470//470 468//468 472//472 
s 2
f 471//471 474//474 475//475 
f 474//474 476//476 475//475 
f 476//476 473//473 475//475 
f 473//473 471//471 475//475 
s 4
f 474//474 477//477 478//478 
f 477//477 479//479 478//478 
f 479//479 476//476 478//478 
f 476//476 474//474 478//478 
s 2
f 477//477 480//480 481//481 
f 480//480 482//482 481//481 
f 482//482 479//479 481//481 
f 479//479 477//477 481//481 
f 480//480 483//483 484//484 
f 483//483 485//485 484//484 
f 485//485 482//482 484//484 
f 482//482 480//480 484//484 
f 483//483 486//486 487//487 
f 486//486 488//488 487//487 
f 488//488 485//485 487//487 
f 485//485 483//483 487//487 
f 486//486 489//489 490//490 
f 489//489 491//491 490//490 
f 491//491 488//488 490//490 
f 488//488 486//486 490//490 
f 489//489 492//492 493//493 
f 492//492 494//494 493//493 
f 494//494 491//491 493//493 
f 491//491 489//489 493//493 
f 492//492 495//495 496//496 
f 495//495 497//497 496//496 
f 497//497 494//494 496//496 
f 494//494 492//492 496//496 
f 495//495 498//498 499//499 
f 498//498 500//500 499//499 
f 500//500 497//497 499//499 
f 497//497 495//495 499//499 
f 498//498 501//501 502//502 
f 501//501 503//503 502//502 
f 503//503 500//500 502//502 
f 500//500 498//498 502//502 
f 501//501 504//504 505//505 
f 504//504 506//506 505//505 
f 506//506 503//503 505//505 
f 503//503 501//501 505//505 
s 4
f 504//504 507//507 508//508 
f 507//507 509//509 508//508 
f 509//509 506//506 508//508 
f 506//506 504//504 508//508 
s 2
f 507//507 510//510 511//511 
f 510//510 512//512 511//511 
f 512//512 509//509 511//511 
f 509//509 507//507 511//511 
f 510//510 513//513 514//514 
f 513//513 515//515 514//514 
f 515//515 512//512 514//514 
f 512//512 510//510 514//514 
f 513//513 516//516 517//517 
f 516//516 518//518 517//517 
f 518//518 515//515 517//517 
f 515//515 513//513 517//517 
f 516//516 519//519 520//520 
f 519//519 521//521 520//520 
f 521//521 518//518 520//520 
f 518//518 516//516 520//520 
f 519//519 522//522 523//523 
f 522//522 524//524 523//523 
f 524//524 521//521 523//523 
f 521//521 519//519 523//523 
f 522//522 525//525 526//526 
f 525//525 527//527 526//526 
f 527//527 524//524 526//526 
f 524//524 522//522 526//526 
f 525//525 528//528 529//529 
f 528//528 530//530 529//529 
f 530//530 527//527 529//529 
f 527//527 525//525 529//529 
f 528//528 531//531 532//532 
f 531//531 533//533 532//532 
f 533//533 530//530 532//532 
f 530//530 528//528 532//532 
f 531//531 534//534 535//535 
f 534//534 536//536 535//535 
f 536//536 533//533 535//535 
f 533//533 531//531 535//535 
f 534//534 537//537 538//538 
f 537//537 539//539 538//538 
f 539//539 536//536 538//538 
f 536//536 534//534 538//538 
f 537//537 540//540 541//541 
f 540//540 542//542 541//541 
f 542//542 539//539 541//541 
f 539//539 537//537 541//541 
f 540//540 543//543 544//544 
f 543//543 545//545 544//544 
f 545//545 542//542 544//544 
f 542//542 540//540 544//544 
f 543//543 546//546 547//547 
f 546//546 548//548 547//547 
f 548//548 545//545 547//547 
f 545//545 543//543 547//547 
f 546//546 549//549 550//550 
f 549//549 551//551 550//550 
f 551//551 548//548 550//550 
f 548//548 546//546 550//550 
f 549//549 552//552 553//553 
f 552//552 554//554 553//553 
f 554//554 551//551 553//553 
f 551//551 549//549 553//553 
f 552//552 555//555 556//556 
f 555//555 557//557 556//556 
f 557//557 554//554 556//556 
f 554//554 552//552 556//556 
f 555//555 558//558 559//559 
f 558//558 560//560 559//559 
f 560//560 557//557 559//559 
f 557//557 555//555 559//559 
f 558//558 561//561 562//562 
f 561//561 563//563 562//562 
f 563//563 560//560 562//562 
f 560//560 558//558 562//562 
f 561//561 564//564 565//565 
f 564//564 566//566 565//565 
f 566//566 563//563 565//565 
f 563//563 561//561 565//565 
f 564//564 567//567 568//568 
f 567//567 569//569 568//568 
f 569//569 566//566 568//568 
f 566//566 564//564 568//568 
f 567//567 570//570 571//571 
f 570//570 572//572 571//571 
f 572//572 569//569 571//571 
f 569//569 567//567 571//571 
f 570//570 573//573 574//574 
f 573//573 575//575 574//574 
f 575//575 572//572 574//574 
f 572//572 570//570 574//574 
f 573//573 576//576 577//577 
f 576//576 578//578 577//577 
f 578//578 575//575 577//577 
f 575//575 573//573 577//577 
f 576//576 579//579 580//580 
f 579//579 581//581 580//580 
f 581//581 578//578 580//580 
f 578//578 576//576 580//580 
f 579//579 582//582 583//583 
f 582//582 584//584 583//583 
f 584//584 581//581 583//583 
f 581//581 579//579 583//583 
f 582//582 585//585 586//586 
f 585//585 587//587 586//586 
f 587//587 584//584 586//586 
f 584//584 582//582 586//586 
f 585//585 588//588 589//589 
f 588//588 590//590 589//589 
f 590//590 587//587 589//589 
f 587//587 585//585 589//589 
f 588//588 591//591 592//592 
f 591//591 593//593 592//592 
f 593//593 590//590 592//592 
f 590//590 588//588 592//592 
f 591//591 594//594 595//595 
f 594//594 596//596 595//595 
f 596//596 593//593 595//595 
f 593//593 591//591 595//595 
f 594//594 597//597 598//598 
f 597//597 599//599 598//598 
f 599//599 596//596 598//598 
f 596//596 594//594 598//598 
f 597//597 600//600 601//601 
f 600//600 602//602 601//601 
f 602//602 599//599 601//601 
f 599//599 597//597 601//601 
f 600//600 603//603 604//604 
f 603//603 605//605 604//604 
f 605//605 602//602 604//604 
f 602//602 600//600 604//604 
f 603//603 606//606 607//607 
f 606//606 608//608 607//607 
f 608//608 605//605 607//607 
f 605//605 603//603 607//607 
f 606//606 609//609 610//610 
f 609//609 611//611 610//610 
f 611//611 608//608 610//610 
f 608//608 606//606 610//610 
f 609//609 612//612 613//613 
f 612//612 614//614 613//613 
f 614//614 611//611 613//613 
f 611//611 609//609 613//613 
f 612//612 615//615 616//616 
f 615//615 617//617 616//616 
f 617//617 614//614 616//616 
f 614//614 612//612 616//616 
f 615//615 618//618 619//619 
f 618//618 620//620 619//619 
f 620//620 617//617 619//619 
f 617//617 615//615 619//619 
f 618//618 621//621 622//622 
f 621//621 623//623 622//622 
f 623//623 620//620 622//622 
f 620//620 618//618 622//622 
f 621//621 624//624 625//625 
f 624//624 626//626 625//625 
f 626//626 623//623 625//625 
f 623//623 621//621 625//625 
f 624//624 627//627 628//628 
f 627//627 629//629 628//628 
f 629//629 626//626 628//628 
f 626//626 624//624 628//628 
f 627//627 630//630 631//631 
f 630//630 632//632 631//631 
f 632//632 629//629 631//631 
f 629//629 627//627 631//631 
f 630//630 633//633 634//634 
f 633//633 635//635 634//634 
f 635//635 632//632 634//634 
f 632//632 630//630 634//634 
f 633//633 636//636 637//637 
f 636//636 638//638 637//637 
f 638//638 635//635 637//637 
f 635//635 633//633 637//637 
f 636//636 639//639 640//640 
f 639//639 641//641 640//640 
f 641//641 638//638 640//640 
f 638//638 636//636 640//640 
f 639//639 642//642 643//643 
f 642//642 644//644 643//643 
f 644//644 641//641 643//643 
f 641//641 639//639 643//643 
f 642//642 645//645 646//646 
f 645//645 647//647 646//646 
f 647//647 644//644 646//646 
f 644//644 642//642 646//646 
f 645//645 648//648 649//649 
f 648//648 650//650 649//649 
f 650//650 647//647 649//649 
f 647//647 645//645 649//649 
f 648//648 651//651 652//652 
f 651//651 653//653 652//652 
f 653//653 650//650 652//652 
f 650//650 648//648 652//652 
f 651//651 654//654 655//655 
f 654//654 656//656 655//655 
f 656//656 653//653 655//655 
f 653//653 651//651 655//655 
f 654//654 657//657 658//658 
f 657//657 659//659 658//658 
f 659//659 656//656 658//658 
f 656//656 654//654 658//658 
f 657//657 660//660 661//661 
f 660//660 662//662 661//661 
f 662//662 659//659 661//661 
f 659//659 657//657 661//661 
f 660//660 663//663 664//664 
f 663//663 665//665 664//664 
f 665//665 662//662 664//664 
f 662//662 660//660 664//664 
f 663//663 666//666 667//667 
f 666//666 668//668 667//667 
f 668//668 665//665 667//667 
f 665//665 663//663 667//667 
f 666//666 669//669 670//670 
f 669//669 671//671 670//670 
f 671//671 668//668 670//670 
f 668//668 666//666 670//670 
s 4
f 669//669 672//672 673//673 
f 672//672 674//674 673//673 
f 674//674 671//671 673//673 
f 671//671 669//669 673//673 
f 672//672 675//675 676//676 
f 675//675 677//677 676//676 
f 677//677 674//674 676//676 
f 674//674 672//672 676//676 
f 675//675 678//678 679//679 
f 678//678 680//680 679//679 
f 680//680 677//677 679//679 
f 677//677 675//675 679//679 
f 678//678 681//681 682//682 
f 681//681 683//683 682//682 
f 683//683 680//680 682//682 
f 680//680 678//678 682//682 
f 681//681 684//684 685//685 
f 684//684 686//686 685//685 
f 686//686 683//683 685//685 
f 683//683 681//681 685//685 
f 684//684 687//687 688//688 
f 687//687 689//689 688//688 
f 689//689 686//686 688//688 
f 686//686 684//684 688//688 
f 687//687 690//690 691//691 
f 690//690 692//692 691//691 
f 692//692 689//689 691//691 
f 689//689 687//687 691//691 
f 690//690 693//693 694//694 
f 693//693 695//695 694//694 
f 695//695 692//692 694//694 
f 692//692 690//690 694//694 
f 693//693 696//696 697//697 
f 696//696 698//698 697//697 
f 698//698 695//695 697//697 
f 695//695 693//693 697//697 
f 696//696 699//699 700//700 
f 699//699 701//701 700//700 
f 701//701 698//698 700//700 
f 698//698 696//696 700//700 
f 699//699 702//702 703//703 
f 702//702 704//704 703//703 
f 704//704 701//701 703//703 
f 701//701 699//699 703//703 
f 702//702 705//705 706//706 
f 705//705 707//707 706//706 
f 707//707 704//704 706//706 
f 704//704 702//702 706//706 
f 705//705 708//708 709//709 
f 708//708 710//710 709//709 
f 710//710 707//707 709//709 
f 707//707 705//705 709//709 
f 708//708 711//711 712//712 
f 711//711 713//713 712//712 
f 713//713 710//710 712//712 
f 710//710 708//708 712//712 
f 711//711 714//714 715//715 
f 714//714 716//716 715//715 
f 716//716 713//713 715//715 
f 713//713 711//711 715//715 
f 714//714 717//717 718//718 
f 717//717 719//719 718//718 
f 719//719 716//716 718//718 
f 716//716 714//714 718//718 
f 717//717 720//720 721//721 
f 720//720 722//722 721//721 
f 722//722 719//719 721//721 
f 719//719 717//717 721//721 
f 720//720 723//723 724//724 
f 723//723 725//725 724//724 
f 725//725 722//722 724//724 
f 722//722 720//720 724//724 
s 2
f 723//723 726//726 727//172 
f 726//726 728//727 727//172 
f 728//727 725//725 727//172 
f 725//725 723//723 727//172 
s 4
f 726//726 729//728 730//729 
f 729//728 731//730 730//729 
f 731//730 728//727 730//729 
f 728//727 726//726 730//729 
f 729//728 732//731 733//732 
f 732//731 734//733 733//732 
f 734//733 731//730 733//732 
f 731//730 729//728 733//732 
f 732//731 735//734 736//735 
f 735//734 737//736 736//735 
f 737//736 734//733 736//735 
f 734//733 732//731 736//735 
f 735//734 738//737 739//738 
f 738//737 740//739 739//738 
f 740//739 737//736 739//738 
f 737//736 735//734 739//738 
f 738//737 741//740 742//741 
f 741//740 743//742 742//741 
f 743//742 740//739 742//741 
f 740//739 738//737 742//741 
f 741//740 744//743 745//744 
f 744//743 746//745 745//744 
f 746//745 743//742 745//744 
f 743//742 741//740 745//744 
f 744//743 747//746 748//747 
f 747//746 749//748 748//747 
f 749//748 746//745 748//747 
f 746//745 744//743 748//747 
f 747//746 750//749 751//750 
f 750//749 752//751 751//750 
f 752//751 749//748 751//750 
f 749//748 747//746 751//750 
f 750//749 753//752 754//753 
f 753//752 755//754 754//753 
f 755//754 752//751 754//753 
f 752//751 750//749 754//753 
s 2
f 753//752 756//755 757//756 
f 756//755 758//757 757//756 
f 758//757 755//754 757//756 
f 755//754 753//752 757//756 
s 4
f 756//755 759//758 760//759 
f 759//758 761//760 760//759 
f 761//760 758//757 760//759 
f 758//757 756//755 760//759 
s 2
f 759//758 762//761 763//508 
f 762//761 764//762 763//508 
f 764//762 761//760 763//508 
f 761//760 759//758 763//508 
s 4
f 762//761 765//763 766//764 
f 765//763 767//765 766//764 
f 767//765 764//762 766//764 
f 764//762 762//761 766//764 
f 765//763 768//766 769//767 
f 768//766 770//768 769//767 
f 770//768 767//765 769//767 
f 767//765 765//763 769//767 
f 768//766 771//769 772//770 
f 771//769 773//771 772//770 
f 773//771 770//768 772//770 
f 770//768 768//766 772//770 
f 771//769 774//772 775//773 
f 774//772 776//774 775//773 
f 776//774 773//771 775//773 
f 773//771 771//769 775//773 
f 774//772 777//775 778//776 
f 777//775 779//777 778//776 
f 779//777 776//774 778//776 
f 776//774 774//772 778//776 
f 777//775 780//778 781//779 
f 780//778 782//780 781//779 
f 782//780 779//777 781//779 
f 779//777 777//775 781//779 
f 780//778 783//781 784//782 
f 783//781 785//783 784//782 
f 785//783 782//780 784//782 
f 782//780 780//778 784//782 
f 783//781 786//784 787//785 
f 786//784 788//786 787//785 
f 788//786 785//783 787//785 
f 785//783 783//781 787//785 
f 786//784 789//787 790//788 
f 789//787 791//789 790//788 
f 791//789 788//786 790//788 
f 788//786 786//784 790//788 
f 789//787 792//790 793//791 
f 792//790 794//792 793//791 
f 794//792 791//789 793//791 
f 791//789 789//787 793//791 
f 792//790 795//793 796//794 
f 795//793 797//795 796//794 
f 797//795 794//792 796//794 
f 794//792 792//790 796//794 
f 795//793 798//796 799//797 
f 798//796 800//798 799//797 
f 800//798 797//795 799//797 
f 797//795 795//793 799//797 
f 798//796 801//799 802//800 
f 801//799 803//801 802//800 
f 803//801 800//798 802//800 
f 800//798 798//796 802//800 
f 801//799 804//802 805//803 
f 804//802 806//804 805//803 
f 806//804 803//801 805//803 
f 803//801 801//799 805//803 
f 804//802 807//805 808//806 
f 807//805 809//807 808//806 
f 809//807 806//804 808//806 
f 806//804 804//802 808//806 
f 807//805 810//808 811//809 
f 810//808 812//810 811//809 
f 812//810 809//807 811//809 
f 809//807 807//805 811//809 
f 810//808 813//811 814//812 
f 813//811 815//813 814//812 
f 815//813 812//810 814//812 
f 812//810 810//808 814//812 
f 813//811 816//814 817//815 
f 816//814 818//816 817//815 
f 818//816 815//813 817//815 
f 815//813 813//811 817//815 
s 2
f 816//814 1//1 819//756 
f 1//1 5//5 819//756 
f 5//5 818//816 819//756 
f 818//816 816//814 819//756 
s 1
f 820//817 821//818 822//819 
f 821//818 823//820 822//819 
f 823//820 824//821 822//819 
f 824//821 820//817 822//819 
s 3
f 821//818 825//822 826//823 
f 825//822 827//824 826//823 
f 827//824 823//820 826//823 
f 823//820 821//818 826//823 
s 2
f 825//822 828//825 829//826 
f 828//825 830//827 829//826 
f 830//827 827//824 829//826 
f 827//824 825//822 829//826 
f 828//825 831//828 832//829 
f 831//828 833//830 832//829 
f 833//830 830//827 832//829 
f 830//827 828//825 832//829 
f 831//828 834//831 835//832 
f 834//831 836//833 835//832 
f 836//833 833//830 835//832 
f 833//830 831//828 835//832 
f 834//831 837//834 838//835 
f 837//834 839//836 838//835 
f 839//836 836//833 838//835 
f 836//833 834//831 838//835 
f 837//834 840//837 841//838 
f 840//837 842//839 841//838 
f 842//839 839//836 841//838 
f 839//836 837//834 841//838 
f 840//837 843//840 844//841 
f 843//840 845//842 844//841 
f 845//842 842//839 844//841 
f 842//839 840//837 844//841 
f 843//840 846//843 847//844 
f 846//843 848//845 847//844 
f 848//845 845//842 847//844 
f 845//842 843//840 847//844 
f 846//843 849//846 850//847 
f 849//846 851//848 850//847 
f 851//848 848//845 850//847 
f 848//845 846//843 850//847 
f 849//846 852//849 853//850 
f 852//849 854//851 853//850 
f 854//851 851//848 853//850 
f 851//848 849//846 853//850 
f 852//849 855//852 856//853 
f 855//852 857//854 856//853 
f 857//854 854//851 856//853 
f 854//851 852//849 856//853 
f 855//852 858//855 859//856 
f 858//855 860//857 859//856 
f 860//857 857//854 859//856 
f 857//854 855//852 859//856 
f 858//855 861//858 862//859 
f 861//858 863//860 862//859 
f 863//860 860//857 862//859 
f 860//857 858//855 862//859 
f 861//858 864//861 865//862 
f 864//861 866//863 865//862 
f 866//863 863//860 865//862 
f 863//860 861//858 865//862 
f 864//861 867//864 868//865 
f 867//864 869//866 868//865 
f 869//866 866//863 868//865 
f 866//863 864//861 868//865 
f 867//864 870//867 871//868 
f 870//867 872//869 871//868 
f 872//869 869//866 871//868 
f 869//866 867//864 871//868 
f 870//867 873//870 874//871 
f 873//870 875//872 874//871 
f 875//872 872//869 874//871 
f 872//869 870//867 874//871 
f 873//870 876//873 877//874 
f 876//873 878//875 877//874 
f 878//875 875//872 877//874 
f 875//872 873//870 877//874 
f 876//873 879//876 880//877 
f 879//876 881//878 880//877 
f 881//878 878//875 880//877 
f 878//875 876//873 880//877 
f 879//876 882//879 883//880 
f 882//879 884//881 883//880 
f 884//881 881//878 883//880 
f 881//878 879//876 883//880 
f 882//879 885//882 886//883 
f 885//882 887//884 886//883 
f 887//884 884//881 886//883 
f 884//881 882//879 886//883 
f 885//882 888//885 889//886 
f 888//885 890//887 889//886 
f 890//887 887//884 889//886 
f 887//884 885//882 889//886 
f 888//885 891//888 892//889 
f 891//888 893//890 892//889 
f 893//890 890//887 892//889 
f 890//887 888//885 892//889 
f 891//888 894//891 895//892 
f 894//891 896//893 895//892 
f 896//893 893//890 895//892 
f 893//890 891//888 895//892 
f 894//891 897//894 898//895 
f 897//894 899//896 898//895 
f 899//896 896//893 898//895 
f 896//893 894//891 898//895 
f 897//894 900//897 901//898 
f 900//897 902//899 901//898 
f 902//899 899//896 901//898 
f 899//896 897//894 901//898 
f 900//897 903//900 904//901 
f 903//900 905//902 904//901 
f 905//902 902//899 904//901 
f 902//899 900//897 904//901 
f 903//900 906//903 907//904 
f 906//903 908//905 907//904 
f 908//905 905//902 907//904 
f 905//902 903//900 907//904 
f 906//903 909//906 910//907 
f 909//906 911//908 910//907 
f 911//908 908//905 910//907 
f 908//905 906//903 910//907 
f 909//906 912//909 913//910 
f 912//909 914//911 913//910 
f 914//911 911//908 913//910 
f 911//908 909//906 913//910 
f 912//909 915//912 916//913 
f 915//912 917//914 916//913 
f 917//914 914//911 916//913 
f 914//911 912//909 916//913 
f 915//912 918//915 919//916 
f 918//915 920//917 919//916 
f 920//917 917//914 919//916 
f 917//914 915//912 919//916 
f 918//915 921//918 922//919 
f 921//918 923//920 922//919 
f 923//920 920//917 922//919 
f 920//917 918//915 922//919 
f 921//918 924//921 925//922 
f 924//921 926//923 925//922 
f 926//923 923//920 925//922 
f 923//920 921//918 925//922 
s 3
f 924//921 820//817 927//924 
f 820//817 824//821 927//924 
f 824//821 926//923 927//924 
f 926//923 924//921 927//924 
s 1
f 928//925 929//926 930//927 
f 929//926 931//928 930//927 
f 931//928 932//929 930//927 
f 932//929 928//925 930//927 
s 3
f 929//926 933//930 934//931 
f 933//930 935//932 934//931 
f 935//932 931//928 934//931 
f 931//928 929//926 934//931 
s 2
f 933//930 936//933 937//934 
f 936//933 938//935 937//934 
f 938//935 935//932 937//934 
f 935//932 933//930 937//934 
f 936//933 939//936 940//937 
f 939//936 941//938 940//937 
f 941//938 938//935 940//937 
f 938//935 936//933 940//937 
f 939//936 942//939 943//940 
f 942//939 944//941 943//940 
f 944//941 941//938 943//940 
f 941//938 939//936 943//940 
f 942//939 945//942 946//943 
f 945//942 947//944 946//943 
f 947//944 944//941 946//943 
f 944//941 942//939 946//943 
f 945//942 948//945 949//946 
f 948//945 950//947 949//946 
f 950//947 947//944 949//946 
f 947//944 945//942 949//946 
f 948//945 951//948 952//949 
f 951//948 953//950 952//949 
f 953//950 950//947 952//949 
f 950//947 948//945 952//949 
f 951//948 954//951 955//952 
f 954//951 956//953 955//952 
f 956//953 953//950 955//952 
f 953//950 951//948 955//952 
f 954//951 957//954 958//955 
f 957//954 959//956 958//955 
f 959//956 956//953 958//955 
f 956//953 954//951 958//955 
f 957//954 960//957 961//958 
f 960//957 962//959 961//958 
f 962//959 959//956 961//958 
f 959//956 957//954 961//958 
f 960//957 963//960 964//961 
f 963//960 965//962 964//961 
f 965//962 962//959 964//961 
f 962//959 960//957 964//961 
f 963//960 966//963 967//964 
f 966//963 968//965 967//964 
f 968//965 965//962 967//964 
f 965//962 963//960 967//964 
f 966//963 969//966 970//967 
f 969//966 971//968 970//967 
f 971//968 968//965 970//967 
f 968//965 966//963 970//967 
f 969//966 972//969 973//970 
f 972//969 974//971 973//970 
f 974//971 971//968 973//970 
f 971//968 969//966 973//970 
f 972//969 975//972 976//973 
f 975//972 977//974 976//973 
f 977//974 974//971 976//973 
f 974//971 972//969 976//973 
f 975//972 978//975 979//976 
f 978//975 980//977 979//976 
f 980//977 977//974 979//976 
f 977//974 975//972 979//976 
f 978//975 981//978 982//979 
f 981//978 983//980 982//979 
f 983//980 980//977 982//979 
f 980//977 978//975 982//979 
f 981//978 984//981 985//982 
f 984//981 986//983 985//982 
f 986//983 983//980 985//982 
f 983//980 981//978 985//982 
f 984//981 987//984 988//985 
f 987//984 989//986 988//985 
f 989//986 986//983 988//985 
f 986//983 984//981 988//985 
f 987//984 990//987 991//988 
f 990//987 992//989 991//988 
f 992//989 989//986 991//988 
f 989//986 987//984 991//988 
f 990//987 993//990 994//991 
f 993//990 995//992 994//991 
f 995//992 992//989 994//991 
f 992//989 990//987 994//991 
f 993//990 996//993 997//994 
f 996//993 998//995 997//994 
f 998//995 995//992 997//994 
f 995//992 993//990 997//994 
f 996//993 999//996 1000//997 
f 999//996 1001//998 1000//997 
f 1001//998 998//995 1000//997 
f 998//995 996//993 1000//997 
f 999//996 1002//999 1003//1000 
f 1002//999 1004//1001 1003//1000 
f 1004//1001 1001//998 1003//1000 
f 1001//998 999//996 1003//1000 
f 1002//999 1005//1002 1006//1003 
f 1005//1002 1007//1004 1006//1003 
f 1007//1004 1004//1001 1006//1003 
f 1004//1001 1002//999 1006//1003 
f 1005//1002 1008//1005 1009//1006 
f 1008//1005 1010//1007 1009//1006 
f 1010//1007 1007//1004 1009//1006 
f 1007//1004 1005//1002 1009//1006 
f 1008//1005 1011//1008 1012//1009 
f 1011//1008 1013//1010 1012//1009 
f 1013//1010 1010//1007 1012//1009 
f 1010//1007 1008//1005 1012//1009 
f 1011//1008 1014//1011 1015//1012 
f 1014//1011 1016//1013 1015//1012 
f 1016//1013 1013//1010 1015//1012 
f 1013//1010 1011//1008 1015//1012 
f 1014//1011 1017//1014 1018//1015 
f 1017//1014 1019//1016 1018//1015 
f 1019//1016 1016//1013 1018//1015 
f 1016//1013 1014//1011 1018//1015 
f 1017//1014 1020//1017 1021//1018 
f 1020//1017 1022//1019 1021//1018 
f 1022//1019 1019//1016 1021//1018 
f 1019//1016 1017//1014 1021//1018 
f 1020//1017 1023//1020 1024//1021 
f 1023//1020 1025//1022 1024//1021 
f 1025//1022 1022//1019 1024//1021 
f 1022//1019 1020//1017 1024//1021 
f 1023//1020 1026//1023 1027//1024 
f 1026//1023 1028//1025 1027//1024 
f 1028//1025 1025//1022 1027//1024 
f 1025//1022 1023//1020 1027//1024 
f 1026//1023 1029//1026 1030//1027 
f 1029//1026 1031//1028 1030//1027 
f 1031//1028 1028//1025 1030//1027 
f 1028//1025 1026//1023 1030//1027 
f 1029//1026 1032//1029 1033//1030 
f 1032//1029 1034//1031 1033//1030 
f 1034//1031 1031//1028 1033//1030 
f 1031//1028 1029//1026 1033//1030 
s 3
f 1032//1029 928//925 1035//1032 
f 928//925 932//929 1035//1032 
f 932//929 1034//1031 1035//1032 
f 1034//1031 1032//1029 1035//1032 
s 16
f 165//165 177//177 1036//1033 
f 177//177 174//174 1036//1033 
f 174//174 165//165 1036//1033 
f 167//167 179//179 1037//1034 
f 179//179 182//182 1037//1034 
f 182//182 164//164 1037//1034 
f 164//164 167//167 1037//1034 
f 162//162 183//183 1038//1033 
f 183//183 180//180 1038//1033 
f 180//180 162//162 1038//1033 
f 174//174 171//171 1039//1033 
f 171//171 168//168 1039//1033 
f 168//168 165//165 1039//1033 
f 165//165 174//174 1039//1033 
f 159//159 390//390 1040//1033 
f 390//390 189//189 1040//1033 
f 189//189 186//186 1040//1033 
f 186//186 159//159 1040//1033 
f 180//180 177//177 1041//1033 
f 177//177 165//165 1041//1033 
f 165//165 162//162 1041//1033 
f 162//162 180//180 1041//1033 
f 159//159 156//156 1042//1033 
f 156//156 390//390 1042//1033 
f 390//390 159//159 1042//1033 
f 390//390 387//387 1043//1033 
f 387//387 384//384 1043//1033 
f 384//384 381//381 1043//1033 
f 381//381 378//378 1043//1033 
f 378//378 375//375 1043//1033 
f 375//375 372//372 1043//1033 
f 372//372 369//369 1043//1033 
f 369//369 366//366 1043//1033 
f 366//366 363//363 1043//1033 
f 363//363 198//198 1043//1033 
f 198//198 195//195 1043//1033 
f 195//195 390//390 1043//1033 
f 186//186 183//183 1044//1033 
f 183//183 162//162 1044//1033 
f 162//162 159//159 1044//1033 
f 159//159 186//186 1044//1033 
f 363//363 360//360 1045//1033 
f 360//360 198//198 1045//1033 
f 198//198 363//363 1045//1033 
f 195//195 192//192 1046//1033 
f 192//192 390//390 1046//1033 
f 390//390 195//195 1046//1033 
f 192//192 189//189 1047//1033 
f 189//189 390//390 1047//1033 
f 390//390 192//192 1047//1033 
f 222//222 867//864 1048//1033 
f 867//864 864//861 1048//1033 
f 864//861 222//222 1048//1033 
f 360//360 876//873 1049//1033 
f 198//198 360//360 1049//1033 
f 222//222 219//219 1050//1033 
f 219//219 870//867 1050//1033 
f 870//867 867//864 1050//1033 
f 867//864 222//222 1050//1033 
f 864//861 861//858 1051//1033 
f 861//858 225//225 1051//1033 
f 225//225 222//222 1051//1033 
f 222//222 864//861 1051//1033 
f 861//858 858//855 1052//1033 
f 858//855 225//225 1052//1033 
f 225//225 861//858 1052//1033 
f 858//855 855//852 1053//1033 
f 855//852 231//231 1053//1033 
f 231//231 228//228 1053//1033 
f 228//228 225//225 1053//1033 
f 225//225 858//855 1053//1033 
f 855//852 852//849 1054//1033 
f 852//849 237//237 1054//1033 
f 237//237 234//234 1054//1033 
f 234//234 231//231 1054//1033 
f 231//231 855//852 1054//1033 
f 852//849 849//846 1055//1033 
f 849//846 243//243 1055//1033 
f 243//243 240//240 1055//1033 
f 240//240 237//237 1055//1033 
f 237//237 852//849 1055//1033 
f 849//846 846//843 1056//1033 
f 846//843 246//246 1056//1033 
f 246//246 243//243 1056//1033 
f 243//243 849//846 1056//1033 
f 846//843 843//840 1057//1033 
f 843//840 252//252 1057//1033 
f 252//252 249//249 1057//1033 
f 249//249 246//246 1057//1033 
f 246//246 846//843 1057//1033 
f 843//840 840//837 1058//1033 
f 840//837 255//255 1058//1033 
f 255//255 252//252 1058//1033 
f 252//252 843//840 1058//1033 
f 840//837 837//834 1059//1033 
f 837//834 255//255 1059//1033 
f 255//255 840//837 1059//1033 
f 837//834 834//831 1060//1033 
f 834//831 258//258 1060//1033 
f 258//258 255//255 1060//1033 
f 255//255 837//834 1060//1033 
f 834//831 831//828 1061//1033 
f 831//828 261//261 1061//1033 
f 261//261 258//258 1061//1033 
f 258//258 834//831 1061//1033 
f 831//828 828//825 1062//1033 
f 828//825 267//267 1062//1033 
f 267//267 264//264 1062//1033 
f 264//264 261//261 1062//1033 
f 261//261 831//828 1062//1033 
f 828//825 825//822 1063//1033 
f 825//822 270//270 1063//1033 
f 270//270 267//267 1063//1033 
f 267//267 828//825 1063//1033 
f 825//822 821//818 1064//1033 
f 821//818 273//273 1064//1033 
f 273//273 270//270 1064//1033 
f 270//270 825//822 1064//1033 
f 821//818 820//817 1065//1033 
f 820//817 276//276 1065//1033 
f 276//276 273//273 1065//1033 
f 273//273 821//818 1065//1033 
f 820//817 924//921 1066//1033 
f 924//921 279//279 1066//1033 
f 279//279 276//276 1066//1033 
f 276//276 820//817 1066//1033 
f 924//921 921//918 1067//1033 
f 921//918 285//285 1067//1033 
f 285//285 282//282 1067//1033 
f 282//282 279//279 1067//1033 
f 279//279 924//921 1067//1033 
f 921//918 918//915 1068//1033 
f 918//915 291//291 1068//1033 
f 291//291 288//288 1068//1033 
f 288//288 285//285 1068//1033 
f 285//285 921//918 1068//1033 
f 918//915 915//912 1069//1033 
f 915//912 297//297 1069//1033 
f 297//297 294//294 1069//1033 
f 294//294 291//291 1069//1033 
f 291//291 918//915 1069//1033 
f 915//912 912//909 1070//1033 
f 912//909 303//303 1070//1033 
f 303//303 300//300 1070//1033 
f 300//300 297//297 1070//1033 
f 297//297 915//912 1070//1033 
f 912//909 909//906 1071//1033 
f 909//906 309//309 1071//1033 
f 309//309 306//306 1071//1033 
f 306//306 303//303 1071//1033 
f 303//303 912//909 1071//1033 
f 909//906 906//903 1072//1033 
f 906//903 315//315 1072//1033 
f 315//315 312//312 1072//1033 
f 312//312 309//309 1072//1033 
f 309//309 909//906 1072//1033 
f 906//903 903//900 1073//1033 
f 903//900 321//321 1073//1033 
f 321//321 318//318 1073//1033 
f 318//318 315//315 1073//1033 
f 315//315 906//903 1073//1033 
f 903//900 900//897 1074//1033 
f 900//897 327//327 1074//1033 
f 327//327 324//324 1074//1033 
f 324//324 321//321 1074//1033 
f 321//321 903//900 1074//1033 
f 900//897 897//894 1075//1033 
f 897//894 333//333 1075//1033 
f 333//333 330//330 1075//1033 
f 330//330 327//327 1075//1033 
f 327//327 900//897 1075//1033 
f 897//894 894//891 1076//1033 
f 894//891 336//336 1076//1033 
f 336//336 333//333 1076//1033 
f 333//333 897//894 1076//1033 
f 894//891 891//888 1077//1033 
f 891//888 339//339 1077//1033 
f 339//339 336//336 1077//1033 
f 336//336 894//891 1077//1033 
f 891//888 888//885 1078//1033 
f 888//885 342//342 1078//1033 
f 342//342 339//339 1078//1033 
f 339//339 891//888 1078//1033 
f 888//885 885//882 1079//1033 
f 885//882 348//348 1079//1033 
f 348//348 345//345 1079//1033 
f 345//345 342//342 1079//1033 
f 342//342 888//885 1079//1033 
f 885//882 882//879 1080//1033 
f 882//879 351//351 1080//1033 
f 351//351 348//348 1080//1033 
f 348//348 885//882 1080//1033 
f 882//879 879//876 1081//1033 
f 879//876 357//357 1081//1033 
f 357//357 354//354 1081//1033 
f 354//354 351//351 1081//1033 
f 351//351 882//879 1081//1033 
f 879//876 876//873 1082//1033 
f 876//873 360//360 1082//1033 
f 360//360 357//357 1082//1033 
f 357//357 879//876 1082//1033 
f 219//219 216//216 1083//1033 
f 216//216 870//867 1083//1033 
f 870//867 219//219 1083//1033 
f 216//216 213//213 1084//1033 
f 213//213 870//867 1084//1033 
f 870//867 216//216 1084//1033 
f 213//213 210//210 1085//1033 
f 210//210 870//867 1085//1033 
f 870//867 213//213 1085//1033 
f 210//210 207//207 1086//1033 
f 207//207 870//867 1086//1033 
f 870//867 210//210 1086//1033 
f 207//207 204//204 1087//1033 
f 204//204 870//867 1087//1033 
f 870//867 207//207 1087//1033 
f 204//204 201//201 1088//1033 
f 201//201 870//867 1088//1033 
f 870//867 204//204 1088//1033 
f 198//198 1049//1033 876//873 1089//1033 
f 876//873 873//870 1089//1033 
f 873//870 198//198 1089//1033 
f 873//870 870//867 1090//1033 
f 870//867 201//201 1090//1033 
f 201//201 198//198 1090//1033 
f 198//198 873//870 1090//1033 
f 156//156 153//153 1091//1033 
f 153//153 396//396 1091//1033 
f 396//396 393//393 1091//1033 
f 393//393 390//390 1091//1033 
f 390//390 156//156 1091//1033 
f 153//153 150//150 1092//1033 
f 150//150 402//402 1092//1033 
f 402//402 399//399 1092//1033 
f 399//399 396//396 1092//1033 
f 396//396 153//153 1092//1033 
f 150//150 147//147 1093//1033 
f 147//147 408//408 1093//1033 
f 408//408 405//405 1093//1033 
f 405//405 402//402 1093//1033 
f 402//402 150//150 1093//1033 
f 147//147 144//144 1094//1033 
f 144//144 411//411 1094//1033 
f 411//411 408//408 1094//1033 
f 408//408 147//147 1094//1033 
f 144//144 141//141 1095//1033 
f 141//141 417//417 1095//1033 
f 417//417 414//414 1095//1033 
f 414//414 411//411 1095//1033 
f 411//411 144//144 1095//1033 
f 57//57 474//474 1096//1033 
f 474//474 471//471 1096//1033 
f 471//471 57//57 1096//1033 
f 1//1 816//814 1097//1033 
f 816//814 951//948 1097//1033 
f 951//948 948//945 1097//1033 
f 948//945 1//1 1097//1033 
f 471//471 468//468 1098//1033 
f 468//468 66//66 1098//1033 
f 66//66 63//63 1098//1033 
f 63//63 60//60 1098//1033 
f 60//60 57//57 1098//1033 
f 57//57 471//471 1098//1033 
f 468//468 465//465 1099//1033 
f 465//465 75//75 1099//1033 
f 75//75 72//72 1099//1033 
f 72//72 69//69 1099//1033 
f 69//69 66//66 1099//1033 
f 66//66 468//468 1099//1033 
f 465//465 462//462 1100//1033 
f 462//462 81//81 1100//1033 
f 81//81 78//78 1100//1033 
f 78//78 75//75 1100//1033 
f 75//75 465//465 1100//1033 
f 462//462 459//459 1101//1033 
f 459//459 87//87 1101//1033 
f 87//87 84//84 1101//1033 
f 84//84 81//81 1101//1033 
f 81//81 462//462 1101//1033 
f 459//459 456//456 1102//1033 
f 456//456 93//93 1102//1033 
f 93//93 90//90 1102//1033 
f 90//90 87//87 1102//1033 
f 87//87 459//459 1102//1033 
f 456//456 453//453 1103//1033 
f 453//453 99//99 1103//1033 
f 99//99 96//96 1103//1033 
f 96//96 93//93 1103//1033 
f 93//93 456//456 1103//1033 
f 453//453 450//450 1104//1033 
f 450//450 105//105 1104//1033 
f 105//105 102//102 1104//1033 
f 102//102 99//99 1104//1033 
f 99//99 453//453 1104//1033 
f 450//450 447//447 1105//1033 
f 447//447 111//111 1105//1033 
f 111//111 108//108 1105//1033 
f 108//108 105//105 1105//1033 
f 105//105 450//450 1105//1033 
f 447//447 444//444 1106//1033 
f 444//444 117//117 1106//1033 
f 117//117 114//114 1106//1033 
f 114//114 111//111 1106//1033 
f 111//111 447//447 1106//1033 
f 444//444 441//441 1107//1033 
f 441//441 120//120 1107//1033 
f 120//120 117//117 1107//1033 
f 117//117 444//444 1107//1033 
f 441//441 438//438 1108//1033 
f 438//438 123//123 1108//1033 
f 123//123 120//120 1108//1033 
f 120//120 441//441 1108//1033 
f 438//438 435//435 1109//1033 
f 435//435 126//126 1109//1033 
f 126//126 123//123 1109//1033 
f 123//123 438//438 1109//1033 
f 435//435 432//432 1110//1033 
f 432//432 129//129 1110//1033 
f 129//129 126//126 1110//1033 
f 126//126 435//435 1110//1033 
f 432//432 429//429 1111//1033 
f 429//429 132//132 1111//1033 
f 132//132 129//129 1111//1033 
f 129//129 432//432 1111//1033 
f 429//429 426//426 1112//1033 
f 426//426 135//135 1112//1033 
f 135//135 132//132 1112//1033 
f 132//132 429//429 1112//1033 
f 426//426 423//423 1113//1033 
f 423//423 135//135 1113//1033 
f 135//135 426//426 1113//1033 
f 423//423 420//420 1114//1033 
f 420//420 138//138 1114//1033 
f 138//138 135//135 1114//1033 
f 135//135 423//423 1114//1033 
f 420//420 417//417 1115//1033 
f 417//417 141//141 1115//1033 
f 141//141 138//138 1115//1033 
f 138//138 420//420 1115//1033 
f 774//772 771//769 1116//1033 
f 771//769 768//766 1116//1033 
f 768//766 765//763 1116//1033 
f 765//763 762//761 1116//1033 
f 762//761 687//687 1116//1033 
f 687//687 684//684 1116//1033 
f 684//684 774//772 1116//1033 
f 948//945 945//942 1117//1033 
f 945//942 1//1 1117//1033 
f 1//1 948//945 1117//1033 
f 945//942 942//939 1118//1033 
f 942//939 1//1 1118//1033 
f 1//1 945//942 1118//1033 
f 942//939 939//936 1119//1033 
f 939//936 1//1 1119//1033 
f 1//1 942//939 1119//1033 
f 939//936 936//933 1120//1033 
f 936//933 1//1 1120//1033 
f 1//1 939//936 1120//1033 
f 936//933 933//930 1121//1033 
f 933//930 1//1 1121//1033 
f 1//1 936//933 1121//1033 
f 933//930 929//926 1122//1033 
f 929//926 1//1 1122//1033 
f 1//1 933//930 1122//1033 
f 929//926 928//925 1123//1033 
f 928//925 1//1 1123//1033 
f 1//1 929//926 1123//1033 
f 928//925 1032//1029 1124//1033 
f 1032//1029 501//501 1124//1033 
f 501//501 498//498 1124//1033 
f 498//498 9//9 1124//1033 
f 9//9 6//6 1124//1033 
f 6//6 2//2 1124//1033 
f 2//2 1//1 1124//1033 
f 1//1 928//925 1124//1033 
f 1032//1029 1029//1026 1125//1033 
f 1029//1026 507//507 1125//1033 
f 507//507 504//504 1125//1033 
f 504//504 1032//1029 1125//1033 
f 498//498 495//495 1126//1033 
f 495//495 15//15 1126//1033 
f 15//15 12//12 1126//1033 
f 12//12 9//9 1126//1033 
f 9//9 498//498 1126//1033 
f 495//495 492//492 1127//1033 
f 492//492 21//21 1127//1033 
f 21//21 18//18 1127//1033 
f 18//18 15//15 1127//1033 
f 15//15 495//495 1127//1033 
f 492//492 489//489 1128//1033 
f 489//489 27//27 1128//1033 
f 27//27 24//24 1128//1033 
f 24//24 21//21 1128//1033 
f 21//21 492//492 1128//1033 
f 489//489 486//486 1129//1033 
f 486//486 33//33 1129//1033 
f 33//33 30//30 1129//1033 
f 30//30 27//27 1129//1033 
f 27//27 489//489 1129//1033 
f 486//486 483//483 1130//1033 
f 483//483 42//42 1130//1033 
f 42//42 39//39 1130//1033 
f 39//39 36//36 1130//1033 
f 36//36 33//33 1130//1033 
f 33//33 486//486 1130//1033 
f 483//483 480//480 1131//1033 
f 480//480 48//48 1131//1033 
f 48//48 45//45 1131//1033 
f 45//45 42//42 1131//1033 
f 42//42 483//483 1131//1033 
f 480//480 477//477 1132//1033 
f 477//477 54//54 1132//1033 
f 54//54 51//51 1132//1033 
f 51//51 48//48 1132//1033 
f 48//48 480//480 1132//1033 
f 477//477 474//474 1133//1033 
f 474//474 57//57 1133//1033 
f 57//57 54//54 1133//1033 
f 54//54 477//477 1133//1033 
f 1029//1026 1026//1023 1134//1033 
f 1026//1023 507//507 1134//1033 
f 507//507 1029//1026 1134//1033 
f 504//504 501//501 1135//1033 
f 501//501 1032//1029 1135//1033 
f 1032//1029 504//504 1135//1033 
f 1026//1023 1023//1020 1136//1033 
f 1023//1020 522//522 1136//1033 
f 522//522 519//519 1136//1033 
f 519//519 516//516 1136//1033 
f 516//516 513//513 1136//1033 
f 513//513 510//510 1136//1033 
f 510//510 507//507 1136//1033 
f 507//507 1026//1023 1136//1033 
f 1023//1020 1020//1017 1137//1033 
f 1020//1017 531//531 1137//1033 
f 531//531 528//528 1137//1033 
f 528//528 525//525 1137//1033 
f 525//525 522//522 1137//1033 
f 522//522 1023//1020 1137//1033 
f 1020//1017 1017//1014 1138//1033 
f 1017//1014 540//540 1138//1033 
f 540//540 537//537 1138//1033 
f 537//537 534//534 1138//1033 
f 534//534 531//531 1138//1033 
f 531//531 1020//1017 1138//1033 
f 1017//1014 1014//1011 1139//1033 
f 1014//1011 546//546 1139//1033 
f 546//546 543//543 1139//1033 
f 543//543 540//540 1139//1033 
f 540//540 1017//1014 1139//1033 
f 1014//1011 1011//1008 1140//1033 
f 1011//1008 552//552 1140//1033 
f 552//552 549//549 1140//1033 
f 549//549 546//546 1140//1033 
f 546//546 1014//1011 1140//1033 
f 1011//1008 1008//1005 1141//1033 
f 1008//1005 558//558 1141//1033 
f 558//558 555//555 1141//1033 
f 555//555 552//552 1141//1033 
f 552//552 1011//1008 1141//1033 
f 1008//1005 1005//1002 1142//1033 
f 1005//1002 561//561 1142//1033 
f 561//561 558//558 1142//1033 
f 558//558 1008//1005 1142//1033 
f 1005//1002 1002//999 1143//1033 
f 1002//999 564//564 1143//1033 
f 564//564 561//561 1143//1033 
f 561//561 1005//1002 1143//1033 
f 1002//999 999//996 1144//1033 
f 999//996 567//567 1144//1033 
f 567//567 564//564 1144//1033 
f 564//564 1002//999 1144//1033 
f 999//996 996//993 1145//1033 
f 996//993 570//570 1145//1033 
f 570//570 567//567 1145//1033 
f 567//567 999//996 1145//1033 
f 996//993 993//990 1146//1033 
f 993//990 573//573 1146//1033 
f 573//573 570//570 1146//1033 
f 570//570 996//993 1146//1033 
f 993//990 990//987 1147//1033 
f 990//987 576//576 1147//1033 
f 576//576 573//573 1147//1033 
f 573//573 993//990 1147//1033 
f 990//987 987//984 1148//1033 
f 987//984 579//579 1148//1033 
f 579//579 576//576 1148//1033 
f 576//576 990//987 1148//1033 
f 987//984 984//981 1149//1033 
f 984//981 582//582 1149//1033 
f 582//582 579//579 1149//1033 
f 579//579 987//984 1149//1033 
f 984//981 981//978 1150//1033 
f 981//978 585//585 1150//1033 
f 585//585 582//582 1150//1033 
f 582//582 984//981 1150//1033 
f 981//978 978//975 1151//1033 
f 978//975 588//588 1151//1033 
f 588//588 585//585 1151//1033 
f 585//585 981//978 1151//1033 
f 978//975 975//972 1152//1033 
f 975//972 594//594 1152//1033 
f 594//594 591//591 1152//1033 
f 591//591 588//588 1152//1033 
f 588//588 978//975 1152//1033 
f 975//972 972//969 1153//1033 
f 972//969 600//600 1153//1033 
f 600//600 597//597 1153//1033 
f 597//597 594//594 1153//1033 
f 594//594 975//972 1153//1033 
f 972//969 969//966 1154//1033 
f 969//966 609//609 1154//1033 
f 609//609 606//606 1154//1033 
f 606//606 603//603 1154//1033 
f 603//603 600//600 1154//1033 
f 600//600 972//969 1154//1033 
f 969//966 966//963 1155//1033 
f 966//963 615//615 1155//1033 
f 615//615 612//612 1155//1033 
f 612//612 609//609 1155//1033 
f 609//609 969//966 1155//1033 
f 966//963 963//960 1156//1033 
f 963//960 621//621 1156//1033 
f 621//621 618//618 1156//1033 
f 618//618 615//615 1156//1033 
f 615//615 966//963 1156//1033 
f 963//960 960//957 1157//1033 
f 960//957 627//627 1157//1033 
f 627//627 624//624 1157//1033 
f 624//624 621//621 1157//1033 
f 621//621 963//960 1157//1033 
f 960//957 957//954 1158//1033 
f 957//954 633//633 1158//1033 
f 633//633 630//630 1158//1033 
f 630//630 627//627 1158//1033 
f 627//627 960//957 1158//1033 
f 957//954 954//951 1159//1033 
f 954//951 636//636 1159//1033 
f 636//636 633//633 1159//1033 
f 633//633 957//954 1159//1033 
f 954//951 951//948 1160//1033 
f 951//948 1161//1033 669//669 1160//1033 
f 669//669 666//666 1160//1033 
f 666//666 663//663 1160//1033 
f 663//663 660//660 1160//1033 
f 660//660 657//657 1160//1033 
f 657//657 654//654 1160//1033 
f 654//654 651//651 1160//1033 
f 651//651 648//648 1160//1033 
f 648//648 645//645 1160//1033 
f 645//645 642//642 1160//1033 
f 642//642 639//639 1160//1033 
f 639//639 636//636 1160//1033 
f 636//636 954//951 1160//1033 
f 762//761 759//758 1162//1033 
f 759//758 756//755 1162//1033 
f 756//755 753//752 1162//1033 
f 753//752 762//761 1162//1033 
f 726//726 723//723 1163//1033 
f 723//723 720//720 1163//1033 
f 720//720 726//726 1163//1033 
f 684//684 681//681 1164//1033 
f 681//681 783//781 1164//1033 
f 783//781 780//778 1164//1033 
f 780//778 777//775 1164//1033 
f 777//775 774//772 1164//1033 
f 774//772 684//684 1164//1033 
f 681//681 678//678 1165//1033 
f 678//678 789//787 1165//1033 
f 789//787 786//784 1165//1033 
f 786//784 783//781 1165//1033 
f 783//781 681//681 1165//1033 
f 678//678 675//675 1166//1033 
f 675//675 798//796 1166//1033 
f 798//796 795//793 1166//1033 
f 795//793 792//790 1166//1033 
f 792//790 789//787 1166//1033 
f 789//787 678//678 1166//1033 
f 675//675 672//672 1167//1033 
f 672//672 798//796 1167//1033 
f 798//796 675//675 1167//1033 
f 672//672 669//669 1168//1033 
f 669//669 798//796 1168//1033 
f 798//796 672//672 1168//1033 
f 951//948 816//814 1161//1033 
f 816//814 813//811 1161//1033 
f 813//811 810//808 1161//1033 
f 810//808 807//805 1161//1033 
f 807//805 804//802 1161//1033 
f 804//802 801//799 1161//1033 
f 801//799 798//796 1161//1033 
f 798//796 669//669 1161//1033 
f 720//720 717//717 1169//1033 
f 717//717 726//726 1169//1033 
f 726//726 720//720 1169//1033 
f 717//717 714//714 1170//1033 
f 714//714 744//743 1170//1033 
f 744//743 741//740 1170//1033 
f 741//740 738//737 1170//1033 
f 738//737 735//734 1170//1033 
f 735//734 732//731 1170//1033 
f 732//731 729//728 1170//1033 
f 729//728 726//726 1170//1033 
f 726//726 717//717 1170//1033 
f 714//714 711//711 1171//1033 
f 711//711 750//749 1171//1033 
f 750//749 747//746 1171//1033 
f 747//746 744//743 1171//1033 
f 744//743 714//714 1171//1033 
f 711//711 708//708 1172//1033 
f 708//708 753//752 1172//1033 
f 753//752 750//749 1172//1033 
f 750//749 711//711 1172//1033 
f 708//708 705//705 1173//1033 
f 705//705 753//752 1173//1033 
f 753//752 708//708 1173//1033 
f 705//705 702//702 1174//1033 
f 702//702 753//752 1174//1033 
f 753//752 705//705 1174//1033 
f 702//702 699//699 1175//1033 
f 699//699 753//752 1175//1033 
f 753//752 702//702 1175//1033 
f 699//699 696//696 1176//1033 
f 696//696 753//752 1176//1033 
f 753//752 699//699 1176//1033 
f 696//696 693//693 1177//1033 
f 693//693 753//752 1177//1033 
f 753//752 696//696 1177//1033 
f 693//693 690//690 1178//1033 
f 690//690 762//761 1178//1033 
f 762//761 753//752 1178//1033 
f 753//752 693//693 1178//1033 
f 690//690 687//687 1179//1033 
f 687//687 762//761 1179//1033 
f 762//761 690//690 1179//1033 
f 167//167 170//170 1180//1034 
f 170//170 173//173 1180//1034 
f 173//173 176//176 1180//1034 
f 176//176 167//167 1180//1034 
f 182//182 185//185 1181//1034 
f 185//185 161//161 1181//1034 
f 161//161 164//164 1181//1034 
f 164//164 182//182 1181//1034 
f 185//185 188//188 1182//1034 
f 188//188 161//161 1182//1034 
f 161//161 185//185 1182//1034 
f 188//188 191//191 1183//1034 
f 191//191 161//161 1183//1034 
f 161//161 188//188 1183//1034 
f 191//191 194//194 1184//1034 
f 194//194 392//392 1184//1034 
f 392//392 161//161 1184//1034 
f 161//161 191//191 1184//1034 
f 194//194 197//197 1185//1034 
f 197//197 392//392 1185//1034 
f 392//392 194//194 1185//1034 
f 413//413 416//416 1186//1034 
f 416//416 419//419 1186//1034 
f 419//419 143//143 1186//1034 
f 143//143 146//146 1186//1034 
f 146//146 413//413 1186//1034 
f 419//419 422//422 1187//1034 
f 422//422 140//140 1187//1034 
f 140//140 143//143 1187//1034 
f 143//143 419//419 1187//1034 
f 146//146 149//149 1188//1034 
f 149//149 410//410 1188//1034 
f 410//410 413//413 1188//1034 
f 413//413 146//146 1188//1034 
f 149//149 152//152 1189//1034 
f 152//152 404//404 1189//1034 
f 404//404 407//407 1189//1034 
f 407//407 410//410 1189//1034 
f 410//410 149//149 1189//1034 
f 152//152 155//155 1190//1034 
f 155//155 398//398 1190//1034 
f 398//398 401//401 1190//1034 
f 401//401 404//404 1190//1034 
f 404//404 152//152 1190//1034 
f 155//155 158//158 1191//1034 
f 158//158 392//392 1191//1034 
f 392//392 395//395 1191//1034 
f 395//395 398//398 1191//1034 
f 398//398 155//155 1191//1034 
f 158//158 161//161 1192//1034 
f 161//161 392//392 1192//1034 
f 392//392 158//158 1192//1034 
f 422//422 425//425 1193//1034 
f 425//425 137//137 1193//1034 
f 137//137 140//140 1193//1034 
f 140//140 422//422 1193//1034 
f 425//425 428//428 1194//1034 
f 428//428 137//137 1194//1034 
f 137//137 425//425 1194//1034 
f 428//428 431//431 1195//1034 
f 431//431 134//134 1195//1034 
f 134//134 137//137 1195//1034 
f 137//137 428//428 1195//1034 
f 431//431 434//434 1196//1034 
f 434//434 131//131 1196//1034 
f 131//131 134//134 1196//1034 
f 134//134 431//431 1196//1034 
f 434//434 437//437 1197//1034 
f 437//437 128//128 1197//1034 
f 128//128 131//131 1197//1034 
f 131//131 434//434 1197//1034 
f 437//437 440//440 1198//1034 
f 440//440 125//125 1198//1034 
f 125//125 128//128 1198//1034 
f 128//128 437//437 1198//1034 
f 440//440 443//443 1199//1034 
f 443//443 122//122 1199//1034 
f 122//122 125//125 1199//1034 
f 125//125 440//440 1199//1034 
f 443//443 446//446 1200//1034 
f 446//446 119//119 1200//1034 
f 119//119 122//122 1200//1034 
f 122//122 443//443 1200//1034 
f 446//446 449//449 1201//1034 
f 449//449 113//113 1201//1034 
f 113//113 116//116 1201//1034 
f 116//116 119//119 1201//1034 
f 119//119 446//446 1201//1034 
f 449//449 452//452 1202//1034 
f 452//452 107//107 1202//1034 
f 107//107 110//110 1202//1034 
f 110//110 113//113 1202//1034 
f 113//113 449//449 1202//1034 
f 452//452 455//455 1203//1034 
f 455//455 101//101 1203//1034 
f 101//101 104//104 1203//1034 
f 104//104 107//107 1203//1034 
f 107//107 452//452 1203//1034 
f 455//455 458//458 1204//1034 
f 458//458 95//95 1204//1034 
f 95//95 98//98 1204//1034 
f 98//98 101//101 1204//1034 
f 101//101 455//455 1204//1034 
f 458//458 461//461 1205//1034 
f 461//461 89//89 1205//1034 
f 89//89 92//92 1205//1034 
f 92//92 95//95 1205//1034 
f 95//95 458//458 1205//1034 
f 461//461 464//464 1206//1034 
f 464//464 83//83 1206//1034 
f 83//83 86//86 1206//1034 
f 86//86 89//89 1206//1034 
f 89//89 461//461 1206//1034 
f 464//464 467//467 1207//1034 
f 467//467 77//77 1207//1034 
f 77//77 80//80 1207//1034 
f 80//80 83//83 1207//1034 
f 83//83 464//464 1207//1034 
f 467//467 470//470 1208//1034 
f 470//470 68//68 1208//1034 
f 68//68 71//71 1208//1034 
f 71//71 74//74 1208//1034 
f 74//74 77//77 1208//1034 
f 77//77 467//467 1208//1034 
f 470//470 473//473 1209//1034 
f 473//473 59//59 1209//1034 
f 59//59 62//62 1209//1034 
f 62//62 65//65 1209//1034 
f 65//65 68//68 1209//1034 
f 68//68 470//470 1209//1034 
f 476//476 479//479 1210//1034 
f 479//479 56//56 1210//1034 
f 56//56 59//59 1210//1034 
f 59//59 476//476 1210//1034 
f 479//479 482//482 1211//1034 
f 482//482 50//50 1211//1034 
f 50//50 53//53 1211//1034 
f 53//53 56//56 1211//1034 
f 56//56 479//479 1211//1034 
f 59//59 473//473 1212//1034 
f 473//473 476//476 1212//1034 
f 476//476 59//59 1212//1034 
f 482//482 485//485 1213//1034 
f 485//485 44//44 1213//1034 
f 44//44 47//47 1213//1034 
f 47//47 50//50 1213//1034 
f 50//50 482//482 1213//1034 
f 485//485 488//488 1214//1034 
f 488//488 35//35 1214//1034 
f 35//35 38//38 1214//1034 
f 38//38 41//41 1214//1034 
f 41//41 44//44 1214//1034 
f 44//44 485//485 1214//1034 
f 488//488 491//491 1215//1034 
f 491//491 29//29 1215//1034 
f 29//29 32//32 1215//1034 
f 32//32 35//35 1215//1034 
f 35//35 488//488 1215//1034 
f 491//491 494//494 1216//1034 
f 494//494 23//23 1216//1034 
f 23//23 26//26 1216//1034 
f 26//26 29//29 1216//1034 
f 29//29 491//491 1216//1034 
f 494//494 497//497 1217//1034 
f 497//497 17//17 1217//1034 
f 17//17 20//20 1217//1034 
f 20//20 23//23 1217//1034 
f 23//23 494//494 1217//1034 
f 497//497 500//500 1218//1034 
f 500//500 11//11 1218//1034 
f 11//11 14//14 1218//1034 
f 14//14 17//17 1218//1034 
f 17//17 497//497 1218//1034 
f 500//500 503//503 1219//1034 
f 503//503 4//4 1219//1034 
f 4//4 8//8 1219//1034 
f 8//8 11//11 1219//1034 
f 11//11 500//500 1219//1034 
f 503//503 506//506 1220//1034 
f 506//506 1034//1031 1220//1034 
f 1034//1031 932//929 1220//1034 
f 932//929 5//5 1220//1034 
f 5//5 4//4 1220//1034 
f 4//4 503//503 1220//1034 
f 506//506 509//509 1221//1034 
f 509//509 1034//1031 1221//1034 
f 1034//1031 506//506 1221//1034 
f 932//929 931//928 1222//1034 
f 931//928 5//5 1222//1034 
f 5//5 932//929 1222//1034 
f 931//928 935//932 1223//1034 
f 935//932 5//5 1223//1034 
f 5//5 931//928 1223//1034 
f 935//932 938//935 1224//1034 
f 938//935 5//5 1224//1034 
f 5//5 935//932 1224//1034 
f 938//935 941//938 1225//1034 
f 941//938 5//5 1225//1034 
f 5//5 938//935 1225//1034 
f 941//938 944//941 1226//1034 
f 944//941 5//5 1226//1034 
f 5//5 941//938 1226//1034 
f 944//941 947//944 1227//1034 
f 947//944 5//5 1227//1034 
f 5//5 944//941 1227//1034 
f 947//944 950//947 1228//1034 
f 950//947 5//5 1228//1034 
f 5//5 947//944 1228//1034 
f 671//671 800//798 1229//1034 
f 800//798 803//801 1229//1034 
f 803//801 806//804 1229//1034 
f 806//804 809//807 1229//1034 
f 809//807 812//810 1229//1034 
f 812//810 815//813 1229//1034 
f 815//813 818//816 1229//1034 
f 818//816 953//950 1229//1034 
f 671//671 674//674 1230//1034 
f 674//674 800//798 1230//1034 
f 800//798 671//671 1230//1034 
f 818//816 5//5 1231//1034 
f 5//5 950//947 1231//1034 
f 950//947 953//950 1231//1034 
f 953//950 818//816 1231//1034 
f 674//674 677//677 1232//1034 
f 677//677 800//798 1232//1034 
f 800//798 674//674 1232//1034 
f 677//677 680//680 1233//1034 
f 680//680 791//789 1233//1034 
f 791//789 794//792 1233//1034 
f 794//792 797//795 1233//1034 
f 797//795 800//798 1233//1034 
f 800//798 677//677 1233//1034 
f 680//680 683//683 1234//1034 
f 683//683 785//783 1234//1034 
f 785//783 788//786 1234//1034 
f 788//786 791//789 1234//1034 
f 791//789 680//680 1234//1034 
f 683//683 686//686 1235//1034 
f 686//686 776//774 1235//1034 
f 776//774 779//777 1235//1034 
f 779//777 782//780 1235//1034 
f 782//780 785//783 1235//1034 
f 785//783 683//683 1235//1034 
f 686//686 689//689 1236//1034 
f 689//689 770//768 1236//1034 
f 770//768 773//771 1236//1034 
f 773//771 776//774 1236//1034 
f 776//774 686//686 1236//1034 
f 689//689 692//692 1237//1034 
f 692//692 764//762 1237//1034 
f 764//762 767//765 1237//1034 
f 767//765 770//768 1237//1034 
f 770//768 689//689 1237//1034 
f 755//754 758//757 1238//1034 
f 758//757 761//760 1238//1034 
f 761//760 764//762 1238//1034 
f 764//762 755//754 1238//1034 
f 695//695 698//698 1239//1034 
f 698//698 755//754 1239//1034 
f 755//754 695//695 1239//1034 
f 764//762 692//692 1240//1034 
f 692//692 695//695 1240//1034 
f 695//695 755//754 1240//1034 
f 755//754 764//762 1240//1034 
f 698//698 701//701 1241//1034 
f 701//701 755//754 1241//1034 
f 755//754 698//698 1241//1034 
f 701//701 704//704 1242//1034 
f 704//704 755//754 1242//1034 
f 755//754 701//701 1242//1034 
f 704//704 707//707 1243//1034 
f 707//707 755//754 1243//1034 
f 755//754 704//704 1243//1034 
f 707//707 710//710 1244//1034 
f 710//710 755//754 1244//1034 
f 755//754 707//707 1244//1034 
f 710//710 713//713 1245//1034 
f 713//713 752//751 1245//1034 
f 752//751 755//754 1245//1034 
f 755//754 710//710 1245//1034 
f 713//713 716//716 1246//1034 
f 716//716 746//745 1246//1034 
f 746//745 749//748 1246//1034 
f 749//748 752//751 1246//1034 
f 752//751 713//713 1246//1034 
f 716//716 719//719 1247//1034 
f 719//719 728//727 1247//1034 
f 728//727 731//730 1247//1034 
f 731//730 734//733 1247//1034 
f 734//733 737//736 1247//1034 
f 737//736 740//739 1247//1034 
f 740//739 743//742 1247//1034 
f 743//742 746//745 1247//1034 
f 746//745 716//716 1247//1034 
f 719//719 722//722 1248//1034 
f 722//722 728//727 1248//1034 
f 728//727 719//719 1248//1034 
f 722//722 725//725 1249//1034 
f 725//725 728//727 1249//1034 
f 728//727 722//722 1249//1034 
f 638//638 641//641 1250//1034 
f 641//641 644//644 1250//1034 
f 644//644 647//647 1250//1034 
f 647//647 650//650 1250//1034 
f 650//650 653//653 1250//1034 
f 653//653 656//656 1250//1034 
f 656//656 659//659 1250//1034 
f 659//659 662//662 1250//1034 
f 662//662 665//665 1250//1034 
f 665//665 668//668 1250//1034 
f 668//668 671//671 1250//1034 
f 671//671 1229//1034 953//950 1250//1034 
f 953//950 956//953 1250//1034 
f 956//953 638//638 1250//1034 
f 956//953 959//956 1251//1034 
f 959//956 635//635 1251//1034 
f 635//635 638//638 1251//1034 
f 638//638 956//953 1251//1034 
f 959//956 962//959 1252//1034 
f 962//959 629//629 1252//1034 
f 629//629 632//632 1252//1034 
f 632//632 635//635 1252//1034 
f 635//635 959//956 1252//1034 
f 962//959 965//962 1253//1034 
f 965//962 623//623 1253//1034 
f 623//623 626//626 1253//1034 
f 626//626 629//629 1253//1034 
f 629//629 962//959 1253//1034 
f 965//962 968//965 1254//1034 
f 968//965 617//617 1254//1034 
f 617//617 620//620 1254//1034 
f 620//620 623//623 1254//1034 
f 623//623 965//962 1254//1034 
f 968//965 971//968 1255//1034 
f 971//968 611//611 1255//1034 
f 611//611 614//614 1255//1034 
f 614//614 617//617 1255//1034 
f 617//617 968//965 1255//1034 
f 971//968 974//971 1256//1034 
f 974//971 602//602 1256//1034 
f 602//602 605//605 1256//1034 
f 605//605 608//608 1256//1034 
f 608//608 611//611 1256//1034 
f 611//611 971//968 1256//1034 
f 974//971 977//974 1257//1034 
f 977//974 596//596 1257//1034 
f 596//596 599//599 1257//1034 
f 599//599 602//602 1257//1034 
f 602//602 974//971 1257//1034 
f 977//974 980//977 1258//1034 
f 980//977 590//590 1258//1034 
f 590//590 593//593 1258//1034 
f 593//593 596//596 1258//1034 
f 596//596 977//974 1258//1034 
f 980//977 983//980 1259//1034 
f 983//980 587//587 1259//1034 
f 587//587 590//590 1259//1034 
f 590//590 980//977 1259//1034 
f 983//980 986//983 1260//1034 
f 986//983 584//584 1260//1034 
f 584//584 587//587 1260//1034 
f 587//587 983//980 1260//1034 
f 986//983 989//986 1261//1034 
f 989//986 581//581 1261//1034 
f 581//581 584//584 1261//1034 
f 584//584 986//983 1261//1034 
f 989//986 992//989 1262//1034 
f 992//989 578//578 1262//1034 
f 578//578 581//581 1262//1034 
f 581//581 989//986 1262//1034 
f 992//989 995//992 1263//1034 
f 995//992 575//575 1263//1034 
f 575//575 578//578 1263//1034 
f 578//578 992//989 1263//1034 
f 995//992 998//995 1264//1034 
f 998//995 572//572 1264//1034 
f 572//572 575//575 1264//1034 
f 575//575 995//992 1264//1034 
f 998//995 1001//998 1265//1034 
f 1001//998 569//569 1265//1034 
f 569//569 572//572 1265//1034 
f 572//572 998//995 1265//1034 
f 1001//998 1004//1001 1266//1034 
f 1004//1001 566//566 1266//1034 
f 566//566 569//569 1266//1034 
f 569//569 1001//998 1266//1034 
f 1004//1001 1007//1004 1267//1034 
f 1007//1004 563//563 1267//1034 
f 563//563 566//566 1267//1034 
f 566//566 1004//1001 1267//1034 
f 1007//1004 1010//1007 1268//1034 
f 1010//1007 560//560 1268//1034 
f 560//560 563//563 1268//1034 
f 563//563 1007//1004 1268//1034 
f 1010//1007 1013//1010 1269//1034 
f 1013//1010 554//554 1269//1034 
f 554//554 557//557 1269//1034 
f 557//557 560//560 1269//1034 
f 560//560 1010//1007 1269//1034 
f 1013//1010 1016//1013 1270//1034 
f 1016//1013 548//548 1270//1034 
f 548//548 551//551 1270//1034 
f 551//551 554//554 1270//1034 
f 554//554 1013//1010 1270//1034 
f 1016//1013 1019//1016 1271//1034 
f 1019//1016 542//542 1271//1034 
f 542//542 545//545 1271//1034 
f 545//545 548//548 1271//1034 
f 548//548 1016//1013 1271//1034 
f 1019//1016 1022//1019 1272//1034 
f 1022//1019 533//533 1272//1034 
f 533//533 536//536 1272//1034 
f 536//536 539//539 1272//1034 
f 539//539 542//542 1272//1034 
f 542//542 1019//1016 1272//1034 
f 1022//1019 1025//1022 1273//1034 
f 1025//1022 524//524 1273//1034 
f 524//524 527//527 1273//1034 
f 527//527 530//530 1273//1034 
f 530//530 533//533 1273//1034 
f 533//533 1022//1019 1273//1034 
f 1025//1022 1028//1025 1274//1034 
f 1028//1025 509//509 1274//1034 
f 509//509 512//512 1274//1034 
f 512//512 515//515 1274//1034 
f 515//515 518//518 1274//1034 
f 518//518 521//521 1274//1034 
f 521//521 524//524 1274//1034 
f 524//524 1025//1022 1274//1034 
f 1028//1025 1031//1028 1275//1034 
f 1031//1028 509//509 1275//1034 
f 509//509 1028//1025 1275//1034 
f 1031//1028 1034//1031 1276//1034 
f 1034//1031 509//509 1276//1034 
f 509//509 1031//1028 1276//1034 
f 878//875 881//878 1277//1034 
f 881//878 359//359 1277//1034 
f 359//359 362//362 1277//1034 
f 362//362 878//875 1277//1034 
f 881//878 884//881 1278//1034 
f 884//881 353//353 1278//1034 
f 353//353 356//356 1278//1034 
f 356//356 359//359 1278//1034 
f 359//359 881//878 1278//1034 
f 362//362 200//200 1279//1034 
f 878//875 362//362 1279//1034 
f 362//362 365//365 1280//1034 
f 365//365 200//200 1280//1034 
f 200//200 362//362 1280//1034 
f 365//365 368//368 1281//1034 
f 368//368 371//371 1281//1034 
f 371//371 374//374 1281//1034 
f 374//374 377//377 1281//1034 
f 377//377 380//380 1281//1034 
f 380//380 383//383 1281//1034 
f 383//383 386//386 1281//1034 
f 386//386 389//389 1281//1034 
f 389//389 392//392 1281//1034 
f 392//392 197//197 1281//1034 
f 197//197 200//200 1281//1034 
f 200//200 365//365 1281//1034 
f 884//881 887//884 1282//1034 
f 887//884 350//350 1282//1034 
f 350//350 353//353 1282//1034 
f 353//353 884//881 1282//1034 
f 887//884 890//887 1283//1034 
f 890//887 344//344 1283//1034 
f 344//344 347//347 1283//1034 
f 347//347 350//350 1283//1034 
f 350//350 887//884 1283//1034 
f 890//887 893//890 1284//1034 
f 893//890 341//341 1284//1034 
f 341//341 344//344 1284//1034 
f 344//344 890//887 1284//1034 
f 893//890 896//893 1285//1034 
f 896//893 338//338 1285//1034 
f 338//338 341//341 1285//1034 
f 341//341 893//890 1285//1034 
f 896//893 899//896 1286//1034 
f 899//896 335//335 1286//1034 
f 335//335 338//338 1286//1034 
f 338//338 896//893 1286//1034 
f 899//896 902//899 1287//1034 
f 902//899 329//329 1287//1034 
f 329//329 332//332 1287//1034 
f 332//332 335//335 1287//1034 
f 335//335 899//896 1287//1034 
f 902//899 905//902 1288//1034 
f 905//902 323//323 1288//1034 
f 323//323 326//326 1288//1034 
f 326//326 329//329 1288//1034 
f 329//329 902//899 1288//1034 
f 905//902 908//905 1289//1034 
f 908//905 317//317 1289//1034 
f 317//317 320//320 1289//1034 
f 320//320 323//323 1289//1034 
f 323//323 905//902 1289//1034 
f 908//905 911//908 1290//1034 
f 911//908 311//311 1290//1034 
f 311//311 314//314 1290//1034 
f 314//314 317//317 1290//1034 
f 317//317 908//905 1290//1034 
f 911//908 914//911 1291//1034 
f 914//911 305//305 1291//1034 
f 305//305 308//308 1291//1034 
f 308//308 311//311 1291//1034 
f 311//311 911//908 1291//1034 
f 914//911 917//914 1292//1034 
f 917//914 299//299 1292//1034 
f 299//299 302//302 1292//1034 
f 302//302 305//305 1292//1034 
f 305//305 914//911 1292//1034 
f 917//914 920//917 1293//1034 
f 920//917 293//293 1293//1034 
f 293//293 296//296 1293//1034 
f 296//296 299//299 1293//1034 
f 299//299 917//914 1293//1034 
f 920//917 923//920 1294//1034 
f 923//920 287//287 1294//1034 
f 287//287 290//290 1294//1034 
f 290//290 293//293 1294//1034 
f 293//293 920//917 1294//1034 
f 923//920 926//923 1295//1034 
f 926//923 281//281 1295//1034 
f 281//281 284//284 1295//1034 
f 284//284 287//287 1295//1034 
f 287//287 923//920 1295//1034 
f 926//923 824//821 1296//1034 
f 824//821 278//278 1296//1034 
f 278//278 281//281 1296//1034 
f 281//281 926//923 1296//1034 
f 824//821 823//820 1297//1034 
f 823//820 275//275 1297//1034 
f 275//275 278//278 1297//1034 
f 278//278 824//821 1297//1034 
f 823//820 827//824 1298//1034 
f 827//824 272//272 1298//1034 
f 272//272 275//275 1298//1034 
f 275//275 823//820 1298//1034 
f 827//824 830//827 1299//1034 
f 830//827 269//269 1299//1034 
f 269//269 272//272 1299//1034 
f 272//272 827//824 1299//1034 
f 830//827 833//830 1300//1034 
f 833//830 263//263 1300//1034 
f 263//263 266//266 1300//1034 
f 266//266 269//269 1300//1034 
f 269//269 830//827 1300//1034 
f 833//830 836//833 1301//1034 
f 836//833 260//260 1301//1034 
f 260//260 263//263 1301//1034 
f 263//263 833//830 1301//1034 
f 836//833 839//836 1302//1034 
f 839//836 257//257 1302//1034 
f 257//257 260//260 1302//1034 
f 260//260 836//833 1302//1034 
f 839//836 842//839 1303//1034 
f 842//839 257//257 1303//1034 
f 257//257 839//836 1303//1034 
f 842//839 845//842 1304//1034 
f 845//842 254//254 1304//1034 
f 254//254 257//257 1304//1034 
f 257//257 842//839 1304//1034 
f 845//842 848//845 1305//1034 
f 848//845 248//248 1305//1034 
f 248//248 251//251 1305//1034 
f 251//251 254//254 1305//1034 
f 254//254 845//842 1305//1034 
f 848//845 851//848 1306//1034 
f 851//848 245//245 1306//1034 
f 245//245 248//248 1306//1034 
f 248//248 848//845 1306//1034 
f 851//848 854//851 1307//1034 
f 854//851 239//239 1307//1034 
f 239//239 242//242 1307//1034 
f 242//242 245//245 1307//1034 
f 245//245 851//848 1307//1034 
f 854//851 857//854 1308//1034 
f 857//854 233//233 1308//1034 
f 233//233 236//236 1308//1034 
f 236//236 239//239 1308//1034 
f 239//239 854//851 1308//1034 
f 857//854 860//857 1309//1034 
f 860//857 227//227 1309//1034 
f 227//227 230//230 1309//1034 
f 230//230 233//233 1309//1034 
f 233//233 857//854 1309//1034 
f 860//857 863//860 1310//1034 
f 863//860 227//227 1310//1034 
f 227//227 860//857 1310//1034 
f 863//860 866//863 1311//1034 
f 866//863 224//224 1311//1034 
f 224//224 227//227 1311//1034 
f 227//227 863//860 1311//1034 
f 866//863 869//866 1312//1034 
f 869//866 221//221 1312//1034 
f 221//221 224//224 1312//1034 
f 224//224 866//863 1312//1034 
f 872//869 212//212 1313//1034 
f 212//212 215//215 1313//1034 
f 215//215 872//869 1313//1034 
f 872//869 875//872 1314//1034 
f 875//872 200//200 1314//1034 
f 200//200 203//203 1314//1034 
f 203//203 872//869 1314//1034 
f 215//215 218//218 1315//1034 
f 218//218 872//869 1315//1034 
f 872//869 215//215 1315//1034 
f 218//218 221//221 1316//1034 
f 221//221 869//866 1316//1034 
f 869//866 872//869 1316//1034 
f 872//869 218//218 1316//1034 
f 875//872 878//875 1317//1034 
f 878//875 1279//1034 200//200 1317//1034 
f 200//200 875//872 1317//1034 
f 203//203 206//206 1318//1034 
f 206//206 872//869 1318//1034 
f 872//869 203//203 1318//1034 
f 206//206 209//209 1319//1034 
f 209//209 872//869 1319//1034 
f 872//869 206//206 1319//1034 
f 209//209 212//212 1320//1034 
f 212//212 872//869 1320//1034 
f 872//869 209//209 1320//1034 
f 176//176 179//179 1321//1034 
f 179//179 167//167 1321//1034 
f 167//167 176//176 1321//1034 
# 4 polygons - 2638 triangles

