# 3ds Max Wavefront OBJ Exporter v0.97b - (c)2007 guruware
# File Created: 10.09.2020 19:00:12

#
# object Object002
#

v  -9.2713 10.0000 -48.9738
v  -10.8021 10.0000 -49.2696
v  -10.2919 6.6667 -49.1710
v  -10.8021 0.0000 -49.2696
v  -9.2713 0.0000 -48.9738
v  -9.7816 3.3333 -49.0724
v  -7.9446 10.0000 -48.4808
v  -8.8291 6.6667 -48.8095
v  -7.9446 0.0000 -48.4808
v  -8.3869 3.3333 -48.6451
v  -6.8221 10.0000 -47.7906
v  -7.5704 6.6667 -48.2507
v  -6.8221 0.0000 -47.7906
v  -7.1963 3.3333 -48.0206
v  -5.9036 10.0000 -46.9031
v  -6.5159 6.6667 -47.4947
v  -5.9036 0.0000 -46.9031
v  -6.2097 3.3333 -47.1989
v  -5.1892 10.0000 -45.8184
v  -5.6655 6.6667 -46.5416
v  -5.1892 0.0000 -45.8184
v  -5.4273 3.3333 -46.1800
v  -4.6790 10.0000 -44.5366
v  -5.0191 6.6667 -45.3912
v  -4.6790 0.0000 -44.5366
v  -4.8490 3.3333 -44.9639
v  -4.3728 10.0000 -43.0575
v  -4.5769 6.6667 -44.0436
v  -4.3728 0.0000 -43.0575
v  -4.4748 3.3333 -43.5505
v  -4.2707 10.0000 -41.3812
v  -4.3388 6.6667 -42.4987
v  -4.2707 0.0000 -41.3812
v  -4.3048 3.3333 -41.9400
v  -4.3320 10.0000 -40.4899
v  -4.2911 6.6667 -41.0841
v  -4.3320 0.0000 -40.4899
v  -4.3116 3.3333 -40.7870
v  -4.5156 10.0000 -39.5512
v  -4.3932 6.6667 -40.1770
v  -4.5156 0.0000 -39.5512
v  -4.4544 3.3333 -39.8641
v  -4.8217 10.0000 -38.5651
v  -4.6176 6.6667 -39.2225
v  -4.8217 0.0000 -38.5651
v  -4.7196 3.3333 -38.8938
v  -5.2502 10.0000 -37.5317
v  -4.9645 6.6667 -38.2206
v  -5.2502 0.0000 -37.5317
v  -5.1073 3.3333 -37.8762
v  -5.8011 10.0000 -36.4508
v  -5.4338 6.6667 -37.1714
v  -5.8011 0.0000 -36.4508
v  -5.6174 3.3333 -36.8111
v  -6.4744 10.0000 -35.3225
v  -6.0255 6.6667 -36.0747
v  -6.4744 0.0000 -35.3225
v  -6.2500 3.3333 -35.6986
v  -7.2702 10.0000 -34.1469
v  -6.7397 6.6667 -34.9306
v  -7.2702 0.0000 -34.1469
v  -7.0049 3.3333 -34.5388
v  -8.1884 10.0000 -32.9238
v  -7.5762 6.6667 -33.7392
v  -8.1884 0.0000 -32.9238
v  -7.8823 3.3333 -33.3315
v  -9.2290 10.0000 -31.6534
v  -8.5353 6.6667 -32.5004
v  -9.2290 0.0000 -31.6534
v  -8.8821 3.3333 -32.0769
v  -10.0130 10.0000 -30.6804
v  -9.4903 6.6667 -31.3291
v  -10.0130 0.0000 -30.6804
v  -9.7517 3.3333 -31.0048
v  -10.7048 10.0000 -29.7372
v  -10.2436 6.6667 -30.3660
v  -10.7048 0.0000 -29.7372
v  -10.4742 3.3333 -30.0516
v  -11.3044 10.0000 -28.8236
v  -10.9047 6.6667 -29.4327
v  -11.3044 0.0000 -28.8236
v  -11.1045 3.3333 -29.1281
v  -11.8117 10.0000 -27.9397
v  -11.4735 6.6667 -28.5290
v  -11.8117 0.0000 -27.9397
v  -11.6426 3.3333 -28.2344
v  -12.2268 10.0000 -27.0856
v  -11.9500 6.6667 -27.6550
v  -12.2268 0.0000 -27.0856
v  -12.0884 3.3333 -27.3703
v  -12.5496 10.0000 -26.2611
v  -12.3344 6.6667 -26.8107
v  -12.5496 0.0000 -26.2611
v  -12.4420 3.3333 -26.5359
v  -12.7802 10.0000 -25.4663
v  -12.6265 6.6667 -25.9961
v  -12.7802 0.0000 -25.4663
v  -12.7033 3.3333 -25.7312
v  -12.9185 10.0000 -24.7011
v  -12.8263 6.6667 -25.2112
v  -12.9185 0.0000 -24.7011
v  -12.8724 3.3333 -24.9562
v  -12.9647 10.0000 -23.9657
v  -12.9339 6.6667 -24.4560
v  -12.9647 0.0000 -23.9657
v  -12.9493 3.3333 -24.2109
v  -12.9647 10.0000 -12.0166
v  -12.9647 6.6667 -19.9827
v  -12.9647 0.0000 -12.0166
v  -12.9647 3.3333 -15.9996
v  -18.9216 10.0000 -12.0166
v  -14.9503 6.6667 -12.0166
v  -18.9216 0.0000 -12.0166
v  -16.9360 3.3333 -12.0166
v  -18.9216 10.0000 -5.2547
v  -18.9216 6.6667 -9.7626
v  -18.9216 0.0000 -5.2547
v  -18.9216 3.3333 -7.5087
v  8.4632 10.0000 -5.2547
v  -9.7933 6.6667 -5.2547
v  8.4632 0.0000 -5.2547
v  -0.6651 3.3333 -5.2547
v  10.7240 10.0000 -5.3925
v  9.2168 6.6667 -5.3006
v  10.7240 0.0000 -5.3925
v  9.9704 3.3333 -5.3466
v  12.7187 10.0000 -5.8060
v  11.3889 6.6667 -5.5303
v  12.7187 0.0000 -5.8060
v  12.0538 3.3333 -5.6682
v  14.4475 10.0000 -6.4952
v  13.2950 6.6667 -6.0357
v  14.4475 0.0000 -6.4952
v  13.8713 3.3333 -6.2654
v  15.9104 10.0000 -7.4600
v  14.9352 6.6667 -6.8168
v  15.9104 0.0000 -7.4600
v  15.4228 3.3333 -7.1384
v  17.1073 10.0000 -8.7004
v  16.3093 6.6667 -7.8735
v  17.1073 0.0000 -8.7004
v  16.7083 3.3333 -8.2869
v  18.0381 10.0000 -10.2166
v  17.4176 6.6667 -9.2058
v  18.0381 0.0000 -10.2166
v  17.7279 3.3333 -9.7112
v  18.7031 10.0000 -12.0084
v  18.2598 6.6667 -10.8138
v  18.7031 0.0000 -12.0084
v  18.4814 3.3333 -11.4111
v  19.1020 10.0000 -14.0758
v  18.8361 6.6667 -12.6975
v  19.1020 0.0000 -14.0758
v  18.9690 3.3333 -13.3867
v  19.2350 10.0000 -16.4189
v  19.1464 6.6667 -14.8568
v  19.2350 0.0000 -16.4189
v  19.1907 3.3333 -15.6379
v  19.2350 10.0000 -54.6812
v  19.2350 6.6667 -29.1730
v  19.2350 0.0000 -54.6812
v  19.2350 3.3333 -41.9271
v  9.4141 10.0000 -54.6812
v  15.9614 6.6667 -54.6812
v  9.4141 0.0000 -54.6812
v  12.6877 3.3333 -54.6812
v  9.4141 10.0000 -16.7032
v  9.4141 6.6667 -42.0219
v  9.4141 0.0000 -16.7032
v  9.4141 3.3333 -29.3625
v  9.3617 10.0000 -15.7196
v  9.3967 6.6667 -16.3753
v  9.3617 0.0000 -15.7196
v  9.3792 3.3333 -16.0474
v  9.2045 10.0000 -14.8517
v  9.3093 6.6667 -15.4303
v  9.2045 0.0000 -14.8517
v  9.2569 3.3333 -15.1410
v  8.9426 10.0000 -14.0995
v  9.1172 6.6667 -14.6010
v  8.9426 0.0000 -14.0995
v  9.0299 3.3333 -14.3503
v  8.5758 10.0000 -13.4631
v  8.8203 6.6667 -13.8874
v  8.5758 0.0000 -13.4631
v  8.6981 3.3333 -13.6752
v  8.1043 10.0000 -12.9424
v  8.4187 6.6667 -13.2895
v  8.1043 0.0000 -12.9424
v  8.2615 3.3333 -13.1159
v  7.5280 10.0000 -12.5373
v  7.9122 6.6667 -12.8074
v  7.5280 0.0000 -12.5373
v  7.7201 3.3333 -12.6723
v  6.8469 10.0000 -12.2481
v  7.3009 6.6667 -12.4409
v  6.8469 0.0000 -12.2481
v  7.0739 3.3333 -12.3445
v  6.0610 10.0000 -12.0745
v  6.5849 6.6667 -12.1902
v  6.0610 0.0000 -12.0745
v  6.3229 3.3333 -12.1323
v  5.1703 10.0000 -12.0166
v  5.7641 6.6667 -12.0552
v  5.1703 0.0000 -12.0166
v  5.4672 3.3333 -12.0359
v  -3.1438 10.0000 -12.0166
v  2.3989 6.6667 -12.0166
v  -3.1438 0.0000 -12.0166
v  -0.3724 3.3333 -12.0166
v  -3.1438 10.0000 -24.5342
v  -3.1438 6.6667 -16.1892
v  -3.1438 0.0000 -24.5342
v  -3.1438 3.3333 -20.3617
v  -3.1020 10.0000 -25.1314
v  -3.1298 6.6667 -24.7333
v  -3.1020 0.0000 -25.1314
v  -3.1159 3.3333 -24.9323
v  -2.9768 10.0000 -25.8046
v  -3.0603 6.6667 -25.3558
v  -2.9768 0.0000 -25.8046
v  -3.0185 3.3333 -25.5802
v  -2.7681 10.0000 -26.5541
v  -2.9072 6.6667 -26.0545
v  -2.7681 0.0000 -26.5541
v  -2.8377 3.3333 -26.3043
v  -2.4759 10.0000 -27.3798
v  -2.6707 6.6667 -26.8293
v  -2.4759 0.0000 -27.3798
v  -2.5733 3.3333 -27.1046
v  -2.1003 10.0000 -28.2816
v  -2.3507 6.6667 -27.6804
v  -2.1003 0.0000 -28.2816
v  -2.2255 3.3333 -27.9810
v  -1.6411 10.0000 -29.2597
v  -1.9472 6.6667 -28.6076
v  -1.6411 0.0000 -29.2597
v  -1.7942 3.3333 -28.9336
v  -1.0985 10.0000 -30.3139
v  -1.4602 6.6667 -29.6111
v  -1.0985 0.0000 -30.3139
v  -1.2794 3.3333 -29.9625
v  -0.4724 10.0000 -31.4443
v  -0.8898 6.6667 -30.6907
v  -0.4724 0.0000 -31.4443
v  -0.6811 3.3333 -31.0675
v  0.2372 10.0000 -32.6508
v  -0.2359 6.6667 -31.8464
v  0.2372 0.0000 -32.6508
v  0.0007 3.3333 -32.2486
v  0.9468 10.0000 -33.8781
v  0.4737 6.6667 -33.0599
v  0.9468 0.0000 -33.8781
v  0.7103 3.3333 -33.4690
v  1.5729 10.0000 -35.0705
v  1.1555 6.6667 -34.2756
v  1.5729 0.0000 -35.0705
v  1.3642 3.3333 -34.6730
v  2.1155 10.0000 -36.2281
v  1.7538 6.6667 -35.4564
v  2.1155 0.0000 -36.2281
v  1.9346 3.3333 -35.8423
v  2.5747 10.0000 -37.3510
v  2.2686 6.6667 -36.6024
v  2.5747 0.0000 -37.3510
v  2.4216 3.3333 -36.9767
v  2.9503 10.0000 -38.4390
v  2.6999 6.6667 -37.7136
v  2.9503 0.0000 -38.4390
v  2.8251 3.3333 -38.0763
v  3.2425 10.0000 -39.4921
v  3.0477 6.6667 -38.7900
v  3.2425 0.0000 -39.4921
v  3.1451 3.3333 -39.1411
v  3.4512 10.0000 -40.5105
v  3.3121 6.6667 -39.8316
v  3.4512 0.0000 -40.5105
v  3.3816 3.3333 -40.1710
v  3.5764 10.0000 -41.4941
v  3.4930 6.6667 -40.8384
v  3.5764 0.0000 -41.4941
v  3.5347 3.3333 -41.1662
v  3.6182 10.0000 -42.4428
v  3.5903 6.6667 -41.8103
v  3.6182 0.0000 -42.4428
v  3.6043 3.3333 -42.1266
v  3.5602 10.0000 -43.7763
v  3.5988 6.6667 -42.8873
v  3.5602 0.0000 -43.7763
v  3.5795 3.3333 -43.3318
v  3.3862 10.0000 -45.0344
v  3.5022 6.6667 -44.1957
v  3.3862 0.0000 -45.0344
v  3.4442 3.3333 -44.6151
v  3.0962 10.0000 -46.2170
v  3.2895 6.6667 -45.4286
v  3.0962 0.0000 -46.2170
v  3.1928 3.3333 -45.8228
v  2.6902 10.0000 -47.3242
v  2.9609 6.6667 -46.5861
v  2.6902 0.0000 -47.3242
v  2.8255 3.3333 -46.9551
v  2.1682 10.0000 -48.3559
v  2.5162 6.6667 -47.6681
v  2.1682 0.0000 -48.3559
v  2.3422 3.3333 -48.0120
v  1.5302 10.0000 -49.3121
v  1.9555 6.6667 -48.6746
v  1.5302 0.0000 -49.3121
v  1.7429 3.3333 -48.9933
v  0.7762 10.0000 -50.1928
v  1.2789 6.6667 -49.6056
v  0.7762 0.0000 -50.1928
v  1.0276 3.3333 -49.8992
v  -0.0937 10.0000 -50.9981
v  0.4862 6.6667 -50.4612
v  -0.0937 0.0000 -50.9981
v  0.1963 3.3333 -50.7296
v  -1.0797 10.0000 -51.7279
v  -0.4224 6.6667 -51.2413
v  -1.0797 0.0000 -51.7279
v  -0.7511 3.3333 -51.4846
v  -2.1383 10.0000 -52.3815
v  -1.4326 6.6667 -51.9457
v  -2.1383 0.0000 -52.3815
v  -1.7854 3.3333 -52.1636
v  -3.2260 10.0000 -52.9582
v  -2.5008 6.6667 -52.5737
v  -3.2260 0.0000 -52.9582
v  -2.8634 3.3333 -52.7660
v  -4.3429 10.0000 -53.4580
v  -3.5983 6.6667 -53.1248
v  -4.3429 0.0000 -53.4580
v  -3.9706 3.3333 -53.2914
v  -5.4889 10.0000 -53.8810
v  -4.7249 6.6667 -53.5990
v  -5.4889 0.0000 -53.8810
v  -5.1069 3.3333 -53.7400
v  -6.6641 10.0000 -54.2270
v  -5.8806 6.6667 -53.9963
v  -6.6641 0.0000 -54.2270
v  -6.2724 3.3333 -54.1117
v  -7.8685 10.0000 -54.4961
v  -7.0656 6.6667 -54.3167
v  -7.8685 0.0000 -54.4961
v  -7.4670 3.3333 -54.4064
v  -9.1020 10.0000 -54.6884
v  -8.2796 6.6667 -54.5602
v  -9.1020 0.0000 -54.6884
v  -8.6908 3.3333 -54.6243
v  -10.3647 10.0000 -54.8037
v  -9.5229 6.6667 -54.7268
v  -10.3647 0.0000 -54.8037
v  -9.9438 3.3333 -54.7653
v  -11.6565 10.0000 -54.8422
v  -10.7953 6.6667 -54.8166
v  -11.6565 0.0000 -54.8422
v  -11.2259 3.3333 -54.8294
v  -14.7356 10.0000 -54.6947
v  -12.6829 6.6667 -54.7930
v  -14.7356 0.0000 -54.6947
v  -13.7093 3.3333 -54.7438
v  -17.4525 10.0000 -54.2521
v  -15.6413 6.6667 -54.5471
v  -17.4525 0.0000 -54.2521
v  -16.5469 3.3333 -54.3996
v  -19.8071 10.0000 -53.5145
v  -18.2374 6.6667 -54.0062
v  -19.8071 0.0000 -53.5145
v  -19.0222 3.3333 -53.7604
v  -21.7994 10.0000 -52.4819
v  -20.4712 6.6667 -53.1703
v  -21.7994 0.0000 -52.4819
v  -21.1353 3.3333 -52.8261
v  -23.4296 10.0000 -51.1542
v  -22.3428 6.6667 -52.0393
v  -23.4296 0.0000 -51.1542
v  -22.8862 3.3333 -51.5968
v  -24.6974 10.0000 -49.5315
v  -23.8522 6.6667 -50.6133
v  -24.6974 0.0000 -49.5315
v  -24.2748 3.3333 -50.0724
v  -25.6030 10.0000 -47.6137
v  -24.9993 6.6667 -48.8922
v  -25.6030 0.0000 -47.6137
v  -25.3012 3.3333 -48.2530
v  -26.1464 10.0000 -45.4009
v  -25.7842 6.6667 -46.8761
v  -26.1464 0.0000 -45.4009
v  -25.9653 3.3333 -46.1385
v  -26.3275 10.0000 -42.8931
v  -26.2068 6.6667 -44.5650
v  -26.3275 0.0000 -42.8931
v  -26.2672 3.3333 -43.7290
v  -26.2975 10.0000 -41.9968
v  -26.3175 6.6667 -42.5943
v  -26.2975 0.0000 -41.9968
v  -26.3075 3.3333 -42.2955
v  -26.2075 10.0000 -41.1403
v  -26.2675 6.6667 -41.7113
v  -26.2075 0.0000 -41.1403
v  -26.2375 3.3333 -41.4258
v  -26.0574 10.0000 -40.3237
v  -26.1574 6.6667 -40.8681
v  -26.0574 0.0000 -40.3237
v  -26.1074 3.3333 -40.5959
v  -25.8473 10.0000 -39.5469
v  -25.9873 6.6667 -40.0648
v  -25.8473 0.0000 -39.5469
v  -25.9173 3.3333 -39.8058
v  -25.5771 10.0000 -38.8100
v  -25.7572 6.6667 -39.3013
v  -25.5771 0.0000 -38.8100
v  -25.6672 3.3333 -39.0556
v  -25.2469 10.0000 -38.1129
v  -25.4671 6.6667 -38.5776
v  -25.2469 0.0000 -38.1129
v  -25.3570 3.3333 -38.3452
v  -24.8567 10.0000 -37.4557
v  -25.1169 6.6667 -37.8938
v  -24.8567 0.0000 -37.4557
v  -24.9868 3.3333 -37.6747
v  -24.4065 10.0000 -36.8383
v  -24.7066 6.6667 -37.2499
v  -24.4065 0.0000 -36.8383
v  -24.5566 3.3333 -37.0441
v  -23.8962 10.0000 -36.2607
v  -24.2364 6.6667 -36.6457
v  -23.8962 0.0000 -36.2607
v  -24.0663 3.3333 -36.4532
v  -23.3348 10.0000 -35.7341
v  -23.7091 6.6667 -36.0852
v  -23.3348 0.0000 -35.7341
v  -23.5219 3.3333 -35.9096
v  -22.7311 10.0000 -35.2694
v  -23.1335 6.6667 -35.5792
v  -22.7311 0.0000 -35.2694
v  -22.9323 3.3333 -35.4243
v  -22.0851 10.0000 -34.8666
v  -22.5158 6.6667 -35.1351
v  -22.0851 0.0000 -34.8666
v  -22.3004 3.3333 -35.0009
v  -21.3969 10.0000 -34.5259
v  -21.8557 6.6667 -34.7531
v  -21.3969 0.0000 -34.5259
v  -21.6263 3.3333 -34.6395
v  -20.6664 10.0000 -34.2471
v  -21.1534 6.6667 -34.4329
v  -20.6664 0.0000 -34.2471
v  -20.9099 3.3333 -34.3400
v  -19.8936 10.0000 -34.0302
v  -20.4088 6.6667 -34.1748
v  -19.8936 0.0000 -34.0302
v  -20.1512 3.3333 -34.1025
v  -19.0786 10.0000 -33.8753
v  -19.6219 6.6667 -33.9786
v  -19.0786 0.0000 -33.8753
v  -19.3502 3.3333 -33.9269
v  -18.2213 10.0000 -33.7824
v  -18.7928 6.6667 -33.8443
v  -18.2213 0.0000 -33.7824
v  -18.5070 3.3333 -33.8134
v  -17.3217 10.0000 -33.7514
v  -17.9214 6.6667 -33.7720
v  -17.3217 0.0000 -33.7514
v  -17.6215 3.3333 -33.7617
v  -16.5956 10.0000 -33.7781
v  -17.0797 6.6667 -33.7603
v  -16.5956 0.0000 -33.7781
v  -16.8376 3.3333 -33.7692
v  -15.8844 10.0000 -33.8582
v  -16.3585 6.6667 -33.8048
v  -15.8844 0.0000 -33.8582
v  -16.1215 3.3333 -33.8315
v  -15.1879 10.0000 -33.9916
v  -15.6522 6.6667 -33.9027
v  -15.1879 0.0000 -33.9916
v  -15.4201 3.3333 -33.9472
v  -14.5062 10.0000 -34.1785
v  -14.9607 6.6667 -34.0539
v  -14.5062 0.0000 -34.1785
v  -14.7334 3.3333 -34.1162
v  -13.8393 10.0000 -34.4187
v  -14.2839 6.6667 -34.2586
v  -13.8393 0.0000 -34.4187
v  -14.0616 3.3333 -34.3387
v  -13.1872 10.0000 -34.7124
v  -13.6219 6.6667 -34.5166
v  -13.1872 0.0000 -34.7124
v  -13.4045 3.3333 -34.6145
v  -12.5498 10.0000 -35.0594
v  -12.9747 6.6667 -34.8280
v  -12.5498 0.0000 -35.0594
v  -12.7623 3.3333 -34.9437
v  -11.9272 10.0000 -35.4598
v  -12.3423 6.6667 -35.1928
v  -11.9272 0.0000 -35.4598
v  -12.1348 3.3333 -35.3263
v  -11.3195 10.0000 -35.9136
v  -11.7246 6.6667 -35.6110
v  -11.3195 0.0000 -35.9136
v  -11.5221 3.3333 -35.7623
v  -10.7524 10.0000 -36.4178
v  -11.1304 6.6667 -36.0816
v  -10.7524 0.0000 -36.4178
v  -10.9414 3.3333 -36.2497
v  -10.2521 10.0000 -36.9695
v  -10.5856 6.6667 -36.6017
v  -10.2521 0.0000 -36.9695
v  -10.4189 3.3333 -36.7856
v  -9.8185 10.0000 -37.5687
v  -10.1076 6.6667 -37.1692
v  -9.8185 0.0000 -37.5687
v  -9.9630 3.3333 -37.3689
v  -9.4516 10.0000 -38.2154
v  -9.6962 6.6667 -37.7842
v  -9.4516 0.0000 -38.2154
v  -9.5739 3.3333 -37.9998
v  -9.1514 10.0000 -38.9095
v  -9.3515 6.6667 -38.4468
v  -9.1514 0.0000 -38.9095
v  -9.2515 3.3333 -38.6781
v  -8.9179 10.0000 -39.6512
v  -9.0736 6.6667 -39.1567
v  -8.9179 0.0000 -39.6512
v  -8.9957 3.3333 -39.4040
v  -8.7511 10.0000 -40.4403
v  -8.8623 6.6667 -39.9142
v  -8.7511 0.0000 -40.4403
v  -8.8067 3.3333 -40.1773
v  -8.6511 10.0000 -41.2769
v  -8.7178 6.6667 -40.7192
v  -8.6511 0.0000 -41.2769
v  -8.6844 3.3333 -40.9981
v  -8.6177 10.0000 -42.1610
v  -8.6399 6.6667 -41.5716
v  -8.6177 0.0000 -42.1610
v  -8.6288 3.3333 -41.8663
v  -8.6661 10.0000 -43.2110
v  -8.6338 6.6667 -42.5110
v  -8.6661 0.0000 -43.2110
v  -8.6500 3.3333 -42.8610
v  -8.8113 10.0000 -44.1987
v  -8.7145 6.6667 -43.5403
v  -8.8113 0.0000 -44.1987
v  -8.7629 3.3333 -43.8695
v  -9.0532 10.0000 -45.1241
v  -8.8919 6.6667 -44.5072
v  -9.0532 0.0000 -45.1241
v  -8.9725 3.3333 -44.8157
v  -9.3919 10.0000 -45.9872
v  -9.1661 6.6667 -45.4118
v  -9.3919 0.0000 -45.9872
v  -9.2790 3.3333 -45.6995
v  -9.8274 10.0000 -46.7880
v  -9.5371 6.6667 -46.2542
v  -9.8274 0.0000 -46.7880
v  -9.6822 3.3333 -46.5211
v  -10.3596 10.0000 -47.5265
v  -10.0048 6.6667 -47.0342
v  -10.3596 0.0000 -47.5265
v  -10.1822 3.3333 -47.2804
v  -10.9886 10.0000 -48.2027
v  -10.5693 6.6667 -47.7519
v  -10.9886 0.0000 -48.2027
v  -10.7790 3.3333 -47.9773
v  -11.7144 10.0000 -48.8166
v  -11.2306 6.6667 -48.4074
v  -11.7144 0.0000 -48.8166
v  -11.4725 3.3333 -48.6120
v  -12.5370 10.0000 -49.3682
v  -11.9886 6.6667 -49.0005
v  -12.5370 0.0000 -49.3682
v  -12.2628 3.3333 -49.1844
v  -11.9587 6.6667 -49.3354
v  -11.3804 3.3333 -49.3025
v  -15.9565 10.0000 -46.2700
v  -16.6259 10.0000 -46.4202
v  -16.4027 6.6667 -46.3701
v  -16.6259 0.0000 -46.4202
v  -15.9565 0.0000 -46.2700
v  -16.1796 3.3333 -46.3201
v  -15.3763 10.0000 -46.0197
v  -15.7631 6.6667 -46.1866
v  -15.3763 0.0000 -46.0197
v  -15.5697 3.3333 -46.1031
v  -14.8854 10.0000 -45.6693
v  -15.2126 6.6667 -45.9029
v  -14.8854 0.0000 -45.6693
v  -15.0490 3.3333 -45.7861
v  -14.4837 10.0000 -45.2187
v  -14.7515 6.6667 -45.5191
v  -14.4837 0.0000 -45.2187
v  -14.6176 3.3333 -45.3689
v  -14.1713 10.0000 -44.6680
v  -14.3796 6.6667 -45.0351
v  -14.1713 0.0000 -44.6680
v  -14.2754 3.3333 -44.8515
v  -13.9482 10.0000 -44.0172
v  -14.0969 6.6667 -44.4510
v  -13.9482 0.0000 -44.0172
v  -14.0225 3.3333 -44.2341
v  -13.8143 10.0000 -43.2662
v  -13.9035 6.6667 -43.7668
v  -13.8143 0.0000 -43.2662
v  -13.8589 3.3333 -43.5165
v  -13.7697 10.0000 -42.4151
v  -13.7994 6.6667 -42.9825
v  -13.7697 0.0000 -42.4151
v  -13.7845 3.3333 -42.6988
v  -13.8172 10.0000 -41.5767
v  -13.7855 6.6667 -42.1357
v  -13.8172 0.0000 -41.5767
v  -13.8014 3.3333 -41.8562
v  -13.9598 10.0000 -40.8369
v  -13.8647 6.6667 -41.3301
v  -13.9598 0.0000 -40.8369
v  -13.9123 3.3333 -41.0835
v  -14.1976 10.0000 -40.1958
v  -14.0391 6.6667 -40.6232
v  -14.1976 0.0000 -40.1958
v  -14.1183 3.3333 -40.4095
v  -14.5304 10.0000 -39.6533
v  -14.3085 6.6667 -40.0150
v  -14.5304 0.0000 -39.6533
v  -14.4195 3.3333 -39.8341
v  -14.9584 10.0000 -39.2094
v  -14.6731 6.6667 -39.5053
v  -14.9584 0.0000 -39.2094
v  -14.8157 3.3333 -39.3574
v  -15.4814 10.0000 -38.8642
v  -15.1327 6.6667 -39.0944
v  -15.4814 0.0000 -38.8642
v  -15.3070 3.3333 -38.9793
v  -16.0995 10.0000 -38.6176
v  -15.6874 6.6667 -38.7820
v  -16.0995 0.0000 -38.6176
v  -15.8935 3.3333 -38.6998
v  -16.8127 10.0000 -38.4697
v  -16.3372 6.6667 -38.5683
v  -16.8127 0.0000 -38.4697
v  -16.5750 3.3333 -38.5190
v  -17.6210 10.0000 -38.4203
v  -17.0822 6.6667 -38.4532
v  -17.6210 0.0000 -38.4203
v  -17.3516 3.3333 -38.4368
v  -18.3670 10.0000 -38.4697
v  -17.8697 6.6667 -38.4368
v  -18.3670 0.0000 -38.4697
v  -18.1184 3.3333 -38.4532
v  -19.0253 10.0000 -38.6176
v  -18.5865 6.6667 -38.5190
v  -19.0253 0.0000 -38.6176
v  -18.8059 3.3333 -38.5683
v  -19.5958 10.0000 -38.8642
v  -19.2155 6.6667 -38.6998
v  -19.5958 0.0000 -38.8642
v  -19.4056 3.3333 -38.7820
v  -20.0785 10.0000 -39.2094
v  -19.7567 6.6667 -38.9793
v  -20.0785 0.0000 -39.2094
v  -19.9176 3.3333 -39.0944
v  -20.4734 10.0000 -39.6533
v  -20.2101 6.6667 -39.3574
v  -20.4734 0.0000 -39.6533
v  -20.3418 3.3333 -39.5054
v  -20.7806 10.0000 -40.1958
v  -20.5758 6.6667 -39.8341
v  -20.7806 0.0000 -40.1958
v  -20.6782 3.3333 -40.0150
v  -21.0000 10.0000 -40.8369
v  -20.8538 6.6667 -40.4095
v  -21.0000 0.0000 -40.8369
v  -20.9269 3.3333 -40.6232
v  -21.1317 10.0000 -41.5767
v  -21.0439 6.6667 -41.0835
v  -21.1317 0.0000 -41.5767
v  -21.0878 3.3333 -41.3301
v  -21.1756 10.0000 -42.4151
v  -21.1463 6.6667 -41.8562
v  -21.1756 0.0000 -42.4151
v  -21.1609 3.3333 -42.1357
v  -21.1288 10.0000 -43.2662
v  -21.1600 6.6667 -42.6988
v  -21.1288 0.0000 -43.2662
v  -21.1444 3.3333 -42.9825
v  -20.9884 10.0000 -44.0172
v  -21.0820 6.6667 -43.5165
v  -20.9884 0.0000 -44.0172
v  -21.0352 3.3333 -43.7668
v  -20.7544 10.0000 -44.6680
v  -20.9104 6.6667 -44.2341
v  -20.7544 0.0000 -44.6680
v  -20.8324 3.3333 -44.4510
v  -20.4267 10.0000 -45.2187
v  -20.6451 6.6667 -44.8515
v  -20.4267 0.0000 -45.2187
v  -20.5359 3.3333 -45.0351
v  -20.0055 10.0000 -45.6693
v  -20.2863 6.6667 -45.3689
v  -20.0055 0.0000 -45.6693
v  -20.1459 3.3333 -45.5191
v  -19.4907 10.0000 -46.0197
v  -19.8339 6.6667 -45.7861
v  -19.4907 0.0000 -46.0197
v  -19.6623 3.3333 -45.9029
v  -18.8822 10.0000 -46.2700
v  -19.2879 6.6667 -46.1031
v  -18.8822 0.0000 -46.2700
v  -19.0851 3.3333 -46.1866
v  -18.1802 10.0000 -46.4202
v  -18.6482 6.6667 -46.3201
v  -18.1802 0.0000 -46.4202
v  -18.4142 3.3333 -46.3701
v  -17.3846 10.0000 -46.4703
v  -17.9150 6.6667 -46.4369
v  -17.3846 0.0000 -46.4703
v  -17.6498 3.3333 -46.4536
v  -17.1317 6.6667 -46.4536
v  -16.8788 3.3333 -46.4369
v  -9.8596 0.0000 -46.7673
v  -10.2467 0.0000 -47.2388
v  -9.8112 0.0000 -46.4380
v  -10.5854 0.0000 -47.3812
v  -9.8596 0.0000 -46.0465
v  -11.0209 0.0000 -47.4612
v  -12.6544 0.0000 -48.8752
v  -11.7060 0.0000 -45.3274
v  -10.4157 0.0000 -43.2750
v  -10.3512 0.0000 -42.5957
v  -12.0682 0.0000 -42.0510
v  -10.3620 0.0000 -41.6716
v  -10.4065 0.0000 -41.0980
v  -12.1761 0.0000 -40.9513
v  -10.5430 0.0000 -40.3095
v  -10.6764 0.0000 -39.7992
v  -12.4363 0.0000 -39.9808
v  -10.9335 0.0000 -39.1069
v  -11.1559 0.0000 -38.6600
v  -11.4227 0.0000 -38.2447
v  -12.9934 0.0000 -38.9395
v  -11.8450 0.0000 -37.6802
v  -12.2008 0.0000 -37.3282
v  -13.6027 0.0000 -38.2588
v  -12.7350 0.0000 -36.8609
v  -13.1451 0.0000 -36.5762
v  -14.3298 0.0000 -37.7110
v  -13.7394 0.0000 -36.2120
v  -14.1693 0.0000 -35.9984
v  -15.1401 0.0000 -37.3002
v  -14.8150 0.0000 -35.7383
v  -15.2645 0.0000 -35.5959
v  -15.7239 0.0000 -35.4891
v  -16.2655 0.0000 -36.9818
v  -16.4309 0.0000 -35.3686
v  -16.9100 0.0000 -35.3331
v  -17.2518 0.0000 -36.8805
v  -17.7213 0.0000 -35.3180
v  -18.0698 0.0000 -36.8908
v  -18.5556 0.0000 -35.3758
v  -19.1131 0.0000 -35.4584
v  -19.0953 0.0000 -37.0392
v  -19.8618 0.0000 -35.6316
v  -19.7625 0.0000 -37.2430
v  -20.5530 0.0000 -35.8791
v  -21.0259 0.0000 -36.0856
v  -20.5865 0.0000 -37.6468
v  -21.6316 0.0000 -36.4485
v  -22.0481 0.0000 -36.7376
v  -22.4365 0.0000 -37.0681
v  -21.4827 0.0000 -38.3745
v  -22.9254 0.0000 -37.5841
v  -23.2455 0.0000 -37.9824
v  -22.0369 0.0000 -39.1016
v  -23.6281 0.0000 -38.5881
v  -23.8682 0.0000 -39.0396
v  -22.4526 0.0000 -39.9476
v  -24.1415 0.0000 -39.7313
v  -24.3016 0.0000 -40.2358
v  -22.7297 0.0000 -40.9124
v  -24.4655 0.0000 -41.0136
v  -24.5456 0.0000 -41.5713
v  -22.8683 0.0000 -41.9962
v  -24.6002 0.0000 -42.4350
v  -22.8773 0.0000 -42.8581
v  -22.8149 0.0000 -43.3922
v  -24.4874 0.0000 -44.1037
v  -22.6297 0.0000 -44.6954
v  -22.4425 0.0000 -45.0959
v  -24.0587 0.0000 -46.0778
v  -22.0118 0.0000 -46.1672
v  -23.4353 0.0000 -47.6048
v  -21.3979 0.0000 -47.0735
v  -22.5392 0.0000 -48.9018
v  -20.6008 0.0000 -47.8146
v  -21.3704 0.0000 -49.9687
v  -19.6206 0.0000 -48.3907
v  -19.9289 0.0000 -50.8055
v  -18.4573 0.0000 -48.8017
v  -17.9392 0.0000 -48.8017
v  -17.9618 0.0000 -51.3956
v  -16.6783 0.0000 -48.9808
v  -16.0482 0.0000 -51.7389
v  -15.3561 0.0000 -48.9948
v  -14.9991 0.0000 -48.7945
v  -13.7592 0.0000 -51.7354
v  -13.6752 0.0000 -48.5767
v  -13.4372 0.0000 -48.2430
v  -13.2587 0.0000 -47.8424
v  -13.1397 0.0000 -47.3752
v  -13.0802 0.0000 -46.8412
v  -11.6652 0.0000 -51.1600
v  -10.9411 0.0000 -52.9719
v  -10.0896 0.0000 -52.9206
v  -9.7251 0.0000 -50.9773
v  -8.7473 0.0000 -52.7195
v  -7.9346 0.0000 -52.5657
v  -7.9600 0.0000 -50.5605
v  -6.6992 0.0000 -52.1963
v  -5.9255 0.0000 -51.9399
v  -6.3699 0.0000 -49.9098
v  -4.7970 0.0000 -51.4023
v  -4.0621 0.0000 -51.0434
v  -4.9546 0.0000 -49.0251
v  -3.0405 0.0000 -50.3375
v  -2.3590 0.0000 -49.8764
v  -3.7288 0.0000 -47.9065
v  -1.5022 0.0000 -49.0031
v  -0.9609 0.0000 -48.4411
v  -0.4969 0.0000 -47.8288
v  -2.5667 0.0000 -46.2370
v  0.0598 0.0000 -46.7389
v  0.3691 0.0000 -46.0259
v  0.6011 0.0000 -45.2627
v  -1.8885 0.0000 -44.2095
v  0.8579 0.0000 -43.9561
v  0.9352 0.0000 -43.0922
v  0.9406 0.0000 -42.3315
v  -1.6890 0.0000 -41.9776
v  0.9190 0.0000 -41.1286
v  0.8077 0.0000 -40.4613
v  -1.7867 0.0000 -40.4544
v  0.6203 0.0000 -39.4737
v  -1.9657 0.0000 -39.4934
v  0.3365 0.0000 -38.4470
v  0.0582 0.0000 -37.7101
v  -2.4072 0.0000 -38.1148
v  -0.3777 0.0000 -36.6213
v  -2.8330 0.0000 -37.0558
v  -0.9102 0.0000 -35.4934
v  -3.3681 0.0000 -35.9535
v  -1.5390 0.0000 -34.3266
v  -4.0128 0.0000 -34.8080
v  -2.2365 0.0000 -33.1392
v  -4.7390 0.0000 -33.6379
v  -2.9470 0.0000 -31.9683
v  -3.3366 0.0000 -31.2401
v  -5.6999 0.0000 -32.1101
v  -3.9766 0.0000 -30.1550
v  -6.5059 0.0000 -30.9530
v  -4.6017 0.0000 -29.1049
v  -7.2393 0.0000 -29.9045
v  -5.0857 0.0000 -28.2048
v  -7.8286 0.0000 -28.9906
v  -5.4832 0.0000 -27.3653
v  -8.3287 0.0000 -28.1218
v  -5.7944 0.0000 -26.5865
v  -8.7394 0.0000 -27.2982
v  -9.0468 0.0000 -26.7189
v  -6.1575 0.0000 -25.5837
v  -9.3067 0.0000 -25.9603
v  -9.4912 0.0000 -25.4205
v  -9.6142 0.0000 -24.9005
v  -9.6757 0.0000 -24.4004
v  -6.4174 0.0000 -20.1722
v  -9.6910 0.0000 -15.9996
v  12.6877 0.0000 -42.0219
v  15.9614 0.0000 -29.2678
v  15.9171 0.0000 -15.7326
v  12.6260 0.0000 -15.4995
v  15.7223 0.0000 -13.9346
v  12.4231 0.0000 -14.1932
v  15.3153 0.0000 -12.3589
v  12.0618 0.0000 -13.0559
v  14.6960 0.0000 -11.0055
v  13.9867 0.0000 -10.0866
v  11.1429 0.0000 -11.6742
v  12.9779 0.0000 -9.1394
v  11.9140 0.0000 -8.5881
v  9.7996 0.0000 -10.7371
v  10.5157 0.0000 -8.0470
v  8.7854 0.0000 -10.2907
v  8.9051 0.0000 -7.7282
v  7.6127 0.0000 -10.0134
v  -1.2038 0.0000 -7.5858
v  -2.0046 0.0000 -9.8591
v  -2.5634 0.0000 -9.7819
v  -5.6317 0.0000 -9.7626
v  -11.6767 0.0000 -9.7626
v  -16.9360 0.0000 -9.7626
v  -16.9360 10.0000 -9.7626
v  12.6877 10.0000 -42.0219
v  15.9614 10.0000 -29.2678
v  15.9171 10.0000 -15.7326
v  12.6260 10.0000 -15.4995
v  15.7223 10.0000 -13.9346
v  12.4231 10.0000 -14.1932
v  15.3153 10.0000 -12.3589
v  12.0618 10.0000 -13.0559
v  14.6960 10.0000 -11.0055
v  13.9867 10.0000 -10.0866
v  11.1429 10.0000 -11.6742
v  12.9779 10.0000 -9.1394
v  11.9140 10.0000 -8.5881
v  9.7996 10.0000 -10.7371
v  10.5157 10.0000 -8.0470
v  8.7854 10.0000 -10.2907
v  8.9051 10.0000 -7.7282
v  7.6127 10.0000 -10.0134
v  -1.2038 10.0000 -7.5858
v  -2.0046 10.0000 -9.8591
v  -2.5634 10.0000 -9.7819
v  -5.6317 10.0000 -9.7626
v  -11.6767 10.0000 -9.7626
v  -9.8596 10.0000 -46.7673
v  -10.2467 10.0000 -47.2388
v  -9.8112 10.0000 -46.4380
v  -10.5854 10.0000 -47.3812
v  -9.8596 10.0000 -46.0465
v  -11.0209 10.0000 -47.4612
v  -11.7060 10.0000 -45.3274
v  -10.4157 10.0000 -43.2750
v  -10.3512 10.0000 -42.5957
v  -12.0682 10.0000 -42.0510
v  -10.3620 10.0000 -41.6716
v  -10.4065 10.0000 -41.0980
v  -12.1761 10.0000 -40.9513
v  -10.5430 10.0000 -40.3095
v  -10.6764 10.0000 -39.7992
v  -12.4363 10.0000 -39.9808
v  -10.9335 10.0000 -39.1069
v  -11.1559 10.0000 -38.6600
v  -11.4227 10.0000 -38.2447
v  -12.9934 10.0000 -38.9395
v  -11.8450 10.0000 -37.6802
v  -12.2008 10.0000 -37.3282
v  -13.6027 10.0000 -38.2588
v  -12.7350 10.0000 -36.8609
v  -13.1451 10.0000 -36.5762
v  -14.3298 10.0000 -37.7110
v  -13.7394 10.0000 -36.2120
v  -14.1693 10.0000 -35.9984
v  -15.1401 10.0000 -37.3002
v  -14.8150 10.0000 -35.7383
v  -15.2645 10.0000 -35.5959
v  -15.7239 10.0000 -35.4891
v  -16.2655 10.0000 -36.9818
v  -16.4309 10.0000 -35.3686
v  -16.9100 10.0000 -35.3331
v  -17.2518 10.0000 -36.8805
v  -17.7213 10.0000 -35.3180
v  -18.0698 10.0000 -36.8908
v  -18.5556 10.0000 -35.3758
v  -19.1131 10.0000 -35.4584
v  -19.0953 10.0000 -37.0392
v  -19.8618 10.0000 -35.6316
v  -19.7625 10.0000 -37.2430
v  -20.5530 10.0000 -35.8791
v  -21.0259 10.0000 -36.0856
v  -20.5865 10.0000 -37.6468
v  -21.6316 10.0000 -36.4485
v  -22.0481 10.0000 -36.7376
v  -22.4365 10.0000 -37.0681
v  -21.4827 10.0000 -38.3745
v  -22.9254 10.0000 -37.5841
v  -23.2455 10.0000 -37.9824
v  -22.0369 10.0000 -39.1016
v  -23.6281 10.0000 -38.5881
v  -23.8682 10.0000 -39.0396
v  -22.4526 10.0000 -39.9476
v  -24.1415 10.0000 -39.7313
v  -24.3016 10.0000 -40.2358
v  -22.7297 10.0000 -40.9124
v  -24.4655 10.0000 -41.0136
v  -24.5456 10.0000 -41.5713
v  -22.8683 10.0000 -41.9962
v  -24.6002 10.0000 -42.4350
v  -22.8773 10.0000 -42.8581
v  -22.8149 10.0000 -43.3922
v  -24.4874 10.0000 -44.1037
v  -22.6297 10.0000 -44.6954
v  -22.4425 10.0000 -45.0959
v  -24.0587 10.0000 -46.0778
v  -22.0118 10.0000 -46.1672
v  -23.4353 10.0000 -47.6048
v  -21.3979 10.0000 -47.0735
v  -22.5392 10.0000 -48.9018
v  -20.6008 10.0000 -47.8146
v  -21.3704 10.0000 -49.9687
v  -19.6206 10.0000 -48.3907
v  -19.9289 10.0000 -50.8055
v  -18.4573 10.0000 -48.8017
v  -17.9392 10.0000 -48.8017
v  -17.9618 10.0000 -51.3956
v  -16.6783 10.0000 -48.9808
v  -16.0482 10.0000 -51.7389
v  -15.3561 10.0000 -48.9948
v  -14.9991 10.0000 -48.7945
v  -13.7592 10.0000 -51.7354
v  -13.6752 10.0000 -48.5767
v  -13.4372 10.0000 -48.2430
v  -13.2587 10.0000 -47.8424
v  -13.1397 10.0000 -47.3752
v  -13.0802 10.0000 -46.8412
v  -12.6544 10.0000 -48.8752
v  -11.6652 10.0000 -51.1600
v  -10.9411 10.0000 -52.9719
v  -10.0896 10.0000 -52.9206
v  -9.7251 10.0000 -50.9773
v  -8.7473 10.0000 -52.7195
v  -7.9346 10.0000 -52.5657
v  -7.9600 10.0000 -50.5605
v  -6.6992 10.0000 -52.1963
v  -5.9255 10.0000 -51.9399
v  -6.3699 10.0000 -49.9098
v  -4.7970 10.0000 -51.4023
v  -4.0621 10.0000 -51.0434
v  -4.9546 10.0000 -49.0251
v  -3.0405 10.0000 -50.3375
v  -2.3590 10.0000 -49.8764
v  -3.7288 10.0000 -47.9065
v  -1.5022 10.0000 -49.0031
v  -0.9609 10.0000 -48.4411
v  -0.4969 10.0000 -47.8288
v  -2.5667 10.0000 -46.2370
v  0.0598 10.0000 -46.7389
v  0.3691 10.0000 -46.0259
v  0.6011 10.0000 -45.2627
v  -1.8885 10.0000 -44.2095
v  0.8579 10.0000 -43.9561
v  0.9352 10.0000 -43.0922
v  0.9406 10.0000 -42.3315
v  -1.6890 10.0000 -41.9776
v  0.9190 10.0000 -41.1286
v  0.8077 10.0000 -40.4613
v  -1.7867 10.0000 -40.4544
v  0.6203 10.0000 -39.4737
v  -1.9657 10.0000 -39.4934
v  0.3365 10.0000 -38.4470
v  0.0582 10.0000 -37.7101
v  -2.4072 10.0000 -38.1148
v  -0.3777 10.0000 -36.6213
v  -2.8330 10.0000 -37.0558
v  -0.9102 10.0000 -35.4934
v  -3.3681 10.0000 -35.9535
v  -1.5390 10.0000 -34.3266
v  -4.0128 10.0000 -34.8081
v  -2.2365 10.0000 -33.1392
v  -4.7390 10.0000 -33.6379
v  -2.9470 10.0000 -31.9683
v  -3.3366 10.0000 -31.2401
v  -5.6999 10.0000 -32.1101
v  -3.9766 10.0000 -30.1550
v  -6.5059 10.0000 -30.9530
v  -4.6017 10.0000 -29.1049
v  -7.2393 10.0000 -29.9045
v  -5.0857 10.0000 -28.2048
v  -7.8286 10.0000 -28.9906
v  -5.4832 10.0000 -27.3653
v  -8.3287 10.0000 -28.1218
v  -5.7944 10.0000 -26.5865
v  -8.7394 10.0000 -27.2982
v  -9.0468 10.0000 -26.7189
v  -6.1575 10.0000 -25.5837
v  -9.3067 10.0000 -25.9603
v  -9.4912 10.0000 -25.4205
v  -9.6142 10.0000 -24.9005
v  -9.6757 10.0000 -24.4004
v  -6.4174 10.0000 -20.1722
v  -9.6910 10.0000 -15.9996
# 1080 vertices

vn -0.1856 0.7261 0.6620
vn -0.0854 0.7225 0.6861
vn -0.1897 -0.0000 0.9818
vn -0.0854 -0.7225 0.6861
vn -0.1856 -0.7261 0.6620
vn -0.2996 0.7297 0.6146
vn -0.3483 0.0000 0.9374
vn -0.2996 -0.7297 0.6146
vn -0.4174 0.7323 0.5381
vn -0.5238 0.0000 0.8519
vn -0.4174 -0.7323 0.5381
vn -0.5238 -0.0000 0.8519
vn -0.5238 0.7327 0.4345
vn -0.6949 0.0000 0.7192
vn -0.5238 -0.7327 0.4345
vn -0.6949 -0.0000 0.7192
vn -0.6053 0.7307 0.3156
vn -0.8351 0.0000 0.5500
vn -0.6053 -0.7307 0.3156
vn -0.8351 -0.0000 0.5500
vn -0.6574 0.7273 0.1972
vn -0.9291 0.0000 0.3698
vn -0.6574 -0.7273 0.1972
vn -0.9291 -0.0000 0.3698
vn -0.6842 0.7236 0.0912
vn -0.9792 0.0000 0.2027
vn -0.6842 -0.7236 0.0912
vn -0.9792 -0.0000 0.2027
vn -0.6919 0.7220 -0.0027
vn -0.9982 0.0000 0.0608
vn -0.6919 -0.7220 -0.0027
vn -0.6866 0.7214 -0.0904
vn -0.9976 -0.0000 -0.0685
vn -0.6866 -0.7214 -0.0904
vn -0.9976 0.0000 -0.0685
vn -0.6735 0.7194 -0.1699
vn -0.9814 -0.0000 -0.1920
vn -0.6735 -0.7194 -0.1699
vn -0.9814 0.0000 -0.1920
vn -0.6549 0.7176 -0.2368
vn -0.9551 -0.0000 -0.2964
vn -0.6549 -0.7176 -0.2368
vn -0.9551 0.0000 -0.2964
vn -0.6339 0.7160 -0.2924
vn -0.9238 -0.0000 -0.3830
vn -0.6339 -0.7160 -0.2924
vn -0.9238 0.0000 -0.3830
vn -0.6122 0.7147 -0.3382
vn -0.8909 -0.0000 -0.4541
vn -0.6122 -0.7147 -0.3382
vn -0.8909 0.0000 -0.4541
vn -0.5911 0.7136 -0.3760
vn -0.8587 -0.0000 -0.5125
vn -0.5911 -0.7136 -0.3760
vn -0.8587 0.0000 -0.5125
vn -0.5711 0.7127 -0.4073
vn -0.8281 -0.0000 -0.5605
vn -0.5711 -0.7127 -0.4073
vn -0.8281 0.0000 -0.5605
vn -0.5526 0.7119 -0.4334
vn -0.7997 -0.0000 -0.6004
vn -0.5526 -0.7119 -0.4334
vn -0.7997 0.0000 -0.6004
vn -0.5495 0.7062 -0.4464
vn -0.7736 -0.0000 -0.6337
vn -0.5495 -0.7062 -0.4464
vn -0.7736 0.0000 -0.6337
vn -0.5645 0.7020 -0.4341
vn -0.7787 -0.0000 -0.6275
vn -0.5645 -0.7020 -0.4341
vn -0.7787 0.0000 -0.6275
vn -0.5856 0.7013 -0.4065
vn -0.8064 -0.0000 -0.5914
vn -0.5856 -0.7013 -0.4065
vn -0.8064 0.0000 -0.5914
vn -0.6081 0.7004 -0.3736
vn -0.8360 -0.0000 -0.5487
vn -0.6081 -0.7004 -0.3736
vn -0.8360 0.0000 -0.5487
vn -0.6317 0.6995 -0.3343
vn -0.8673 -0.0000 -0.4978
vn -0.6317 -0.6995 -0.3343
vn -0.8673 0.0000 -0.4978
vn -0.6557 0.6983 -0.2871
vn -0.8994 -0.0000 -0.4371
vn -0.6557 -0.6983 -0.2871
vn -0.8994 0.0000 -0.4371
vn -0.6789 0.6970 -0.2309
vn -0.9312 -0.0000 -0.3646
vn -0.6789 -0.6970 -0.2309
vn -0.9312 0.0000 -0.3646
vn -0.6994 0.6956 -0.1642
vn -0.9604 -0.0000 -0.2786
vn -0.6994 -0.6956 -0.1642
vn -0.7145 0.6943 -0.0867
vn -0.9840 -0.0000 -0.1779
vn -0.7145 -0.6943 -0.0867
vn -0.9840 0.0000 -0.1779
vn -0.7137 0.7001 -0.0224
vn -0.9980 -0.0000 -0.0626
vn -0.7137 -0.7001 -0.0224
vn -0.3015 0.9045 -0.3015
vn -1.0000 0.0000 -0.0000
vn -0.3015 -0.9045 -0.3015
vn -0.5774 0.5774 -0.5774
vn 0.0000 0.0000 -1.0000
vn -0.5774 -0.5774 -0.5774
vn -0.5774 0.5774 0.5774
vn -0.5774 -0.5774 0.5774
vn 0.0217 0.7003 0.7135
vn 0.0000 0.0000 1.0000
vn 0.0217 -0.7003 0.7135
vn 0.0956 0.6913 0.7162
vn 0.0609 -0.0000 0.9981
vn 0.0956 -0.6913 0.7162
vn 0.0609 0.0000 0.9981
vn 0.2088 0.6880 0.6951
vn 0.2030 -0.0000 0.9792
vn 0.2088 -0.6880 0.6951
vn 0.2030 0.0000 0.9792
vn 0.3372 0.6849 0.6459
vn 0.3703 -0.0000 0.9289
vn 0.3372 -0.6849 0.6459
vn 0.4666 0.6832 0.5617
vn 0.5506 0.0000 0.8348
vn 0.4666 -0.6832 0.5617
vn 0.5770 0.6835 0.4470
vn 0.7196 -0.0000 0.6943
vn 0.5770 -0.6835 0.4470
vn 0.7196 0.0000 0.6943
vn 0.6544 0.6858 0.3185
vn 0.8522 -0.0000 0.5232
vn 0.6544 -0.6858 0.3185
vn 0.8522 0.0000 0.5232
vn 0.6979 0.6891 0.1954
vn 0.9375 0.0000 0.3479
vn 0.6979 -0.6891 0.1954
vn 0.7161 0.6924 0.0890
vn 0.9819 0.0000 0.1895
vn 0.7161 -0.6924 0.0890
vn 0.9819 -0.0000 0.1895
vn 0.7131 0.7008 0.0202
vn 0.9984 -0.0000 0.0567
vn 0.7131 -0.7008 0.0202
vn 0.9984 0.0000 0.0567
vn 0.5774 0.5774 -0.5774
vn 1.0000 0.0000 -0.0000
vn 0.5774 -0.5774 -0.5774
vn -0.0000 -0.0000 -1.0000
vn -0.7008 0.7131 -0.0187
vn -0.7008 -0.7131 -0.0187
vn -0.6877 0.7215 -0.0803
vn -0.9986 0.0000 -0.0532
vn -0.6877 -0.7215 -0.0803
vn -0.9986 -0.0000 -0.0532
vn -0.6660 0.7251 -0.1751
vn -0.9840 -0.0000 -0.1782
vn -0.6660 -0.7251 -0.1751
vn -0.9840 0.0000 -0.1782
vn -0.6227 0.7288 -0.2848
vn -0.9444 0.0000 -0.3289
vn -0.6227 -0.7288 -0.2848
vn -0.9444 -0.0000 -0.3289
vn -0.5509 0.7318 -0.4011
vn -0.8664 0.0000 -0.4993
vn -0.5509 -0.7318 -0.4011
vn -0.8664 -0.0000 -0.4993
vn -0.4505 0.7330 -0.5098
vn -0.7413 0.0000 -0.6712
vn -0.4505 -0.7330 -0.5098
vn -0.7413 -0.0000 -0.6712
vn -0.3311 0.7316 -0.5960
vn -0.5750 -0.0000 -0.8182
vn -0.3311 -0.7316 -0.5960
vn -0.5750 0.0000 -0.8182
vn -0.2087 0.7284 -0.6526
vn -0.3909 -0.0000 -0.9204
vn -0.2087 -0.7284 -0.6526
vn -0.3909 0.0000 -0.9204
vn -0.0969 0.7247 -0.6823
vn -0.2157 -0.0000 -0.9765
vn -0.0969 -0.7247 -0.6823
vn -0.2157 0.0000 -0.9765
vn -0.0227 0.7145 -0.6993
vn -0.0648 -0.0000 -0.9979
vn -0.0227 -0.7145 -0.6993
vn 0.3015 0.9045 -0.3015
vn 0.3015 -0.9045 -0.3015
vn 0.6987 0.7150 0.0244
vn 0.6987 -0.7150 0.0244
vn 0.6882 0.7202 0.0878
vn 0.9976 0.0000 0.0697
vn 0.6882 -0.7202 0.0878
vn 0.9976 -0.0000 0.0697
vn 0.6790 0.7171 0.1574
vn 0.9831 0.0000 0.1828
vn 0.6790 -0.7171 0.1574
vn 0.9831 -0.0000 0.1828
vn 0.6668 0.7149 0.2105
vn 0.9633 0.0000 0.2683
vn 0.6668 -0.7149 0.2105
vn 0.9633 -0.0000 0.2683
vn 0.6541 0.7133 0.2517
vn 0.9427 -0.0000 0.3336
vn 0.6541 -0.7133 0.2517
vn 0.6420 0.7121 0.2842
vn 0.9231 -0.0000 0.3845
vn 0.6420 -0.7121 0.2842
vn 0.6308 0.7112 0.3103
vn 0.9052 0.0000 0.4250
vn 0.6308 -0.7112 0.3103
vn 0.9052 -0.0000 0.4250
vn 0.6207 0.7106 0.3315
vn 0.8891 0.0000 0.4577
vn 0.6207 -0.7106 0.3315
vn 0.8891 -0.0000 0.4577
vn 0.6115 0.7100 0.3491
vn 0.8748 0.0000 0.4845
vn 0.6115 -0.7100 0.3491
vn 0.8748 -0.0000 0.4845
vn 0.6116 0.7063 0.3566
vn 0.8620 0.0000 0.5069
vn 0.6116 -0.7063 0.3566
vn 0.8620 -0.0000 0.5069
vn 0.6232 0.7026 0.3436
vn 0.8657 -0.0000 0.5005
vn 0.6232 -0.7026 0.3436
vn 0.8657 0.0000 0.5005
vn 0.6378 0.7021 0.3167
vn 0.8854 0.0000 0.4649
vn 0.6378 -0.7021 0.3167
vn 0.8854 -0.0000 0.4649
vn 0.6527 0.7015 0.2862
vn 0.9055 0.0000 0.4244
vn 0.6527 -0.7015 0.2862
vn 0.9055 -0.0000 0.4244
vn 0.6675 0.7009 0.2515
vn 0.9256 -0.0000 0.3785
vn 0.6675 -0.7009 0.2515
vn 0.9256 0.0000 0.3785
vn 0.6817 0.7002 0.2120
vn 0.9452 -0.0000 0.3264
vn 0.6817 -0.7002 0.2120
vn 0.6948 0.6995 0.1674
vn 0.9636 0.0000 0.2673
vn 0.6948 -0.6995 0.1674
vn 0.9636 -0.0000 0.2673
vn 0.7058 0.6987 0.1171
vn 0.9796 0.0000 0.2008
vn 0.7058 -0.6987 0.1171
vn 0.7136 0.6979 0.0610
vn 0.9920 0.0000 0.1263
vn 0.7136 -0.6979 0.0610
vn 0.9920 -0.0000 0.1263
vn 0.7167 0.6974 0.0002
vn 0.9990 0.0000 0.0440
vn 0.7167 -0.6974 0.0002
vn 0.9990 -0.0000 0.0440
vn 0.7144 0.6967 -0.0648
vn 0.9991 0.0000 -0.0435
vn 0.7144 -0.6967 -0.0648
vn 0.7055 0.6957 -0.1349
vn 0.9906 -0.0000 -0.1370
vn 0.7055 -0.6957 -0.1349
vn 0.9906 0.0000 -0.1370
vn 0.6879 0.6948 -0.2098
vn 0.9712 0.0000 -0.2382
vn 0.6879 -0.6948 -0.2098
vn 0.6602 0.6942 -0.2869
vn 0.9389 -0.0000 -0.3443
vn 0.6602 -0.6942 -0.2869
vn 0.9389 0.0000 -0.3443
vn 0.6219 0.6939 -0.3630
vn 0.8923 -0.0000 -0.4515
vn 0.6219 -0.6939 -0.3630
vn 0.5740 0.6939 -0.4347
vn 0.8318 -0.0000 -0.5550
vn 0.5740 -0.6939 -0.4347
vn 0.8318 0.0000 -0.5550
vn 0.5187 0.6943 -0.4989
vn 0.7597 -0.0000 -0.6503
vn 0.5187 -0.6943 -0.4989
vn 0.7597 0.0000 -0.6503
vn 0.4588 0.6950 -0.5536
vn 0.6793 -0.0000 -0.7339
vn 0.4588 -0.6950 -0.5536
vn 0.6793 0.0000 -0.7339
vn 0.4016 0.6978 -0.5931
vn 0.5949 0.0000 -0.8038
vn 0.4016 -0.6978 -0.5931
vn 0.3552 0.6998 -0.6198
vn 0.5254 -0.0000 -0.8509
vn 0.3552 -0.6998 -0.6198
vn 0.5254 0.0000 -0.8509
vn 0.3134 0.6997 -0.6420
vn 0.4684 -0.0000 -0.8835
vn 0.3134 -0.6997 -0.6420
vn 0.2698 0.6996 -0.6616
vn 0.4085 -0.0000 -0.9128
vn 0.2698 -0.6996 -0.6616
vn 0.2247 0.6996 -0.6783
vn 0.3462 0.0000 -0.9382
vn 0.2247 -0.6996 -0.6783
vn 0.3462 -0.0000 -0.9382
vn 0.1789 0.6997 -0.6917
vn 0.2825 0.0000 -0.9593
vn 0.1789 -0.6997 -0.6917
vn 0.1330 0.6998 -0.7018
vn 0.2181 -0.0000 -0.9759
vn 0.1330 -0.6998 -0.7018
vn 0.0875 0.7000 -0.7087
vn 0.1540 0.0000 -0.9881
vn 0.0875 -0.7000 -0.7087
vn 0.0431 0.7003 -0.7126
vn 0.0910 -0.0000 -0.9959
vn 0.0431 -0.7003 -0.7126
vn -0.0065 0.6985 -0.7156
vn 0.0297 0.0000 -0.9996
vn -0.0065 -0.6985 -0.7156
vn -0.0752 0.6945 -0.7155
vn -0.0479 -0.0000 -0.9989
vn -0.0752 -0.6945 -0.7155
vn -0.0479 0.0000 -0.9989
vn -0.1665 0.6915 -0.7030
vn -0.1608 -0.0000 -0.9870
vn -0.1665 -0.6915 -0.7030
vn -0.1608 0.0000 -0.9870
vn -0.2765 0.6880 -0.6710
vn -0.2989 -0.0000 -0.9543
vn -0.2765 -0.6880 -0.6710
vn -0.2989 0.0000 -0.9543
vn -0.3999 0.6848 -0.6093
vn -0.4602 -0.0000 -0.8878
vn -0.3999 -0.6848 -0.6093
vn -0.5218 0.6828 -0.5114
vn -0.6315 -0.0000 -0.7754
vn -0.5218 -0.6828 -0.5114
vn -0.6315 0.0000 -0.7754
vn -0.6219 0.6830 -0.3832
vn -0.7880 -0.0000 -0.6157
vn -0.6219 -0.6830 -0.3832
vn -0.7880 0.0000 -0.6157
vn -0.6864 0.6853 -0.2436
vn -0.9042 -0.0000 -0.4270
vn -0.6864 -0.6853 -0.2436
vn -0.9042 0.0000 -0.4270
vn -0.7163 0.6886 -0.1130
vn -0.9711 -0.0000 -0.2385
vn -0.7163 -0.6886 -0.1130
vn -0.9711 0.0000 -0.2385
vn -0.7185 0.6954 -0.0139
vn -0.9974 -0.0000 -0.0720
vn -0.7185 -0.6954 -0.0139
vn -0.9974 0.0000 -0.0720
vn -0.7132 0.6992 0.0494
vn -0.9994 0.0000 0.0335
vn -0.7132 -0.6992 0.0494
vn -0.7082 0.6985 0.1022
vn -0.9945 -0.0000 0.1046
vn -0.7082 -0.6985 0.1022
vn -0.9945 0.0000 0.1046
vn -0.6984 0.6980 0.1584
vn -0.9835 -0.0000 0.1808
vn -0.6984 -0.6980 0.1584
vn -0.9835 0.0000 0.1808
vn -0.6830 0.6974 0.2171
vn -0.9653 -0.0000 0.2611
vn -0.6830 -0.6974 0.2171
vn -0.9653 0.0000 0.2611
vn -0.6613 0.6970 0.2772
vn -0.9389 0.0000 0.3442
vn -0.6613 -0.6970 0.2772
vn -0.9389 -0.0000 0.3442
vn -0.6332 0.6967 0.3370
vn -0.9037 -0.0000 0.4281
vn -0.6332 -0.6967 0.3370
vn -0.9037 0.0000 0.4281
vn -0.5989 0.6966 0.3949
vn -0.8599 -0.0000 0.5105
vn -0.5989 -0.6966 0.3949
vn -0.8599 0.0000 0.5105
vn -0.5592 0.6967 0.4493
vn -0.8080 -0.0000 0.5892
vn -0.5592 -0.6967 0.4493
vn -0.8080 0.0000 0.5892
vn -0.5147 0.6967 0.4996
vn -0.7494 0.0000 0.6621
vn -0.5147 -0.6967 0.4996
vn -0.7494 -0.0000 0.6621
vn -0.4650 0.6963 0.5468
vn -0.6842 -0.0000 0.7293
vn -0.4650 -0.6963 0.5468
vn -0.6842 0.0000 0.7293
vn -0.4093 0.6962 0.5897
vn -0.6100 -0.0000 0.7924
vn -0.4093 -0.6962 0.5897
vn -0.6100 0.0000 0.7924
vn -0.3495 0.6963 0.6269
vn -0.5291 -0.0000 0.8486
vn -0.3495 -0.6963 0.6269
vn -0.5291 0.0000 0.8486
vn -0.2874 0.6966 0.6574
vn -0.4437 -0.0000 0.8962
vn -0.2874 -0.6966 0.6574
vn -0.4437 0.0000 0.8962
vn -0.2249 0.6970 0.6809
vn -0.3566 0.0000 0.9343
vn -0.2249 -0.6970 0.6809
vn -0.3566 -0.0000 0.9343
vn -0.1638 0.6976 0.6975
vn -0.2702 0.0000 0.9628
vn -0.1638 -0.6976 0.6975
vn -0.2702 -0.0000 0.9628
vn -0.1055 0.6982 0.7081
vn -0.1867 0.0000 0.9824
vn -0.1055 -0.6982 0.7081
vn -0.1867 -0.0000 0.9824
vn -0.0509 0.6989 0.7134
vn -0.1078 0.0000 0.9942
vn -0.0509 -0.6989 0.7134
vn -0.1078 -0.0000 0.9942
vn 0.0008 0.6992 0.7149
vn -0.0344 -0.0000 0.9994
vn 0.0008 -0.6992 0.7149
vn -0.0344 0.0000 0.9994
vn 0.0532 0.6987 0.7134
vn 0.0367 0.0000 0.9993
vn 0.0532 -0.6987 0.7134
vn 0.0367 -0.0000 0.9993
vn 0.1075 0.6985 0.7075
vn 0.1119 0.0000 0.9937
vn 0.1075 -0.6985 0.7075
vn 0.1119 -0.0000 0.9937
vn 0.1621 0.6984 0.6971
vn 0.1882 0.0000 0.9821
vn 0.1621 -0.6984 0.6971
vn 0.1882 -0.0000 0.9821
vn 0.2160 0.6984 0.6823
vn 0.2643 0.0000 0.9644
vn 0.2160 -0.6984 0.6823
vn 0.2643 -0.0000 0.9644
vn 0.2684 0.6985 0.6634
vn 0.3389 0.0000 0.9408
vn 0.2684 -0.6985 0.6634
vn 0.3389 -0.0000 0.9408
vn 0.3181 0.6987 0.6408
vn 0.4106 0.0000 0.9118
vn 0.3181 -0.6987 0.6408
vn 0.4106 -0.0000 0.9118
vn 0.3646 0.6990 0.6152
vn 0.4782 0.0000 0.8783
vn 0.3646 -0.6990 0.6152
vn 0.4782 -0.0000 0.8783
vn 0.4074 0.6993 0.5873
vn 0.5409 0.0000 0.8411
vn 0.4074 -0.6993 0.5873
vn 0.5409 -0.0000 0.8411
vn 0.4528 0.6976 0.5553
vn 0.5983 0.0000 0.8013
vn 0.4528 -0.6976 0.5553
vn 0.5983 -0.0000 0.8013
vn 0.5058 0.6952 0.5107
vn 0.6645 0.0000 0.7473
vn 0.5058 -0.6952 0.5107
vn 0.6645 -0.0000 0.7473
vn 0.5585 0.6949 0.4530
vn 0.7408 0.0000 0.6718
vn 0.5585 -0.6949 0.4530
vn 0.7408 -0.0000 0.6718
vn 0.6049 0.6949 0.3888
vn 0.8101 0.0000 0.5863
vn 0.6049 -0.6949 0.3888
vn 0.8101 -0.0000 0.5863
vn 0.6434 0.6952 0.3205
vn 0.8698 0.0000 0.4935
vn 0.6434 -0.6952 0.3205
vn 0.8698 -0.0000 0.4935
vn 0.6732 0.6957 0.2508
vn 0.9179 0.0000 0.3969
vn 0.6732 -0.6957 0.2508
vn 0.9179 -0.0000 0.3969
vn 0.6942 0.6964 0.1822
vn 0.9538 -0.0000 0.3003
vn 0.6942 -0.6964 0.1822
vn 0.9538 0.0000 0.3003
vn 0.7073 0.6972 0.1168
vn 0.9784 0.0000 0.2068
vn 0.7073 -0.6972 0.1168
vn 0.9784 -0.0000 0.2068
vn 0.7138 0.6981 0.0561
vn 0.9929 0.0000 0.1188
vn 0.7138 -0.6981 0.0561
vn 0.9929 -0.0000 0.1188
vn 0.7163 0.6978 -0.0030
vn 0.9993 0.0000 0.0377
vn 0.7163 -0.6978 -0.0030
vn 0.9993 -0.0000 0.0377
vn 0.7147 0.6960 -0.0688
vn 0.9989 0.0000 -0.0460
vn 0.7147 -0.6960 -0.0688
vn 0.9989 -0.0000 -0.0460
vn 0.7046 0.6950 -0.1434
vn 0.9894 0.0000 -0.1454
vn 0.7046 -0.6950 -0.1434
vn 0.9894 -0.0000 -0.1454
vn 0.6845 0.6940 -0.2229
vn 0.9675 0.0000 -0.2529
vn 0.6845 -0.6940 -0.2229
vn 0.6531 0.6934 -0.3043
vn 0.9309 -0.0000 -0.3653
vn 0.6531 -0.6934 -0.3043
vn 0.9309 0.0000 -0.3653
vn 0.6102 0.6932 -0.3837
vn 0.8785 -0.0000 -0.4777
vn 0.6102 -0.6932 -0.3837
vn 0.8785 0.0000 -0.4777
vn 0.5572 0.6933 -0.4570
vn 0.8113 -0.0000 -0.5847
vn 0.5572 -0.6933 -0.4570
vn 0.8113 0.0000 -0.5847
vn 0.4970 0.6939 -0.5210
vn 0.7322 -0.0000 -0.6811
vn 0.4970 -0.6939 -0.5210
vn 0.7322 0.0000 -0.6811
vn 0.4332 0.6948 -0.5741
vn 0.6458 -0.0000 -0.7635
vn 0.4332 -0.6948 -0.5741
vn 0.7970 -0.5416 0.2674
vn 0.5569 -0.0000 -0.8305
vn 0.7970 0.5416 0.2674
vn 0.5569 0.0000 -0.8305
vn -0.0567 0.0000 0.9984
vn -0.0567 -0.0000 0.9984
vn -0.2115 0.7287 0.6514
vn -0.0984 0.7249 0.6818
vn -0.2189 -0.0000 0.9757
vn -0.0984 -0.7249 0.6818
vn -0.2115 -0.7287 0.6514
vn -0.3349 0.7318 0.5936
vn -0.3962 -0.0000 0.9182
vn -0.3349 -0.7318 0.5936
vn -0.4543 0.7330 0.5063
vn -0.5810 0.0000 0.8139
vn -0.4543 -0.7330 0.5063
vn -0.5810 -0.0000 0.8139
vn -0.5539 0.7317 0.3972
vn -0.7465 -0.0000 0.6654
vn -0.5539 -0.7317 0.3972
vn -0.7465 0.0000 0.6654
vn -0.6245 0.7286 0.2813
vn -0.8698 0.0000 0.4934
vn -0.6245 -0.7286 0.2813
vn -0.6669 0.7248 0.1727
vn -0.9459 0.0000 0.3243
vn -0.6669 -0.7248 0.1727
vn -0.6881 0.7213 0.0791
vn -0.9845 0.0000 0.1755
vn -0.6881 -0.7213 0.0791
vn -0.9845 -0.0000 0.1755
vn -0.6944 0.7196 -0.0015
vn -0.9986 -0.0000 0.0524
vn -0.6944 -0.7196 -0.0015
vn -0.9986 0.0000 0.0524
vn -0.6861 0.7225 -0.0852
vn -0.9984 -0.0000 -0.0566
vn -0.6861 -0.7225 -0.0852
vn -0.9984 0.0000 -0.0566
vn -0.6622 0.7261 -0.1853
vn -0.9819 -0.0000 -0.1893
vn -0.6622 -0.7261 -0.1853
vn -0.9819 0.0000 -0.1893
vn -0.6149 0.7297 -0.2991
vn -0.9376 -0.0000 -0.3477
vn -0.6149 -0.7297 -0.2991
vn -0.9376 0.0000 -0.3477
vn -0.5385 0.7323 -0.4168
vn -0.8524 -0.0000 -0.5229
vn -0.5385 -0.7323 -0.4168
vn -0.8524 0.0000 -0.5229
vn -0.4351 0.7327 -0.5233
vn -0.7199 0.0000 -0.6941
vn -0.4351 -0.7327 -0.5233
vn -0.3161 0.7307 -0.6050
vn -0.5509 -0.0000 -0.8346
vn -0.3161 -0.7307 -0.6050
vn -0.1976 0.7273 -0.6572
vn -0.3705 -0.0000 -0.9288
vn -0.1976 -0.7273 -0.6572
vn -0.3705 0.0000 -0.9288
vn -0.0913 0.7236 -0.6841
vn -0.2031 -0.0000 -0.9792
vn -0.0914 -0.7236 -0.6841
vn -0.2031 0.0000 -0.9792
vn 0.0018 0.7217 -0.6922
vn -0.0609 -0.0000 -0.9981
vn 0.0018 -0.7217 -0.6922
vn -0.0609 0.0000 -0.9981
vn 0.0985 0.7250 -0.6817
vn 0.0660 -0.0000 -0.9978
vn 0.0985 -0.7250 -0.6817
vn 0.0660 0.0000 -0.9978
vn 0.2119 0.7287 -0.6512
vn 0.2193 -0.0000 -0.9757
vn 0.2119 -0.7287 -0.6512
vn 0.2193 0.0000 -0.9757
vn 0.3353 0.7318 -0.5933
vn 0.3968 -0.0000 -0.9179
vn 0.3353 -0.7318 -0.5933
vn 0.3968 0.0000 -0.9179
vn 0.4548 0.7330 -0.5059
vn 0.5817 0.0000 -0.8134
vn 0.4548 -0.7330 -0.5059
vn 0.5543 0.7317 -0.3967
vn 0.7471 0.0000 -0.6647
vn 0.5543 -0.7317 -0.3967
vn 0.7471 -0.0000 -0.6647
vn 0.6248 0.7286 -0.2809
vn 0.8702 -0.0000 -0.4927
vn 0.6248 -0.7286 -0.2809
vn 0.6670 0.7248 -0.1724
vn 0.9461 -0.0000 -0.3238
vn 0.6670 -0.7248 -0.1724
vn 0.9461 0.0000 -0.3238
vn 0.6881 0.7213 -0.0789
vn 0.9845 0.0000 -0.1752
vn 0.6881 -0.7213 -0.0789
vn 0.9845 -0.0000 -0.1752
vn 0.6946 0.7194 0.0009
vn 0.9986 0.0000 -0.0523
vn 0.6946 -0.7194 0.0009
vn 0.6869 0.7220 0.0827
vn 0.9985 0.0000 0.0549
vn 0.6869 -0.7220 0.0827
vn 0.9985 -0.0000 0.0549
vn 0.6641 0.7256 0.1802
vn 0.9830 0.0000 0.1838
vn 0.6641 -0.7256 0.1802
vn 0.9830 -0.0000 0.1838
vn 0.6188 0.7293 0.2920
vn 0.9410 0.0000 0.3384
vn 0.6188 -0.7293 0.2920
vn 0.9410 -0.0000 0.3384
vn 0.5447 0.7321 0.4091
vn 0.8594 -0.0000 0.5113
vn 0.5447 -0.7321 0.4091
vn 0.4427 0.7328 0.5167
vn 0.7305 0.0000 0.6829
vn 0.4427 -0.7328 0.5167
vn 0.7305 -0.0000 0.6829
vn 0.3235 0.7312 0.6007
vn 0.5627 0.0000 0.8267
vn 0.3235 -0.7312 0.6007
vn 0.5627 -0.0000 0.8267
vn 0.2030 0.7279 0.6550
vn 0.3805 -0.0000 0.9248
vn 0.2030 -0.7279 0.6550
vn 0.0941 0.7241 0.6832
vn 0.2092 0.0000 0.9779
vn 0.0941 -0.7241 0.6832
vn 0.2092 -0.0000 0.9779
vn -0.0011 0.7219 0.6920
vn 0.0628 0.0000 0.9980
vn -0.0011 -0.7219 0.6920
vn 0.0628 -0.0000 0.9980
vn -0.0658 0.0000 0.9978
vn -0.0658 -0.0000 0.9978
vn 0.0000 -1.0000 -0.0000
vn 0.0000 1.0000 -0.0000
# 668 vertex normals

o Object002
g Object002
s 1
f 1//1 2//2 3//3 
f 4//4 5//5 6//3 
s 3
f 7//6 1//1 8//7 
f 5//5 9//8 10//7 
s 2
f 11//9 7//6 12//10 
f 9//8 13//11 14//12 
f 15//13 11//9 16//14 
f 13//11 17//15 18//16 
f 19//17 15//13 20//18 
f 17//15 21//19 22//20 
f 23//21 19//17 24//22 
f 21//19 25//23 26//24 
f 27//25 23//21 28//26 
f 25//23 29//27 30//28 
f 31//29 27//25 32//30 
f 29//27 33//31 34//30 
f 35//32 31//29 36//33 
f 33//31 37//34 38//35 
f 39//36 35//32 40//37 
f 37//34 41//38 42//39 
f 43//40 39//36 44//41 
f 41//38 45//42 46//43 
f 47//44 43//40 48//45 
f 45//42 49//46 50//47 
f 51//48 47//44 52//49 
f 49//46 53//50 54//51 
f 55//52 51//48 56//53 
f 53//50 57//54 58//55 
f 59//56 55//52 60//57 
f 57//54 61//58 62//59 
f 63//60 59//56 64//61 
f 61//58 65//62 66//63 
f 67//64 63//60 68//65 
f 65//62 69//66 70//67 
f 71//68 67//64 72//69 
f 69//66 73//70 74//71 
f 75//72 71//68 76//73 
f 73//70 77//74 78//75 
f 79//76 75//72 80//77 
f 77//74 81//78 82//79 
f 83//80 79//76 84//81 
f 81//78 85//82 86//83 
f 87//84 83//80 88//85 
f 85//82 89//86 90//87 
f 91//88 87//84 92//89 
f 89//86 93//90 94//91 
f 95//92 91//88 96//93 
f 93//90 97//94 98//93 
f 99//95 95//92 100//96 
f 97//94 101//97 102//98 
f 103//99 99//95 104//100 
f 101//97 105//101 106//100 
s 4
f 107//102 103//99 108//103 
f 105//101 109//104 110//103 
s 2
f 111//105 107//102 112//106 
f 109//104 113//107 114//106 
s 4
f 115//108 111//105 116//103 
f 113//107 117//109 118//103 
s 2
f 119//110 115//108 120//111 
f 117//109 121//112 122//111 
s 4
f 123//113 119//110 124//114 
f 121//112 125//115 126//116 
f 127//117 123//113 128//118 
f 125//115 129//119 130//120 
f 131//121 127//117 132//122 
f 129//119 133//123 134//122 
f 135//124 131//121 136//125 
f 133//123 137//126 138//125 
f 139//127 135//124 140//128 
f 137//126 141//129 142//130 
f 143//131 139//127 144//132 
f 141//129 145//133 146//134 
f 147//135 143//131 148//136 
f 145//133 149//137 150//136 
f 151//138 147//135 152//139 
f 149//137 153//140 154//141 
f 155//142 151//138 156//143 
f 153//140 157//144 158//145 
s 2
f 159//146 155//142 160//147 
f 157//144 161//148 162//147 
s 4
f 163//105 159//146 164//149 
f 161//148 165//107 166//106 
s 2
f 167//150 163//105 168//103 
f 165//107 169//151 170//103 
s 4
f 171//152 167//150 172//153 
f 169//151 173//154 174//155 
f 175//156 171//152 176//157 
f 173//154 177//158 178//159 
f 179//160 175//156 180//161 
f 177//158 181//162 182//163 
f 183//164 179//160 184//165 
f 181//162 185//166 186//167 
f 187//168 183//164 188//169 
f 185//166 189//170 190//171 
f 191//172 187//168 192//173 
f 189//170 193//174 194//175 
f 195//176 191//172 196//177 
f 193//174 197//178 198//179 
f 199//180 195//176 200//181 
f 197//178 201//182 202//183 
f 203//184 199//180 204//185 
f 201//182 205//186 206//185 
s 2
f 207//187 203//184 208//106 
f 205//186 209//188 210//106 
s 4
f 211//189 207//187 212//147 
f 209//188 213//190 214//147 
s 2
f 215//191 211//189 216//192 
f 213//190 217//193 218//194 
f 219//195 215//191 220//196 
f 217//193 221//197 222//198 
f 223//199 219//195 224//200 
f 221//197 225//201 226//202 
f 227//203 223//199 228//204 
f 225//201 229//205 230//204 
f 231//206 227//203 232//207 
f 229//205 233//208 234//207 
f 235//209 231//206 236//210 
f 233//208 237//211 238//212 
f 239//213 235//209 240//214 
f 237//211 241//215 242//216 
f 243//217 239//213 244//218 
f 241//215 245//219 246//220 
f 247//221 243//217 248//222 
f 245//219 249//223 250//224 
f 251//225 247//221 252//226 
f 249//223 253//227 254//228 
f 255//229 251//225 256//230 
f 253//227 257//231 258//232 
f 259//233 255//229 260//234 
f 257//231 261//235 262//236 
f 263//237 259//233 264//238 
f 261//235 265//239 266//240 
f 267//241 263//237 268//242 
f 265//239 269//243 270//242 
f 271//244 267//241 272//245 
f 269//243 273//246 274//247 
f 275//248 271//244 276//249 
f 273//246 277//250 278//249 
f 279//251 275//248 280//252 
f 277//250 281//253 282//254 
f 283//255 279//251 284//256 
f 281//253 285//257 286//258 
f 287//259 283//255 288//260 
f 285//257 289//261 290//260 
f 291//262 287//259 292//263 
f 289//261 293//264 294//265 
f 295//266 291//262 296//267 
f 293//264 297//268 298//267 
f 299//269 295//266 300//270 
f 297//268 301//271 302//272 
f 303//273 299//269 304//274 
f 301//271 305//275 306//274 
f 307//276 303//273 308//277 
f 305//275 309//278 310//279 
f 311//280 307//276 312//281 
f 309//278 313//282 314//283 
f 315//284 311//280 316//285 
f 313//282 317//286 318//287 
f 319//288 315//284 320//289 
f 317//286 321//290 322//289 
f 323//291 319//288 324//292 
f 321//290 325//293 326//294 
f 327//295 323//291 328//296 
f 325//293 329//297 330//296 
f 331//298 327//295 332//299 
f 329//297 333//300 334//299 
f 335//301 331//298 336//302 
f 333//300 337//303 338//304 
f 339//305 335//301 340//306 
f 337//303 341//307 342//306 
f 343//308 339//305 344//309 
f 341//307 345//310 346//309 
f 347//311 343//308 348//312 
f 345//310 349//313 350//312 
f 351//314 347//311 352//315 
f 349//313 353//316 354//315 
f 355//317 351//314 356//318 
f 353//316 357//319 358//318 
f 359//320 355//317 360//321 
f 357//319 361//322 362//323 
f 363//324 359//320 364//325 
f 361//322 365//326 366//327 
f 367//328 363//324 368//329 
f 365//326 369//330 370//331 
f 371//332 367//328 372//333 
f 369//330 373//334 374//333 
f 375//335 371//332 376//336 
f 373//334 377//337 378//338 
f 379//339 375//335 380//340 
f 377//337 381//341 382//342 
f 383//343 379//339 384//344 
f 381//341 385//345 386//346 
f 387//347 383//343 388//348 
f 385//345 389//349 390//350 
f 391//351 387//347 392//352 
f 389//349 393//353 394//354 
f 395//355 391//351 396//356 
f 393//353 397//357 398//356 
f 399//358 395//355 400//359 
f 397//357 401//360 402//361 
f 403//362 399//358 404//363 
f 401//360 405//364 406//365 
f 407//366 403//362 408//367 
f 405//364 409//368 410//369 
f 411//370 407//366 412//371 
f 409//368 413//372 414//373 
f 415//374 411//370 416//375 
f 413//372 417//376 418//377 
f 419//378 415//374 420//379 
f 417//376 421//380 422//381 
f 423//382 419//378 424//383 
f 421//380 425//384 426//385 
f 427//386 423//382 428//387 
f 425//384 429//388 430//389 
f 431//390 427//386 432//391 
f 429//388 433//392 434//393 
f 435//394 431//390 436//395 
f 433//392 437//396 438//397 
f 439//398 435//394 440//399 
f 437//396 441//400 442//401 
f 443//402 439//398 444//403 
f 441//400 445//404 446//405 
f 447//406 443//402 448//407 
f 445//404 449//408 450//409 
f 451//410 447//406 452//411 
f 449//408 453//412 454//413 
f 455//414 451//410 456//415 
f 453//412 457//416 458//417 
f 459//418 455//414 460//419 
f 457//416 461//420 462//421 
f 463//422 459//418 464//423 
f 461//420 465//424 466//425 
f 467//426 463//422 468//427 
f 465//424 469//428 470//429 
f 471//430 467//426 472//431 
f 469//428 473//432 474//433 
f 475//434 471//430 476//435 
f 473//432 477//436 478//437 
f 479//438 475//434 480//439 
f 477//436 481//440 482//441 
f 483//442 479//438 484//443 
f 481//440 485//444 486//445 
f 487//446 483//442 488//447 
f 485//444 489//448 490//449 
f 491//450 487//446 492//451 
f 489//448 493//452 494//453 
f 495//454 491//450 496//455 
f 493//452 497//456 498//457 
f 499//458 495//454 500//459 
f 497//456 501//460 502//461 
f 503//462 499//458 504//463 
f 501//460 505//464 506//465 
f 507//466 503//462 508//467 
f 505//464 509//468 510//469 
f 511//470 507//466 512//471 
f 509//468 513//472 514//473 
f 515//474 511//470 516//475 
f 513//472 517//476 518//477 
f 519//478 515//474 520//479 
f 517//476 521//480 522//481 
f 523//482 519//478 524//483 
f 521//480 525//484 526//485 
f 527//486 523//482 528//487 
f 525//484 529//488 530//489 
f 531//490 527//486 532//491 
f 529//488 533//492 534//493 
f 535//494 531//490 536//495 
f 533//492 537//496 538//497 
f 539//498 535//494 540//499 
f 537//496 541//500 542//501 
f 543//502 539//498 544//503 
f 541//500 545//504 546//505 
f 547//506 543//502 548//507 
f 545//504 549//508 550//507 
f 551//509 547//506 552//510 
f 549//508 553//511 554//512 
f 555//513 551//509 556//514 
f 553//511 557//515 558//516 
f 559//517 555//513 560//518 
f 557//515 561//519 562//520 
f 563//521 559//517 564//522 
f 561//519 565//523 566//524 
f 567//525 563//521 568//526 
f 565//523 569//527 570//526 
f 571//528 567//525 572//529 
f 569//527 573//530 574//531 
s 5
f 2//2 571//528 575//532 
f 573//530 4//4 576//533 
s 1
f 577//534 578//535 579//536 
f 580//537 581//538 582//536 
s 3
f 583//539 577//534 584//540 
f 581//538 585//541 586//540 
s 2
f 587//542 583//539 588//543 
f 585//541 589//544 590//545 
f 591//546 587//542 592//547 
f 589//544 593//548 594//549 
f 595//550 591//546 596//551 
f 593//548 597//552 598//551 
f 599//553 595//550 600//554 
f 597//552 601//555 602//554 
f 603//556 599//553 604//557 
f 601//555 605//558 606//559 
f 607//560 603//556 608//561 
f 605//558 609//562 610//563 
f 611//564 607//560 612//565 
f 609//562 613//566 614//567 
f 615//568 611//564 616//569 
f 613//566 617//570 618//571 
f 619//572 615//568 620//573 
f 617//570 621//574 622//575 
f 623//576 619//572 624//577 
f 621//574 625//578 626//579 
f 627//580 623//576 628//581 
f 625//578 629//582 630//581 
f 631//583 627//580 632//584 
f 629//582 633//585 634//584 
f 635//586 631//583 636//587 
f 633//585 637//588 638//589 
f 639//590 635//586 640//591 
f 637//588 641//592 642//593 
f 643//594 639//590 644//595 
f 641//592 645//596 646//597 
f 647//598 643//594 648//599 
f 645//596 649//600 650//601 
f 651//602 647//598 652//603 
f 649//600 653//604 654//605 
f 655//606 651//602 656//607 
f 653//604 657//608 658//609 
f 659//610 655//606 660//611 
f 657//608 661//612 662//611 
f 663//613 659//610 664//614 
f 661//612 665//615 666//616 
f 667//617 663//613 668//618 
f 665//615 669//619 670//618 
f 671//620 667//617 672//621 
f 669//619 673//622 674//623 
f 675//624 671//620 676//625 
f 673//622 677//626 678//627 
f 679//628 675//624 680//629 
f 677//626 681//630 682//629 
f 683//631 679//628 684//632 
f 681//630 685//633 686//634 
f 687//635 683//631 688//636 
f 685//633 689//637 690//638 
f 691//639 687//635 692//640 
f 689//637 693//641 694//642 
f 695//643 691//639 696//644 
f 693//641 697//645 698//644 
f 699//646 695//643 700//647 
f 697//645 701//648 702//649 
f 703//650 699//646 704//651 
f 701//648 705//652 706//653 
f 707//654 703//650 708//655 
f 705//652 709//656 710//655 
f 711//657 707//654 712//658 
f 709//656 713//659 714//660 
f 715//661 711//657 716//662 
f 713//659 717//663 718//664 
s 3
f 578//535 715//661 719//665 
f 717//663 580//537 720//666 
s 16
f 561//519 557//515 721//667 
f 565//523 561//519 722//667 
f 565//523 722//667 553//511 723//667 
f 569//527 565//523 724//667 
f 569//527 724//667 549//508 725//667 
f 573//530 569//527 726//667 
f 609//562 727//667 573//530 728//667 
f 609//562 728//667 545//504 729//667 
f 609//562 729//667 541//500 730//667 
f 613//566 609//562 731//667 
f 613//566 731//667 537//496 732//667 
f 613//566 732//667 533//492 733//667 
f 617//570 613//566 734//667 
f 617//570 734//667 529//488 735//667 
f 617//570 735//667 525//484 736//667 
f 621//574 617//570 737//667 
f 621//574 737//667 521//480 738//667 
f 621//574 738//667 517//476 739//667 
f 621//574 739//667 513//472 740//667 
f 625//578 621//574 741//667 
f 625//578 741//667 509//468 742//667 
f 625//578 742//667 505//464 743//667 
f 629//582 625//578 744//667 
f 629//582 744//667 501//460 745//667 
f 629//582 745//667 497//456 746//667 
f 633//585 629//582 747//667 
f 633//585 747//667 493//452 748//667 
f 633//585 748//667 489//448 749//667 
f 637//588 633//585 750//667 
f 637//588 750//667 485//444 751//667 
f 637//588 751//667 481//440 752//667 
f 637//588 752//667 477//436 753//667 
f 641//592 637//588 754//667 
f 641//592 754//667 473//432 755//667 
f 641//592 755//667 469//428 756//667 
f 645//596 641//592 757//667 
f 645//596 757//667 465//424 758//667 
f 649//600 645//596 759//667 
f 649//600 759//667 461//420 760//667 
f 649//600 760//667 457//416 761//667 
f 653//604 649//600 762//667 
f 653//604 762//667 453//412 763//667 
f 657//608 653//604 764//667 
f 657//608 764//667 449//408 765//667 
f 657//608 765//667 445//404 766//667 
f 661//612 657//608 767//667 
f 661//612 767//667 441//400 768//667 
f 661//612 768//667 437//396 769//667 
f 661//612 769//667 433//392 770//667 
f 665//615 661//612 771//667 
f 665//615 771//667 429//388 772//667 
f 665//615 772//667 425//384 773//667 
f 669//619 665//615 774//667 
f 669//619 774//667 421//380 775//667 
f 669//619 775//667 417//376 776//667 
f 673//622 669//619 777//667 
f 673//622 777//667 413//372 778//667 
f 673//622 778//667 409//368 779//667 
f 677//626 673//622 780//667 
f 677//626 780//667 405//364 781//667 
f 677//626 781//667 401//360 782//667 
f 681//630 677//626 783//667 
f 681//630 783//667 397//357 784//667 
f 685//633 681//630 785//667 
f 689//637 685//633 786//667 
f 689//637 786//667 393//353 787//667 
f 693//641 689//637 788//667 
f 697//645 693//641 789//667 
f 697//645 789//667 389//349 790//667 
f 701//648 697//645 791//667 
f 701//648 791//667 385//345 792//667 
f 705//652 701//648 793//667 
f 705//652 793//667 381//341 794//667 
f 709//656 705//652 795//667 
f 709//656 795//667 377//337 796//667 
f 713//659 709//656 797//667 
f 713//659 797//667 373//334 798//667 
f 717//663 713//659 799//667 
f 580//537 717//663 800//667 
f 580//537 800//667 369//330 801//667 
f 581//538 580//537 802//667 
f 581//538 802//667 365//326 803//667 
f 585//541 581//538 804//667 
f 589//544 585//541 805//667 
f 589//544 805//667 361//322 806//667 
f 593//548 589//544 807//667 
f 597//552 593//548 808//667 
f 601//555 597//552 809//667 
f 605//558 601//555 810//667 
f 609//562 605//558 811//667 
f 4//4 573//530 812//667 
f 4//4 812//667 357//319 813//667 
f 4//4 813//667 353//316 814//667 
f 5//5 4//4 815//667 
f 5//5 815//667 349//313 816//667 
f 5//5 816//667 345//310 817//667 
f 9//8 5//5 818//667 
f 9//8 818//667 341//307 819//667 
f 9//8 819//667 337//303 820//667 
f 13//11 9//8 821//667 
f 13//11 821//667 333//300 822//667 
f 13//11 822//667 329//297 823//667 
f 17//15 13//11 824//667 
f 17//15 824//667 325//293 825//667 
f 17//15 825//667 321//290 826//667 
f 21//19 17//15 827//667 
f 21//19 827//667 317//286 828//667 
f 21//19 828//667 313//282 829//667 
f 21//19 829//667 309//278 830//667 
f 25//23 21//19 831//667 
f 25//23 831//667 305//275 832//667 
f 25//23 832//667 301//271 833//667 
f 25//23 833//667 297//268 834//667 
f 29//27 25//23 835//667 
f 29//27 835//667 293//264 836//667 
f 29//27 836//667 289//261 837//667 
f 29//27 837//667 285//257 838//667 
f 33//31 29//27 839//667 
f 33//31 839//667 281//253 840//667 
f 33//31 840//667 277//250 841//667 
f 37//34 33//31 842//667 
f 37//34 842//667 273//246 843//667 
f 41//38 37//34 844//667 
f 41//38 844//667 269//243 845//667 
f 41//38 845//667 265//239 846//667 
f 45//42 41//38 847//667 
f 45//42 847//667 261//235 848//667 
f 49//46 45//42 849//667 
f 49//46 849//667 257//231 850//667 
f 53//50 49//46 851//667 
f 53//50 851//667 253//227 852//667 
f 57//54 53//50 853//667 
f 57//54 853//667 249//223 854//667 
f 61//58 57//54 855//667 
f 61//58 855//667 245//219 856//667 
f 61//58 856//667 241//215 857//667 
f 65//62 61//58 858//667 
f 65//62 858//667 237//211 859//667 
f 69//66 65//62 860//667 
f 69//66 860//667 233//208 861//667 
f 73//70 69//66 862//667 
f 73//70 862//667 229//205 863//667 
f 77//74 73//70 864//667 
f 77//74 864//667 225//201 865//667 
f 81//78 77//74 866//667 
f 81//78 866//667 221//197 867//667 
f 85//82 81//78 868//667 
f 89//86 85//82 869//667 
f 89//86 869//667 217//193 870//667 
f 93//90 89//86 871//667 
f 97//94 93//90 872//667 
f 101//97 97//94 873//667 
f 105//101 101//97 874//667 
f 105//101 874//667 213//190 875//667 
f 109//104 105//101 876//667 
f 169//151 165//107 877//667 
f 169//151 877//667 161//148 878//667 
f 169//151 878//667 157//144 879//667 
f 173//154 169//151 880//667 
f 173//154 880//667 153//140 881//667 
f 177//158 173//154 882//667 
f 177//158 882//667 149//137 883//667 
f 181//162 177//158 884//667 
f 181//162 884//667 145//133 885//667 
f 181//162 885//667 141//129 886//667 
f 185//166 181//162 887//667 
f 185//166 887//667 137//126 888//667 
f 185//166 888//667 133//123 889//667 
f 189//170 185//166 890//667 
f 189//170 890//667 129//119 891//667 
f 193//174 189//170 892//667 
f 193//174 892//667 125//115 893//667 
f 197//178 193//174 894//667 
f 197//178 894//667 121//112 895//667 
f 201//182 197//178 896//667 
f 205//186 201//182 897//667 
f 209//188 205//186 898//667 
f 109//104 876//667 209//188 899//667 
f 109//104 899//667 117//109 900//667 
f 107//102 111//105 901//668 
f 159//146 163//105 902//668 
f 155//142 159//146 903//668 
f 151//138 155//142 904//668 
f 151//138 904//668 167//150 905//668 
f 147//135 151//138 906//668 
f 147//135 906//668 171//152 907//668 
f 143//131 147//135 908//668 
f 143//131 908//668 175//156 909//668 
f 139//127 143//131 910//668 
f 135//124 139//127 911//668 
f 135//124 911//668 179//160 912//668 
f 131//121 135//124 913//668 
f 127//117 131//121 914//668 
f 127//117 914//668 183//164 915//668 
f 123//113 127//117 916//668 
f 123//113 916//668 187//168 917//668 
f 119//110 123//113 918//668 
f 119//110 918//668 191//172 919//668 
f 115//108 119//110 920//668 
f 115//108 920//668 195//176 921//668 
f 115//108 921//668 199//180 922//668 
f 115//108 922//668 203//184 923//668 
f 107//102 901//668 115//108 924//668 
f 551//509 555//513 925//668 
f 551//509 925//668 559//517 926//668 
f 547//506 551//509 927//668 
f 547//506 927//668 563//521 928//668 
f 543//502 547//506 929//668 
f 543//502 929//668 567//525 930//668 
f 543//502 930//668 571//528 931//668 
f 539//498 543//502 932//668 
f 535//494 539//498 933//668 
f 535//494 933//668 607//560 934//668 
f 531//490 535//494 935//668 
f 527//486 531//490 936//668 
f 527//486 936//668 611//564 937//668 
f 523//482 527//486 938//668 
f 519//478 523//482 939//668 
f 519//478 939//668 615//568 940//668 
f 515//474 519//478 941//668 
f 511//470 515//474 942//668 
f 507//466 511//470 943//668 
f 507//466 943//668 619//572 944//668 
f 503//462 507//466 945//668 
f 499//458 503//462 946//668 
f 499//458 946//668 623//576 947//668 
f 495//454 499//458 948//668 
f 491//450 495//454 949//668 
f 491//450 949//668 627//580 950//668 
f 487//446 491//450 951//668 
f 483//442 487//446 952//668 
f 483//442 952//668 631//583 953//668 
f 479//438 483//442 954//668 
f 475//434 479//438 955//668 
f 471//430 475//434 956//668 
f 471//430 956//668 635//586 957//668 
f 467//426 471//430 958//668 
f 463//422 467//426 959//668 
f 463//422 959//668 639//590 960//668 
f 459//418 463//422 961//668 
f 459//418 961//668 643//594 962//668 
f 455//414 459//418 963//668 
f 451//410 455//414 964//668 
f 451//410 964//668 647//598 965//668 
f 447//406 451//410 966//668 
f 447//406 966//668 651//602 967//668 
f 443//402 447//406 968//668 
f 439//398 443//402 969//668 
f 439//398 969//668 655//606 970//668 
f 435//394 439//398 971//668 
f 431//390 435//394 972//668 
f 427//386 431//390 973//668 
f 427//386 973//668 659//610 974//668 
f 423//382 427//386 975//668 
f 419//378 423//382 976//668 
f 419//378 976//668 663//613 977//668 
f 415//374 419//378 978//668 
f 411//370 415//374 979//668 
f 411//370 979//668 667//617 980//668 
f 407//366 411//370 981//668 
f 403//362 407//366 982//668 
f 403//362 982//668 671//620 983//668 
f 399//358 403//362 984//668 
f 395//355 399//358 985//668 
f 395//355 985//668 675//624 986//668 
f 391//351 395//355 987//668 
f 391//351 987//668 679//628 988//668 
f 391//351 988//668 683//631 989//668 
f 387//347 391//351 990//668 
f 387//347 990//668 687//635 991//668 
f 387//347 991//668 691//639 992//668 
f 383//343 387//347 993//668 
f 383//343 993//668 695//643 994//668 
f 379//339 383//343 995//668 
f 379//339 995//668 699//646 996//668 
f 375//335 379//339 997//668 
f 375//335 997//668 703//650 998//668 
f 371//332 375//335 999//668 
f 371//332 999//668 707//654 1000//668 
f 367//328 371//332 1001//668 
f 367//328 1001//668 711//657 1002//668 
f 367//328 1002//668 715//661 1003//668 
f 363//324 367//328 1004//668 
f 363//324 1004//668 578//535 1005//668 
f 359//320 363//324 1006//668 
f 359//320 1006//668 577//534 1007//668 
f 359//320 1007//668 583//539 1008//668 
f 355//317 359//320 1009//668 
f 355//317 1009//668 587//542 1010//668 
f 355//317 1010//668 591//546 1011//668 
f 355//317 1011//668 595//550 1012//668 
f 355//317 1012//668 599//553 1013//668 
f 355//317 1013//668 603//556 1014//668 
f 355//317 1014//668 607//560 1015//668 
f 355//317 1015//668 571//528 1016//668 
f 351//314 355//317 1017//668 
f 347//311 351//314 1018//668 
f 347//311 1018//668 2//2 1019//668 
f 343//308 347//311 1020//668 
f 339//305 343//308 1021//668 
f 339//305 1021//668 1//1 1022//668 
f 335//301 339//305 1023//668 
f 331//298 335//301 1024//668 
f 331//298 1024//668 7//6 1025//668 
f 327//295 331//298 1026//668 
f 323//291 327//295 1027//668 
f 323//291 1027//668 11//9 1028//668 
f 319//288 323//291 1029//668 
f 315//284 319//288 1030//668 
f 315//284 1030//668 15//13 1031//668 
f 311//280 315//284 1032//668 
f 307//276 311//280 1033//668 
f 303//273 307//276 1034//668 
f 303//273 1034//668 19//17 1035//668 
f 299//269 303//273 1036//668 
f 295//266 299//269 1037//668 
f 291//262 295//266 1038//668 
f 291//262 1038//668 23//21 1039//668 
f 287//259 291//262 1040//668 
f 283//255 287//259 1041//668 
f 279//251 283//255 1042//668 
f 279//251 1042//668 27//25 1043//668 
f 275//248 279//251 1044//668 
f 271//244 275//248 1045//668 
f 271//244 1045//668 31//29 1046//668 
f 267//241 271//244 1047//668 
f 267//241 1047//668 35//32 1048//668 
f 263//237 267//241 1049//668 
f 259//233 263//237 1050//668 
f 259//233 1050//668 39//36 1051//668 
f 255//229 259//233 1052//668 
f 255//229 1052//668 43//40 1053//668 
f 251//225 255//229 1054//668 
f 251//225 1054//668 47//44 1055//668 
f 247//221 251//225 1056//668 
f 247//221 1056//668 51//48 1057//668 
f 243//217 247//221 1058//668 
f 243//217 1058//668 55//52 1059//668 
f 239//213 243//217 1060//668 
f 235//209 239//213 1061//668 
f 235//209 1061//668 59//56 1062//668 
f 231//206 235//209 1063//668 
f 231//206 1063//668 63//60 1064//668 
f 227//203 231//206 1065//668 
f 227//203 1065//668 67//64 1066//668 
f 223//199 227//203 1067//668 
f 223//199 1067//668 71//68 1068//668 
f 219//195 223//199 1069//668 
f 219//195 1069//668 75//72 1070//668 
f 215//191 219//195 1071//668 
f 215//191 1071//668 79//76 1072//668 
f 215//191 1072//668 83//80 1073//668 
f 211//189 215//191 1074//668 
f 211//189 1074//668 87//84 1075//668 
f 211//189 1075//668 91//88 1076//668 
f 211//189 1076//668 95//92 1077//668 
f 211//189 1077//668 99//95 1078//668 
f 207//187 211//189 1079//668 
f 107//102 924//668 207//187 1080//668 
s 1
f 3//3 2//2 4//4 
f 1//1 3//3 4//4 6//3 
f 6//3 5//5 1//1 
s 3
f 8//7 1//1 5//5 
f 7//6 8//7 5//5 10//7 
f 10//7 9//8 7//6 
s 2
f 12//10 7//6 9//8 
f 11//9 12//10 9//8 14//12 
f 14//12 13//11 11//9 
f 16//14 11//9 13//11 
f 15//13 16//14 13//11 18//16 
f 18//16 17//15 15//13 
f 20//18 15//13 17//15 
f 19//17 20//18 17//15 22//20 
f 22//20 21//19 19//17 
f 24//22 19//17 21//19 
f 23//21 24//22 21//19 26//24 
f 26//24 25//23 23//21 
f 28//26 23//21 25//23 
f 27//25 28//26 25//23 30//28 
f 30//28 29//27 27//25 
f 32//30 27//25 29//27 
f 31//29 32//30 29//27 34//30 
f 34//30 33//31 31//29 
f 36//33 31//29 33//31 
f 35//32 36//33 33//31 38//35 
f 38//35 37//34 35//32 
f 40//37 35//32 37//34 
f 39//36 40//37 37//34 42//39 
f 42//39 41//38 39//36 
f 44//41 39//36 41//38 
f 43//40 44//41 41//38 46//43 
f 46//43 45//42 43//40 
f 48//45 43//40 45//42 
f 47//44 48//45 45//42 50//47 
f 50//47 49//46 47//44 
f 52//49 47//44 49//46 
f 51//48 52//49 49//46 54//51 
f 54//51 53//50 51//48 
f 56//53 51//48 53//50 
f 55//52 56//53 53//50 58//55 
f 58//55 57//54 55//52 
f 60//57 55//52 57//54 
f 59//56 60//57 57//54 62//59 
f 62//59 61//58 59//56 
f 64//61 59//56 61//58 
f 63//60 64//61 61//58 66//63 
f 66//63 65//62 63//60 
f 68//65 63//60 65//62 
f 67//64 68//65 65//62 70//67 
f 70//67 69//66 67//64 
f 72//69 67//64 69//66 
f 71//68 72//69 69//66 74//71 
f 74//71 73//70 71//68 
f 76//73 71//68 73//70 
f 75//72 76//73 73//70 78//75 
f 78//75 77//74 75//72 
f 80//77 75//72 77//74 
f 79//76 80//77 77//74 82//79 
f 82//79 81//78 79//76 
f 84//81 79//76 81//78 
f 83//80 84//81 81//78 86//83 
f 86//83 85//82 83//80 
f 88//85 83//80 85//82 
f 87//84 88//85 85//82 90//87 
f 90//87 89//86 87//84 
f 92//89 87//84 89//86 
f 91//88 92//89 89//86 94//91 
f 94//91 93//90 91//88 
f 96//93 91//88 93//90 
f 95//92 96//93 93//90 98//93 
f 98//93 97//94 95//92 
f 100//96 95//92 97//94 
f 99//95 100//96 97//94 102//98 
f 102//98 101//97 99//95 
f 104//100 99//95 101//97 
f 103//99 104//100 101//97 106//100 
f 106//100 105//101 103//99 
s 4
f 108//103 103//99 105//101 
f 107//102 108//103 105//101 110//103 
f 110//103 109//104 107//102 
s 2
f 112//106 107//102 109//104 
f 111//105 112//106 109//104 114//106 
f 114//106 113//107 111//105 
s 4
f 116//103 111//105 113//107 
f 115//108 116//103 113//107 118//103 
f 118//103 117//109 115//108 
s 2
f 120//111 115//108 117//109 
f 119//110 120//111 117//109 122//111 
f 122//111 121//112 119//110 
s 4
f 124//114 119//110 121//112 
f 123//113 124//114 121//112 126//116 
f 126//116 125//115 123//113 
f 128//118 123//113 125//115 
f 127//117 128//118 125//115 130//120 
f 130//120 129//119 127//117 
f 132//122 127//117 129//119 
f 131//121 132//122 129//119 134//122 
f 134//122 133//123 131//121 
f 136//125 131//121 133//123 
f 135//124 136//125 133//123 138//125 
f 138//125 137//126 135//124 
f 140//128 135//124 137//126 
f 139//127 140//128 137//126 142//130 
f 142//130 141//129 139//127 
f 144//132 139//127 141//129 
f 143//131 144//132 141//129 146//134 
f 146//134 145//133 143//131 
f 148//136 143//131 145//133 
f 147//135 148//136 145//133 150//136 
f 150//136 149//137 147//135 
f 152//139 147//135 149//137 
f 151//138 152//139 149//137 154//141 
f 154//141 153//140 151//138 
f 156//143 151//138 153//140 
f 155//142 156//143 153//140 158//145 
f 158//145 157//144 155//142 
s 2
f 160//147 155//142 157//144 
f 159//146 160//147 157//144 162//147 
f 162//147 161//148 159//146 
s 4
f 164//149 159//146 161//148 
f 163//105 164//149 161//148 166//106 
f 166//106 165//107 163//105 
s 2
f 168//103 163//105 165//107 
f 167//150 168//103 165//107 170//103 
f 170//103 169//151 167//150 
s 4
f 172//153 167//150 169//151 
f 171//152 172//153 169//151 174//155 
f 174//155 173//154 171//152 
f 176//157 171//152 173//154 
f 175//156 176//157 173//154 178//159 
f 178//159 177//158 175//156 
f 180//161 175//156 177//158 
f 179//160 180//161 177//158 182//163 
f 182//163 181//162 179//160 
f 184//165 179//160 181//162 
f 183//164 184//165 181//162 186//167 
f 186//167 185//166 183//164 
f 188//169 183//164 185//166 
f 187//168 188//169 185//166 190//171 
f 190//171 189//170 187//168 
f 192//173 187//168 189//170 
f 191//172 192//173 189//170 194//175 
f 194//175 193//174 191//172 
f 196//177 191//172 193//174 
f 195//176 196//177 193//174 198//179 
f 198//179 197//178 195//176 
f 200//181 195//176 197//178 
f 199//180 200//181 197//178 202//183 
f 202//183 201//182 199//180 
f 204//185 199//180 201//182 
f 203//184 204//185 201//182 206//185 
f 206//185 205//186 203//184 
s 2
f 208//106 203//184 205//186 
f 207//187 208//106 205//186 210//106 
f 210//106 209//188 207//187 
s 4
f 212//147 207//187 209//188 
f 211//189 212//147 209//188 214//147 
f 214//147 213//190 211//189 
s 2
f 216//192 211//189 213//190 
f 215//191 216//192 213//190 218//194 
f 218//194 217//193 215//191 
f 220//196 215//191 217//193 
f 219//195 220//196 217//193 222//198 
f 222//198 221//197 219//195 
f 224//200 219//195 221//197 
f 223//199 224//200 221//197 226//202 
f 226//202 225//201 223//199 
f 228//204 223//199 225//201 
f 227//203 228//204 225//201 230//204 
f 230//204 229//205 227//203 
f 232//207 227//203 229//205 
f 231//206 232//207 229//205 234//207 
f 234//207 233//208 231//206 
f 236//210 231//206 233//208 
f 235//209 236//210 233//208 238//212 
f 238//212 237//211 235//209 
f 240//214 235//209 237//211 
f 239//213 240//214 237//211 242//216 
f 242//216 241//215 239//213 
f 244//218 239//213 241//215 
f 243//217 244//218 241//215 246//220 
f 246//220 245//219 243//217 
f 248//222 243//217 245//219 
f 247//221 248//222 245//219 250//224 
f 250//224 249//223 247//221 
f 252//226 247//221 249//223 
f 251//225 252//226 249//223 254//228 
f 254//228 253//227 251//225 
f 256//230 251//225 253//227 
f 255//229 256//230 253//227 258//232 
f 258//232 257//231 255//229 
f 260//234 255//229 257//231 
f 259//233 260//234 257//231 262//236 
f 262//236 261//235 259//233 
f 264//238 259//233 261//235 
f 263//237 264//238 261//235 266//240 
f 266//240 265//239 263//237 
f 268//242 263//237 265//239 
f 267//241 268//242 265//239 270//242 
f 270//242 269//243 267//241 
f 272//245 267//241 269//243 
f 271//244 272//245 269//243 274//247 
f 274//247 273//246 271//244 
f 276//249 271//244 273//246 
f 275//248 276//249 273//246 278//249 
f 278//249 277//250 275//248 
f 280//252 275//248 277//250 
f 279//251 280//252 277//250 282//254 
f 282//254 281//253 279//251 
f 284//256 279//251 281//253 
f 283//255 284//256 281//253 286//258 
f 286//258 285//257 283//255 
f 288//260 283//255 285//257 
f 287//259 288//260 285//257 290//260 
f 290//260 289//261 287//259 
f 292//263 287//259 289//261 
f 291//262 292//263 289//261 294//265 
f 294//265 293//264 291//262 
f 296//267 291//262 293//264 
f 295//266 296//267 293//264 298//267 
f 298//267 297//268 295//266 
f 300//270 295//266 297//268 
f 299//269 300//270 297//268 302//272 
f 302//272 301//271 299//269 
f 304//274 299//269 301//271 
f 303//273 304//274 301//271 306//274 
f 306//274 305//275 303//273 
f 308//277 303//273 305//275 
f 307//276 308//277 305//275 310//279 
f 310//279 309//278 307//276 
f 312//281 307//276 309//278 
f 311//280 312//281 309//278 314//283 
f 314//283 313//282 311//280 
f 316//285 311//280 313//282 
f 315//284 316//285 313//282 318//287 
f 318//287 317//286 315//284 
f 320//289 315//284 317//286 
f 319//288 320//289 317//286 322//289 
f 322//289 321//290 319//288 
f 324//292 319//288 321//290 
f 323//291 324//292 321//290 326//294 
f 326//294 325//293 323//291 
f 328//296 323//291 325//293 
f 327//295 328//296 325//293 330//296 
f 330//296 329//297 327//295 
f 332//299 327//295 329//297 
f 331//298 332//299 329//297 334//299 
f 334//299 333//300 331//298 
f 336//302 331//298 333//300 
f 335//301 336//302 333//300 338//304 
f 338//304 337//303 335//301 
f 340//306 335//301 337//303 
f 339//305 340//306 337//303 342//306 
f 342//306 341//307 339//305 
f 344//309 339//305 341//307 
f 343//308 344//309 341//307 346//309 
f 346//309 345//310 343//308 
f 348//312 343//308 345//310 
f 347//311 348//312 345//310 350//312 
f 350//312 349//313 347//311 
f 352//315 347//311 349//313 
f 351//314 352//315 349//313 354//315 
f 354//315 353//316 351//314 
f 356//318 351//314 353//316 
f 355//317 356//318 353//316 358//318 
f 358//318 357//319 355//317 
f 360//321 355//317 357//319 
f 359//320 360//321 357//319 362//323 
f 362//323 361//322 359//320 
f 364//325 359//320 361//322 
f 363//324 364//325 361//322 366//327 
f 366//327 365//326 363//324 
f 368//329 363//324 365//326 
f 367//328 368//329 365//326 370//331 
f 370//331 369//330 367//328 
f 372//333 367//328 369//330 
f 371//332 372//333 369//330 374//333 
f 374//333 373//334 371//332 
f 376//336 371//332 373//334 
f 375//335 376//336 373//334 378//338 
f 378//338 377//337 375//335 
f 380//340 375//335 377//337 
f 379//339 380//340 377//337 382//342 
f 382//342 381//341 379//339 
f 384//344 379//339 381//341 
f 383//343 384//344 381//341 386//346 
f 386//346 385//345 383//343 
f 388//348 383//343 385//345 
f 387//347 388//348 385//345 390//350 
f 390//350 389//349 387//347 
f 392//352 387//347 389//349 
f 391//351 392//352 389//349 394//354 
f 394//354 393//353 391//351 
f 396//356 391//351 393//353 
f 395//355 396//356 393//353 398//356 
f 398//356 397//357 395//355 
f 400//359 395//355 397//357 
f 399//358 400//359 397//357 402//361 
f 402//361 401//360 399//358 
f 404//363 399//358 401//360 
f 403//362 404//363 401//360 406//365 
f 406//365 405//364 403//362 
f 408//367 403//362 405//364 
f 407//366 408//367 405//364 410//369 
f 410//369 409//368 407//366 
f 412//371 407//366 409//368 
f 411//370 412//371 409//368 414//373 
f 414//373 413//372 411//370 
f 416//375 411//370 413//372 
f 415//374 416//375 413//372 418//377 
f 418//377 417//376 415//374 
f 420//379 415//374 417//376 
f 419//378 420//379 417//376 422//381 
f 422//381 421//380 419//378 
f 424//383 419//378 421//380 
f 423//382 424//383 421//380 426//385 
f 426//385 425//384 423//382 
f 428//387 423//382 425//384 
f 427//386 428//387 425//384 430//389 
f 430//389 429//388 427//386 
f 432//391 427//386 429//388 
f 431//390 432//391 429//388 434//393 
f 434//393 433//392 431//390 
f 436//395 431//390 433//392 
f 435//394 436//395 433//392 438//397 
f 438//397 437//396 435//394 
f 440//399 435//394 437//396 
f 439//398 440//399 437//396 442//401 
f 442//401 441//400 439//398 
f 444//403 439//398 441//400 
f 443//402 444//403 441//400 446//405 
f 446//405 445//404 443//402 
f 448//407 443//402 445//404 
f 447//406 448//407 445//404 450//409 
f 450//409 449//408 447//406 
f 452//411 447//406 449//408 
f 451//410 452//411 449//408 454//413 
f 454//413 453//412 451//410 
f 456//415 451//410 453//412 
f 455//414 456//415 453//412 458//417 
f 458//417 457//416 455//414 
f 460//419 455//414 457//416 
f 459//418 460//419 457//416 462//421 
f 462//421 461//420 459//418 
f 464//423 459//418 461//420 
f 463//422 464//423 461//420 466//425 
f 466//425 465//424 463//422 
f 468//427 463//422 465//424 
f 467//426 468//427 465//424 470//429 
f 470//429 469//428 467//426 
f 472//431 467//426 469//428 
f 471//430 472//431 469//428 474//433 
f 474//433 473//432 471//430 
f 476//435 471//430 473//432 
f 475//434 476//435 473//432 478//437 
f 478//437 477//436 475//434 
f 480//439 475//434 477//436 
f 479//438 480//439 477//436 482//441 
f 482//441 481//440 479//438 
f 484//443 479//438 481//440 
f 483//442 484//443 481//440 486//445 
f 486//445 485//444 483//442 
f 488//447 483//442 485//444 
f 487//446 488//447 485//444 490//449 
f 490//449 489//448 487//446 
f 492//451 487//446 489//448 
f 491//450 492//451 489//448 494//453 
f 494//453 493//452 491//450 
f 496//455 491//450 493//452 
f 495//454 496//455 493//452 498//457 
f 498//457 497//456 495//454 
f 500//459 495//454 497//456 
f 499//458 500//459 497//456 502//461 
f 502//461 501//460 499//458 
f 504//463 499//458 501//460 
f 503//462 504//463 501//460 506//465 
f 506//465 505//464 503//462 
f 508//467 503//462 505//464 
f 507//466 508//467 505//464 510//469 
f 510//469 509//468 507//466 
f 512//471 507//466 509//468 
f 511//470 512//471 509//468 514//473 
f 514//473 513//472 511//470 
f 516//475 511//470 513//472 
f 515//474 516//475 513//472 518//477 
f 518//477 517//476 515//474 
f 520//479 515//474 517//476 
f 519//478 520//479 517//476 522//481 
f 522//481 521//480 519//478 
f 524//483 519//478 521//480 
f 523//482 524//483 521//480 526//485 
f 526//485 525//484 523//482 
f 528//487 523//482 525//484 
f 527//486 528//487 525//484 530//489 
f 530//489 529//488 527//486 
f 532//491 527//486 529//488 
f 531//490 532//491 529//488 534//493 
f 534//493 533//492 531//490 
f 536//495 531//490 533//492 
f 535//494 536//495 533//492 538//497 
f 538//497 537//496 535//494 
f 540//499 535//494 537//496 
f 539//498 540//499 537//496 542//501 
f 542//501 541//500 539//498 
f 544//503 539//498 541//500 
f 543//502 544//503 541//500 546//505 
f 546//505 545//504 543//502 
f 548//507 543//502 545//504 
f 547//506 548//507 545//504 550//507 
f 550//507 549//508 547//506 
f 552//510 547//506 549//508 
f 551//509 552//510 549//508 554//512 
f 554//512 553//511 551//509 
f 556//514 551//509 553//511 
f 555//513 556//514 553//511 558//516 
f 558//516 557//515 555//513 
f 560//518 555//513 557//515 
f 559//517 560//518 557//515 562//520 
f 562//520 561//519 559//517 
f 564//522 559//517 561//519 
f 563//521 564//522 561//519 566//524 
f 566//524 565//523 563//521 
f 568//526 563//521 565//523 
f 567//525 568//526 565//523 570//526 
f 570//526 569//527 567//525 
f 572//529 567//525 569//527 
f 571//528 572//529 569//527 574//531 
f 574//531 573//530 571//528 
s 5
f 575//532 571//528 573//530 
f 2//2 575//532 573//530 576//533 
f 576//533 4//4 2//2 
s 1
f 579//536 578//535 580//537 
f 577//534 579//536 580//537 582//536 
f 582//536 581//538 577//534 
s 3
f 584//540 577//534 581//538 
f 583//539 584//540 581//538 586//540 
f 586//540 585//541 583//539 
s 2
f 588//543 583//539 585//541 
f 587//542 588//543 585//541 590//545 
f 590//545 589//544 587//542 
f 592//547 587//542 589//544 
f 591//546 592//547 589//544 594//549 
f 594//549 593//548 591//546 
f 596//551 591//546 593//548 
f 595//550 596//551 593//548 598//551 
f 598//551 597//552 595//550 
f 600//554 595//550 597//552 
f 599//553 600//554 597//552 602//554 
f 602//554 601//555 599//553 
f 604//557 599//553 601//555 
f 603//556 604//557 601//555 606//559 
f 606//559 605//558 603//556 
f 608//561 603//556 605//558 
f 607//560 608//561 605//558 610//563 
f 610//563 609//562 607//560 
f 612//565 607//560 609//562 
f 611//564 612//565 609//562 614//567 
f 614//567 613//566 611//564 
f 616//569 611//564 613//566 
f 615//568 616//569 613//566 618//571 
f 618//571 617//570 615//568 
f 620//573 615//568 617//570 
f 619//572 620//573 617//570 622//575 
f 622//575 621//574 619//572 
f 624//577 619//572 621//574 
f 623//576 624//577 621//574 626//579 
f 626//579 625//578 623//576 
f 628//581 623//576 625//578 
f 627//580 628//581 625//578 630//581 
f 630//581 629//582 627//580 
f 632//584 627//580 629//582 
f 631//583 632//584 629//582 634//584 
f 634//584 633//585 631//583 
f 636//587 631//583 633//585 
f 635//586 636//587 633//585 638//589 
f 638//589 637//588 635//586 
f 640//591 635//586 637//588 
f 639//590 640//591 637//588 642//593 
f 642//593 641//592 639//590 
f 644//595 639//590 641//592 
f 643//594 644//595 641//592 646//597 
f 646//597 645//596 643//594 
f 648//599 643//594 645//596 
f 647//598 648//599 645//596 650//601 
f 650//601 649//600 647//598 
f 652//603 647//598 649//600 
f 651//602 652//603 649//600 654//605 
f 654//605 653//604 651//602 
f 656//607 651//602 653//604 
f 655//606 656//607 653//604 658//609 
f 658//609 657//608 655//606 
f 660//611 655//606 657//608 
f 659//610 660//611 657//608 662//611 
f 662//611 661//612 659//610 
f 664//614 659//610 661//612 
f 663//613 664//614 661//612 666//616 
f 666//616 665//615 663//613 
f 668//618 663//613 665//615 
f 667//617 668//618 665//615 670//618 
f 670//618 669//619 667//617 
f 672//621 667//617 669//619 
f 671//620 672//621 669//619 674//623 
f 674//623 673//622 671//620 
f 676//625 671//620 673//622 
f 675//624 676//625 673//622 678//627 
f 678//627 677//626 675//624 
f 680//629 675//624 677//626 
f 679//628 680//629 677//626 682//629 
f 682//629 681//630 679//628 
f 684//632 679//628 681//630 
f 683//631 684//632 681//630 686//634 
f 686//634 685//633 683//631 
f 688//636 683//631 685//633 
f 687//635 688//636 685//633 690//638 
f 690//638 689//637 687//635 
f 692//640 687//635 689//637 
f 691//639 692//640 689//637 694//642 
f 694//642 693//641 691//639 
f 696//644 691//639 693//641 
f 695//643 696//644 693//641 698//644 
f 698//644 697//645 695//643 
f 700//647 695//643 697//645 
f 699//646 700//647 697//645 702//649 
f 702//649 701//648 699//646 
f 704//651 699//646 701//648 
f 703//650 704//651 701//648 706//653 
f 706//653 705//652 703//650 
f 708//655 703//650 705//652 
f 707//654 708//655 705//652 710//655 
f 710//655 709//656 707//654 
f 712//658 707//654 709//656 
f 711//657 712//658 709//656 714//660 
f 714//660 713//659 711//657 
f 716//662 711//657 713//659 
f 715//661 716//662 713//659 718//664 
f 718//664 717//663 715//661 
s 3
f 719//665 715//661 717//663 
f 578//535 719//665 717//663 720//666 
f 720//666 580//537 578//535 
s 16
f 721//667 557//515 553//511 
f 561//519 721//667 553//511 722//667 
f 723//667 553//511 549//508 
f 565//523 723//667 549//508 724//667 
f 725//667 549//508 545//504 
f 569//527 725//667 545//504 726//667 
f 573//530 726//667 545//504 728//667 
f 729//667 545//504 541//500 
f 730//667 541//500 537//496 
f 609//562 730//667 537//496 731//667 
f 732//667 537//496 533//492 
f 733//667 533//492 529//488 
f 613//566 733//667 529//488 734//667 
f 735//667 529//488 525//484 
f 736//667 525//484 521//480 
f 617//570 736//667 521//480 737//667 
f 738//667 521//480 517//476 
f 739//667 517//476 513//472 
f 740//667 513//472 509//468 
f 621//574 740//667 509//468 741//667 
f 742//667 509//468 505//464 
f 743//667 505//464 501//460 
f 625//578 743//667 501//460 744//667 
f 745//667 501//460 497//456 
f 746//667 497//456 493//452 
f 629//582 746//667 493//452 747//667 
f 748//667 493//452 489//448 
f 749//667 489//448 485//444 
f 633//585 749//667 485//444 750//667 
f 751//667 485//444 481//440 
f 752//667 481//440 477//436 
f 753//667 477//436 473//432 
f 637//588 753//667 473//432 754//667 
f 755//667 473//432 469//428 
f 756//667 469//428 465//424 
f 641//592 756//667 465//424 757//667 
f 758//667 465//424 461//420 
f 645//596 758//667 461//420 759//667 
f 760//667 461//420 457//416 
f 761//667 457//416 453//412 
f 649//600 761//667 453//412 762//667 
f 763//667 453//412 449//408 
f 653//604 763//667 449//408 764//667 
f 765//667 449//408 445//404 
f 766//667 445//404 441//400 
f 657//608 766//667 441//400 767//667 
f 768//667 441//400 437//396 
f 769//667 437//396 433//392 
f 770//667 433//392 429//388 
f 661//612 770//667 429//388 771//667 
f 772//667 429//388 425//384 
f 773//667 425//384 421//380 
f 665//615 773//667 421//380 774//667 
f 775//667 421//380 417//376 
f 776//667 417//376 413//372 
f 669//619 776//667 413//372 777//667 
f 778//667 413//372 409//368 
f 779//667 409//368 405//364 
f 673//622 779//667 405//364 780//667 
f 781//667 405//364 401//360 
f 782//667 401//360 397//357 
f 677//626 782//667 397//357 783//667 
f 784//667 397//357 393//353 
f 681//630 784//667 393//353 785//667 
f 685//633 785//667 393//353 786//667 
f 787//667 393//353 389//349 
f 689//637 787//667 389//349 788//667 
f 693//641 788//667 389//349 789//667 
f 790//667 389//349 385//345 
f 697//645 790//667 385//345 791//667 
f 792//667 385//345 381//341 
f 701//648 792//667 381//341 793//667 
f 794//667 381//341 377//337 
f 705//652 794//667 377//337 795//667 
f 796//667 377//337 373//334 
f 709//656 796//667 373//334 797//667 
f 798//667 373//334 369//330 
f 713//659 798//667 369//330 799//667 
f 717//663 799//667 369//330 800//667 
f 801//667 369//330 365//326 
f 580//537 801//667 365//326 802//667 
f 803//667 365//326 361//322 
f 581//538 803//667 361//322 804//667 
f 585//541 804//667 361//322 805//667 
f 806//667 361//322 357//319 
f 589//544 806//667 357//319 807//667 
f 593//548 807//667 357//319 808//667 
f 597//552 808//667 357//319 809//667 
f 601//555 809//667 357//319 810//667 
f 605//558 810//667 357//319 811//667 
f 609//562 811//667 357//319 727//667 
f 573//530 727//667 357//319 812//667 
f 813//667 357//319 353//316 
f 814//667 353//316 349//313 
f 4//4 814//667 349//313 815//667 
f 816//667 349//313 345//310 
f 817//667 345//310 341//307 
f 5//5 817//667 341//307 818//667 
f 819//667 341//307 337//303 
f 820//667 337//303 333//300 
f 9//8 820//667 333//300 821//667 
f 822//667 333//300 329//297 
f 823//667 329//297 325//293 
f 13//11 823//667 325//293 824//667 
f 825//667 325//293 321//290 
f 826//667 321//290 317//286 
f 17//15 826//667 317//286 827//667 
f 828//667 317//286 313//282 
f 829//667 313//282 309//278 
f 830//667 309//278 305//275 
f 21//19 830//667 305//275 831//667 
f 832//667 305//275 301//271 
f 833//667 301//271 297//268 
f 834//667 297//268 293//264 
f 25//23 834//667 293//264 835//667 
f 836//667 293//264 289//261 
f 837//667 289//261 285//257 
f 838//667 285//257 281//253 
f 29//27 838//667 281//253 839//667 
f 840//667 281//253 277//250 
f 841//667 277//250 273//246 
f 33//31 841//667 273//246 842//667 
f 843//667 273//246 269//243 
f 37//34 843//667 269//243 844//667 
f 845//667 269//243 265//239 
f 846//667 265//239 261//235 
f 41//38 846//667 261//235 847//667 
f 848//667 261//235 257//231 
f 45//42 848//667 257//231 849//667 
f 850//667 257//231 253//227 
f 49//46 850//667 253//227 851//667 
f 852//667 253//227 249//223 
f 53//50 852//667 249//223 853//667 
f 854//667 249//223 245//219 
f 57//54 854//667 245//219 855//667 
f 856//667 245//219 241//215 
f 857//667 241//215 237//211 
f 61//58 857//667 237//211 858//667 
f 859//667 237//211 233//208 
f 65//62 859//667 233//208 860//667 
f 861//667 233//208 229//205 
f 69//66 861//667 229//205 862//667 
f 863//667 229//205 225//201 
f 73//70 863//667 225//201 864//667 
f 865//667 225//201 221//197 
f 77//74 865//667 221//197 866//667 
f 867//667 221//197 217//193 
f 81//78 867//667 217//193 868//667 
f 85//82 868//667 217//193 869//667 
f 870//667 217//193 213//190 
f 89//86 870//667 213//190 871//667 
f 93//90 871//667 213//190 872//667 
f 97//94 872//667 213//190 873//667 
f 101//97 873//667 213//190 874//667 
f 875//667 213//190 209//188 
f 105//101 875//667 209//188 876//667 
f 877//667 165//107 161//148 
f 878//667 161//148 157//144 
f 879//667 157//144 153//140 
f 169//151 879//667 153//140 880//667 
f 881//667 153//140 149//137 
f 173//154 881//667 149//137 882//667 
f 883//667 149//137 145//133 
f 177//158 883//667 145//133 884//667 
f 885//667 145//133 141//129 
f 886//667 141//129 137//126 
f 181//162 886//667 137//126 887//667 
f 888//667 137//126 133//123 
f 889//667 133//123 129//119 
f 185//166 889//667 129//119 890//667 
f 891//667 129//119 125//115 
f 189//170 891//667 125//115 892//667 
f 893//667 125//115 121//112 
f 193//174 893//667 121//112 894//667 
f 895//667 121//112 117//109 
f 197//178 895//667 117//109 896//667 
f 201//182 896//667 117//109 897//667 
f 205//186 897//667 117//109 898//667 
f 209//188 898//667 117//109 899//667 
f 900//667 117//109 113//107 
f 109//104 900//667 113//107 
f 901//668 111//105 115//108 
f 902//668 163//105 167//150 
f 159//146 902//668 167//150 903//668 
f 155//142 903//668 167//150 904//668 
f 905//668 167//150 171//152 
f 151//138 905//668 171//152 906//668 
f 907//668 171//152 175//156 
f 147//135 907//668 175//156 908//668 
f 909//668 175//156 179//160 
f 143//131 909//668 179//160 910//668 
f 139//127 910//668 179//160 911//668 
f 912//668 179//160 183//164 
f 135//124 912//668 183//164 913//668 
f 131//121 913//668 183//164 914//668 
f 915//668 183//164 187//168 
f 127//117 915//668 187//168 916//668 
f 917//668 187//168 191//172 
f 123//113 917//668 191//172 918//668 
f 919//668 191//172 195//176 
f 119//110 919//668 195//176 920//668 
f 921//668 195//176 199//180 
f 922//668 199//180 203//184 
f 923//668 203//184 207//187 
f 115//108 923//668 207//187 924//668 
f 925//668 555//513 559//517 
f 926//668 559//517 563//521 
f 551//509 926//668 563//521 927//668 
f 928//668 563//521 567//525 
f 547//506 928//668 567//525 929//668 
f 930//668 567//525 571//528 
f 931//668 571//528 1015//668 607//560 
f 543//502 931//668 607//560 932//668 
f 539//498 932//668 607//560 933//668 
f 934//668 607//560 611//564 
f 535//494 934//668 611//564 935//668 
f 531//490 935//668 611//564 936//668 
f 937//668 611//564 615//568 
f 527//486 937//668 615//568 938//668 
f 523//482 938//668 615//568 939//668 
f 940//668 615//568 619//572 
f 519//478 940//668 619//572 941//668 
f 515//474 941//668 619//572 942//668 
f 511//470 942//668 619//572 943//668 
f 944//668 619//572 623//576 
f 507//466 944//668 623//576 945//668 
f 503//462 945//668 623//576 946//668 
f 947//668 623//576 627//580 
f 499//458 947//668 627//580 948//668 
f 495//454 948//668 627//580 949//668 
f 950//668 627//580 631//583 
f 491//450 950//668 631//583 951//668 
f 487//446 951//668 631//583 952//668 
f 953//668 631//583 635//586 
f 483//442 953//668 635//586 954//668 
f 479//438 954//668 635//586 955//668 
f 475//434 955//668 635//586 956//668 
f 957//668 635//586 639//590 
f 471//430 957//668 639//590 958//668 
f 467//426 958//668 639//590 959//668 
f 960//668 639//590 643//594 
f 463//422 960//668 643//594 961//668 
f 962//668 643//594 647//598 
f 459//418 962//668 647//598 963//668 
f 455//414 963//668 647//598 964//668 
f 965//668 647//598 651//602 
f 451//410 965//668 651//602 966//668 
f 967//668 651//602 655//606 
f 447//406 967//668 655//606 968//668 
f 443//402 968//668 655//606 969//668 
f 970//668 655//606 659//610 
f 439//398 970//668 659//610 971//668 
f 435//394 971//668 659//610 972//668 
f 431//390 972//668 659//610 973//668 
f 974//668 659//610 663//613 
f 427//386 974//668 663//613 975//668 
f 423//382 975//668 663//613 976//668 
f 977//668 663//613 667//617 
f 419//378 977//668 667//617 978//668 
f 415//374 978//668 667//617 979//668 
f 980//668 667//617 671//620 
f 411//370 980//668 671//620 981//668 
f 407//366 981//668 671//620 982//668 
f 983//668 671//620 675//624 
f 403//362 983//668 675//624 984//668 
f 399//358 984//668 675//624 985//668 
f 986//668 675//624 679//628 
f 395//355 986//668 679//628 987//668 
f 988//668 679//628 683//631 
f 989//668 683//631 687//635 
f 391//351 989//668 687//635 990//668 
f 991//668 687//635 691//639 
f 992//668 691//639 695//643 
f 387//347 992//668 695//643 993//668 
f 994//668 695//643 699//646 
f 383//343 994//668 699//646 995//668 
f 996//668 699//646 703//650 
f 379//339 996//668 703//650 997//668 
f 998//668 703//650 707//654 
f 375//335 998//668 707//654 999//668 
f 1000//668 707//654 711//657 
f 371//332 1000//668 711//657 1001//668 
f 1002//668 711//657 715//661 
f 1003//668 715//661 578//535 
f 367//328 1003//668 578//535 1004//668 
f 1005//668 578//535 577//534 
f 363//324 1005//668 577//534 1006//668 
f 1007//668 577//534 583//539 
f 1008//668 583//539 587//542 
f 359//320 1008//668 587//542 1009//668 
f 1010//668 587//542 591//546 
f 1011//668 591//546 595//550 
f 1012//668 595//550 599//553 
f 1013//668 599//553 603//556 
f 1014//668 603//556 607//560 
f 1016//668 571//528 2//2 
f 355//317 1016//668 2//2 1017//668 
f 351//314 1017//668 2//2 1018//668 
f 1019//668 2//2 1//1 
f 347//311 1019//668 1//1 1020//668 
f 343//308 1020//668 1//1 1021//668 
f 1022//668 1//1 7//6 
f 339//305 1022//668 7//6 1023//668 
f 335//301 1023//668 7//6 1024//668 
f 1025//668 7//6 11//9 
f 331//298 1025//668 11//9 1026//668 
f 327//295 1026//668 11//9 1027//668 
f 1028//668 11//9 15//13 
f 323//291 1028//668 15//13 1029//668 
f 319//288 1029//668 15//13 1030//668 
f 1031//668 15//13 19//17 
f 315//284 1031//668 19//17 1032//668 
f 311//280 1032//668 19//17 1033//668 
f 307//276 1033//668 19//17 1034//668 
f 1035//668 19//17 23//21 
f 303//273 1035//668 23//21 1036//668 
f 299//269 1036//668 23//21 1037//668 
f 295//266 1037//668 23//21 1038//668 
f 1039//668 23//21 27//25 
f 291//262 1039//668 27//25 1040//668 
f 287//259 1040//668 27//25 1041//668 
f 283//255 1041//668 27//25 1042//668 
f 1043//668 27//25 31//29 
f 279//251 1043//668 31//29 1044//668 
f 275//248 1044//668 31//29 1045//668 
f 1046//668 31//29 35//32 
f 271//244 1046//668 35//32 1047//668 
f 1048//668 35//32 39//36 
f 267//241 1048//668 39//36 1049//668 
f 263//237 1049//668 39//36 1050//668 
f 1051//668 39//36 43//40 
f 259//233 1051//668 43//40 1052//668 
f 1053//668 43//40 47//44 
f 255//229 1053//668 47//44 1054//668 
f 1055//668 47//44 51//48 
f 251//225 1055//668 51//48 1056//668 
f 1057//668 51//48 55//52 
f 247//221 1057//668 55//52 1058//668 
f 1059//668 55//52 59//56 
f 243//217 1059//668 59//56 1060//668 
f 239//213 1060//668 59//56 1061//668 
f 1062//668 59//56 63//60 
f 235//209 1062//668 63//60 1063//668 
f 1064//668 63//60 67//64 
f 231//206 1064//668 67//64 1065//668 
f 1066//668 67//64 71//68 
f 227//203 1066//668 71//68 1067//668 
f 1068//668 71//68 75//72 
f 223//199 1068//668 75//72 1069//668 
f 1070//668 75//72 79//76 
f 219//195 1070//668 79//76 1071//668 
f 1072//668 79//76 83//80 
f 1073//668 83//80 87//84 
f 215//191 1073//668 87//84 1074//668 
f 1075//668 87//84 91//88 
f 1076//668 91//88 95//92 
f 1077//668 95//92 99//95 
f 1078//668 99//95 103//99 
f 211//189 1078//668 103//99 1079//668 
f 207//187 1079//668 103//99 1080//668 
f 107//102 1080//668 103//99 
# 540 polygons - 1080 triangles

