# 3ds Max Wavefront OBJ Exporter v0.97b - (c)2007 guruware
# File Created: 10.09.2020 19:00:37

#
# object Object003
#

v  45.8641 10.0000 -44.6496
v  45.1707 10.0000 -43.9937
v  45.4019 6.6667 -44.2123
v  45.1707 0.0000 -43.9937
v  45.8641 0.0000 -44.6496
v  45.6330 3.3333 -44.4310
v  46.5114 10.0000 -45.2181
v  46.0799 6.6667 -44.8391
v  46.5114 0.0000 -45.2181
v  46.2956 3.3333 -45.0286
v  47.1126 10.0000 -45.6991
v  46.7118 6.6667 -45.3784
v  47.1126 0.0000 -45.6991
v  46.9122 3.3333 -45.5387
v  47.6677 10.0000 -46.0926
v  47.2976 6.6667 -45.8303
v  47.6677 0.0000 -46.0926
v  47.4827 3.3333 -45.9614
v  48.1767 10.0000 -46.3987
v  47.8374 6.6667 -46.1947
v  48.1767 0.0000 -46.3987
v  48.0070 3.3333 -46.2967
v  48.6396 10.0000 -46.6174
v  48.3310 6.6667 -46.4716
v  48.6396 0.0000 -46.6174
v  48.4853 3.3333 -46.5445
v  49.0565 10.0000 -46.7485
v  48.7786 6.6667 -46.6611
v  49.0565 0.0000 -46.7485
v  48.9175 3.3333 -46.7048
v  49.4272 10.0000 -46.7923
v  49.1801 6.6667 -46.7631
v  49.4272 0.0000 -46.7923
v  49.3036 3.3333 -46.7777
v  49.8823 10.0000 -46.7396
v  49.5789 6.6667 -46.7747
v  49.8823 0.0000 -46.7396
v  49.7306 3.3333 -46.7572
v  50.2839 10.0000 -46.5817
v  50.0162 6.6667 -46.6870
v  50.2839 0.0000 -46.5817
v  50.1501 3.3333 -46.6343
v  50.6319 10.0000 -46.3185
v  50.3999 6.6667 -46.4940
v  50.6319 0.0000 -46.3185
v  50.5159 3.3333 -46.4062
v  50.9264 10.0000 -45.9500
v  50.7301 6.6667 -46.1957
v  50.9264 0.0000 -45.9500
v  50.8283 3.3333 -46.0728
v  51.1674 10.0000 -45.4762
v  51.0067 6.6667 -45.7921
v  51.1674 0.0000 -45.4762
v  51.0870 3.3333 -45.6342
v  51.3547 10.0000 -44.8972
v  51.2298 6.6667 -45.2832
v  51.3547 0.0000 -44.8972
v  51.2923 3.3333 -45.0902
v  51.4886 10.0000 -44.2128
v  51.3994 6.6667 -44.6691
v  51.4886 0.0000 -44.2128
v  51.4440 3.3333 -44.4410
v  51.5689 10.0000 -43.4232
v  51.5154 6.6667 -43.9496
v  51.5689 0.0000 -43.4232
v  51.5421 3.3333 -43.6864
v  51.5957 10.0000 -42.5283
v  51.5778 6.6667 -43.1249
v  51.5957 0.0000 -42.5283
v  51.5868 3.3333 -42.8266
v  51.5375 10.0000 -41.7881
v  51.5763 6.6667 -42.2816
v  51.5375 0.0000 -41.7881
v  51.5569 3.3333 -42.0348
v  51.3631 10.0000 -40.9559
v  51.4794 6.6667 -41.5107
v  51.3631 0.0000 -40.9559
v  51.4213 3.3333 -41.2333
v  51.0724 10.0000 -40.0317
v  51.2662 6.6667 -40.6478
v  51.0724 0.0000 -40.0317
v  51.1693 3.3333 -40.3398
v  50.6655 10.0000 -39.0157
v  50.9368 6.6667 -39.6930
v  50.6655 0.0000 -39.0157
v  50.8011 3.3333 -39.3544
v  50.1422 10.0000 -37.9077
v  50.4911 6.6667 -38.6464
v  50.1422 0.0000 -37.9077
v  50.3167 3.3333 -38.2770
v  49.5027 10.0000 -36.7078
v  49.9291 6.6667 -37.5077
v  49.5027 0.0000 -36.7078
v  49.7159 3.3333 -37.1078
v  48.7469 10.0000 -35.4159
v  49.2508 6.6667 -36.2772
v  48.7469 0.0000 -35.4159
v  48.9988 3.3333 -35.8466
v  47.8748 10.0000 -34.0322
v  48.4562 6.6667 -34.9547
v  47.8748 0.0000 -34.0322
v  48.1655 3.3333 -34.4934
v  46.8865 10.0000 -32.5565
v  47.5454 6.6667 -33.5403
v  46.8865 0.0000 -32.5565
v  47.2159 3.3333 -33.0484
v  46.0502 10.0000 -31.2964
v  46.6077 6.6667 -32.1365
v  46.0502 0.0000 -31.2964
v  46.3290 3.3333 -31.7164
v  45.3123 10.0000 -30.1045
v  45.8042 6.6667 -30.8991
v  45.3123 0.0000 -30.1045
v  45.5583 3.3333 -30.5018
v  44.6728 10.0000 -28.9807
v  45.0991 6.6667 -29.7299
v  44.6728 0.0000 -28.9807
v  44.8859 3.3333 -29.3553
v  44.1316 10.0000 -27.9250
v  44.4924 6.6667 -28.6288
v  44.1316 0.0000 -27.9250
v  44.3120 3.3333 -28.2769
v  43.6889 10.0000 -26.9375
v  43.9841 6.6667 -27.5959
v  43.6889 0.0000 -26.9375
v  43.8365 3.3333 -27.2667
v  43.3445 10.0000 -26.0182
v  43.5741 6.6667 -26.6311
v  43.3445 0.0000 -26.0182
v  43.4593 3.3333 -26.3246
v  43.0986 10.0000 -25.1669
v  43.2625 6.6667 -25.7344
v  43.0986 0.0000 -25.1669
v  43.1805 3.3333 -25.4507
v  42.9510 10.0000 -24.3838
v  43.0494 6.6667 -24.9059
v  42.9510 0.0000 -24.3838
v  43.0002 3.3333 -24.6449
v  42.9018 10.0000 -23.6689
v  42.9346 6.6667 -24.1455
v  42.9018 0.0000 -23.6689
v  42.9182 3.3333 -23.9072
v  42.9018 10.0000 -12.0166
v  42.9018 6.6667 -19.7848
v  42.9018 0.0000 -12.0166
v  42.9018 3.3333 -15.9007
v  36.9448 10.0000 -12.0166
v  40.9161 6.6667 -12.0166
v  36.9448 0.0000 -12.0166
v  38.9305 3.3333 -12.0166
v  36.9448 10.0000 -5.2547
v  36.9448 6.6667 -9.7626
v  36.9448 0.0000 -5.2547
v  36.9448 3.3333 -7.5087
v  62.0128 10.0000 -5.2547
v  45.3008 6.6667 -5.2547
v  62.0128 0.0000 -5.2547
v  53.6568 3.3333 -5.2547
v  64.6246 10.0000 -5.3769
v  62.8834 6.6667 -5.2954
v  64.6246 0.0000 -5.3769
v  63.7540 3.3333 -5.3361
v  66.9292 10.0000 -5.7434
v  65.3928 6.6667 -5.4990
v  66.9292 0.0000 -5.7434
v  66.1610 3.3333 -5.6212
v  68.9265 10.0000 -6.3543
v  67.5949 6.6667 -5.9470
v  68.9265 0.0000 -6.3543
v  68.2607 3.3333 -6.1507
v  70.6165 10.0000 -7.2095
v  69.4898 6.6667 -6.6394
v  70.6165 0.0000 -7.2095
v  70.0531 3.3333 -6.9244
v  71.9992 10.0000 -8.3091
v  71.0774 6.6667 -7.5761
v  71.9992 0.0000 -8.3091
v  71.5383 3.3333 -7.9426
v  73.0747 10.0000 -9.6531
v  72.3577 6.6667 -8.7571
v  73.0747 0.0000 -9.6531
v  72.7162 3.3333 -9.2051
v  73.8429 10.0000 -11.2414
v  73.3308 6.6667 -10.1825
v  73.8429 0.0000 -11.2414
v  73.5868 3.3333 -10.7119
v  74.3038 10.0000 -13.0740
v  73.9965 6.6667 -11.8523
v  74.3038 0.0000 -13.0740
v  74.1502 3.3333 -12.4632
v  74.4574 10.0000 -15.1511
v  74.3550 6.6667 -13.7664
v  74.4574 0.0000 -15.1511
v  74.4062 3.3333 -14.4587
v  74.4574 10.0000 -54.6812
v  74.4574 6.6667 -28.3278
v  74.4574 0.0000 -54.6812
v  74.4574 3.3333 -41.5045
v  64.6366 10.0000 -54.6812
v  71.1838 6.6667 -54.6812
v  64.6366 0.0000 -54.6812
v  67.9102 3.3333 -54.6812
v  64.6366 10.0000 -16.4642
v  64.6366 6.6667 -41.9422
v  64.6366 0.0000 -16.4642
v  64.6366 3.3333 -29.2032
v  64.5795 10.0000 -15.5308
v  64.6175 6.6667 -16.1530
v  64.5795 0.0000 -15.5308
v  64.5985 3.3333 -15.8419
v  64.4085 10.0000 -14.7071
v  64.5225 6.6667 -15.2562
v  64.4085 0.0000 -14.7071
v  64.4655 3.3333 -14.9817
v  64.1234 10.0000 -13.9933
v  64.3134 6.6667 -14.4692
v  64.1234 0.0000 -13.9933
v  64.2184 3.3333 -14.2313
v  63.7242 10.0000 -13.3893
v  63.9903 6.6667 -13.7920
v  63.7242 0.0000 -13.3893
v  63.8573 3.3333 -13.5907
v  63.2110 10.0000 -12.8952
v  63.5532 6.6667 -13.2246
v  63.2110 0.0000 -12.8952
v  63.3821 3.3333 -13.0599
v  62.5838 10.0000 -12.5108
v  63.0020 6.6667 -12.7670
v  62.5838 0.0000 -12.5108
v  62.7929 3.3333 -12.6389
v  61.8426 10.0000 -12.2362
v  62.3367 6.6667 -12.4193
v  61.8426 0.0000 -12.2362
v  62.0897 3.3333 -12.3278
v  60.9873 10.0000 -12.0715
v  61.5575 6.6667 -12.1813
v  60.9873 0.0000 -12.0715
v  61.2724 3.3333 -12.1264
v  60.0179 10.0000 -12.0166
v  60.6642 6.6667 -12.0532
v  60.0179 0.0000 -12.0166
v  60.3410 3.3333 -12.0349
v  52.7227 10.0000 -12.0166
v  57.5862 6.6667 -12.0166
v  52.7227 0.0000 -12.0166
v  55.1544 3.3333 -12.0166
v  52.7227 10.0000 -23.2035
v  52.7227 6.6667 -15.7456
v  52.7227 0.0000 -23.2035
v  52.7227 3.3333 -19.4745
v  52.7687 10.0000 -24.0026
v  52.7380 6.6667 -23.4699
v  52.7687 0.0000 -24.0026
v  52.7534 3.3333 -23.7362
v  52.9069 10.0000 -24.8760
v  52.8148 6.6667 -24.2937
v  52.9069 0.0000 -24.8760
v  52.8608 3.3333 -24.5848
v  53.1372 10.0000 -25.8236
v  52.9837 6.6667 -25.1918
v  53.1372 0.0000 -25.8236
v  53.0604 3.3333 -25.5077
v  53.4596 10.0000 -26.8456
v  53.2447 6.6667 -26.1643
v  53.4596 0.0000 -26.8456
v  53.3521 3.3333 -26.5049
v  53.8741 10.0000 -27.9418
v  53.5978 6.6667 -27.2110
v  53.8741 0.0000 -27.9418
v  53.7359 3.3333 -27.5764
v  54.3807 10.0000 -29.1124
v  54.0430 6.6667 -28.3320
v  54.3807 0.0000 -29.1124
v  54.2119 3.3333 -28.7222
v  54.9795 10.0000 -30.3572
v  54.5803 6.6667 -29.5273
v  54.9795 0.0000 -30.3572
v  54.7799 3.3333 -29.9422
v  55.6703 10.0000 -31.6763
v  55.2098 6.6667 -30.7969
v  55.6703 0.0000 -31.6763
v  55.4401 3.3333 -31.2366
v  56.4533 10.0000 -33.0697
v  55.9313 6.6667 -32.1407
v  56.4533 0.0000 -33.0697
v  56.1923 3.3333 -32.6052
v  57.0895 10.0000 -34.2465
v  56.6654 6.6667 -33.4620
v  57.0895 0.0000 -34.2465
v  56.8775 3.3333 -33.8542
v  57.6509 10.0000 -35.4516
v  57.2766 6.6667 -34.6482
v  57.6509 0.0000 -35.4516
v  57.4637 3.3333 -35.0499
v  58.1374 10.0000 -36.6849
v  57.8130 6.6667 -35.8627
v  58.1374 0.0000 -36.6849
v  57.9752 3.3333 -36.2738
v  58.5490 10.0000 -37.9463
v  58.2746 6.6667 -37.1054
v  58.5490 0.0000 -37.9463
v  58.4118 3.3333 -37.5258
v  58.8858 10.0000 -39.2360
v  58.6613 6.6667 -38.3762
v  58.8858 0.0000 -39.2360
v  58.7736 3.3333 -38.8061
v  59.1478 10.0000 -40.5539
v  58.9732 6.6667 -39.6753
v  59.1478 0.0000 -40.5539
v  59.0605 3.3333 -40.1146
v  59.3349 10.0000 -41.8999
v  59.2102 6.6667 -41.0025
v  59.3349 0.0000 -41.8999
v  59.2725 3.3333 -41.4512
v  59.4472 10.0000 -43.2742
v  59.3723 6.6667 -42.3580
v  59.4472 0.0000 -43.2742
v  59.4098 3.3333 -42.8161
v  59.4846 10.0000 -44.6766
v  59.4597 6.6667 -43.7417
v  59.4846 0.0000 -44.6766
v  59.4721 3.3333 -44.2092
v  59.4562 10.0000 -45.4255
v  59.4752 6.6667 -44.9263
v  59.4562 0.0000 -45.4255
v  59.4657 3.3333 -45.1759
v  59.3712 10.0000 -46.1752
v  59.4279 6.6667 -45.6754
v  59.3712 0.0000 -46.1752
v  59.3995 3.3333 -45.9253
v  59.2294 10.0000 -46.9256
v  59.3239 6.6667 -46.4253
v  59.2294 0.0000 -46.9256
v  59.2767 3.3333 -46.6755
v  59.0309 10.0000 -47.6767
v  59.1632 6.6667 -47.1760
v  59.0309 0.0000 -47.6767
v  59.0971 3.3333 -47.4264
v  58.7757 10.0000 -48.4286
v  58.9459 6.6667 -47.9274
v  58.7757 0.0000 -48.4286
v  58.8608 3.3333 -48.1780
v  58.4638 10.0000 -49.1812
v  58.6718 6.6667 -48.6795
v  58.4638 0.0000 -49.1812
v  58.5678 3.3333 -48.9304
v  58.0952 10.0000 -49.9346
v  58.3410 6.6667 -49.4324
v  58.0952 0.0000 -49.9346
v  58.2181 3.3333 -49.6835
v  57.6699 10.0000 -50.6887
v  57.9535 6.6667 -50.1860
v  57.6699 0.0000 -50.6887
v  57.8117 3.3333 -50.4374
v  57.1879 10.0000 -51.4436
v  57.5092 6.6667 -50.9404
v  57.1879 0.0000 -51.4436
v  57.3486 3.3333 -51.1920
v  56.6617 10.0000 -52.1569
v  57.0125 6.6667 -51.6814
v  56.6617 0.0000 -52.1569
v  56.8371 3.3333 -51.9191
v  56.1039 10.0000 -52.7863
v  56.4757 6.6667 -52.3667
v  56.1039 0.0000 -52.7863
v  56.2898 3.3333 -52.5765
v  55.5144 10.0000 -53.3317
v  55.9074 6.6667 -52.9681
v  55.5144 0.0000 -53.3317
v  55.7109 3.3333 -53.1499
v  54.8934 10.0000 -53.7932
v  55.3074 6.6667 -53.4855
v  54.8934 0.0000 -53.7932
v  55.1004 3.3333 -53.6394
v  54.2407 10.0000 -54.1709
v  54.6758 6.6667 -53.9191
v  54.2407 0.0000 -54.1709
v  54.4583 3.3333 -54.0450
v  53.5564 10.0000 -54.4646
v  54.0126 6.6667 -54.2688
v  53.5564 0.0000 -54.4646
v  53.7845 3.3333 -54.3667
v  52.8406 10.0000 -54.6744
v  53.3178 6.6667 -54.5345
v  52.8406 0.0000 -54.6744
v  53.0792 3.3333 -54.6044
v  52.0931 10.0000 -54.8002
v  52.5914 6.6667 -54.7163
v  52.0931 0.0000 -54.8002
v  52.3422 3.3333 -54.7583
v  51.3139 10.0000 -54.8422
v  51.8334 6.6667 -54.8142
v  51.3139 0.0000 -54.8422
v  51.5737 3.3333 -54.8282
v  50.3967 10.0000 -54.7877
v  51.0082 6.6667 -54.8240
v  50.3967 0.0000 -54.7877
v  50.7024 3.3333 -54.8058
v  49.5264 10.0000 -54.6242
v  50.1066 6.6667 -54.7332
v  49.5264 0.0000 -54.6242
v  49.8165 3.3333 -54.6787
v  48.7033 10.0000 -54.3516
v  49.2521 6.6667 -54.5333
v  48.7033 0.0000 -54.3516
v  48.9777 3.3333 -54.4425
v  47.9273 10.0000 -53.9701
v  48.4446 6.6667 -54.2245
v  47.9273 0.0000 -53.9701
v  48.1859 3.3333 -54.0973
v  47.1983 10.0000 -53.4796
v  47.6843 6.6667 -53.8066
v  47.1983 0.0000 -53.4796
v  47.4413 3.3333 -53.6431
v  46.5164 10.0000 -52.8800
v  46.9710 6.6667 -53.2797
v  46.5164 0.0000 -52.8800
v  46.7437 3.3333 -53.0799
v  45.8816 10.0000 -52.1715
v  46.3048 6.6667 -52.6438
v  45.8816 0.0000 -52.1715
v  46.0932 3.3333 -52.4076
v  45.2939 10.0000 -51.3539
v  45.6857 6.6667 -51.8989
v  45.2939 0.0000 -51.3539
v  45.4898 3.3333 -51.6264
v  44.7533 10.0000 -50.4273
v  45.1137 6.6667 -51.0450
v  44.7533 0.0000 -50.4273
v  44.9335 3.3333 -50.7362
v  44.0771 10.0000 -51.3539
v  44.5279 6.6667 -50.7362
v  44.0771 0.0000 -51.3539
v  44.3025 3.3333 -51.0450
v  43.3579 10.0000 -52.1715
v  43.8374 6.6667 -51.6264
v  43.3579 0.0000 -52.1715
v  43.5977 3.3333 -51.8989
v  42.5957 10.0000 -52.8800
v  43.1039 6.6667 -52.4076
v  42.5957 0.0000 -52.8800
v  42.8498 3.3333 -52.6438
v  41.7904 10.0000 -53.4796
v  42.3273 6.6667 -53.0799
v  41.7904 0.0000 -53.4796
v  42.0589 3.3333 -53.2797
v  40.9421 10.0000 -53.9701
v  41.5077 6.6667 -53.6431
v  40.9421 0.0000 -53.9701
v  41.2249 3.3333 -53.8066
v  40.0508 10.0000 -54.3516
v  40.6450 6.6667 -54.0973
v  40.0508 0.0000 -54.3516
v  40.3479 3.3333 -54.2245
v  39.1164 10.0000 -54.6242
v  39.7393 6.6667 -54.4425
v  39.1164 0.0000 -54.6242
v  39.4278 3.3333 -54.5333
v  38.1389 10.0000 -54.7877
v  38.7906 6.6667 -54.6787
v  38.1389 0.0000 -54.7877
v  38.4647 3.3333 -54.7332
v  37.1184 10.0000 -54.8422
v  37.7988 6.6667 -54.8059
v  37.1184 0.0000 -54.8422
v  37.4586 3.3333 -54.8240
v  36.0366 10.0000 -54.7814
v  36.7578 6.6667 -54.8219
v  36.0366 0.0000 -54.7814
v  36.3972 3.3333 -54.8017
v  35.0082 10.0000 -54.5990
v  35.6938 6.6667 -54.7206
v  35.0082 0.0000 -54.5990
v  35.3510 3.3333 -54.6598
v  34.0332 10.0000 -54.2950
v  34.6832 6.6667 -54.4977
v  34.0332 0.0000 -54.2950
v  34.3582 3.3333 -54.3964
v  33.1116 10.0000 -53.8695
v  33.7260 6.6667 -54.1532
v  33.1116 0.0000 -53.8695
v  33.4188 3.3333 -54.0113
v  32.2434 10.0000 -53.3223
v  32.8222 6.6667 -53.6871
v  32.2434 0.0000 -53.3223
v  32.5328 3.3333 -53.5047
v  31.4287 10.0000 -52.6536
v  31.9719 6.6667 -53.0994
v  31.4287 0.0000 -52.6536
v  31.7003 3.3333 -52.8765
v  30.6674 10.0000 -51.8633
v  31.1749 6.6667 -52.3902
v  30.6674 0.0000 -51.8633
v  30.9211 3.3333 -52.1267
v  29.9595 10.0000 -50.9514
v  30.4314 6.6667 -51.5593
v  29.9595 0.0000 -50.9514
v  30.1954 3.3333 -51.2554
v  29.3050 10.0000 -49.9179
v  29.7413 6.6667 -50.6069
v  29.3050 0.0000 -49.9179
v  29.5231 3.3333 -50.2624
v  28.7121 10.0000 -48.8173
v  29.1073 6.6667 -49.5510
v  28.7121 0.0000 -48.8173
v  28.9097 3.3333 -49.1841
v  28.1889 10.0000 -47.7039
v  28.5377 6.6667 -48.4461
v  28.1889 0.0000 -47.7039
v  28.3633 3.3333 -48.0750
v  27.7355 10.0000 -46.5779
v  28.0378 6.6667 -47.3286
v  27.7355 0.0000 -46.5779
v  27.8866 3.3333 -46.9532
v  27.3519 10.0000 -45.4391
v  27.6076 6.6667 -46.1983
v  27.3519 0.0000 -45.4391
v  27.4797 3.3333 -45.8187
v  27.0380 10.0000 -44.2877
v  27.2472 6.6667 -45.0553
v  27.0380 0.0000 -44.2877
v  27.1426 3.3333 -44.6715
v  26.7938 10.0000 -43.1235
v  26.9566 6.6667 -43.8996
v  26.7938 0.0000 -43.1235
v  26.8752 3.3333 -43.5116
v  26.6195 10.0000 -41.9467
v  26.7357 6.6667 -42.7313
v  26.6195 0.0000 -41.9467
v  26.6776 3.3333 -42.3390
v  26.5148 10.0000 -40.7571
v  26.5846 6.6667 -41.5502
v  26.5148 0.0000 -40.7571
v  26.5497 3.3333 -41.1537
v  26.4799 10.0000 -39.5549
v  26.5032 6.6667 -40.3564
v  26.4799 0.0000 -39.5549
v  26.4916 3.3333 -39.9556
v  26.5842 10.0000 -37.4245
v  26.5147 6.6667 -38.8448
v  26.5842 0.0000 -37.4245
v  26.5494 3.3333 -38.1347
v  26.8968 10.0000 -35.5448
v  26.6884 6.6667 -36.7980
v  26.8968 0.0000 -35.5448
v  26.7926 3.3333 -36.1714
v  27.4180 10.0000 -33.9157
v  27.0706 6.6667 -35.0018
v  27.4180 0.0000 -33.9157
v  27.2443 3.3333 -34.4588
v  28.1476 10.0000 -32.5373
v  27.6612 6.6667 -33.4563
v  28.1476 0.0000 -32.5373
v  27.9044 3.3333 -32.9968
v  29.0856 10.0000 -31.4095
v  28.4602 6.6667 -32.1614
v  29.0856 0.0000 -31.4095
v  28.7729 3.3333 -31.7854
v  30.2321 10.0000 -30.5323
v  29.4678 6.6667 -31.1171
v  30.2321 0.0000 -30.5323
v  29.8499 3.3333 -30.8247
v  31.5870 10.0000 -29.9057
v  30.6837 6.6667 -30.3234
v  31.5870 0.0000 -29.9057
v  31.1354 3.3333 -30.1146
v  33.1504 10.0000 -29.5298
v  32.1082 6.6667 -29.7804
v  33.1504 0.0000 -29.5298
v  32.6293 3.3333 -29.6551
v  34.9223 10.0000 -29.4044
v  33.7411 6.6667 -29.4880
v  34.9223 0.0000 -29.4044
v  34.3317 3.3333 -29.4462
v  36.5294 10.0000 -29.5051
v  35.4580 6.6667 -29.4380
v  36.5294 0.0000 -29.5051
v  35.9937 3.3333 -29.4715
v  37.9475 10.0000 -29.8069
v  37.0021 6.6667 -29.6057
v  37.9475 0.0000 -29.8069
v  37.4748 3.3333 -29.7063
v  39.1765 10.0000 -30.3101
v  38.3571 6.6667 -29.9746
v  39.1765 0.0000 -30.3101
v  38.7668 3.3333 -30.1424
v  40.2164 10.0000 -31.0144
v  39.5231 6.6667 -30.5448
v  40.2164 0.0000 -31.0144
v  39.8697 3.3333 -30.7796
v  41.0672 10.0000 -31.9200
v  40.5000 6.6667 -31.3163
v  41.0672 0.0000 -31.9200
v  40.7836 3.3333 -31.6182
v  41.7290 10.0000 -33.0269
v  41.2878 6.6667 -32.2890
v  41.7290 0.0000 -33.0269
v  41.5084 3.3333 -32.6580
v  42.2016 10.0000 -34.3350
v  41.8865 6.6667 -33.4629
v  42.2016 0.0000 -34.3350
v  42.0441 3.3333 -33.8990
v  42.4853 10.0000 -35.8444
v  42.2962 6.6667 -34.8381
v  42.4853 0.0000 -35.8444
v  42.3907 3.3333 -35.3413
v  42.5798 10.0000 -37.5550
v  42.5168 6.6667 -36.4146
v  42.5798 0.0000 -37.5550
v  42.5483 3.3333 -36.9848
v  42.4764 10.0000 -39.1896
v  42.5453 6.6667 -38.0998
v  42.4764 0.0000 -39.1896
v  42.5109 3.3333 -38.6447
v  42.1664 10.0000 -40.6318
v  42.3731 6.6667 -39.6703
v  42.1664 0.0000 -40.6318
v  42.2697 3.3333 -40.1511
v  41.6496 10.0000 -41.8818
v  41.9941 6.6667 -41.0485
v  41.6496 0.0000 -41.8818
v  41.8218 3.3333 -41.4652
v  40.9261 10.0000 -42.9395
v  41.4084 6.6667 -42.2344
v  40.9261 0.0000 -42.9395
v  41.1672 3.3333 -42.5869
v  39.9959 10.0000 -43.8049
v  40.6160 6.6667 -43.2279
v  39.9959 0.0000 -43.8049
v  40.3059 3.3333 -43.5164
v  38.8589 10.0000 -44.4779
v  39.6169 6.6667 -44.0292
v  38.8589 0.0000 -44.4779
v  39.2379 3.3333 -44.2536
v  37.5153 10.0000 -44.9587
v  38.4110 6.6667 -44.6382
v  37.5153 0.0000 -44.9587
v  37.9632 3.3333 -44.7984
v  35.9649 10.0000 -45.2471
v  36.9985 6.6667 -45.0548
v  35.9649 0.0000 -45.2471
v  36.4817 3.3333 -45.1510
v  34.2079 10.0000 -45.3433
v  35.3792 6.6667 -45.2792
v  34.2079 0.0000 -45.3433
v  34.7936 3.3333 -45.3112
v  34.2477 10.0000 -46.0191
v  34.2211 6.6667 -45.5685
v  34.2477 0.0000 -46.0191
v  34.2344 3.3333 -45.7938
v  34.3672 10.0000 -46.6154
v  34.2876 6.6667 -46.2178
v  34.3672 0.0000 -46.6154
v  34.3274 3.3333 -46.4166
v  34.5665 10.0000 -47.1322
v  34.4337 6.6667 -46.7876
v  34.5665 0.0000 -47.1322
v  34.5001 3.3333 -46.9599
v  34.8454 10.0000 -47.5694
v  34.6595 6.6667 -47.2779
v  34.8454 0.0000 -47.5694
v  34.7524 3.3333 -47.4237
v  35.2040 10.0000 -47.9272
v  34.9649 6.6667 -47.6887
v  35.2040 0.0000 -47.9272
v  35.0845 3.3333 -47.8079
v  35.6423 10.0000 -48.2055
v  35.3501 6.6667 -48.0200
v  35.6423 0.0000 -48.2055
v  35.4962 3.3333 -48.1127
v  36.1603 10.0000 -48.4042
v  35.8150 6.6667 -48.2717
v  36.1603 0.0000 -48.4042
v  35.9876 3.3333 -48.3380
v  36.7580 10.0000 -48.5235
v  36.3595 6.6667 -48.4440
v  36.7580 0.0000 -48.5235
v  36.5588 3.3333 -48.4837
v  37.4354 10.0000 -48.5632
v  36.9838 6.6667 -48.5368
v  37.4354 0.0000 -48.5632
v  37.2096 3.3333 -48.5500
v  38.3014 10.0000 -48.4977
v  37.7241 6.6667 -48.5414
v  38.3014 0.0000 -48.4977
v  38.0127 3.3333 -48.5195
v  39.1452 10.0000 -48.3009
v  38.5827 6.6667 -48.4321
v  39.1452 0.0000 -48.3009
v  38.8640 3.3333 -48.3665
v  39.9669 10.0000 -47.9729
v  39.4191 6.6667 -48.1916
v  39.9669 0.0000 -47.9729
v  39.6930 3.3333 -48.0822
v  40.7664 10.0000 -47.5138
v  40.2334 6.6667 -47.8199
v  40.7664 0.0000 -47.5138
v  40.4999 3.3333 -47.6668
v  41.5437 10.0000 -46.9235
v  41.0255 6.6667 -47.3170
v  41.5437 0.0000 -46.9235
v  41.2846 3.3333 -47.1202
v  42.2989 10.0000 -46.2019
v  41.7954 6.6667 -46.6830
v  42.2989 0.0000 -46.2019
v  42.0472 3.3333 -46.4424
v  43.0318 10.0000 -45.3492
v  42.5432 6.6667 -45.9177
v  43.0318 0.0000 -45.3492
v  42.7875 3.3333 -45.6335
v  43.7426 10.0000 -44.3654
v  43.2688 6.6667 -45.0213
v  43.7426 0.0000 -44.3654
v  43.5057 3.3333 -44.6933
v  44.4313 10.0000 -43.2503
v  43.9722 6.6667 -43.9937
v  44.4313 0.0000 -43.2503
v  44.2017 3.3333 -43.6220
v  44.6777 6.6667 -43.4981
v  44.9242 3.3333 -43.7459
v  36.1571 10.0000 -41.4460
v  35.5217 10.0000 -41.5917
v  35.7335 6.6667 -41.5432
v  35.5217 0.0000 -41.5917
v  36.1571 0.0000 -41.4460
v  35.9453 3.3333 -41.4946
v  36.7078 10.0000 -41.2032
v  36.3407 6.6667 -41.3651
v  36.7078 0.0000 -41.2032
v  36.5243 3.3333 -41.2841
v  37.1738 10.0000 -40.8632
v  36.8631 6.6667 -41.0898
v  37.1738 0.0000 -40.8632
v  37.0185 3.3333 -40.9765
v  37.5551 10.0000 -40.4260
v  37.3009 6.6667 -40.7174
v  37.5551 0.0000 -40.4260
v  37.4280 3.3333 -40.5717
v  37.8516 10.0000 -39.8917
v  37.6539 6.6667 -40.2479
v  37.8516 0.0000 -39.8917
v  37.7527 3.3333 -40.0698
v  38.0634 10.0000 -39.2603
v  37.9222 6.6667 -39.6812
v  38.0634 0.0000 -39.2603
v  37.9928 3.3333 -39.4707
v  38.1905 10.0000 -38.5317
v  38.1058 6.6667 -39.0174
v  38.1905 0.0000 -38.5317
v  38.1481 3.3333 -38.7745
v  38.2328 10.0000 -37.7059
v  38.2046 6.6667 -38.2564
v  38.2328 0.0000 -37.7059
v  38.2187 3.3333 -37.9812
v  38.1905 10.0000 -36.8422
v  38.2187 6.6667 -37.4180
v  38.1905 0.0000 -36.8422
v  38.2046 3.3333 -37.1301
v  38.0634 10.0000 -36.0800
v  38.1481 6.6667 -36.5881
v  38.0634 0.0000 -36.0800
v  38.1058 3.3333 -36.3341
v  37.8516 10.0000 -35.4195
v  37.9928 6.6667 -35.8599
v  37.8516 0.0000 -35.4195
v  37.9222 3.3333 -35.6397
v  37.5550 10.0000 -34.8606
v  37.7527 6.6667 -35.2332
v  37.5550 0.0000 -34.8606
v  37.6539 3.3333 -35.0469
v  37.1738 10.0000 -34.4033
v  37.4280 6.6667 -34.7082
v  37.1738 0.0000 -34.4033
v  37.3009 3.3333 -34.5558
v  36.7078 10.0000 -34.0477
v  37.0185 6.6667 -34.2848
v  36.7078 0.0000 -34.0477
v  36.8631 3.3333 -34.1662
v  36.1571 10.0000 -33.7936
v  36.5242 6.6667 -33.9630
v  36.1571 0.0000 -33.7936
v  36.3407 3.3333 -33.8783
v  35.5217 10.0000 -33.6412
v  35.9453 6.6667 -33.7428
v  35.5217 0.0000 -33.6412
v  35.7335 3.3333 -33.6920
v  34.8015 10.0000 -33.5904
v  35.2816 6.6667 -33.6243
v  34.8015 0.0000 -33.5904
v  35.0416 3.3333 -33.6073
v  34.0687 10.0000 -33.6397
v  34.5573 6.6667 -33.6068
v  34.0687 0.0000 -33.6397
v  34.3130 3.3333 -33.6233
v  33.4221 10.0000 -33.7877
v  33.8532 6.6667 -33.6890
v  33.4221 0.0000 -33.7877
v  33.6377 3.3333 -33.7384
v  32.8617 10.0000 -34.0343
v  33.2353 6.6667 -33.8699
v  32.8617 0.0000 -34.0343
v  33.0485 3.3333 -33.9521
v  32.3876 10.0000 -34.3795
v  32.7037 6.6667 -34.1493
v  32.3876 0.0000 -34.3795
v  32.5456 3.3333 -34.2644
v  31.9996 10.0000 -34.8234
v  32.2582 6.6667 -34.5274
v  31.9996 0.0000 -34.8234
v  32.1289 3.3333 -34.6754
v  31.6979 10.0000 -35.3659
v  31.8990 6.6667 -35.0042
v  31.6979 0.0000 -35.3659
v  31.7984 3.3333 -35.1850
v  31.4823 10.0000 -36.0070
v  31.6260 6.6667 -35.5796
v  31.4823 0.0000 -36.0070
v  31.5542 3.3333 -35.7933
v  31.3530 10.0000 -36.7468
v  31.4392 6.6667 -36.2536
v  31.3530 0.0000 -36.7468
v  31.3961 3.3333 -36.5002
v  31.3099 10.0000 -37.5852
v  31.3386 6.6667 -37.0262
v  31.3099 0.0000 -37.5852
v  31.3243 3.3333 -37.3057
v  31.3530 10.0000 -38.4362
v  31.3243 6.6667 -37.8689
v  31.3530 0.0000 -38.4362
v  31.3386 3.3333 -38.1526
v  31.4823 10.0000 -39.1872
v  31.3961 6.6667 -38.6866
v  31.4823 0.0000 -39.1872
v  31.4392 3.3333 -38.9369
v  31.6979 10.0000 -39.8380
v  31.5542 6.6667 -39.4041
v  31.6979 0.0000 -39.8380
v  31.6260 3.3333 -39.6211
v  31.9996 10.0000 -40.3887
v  31.7984 6.6667 -40.0216
v  31.9996 0.0000 -40.3887
v  31.8990 3.3333 -40.2052
v  32.3876 10.0000 -40.8393
v  32.1289 6.6667 -40.5389
v  32.3876 0.0000 -40.8393
v  32.2582 3.3333 -40.6891
v  32.8617 10.0000 -41.1897
v  32.5456 6.6667 -40.9561
v  32.8617 0.0000 -41.1897
v  32.7037 3.3333 -41.0729
v  33.4221 10.0000 -41.4401
v  33.0485 6.6667 -41.2732
v  33.4221 0.0000 -41.4401
v  33.2353 3.3333 -41.3566
v  34.0687 10.0000 -41.5903
v  33.6377 6.6667 -41.4901
v  34.0687 0.0000 -41.5903
v  33.8532 3.3333 -41.5402
v  34.8015 10.0000 -41.6403
v  34.3130 6.6667 -41.6069
v  34.8015 0.0000 -41.6403
v  34.5573 3.3333 -41.6236
v  35.0416 6.6667 -41.6241
v  35.2816 3.3333 -41.6079
v  32.5272 0.0000 -45.6171
v  32.2653 0.0000 -44.3161
v  31.8629 0.0000 -44.1826
v  31.5181 0.0000 -43.9823
v  31.2307 0.0000 -43.7153
v  31.0008 0.0000 -43.3815
v  30.8284 0.0000 -42.9810
v  30.7134 0.0000 -42.5138
v  30.6560 0.0000 -41.9798
v  67.9102 0.0000 -41.9422
v  71.1838 0.0000 -28.7655
v  67.8912 0.0000 -15.7153
v  71.1136 0.0000 -14.5853
v  67.7639 0.0000 -14.4373
v  70.8517 0.0000 -13.0075
v  70.4420 0.0000 -11.8672
v  67.2022 0.0000 -12.7845
v  69.7324 0.0000 -10.6518
v  68.9130 0.0000 -9.8373
v  67.8888 0.0000 -9.1857
v  65.5914 0.0000 -11.2456
v  66.5266 0.0000 -8.4957
v  64.6215 0.0000 -10.6760
v  64.9216 0.0000 -8.0051
v  63.4732 0.0000 -10.2609
v  63.0737 0.0000 -7.7141
v  62.1464 0.0000 -10.0006
v  61.6142 0.0000 -9.8542
v  53.3150 0.0000 -7.5270
v  52.6500 0.0000 -9.7809
v  49.8951 0.0000 -9.7626
v  38.9305 0.0000 -9.7626
v  44.1898 0.0000 -9.7626
v  46.1754 0.0000 -15.9007
v  49.4490 0.0000 -19.6297
v  46.1918 0.0000 -23.7521
v  46.2574 0.0000 -24.2514
v  49.5300 0.0000 -24.1243
v  46.4039 0.0000 -25.0626
v  46.6007 0.0000 -25.6528
v  49.7882 0.0000 -25.2720
v  46.9091 0.0000 -26.5795
v  47.2371 0.0000 -27.2606
v  50.2390 0.0000 -26.5601
v  47.7074 0.0000 -28.3029
v  50.6364 0.0000 -27.5912
v  48.2740 0.0000 -29.4155
v  51.1280 0.0000 -28.6946
v  48.9369 0.0000 -30.5982
v  51.7138 0.0000 -29.8702
v  49.7140 0.0000 -31.9003
v  52.4117 0.0000 -31.1672
v  50.5337 0.0000 -33.2684
v  53.1322 0.0000 -32.4831
v  51.3067 0.0000 -34.6000
v  53.8755 0.0000 -33.8179
v  52.0328 0.0000 -35.8951
v  54.5617 0.0000 -35.0746
v  54.9609 0.0000 -35.8686
v  52.8195 0.0000 -37.4583
v  55.4846 0.0000 -37.0507
v  53.2918 0.0000 -38.5774
v  55.9196 0.0000 -38.2210
v  53.6615 0.0000 -39.6446
v  56.2660 0.0000 -39.3794
v  56.4656 0.0000 -40.2486
v  54.0162 0.0000 -41.0993
v  56.6734 0.0000 -41.4139
v  54.1561 0.0000 -42.0721
v  56.7926 0.0000 -42.5675
v  54.2039 0.0000 -43.0752
v  56.8336 0.0000 -43.7914
v  54.1807 0.0000 -44.1042
v  56.8098 0.0000 -44.7717
v  56.7720 0.0000 -45.2712
v  54.0715 0.0000 -45.0951
v  56.6518 0.0000 -45.9993
v  56.5384 0.0000 -46.4998
v  53.8510 0.0000 -46.0167
v  56.3247 0.0000 -47.1939
v  56.1357 0.0000 -47.6954
v  53.5192 0.0000 -46.8692
v  55.8285 0.0000 -48.3553
v  55.5639 0.0000 -48.8578
v  55.2614 0.0000 -49.3608
v  52.9154 0.0000 -47.9040
v  54.8272 0.0000 -49.9730
v  54.4658 0.0000 -50.4205
v  54.0834 0.0000 -50.8122
v  52.1434 0.0000 -48.7440
v  53.5639 0.0000 -51.2355
v  53.1393 0.0000 -51.5153
v  52.6937 0.0000 -51.7390
v  52.2270 0.0000 -51.9069
v  51.7392 0.0000 -52.0188
v  51.2303 0.0000 -52.0747
v  50.4934 0.0000 -49.3878
v  50.5310 0.0000 -52.1232
v  49.9352 0.0000 -52.0505
v  49.3707 0.0000 -51.9051
v  48.8376 0.0000 -51.6871
v  49.0789 0.0000 -49.1673
v  48.1843 0.0000 -51.4140
v  47.7140 0.0000 -51.0506
v  47.2751 0.0000 -50.6146
v  48.1218 0.0000 -48.5708
v  46.7440 0.0000 -50.0913
v  47.6633 0.0000 -48.2399
v  46.2289 0.0000 -49.4662
v  47.1899 0.0000 -47.8145
v  46.8659 0.0000 -47.6395
v  46.5112 0.0000 -47.4063
v  46.1257 0.0000 -47.1148
v  44.4482 0.0000 -43.8698
v  44.9258 0.0000 -44.3362
v  44.2129 0.0000 -44.7881
v  45.1358 0.0000 -45.0723
v  43.9474 0.0000 -45.5898
v  43.4513 0.0000 -46.1145
v  42.9405 0.0000 -46.5518
v  44.0103 0.0000 -47.7197
v  43.1989 0.0000 -49.7650
v  41.6035 0.0000 -48.9469
v  42.4673 0.0000 -50.4994
v  41.9735 0.0000 -51.0081
v  40.5693 0.0000 -49.7179
v  41.1771 0.0000 -51.5535
v  40.6259 0.0000 -51.9169
v  39.4629 0.0000 -50.2562
v  39.7648 0.0000 -52.2731
v  39.1562 0.0000 -52.4911
v  38.2844 0.0000 -50.5617
v  38.2302 0.0000 -52.6584
v  37.5642 0.0000 -52.7310
v  37.1039 0.0000 -50.6430
v  36.6377 0.0000 -52.7157
v  35.9343 0.0000 -52.6346
v  35.9755 0.0000 -50.5089
v  35.0672 0.0000 -52.4328
v  35.2786 0.0000 -50.3016
v  34.2624 0.0000 -52.1233
v  33.6658 0.0000 -51.7991
v  34.3633 0.0000 -49.8183
v  32.9587 0.0000 -51.3011
v  32.4334 0.0000 -50.8147
v  33.5723 0.0000 -49.1200
v  31.8241 0.0000 -50.1280
v  33.1238 0.0000 -48.5510
v  31.2770 0.0000 -49.3338
v  32.7462 0.0000 -47.8885
v  32.6400 0.0000 -47.5174
v  32.5868 0.0000 -47.0934
v  34.3594 0.0000 -42.8580
v  34.8437 0.0000 -42.8584
v  35.2315 0.0000 -44.0607
v  35.8812 0.0000 -42.7616
v  36.5458 0.0000 -43.8839
v  36.7934 0.0000 -42.5360
v  37.6940 0.0000 -43.5466
v  37.5802 0.0000 -42.1814
v  38.6762 0.0000 -43.0486
v  38.2416 0.0000 -41.6980
v  39.4923 0.0000 -42.3901
v  38.7776 0.0000 -41.0857
v  40.1424 0.0000 -41.5710
v  39.1882 0.0000 -40.3446
v  40.6264 0.0000 -40.5913
v  39.4734 0.0000 -39.4746
v  40.9444 0.0000 -39.4510
v  39.6332 0.0000 -38.4757
v  41.0964 0.0000 -38.1502
v  39.6677 0.0000 -37.3677
v  41.0852 0.0000 -36.7472
v  39.5797 0.0000 -36.2555
v  40.9168 0.0000 -35.4198
v  39.3722 0.0000 -35.2782
v  40.5941 0.0000 -34.2605
v  39.0452 0.0000 -34.4357
v  40.1171 0.0000 -33.2692
v  38.5987 0.0000 -33.7280
v  39.4858 0.0000 -32.4459
v  38.0327 0.0000 -33.1552
v  38.7002 0.0000 -31.7907
v  37.9439 0.0000 -31.3882
v  36.9375 0.0000 -32.5494
v  36.8780 0.0000 -31.0352
v  36.0694 0.0000 -32.3133
v  35.6176 0.0000 -32.2456
v  35.4178 0.0000 -30.8333
v  34.5975 0.0000 -32.2115
v  34.0472 0.0000 -30.8580
v  33.5471 0.0000 -32.3190
v  32.7199 0.0000 -31.0744
v  32.6236 0.0000 -32.5759
v  31.5603 0.0000 -31.4907
v  31.8271 0.0000 -32.9820
v  30.5684 0.0000 -32.1071
v  31.1576 0.0000 -33.5374
v  29.7443 0.0000 -32.9234
v  30.6150 0.0000 -34.2422
v  29.0878 0.0000 -33.9396
v  30.1994 0.0000 -35.0962
v  28.5991 0.0000 -35.1559
v  29.9107 0.0000 -36.0995
v  29.8532 0.0000 -36.6256
v  28.2636 0.0000 -36.8515
v  28.1247 0.0000 -38.1882
v  28.1016 0.0000 -39.2991
v  28.1481 0.0000 -40.0963
v  28.2411 0.0000 -40.8851
v  28.3806 0.0000 -41.6655
v  28.5666 0.0000 -42.4373
v  28.7991 0.0000 -43.2007
v  29.0781 0.0000 -43.9557
v  29.4036 0.0000 -44.7021
v  29.7756 0.0000 -45.4401
v  44.4482 10.0000 -43.8698
v  44.9258 10.0000 -44.3362
v  44.2129 10.0000 -44.7881
v  45.1358 10.0000 -45.0723
v  43.9474 10.0000 -45.5898
v  43.4513 10.0000 -46.1145
v  42.9405 10.0000 -46.5518
v  38.9305 10.0000 -9.7626
v  67.9102 10.0000 -41.9422
v  71.1838 10.0000 -28.7655
v  67.8912 10.0000 -15.7153
v  71.1136 10.0000 -14.5853
v  67.7639 10.0000 -14.4373
v  70.8517 10.0000 -13.0075
v  70.4420 10.0000 -11.8672
v  67.2022 10.0000 -12.7845
v  69.7324 10.0000 -10.6518
v  68.9130 10.0000 -9.8373
v  67.8888 10.0000 -9.1857
v  65.5914 10.0000 -11.2456
v  66.5266 10.0000 -8.4957
v  64.6215 10.0000 -10.6760
v  64.9216 10.0000 -8.0051
v  63.4732 10.0000 -10.2609
v  63.0737 10.0000 -7.7141
v  62.1464 10.0000 -10.0006
v  61.6142 10.0000 -9.8542
v  53.3150 10.0000 -7.5270
v  52.6500 10.0000 -9.7809
v  49.8951 10.0000 -9.7626
v  44.1898 10.0000 -9.7626
v  46.1754 10.0000 -15.9007
v  49.4490 10.0000 -19.6297
v  46.1918 10.0000 -23.7521
v  46.2574 10.0000 -24.2514
v  49.5300 10.0000 -24.1243
v  46.4039 10.0000 -25.0626
v  46.6007 10.0000 -25.6528
v  49.7882 10.0000 -25.2720
v  46.9091 10.0000 -26.5795
v  47.2371 10.0000 -27.2606
v  50.2390 10.0000 -26.5601
v  47.7074 10.0000 -28.3029
v  50.6364 10.0000 -27.5912
v  48.2740 10.0000 -29.4155
v  51.1280 10.0000 -28.6946
v  48.9369 10.0000 -30.5982
v  51.7138 10.0000 -29.8702
v  49.7140 10.0000 -31.9003
v  52.4117 10.0000 -31.1672
v  50.5337 10.0000 -33.2684
v  53.1322 10.0000 -32.4831
v  51.3067 10.0000 -34.6000
v  53.8755 10.0000 -33.8179
v  52.0328 10.0000 -35.8951
v  54.5617 10.0000 -35.0746
v  54.9609 10.0000 -35.8686
v  52.8195 10.0000 -37.4583
v  55.4846 10.0000 -37.0507
v  53.2918 10.0000 -38.5774
v  55.9196 10.0000 -38.2210
v  53.6615 10.0000 -39.6446
v  56.2660 10.0000 -39.3794
v  56.4656 10.0000 -40.2486
v  54.0162 10.0000 -41.0993
v  56.6734 10.0000 -41.4139
v  54.1561 10.0000 -42.0721
v  56.7926 10.0000 -42.5675
v  54.2039 10.0000 -43.0752
v  56.8336 10.0000 -43.7914
v  54.1807 10.0000 -44.1042
v  56.8098 10.0000 -44.7717
v  56.7720 10.0000 -45.2712
v  54.0715 10.0000 -45.0951
v  56.6518 10.0000 -45.9993
v  56.5384 10.0000 -46.4998
v  53.8510 10.0000 -46.0167
v  56.3247 10.0000 -47.1939
v  56.1357 10.0000 -47.6954
v  53.5192 10.0000 -46.8692
v  55.8285 10.0000 -48.3553
v  55.5639 10.0000 -48.8578
v  55.2614 10.0000 -49.3608
v  52.9154 10.0000 -47.9040
v  54.8272 10.0000 -49.9730
v  54.4658 10.0000 -50.4205
v  54.0834 10.0000 -50.8122
v  52.1434 10.0000 -48.7440
v  53.5639 10.0000 -51.2355
v  53.1393 10.0000 -51.5153
v  52.6937 10.0000 -51.7390
v  52.2270 10.0000 -51.9069
v  51.7392 10.0000 -52.0188
v  51.2303 10.0000 -52.0747
v  50.4934 10.0000 -49.3878
v  50.5310 10.0000 -52.1232
v  49.9351 10.0000 -52.0505
v  49.3707 10.0000 -51.9051
v  48.8376 10.0000 -51.6871
v  49.0789 10.0000 -49.1673
v  48.1843 10.0000 -51.4140
v  47.7140 10.0000 -51.0506
v  47.2751 10.0000 -50.6146
v  48.1218 10.0000 -48.5708
v  46.7440 10.0000 -50.0913
v  47.6633 10.0000 -48.2399
v  46.2289 10.0000 -49.4662
v  47.1899 10.0000 -47.8145
v  46.8659 10.0000 -47.6395
v  46.5112 10.0000 -47.4063
v  46.1257 10.0000 -47.1148
v  44.0103 10.0000 -47.7197
v  43.1989 10.0000 -49.7650
v  41.6035 10.0000 -48.9469
v  42.4673 10.0000 -50.4994
v  41.9735 10.0000 -51.0081
v  40.5693 10.0000 -49.7179
v  41.1771 10.0000 -51.5535
v  40.6259 10.0000 -51.9169
v  39.4629 10.0000 -50.2562
v  39.7648 10.0000 -52.2731
v  39.1562 10.0000 -52.4912
v  38.2844 10.0000 -50.5617
v  38.2302 10.0000 -52.6584
v  37.5642 10.0000 -52.7310
v  37.1039 10.0000 -50.6430
v  36.6377 10.0000 -52.7157
v  35.9343 10.0000 -52.6346
v  35.9755 10.0000 -50.5089
v  35.0672 10.0000 -52.4328
v  35.2786 10.0000 -50.3016
v  34.2624 10.0000 -52.1233
v  33.6658 10.0000 -51.7991
v  34.3633 10.0000 -49.8183
v  32.9587 10.0000 -51.3011
v  32.4334 10.0000 -50.8147
v  33.5723 10.0000 -49.1200
v  31.8241 10.0000 -50.1280
v  33.1238 10.0000 -48.5510
v  31.2770 10.0000 -49.3338
v  32.7462 10.0000 -47.8885
v  32.6400 10.0000 -47.5174
v  32.5868 10.0000 -47.0934
v  32.5272 10.0000 -45.6171
v  34.3594 10.0000 -42.8580
v  34.8437 10.0000 -42.8584
v  35.2315 10.0000 -44.0607
v  35.8812 10.0000 -42.7616
v  36.5458 10.0000 -43.8839
v  36.7934 10.0000 -42.5360
v  37.6940 10.0000 -43.5466
v  37.5802 10.0000 -42.1814
v  38.6762 10.0000 -43.0486
v  38.2416 10.0000 -41.6980
v  39.4923 10.0000 -42.3901
v  38.7776 10.0000 -41.0857
v  40.1424 10.0000 -41.5710
v  39.1882 10.0000 -40.3446
v  40.6264 10.0000 -40.5913
v  39.4734 10.0000 -39.4746
v  40.9444 10.0000 -39.4510
v  39.6332 10.0000 -38.4757
v  41.0964 10.0000 -38.1502
v  39.6677 10.0000 -37.3677
v  41.0852 10.0000 -36.7472
v  39.5797 10.0000 -36.2555
v  40.9168 10.0000 -35.4198
v  39.3722 10.0000 -35.2782
v  40.5941 10.0000 -34.2605
v  39.0452 10.0000 -34.4357
v  40.1171 10.0000 -33.2692
v  38.5987 10.0000 -33.7280
v  39.4858 10.0000 -32.4459
v  38.0327 10.0000 -33.1551
v  38.7002 10.0000 -31.7907
v  37.9439 10.0000 -31.3882
v  36.9375 10.0000 -32.5494
v  36.8780 10.0000 -31.0352
v  36.0694 10.0000 -32.3133
v  35.6176 10.0000 -32.2456
v  35.4178 10.0000 -30.8333
v  34.5975 10.0000 -32.2115
v  34.0472 10.0000 -30.8580
v  33.5471 10.0000 -32.3190
v  32.7199 10.0000 -31.0744
v  32.6236 10.0000 -32.5759
v  31.5603 10.0000 -31.4907
v  31.8271 10.0000 -32.9820
v  30.5684 10.0000 -32.1071
v  31.1576 10.0000 -33.5374
v  29.7443 10.0000 -32.9234
v  30.6150 10.0000 -34.2422
v  29.0878 10.0000 -33.9396
v  30.1994 10.0000 -35.0962
v  28.5991 10.0000 -35.1559
v  29.9107 10.0000 -36.0995
v  29.8533 10.0000 -36.6256
v  28.2636 10.0000 -36.8515
v  28.1247 10.0000 -38.1882
v  28.1016 10.0000 -39.2991
v  28.1481 10.0000 -40.0963
v  28.2411 10.0000 -40.8851
v  28.3806 10.0000 -41.6655
v  28.5666 10.0000 -42.4373
v  28.7991 10.0000 -43.2007
v  29.0781 10.0000 -43.9557
v  29.4036 10.0000 -44.7021
v  29.7756 10.0000 -45.4401
v  30.6560 10.0000 -41.9798
v  30.7134 10.0000 -42.5138
v  30.8284 10.0000 -42.9810
v  31.0008 10.0000 -43.3816
v  31.2307 10.0000 -43.7153
v  31.5181 10.0000 -43.9823
v  31.8629 10.0000 -44.1826
v  32.2653 10.0000 -44.3161
# 1296 vertices

vn 0.4735 0.7113 0.5195
vn 0.4913 0.7105 0.5038
vn 0.6872 0.0000 0.7265
vn 0.4913 -0.7105 0.5038
vn 0.4735 -0.7113 0.5195
vn 0.4509 0.7123 0.5378
vn 0.6599 -0.0000 0.7514
vn 0.4509 -0.7123 0.5378
vn 0.6599 0.0000 0.7514
vn 0.4215 0.7137 0.5594
vn 0.6247 -0.0000 0.7808
vn 0.4215 -0.7137 0.5594
vn 0.6247 0.0000 0.7808
vn 0.3822 0.7157 0.5846
vn 0.5784 0.0000 0.8158
vn 0.3822 -0.7157 0.5846
vn 0.5784 -0.0000 0.8158
vn 0.3281 0.7185 0.6132
vn 0.5153 0.0000 0.8570
vn 0.3281 -0.7185 0.6132
vn 0.2519 0.7228 0.6436
vn 0.4271 -0.0000 0.9042
vn 0.2519 -0.7228 0.6436
vn 0.1435 0.7288 0.6695
vn 0.3002 0.0000 0.9539
vn 0.1435 -0.7288 0.6695
vn 0.0008 0.7342 0.6790
vn 0.1171 -0.0000 0.9931
vn 0.0008 -0.7342 0.6790
vn -0.1638 0.7374 0.6553
vn -0.1149 -0.0000 0.9934
vn -0.1638 -0.7374 0.6553
vn -0.1149 0.0000 0.9934
vn -0.3295 0.7390 0.5876
vn -0.3660 0.0000 0.9306
vn -0.3295 -0.7390 0.5876
vn -0.3660 -0.0000 0.9306
vn -0.4721 0.7362 0.4849
vn -0.6032 0.0000 0.7976
vn -0.4721 -0.7362 0.4849
vn -0.6032 -0.0000 0.7976
vn -0.5739 0.7307 0.3697
vn -0.7812 0.0000 0.6243
vn -0.5739 -0.7307 0.3697
vn -0.7812 -0.0000 0.6243
vn -0.6363 0.7253 0.2629
vn -0.8913 0.0000 0.4533
vn -0.6363 -0.7253 0.2629
vn -0.8913 -0.0000 0.4533
vn -0.6710 0.7208 0.1735
vn -0.9514 -0.0000 0.3079
vn -0.6710 -0.7208 0.1735
vn -0.9514 0.0000 0.3079
vn -0.6889 0.7176 0.1022
vn -0.9814 -0.0000 0.1920
vn -0.6889 -0.7176 0.1022
vn -0.6974 0.7152 0.0458
vn -0.9949 0.0000 0.1012
vn -0.6974 -0.7152 0.0458
vn -0.6943 0.7195 -0.0168
vn -0.9996 0.0000 0.0299
vn -0.6943 -0.7195 -0.0168
vn -0.9996 -0.0000 0.0299
vn -0.6851 0.7218 -0.0983
vn -0.9969 0.0000 -0.0783
vn -0.6851 -0.7218 -0.0983
vn -0.9969 -0.0000 -0.0783
vn -0.6731 0.7183 -0.1759
vn -0.9787 0.0000 -0.2051
vn -0.6731 -0.7183 -0.1759
vn -0.9787 -0.0000 -0.2051
vn -0.6577 0.7158 -0.2348
vn -0.9539 0.0000 -0.3001
vn -0.6577 -0.7158 -0.2348
vn -0.6419 0.7139 -0.2798
vn -0.9283 0.0000 -0.3718
vn -0.6419 -0.7139 -0.2798
vn -0.9283 -0.0000 -0.3718
vn -0.6269 0.7126 -0.3149
vn -0.9042 0.0000 -0.4270
vn -0.6269 -0.7126 -0.3149
vn -0.9042 -0.0000 -0.4270
vn -0.6133 0.7116 -0.3427
vn -0.8825 0.0000 -0.4703
vn -0.6133 -0.7116 -0.3427
vn -0.6011 0.7108 -0.3651
vn -0.8631 0.0000 -0.5050
vn -0.6011 -0.7108 -0.3651
vn -0.8631 -0.0000 -0.5050
vn -0.5903 0.7102 -0.3836
vn -0.8460 0.0000 -0.5332
vn -0.5903 -0.7102 -0.3836
vn -0.8460 -0.0000 -0.5332
vn -0.5887 0.7066 -0.3925
vn -0.8309 0.0000 -0.5565
vn -0.5887 -0.7066 -0.3925
vn -0.8309 -0.0000 -0.5565
vn -0.5982 0.7036 -0.3836
vn -0.8332 0.0000 -0.5530
vn -0.5982 -0.7036 -0.3836
vn -0.8332 -0.0000 -0.5530
vn -0.6115 0.7030 -0.3631
vn -0.8503 0.0000 -0.5264
vn -0.6115 -0.7030 -0.3631
vn -0.8503 -0.0000 -0.5264
vn -0.6263 0.7022 -0.3385
vn -0.8691 -0.0000 -0.4946
vn -0.6263 -0.7022 -0.3385
vn -0.8691 0.0000 -0.4946
vn -0.6427 0.7013 -0.3085
vn -0.8899 0.0000 -0.4562
vn -0.6427 -0.7013 -0.3085
vn -0.8899 -0.0000 -0.4562
vn -0.6605 0.7001 -0.2714
vn -0.9125 0.0000 -0.4091
vn -0.6605 -0.7001 -0.2714
vn -0.6793 0.6985 -0.2250
vn -0.9365 0.0000 -0.3508
vn -0.6793 -0.6985 -0.2250
vn -0.6980 0.6966 -0.1662
vn -0.9607 -0.0000 -0.2776
vn -0.6980 -0.6966 -0.1662
vn -0.7140 0.6941 -0.0915
vn -0.9827 0.0000 -0.1852
vn -0.7140 -0.6941 -0.0915
vn -0.7143 0.6995 -0.0245
vn -0.9976 0.0000 -0.0686
vn -0.7143 -0.6995 -0.0245
vn -0.9976 -0.0000 -0.0686
vn -0.3015 0.9045 -0.3015
vn -1.0000 0.0000 -0.0000
vn -0.3015 -0.9045 -0.3015
vn -0.5774 0.5774 -0.5774
vn 0.0000 0.0000 -1.0000
vn -0.5774 -0.5774 -0.5774
vn -0.5774 0.5774 0.5774
vn -0.5774 -0.5774 0.5774
vn 0.0166 0.7019 0.7121
vn 0.0000 0.0000 1.0000
vn 0.0166 -0.7019 0.7121
vn 0.0734 0.6948 0.7154
vn 0.0467 -0.0000 0.9989
vn 0.0734 -0.6948 0.7154
vn 0.0467 0.0000 0.9989
vn 0.1627 0.6918 0.7035
vn 0.1571 0.0000 0.9876
vn 0.1627 -0.6918 0.7035
vn 0.2709 0.6883 0.6730
vn 0.2925 -0.0000 0.9563
vn 0.2709 -0.6883 0.6730
vn 0.3933 0.6850 0.6133
vn 0.4515 -0.0000 0.8923
vn 0.3933 -0.6850 0.6133
vn 0.5158 0.6828 0.5174
vn 0.6224 -0.0000 0.7827
vn 0.5158 -0.6828 0.5174
vn 0.6224 0.0000 0.7827
vn 0.6180 0.6828 0.3898
vn 0.7808 0.0000 0.6248
vn 0.6180 -0.6828 0.3898
vn 0.7808 -0.0000 0.6248
vn 0.6849 0.6849 0.2488
vn 0.9002 -0.0000 0.4354
vn 0.6849 -0.6849 0.2488
vn 0.9002 0.0000 0.4354
vn 0.7162 0.6882 0.1157
vn 0.9698 -0.0000 0.2439
vn 0.7162 -0.6882 0.1157
vn 0.9698 0.0000 0.2439
vn 0.7147 0.6989 0.0264
vn 0.9973 -0.0000 0.0738
vn 0.7147 -0.6989 0.0264
vn 0.9973 0.0000 0.0738
vn 0.5774 0.5774 -0.5774
vn 1.0000 0.0000 -0.0000
vn 0.5774 -0.5774 -0.5774
vn -0.0000 -0.0000 -1.0000
vn -0.6998 0.7140 -0.0214
vn -0.6998 -0.7140 -0.0214
vn -0.6841 0.7236 -0.0915
vn -0.9981 0.0000 -0.0610
vn -0.6841 -0.7236 -0.0915
vn -0.9981 -0.0000 -0.0610
vn -0.6571 0.7273 -0.1978
vn -0.9791 0.0000 -0.2034
vn -0.6571 -0.7273 -0.1978
vn -0.9791 -0.0000 -0.2034
vn -0.6049 0.7308 -0.3164
vn -0.9287 0.0000 -0.3709
vn -0.6049 -0.7308 -0.3164
vn -0.9287 -0.0000 -0.3709
vn -0.5231 0.7327 -0.4353
vn -0.8343 0.0000 -0.5513
vn -0.5231 -0.7327 -0.4353
vn -0.8343 -0.0000 -0.5513
vn -0.4165 0.7323 -0.5388
vn -0.6936 0.0000 -0.7203
vn -0.4165 -0.7323 -0.5388
vn -0.6936 -0.0000 -0.7203
vn -0.2988 0.7297 -0.6150
vn -0.5225 -0.0000 -0.8526
vn -0.2988 -0.7297 -0.6150
vn -0.5225 0.0000 -0.8526
vn -0.1851 0.7261 -0.6623
vn -0.3473 0.0000 -0.9377
vn -0.1851 -0.7261 -0.6623
vn -0.3473 -0.0000 -0.9377
vn -0.0851 0.7225 -0.6862
vn -0.1891 -0.0000 -0.9820
vn -0.0851 -0.7225 -0.6862
vn -0.1891 0.0000 -0.9820
vn -0.0198 0.7135 -0.7003
vn -0.0566 0.0000 -0.9984
vn -0.0198 -0.7135 -0.7003
vn -0.0566 -0.0000 -0.9984
vn 0.3015 0.9045 -0.3015
vn 0.3015 -0.9045 -0.3015
vn 0.7002 0.7136 0.0202
vn 0.7002 -0.7136 0.0202
vn 0.6916 0.7185 0.0744
vn 0.9983 -0.0000 0.0575
vn 0.6916 -0.7185 0.0744
vn 0.9983 0.0000 0.0575
vn 0.6841 0.7164 0.1370
vn 0.9877 -0.0000 0.1563
vn 0.6841 -0.7164 0.1370
vn 0.9877 0.0000 0.1563
vn 0.6737 0.7147 0.1879
vn 0.9717 -0.0000 0.2361
vn 0.6737 -0.7147 0.1879
vn 0.9717 0.0000 0.2361
vn 0.6621 0.7135 0.2294
vn 0.9537 -0.0000 0.3009
vn 0.6621 -0.7135 0.2294
vn 0.9537 0.0000 0.3009
vn 0.6504 0.7124 0.2635
vn 0.9354 -0.0000 0.3537
vn 0.6504 -0.7124 0.2635
vn 0.9354 0.0000 0.3537
vn 0.6391 0.7116 0.2919
vn 0.9177 0.0000 0.3972
vn 0.6391 -0.7116 0.2919
vn 0.6284 0.7110 0.3156
vn 0.9012 -0.0000 0.4335
vn 0.6284 -0.7110 0.3156
vn 0.6185 0.7104 0.3357
vn 0.8859 0.0000 0.4640
vn 0.6185 -0.7104 0.3357
vn 0.6209 0.7053 0.3422
vn 0.8718 -0.0000 0.4899
vn 0.6209 -0.7053 0.3422
vn 0.8718 0.0000 0.4899
vn 0.6377 0.7005 0.3205
vn 0.8797 -0.0000 0.4755
vn 0.6377 -0.7005 0.3205
vn 0.8797 0.0000 0.4755
vn 0.6558 0.7004 0.2818
vn 0.9065 -0.0000 0.4223
vn 0.6558 -0.7004 0.2818
vn 0.6716 0.7004 0.2418
vn 0.9302 -0.0000 0.3670
vn 0.6716 -0.7004 0.2418
vn 0.9302 0.0000 0.3670
vn 0.6849 0.7004 0.2010
vn 0.9507 -0.0000 0.3102
vn 0.6849 -0.7004 0.2010
vn 0.9507 0.0000 0.3102
vn 0.6955 0.7005 0.1598
vn 0.9675 -0.0000 0.2527
vn 0.6955 -0.7005 0.1598
vn 0.7036 0.7006 0.1187
vn 0.9808 -0.0000 0.1950
vn 0.7036 -0.7006 0.1187
vn 0.9808 0.0000 0.1950
vn 0.7091 0.7008 0.0782
vn 0.9905 -0.0000 0.1377
vn 0.7091 -0.7008 0.0782
vn 0.9905 0.0000 0.1377
vn 0.7121 0.7010 0.0386
vn 0.9967 -0.0000 0.0814
vn 0.7121 -0.7010 0.0386
vn 0.9967 0.0000 0.0814
vn 0.7142 0.6999 -0.0040
vn 0.9996 -0.0000 0.0267
vn 0.7142 -0.6999 -0.0040
vn 0.9996 0.0000 0.0267
vn 0.7133 0.6988 -0.0539
vn 0.9993 0.0000 -0.0378
vn 0.7133 -0.6988 -0.0539
vn 0.9993 -0.0000 -0.0378
vn 0.7072 0.6989 -0.1068
vn 0.9936 -0.0000 -0.1127
vn 0.7072 -0.6989 -0.1068
vn 0.9936 0.0000 -0.1127
vn 0.6974 0.6991 -0.1578
vn 0.9826 -0.0000 -0.1856
vn 0.6974 -0.6991 -0.1578
vn 0.6843 0.6994 -0.2063
vn 0.9668 0.0000 -0.2555
vn 0.6843 -0.6994 -0.2063
vn 0.6685 0.6998 -0.2517
vn 0.9469 -0.0000 -0.3214
vn 0.6685 -0.6998 -0.2517
vn 0.9469 0.0000 -0.3214
vn 0.6508 0.7002 -0.2937
vn 0.9238 -0.0000 -0.3829
vn 0.6508 -0.7002 -0.2937
vn 0.9238 0.0000 -0.3829
vn 0.6315 0.7006 -0.3322
vn 0.8983 -0.0000 -0.4395
vn 0.6315 -0.7006 -0.3322
vn 0.8983 0.0000 -0.4395
vn 0.6114 0.7010 -0.3672
vn 0.8710 -0.0000 -0.4913
vn 0.6114 -0.7010 -0.3672
vn 0.8710 0.0000 -0.4913
vn 0.5889 0.6996 -0.4046
vn 0.8428 -0.0000 -0.5382
vn 0.5889 -0.6996 -0.4046
vn 0.8428 0.0000 -0.5382
vn 0.5573 0.6972 -0.4510
vn 0.8047 -0.0000 -0.5937
vn 0.5573 -0.6972 -0.4510
vn 0.5131 0.6961 -0.5022
vn 0.7484 -0.0000 -0.6633
vn 0.5131 -0.6961 -0.5022
vn 0.4591 0.6952 -0.5531
vn 0.6792 0.0000 -0.7340
vn 0.4591 -0.6952 -0.5531
vn 0.3954 0.6944 -0.6012
vn 0.5965 -0.0000 -0.8026
vn 0.3954 -0.6944 -0.6012
vn 0.5965 0.0000 -0.8026
vn 0.3229 0.6940 -0.6436
vn 0.5008 -0.0000 -0.8656
vn 0.3229 -0.6940 -0.6436
vn 0.5008 0.0000 -0.8656
vn 0.2437 0.6938 -0.6777
vn 0.3944 -0.0000 -0.9189
vn 0.2437 -0.6938 -0.6777
vn 0.3944 0.0000 -0.9189
vn 0.1613 0.6940 -0.7016
vn 0.2812 -0.0000 -0.9596
vn 0.1613 -0.6940 -0.7016
vn 0.2812 0.0000 -0.9596
vn 0.0792 0.6946 -0.7150
vn 0.1660 -0.0000 -0.9861
vn 0.0792 -0.6946 -0.7150
vn 0.1660 0.0000 -0.9861
vn -0.0020 0.6946 -0.7194
vn 0.0538 -0.0000 -0.9986
vn -0.0020 -0.6946 -0.7194
vn 0.0538 0.0000 -0.9986
vn -0.0881 0.6932 -0.7154
vn -0.0593 -0.0000 -0.9982
vn -0.0881 -0.6932 -0.7154
vn -0.0593 0.0000 -0.9982
vn -0.1804 0.6923 -0.6986
vn -0.1847 0.0000 -0.9828
vn -0.1804 -0.6923 -0.6986
vn -0.1847 -0.0000 -0.9828
vn -0.2733 0.6920 -0.6681
vn -0.3143 0.0000 -0.9493
vn -0.2733 -0.6920 -0.6681
vn -0.3615 0.6922 -0.6246
vn -0.4412 -0.0000 -0.8974
vn -0.3615 -0.6922 -0.6246
vn -0.4412 0.0000 -0.8974
vn -0.4402 0.6929 -0.5710
vn -0.5583 -0.0000 -0.8296
vn -0.4402 -0.6929 -0.5710
vn -0.5583 0.0000 -0.8296
vn -0.5067 0.6940 -0.5115
vn -0.6603 -0.0000 -0.7510
vn -0.5067 -0.6940 -0.5115
vn -0.6603 0.0000 -0.7510
vn -0.5603 0.6952 -0.4502
vn -0.7448 0.0000 -0.6673
vn -0.5603 -0.6952 -0.4502
vn -0.7448 -0.0000 -0.6673
vn -0.6018 0.6966 -0.3906
vn -0.8120 0.0000 -0.5837
vn -0.6018 -0.6966 -0.3906
vn -0.8120 -0.0000 -0.5837
vn -0.0163 0.9480 -0.3177
vn -0.8637 -0.0000 -0.5040
vn -0.0163 -0.9480 -0.3177
vn -0.8637 0.0000 -0.5040
vn 0.5594 0.6970 -0.4486
vn 0.8078 -0.0000 -0.5895
vn 0.5594 -0.6970 -0.4486
vn 0.8078 0.0000 -0.5895
vn 0.5147 0.6960 -0.5007
vn 0.7508 -0.0000 -0.6605
vn 0.5147 -0.6960 -0.5007
vn 0.7508 0.0000 -0.6605
vn 0.4601 0.6951 -0.5524
vn 0.6809 -0.0000 -0.7324
vn 0.4601 -0.6951 -0.5524
vn 0.6809 0.0000 -0.7324
vn 0.3957 0.6943 -0.6011
vn 0.5972 -0.0000 -0.8021
vn 0.3957 -0.6943 -0.6011
vn 0.5972 0.0000 -0.8021
vn 0.3225 0.6939 -0.6438
vn 0.5006 -0.0000 -0.8657
vn 0.3225 -0.6939 -0.6438
vn 0.5006 0.0000 -0.8657
vn 0.2430 0.6938 -0.6780
vn 0.3935 0.0000 -0.9193
vn 0.2430 -0.6938 -0.6780
vn 0.1605 0.6941 -0.7018
vn 0.2800 -0.0000 -0.9600
vn 0.1605 -0.6941 -0.7018
vn 0.0786 0.6947 -0.7150
vn 0.1650 0.0000 -0.9863
vn 0.0786 -0.6947 -0.7150
vn -0.0010 0.6950 -0.7190
vn 0.0533 -0.0000 -0.9986
vn -0.0010 -0.6950 -0.7190
vn 0.0533 0.0000 -0.9986
vn -0.0832 0.6939 -0.7152
vn -0.0561 -0.0000 -0.9984
vn -0.0832 -0.6939 -0.7152
vn -0.0561 0.0000 -0.9984
vn -0.1705 0.6931 -0.7003
vn -0.1746 -0.0000 -0.9846
vn -0.1705 -0.6931 -0.7003
vn -0.1746 0.0000 -0.9846
vn -0.2590 0.6927 -0.6731
vn -0.2976 -0.0000 -0.9547
vn -0.2590 -0.6927 -0.6731
vn -0.2976 0.0000 -0.9547
vn -0.3441 0.6928 -0.6337
vn -0.4192 -0.0000 -0.9079
vn -0.3441 -0.6928 -0.6337
vn -0.4192 0.0000 -0.9079
vn -0.4215 0.6933 -0.5845
vn -0.5332 0.0000 -0.8460
vn -0.4215 -0.6933 -0.5845
vn -0.5332 -0.0000 -0.8460
vn -0.4884 0.6942 -0.5288
vn -0.6344 0.0000 -0.7730
vn -0.4884 -0.6942 -0.5288
vn -0.6344 -0.0000 -0.7730
vn -0.5434 0.6953 -0.4703
vn -0.7202 0.0000 -0.6938
vn -0.5434 -0.6953 -0.4703
vn -0.7202 -0.0000 -0.6938
vn -0.5872 0.6965 -0.4124
vn -0.7899 -0.0000 -0.6132
vn -0.5872 -0.6965 -0.4124
vn -0.6170 0.6993 -0.3610
vn -0.8448 0.0000 -0.5350
vn -0.6170 -0.6993 -0.3610
vn -0.8448 -0.0000 -0.5350
vn -0.6369 0.7010 -0.3209
vn -0.8804 -0.0000 -0.4743
vn -0.6369 -0.7010 -0.3209
vn -0.8804 0.0000 -0.4743
vn -0.6539 0.7008 -0.2850
vn -0.9051 0.0000 -0.4253
vn -0.6539 -0.7008 -0.2850
vn -0.9051 -0.0000 -0.4253
vn -0.6693 0.7007 -0.2473
vn -0.9276 0.0000 -0.3735
vn -0.6693 -0.7007 -0.2473
vn -0.9276 -0.0000 -0.3735
vn -0.6827 0.7005 -0.2078
vn -0.9477 0.0000 -0.3193
vn -0.6827 -0.7005 -0.2078
vn -0.9477 -0.0000 -0.3193
vn -0.6938 0.7005 -0.1672
vn -0.9648 0.0000 -0.2630
vn -0.6938 -0.7005 -0.1672
vn -0.9648 -0.0000 -0.2630
vn -0.7026 0.7005 -0.1256
vn -0.9787 0.0000 -0.2053
vn -0.7026 -0.7005 -0.1256
vn -0.9787 -0.0000 -0.2053
vn -0.7088 0.7005 -0.0836
vn -0.9892 0.0000 -0.1466
vn -0.7088 -0.7005 -0.0836
vn -0.9892 -0.0000 -0.1466
vn -0.7124 0.7006 -0.0416
vn -0.9962 0.0000 -0.0876
vn -0.7124 -0.7006 -0.0416
vn -0.9962 -0.0000 -0.0876
vn -0.7156 0.6984 0.0071
vn -0.9996 0.0000 -0.0290
vn -0.7156 -0.6984 0.0071
vn -0.9996 -0.0000 -0.0290
vn -0.7156 0.6943 0.0768
vn -0.9988 0.0000 0.0489
vn -0.7156 -0.6943 0.0768
vn -0.9988 -0.0000 0.0489
vn -0.7024 0.6912 0.1698
vn -0.9864 0.0000 0.1641
vn -0.7024 -0.6912 0.1698
vn -0.9864 -0.0000 0.1641
vn -0.6692 0.6877 0.2815
vn -0.9525 0.0000 0.3047
vn -0.6692 -0.6877 0.2815
vn -0.9525 -0.0000 0.3047
vn -0.6056 0.6846 0.4057
vn -0.8838 0.0000 0.4678
vn -0.6056 -0.6846 0.4057
vn -0.8838 -0.0000 0.4678
vn -0.5060 0.6828 0.5270
vn -0.7688 0.0000 0.6395
vn -0.5060 -0.6828 0.5270
vn -0.7688 -0.0000 0.6395
vn -0.3774 0.6832 0.6251
vn -0.6077 0.0000 0.7942
vn -0.3774 -0.6832 0.6251
vn -0.6077 -0.0000 0.7942
vn -0.2390 0.6856 0.6876
vn -0.4197 0.0000 0.9077
vn -0.2390 -0.6856 0.6876
vn -0.4197 -0.0000 0.9077
vn -0.1107 0.6890 0.7163
vn -0.2338 0.0000 0.9723
vn -0.1107 -0.6890 0.7163
vn -0.2338 -0.0000 0.9723
vn -0.0029 0.6924 0.7215
vn -0.0705 0.0000 0.9975
vn -0.0029 -0.6924 0.7215
vn -0.0705 -0.0000 0.9975
vn 0.0981 0.6909 0.7162
vn 0.0625 0.0000 0.9980
vn 0.0981 -0.6909 0.7162
vn 0.0625 -0.0000 0.9980
vn 0.2140 0.6876 0.6939
vn 0.2082 -0.0000 0.9781
vn 0.2140 -0.6876 0.6939
vn 0.3443 0.6846 0.6425
vn 0.3789 0.0000 0.9255
vn 0.3443 -0.6846 0.6425
vn 0.3789 -0.0000 0.9255
vn 0.4738 0.6831 0.5558
vn 0.5608 0.0000 0.8279
vn 0.4738 -0.6831 0.5558
vn 0.5608 -0.0000 0.8279
vn 0.5825 0.6837 0.4396
vn 0.7288 0.0000 0.6847
vn 0.5825 -0.6837 0.4396
vn 0.6573 0.6861 0.3117
vn 0.8583 -0.0000 0.5131
vn 0.6573 -0.6861 0.3117
vn 0.8583 0.0000 0.5131
vn 0.6988 0.6894 0.1906
vn 0.9405 0.0000 0.3398
vn 0.6988 -0.6894 0.1906
vn 0.7160 0.6927 0.0867
vn 0.9828 -0.0000 0.1847
vn 0.7160 -0.6927 0.0867
vn 0.9828 0.0000 0.1847
vn 0.7199 0.6940 -0.0029
vn 0.9985 -0.0000 0.0552
vn 0.7199 -0.6940 -0.0029
vn 0.9985 0.0000 0.0552
vn 0.7163 0.6908 -0.0991
vn 0.9980 -0.0000 -0.0631
vn 0.7163 -0.6908 -0.0991
vn 0.9980 0.0000 -0.0631
vn 0.6934 0.6874 -0.2159
vn 0.9777 -0.0000 -0.2102
vn 0.6934 -0.6874 -0.2159
vn 0.9777 0.0000 -0.2102
vn 0.6412 0.6845 -0.3469
vn 0.9241 -0.0000 -0.3821
vn 0.6412 -0.6845 -0.3469
vn 0.9241 0.0000 -0.3821
vn 0.5535 0.6831 -0.4765
vn 0.8254 -0.0000 -0.5646
vn 0.5535 -0.6831 -0.4765
vn 0.8254 0.0000 -0.5646
vn 0.4369 0.6838 -0.5845
vn 0.6811 -0.0000 -0.7322
vn 0.4369 -0.6838 -0.5845
vn 0.6811 0.0000 -0.7322
vn 0.3092 0.6863 -0.6584
vn 0.5094 -0.0000 -0.8605
vn 0.3092 -0.6863 -0.6584
vn 0.5094 0.0000 -0.8605
vn 0.1888 0.6896 -0.6991
vn 0.3369 -0.0000 -0.9415
vn 0.1888 -0.6896 -0.6991
vn 0.3369 0.0000 -0.9415
vn 0.0858 0.6929 -0.7160
vn 0.1829 -0.0000 -0.9831
vn 0.0858 -0.6929 -0.7160
vn 0.3174 0.9050 -0.2832
vn 0.0546 -0.0000 -0.9985
vn 0.3174 -0.9050 -0.2832
vn 0.0546 0.0000 -0.9985
vn 0.6851 0.7231 0.0884
vn 0.9983 -0.0000 0.0589
vn 0.6851 -0.7231 0.0884
vn 0.9983 0.0000 0.0589
vn 0.6596 0.7267 0.1918
vn 0.9805 -0.0000 0.1966
vn 0.6596 -0.7267 0.1918
vn 0.6097 0.7303 0.3081
vn 0.9331 0.0000 0.3597
vn 0.6097 -0.7303 0.3081
vn 0.9331 -0.0000 0.3597
vn 0.5305 0.7325 0.4266
vn 0.8431 -0.0000 0.5378
vn 0.5305 -0.7325 0.4266
vn 0.4254 0.7325 0.5315
vn 0.7063 0.0000 0.7079
vn 0.4254 -0.7325 0.5315
vn 0.3070 0.7302 0.6104
vn 0.5360 0.0000 0.8442
vn 0.3070 -0.7302 0.6104
vn 0.1910 0.7267 0.6599
vn 0.3583 0.0000 0.9336
vn 0.1910 -0.7267 0.6599
vn 0.3583 -0.0000 0.9336
vn 0.0880 0.7230 0.6852
vn 0.1957 0.0000 0.9807
vn 0.0880 -0.7230 0.6852
vn 0.1957 -0.0000 0.9807
vn -0.0059 0.7225 0.6913
vn 0.0586 -0.0000 0.9983
vn -0.0059 -0.7225 0.6913
vn 0.0586 0.0000 0.9983
vn -0.1046 0.7248 0.6810
vn -0.0755 -0.0000 0.9971
vn -0.1046 -0.7248 0.6810
vn -0.2066 0.7244 0.6576
vn -0.2271 0.0000 0.9739
vn -0.2066 -0.7244 0.6576
vn -0.3007 0.7234 0.6216
vn -0.3707 0.0000 0.9288
vn -0.3007 -0.7234 0.6216
vn -0.3707 -0.0000 0.9288
vn -0.3824 0.7218 0.5768
vn -0.4980 0.0000 0.8672
vn -0.3824 -0.7218 0.5768
vn -0.4502 0.7201 0.5280
vn -0.6048 0.0000 0.7964
vn -0.4502 -0.7201 0.5280
vn -0.6048 -0.0000 0.7964
vn -0.5047 0.7183 0.4788
vn -0.6908 0.0000 0.7230
vn -0.5047 -0.7183 0.4788
vn -0.6908 -0.0000 0.7230
vn -0.5475 0.7167 0.4319
vn -0.7583 0.0000 0.6519
vn -0.5475 -0.7167 0.4319
vn -0.7583 -0.0000 0.6519
vn -0.5809 0.7153 0.3884
vn -0.8106 0.0000 0.5856
vn -0.5809 -0.7153 0.3884
vn -0.8106 -0.0000 0.5856
vn -0.0944 0.5660 0.8190
vn -0.8508 0.0000 0.5254
vn -0.0944 -0.5660 0.8190
vn -0.8508 -0.0000 0.5254
vn 0.7090 -0.0000 0.7052
vn 0.7090 0.0000 0.7052
vn -0.2155 0.7291 0.6496
vn -0.1004 0.7253 0.6811
vn -0.2235 0.0000 0.9747
vn -0.1004 -0.7253 0.6811
vn -0.2155 -0.7291 0.6496
vn -0.2235 -0.0000 0.9747
vn -0.3402 0.7321 0.5902
vn -0.4035 0.0000 0.9150
vn -0.3402 -0.7321 0.5902
vn -0.4035 -0.0000 0.9150
vn -0.4596 0.7331 0.5014
vn -0.5894 0.0000 0.8078
vn -0.4596 -0.7331 0.5014
vn -0.5894 -0.0000 0.8078
vn -0.5581 0.7315 0.3917
vn -0.7536 0.0000 0.6573
vn -0.5581 -0.7315 0.3917
vn -0.7536 -0.0000 0.6573
vn -0.6271 0.7283 0.2764
vn -0.8744 0.0000 0.4852
vn -0.6271 -0.7283 0.2764
vn -0.8744 -0.0000 0.4852
vn -0.6682 0.7245 0.1693
vn -0.9481 0.0000 0.3180
vn -0.6682 -0.7245 0.1693
vn -0.9481 -0.0000 0.3180
vn -0.6886 0.7210 0.0774
vn -0.9851 0.0000 0.1718
vn -0.6886 -0.7210 0.0774
vn -0.9851 -0.0000 0.1718
vn -0.6955 0.7186 0.0008
vn -0.9987 0.0000 0.0512
vn -0.6955 -0.7186 0.0008
vn -0.6896 0.7204 -0.0741
vn -0.9988 -0.0000 -0.0490
vn -0.6896 -0.7204 -0.0741
vn -0.6706 0.7238 -0.1625
vn -0.9864 -0.0000 -0.1645
vn -0.6706 -0.7238 -0.1625
vn -0.6321 0.7276 -0.2665
vn -0.9522 0.0000 -0.3054
vn -0.6321 -0.7276 -0.2665
vn -0.5664 0.7311 -0.3804
vn -0.8834 -0.0000 -0.4687
vn -0.5664 -0.7311 -0.3804
vn -0.4704 0.7331 -0.4911
vn -0.7681 -0.0000 -0.6404
vn -0.4704 -0.7331 -0.4911
vn -0.7681 0.0000 -0.6404
vn -0.3511 0.7326 -0.5830
vn -0.6067 -0.0000 -0.7949
vn -0.3511 -0.7326 -0.5830
vn -0.6067 0.0000 -0.7949
vn -0.2240 0.7299 -0.6458
vn -0.4189 0.0000 -0.9080
vn -0.2240 -0.7299 -0.6458
vn -0.4189 -0.0000 -0.9080
vn -0.1047 0.7261 -0.6795
vn -0.2333 -0.0000 -0.9724
vn -0.1047 -0.7261 -0.6795
vn -0.2333 0.0000 -0.9724
vn -0.0011 0.7229 -0.6909
vn -0.0704 -0.0000 -0.9975
vn -0.0011 -0.7229 -0.6909
vn -0.0704 0.0000 -0.9975
vn 0.1002 0.7253 -0.6811
vn 0.0671 -0.0000 -0.9977
vn 0.1002 -0.7253 -0.6811
vn 0.0671 0.0000 -0.9977
vn 0.2151 0.7290 -0.6498
vn 0.2231 -0.0000 -0.9748
vn 0.2151 -0.7290 -0.6498
vn 0.2231 0.0000 -0.9748
vn 0.3396 0.7320 -0.5906
vn 0.4028 -0.0000 -0.9153
vn 0.3396 -0.7320 -0.5906
vn 0.4028 0.0000 -0.9153
vn 0.4591 0.7331 -0.5019
vn 0.5886 -0.0000 -0.8084
vn 0.4591 -0.7331 -0.5019
vn 0.5886 0.0000 -0.8084
vn 0.5577 0.7316 -0.3922
vn 0.7529 -0.0000 -0.6581
vn 0.5577 -0.7316 -0.3922
vn 0.7529 0.0000 -0.6581
vn 0.6268 0.7283 -0.2769
vn 0.8739 -0.0000 -0.4861
vn 0.6268 -0.7283 -0.2769
vn 0.8739 0.0000 -0.4861
vn 0.6681 0.7245 -0.1696
vn 0.9479 -0.0000 -0.3186
vn 0.6681 -0.7245 -0.1696
vn 0.9479 0.0000 -0.3186
vn 0.6885 0.7211 -0.0776
vn 0.9851 -0.0000 -0.1722
vn 0.6885 -0.7211 -0.0776
vn 0.6953 0.7188 -0.0003
vn 0.9987 -0.0000 -0.0513
vn 0.6953 -0.7188 -0.0003
vn 0.9987 0.0000 -0.0513
vn 0.6889 0.7208 0.0765
vn 0.9987 -0.0000 0.0506
vn 0.6889 -0.7208 0.0765
vn 0.9987 0.0000 0.0506
vn 0.6689 0.7243 0.1674
vn 0.9855 0.0000 0.1697
vn 0.6689 -0.7243 0.1674
vn 0.9855 -0.0000 0.1697
vn 0.6285 0.7281 0.2736
vn 0.9493 0.0000 0.3144
vn 0.6285 -0.7281 0.2736
vn 0.9493 -0.0000 0.3144
vn 0.5605 0.7314 0.3884
vn 0.8770 -0.0000 0.4805
vn 0.5605 -0.7314 0.3884
vn 0.8770 0.0000 0.4805
vn 0.4627 0.7331 0.4985
vn 0.7578 -0.0000 0.6525
vn 0.4627 -0.7331 0.4985
vn 0.7578 0.0000 0.6525
vn 0.3433 0.7322 0.5882
vn 0.5944 0.0000 0.8042
vn 0.3433 -0.7322 0.5882
vn 0.5944 -0.0000 0.8042
vn 0.2179 0.7293 0.6485
vn 0.4078 0.0000 0.9130
vn 0.2179 -0.7293 0.6485
vn 0.4078 -0.0000 0.9130
vn 0.1016 0.7255 0.6806
vn 0.2263 -0.0000 0.9741
vn 0.1016 -0.7255 0.6806
vn 0.2263 0.0000 0.9741
vn 0.0003 0.7227 0.6912
vn 0.0682 0.0000 0.9977
vn 0.0003 -0.7227 0.6912
vn 0.0682 -0.0000 0.9977
vn -0.0673 0.0000 0.9977
vn -0.0673 -0.0000 0.9977
vn 0.0000 -1.0000 -0.0000
vn 0.0000 1.0000 -0.0000
# 803 vertex normals

o Object003
g Object003
s 1
f 1//1 2//2 3//3 
f 4//4 5//5 6//3 
s 3
f 7//6 1//1 8//7 
f 5//5 9//8 10//9 
s 2
f 11//10 7//6 12//11 
f 9//8 13//12 14//13 
f 15//14 11//10 16//15 
f 13//12 17//16 18//17 
f 19//18 15//14 20//19 
f 17//16 21//20 22//19 
f 23//21 19//18 24//22 
f 21//20 25//23 26//22 
f 27//24 23//21 28//25 
f 25//23 29//26 30//25 
f 31//27 27//24 32//28 
f 29//26 33//29 34//28 
f 35//30 31//27 36//31 
f 33//29 37//32 38//33 
f 39//34 35//30 40//35 
f 37//32 41//36 42//37 
f 43//38 39//34 44//39 
f 41//36 45//40 46//41 
f 47//42 43//38 48//43 
f 45//40 49//44 50//45 
f 51//46 47//42 52//47 
f 49//44 53//48 54//49 
f 55//50 51//46 56//51 
f 53//48 57//52 58//53 
f 59//54 55//50 60//55 
f 57//52 61//56 62//55 
f 63//57 59//54 64//58 
f 61//56 65//59 66//58 
f 67//60 63//57 68//61 
f 65//59 69//62 70//63 
f 71//64 67//60 72//65 
f 69//62 73//66 74//67 
f 75//68 71//64 76//69 
f 73//66 77//70 78//71 
f 79//72 75//68 80//73 
f 77//70 81//74 82//73 
f 83//75 79//72 84//76 
f 81//74 85//77 86//78 
f 87//79 83//75 88//80 
f 85//77 89//81 90//82 
f 91//83 87//79 92//84 
f 89//81 93//85 94//84 
f 95//86 91//83 96//87 
f 93//85 97//88 98//89 
f 99//90 95//86 100//91 
f 97//88 101//92 102//93 
f 103//94 99//90 104//95 
f 101//92 105//96 106//97 
f 107//98 103//94 108//99 
f 105//96 109//100 110//101 
f 111//102 107//98 112//103 
f 109//100 113//104 114//105 
f 115//106 111//102 116//107 
f 113//104 117//108 118//109 
f 119//110 115//106 120//111 
f 117//108 121//112 122//113 
f 123//114 119//110 124//115 
f 121//112 125//116 126//115 
f 127//117 123//114 128//118 
f 125//116 129//119 130//118 
f 131//120 127//117 132//121 
f 129//119 133//122 134//121 
f 135//123 131//120 136//124 
f 133//122 137//125 138//124 
f 139//126 135//123 140//127 
f 137//125 141//128 142//129 
s 4
f 143//130 139//126 144//131 
f 141//128 145//132 146//131 
s 2
f 147//133 143//130 148//134 
f 145//132 149//135 150//134 
s 4
f 151//136 147//133 152//131 
f 149//135 153//137 154//131 
s 2
f 155//138 151//136 156//139 
f 153//137 157//140 158//139 
s 4
f 159//141 155//138 160//142 
f 157//140 161//143 162//144 
f 163//145 159//141 164//146 
f 161//143 165//147 166//146 
f 167//148 163//145 168//149 
f 165//147 169//150 170//149 
f 171//151 167//148 172//152 
f 169//150 173//153 174//152 
f 175//154 171//151 176//155 
f 173//153 177//156 178//157 
f 179//158 175//154 180//159 
f 177//156 181//160 182//161 
f 183//162 179//158 184//163 
f 181//160 185//164 186//165 
f 187//166 183//162 188//167 
f 185//164 189//168 190//169 
f 191//170 187//166 192//171 
f 189//168 193//172 194//173 
s 2
f 195//174 191//170 196//175 
f 193//172 197//176 198//175 
s 4
f 199//133 195//174 200//177 
f 197//176 201//135 202//134 
s 2
f 203//178 199//133 204//131 
f 201//135 205//179 206//131 
s 4
f 207//180 203//178 208//181 
f 205//179 209//182 210//183 
f 211//184 207//180 212//185 
f 209//182 213//186 214//187 
f 215//188 211//184 216//189 
f 213//186 217//190 218//191 
f 219//192 215//188 220//193 
f 217//190 221//194 222//195 
f 223//196 219//192 224//197 
f 221//194 225//198 226//199 
f 227//200 223//196 228//201 
f 225//198 229//202 230//203 
f 231//204 227//200 232//205 
f 229//202 233//206 234//207 
f 235//208 231//204 236//209 
f 233//206 237//210 238//211 
f 239//212 235//208 240//213 
f 237//210 241//214 242//215 
s 2
f 243//216 239//212 244//134 
f 241//214 245//217 246//134 
s 4
f 247//218 243//216 248//175 
f 245//217 249//219 250//175 
s 2
f 251//220 247//218 252//221 
f 249//219 253//222 254//223 
f 255//224 251//220 256//225 
f 253//222 257//226 258//227 
f 259//228 255//224 260//229 
f 257//226 261//230 262//231 
f 263//232 259//228 264//233 
f 261//230 265//234 266//235 
f 267//236 263//232 268//237 
f 265//234 269//238 270//239 
f 271//240 267//236 272//241 
f 269//238 273//242 274//241 
f 275//243 271//240 276//244 
f 273//242 277//245 278//244 
f 279//246 275//243 280//247 
f 277//245 281//248 282//247 
f 283//249 279//246 284//250 
f 281//248 285//251 286//252 
f 287//253 283//249 288//254 
f 285//251 289//255 290//256 
f 291//257 287//253 292//258 
f 289//255 293//259 294//258 
f 295//260 291//257 296//261 
f 293//259 297//262 298//263 
f 299//264 295//260 300//265 
f 297//262 301//266 302//267 
f 303//268 299//264 304//269 
f 301//266 305//270 306//269 
f 307//271 303//268 308//272 
f 305//270 309//273 310//274 
f 311//275 307//271 312//276 
f 309//273 313//277 314//278 
f 315//279 311//275 316//280 
f 313//277 317//281 318//282 
f 319//283 315//279 320//284 
f 317//281 321//285 322//286 
f 323//287 319//283 324//288 
f 321//285 325//289 326//290 
f 327//291 323//287 328//292 
f 325//289 329//293 330//294 
f 331//295 327//291 332//296 
f 329//293 333//297 334//296 
f 335//298 331//295 336//299 
f 333//297 337//300 338//299 
f 339//301 335//298 340//302 
f 337//300 341//303 342//304 
f 343//305 339//301 344//306 
f 341//303 345//307 346//308 
f 347//309 343//305 348//310 
f 345//307 349//311 350//312 
f 351//313 347//309 352//314 
f 349//311 353//315 354//316 
f 355//317 351//313 356//318 
f 353//315 357//319 358//320 
f 359//321 355//317 360//322 
f 357//319 361//323 362//322 
f 363//324 359//321 364//325 
f 361//323 365//326 366//325 
f 367//327 363//324 368//328 
f 365//326 369//329 370//328 
f 371//330 367//327 372//331 
f 369//329 373//332 374//333 
f 375//334 371//330 376//335 
f 373//332 377//336 378//337 
f 379//338 375//334 380//339 
f 377//336 381//340 382//341 
f 383//342 379//338 384//343 
f 381//340 385//344 386//345 
f 387//346 383//342 388//347 
f 385//344 389//348 390//349 
f 391//350 387//346 392//351 
f 389//348 393//352 394//353 
f 395//354 391//350 396//355 
f 393//352 397//356 398//357 
f 399//358 395//354 400//359 
f 397//356 401//360 402//361 
f 403//362 399//358 404//363 
f 401//360 405//364 406//363 
f 407//365 403//362 408//366 
f 405//364 409//367 410//368 
f 411//369 407//365 412//370 
f 409//367 413//371 414//372 
f 415//373 411//369 416//374 
f 413//371 417//375 418//376 
f 419//377 415//373 420//378 
f 417//375 421//379 422//380 
f 423//381 419//377 424//382 
f 421//379 425//383 426//384 
f 427//385 423//381 428//386 
f 425//383 429//387 430//388 
s 4
f 431//389 427//385 432//390 
f 429//387 433//391 434//392 
f 435//393 431//389 436//394 
f 433//391 437//395 438//396 
f 439//397 435//393 440//398 
f 437//395 441//399 442//400 
f 443//401 439//397 444//402 
f 441//399 445//403 446//404 
f 447//405 443//401 448//406 
f 445//403 449//407 450//408 
f 451//409 447//405 452//410 
f 449//407 453//411 454//410 
f 455//412 451//409 456//413 
f 453//411 457//414 458//413 
f 459//415 455//412 460//416 
f 457//414 461//417 462//416 
f 463//418 459//415 464//419 
f 461//417 465//420 466//421 
f 467//422 463//418 468//423 
f 465//420 469//424 470//425 
f 471//426 467//422 472//427 
f 469//424 473//428 474//429 
f 475//430 471//426 476//431 
f 473//428 477//432 478//433 
f 479//434 475//430 480//435 
f 477//432 481//436 482//437 
f 483//438 479//434 484//439 
f 481//436 485//440 486//441 
f 487//442 483//438 488//443 
f 485//440 489//444 490//445 
f 491//446 487//442 492//447 
f 489//444 493//448 494//449 
f 495//450 491//446 496//451 
f 493//448 497//452 498//451 
f 499//453 495//450 500//454 
f 497//452 501//455 502//456 
f 503//457 499//453 504//458 
f 501//455 505//459 506//460 
f 507//461 503//457 508//462 
f 505//459 509//463 510//464 
f 511//465 507//461 512//466 
f 509//463 513//467 514//468 
f 515//469 511//465 516//470 
f 513//467 517//471 518//472 
f 519//473 515//469 520//474 
f 517//471 521//475 522//476 
f 523//477 519//473 524//478 
f 521//475 525//479 526//480 
f 527//481 523//477 528//482 
f 525//479 529//483 530//484 
f 531//485 527//481 532//486 
f 529//483 533//487 534//488 
f 535//489 531//485 536//490 
f 533//487 537//491 538//492 
f 539//493 535//489 540//494 
f 537//491 541//495 542//496 
f 543//497 539//493 544//498 
f 541//495 545//499 546//500 
f 547//501 543//497 548//502 
f 545//499 549//503 550//504 
f 551//505 547//501 552//506 
f 549//503 553//507 554//508 
f 555//509 551//505 556//510 
f 553//507 557//511 558//512 
f 559//513 555//509 560//514 
f 557//511 561//515 562//516 
f 563//517 559//513 564//518 
f 561//515 565//519 566//520 
f 567//521 563//517 568//522 
f 565//519 569//523 570//524 
f 571//525 567//521 572//526 
f 569//523 573//527 574//528 
f 575//529 571//525 576//530 
f 573//527 577//531 578//532 
f 579//533 575//529 580//534 
f 577//531 581//535 582//534 
f 583//536 579//533 584//537 
f 581//535 585//538 586//539 
f 587//540 583//536 588//541 
f 585//538 589//542 590//543 
f 591//544 587//540 592//545 
f 589//542 593//546 594//545 
f 595//547 591//544 596//548 
f 593//546 597//549 598//550 
f 599//551 595//547 600//552 
f 597//549 601//553 602//552 
f 603//554 599//551 604//555 
f 601//553 605//556 606//557 
f 607//558 603//554 608//559 
f 605//556 609//560 610//561 
f 611//562 607//558 612//563 
f 609//560 613//564 614//565 
f 615//566 611//562 616//567 
f 613//564 617//568 618//569 
f 619//570 615//566 620//571 
f 617//568 621//572 622//573 
f 623//574 619//570 624//575 
f 621//572 625//576 626//577 
f 627//578 623//574 628//579 
f 625//576 629//580 630//581 
f 631//582 627//578 632//583 
f 629//580 633//584 634//585 
f 635//586 631//582 636//587 
f 633//584 637//588 638//589 
f 639//590 635//586 640//591 
f 637//588 641//592 642//591 
f 643//593 639//590 644//594 
f 641//592 645//595 646//596 
s 2
f 647//597 643//593 648//598 
f 645//595 649//599 650//600 
f 651//601 647//597 652//602 
f 649//599 653//603 654//602 
f 655//604 651//601 656//605 
f 653//603 657//606 658//607 
f 659//608 655//604 660//609 
f 657//606 661//610 662//609 
f 663//611 659//608 664//612 
f 661//610 665//613 666//612 
f 667//614 663//611 668//615 
f 665//613 669//616 670//615 
f 671//617 667//614 672//618 
f 669//616 673//619 674//620 
f 675//621 671//617 676//622 
f 673//619 677//623 678//624 
f 679//625 675//621 680//626 
f 677//623 681//627 682//628 
f 683//629 679//625 684//630 
f 681//627 685//631 686//630 
f 687//632 683//629 688//633 
f 685//631 689//634 690//633 
f 691//635 687//632 692//636 
f 689//634 693//637 694//638 
f 695//639 691//635 696//640 
f 693//637 697//641 698//640 
f 699//642 695//639 700//643 
f 697//641 701//644 702//645 
f 703//646 699//642 704//647 
f 701//644 705//648 706//649 
f 707//650 703//646 708//651 
f 705//648 709//652 710//653 
f 711//654 707//650 712//655 
f 709//652 713//656 714//657 
f 715//658 711//654 716//659 
f 713//656 717//660 718//661 
s 5
f 2//2 715//658 719//662 
f 717//660 4//4 720//663 
s 1
f 721//664 722//665 723//666 
f 724//667 725//668 726//669 
s 3
f 727//670 721//664 728//671 
f 725//668 729//672 730//673 
s 2
f 731//674 727//670 732//675 
f 729//672 733//676 734//677 
f 735//678 731//674 736//679 
f 733//676 737//680 738//681 
f 739//682 735//678 740//683 
f 737//680 741//684 742//685 
f 743//686 739//682 744//687 
f 741//684 745//688 746//689 
f 747//690 743//686 748//691 
f 745//688 749//692 750//693 
f 751//694 747//690 752//695 
f 749//692 753//696 754//695 
f 755//697 751//694 756//698 
f 753//696 757//699 758//698 
f 759//700 755//697 760//701 
f 757//699 761//702 762//701 
f 763//703 759//700 764//704 
f 761//702 765//705 766//704 
f 767//706 763//703 768//707 
f 765//705 769//708 770//707 
f 771//709 767//706 772//710 
f 769//708 773//711 774//712 
f 775//713 771//709 776//714 
f 773//711 777//715 778//716 
f 779//717 775//713 780//718 
f 777//715 781//719 782//720 
f 783//721 779//717 784//722 
f 781//719 785//723 786//724 
f 787//725 783//721 788//726 
f 785//723 789//727 790//728 
f 791//729 787//725 792//730 
f 789//727 793//731 794//732 
f 795//733 791//729 796//734 
f 793//731 797//735 798//736 
f 799//737 795//733 800//738 
f 797//735 801//739 802//740 
f 803//741 799//737 804//742 
f 801//739 805//743 806//744 
f 807//745 803//741 808//746 
f 805//743 809//747 810//748 
f 811//749 807//745 812//750 
f 809//747 813//751 814//752 
f 815//753 811//749 816//754 
f 813//751 817//755 818//756 
f 819//757 815//753 820//758 
f 817//755 821//759 822//758 
f 823//760 819//757 824//761 
f 821//759 825//762 826//763 
f 827//764 823//760 828//765 
f 825//762 829//766 830//767 
f 831//768 827//764 832//769 
f 829//766 833//770 834//771 
f 835//772 831//768 836//773 
f 833//770 837//774 838//775 
f 839//776 835//772 840//777 
f 837//774 841//778 842//779 
f 843//780 839//776 844//781 
f 841//778 845//782 846//783 
f 847//784 843//780 848//785 
f 845//782 849//786 850//787 
f 851//788 847//784 852//789 
f 849//786 853//790 854//791 
f 855//792 851//788 856//793 
f 853//790 857//794 858//795 
f 859//796 855//792 860//797 
f 857//794 861//798 862//799 
s 3
f 722//665 859//796 863//800 
f 861//798 724//667 864//801 
s 16
f 501//455 865//802 857//794 866//802 
f 501//455 866//802 853//790 867//802 
f 501//455 867//802 849//786 868//802 
f 501//455 868//802 845//782 869//802 
f 501//455 869//802 841//778 870//802 
f 501//455 870//802 837//774 871//802 
f 501//455 871//802 833//770 872//802 
f 501//455 872//802 829//766 873//802 
f 205//179 201//135 874//802 
f 205//179 874//802 197//176 875//802 
f 209//182 205//179 876//802 
f 209//182 876//802 193//172 877//802 
f 213//186 209//182 878//802 
f 213//186 878//802 189//168 879//802 
f 213//186 879//802 185//164 880//802 
f 217//190 213//186 881//802 
f 217//190 881//802 181//160 882//802 
f 217//190 882//802 177//156 883//802 
f 217//190 883//802 173//153 884//802 
f 221//194 217//190 885//802 
f 221//194 885//802 169//150 886//802 
f 225//198 221//194 887//802 
f 225//198 887//802 165//147 888//802 
f 229//202 225//198 889//802 
f 229//202 889//802 161//143 890//802 
f 233//206 229//202 891//802 
f 237//210 233//206 892//802 
f 237//210 892//802 157//140 893//802 
f 241//214 237//210 894//802 
f 245//217 241//214 895//802 
f 153//137 149//135 896//802 
f 245//217 895//802 153//137 897//802 
f 245//217 897//802 145//132 898//802 
f 249//219 245//217 899//802 
f 249//219 899//802 141//128 900//802 
f 249//219 900//802 137//125 901//802 
f 253//222 249//219 902//802 
f 253//222 902//802 133//122 903//802 
f 253//222 903//802 129//119 904//802 
f 257//226 253//222 905//802 
f 257//226 905//802 125//116 906//802 
f 257//226 906//802 121//112 907//802 
f 261//230 257//226 908//802 
f 261//230 908//802 117//108 909//802 
f 265//234 261//230 910//802 
f 265//234 910//802 113//104 911//802 
f 269//238 265//234 912//802 
f 269//238 912//802 109//100 913//802 
f 273//242 269//238 914//802 
f 273//242 914//802 105//96 915//802 
f 277//245 273//242 916//802 
f 277//245 916//802 101//92 917//802 
f 281//248 277//245 918//802 
f 281//248 918//802 97//88 919//802 
f 285//251 281//248 920//802 
f 285//251 920//802 93//85 921//802 
f 289//255 285//251 922//802 
f 293//259 289//255 923//802 
f 293//259 923//802 89//81 924//802 
f 297//262 293//259 925//802 
f 297//262 925//802 85//77 926//802 
f 301//266 297//262 927//802 
f 301//266 927//802 81//74 928//802 
f 305//270 301//266 929//802 
f 309//273 305//270 930//802 
f 309//273 930//802 77//70 931//802 
f 313//277 309//273 932//802 
f 313//277 932//802 73//66 933//802 
f 317//281 313//277 934//802 
f 317//281 934//802 69//62 935//802 
f 321//285 317//281 936//802 
f 321//285 936//802 65//59 937//802 
f 325//289 321//285 938//802 
f 329//293 325//289 939//802 
f 329//293 939//802 61//56 940//802 
f 333//297 329//293 941//802 
f 337//300 333//297 942//802 
f 337//300 942//802 57//52 943//802 
f 341//303 337//300 944//802 
f 345//307 341//303 945//802 
f 345//307 945//802 53//48 946//802 
f 349//311 345//307 947//802 
f 353//315 349//311 948//802 
f 357//319 353//315 949//802 
f 357//319 949//802 49//44 950//802 
f 361//323 357//319 951//802 
f 365//326 361//323 952//802 
f 369//329 365//326 953//802 
f 369//329 953//802 45//40 954//802 
f 373//332 369//329 955//802 
f 377//336 373//332 956//802 
f 381//340 377//336 957//802 
f 385//344 381//340 958//802 
f 389//348 385//344 959//802 
f 393//352 389//348 960//802 
f 393//352 960//802 41//36 961//802 
f 397//356 393//352 962//802 
f 401//360 397//356 963//802 
f 405//364 401//360 964//802 
f 409//367 405//364 965//802 
f 409//367 965//802 37//32 966//802 
f 413//371 409//367 967//802 
f 417//375 413//371 968//802 
f 421//379 417//375 969//802 
f 421//379 969//802 33//29 970//802 
f 425//383 421//379 971//802 
f 425//383 971//802 29//26 972//802 
f 429//387 425//383 973//802 
f 429//387 973//802 25//23 974//802 
f 429//387 974//802 21//20 975//802 
f 429//387 975//802 17//16 976//802 
f 429//387 976//802 13//12 977//802 
f 4//4 717//660 978//802 
f 5//5 4//4 979//802 
f 5//5 979//802 713//656 980//802 
f 9//8 5//5 981//802 
f 9//8 981//802 709//652 982//802 
f 9//8 982//802 705//648 983//802 
f 9//8 983//802 701//644 984//802 
f 429//387 977//802 9//8 985//802 
f 433//391 429//387 986//802 
f 433//391 986//802 697//641 987//802 
f 437//395 433//391 988//802 
f 441//399 437//395 989//802 
f 441//399 989//802 693//637 990//802 
f 445//403 441//399 991//802 
f 449//407 445//403 992//802 
f 449//407 992//802 689//634 993//802 
f 453//411 449//407 994//802 
f 457//414 453//411 995//802 
f 457//414 995//802 685//631 996//802 
f 461//417 457//414 997//802 
f 465//420 461//417 998//802 
f 465//420 998//802 681//627 999//802 
f 469//424 465//420 1000//802 
f 473//428 469//424 1001//802 
f 473//428 1001//802 677//623 1002//802 
f 477//432 473//428 1003//802 
f 477//432 1003//802 673//619 1004//802 
f 481//436 477//432 1005//802 
f 485//440 481//436 1006//802 
f 485//440 1006//802 669//616 1007//802 
f 489//444 485//440 1008//802 
f 493//448 489//444 1009//802 
f 493//448 1009//802 665//613 1010//802 
f 497//452 493//448 1011//802 
f 497//452 1011//802 661//610 1012//802 
f 501//455 497//452 1013//802 
f 501//455 1013//802 657//606 1014//802 
f 501//455 1014//802 653//603 1015//802 
f 501//455 1015//802 649//599 1016//802 
f 861//798 857//794 1017//802 
f 724//667 861//798 1018//802 
f 724//667 1018//802 645//595 1019//802 
f 725//668 724//667 1020//802 
f 725//668 1020//802 641//592 1021//802 
f 729//672 725//668 1022//802 
f 729//672 1022//802 637//588 1023//802 
f 733//676 729//672 1024//802 
f 733//676 1024//802 633//584 1025//802 
f 737//680 733//676 1026//802 
f 737//680 1026//802 629//580 1027//802 
f 741//684 737//680 1028//802 
f 741//684 1028//802 625//576 1029//802 
f 745//688 741//684 1030//802 
f 745//688 1030//802 621//572 1031//802 
f 749//692 745//688 1032//802 
f 749//692 1032//802 617//568 1033//802 
f 753//696 749//692 1034//802 
f 753//696 1034//802 613//564 1035//802 
f 757//699 753//696 1036//802 
f 757//699 1036//802 609//560 1037//802 
f 761//702 757//699 1038//802 
f 761//702 1038//802 605//556 1039//802 
f 765//705 761//702 1040//802 
f 765//705 1040//802 601//553 1041//802 
f 769//708 765//705 1042//802 
f 769//708 1042//802 597//549 1043//802 
f 773//711 769//708 1044//802 
f 773//711 1044//802 593//546 1045//802 
f 777//715 773//711 1046//802 
f 777//715 1046//802 589//542 1047//802 
f 777//715 1047//802 585//538 1048//802 
f 781//719 777//715 1049//802 
f 781//719 1049//802 581//535 1050//802 
f 785//723 781//719 1051//802 
f 789//727 785//723 1052//802 
f 789//727 1052//802 577//531 1053//802 
f 793//731 789//727 1054//802 
f 793//731 1054//802 573//527 1055//802 
f 797//735 793//731 1056//802 
f 797//735 1056//802 569//523 1057//802 
f 801//739 797//735 1058//802 
f 801//739 1058//802 565//519 1059//802 
f 805//743 801//739 1060//802 
f 805//743 1060//802 561//515 1061//802 
f 809//747 805//743 1062//802 
f 809//747 1062//802 557//511 1063//802 
f 813//751 809//747 1064//802 
f 813//751 1064//802 553//507 1065//802 
f 817//755 813//751 1066//802 
f 817//755 1066//802 549//503 1067//802 
f 821//759 817//755 1068//802 
f 825//762 821//759 1069//802 
f 825//762 1069//802 545//499 1070//802 
f 825//762 1070//802 541//495 1071//802 
f 825//762 1071//802 537//491 1072//802 
f 825//762 1072//802 533//487 1073//802 
f 825//762 1073//802 529//483 1074//802 
f 825//762 1074//802 525//479 1075//802 
f 825//762 1075//802 521//475 1076//802 
f 825//762 1076//802 517//471 1077//802 
f 825//762 1077//802 513//467 1078//802 
f 825//762 1078//802 509//463 1079//802 
f 501//455 873//802 825//762 1080//802 
f 711//654 715//658 1081//803 
f 711//654 1081//803 2//2 1082//803 
f 707//650 711//654 1083//803 
f 707//650 1083//803 1//1 1084//803 
f 703//646 707//650 1085//803 
f 699//642 703//646 1086//803 
f 695//639 699//642 1087//803 
f 143//130 147//133 1088//803 
f 195//174 199//133 1089//803 
f 191//170 195//174 1090//803 
f 191//170 1090//803 203//178 1091//803 
f 187//166 191//170 1092//803 
f 187//166 1092//803 207//180 1093//803 
f 183//162 187//166 1094//803 
f 179//158 183//162 1095//803 
f 179//158 1095//803 211//184 1096//803 
f 175//154 179//158 1097//803 
f 171//151 175//154 1098//803 
f 167//148 171//151 1099//803 
f 167//148 1099//803 215//188 1100//803 
f 163//145 167//148 1101//803 
f 163//145 1101//803 219//192 1102//803 
f 159//141 163//145 1103//803 
f 159//141 1103//803 223//196 1104//803 
f 155//138 159//141 1105//803 
f 155//138 1105//803 227//200 1106//803 
f 155//138 1106//803 231//204 1107//803 
f 151//136 155//138 1108//803 
f 151//136 1108//803 235//208 1109//803 
f 151//136 1109//803 239//212 1110//803 
f 143//130 1088//803 151//136 1111//803 
f 139//126 143//130 1112//803 
f 139//126 1112//803 243//216 1113//803 
f 135//123 139//126 1114//803 
f 131//120 135//123 1115//803 
f 131//120 1115//803 247//218 1116//803 
f 127//117 131//120 1117//803 
f 123//114 127//117 1118//803 
f 123//114 1118//803 251//220 1119//803 
f 119//110 123//114 1120//803 
f 115//106 119//110 1121//803 
f 115//106 1121//803 255//224 1122//803 
f 111//102 115//106 1123//803 
f 111//102 1123//803 259//228 1124//803 
f 107//98 111//102 1125//803 
f 107//98 1125//803 263//232 1126//803 
f 103//94 107//98 1127//803 
f 103//94 1127//803 267//236 1128//803 
f 99//90 103//94 1129//803 
f 99//90 1129//803 271//240 1130//803 
f 95//86 99//90 1131//803 
f 95//86 1131//803 275//243 1132//803 
f 91//83 95//86 1133//803 
f 91//83 1133//803 279//246 1134//803 
f 87//79 91//83 1135//803 
f 87//79 1135//803 283//249 1136//803 
f 87//79 1136//803 287//253 1137//803 
f 83//75 87//79 1138//803 
f 83//75 1138//803 291//257 1139//803 
f 79//72 83//75 1140//803 
f 79//72 1140//803 295//260 1141//803 
f 75//68 79//72 1142//803 
f 75//68 1142//803 299//264 1143//803 
f 75//68 1143//803 303//268 1144//803 
f 71//64 75//68 1145//803 
f 71//64 1145//803 307//271 1146//803 
f 67//60 71//64 1147//803 
f 67//60 1147//803 311//275 1148//803 
f 63//57 67//60 1149//803 
f 63//57 1149//803 315//279 1150//803 
f 59//54 63//57 1151//803 
f 59//54 1151//803 319//283 1152//803 
f 59//54 1152//803 323//287 1153//803 
f 55//50 59//54 1154//803 
f 55//50 1154//803 327//291 1155//803 
f 55//50 1155//803 331//295 1156//803 
f 51//46 55//50 1157//803 
f 51//46 1157//803 335//298 1158//803 
f 51//46 1158//803 339//301 1159//803 
f 47//42 51//46 1160//803 
f 47//42 1160//803 343//305 1161//803 
f 47//42 1161//803 347//309 1162//803 
f 47//42 1162//803 351//313 1163//803 
f 43//38 47//42 1164//803 
f 43//38 1164//803 355//317 1165//803 
f 43//38 1165//803 359//321 1166//803 
f 43//38 1166//803 363//324 1167//803 
f 39//34 43//38 1168//803 
f 39//34 1168//803 367//327 1169//803 
f 39//34 1169//803 371//330 1170//803 
f 39//34 1170//803 375//334 1171//803 
f 39//34 1171//803 379//338 1172//803 
f 39//34 1172//803 383//342 1173//803 
f 39//34 1173//803 387//346 1174//803 
f 35//30 39//34 1175//803 
f 35//30 1175//803 391//350 1176//803 
f 35//30 1176//803 395//354 1177//803 
f 35//30 1177//803 399//358 1178//803 
f 35//30 1178//803 403//362 1179//803 
f 31//27 35//30 1180//803 
f 31//27 1180//803 407//365 1181//803 
f 31//27 1181//803 411//369 1182//803 
f 31//27 1182//803 415//373 1183//803 
f 27//24 31//27 1184//803 
f 27//24 1184//803 419//377 1185//803 
f 23//21 27//24 1186//803 
f 23//21 1186//803 423//381 1187//803 
f 19//18 23//21 1188//803 
f 15//14 19//18 1189//803 
f 11//10 15//14 1190//803 
f 7//6 11//10 1191//803 
f 695//639 1087//803 7//6 1192//803 
f 695//639 1192//803 427//385 1193//803 
f 691//635 695//639 1194//803 
f 691//635 1194//803 431//389 1195//803 
f 691//635 1195//803 435//393 1196//803 
f 687//632 691//635 1197//803 
f 687//632 1197//803 439//397 1198//803 
f 687//632 1198//803 443//401 1199//803 
f 683//629 687//632 1200//803 
f 683//629 1200//803 447//405 1201//803 
f 683//629 1201//803 451//409 1202//803 
f 679//625 683//629 1203//803 
f 679//625 1203//803 455//412 1204//803 
f 679//625 1204//803 459//415 1205//803 
f 675//621 679//625 1206//803 
f 675//621 1206//803 463//418 1207//803 
f 675//621 1207//803 467//422 1208//803 
f 671//617 675//621 1209//803 
f 671//617 1209//803 471//426 1210//803 
f 667//614 671//617 1211//803 
f 667//614 1211//803 475//430 1212//803 
f 667//614 1212//803 479//434 1213//803 
f 663//611 667//614 1214//803 
f 663//611 1214//803 483//438 1215//803 
f 663//611 1215//803 487//442 1216//803 
f 659//608 663//611 1217//803 
f 659//608 1217//803 491//446 1218//803 
f 655//604 659//608 1219//803 
f 655//604 1219//803 495//450 1220//803 
f 651//601 655//604 1221//803 
f 647//597 651//601 1222//803 
f 643//593 647//597 1223//803 
f 643//593 1223//803 499//453 1224//803 
f 643//593 1224//803 855//792 1225//803 
f 643//593 1225//803 859//796 1226//803 
f 639//590 643//593 1227//803 
f 639//590 1227//803 722//665 1228//803 
f 635//586 639//590 1229//803 
f 635//586 1229//803 721//664 1230//803 
f 631//582 635//586 1231//803 
f 631//582 1231//803 727//670 1232//803 
f 627//578 631//582 1233//803 
f 627//578 1233//803 731//674 1234//803 
f 623//574 627//578 1235//803 
f 623//574 1235//803 735//678 1236//803 
f 619//570 623//574 1237//803 
f 619//570 1237//803 739//682 1238//803 
f 615//566 619//570 1239//803 
f 615//566 1239//803 743//686 1240//803 
f 611//562 615//566 1241//803 
f 611//562 1241//803 747//690 1242//803 
f 607//558 611//562 1243//803 
f 607//558 1243//803 751//694 1244//803 
f 603//554 607//558 1245//803 
f 603//554 1245//803 755//697 1246//803 
f 599//551 603//554 1247//803 
f 599//551 1247//803 759//700 1248//803 
f 595//547 599//551 1249//803 
f 595//547 1249//803 763//703 1250//803 
f 591//544 595//547 1251//803 
f 591//544 1251//803 767//706 1252//803 
f 587//540 591//544 1253//803 
f 587//540 1253//803 771//709 1254//803 
f 583//536 587//540 1255//803 
f 579//533 583//536 1256//803 
f 579//533 1256//803 775//713 1257//803 
f 575//529 579//533 1258//803 
f 575//529 1258//803 779//717 1259//803 
f 575//529 1259//803 783//721 1260//803 
f 571//525 575//529 1261//803 
f 571//525 1261//803 787//725 1262//803 
f 567//521 571//525 1263//803 
f 567//521 1263//803 791//729 1264//803 
f 563//517 567//521 1265//803 
f 563//517 1265//803 795//733 1266//803 
f 559//513 563//517 1267//803 
f 559//513 1267//803 799//737 1268//803 
f 555//509 559//513 1269//803 
f 555//509 1269//803 803//741 1270//803 
f 551//505 555//509 1271//803 
f 551//505 1271//803 807//745 1272//803 
f 547//501 551//505 1273//803 
f 547//501 1273//803 811//749 1274//803 
f 543//497 547//501 1275//803 
f 543//497 1275//803 815//753 1276//803 
f 543//497 1276//803 819//757 1277//803 
f 539//493 543//497 1278//803 
f 535//489 539//493 1279//803 
f 531//485 535//489 1280//803 
f 527//481 531//485 1281//803 
f 523//477 527//481 1282//803 
f 519//473 523//477 1283//803 
f 515//469 519//473 1284//803 
f 511//465 515//469 1285//803 
f 507//461 511//465 1286//803 
f 503//457 507//461 1287//803 
f 499//453 503//457 1288//803 
f 499//453 1288//803 823//760 1289//803 
f 499//453 1289//803 827//764 1290//803 
f 499//453 1290//803 831//768 1291//803 
f 499//453 1291//803 835//772 1292//803 
f 499//453 1292//803 839//776 1293//803 
f 499//453 1293//803 843//780 1294//803 
f 499//453 1294//803 847//784 1295//803 
f 499//453 1295//803 851//788 1296//803 
s 1
f 3//3 2//2 4//4 
f 1//1 3//3 4//4 6//3 
f 6//3 5//5 1//1 
s 3
f 8//7 1//1 5//5 
f 7//6 8//7 5//5 10//9 
f 10//9 9//8 7//6 
s 2
f 12//11 7//6 9//8 
f 11//10 12//11 9//8 14//13 
f 14//13 13//12 11//10 
f 16//15 11//10 13//12 
f 15//14 16//15 13//12 18//17 
f 18//17 17//16 15//14 
f 20//19 15//14 17//16 
f 19//18 20//19 17//16 22//19 
f 22//19 21//20 19//18 
f 24//22 19//18 21//20 
f 23//21 24//22 21//20 26//22 
f 26//22 25//23 23//21 
f 28//25 23//21 25//23 
f 27//24 28//25 25//23 30//25 
f 30//25 29//26 27//24 
f 32//28 27//24 29//26 
f 31//27 32//28 29//26 34//28 
f 34//28 33//29 31//27 
f 36//31 31//27 33//29 
f 35//30 36//31 33//29 38//33 
f 38//33 37//32 35//30 
f 40//35 35//30 37//32 
f 39//34 40//35 37//32 42//37 
f 42//37 41//36 39//34 
f 44//39 39//34 41//36 
f 43//38 44//39 41//36 46//41 
f 46//41 45//40 43//38 
f 48//43 43//38 45//40 
f 47//42 48//43 45//40 50//45 
f 50//45 49//44 47//42 
f 52//47 47//42 49//44 
f 51//46 52//47 49//44 54//49 
f 54//49 53//48 51//46 
f 56//51 51//46 53//48 
f 55//50 56//51 53//48 58//53 
f 58//53 57//52 55//50 
f 60//55 55//50 57//52 
f 59//54 60//55 57//52 62//55 
f 62//55 61//56 59//54 
f 64//58 59//54 61//56 
f 63//57 64//58 61//56 66//58 
f 66//58 65//59 63//57 
f 68//61 63//57 65//59 
f 67//60 68//61 65//59 70//63 
f 70//63 69//62 67//60 
f 72//65 67//60 69//62 
f 71//64 72//65 69//62 74//67 
f 74//67 73//66 71//64 
f 76//69 71//64 73//66 
f 75//68 76//69 73//66 78//71 
f 78//71 77//70 75//68 
f 80//73 75//68 77//70 
f 79//72 80//73 77//70 82//73 
f 82//73 81//74 79//72 
f 84//76 79//72 81//74 
f 83//75 84//76 81//74 86//78 
f 86//78 85//77 83//75 
f 88//80 83//75 85//77 
f 87//79 88//80 85//77 90//82 
f 90//82 89//81 87//79 
f 92//84 87//79 89//81 
f 91//83 92//84 89//81 94//84 
f 94//84 93//85 91//83 
f 96//87 91//83 93//85 
f 95//86 96//87 93//85 98//89 
f 98//89 97//88 95//86 
f 100//91 95//86 97//88 
f 99//90 100//91 97//88 102//93 
f 102//93 101//92 99//90 
f 104//95 99//90 101//92 
f 103//94 104//95 101//92 106//97 
f 106//97 105//96 103//94 
f 108//99 103//94 105//96 
f 107//98 108//99 105//96 110//101 
f 110//101 109//100 107//98 
f 112//103 107//98 109//100 
f 111//102 112//103 109//100 114//105 
f 114//105 113//104 111//102 
f 116//107 111//102 113//104 
f 115//106 116//107 113//104 118//109 
f 118//109 117//108 115//106 
f 120//111 115//106 117//108 
f 119//110 120//111 117//108 122//113 
f 122//113 121//112 119//110 
f 124//115 119//110 121//112 
f 123//114 124//115 121//112 126//115 
f 126//115 125//116 123//114 
f 128//118 123//114 125//116 
f 127//117 128//118 125//116 130//118 
f 130//118 129//119 127//117 
f 132//121 127//117 129//119 
f 131//120 132//121 129//119 134//121 
f 134//121 133//122 131//120 
f 136//124 131//120 133//122 
f 135//123 136//124 133//122 138//124 
f 138//124 137//125 135//123 
f 140//127 135//123 137//125 
f 139//126 140//127 137//125 142//129 
f 142//129 141//128 139//126 
s 4
f 144//131 139//126 141//128 
f 143//130 144//131 141//128 146//131 
f 146//131 145//132 143//130 
s 2
f 148//134 143//130 145//132 
f 147//133 148//134 145//132 150//134 
f 150//134 149//135 147//133 
s 4
f 152//131 147//133 149//135 
f 151//136 152//131 149//135 154//131 
f 154//131 153//137 151//136 
s 2
f 156//139 151//136 153//137 
f 155//138 156//139 153//137 158//139 
f 158//139 157//140 155//138 
s 4
f 160//142 155//138 157//140 
f 159//141 160//142 157//140 162//144 
f 162//144 161//143 159//141 
f 164//146 159//141 161//143 
f 163//145 164//146 161//143 166//146 
f 166//146 165//147 163//145 
f 168//149 163//145 165//147 
f 167//148 168//149 165//147 170//149 
f 170//149 169//150 167//148 
f 172//152 167//148 169//150 
f 171//151 172//152 169//150 174//152 
f 174//152 173//153 171//151 
f 176//155 171//151 173//153 
f 175//154 176//155 173//153 178//157 
f 178//157 177//156 175//154 
f 180//159 175//154 177//156 
f 179//158 180//159 177//156 182//161 
f 182//161 181//160 179//158 
f 184//163 179//158 181//160 
f 183//162 184//163 181//160 186//165 
f 186//165 185//164 183//162 
f 188//167 183//162 185//164 
f 187//166 188//167 185//164 190//169 
f 190//169 189//168 187//166 
f 192//171 187//166 189//168 
f 191//170 192//171 189//168 194//173 
f 194//173 193//172 191//170 
s 2
f 196//175 191//170 193//172 
f 195//174 196//175 193//172 198//175 
f 198//175 197//176 195//174 
s 4
f 200//177 195//174 197//176 
f 199//133 200//177 197//176 202//134 
f 202//134 201//135 199//133 
s 2
f 204//131 199//133 201//135 
f 203//178 204//131 201//135 206//131 
f 206//131 205//179 203//178 
s 4
f 208//181 203//178 205//179 
f 207//180 208//181 205//179 210//183 
f 210//183 209//182 207//180 
f 212//185 207//180 209//182 
f 211//184 212//185 209//182 214//187 
f 214//187 213//186 211//184 
f 216//189 211//184 213//186 
f 215//188 216//189 213//186 218//191 
f 218//191 217//190 215//188 
f 220//193 215//188 217//190 
f 219//192 220//193 217//190 222//195 
f 222//195 221//194 219//192 
f 224//197 219//192 221//194 
f 223//196 224//197 221//194 226//199 
f 226//199 225//198 223//196 
f 228//201 223//196 225//198 
f 227//200 228//201 225//198 230//203 
f 230//203 229//202 227//200 
f 232//205 227//200 229//202 
f 231//204 232//205 229//202 234//207 
f 234//207 233//206 231//204 
f 236//209 231//204 233//206 
f 235//208 236//209 233//206 238//211 
f 238//211 237//210 235//208 
f 240//213 235//208 237//210 
f 239//212 240//213 237//210 242//215 
f 242//215 241//214 239//212 
s 2
f 244//134 239//212 241//214 
f 243//216 244//134 241//214 246//134 
f 246//134 245//217 243//216 
s 4
f 248//175 243//216 245//217 
f 247//218 248//175 245//217 250//175 
f 250//175 249//219 247//218 
s 2
f 252//221 247//218 249//219 
f 251//220 252//221 249//219 254//223 
f 254//223 253//222 251//220 
f 256//225 251//220 253//222 
f 255//224 256//225 253//222 258//227 
f 258//227 257//226 255//224 
f 260//229 255//224 257//226 
f 259//228 260//229 257//226 262//231 
f 262//231 261//230 259//228 
f 264//233 259//228 261//230 
f 263//232 264//233 261//230 266//235 
f 266//235 265//234 263//232 
f 268//237 263//232 265//234 
f 267//236 268//237 265//234 270//239 
f 270//239 269//238 267//236 
f 272//241 267//236 269//238 
f 271//240 272//241 269//238 274//241 
f 274//241 273//242 271//240 
f 276//244 271//240 273//242 
f 275//243 276//244 273//242 278//244 
f 278//244 277//245 275//243 
f 280//247 275//243 277//245 
f 279//246 280//247 277//245 282//247 
f 282//247 281//248 279//246 
f 284//250 279//246 281//248 
f 283//249 284//250 281//248 286//252 
f 286//252 285//251 283//249 
f 288//254 283//249 285//251 
f 287//253 288//254 285//251 290//256 
f 290//256 289//255 287//253 
f 292//258 287//253 289//255 
f 291//257 292//258 289//255 294//258 
f 294//258 293//259 291//257 
f 296//261 291//257 293//259 
f 295//260 296//261 293//259 298//263 
f 298//263 297//262 295//260 
f 300//265 295//260 297//262 
f 299//264 300//265 297//262 302//267 
f 302//267 301//266 299//264 
f 304//269 299//264 301//266 
f 303//268 304//269 301//266 306//269 
f 306//269 305//270 303//268 
f 308//272 303//268 305//270 
f 307//271 308//272 305//270 310//274 
f 310//274 309//273 307//271 
f 312//276 307//271 309//273 
f 311//275 312//276 309//273 314//278 
f 314//278 313//277 311//275 
f 316//280 311//275 313//277 
f 315//279 316//280 313//277 318//282 
f 318//282 317//281 315//279 
f 320//284 315//279 317//281 
f 319//283 320//284 317//281 322//286 
f 322//286 321//285 319//283 
f 324//288 319//283 321//285 
f 323//287 324//288 321//285 326//290 
f 326//290 325//289 323//287 
f 328//292 323//287 325//289 
f 327//291 328//292 325//289 330//294 
f 330//294 329//293 327//291 
f 332//296 327//291 329//293 
f 331//295 332//296 329//293 334//296 
f 334//296 333//297 331//295 
f 336//299 331//295 333//297 
f 335//298 336//299 333//297 338//299 
f 338//299 337//300 335//298 
f 340//302 335//298 337//300 
f 339//301 340//302 337//300 342//304 
f 342//304 341//303 339//301 
f 344//306 339//301 341//303 
f 343//305 344//306 341//303 346//308 
f 346//308 345//307 343//305 
f 348//310 343//305 345//307 
f 347//309 348//310 345//307 350//312 
f 350//312 349//311 347//309 
f 352//314 347//309 349//311 
f 351//313 352//314 349//311 354//316 
f 354//316 353//315 351//313 
f 356//318 351//313 353//315 
f 355//317 356//318 353//315 358//320 
f 358//320 357//319 355//317 
f 360//322 355//317 357//319 
f 359//321 360//322 357//319 362//322 
f 362//322 361//323 359//321 
f 364//325 359//321 361//323 
f 363//324 364//325 361//323 366//325 
f 366//325 365//326 363//324 
f 368//328 363//324 365//326 
f 367//327 368//328 365//326 370//328 
f 370//328 369//329 367//327 
f 372//331 367//327 369//329 
f 371//330 372//331 369//329 374//333 
f 374//333 373//332 371//330 
f 376//335 371//330 373//332 
f 375//334 376//335 373//332 378//337 
f 378//337 377//336 375//334 
f 380//339 375//334 377//336 
f 379//338 380//339 377//336 382//341 
f 382//341 381//340 379//338 
f 384//343 379//338 381//340 
f 383//342 384//343 381//340 386//345 
f 386//345 385//344 383//342 
f 388//347 383//342 385//344 
f 387//346 388//347 385//344 390//349 
f 390//349 389//348 387//346 
f 392//351 387//346 389//348 
f 391//350 392//351 389//348 394//353 
f 394//353 393//352 391//350 
f 396//355 391//350 393//352 
f 395//354 396//355 393//352 398//357 
f 398//357 397//356 395//354 
f 400//359 395//354 397//356 
f 399//358 400//359 397//356 402//361 
f 402//361 401//360 399//358 
f 404//363 399//358 401//360 
f 403//362 404//363 401//360 406//363 
f 406//363 405//364 403//362 
f 408//366 403//362 405//364 
f 407//365 408//366 405//364 410//368 
f 410//368 409//367 407//365 
f 412//370 407//365 409//367 
f 411//369 412//370 409//367 414//372 
f 414//372 413//371 411//369 
f 416//374 411//369 413//371 
f 415//373 416//374 413//371 418//376 
f 418//376 417//375 415//373 
f 420//378 415//373 417//375 
f 419//377 420//378 417//375 422//380 
f 422//380 421//379 419//377 
f 424//382 419//377 421//379 
f 423//381 424//382 421//379 426//384 
f 426//384 425//383 423//381 
f 428//386 423//381 425//383 
f 427//385 428//386 425//383 430//388 
f 430//388 429//387 427//385 
s 4
f 432//390 427//385 429//387 
f 431//389 432//390 429//387 434//392 
f 434//392 433//391 431//389 
f 436//394 431//389 433//391 
f 435//393 436//394 433//391 438//396 
f 438//396 437//395 435//393 
f 440//398 435//393 437//395 
f 439//397 440//398 437//395 442//400 
f 442//400 441//399 439//397 
f 444//402 439//397 441//399 
f 443//401 444//402 441//399 446//404 
f 446//404 445//403 443//401 
f 448//406 443//401 445//403 
f 447//405 448//406 445//403 450//408 
f 450//408 449//407 447//405 
f 452//410 447//405 449//407 
f 451//409 452//410 449//407 454//410 
f 454//410 453//411 451//409 
f 456//413 451//409 453//411 
f 455//412 456//413 453//411 458//413 
f 458//413 457//414 455//412 
f 460//416 455//412 457//414 
f 459//415 460//416 457//414 462//416 
f 462//416 461//417 459//415 
f 464//419 459//415 461//417 
f 463//418 464//419 461//417 466//421 
f 466//421 465//420 463//418 
f 468//423 463//418 465//420 
f 467//422 468//423 465//420 470//425 
f 470//425 469//424 467//422 
f 472//427 467//422 469//424 
f 471//426 472//427 469//424 474//429 
f 474//429 473//428 471//426 
f 476//431 471//426 473//428 
f 475//430 476//431 473//428 478//433 
f 478//433 477//432 475//430 
f 480//435 475//430 477//432 
f 479//434 480//435 477//432 482//437 
f 482//437 481//436 479//434 
f 484//439 479//434 481//436 
f 483//438 484//439 481//436 486//441 
f 486//441 485//440 483//438 
f 488//443 483//438 485//440 
f 487//442 488//443 485//440 490//445 
f 490//445 489//444 487//442 
f 492//447 487//442 489//444 
f 491//446 492//447 489//444 494//449 
f 494//449 493//448 491//446 
f 496//451 491//446 493//448 
f 495//450 496//451 493//448 498//451 
f 498//451 497//452 495//450 
f 500//454 495//450 497//452 
f 499//453 500//454 497//452 502//456 
f 502//456 501//455 499//453 
f 504//458 499//453 501//455 
f 503//457 504//458 501//455 506//460 
f 506//460 505//459 503//457 
f 508//462 503//457 505//459 
f 507//461 508//462 505//459 510//464 
f 510//464 509//463 507//461 
f 512//466 507//461 509//463 
f 511//465 512//466 509//463 514//468 
f 514//468 513//467 511//465 
f 516//470 511//465 513//467 
f 515//469 516//470 513//467 518//472 
f 518//472 517//471 515//469 
f 520//474 515//469 517//471 
f 519//473 520//474 517//471 522//476 
f 522//476 521//475 519//473 
f 524//478 519//473 521//475 
f 523//477 524//478 521//475 526//480 
f 526//480 525//479 523//477 
f 528//482 523//477 525//479 
f 527//481 528//482 525//479 530//484 
f 530//484 529//483 527//481 
f 532//486 527//481 529//483 
f 531//485 532//486 529//483 534//488 
f 534//488 533//487 531//485 
f 536//490 531//485 533//487 
f 535//489 536//490 533//487 538//492 
f 538//492 537//491 535//489 
f 540//494 535//489 537//491 
f 539//493 540//494 537//491 542//496 
f 542//496 541//495 539//493 
f 544//498 539//493 541//495 
f 543//497 544//498 541//495 546//500 
f 546//500 545//499 543//497 
f 548//502 543//497 545//499 
f 547//501 548//502 545//499 550//504 
f 550//504 549//503 547//501 
f 552//506 547//501 549//503 
f 551//505 552//506 549//503 554//508 
f 554//508 553//507 551//505 
f 556//510 551//505 553//507 
f 555//509 556//510 553//507 558//512 
f 558//512 557//511 555//509 
f 560//514 555//509 557//511 
f 559//513 560//514 557//511 562//516 
f 562//516 561//515 559//513 
f 564//518 559//513 561//515 
f 563//517 564//518 561//515 566//520 
f 566//520 565//519 563//517 
f 568//522 563//517 565//519 
f 567//521 568//522 565//519 570//524 
f 570//524 569//523 567//521 
f 572//526 567//521 569//523 
f 571//525 572//526 569//523 574//528 
f 574//528 573//527 571//525 
f 576//530 571//525 573//527 
f 575//529 576//530 573//527 578//532 
f 578//532 577//531 575//529 
f 580//534 575//529 577//531 
f 579//533 580//534 577//531 582//534 
f 582//534 581//535 579//533 
f 584//537 579//533 581//535 
f 583//536 584//537 581//535 586//539 
f 586//539 585//538 583//536 
f 588//541 583//536 585//538 
f 587//540 588//541 585//538 590//543 
f 590//543 589//542 587//540 
f 592//545 587//540 589//542 
f 591//544 592//545 589//542 594//545 
f 594//545 593//546 591//544 
f 596//548 591//544 593//546 
f 595//547 596//548 593//546 598//550 
f 598//550 597//549 595//547 
f 600//552 595//547 597//549 
f 599//551 600//552 597//549 602//552 
f 602//552 601//553 599//551 
f 604//555 599//551 601//553 
f 603//554 604//555 601//553 606//557 
f 606//557 605//556 603//554 
f 608//559 603//554 605//556 
f 607//558 608//559 605//556 610//561 
f 610//561 609//560 607//558 
f 612//563 607//558 609//560 
f 611//562 612//563 609//560 614//565 
f 614//565 613//564 611//562 
f 616//567 611//562 613//564 
f 615//566 616//567 613//564 618//569 
f 618//569 617//568 615//566 
f 620//571 615//566 617//568 
f 619//570 620//571 617//568 622//573 
f 622//573 621//572 619//570 
f 624//575 619//570 621//572 
f 623//574 624//575 621//572 626//577 
f 626//577 625//576 623//574 
f 628//579 623//574 625//576 
f 627//578 628//579 625//576 630//581 
f 630//581 629//580 627//578 
f 632//583 627//578 629//580 
f 631//582 632//583 629//580 634//585 
f 634//585 633//584 631//582 
f 636//587 631//582 633//584 
f 635//586 636//587 633//584 638//589 
f 638//589 637//588 635//586 
f 640//591 635//586 637//588 
f 639//590 640//591 637//588 642//591 
f 642//591 641//592 639//590 
f 644//594 639//590 641//592 
f 643//593 644//594 641//592 646//596 
f 646//596 645//595 643//593 
s 2
f 648//598 643//593 645//595 
f 647//597 648//598 645//595 650//600 
f 650//600 649//599 647//597 
f 652//602 647//597 649//599 
f 651//601 652//602 649//599 654//602 
f 654//602 653//603 651//601 
f 656//605 651//601 653//603 
f 655//604 656//605 653//603 658//607 
f 658//607 657//606 655//604 
f 660//609 655//604 657//606 
f 659//608 660//609 657//606 662//609 
f 662//609 661//610 659//608 
f 664//612 659//608 661//610 
f 663//611 664//612 661//610 666//612 
f 666//612 665//613 663//611 
f 668//615 663//611 665//613 
f 667//614 668//615 665//613 670//615 
f 670//615 669//616 667//614 
f 672//618 667//614 669//616 
f 671//617 672//618 669//616 674//620 
f 674//620 673//619 671//617 
f 676//622 671//617 673//619 
f 675//621 676//622 673//619 678//624 
f 678//624 677//623 675//621 
f 680//626 675//621 677//623 
f 679//625 680//626 677//623 682//628 
f 682//628 681//627 679//625 
f 684//630 679//625 681//627 
f 683//629 684//630 681//627 686//630 
f 686//630 685//631 683//629 
f 688//633 683//629 685//631 
f 687//632 688//633 685//631 690//633 
f 690//633 689//634 687//632 
f 692//636 687//632 689//634 
f 691//635 692//636 689//634 694//638 
f 694//638 693//637 691//635 
f 696//640 691//635 693//637 
f 695//639 696//640 693//637 698//640 
f 698//640 697//641 695//639 
f 700//643 695//639 697//641 
f 699//642 700//643 697//641 702//645 
f 702//645 701//644 699//642 
f 704//647 699//642 701//644 
f 703//646 704//647 701//644 706//649 
f 706//649 705//648 703//646 
f 708//651 703//646 705//648 
f 707//650 708//651 705//648 710//653 
f 710//653 709//652 707//650 
f 712//655 707//650 709//652 
f 711//654 712//655 709//652 714//657 
f 714//657 713//656 711//654 
f 716//659 711//654 713//656 
f 715//658 716//659 713//656 718//661 
f 718//661 717//660 715//658 
s 5
f 719//662 715//658 717//660 
f 2//2 719//662 717//660 720//663 
f 720//663 4//4 2//2 
s 1
f 723//666 722//665 724//667 
f 721//664 723//666 724//667 726//669 
f 726//669 725//668 721//664 
s 3
f 728//671 721//664 725//668 
f 727//670 728//671 725//668 730//673 
f 730//673 729//672 727//670 
s 2
f 732//675 727//670 729//672 
f 731//674 732//675 729//672 734//677 
f 734//677 733//676 731//674 
f 736//679 731//674 733//676 
f 735//678 736//679 733//676 738//681 
f 738//681 737//680 735//678 
f 740//683 735//678 737//680 
f 739//682 740//683 737//680 742//685 
f 742//685 741//684 739//682 
f 744//687 739//682 741//684 
f 743//686 744//687 741//684 746//689 
f 746//689 745//688 743//686 
f 748//691 743//686 745//688 
f 747//690 748//691 745//688 750//693 
f 750//693 749//692 747//690 
f 752//695 747//690 749//692 
f 751//694 752//695 749//692 754//695 
f 754//695 753//696 751//694 
f 756//698 751//694 753//696 
f 755//697 756//698 753//696 758//698 
f 758//698 757//699 755//697 
f 760//701 755//697 757//699 
f 759//700 760//701 757//699 762//701 
f 762//701 761//702 759//700 
f 764//704 759//700 761//702 
f 763//703 764//704 761//702 766//704 
f 766//704 765//705 763//703 
f 768//707 763//703 765//705 
f 767//706 768//707 765//705 770//707 
f 770//707 769//708 767//706 
f 772//710 767//706 769//708 
f 771//709 772//710 769//708 774//712 
f 774//712 773//711 771//709 
f 776//714 771//709 773//711 
f 775//713 776//714 773//711 778//716 
f 778//716 777//715 775//713 
f 780//718 775//713 777//715 
f 779//717 780//718 777//715 782//720 
f 782//720 781//719 779//717 
f 784//722 779//717 781//719 
f 783//721 784//722 781//719 786//724 
f 786//724 785//723 783//721 
f 788//726 783//721 785//723 
f 787//725 788//726 785//723 790//728 
f 790//728 789//727 787//725 
f 792//730 787//725 789//727 
f 791//729 792//730 789//727 794//732 
f 794//732 793//731 791//729 
f 796//734 791//729 793//731 
f 795//733 796//734 793//731 798//736 
f 798//736 797//735 795//733 
f 800//738 795//733 797//735 
f 799//737 800//738 797//735 802//740 
f 802//740 801//739 799//737 
f 804//742 799//737 801//739 
f 803//741 804//742 801//739 806//744 
f 806//744 805//743 803//741 
f 808//746 803//741 805//743 
f 807//745 808//746 805//743 810//748 
f 810//748 809//747 807//745 
f 812//750 807//745 809//747 
f 811//749 812//750 809//747 814//752 
f 814//752 813//751 811//749 
f 816//754 811//749 813//751 
f 815//753 816//754 813//751 818//756 
f 818//756 817//755 815//753 
f 820//758 815//753 817//755 
f 819//757 820//758 817//755 822//758 
f 822//758 821//759 819//757 
f 824//761 819//757 821//759 
f 823//760 824//761 821//759 826//763 
f 826//763 825//762 823//760 
f 828//765 823//760 825//762 
f 827//764 828//765 825//762 830//767 
f 830//767 829//766 827//764 
f 832//769 827//764 829//766 
f 831//768 832//769 829//766 834//771 
f 834//771 833//770 831//768 
f 836//773 831//768 833//770 
f 835//772 836//773 833//770 838//775 
f 838//775 837//774 835//772 
f 840//777 835//772 837//774 
f 839//776 840//777 837//774 842//779 
f 842//779 841//778 839//776 
f 844//781 839//776 841//778 
f 843//780 844//781 841//778 846//783 
f 846//783 845//782 843//780 
f 848//785 843//780 845//782 
f 847//784 848//785 845//782 850//787 
f 850//787 849//786 847//784 
f 852//789 847//784 849//786 
f 851//788 852//789 849//786 854//791 
f 854//791 853//790 851//788 
f 856//793 851//788 853//790 
f 855//792 856//793 853//790 858//795 
f 858//795 857//794 855//792 
f 860//797 855//792 857//794 
f 859//796 860//797 857//794 862//799 
f 862//799 861//798 859//796 
s 3
f 863//800 859//796 861//798 
f 722//665 863//800 861//798 864//801 
f 864//801 724//667 722//665 
s 16
f 866//802 857//794 853//790 
f 867//802 853//790 849//786 
f 868//802 849//786 845//782 
f 869//802 845//782 841//778 
f 870//802 841//778 837//774 
f 871//802 837//774 833//770 
f 872//802 833//770 829//766 
f 873//802 829//766 825//762 
f 874//802 201//135 197//176 
f 875//802 197//176 193//172 
f 205//179 875//802 193//172 876//802 
f 877//802 193//172 189//168 
f 209//182 877//802 189//168 878//802 
f 879//802 189//168 185//164 
f 880//802 185//164 181//160 
f 213//186 880//802 181//160 881//802 
f 882//802 181//160 177//156 
f 883//802 177//156 173//153 
f 884//802 173//153 169//150 
f 217//190 884//802 169//150 885//802 
f 886//802 169//150 165//147 
f 221//194 886//802 165//147 887//802 
f 888//802 165//147 161//143 
f 225//198 888//802 161//143 889//802 
f 890//802 161//143 157//140 
f 229//202 890//802 157//140 891//802 
f 233//206 891//802 157//140 892//802 
f 893//802 157//140 153//137 
f 237//210 893//802 153//137 894//802 
f 241//214 894//802 153//137 895//802 
f 896//802 149//135 145//132 
f 153//137 896//802 145//132 897//802 
f 898//802 145//132 141//128 
f 245//217 898//802 141//128 899//802 
f 900//802 141//128 137//125 
f 901//802 137//125 133//122 
f 249//219 901//802 133//122 902//802 
f 903//802 133//122 129//119 
f 904//802 129//119 125//116 
f 253//222 904//802 125//116 905//802 
f 906//802 125//116 121//112 
f 907//802 121//112 117//108 
f 257//226 907//802 117//108 908//802 
f 909//802 117//108 113//104 
f 261//230 909//802 113//104 910//802 
f 911//802 113//104 109//100 
f 265//234 911//802 109//100 912//802 
f 913//802 109//100 105//96 
f 269//238 913//802 105//96 914//802 
f 915//802 105//96 101//92 
f 273//242 915//802 101//92 916//802 
f 917//802 101//92 97//88 
f 277//245 917//802 97//88 918//802 
f 919//802 97//88 93//85 
f 281//248 919//802 93//85 920//802 
f 921//802 93//85 89//81 
f 285//251 921//802 89//81 922//802 
f 289//255 922//802 89//81 923//802 
f 924//802 89//81 85//77 
f 293//259 924//802 85//77 925//802 
f 926//802 85//77 81//74 
f 297//262 926//802 81//74 927//802 
f 928//802 81//74 77//70 
f 301//266 928//802 77//70 929//802 
f 305//270 929//802 77//70 930//802 
f 931//802 77//70 73//66 
f 309//273 931//802 73//66 932//802 
f 933//802 73//66 69//62 
f 313//277 933//802 69//62 934//802 
f 935//802 69//62 65//59 
f 317//281 935//802 65//59 936//802 
f 937//802 65//59 61//56 
f 321//285 937//802 61//56 938//802 
f 325//289 938//802 61//56 939//802 
f 940//802 61//56 57//52 
f 329//293 940//802 57//52 941//802 
f 333//297 941//802 57//52 942//802 
f 943//802 57//52 53//48 
f 337//300 943//802 53//48 944//802 
f 341//303 944//802 53//48 945//802 
f 946//802 53//48 49//44 
f 345//307 946//802 49//44 947//802 
f 349//311 947//802 49//44 948//802 
f 353//315 948//802 49//44 949//802 
f 950//802 49//44 45//40 
f 357//319 950//802 45//40 951//802 
f 361//323 951//802 45//40 952//802 
f 365//326 952//802 45//40 953//802 
f 954//802 45//40 41//36 
f 369//329 954//802 41//36 955//802 
f 373//332 955//802 41//36 956//802 
f 377//336 956//802 41//36 957//802 
f 381//340 957//802 41//36 958//802 
f 385//344 958//802 41//36 959//802 
f 389//348 959//802 41//36 960//802 
f 961//802 41//36 37//32 
f 393//352 961//802 37//32 962//802 
f 397//356 962//802 37//32 963//802 
f 401//360 963//802 37//32 964//802 
f 405//364 964//802 37//32 965//802 
f 966//802 37//32 33//29 
f 409//367 966//802 33//29 967//802 
f 413//371 967//802 33//29 968//802 
f 417//375 968//802 33//29 969//802 
f 970//802 33//29 29//26 
f 421//379 970//802 29//26 971//802 
f 972//802 29//26 25//23 
f 425//383 972//802 25//23 973//802 
f 974//802 25//23 21//20 
f 975//802 21//20 17//16 
f 976//802 17//16 13//12 
f 977//802 13//12 9//8 
f 978//802 717//660 713//656 
f 4//4 978//802 713//656 979//802 
f 980//802 713//656 709//652 
f 5//5 980//802 709//652 981//802 
f 982//802 709//652 705//648 
f 983//802 705//648 701//644 
f 984//802 701//644 697//641 
f 9//8 984//802 697//641 985//802 
f 429//387 985//802 697//641 986//802 
f 987//802 697//641 693//637 
f 433//391 987//802 693//637 988//802 
f 437//395 988//802 693//637 989//802 
f 990//802 693//637 689//634 
f 441//399 990//802 689//634 991//802 
f 445//403 991//802 689//634 992//802 
f 993//802 689//634 685//631 
f 449//407 993//802 685//631 994//802 
f 453//411 994//802 685//631 995//802 
f 996//802 685//631 681//627 
f 457//414 996//802 681//627 997//802 
f 461//417 997//802 681//627 998//802 
f 999//802 681//627 677//623 
f 465//420 999//802 677//623 1000//802 
f 469//424 1000//802 677//623 1001//802 
f 1002//802 677//623 673//619 
f 473//428 1002//802 673//619 1003//802 
f 1004//802 673//619 669//616 
f 477//432 1004//802 669//616 1005//802 
f 481//436 1005//802 669//616 1006//802 
f 1007//802 669//616 665//613 
f 485//440 1007//802 665//613 1008//802 
f 489//444 1008//802 665//613 1009//802 
f 1010//802 665//613 661//610 
f 493//448 1010//802 661//610 1011//802 
f 1012//802 661//610 657//606 
f 497//452 1012//802 657//606 1013//802 
f 1014//802 657//606 653//603 
f 1015//802 653//603 649//599 
f 1016//802 649//599 645//595 
f 501//455 1016//802 645//595 865//802 
f 857//794 865//802 645//595 1017//802 
f 861//798 1017//802 645//595 1018//802 
f 1019//802 645//595 641//592 
f 724//667 1019//802 641//592 1020//802 
f 1021//802 641//592 637//588 
f 725//668 1021//802 637//588 1022//802 
f 1023//802 637//588 633//584 
f 729//672 1023//802 633//584 1024//802 
f 1025//802 633//584 629//580 
f 733//676 1025//802 629//580 1026//802 
f 1027//802 629//580 625//576 
f 737//680 1027//802 625//576 1028//802 
f 1029//802 625//576 621//572 
f 741//684 1029//802 621//572 1030//802 
f 1031//802 621//572 617//568 
f 745//688 1031//802 617//568 1032//802 
f 1033//802 617//568 613//564 
f 749//692 1033//802 613//564 1034//802 
f 1035//802 613//564 609//560 
f 753//696 1035//802 609//560 1036//802 
f 1037//802 609//560 605//556 
f 757//699 1037//802 605//556 1038//802 
f 1039//802 605//556 601//553 
f 761//702 1039//802 601//553 1040//802 
f 1041//802 601//553 597//549 
f 765//705 1041//802 597//549 1042//802 
f 1043//802 597//549 593//546 
f 769//708 1043//802 593//546 1044//802 
f 1045//802 593//546 589//542 
f 773//711 1045//802 589//542 1046//802 
f 1047//802 589//542 585//538 
f 1048//802 585//538 581//535 
f 777//715 1048//802 581//535 1049//802 
f 1050//802 581//535 577//531 
f 781//719 1050//802 577//531 1051//802 
f 785//723 1051//802 577//531 1052//802 
f 1053//802 577//531 573//527 
f 789//727 1053//802 573//527 1054//802 
f 1055//802 573//527 569//523 
f 793//731 1055//802 569//523 1056//802 
f 1057//802 569//523 565//519 
f 797//735 1057//802 565//519 1058//802 
f 1059//802 565//519 561//515 
f 801//739 1059//802 561//515 1060//802 
f 1061//802 561//515 557//511 
f 805//743 1061//802 557//511 1062//802 
f 1063//802 557//511 553//507 
f 809//747 1063//802 553//507 1064//802 
f 1065//802 553//507 549//503 
f 813//751 1065//802 549//503 1066//802 
f 1067//802 549//503 545//499 
f 817//755 1067//802 545//499 1068//802 
f 821//759 1068//802 545//499 1069//802 
f 1070//802 545//499 541//495 
f 1071//802 541//495 537//491 
f 1072//802 537//491 533//487 
f 1073//802 533//487 529//483 
f 1074//802 529//483 525//479 
f 1075//802 525//479 521//475 
f 1076//802 521//475 517//471 
f 1077//802 517//471 513//467 
f 1078//802 513//467 509//463 
f 1079//802 509//463 505//459 
f 825//762 1079//802 505//459 1080//802 
f 501//455 1080//802 505//459 
f 1081//803 715//658 2//2 
f 1082//803 2//2 1//1 
f 711//654 1082//803 1//1 1083//803 
f 1084//803 1//1 7//6 
f 707//650 1084//803 7//6 1085//803 
f 703//646 1085//803 7//6 1086//803 
f 699//642 1086//803 7//6 1087//803 
f 1088//803 147//133 151//136 
f 1089//803 199//133 203//178 
f 195//174 1089//803 203//178 1090//803 
f 1091//803 203//178 207//180 
f 191//170 1091//803 207//180 1092//803 
f 1093//803 207//180 211//184 
f 187//166 1093//803 211//184 1094//803 
f 183//162 1094//803 211//184 1095//803 
f 1096//803 211//184 215//188 
f 179//158 1096//803 215//188 1097//803 
f 175//154 1097//803 215//188 1098//803 
f 171//151 1098//803 215//188 1099//803 
f 1100//803 215//188 219//192 
f 167//148 1100//803 219//192 1101//803 
f 1102//803 219//192 223//196 
f 163//145 1102//803 223//196 1103//803 
f 1104//803 223//196 227//200 
f 159//141 1104//803 227//200 1105//803 
f 1106//803 227//200 231//204 
f 1107//803 231//204 235//208 
f 155//138 1107//803 235//208 1108//803 
f 1109//803 235//208 239//212 
f 1110//803 239//212 243//216 
f 151//136 1110//803 243//216 1111//803 
f 143//130 1111//803 243//216 1112//803 
f 1113//803 243//216 247//218 
f 139//126 1113//803 247//218 1114//803 
f 135//123 1114//803 247//218 1115//803 
f 1116//803 247//218 251//220 
f 131//120 1116//803 251//220 1117//803 
f 127//117 1117//803 251//220 1118//803 
f 1119//803 251//220 255//224 
f 123//114 1119//803 255//224 1120//803 
f 119//110 1120//803 255//224 1121//803 
f 1122//803 255//224 259//228 
f 115//106 1122//803 259//228 1123//803 
f 1124//803 259//228 263//232 
f 111//102 1124//803 263//232 1125//803 
f 1126//803 263//232 267//236 
f 107//98 1126//803 267//236 1127//803 
f 1128//803 267//236 271//240 
f 103//94 1128//803 271//240 1129//803 
f 1130//803 271//240 275//243 
f 99//90 1130//803 275//243 1131//803 
f 1132//803 275//243 279//246 
f 95//86 1132//803 279//246 1133//803 
f 1134//803 279//246 283//249 
f 91//83 1134//803 283//249 1135//803 
f 1136//803 283//249 287//253 
f 1137//803 287//253 291//257 
f 87//79 1137//803 291//257 1138//803 
f 1139//803 291//257 295//260 
f 83//75 1139//803 295//260 1140//803 
f 1141//803 295//260 299//264 
f 79//72 1141//803 299//264 1142//803 
f 1143//803 299//264 303//268 
f 1144//803 303//268 307//271 
f 75//68 1144//803 307//271 1145//803 
f 1146//803 307//271 311//275 
f 71//64 1146//803 311//275 1147//803 
f 1148//803 311//275 315//279 
f 67//60 1148//803 315//279 1149//803 
f 1150//803 315//279 319//283 
f 63//57 1150//803 319//283 1151//803 
f 1152//803 319//283 323//287 
f 1153//803 323//287 327//291 
f 59//54 1153//803 327//291 1154//803 
f 1155//803 327//291 331//295 
f 1156//803 331//295 335//298 
f 55//50 1156//803 335//298 1157//803 
f 1158//803 335//298 339//301 
f 1159//803 339//301 343//305 
f 51//46 1159//803 343//305 1160//803 
f 1161//803 343//305 347//309 
f 1162//803 347//309 351//313 
f 1163//803 351//313 355//317 
f 47//42 1163//803 355//317 1164//803 
f 1165//803 355//317 359//321 
f 1166//803 359//321 363//324 
f 1167//803 363//324 367//327 
f 43//38 1167//803 367//327 1168//803 
f 1169//803 367//327 371//330 
f 1170//803 371//330 375//334 
f 1171//803 375//334 379//338 
f 1172//803 379//338 383//342 
f 1173//803 383//342 387//346 
f 1174//803 387//346 391//350 
f 39//34 1174//803 391//350 1175//803 
f 1176//803 391//350 395//354 
f 1177//803 395//354 399//358 
f 1178//803 399//358 403//362 
f 1179//803 403//362 407//365 
f 35//30 1179//803 407//365 1180//803 
f 1181//803 407//365 411//369 
f 1182//803 411//369 415//373 
f 1183//803 415//373 419//377 
f 31//27 1183//803 419//377 1184//803 
f 1185//803 419//377 423//381 
f 27//24 1185//803 423//381 1186//803 
f 1187//803 423//381 427//385 
f 23//21 1187//803 427//385 1188//803 
f 19//18 1188//803 427//385 1189//803 
f 15//14 1189//803 427//385 1190//803 
f 11//10 1190//803 427//385 1191//803 
f 7//6 1191//803 427//385 1192//803 
f 1193//803 427//385 431//389 
f 695//639 1193//803 431//389 1194//803 
f 1195//803 431//389 435//393 
f 1196//803 435//393 439//397 
f 691//635 1196//803 439//397 1197//803 
f 1198//803 439//397 443//401 
f 1199//803 443//401 447//405 
f 687//632 1199//803 447//405 1200//803 
f 1201//803 447//405 451//409 
f 1202//803 451//409 455//412 
f 683//629 1202//803 455//412 1203//803 
f 1204//803 455//412 459//415 
f 1205//803 459//415 463//418 
f 679//625 1205//803 463//418 1206//803 
f 1207//803 463//418 467//422 
f 1208//803 467//422 471//426 
f 675//621 1208//803 471//426 1209//803 
f 1210//803 471//426 475//430 
f 671//617 1210//803 475//430 1211//803 
f 1212//803 475//430 479//434 
f 1213//803 479//434 483//438 
f 667//614 1213//803 483//438 1214//803 
f 1215//803 483//438 487//442 
f 1216//803 487//442 491//446 
f 663//611 1216//803 491//446 1217//803 
f 1218//803 491//446 495//450 
f 659//608 1218//803 495//450 1219//803 
f 1220//803 495//450 499//453 
f 655//604 1220//803 499//453 1221//803 
f 651//601 1221//803 499//453 1222//803 
f 647//597 1222//803 499//453 1223//803 
f 1224//803 499//453 1296//803 855//792 
f 1225//803 855//792 859//796 
f 1226//803 859//796 722//665 
f 643//593 1226//803 722//665 1227//803 
f 1228//803 722//665 721//664 
f 639//590 1228//803 721//664 1229//803 
f 1230//803 721//664 727//670 
f 635//586 1230//803 727//670 1231//803 
f 1232//803 727//670 731//674 
f 631//582 1232//803 731//674 1233//803 
f 1234//803 731//674 735//678 
f 627//578 1234//803 735//678 1235//803 
f 1236//803 735//678 739//682 
f 623//574 1236//803 739//682 1237//803 
f 1238//803 739//682 743//686 
f 619//570 1238//803 743//686 1239//803 
f 1240//803 743//686 747//690 
f 615//566 1240//803 747//690 1241//803 
f 1242//803 747//690 751//694 
f 611//562 1242//803 751//694 1243//803 
f 1244//803 751//694 755//697 
f 607//558 1244//803 755//697 1245//803 
f 1246//803 755//697 759//700 
f 603//554 1246//803 759//700 1247//803 
f 1248//803 759//700 763//703 
f 599//551 1248//803 763//703 1249//803 
f 1250//803 763//703 767//706 
f 595//547 1250//803 767//706 1251//803 
f 1252//803 767//706 771//709 
f 591//544 1252//803 771//709 1253//803 
f 1254//803 771//709 775//713 
f 587//540 1254//803 775//713 1255//803 
f 583//536 1255//803 775//713 1256//803 
f 1257//803 775//713 779//717 
f 579//533 1257//803 779//717 1258//803 
f 1259//803 779//717 783//721 
f 1260//803 783//721 787//725 
f 575//529 1260//803 787//725 1261//803 
f 1262//803 787//725 791//729 
f 571//525 1262//803 791//729 1263//803 
f 1264//803 791//729 795//733 
f 567//521 1264//803 795//733 1265//803 
f 1266//803 795//733 799//737 
f 563//517 1266//803 799//737 1267//803 
f 1268//803 799//737 803//741 
f 559//513 1268//803 803//741 1269//803 
f 1270//803 803//741 807//745 
f 555//509 1270//803 807//745 1271//803 
f 1272//803 807//745 811//749 
f 551//505 1272//803 811//749 1273//803 
f 1274//803 811//749 815//753 
f 547//501 1274//803 815//753 1275//803 
f 1276//803 815//753 819//757 
f 1277//803 819//757 823//760 
f 543//497 1277//803 823//760 1278//803 
f 539//493 1278//803 823//760 1279//803 
f 535//489 1279//803 823//760 1280//803 
f 531//485 1280//803 823//760 1281//803 
f 527//481 1281//803 823//760 1282//803 
f 523//477 1282//803 823//760 1283//803 
f 519//473 1283//803 823//760 1284//803 
f 515//469 1284//803 823//760 1285//803 
f 511//465 1285//803 823//760 1286//803 
f 507//461 1286//803 823//760 1287//803 
f 503//457 1287//803 823//760 1288//803 
f 1289//803 823//760 827//764 
f 1290//803 827//764 831//768 
f 1291//803 831//768 835//772 
f 1292//803 835//772 839//776 
f 1293//803 839//776 843//780 
f 1294//803 843//780 847//784 
f 1295//803 847//784 851//788 
f 1296//803 851//788 855//792 
# 648 polygons - 1296 triangles

