# 3ds Max Wavefront OBJ Exporter v0.97b - (c)2007 guruware
# File Created: 10.09.2021 11:05:15

#
# object So_Sala
#

v  1485.9432 0.0000 0.8383
v  1485.8159 0.0000 1.7442
v  1485.8796 5.0000 1.2913
v  1485.8159 10.0000 1.7442
v  1485.9432 10.0000 0.8383
v  1485.6039 0.0000 2.5992
v  1485.7100 5.0000 2.1717
v  1485.6039 10.0000 2.5992
v  1485.3069 0.0000 3.4034
v  1485.4553 5.0000 3.0013
v  1485.3069 10.0000 3.4034
v  1484.9250 0.0000 4.1567
v  1485.1160 5.0000 3.7800
v  1484.9250 10.0000 4.1567
v  1484.4584 0.0000 4.8591
v  1484.6918 5.0000 4.5079
v  1484.4584 10.0000 4.8591
v  1483.9069 0.0000 5.5106
v  1484.1826 5.0000 5.1849
v  1483.9069 10.0000 5.5106
v  1483.2705 0.0000 6.1113
v  1483.5887 5.0000 5.8110
v  1483.2705 10.0000 6.1113
v  1482.5493 0.0000 6.6611
v  1482.9099 5.0000 6.3862
v  1482.5493 10.0000 6.6611
v  1481.4865 0.0000 6.2181
v  1482.0179 5.0000 6.4396
v  1481.4865 10.0000 6.2181
v  1480.3081 0.0000 5.8273
v  1480.8973 5.0000 6.0227
v  1480.3081 10.0000 5.8273
v  1479.0144 0.0000 5.4885
v  1479.6613 5.0000 5.6579
v  1479.0144 10.0000 5.4885
v  1477.6051 0.0000 5.2019
v  1478.3097 5.0000 5.3452
v  1477.6051 10.0000 5.2019
v  1476.0803 0.0000 4.9674
v  1476.8428 5.0000 5.0847
v  1476.0803 10.0000 4.9674
v  1474.4402 0.0000 4.7850
v  1475.2603 5.0000 4.8762
v  1474.4402 10.0000 4.7850
v  1472.6844 0.0000 4.6547
v  1473.5624 5.0000 4.7199
v  1472.6844 10.0000 4.6547
v  1470.8134 0.0000 4.5766
v  1471.7489 5.0000 4.6156
v  1470.8134 10.0000 4.5766
v  1468.8268 0.0000 4.5505
v  1469.8201 5.0000 4.5635
v  1468.8268 10.0000 4.5505
v  1466.6298 0.0000 4.6129
v  1467.7283 5.0000 4.5817
v  1466.6298 10.0000 4.6129
v  1464.5277 0.0000 4.8001
v  1465.5787 5.0000 4.7065
v  1464.5277 10.0000 4.8001
v  1462.5208 0.0000 5.1122
v  1463.5242 5.0000 4.9562
v  1462.5208 10.0000 5.1122
v  1460.6086 0.0000 5.5490
v  1461.5647 5.0000 5.3306
v  1460.6086 10.0000 5.5490
v  1458.7915 0.0000 6.1107
v  1459.7001 5.0000 5.8299
v  1458.7915 10.0000 6.1107
v  1457.0693 0.0000 6.7972
v  1457.9304 5.0000 6.4540
v  1457.0693 10.0000 6.7972
v  1455.4423 0.0000 7.6085
v  1456.2559 5.0000 7.2029
v  1455.4423 10.0000 7.6085
v  1453.9100 0.0000 8.5447
v  1454.6761 5.0000 8.0766
v  1453.9100 10.0000 8.5447
v  1452.4728 0.0000 9.6056
v  1453.1914 5.0000 9.0751
v  1452.4728 10.0000 9.6056
v  1451.1603 0.0000 10.7772
v  1451.8165 5.0000 10.1914
v  1451.1603 10.0000 10.7772
v  1450.0022 0.0000 12.0454
v  1450.5813 5.0000 11.4113
v  1450.0022 10.0000 12.0454
v  1448.9985 0.0000 13.4102
v  1449.5004 5.0000 12.7278
v  1448.9985 10.0000 13.4102
v  1448.1493 0.0000 14.8715
v  1448.5739 5.0000 14.1408
v  1448.1493 10.0000 14.8715
v  1447.4543 0.0000 16.4293
v  1447.8018 5.0000 15.6504
v  1447.4543 10.0000 16.4293
v  1446.9139 0.0000 18.0837
v  1447.1842 5.0000 17.2565
v  1446.9139 10.0000 18.0837
v  1446.5278 0.0000 19.8347
v  1446.7209 5.0000 18.9592
v  1446.5278 10.0000 19.8347
v  1446.2963 0.0000 21.6822
v  1446.4121 5.0000 20.7585
v  1446.2963 10.0000 21.6822
v  1446.2190 0.0000 23.6263
v  1446.2577 5.0000 22.6543
v  1446.2190 10.0000 23.6263
v  1446.2698 0.0000 25.2579
v  1446.2444 5.0000 24.4421
v  1446.2698 10.0000 25.2579
v  1446.4220 0.0000 26.9964
v  1446.3459 5.0000 26.1272
v  1446.4220 10.0000 26.9964
v  1446.6758 0.0000 28.8420
v  1446.5490 5.0000 27.9192
v  1446.6758 10.0000 28.8420
v  1447.0310 0.0000 30.7944
v  1446.8534 5.0000 29.8182
v  1447.0310 10.0000 30.7944
v  1447.4877 0.0000 32.8539
v  1447.2594 5.0000 31.8242
v  1447.4877 10.0000 32.8539
v  1448.0459 0.0000 35.0203
v  1447.7668 5.0000 33.9371
v  1448.0459 10.0000 35.0203
v  1448.7057 0.0000 37.2936
v  1448.3757 5.0000 36.1570
v  1448.7057 10.0000 37.2936
v  1449.4668 0.0000 39.6740
v  1449.0863 5.0000 38.4838
v  1449.4668 10.0000 39.6740
v  1450.3296 0.0000 42.1612
v  1449.8982 5.0000 40.9176
v  1450.3296 10.0000 42.1612
v  1450.7170 0.0000 43.2982
v  1450.5233 5.0000 42.7297
v  1450.7170 10.0000 43.2982
v  1451.0590 0.0000 44.4352
v  1450.8881 5.0000 43.8667
v  1451.0590 10.0000 44.4352
v  1451.3553 0.0000 45.5721
v  1451.2072 5.0000 45.0037
v  1451.3553 10.0000 45.5721
v  1451.6061 0.0000 46.7089
v  1451.4807 5.0000 46.1405
v  1451.6061 10.0000 46.7089
v  1451.8113 0.0000 47.8457
v  1451.7087 5.0000 47.2773
v  1451.8113 10.0000 47.8457
v  1451.9708 0.0000 48.9824
v  1451.8911 5.0000 48.4141
v  1451.9708 10.0000 48.9824
v  1452.0848 0.0000 50.1191
v  1452.0278 5.0000 49.5507
v  1452.0848 10.0000 50.1191
v  1452.1532 0.0000 51.2557
v  1452.1190 5.0000 50.6874
v  1452.1532 10.0000 51.2557
v  1452.1760 0.0000 52.3922
v  1452.1646 5.0000 51.8239
v  1452.1760 10.0000 52.3922
v  1452.1760 0.0000 54.1380
v  1452.1760 5.0000 53.2651
v  1452.1760 10.0000 54.1380
v  1462.4346 0.0000 54.1380
v  1457.3053 5.0000 54.1380
v  1462.4346 10.0000 54.1380
v  1462.4736 0.0000 52.2073
v  1462.4541 5.0000 53.1726
v  1462.4736 10.0000 52.2073
v  1462.5909 0.0000 50.2411
v  1462.5322 5.0000 51.2242
v  1462.5909 10.0000 50.2411
v  1462.7863 0.0000 48.2395
v  1462.6886 5.0000 49.2403
v  1462.7863 10.0000 48.2395
v  1463.0597 0.0000 46.2024
v  1462.9230 5.0000 47.2209
v  1463.0597 10.0000 46.2024
v  1463.4114 0.0000 44.1298
v  1463.2356 5.0000 45.1661
v  1463.4114 10.0000 44.1298
v  1463.8411 0.0000 42.0218
v  1463.6262 5.0000 43.0758
v  1463.8411 10.0000 42.0218
v  1464.3490 0.0000 39.8783
v  1464.0951 5.0000 40.9500
v  1464.3490 10.0000 39.8783
v  1464.9351 0.0000 37.6993
v  1464.6421 5.0000 38.7888
v  1464.9351 10.0000 37.6993
v  1465.5992 0.0000 35.4848
v  1465.2671 5.0000 36.5920
v  1465.5992 10.0000 35.4848
v  1466.0564 0.0000 35.7504
v  1465.8279 5.0000 35.6176
v  1466.0564 10.0000 35.7504
v  1466.5259 0.0000 35.9847
v  1466.2911 5.0000 35.8676
v  1466.5259 10.0000 35.9847
v  1467.0074 0.0000 36.1878
v  1466.7666 5.0000 36.0863
v  1467.0074 10.0000 36.1878
v  1467.5011 0.0000 36.3596
v  1467.2543 5.0000 36.2737
v  1467.5011 10.0000 36.3596
v  1468.0071 0.0000 36.5002
v  1467.7542 5.0000 36.4299
v  1468.0071 10.0000 36.5002
v  1468.5251 0.0000 36.6096
v  1468.2661 5.0000 36.5549
v  1468.5251 10.0000 36.6096
v  1469.0554 0.0000 36.6877
v  1468.7903 5.0000 36.6486
v  1469.0554 10.0000 36.6877
v  1469.5979 0.0000 36.7346
v  1469.3267 5.0000 36.7111
v  1469.5979 10.0000 36.7346
v  1470.1525 0.0000 36.7502
v  1469.8751 5.0000 36.7424
v  1470.1525 10.0000 36.7502
v  1470.9515 0.0000 36.7216
v  1470.5520 5.0000 36.7359
v  1470.9515 10.0000 36.7216
v  1471.7211 0.0000 36.6361
v  1471.3363 5.0000 36.6789
v  1471.7211 10.0000 36.6361
v  1472.4609 0.0000 36.4934
v  1472.0911 5.0000 36.5648
v  1472.4609 10.0000 36.4934
v  1473.1711 0.0000 36.2938
v  1472.8160 5.0000 36.3936
v  1473.1711 10.0000 36.2938
v  1473.8518 0.0000 36.0370
v  1473.5115 5.0000 36.1654
v  1473.8518 10.0000 36.0370
v  1474.5028 0.0000 35.7232
v  1474.1772 5.0000 35.8801
v  1474.5028 10.0000 35.7232
v  1475.1241 0.0000 35.3524
v  1474.8135 5.0000 35.5378
v  1475.1241 10.0000 35.3524
v  1475.7158 0.0000 34.9245
v  1475.4200 5.0000 35.1385
v  1475.7158 10.0000 34.9245
v  1476.2780 0.0000 34.4396
v  1475.9969 5.0000 34.6821
v  1476.2780 10.0000 34.4396
v  1476.7948 0.0000 33.9087
v  1476.5364 5.0000 34.1741
v  1476.7948 10.0000 33.9087
v  1477.2509 0.0000 33.3429
v  1477.0228 5.0000 33.6258
v  1477.2509 10.0000 33.3429
v  1477.6461 0.0000 32.7423
v  1477.4485 5.0000 33.0426
v  1477.6461 10.0000 32.7423
v  1477.9806 0.0000 32.1067
v  1477.8134 5.0000 32.4245
v  1477.9806 10.0000 32.1067
v  1478.2543 0.0000 31.4363
v  1478.1174 5.0000 31.7715
v  1478.2543 10.0000 31.4363
v  1478.4670 0.0000 30.7310
v  1478.3607 5.0000 31.0837
v  1478.4670 10.0000 30.7310
v  1478.6191 0.0000 29.9909
v  1478.5431 5.0000 30.3610
v  1478.6191 10.0000 29.9909
v  1478.7103 0.0000 29.2158
v  1478.6647 5.0000 29.6034
v  1478.7103 10.0000 29.2158
v  1478.7407 0.0000 28.4059
v  1478.7256 5.0000 28.8109
v  1478.7407 10.0000 28.4059
v  1478.6328 0.0000 26.5417
v  1478.6868 5.0000 27.4738
v  1478.6328 10.0000 26.5417
v  1478.3090 0.0000 24.8968
v  1478.4708 5.0000 25.7192
v  1478.3090 10.0000 24.8968
v  1477.7692 0.0000 23.4712
v  1478.0391 5.0000 24.1840
v  1477.7692 10.0000 23.4712
v  1477.0134 0.0000 22.2649
v  1477.3914 5.0000 22.8680
v  1477.0134 10.0000 22.2649
v  1476.0419 0.0000 21.2779
v  1476.5277 5.0000 21.7714
v  1476.0419 10.0000 21.2779
v  1474.8544 0.0000 20.5103
v  1475.4481 5.0000 20.8941
v  1474.8544 10.0000 20.5103
v  1473.4510 0.0000 19.9620
v  1474.1527 5.0000 20.2361
v  1473.4510 10.0000 19.9620
v  1471.8317 0.0000 19.6330
v  1472.6414 5.0000 19.7975
v  1471.8317 10.0000 19.6330
v  1469.9965 0.0000 19.5233
v  1470.9141 5.0000 19.5782
v  1469.9965 10.0000 19.5233
v  1468.8672 0.0000 19.5587
v  1469.4319 5.0000 19.5410
v  1468.8672 10.0000 19.5587
v  1467.8118 0.0000 19.6647
v  1468.3395 5.0000 19.6117
v  1467.8118 10.0000 19.6647
v  1466.8300 0.0000 19.8413
v  1467.3208 5.0000 19.7530
v  1466.8300 10.0000 19.8413
v  1465.9219 0.0000 20.0886
v  1466.3759 5.0000 19.9649
v  1465.9219 10.0000 20.0886
v  1465.0875 0.0000 20.4065
v  1465.5046 5.0000 20.2476
v  1465.0875 10.0000 20.4065
v  1464.3269 0.0000 20.7951
v  1464.7072 5.0000 20.6008
v  1464.3269 10.0000 20.7951
v  1463.6400 0.0000 21.2544
v  1463.9834 5.0000 21.0248
v  1463.6400 10.0000 21.2544
v  1463.0269 0.0000 21.7843
v  1463.3335 5.0000 21.5193
v  1463.0269 10.0000 21.7843
v  1462.4874 0.0000 22.3848
v  1462.7572 5.0000 22.0846
v  1462.4874 10.0000 22.3848
v  1461.9996 0.0000 23.0358
v  1462.2435 5.0000 22.7103
v  1461.9996 10.0000 23.0358
v  1461.5411 0.0000 23.7169
v  1461.7704 5.0000 23.3764
v  1461.5411 10.0000 23.7169
v  1461.1122 0.0000 24.4282
v  1461.3267 5.0000 24.0726
v  1461.1122 10.0000 24.4282
v  1460.7128 0.0000 25.1696
v  1460.9125 5.0000 24.7989
v  1460.7128 10.0000 25.1696
v  1460.3427 0.0000 25.9412
v  1460.5277 5.0000 25.5554
v  1460.3427 10.0000 25.9412
v  1460.0021 0.0000 26.7430
v  1460.1724 5.0000 26.3421
v  1460.0021 10.0000 26.7430
v  1459.6908 0.0000 27.5749
v  1459.8464 5.0000 27.1589
v  1459.6908 10.0000 27.5749
v  1459.4091 0.0000 28.4369
v  1459.5499 5.0000 28.0059
v  1459.4091 10.0000 28.4369
v  1459.1567 0.0000 29.3292
v  1459.2830 5.0000 28.8830
v  1459.1567 10.0000 29.3292
v  1458.9309 0.0000 30.2692
v  1459.0438 5.0000 29.7992
v  1458.9309 10.0000 30.2692
v  1458.7288 0.0000 31.2748
v  1458.8298 5.0000 30.7720
v  1458.7288 10.0000 31.2748
v  1458.5499 0.0000 32.3459
v  1458.6393 5.0000 31.8104
v  1458.5499 10.0000 32.3459
v  1458.3948 0.0000 33.4826
v  1458.4724 5.0000 32.9142
v  1458.3948 10.0000 33.4826
v  1458.2632 0.0000 34.6847
v  1458.3290 5.0000 34.0837
v  1458.2632 10.0000 34.6847
v  1458.1550 0.0000 35.9524
v  1458.2091 5.0000 35.3186
v  1458.1550 10.0000 35.9524
v  1458.0704 0.0000 37.2857
v  1458.1128 5.0000 36.6191
v  1458.0704 10.0000 37.2857
v  1458.0094 0.0000 38.6845
v  1458.0399 5.0000 37.9851
v  1458.0094 10.0000 38.6845
v  1457.9719 0.0000 40.1488
v  1457.9907 5.0000 39.4166
v  1457.9719 10.0000 40.1488
v  1457.8721 0.0000 39.9320
v  1457.9220 5.0000 40.0404
v  1457.8721 10.0000 39.9320
v  1457.7534 0.0000 39.5734
v  1457.8127 5.0000 39.7527
v  1457.7534 10.0000 39.5734
v  1457.6161 0.0000 39.0731
v  1457.6848 5.0000 39.3232
v  1457.6161 10.0000 39.0731
v  1457.4601 0.0000 38.4309
v  1457.5381 5.0000 38.7520
v  1457.4601 10.0000 38.4309
v  1457.2854 0.0000 37.6470
v  1457.3728 5.0000 38.0390
v  1457.2854 10.0000 37.6470
v  1457.0920 0.0000 36.7214
v  1457.1887 5.0000 37.1842
v  1457.0920 10.0000 36.7214
v  1456.8800 0.0000 35.6539
v  1456.9860 5.0000 36.1877
v  1456.8800 10.0000 35.6539
v  1456.6492 0.0000 34.4447
v  1456.7645 5.0000 35.0493
v  1456.6492 10.0000 34.4447
v  1456.3997 0.0000 33.0938
v  1456.5244 5.0000 33.7692
v  1456.3997 10.0000 33.0938
v  1456.1553 0.0000 31.7073
v  1456.2775 5.0000 32.4005
v  1456.1553 10.0000 31.7073
v  1455.9396 0.0000 30.3917
v  1456.0474 5.0000 31.0495
v  1455.9396 10.0000 30.3917
v  1455.7526 0.0000 29.1469
v  1455.8461 5.0000 29.7693
v  1455.7526 10.0000 29.1469
v  1455.5945 0.0000 27.9730
v  1455.6736 5.0000 28.5599
v  1455.5945 10.0000 27.9730
v  1455.4651 0.0000 26.8699
v  1455.5298 5.0000 27.4214
v  1455.4651 10.0000 26.8699
v  1455.3644 0.0000 25.8376
v  1455.4147 5.0000 26.3538
v  1455.3644 10.0000 25.8376
v  1455.2925 0.0000 24.8762
v  1455.3284 5.0000 25.3569
v  1455.2925 10.0000 24.8762
v  1455.2494 0.0000 23.9857
v  1455.2709 5.0000 24.4310
v  1455.2494 10.0000 23.9857
v  1455.2350 0.0000 23.1659
v  1455.2422 5.0000 23.5758
v  1455.2350 10.0000 23.1659
v  1455.2833 0.0000 21.8584
v  1455.2592 5.0000 22.5122
v  1455.2833 10.0000 21.8584
v  1455.4286 0.0000 20.6203
v  1455.3560 5.0000 21.2394
v  1455.4286 10.0000 20.6203
v  1455.6705 0.0000 19.4517
v  1455.5496 5.0000 20.0360
v  1455.6705 10.0000 19.4517
v  1456.0094 0.0000 18.3524
v  1455.8400 5.0000 18.9020
v  1456.0094 10.0000 18.3524
v  1456.4451 0.0000 17.3225
v  1456.2272 5.0000 17.8375
v  1456.4451 10.0000 17.3225
v  1456.9774 0.0000 16.3621
v  1456.7112 5.0000 16.8423
v  1456.9774 10.0000 16.3621
v  1457.6067 0.0000 15.4710
v  1457.2920 5.0000 15.9166
v  1457.6067 10.0000 15.4710
v  1458.3326 0.0000 14.6494
v  1457.9697 5.0000 15.0602
v  1458.3326 10.0000 14.6494
v  1459.1555 0.0000 13.8972
v  1458.7441 5.0000 14.2733
v  1459.1555 10.0000 13.8972
v  1460.0530 0.0000 13.2196
v  1459.6042 5.0000 13.5584
v  1460.0530 10.0000 13.2196
v  1461.0029 0.0000 12.6216
v  1460.5280 5.0000 12.9206
v  1461.0029 10.0000 12.6216
v  1462.0052 0.0000 12.1034
v  1461.5042 5.0000 12.3625
v  1462.0052 10.0000 12.1034
v  1463.0601 0.0000 11.6650
v  1462.5327 5.0000 11.8842
v  1463.0601 10.0000 11.6650
v  1464.1674 0.0000 11.3062
v  1463.6138 5.0000 11.4856
v  1464.1674 10.0000 11.3062
v  1465.3271 0.0000 11.0272
v  1464.7473 5.0000 11.1667
v  1465.3271 10.0000 11.0272
v  1466.5393 0.0000 10.8279
v  1465.9332 5.0000 10.9275
v  1466.5393 10.0000 10.8279
v  1467.8040 0.0000 10.7083
v  1467.1716 5.0000 10.7681
v  1467.8040 10.0000 10.7083
v  1469.1211 0.0000 10.6684
v  1468.4625 5.0000 10.6884
v  1469.1211 10.0000 10.6684
v  1470.2085 0.0000 10.6818
v  1469.6648 5.0000 10.6751
v  1470.2085 10.0000 10.6818
v  1471.2368 0.0000 10.7220
v  1470.7227 5.0000 10.7019
v  1471.2368 10.0000 10.7220
v  1472.2061 0.0000 10.7889
v  1471.7214 5.0000 10.7554
v  1472.2061 10.0000 10.7889
v  1473.1162 0.0000 10.8826
v  1472.6611 5.0000 10.8358
v  1473.1162 10.0000 10.8826
v  1473.9673 0.0000 11.0031
v  1473.5417 5.0000 10.9428
v  1473.9673 10.0000 11.0031
v  1474.7594 0.0000 11.1503
v  1474.3633 5.0000 11.0767
v  1474.7594 10.0000 11.1503
v  1475.4923 0.0000 11.3243
v  1475.1259 5.0000 11.2373
v  1475.4923 10.0000 11.3243
v  1476.1663 0.0000 11.5251
v  1475.8293 5.0000 11.4247
v  1476.1663 10.0000 11.5251
v  1476.7810 0.0000 11.7527
v  1476.4736 5.0000 11.6389
v  1476.7810 10.0000 11.7527
v  1476.3307 0.0000 12.2009
v  1476.5559 5.0000 11.9768
v  1476.3307 10.0000 12.2009
v  1475.8640 0.0000 12.5964
v  1476.0974 5.0000 12.3987
v  1475.8640 10.0000 12.5964
v  1475.3810 0.0000 12.9392
v  1475.6226 5.0000 12.7678
v  1475.3810 10.0000 12.9392
v  1474.8816 0.0000 13.2292
v  1475.1313 5.0000 13.0842
v  1474.8816 10.0000 13.2292
v  1474.3660 0.0000 13.4665
v  1474.6238 5.0000 13.3479
v  1474.3660 10.0000 13.4665
v  1473.8339 0.0000 13.6511
v  1474.1000 5.0000 13.5588
v  1473.8339 10.0000 13.6511
v  1473.2855 0.0000 13.7829
v  1473.5597 5.0000 13.7170
v  1473.2855 10.0000 13.7829
v  1472.7208 0.0000 13.8620
v  1473.0032 5.0000 13.8225
v  1472.7208 10.0000 13.8620
v  1472.1398 0.0000 13.8884
v  1472.4303 5.0000 13.8752
v  1472.1398 10.0000 13.8884
v  1476.5396 0.0000 16.1424
v  1474.3397 5.0000 15.0154
v  1476.5396 10.0000 16.1424
v  1480.5193 0.0000 14.5877
v  1478.5294 5.0000 15.3651
v  1480.5193 10.0000 14.5877
v  1480.8218 0.0000 15.1797
v  1480.6705 5.0000 14.8837
v  1480.8218 10.0000 15.1797
v  1481.0887 0.0000 15.8634
v  1480.9552 5.0000 15.5216
v  1481.0887 10.0000 15.8634
v  1481.3201 0.0000 16.6388
v  1481.2043 5.0000 16.2511
v  1481.3201 10.0000 16.6388
v  1481.5157 0.0000 17.5058
v  1481.4180 5.0000 17.0723
v  1481.5157 10.0000 17.5058
v  1481.6760 0.0000 18.4646
v  1481.5959 5.0000 17.9852
v  1481.6760 10.0000 18.4646
v  1481.8005 0.0000 19.5150
v  1481.7383 5.0000 18.9898
v  1481.8005 10.0000 19.5150
v  1481.8895 0.0000 20.6570
v  1481.8450 5.0000 20.0860
v  1481.8895 10.0000 20.6570
v  1481.9429 0.0000 21.8908
v  1481.9163 5.0000 21.2739
v  1481.9429 10.0000 21.8908
v  1481.9607 0.0000 23.2162
v  1481.9518 5.0000 22.5535
v  1481.9607 10.0000 23.2162
v  1481.9607 0.0000 54.1380
v  1481.9607 5.0000 38.6771
v  1481.9607 10.0000 54.1380
v  1491.7816 0.0000 54.1380
v  1486.8711 5.0000 54.1380
v  1491.7816 10.0000 54.1380
v  1491.7816 0.0000 22.6603
v  1491.7816 5.0000 38.3992
v  1491.7816 10.0000 22.6603
v  1491.7390 0.0000 21.0851
v  1491.7603 5.0000 21.8727
v  1491.7390 10.0000 21.0851
v  1491.6113 0.0000 19.5839
v  1491.6752 5.0000 20.3345
v  1491.6113 10.0000 19.5839
v  1491.3987 0.0000 18.1568
v  1491.5050 5.0000 18.8704
v  1491.3987 10.0000 18.1568
v  1491.1008 0.0000 16.8037
v  1491.2498 5.0000 17.4803
v  1491.1008 10.0000 16.8037
v  1490.7179 0.0000 15.5247
v  1490.9093 5.0000 16.1642
v  1490.7179 10.0000 15.5247
v  1490.2499 0.0000 14.3197
v  1490.4839 5.0000 14.9222
v  1490.2499 10.0000 14.3197
v  1489.6968 0.0000 13.1887
v  1489.9733 5.0000 13.7542
v  1489.6968 10.0000 13.1887
v  1489.0586 0.0000 12.1318
v  1489.3777 5.0000 12.6603
v  1489.0586 10.0000 12.1318
v  1488.3352 0.0000 11.1489
v  1488.6969 5.0000 11.6404
v  1488.3352 10.0000 11.1489
v  1488.9913 0.0000 10.8449
v  1488.6633 5.0000 10.9969
v  1488.9913 10.0000 10.8449
v  1489.6526 0.0000 10.4775
v  1489.3219 5.0000 10.6612
v  1489.6526 10.0000 10.4775
v  1490.3191 0.0000 10.0465
v  1489.9858 5.0000 10.2620
v  1490.3191 10.0000 10.0465
v  1490.9907 0.0000 9.5521
v  1490.6549 5.0000 9.7993
v  1490.9907 10.0000 9.5521
v  1491.6675 0.0000 8.9942
v  1491.3291 5.0000 9.2731
v  1491.6675 10.0000 8.9942
v  1492.3496 0.0000 8.3728
v  1492.0085 5.0000 8.6835
v  1492.3496 10.0000 8.3728
v  1493.0367 0.0000 7.6879
v  1492.6931 5.0000 8.0304
v  1493.0367 10.0000 7.6879
v  1493.7291 0.0000 6.9396
v  1493.3829 5.0000 7.3138
v  1493.7291 10.0000 6.9396
v  1494.4268 0.0000 6.1278
v  1494.0780 5.0000 6.5337
v  1494.4268 10.0000 6.1278
v  1495.0880 0.0000 5.3008
v  1494.7573 5.0000 5.7143
v  1495.0880 10.0000 5.3008
v  1495.6715 0.0000 4.5071
v  1495.3798 5.0000 4.9040
v  1495.6715 10.0000 4.5071
v  1496.1772 0.0000 3.7466
v  1495.9243 5.0000 4.1269
v  1496.1772 10.0000 3.7466
v  1496.6051 0.0000 3.0194
v  1496.3911 5.0000 3.3830
v  1496.6051 10.0000 3.0194
v  1496.9552 0.0000 2.3253
v  1496.7802 5.0000 2.6724
v  1496.9552 10.0000 2.3253
v  1497.2274 0.0000 1.6645
v  1497.0913 5.0000 1.9949
v  1497.2274 10.0000 1.6645
v  1497.4220 0.0000 1.0370
v  1497.3247 5.0000 1.3508
v  1497.4220 10.0000 1.0370
v  1497.5387 0.0000 0.4427
v  1497.4803 5.0000 0.7398
v  1497.5387 10.0000 0.4427
v  1497.5775 0.0000 -0.1185
v  1497.5581 5.0000 0.1621
v  1497.5775 10.0000 -0.1185
v  1485.9856 0.0000 -0.1185
v  1491.7816 5.0000 -0.1185
v  1485.9856 10.0000 -0.1185
v  1485.9645 5.0000 0.3599
v  1470.8340 0.0000 24.4006
v  1471.5551 0.0000 24.5426
v  1471.1945 5.0000 24.4716
v  1471.5551 10.0000 24.5426
v  1470.8340 10.0000 24.4006
v  1472.1801 0.0000 24.7793
v  1471.8676 5.0000 24.6610
v  1472.1801 10.0000 24.7793
v  1472.7089 0.0000 25.1106
v  1472.4445 5.0000 24.9449
v  1472.7089 10.0000 25.1106
v  1473.1416 0.0000 25.5366
v  1472.9252 5.0000 25.3236
v  1473.1416 10.0000 25.5366
v  1473.4780 0.0000 26.0572
v  1473.3098 5.0000 25.7969
v  1473.4780 10.0000 26.0572
v  1473.7185 0.0000 26.6725
v  1473.5983 5.0000 26.3648
v  1473.7185 10.0000 26.6725
v  1473.8627 0.0000 27.3825
v  1473.7905 5.0000 27.0275
v  1473.8627 10.0000 27.3825
v  1473.9108 0.0000 28.1871
v  1473.8867 5.0000 27.7848
v  1473.9108 10.0000 28.1871
v  1473.8627 0.0000 29.0044
v  1473.8867 5.0000 28.5957
v  1473.8627 10.0000 29.0044
v  1473.7185 0.0000 29.7255
v  1473.7905 5.0000 29.3649
v  1473.7185 10.0000 29.7255
v  1473.4780 0.0000 30.3505
v  1473.5983 5.0000 30.0380
v  1473.4780 10.0000 30.3505
v  1473.1416 0.0000 30.8793
v  1473.3098 5.0000 30.6149
v  1473.1416 10.0000 30.8793
v  1472.7089 0.0000 31.3120
v  1472.9252 5.0000 31.0957
v  1472.7089 10.0000 31.3120
v  1472.1801 0.0000 31.6485
v  1472.4445 5.0000 31.4803
v  1472.1801 10.0000 31.6485
v  1471.5551 0.0000 31.8889
v  1471.8676 5.0000 31.7687
v  1471.5551 10.0000 31.8889
v  1470.8340 0.0000 32.0331
v  1471.1945 5.0000 31.9610
v  1470.8340 10.0000 32.0331
v  1470.0166 0.0000 32.0812
v  1470.4253 5.0000 32.0572
v  1470.0166 10.0000 32.0812
v  1469.2120 0.0000 32.0331
v  1469.6144 5.0000 32.0572
v  1469.2120 10.0000 32.0331
v  1468.5021 0.0000 31.8889
v  1468.8571 5.0000 31.9610
v  1468.5021 10.0000 31.8889
v  1467.8867 0.0000 31.6485
v  1468.1945 5.0000 31.7687
v  1467.8867 10.0000 31.6485
v  1467.3661 0.0000 31.3120
v  1467.6265 5.0000 31.4803
v  1467.3661 10.0000 31.3120
v  1466.9402 0.0000 30.8793
v  1467.1531 5.0000 31.0957
v  1466.9402 10.0000 30.8793
v  1466.6088 0.0000 30.3505
v  1466.7745 5.0000 30.6149
v  1466.6088 10.0000 30.3505
v  1466.3722 0.0000 29.7255
v  1466.4905 5.0000 30.0380
v  1466.3722 10.0000 29.7255
v  1466.2302 0.0000 29.0044
v  1466.3011 5.0000 29.3649
v  1466.2302 10.0000 29.0044
v  1466.1829 0.0000 28.1871
v  1466.2065 5.0000 28.5957
v  1466.1829 10.0000 28.1871
v  1466.2302 0.0000 27.3825
v  1466.2065 5.0000 27.7848
v  1466.2302 10.0000 27.3825
v  1466.3722 0.0000 26.6725
v  1466.3011 5.0000 27.0275
v  1466.3722 10.0000 26.6725
v  1466.6089 0.0000 26.0572
v  1466.4905 5.0000 26.3648
v  1466.6089 10.0000 26.0572
v  1466.9402 0.0000 25.5366
v  1466.7745 5.0000 25.7969
v  1466.9402 10.0000 25.5366
v  1467.3661 0.0000 25.1106
v  1467.1531 5.0000 25.3236
v  1467.3661 10.0000 25.1106
v  1467.8867 0.0000 24.7793
v  1467.6265 5.0000 24.9449
v  1467.8867 10.0000 24.7793
v  1468.5021 0.0000 24.5426
v  1468.1945 5.0000 24.6609
v  1468.5021 10.0000 24.5426
v  1469.2120 0.0000 24.4006
v  1468.8571 5.0000 24.4716
v  1469.2120 10.0000 24.4006
v  1470.0166 0.0000 24.3533
v  1469.6143 5.0000 24.3770
v  1470.0166 10.0000 24.3533
v  1470.4253 5.0000 24.3770
v  1473.8000 0.0000 14.6309
v  1455.2330 10.0000 40.2692
v  1474.1820 0.0000 14.5958
v  1474.5530 0.0000 14.5255
v  1474.9131 0.0000 14.4200
v  1475.2625 0.0000 14.2794
v  1475.6007 0.0000 14.1036
v  1477.0759 0.0000 14.0664
v  1477.5713 0.0000 13.1284
v  1486.8711 0.0000 38.5381
v  1479.1301 0.0000 7.5250
v  1486.1260 0.0000 8.4039
v  1486.8561 0.0000 22.2131
v  1486.7957 0.0000 20.8042
v  1486.6750 0.0000 19.4782
v  1486.4940 0.0000 18.2350
v  1486.2527 0.0000 17.0747
v  1485.9509 0.0000 15.9973
v  1486.2828 0.0000 14.4285
v  1484.5150 0.0000 12.0870
v  1481.7903 0.0000 10.6350
v  1479.0450 0.0000 11.3006
v  1487.4657 0.0000 8.3477
v  1488.4722 0.0000 7.5217
v  1489.4572 0.0000 6.5230
v  1489.4192 0.0000 5.1575
v  1490.9327 0.0000 4.5423
v  1491.7391 0.0000 3.2274
v  1494.6035 0.0000 1.4263
v  1476.3361 0.0000 8.2547
v  1475.4440 0.0000 9.1473
v  1474.8118 0.0000 7.9765
v  1473.8412 0.0000 8.8902
v  1473.1117 0.0000 7.7778
v  1471.7351 0.0000 7.6855
v  1470.7529 0.0000 8.6601
v  1469.7424 0.0000 7.6193
v  1468.0953 0.0000 7.6350
v  1466.9910 0.0000 8.7164
v  1465.7560 0.0000 7.8170
v  1464.1357 0.0000 8.0614
v  1462.5892 0.0000 8.4081
v  1461.1163 0.0000 8.8570
v  1459.7173 0.0000 9.4083
v  1458.3918 0.0000 10.0617
v  1457.1401 0.0000 10.8175
v  1455.9678 0.0000 11.6742
v  1454.8931 0.0000 12.6258
v  1453.9366 0.0000 13.6639
v  1453.1058 0.0000 14.7850
v  1452.4005 0.0000 15.9891
v  1450.8395 0.0000 17.4377
v  1451.1353 0.0000 19.4976
v  1450.8840 0.0000 20.9989
v  1450.7584 0.0000 22.5832
v  1452.2345 0.0000 23.5926
v  1450.7577 0.0000 24.4365
v  1450.8372 0.0000 25.7421
v  1452.4171 0.0000 26.5680
v  1451.0393 0.0000 27.6703
v  1451.2634 0.0000 29.1891
v  1452.9077 0.0000 30.1110
v  1451.6533 0.0000 31.4368
v  1452.0221 0.0000 33.1688
v  1452.4501 0.0000 34.9631
v  1454.0782 0.0000 35.7974
v  1453.0361 0.0000 37.3357
v  1454.6147 0.0000 38.0141
v  1453.6355 0.0000 39.4783
v  1455.1353 0.0000 39.8884
v  1455.2330 0.0000 40.2692
v  1454.1680 0.0000 41.2412
v  1453.9180 0.0000 45.6590
v  1459.1855 0.0000 40.2098
v  1453.7964 0.0000 44.9011
v  1453.6444 0.0000 44.1433
v  1453.4622 0.0000 43.3854
v  1454.4050 0.0000 41.9535
v  1466.9296 0.0000 34.4909
v  1463.2571 0.0000 37.7094
v  1461.5928 0.0000 37.0407
v  1456.8070 0.0000 43.1873
v  1457.0526 0.0000 41.8593
v  1461.7190 0.0000 37.4894
v  1461.9083 0.0000 37.8740
v  1462.1608 0.0000 38.1945
v  1460.9034 0.0000 41.8588
v  1460.4867 0.0000 43.3232
v  1460.1221 0.0000 44.7641
v  1459.8094 0.0000 46.1812
v  1459.5491 0.0000 47.5748
v  1459.3407 0.0000 48.9447
v  1459.1843 0.0000 50.2909
v  1459.0802 0.0000 51.6135
v  1457.3151 0.0000 53.2189
v  1468.1259 0.0000 34.9299
v  1469.4266 0.0000 35.1494
v  1470.7351 0.0000 34.8444
v  1471.9485 0.0000 34.6691
v  1473.0521 0.0000 34.3183
v  1474.0464 0.0000 33.7922
v  1474.9279 0.0000 33.0928
v  1475.6624 0.0000 32.2447
v  1476.5908 0.0000 31.1821
v  1476.1669 0.0000 29.8629
v  1476.7687 0.0000 28.9608
v  1476.2867 0.0000 27.6293
v  1476.1307 0.0000 26.3733
v  1475.8186 0.0000 25.2744
v  1475.3506 0.0000 24.3325
v  1474.7264 0.0000 23.5475
v  1473.9463 0.0000 22.9195
v  1473.0101 0.0000 22.4485
v  1471.9180 0.0000 22.1346
v  1470.6697 0.0000 21.9776
v  1469.5231 0.0000 21.9590
v  1468.2446 0.0000 21.6016
v  1467.2852 0.0000 22.3129
v  1466.1178 0.0000 22.2360
v  1464.6312 0.0000 22.8110
v  1463.9154 0.0000 24.1463
v  1463.2694 0.0000 25.2089
v  1463.4144 0.0000 26.2915
v  1459.7555 0.0000 31.7327
v  1473.8000 10.0000 14.6309
v  1481.7903 10.0000 10.6350
v  1455.5204 10.0000 41.1263
v  1455.1353 10.0000 39.8884
v  1453.6355 10.0000 39.4783
v  1454.6147 10.0000 38.0141
v  1453.0361 10.0000 37.3357
v  1454.0782 10.0000 35.7974
v  1452.4501 10.0000 34.9631
v  1452.0221 10.0000 33.1688
v  1451.6533 10.0000 31.4368
v  1452.9077 10.0000 30.1110
v  1451.2634 10.0000 29.1891
v  1451.0393 10.0000 27.6703
v  1452.4171 10.0000 26.5680
v  1450.8372 10.0000 25.7421
v  1450.7577 10.0000 24.4365
v  1452.2345 10.0000 23.5926
v  1450.7584 10.0000 22.5832
v  1450.8840 10.0000 20.9989
v  1451.1353 10.0000 19.4976
v  1450.8395 10.0000 17.4377
v  1452.4005 10.0000 15.9891
v  1453.1058 10.0000 14.7850
v  1453.9366 10.0000 13.6639
v  1454.8931 10.0000 12.6258
v  1455.9678 10.0000 11.6742
v  1457.1401 10.0000 10.8175
v  1458.3918 10.0000 10.0617
v  1459.7173 10.0000 9.4083
v  1461.1163 10.0000 8.8570
v  1462.5892 10.0000 8.4081
v  1464.1357 10.0000 8.0614
v  1465.7560 10.0000 7.8170
v  1466.9910 10.0000 8.7164
v  1468.0953 10.0000 7.6350
v  1469.7424 10.0000 7.6193
v  1470.7529 10.0000 8.6601
v  1471.7351 10.0000 7.6855
v  1473.1117 10.0000 7.7778
v  1473.8412 10.0000 8.8902
v  1474.8118 10.0000 7.9765
v  1475.4440 10.0000 9.1473
v  1476.3361 10.0000 8.2547
v  1479.1301 10.0000 7.5250
v  1479.0450 10.0000 11.3006
v  1477.5713 10.0000 13.1284
v  1477.0759 10.0000 14.0664
v  1475.6007 10.0000 14.1036
v  1475.2625 10.0000 14.2794
v  1474.9131 10.0000 14.4200
v  1474.5530 10.0000 14.5255
v  1474.1820 10.0000 14.5958
v  1453.2494 10.0000 42.6274
v  1454.1680 10.0000 41.2412
v  1453.4622 10.0000 43.3854
v  1453.6444 10.0000 44.1433
v  1453.7964 10.0000 44.9011
v  1459.7555 10.0000 31.7327
v  1456.7462 10.0000 42.4295
v  1463.4144 10.0000 26.2915
v  1458.7085 10.0000 39.1061
v  1453.9180 10.0000 45.6590
v  1463.2694 10.0000 25.2089
v  1463.9154 10.0000 24.1463
v  1464.6312 10.0000 22.8110
v  1466.1178 10.0000 22.2360
v  1467.2852 10.0000 22.3129
v  1468.2446 10.0000 21.6016
v  1469.5231 10.0000 21.9590
v  1470.6697 10.0000 21.9776
v  1471.9180 10.0000 22.1346
v  1473.0101 10.0000 22.4485
v  1473.9463 10.0000 22.9195
v  1474.7264 10.0000 23.5475
v  1475.3506 10.0000 24.3325
v  1475.8186 10.0000 25.2744
v  1476.1307 10.0000 26.3733
v  1476.2867 10.0000 27.6293
v  1476.7687 10.0000 28.9608
v  1476.1669 10.0000 29.8629
v  1476.5908 10.0000 31.1821
v  1475.6624 10.0000 32.2447
v  1474.9279 10.0000 33.0928
v  1474.0464 10.0000 33.7921
v  1473.0521 10.0000 34.3183
v  1471.9485 10.0000 34.6691
v  1470.7351 10.0000 34.8444
v  1469.4266 10.0000 35.1494
v  1468.1259 10.0000 34.9299
v  1466.9296 10.0000 34.4909
v  1463.2571 10.0000 37.7094
v  1456.8070 10.0000 43.1873
v  1459.0802 10.0000 51.6135
v  1457.3151 10.0000 53.2189
v  1459.1843 10.0000 50.2909
v  1459.3407 10.0000 48.9447
v  1459.5491 10.0000 47.5748
v  1459.8094 10.0000 46.1812
v  1460.1221 10.0000 44.7641
v  1460.4867 10.0000 43.3232
v  1460.9034 10.0000 41.8588
v  1462.1608 10.0000 38.1945
v  1461.9083 10.0000 37.8740
v  1461.7190 10.0000 37.4894
v  1461.5928 10.0000 37.0407
v  1459.1855 10.0000 40.2098
v  1484.5150 10.0000 12.0870
v  1486.2828 10.0000 14.4285
v  1494.6035 10.0000 1.4263
v  1491.7391 10.0000 3.2274
v  1490.9327 10.0000 4.5423
v  1489.4192 10.0000 5.1575
v  1489.4572 10.0000 6.5230
v  1488.4722 10.0000 7.5217
v  1487.4657 10.0000 8.3477
v  1486.1260 10.0000 8.4039
v  1485.9509 10.0000 15.9973
v  1486.2527 10.0000 17.0747
v  1486.4940 10.0000 18.2350
v  1486.6750 10.0000 19.4782
v  1486.7957 10.0000 20.8042
v  1486.8561 10.0000 22.2131
v  1486.8711 10.0000 38.5381
# 1028 vertices

vn -0.6931 -0.7180 -0.0639
vn -0.6824 -0.7189 -0.1322
vn -0.9903 0.0000 -0.1391
vn -0.6824 0.7189 -0.1322
vn -0.6931 0.7180 -0.0639
vn -0.6635 -0.7198 -0.2041
vn -0.9706 0.0000 -0.2408
vn -0.6635 0.7198 -0.2041
vn -0.6358 -0.7203 -0.2774
vn -0.9381 0.0000 -0.3464
vn -0.6358 0.7203 -0.2774
vn -0.5991 -0.7205 -0.3492
vn -0.8920 0.0000 -0.4521
vn -0.5991 0.7205 -0.3492
vn -0.5545 -0.7204 -0.4167
vn -0.8329 0.0000 -0.5534
vn -0.5545 0.7204 -0.4167
vn -0.5039 -0.7199 -0.4773
vn -0.7633 0.0000 -0.6461
vn -0.5039 0.7199 -0.4773
vn -0.4497 -0.7191 -0.5297
vn -0.6864 0.0000 -0.7272
vn -0.4497 0.7191 -0.5297
vn -0.0697 -0.8385 -0.5404
vn -0.6063 0.0000 -0.7953
vn -0.0697 0.8385 -0.5404
vn 0.2504 -0.6988 -0.6701
vn 0.3847 0.0000 -0.9230
vn 0.2504 0.6988 -0.6701
vn 0.2030 -0.7000 -0.6847
vn 0.3148 0.0000 -0.9491
vn 0.2030 0.7000 -0.6847
vn 0.1615 -0.7009 -0.6947
vn 0.2533 0.0000 -0.9674
vn 0.1615 0.7009 -0.6947
vn 0.1252 -0.7017 -0.7013
vn 0.1993 0.0000 -0.9799
vn 0.1252 0.7017 -0.7013
vn 0.0935 -0.7024 -0.7056
vn 0.1520 0.0000 -0.9884
vn 0.0935 0.7024 -0.7056
vn 0.0656 -0.7030 -0.7082
vn 0.1105 0.0000 -0.9939
vn 0.0656 0.7030 -0.7082
vn 0.0411 -0.7035 -0.7095
vn 0.0740 0.0000 -0.9973
vn 0.0411 0.7035 -0.7095
vn 0.0195 -0.7039 -0.7100
vn 0.0417 0.0000 -0.9991
vn 0.0195 0.7039 -0.7100
vn -0.0054 -0.7025 -0.7117
vn 0.0131 0.0000 -0.9999
vn -0.0054 0.7025 -0.7117
vn -0.0418 -0.7004 -0.7126
vn -0.0284 0.0000 -0.9996
vn -0.0418 0.7004 -0.7126
vn -0.0866 -0.6998 -0.7090
vn -0.0887 0.0000 -0.9961
vn -0.0866 0.6998 -0.7090
vn -0.1346 -0.6993 -0.7021
vn -0.1536 0.0000 -0.9881
vn -0.1346 0.6993 -0.7021
vn -0.1854 -0.6987 -0.6909
vn -0.2227 0.0000 -0.9749
vn -0.1854 0.6987 -0.6909
vn -0.2384 -0.6983 -0.6750
vn -0.2953 0.0000 -0.9554
vn -0.2384 0.6983 -0.6750
vn -0.2927 -0.6979 -0.6537
vn -0.3703 0.0000 -0.9289
vn -0.2927 0.6979 -0.6537
vn -0.3470 -0.6976 -0.6269
vn -0.4462 0.0000 -0.8949
vn -0.3470 0.6976 -0.6269
vn -0.4000 -0.6974 -0.5947
vn -0.5214 0.0000 -0.8533
vn -0.4000 0.6974 -0.5947
vn -0.4523 -0.6968 -0.5567
vn -0.5939 0.0000 -0.8045
vn -0.4523 0.6968 -0.5567
vn -0.5050 -0.6958 -0.5107
vn -0.6659 0.0000 -0.7460
vn -0.5050 0.6958 -0.5107
vn -0.5556 -0.6954 -0.4558
vn -0.7384 0.0000 -0.6743
vn -0.5556 0.6954 -0.4558
vn -0.6012 -0.6952 -0.3941
vn -0.8056 0.0000 -0.5925
vn -0.6012 0.6952 -0.3941
vn -0.6398 -0.6953 -0.3274
vn -0.8646 0.0000 -0.5025
vn -0.6398 0.6953 -0.3274
vn -0.6704 -0.6956 -0.2582
vn -0.9133 0.0000 -0.4074
vn -0.6704 0.6956 -0.2582
vn -0.6926 -0.6962 -0.1890
vn -0.9506 0.0000 -0.3105
vn -0.6926 0.6962 -0.1890
vn -0.7068 -0.6969 -0.1219
vn -0.9765 0.0000 -0.2153
vn -0.7068 0.6969 -0.1219
vn -0.7140 -0.6977 -0.0588
vn -0.9922 0.0000 -0.1244
vn -0.7140 0.6977 -0.0588
vn -0.7149 -0.6992 -0.0031
vn -0.9992 0.0000 -0.0397
vn -0.7149 0.6992 -0.0031
vn -0.7121 -0.7008 0.0422
vn -0.9995 0.0000 0.0311
vn -0.7121 0.7008 0.0422
vn -0.7081 -0.7016 0.0796
vn -0.9962 0.0000 0.0872
vn -0.7081 0.7016 0.0796
vn -0.7030 -0.7023 0.1122
vn -0.9907 0.0000 0.1362
vn -0.7030 0.7023 0.1122
vn -0.6973 -0.7028 0.1407
vn -0.9838 0.0000 0.1790
vn -0.6973 0.7028 0.1407
vn -0.6913 -0.7033 0.1657
vn -0.9763 0.0000 0.2165
vn -0.6913 0.7033 0.1657
vn -0.6852 -0.7037 0.1877
vn -0.9684 0.0000 0.2495
vn -0.6852 0.7037 0.1877
vn -0.6793 -0.7041 0.2071
vn -0.9604 0.0000 0.2787
vn -0.6793 0.7041 0.2071
vn -0.6734 -0.7044 0.2244
vn -0.9525 0.0000 0.3046
vn -0.6734 0.7044 0.2244
vn -0.6681 -0.7077 0.2297
vn -0.9448 0.0000 0.3277
vn -0.6681 0.7077 0.2297
vn -0.6694 -0.7112 0.2147
vn -0.9465 0.0000 0.3226
vn -0.6694 0.7112 0.2147
vn -0.6767 -0.7113 0.1899
vn -0.9576 0.0000 0.2880
vn -0.6767 0.7113 0.1899
vn -0.6833 -0.7114 0.1644
vn -0.9677 0.0000 0.2522
vn -0.6833 0.7114 0.1644
vn -0.6890 -0.7115 0.1381
vn -0.9765 0.0000 0.2154
vn -0.6890 0.7115 0.1381
vn -0.6938 -0.7115 0.1113
vn -0.9841 0.0000 0.1776
vn -0.6938 0.7115 0.1113
vn -0.6976 -0.7116 0.0839
vn -0.9903 0.0000 0.1390
vn -0.6976 0.7116 0.0839
vn -0.7003 -0.7116 0.0562
vn -0.9950 0.0000 0.0998
vn -0.7003 0.7116 0.0562
vn -0.7020 -0.7116 0.0281
vn -0.9982 0.0000 0.0601
vn -0.7020 0.7116 0.0281
vn -0.7048 -0.7094 0.0071
vn -0.9998 0.0000 0.0201
vn -0.7048 0.7094 0.0071
vn -0.5774 -0.5774 0.5774
vn -1.0000 0.0000 -0.0000
vn -0.5774 0.5774 0.5774
vn 0.5709 -0.5784 0.5826
vn 0.0000 0.0000 1.0000
vn 0.5709 0.5784 0.5826
vn 0.7021 -0.7116 0.0280
vn 0.9998 0.0000 0.0202
vn 0.7021 0.7116 0.0280
vn 0.7006 -0.7114 0.0551
vn 0.9982 0.0000 0.0595
vn 0.7006 0.7114 0.0551
vn 0.6983 -0.7112 0.0809
vn 0.9953 0.0000 0.0971
vn 0.6983 0.7112 0.0809
vn 0.6952 -0.7110 0.1056
vn 0.9911 0.0000 0.1331
vn 0.6952 0.7110 0.1056
vn 0.6914 -0.7108 0.1291
vn 0.9859 0.0000 0.1673
vn 0.6914 0.7108 0.1291
vn 0.6870 -0.7107 0.1514
vn 0.9798 0.0000 0.1998
vn 0.6870 0.7107 0.1514
vn 0.6822 -0.7105 0.1725
vn 0.9731 0.0000 0.2306
vn 0.6822 0.7105 0.1725
vn 0.6770 -0.7103 0.1925
vn 0.9657 0.0000 0.2597
vn 0.6770 0.7103 0.1925
vn 0.3032 0.5660 0.7666
vn 0.9578 0.0000 0.2873
vn 0.3032 -0.5660 0.7666
vn -0.3390 -0.7001 0.6285
vn -0.5023 0.0000 0.8647
vn -0.3390 0.7001 0.6285
vn -0.2984 -0.7000 0.6488
vn -0.4466 0.0000 0.8947
vn -0.2984 0.7000 0.6488
vn -0.2563 -0.7000 0.6666
vn -0.3886 0.0000 0.9214
vn -0.2563 0.7000 0.6666
vn -0.2131 -0.7000 0.6816
vn -0.3287 0.0000 0.9444
vn -0.2131 0.7000 0.6816
vn -0.1694 -0.7001 0.6937
vn -0.2678 0.0000 0.9635
vn -0.1694 0.7001 0.6937
vn -0.1258 -0.7002 0.7028
vn -0.2065 0.0000 0.9784
vn -0.1258 0.7002 0.7028
vn -0.0828 -0.7004 0.7089
vn -0.1457 0.0000 0.9893
vn -0.0828 0.7004 0.7089
vn -0.0408 -0.7006 0.7124
vn -0.0861 0.0000 0.9963
vn -0.0408 0.7006 0.7124
vn 0.0027 -0.7000 0.7141
vn -0.0281 0.0000 0.9996
vn 0.0027 0.7000 0.7141
vn 0.0523 -0.6988 0.7134
vn 0.0357 0.0000 0.9994
vn 0.0523 0.6988 0.7134
vn 0.1074 -0.6983 0.7078
vn 0.1105 0.0000 0.9939
vn 0.1074 0.6983 0.7078
vn 0.1649 -0.6978 0.6970
vn 0.1893 0.0000 0.9819
vn 0.1649 0.6978 0.6970
vn 0.2236 -0.6975 0.6808
vn 0.2707 0.0000 0.9627
vn 0.2236 0.6975 0.6808
vn 0.2824 -0.6973 0.6588
vn 0.3529 0.0000 0.9357
vn 0.2824 0.6973 0.6588
vn 0.3396 -0.6972 0.6313
vn 0.4342 0.0000 0.9008
vn 0.3396 0.6972 0.6313
vn 0.3940 -0.6973 0.5987
vn 0.5125 0.0000 0.8587
vn 0.3940 0.6973 0.5987
vn 0.4444 -0.6976 0.5621
vn 0.5860 0.0000 0.8103
vn 0.4444 0.6976 0.5621
vn 0.4913 -0.6975 0.5217
vn 0.6532 0.0000 0.7572
vn 0.4913 0.6975 0.5217
vn 0.5368 -0.6967 0.4758
vn 0.7165 0.0000 0.6976
vn 0.5368 0.6967 0.4758
vn 0.5798 -0.6964 0.4229
vn 0.7785 0.0000 0.6276
vn 0.5798 0.6964 0.4229
vn 0.6181 -0.6963 0.3648
vn 0.8354 0.0000 0.5497
vn 0.6181 0.6963 0.3648
vn 0.6505 -0.6964 0.3031
vn 0.8849 0.0000 0.4657
vn 0.6505 0.6964 0.3031
vn 0.6763 -0.6966 0.2395
vn 0.9258 0.0000 0.3779
vn 0.6763 0.6966 0.2395
vn 0.6951 -0.6971 0.1759
vn 0.9574 0.0000 0.2889
vn 0.6951 0.6971 0.1759
vn 0.7073 -0.6976 0.1141
vn 0.9795 0.0000 0.2012
vn 0.7073 0.6976 0.1141
vn 0.7137 -0.6983 0.0553
vn 0.9931 0.0000 0.1169
vn 0.7137 0.6983 0.0553
vn 0.7175 -0.6965 -0.0073
vn 0.9993 0.0000 0.0375
vn 0.7175 0.6965 -0.0073
vn 0.7161 -0.6921 -0.0908
vn 0.9983 0.0000 -0.0578
vn 0.7161 0.6921 -0.0908
vn 0.6971 -0.6887 -0.1991
vn 0.9812 0.0000 -0.1932
vn 0.6971 0.6887 -0.1991
vn 0.6521 -0.6856 -0.3237
vn 0.9352 0.0000 -0.3541
vn 0.6521 0.6856 -0.3237
vn 0.5728 -0.6834 -0.4525
vn 0.8474 0.0000 -0.5309
vn 0.5728 0.6834 -0.4525
vn 0.4611 -0.6833 -0.5661
vn 0.7126 0.0000 -0.7015
vn 0.4611 0.6833 -0.5661
vn 0.3319 -0.6852 -0.6484
vn 0.5429 0.0000 -0.8398
vn 0.3319 0.6852 -0.6484
vn 0.2050 -0.6883 -0.6959
vn 0.3639 0.0000 -0.9314
vn 0.2050 0.6883 -0.6959
vn 0.0937 -0.6916 -0.7162
vn 0.1991 0.0000 -0.9800
vn 0.0937 0.6916 -0.7162
vn 0.0102 -0.6970 -0.7170
vn 0.0596 0.0000 -0.9982
vn 0.0102 0.6970 -0.7170
vn -0.0469 -0.6994 -0.7131
vn -0.0313 0.0000 -0.9995
vn -0.0469 0.6994 -0.7131
vn -0.0992 -0.6984 -0.7088
vn -0.0999 0.0000 -0.9950
vn -0.0992 0.6984 -0.7088
vn -0.1578 -0.6974 -0.6991
vn -0.1771 0.0000 -0.9842
vn -0.1578 0.6974 -0.6991
vn -0.2224 -0.6962 -0.6825
vn -0.2628 0.0000 -0.9649
vn -0.2224 0.6962 -0.6825
vn -0.2920 -0.6951 -0.6569
vn -0.3561 0.0000 -0.9344
vn -0.2920 0.6951 -0.6569
vn -0.3644 -0.6942 -0.6207
vn -0.4550 0.0000 -0.8905
vn -0.3644 0.6942 -0.6207
vn -0.4366 -0.6935 -0.5731
vn -0.5558 0.0000 -0.8313
vn -0.4366 0.6935 -0.5731
vn -0.5048 -0.6932 -0.5145
vn -0.6539 0.0000 -0.7566
vn -0.5048 0.6932 -0.5145
vn -0.5540 -0.6973 -0.4549
vn -0.7440 0.0000 -0.6682
vn -0.5540 0.6973 -0.4549
vn -0.5810 -0.7014 -0.4128
vn -0.8002 0.0000 -0.5997
vn -0.5810 0.7014 -0.4128
vn -0.6009 -0.7016 -0.3831
vn -0.8296 0.0000 -0.5583
vn -0.6009 0.7016 -0.3831
vn -0.6188 -0.7017 -0.3531
vn -0.8563 0.0000 -0.5164
vn -0.6188 0.7017 -0.3531
vn -0.6349 -0.7019 -0.3231
vn -0.8803 0.0000 -0.4744
vn -0.6349 0.7019 -0.3231
vn -0.6489 -0.7020 -0.2933
vn -0.9017 0.0000 -0.4324
vn -0.6489 0.7020 -0.2933
vn -0.6612 -0.7022 -0.2640
vn -0.9204 0.0000 -0.3910
vn -0.6612 0.7022 -0.2640
vn -0.6718 -0.7024 -0.2353
vn -0.9366 0.0000 -0.3504
vn -0.6718 0.7024 -0.2353
vn -0.6807 -0.7026 -0.2074
vn -0.9505 0.0000 -0.3107
vn -0.6807 0.7026 -0.2074
vn -0.6884 -0.7027 -0.1799
vn -0.9623 0.0000 -0.2721
vn -0.6884 0.7027 -0.1799
vn -0.6946 -0.7029 -0.1532
vn -0.9723 0.0000 -0.2336
vn -0.6946 0.7029 -0.1532
vn -0.6991 -0.7034 -0.1286
vn -0.9804 0.0000 -0.1972
vn -0.6991 0.7034 -0.1286
vn -0.7024 -0.7038 -0.1065
vn -0.9864 0.0000 -0.1646
vn -0.7024 0.7038 -0.1065
vn -0.7048 -0.7041 -0.0867
vn -0.9908 0.0000 -0.1353
vn -0.7048 0.7041 -0.0867
vn -0.7064 -0.7044 -0.0688
vn -0.9941 0.0000 -0.1089
vn -0.7064 0.7044 -0.0688
vn -0.7076 -0.7047 -0.0526
vn -0.9964 0.0000 -0.0850
vn -0.7076 0.7047 -0.0526
vn -0.7083 -0.7049 -0.0379
vn -0.9980 0.0000 -0.0633
vn -0.7083 0.7049 -0.0379
vn -0.7087 -0.7051 -0.0245
vn -0.9990 0.0000 -0.0436
vn -0.7087 0.7051 -0.0245
vn -0.0245 -0.9926 -0.1189
vn -0.9997 0.0000 -0.0256
vn -0.0245 0.9926 -0.1189
vn 0.6456 -0.7200 -0.2546
vn 0.9082 0.0000 -0.4185
vn 0.6456 0.7200 -0.2546
vn 0.6712 -0.7130 -0.2030
vn 0.9494 0.0000 -0.3141
vn 0.6712 0.7130 -0.2030
vn 0.6813 -0.7104 -0.1762
vn 0.9644 0.0000 -0.2646
vn 0.6813 0.7104 -0.1762
vn 0.6866 -0.7093 -0.1599
vn 0.9717 0.0000 -0.2361
vn 0.6866 0.7093 -0.1599
vn 0.6897 -0.7086 -0.1489
vn 0.9761 0.0000 -0.2175
vn 0.6897 0.7086 -0.1489
vn 0.6918 -0.7082 -0.1410
vn 0.9789 0.0000 -0.2045
vn 0.6918 0.7082 -0.1410
vn 0.6932 -0.7080 -0.1350
vn 0.9808 0.0000 -0.1949
vn 0.6932 0.7080 -0.1350
vn 0.6943 -0.7078 -0.1304
vn 0.9823 0.0000 -0.1875
vn 0.6943 0.7078 -0.1304
vn 0.6950 -0.7080 -0.1254
vn 0.9834 0.0000 -0.1816
vn 0.6950 0.7080 -0.1254
vn 0.6958 -0.7085 -0.1184
vn 0.9848 0.0000 -0.1736
vn 0.6958 0.7085 -0.1184
vn 0.6970 -0.7086 -0.1095
vn 0.9868 0.0000 -0.1618
vn 0.6970 0.7086 -0.1095
vn 0.6983 -0.7088 -0.0995
vn 0.9889 0.0000 -0.1485
vn 0.6983 0.7088 -0.0995
vn 0.6996 -0.7090 -0.0882
vn 0.9910 0.0000 -0.1335
vn 0.6996 0.7090 -0.0882
vn 0.7009 -0.7093 -0.0753
vn 0.9932 0.0000 -0.1165
vn 0.7009 0.7093 -0.0753
vn 0.7020 -0.7097 -0.0605
vn 0.9953 0.0000 -0.0971
vn 0.7020 0.7097 -0.0605
vn 0.7028 -0.7101 -0.0433
vn 0.9972 0.0000 -0.0746
vn 0.7028 0.7101 -0.0433
vn 0.7032 -0.7106 -0.0232
vn 0.9988 0.0000 -0.0484
vn 0.7032 0.7106 -0.0232
vn 0.7008 -0.7133 0.0068
vn 0.9998 0.0000 -0.0175
vn 0.7008 0.7133 0.0068
vn 0.6958 -0.7162 0.0536
vn 0.9993 0.0000 0.0370
vn 0.6958 0.7162 0.0536
vn 0.6880 -0.7171 0.1114
vn 0.9932 0.0000 0.1165
vn 0.6880 0.7171 0.1114
vn 0.6742 -0.7179 0.1733
vn 0.9792 0.0000 0.2028
vn 0.6742 0.7179 0.1733
vn 0.6533 -0.7187 0.2382
vn 0.9556 0.0000 0.2945
vn 0.6533 0.7187 0.2382
vn 0.6246 -0.7192 0.3042
vn 0.9210 0.0000 0.3896
vn 0.6246 0.7192 0.3042
vn 0.5882 -0.7195 0.3692
vn 0.8746 0.0000 0.4848
vn 0.5882 0.7195 0.3692
vn 0.5446 -0.7196 0.4308
vn 0.8169 0.0000 0.5768
vn 0.5446 0.7196 0.4308
vn 0.4954 -0.7193 0.4871
vn 0.7494 0.0000 0.6622
vn 0.4954 0.7193 0.4871
vn 0.4451 -0.7178 0.5353
vn 0.6747 0.0000 0.7381
vn 0.4451 0.7178 0.5353
vn 0.3962 -0.7168 0.5738
vn 0.6026 0.0000 0.7981
vn 0.3962 0.7168 0.5738
vn 0.3462 -0.7168 0.6053
vn 0.5327 0.0000 0.8463
vn 0.3462 0.7168 0.6053
vn 0.2943 -0.7166 0.6324
vn 0.4592 0.0000 0.8883
vn 0.2943 0.7166 0.6324
vn 0.2417 -0.7163 0.6546
vn 0.3838 0.0000 0.9234
vn 0.2417 0.7163 0.6546
vn 0.1894 -0.7159 0.6720
vn 0.3082 0.0000 0.9513
vn 0.1894 0.7159 0.6720
vn 0.1385 -0.7154 0.6848
vn 0.2339 0.0000 0.9723
vn 0.1385 0.7154 0.6848
vn 0.0897 -0.7149 0.6934
vn 0.1622 0.0000 0.9868
vn 0.0897 0.7149 0.6934
vn 0.0435 -0.7144 0.6984
vn 0.0941 0.0000 0.9956
vn 0.0435 0.7144 0.6984
vn 0.0063 -0.7119 0.7022
vn 0.0303 0.0000 0.9995
vn 0.0063 0.7119 0.7022
vn -0.0181 -0.7101 0.7038
vn -0.0123 0.0000 0.9999
vn -0.0181 0.7101 0.7038
vn -0.0380 -0.7105 0.7027
vn -0.0390 0.0000 0.9992
vn -0.0380 0.7105 0.7027
vn -0.0602 -0.7109 0.7007
vn -0.0689 0.0000 0.9976
vn -0.0602 0.7109 0.7007
vn -0.0852 -0.7114 0.6976
vn -0.1024 0.0000 0.9947
vn -0.0852 0.7114 0.6976
vn -0.1134 -0.7120 0.6930
vn -0.1401 0.0000 0.9901
vn -0.1134 0.7120 0.6930
vn -0.1452 -0.7127 0.6863
vn -0.1828 0.0000 0.9832
vn -0.1452 0.7127 0.6863
vn -0.1810 -0.7135 0.6768
vn -0.2310 0.0000 0.9730
vn -0.1810 0.7135 0.6768
vn -0.2214 -0.7145 0.6637
vn -0.2855 0.0000 0.9584
vn -0.2214 0.7145 0.6637
vn -0.3052 -0.9500 0.0664
vn -0.3471 0.0000 0.9378
vn -0.3052 0.9500 0.0664
vn -0.4721 -0.7162 -0.5139
vn -0.7054 0.0000 -0.7088
vn -0.4721 0.7162 -0.5139
vn -0.4275 -0.7169 -0.5507
vn -0.6465 0.0000 -0.7629
vn -0.4275 0.7169 -0.5507
vn -0.3769 -0.7175 -0.5858
vn -0.5787 0.0000 -0.8155
vn -0.3769 0.7175 -0.5858
vn -0.3207 -0.7179 -0.6178
vn -0.5022 0.0000 -0.8647
vn -0.3207 0.7179 -0.6178
vn -0.2598 -0.7182 -0.6455
vn -0.4180 0.0000 -0.9084
vn -0.2598 0.7182 -0.6455
vn -0.1956 -0.7183 -0.6677
vn -0.3277 0.0000 -0.9448
vn -0.1956 0.7183 -0.6677
vn -0.1298 -0.7182 -0.6837
vn -0.2338 0.0000 -0.9723
vn -0.1298 0.7182 -0.6837
vn -0.0641 -0.7178 -0.6933
vn -0.1387 0.0000 -0.9903
vn -0.0641 0.7178 -0.6933
vn -0.8216 -0.5413 -0.1786
vn -0.0453 0.0000 -0.9990
vn -0.8216 0.5413 -0.1786
vn -0.0394 -0.6253 0.7794
vn -0.4559 0.0000 0.8900
vn -0.0394 0.6253 0.7794
vn -0.1601 -0.8926 0.4215
vn 0.3639 0.0000 0.9315
vn -0.1601 0.8926 0.4215
vn -0.6344 -0.7186 0.2851
vn -0.8905 0.0000 0.4550
vn -0.6344 0.7186 0.2851
vn -0.6597 -0.7165 0.2268
vn -0.9315 0.0000 0.3637
vn -0.6597 0.7165 0.2268
vn -0.6765 -0.7148 0.1771
vn -0.9583 0.0000 0.2859
vn -0.6765 0.7148 0.1771
vn -0.6875 -0.7135 0.1349
vn -0.9754 0.0000 0.2202
vn -0.6875 0.7135 0.1349
vn -0.6946 -0.7125 0.0992
vn -0.9863 0.0000 0.1648
vn -0.6946 0.7125 0.0992
vn -0.6992 -0.7117 0.0687
vn -0.9930 0.0000 0.1178
vn -0.6992 0.7117 0.0687
vn -0.7019 -0.7110 0.0425
vn -0.9970 0.0000 0.0777
vn -0.7019 0.7110 0.0425
vn -0.7034 -0.7105 0.0199
vn -0.9991 0.0000 0.0432
vn -0.7034 0.7105 0.0199
vn -0.7056 -0.7086 0.0047
vn -0.9999 0.0000 0.0134
vn -0.7056 0.7086 0.0047
vn 0.5774 -0.5774 0.5774
vn 0.5774 0.5774 0.5774
vn 0.7101 -0.7041 -0.0096
vn 1.0000 0.0000 -0.0000
vn 0.7101 0.7041 -0.0096
vn 0.7124 -0.7007 -0.0399
vn 0.9996 0.0000 -0.0270
vn 0.7124 0.7007 -0.0399
vn 0.7092 -0.7001 -0.0829
vn 0.9964 0.0000 -0.0847
vn 0.7092 0.7001 -0.0829
vn 0.7028 -0.6995 -0.1296
vn 0.9891 0.0000 -0.1474
vn 0.7028 0.6995 -0.1296
vn 0.6924 -0.6989 -0.1796
vn 0.9766 0.0000 -0.2150
vn 0.6924 0.6989 -0.1796
vn 0.6771 -0.6983 -0.2324
vn 0.9580 0.0000 -0.2868
vn 0.6771 0.6983 -0.2324
vn 0.6562 -0.6977 -0.2873
vn 0.9322 0.0000 -0.3621
vn 0.6562 0.6977 -0.2873
vn 0.6294 -0.6973 -0.3430
vn 0.8983 0.0000 -0.4393
vn 0.6294 0.6973 -0.3430
vn 0.5963 -0.6970 -0.3983
vn 0.8560 0.0000 -0.5169
vn 0.5963 0.6970 -0.3983
vn 0.3633 -0.9270 0.0933
vn 0.8054 0.0000 -0.5927
vn 0.3633 0.9270 0.0933
vn 0.3242 -0.6989 0.6374
vn 0.4204 0.0000 0.9073
vn 0.3242 0.6989 0.6374
vn 0.3677 -0.6997 0.6126
vn 0.4857 0.0000 0.8741
vn 0.3677 0.6997 0.6126
vn 0.4056 -0.7004 0.5874
vn 0.5430 0.0000 0.8397
vn 0.4056 0.7004 0.5874
vn 0.4384 -0.7010 0.5625
vn 0.5928 0.0000 0.8053
vn 0.4384 0.7010 0.5625
vn 0.4667 -0.7016 0.5385
vn 0.6360 0.0000 0.7716
vn 0.4667 0.7016 0.5385
vn 0.4912 -0.7021 0.5155
vn 0.6735 0.0000 0.7392
vn 0.4912 0.7021 0.5155
vn 0.5124 -0.7026 0.4938
vn 0.7059 0.0000 0.7083
vn 0.5124 0.7026 0.4938
vn 0.5308 -0.7030 0.4733
vn 0.7340 0.0000 0.6791
vn 0.5308 0.7030 0.4733
vn 0.5474 -0.7032 0.4538
vn 0.7585 0.0000 0.6517
vn 0.5474 0.7032 0.4538
vn 0.5647 -0.7026 0.4330
vn 0.7810 0.0000 0.6245
vn 0.5647 0.7026 0.4330
vn 0.5837 -0.7018 0.4083
vn 0.8057 0.0000 0.5923
vn 0.5837 0.7018 0.4083
vn 0.6045 -0.7010 0.3784
vn 0.8327 0.0000 0.5537
vn 0.6045 0.7010 0.3784
vn 0.6270 -0.6999 0.3421
vn 0.8619 0.0000 0.5071
vn 0.6270 0.6999 0.3421
vn 0.6507 -0.6986 0.2976
vn 0.8928 0.0000 0.4504
vn 0.6507 0.6986 0.2976
vn 0.6746 -0.6971 0.2430
vn 0.9246 0.0000 0.3810
vn 0.6746 0.6971 0.2430
vn 0.6969 -0.6953 0.1759
vn 0.9552 0.0000 0.2961
vn 0.6969 0.6953 0.1759
vn 0.7144 -0.6934 0.0945
vn 0.9813 0.0000 0.1927
vn 0.7144 0.6934 0.0945
vn 0.5988 -0.5738 -0.5587
vn 0.9976 0.0000 0.0692
vn 0.5988 0.5738 -0.5587
vn -0.5633 -0.5797 -0.5888
vn 0.0000 0.0000 -1.0000
vn -0.5633 0.5797 -0.5888
vn -0.9990 0.0000 -0.0443
vn -0.0869 -0.7228 0.6856
vn -0.1887 -0.7264 0.6608
vn -0.1932 0.0000 0.9812
vn -0.1887 0.7264 0.6608
vn -0.0869 0.7228 0.6856
vn -0.3039 -0.7300 0.6121
vn -0.3541 0.0000 0.9352
vn -0.3039 0.7300 0.6121
vn -0.4221 -0.7324 0.5342
vn -0.5309 0.0000 0.8474
vn -0.4221 0.7324 0.5342
vn -0.5278 -0.7326 0.4299
vn -0.7016 0.0000 0.7126
vn -0.5278 0.7326 0.4299
vn -0.6079 -0.7304 0.3112
vn -0.8398 0.0000 0.5428
vn -0.6079 0.7304 0.3112
vn -0.6587 -0.7270 0.1940
vn -0.9314 0.0000 0.3639
vn -0.6587 0.7270 0.1940
vn -0.6847 -0.7233 0.0896
vn -0.9800 0.0000 0.1991
vn -0.6847 0.7233 0.0896
vn -0.6933 -0.7207 0.0003
vn -0.9982 0.0000 0.0596
vn -0.6933 0.7207 0.0003
vn -0.6852 -0.7230 -0.0882
vn -0.9983 0.0000 -0.0587
vn -0.6852 0.7230 -0.0882
vn -0.6598 -0.7267 -0.1913
vn -0.9806 0.0000 -0.1961
vn -0.6598 0.7267 -0.1913
vn -0.6101 -0.7302 -0.3076
vn -0.9333 0.0000 -0.3590
vn -0.6101 0.7302 -0.3076
vn -0.5310 -0.7325 -0.4260
vn -0.8437 0.0000 -0.5369
vn -0.5310 0.7325 -0.4260
vn -0.4260 -0.7325 -0.5310
vn -0.7071 0.0000 -0.7071
vn -0.4260 0.7325 -0.5310
vn -0.3076 -0.7302 -0.6101
vn -0.5369 0.0000 -0.8437
vn -0.3076 0.7302 -0.6101
vn -0.1914 -0.7267 -0.6598
vn -0.3590 0.0000 -0.9333
vn -0.1914 0.7267 -0.6598
vn -0.0882 -0.7230 -0.6852
vn -0.1961 0.0000 -0.9806
vn -0.0882 0.7230 -0.6852
vn 0.0003 -0.7207 -0.6933
vn -0.0587 0.0000 -0.9983
vn 0.0003 0.7207 -0.6933
vn 0.0896 -0.7233 -0.6847
vn 0.0896 0.7233 -0.6847
vn 0.1940 -0.7270 -0.6587
vn 0.1940 0.7270 -0.6587
vn 0.3112 -0.7304 -0.6079
vn 0.3112 0.7304 -0.6079
vn 0.4299 -0.7326 -0.5278
vn 0.4299 0.7326 -0.5278
vn 0.5342 -0.7324 -0.4221
vn 0.7126 0.0000 -0.7016
vn 0.5342 0.7324 -0.4221
vn 0.6121 -0.7300 -0.3039
vn 0.6121 0.7300 -0.3039
vn 0.6608 -0.7264 -0.1887
vn 0.6608 0.7264 -0.1887
vn 0.6856 -0.7228 -0.0869
vn 0.6856 0.7228 -0.0869
vn 0.6935 -0.7205 0.0003
vn 0.6935 0.7205 0.0003
vn 0.6852 -0.7230 0.0882
vn 0.9983 0.0000 0.0587
vn 0.6852 0.7230 0.0882
vn 0.6598 -0.7267 0.1914
vn 0.9806 0.0000 0.1961
vn 0.6598 0.7267 0.1914
vn 0.6101 -0.7302 0.3076
vn 0.9333 0.0000 0.3590
vn 0.6101 0.7302 0.3076
vn 0.5310 -0.7325 0.4260
vn 0.8437 0.0000 0.5369
vn 0.5310 0.7325 0.4260
vn 0.4260 -0.7325 0.5310
vn 0.7071 0.0000 0.7071
vn 0.4260 0.7325 0.5310
vn 0.3076 -0.7302 0.6101
vn 0.5369 0.0000 0.8437
vn 0.3076 0.7302 0.6101
vn 0.1913 -0.7267 0.6598
vn 0.3590 0.0000 0.9334
vn 0.1913 0.7267 0.6598
vn 0.0882 -0.7230 0.6852
vn 0.1961 0.0000 0.9806
vn 0.0882 0.7230 0.6852
vn 0.0003 -0.7205 0.6935
vn 0.0587 0.0000 0.9983
vn 0.0003 0.7205 0.6935
vn -0.0578 0.0000 0.9983
vn 0.0000 -1.0000 -0.0000
vn 0.0000 1.0000 -0.0000
# 770 vertex normals

o So_Sala
g So_Sala
s 1
f 1//1 2//2 3//3 
f 2//2 4//4 3//3 
f 4//4 5//5 3//3 
f 5//5 1//1 3//3 
s 3
f 2//2 6//6 7//7 
f 6//6 8//8 7//7 
f 8//8 4//4 7//7 
f 4//4 2//2 7//7 
s 2
f 6//6 9//9 10//10 
f 9//9 11//11 10//10 
f 11//11 8//8 10//10 
f 8//8 6//6 10//10 
f 9//9 12//12 13//13 
f 12//12 14//14 13//13 
f 14//14 11//11 13//13 
f 11//11 9//9 13//13 
f 12//12 15//15 16//16 
f 15//15 17//17 16//16 
f 17//17 14//14 16//16 
f 14//14 12//12 16//16 
f 15//15 18//18 19//19 
f 18//18 20//20 19//19 
f 20//20 17//17 19//19 
f 17//17 15//15 19//19 
f 18//18 21//21 22//22 
f 21//21 23//23 22//22 
f 23//23 20//20 22//22 
f 20//20 18//18 22//22 
f 21//21 24//24 25//25 
f 24//24 26//26 25//25 
f 26//26 23//23 25//25 
f 23//23 21//21 25//25 
s 4
f 24//24 27//27 28//28 
f 27//27 29//29 28//28 
f 29//29 26//26 28//28 
f 26//26 24//24 28//28 
f 27//27 30//30 31//31 
f 30//30 32//32 31//31 
f 32//32 29//29 31//31 
f 29//29 27//27 31//31 
f 30//30 33//33 34//34 
f 33//33 35//35 34//34 
f 35//35 32//32 34//34 
f 32//32 30//30 34//34 
f 33//33 36//36 37//37 
f 36//36 38//38 37//37 
f 38//38 35//35 37//37 
f 35//35 33//33 37//37 
f 36//36 39//39 40//40 
f 39//39 41//41 40//40 
f 41//41 38//38 40//40 
f 38//38 36//36 40//40 
f 39//39 42//42 43//43 
f 42//42 44//44 43//43 
f 44//44 41//41 43//43 
f 41//41 39//39 43//43 
f 42//42 45//45 46//46 
f 45//45 47//47 46//46 
f 47//47 44//44 46//46 
f 44//44 42//42 46//46 
f 45//45 48//48 49//49 
f 48//48 50//50 49//49 
f 50//50 47//47 49//49 
f 47//47 45//45 49//49 
f 48//48 51//51 52//52 
f 51//51 53//53 52//52 
f 53//53 50//50 52//52 
f 50//50 48//48 52//52 
f 51//51 54//54 55//55 
f 54//54 56//56 55//55 
f 56//56 53//53 55//55 
f 53//53 51//51 55//55 
f 54//54 57//57 58//58 
f 57//57 59//59 58//58 
f 59//59 56//56 58//58 
f 56//56 54//54 58//58 
f 57//57 60//60 61//61 
f 60//60 62//62 61//61 
f 62//62 59//59 61//61 
f 59//59 57//57 61//61 
f 60//60 63//63 64//64 
f 63//63 65//65 64//64 
f 65//65 62//62 64//64 
f 62//62 60//60 64//64 
f 63//63 66//66 67//67 
f 66//66 68//68 67//67 
f 68//68 65//65 67//67 
f 65//65 63//63 67//67 
f 66//66 69//69 70//70 
f 69//69 71//71 70//70 
f 71//71 68//68 70//70 
f 68//68 66//66 70//70 
f 69//69 72//72 73//73 
f 72//72 74//74 73//73 
f 74//74 71//71 73//73 
f 71//71 69//69 73//73 
f 72//72 75//75 76//76 
f 75//75 77//77 76//76 
f 77//77 74//74 76//76 
f 74//74 72//72 76//76 
f 75//75 78//78 79//79 
f 78//78 80//80 79//79 
f 80//80 77//77 79//79 
f 77//77 75//75 79//79 
f 78//78 81//81 82//82 
f 81//81 83//83 82//82 
f 83//83 80//80 82//82 
f 80//80 78//78 82//82 
f 81//81 84//84 85//85 
f 84//84 86//86 85//85 
f 86//86 83//83 85//85 
f 83//83 81//81 85//85 
f 84//84 87//87 88//88 
f 87//87 89//89 88//88 
f 89//89 86//86 88//88 
f 86//86 84//84 88//88 
f 87//87 90//90 91//91 
f 90//90 92//92 91//91 
f 92//92 89//89 91//91 
f 89//89 87//87 91//91 
f 90//90 93//93 94//94 
f 93//93 95//95 94//94 
f 95//95 92//92 94//94 
f 92//92 90//90 94//94 
f 93//93 96//96 97//97 
f 96//96 98//98 97//97 
f 98//98 95//95 97//97 
f 95//95 93//93 97//97 
f 96//96 99//99 100//100 
f 99//99 101//101 100//100 
f 101//101 98//98 100//100 
f 98//98 96//96 100//100 
f 99//99 102//102 103//103 
f 102//102 104//104 103//103 
f 104//104 101//101 103//103 
f 101//101 99//99 103//103 
f 102//102 105//105 106//106 
f 105//105 107//107 106//106 
f 107//107 104//104 106//106 
f 104//104 102//102 106//106 
f 105//105 108//108 109//109 
f 108//108 110//110 109//109 
f 110//110 107//107 109//109 
f 107//107 105//105 109//109 
f 108//108 111//111 112//112 
f 111//111 113//113 112//112 
f 113//113 110//110 112//112 
f 110//110 108//108 112//112 
f 111//111 114//114 115//115 
f 114//114 116//116 115//115 
f 116//116 113//113 115//115 
f 113//113 111//111 115//115 
f 114//114 117//117 118//118 
f 117//117 119//119 118//118 
f 119//119 116//116 118//118 
f 116//116 114//114 118//118 
f 117//117 120//120 121//121 
f 120//120 122//122 121//121 
f 122//122 119//119 121//121 
f 119//119 117//117 121//121 
f 120//120 123//123 124//124 
f 123//123 125//125 124//124 
f 125//125 122//122 124//124 
f 122//122 120//120 124//124 
f 123//123 126//126 127//127 
f 126//126 128//128 127//127 
f 128//128 125//125 127//127 
f 125//125 123//123 127//127 
f 126//126 129//129 130//130 
f 129//129 131//131 130//130 
f 131//131 128//128 130//130 
f 128//128 126//126 130//130 
f 129//129 132//132 133//133 
f 132//132 134//134 133//133 
f 134//134 131//131 133//133 
f 131//131 129//129 133//133 
f 132//132 135//135 136//136 
f 135//135 137//137 136//136 
f 137//137 134//134 136//136 
f 134//134 132//132 136//136 
f 135//135 138//138 139//139 
f 138//138 140//140 139//139 
f 140//140 137//137 139//139 
f 137//137 135//135 139//139 
f 138//138 141//141 142//142 
f 141//141 143//143 142//142 
f 143//143 140//140 142//142 
f 140//140 138//138 142//142 
f 141//141 144//144 145//145 
f 144//144 146//146 145//145 
f 146//146 143//143 145//145 
f 143//143 141//141 145//145 
f 144//144 147//147 148//148 
f 147//147 149//149 148//148 
f 149//149 146//146 148//148 
f 146//146 144//144 148//148 
f 147//147 150//150 151//151 
f 150//150 152//152 151//151 
f 152//152 149//149 151//151 
f 149//149 147//147 151//151 
f 150//150 153//153 154//154 
f 153//153 155//155 154//154 
f 155//155 152//152 154//154 
f 152//152 150//150 154//154 
f 153//153 156//156 157//157 
f 156//156 158//158 157//157 
f 158//158 155//155 157//157 
f 155//155 153//153 157//157 
f 156//156 159//159 160//160 
f 159//159 161//161 160//160 
f 161//161 158//158 160//160 
f 158//158 156//156 160//160 
s 2
f 159//159 162//162 163//163 
f 162//162 164//164 163//163 
f 164//164 161//161 163//163 
f 161//161 159//159 163//163 
s 4
f 162//162 165//165 166//166 
f 165//165 167//167 166//166 
f 167//167 164//164 166//166 
f 164//164 162//162 166//166 
s 2
f 165//165 168//168 169//169 
f 168//168 170//170 169//169 
f 170//170 167//167 169//169 
f 167//167 165//165 169//169 
f 168//168 171//171 172//172 
f 171//171 173//173 172//172 
f 173//173 170//170 172//172 
f 170//170 168//168 172//172 
f 171//171 174//174 175//175 
f 174//174 176//176 175//175 
f 176//176 173//173 175//175 
f 173//173 171//171 175//175 
f 174//174 177//177 178//178 
f 177//177 179//179 178//178 
f 179//179 176//176 178//178 
f 176//176 174//174 178//178 
f 177//177 180//180 181//181 
f 180//180 182//182 181//181 
f 182//182 179//179 181//181 
f 179//179 177//177 181//181 
f 180//180 183//183 184//184 
f 183//183 185//185 184//184 
f 185//185 182//182 184//184 
f 182//182 180//180 184//184 
f 183//183 186//186 187//187 
f 186//186 188//188 187//187 
f 188//188 185//185 187//187 
f 185//185 183//183 187//187 
f 186//186 189//189 190//190 
f 189//189 191//191 190//190 
f 191//191 188//188 190//190 
f 188//188 186//186 190//190 
f 189//189 192//192 193//193 
f 192//192 194//194 193//193 
f 194//194 191//191 193//193 
f 191//191 189//189 193//193 
s 4
f 192//192 195//195 196//196 
f 195//195 197//197 196//196 
f 197//197 194//194 196//196 
f 194//194 192//192 196//196 
f 195//195 198//198 199//199 
f 198//198 200//200 199//199 
f 200//200 197//197 199//199 
f 197//197 195//195 199//199 
f 198//198 201//201 202//202 
f 201//201 203//203 202//202 
f 203//203 200//200 202//202 
f 200//200 198//198 202//202 
f 201//201 204//204 205//205 
f 204//204 206//206 205//205 
f 206//206 203//203 205//205 
f 203//203 201//201 205//205 
f 204//204 207//207 208//208 
f 207//207 209//209 208//208 
f 209//209 206//206 208//208 
f 206//206 204//204 208//208 
f 207//207 210//210 211//211 
f 210//210 212//212 211//211 
f 212//212 209//209 211//211 
f 209//209 207//207 211//211 
f 210//210 213//213 214//214 
f 213//213 215//215 214//214 
f 215//215 212//212 214//214 
f 212//212 210//210 214//214 
f 213//213 216//216 217//217 
f 216//216 218//218 217//217 
f 218//218 215//215 217//217 
f 215//215 213//213 217//217 
f 216//216 219//219 220//220 
f 219//219 221//221 220//220 
f 221//221 218//218 220//220 
f 218//218 216//216 220//220 
f 219//219 222//222 223//223 
f 222//222 224//224 223//223 
f 224//224 221//221 223//223 
f 221//221 219//219 223//223 
f 222//222 225//225 226//226 
f 225//225 227//227 226//226 
f 227//227 224//224 226//226 
f 224//224 222//222 226//226 
f 225//225 228//228 229//229 
f 228//228 230//230 229//229 
f 230//230 227//227 229//229 
f 227//227 225//225 229//229 
f 228//228 231//231 232//232 
f 231//231 233//233 232//232 
f 233//233 230//230 232//232 
f 230//230 228//228 232//232 
f 231//231 234//234 235//235 
f 234//234 236//236 235//235 
f 236//236 233//233 235//235 
f 233//233 231//231 235//235 
f 234//234 237//237 238//238 
f 237//237 239//239 238//238 
f 239//239 236//236 238//238 
f 236//236 234//234 238//238 
f 237//237 240//240 241//241 
f 240//240 242//242 241//241 
f 242//242 239//239 241//241 
f 239//239 237//237 241//241 
f 240//240 243//243 244//244 
f 243//243 245//245 244//244 
f 245//245 242//242 244//244 
f 242//242 240//240 244//244 
f 243//243 246//246 247//247 
f 246//246 248//248 247//247 
f 248//248 245//245 247//247 
f 245//245 243//243 247//247 
f 246//246 249//249 250//250 
f 249//249 251//251 250//250 
f 251//251 248//248 250//250 
f 248//248 246//246 250//250 
f 249//249 252//252 253//253 
f 252//252 254//254 253//253 
f 254//254 251//251 253//253 
f 251//251 249//249 253//253 
f 252//252 255//255 256//256 
f 255//255 257//257 256//256 
f 257//257 254//254 256//256 
f 254//254 252//252 256//256 
f 255//255 258//258 259//259 
f 258//258 260//260 259//259 
f 260//260 257//257 259//259 
f 257//257 255//255 259//259 
f 258//258 261//261 262//262 
f 261//261 263//263 262//262 
f 263//263 260//260 262//262 
f 260//260 258//258 262//262 
f 261//261 264//264 265//265 
f 264//264 266//266 265//265 
f 266//266 263//263 265//265 
f 263//263 261//261 265//265 
f 264//264 267//267 268//268 
f 267//267 269//269 268//268 
f 269//269 266//266 268//268 
f 266//266 264//264 268//268 
f 267//267 270//270 271//271 
f 270//270 272//272 271//271 
f 272//272 269//269 271//271 
f 269//269 267//267 271//271 
f 270//270 273//273 274//274 
f 273//273 275//275 274//274 
f 275//275 272//272 274//274 
f 272//272 270//270 274//274 
f 273//273 276//276 277//277 
f 276//276 278//278 277//277 
f 278//278 275//275 277//277 
f 275//275 273//273 277//277 
f 276//276 279//279 280//280 
f 279//279 281//281 280//280 
f 281//281 278//278 280//280 
f 278//278 276//276 280//280 
f 279//279 282//282 283//283 
f 282//282 284//284 283//283 
f 284//284 281//281 283//283 
f 281//281 279//279 283//283 
f 282//282 285//285 286//286 
f 285//285 287//287 286//286 
f 287//287 284//284 286//286 
f 284//284 282//282 286//286 
f 285//285 288//288 289//289 
f 288//288 290//290 289//289 
f 290//290 287//287 289//289 
f 287//287 285//285 289//289 
f 288//288 291//291 292//292 
f 291//291 293//293 292//292 
f 293//293 290//290 292//292 
f 290//290 288//288 292//292 
f 291//291 294//294 295//295 
f 294//294 296//296 295//295 
f 296//296 293//293 295//295 
f 293//293 291//291 295//295 
f 294//294 297//297 298//298 
f 297//297 299//299 298//298 
f 299//299 296//296 298//298 
f 296//296 294//294 298//298 
f 297//297 300//300 301//301 
f 300//300 302//302 301//301 
f 302//302 299//299 301//301 
f 299//299 297//297 301//301 
f 300//300 303//303 304//304 
f 303//303 305//305 304//304 
f 305//305 302//302 304//304 
f 302//302 300//300 304//304 
f 303//303 306//306 307//307 
f 306//306 308//308 307//307 
f 308//308 305//305 307//307 
f 305//305 303//303 307//307 
f 306//306 309//309 310//310 
f 309//309 311//311 310//310 
f 311//311 308//308 310//310 
f 308//308 306//306 310//310 
f 309//309 312//312 313//313 
f 312//312 314//314 313//313 
f 314//314 311//311 313//313 
f 311//311 309//309 313//313 
f 312//312 315//315 316//316 
f 315//315 317//317 316//316 
f 317//317 314//314 316//316 
f 314//314 312//312 316//316 
f 315//315 318//318 319//319 
f 318//318 320//320 319//319 
f 320//320 317//317 319//319 
f 317//317 315//315 319//319 
f 318//318 321//321 322//322 
f 321//321 323//323 322//322 
f 323//323 320//320 322//322 
f 320//320 318//318 322//322 
f 321//321 324//324 325//325 
f 324//324 326//326 325//325 
f 326//326 323//323 325//325 
f 323//323 321//321 325//325 
f 324//324 327//327 328//328 
f 327//327 329//329 328//328 
f 329//329 326//326 328//328 
f 326//326 324//324 328//328 
f 327//327 330//330 331//331 
f 330//330 332//332 331//331 
f 332//332 329//329 331//331 
f 329//329 327//327 331//331 
f 330//330 333//333 334//334 
f 333//333 335//335 334//334 
f 335//335 332//332 334//334 
f 332//332 330//330 334//334 
f 333//333 336//336 337//337 
f 336//336 338//338 337//337 
f 338//338 335//335 337//337 
f 335//335 333//333 337//337 
f 336//336 339//339 340//340 
f 339//339 341//341 340//340 
f 341//341 338//338 340//340 
f 338//338 336//336 340//340 
f 339//339 342//342 343//343 
f 342//342 344//344 343//343 
f 344//344 341//341 343//343 
f 341//341 339//339 343//343 
f 342//342 345//345 346//346 
f 345//345 347//347 346//346 
f 347//347 344//344 346//346 
f 344//344 342//342 346//346 
f 345//345 348//348 349//349 
f 348//348 350//350 349//349 
f 350//350 347//347 349//349 
f 347//347 345//345 349//349 
f 348//348 351//351 352//352 
f 351//351 353//353 352//352 
f 353//353 350//350 352//352 
f 350//350 348//348 352//352 
f 351//351 354//354 355//355 
f 354//354 356//356 355//355 
f 356//356 353//353 355//355 
f 353//353 351//351 355//355 
f 354//354 357//357 358//358 
f 357//357 359//359 358//358 
f 359//359 356//356 358//358 
f 356//356 354//354 358//358 
f 357//357 360//360 361//361 
f 360//360 362//362 361//361 
f 362//362 359//359 361//361 
f 359//359 357//357 361//361 
f 360//360 363//363 364//364 
f 363//363 365//365 364//364 
f 365//365 362//362 364//364 
f 362//362 360//360 364//364 
f 363//363 366//366 367//367 
f 366//366 368//368 367//367 
f 368//368 365//365 367//367 
f 365//365 363//363 367//367 
f 366//366 369//369 370//370 
f 369//369 371//371 370//370 
f 371//371 368//368 370//370 
f 368//368 366//366 370//370 
f 369//369 372//372 373//373 
f 372//372 374//374 373//373 
f 374//374 371//371 373//373 
f 371//371 369//369 373//373 
f 372//372 375//375 376//376 
f 375//375 377//377 376//376 
f 377//377 374//374 376//376 
f 374//374 372//372 376//376 
f 375//375 378//378 379//379 
f 378//378 380//380 379//379 
f 380//380 377//377 379//379 
f 377//377 375//375 379//379 
f 378//378 381//381 382//382 
f 381//381 383//383 382//382 
f 383//383 380//380 382//382 
f 380//380 378//378 382//382 
s 2
f 381//381 384//384 385//385 
f 384//384 386//386 385//385 
f 386//386 383//383 385//385 
f 383//383 381//381 385//385 
f 384//384 387//387 388//388 
f 387//387 389//389 388//388 
f 389//389 386//386 388//388 
f 386//386 384//384 388//388 
f 387//387 390//390 391//391 
f 390//390 392//392 391//391 
f 392//392 389//389 391//391 
f 389//389 387//387 391//391 
f 390//390 393//393 394//394 
f 393//393 395//395 394//394 
f 395//395 392//392 394//394 
f 392//392 390//390 394//394 
f 393//393 396//396 397//397 
f 396//396 398//398 397//397 
f 398//398 395//395 397//397 
f 395//395 393//393 397//397 
f 396//396 399//399 400//400 
f 399//399 401//401 400//400 
f 401//401 398//398 400//400 
f 398//398 396//396 400//400 
f 399//399 402//402 403//403 
f 402//402 404//404 403//403 
f 404//404 401//401 403//403 
f 401//401 399//399 403//403 
f 402//402 405//405 406//406 
f 405//405 407//407 406//406 
f 407//407 404//404 406//406 
f 404//404 402//402 406//406 
f 405//405 408//408 409//409 
f 408//408 410//410 409//409 
f 410//410 407//407 409//409 
f 407//407 405//405 409//409 
f 408//408 411//411 412//412 
f 411//411 413//413 412//412 
f 413//413 410//410 412//412 
f 410//410 408//408 412//412 
f 411//411 414//414 415//415 
f 414//414 416//416 415//415 
f 416//416 413//413 415//415 
f 413//413 411//411 415//415 
f 414//414 417//417 418//418 
f 417//417 419//419 418//418 
f 419//419 416//416 418//418 
f 416//416 414//414 418//418 
f 417//417 420//420 421//421 
f 420//420 422//422 421//421 
f 422//422 419//419 421//421 
f 419//419 417//417 421//421 
f 420//420 423//423 424//424 
f 423//423 425//425 424//424 
f 425//425 422//422 424//424 
f 422//422 420//420 424//424 
f 423//423 426//426 427//427 
f 426//426 428//428 427//427 
f 428//428 425//425 427//427 
f 425//425 423//423 427//427 
f 426//426 429//429 430//430 
f 429//429 431//431 430//430 
f 431//431 428//428 430//430 
f 428//428 426//426 430//430 
f 429//429 432//432 433//433 
f 432//432 434//434 433//433 
f 434//434 431//431 433//433 
f 431//431 429//429 433//433 
f 432//432 435//435 436//436 
f 435//435 437//437 436//436 
f 437//437 434//434 436//436 
f 434//434 432//432 436//436 
f 435//435 438//438 439//439 
f 438//438 440//440 439//439 
f 440//440 437//437 439//439 
f 437//437 435//435 439//439 
f 438//438 441//441 442//442 
f 441//441 443//443 442//442 
f 443//443 440//440 442//442 
f 440//440 438//438 442//442 
f 441//441 444//444 445//445 
f 444//444 446//446 445//445 
f 446//446 443//443 445//445 
f 443//443 441//441 445//445 
f 444//444 447//447 448//448 
f 447//447 449//449 448//448 
f 449//449 446//446 448//448 
f 446//446 444//444 448//448 
f 447//447 450//450 451//451 
f 450//450 452//452 451//451 
f 452//452 449//449 451//451 
f 449//449 447//447 451//451 
f 450//450 453//453 454//454 
f 453//453 455//455 454//454 
f 455//455 452//452 454//454 
f 452//452 450//450 454//454 
f 453//453 456//456 457//457 
f 456//456 458//458 457//457 
f 458//458 455//455 457//457 
f 455//455 453//453 457//457 
f 456//456 459//459 460//460 
f 459//459 461//461 460//460 
f 461//461 458//458 460//460 
f 458//458 456//456 460//460 
f 459//459 462//462 463//463 
f 462//462 464//464 463//463 
f 464//464 461//461 463//463 
f 461//461 459//459 463//463 
f 462//462 465//465 466//466 
f 465//465 467//467 466//466 
f 467//467 464//464 466//466 
f 464//464 462//462 466//466 
f 465//465 468//468 469//469 
f 468//468 470//470 469//469 
f 470//470 467//467 469//469 
f 467//467 465//465 469//469 
f 468//468 471//471 472//472 
f 471//471 473//473 472//472 
f 473//473 470//470 472//472 
f 470//470 468//468 472//472 
f 471//471 474//474 475//475 
f 474//474 476//476 475//475 
f 476//476 473//473 475//475 
f 473//473 471//471 475//475 
f 474//474 477//477 478//478 
f 477//477 479//479 478//478 
f 479//479 476//476 478//478 
f 476//476 474//474 478//478 
f 477//477 480//480 481//481 
f 480//480 482//482 481//481 
f 482//482 479//479 481//481 
f 479//479 477//477 481//481 
f 480//480 483//483 484//484 
f 483//483 485//485 484//484 
f 485//485 482//482 484//484 
f 482//482 480//480 484//484 
f 483//483 486//486 487//487 
f 486//486 488//488 487//487 
f 488//488 485//485 487//487 
f 485//485 483//483 487//487 
f 486//486 489//489 490//490 
f 489//489 491//491 490//490 
f 491//491 488//488 490//490 
f 488//488 486//486 490//490 
f 489//489 492//492 493//493 
f 492//492 494//494 493//493 
f 494//494 491//491 493//493 
f 491//491 489//489 493//493 
f 492//492 495//495 496//496 
f 495//495 497//497 496//496 
f 497//497 494//494 496//496 
f 494//494 492//492 496//496 
f 495//495 498//498 499//499 
f 498//498 500//500 499//499 
f 500//500 497//497 499//499 
f 497//497 495//495 499//499 
f 498//498 501//501 502//502 
f 501//501 503//503 502//502 
f 503//503 500//500 502//502 
f 500//500 498//498 502//502 
f 501//501 504//504 505//505 
f 504//504 506//506 505//505 
f 506//506 503//503 505//505 
f 503//503 501//501 505//505 
f 504//504 507//507 508//508 
f 507//507 509//509 508//508 
f 509//509 506//506 508//508 
f 506//506 504//504 508//508 
f 507//507 510//510 511//511 
f 510//510 512//512 511//511 
f 512//512 509//509 511//511 
f 509//509 507//507 511//511 
f 510//510 513//513 514//514 
f 513//513 515//515 514//514 
f 515//515 512//512 514//514 
f 512//512 510//510 514//514 
f 513//513 516//516 517//517 
f 516//516 518//518 517//517 
f 518//518 515//515 517//517 
f 515//515 513//513 517//517 
s 4
f 516//516 519//519 520//520 
f 519//519 521//521 520//520 
f 521//521 518//518 520//520 
f 518//518 516//516 520//520 
f 519//519 522//522 523//523 
f 522//522 524//524 523//523 
f 524//524 521//521 523//523 
f 521//521 519//519 523//523 
f 522//522 525//525 526//526 
f 525//525 527//527 526//526 
f 527//527 524//524 526//526 
f 524//524 522//522 526//526 
f 525//525 528//528 529//529 
f 528//528 530//530 529//529 
f 530//530 527//527 529//529 
f 527//527 525//525 529//529 
f 528//528 531//531 532//532 
f 531//531 533//533 532//532 
f 533//533 530//530 532//532 
f 530//530 528//528 532//532 
f 531//531 534//534 535//535 
f 534//534 536//536 535//535 
f 536//536 533//533 535//535 
f 533//533 531//531 535//535 
f 534//534 537//537 538//538 
f 537//537 539//539 538//538 
f 539//539 536//536 538//538 
f 536//536 534//534 538//538 
f 537//537 540//540 541//541 
f 540//540 542//542 541//541 
f 542//542 539//539 541//541 
f 539//539 537//537 541//541 
f 540//540 543//543 544//544 
f 543//543 545//545 544//544 
f 545//545 542//542 544//544 
f 542//542 540//540 544//544 
s 2
f 543//543 546//546 547//547 
f 546//546 548//548 547//547 
f 548//548 545//545 547//547 
f 545//545 543//543 547//547 
s 4
f 546//546 549//549 550//550 
f 549//549 551//551 550//550 
f 551//551 548//548 550//550 
f 548//548 546//546 550//550 
s 2
f 549//549 552//552 553//553 
f 552//552 554//554 553//553 
f 554//554 551//551 553//553 
f 551//551 549//549 553//553 
f 552//552 555//555 556//556 
f 555//555 557//557 556//556 
f 557//557 554//554 556//556 
f 554//554 552//552 556//556 
f 555//555 558//558 559//559 
f 558//558 560//560 559//559 
f 560//560 557//557 559//559 
f 557//557 555//555 559//559 
f 558//558 561//561 562//562 
f 561//561 563//563 562//562 
f 563//563 560//560 562//562 
f 560//560 558//558 562//562 
f 561//561 564//564 565//565 
f 564//564 566//566 565//565 
f 566//566 563//563 565//565 
f 563//563 561//561 565//565 
f 564//564 567//567 568//568 
f 567//567 569//569 568//568 
f 569//569 566//566 568//568 
f 566//566 564//564 568//568 
f 567//567 570//570 571//571 
f 570//570 572//572 571//571 
f 572//572 569//569 571//571 
f 569//569 567//567 571//571 
f 570//570 573//573 574//574 
f 573//573 575//575 574//574 
f 575//575 572//572 574//574 
f 572//572 570//570 574//574 
f 573//573 576//576 577//577 
f 576//576 578//578 577//577 
f 578//578 575//575 577//577 
f 575//575 573//573 577//577 
s 4
f 576//576 579//162 580//163 
f 579//162 581//164 580//163 
f 581//164 578//578 580//163 
f 578//578 576//576 580//163 
s 2
f 579//162 582//579 583//166 
f 582//579 584//580 583//166 
f 584//580 581//164 583//166 
f 581//164 579//162 583//166 
s 4
f 582//579 585//581 586//582 
f 585//581 587//583 586//582 
f 587//583 584//580 586//582 
f 584//580 582//579 586//582 
s 2
f 585//581 588//584 589//585 
f 588//584 590//586 589//585 
f 590//586 587//583 589//585 
f 587//583 585//581 589//585 
f 588//584 591//587 592//588 
f 591//587 593//589 592//588 
f 593//589 590//586 592//588 
f 590//586 588//584 592//588 
f 591//587 594//590 595//591 
f 594//590 596//592 595//591 
f 596//592 593//589 595//591 
f 593//589 591//587 595//591 
f 594//590 597//593 598//594 
f 597//593 599//595 598//594 
f 599//595 596//592 598//594 
f 596//592 594//590 598//594 
f 597//593 600//596 601//597 
f 600//596 602//598 601//597 
f 602//598 599//595 601//597 
f 599//595 597//593 601//597 
f 600//596 603//599 604//600 
f 603//599 605//601 604//600 
f 605//601 602//598 604//600 
f 602//598 600//596 604//600 
f 603//599 606//602 607//603 
f 606//602 608//604 607//603 
f 608//604 605//601 607//603 
f 605//601 603//599 607//603 
f 606//602 609//605 610//606 
f 609//605 611//607 610//606 
f 611//607 608//604 610//606 
f 608//604 606//602 610//606 
f 609//605 612//608 613//609 
f 612//608 614//610 613//609 
f 614//610 611//607 613//609 
f 611//607 609//605 613//609 
s 4
f 612//608 615//611 616//612 
f 615//611 617//613 616//612 
f 617//613 614//610 616//612 
f 614//610 612//608 616//612 
f 615//611 618//614 619//615 
f 618//614 620//616 619//615 
f 620//616 617//613 619//615 
f 617//613 615//611 619//615 
f 618//614 621//617 622//618 
f 621//617 623//619 622//618 
f 623//619 620//616 622//618 
f 620//616 618//614 622//618 
f 621//617 624//620 625//621 
f 624//620 626//622 625//621 
f 626//622 623//619 625//621 
f 623//619 621//617 625//621 
f 624//620 627//623 628//624 
f 627//623 629//625 628//624 
f 629//625 626//622 628//624 
f 626//622 624//620 628//624 
f 627//623 630//626 631//627 
f 630//626 632//628 631//627 
f 632//628 629//625 631//627 
f 629//625 627//623 631//627 
f 630//626 633//629 634//630 
f 633//629 635//631 634//630 
f 635//631 632//628 634//630 
f 632//628 630//626 634//630 
f 633//629 636//632 637//633 
f 636//632 638//634 637//633 
f 638//634 635//631 637//633 
f 635//631 633//629 637//633 
f 636//632 639//635 640//636 
f 639//635 641//637 640//636 
f 641//637 638//634 640//636 
f 638//634 636//632 640//636 
f 639//635 642//638 643//639 
f 642//638 644//640 643//639 
f 644//640 641//637 643//639 
f 641//637 639//635 643//639 
f 642//638 645//641 646//642 
f 645//641 647//643 646//642 
f 647//643 644//640 646//642 
f 644//640 642//638 646//642 
f 645//641 648//644 649//645 
f 648//644 650//646 649//645 
f 650//646 647//643 649//645 
f 647//643 645//641 649//645 
f 648//644 651//647 652//648 
f 651//647 653//649 652//648 
f 653//649 650//646 652//648 
f 650//646 648//644 652//648 
f 651//647 654//650 655//651 
f 654//650 656//652 655//651 
f 656//652 653//649 655//651 
f 653//649 651//647 655//651 
f 654//650 657//653 658//654 
f 657//653 659//655 658//654 
f 659//655 656//652 658//654 
f 656//652 654//650 658//654 
f 657//653 660//656 661//657 
f 660//656 662//658 661//657 
f 662//658 659//655 661//657 
f 659//655 657//653 661//657 
f 660//656 663//659 664//660 
f 663//659 665//661 664//660 
f 665//661 662//658 664//660 
f 662//658 660//656 664//660 
f 663//659 666//662 667//663 
f 666//662 668//664 667//663 
f 668//664 665//661 667//663 
f 665//661 663//659 667//663 
s 2
f 666//662 669//665 670//666 
f 669//665 671//667 670//666 
f 671//667 668//664 670//666 
f 668//664 666//662 670//666 
s 5
f 669//665 1//1 672//668 
f 1//1 5//5 672//668 
f 5//5 671//667 672//668 
f 671//667 669//665 672//668 
s 1
f 673//669 674//670 675//671 
f 674//670 676//672 675//671 
f 676//672 677//673 675//671 
f 677//673 673//669 675//671 
s 3
f 674//670 678//674 679//675 
f 678//674 680//676 679//675 
f 680//676 676//672 679//675 
f 676//672 674//670 679//675 
s 2
f 678//674 681//677 682//678 
f 681//677 683//679 682//678 
f 683//679 680//676 682//678 
f 680//676 678//674 682//678 
f 681//677 684//680 685//681 
f 684//680 686//682 685//681 
f 686//682 683//679 685//681 
f 683//679 681//677 685//681 
f 684//680 687//683 688//684 
f 687//683 689//685 688//684 
f 689//685 686//682 688//684 
f 686//682 684//680 688//684 
f 687//683 690//686 691//687 
f 690//686 692//688 691//687 
f 692//688 689//685 691//687 
f 689//685 687//683 691//687 
f 690//686 693//689 694//690 
f 693//689 695//691 694//690 
f 695//691 692//688 694//690 
f 692//688 690//686 694//690 
f 693//689 696//692 697//693 
f 696//692 698//694 697//693 
f 698//694 695//691 697//693 
f 695//691 693//689 697//693 
f 696//692 699//695 700//696 
f 699//695 701//697 700//696 
f 701//697 698//694 700//696 
f 698//694 696//692 700//696 
f 699//695 702//698 703//699 
f 702//698 704//700 703//699 
f 704//700 701//697 703//699 
f 701//697 699//695 703//699 
f 702//698 705//701 706//702 
f 705//701 707//703 706//702 
f 707//703 704//700 706//702 
f 704//700 702//698 706//702 
f 705//701 708//704 709//705 
f 708//704 710//706 709//705 
f 710//706 707//703 709//705 
f 707//703 705//701 709//705 
f 708//704 711//707 712//708 
f 711//707 713//709 712//708 
f 713//709 710//706 712//708 
f 710//706 708//704 712//708 
f 711//707 714//710 715//711 
f 714//710 716//712 715//711 
f 716//712 713//709 715//711 
f 713//709 711//707 715//711 
f 714//710 717//713 718//714 
f 717//713 719//715 718//714 
f 719//715 716//712 718//714 
f 716//712 714//710 718//714 
f 717//713 720//716 721//717 
f 720//716 722//718 721//717 
f 722//718 719//715 721//717 
f 719//715 717//713 721//717 
f 720//716 723//719 724//720 
f 723//719 725//721 724//720 
f 725//721 722//718 724//720 
f 722//718 720//716 724//720 
f 723//719 726//722 727//301 
f 726//722 728//723 727//301 
f 728//723 725//721 727//301 
f 725//721 723//719 727//301 
f 726//722 729//724 730//298 
f 729//724 731//725 730//298 
f 731//725 728//723 730//298 
f 728//723 726//722 730//298 
f 729//724 732//726 733//295 
f 732//726 734//727 733//295 
f 734//727 731//725 733//295 
f 731//725 729//724 733//295 
f 732//726 735//728 736//292 
f 735//728 737//729 736//292 
f 737//729 734//727 736//292 
f 734//727 732//726 736//292 
f 735//728 738//730 739//731 
f 738//730 740//732 739//731 
f 740//732 737//729 739//731 
f 737//729 735//728 739//731 
f 738//730 741//733 742//286 
f 741//733 743//734 742//286 
f 743//734 740//732 742//286 
f 740//732 738//730 742//286 
f 741//733 744//735 745//283 
f 744//735 746//736 745//283 
f 746//736 743//734 745//283 
f 743//734 741//733 745//283 
f 744//735 747//737 748//280 
f 747//737 749//738 748//280 
f 749//738 746//736 748//280 
f 746//736 744//735 748//280 
f 747//737 750//739 751//277 
f 750//739 752//740 751//277 
f 752//740 749//738 751//277 
f 749//738 747//737 751//277 
f 750//739 753//741 754//742 
f 753//741 755//743 754//742 
f 755//743 752//740 754//742 
f 752//740 750//739 754//742 
f 753//741 756//744 757//745 
f 756//744 758//746 757//745 
f 758//746 755//743 757//745 
f 755//743 753//741 757//745 
f 756//744 759//747 760//748 
f 759//747 761//749 760//748 
f 761//749 758//746 760//748 
f 758//746 756//744 760//748 
f 759//747 762//750 763//751 
f 762//750 764//752 763//751 
f 764//752 761//749 763//751 
f 761//749 759//747 763//751 
f 762//750 765//753 766//754 
f 765//753 767//755 766//754 
f 767//755 764//752 766//754 
f 764//752 762//750 766//754 
f 765//753 768//756 769//757 
f 768//756 770//758 769//757 
f 770//758 767//755 769//757 
f 767//755 765//753 769//757 
f 768//756 771//759 772//760 
f 771//759 773//761 772//760 
f 773//761 770//758 772//760 
f 770//758 768//756 772//760 
f 771//759 774//762 775//763 
f 774//762 776//764 775//763 
f 776//764 773//761 775//763 
f 773//761 771//759 775//763 
f 774//762 777//765 778//766 
f 777//765 779//767 778//766 
f 779//767 776//764 778//766 
f 776//764 774//762 778//766 
s 3
f 777//765 673//669 780//768 
f 673//669 677//673 780//768 
f 677//673 779//767 780//768 
f 779//767 777//765 780//768 
s 16
f 540//540 546//546 781//769 
f 546//546 543//543 781//769 
f 543//543 540//540 781//769 
f 134//134 389//389 782//770 
f 389//389 392//392 782//770 
f 392//392 134//134 782//770 
f 540//540 537//537 783//769 
f 537//537 546//546 783//769 
f 546//546 540//540 783//769 
f 537//537 534//534 784//769 
f 534//534 546//546 784//769 
f 546//546 537//537 784//769 
f 534//534 531//531 785//769 
f 531//531 546//546 785//769 
f 546//546 534//534 785//769 
f 531//531 528//528 786//769 
f 528//528 546//546 786//769 
f 546//546 531//531 786//769 
f 528//528 525//525 787//769 
f 525//525 546//546 787//769 
f 546//546 528//528 787//769 
f 525//525 522//522 788//769 
f 522//522 549//549 788//769 
f 549//549 546//546 788//769 
f 546//546 525//525 788//769 
f 522//522 519//519 789//769 
f 519//519 549//549 789//769 
f 549//549 522//522 789//769 
f 585//581 582//579 790//769 
f 582//579 579//162 790//769 
f 579//162 576//576 790//769 
f 576//576 585//581 790//769 
f 516//516 513//513 791//769 
f 513//513 36//36 791//769 
f 36//36 33//33 791//769 
f 33//33 30//30 791//769 
f 30//30 27//27 791//769 
f 27//27 24//24 791//769 
f 24//24 516//516 791//769 
f 21//21 18//18 792//769 
f 18//18 615//611 792//769 
f 615//611 612//608 792//769 
f 612//608 21//21 792//769 
f 576//576 573//573 793//769 
f 573//573 588//584 793//769 
f 588//584 585//581 793//769 
f 585//581 576//576 793//769 
f 573//573 570//570 794//769 
f 570//570 591//587 794//769 
f 591//587 588//584 794//769 
f 588//584 573//573 794//769 
f 570//570 567//567 795//769 
f 567//567 594//590 795//769 
f 594//590 591//587 795//769 
f 591//587 570//570 795//769 
f 567//567 564//564 796//769 
f 564//564 597//593 796//769 
f 597//593 594//590 796//769 
f 594//590 567//567 796//769 
f 564//564 561//561 797//769 
f 561//561 600//596 797//769 
f 600//596 597//593 797//769 
f 597//593 564//564 797//769 
f 561//561 558//558 798//769 
f 558//558 603//599 798//769 
f 603//599 600//596 798//769 
f 600//596 561//561 798//769 
f 558//558 555//555 799//769 
f 555//555 609//605 799//769 
f 609//605 606//602 799//769 
f 606//602 603//599 799//769 
f 603//599 558//558 799//769 
f 555//555 552//552 800//769 
f 552//552 21//21 800//769 
f 21//21 612//608 800//769 
f 612//608 609//605 800//769 
f 609//605 555//555 800//769 
f 552//552 549//549 801//769 
f 549//549 24//24 801//769 
f 24//24 21//21 801//769 
f 21//21 552//552 801//769 
f 549//549 519//519 802//769 
f 519//519 516//516 802//769 
f 516//516 24//24 802//769 
f 24//24 549//549 802//769 
f 18//18 15//15 803//769 
f 15//15 621//617 803//769 
f 621//617 618//614 803//769 
f 618//614 615//611 803//769 
f 615//611 18//18 803//769 
f 15//15 12//12 804//769 
f 12//12 627//623 804//769 
f 627//623 624//620 804//769 
f 624//620 621//617 804//769 
f 621//617 15//15 804//769 
f 12//12 9//9 805//769 
f 9//9 633//629 805//769 
f 633//629 630//626 805//769 
f 630//626 627//623 805//769 
f 627//623 12//12 805//769 
f 9//9 6//6 806//769 
f 6//6 636//632 806//769 
f 636//632 633//629 806//769 
f 633//629 9//9 806//769 
f 6//6 2//2 807//769 
f 2//2 642//638 807//769 
f 642//638 639//635 807//769 
f 639//635 636//632 807//769 
f 636//632 6//6 807//769 
f 2//2 1//1 808//769 
f 1//1 648//644 808//769 
f 648//644 645//641 808//769 
f 645//641 642//638 808//769 
f 642//638 2//2 808//769 
f 1//1 669//665 809//769 
f 669//665 666//662 809//769 
f 666//662 663//659 809//769 
f 663//659 660//656 809//769 
f 660//656 657//653 809//769 
f 657//653 654//650 809//769 
f 654//650 651//647 809//769 
f 651//647 648//644 809//769 
f 648//644 1//1 809//769 
f 513//513 510//510 810//769 
f 510//510 39//39 810//769 
f 39//39 36//36 810//769 
f 36//36 513//513 810//769 
f 510//510 507//507 811//769 
f 507//507 39//39 811//769 
f 39//39 510//510 811//769 
f 507//507 504//504 812//769 
f 504//504 42//42 812//769 
f 42//42 39//39 812//769 
f 39//39 507//507 812//769 
f 504//504 501//501 813//769 
f 501//501 42//42 813//769 
f 42//42 504//504 813//769 
f 501//501 498//498 814//769 
f 498//498 45//45 814//769 
f 45//45 42//42 814//769 
f 42//42 501//501 814//769 
f 498//498 495//495 815//769 
f 495//495 48//48 815//769 
f 48//48 45//45 815//769 
f 45//45 498//498 815//769 
f 495//495 492//492 816//769 
f 492//492 48//48 816//769 
f 48//48 495//495 816//769 
f 492//492 489//489 817//769 
f 489//489 51//51 817//769 
f 51//51 48//48 817//769 
f 48//48 492//492 817//769 
f 489//489 486//486 818//769 
f 486//486 54//54 818//769 
f 54//54 51//51 818//769 
f 51//51 489//489 818//769 
f 486//486 483//483 819//769 
f 483//483 54//54 819//769 
f 54//54 486//486 819//769 
f 483//483 480//480 820//769 
f 480//480 57//57 820//769 
f 57//57 54//54 820//769 
f 54//54 483//483 820//769 
f 480//480 477//477 821//769 
f 477//477 60//60 821//769 
f 60//60 57//57 821//769 
f 57//57 480//480 821//769 
f 477//477 474//474 822//769 
f 474//474 63//63 822//769 
f 63//63 60//60 822//769 
f 60//60 477//477 822//769 
f 474//474 471//471 823//769 
f 471//471 66//66 823//769 
f 66//66 63//63 823//769 
f 63//63 474//474 823//769 
f 471//471 468//468 824//769 
f 468//468 69//69 824//769 
f 69//69 66//66 824//769 
f 66//66 471//471 824//769 
f 468//468 465//465 825//769 
f 465//465 72//72 825//769 
f 72//72 69//69 825//769 
f 69//69 468//468 825//769 
f 465//465 462//462 826//769 
f 462//462 75//75 826//769 
f 75//75 72//72 826//769 
f 72//72 465//465 826//769 
f 462//462 459//459 827//769 
f 459//459 78//78 827//769 
f 78//78 75//75 827//769 
f 75//75 462//462 827//769 
f 459//459 456//456 828//769 
f 456//456 81//81 828//769 
f 81//81 78//78 828//769 
f 78//78 459//459 828//769 
f 456//456 453//453 829//769 
f 453//453 84//84 829//769 
f 84//84 81//81 829//769 
f 81//81 456//456 829//769 
f 453//453 450//450 830//769 
f 450//450 87//87 830//769 
f 87//87 84//84 830//769 
f 84//84 453//453 830//769 
f 450//450 447//447 831//769 
f 447//447 90//90 831//769 
f 90//90 87//87 831//769 
f 87//87 450//450 831//769 
f 447//447 444//444 832//769 
f 444//444 96//96 832//769 
f 96//96 93//93 832//769 
f 93//93 90//90 832//769 
f 90//90 447//447 832//769 
f 444//444 441//441 833//769 
f 441//441 99//99 833//769 
f 99//99 96//96 833//769 
f 96//96 444//444 833//769 
f 441//441 438//438 834//769 
f 438//438 102//102 834//769 
f 102//102 99//99 834//769 
f 99//99 441//441 834//769 
f 438//438 435//435 835//769 
f 435//435 105//105 835//769 
f 105//105 102//102 835//769 
f 102//102 438//438 835//769 
f 435//435 432//432 836//769 
f 432//432 105//105 836//769 
f 105//105 435//435 836//769 
f 432//432 429//429 837//769 
f 429//429 108//108 837//769 
f 108//108 105//105 837//769 
f 105//105 432//432 837//769 
f 429//429 426//426 838//769 
f 426//426 111//111 838//769 
f 111//111 108//108 838//769 
f 108//108 429//429 838//769 
f 426//426 423//423 839//769 
f 423//423 111//111 839//769 
f 111//111 426//426 839//769 
f 423//423 420//420 840//769 
f 420//420 114//114 840//769 
f 114//114 111//111 840//769 
f 111//111 423//423 840//769 
f 420//420 417//417 841//769 
f 417//417 117//117 841//769 
f 117//117 114//114 841//769 
f 114//114 420//420 841//769 
f 417//417 414//414 842//769 
f 414//414 117//117 842//769 
f 117//117 417//417 842//769 
f 414//414 411//411 843//769 
f 411//411 120//120 843//769 
f 120//120 117//117 843//769 
f 117//117 414//414 843//769 
f 411//411 408//408 844//769 
f 408//408 123//123 844//769 
f 123//123 120//120 844//769 
f 120//120 411//411 844//769 
f 408//408 405//405 845//769 
f 405//405 126//126 845//769 
f 126//126 123//123 845//769 
f 123//123 408//408 845//769 
f 405//405 402//402 846//769 
f 402//402 126//126 846//769 
f 126//126 405//405 846//769 
f 402//402 399//399 847//769 
f 399//399 129//129 847//769 
f 129//129 126//126 847//769 
f 126//126 402//402 847//769 
f 399//399 396//396 848//769 
f 396//396 129//129 848//769 
f 129//129 399//399 848//769 
f 396//396 393//393 849//769 
f 393//393 132//132 849//769 
f 132//132 129//129 849//769 
f 129//129 396//396 849//769 
f 393//393 390//390 850//769 
f 390//390 132//132 850//769 
f 132//132 393//393 850//769 
f 390//390 387//387 851//769 
f 387//387 132//132 851//769 
f 132//132 390//390 851//769 
f 387//387 384//384 852//769 
f 384//384 135//135 852//769 
f 135//135 132//132 852//769 
f 132//132 387//387 852//769 
f 381//381 150//150 853//769 
f 150//150 147//147 853//769 
f 147//147 381//381 853//769 
f 750//739 747//737 854//769 
f 747//737 159//159 854//769 
f 159//159 156//156 854//769 
f 156//156 750//739 854//769 
f 147//147 144//144 855//769 
f 144//144 381//381 855//769 
f 381//381 147//147 855//769 
f 144//144 141//141 856//769 
f 141//141 381//381 856//769 
f 381//381 144//144 856//769 
f 141//141 138//138 857//769 
f 138//138 381//381 857//769 
f 381//381 141//141 857//769 
f 138//138 135//135 858//769 
f 135//135 384//384 858//769 
f 384//384 381//381 858//769 
f 381//381 138//138 858//769 
f 201//201 198//198 859//769 
f 198//198 195//195 859//769 
f 195//195 192//192 859//769 
f 192//192 860//769 732//726 859//769 
f 732//726 729//724 859//769 
f 729//724 201//201 859//769 
f 747//737 744//735 861//769 
f 744//735 159//159 861//769 
f 159//159 747//737 861//769 
f 156//156 153//153 862//769 
f 153//153 750//739 862//769 
f 750//739 156//156 862//769 
f 153//153 150//150 863//769 
f 150//150 381//381 863//769 
f 381//381 750//739 863//769 
f 750//739 153//153 863//769 
f 744//735 741//733 864//769 
f 741//733 159//159 864//769 
f 159//159 744//735 864//769 
f 741//733 738//730 865//769 
f 738//730 159//159 865//769 
f 159//159 741//733 865//769 
f 738//730 735//728 866//769 
f 735//728 159//159 866//769 
f 159//159 738//730 866//769 
f 735//728 732//726 860//769 
f 192//192 159//159 860//769 
f 159//159 735//728 860//769 
f 192//192 189//189 867//769 
f 189//189 159//159 867//769 
f 159//159 192//192 867//769 
f 189//189 186//186 868//769 
f 186//186 159//159 868//769 
f 159//159 189//189 868//769 
f 186//186 183//183 869//769 
f 183//183 159//159 869//769 
f 159//159 186//186 869//769 
f 183//183 180//180 870//769 
f 180//180 159//159 870//769 
f 159//159 183//183 870//769 
f 180//180 177//177 871//769 
f 177//177 159//159 871//769 
f 159//159 180//180 871//769 
f 177//177 174//174 872//769 
f 174//174 159//159 872//769 
f 159//159 177//177 872//769 
f 174//174 171//171 873//769 
f 171//171 159//159 873//769 
f 159//159 174//174 873//769 
f 171//171 168//168 874//769 
f 168//168 159//159 874//769 
f 159//159 171//171 874//769 
f 168//168 165//165 875//769 
f 165//165 162//162 875//769 
f 162//162 159//159 875//769 
f 159//159 168//168 875//769 
f 729//724 726//722 876//769 
f 726//722 210//210 876//769 
f 210//210 207//207 876//769 
f 207//207 204//204 876//769 
f 204//204 201//201 876//769 
f 201//201 729//724 876//769 
f 726//722 723//719 877//769 
f 723//719 219//219 877//769 
f 219//219 216//216 877//769 
f 216//216 213//213 877//769 
f 213//213 210//210 877//769 
f 210//210 726//722 877//769 
f 723//719 720//716 878//769 
f 720//716 225//225 878//769 
f 225//225 222//222 878//769 
f 222//222 219//219 878//769 
f 219//219 723//719 878//769 
f 720//716 717//713 879//769 
f 717//713 231//231 879//769 
f 231//231 228//228 879//769 
f 228//228 225//225 879//769 
f 225//225 720//716 879//769 
f 717//713 714//710 880//769 
f 714//710 237//237 880//769 
f 237//237 234//234 880//769 
f 234//234 231//231 880//769 
f 231//231 717//713 880//769 
f 714//710 711//707 881//769 
f 711//707 243//243 881//769 
f 243//243 240//240 881//769 
f 240//240 237//237 881//769 
f 237//237 714//710 881//769 
f 711//707 708//704 882//769 
f 708//704 249//249 882//769 
f 249//249 246//246 882//769 
f 246//246 243//243 882//769 
f 243//243 711//707 882//769 
f 708//704 705//701 883//769 
f 705//701 255//255 883//769 
f 255//255 252//252 883//769 
f 252//252 249//249 883//769 
f 249//249 708//704 883//769 
f 705//701 702//698 884//769 
f 702//698 264//264 884//769 
f 264//264 261//261 884//769 
f 261//261 258//258 884//769 
f 258//258 255//255 884//769 
f 255//255 705//701 884//769 
f 702//698 699//695 885//769 
f 699//695 267//267 885//769 
f 267//267 264//264 885//769 
f 264//264 702//698 885//769 
f 699//695 696//692 886//769 
f 696//692 273//273 886//769 
f 273//273 270//270 886//769 
f 270//270 267//267 886//769 
f 267//267 699//695 886//769 
f 696//692 693//689 887//769 
f 693//689 276//276 887//769 
f 276//276 273//273 887//769 
f 273//273 696//692 887//769 
f 693//689 690//686 888//769 
f 690//686 279//279 888//769 
f 279//279 276//276 888//769 
f 276//276 693//689 888//769 
f 690//686 687//683 889//769 
f 687//683 282//282 889//769 
f 282//282 279//279 889//769 
f 279//279 690//686 889//769 
f 687//683 684//680 890//769 
f 684//680 285//285 890//769 
f 285//285 282//282 890//769 
f 282//282 687//683 890//769 
f 684//680 681//677 891//769 
f 681//677 288//288 891//769 
f 288//288 285//285 891//769 
f 285//285 684//680 891//769 
f 681//677 678//674 892//769 
f 678//674 291//291 892//769 
f 291//291 288//288 892//769 
f 288//288 681//677 892//769 
f 678//674 674//670 893//769 
f 674//670 294//294 893//769 
f 294//294 291//291 893//769 
f 291//291 678//674 893//769 
f 674//670 673//669 894//769 
f 673//669 297//297 894//769 
f 297//297 294//294 894//769 
f 294//294 674//670 894//769 
f 673//669 777//765 895//769 
f 777//765 300//300 895//769 
f 300//300 297//297 895//769 
f 297//297 673//669 895//769 
f 777//765 774//762 896//769 
f 774//762 303//303 896//769 
f 303//303 300//300 896//769 
f 300//300 777//765 896//769 
f 774//762 771//759 897//769 
f 771//759 309//309 897//769 
f 309//309 306//306 897//769 
f 306//306 303//303 897//769 
f 303//303 774//762 897//769 
f 771//759 768//756 898//769 
f 768//756 312//312 898//769 
f 312//312 309//309 898//769 
f 309//309 771//759 898//769 
f 768//756 765//753 899//769 
f 765//753 318//318 899//769 
f 318//318 315//315 899//769 
f 315//315 312//312 899//769 
f 312//312 768//756 899//769 
f 765//753 762//750 900//769 
f 762//750 327//327 900//769 
f 327//327 324//324 900//769 
f 324//324 321//321 900//769 
f 321//321 318//318 900//769 
f 318//318 765//753 900//769 
f 762//750 759//747 901//769 
f 759//747 333//333 901//769 
f 333//333 330//330 901//769 
f 330//330 327//327 901//769 
f 327//327 762//750 901//769 
f 759//747 756//744 902//769 
f 756//744 339//339 902//769 
f 339//339 336//336 902//769 
f 336//336 333//333 902//769 
f 333//333 759//747 902//769 
f 756//744 753//741 903//769 
f 753//741 342//342 903//769 
f 342//342 339//339 903//769 
f 339//339 756//744 903//769 
f 753//741 750//739 904//769 
f 750//739 381//381 904//769 
f 381//381 378//378 904//769 
f 378//378 375//375 904//769 
f 375//375 372//372 904//769 
f 372//372 369//369 904//769 
f 369//369 366//366 904//769 
f 366//366 363//363 904//769 
f 363//363 360//360 904//769 
f 360//360 357//357 904//769 
f 357//357 354//354 904//769 
f 354//354 351//351 904//769 
f 351//351 348//348 904//769 
f 348//348 345//345 904//769 
f 345//345 342//342 904//769 
f 342//342 753//741 904//769 
f 542//542 545//545 905//770 
f 545//545 548//548 905//770 
f 548//548 542//542 905//770 
f 551//551 554//554 906//770 
f 554//554 23//23 906//770 
f 23//23 26//26 906//770 
f 26//26 551//551 906//770 
f 137//137 383//383 907//770 
f 383//383 386//386 907//770 
f 386//386 137//137 907//770 
f 392//392 395//395 908//770 
f 395//395 134//134 908//770 
f 134//134 392//392 908//770 
f 395//395 398//398 909//770 
f 398//398 131//131 909//770 
f 131//131 134//134 909//770 
f 134//134 395//395 909//770 
f 398//398 401//401 910//770 
f 401//401 131//131 910//770 
f 131//131 398//398 910//770 
f 401//401 404//404 911//770 
f 404//404 128//128 911//770 
f 128//128 131//131 911//770 
f 131//131 401//401 911//770 
f 404//404 407//407 912//770 
f 407//407 128//128 912//770 
f 128//128 404//404 912//770 
f 407//407 410//410 913//770 
f 410//410 125//125 913//770 
f 125//125 128//128 913//770 
f 128//128 407//407 913//770 
f 410//410 413//413 914//770 
f 413//413 122//122 914//770 
f 122//122 125//125 914//770 
f 125//125 410//410 914//770 
f 413//413 416//416 915//770 
f 416//416 119//119 915//770 
f 119//119 122//122 915//770 
f 122//122 413//413 915//770 
f 416//416 419//419 916//770 
f 419//419 119//119 916//770 
f 119//119 416//416 916//770 
f 419//419 422//422 917//770 
f 422//422 116//116 917//770 
f 116//116 119//119 917//770 
f 119//119 419//419 917//770 
f 422//422 425//425 918//770 
f 425//425 113//113 918//770 
f 113//113 116//116 918//770 
f 116//116 422//422 918//770 
f 425//425 428//428 919//770 
f 428//428 113//113 919//770 
f 113//113 425//425 919//770 
f 428//428 431//431 920//770 
f 431//431 110//110 920//770 
f 110//110 113//113 920//770 
f 113//113 428//428 920//770 
f 431//431 434//434 921//770 
f 434//434 107//107 921//770 
f 107//107 110//110 921//770 
f 110//110 431//431 921//770 
f 434//434 437//437 922//770 
f 437//437 107//107 922//770 
f 107//107 434//434 922//770 
f 437//437 440//440 923//770 
f 440//440 104//104 923//770 
f 104//104 107//107 923//770 
f 107//107 437//437 923//770 
f 440//440 443//443 924//770 
f 443//443 101//101 924//770 
f 101//101 104//104 924//770 
f 104//104 440//440 924//770 
f 443//443 446//446 925//770 
f 446//446 98//98 925//770 
f 98//98 101//101 925//770 
f 101//101 443//443 925//770 
f 446//446 449//449 926//770 
f 449//449 92//92 926//770 
f 92//92 95//95 926//770 
f 95//95 98//98 926//770 
f 98//98 446//446 926//770 
f 449//449 452//452 927//770 
f 452//452 89//89 927//770 
f 89//89 92//92 927//770 
f 92//92 449//449 927//770 
f 452//452 455//455 928//770 
f 455//455 86//86 928//770 
f 86//86 89//89 928//770 
f 89//89 452//452 928//770 
f 455//455 458//458 929//770 
f 458//458 83//83 929//770 
f 83//83 86//86 929//770 
f 86//86 455//455 929//770 
f 458//458 461//461 930//770 
f 461//461 80//80 930//770 
f 80//80 83//83 930//770 
f 83//83 458//458 930//770 
f 461//461 464//464 931//770 
f 464//464 77//77 931//770 
f 77//77 80//80 931//770 
f 80//80 461//461 931//770 
f 464//464 467//467 932//770 
f 467//467 74//74 932//770 
f 74//74 77//77 932//770 
f 77//77 464//464 932//770 
f 467//467 470//470 933//770 
f 470//470 71//71 933//770 
f 71//71 74//74 933//770 
f 74//74 467//467 933//770 
f 470//470 473//473 934//770 
f 473//473 68//68 934//770 
f 68//68 71//71 934//770 
f 71//71 470//470 934//770 
f 473//473 476//476 935//770 
f 476//476 65//65 935//770 
f 65//65 68//68 935//770 
f 68//68 473//473 935//770 
f 476//476 479//479 936//770 
f 479//479 62//62 936//770 
f 62//62 65//65 936//770 
f 65//65 476//476 936//770 
f 479//479 482//482 937//770 
f 482//482 59//59 937//770 
f 59//59 62//62 937//770 
f 62//62 479//479 937//770 
f 482//482 485//485 938//770 
f 485//485 56//56 938//770 
f 56//56 59//59 938//770 
f 59//59 482//482 938//770 
f 485//485 488//488 939//770 
f 488//488 56//56 939//770 
f 56//56 485//485 939//770 
f 488//488 491//491 940//770 
f 491//491 53//53 940//770 
f 53//53 56//56 940//770 
f 56//56 488//488 940//770 
f 491//491 494//494 941//770 
f 494//494 50//50 941//770 
f 50//50 53//53 941//770 
f 53//53 491//491 941//770 
f 494//494 497//497 942//770 
f 497//497 50//50 942//770 
f 50//50 494//494 942//770 
f 497//497 500//500 943//770 
f 500//500 47//47 943//770 
f 47//47 50//50 943//770 
f 50//50 497//497 943//770 
f 500//500 503//503 944//770 
f 503//503 44//44 944//770 
f 44//44 47//47 944//770 
f 47//47 500//500 944//770 
f 503//503 506//506 945//770 
f 506//506 44//44 945//770 
f 44//44 503//503 945//770 
f 506//506 509//509 946//770 
f 509//509 41//41 946//770 
f 41//41 44//44 946//770 
f 44//44 506//506 946//770 
f 509//509 512//512 947//770 
f 512//512 41//41 947//770 
f 41//41 509//509 947//770 
f 512//512 515//515 948//770 
f 515//515 38//38 948//770 
f 38//38 41//41 948//770 
f 41//41 512//512 948//770 
f 515//515 518//518 949//770 
f 518//518 26//26 949//770 
f 26//26 29//29 949//770 
f 29//29 32//32 949//770 
f 32//32 35//35 949//770 
f 35//35 38//38 949//770 
f 38//38 515//515 949//770 
f 518//518 521//521 950//770 
f 521//521 551//551 950//770 
f 551//551 26//26 950//770 
f 26//26 518//518 950//770 
f 521//521 524//524 951//770 
f 524//524 551//551 951//770 
f 551//551 521//521 951//770 
f 524//524 527//527 952//770 
f 527//527 548//548 952//770 
f 548//548 551//551 952//770 
f 551//551 524//524 952//770 
f 527//527 530//530 953//770 
f 530//530 548//548 953//770 
f 548//548 527//527 953//770 
f 530//530 533//533 954//770 
f 533//533 548//548 954//770 
f 548//548 530//530 954//770 
f 533//533 536//536 955//770 
f 536//536 548//548 955//770 
f 548//548 533//533 955//770 
f 536//536 539//539 956//770 
f 539//539 548//548 956//770 
f 548//548 536//536 956//770 
f 539//539 542//542 957//770 
f 542//542 548//548 957//770 
f 548//548 539//539 957//770 
f 137//137 140//140 958//770 
f 140//140 383//383 958//770 
f 383//383 137//137 958//770 
f 386//386 389//389 959//770 
f 389//389 134//134 959//770 
f 134//134 137//137 959//770 
f 137//137 386//386 959//770 
f 140//140 143//143 960//770 
f 143//143 383//383 960//770 
f 383//383 140//140 960//770 
f 143//143 146//146 961//770 
f 146//146 383//383 961//770 
f 383//383 143//143 961//770 
f 146//146 149//149 962//770 
f 149//149 383//383 962//770 
f 383//383 146//146 962//770 
f 752//740 755//743 963//770 
f 755//743 344//344 963//770 
f 344//344 347//347 963//770 
f 347//347 350//350 963//770 
f 350//350 353//353 963//770 
f 353//353 356//356 963//770 
f 356//356 359//359 963//770 
f 359//359 362//362 963//770 
f 362//362 365//365 963//770 
f 365//365 368//368 963//770 
f 368//368 371//371 963//770 
f 371//371 374//374 963//770 
f 374//374 377//377 963//770 
f 377//377 380//380 963//770 
f 380//380 383//383 963//770 
f 383//383 752//740 963//770 
f 152//152 155//155 964//770 
f 155//155 752//740 964//770 
f 752//740 152//152 964//770 
f 755//743 758//746 965//770 
f 758//746 341//341 965//770 
f 341//341 344//344 965//770 
f 344//344 755//743 965//770 
f 383//383 152//152 966//770 
f 152//152 752//740 966//770 
f 752//740 383//383 966//770 
f 383//383 149//149 967//770 
f 149//149 152//152 967//770 
f 152//152 383//383 967//770 
f 758//746 761//749 968//770 
f 761//749 335//335 968//770 
f 335//335 338//338 968//770 
f 338//338 341//341 968//770 
f 341//341 758//746 968//770 
f 761//749 764//752 969//770 
f 764//752 329//329 969//770 
f 329//329 332//332 969//770 
f 332//332 335//335 969//770 
f 335//335 761//749 969//770 
f 764//752 767//755 970//770 
f 767//755 320//320 970//770 
f 320//320 323//323 970//770 
f 323//323 326//326 970//770 
f 326//326 329//329 970//770 
f 329//329 764//752 970//770 
f 767//755 770//758 971//770 
f 770//758 314//314 971//770 
f 314//314 317//317 971//770 
f 317//317 320//320 971//770 
f 320//320 767//755 971//770 
f 770//758 773//761 972//770 
f 773//761 311//311 972//770 
f 311//311 314//314 972//770 
f 314//314 770//758 972//770 
f 773//761 776//764 973//770 
f 776//764 305//305 973//770 
f 305//305 308//308 973//770 
f 308//308 311//311 973//770 
f 311//311 773//761 973//770 
f 776//764 779//767 974//770 
f 779//767 302//302 974//770 
f 302//302 305//305 974//770 
f 305//305 776//764 974//770 
f 779//767 677//673 975//770 
f 677//673 299//299 975//770 
f 299//299 302//302 975//770 
f 302//302 779//767 975//770 
f 677//673 676//672 976//770 
f 676//672 296//296 976//770 
f 296//296 299//299 976//770 
f 299//299 677//673 976//770 
f 676//672 680//676 977//770 
f 680//676 293//293 977//770 
f 293//293 296//296 977//770 
f 296//296 676//672 977//770 
f 680//676 683//679 978//770 
f 683//679 290//290 978//770 
f 290//290 293//293 978//770 
f 293//293 680//676 978//770 
f 683//679 686//682 979//770 
f 686//682 287//287 979//770 
f 287//287 290//290 979//770 
f 290//290 683//679 979//770 
f 686//682 689//685 980//770 
f 689//685 284//284 980//770 
f 284//284 287//287 980//770 
f 287//287 686//682 980//770 
f 689//685 692//688 981//770 
f 692//688 281//281 981//770 
f 281//281 284//284 981//770 
f 284//284 689//685 981//770 
f 692//688 695//691 982//770 
f 695//691 278//278 982//770 
f 278//278 281//281 982//770 
f 281//281 692//688 982//770 
f 695//691 698//694 983//770 
f 698//694 275//275 983//770 
f 275//275 278//278 983//770 
f 278//278 695//691 983//770 
f 698//694 701//697 984//770 
f 701//697 269//269 984//770 
f 269//269 272//272 984//770 
f 272//272 275//275 984//770 
f 275//275 698//694 984//770 
f 701//697 704//700 985//770 
f 704//700 266//266 985//770 
f 266//266 269//269 985//770 
f 269//269 701//697 985//770 
f 704//700 707//703 986//770 
f 707//703 257//257 986//770 
f 257//257 260//260 986//770 
f 260//260 263//263 986//770 
f 263//263 266//266 986//770 
f 266//266 704//700 986//770 
f 707//703 710//706 987//770 
f 710//706 251//251 987//770 
f 251//251 254//254 987//770 
f 254//254 257//257 987//770 
f 257//257 707//703 987//770 
f 710//706 713//709 988//770 
f 713//709 245//245 988//770 
f 245//245 248//248 988//770 
f 248//248 251//251 988//770 
f 251//251 710//706 988//770 
f 713//709 716//712 989//770 
f 716//712 239//239 989//770 
f 239//239 242//242 989//770 
f 242//242 245//245 989//770 
f 245//245 713//709 989//770 
f 716//712 719//715 990//770 
f 719//715 233//233 990//770 
f 233//233 236//236 990//770 
f 236//236 239//239 990//770 
f 239//239 716//712 990//770 
f 719//715 722//718 991//770 
f 722//718 227//227 991//770 
f 227//227 230//230 991//770 
f 230//230 233//233 991//770 
f 233//233 719//715 991//770 
f 722//718 725//721 992//770 
f 725//721 221//221 992//770 
f 221//221 224//224 992//770 
f 224//224 227//227 992//770 
f 227//227 722//718 992//770 
f 725//721 728//723 993//770 
f 728//723 212//212 993//770 
f 212//212 215//215 993//770 
f 215//215 218//218 993//770 
f 218//218 221//221 993//770 
f 221//221 725//721 993//770 
f 728//723 731//725 994//770 
f 731//725 203//203 994//770 
f 203//203 206//206 994//770 
f 206//206 209//209 994//770 
f 209//209 212//212 994//770 
f 212//212 728//723 994//770 
f 731//725 734//727 995//770 
f 734//727 996//770 194//194 995//770 
f 194//194 197//197 995//770 
f 197//197 200//200 995//770 
f 200//200 203//203 995//770 
f 203//203 731//725 995//770 
f 155//155 158//158 997//770 
f 158//158 752//740 997//770 
f 752//740 155//155 997//770 
f 161//161 170//170 998//770 
f 170//170 173//173 998//770 
f 173//173 161//161 998//770 
f 161//161 164//164 999//770 
f 164//164 167//167 999//770 
f 167//167 170//170 999//770 
f 170//170 161//161 999//770 
f 173//173 176//176 1000//770 
f 176//176 161//161 1000//770 
f 161//161 173//173 1000//770 
f 176//176 179//179 1001//770 
f 179//179 161//161 1001//770 
f 161//161 176//176 1001//770 
f 179//179 182//182 1002//770 
f 182//182 161//161 1002//770 
f 161//161 179//179 1002//770 
f 182//182 185//185 1003//770 
f 185//185 161//161 1003//770 
f 161//161 182//182 1003//770 
f 185//185 188//188 1004//770 
f 188//188 161//161 1004//770 
f 161//161 185//185 1004//770 
f 188//188 191//191 1005//770 
f 191//191 161//161 1005//770 
f 161//161 188//188 1005//770 
f 191//191 194//194 1006//770 
f 194//194 161//161 1006//770 
f 161//161 191//191 1006//770 
f 734//727 737//729 996//770 
f 737//729 161//161 996//770 
f 161//161 194//194 996//770 
f 737//729 740//732 1007//770 
f 740//732 161//161 1007//770 
f 161//161 737//729 1007//770 
f 740//732 743//734 1008//770 
f 743//734 161//161 1008//770 
f 161//161 740//732 1008//770 
f 743//734 746//736 1009//770 
f 746//736 161//161 1009//770 
f 161//161 743//734 1009//770 
f 746//736 749//738 1010//770 
f 749//738 161//161 1010//770 
f 161//161 746//736 1010//770 
f 749//738 752//740 1011//770 
f 752//740 158//158 1011//770 
f 158//158 161//161 1011//770 
f 161//161 749//738 1011//770 
f 554//554 557//557 1012//770 
f 557//557 611//607 1012//770 
f 611//607 614//610 1012//770 
f 614//610 23//23 1012//770 
f 23//23 554//554 1012//770 
f 557//557 560//560 1013//770 
f 560//560 605//601 1013//770 
f 605//601 608//604 1013//770 
f 608//604 611//607 1013//770 
f 611//607 557//557 1013//770 
f 650//646 653//649 1014//770 
f 653//649 656//652 1014//770 
f 656//652 659//655 1014//770 
f 659//655 662//658 1014//770 
f 662//658 665//661 1014//770 
f 665//661 668//664 1014//770 
f 668//664 671//667 1014//770 
f 671//667 5//5 1014//770 
f 5//5 650//646 1014//770 
f 5//5 4//4 1015//770 
f 4//4 644//640 1015//770 
f 644//640 647//643 1015//770 
f 647//643 650//646 1015//770 
f 650//646 5//5 1015//770 
f 4//4 8//8 1016//770 
f 8//8 638//634 1016//770 
f 638//634 641//637 1016//770 
f 641//637 644//640 1016//770 
f 644//640 4//4 1016//770 
f 8//8 11//11 1017//770 
f 11//11 635//631 1017//770 
f 635//631 638//634 1017//770 
f 638//634 8//8 1017//770 
f 11//11 14//14 1018//770 
f 14//14 629//625 1018//770 
f 629//625 632//628 1018//770 
f 632//628 635//631 1018//770 
f 635//631 11//11 1018//770 
f 14//14 17//17 1019//770 
f 17//17 623//619 1019//770 
f 623//619 626//622 1019//770 
f 626//622 629//625 1019//770 
f 629//625 14//14 1019//770 
f 17//17 20//20 1020//770 
f 20//20 617//613 1020//770 
f 617//613 620//616 1020//770 
f 620//616 623//619 1020//770 
f 623//619 17//17 1020//770 
f 20//20 23//23 1021//770 
f 23//23 614//610 1021//770 
f 614//610 617//613 1021//770 
f 617//613 20//20 1021//770 
f 560//560 563//563 1022//770 
f 563//563 602//598 1022//770 
f 602//598 605//601 1022//770 
f 605//601 560//560 1022//770 
f 563//563 566//566 1023//770 
f 566//566 599//595 1023//770 
f 599//595 602//598 1023//770 
f 602//598 563//563 1023//770 
f 566//566 569//569 1024//770 
f 569//569 596//592 1024//770 
f 596//592 599//595 1024//770 
f 599//595 566//566 1024//770 
f 569//569 572//572 1025//770 
f 572//572 593//589 1025//770 
f 593//589 596//592 1025//770 
f 596//592 569//569 1025//770 
f 572//572 575//575 1026//770 
f 575//575 590//586 1026//770 
f 590//586 593//589 1026//770 
f 593//589 572//572 1026//770 
f 575//575 578//578 1027//770 
f 578//578 587//583 1027//770 
f 587//583 590//586 1027//770 
f 590//586 575//575 1027//770 
f 578//578 581//164 1028//770 
f 581//164 584//580 1028//770 
f 584//580 587//583 1028//770 
f 587//583 578//578 1028//770 
# 2 polygons - 2052 triangles

