# 3ds Max Wavefront OBJ Exporter v0.97b - (c)2007 guruware
# File Created: 10.09.2021 11:10:30

#
# object So_Rusi
#

v  1565.9517 0.0000 -5.2547
v  1566.8840 0.0000 -5.2871
v  1566.4178 5.0000 -5.2709
v  1566.8840 10.0000 -5.2871
v  1565.9517 10.0000 -5.2547
v  1567.7617 0.0000 -5.3845
v  1567.3229 5.0000 -5.3358
v  1567.7617 10.0000 -5.3845
v  1568.5845 0.0000 -5.5468
v  1568.1731 5.0000 -5.4656
v  1568.5845 10.0000 -5.5468
v  1569.3525 0.0000 -5.7740
v  1568.9685 5.0000 -5.6604
v  1569.3525 10.0000 -5.7740
v  1570.0657 0.0000 -6.0660
v  1569.7091 5.0000 -5.9200
v  1570.0657 10.0000 -6.0660
v  1570.7240 0.0000 -6.4230
v  1570.3949 5.0000 -6.2445
v  1570.7240 10.0000 -6.4230
v  1571.3275 0.0000 -6.8449
v  1571.0258 5.0000 -6.6340
v  1571.3275 10.0000 -6.8449
v  1571.8762 0.0000 -7.3318
v  1571.6019 5.0000 -7.0884
v  1571.8762 10.0000 -7.3318
v  1572.3702 0.0000 -7.8835
v  1572.1233 5.0000 -7.6076
v  1572.3702 10.0000 -7.8835
v  1572.8108 0.0000 -8.4763
v  1572.5905 5.0000 -8.1799
v  1572.8108 10.0000 -8.4763
v  1573.1996 0.0000 -9.0863
v  1573.0051 5.0000 -8.7813
v  1573.1996 10.0000 -9.0863
v  1573.5365 0.0000 -9.7134
v  1573.3680 5.0000 -9.3998
v  1573.5365 10.0000 -9.7134
v  1573.8215 0.0000 -10.3578
v  1573.6790 5.0000 -10.0356
v  1573.8215 10.0000 -10.3578
v  1574.0548 0.0000 -11.0194
v  1573.9381 5.0000 -10.6886
v  1574.0548 10.0000 -11.0194
v  1574.2362 0.0000 -11.6983
v  1574.1455 5.0000 -11.3588
v  1574.2362 10.0000 -11.6983
v  1574.3658 0.0000 -12.3943
v  1574.3010 5.0000 -12.0463
v  1574.3658 10.0000 -12.3943
v  1574.4436 0.0000 -13.1075
v  1574.4047 5.0000 -12.7509
v  1574.4436 10.0000 -13.1075
v  1574.4695 0.0000 -13.8379
v  1574.4565 5.0000 -13.4727
v  1574.4695 10.0000 -13.8379
v  1574.4695 0.0000 -22.9645
v  1574.4695 5.0000 -18.4012
v  1574.4695 10.0000 -22.9645
v  1575.0785 0.0000 -23.0181
v  1574.7739 5.0000 -22.9913
v  1575.0785 10.0000 -23.0181
v  1575.7327 0.0000 -23.1790
v  1575.4055 5.0000 -23.0986
v  1575.7327 10.0000 -23.1790
v  1576.4320 0.0000 -23.4471
v  1576.0824 5.0000 -23.3130
v  1576.4320 10.0000 -23.4471
v  1577.1766 0.0000 -23.8224
v  1576.8043 5.0000 -23.6348
v  1577.1766 10.0000 -23.8224
v  1577.9664 0.0000 -24.3050
v  1577.5715 5.0000 -24.0637
v  1577.9664 10.0000 -24.3050
v  1578.8014 0.0000 -24.8948
v  1578.3839 5.0000 -24.5999
v  1578.8014 10.0000 -24.8948
v  1579.6815 0.0000 -25.5919
v  1579.2415 5.0000 -25.2433
v  1579.6815 10.0000 -25.5919
v  1580.6068 0.0000 -26.3962
v  1580.1442 5.0000 -25.9940
v  1580.6068 10.0000 -26.3962
v  1581.5773 0.0000 -27.3077
v  1581.0920 5.0000 -26.8519
v  1581.5773 10.0000 -27.3077
v  1582.5233 0.0000 -28.2532
v  1582.0503 5.0000 -27.7805
v  1582.5233 10.0000 -28.2532
v  1583.3754 0.0000 -29.1595
v  1582.9493 5.0000 -28.7064
v  1583.3754 10.0000 -29.1595
v  1584.1333 0.0000 -30.0266
v  1583.7543 5.0000 -29.5931
v  1584.1333 10.0000 -30.0266
v  1584.7971 0.0000 -30.8545
v  1584.4652 5.0000 -30.4406
v  1584.7971 10.0000 -30.8545
v  1585.3669 0.0000 -31.6431
v  1585.0820 5.0000 -31.2488
v  1585.3669 10.0000 -31.6431
v  1585.8427 0.0000 -32.3926
v  1585.6047 5.0000 -32.0178
v  1585.8427 10.0000 -32.3926
v  1586.2242 0.0000 -33.1027
v  1586.0334 5.0000 -32.7477
v  1586.2242 10.0000 -33.1027
v  1586.5118 0.0000 -33.7737
v  1586.3680 5.0000 -33.4382
v  1586.5118 10.0000 -33.7737
v  1586.7053 0.0000 -34.4055
v  1586.6086 5.0000 -34.0896
v  1586.7053 10.0000 -34.4055
v  1580.2277 0.0000 -38.4203
v  1583.4666 5.0000 -36.4129
v  1580.2277 10.0000 -38.4203
v  1580.2032 0.0000 -37.9699
v  1580.2155 5.0000 -38.1951
v  1580.2032 10.0000 -37.9699
v  1580.1299 0.0000 -37.4972
v  1580.1665 5.0000 -37.7335
v  1580.1299 10.0000 -37.4972
v  1580.0077 0.0000 -37.0024
v  1580.0688 5.0000 -37.2498
v  1580.0077 10.0000 -37.0024
v  1579.8365 0.0000 -36.4854
v  1579.9221 5.0000 -36.7439
v  1579.8365 10.0000 -36.4854
v  1579.6166 0.0000 -35.9462
v  1579.7266 5.0000 -36.2158
v  1579.6166 10.0000 -35.9462
v  1579.3478 0.0000 -35.3849
v  1579.4822 5.0000 -35.6655
v  1579.3478 10.0000 -35.3849
v  1579.0300 0.0000 -34.8013
v  1579.1888 5.0000 -35.0931
v  1579.0300 10.0000 -34.8013
v  1578.6635 0.0000 -34.1956
v  1578.8467 5.0000 -34.4985
v  1578.6635 10.0000 -34.1956
v  1578.2479 0.0000 -33.5678
v  1578.4557 5.0000 -33.8817
v  1578.2479 10.0000 -33.5678
v  1577.8102 0.0000 -32.9643
v  1578.0291 5.0000 -33.2660
v  1577.8102 10.0000 -32.9643
v  1577.3770 0.0000 -32.4318
v  1577.5935 5.0000 -32.6981
v  1577.3770 10.0000 -32.4318
v  1576.9481 0.0000 -31.9704
v  1577.1626 5.0000 -32.2011
v  1576.9481 10.0000 -31.9704
v  1576.5239 0.0000 -31.5799
v  1576.7360 5.0000 -31.7751
v  1576.5239 10.0000 -31.5799
v  1576.1040 0.0000 -31.2604
v  1576.3140 5.0000 -31.4201
v  1576.1040 10.0000 -31.2604
v  1575.6887 0.0000 -31.0119
v  1575.8964 5.0000 -31.1362
v  1575.6887 10.0000 -31.0119
v  1575.2778 0.0000 -30.8344
v  1575.4833 5.0000 -30.9232
v  1575.2778 10.0000 -30.8344
v  1574.8713 0.0000 -30.7279
v  1575.0746 5.0000 -30.7812
v  1574.8713 10.0000 -30.7279
v  1574.4695 0.0000 -30.6924
v  1574.6704 5.0000 -30.7102
v  1574.4695 10.0000 -30.6924
v  1574.4695 0.0000 -54.6812
v  1574.4695 5.0000 -42.6868
v  1574.4695 10.0000 -54.6812
v  1564.6486 0.0000 -54.6812
v  1569.5590 5.0000 -54.6812
v  1564.6486 10.0000 -54.6812
v  1564.6486 0.0000 -27.9555
v  1564.6486 5.0000 -41.3183
v  1564.6486 10.0000 -27.9555
v  1564.1094 0.0000 -27.9599
v  1564.3790 5.0000 -27.9577
v  1564.1094 10.0000 -27.9599
v  1563.6134 0.0000 -27.9732
v  1563.8615 5.0000 -27.9666
v  1563.6134 10.0000 -27.9732
v  1563.1604 0.0000 -27.9954
v  1563.3870 5.0000 -27.9843
v  1563.1604 10.0000 -27.9954
v  1562.7506 0.0000 -28.0265
v  1562.9556 5.0000 -28.0110
v  1562.7506 10.0000 -28.0265
v  1562.3839 0.0000 -28.0665
v  1562.5673 5.0000 -28.0465
v  1562.3839 10.0000 -28.0665
v  1562.0603 0.0000 -28.1153
v  1562.2220 5.0000 -28.0909
v  1562.0603 10.0000 -28.1153
v  1561.7798 0.0000 -28.1731
v  1561.9200 5.0000 -28.1442
v  1561.7798 10.0000 -28.1731
v  1561.5424 0.0000 -28.2397
v  1561.6611 5.0000 -28.2064
v  1561.5424 10.0000 -28.2397
v  1561.3481 0.0000 -28.3152
v  1561.4452 5.0000 -28.2774
v  1561.3481 10.0000 -28.3152
v  1561.7029 0.0000 -28.7038
v  1561.5255 5.0000 -28.5095
v  1561.7029 10.0000 -28.7038
v  1562.0160 0.0000 -29.1250
v  1561.8594 5.0000 -28.9144
v  1562.0160 10.0000 -29.1250
v  1562.2872 0.0000 -29.5789
v  1562.1516 5.0000 -29.3519
v  1562.2872 10.0000 -29.5789
v  1562.5168 0.0000 -30.0653
v  1562.4020 5.0000 -29.8221
v  1562.5168 10.0000 -30.0653
v  1562.7046 0.0000 -30.5844
v  1562.6107 5.0000 -30.3248
v  1562.7046 10.0000 -30.5844
v  1562.8507 0.0000 -31.1360
v  1562.7777 5.0000 -30.8602
v  1562.8507 10.0000 -31.1360
v  1562.9551 0.0000 -31.7203
v  1562.9030 5.0000 -31.4281
v  1562.9551 10.0000 -31.7203
v  1563.0177 0.0000 -32.3372
v  1562.9865 5.0000 -32.0287
v  1563.0177 10.0000 -32.3372
v  1563.0386 0.0000 -32.9867
v  1563.0282 5.0000 -32.6619
v  1563.0386 10.0000 -32.9867
v  1562.9414 0.0000 -34.5325
v  1562.9900 5.0000 -33.7596
v  1562.9414 10.0000 -34.5325
v  1562.6500 0.0000 -35.8966
v  1562.7957 5.0000 -35.2145
v  1562.6500 10.0000 -35.8966
v  1562.1643 0.0000 -37.0787
v  1562.4071 5.0000 -36.4876
v  1562.1643 10.0000 -37.0787
v  1561.4843 0.0000 -38.0790
v  1561.8242 5.0000 -37.5788
v  1561.4843 10.0000 -38.0790
v  1560.6100 0.0000 -38.8974
v  1561.0471 5.0000 -38.4882
v  1560.6100 10.0000 -38.8974
v  1559.5414 0.0000 -39.5339
v  1560.0757 5.0000 -39.2157
v  1559.5414 10.0000 -39.5339
v  1558.2784 0.0000 -39.9886
v  1558.9099 5.0000 -39.7613
v  1558.2784 10.0000 -39.9886
v  1556.8213 0.0000 -40.2614
v  1557.5498 5.0000 -40.1250
v  1556.8213 10.0000 -40.2614
v  1555.1698 0.0000 -40.3523
v  1555.9955 5.0000 -40.3069
v  1555.1698 10.0000 -40.3523
v  1554.6821 0.0000 -40.3397
v  1554.9259 5.0000 -40.3460
v  1554.6821 10.0000 -40.3397
v  1554.2062 0.0000 -40.3019
v  1554.4441 5.0000 -40.3208
v  1554.2062 10.0000 -40.3019
v  1553.7422 0.0000 -40.2388
v  1553.9742 5.0000 -40.2704
v  1553.7422 10.0000 -40.2388
v  1553.2900 0.0000 -40.1506
v  1553.5161 5.0000 -40.1947
v  1553.2900 10.0000 -40.1506
v  1552.8496 0.0000 -40.0371
v  1553.0698 5.0000 -40.0938
v  1552.8496 10.0000 -40.0371
v  1552.4210 0.0000 -39.8984
v  1552.6354 5.0000 -39.9678
v  1552.4210 10.0000 -39.8984
v  1552.0044 0.0000 -39.7345
v  1552.2128 5.0000 -39.8164
v  1552.0044 10.0000 -39.7345
v  1551.5995 0.0000 -39.5453
v  1551.8019 5.0000 -39.6399
v  1551.5995 10.0000 -39.5453
v  1551.2064 0.0000 -39.3310
v  1551.4030 5.0000 -39.4382
v  1551.2064 10.0000 -39.3310
v  1550.8282 0.0000 -39.0951
v  1551.0173 5.0000 -39.2131
v  1550.8282 10.0000 -39.0951
v  1550.4678 0.0000 -38.8414
v  1550.6481 5.0000 -38.9683
v  1550.4678 10.0000 -38.8414
v  1550.1251 0.0000 -38.5699
v  1550.2965 5.0000 -38.7057
v  1550.1251 10.0000 -38.5699
v  1549.8003 0.0000 -38.2805
v  1549.9628 5.0000 -38.4252
v  1549.8003 10.0000 -38.2805
v  1549.4933 0.0000 -37.9734
v  1549.6469 5.0000 -38.1269
v  1549.4933 10.0000 -37.9734
v  1549.2041 0.0000 -37.6483
v  1549.3486 5.0000 -37.8108
v  1549.2041 10.0000 -37.6483
v  1548.9326 0.0000 -37.3055
v  1549.0684 5.0000 -37.4769
v  1548.9326 10.0000 -37.3055
v  1548.6790 0.0000 -36.9448
v  1548.8058 5.0000 -37.1252
v  1548.6790 10.0000 -36.9448
v  1548.4431 0.0000 -36.5664
v  1548.5610 5.0000 -36.7556
v  1548.4431 10.0000 -36.5664
v  1548.2288 0.0000 -36.1730
v  1548.3359 5.0000 -36.3697
v  1548.2288 10.0000 -36.1730
v  1548.0396 0.0000 -35.7678
v  1548.1342 5.0000 -35.9704
v  1548.0396 10.0000 -35.7678
v  1547.8756 0.0000 -35.3508
v  1547.9576 5.0000 -35.5593
v  1547.8756 10.0000 -35.3508
v  1547.7369 0.0000 -34.9218
v  1547.8063 5.0000 -35.1363
v  1547.7369 10.0000 -34.9218
v  1547.6234 0.0000 -34.4810
v  1547.6802 5.0000 -34.7014
v  1547.6234 10.0000 -34.4810
v  1547.5353 0.0000 -34.0284
v  1547.5793 5.0000 -34.2547
v  1547.5353 10.0000 -34.0284
v  1547.4722 0.0000 -33.5639
v  1547.5037 5.0000 -33.7961
v  1547.4722 10.0000 -33.5639
v  1547.4343 0.0000 -33.0875
v  1547.4532 5.0000 -33.3257
v  1547.4343 10.0000 -33.0875
v  1547.4218 0.0000 -32.5993
v  1547.4280 5.0000 -32.8434
v  1547.4218 10.0000 -32.5993
v  1547.4841 0.0000 -31.3533
v  1547.4529 5.0000 -31.9763
v  1547.4841 10.0000 -31.3533
v  1547.6713 0.0000 -30.1803
v  1547.5776 5.0000 -30.7668
v  1547.6713 10.0000 -30.1803
v  1547.9832 0.0000 -29.0802
v  1547.8271 5.0000 -29.6303
v  1547.9832 10.0000 -29.0802
v  1548.4198 0.0000 -28.0530
v  1548.2014 5.0000 -28.5666
v  1548.4198 10.0000 -28.0530
v  1548.9812 0.0000 -27.0988
v  1548.7004 5.0000 -27.5759
v  1548.9812 10.0000 -27.0988
v  1549.6674 0.0000 -26.2175
v  1549.3242 5.0000 -26.6581
v  1549.6674 10.0000 -26.2175
v  1550.4783 0.0000 -25.4090
v  1550.0728 5.0000 -25.8133
v  1550.4783 10.0000 -25.4090
v  1551.4139 0.0000 -24.6736
v  1550.9460 5.0000 -25.0413
v  1551.4139 10.0000 -24.6736
v  1552.4744 0.0000 -24.0110
v  1551.9441 5.0000 -24.3423
v  1552.4744 10.0000 -24.0110
v  1553.6227 0.0000 -23.4197
v  1553.0485 5.0000 -23.7153
v  1553.6227 10.0000 -23.4197
v  1554.8221 0.0000 -22.8979
v  1554.2224 5.0000 -23.1588
v  1554.8221 10.0000 -22.8979
v  1556.0726 0.0000 -22.4457
v  1555.4474 5.0000 -22.6718
v  1556.0726 10.0000 -22.4457
v  1557.3743 0.0000 -22.0631
v  1556.7234 5.0000 -22.2544
v  1557.3743 10.0000 -22.0631
v  1558.7269 0.0000 -21.7501
v  1558.0505 5.0000 -21.9066
v  1558.7269 10.0000 -21.7501
v  1560.1307 0.0000 -21.5066
v  1559.4288 5.0000 -21.6283
v  1560.1307 10.0000 -21.5066
v  1561.5856 0.0000 -21.3327
v  1560.8582 5.0000 -21.4196
v  1561.5856 10.0000 -21.3327
v  1563.0916 0.0000 -21.2283
v  1562.3385 5.0000 -21.2805
v  1563.0916 10.0000 -21.2283
v  1564.6486 0.0000 -21.1935
v  1563.8700 5.0000 -21.2109
v  1564.6486 10.0000 -21.1935
v  1564.6486 0.0000 -17.3950
v  1564.6486 5.0000 -19.2942
v  1564.6486 10.0000 -17.3950
v  1564.5928 0.0000 -16.2662
v  1564.6206 5.0000 -16.8306
v  1564.5928 10.0000 -16.2662
v  1564.4253 0.0000 -15.2702
v  1564.5090 5.0000 -15.7682
v  1564.4253 10.0000 -15.2702
v  1564.1462 0.0000 -14.4070
v  1564.2858 5.0000 -14.8386
v  1564.1462 10.0000 -14.4070
v  1563.7556 0.0000 -13.6766
v  1563.9509 5.0000 -14.0418
v  1563.7556 10.0000 -13.6766
v  1563.2533 0.0000 -13.0790
v  1563.5045 5.0000 -13.3778
v  1563.2533 10.0000 -13.0790
v  1562.6394 0.0000 -12.6142
v  1562.9464 5.0000 -12.8466
v  1562.6394 10.0000 -12.6142
v  1561.9139 0.0000 -12.2822
v  1562.2766 5.0000 -12.4482
v  1561.9139 10.0000 -12.2822
v  1561.0768 0.0000 -12.0830
v  1561.4954 5.0000 -12.1826
v  1561.0768 10.0000 -12.0830
v  1560.1281 0.0000 -12.0166
v  1560.6024 5.0000 -12.0498
v  1560.1281 10.0000 -12.0166
v  1545.6508 0.0000 -12.0166
v  1552.8894 5.0000 -12.0166
v  1545.6508 10.0000 -12.0166
v  1545.6508 0.0000 -43.4138
v  1545.6508 5.0000 -27.7152
v  1545.6508 10.0000 -43.4138
v  1545.5164 0.0000 -45.8124
v  1545.5836 5.0000 -44.6131
v  1545.5164 10.0000 -45.8124
v  1545.1133 0.0000 -47.9287
v  1545.3148 5.0000 -46.8705
v  1545.1133 10.0000 -47.9287
v  1544.4413 0.0000 -49.7629
v  1544.7772 5.0000 -48.8458
v  1544.4413 10.0000 -49.7629
v  1543.5006 0.0000 -51.3149
v  1543.9709 5.0000 -50.5389
v  1543.5006 10.0000 -51.3149
v  1542.2911 0.0000 -52.5847
v  1542.8959 5.0000 -51.9498
v  1542.2911 10.0000 -52.5847
v  1540.8130 0.0000 -53.5724
v  1541.5521 5.0000 -53.0785
v  1540.8130 10.0000 -53.5724
v  1539.0660 0.0000 -54.2778
v  1539.9395 5.0000 -53.9251
v  1539.0660 10.0000 -54.2778
v  1537.0503 0.0000 -54.7011
v  1538.0581 5.0000 -54.4895
v  1537.0503 10.0000 -54.7011
v  1534.7657 0.0000 -54.8422
v  1535.9080 5.0000 -54.7716
v  1534.7657 10.0000 -54.8422
v  1533.8893 0.0000 -54.8104
v  1534.3275 5.0000 -54.8263
v  1533.8893 10.0000 -54.8104
v  1533.0499 0.0000 -54.7150
v  1533.4696 5.0000 -54.7627
v  1533.0499 10.0000 -54.7150
v  1532.2477 0.0000 -54.5560
v  1532.6488 5.0000 -54.6355
v  1532.2477 10.0000 -54.5560
v  1531.4824 0.0000 -54.3334
v  1531.8650 5.0000 -54.4447
v  1531.4824 10.0000 -54.3334
v  1530.7543 0.0000 -54.0471
v  1531.1184 5.0000 -54.1902
v  1530.7543 10.0000 -54.0471
v  1530.0632 0.0000 -53.6973
v  1530.4088 5.0000 -53.8722
v  1530.0632 10.0000 -53.6973
v  1529.4093 0.0000 -53.2839
v  1529.7363 5.0000 -53.4906
v  1529.4093 10.0000 -53.2839
v  1528.7924 0.0000 -52.8068
v  1529.1008 5.0000 -53.0454
v  1528.7924 10.0000 -52.8068
v  1528.2126 0.0000 -52.2662
v  1528.5026 5.0000 -52.5365
v  1528.2126 10.0000 -52.2662
v  1527.6825 0.0000 -51.6760
v  1527.9476 5.0000 -51.9711
v  1527.6825 10.0000 -51.6760
v  1527.2148 0.0000 -51.0503
v  1527.4487 5.0000 -51.3631
v  1527.2148 10.0000 -51.0503
v  1526.8094 0.0000 -50.3890
v  1527.0122 5.0000 -50.7196
v  1526.8094 10.0000 -50.3890
v  1526.4664 0.0000 -49.6922
v  1526.6379 5.0000 -50.0406
v  1526.4664 10.0000 -49.6922
v  1526.1858 0.0000 -48.9599
v  1526.3262 5.0000 -49.3261
v  1526.1858 10.0000 -48.9599
v  1525.9675 0.0000 -48.1921
v  1526.0767 5.0000 -48.5760
v  1525.9675 10.0000 -48.1921
v  1525.8116 0.0000 -47.3887
v  1525.8896 5.0000 -47.7904
v  1525.8116 10.0000 -47.3887
v  1525.7181 0.0000 -46.5498
v  1525.7649 5.0000 -46.9692
v  1525.7181 10.0000 -46.5498
v  1525.6870 0.0000 -45.6753
v  1525.7025 5.0000 -46.1126
v  1525.6870 10.0000 -45.6753
v  1525.8121 0.0000 -43.8148
v  1525.7495 5.0000 -44.7451
v  1525.8121 10.0000 -43.8148
v  1526.1879 0.0000 -42.1731
v  1526.0000 5.0000 -42.9940
v  1526.1879 10.0000 -42.1731
v  1526.8140 0.0000 -40.7504
v  1526.5009 5.0000 -41.4617
v  1526.8140 10.0000 -40.7504
v  1527.6904 0.0000 -39.5465
v  1527.2522 5.0000 -40.1484
v  1527.6904 10.0000 -39.5465
v  1528.8175 0.0000 -38.5615
v  1528.2539 5.0000 -39.0540
v  1528.8175 10.0000 -38.5615
v  1530.1949 0.0000 -37.7954
v  1529.5062 5.0000 -38.1784
v  1530.1949 10.0000 -37.7954
v  1531.8228 0.0000 -37.2481
v  1531.0088 5.0000 -37.5218
v  1531.8228 10.0000 -37.2481
v  1533.7010 0.0000 -36.9198
v  1532.7620 5.0000 -37.0840
v  1533.7010 10.0000 -36.9198
v  1535.8298 0.0000 -36.8104
v  1534.7655 5.0000 -36.8651
v  1535.8298 10.0000 -36.8104
v  1535.8298 0.0000 -12.0166
v  1535.8298 5.0000 -24.4135
v  1535.8298 10.0000 -12.0166
v  1529.8729 0.0000 -12.0166
v  1532.8513 5.0000 -12.0166
v  1529.8729 10.0000 -12.0166
v  1529.8729 0.0000 -5.2547
v  1529.8729 5.0000 -8.6357
v  1529.8729 10.0000 -5.2547
v  1547.9122 5.0000 -5.2547
v  1535.8557 0.0000 -49.6415
v  1536.6421 0.0000 -49.4954
v  1536.2489 5.0000 -49.5685
v  1536.6421 10.0000 -49.4954
v  1535.8557 10.0000 -49.6415
v  1537.3236 0.0000 -49.2520
v  1536.9828 5.0000 -49.3737
v  1537.3236 10.0000 -49.2520
v  1537.9003 0.0000 -48.9111
v  1537.6119 5.0000 -49.0815
v  1537.9003 10.0000 -48.9111
v  1538.3721 0.0000 -48.4728
v  1538.1361 5.0000 -48.6919
v  1538.3721 10.0000 -48.4728
v  1538.7390 0.0000 -47.9371
v  1538.5555 5.0000 -48.2050
v  1538.7390 10.0000 -47.9371
v  1539.0011 0.0000 -47.3041
v  1538.8701 5.0000 -47.6206
v  1539.0011 10.0000 -47.3041
v  1539.1584 0.0000 -46.5736
v  1539.0797 5.0000 -46.9389
v  1539.1584 10.0000 -46.5736
v  1539.2108 0.0000 -45.7458
v  1539.1846 5.0000 -46.1597
v  1539.2108 10.0000 -45.7458
v  1539.1584 0.0000 -44.9179
v  1539.1846 5.0000 -45.3319
v  1539.1584 10.0000 -44.9179
v  1539.0011 0.0000 -44.1875
v  1539.0797 5.0000 -44.5527
v  1539.0011 10.0000 -44.1875
v  1538.7390 0.0000 -43.5544
v  1538.8701 5.0000 -43.8709
v  1538.7390 10.0000 -43.5544
v  1538.3721 0.0000 -43.0187
v  1538.5555 5.0000 -43.2866
v  1538.3721 10.0000 -43.0187
v  1537.9001 0.0000 -42.5805
v  1538.1361 5.0000 -42.7996
v  1537.9001 10.0000 -42.5805
v  1537.3236 0.0000 -42.2396
v  1537.6118 5.0000 -42.4100
v  1537.3236 10.0000 -42.2396
v  1536.6421 0.0000 -41.9961
v  1536.9828 5.0000 -42.1178
v  1536.6421 10.0000 -41.9961
v  1535.8557 0.0000 -41.8500
v  1536.2489 5.0000 -41.9231
v  1535.8557 10.0000 -41.8500
v  1534.9645 0.0000 -41.8013
v  1535.4100 5.0000 -41.8257
v  1534.9645 10.0000 -41.8013
v  1534.0986 0.0000 -41.8500
v  1534.5315 5.0000 -41.8257
v  1534.0986 10.0000 -41.8500
v  1533.3346 0.0000 -41.9961
v  1533.7167 5.0000 -41.9231
v  1533.3346 10.0000 -41.9961
v  1532.6725 0.0000 -42.2396
v  1533.0035 5.0000 -42.1178
v  1532.6725 10.0000 -42.2396
v  1532.1122 0.0000 -42.5805
v  1532.3923 5.0000 -42.4100
v  1532.1122 10.0000 -42.5805
v  1531.6538 0.0000 -43.0187
v  1531.8831 5.0000 -42.7996
v  1531.6538 10.0000 -43.0187
v  1531.2974 0.0000 -43.5544
v  1531.4756 5.0000 -43.2866
v  1531.2974 10.0000 -43.5544
v  1531.0426 0.0000 -44.1875
v  1531.1699 5.0000 -43.8709
v  1531.0426 10.0000 -44.1875
v  1530.8899 0.0000 -44.9179
v  1530.9662 5.0000 -44.5527
v  1530.8899 10.0000 -44.9179
v  1530.8389 0.0000 -45.7458
v  1530.8644 5.0000 -45.3319
v  1530.8389 10.0000 -45.7458
v  1530.8899 0.0000 -46.5736
v  1530.8644 5.0000 -46.1597
v  1530.8899 10.0000 -46.5736
v  1531.0426 0.0000 -47.3041
v  1530.9662 5.0000 -46.9389
v  1531.0426 10.0000 -47.3041
v  1531.2974 0.0000 -47.9371
v  1531.1699 5.0000 -47.6206
v  1531.2974 10.0000 -47.9371
v  1531.6538 0.0000 -48.4728
v  1531.4756 5.0000 -48.2050
v  1531.6538 10.0000 -48.4728
v  1532.1122 0.0000 -48.9111
v  1531.8831 5.0000 -48.6919
v  1532.1122 10.0000 -48.9111
v  1532.6725 0.0000 -49.2520
v  1532.3923 5.0000 -49.0815
v  1532.6725 10.0000 -49.2520
v  1533.3346 0.0000 -49.4954
v  1533.0035 5.0000 -49.3737
v  1533.3346 10.0000 -49.4954
v  1534.0986 0.0000 -49.6415
v  1533.7167 5.0000 -49.5685
v  1534.0986 10.0000 -49.6415
v  1534.9645 0.0000 -49.6902
v  1534.5315 5.0000 -49.6659
v  1534.9645 10.0000 -49.6902
v  1535.4102 5.0000 -49.6659
v  1556.1434 0.0000 -36.6056
v  1556.8162 0.0000 -36.4745
v  1556.4799 5.0000 -36.5400
v  1556.8162 10.0000 -36.4745
v  1556.1434 10.0000 -36.6056
v  1557.3992 0.0000 -36.2558
v  1557.1077 5.0000 -36.3651
v  1557.3992 10.0000 -36.2558
v  1557.8925 0.0000 -35.9497
v  1557.6458 5.0000 -36.1028
v  1557.8925 10.0000 -35.9497
v  1558.2960 0.0000 -35.5562
v  1558.0942 5.0000 -35.7529
v  1558.2960 10.0000 -35.5562
v  1558.6100 0.0000 -35.0752
v  1558.4530 5.0000 -35.3157
v  1558.6100 10.0000 -35.0752
v  1558.8342 0.0000 -34.5067
v  1558.7222 5.0000 -34.7909
v  1558.8342 10.0000 -34.5067
v  1558.9688 0.0000 -33.8508
v  1558.9015 5.0000 -34.1787
v  1558.9688 10.0000 -33.8508
v  1559.0137 0.0000 -33.1074
v  1558.9912 5.0000 -33.4791
v  1559.0137 10.0000 -33.1074
v  1558.9688 0.0000 -32.3640
v  1558.9912 5.0000 -32.7357
v  1558.9688 10.0000 -32.3640
v  1558.8342 0.0000 -31.7081
v  1558.9015 5.0000 -32.0361
v  1558.8342 10.0000 -31.7081
v  1558.6100 0.0000 -31.1396
v  1558.7222 5.0000 -31.4239
v  1558.6100 10.0000 -31.1396
v  1558.2961 0.0000 -30.6586
v  1558.4530 5.0000 -30.8991
v  1558.2961 10.0000 -30.6586
v  1557.8925 0.0000 -30.2651
v  1558.0942 5.0000 -30.4619
v  1557.8925 10.0000 -30.2651
v  1557.3992 0.0000 -29.9590
v  1557.6458 5.0000 -30.1120
v  1557.3992 10.0000 -29.9590
v  1556.8162 0.0000 -29.7404
v  1557.1077 5.0000 -29.8497
v  1556.8162 10.0000 -29.7404
v  1556.1434 0.0000 -29.6092
v  1556.4799 5.0000 -29.6748
v  1556.1434 10.0000 -29.6092
v  1555.3811 0.0000 -29.5654
v  1555.7623 5.0000 -29.5873
v  1555.3811 10.0000 -29.5654
v  1554.6567 0.0000 -29.6092
v  1555.0189 5.0000 -29.5873
v  1554.6567 10.0000 -29.6092
v  1554.0176 0.0000 -29.7404
v  1554.3372 5.0000 -29.6748
v  1554.0176 10.0000 -29.7404
v  1553.4636 0.0000 -29.9590
v  1553.7406 5.0000 -29.8497
v  1553.4636 10.0000 -29.9590
v  1552.9950 0.0000 -30.2651
v  1553.2292 5.0000 -30.1120
v  1552.9950 10.0000 -30.2651
v  1552.6115 0.0000 -30.6586
v  1552.8032 5.0000 -30.4619
v  1552.6115 10.0000 -30.6586
v  1552.3132 0.0000 -31.1396
v  1552.4623 5.0000 -30.8991
v  1552.3132 10.0000 -31.1396
v  1552.1001 0.0000 -31.7081
v  1552.2067 5.0000 -31.4239
v  1552.1001 10.0000 -31.7081
v  1551.9723 0.0000 -32.3640
v  1552.0363 5.0000 -32.0361
v  1551.9723 10.0000 -32.3640
v  1551.9297 0.0000 -33.1074
v  1551.9509 5.0000 -32.7357
v  1551.9297 10.0000 -33.1074
v  1551.9723 0.0000 -33.8508
v  1551.9510 5.0000 -33.4791
v  1551.9723 10.0000 -33.8508
v  1552.1001 0.0000 -34.5067
v  1552.0363 5.0000 -34.1787
v  1552.1001 10.0000 -34.5067
v  1552.3132 0.0000 -35.0752
v  1552.2067 5.0000 -34.7909
v  1552.3132 10.0000 -35.0752
v  1552.6115 0.0000 -35.5562
v  1552.4623 5.0000 -35.3157
v  1552.6115 10.0000 -35.5562
v  1552.9949 0.0000 -35.9497
v  1552.8032 5.0000 -35.7529
v  1552.9949 10.0000 -35.9497
v  1553.4636 0.0000 -36.2558
v  1553.2292 5.0000 -36.1028
v  1553.4636 10.0000 -36.2558
v  1554.0176 0.0000 -36.4745
v  1553.7406 5.0000 -36.3651
v  1554.0176 10.0000 -36.4745
v  1554.6567 0.0000 -36.6056
v  1554.3372 5.0000 -36.5401
v  1554.6567 10.0000 -36.6056
v  1555.3811 0.0000 -36.6494
v  1555.0189 5.0000 -36.6275
v  1555.3811 10.0000 -36.6494
v  1555.7623 5.0000 -36.6275
v  1538.0752 0.0000 -33.1196
v  1539.3828 0.0000 -31.9542
v  1535.5500 10.0000 -40.1539
v  1542.2498 0.0000 -46.5151
v  1539.8721 0.0000 -32.0841
v  1540.2915 0.0000 -32.2789
v  1540.6410 0.0000 -32.5386
v  1540.9207 0.0000 -32.8633
v  1541.1302 0.0000 -33.2528
v  1541.2701 0.0000 -33.7073
v  1543.0374 0.0000 -38.3813
v  1541.9285 0.0000 -47.8923
v  1541.4205 0.0000 -49.0798
v  1540.7257 0.0000 -50.0774
v  1539.8441 0.0000 -50.8852
v  1538.7756 0.0000 -51.5033
v  1537.5205 0.0000 -51.9316
v  1536.5160 0.0000 -51.2794
v  1535.6591 0.0000 -52.2188
v  1534.1536 0.0000 -52.7399
v  1533.1827 0.0000 -52.1020
v  1532.0983 0.0000 -52.3368
v  1530.6340 0.0000 -51.9997
v  1529.6907 0.0000 -50.8266
v  1528.9316 0.0000 -49.9051
v  1528.3604 0.0000 -48.8565
v  1527.9795 0.0000 -47.6837
v  1527.7891 0.0000 -46.3866
v  1528.3070 0.0000 -45.0385
v  1528.4832 0.0000 -43.7733
v  1528.8354 0.0000 -42.6663
v  1529.3639 0.0000 -41.7175
v  1530.0685 0.0000 -40.9268
v  1530.9492 0.0000 -40.2942
v  1532.0062 0.0000 -39.8198
v  1533.2393 0.0000 -39.5035
v  1534.6486 0.0000 -39.3454
v  1539.1035 0.0000 -20.2812
v  1544.5510 0.0000 -9.7626
v  1562.3855 0.0000 -9.7848
v  1562.9808 0.0000 -9.8733
v  1563.5017 0.0000 -10.0504
v  1565.8458 0.0000 -7.8611
v  1569.0344 0.0000 -8.0695
v  1570.5200 0.0000 -10.5144
v  1571.3562 0.0000 -12.6078
v  1569.4828 0.0000 -14.6204
v  1567.9036 0.0000 -15.8330
v  1567.9222 0.0000 -17.4755
v  1562.6606 0.0000 -23.5515
v  1564.1315 0.0000 -25.4511
v  1558.5211 0.0000 -29.3382
v  1565.9305 0.0000 -26.4591
v  1566.1031 0.0000 -26.4176
v  1566.3046 0.0000 -26.3821
v  1566.5347 0.0000 -26.3525
v  1566.7935 0.0000 -26.3288
v  1567.0811 0.0000 -26.3111
v  1567.3975 0.0000 -26.2992
v  1567.7424 0.0000 -26.2933
v  1569.5590 0.0000 -42.0026
v  1573.6718 0.0000 -25.9978
v  1576.3448 0.0000 -26.6274
v  1576.9336 0.0000 -27.7615
v  1577.5688 0.0000 -28.1897
v  1578.2290 0.0000 -28.7071
v  1578.9141 0.0000 -29.3135
v  1579.6064 0.0000 -29.9908
v  1580.2715 0.0000 -30.7022
v  1579.8112 0.0000 -31.8972
v  1581.1050 0.0000 -31.7374
v  1581.6560 0.0000 -32.4695
v  1582.8770 0.0000 -33.0153
v  1582.7578 0.0000 -34.2066
v  1583.0474 0.0000 -34.8270
v  1583.2654 0.0000 -35.4167
v  1582.2810 0.0000 -36.3017
v  1582.3462 0.0000 -36.6242
v  1582.3788 0.0000 -36.9319
v  1558.8799 0.0000 -29.5131
v  1559.1788 0.0000 -29.7463
v  1560.3947 0.0000 -29.5885
v  1561.1615 0.0000 -30.3669
v  1561.2627 0.0000 -31.5026
v  1561.3988 0.0000 -32.5031
v  1560.9906 0.0000 -33.6193
v  1560.8486 0.0000 -34.6966
v  1560.5646 0.0000 -35.6393
v  1560.1387 0.0000 -36.4473
v  1559.5707 0.0000 -37.1206
v  1558.8607 0.0000 -37.6592
v  1558.0088 0.0000 -38.0632
v  1557.0149 0.0000 -38.3325
v  1555.8789 0.0000 -38.4672
v  1554.8192 0.0000 -38.8498
v  1553.7937 0.0000 -38.9681
v  1552.7260 0.0000 -38.6576
v  1551.7601 0.0000 -38.1697
v  1550.9155 0.0000 -37.5285
v  1550.2056 0.0000 -36.7506
v  1549.6339 0.0000 -35.8390
v  1549.2247 0.0000 -34.8132
v  1548.9945 0.0000 -33.6865
v  1549.2484 0.0000 -32.5023
v  1549.8069 0.0000 -31.4014
v  1550.0170 0.0000 -30.5271
v  1550.3319 0.0000 -29.7329
v  1550.5349 0.0000 -28.4586
v  1551.6510 0.0000 -27.9626
v  1552.3434 0.0000 -27.4455
v  1553.2371 0.0000 -26.2908
v  1558.1920 0.0000 -23.3647
v  1543.0374 10.0000 -38.3813
v  1567.7424 10.0000 -26.2933
v  1534.6486 10.0000 -39.3454
v  1533.2393 10.0000 -39.5035
v  1532.0062 10.0000 -39.8198
v  1530.9492 10.0000 -40.2942
v  1530.0685 10.0000 -40.9268
v  1529.3639 10.0000 -41.7175
v  1528.8354 10.0000 -42.6663
v  1528.4832 10.0000 -43.7733
v  1528.3070 10.0000 -45.0385
v  1527.7891 10.0000 -46.3866
v  1527.9795 10.0000 -47.6837
v  1528.3604 10.0000 -48.8565
v  1528.9316 10.0000 -49.9051
v  1529.6907 10.0000 -50.8266
v  1530.6340 10.0000 -51.9997
v  1532.0983 10.0000 -52.3368
v  1533.1827 10.0000 -52.1020
v  1534.1536 10.0000 -52.7399
v  1535.6591 10.0000 -52.2188
v  1536.5160 10.0000 -51.2794
v  1537.5205 10.0000 -51.9316
v  1538.7756 10.0000 -51.5033
v  1539.8441 10.0000 -50.8852
v  1540.7257 10.0000 -50.0774
v  1541.4205 10.0000 -49.0798
v  1541.9285 10.0000 -47.8923
v  1542.2498 10.0000 -46.5151
v  1540.3818 10.0000 -8.6357
v  1582.3788 10.0000 -36.9319
v  1567.3975 10.0000 -26.2992
v  1567.0811 10.0000 -26.3111
v  1566.7935 10.0000 -26.3288
v  1566.5347 10.0000 -26.3525
v  1566.3046 10.0000 -26.3821
v  1566.1031 10.0000 -26.4176
v  1565.9305 10.0000 -26.4591
v  1564.1315 10.0000 -25.4511
v  1559.0925 10.0000 -22.6648
v  1554.6206 10.0000 -26.3731
v  1567.9222 10.0000 -17.4755
v  1562.6606 10.0000 -23.5515
v  1567.9036 10.0000 -15.8330
v  1569.4828 10.0000 -14.6204
v  1571.3562 10.0000 -12.6078
v  1570.5200 10.0000 -10.5144
v  1569.0344 10.0000 -8.0695
v  1565.8458 10.0000 -7.8611
v  1563.5017 10.0000 -10.0504
v  1562.9808 10.0000 -9.8733
v  1562.3855 10.0000 -9.7848
v  1551.8900 10.0000 -10.3261
v  1538.2915 10.0000 -25.6734
v  1553.2371 10.0000 -26.2908
v  1552.3434 10.0000 -27.4455
v  1551.6510 10.0000 -27.9626
v  1550.5349 10.0000 -28.4586
v  1550.3319 10.0000 -29.7329
v  1550.0170 10.0000 -30.5271
v  1549.8069 10.0000 -31.4014
v  1549.2484 10.0000 -32.5023
v  1548.9945 10.0000 -33.6865
v  1549.2247 10.0000 -34.8132
v  1549.6339 10.0000 -35.8390
v  1550.2056 10.0000 -36.7506
v  1550.9155 10.0000 -37.5285
v  1551.7601 10.0000 -38.1697
v  1552.7260 10.0000 -38.6576
v  1553.7937 10.0000 -38.9681
v  1554.8192 10.0000 -38.8498
v  1555.8789 10.0000 -38.4672
v  1557.0149 10.0000 -38.3325
v  1558.0088 10.0000 -38.0632
v  1558.8607 10.0000 -37.6592
v  1559.5707 10.0000 -37.1206
v  1560.1387 10.0000 -36.4473
v  1560.5646 10.0000 -35.6393
v  1560.8486 10.0000 -34.6966
v  1560.9906 10.0000 -33.6193
v  1561.3988 10.0000 -32.5031
v  1561.2627 10.0000 -31.5026
v  1561.1615 10.0000 -30.3669
v  1560.3947 10.0000 -29.5885
v  1559.1788 10.0000 -29.7463
v  1558.8799 10.0000 -29.5131
v  1558.5211 10.0000 -29.3382
v  1582.3462 10.0000 -36.6242
v  1582.2810 10.0000 -36.3017
v  1583.2654 10.0000 -35.4167
v  1583.0474 10.0000 -34.8270
v  1582.7578 10.0000 -34.2066
v  1582.8770 10.0000 -33.0153
v  1581.6560 10.0000 -32.4695
v  1581.1050 10.0000 -31.7374
v  1579.8112 10.0000 -31.8972
v  1580.2715 10.0000 -30.7022
v  1579.6064 10.0000 -29.9908
v  1578.9141 10.0000 -29.3135
v  1578.2290 10.0000 -28.7071
v  1577.5688 10.0000 -28.1897
v  1576.9336 10.0000 -27.7615
v  1576.3448 10.0000 -26.6274
v  1573.6718 10.0000 -25.9978
v  1569.5590 10.0000 -42.0026
v  1541.2701 10.0000 -33.7073
v  1541.1302 10.0000 -33.2528
v  1540.9207 10.0000 -32.8633
v  1540.6410 10.0000 -32.5386
v  1540.2915 10.0000 -32.2789
v  1539.8721 10.0000 -32.0841
v  1539.3828 10.0000 -31.9542
# 989 vertices

vn 0.0124 -0.7032 0.7109
vn 0.0519 -0.6987 0.7135
vn 0.0348 0.0000 0.9994
vn 0.0519 0.6987 0.7135
vn 0.0124 0.7032 0.7109
vn 0.1089 -0.6978 0.7080
vn 0.1103 0.0000 0.9939
vn 0.1089 0.6978 0.7080
vn 0.1713 -0.6968 0.6965
vn 0.1935 0.0000 0.9811
vn 0.1713 0.6968 0.6965
vn 0.2382 -0.6959 0.6775
vn 0.2837 0.0000 0.9589
vn 0.2382 0.6959 0.6775
vn 0.3080 -0.6951 0.6495
vn 0.3790 0.0000 0.9254
vn 0.3080 0.6951 0.6495
vn 0.3782 -0.6946 0.6120
vn 0.4767 0.0000 0.8791
vn 0.3782 0.6946 0.6120
vn 0.4457 -0.6943 0.5650
vn 0.5729 0.0000 0.8196
vn 0.4457 0.6943 0.5650
vn 0.5077 -0.6944 0.5100
vn 0.6636 0.0000 0.7480
vn 0.5077 0.6944 0.5100
vn 0.5555 -0.6970 0.4535
vn 0.7451 0.0000 0.6670
vn 0.5555 0.6970 0.4535
vn 0.5888 -0.6991 0.4057
vn 0.8026 0.0000 0.5965
vn 0.5888 0.6991 0.4057
vn 0.6171 -0.6988 0.3617
vn 0.8433 0.0000 0.5374
vn 0.6171 0.6988 0.3617
vn 0.6428 -0.6986 0.3143
vn 0.8809 0.0000 0.4732
vn 0.6428 0.6986 0.3143
vn 0.6652 -0.6985 0.2639
vn 0.9145 0.0000 0.4046
vn 0.6652 0.6985 0.2639
vn 0.6837 -0.6985 0.2115
vn 0.9431 0.0000 0.3325
vn 0.6837 0.6985 0.2115
vn 0.6979 -0.6985 0.1580
vn 0.9661 0.0000 0.2582
vn 0.6979 0.6985 0.1580
vn 0.7078 -0.6987 0.1043
vn 0.9831 0.0000 0.1830
vn 0.7078 0.6987 0.1043
vn 0.7133 -0.6990 0.0515
vn 0.9941 0.0000 0.1084
vn 0.7133 0.6990 0.0515
vn 0.7109 -0.7031 0.0126
vn 0.9994 0.0000 0.0355
vn 0.7109 0.7031 0.0126
vn 0.3303 -0.8941 0.3025
vn 1.0000 0.0000 -0.0000
vn 0.3303 0.8941 0.3025
vn 0.1185 -0.6903 0.7138
vn 0.0877 0.0000 0.9961
vn 0.1185 0.6903 0.7138
vn 0.2154 -0.6933 0.6877
vn 0.2388 0.0000 0.9711
vn 0.2154 0.6933 0.6877
vn 0.2905 -0.6959 0.6567
vn 0.3579 0.0000 0.9337
vn 0.2905 0.6959 0.6567
vn 0.3481 -0.6980 0.6257
vn 0.4501 0.0000 0.8930
vn 0.3481 0.6980 0.6257
vn 0.3926 -0.6997 0.5969
vn 0.5214 0.0000 0.8533
vn 0.3926 0.6997 0.5969
vn 0.4273 -0.7010 0.5710
vn 0.5770 0.0000 0.8168
vn 0.4273 0.7010 0.5710
vn 0.4548 -0.7020 0.5480
vn 0.6209 0.0000 0.7839
vn 0.4548 0.7020 0.5480
vn 0.4769 -0.7028 0.5278
vn 0.6560 0.0000 0.7547
vn 0.4769 0.7028 0.5278
vn 0.4944 -0.7036 0.5103
vn 0.6846 0.0000 0.7289
vn 0.4944 0.7036 0.5103
vn 0.5101 -0.7036 0.4947
vn 0.7069 0.0000 0.7073
vn 0.5101 0.7036 0.4947
vn 0.5269 -0.7031 0.4776
vn 0.7286 0.0000 0.6849
vn 0.5269 0.7031 0.4776
vn 0.5458 -0.7024 0.4570
vn 0.7529 0.0000 0.6581
vn 0.5458 0.7024 0.4570
vn 0.5670 -0.7015 0.4317
vn 0.7801 0.0000 0.6256
vn 0.5670 0.7015 0.4317
vn 0.5908 -0.7004 0.4004
vn 0.8106 0.0000 0.5856
vn 0.5908 0.7004 0.4004
vn 0.6172 -0.6990 0.3611
vn 0.8443 0.0000 0.5359
vn 0.6172 0.6990 0.3611
vn 0.6457 -0.6973 0.3111
vn 0.8809 0.0000 0.4734
vn 0.6457 0.6973 0.3111
vn 0.6750 -0.6952 0.2472
vn 0.9191 0.0000 0.3939
vn 0.6750 0.6952 0.2472
vn 0.7544 -0.5921 -0.2834
vn 0.9562 0.0000 0.2929
vn 0.7544 0.5921 -0.2834
vn -0.3846 -0.5555 -0.7372
vn 0.5268 0.0000 -0.8500
vn -0.3846 0.5555 -0.7372
vn -0.6918 -0.7185 -0.0722
vn -0.9985 0.0000 -0.0542
vn -0.6918 0.7185 -0.0722
vn -0.6833 -0.7172 -0.1371
vn -0.9882 0.0000 -0.1533
vn -0.6833 0.7172 -0.1371
vn -0.6708 -0.7159 -0.1935
vn -0.9708 0.0000 -0.2398
vn -0.6708 0.7159 -0.1935
vn -0.6561 -0.7148 -0.2421
vn -0.9494 0.0000 -0.3142
vn -0.6561 0.7148 -0.2421
vn -0.6403 -0.7138 -0.2837
vn -0.9259 0.0000 -0.3778
vn -0.6403 0.7138 -0.2837
vn -0.6243 -0.7130 -0.3192
vn -0.9019 0.0000 -0.4319
vn -0.6243 0.7130 -0.3192
vn -0.6086 -0.7123 -0.3497
vn -0.8782 0.0000 -0.4782
vn -0.6086 0.7123 -0.3497
vn -0.5935 -0.7117 -0.3758
vn -0.8555 0.0000 -0.5178
vn -0.5935 0.7117 -0.3758
vn -0.5771 -0.7120 -0.4000
vn -0.8339 0.0000 -0.5519
vn -0.5771 0.7120 -0.4000
vn -0.5556 -0.7134 -0.4270
vn -0.8095 0.0000 -0.5871
vn -0.5556 0.7134 -0.4270
vn -0.5278 -0.7146 -0.4591
vn -0.7757 0.0000 -0.6311
vn -0.5278 0.7146 -0.4591
vn -0.4924 -0.7160 -0.4948
vn -0.7326 0.0000 -0.6807
vn -0.4924 0.7160 -0.4948
vn -0.4471 -0.7178 -0.5338
vn -0.6772 0.0000 -0.7358
vn -0.4471 0.7178 -0.5338
vn -0.3890 -0.7198 -0.5749
vn -0.6056 0.0000 -0.7958
vn -0.3890 0.7198 -0.5749
vn -0.3154 -0.7222 -0.6156
vn -0.5134 0.0000 -0.8581
vn -0.3154 0.7222 -0.6156
vn -0.2247 -0.7245 -0.6516
vn -0.3965 0.0000 -0.9180
vn -0.2247 0.7245 -0.6516
vn -0.1177 -0.7265 -0.6770
vn -0.2535 0.0000 -0.9673
vn -0.1177 0.7265 -0.6770
vn 0.2730 -0.9147 -0.2981
vn -0.0880 0.0000 -0.9961
vn 0.2730 0.9147 -0.2981
vn 0.5774 -0.5774 -0.5774
vn 0.5774 0.5774 -0.5774
vn -0.5774 -0.5774 -0.5774
vn 0.0000 0.0000 -1.0000
vn -0.5774 0.5774 -0.5774
vn -0.2988 -0.9055 -0.3013
vn -1.0000 0.0000 -0.0000
vn -0.2988 0.9055 -0.3013
vn 0.0124 -0.7092 -0.7049
vn 0.0082 0.0000 -1.0000
vn 0.0124 0.7092 -0.7049
vn 0.0267 -0.7096 -0.7041
vn 0.0269 0.0000 -0.9996
vn 0.0267 0.7096 -0.7041
vn 0.0439 -0.7101 -0.7027
vn 0.0490 0.0000 -0.9988
vn 0.0439 0.7101 -0.7027
vn 0.0647 -0.7108 -0.7004
vn 0.0756 0.0000 -0.9971
vn 0.0647 0.7108 -0.7004
vn 0.0905 -0.7118 -0.6966
vn 0.1084 0.0000 -0.9941
vn 0.0905 0.7118 -0.6966
vn 0.1230 -0.7131 -0.6901
vn 0.1493 0.0000 -0.9888
vn 0.1230 0.7131 -0.6901
vn 0.1650 -0.7151 -0.6792
vn 0.2016 0.0000 -0.9795
vn 0.1650 0.7151 -0.6792
vn 0.2203 -0.7182 -0.6601
vn 0.2702 0.0000 -0.9628
vn 0.2203 0.7182 -0.6601
vn 0.3212 -0.9440 -0.0752
vn 0.3622 0.0000 -0.9321
vn 0.3212 0.9440 -0.0752
vn 0.5540 -0.6959 0.4568
vn 0.7385 0.0000 0.6742
vn 0.5540 0.6959 0.4568
vn 0.5971 -0.6960 0.3989
vn 0.5971 0.6960 0.3989
vn 0.6334 -0.6963 0.3377
vn 0.8583 0.0000 0.5131
vn 0.6334 0.6963 0.3377
vn 0.6624 -0.6967 0.2754
vn 0.9043 0.0000 0.4268
vn 0.6624 0.6967 0.2754
vn 0.6841 -0.6973 0.2139
vn 0.9403 0.0000 0.3403
vn 0.6841 0.6973 0.2139
vn 0.6992 -0.6980 0.1547
vn 0.9667 0.0000 0.2560
vn 0.6992 0.6980 0.1547
vn 0.7085 -0.6987 0.0991
vn 0.9844 0.0000 0.1758
vn 0.7085 0.6987 0.0991
vn 0.7131 -0.6994 0.0476
vn 0.9949 0.0000 0.1010
vn 0.7131 0.6994 0.0476
vn 0.7174 -0.6966 -0.0110
vn 0.9995 0.0000 0.0321
vn 0.7174 0.6966 -0.0110
vn 0.7162 -0.6909 -0.0985
vn 0.9980 0.0000 -0.0627
vn 0.7162 0.6909 -0.0985
vn 0.6937 -0.6875 -0.2147
vn 0.9779 0.0000 -0.2089
vn 0.6937 0.6875 -0.2147
vn 0.6420 -0.6846 -0.3453
vn 0.9250 0.0000 -0.3801
vn 0.6420 0.6846 -0.3453
vn 0.5549 -0.6831 -0.4748
vn 0.8270 0.0000 -0.5622
vn 0.5549 0.6831 -0.4748
vn 0.4386 -0.6837 -0.5832
vn 0.6834 0.0000 -0.7301
vn 0.4386 0.6837 -0.5832
vn 0.3108 -0.6862 -0.6577
vn 0.5118 0.0000 -0.8591
vn 0.3108 0.6862 -0.6577
vn 0.1899 -0.6895 -0.6989
vn 0.3387 0.0000 -0.9409
vn 0.1899 0.6895 -0.6989
vn 0.0864 -0.6928 -0.7160
vn 0.1840 0.0000 -0.9829
vn 0.0864 0.6928 -0.7160
vn 0.0104 -0.6981 -0.7159
vn 0.0550 0.0000 -0.9985
vn 0.0104 0.6981 -0.7159
vn -0.0375 -0.7011 -0.7120
vn -0.0258 0.0000 -0.9997
vn -0.0375 0.7011 -0.7120
vn -0.0763 -0.7009 -0.7092
vn -0.0792 0.0000 -0.9969
vn -0.0763 0.7009 -0.7092
vn -0.1164 -0.7007 -0.7039
vn -0.1346 0.0000 -0.9909
vn -0.1164 0.7007 -0.7039
vn -0.1575 -0.7005 -0.6961
vn -0.1916 0.0000 -0.9815
vn -0.1575 0.7005 -0.6961
vn -0.1991 -0.7003 -0.6855
vn -0.2495 0.0000 -0.9684
vn -0.1991 0.7003 -0.6855
vn -0.2407 -0.7002 -0.6721
vn -0.3080 0.0000 -0.9514
vn -0.2407 0.7002 -0.6721
vn -0.2819 -0.7002 -0.6560
vn -0.3660 0.0000 -0.9306
vn -0.2819 0.7002 -0.6560
vn -0.3222 -0.7002 -0.6372
vn -0.4232 0.0000 -0.9060
vn -0.3222 0.7002 -0.6372
vn -0.3598 -0.7006 -0.6162
vn -0.4788 0.0000 -0.8779
vn -0.3598 0.7006 -0.6162
vn -0.3942 -0.7009 -0.5945
vn -0.5292 0.0000 -0.8485
vn -0.3942 0.7009 -0.5945
vn -0.4270 -0.7008 -0.5715
vn -0.5756 0.0000 -0.8177
vn -0.4270 0.7008 -0.5715
vn -0.4590 -0.7007 -0.5462
vn -0.6211 0.0000 -0.7837
vn -0.4590 0.7007 -0.5462
vn -0.4898 -0.7006 -0.5188
vn -0.6652 0.0000 -0.7467
vn -0.4898 0.7006 -0.5188
vn -0.5190 -0.7006 -0.4896
vn -0.7073 0.0000 -0.7070
vn -0.5190 0.7006 -0.4896
vn -0.5464 -0.7007 -0.4588
vn -0.7470 0.0000 -0.6648
vn -0.5464 0.7007 -0.4588
vn -0.5716 -0.7008 -0.4268
vn -0.7840 0.0000 -0.6208
vn -0.5716 0.7008 -0.4268
vn -0.5946 -0.7009 -0.3939
vn -0.8180 0.0000 -0.5753
vn -0.5946 0.7009 -0.3939
vn -0.6163 -0.7006 -0.3596
vn -0.8487 0.0000 -0.5289
vn -0.6163 0.7006 -0.3596
vn -0.6373 -0.7002 -0.3220
vn -0.8781 0.0000 -0.4785
vn -0.6373 0.7002 -0.3220
vn -0.6560 -0.7002 -0.2817
vn -0.9062 0.0000 -0.4230
vn -0.6560 0.7002 -0.2817
vn -0.6722 -0.7002 -0.2405
vn -0.9307 0.0000 -0.3658
vn -0.6722 0.7002 -0.2405
vn -0.6855 -0.7003 -0.1989
vn -0.9515 0.0000 -0.3077
vn -0.6855 0.7003 -0.1989
vn -0.6961 -0.7005 -0.1573
vn -0.9684 0.0000 -0.2494
vn -0.6961 0.7005 -0.1573
vn -0.7039 -0.7007 -0.1163
vn -0.9815 0.0000 -0.1913
vn -0.7039 0.7007 -0.1163
vn -0.7092 -0.7009 -0.0762
vn -0.9909 0.0000 -0.1345
vn -0.7092 0.7009 -0.0762
vn -0.7120 -0.7011 -0.0374
vn -0.9969 0.0000 -0.0792
vn -0.7120 0.7011 -0.0374
vn -0.7154 -0.6987 0.0087
vn -0.9997 0.0000 -0.0258
vn -0.7154 0.6987 0.0087
vn -0.7150 -0.6951 0.0747
vn -0.9987 0.0000 0.0500
vn -0.7150 0.6951 0.0747
vn -0.7030 -0.6941 0.1552
vn -0.9875 0.0000 0.1575
vn -0.7030 0.6941 0.1552
vn -0.6797 -0.6932 0.2397
vn -0.9621 0.0000 0.2728
vn -0.6797 0.6932 0.2397
vn -0.6440 -0.6928 0.3246
vn -0.9203 0.0000 0.3912
vn -0.6440 0.6928 0.3246
vn -0.5965 -0.6928 0.4052
vn -0.8619 0.0000 0.5071
vn -0.5965 0.6928 0.4052
vn -0.5398 -0.6933 0.4775
vn -0.7891 0.0000 0.6143
vn -0.5398 0.6933 0.4775
vn -0.4774 -0.6941 0.5388
vn -0.7060 0.0000 0.7082
vn -0.4774 0.6941 0.5388
vn -0.4132 -0.6952 0.5882
vn -0.6180 0.0000 0.7862
vn -0.4132 0.6952 0.5882
vn -0.3540 -0.6979 0.6226
vn -0.5299 0.0000 0.8481
vn -0.3540 0.6979 0.6226
vn -0.3061 -0.6998 0.6454
vn -0.4578 0.0000 0.8891
vn -0.3061 0.6998 0.6454
vn -0.2640 -0.7000 0.6635
vn -0.3989 0.0000 0.9170
vn -0.2640 0.7000 0.6635
vn -0.2221 -0.7003 0.6784
vn -0.3401 0.0000 0.9404
vn -0.2221 0.7003 0.6784
vn -0.1811 -0.7006 0.6902
vn -0.2820 0.0000 0.9594
vn -0.1811 0.7006 0.6902
vn -0.1414 -0.7009 0.6991
vn -0.2255 0.0000 0.9742
vn -0.1414 0.7009 0.6991
vn -0.1033 -0.7012 0.7054
vn -0.1709 0.0000 0.9853
vn -0.1033 0.7012 0.7054
vn -0.0669 -0.7015 0.7095
vn -0.1187 0.0000 0.9929
vn -0.0669 0.7015 0.7095
vn -0.0326 -0.7019 0.7116
vn -0.0691 0.0000 0.9976
vn -0.0326 0.7019 0.7116
vn -0.3088 -0.9019 0.3020
vn -0.0223 0.0000 0.9998
vn -0.3088 0.9019 0.3020
vn -0.7012 -0.7127 -0.0173
vn -0.7012 0.7127 -0.0173
vn -0.6894 -0.7205 -0.0747
vn -0.9988 0.0000 -0.0494
vn -0.6894 0.7205 -0.0747
vn -0.6702 -0.7239 -0.1637
vn -0.9862 0.0000 -0.1658
vn -0.6702 0.7239 -0.1637
vn -0.6312 -0.7277 -0.2683
vn -0.9515 0.0000 -0.3076
vn -0.6312 0.7277 -0.2683
vn -0.5649 -0.7312 -0.3824
vn -0.8818 0.0000 -0.4716
vn -0.5649 0.7312 -0.3824
vn -0.4685 -0.7331 -0.4930
vn -0.7655 0.0000 -0.6434
vn -0.4685 0.7331 -0.4930
vn -0.3492 -0.7325 -0.5844
vn -0.6036 0.0000 -0.7973
vn -0.3492 0.7325 -0.5844
vn -0.2224 -0.7298 -0.6465
vn -0.4161 0.0000 -0.9093
vn -0.2224 0.7298 -0.6465
vn -0.1040 -0.7260 -0.6798
vn -0.2315 0.0000 -0.9728
vn -0.1040 0.7260 -0.6798
vn -0.0244 -0.7151 -0.6986
vn -0.0698 0.0000 -0.9976
vn -0.0244 0.7151 -0.6986
vn 0.3015 -0.9045 -0.3015
vn 0.3015 0.9045 -0.3015
vn 0.7130 -0.7009 -0.0200
vn 0.7130 0.7009 -0.0200
vn 0.7160 -0.6925 -0.0879
vn 0.9984 0.0000 -0.0559
vn 0.7160 0.6925 -0.0879
vn 0.6983 -0.6892 -0.1930
vn 0.9823 0.0000 -0.1871
vn 0.6983 0.6892 -0.1930
vn 0.6558 -0.6860 -0.3152
vn 0.9390 0.0000 -0.3440
vn 0.6558 0.6860 -0.3152
vn 0.5797 -0.6836 -0.4434
vn 0.8552 0.0000 -0.5183
vn 0.5797 0.6836 -0.4434
vn 0.4701 -0.6831 -0.5588
vn 0.7241 0.0000 -0.6897
vn 0.4701 0.6831 -0.5588
vn 0.3407 -0.6848 -0.6442
vn 0.5555 0.0000 -0.8315
vn 0.3407 0.6848 -0.6442
vn 0.2113 -0.6878 -0.6945
vn 0.3744 0.0000 -0.9273
vn 0.2113 0.6878 -0.6945
vn 0.0968 -0.6911 -0.7162
vn 0.2055 0.0000 -0.9787
vn 0.0968 0.6911 -0.7162
vn 0.0091 -0.6963 -0.7177
vn 0.0616 0.0000 -0.9981
vn 0.0091 0.6963 -0.7177
vn -0.0534 -0.6986 -0.7136
vn -0.0363 0.0000 -0.9993
vn -0.0534 0.6986 -0.7136
vn -0.1101 -0.6979 -0.7076
vn -0.1129 0.0000 -0.9936
vn -0.1101 0.6979 -0.7076
vn -0.1699 -0.6974 -0.6962
vn -0.1944 0.0000 -0.9809
vn -0.1699 0.6974 -0.6962
vn -0.2316 -0.6970 -0.6787
vn -0.2793 0.0000 -0.9602
vn -0.2316 0.6970 -0.6787
vn -0.2936 -0.6967 -0.6546
vn -0.3658 0.0000 -0.9307
vn -0.2936 0.6967 -0.6546
vn -0.3541 -0.6966 -0.6240
vn -0.4517 0.0000 -0.8922
vn -0.3541 0.6966 -0.6240
vn -0.4116 -0.6966 -0.5876
vn -0.5343 0.0000 -0.8453
vn -0.4116 0.6966 -0.5876
vn -0.4644 -0.6969 -0.5465
vn -0.6117 0.0000 -0.7911
vn -0.4644 0.6969 -0.5465
vn -0.5116 -0.6973 -0.5021
vn -0.6820 0.0000 -0.7314
vn -0.5116 0.6973 -0.5021
vn -0.5544 -0.6971 -0.4546
vn -0.7440 0.0000 -0.6682
vn -0.5544 0.6971 -0.4546
vn -0.5936 -0.6969 -0.4025
vn -0.8010 0.0000 -0.5987
vn -0.5936 0.6969 -0.4025
vn -0.6282 -0.6968 -0.3462
vn -0.8526 0.0000 -0.5226
vn -0.6282 0.6968 -0.3462
vn -0.6572 -0.6970 -0.2870
vn -0.8972 0.0000 -0.4416
vn -0.6572 0.6970 -0.2870
vn -0.6801 -0.6972 -0.2265
vn -0.9338 0.0000 -0.3578
vn -0.6801 0.6972 -0.2265
vn -0.6969 -0.6976 -0.1663
vn -0.9619 0.0000 -0.2734
vn -0.6969 0.6976 -0.1663
vn -0.7078 -0.6981 -0.1080
vn -0.9817 0.0000 -0.1905
vn -0.7078 0.6981 -0.1080
vn -0.7135 -0.6987 -0.0524
vn -0.9938 0.0000 -0.1108
vn -0.7135 0.6987 -0.0524
vn -0.7182 -0.6957 0.0113
vn -0.9994 0.0000 -0.0356
vn -0.7182 0.6957 0.0113
vn -0.7163 -0.6898 0.1054
vn -0.9977 0.0000 0.0672
vn -0.7163 0.6898 0.1054
vn -0.6904 -0.6864 0.2286
vn -0.9748 0.0000 0.2231
vn -0.6904 0.6864 0.2286
vn -0.6325 -0.6838 0.3638
vn -0.9153 0.0000 0.4028
vn -0.6325 0.6838 0.3638
vn -0.5390 -0.6829 0.4931
vn -0.8084 0.0000 0.5886
vn -0.5390 0.6829 0.4931
vn -0.4195 -0.6842 0.5966
vn -0.6581 0.0000 0.7529
vn -0.4195 0.6842 0.5966
vn -0.2936 -0.6871 0.6646
vn -0.4861 0.0000 0.8739
vn -0.2936 0.6871 0.6646
vn -0.1780 -0.6905 0.7011
vn -0.3186 0.0000 0.9479
vn -0.1780 0.6905 0.7011
vn -0.0807 -0.6937 0.7158
vn -0.1722 0.0000 0.9851
vn -0.0807 0.6937 0.7158
vn -0.3183 -0.8985 0.3024
vn -0.0513 0.0000 0.9987
vn -0.3183 0.8985 0.3024
vn -0.3015 -0.9045 -0.3015
vn -0.3015 0.9045 -0.3015
vn -0.5774 -0.5774 0.5774
vn -0.5774 0.5774 0.5774
vn 0.0000 0.0000 1.0000
vn -0.0822 -0.7219 0.6871
vn -0.1792 -0.7255 0.6645
vn -0.1827 0.0000 0.9832
vn -0.1792 0.7255 0.6645
vn -0.0822 0.7219 0.6871
vn -0.2905 -0.7292 0.6196
vn -0.3364 0.0000 0.9417
vn -0.2905 0.7292 0.6196
vn -0.4075 -0.7320 0.5459
vn -0.5089 0.0000 0.8608
vn -0.4075 0.7320 0.5459
vn -0.5153 -0.7329 0.4442
vn -0.6806 0.0000 0.7327
vn -0.5153 0.7329 0.4442
vn -0.5997 -0.7313 0.3250
vn -0.8250 0.0000 0.5652
vn -0.5997 0.7313 0.3250
vn -0.6545 -0.7280 0.2041
vn -0.9239 0.0000 0.3825
vn -0.6545 0.7280 0.2041
vn -0.6830 -0.7242 0.0946
vn -0.9776 0.0000 0.2105
vn -0.6830 0.7242 0.0946
vn -0.6923 -0.7216 0.0000
vn -0.9980 0.0000 0.0632
vn -0.6923 0.7216 0.0000
vn -0.6830 -0.7242 -0.0946
vn -0.9980 0.0000 -0.0632
vn -0.6830 0.7242 -0.0946
vn -0.6545 -0.7280 -0.2041
vn -0.9776 0.0000 -0.2105
vn -0.6545 0.7280 -0.2041
vn -0.5997 -0.7312 -0.3250
vn -0.9239 0.0000 -0.3826
vn -0.5997 0.7312 -0.3250
vn -0.5153 -0.7329 -0.4442
vn -0.8250 0.0000 -0.5652
vn -0.5153 0.7329 -0.4442
vn -0.4075 -0.7320 -0.5460
vn -0.6806 0.0000 -0.7327
vn -0.4075 0.7320 -0.5460
vn -0.2906 -0.7292 -0.6196
vn -0.5089 0.0000 -0.8608
vn -0.2906 0.7292 -0.6196
vn -0.1792 -0.7255 -0.6645
vn -0.3364 0.0000 -0.9417
vn -0.1792 0.7255 -0.6645
vn -0.0822 -0.7219 -0.6871
vn -0.1827 0.0000 -0.9832
vn -0.0822 0.7219 -0.6871
vn 0.0006 -0.7198 -0.6942
vn -0.0546 0.0000 -0.9985
vn 0.0006 0.7198 -0.6942
vn 0.0845 -0.7223 -0.6863
vn 0.0562 0.0000 -0.9984
vn 0.0845 0.7223 -0.6863
vn 0.1839 -0.7260 -0.6627
vn 0.1878 0.0000 -0.9822
vn 0.1839 0.7260 -0.6627
vn 0.2971 -0.7296 -0.6160
vn 0.3451 0.0000 -0.9386
vn 0.2971 0.7296 -0.6160
vn 0.4147 -0.7322 -0.5402
vn 0.5198 0.0000 -0.8543
vn 0.4147 0.7322 -0.5402
vn 0.5216 -0.7327 -0.4371
vn 0.6911 0.0000 -0.7228
vn 0.5216 0.7327 -0.4371
vn 0.6039 -0.7308 -0.3181
vn 0.8325 0.0000 -0.5541
vn 0.6039 0.7308 -0.3181
vn 0.6566 -0.7275 -0.1991
vn 0.9277 0.0000 -0.3732
vn 0.6566 0.7275 -0.1991
vn 0.6839 -0.7238 -0.0921
vn 0.9788 0.0000 -0.2047
vn 0.6839 0.7238 -0.0921
vn 0.6927 -0.7212 0.0000
vn 0.9981 0.0000 -0.0614
vn 0.6927 0.7212 0.0000
vn 0.6839 -0.7238 0.0921
vn 0.9981 0.0000 0.0614
vn 0.6839 0.7238 0.0921
vn 0.6566 -0.7275 0.1991
vn 0.9788 0.0000 0.2048
vn 0.6566 0.7275 0.1991
vn 0.6039 -0.7309 0.3181
vn 0.9277 0.0000 0.3732
vn 0.6039 0.7309 0.3181
vn 0.5216 -0.7327 0.4371
vn 0.8325 0.0000 0.5541
vn 0.5216 0.7327 0.4371
vn 0.4147 -0.7322 0.5402
vn 0.6911 0.0000 0.7228
vn 0.4147 0.7322 0.5402
vn 0.2971 -0.7296 0.6160
vn 0.5198 0.0000 0.8543
vn 0.2971 0.7296 0.6160
vn 0.1839 -0.7260 0.6627
vn 0.3451 0.0000 0.9385
vn 0.1839 0.7260 0.6627
vn 0.0845 -0.7223 0.6863
vn 0.1878 0.0000 0.9822
vn 0.0845 0.7223 0.6863
vn 0.0006 -0.7198 0.6942
vn 0.0561 0.0000 0.9984
vn 0.0006 0.7198 0.6942
vn -0.0546 0.0000 0.9985
vn -0.0861 -0.7226 0.6858
vn -0.1871 -0.7263 0.6614
vn -0.1914 0.0000 0.9815
vn -0.1871 0.7263 0.6614
vn -0.0861 0.7226 0.6858
vn -0.3017 -0.7299 0.6134
vn -0.3511 0.0000 0.9363
vn -0.3017 0.7299 0.6134
vn -0.4197 -0.7324 0.5362
vn -0.5272 0.0000 0.8497
vn -0.4197 0.7324 0.5362
vn -0.5257 -0.7326 0.4322
vn -0.6981 0.0000 0.7160
vn -0.5257 0.7326 0.4322
vn -0.6066 -0.7306 0.3135
vn -0.8374 0.0000 0.5465
vn -0.6066 0.7306 0.3135
vn -0.6580 -0.7271 0.1957
vn -0.9302 0.0000 0.3669
vn -0.6580 0.7271 0.1957
vn -0.6845 -0.7234 0.0904
vn -0.9796 0.0000 0.2009
vn -0.6845 0.7234 0.0904
vn -0.6930 -0.7209 0.0000
vn -0.9982 0.0000 0.0602
vn -0.6930 0.7209 0.0000
vn -0.6845 -0.7234 -0.0904
vn -0.9982 0.0000 -0.0602
vn -0.6845 0.7234 -0.0904
vn -0.6580 -0.7271 -0.1957
vn -0.9796 0.0000 -0.2009
vn -0.6580 0.7271 -0.1957
vn -0.6066 -0.7306 -0.3135
vn -0.9302 0.0000 -0.3669
vn -0.6066 0.7306 -0.3135
vn -0.5257 -0.7326 -0.4322
vn -0.8374 0.0000 -0.5465
vn -0.5257 0.7326 -0.4322
vn -0.4197 -0.7324 -0.5362
vn -0.6981 0.0000 -0.7160
vn -0.4197 0.7324 -0.5362
vn -0.3017 -0.7299 -0.6134
vn -0.5273 0.0000 -0.8497
vn -0.3017 0.7299 -0.6134
vn -0.1871 -0.7263 -0.6614
vn -0.3511 0.0000 -0.9363
vn -0.1871 0.7263 -0.6614
vn -0.0861 -0.7226 -0.6858
vn -0.1914 0.0000 -0.9815
vn -0.0861 0.7226 -0.6858
vn 0.0010 -0.7206 -0.6934
vn -0.0573 0.0000 -0.9984
vn 0.0010 0.7206 -0.6934
vn 0.0904 -0.7234 -0.6844
vn 0.0603 0.0000 -0.9982
vn 0.0904 0.7234 -0.6844
vn 0.1958 -0.7271 -0.6580
vn 0.2011 0.0000 -0.9796
vn 0.1958 0.7271 -0.6580
vn 0.3136 -0.7306 -0.6065
vn 0.3671 0.0000 -0.9302
vn 0.3136 0.7306 -0.6065
vn 0.4324 -0.7326 -0.5256
vn 0.5468 0.0000 -0.8373
vn 0.4324 0.7326 -0.5256
vn 0.5363 -0.7324 -0.4195
vn 0.7162 0.0000 -0.6979
vn 0.5363 0.7324 -0.4195
vn 0.6135 -0.7299 -0.3015
vn 0.8499 0.0000 -0.5270
vn 0.6135 0.7299 -0.3015
vn 0.6615 -0.7263 -0.1870
vn 0.9364 0.0000 -0.3510
vn 0.6615 0.7263 -0.1870
vn 0.6858 -0.7226 -0.0861
vn 0.9815 0.0000 -0.1913
vn 0.6858 0.7226 -0.0861
vn 0.6937 -0.7202 0.0000
vn 0.9984 0.0000 -0.0572
vn 0.6937 0.7202 0.0000
vn 0.6859 -0.7226 0.0861
vn 0.9984 0.0000 0.0572
vn 0.6859 0.7226 0.0861
vn 0.6615 -0.7263 0.1870
vn 0.9815 0.0000 0.1913
vn 0.6615 0.7263 0.1870
vn 0.6135 -0.7299 0.3015
vn 0.9364 0.0000 0.3509
vn 0.6135 0.7299 0.3015
vn 0.5364 -0.7324 0.4195
vn 0.8499 0.0000 0.5270
vn 0.5364 0.7324 0.4195
vn 0.4324 -0.7327 0.5256
vn 0.7162 0.0000 0.6979
vn 0.4324 0.7327 0.5256
vn 0.3136 -0.7306 0.6065
vn 0.5468 0.0000 0.8373
vn 0.3136 0.7306 0.6065
vn 0.1958 -0.7271 0.6580
vn 0.3672 0.0000 0.9302
vn 0.1958 0.7271 0.6580
vn 0.0904 -0.7234 0.6844
vn 0.2011 0.0000 0.9796
vn 0.0904 0.7234 0.6844
vn 0.0010 -0.7206 0.6934
vn 0.0603 0.0000 0.9982
vn 0.0010 0.7206 0.6934
vn -0.0573 0.0000 0.9984
vn 0.0000 -1.0000 -0.0000
vn 0.0000 1.0000 -0.0000
# 757 vertex normals

o So_Rusi
g So_Rusi
s 1
f 1//1 2//2 3//3 
f 2//2 4//4 3//3 
f 4//4 5//5 3//3 
f 5//5 1//1 3//3 
s 3
f 2//2 6//6 7//7 
f 6//6 8//8 7//7 
f 8//8 4//4 7//7 
f 4//4 2//2 7//7 
s 2
f 6//6 9//9 10//10 
f 9//9 11//11 10//10 
f 11//11 8//8 10//10 
f 8//8 6//6 10//10 
f 9//9 12//12 13//13 
f 12//12 14//14 13//13 
f 14//14 11//11 13//13 
f 11//11 9//9 13//13 
f 12//12 15//15 16//16 
f 15//15 17//17 16//16 
f 17//17 14//14 16//16 
f 14//14 12//12 16//16 
f 15//15 18//18 19//19 
f 18//18 20//20 19//19 
f 20//20 17//17 19//19 
f 17//17 15//15 19//19 
f 18//18 21//21 22//22 
f 21//21 23//23 22//22 
f 23//23 20//20 22//22 
f 20//20 18//18 22//22 
f 21//21 24//24 25//25 
f 24//24 26//26 25//25 
f 26//26 23//23 25//25 
f 23//23 21//21 25//25 
f 24//24 27//27 28//28 
f 27//27 29//29 28//28 
f 29//29 26//26 28//28 
f 26//26 24//24 28//28 
f 27//27 30//30 31//31 
f 30//30 32//32 31//31 
f 32//32 29//29 31//31 
f 29//29 27//27 31//31 
f 30//30 33//33 34//34 
f 33//33 35//35 34//34 
f 35//35 32//32 34//34 
f 32//32 30//30 34//34 
f 33//33 36//36 37//37 
f 36//36 38//38 37//37 
f 38//38 35//35 37//37 
f 35//35 33//33 37//37 
f 36//36 39//39 40//40 
f 39//39 41//41 40//40 
f 41//41 38//38 40//40 
f 38//38 36//36 40//40 
f 39//39 42//42 43//43 
f 42//42 44//44 43//43 
f 44//44 41//41 43//43 
f 41//41 39//39 43//43 
f 42//42 45//45 46//46 
f 45//45 47//47 46//46 
f 47//47 44//44 46//46 
f 44//44 42//42 46//46 
f 45//45 48//48 49//49 
f 48//48 50//50 49//49 
f 50//50 47//47 49//49 
f 47//47 45//45 49//49 
f 48//48 51//51 52//52 
f 51//51 53//53 52//52 
f 53//53 50//50 52//52 
f 50//50 48//48 52//52 
f 51//51 54//54 55//55 
f 54//54 56//56 55//55 
f 56//56 53//53 55//55 
f 53//53 51//51 55//55 
s 4
f 54//54 57//57 58//58 
f 57//57 59//59 58//58 
f 59//59 56//56 58//58 
f 56//56 54//54 58//58 
s 2
f 57//57 60//60 61//61 
f 60//60 62//62 61//61 
f 62//62 59//59 61//61 
f 59//59 57//57 61//61 
f 60//60 63//63 64//64 
f 63//63 65//65 64//64 
f 65//65 62//62 64//64 
f 62//62 60//60 64//64 
f 63//63 66//66 67//67 
f 66//66 68//68 67//67 
f 68//68 65//65 67//67 
f 65//65 63//63 67//67 
f 66//66 69//69 70//70 
f 69//69 71//71 70//70 
f 71//71 68//68 70//70 
f 68//68 66//66 70//70 
f 69//69 72//72 73//73 
f 72//72 74//74 73//73 
f 74//74 71//71 73//73 
f 71//71 69//69 73//73 
f 72//72 75//75 76//76 
f 75//75 77//77 76//76 
f 77//77 74//74 76//76 
f 74//74 72//72 76//76 
f 75//75 78//78 79//79 
f 78//78 80//80 79//79 
f 80//80 77//77 79//79 
f 77//77 75//75 79//79 
f 78//78 81//81 82//82 
f 81//81 83//83 82//82 
f 83//83 80//80 82//82 
f 80//80 78//78 82//82 
f 81//81 84//84 85//85 
f 84//84 86//86 85//85 
f 86//86 83//83 85//85 
f 83//83 81//81 85//85 
f 84//84 87//87 88//88 
f 87//87 89//89 88//88 
f 89//89 86//86 88//88 
f 86//86 84//84 88//88 
f 87//87 90//90 91//91 
f 90//90 92//92 91//91 
f 92//92 89//89 91//91 
f 89//89 87//87 91//91 
f 90//90 93//93 94//94 
f 93//93 95//95 94//94 
f 95//95 92//92 94//94 
f 92//92 90//90 94//94 
f 93//93 96//96 97//97 
f 96//96 98//98 97//97 
f 98//98 95//95 97//97 
f 95//95 93//93 97//97 
f 96//96 99//99 100//100 
f 99//99 101//101 100//100 
f 101//101 98//98 100//100 
f 98//98 96//96 100//100 
f 99//99 102//102 103//103 
f 102//102 104//104 103//103 
f 104//104 101//101 103//103 
f 101//101 99//99 103//103 
f 102//102 105//105 106//106 
f 105//105 107//107 106//106 
f 107//107 104//104 106//106 
f 104//104 102//102 106//106 
f 105//105 108//108 109//109 
f 108//108 110//110 109//109 
f 110//110 107//107 109//109 
f 107//107 105//105 109//109 
f 108//108 111//111 112//112 
f 111//111 113//113 112//112 
f 113//113 110//110 112//112 
f 110//110 108//108 112//112 
s 4
f 111//111 114//114 115//115 
f 114//114 116//116 115//115 
f 116//116 113//113 115//115 
f 113//113 111//111 115//115 
s 2
f 114//114 117//117 118//118 
f 117//117 119//119 118//118 
f 119//119 116//116 118//118 
f 116//116 114//114 118//118 
f 117//117 120//120 121//121 
f 120//120 122//122 121//121 
f 122//122 119//119 121//121 
f 119//119 117//117 121//121 
f 120//120 123//123 124//124 
f 123//123 125//125 124//124 
f 125//125 122//122 124//124 
f 122//122 120//120 124//124 
f 123//123 126//126 127//127 
f 126//126 128//128 127//127 
f 128//128 125//125 127//127 
f 125//125 123//123 127//127 
f 126//126 129//129 130//130 
f 129//129 131//131 130//130 
f 131//131 128//128 130//130 
f 128//128 126//126 130//130 
f 129//129 132//132 133//133 
f 132//132 134//134 133//133 
f 134//134 131//131 133//133 
f 131//131 129//129 133//133 
f 132//132 135//135 136//136 
f 135//135 137//137 136//136 
f 137//137 134//134 136//136 
f 134//134 132//132 136//136 
f 135//135 138//138 139//139 
f 138//138 140//140 139//139 
f 140//140 137//137 139//139 
f 137//137 135//135 139//139 
f 138//138 141//141 142//142 
f 141//141 143//143 142//142 
f 143//143 140//140 142//142 
f 140//140 138//138 142//142 
f 141//141 144//144 145//145 
f 144//144 146//146 145//145 
f 146//146 143//143 145//145 
f 143//143 141//141 145//145 
f 144//144 147//147 148//148 
f 147//147 149//149 148//148 
f 149//149 146//146 148//148 
f 146//146 144//144 148//148 
f 147//147 150//150 151//151 
f 150//150 152//152 151//151 
f 152//152 149//149 151//151 
f 149//149 147//147 151//151 
f 150//150 153//153 154//154 
f 153//153 155//155 154//154 
f 155//155 152//152 154//154 
f 152//152 150//150 154//154 
f 153//153 156//156 157//157 
f 156//156 158//158 157//157 
f 158//158 155//155 157//157 
f 155//155 153//153 157//157 
f 156//156 159//159 160//160 
f 159//159 161//161 160//160 
f 161//161 158//158 160//160 
f 158//158 156//156 160//160 
f 159//159 162//162 163//163 
f 162//162 164//164 163//163 
f 164//164 161//161 163//163 
f 161//161 159//159 163//163 
f 162//162 165//165 166//166 
f 165//165 167//167 166//166 
f 167//167 164//164 166//166 
f 164//164 162//162 166//166 
f 165//165 168//168 169//169 
f 168//168 170//170 169//169 
f 170//170 167//167 169//169 
f 167//167 165//165 169//169 
s 4
f 168//168 171//171 172//58 
f 171//171 173//172 172//58 
f 173//172 170//170 172//58 
f 170//170 168//168 172//58 
s 2
f 171//171 174//173 175//174 
f 174//173 176//175 175//174 
f 176//175 173//172 175//174 
f 173//172 171//171 175//174 
s 4
f 174//173 177//176 178//177 
f 177//176 179//178 178//177 
f 179//178 176//175 178//177 
f 176//175 174//173 178//177 
s 2
f 177//176 180//179 181//180 
f 180//179 182//181 181//180 
f 182//181 179//178 181//180 
f 179//178 177//176 181//180 
f 180//179 183//182 184//183 
f 183//182 185//184 184//183 
f 185//184 182//181 184//183 
f 182//181 180//179 184//183 
f 183//182 186//185 187//186 
f 186//185 188//187 187//186 
f 188//187 185//184 187//186 
f 185//184 183//182 187//186 
f 186//185 189//188 190//189 
f 189//188 191//190 190//189 
f 191//190 188//187 190//189 
f 188//187 186//185 190//189 
f 189//188 192//191 193//192 
f 192//191 194//193 193//192 
f 194//193 191//190 193//192 
f 191//190 189//188 193//192 
f 192//191 195//194 196//195 
f 195//194 197//196 196//195 
f 197//196 194//193 196//195 
f 194//193 192//191 196//195 
f 195//194 198//197 199//198 
f 198//197 200//199 199//198 
f 200//199 197//196 199//198 
f 197//196 195//194 199//198 
f 198//197 201//200 202//201 
f 201//200 203//202 202//201 
f 203//202 200//199 202//201 
f 200//199 198//197 202//201 
f 201//200 204//203 205//204 
f 204//203 206//205 205//204 
f 206//205 203//202 205//204 
f 203//202 201//200 205//204 
s 4
f 204//203 207//206 208//207 
f 207//206 209//208 208//207 
f 209//208 206//205 208//207 
f 206//205 204//203 208//207 
f 207//206 210//209 211//31 
f 210//209 212//210 211//31 
f 212//210 209//208 211//31 
f 209//208 207//206 211//31 
f 210//209 213//211 214//212 
f 213//211 215//213 214//212 
f 215//213 212//210 214//212 
f 212//210 210//209 214//212 
f 213//211 216//214 217//215 
f 216//214 218//216 217//215 
f 218//216 215//213 217//215 
f 215//213 213//211 217//215 
f 216//214 219//217 220//218 
f 219//217 221//219 220//218 
f 221//219 218//216 220//218 
f 218//216 216//214 220//218 
f 219//217 222//220 223//221 
f 222//220 224//222 223//221 
f 224//222 221//219 223//221 
f 221//219 219//217 223//221 
f 222//220 225//223 226//224 
f 225//223 227//225 226//224 
f 227//225 224//222 226//224 
f 224//222 222//220 226//224 
f 225//223 228//226 229//227 
f 228//226 230//228 229//227 
f 230//228 227//225 229//227 
f 227//225 225//223 229//227 
f 228//226 231//229 232//230 
f 231//229 233//231 232//230 
f 233//231 230//228 232//230 
f 230//228 228//226 232//230 
f 231//229 234//232 235//233 
f 234//232 236//234 235//233 
f 236//234 233//231 235//233 
f 233//231 231//229 235//233 
f 234//232 237//235 238//236 
f 237//235 239//237 238//236 
f 239//237 236//234 238//236 
f 236//234 234//232 238//236 
f 237//235 240//238 241//239 
f 240//238 242//240 241//239 
f 242//240 239//237 241//239 
f 239//237 237//235 241//239 
f 240//238 243//241 244//242 
f 243//241 245//243 244//242 
f 245//243 242//240 244//242 
f 242//240 240//238 244//242 
f 243//241 246//244 247//245 
f 246//244 248//246 247//245 
f 248//246 245//243 247//245 
f 245//243 243//241 247//245 
f 246//244 249//247 250//248 
f 249//247 251//249 250//248 
f 251//249 248//246 250//248 
f 248//246 246//244 250//248 
f 249//247 252//250 253//251 
f 252//250 254//252 253//251 
f 254//252 251//249 253//251 
f 251//249 249//247 253//251 
f 252//250 255//253 256//254 
f 255//253 257//255 256//254 
f 257//255 254//252 256//254 
f 254//252 252//250 256//254 
f 255//253 258//256 259//257 
f 258//256 260//258 259//257 
f 260//258 257//255 259//257 
f 257//255 255//253 259//257 
f 258//256 261//259 262//260 
f 261//259 263//261 262//260 
f 263//261 260//258 262//260 
f 260//258 258//256 262//260 
f 261//259 264//262 265//263 
f 264//262 266//264 265//263 
f 266//264 263//261 265//263 
f 263//261 261//259 265//263 
f 264//262 267//265 268//266 
f 267//265 269//267 268//266 
f 269//267 266//264 268//266 
f 266//264 264//262 268//266 
f 267//265 270//268 271//269 
f 270//268 272//270 271//269 
f 272//270 269//267 271//269 
f 269//267 267//265 271//269 
f 270//268 273//271 274//272 
f 273//271 275//273 274//272 
f 275//273 272//270 274//272 
f 272//270 270//268 274//272 
f 273//271 276//274 277//275 
f 276//274 278//276 277//275 
f 278//276 275//273 277//275 
f 275//273 273//271 277//275 
f 276//274 279//277 280//278 
f 279//277 281//279 280//278 
f 281//279 278//276 280//278 
f 278//276 276//274 280//278 
f 279//277 282//280 283//281 
f 282//280 284//282 283//281 
f 284//282 281//279 283//281 
f 281//279 279//277 283//281 
f 282//280 285//283 286//284 
f 285//283 287//285 286//284 
f 287//285 284//282 286//284 
f 284//282 282//280 286//284 
f 285//283 288//286 289//287 
f 288//286 290//288 289//287 
f 290//288 287//285 289//287 
f 287//285 285//283 289//287 
f 288//286 291//289 292//290 
f 291//289 293//291 292//290 
f 293//291 290//288 292//290 
f 290//288 288//286 292//290 
f 291//289 294//292 295//293 
f 294//292 296//294 295//293 
f 296//294 293//291 295//293 
f 293//291 291//289 295//293 
f 294//292 297//295 298//296 
f 297//295 299//297 298//296 
f 299//297 296//294 298//296 
f 296//294 294//292 298//296 
f 297//295 300//298 301//299 
f 300//298 302//300 301//299 
f 302//300 299//297 301//299 
f 299//297 297//295 301//299 
f 300//298 303//301 304//302 
f 303//301 305//303 304//302 
f 305//303 302//300 304//302 
f 302//300 300//298 304//302 
f 303//301 306//304 307//305 
f 306//304 308//306 307//305 
f 308//306 305//303 307//305 
f 305//303 303//301 307//305 
f 306//304 309//307 310//308 
f 309//307 311//309 310//308 
f 311//309 308//306 310//308 
f 308//306 306//304 310//308 
f 309//307 312//310 313//311 
f 312//310 314//312 313//311 
f 314//312 311//309 313//311 
f 311//309 309//307 313//311 
f 312//310 315//313 316//314 
f 315//313 317//315 316//314 
f 317//315 314//312 316//314 
f 314//312 312//310 316//314 
f 315//313 318//316 319//317 
f 318//316 320//318 319//317 
f 320//318 317//315 319//317 
f 317//315 315//313 319//317 
f 318//316 321//319 322//320 
f 321//319 323//321 322//320 
f 323//321 320//318 322//320 
f 320//318 318//316 322//320 
f 321//319 324//322 325//323 
f 324//322 326//324 325//323 
f 326//324 323//321 325//323 
f 323//321 321//319 325//323 
f 324//322 327//325 328//326 
f 327//325 329//327 328//326 
f 329//327 326//324 328//326 
f 326//324 324//322 328//326 
f 327//325 330//328 331//329 
f 330//328 332//330 331//329 
f 332//330 329//327 331//329 
f 329//327 327//325 331//329 
f 330//328 333//331 334//332 
f 333//331 335//333 334//332 
f 335//333 332//330 334//332 
f 332//330 330//328 334//332 
f 333//331 336//334 337//335 
f 336//334 338//336 337//335 
f 338//336 335//333 337//335 
f 335//333 333//331 337//335 
f 336//334 339//337 340//338 
f 339//337 341//339 340//338 
f 341//339 338//336 340//338 
f 338//336 336//334 340//338 
f 339//337 342//340 343//341 
f 342//340 344//342 343//341 
f 344//342 341//339 343//341 
f 341//339 339//337 343//341 
f 342//340 345//343 346//344 
f 345//343 347//345 346//344 
f 347//345 344//342 346//344 
f 344//342 342//340 346//344 
f 345//343 348//346 349//347 
f 348//346 350//348 349//347 
f 350//348 347//345 349//347 
f 347//345 345//343 349//347 
f 348//346 351//349 352//350 
f 351//349 353//351 352//350 
f 353//351 350//348 352//350 
f 350//348 348//346 352//350 
f 351//349 354//352 355//353 
f 354//352 356//354 355//353 
f 356//354 353//351 355//353 
f 353//351 351//349 355//353 
f 354//352 357//355 358//356 
f 357//355 359//357 358//356 
f 359//357 356//354 358//356 
f 356//354 354//352 358//356 
f 357//355 360//358 361//359 
f 360//358 362//360 361//359 
f 362//360 359//357 361//359 
f 359//357 357//355 361//359 
f 360//358 363//361 364//362 
f 363//361 365//363 364//362 
f 365//363 362//360 364//362 
f 362//360 360//358 364//362 
f 363//361 366//364 367//365 
f 366//364 368//366 367//365 
f 368//366 365//363 367//365 
f 365//363 363//361 367//365 
f 366//364 369//367 370//368 
f 369//367 371//369 370//368 
f 371//369 368//366 370//368 
f 368//366 366//364 370//368 
f 369//367 372//370 373//371 
f 372//370 374//372 373//371 
f 374//372 371//369 373//371 
f 371//369 369//367 373//371 
f 372//370 375//373 376//374 
f 375//373 377//375 376//374 
f 377//375 374//372 376//374 
f 374//372 372//370 376//374 
f 375//373 378//376 379//377 
f 378//376 380//378 379//377 
f 380//378 377//375 379//377 
f 377//375 375//373 379//377 
f 378//376 381//379 382//380 
f 381//379 383//381 382//380 
f 383//381 380//378 382//380 
f 380//378 378//376 382//380 
f 381//379 384//382 385//383 
f 384//382 386//384 385//383 
f 386//384 383//381 385//383 
f 383//381 381//379 385//383 
f 384//382 387//385 388//386 
f 387//385 389//387 388//386 
f 389//387 386//384 388//386 
f 386//384 384//382 388//386 
f 387//385 390//388 391//389 
f 390//388 392//390 391//389 
f 392//390 389//387 391//389 
f 389//387 387//385 391//389 
f 390//388 393//391 394//392 
f 393//391 395//393 394//392 
f 395//393 392//390 394//392 
f 392//390 390//388 394//392 
s 2
f 393//391 396//394 397//177 
f 396//394 398//395 397//177 
f 398//395 395//393 397//177 
f 395//393 393//391 397//177 
s 4
f 396//394 399//396 400//397 
f 399//396 401//398 400//397 
f 401//398 398//395 400//397 
f 398//395 396//394 400//397 
f 399//396 402//399 403//400 
f 402//399 404//401 403//400 
f 404//401 401//398 403//400 
f 401//398 399//396 403//400 
f 402//399 405//402 406//403 
f 405//402 407//404 406//403 
f 407//404 404//401 406//403 
f 404//401 402//399 406//403 
f 405//402 408//405 409//406 
f 408//405 410//407 409//406 
f 410//407 407//404 409//406 
f 407//404 405//402 409//406 
f 408//405 411//408 412//409 
f 411//408 413//410 412//409 
f 413//410 410//407 412//409 
f 410//407 408//405 412//409 
f 411//408 414//411 415//412 
f 414//411 416//413 415//412 
f 416//413 413//410 415//412 
f 413//410 411//408 415//412 
f 414//411 417//414 418//415 
f 417//414 419//416 418//415 
f 419//416 416//413 418//415 
f 416//413 414//411 418//415 
f 417//414 420//417 421//418 
f 420//417 422//419 421//418 
f 422//419 419//416 421//418 
f 419//416 417//414 421//418 
f 420//417 423//420 424//421 
f 423//420 425//422 424//421 
f 425//422 422//419 424//421 
f 422//419 420//417 424//421 
s 2
f 423//420 426//423 427//174 
f 426//423 428//424 427//174 
f 428//424 425//422 427//174 
f 425//422 423//420 427//174 
s 4
f 426//423 429//425 430//58 
f 429//425 431//426 430//58 
f 431//426 428//424 430//58 
f 428//424 426//423 430//58 
s 2
f 429//425 432//427 433//428 
f 432//427 434//429 433//428 
f 434//429 431//426 433//428 
f 431//426 429//425 433//428 
f 432//427 435//430 436//431 
f 435//430 437//432 436//431 
f 437//432 434//429 436//431 
f 434//429 432//427 436//431 
f 435//430 438//433 439//434 
f 438//433 440//435 439//434 
f 440//435 437//432 439//434 
f 437//432 435//430 439//434 
f 438//433 441//436 442//437 
f 441//436 443//438 442//437 
f 443//438 440//435 442//437 
f 440//435 438//433 442//437 
f 441//436 444//439 445//440 
f 444//439 446//441 445//440 
f 446//441 443//438 445//440 
f 443//438 441//436 445//440 
f 444//439 447//442 448//443 
f 447//442 449//444 448//443 
f 449//444 446//441 448//443 
f 446//441 444//439 448//443 
f 447//442 450//445 451//446 
f 450//445 452//447 451//446 
f 452//447 449//444 451//446 
f 449//444 447//442 451//446 
f 450//445 453//448 454//449 
f 453//448 455//450 454//449 
f 455//450 452//447 454//449 
f 452//447 450//445 454//449 
f 453//448 456//451 457//452 
f 456//451 458//453 457//452 
f 458//453 455//450 457//452 
f 455//450 453//448 457//452 
f 456//451 459//454 460//455 
f 459//454 461//456 460//455 
f 461//456 458//453 460//455 
f 458//453 456//451 460//455 
f 459//454 462//457 463//458 
f 462//457 464//459 463//458 
f 464//459 461//456 463//458 
f 461//456 459//454 463//458 
f 462//457 465//460 466//461 
f 465//460 467//462 466//461 
f 467//462 464//459 466//461 
f 464//459 462//457 466//461 
f 465//460 468//463 469//464 
f 468//463 470//465 469//464 
f 470//465 467//462 469//464 
f 467//462 465//460 469//464 
f 468//463 471//466 472//467 
f 471//466 473//468 472//467 
f 473//468 470//465 472//467 
f 470//465 468//463 472//467 
f 471//466 474//469 475//470 
f 474//469 476//471 475//470 
f 476//471 473//468 475//470 
f 473//468 471//466 475//470 
f 474//469 477//472 478//473 
f 477//472 479//474 478//473 
f 479//474 476//471 478//473 
f 476//471 474//469 478//473 
f 477//472 480//475 481//476 
f 480//475 482//477 481//476 
f 482//477 479//474 481//476 
f 479//474 477//472 481//476 
f 480//475 483//478 484//479 
f 483//478 485//480 484//479 
f 485//480 482//477 484//479 
f 482//477 480//475 484//479 
f 483//478 486//481 487//482 
f 486//481 488//483 487//482 
f 488//483 485//480 487//482 
f 485//480 483//478 487//482 
f 486//481 489//484 490//485 
f 489//484 491//486 490//485 
f 491//486 488//483 490//485 
f 488//483 486//481 490//485 
f 489//484 492//487 493//488 
f 492//487 494//489 493//488 
f 494//489 491//486 493//488 
f 491//486 489//484 493//488 
f 492//487 495//490 496//491 
f 495//490 497//492 496//491 
f 497//492 494//489 496//491 
f 494//489 492//487 496//491 
f 495//490 498//493 499//494 
f 498//493 500//495 499//494 
f 500//495 497//492 499//494 
f 497//492 495//490 499//494 
f 498//493 501//496 502//497 
f 501//496 503//498 502//497 
f 503//498 500//495 502//497 
f 500//495 498//493 502//497 
f 501//496 504//499 505//500 
f 504//499 506//501 505//500 
f 506//501 503//498 505//500 
f 503//498 501//496 505//500 
f 504//499 507//502 508//503 
f 507//502 509//504 508//503 
f 509//504 506//501 508//503 
f 506//501 504//499 508//503 
f 507//502 510//505 511//506 
f 510//505 512//507 511//506 
f 512//507 509//504 511//506 
f 509//504 507//502 511//506 
f 510//505 513//508 514//509 
f 513//508 515//510 514//509 
f 515//510 512//507 514//509 
f 512//507 510//505 514//509 
f 513//508 516//511 517//512 
f 516//511 518//513 517//512 
f 518//513 515//510 517//512 
f 515//510 513//508 517//512 
f 516//511 519//514 520//515 
f 519//514 521//516 520//515 
f 521//516 518//513 520//515 
f 518//513 516//511 520//515 
f 519//514 522//517 523//518 
f 522//517 524//519 523//518 
f 524//519 521//516 523//518 
f 521//516 519//514 523//518 
f 522//517 525//520 526//521 
f 525//520 527//522 526//521 
f 527//522 524//519 526//521 
f 524//519 522//517 526//521 
f 525//520 528//523 529//524 
f 528//523 530//525 529//524 
f 530//525 527//522 529//524 
f 527//522 525//520 529//524 
f 528//523 531//526 532//527 
f 531//526 533//528 532//527 
f 533//528 530//525 532//527 
f 530//525 528//523 532//527 
f 531//526 534//529 535//530 
f 534//529 536//531 535//530 
f 536//531 533//528 535//530 
f 533//528 531//526 535//530 
f 534//529 537//532 538//533 
f 537//532 539//534 538//533 
f 539//534 536//531 538//533 
f 536//531 534//529 538//533 
s 4
f 537//532 540//535 541//177 
f 540//535 542//536 541//177 
f 542//536 539//534 541//177 
f 539//534 537//532 541//177 
s 2
f 540//535 543//173 544//174 
f 543//173 545//175 544//174 
f 545//175 542//536 544//174 
f 542//536 540//535 544//174 
s 4
f 543//173 546//537 547//177 
f 546//537 548//538 547//177 
f 548//538 545//175 547//177 
f 545//175 543//173 547//177 
s 2
f 546//537 1//1 549//539 
f 1//1 5//5 549//539 
f 5//5 548//538 549//539 
f 548//538 546//537 549//539 
s 1
f 550//540 551//541 552//542 
f 551//541 553//543 552//542 
f 553//543 554//544 552//542 
f 554//544 550//540 552//542 
s 3
f 551//541 555//545 556//546 
f 555//545 557//547 556//546 
f 557//547 553//543 556//546 
f 553//543 551//541 556//546 
s 2
f 555//545 558//548 559//549 
f 558//548 560//550 559//549 
f 560//550 557//547 559//549 
f 557//547 555//545 559//549 
f 558//548 561//551 562//552 
f 561//551 563//553 562//552 
f 563//553 560//550 562//552 
f 560//550 558//548 562//552 
f 561//551 564//554 565//555 
f 564//554 566//556 565//555 
f 566//556 563//553 565//555 
f 563//553 561//551 565//555 
f 564//554 567//557 568//558 
f 567//557 569//559 568//558 
f 569//559 566//556 568//558 
f 566//556 564//554 568//558 
f 567//557 570//560 571//561 
f 570//560 572//562 571//561 
f 572//562 569//559 571//561 
f 569//559 567//557 571//561 
f 570//560 573//563 574//564 
f 573//563 575//565 574//564 
f 575//565 572//562 574//564 
f 572//562 570//560 574//564 
f 573//563 576//566 577//567 
f 576//566 578//568 577//567 
f 578//568 575//565 577//567 
f 575//565 573//563 577//567 
f 576//566 579//569 580//570 
f 579//569 581//571 580//570 
f 581//571 578//568 580//570 
f 578//568 576//566 580//570 
f 579//569 582//572 583//573 
f 582//572 584//574 583//573 
f 584//574 581//571 583//573 
f 581//571 579//569 583//573 
f 582//572 585//575 586//576 
f 585//575 587//577 586//576 
f 587//577 584//574 586//576 
f 584//574 582//572 586//576 
f 585//575 588//578 589//579 
f 588//578 590//580 589//579 
f 590//580 587//577 589//579 
f 587//577 585//575 589//579 
f 588//578 591//581 592//582 
f 591//581 593//583 592//582 
f 593//583 590//580 592//582 
f 590//580 588//578 592//582 
f 591//581 594//584 595//585 
f 594//584 596//586 595//585 
f 596//586 593//583 595//585 
f 593//583 591//581 595//585 
f 594//584 597//587 598//588 
f 597//587 599//589 598//588 
f 599//589 596//586 598//588 
f 596//586 594//584 598//588 
f 597//587 600//590 601//591 
f 600//590 602//592 601//591 
f 602//592 599//589 601//591 
f 599//589 597//587 601//591 
f 600//590 603//593 604//594 
f 603//593 605//595 604//594 
f 605//595 602//592 604//594 
f 602//592 600//590 604//594 
f 603//593 606//596 607//597 
f 606//596 608//598 607//597 
f 608//598 605//595 607//597 
f 605//595 603//593 607//597 
f 606//596 609//599 610//600 
f 609//599 611//601 610//600 
f 611//601 608//598 610//600 
f 608//598 606//596 610//600 
f 609//599 612//602 613//603 
f 612//602 614//604 613//603 
f 614//604 611//601 613//603 
f 611//601 609//599 613//603 
f 612//602 615//605 616//606 
f 615//605 617//607 616//606 
f 617//607 614//604 616//606 
f 614//604 612//602 616//606 
f 615//605 618//608 619//609 
f 618//608 620//610 619//609 
f 620//610 617//607 619//609 
f 617//607 615//605 619//609 
f 618//608 621//611 622//612 
f 621//611 623//613 622//612 
f 623//613 620//610 622//612 
f 620//610 618//608 622//612 
f 621//611 624//614 625//615 
f 624//614 626//616 625//615 
f 626//616 623//613 625//615 
f 623//613 621//611 625//615 
f 624//614 627//617 628//618 
f 627//617 629//619 628//618 
f 629//619 626//616 628//618 
f 626//616 624//614 628//618 
f 627//617 630//620 631//621 
f 630//620 632//622 631//621 
f 632//622 629//619 631//621 
f 629//619 627//617 631//621 
f 630//620 633//623 634//624 
f 633//623 635//625 634//624 
f 635//625 632//622 634//624 
f 632//622 630//620 634//624 
f 633//623 636//626 637//627 
f 636//626 638//628 637//627 
f 638//628 635//625 637//627 
f 635//625 633//623 637//627 
f 636//626 639//629 640//630 
f 639//629 641//631 640//630 
f 641//631 638//628 640//630 
f 638//628 636//626 640//630 
f 639//629 642//632 643//633 
f 642//632 644//634 643//633 
f 644//634 641//631 643//633 
f 641//631 639//629 643//633 
f 642//632 645//635 646//636 
f 645//635 647//637 646//636 
f 647//637 644//634 646//636 
f 644//634 642//632 646//636 
f 645//635 648//638 649//639 
f 648//638 650//640 649//639 
f 650//640 647//637 649//639 
f 647//637 645//635 649//639 
f 648//638 651//641 652//642 
f 651//641 653//643 652//642 
f 653//643 650//640 652//642 
f 650//640 648//638 652//642 
f 651//641 654//644 655//645 
f 654//644 656//646 655//645 
f 656//646 653//643 655//645 
f 653//643 651//641 655//645 
s 3
f 654//644 550//540 657//647 
f 550//540 554//544 657//647 
f 554//544 656//646 657//647 
f 656//646 654//644 657//647 
s 1
f 658//648 659//649 660//650 
f 659//649 661//651 660//650 
f 661//651 662//652 660//650 
f 662//652 658//648 660//650 
s 3
f 659//649 663//653 664//654 
f 663//653 665//655 664//654 
f 665//655 661//651 664//654 
f 661//651 659//649 664//654 
s 2
f 663//653 666//656 667//657 
f 666//656 668//658 667//657 
f 668//658 665//655 667//657 
f 665//655 663//653 667//657 
f 666//656 669//659 670//660 
f 669//659 671//661 670//660 
f 671//661 668//658 670//660 
f 668//658 666//656 670//660 
f 669//659 672//662 673//663 
f 672//662 674//664 673//663 
f 674//664 671//661 673//663 
f 671//661 669//659 673//663 
f 672//662 675//665 676//666 
f 675//665 677//667 676//666 
f 677//667 674//664 676//666 
f 674//664 672//662 676//666 
f 675//665 678//668 679//669 
f 678//668 680//670 679//669 
f 680//670 677//667 679//669 
f 677//667 675//665 679//669 
f 678//668 681//671 682//672 
f 681//671 683//673 682//672 
f 683//673 680//670 682//672 
f 680//670 678//668 682//672 
f 681//671 684//674 685//675 
f 684//674 686//676 685//675 
f 686//676 683//673 685//675 
f 683//673 681//671 685//675 
f 684//674 687//677 688//678 
f 687//677 689//679 688//678 
f 689//679 686//676 688//678 
f 686//676 684//674 688//678 
f 687//677 690//680 691//681 
f 690//680 692//682 691//681 
f 692//682 689//679 691//681 
f 689//679 687//677 691//681 
f 690//680 693//683 694//684 
f 693//683 695//685 694//684 
f 695//685 692//682 694//684 
f 692//682 690//680 694//684 
f 693//683 696//686 697//687 
f 696//686 698//688 697//687 
f 698//688 695//685 697//687 
f 695//685 693//683 697//687 
f 696//686 699//689 700//690 
f 699//689 701//691 700//690 
f 701//691 698//688 700//690 
f 698//688 696//686 700//690 
f 699//689 702//692 703//693 
f 702//692 704//694 703//693 
f 704//694 701//691 703//693 
f 701//691 699//689 703//693 
f 702//692 705//695 706//696 
f 705//695 707//697 706//696 
f 707//697 704//694 706//696 
f 704//694 702//692 706//696 
f 705//695 708//698 709//699 
f 708//698 710//700 709//699 
f 710//700 707//697 709//699 
f 707//697 705//695 709//699 
f 708//698 711//701 712//702 
f 711//701 713//703 712//702 
f 713//703 710//700 712//702 
f 710//700 708//698 712//702 
f 711//701 714//704 715//705 
f 714//704 716//706 715//705 
f 716//706 713//703 715//705 
f 713//703 711//701 715//705 
f 714//704 717//707 718//708 
f 717//707 719//709 718//708 
f 719//709 716//706 718//708 
f 716//706 714//704 718//708 
f 717//707 720//710 721//711 
f 720//710 722//712 721//711 
f 722//712 719//709 721//711 
f 719//709 717//707 721//711 
f 720//710 723//713 724//714 
f 723//713 725//715 724//714 
f 725//715 722//712 724//714 
f 722//712 720//710 724//714 
f 723//713 726//716 727//717 
f 726//716 728//718 727//717 
f 728//718 725//715 727//717 
f 725//715 723//713 727//717 
f 726//716 729//719 730//720 
f 729//719 731//721 730//720 
f 731//721 728//718 730//720 
f 728//718 726//716 730//720 
f 729//719 732//722 733//723 
f 732//722 734//724 733//723 
f 734//724 731//721 733//723 
f 731//721 729//719 733//723 
f 732//722 735//725 736//726 
f 735//725 737//727 736//726 
f 737//727 734//724 736//726 
f 734//724 732//722 736//726 
f 735//725 738//728 739//729 
f 738//728 740//730 739//729 
f 740//730 737//727 739//729 
f 737//727 735//725 739//729 
f 738//728 741//731 742//732 
f 741//731 743//733 742//732 
f 743//733 740//730 742//732 
f 740//730 738//728 742//732 
f 741//731 744//734 745//735 
f 744//734 746//736 745//735 
f 746//736 743//733 745//735 
f 743//733 741//731 745//735 
f 744//734 747//737 748//738 
f 747//737 749//739 748//738 
f 749//739 746//736 748//738 
f 746//736 744//734 748//738 
f 747//737 750//740 751//741 
f 750//740 752//742 751//741 
f 752//742 749//739 751//741 
f 749//739 747//737 751//741 
f 750//740 753//743 754//744 
f 753//743 755//745 754//744 
f 755//745 752//742 754//744 
f 752//742 750//740 754//744 
f 753//743 756//746 757//747 
f 756//746 758//748 757//747 
f 758//748 755//745 757//747 
f 755//745 753//743 757//747 
f 756//746 759//749 760//750 
f 759//749 761//751 760//750 
f 761//751 758//748 760//750 
f 758//748 756//746 760//750 
f 759//749 762//752 763//753 
f 762//752 764//754 763//753 
f 764//754 761//751 763//753 
f 761//751 759//749 763//753 
s 3
f 762//752 658//648 765//755 
f 658//648 662//652 765//755 
f 662//652 764//754 765//755 
f 764//754 762//752 765//755 
s 16
f 426//423 766//756 597//587 767//756 
f 597//587 594//584 767//756 
f 594//584 426//423 767//756 
f 539//534 599//589 768//757 
f 599//589 602//592 768//757 
f 602//592 539//534 768//757 
f 573//563 570//560 769//756 
f 570//560 435//430 769//756 
f 435//430 432//427 769//756 
f 432//427 573//563 769//756 
f 594//584 591//581 770//756 
f 591//581 426//423 770//756 
f 426//423 594//584 770//756 
f 591//581 588//578 771//756 
f 588//578 426//423 771//756 
f 426//423 591//581 771//756 
f 588//578 585//575 772//756 
f 585//575 426//423 772//756 
f 426//423 588//578 772//756 
f 585//575 582//572 773//756 
f 582//572 426//423 773//756 
f 426//423 585//575 773//756 
f 582//572 579//569 774//756 
f 579//569 426//423 774//756 
f 426//423 582//572 774//756 
f 579//569 576//566 775//756 
f 576//566 426//423 775//756 
f 426//423 579//569 775//756 
f 576//566 573//563 776//756 
f 573//563 432//427 776//756 
f 432//427 429//425 776//756 
f 429//425 426//423 776//756 
f 426//423 576//566 776//756 
f 570//560 567//557 777//756 
f 567//557 438//433 777//756 
f 438//433 435//430 777//756 
f 435//430 570//560 777//756 
f 567//557 564//554 778//756 
f 564//554 441//436 778//756 
f 441//436 438//433 778//756 
f 438//433 567//557 778//756 
f 564//554 561//551 779//756 
f 561//551 444//439 779//756 
f 444//439 441//436 779//756 
f 441//436 564//554 779//756 
f 561//551 558//548 780//756 
f 558//548 447//442 780//756 
f 447//442 444//439 780//756 
f 444//439 561//551 780//756 
f 558//548 555//545 781//756 
f 555//545 450//445 781//756 
f 450//445 447//442 781//756 
f 447//442 558//548 781//756 
f 555//545 551//541 782//756 
f 551//541 453//448 782//756 
f 453//448 450//445 782//756 
f 450//445 555//545 782//756 
f 551//541 550//540 783//756 
f 550//540 453//448 783//756 
f 453//448 551//541 783//756 
f 550//540 654//644 784//756 
f 654//644 456//451 784//756 
f 456//451 453//448 784//756 
f 453//448 550//540 784//756 
f 654//644 651//641 785//756 
f 651//641 462//457 785//756 
f 462//457 459//454 785//756 
f 459//454 456//451 785//756 
f 456//451 654//644 785//756 
f 651//641 648//638 786//756 
f 648//638 465//460 786//756 
f 465//460 462//457 786//756 
f 462//457 651//641 786//756 
f 648//638 645//635 787//756 
f 645//635 471//466 787//756 
f 471//466 468//463 787//756 
f 468//463 465//460 787//756 
f 465//460 648//638 787//756 
f 645//635 642//632 788//756 
f 642//632 480//475 788//756 
f 480//475 477//472 788//756 
f 477//472 474//469 788//756 
f 474//469 471//466 788//756 
f 471//466 645//635 788//756 
f 642//632 639//629 789//756 
f 639//629 486//481 789//756 
f 486//481 483//478 789//756 
f 483//478 480//475 789//756 
f 480//475 642//632 789//756 
f 639//629 636//626 790//756 
f 636//626 492//487 790//756 
f 492//487 489//484 790//756 
f 489//484 486//481 790//756 
f 486//481 639//629 790//756 
f 636//626 633//623 791//756 
f 633//623 498//493 791//756 
f 498//493 495//490 791//756 
f 495//490 492//487 791//756 
f 492//487 636//626 791//756 
f 633//623 630//620 792//756 
f 630//620 504//499 792//756 
f 504//499 501//496 792//756 
f 501//496 498//493 792//756 
f 498//493 633//623 792//756 
f 630//620 627//617 793//756 
f 627//617 510//505 793//756 
f 510//505 507//502 793//756 
f 507//502 504//499 793//756 
f 504//499 630//620 793//756 
f 627//617 624//614 794//756 
f 624//614 513//508 794//756 
f 513//508 510//505 794//756 
f 510//505 627//617 794//756 
f 624//614 621//611 795//756 
f 621//611 516//511 795//756 
f 516//511 513//508 795//756 
f 513//508 624//614 795//756 
f 621//611 618//608 796//756 
f 618//608 519//514 796//756 
f 519//514 516//511 796//756 
f 516//511 621//611 796//756 
f 618//608 615//605 797//756 
f 615//605 522//517 797//756 
f 522//517 519//514 797//756 
f 519//514 618//608 797//756 
f 615//605 612//602 798//756 
f 612//602 525//520 798//756 
f 525//520 522//517 798//756 
f 522//517 615//605 798//756 
f 612//602 609//599 799//756 
f 609//599 528//523 799//756 
f 528//523 525//520 799//756 
f 525//520 612//602 799//756 
f 609//599 606//596 800//756 
f 606//596 531//526 800//756 
f 531//526 528//523 800//756 
f 528//523 609//599 800//756 
f 606//596 603//593 801//756 
f 603//593 534//529 801//756 
f 534//529 531//526 801//756 
f 531//526 606//596 801//756 
f 603//593 600//590 802//756 
f 600//590 537//532 802//756 
f 537//532 534//529 802//756 
f 534//529 603//593 802//756 
f 426//423 540//535 803//756 
f 540//535 537//532 803//756 
f 537//532 426//423 803//756 
f 426//423 423//420 804//756 
f 423//420 1//1 804//756 
f 1//1 546//537 804//756 
f 546//537 543//173 804//756 
f 543//173 540//535 804//756 
f 540//535 426//423 804//756 
f 537//532 600//590 766//756 
f 600//590 597//587 766//756 
f 426//423 537//532 766//756 
f 423//420 420//417 805//756 
f 420//417 1//1 805//756 
f 1//1 423//420 805//756 
f 420//417 417//414 806//756 
f 417//414 1//1 806//756 
f 1//1 420//417 806//756 
f 417//414 414//411 807//756 
f 414//411 1//1 807//756 
f 1//1 417//414 807//756 
f 414//411 411//408 808//756 
f 411//408 9//9 808//756 
f 9//9 6//6 808//756 
f 6//6 2//2 808//756 
f 2//2 1//1 808//756 
f 1//1 414//411 808//756 
f 411//408 408//405 809//756 
f 408//405 27//27 809//756 
f 27//27 24//24 809//756 
f 24//24 21//21 809//756 
f 21//21 18//18 809//756 
f 18//18 15//15 809//756 
f 15//15 12//12 809//756 
f 12//12 9//9 809//756 
f 9//9 411//408 809//756 
f 408//405 405//402 810//756 
f 405//402 39//39 810//756 
f 39//39 36//36 810//756 
f 36//36 33//33 810//756 
f 33//33 30//30 810//756 
f 30//30 27//27 810//756 
f 27//27 408//405 810//756 
f 405//402 402//399 811//756 
f 402//399 51//51 811//756 
f 51//51 48//48 811//756 
f 48//48 45//45 811//756 
f 45//45 42//42 811//756 
f 42//42 39//39 811//756 
f 39//39 405//402 811//756 
f 402//399 399//396 812//756 
f 399//396 54//54 812//756 
f 54//54 51//51 812//756 
f 51//51 402//399 812//756 
f 399//396 396//394 813//756 
f 396//394 54//54 813//756 
f 54//54 399//396 813//756 
f 396//394 393//391 814//756 
f 393//391 54//54 814//756 
f 54//54 396//394 814//756 
f 393//391 708//698 815//756 
f 708//698 705//695 815//756 
f 705//695 54//54 815//756 
f 54//54 393//391 815//756 
f 204//203 816//756 702//692 817//756 
f 702//692 699//689 817//756 
f 699//689 204//203 817//756 
f 705//695 702//692 816//756 
f 204//203 201//200 816//756 
f 201//200 57//57 816//756 
f 57//57 54//54 816//756 
f 54//54 705//695 816//756 
f 201//200 198//197 818//756 
f 198//197 57//57 818//756 
f 57//57 201//200 818//756 
f 198//197 195//194 819//756 
f 195//194 57//57 819//756 
f 57//57 198//197 819//756 
f 195//194 192//191 820//756 
f 192//191 57//57 820//756 
f 57//57 195//194 820//756 
f 192//191 189//188 821//756 
f 189//188 57//57 821//756 
f 57//57 192//191 821//756 
f 189//188 186//185 822//756 
f 186//185 57//57 822//756 
f 57//57 189//188 822//756 
f 186//185 183//182 823//756 
f 183//182 57//57 823//756 
f 57//57 186//185 823//756 
f 183//182 180//179 824//756 
f 180//179 57//57 824//756 
f 57//57 183//182 824//756 
f 180//179 177//176 825//756 
f 177//176 57//57 825//756 
f 57//57 180//179 825//756 
f 177//176 174//173 826//756 
f 174//173 171//171 826//756 
f 171//171 168//168 826//756 
f 168//168 177//176 826//756 
f 168//168 165//165 827//756 
f 165//165 66//66 827//756 
f 66//66 63//63 827//756 
f 63//63 60//60 827//756 
f 60//60 57//57 827//756 
f 57//57 177//176 827//756 
f 177//176 168//168 827//756 
f 165//165 162//162 828//756 
f 162//162 72//72 828//756 
f 72//72 69//69 828//756 
f 69//69 66//66 828//756 
f 66//66 165//165 828//756 
f 162//162 159//159 829//756 
f 159//159 75//75 829//756 
f 75//75 72//72 829//756 
f 72//72 162//162 829//756 
f 159//159 156//156 830//756 
f 156//156 78//78 830//756 
f 78//78 75//75 830//756 
f 75//75 159//159 830//756 
f 156//156 153//153 831//756 
f 153//153 81//81 831//756 
f 81//81 78//78 831//756 
f 78//78 156//156 831//756 
f 153//153 150//150 832//756 
f 150//150 84//84 832//756 
f 84//84 81//81 832//756 
f 81//81 153//153 832//756 
f 150//150 147//147 833//756 
f 147//147 87//87 833//756 
f 87//87 84//84 833//756 
f 84//84 150//150 833//756 
f 147//147 144//144 834//756 
f 144//144 90//90 834//756 
f 90//90 87//87 834//756 
f 87//87 147//147 834//756 
f 144//144 141//141 835//756 
f 141//141 90//90 835//756 
f 90//90 144//144 835//756 
f 141//141 138//138 836//756 
f 138//138 93//93 836//756 
f 93//93 90//90 836//756 
f 90//90 141//141 836//756 
f 138//138 135//135 837//756 
f 135//135 96//96 837//756 
f 96//96 93//93 837//756 
f 93//93 138//138 837//756 
f 135//135 132//132 838//756 
f 132//132 102//102 838//756 
f 102//102 99//99 838//756 
f 99//99 96//96 838//756 
f 96//96 135//135 838//756 
f 132//132 129//129 839//756 
f 129//129 105//105 839//756 
f 105//105 102//102 839//756 
f 102//102 132//132 839//756 
f 129//129 126//126 840//756 
f 126//126 108//108 840//756 
f 108//108 105//105 840//756 
f 105//105 129//129 840//756 
f 126//126 123//123 841//756 
f 123//123 111//111 841//756 
f 111//111 108//108 841//756 
f 108//108 126//126 841//756 
f 123//123 120//120 842//756 
f 120//120 111//111 842//756 
f 111//111 123//123 842//756 
f 120//120 117//117 843//756 
f 117//117 111//111 843//756 
f 111//111 120//120 843//756 
f 117//117 114//114 844//756 
f 114//114 111//111 844//756 
f 111//111 117//117 844//756 
f 699//689 696//686 845//756 
f 696//686 204//203 845//756 
f 204//203 699//689 845//756 
f 696//686 693//683 846//756 
f 693//683 204//203 846//756 
f 204//203 696//686 846//756 
f 693//683 690//680 847//756 
f 690//680 210//209 847//756 
f 210//209 207//206 847//756 
f 207//206 204//203 847//756 
f 204//203 693//683 847//756 
f 690//680 687//677 848//756 
f 687//677 219//217 848//756 
f 219//217 216//214 848//756 
f 216//214 213//211 848//756 
f 213//211 210//209 848//756 
f 210//209 690//680 848//756 
f 687//677 684//674 849//756 
f 684//674 225//223 849//756 
f 225//223 222//220 849//756 
f 222//220 219//217 849//756 
f 219//217 687//677 849//756 
f 684//674 681//671 850//756 
f 681//671 231//229 850//756 
f 231//229 228//226 850//756 
f 228//226 225//223 850//756 
f 225//223 684//674 850//756 
f 681//671 678//668 851//756 
f 678//668 234//232 851//756 
f 234//232 231//229 851//756 
f 231//229 681//671 851//756 
f 678//668 675//665 852//756 
f 675//665 237//235 852//756 
f 237//235 234//232 852//756 
f 234//232 678//668 852//756 
f 675//665 672//662 853//756 
f 672//662 240//238 853//756 
f 240//238 237//235 853//756 
f 237//235 675//665 853//756 
f 672//662 669//659 854//756 
f 669//659 243//241 854//756 
f 243//241 240//238 854//756 
f 240//238 672//662 854//756 
f 669//659 666//656 855//756 
f 666//656 246//244 855//756 
f 246//244 243//241 855//756 
f 243//241 669//659 855//756 
f 666//656 663//653 856//756 
f 663//653 249//247 856//756 
f 249//247 246//244 856//756 
f 246//244 666//656 856//756 
f 663//653 659//649 857//756 
f 659//649 252//250 857//756 
f 252//250 249//247 857//756 
f 249//247 663//653 857//756 
f 659//649 658//648 858//756 
f 658//648 255//253 858//756 
f 255//253 252//250 858//756 
f 252//250 659//649 858//756 
f 658//648 762//752 859//756 
f 762//752 258//256 859//756 
f 258//256 255//253 859//756 
f 255//253 658//648 859//756 
f 762//752 759//749 860//756 
f 759//749 264//262 860//756 
f 264//262 261//259 860//756 
f 261//259 258//256 860//756 
f 258//256 762//752 860//756 
f 759//749 756//746 861//756 
f 756//746 273//271 861//756 
f 273//271 270//268 861//756 
f 270//268 267//265 861//756 
f 267//265 264//262 861//756 
f 264//262 759//749 861//756 
f 756//746 753//743 862//756 
f 753//743 282//280 862//756 
f 282//280 279//277 862//756 
f 279//277 276//274 862//756 
f 276//274 273//271 862//756 
f 273//271 756//746 862//756 
f 753//743 750//740 863//756 
f 750//740 291//289 863//756 
f 291//289 288//286 863//756 
f 288//286 285//283 863//756 
f 285//283 282//280 863//756 
f 282//280 753//743 863//756 
f 750//740 747//737 864//756 
f 747//737 300//298 864//756 
f 300//298 297//295 864//756 
f 297//295 294//292 864//756 
f 294//292 291//289 864//756 
f 291//289 750//740 864//756 
f 747//737 744//734 865//756 
f 744//734 309//307 865//756 
f 309//307 306//304 865//756 
f 306//304 303//301 865//756 
f 303//301 300//298 865//756 
f 300//298 747//737 865//756 
f 744//734 741//731 866//756 
f 741//731 318//316 866//756 
f 318//316 315//313 866//756 
f 315//313 312//310 866//756 
f 312//310 309//307 866//756 
f 309//307 744//734 866//756 
f 741//731 738//728 867//756 
f 738//728 327//325 867//756 
f 327//325 324//322 867//756 
f 324//322 321//319 867//756 
f 321//319 318//316 867//756 
f 318//316 741//731 867//756 
f 738//728 735//725 868//756 
f 735//725 336//334 868//756 
f 336//334 333//331 868//756 
f 333//331 330//328 868//756 
f 330//328 327//325 868//756 
f 327//325 738//728 868//756 
f 735//725 732//722 869//756 
f 732//722 342//340 869//756 
f 342//340 339//337 869//756 
f 339//337 336//334 869//756 
f 336//334 735//725 869//756 
f 732//722 729//719 870//756 
f 729//719 345//343 870//756 
f 345//343 342//340 870//756 
f 342//340 732//722 870//756 
f 729//719 726//716 871//756 
f 726//716 348//346 871//756 
f 348//346 345//343 871//756 
f 345//343 729//719 871//756 
f 726//716 723//713 872//756 
f 723//713 351//349 872//756 
f 351//349 348//346 872//756 
f 348//346 726//716 872//756 
f 723//713 720//710 873//756 
f 720//710 357//355 873//756 
f 357//355 354//352 873//756 
f 354//352 351//349 873//756 
f 351//349 723//713 873//756 
f 720//710 717//707 874//756 
f 717//707 360//358 874//756 
f 360//358 357//355 874//756 
f 357//355 720//710 874//756 
f 717//707 714//704 875//756 
f 714//704 363//361 875//756 
f 363//361 360//358 875//756 
f 360//358 717//707 875//756 
f 714//704 711//701 876//756 
f 711//701 369//367 876//756 
f 369//367 366//364 876//756 
f 366//364 363//361 876//756 
f 363//361 714//704 876//756 
f 711//701 708//698 877//756 
f 708//698 393//391 877//756 
f 393//391 390//388 877//756 
f 390//388 387//385 877//756 
f 387//385 384//382 877//756 
f 384//382 381//379 877//756 
f 381//379 378//376 877//756 
f 378//376 375//373 877//756 
f 375//373 372//370 877//756 
f 372//370 369//367 877//756 
f 369//367 711//701 877//756 
f 575//565 578//568 878//757 
f 578//568 428//424 878//757 
f 428//424 431//426 878//757 
f 431//426 434//429 878//757 
f 434//429 575//565 878//757 
f 59//59 179//178 879//757 
f 179//178 182//181 879//757 
f 182//181 59//59 879//757 
f 602//592 605//595 880//757 
f 605//595 536//531 880//757 
f 536//531 539//534 880//757 
f 539//534 602//592 880//757 
f 605//595 608//598 881//757 
f 608//598 533//528 881//757 
f 533//528 536//531 881//757 
f 536//531 605//595 881//757 
f 608//598 611//601 882//757 
f 611//601 530//525 882//757 
f 530//525 533//528 882//757 
f 533//528 608//598 882//757 
f 611//601 614//604 883//757 
f 614//604 527//522 883//757 
f 527//522 530//525 883//757 
f 530//525 611//601 883//757 
f 614//604 617//607 884//757 
f 617//607 524//519 884//757 
f 524//519 527//522 884//757 
f 527//522 614//604 884//757 
f 617//607 620//610 885//757 
f 620//610 521//516 885//757 
f 521//516 524//519 885//757 
f 524//519 617//607 885//757 
f 620//610 623//613 886//757 
f 623//613 518//513 886//757 
f 518//513 521//516 886//757 
f 521//516 620//610 886//757 
f 623//613 626//616 887//757 
f 626//616 515//510 887//757 
f 515//510 518//513 887//757 
f 518//513 623//613 887//757 
f 626//616 629//619 888//757 
f 629//619 512//507 888//757 
f 512//507 515//510 888//757 
f 515//510 626//616 888//757 
f 629//619 632//622 889//757 
f 632//622 506//501 889//757 
f 506//501 509//504 889//757 
f 509//504 512//507 889//757 
f 512//507 629//619 889//757 
f 632//622 635//625 890//757 
f 635//625 500//495 890//757 
f 500//495 503//498 890//757 
f 503//498 506//501 890//757 
f 506//501 632//622 890//757 
f 635//625 638//628 891//757 
f 638//628 494//489 891//757 
f 494//489 497//492 891//757 
f 497//492 500//495 891//757 
f 500//495 635//625 891//757 
f 638//628 641//631 892//757 
f 641//631 488//483 892//757 
f 488//483 491//486 892//757 
f 491//486 494//489 892//757 
f 494//489 638//628 892//757 
f 641//631 644//634 893//757 
f 644//634 482//477 893//757 
f 482//477 485//480 893//757 
f 485//480 488//483 893//757 
f 488//483 641//631 893//757 
f 644//634 647//637 894//757 
f 647//637 473//468 894//757 
f 473//468 476//471 894//757 
f 476//471 479//474 894//757 
f 479//474 482//477 894//757 
f 482//477 644//634 894//757 
f 647//637 650//640 895//757 
f 650//640 467//462 895//757 
f 467//462 470//465 895//757 
f 470//465 473//468 895//757 
f 473//468 647//637 895//757 
f 650//640 653//643 896//757 
f 653//643 464//459 896//757 
f 464//459 467//462 896//757 
f 467//462 650//640 896//757 
f 653//643 656//646 897//757 
f 656//646 458//453 897//757 
f 458//453 461//456 897//757 
f 461//456 464//459 897//757 
f 464//459 653//643 897//757 
f 656//646 554//544 898//757 
f 554//544 455//450 898//757 
f 455//450 458//453 898//757 
f 458//453 656//646 898//757 
f 554//544 553//543 899//757 
f 553//543 455//450 899//757 
f 455//450 554//544 899//757 
f 553//543 557//547 900//757 
f 557//547 452//447 900//757 
f 452//447 455//450 900//757 
f 455//450 553//543 900//757 
f 557//547 560//550 901//757 
f 560//550 449//444 901//757 
f 449//444 452//447 901//757 
f 452//447 557//547 901//757 
f 560//550 563//553 902//757 
f 563//553 446//441 902//757 
f 446//441 449//444 902//757 
f 449//444 560//550 902//757 
f 563//553 566//556 903//757 
f 566//556 443//438 903//757 
f 443//438 446//441 903//757 
f 446//441 563//553 903//757 
f 566//556 569//559 904//757 
f 569//559 440//435 904//757 
f 440//435 443//438 904//757 
f 443//438 566//556 904//757 
f 569//559 572//562 905//757 
f 572//562 437//432 905//757 
f 437//432 440//435 905//757 
f 440//435 569//559 905//757 
f 572//562 575//565 906//757 
f 575//565 434//429 906//757 
f 434//429 437//432 906//757 
f 437//432 572//562 906//757 
f 542//536 545//175 907//757 
f 545//175 548//538 907//757 
f 548//538 5//5 907//757 
f 5//5 542//536 907//757 
f 113//113 116//116 908//757 
f 116//116 119//119 908//757 
f 119//119 113//113 908//757 
f 182//181 185//184 909//757 
f 185//184 59//59 909//757 
f 59//59 182//181 909//757 
f 185//184 188//187 910//757 
f 188//187 59//59 910//757 
f 59//59 185//184 910//757 
f 188//187 191//190 911//757 
f 191//190 59//59 911//757 
f 59//59 188//187 911//757 
f 191//190 194//193 912//757 
f 194//193 59//59 912//757 
f 59//59 191//190 912//757 
f 194//193 197//196 913//757 
f 197//196 59//59 913//757 
f 59//59 194//193 913//757 
f 197//196 200//199 914//757 
f 200//199 59//59 914//757 
f 59//59 197//196 914//757 
f 200//199 203//202 915//757 
f 203//202 59//59 915//757 
f 59//59 200//199 915//757 
f 203//202 206//205 916//757 
f 704//694 707//697 916//757 
f 707//697 56//56 916//757 
f 56//56 59//59 916//757 
f 59//59 203//202 916//757 
f 710//700 374//372 917//757 
f 374//372 377//375 917//757 
f 377//375 380//378 917//757 
f 380//378 383//381 917//757 
f 383//381 386//384 917//757 
f 386//384 389//387 917//757 
f 389//387 392//390 917//757 
f 392//390 395//393 917//757 
f 395//393 710//700 917//757 
f 710//700 713//703 918//757 
f 713//703 371//369 918//757 
f 371//369 374//372 918//757 
f 374//372 710//700 918//757 
f 395//393 398//395 919//757 
f 398//395 56//56 919//757 
f 56//56 395//393 919//757 
f 395//393 56//56 920//757 
f 56//56 707//697 920//757 
f 707//697 710//700 920//757 
f 710//700 395//393 920//757 
f 398//395 401//398 921//757 
f 401//398 56//56 921//757 
f 56//56 398//395 921//757 
f 401//398 404//401 922//757 
f 404//401 53//53 922//757 
f 53//53 56//56 922//757 
f 56//56 401//398 922//757 
f 404//401 407//404 923//757 
f 407//404 41//41 923//757 
f 41//41 44//44 923//757 
f 44//44 47//47 923//757 
f 47//47 50//50 923//757 
f 50//50 53//53 923//757 
f 53//53 404//401 923//757 
f 407//404 410//407 924//757 
f 410//407 29//29 924//757 
f 29//29 32//32 924//757 
f 32//32 35//35 924//757 
f 35//35 38//38 924//757 
f 38//38 41//41 924//757 
f 41//41 407//404 924//757 
f 410//407 413//410 925//757 
f 413//410 11//11 925//757 
f 11//11 14//14 925//757 
f 14//14 17//17 925//757 
f 17//17 20//20 925//757 
f 20//20 23//23 925//757 
f 23//23 26//26 925//757 
f 26//26 29//29 925//757 
f 29//29 410//407 925//757 
f 413//410 416//413 926//757 
f 416//413 5//5 926//757 
f 5//5 4//4 926//757 
f 4//4 8//8 926//757 
f 8//8 11//11 926//757 
f 11//11 413//410 926//757 
f 416//413 419//416 927//757 
f 419//416 5//5 927//757 
f 5//5 416//413 927//757 
f 419//416 422//419 928//757 
f 422//419 5//5 928//757 
f 5//5 419//416 928//757 
f 422//419 425//422 929//757 
f 425//422 5//5 929//757 
f 5//5 422//419 929//757 
f 425//422 428//424 930//757 
f 428//424 542//536 930//757 
f 542//536 5//5 930//757 
f 5//5 425//422 930//757 
f 599//589 539//534 931//757 
f 539//534 542//536 931//757 
f 542//536 428//424 931//757 
f 713//703 716//706 932//757 
f 716//706 365//363 932//757 
f 365//363 368//366 932//757 
f 368//366 371//369 932//757 
f 371//369 713//703 932//757 
f 716//706 719//709 933//757 
f 719//709 362//360 933//757 
f 362//360 365//363 933//757 
f 365//363 716//706 933//757 
f 719//709 722//712 934//757 
f 722//712 359//357 934//757 
f 359//357 362//360 934//757 
f 362//360 719//709 934//757 
f 722//712 725//715 935//757 
f 725//715 353//351 935//757 
f 353//351 356//354 935//757 
f 356//354 359//357 935//757 
f 359//357 722//712 935//757 
f 725//715 728//718 936//757 
f 728//718 350//348 936//757 
f 350//348 353//351 936//757 
f 353//351 725//715 936//757 
f 728//718 731//721 937//757 
f 731//721 347//345 937//757 
f 347//345 350//348 937//757 
f 350//348 728//718 937//757 
f 731//721 734//724 938//757 
f 734//724 344//342 938//757 
f 344//342 347//345 938//757 
f 347//345 731//721 938//757 
f 734//724 737//727 939//757 
f 737//727 338//336 939//757 
f 338//336 341//339 939//757 
f 341//339 344//342 939//757 
f 344//342 734//724 939//757 
f 737//727 740//730 940//757 
f 740//730 329//327 940//757 
f 329//327 332//330 940//757 
f 332//330 335//333 940//757 
f 335//333 338//336 940//757 
f 338//336 737//727 940//757 
f 740//730 743//733 941//757 
f 743//733 320//318 941//757 
f 320//318 323//321 941//757 
f 323//321 326//324 941//757 
f 326//324 329//327 941//757 
f 329//327 740//730 941//757 
f 743//733 746//736 942//757 
f 746//736 311//309 942//757 
f 311//309 314//312 942//757 
f 314//312 317//315 942//757 
f 317//315 320//318 942//757 
f 320//318 743//733 942//757 
f 746//736 749//739 943//757 
f 749//739 302//300 943//757 
f 302//300 305//303 943//757 
f 305//303 308//306 943//757 
f 308//306 311//309 943//757 
f 311//309 746//736 943//757 
f 749//739 752//742 944//757 
f 752//742 293//291 944//757 
f 293//291 296//294 944//757 
f 296//294 299//297 944//757 
f 299//297 302//300 944//757 
f 302//300 749//739 944//757 
f 752//742 755//745 945//757 
f 755//745 284//282 945//757 
f 284//282 287//285 945//757 
f 287//285 290//288 945//757 
f 290//288 293//291 945//757 
f 293//291 752//742 945//757 
f 755//745 758//748 946//757 
f 758//748 275//273 946//757 
f 275//273 278//276 946//757 
f 278//276 281//279 946//757 
f 281//279 284//282 946//757 
f 284//282 755//745 946//757 
f 758//748 761//751 947//757 
f 761//751 266//264 947//757 
f 266//264 269//267 947//757 
f 269//267 272//270 947//757 
f 272//270 275//273 947//757 
f 275//273 758//748 947//757 
f 761//751 764//754 948//757 
f 764//754 260//258 948//757 
f 260//258 263//261 948//757 
f 263//261 266//264 948//757 
f 266//264 761//751 948//757 
f 764//754 662//652 949//757 
f 662//652 257//255 949//757 
f 257//255 260//258 949//757 
f 260//258 764//754 949//757 
f 662//652 661//651 950//757 
f 661//651 254//252 950//757 
f 254//252 257//255 950//757 
f 257//255 662//652 950//757 
f 661//651 665//655 951//757 
f 665//655 251//249 951//757 
f 251//249 254//252 951//757 
f 254//252 661//651 951//757 
f 665//655 668//658 952//757 
f 668//658 248//246 952//757 
f 248//246 251//249 952//757 
f 251//249 665//655 952//757 
f 668//658 671//661 953//757 
f 671//661 245//243 953//757 
f 245//243 248//246 953//757 
f 248//246 668//658 953//757 
f 671//661 674//664 954//757 
f 674//664 242//240 954//757 
f 242//240 245//243 954//757 
f 245//243 671//661 954//757 
f 674//664 677//667 955//757 
f 677//667 239//237 955//757 
f 239//237 242//240 955//757 
f 242//240 674//664 955//757 
f 677//667 680//670 956//757 
f 680//670 236//234 956//757 
f 236//234 239//237 956//757 
f 239//237 677//667 956//757 
f 680//670 683//673 957//757 
f 683//673 233//231 957//757 
f 233//231 236//234 957//757 
f 236//234 680//670 957//757 
f 683//673 686//676 958//757 
f 686//676 227//225 958//757 
f 227//225 230//228 958//757 
f 230//228 233//231 958//757 
f 233//231 683//673 958//757 
f 686//676 689//679 959//757 
f 689//679 221//219 959//757 
f 221//219 224//222 959//757 
f 224//222 227//225 959//757 
f 227//225 686//676 959//757 
f 689//679 692//682 960//757 
f 692//682 212//210 960//757 
f 212//210 215//213 960//757 
f 215//213 218//216 960//757 
f 218//216 221//219 960//757 
f 221//219 689//679 960//757 
f 692//682 695//685 961//757 
f 695//685 206//205 961//757 
f 206//205 209//208 961//757 
f 209//208 212//210 961//757 
f 212//210 692//682 961//757 
f 695//685 698//688 962//757 
f 698//688 206//205 962//757 
f 206//205 695//685 962//757 
f 698//688 701//691 963//757 
f 701//691 206//205 963//757 
f 206//205 698//688 963//757 
f 701//691 704//694 964//757 
f 704//694 916//757 206//205 964//757 
f 206//205 701//691 964//757 
f 119//119 122//122 965//757 
f 122//122 113//113 965//757 
f 113//113 119//119 965//757 
f 122//122 125//125 966//757 
f 125//125 113//113 966//757 
f 113//113 122//122 966//757 
f 125//125 128//128 967//757 
f 128//128 110//110 967//757 
f 110//110 113//113 967//757 
f 113//113 125//125 967//757 
f 128//128 131//131 968//757 
f 131//131 107//107 968//757 
f 107//107 110//110 968//757 
f 110//110 128//128 968//757 
f 131//131 134//134 969//757 
f 134//134 104//104 969//757 
f 104//104 107//107 969//757 
f 107//107 131//131 969//757 
f 134//134 137//137 970//757 
f 137//137 98//98 970//757 
f 98//98 101//101 970//757 
f 101//101 104//104 970//757 
f 104//104 134//134 970//757 
f 137//137 140//140 971//757 
f 140//140 95//95 971//757 
f 95//95 98//98 971//757 
f 98//98 137//137 971//757 
f 140//140 143//143 972//757 
f 143//143 92//92 972//757 
f 92//92 95//95 972//757 
f 95//95 140//140 972//757 
f 143//143 146//146 973//757 
f 146//146 92//92 973//757 
f 92//92 143//143 973//757 
f 146//146 149//149 974//757 
f 149//149 89//89 974//757 
f 89//89 92//92 974//757 
f 92//92 146//146 974//757 
f 149//149 152//152 975//757 
f 152//152 86//86 975//757 
f 86//86 89//89 975//757 
f 89//89 149//149 975//757 
f 152//152 155//155 976//757 
f 155//155 83//83 976//757 
f 83//83 86//86 976//757 
f 86//86 152//152 976//757 
f 155//155 158//158 977//757 
f 158//158 80//80 977//757 
f 80//80 83//83 977//757 
f 83//83 155//155 977//757 
f 158//158 161//161 978//757 
f 161//161 77//77 978//757 
f 77//77 80//80 978//757 
f 80//80 158//158 978//757 
f 161//161 164//164 979//757 
f 164//164 74//74 979//757 
f 74//74 77//77 979//757 
f 77//77 161//161 979//757 
f 164//164 167//167 980//757 
f 167//167 68//68 980//757 
f 68//68 71//71 980//757 
f 71//71 74//74 980//757 
f 74//74 164//164 980//757 
f 167//167 170//170 981//757 
f 170//170 179//178 981//757 
f 179//178 59//59 981//757 
f 59//59 62//62 981//757 
f 62//62 65//65 981//757 
f 65//65 68//68 981//757 
f 68//68 167//167 981//757 
f 170//170 173//172 982//757 
f 173//172 176//175 982//757 
f 176//175 179//178 982//757 
f 179//178 170//170 982//757 
f 578//568 581//571 983//757 
f 581//571 428//424 983//757 
f 428//424 578//568 983//757 
f 581//571 584//574 984//757 
f 584//574 428//424 984//757 
f 428//424 581//571 984//757 
f 584//574 587//577 985//757 
f 587//577 428//424 985//757 
f 428//424 584//574 985//757 
f 587//577 590//580 986//757 
f 590//580 428//424 986//757 
f 428//424 587//577 986//757 
f 590//580 593//583 987//757 
f 593//583 428//424 987//757 
f 428//424 590//580 987//757 
f 593//583 596//586 988//757 
f 596//586 428//424 988//757 
f 428//424 593//583 988//757 
f 596//586 599//589 989//757 
f 599//589 931//757 428//424 989//757 
f 428//424 596//586 989//757 
# 4 polygons - 1974 triangles

