# 3ds Max Wavefront OBJ Exporter v0.97b - (c)2007 guruware
# File Created: 10.09.2020 19:00:58

#
# object Object004
#

v  -66.2790 10.0000 36.4148
v  -66.7731 10.0000 36.2135
v  -66.6084 6.6667 36.2806
v  -66.7731 0.0000 36.2135
v  -66.2790 0.0000 36.4148
v  -66.4437 3.3333 36.3477
v  -65.7788 10.0000 36.5892
v  -66.1123 6.6667 36.4729
v  -65.7788 0.0000 36.5892
v  -65.9455 3.3333 36.5310
v  -65.2727 10.0000 36.7368
v  -65.6101 6.6667 36.6384
v  -65.2727 0.0000 36.7368
v  -65.4414 3.3333 36.6876
v  -64.7607 10.0000 36.8575
v  -65.1020 6.6667 36.7770
v  -64.7607 0.0000 36.8575
v  -64.9314 3.3333 36.8173
v  -64.2426 10.0000 36.9514
v  -64.5880 6.6667 36.8888
v  -64.2426 0.0000 36.9514
v  -64.4153 3.3333 36.9201
v  -63.7187 10.0000 37.0185
v  -64.0680 6.6667 36.9738
v  -63.7187 0.0000 37.0185
v  -63.8933 3.3333 36.9961
v  -63.1887 10.0000 37.0588
v  -63.5420 6.6667 37.0319
v  -63.1887 0.0000 37.0588
v  -63.3654 3.3333 37.0453
v  -62.6528 10.0000 37.0722
v  -63.0101 6.6667 37.0632
v  -62.6528 0.0000 37.0722
v  -62.8314 3.3333 37.0677
v  -60.8577 10.0000 36.9684
v  -62.0544 6.6667 37.0376
v  -60.8577 0.0000 36.9684
v  -61.4561 3.3333 37.0030
v  -59.2738 10.0000 36.6573
v  -60.3297 6.6667 36.8647
v  -59.2738 0.0000 36.6573
v  -59.8018 3.3333 36.7610
v  -57.9011 10.0000 36.1386
v  -58.8162 6.6667 36.4844
v  -57.9011 0.0000 36.1386
v  -58.3587 3.3333 36.3115
v  -56.7396 10.0000 35.4125
v  -57.5139 6.6667 35.8966
v  -56.7396 0.0000 35.4125
v  -57.1267 3.3333 35.6545
v  -55.7892 10.0000 34.4789
v  -56.4228 6.6667 35.1013
v  -55.7892 0.0000 34.4789
v  -56.1060 3.3333 34.7901
v  -55.0501 10.0000 33.3379
v  -55.5429 6.6667 34.0986
v  -55.0501 0.0000 33.3379
v  -55.2965 3.3333 33.7182
v  -54.5221 10.0000 31.9894
v  -54.8741 6.6667 32.8884
v  -54.5221 0.0000 31.9894
v  -54.6981 3.3333 32.4389
v  -54.2053 10.0000 30.4335
v  -54.4165 6.6667 31.4708
v  -54.2053 0.0000 30.4335
v  -54.3109 3.3333 30.9521
v  -54.0997 10.0000 28.6701
v  -54.1701 6.6667 29.8457
v  -54.0997 0.0000 28.6701
v  -54.1349 3.3333 29.2579
v  -54.2029 10.0000 26.8180
v  -54.1341 6.6667 28.0527
v  -54.2029 0.0000 26.8180
v  -54.1685 3.3333 27.4353
v  -54.5123 10.0000 25.1838
v  -54.3060 6.6667 26.2732
v  -54.5123 0.0000 25.1838
v  -54.4092 3.3333 25.7285
v  -55.0280 10.0000 23.7674
v  -54.6842 6.6667 24.7117
v  -55.0280 0.0000 23.7674
v  -54.8561 3.3333 24.2396
v  -55.7500 10.0000 22.5690
v  -55.2687 6.6667 23.3680
v  -55.7500 0.0000 22.5690
v  -55.5093 3.3333 22.9685
v  -56.6782 10.0000 21.5885
v  -56.0594 6.6667 22.2422
v  -56.6782 0.0000 21.5885
v  -56.3688 3.3333 21.9153
v  -57.8128 10.0000 20.8259
v  -57.0564 6.6667 21.3343
v  -57.8128 0.0000 20.8259
v  -57.4346 3.3333 21.0801
v  -59.1536 10.0000 20.2811
v  -58.2597 6.6667 20.6443
v  -59.1536 0.0000 20.2811
v  -58.7066 3.3333 20.4627
v  -60.7007 10.0000 19.9543
v  -59.6693 6.6667 20.1722
v  -60.7007 0.0000 19.9543
v  -60.1850 3.3333 20.0632
v  -62.4540 10.0000 19.8453
v  -61.2851 6.6667 19.9180
v  -62.4540 0.0000 19.8453
v  -61.8696 3.3333 19.8817
v  -63.7917 10.0000 19.9184
v  -62.8999 6.6667 19.8697
v  -63.7917 0.0000 19.9184
v  -63.3458 3.3333 19.8940
v  -65.0453 10.0000 20.1375
v  -64.2096 6.6667 19.9914
v  -65.0453 0.0000 20.1375
v  -64.6274 3.3333 20.0645
v  -66.2149 10.0000 20.5028
v  -65.4352 6.6667 20.2593
v  -66.2149 0.0000 20.5028
v  -65.8250 3.3333 20.3810
v  -67.3004 10.0000 21.0141
v  -66.5767 6.6667 20.6732
v  -67.3004 0.0000 21.0141
v  -66.9386 3.3333 20.8436
v  -68.3019 10.0000 21.6715
v  -67.6342 6.6667 21.2332
v  -68.3019 0.0000 21.6715
v  -67.9681 3.3333 21.4524
v  -69.2193 10.0000 22.4750
v  -68.6077 6.6667 21.9393
v  -69.2193 0.0000 22.4750
v  -68.9135 3.3333 22.2072
v  -70.0527 10.0000 23.4246
v  -69.4971 6.6667 22.7915
v  -70.0527 0.0000 23.4246
v  -69.7749 3.3333 23.1081
v  -70.8021 10.0000 24.5203
v  -70.3025 6.6667 23.7898
v  -70.8021 0.0000 24.5203
v  -70.5523 3.3333 24.1550
v  -71.4674 10.0000 25.7620
v  -71.0239 6.6667 24.9342
v  -71.4674 0.0000 25.7620
v  -71.2457 3.3333 25.3481
v  -72.0561 10.0000 27.1084
v  -71.6637 6.6667 26.2108
v  -72.0561 0.0000 27.1084
v  -71.8599 3.3333 26.6596
v  -72.5755 10.0000 28.5178
v  -72.2293 6.6667 27.5782
v  -72.5755 0.0000 28.5178
v  -72.4024 3.3333 28.0480
v  -73.0257 10.0000 29.9902
v  -72.7256 6.6667 29.0086
v  -73.0257 0.0000 29.9902
v  -72.8757 3.3333 29.4994
v  -73.4066 10.0000 31.5257
v  -73.1527 6.6667 30.5020
v  -73.4066 0.0000 31.5257
v  -73.2797 3.3333 31.0139
v  -73.7183 10.0000 33.1242
v  -73.5105 6.6667 32.0585
v  -73.7183 0.0000 33.1242
v  -73.6144 3.3333 32.5914
v  -73.9607 10.0000 34.7858
v  -73.7991 6.6667 33.6781
v  -73.9607 0.0000 34.7858
v  -73.8799 3.3333 34.2319
v  -74.1338 10.0000 36.5104
v  -74.0184 6.6667 35.3606
v  -74.1338 0.0000 36.5104
v  -74.0761 3.3333 35.9355
v  -74.2377 10.0000 38.2980
v  -74.1685 6.6667 37.1063
v  -74.2377 0.0000 38.2980
v  -74.2031 3.3333 37.7022
v  -74.2723 10.0000 40.1488
v  -74.2493 6.6667 38.9149
v  -74.2723 0.0000 40.1488
v  -74.2608 3.3333 39.5318
v  -74.3765 10.0000 39.9320
v  -74.3071 6.6667 40.0765
v  -74.3765 0.0000 39.9320
v  -74.3418 3.3333 40.0042
v  -74.5002 10.0000 39.5734
v  -74.4177 6.6667 39.8124
v  -74.5002 0.0000 39.5734
v  -74.4590 3.3333 39.6929
v  -74.6432 10.0000 39.0731
v  -74.5479 6.6667 39.4066
v  -74.6432 0.0000 39.0731
v  -74.5956 3.3333 39.2398
v  -74.8058 10.0000 38.4309
v  -74.6974 6.6667 38.8590
v  -74.8058 0.0000 38.4309
v  -74.7516 3.3333 38.6450
v  -74.9877 10.0000 37.6470
v  -74.8664 6.6667 38.1696
v  -74.9877 0.0000 37.6470
v  -74.9271 3.3333 37.9083
v  -75.1891 10.0000 36.7214
v  -75.0549 6.6667 37.3385
v  -75.1891 0.0000 36.7214
v  -75.1220 3.3333 37.0299
v  -75.4100 10.0000 35.6539
v  -75.2627 6.6667 36.3656
v  -75.4100 0.0000 35.6539
v  -75.3364 3.3333 36.0098
v  -75.6503 10.0000 34.4447
v  -75.4901 6.6667 35.2509
v  -75.6503 0.0000 34.4447
v  -75.5702 3.3333 34.8478
v  -75.9100 10.0000 33.0938
v  -75.7368 6.6667 33.9944
v  -75.9100 0.0000 33.0938
v  -75.8234 3.3333 33.5441
v  -76.1645 10.0000 31.7073
v  -75.9948 6.6667 32.6316
v  -76.1645 0.0000 31.7073
v  -76.0796 3.3333 32.1694
v  -76.3890 10.0000 30.3917
v  -76.2393 6.6667 31.2688
v  -76.3890 0.0000 30.3917
v  -76.3142 3.3333 30.8302
v  -76.5836 10.0000 29.1469
v  -76.4539 6.6667 29.9768
v  -76.5836 0.0000 29.1469
v  -76.5188 3.3333 29.5618
v  -76.7483 10.0000 27.9730
v  -76.6385 6.6667 28.7556
v  -76.7483 0.0000 27.9730
v  -76.6934 3.3333 28.3643
v  -76.8830 10.0000 26.8699
v  -76.7932 6.6667 27.6053
v  -76.8830 0.0000 26.8699
v  -76.8381 3.3333 27.2376
v  -76.9878 10.0000 25.8376
v  -76.9179 6.6667 26.5258
v  -76.9878 0.0000 25.8376
v  -76.9529 3.3333 26.1817
v  -77.0626 10.0000 24.8762
v  -77.0127 6.6667 25.5172
v  -77.0626 0.0000 24.8762
v  -77.0377 3.3333 25.1967
v  -77.1075 10.0000 23.9857
v  -77.0776 6.6667 24.5794
v  -77.1075 0.0000 23.9857
v  -77.0926 3.3333 24.2825
v  -77.1225 10.0000 23.1659
v  -77.1125 6.6667 23.7124
v  -77.1225 0.0000 23.1659
v  -77.1175 3.3333 23.4392
v  -77.0796 10.0000 21.9558
v  -77.1082 6.6667 22.7626
v  -77.0796 0.0000 21.9558
v  -77.0939 3.3333 22.3592
v  -76.9509 10.0000 20.7974
v  -77.0367 6.6667 21.5697
v  -76.9509 0.0000 20.7974
v  -76.9938 3.3333 21.1835
v  -76.7364 10.0000 19.6906
v  -76.8794 6.6667 20.4285
v  -76.7364 0.0000 19.6906
v  -76.8079 3.3333 20.0595
v  -76.4360 10.0000 18.6356
v  -76.6363 6.6667 19.3390
v  -76.4360 0.0000 18.6356
v  -76.5361 3.3333 18.9873
v  -76.0499 10.0000 17.6323
v  -76.3073 6.6667 18.3012
v  -76.0499 0.0000 17.6323
v  -76.1786 3.3333 17.9668
v  -75.5779 10.0000 16.6807
v  -75.8926 6.6667 17.3151
v  -75.5779 0.0000 16.6807
v  -75.7353 3.3333 16.9979
v  -75.0202 10.0000 15.7808
v  -75.3920 6.6667 16.3808
v  -75.0202 0.0000 15.7808
v  -75.2061 3.3333 16.0808
v  -74.3766 10.0000 14.9327
v  -74.8056 6.6667 15.4981
v  -74.3766 0.0000 14.9327
v  -74.5911 3.3333 15.2154
v  -73.6472 10.0000 14.1362
v  -74.1335 6.6667 14.6672
v  -73.6472 0.0000 14.1362
v  -73.8903 3.3333 14.4017
v  -72.8387 10.0000 13.4084
v  -73.3777 6.6667 13.8936
v  -72.8387 0.0000 13.4084
v  -73.1082 3.3333 13.6510
v  -71.9576 10.0000 12.7662
v  -72.5450 6.6667 13.1943
v  -71.9576 0.0000 12.7662
v  -72.2513 3.3333 12.9803
v  -71.0040 10.0000 12.2097
v  -71.6397 6.6667 12.5807
v  -71.0040 0.0000 12.2097
v  -71.3219 3.3333 12.3952
v  -69.9779 10.0000 11.7387
v  -70.6620 6.6667 12.0527
v  -69.9779 0.0000 11.7387
v  -70.3199 3.3333 11.8957
v  -68.8793 10.0000 11.3534
v  -69.6117 6.6667 11.6103
v  -68.8793 0.0000 11.3534
v  -69.2455 3.3333 11.4819
v  -67.7081 10.0000 11.0537
v  -68.4889 6.6667 11.2535
v  -67.7081 0.0000 11.0537
v  -68.0985 3.3333 11.1536
v  -66.4645 10.0000 10.8397
v  -67.2936 6.6667 10.9824
v  -66.4645 0.0000 10.8397
v  -66.8791 3.3333 10.9110
v  -65.1483 10.0000 10.7112
v  -66.0258 6.6667 10.7969
v  -65.1483 0.0000 10.7112
v  -65.5871 3.3333 10.7541
v  -63.7596 10.0000 10.6684
v  -64.6854 6.6667 10.6970
v  -63.7596 0.0000 10.6684
v  -64.2225 3.3333 10.6827
v  -60.9551 10.0000 10.8231
v  -62.8248 6.6667 10.7200
v  -60.9551 0.0000 10.8231
v  -61.8899 3.3333 10.7716
v  -58.4805 10.0000 11.2872
v  -60.1302 6.6667 10.9778
v  -58.4805 0.0000 11.2872
v  -59.3054 3.3333 11.1325
v  -56.3358 10.0000 12.0607
v  -57.7656 6.6667 11.5450
v  -56.3358 0.0000 12.0607
v  -57.0507 3.3333 11.8029
v  -54.5211 10.0000 13.1435
v  -55.7309 6.6667 12.4216
v  -54.5211 0.0000 13.1435
v  -55.1260 3.3333 12.7826
v  -53.0364 10.0000 14.5358
v  -54.0262 6.6667 13.6076
v  -53.0364 0.0000 14.5358
v  -53.5313 3.3333 14.0717
v  -51.8815 10.0000 16.2374
v  -52.6514 6.6667 15.1030
v  -51.8815 0.0000 16.2374
v  -52.2665 3.3333 15.6702
v  -51.0567 10.0000 18.2484
v  -51.6066 6.6667 16.9078
v  -51.0567 0.0000 18.2484
v  -51.3316 3.3333 17.5781
v  -50.5618 10.0000 20.5688
v  -50.8917 6.6667 19.0219
v  -50.5618 0.0000 20.5688
v  -50.7267 3.3333 19.7954
v  -50.3968 10.0000 23.1986
v  -50.5068 6.6667 21.4454
v  -50.3968 0.0000 23.1986
v  -50.4518 3.3333 22.3220
v  -50.3968 10.0000 54.1380
v  -50.3968 6.6667 33.5118
v  -50.3968 0.0000 54.1380
v  -50.3968 3.3333 43.8249
v  -40.5759 10.0000 54.1380
v  -47.1231 6.6667 54.1380
v  -40.5759 0.0000 54.1380
v  -43.8495 3.3333 54.1380
v  -40.5759 10.0000 22.5446
v  -40.5759 6.6667 43.6069
v  -40.5759 0.0000 22.5446
v  -40.5759 3.3333 33.0757
v  -40.6584 10.0000 20.4842
v  -40.6034 6.6667 21.8578
v  -40.6584 0.0000 20.4842
v  -40.6309 3.3333 21.1710
v  -40.9058 10.0000 18.5561
v  -40.7409 6.6667 19.8415
v  -40.9058 0.0000 18.5561
v  -40.8233 3.3333 19.1988
v  -41.3183 10.0000 16.7602
v  -41.0433 6.6667 17.9575
v  -41.3183 0.0000 16.7602
v  -41.1808 3.3333 17.3589
v  -41.8957 10.0000 15.0967
v  -41.5107 6.6667 16.2057
v  -41.8957 0.0000 15.0967
v  -41.7032 3.3333 15.6512
v  -42.6381 10.0000 13.5654
v  -42.1431 6.6667 14.5862
v  -42.6381 0.0000 13.5654
v  -42.3906 3.3333 14.0758
v  -43.5454 10.0000 12.1663
v  -42.9405 6.6667 13.0990
v  -43.5454 0.0000 12.1663
v  -43.2430 3.3333 12.6327
v  -44.6177 10.0000 10.8996
v  -43.9028 6.6667 11.7441
v  -44.6177 0.0000 10.8996
v  -44.2603 3.3333 11.3218
v  -45.8550 10.0000 9.7651
v  -45.0302 6.6667 10.5214
v  -45.8550 0.0000 9.7651
v  -45.4426 3.3333 10.1433
v  -47.2573 10.0000 8.7629
v  -46.3225 6.6667 9.4310
v  -47.2573 0.0000 8.7629
v  -46.7899 3.3333 9.0969
v  -48.7710 10.0000 7.8788
v  -47.7619 6.6667 8.4682
v  -48.7710 0.0000 7.8788
v  -48.2664 3.3333 8.1735
v  -50.3426 10.0000 7.0987
v  -49.2949 6.6667 7.6188
v  -50.3426 0.0000 7.0987
v  -49.8187 3.3333 7.3587
v  -51.9721 10.0000 6.4227
v  -50.8858 6.6667 6.8734
v  -51.9721 0.0000 6.4227
v  -51.4289 3.3333 6.6480
v  -53.6595 10.0000 5.8506
v  -52.5346 6.6667 6.2320
v  -53.6595 0.0000 5.8506
v  -53.0970 3.3333 6.0413
v  -55.4048 10.0000 5.3826
v  -54.2412 6.6667 5.6946
v  -55.4048 0.0000 5.3826
v  -54.8230 3.3333 5.5386
v  -57.2079 10.0000 5.0185
v  -56.0058 6.6667 5.2612
v  -57.2079 0.0000 5.0185
v  -56.6068 3.3333 5.1399
v  -59.0690 10.0000 4.7585
v  -57.8282 6.6667 4.9319
v  -59.0690 0.0000 4.7585
v  -58.4486 3.3333 4.8452
v  -60.9879 10.0000 4.6025
v  -59.7086 6.6667 4.7065
v  -60.9879 0.0000 4.6025
v  -60.3483 3.3333 4.6545
v  -62.9647 10.0000 4.5505
v  -61.6468 6.6667 4.5852
v  -62.9647 0.0000 4.5505
v  -62.3058 3.3333 4.5678
v  -65.2538 10.0000 4.6129
v  -63.7278 6.6667 4.5713
v  -65.2538 0.0000 4.6129
v  -64.4908 3.3333 4.5921
v  -67.4389 10.0000 4.8001
v  -65.9822 6.6667 4.6753
v  -67.4389 0.0000 4.8001
v  -66.7105 3.3333 4.7377
v  -69.5198 10.0000 5.1122
v  -68.1325 6.6667 4.9042
v  -69.5198 0.0000 5.1122
v  -68.8262 3.3333 5.0082
v  -71.4966 10.0000 5.5490
v  -70.1787 6.6667 5.2578
v  -71.4966 0.0000 5.5490
v  -70.8377 3.3333 5.4034
v  -73.3694 10.0000 6.1107
v  -72.1209 6.6667 5.7363
v  -73.3694 0.0000 6.1107
v  -72.7451 3.3333 5.9235
v  -75.1380 10.0000 6.7972
v  -73.9589 6.6667 6.3395
v  -75.1380 0.0000 6.7972
v  -74.5484 3.3333 6.5684
v  -76.8025 10.0000 7.6085
v  -75.6928 6.6667 7.0676
v  -76.8025 0.0000 7.6085
v  -76.2477 3.3333 7.3381
v  -78.3629 10.0000 8.5447
v  -77.3226 6.6667 7.9206
v  -78.3629 0.0000 8.5447
v  -77.8428 3.3333 8.2326
v  -79.8192 10.0000 9.6056
v  -78.8484 6.6667 8.8983
v  -79.8192 0.0000 9.6056
v  -79.3338 3.3333 9.2520
v  -81.1455 10.0000 10.7720
v  -80.2613 6.6667 9.9944
v  -81.1455 0.0000 10.7720
v  -80.7034 3.3333 10.3832
v  -82.3157 10.0000 12.0247
v  -81.5356 6.6667 11.1896
v  -82.3157 0.0000 12.0247
v  -81.9256 3.3333 11.6071
v  -83.3299 10.0000 13.3635
v  -82.6538 6.6667 12.4709
v  -83.3299 0.0000 13.3635
v  -82.9918 3.3333 12.9172
v  -84.1880 10.0000 14.7885
v  -83.6160 6.6667 13.8385
v  -84.1880 0.0000 14.7885
v  -83.9020 3.3333 14.3135
v  -84.8902 10.0000 16.2997
v  -84.4221 6.6667 15.2922
v  -84.8902 0.0000 16.2997
v  -84.6562 3.3333 15.7959
v  -85.4363 10.0000 17.8970
v  -85.0722 6.6667 16.8321
v  -85.4363 0.0000 17.8970
v  -85.2543 3.3333 17.3646
v  -85.8264 10.0000 19.5806
v  -85.5663 6.6667 18.4582
v  -85.8264 0.0000 19.5806
v  -85.6963 3.3333 19.0194
v  -86.0604 10.0000 21.3503
v  -85.9044 6.6667 20.1705
v  -86.0604 0.0000 21.3503
v  -85.9824 3.3333 20.7604
v  -86.1384 10.0000 23.2062
v  -86.0864 6.6667 21.9689
v  -86.1384 0.0000 23.2062
v  -86.1124 3.3333 22.5876
v  -86.0822 10.0000 24.7242
v  -86.1197 6.6667 23.7122
v  -86.0822 0.0000 24.7242
v  -86.1009 3.3333 24.2182
v  -85.9134 10.0000 26.3893
v  -86.0259 6.6667 25.2792
v  -85.9134 0.0000 26.3893
v  -85.9697 3.3333 25.8342
v  -85.6322 10.0000 28.2013
v  -85.8197 6.6667 26.9933
v  -85.6322 0.0000 28.2013
v  -85.7260 3.3333 27.5973
v  -85.2385 10.0000 30.1604
v  -85.5010 6.6667 28.8544
v  -85.2385 0.0000 30.1604
v  -85.3698 3.3333 29.5074
v  -84.7323 10.0000 32.2665
v  -85.0698 6.6667 30.8625
v  -84.7323 0.0000 32.2665
v  -84.9011 3.3333 31.5645
v  -84.1136 10.0000 34.5197
v  -84.5261 6.6667 33.0176
v  -84.1136 0.0000 34.5197
v  -84.3199 3.3333 33.7686
v  -83.3825 10.0000 36.9198
v  -83.8699 6.6667 35.3197
v  -83.3825 0.0000 36.9198
v  -83.6262 3.3333 36.1198
v  -82.5388 10.0000 39.4670
v  -83.1012 6.6667 37.7689
v  -82.5388 0.0000 39.4670
v  -82.8200 3.3333 38.6180
v  -81.5827 10.0000 42.1612
v  -82.2201 6.6667 40.3651
v  -81.5827 0.0000 42.1612
v  -81.9014 3.3333 41.2632
v  -81.1872 10.0000 43.2982
v  -81.4509 6.6667 42.5402
v  -81.1872 0.0000 43.2982
v  -81.3190 3.3333 42.9192
v  -80.8383 10.0000 44.4352
v  -81.0709 6.6667 43.6772
v  -80.8383 0.0000 44.4352
v  -80.9546 3.3333 44.0562
v  -80.5359 10.0000 45.5721
v  -80.7375 6.6667 44.8142
v  -80.5359 0.0000 45.5721
v  -80.6367 3.3333 45.1931
v  -80.2800 10.0000 46.7089
v  -80.4506 6.6667 45.9511
v  -80.2800 0.0000 46.7089
v  -80.3653 3.3333 46.3300
v  -80.0707 10.0000 47.8457
v  -80.2102 6.6667 47.0879
v  -80.0707 0.0000 47.8457
v  -80.1405 3.3333 47.4668
v  -79.9078 10.0000 48.9824
v  -80.0164 6.6667 48.2246
v  -79.9078 0.0000 48.9824
v  -79.9621 3.3333 48.6035
v  -79.7915 10.0000 50.1191
v  -79.8691 6.6667 49.3613
v  -79.7915 0.0000 50.1191
v  -79.8303 3.3333 49.7402
v  -79.7217 10.0000 51.2557
v  -79.7683 6.6667 50.4979
v  -79.7217 0.0000 51.2557
v  -79.7450 3.3333 50.8768
v  -79.6985 10.0000 52.3922
v  -79.7140 6.6667 51.6345
v  -79.6985 0.0000 52.3922
v  -79.7062 3.3333 52.0133
v  -79.6985 10.0000 54.1380
v  -79.6985 6.6667 52.9741
v  -79.6985 0.0000 54.1380
v  -79.6985 3.3333 53.5561
v  -69.8776 10.0000 54.1380
v  -76.4249 6.6667 54.1380
v  -69.8776 0.0000 54.1380
v  -73.1512 3.3333 54.1380
v  -69.8453 10.0000 52.2816
v  -69.8668 6.6667 53.5192
v  -69.8453 0.0000 52.2816
v  -69.8560 3.3333 52.9004
v  -69.7484 10.0000 50.3850
v  -69.8130 6.6667 51.6494
v  -69.7484 0.0000 50.3850
v  -69.7807 3.3333 51.0172
v  -69.5869 10.0000 48.4483
v  -69.6945 6.6667 49.7394
v  -69.5869 0.0000 48.4483
v  -69.6407 3.3333 49.0938
v  -69.3608 10.0000 46.4714
v  -69.5115 6.6667 47.7893
v  -69.3608 0.0000 46.4714
v  -69.4362 3.3333 47.1304
v  -69.0701 10.0000 44.4545
v  -69.2639 6.6667 45.7991
v  -69.0701 0.0000 44.4545
v  -69.1670 3.3333 45.1268
v  -68.7148 10.0000 42.3974
v  -68.9517 6.6667 43.7688
v  -68.7148 0.0000 42.3974
v  -68.8332 3.3333 43.0831
v  -68.2949 10.0000 40.3002
v  -68.5749 6.6667 41.6983
v  -68.2949 0.0000 40.3002
v  -68.4349 3.3333 40.9993
v  -67.8104 10.0000 38.1629
v  -68.1334 6.6667 39.5878
v  -67.8104 0.0000 38.1629
v  -67.9719 3.3333 38.8753
v  -67.2614 10.0000 35.9854
v  -67.6274 6.6667 37.4371
v  -67.2614 0.0000 35.9854
v  -67.4444 3.3333 36.7113
v  -67.0986 6.6667 36.0615
v  -66.9359 3.3333 36.1375
v  -61.1731 10.0000 24.8686
v  -61.9091 10.0000 24.7236
v  -61.6638 6.6667 24.7719
v  -61.9091 0.0000 24.7236
v  -61.1731 0.0000 24.8686
v  -61.4185 3.3333 24.8203
v  -60.5352 10.0000 25.1102
v  -60.9605 6.6667 24.9491
v  -60.5352 0.0000 25.1102
v  -60.7478 3.3333 25.0297
v  -59.9954 10.0000 25.4485
v  -60.3553 6.6667 25.2230
v  -59.9954 0.0000 25.4485
v  -60.1754 3.3333 25.3357
v  -59.5538 10.0000 25.8834
v  -59.8482 6.6667 25.5935
v  -59.5538 0.0000 25.8834
v  -59.7010 3.3333 25.7384
v  -59.2103 10.0000 26.4150
v  -59.4393 6.6667 26.0606
v  -59.2103 0.0000 26.4150
v  -59.3248 3.3333 26.2378
v  -58.9650 10.0000 27.0432
v  -59.1285 6.6667 26.6244
v  -58.9650 0.0000 27.0432
v  -59.0468 3.3333 26.8338
v  -58.8178 10.0000 27.7681
v  -58.9159 6.6667 27.2848
v  -58.8178 0.0000 27.7681
v  -58.8668 3.3333 27.5264
v  -58.7687 10.0000 28.5896
v  -58.8014 6.6667 28.0419
v  -58.7687 0.0000 28.5896
v  -58.7851 3.3333 28.3157
v  -58.8178 10.0000 29.4238
v  -58.7851 6.6667 28.8676
v  -58.8178 0.0000 29.4238
v  -58.8014 3.3333 29.1457
v  -58.9650 10.0000 30.1598
v  -58.8668 6.6667 29.6691
v  -58.9650 0.0000 30.1598
v  -58.9159 3.3333 29.9145
v  -59.2103 10.0000 30.7977
v  -59.0468 6.6667 30.3724
v  -59.2103 0.0000 30.7977
v  -59.1285 3.3333 30.5851
v  -59.5538 10.0000 31.3375
v  -59.3248 6.6667 30.9776
v  -59.5538 0.0000 31.3375
v  -59.4393 3.3333 31.1576
v  -59.9954 10.0000 31.7791
v  -59.7010 6.6667 31.4847
v  -59.9954 0.0000 31.7791
v  -59.8482 3.3333 31.6319
v  -60.5352 10.0000 32.1226
v  -60.1754 6.6667 31.8936
v  -60.5352 0.0000 32.1226
v  -60.3553 3.3333 32.0081
v  -61.1731 10.0000 32.3679
v  -60.7478 6.6667 32.2044
v  -61.1731 0.0000 32.3679
v  -60.9605 3.3333 32.2862
v  -61.9092 10.0000 32.5151
v  -61.4185 6.6667 32.4170
v  -61.9092 0.0000 32.5151
v  -61.6638 3.3333 32.4661
v  -62.7433 10.0000 32.5642
v  -62.1872 6.6667 32.5315
v  -62.7433 0.0000 32.5642
v  -62.4653 3.3333 32.5479
v  -63.5648 10.0000 32.5151
v  -63.0172 6.6667 32.5479
v  -63.5648 0.0000 32.5151
v  -63.2910 3.3333 32.5315
v  -64.2897 10.0000 32.3679
v  -63.8065 6.6667 32.4661
v  -64.2897 0.0000 32.3679
v  -64.0481 3.3333 32.4170
v  -64.9179 10.0000 32.1226
v  -64.4991 6.6667 32.2862
v  -64.9179 0.0000 32.1226
v  -64.7085 3.3333 32.2044
v  -65.4495 10.0000 31.7791
v  -65.0951 6.6667 32.0081
v  -65.4495 0.0000 31.7791
v  -65.2723 3.3333 31.8936
v  -65.8844 10.0000 31.3375
v  -65.5945 6.6667 31.6319
v  -65.8844 0.0000 31.3375
v  -65.7395 3.3333 31.4847
v  -66.2227 10.0000 30.7977
v  -65.9972 6.6667 31.1576
v  -66.2227 0.0000 30.7977
v  -66.1099 3.3333 30.9776
v  -66.4643 10.0000 30.1598
v  -66.3032 6.6667 30.5851
v  -66.4643 0.0000 30.1598
v  -66.3838 3.3333 30.3724
v  -66.6093 10.0000 29.4238
v  -66.5126 6.6667 29.9145
v  -66.6093 0.0000 29.4238
v  -66.5610 3.3333 29.6691
v  -66.6576 10.0000 28.5896
v  -66.6254 6.6667 29.1457
v  -66.6576 0.0000 28.5896
v  -66.6415 3.3333 28.8676
v  -66.6093 10.0000 27.7681
v  -66.6415 6.6667 28.3157
v  -66.6093 0.0000 27.7681
v  -66.6254 3.3333 28.0419
v  -66.4643 10.0000 27.0432
v  -66.5610 6.6667 27.5264
v  -66.4643 0.0000 27.0432
v  -66.5126 3.3333 27.2848
v  -66.2227 10.0000 26.4150
v  -66.3838 6.6667 26.8338
v  -66.2227 0.0000 26.4150
v  -66.3032 3.3333 26.6244
v  -65.8844 10.0000 25.8834
v  -66.1099 6.6667 26.2378
v  -65.8844 0.0000 25.8834
v  -65.9972 3.3333 26.0606
v  -65.4495 10.0000 25.4485
v  -65.7395 6.6667 25.7384
v  -65.4495 0.0000 25.4485
v  -65.5945 3.3333 25.5935
v  -64.9179 10.0000 25.1102
v  -65.2723 6.6667 25.3357
v  -64.9179 0.0000 25.1102
v  -65.0951 3.3333 25.2230
v  -64.2897 10.0000 24.8686
v  -64.7085 6.6667 25.0297
v  -64.2897 0.0000 24.8686
v  -64.4991 3.3333 24.9491
v  -63.5649 10.0000 24.7236
v  -64.0481 6.6667 24.8203
v  -63.5649 0.0000 24.7236
v  -63.8065 3.3333 24.7719
v  -62.7433 10.0000 24.6753
v  -63.2910 6.6667 24.7075
v  -62.7433 0.0000 24.6753
v  -63.0172 3.3333 24.6914
v  -62.4653 6.6667 24.6914
v  -62.1872 3.3333 24.7075
v  -43.8495 0.0000 43.6069
v  -47.1231 0.0000 33.2937
v  -47.1781 0.0000 22.1040
v  -43.9320 0.0000 21.1992
v  -44.0420 0.0000 19.8697
v  -44.2619 0.0000 18.6284
v  -47.6456 0.0000 18.5258
v  -44.7569 0.0000 16.7018
v  -45.1968 0.0000 15.6368
v  -48.5254 0.0000 16.0171
v  -46.0217 0.0000 13.9897
v  -46.6816 0.0000 13.1011
v  -47.4514 0.0000 12.3007
v  -50.2576 0.0000 13.5128
v  -48.7162 0.0000 11.0213
v  -49.6882 0.0000 10.3925
v  -52.1095 0.0000 11.8527
v  -51.2116 0.0000 9.3737
v  -52.2786 0.0000 8.8883
v  -54.2764 0.0000 10.5423
v  -53.9891 0.0000 8.1113
v  -55.1334 0.0000 7.7646
v  -56.7404 0.0000 9.5768
v  -57.0310 0.0000 7.2294
v  -58.2524 0.0000 7.0214
v  -59.5015 0.0000 8.9563
v  -60.3373 0.0000 6.7281
v  -61.9009 0.0000 8.6980
v  -62.5708 0.0000 6.6072
v  -63.9927 0.0000 6.6106
v  -64.7206 0.0000 8.6642
v  -65.9470 0.0000 6.7081
v  -66.3506 0.0000 8.7837
v  -67.2038 0.0000 8.8979
v  -68.2223 0.0000 6.9887
v  -68.7024 0.0000 9.1731
v  -69.9652 0.0000 7.3382
v  -70.1180 0.0000 9.5471
v  -71.6146 0.0000 7.7995
v  -71.4504 0.0000 10.0197
v  -73.1704 0.0000 8.3725
v  -72.6999 0.0000 10.5910
v  -74.6327 0.0000 9.0573
v  -73.8663 0.0000 11.2610
v  -76.0014 0.0000 9.8539
v  -74.9496 0.0000 12.0297
v  -77.2765 0.0000 10.7621
v  -75.9477 0.0000 12.8915
v  -78.4471 0.0000 11.7701
v  -76.8474 0.0000 13.8285
v  -79.4938 0.0000 12.8592
v  -77.6379 0.0000 14.8287
v  -80.4078 0.0000 14.0230
v  -78.3192 0.0000 15.8922
v  -81.1893 0.0000 15.2614
v  -78.8913 0.0000 17.0188
v  -81.8381 0.0000 16.5746
v  -79.3542 0.0000 18.2086
v  -82.3543 0.0000 17.9624
v  -79.7079 0.0000 19.4617
v  -82.7378 0.0000 19.4250
v  -82.9459 0.0000 20.5761
v  -80.0303 0.0000 21.3678
v  -83.0928 0.0000 22.1708
v  -80.1135 0.0000 22.7760
v  -83.1144 0.0000 23.6988
v  -80.1041 0.0000 23.9586
v  -80.0841 0.0000 24.5287
v  -83.0194 0.0000 25.3299
v  -79.9880 0.0000 25.7010
v  -82.8445 0.0000 26.8094
v  -79.8343 0.0000 26.9696
v  -82.5846 0.0000 28.4105
v  -79.6233 0.0000 28.3344
v  -79.5235 0.0000 29.0934
v  -82.1848 0.0000 30.5246
v  -79.2350 0.0000 30.6017
v  -79.0953 0.0000 31.4552
v  -81.6702 0.0000 32.8312
v  -78.7294 0.0000 33.1069
v  -81.1354 0.0000 34.8444
v  -78.3142 0.0000 34.8194
v  -78.1476 0.0000 35.6728
v  -80.4438 0.0000 37.3469
v  -77.7126 0.0000 37.2808
v  -77.5719 0.0000 37.9452
v  -79.7031 0.0000 39.7584
v  -77.1254 0.0000 39.4131
v  -77.0106 0.0000 39.8884
v  -76.9087 0.0000 40.2692
v  -76.8198 0.0000 40.5555
v  -79.0488 0.0000 41.7971
v  -76.6120 0.0000 41.1263
v  -78.7660 0.0000 42.6274
v  -70.8850 0.0000 30.7712
v  -68.5046 0.0000 31.2203
v  -71.0031 0.0000 31.9958
v  -68.3507 0.0000 32.0803
v  -68.5709 0.0000 30.3159
v  -68.6998 0.0000 29.8579
v  -70.7369 0.0000 29.3106
v  -68.6142 0.0000 28.8437
v  -70.4298 0.0000 28.0719
v  -68.4410 0.0000 27.8220
v  -70.0443 0.0000 26.8795
v  -68.1804 0.0000 26.8578
v  -69.5780 0.0000 25.7752
v  -67.8297 0.0000 25.9928
v  -69.0259 0.0000 24.7866
v  -67.3866 0.0000 25.2410
v  -68.3855 0.0000 23.9277
v  -66.8511 0.0000 24.6023
v  -67.6569 0.0000 23.1983
v  -66.2231 0.0000 24.0767
v  -66.8401 0.0000 22.5986
v  -66.1444 0.0000 22.2090
v  -65.1408 0.0000 23.4939
v  -65.1833 0.0000 21.8363
v  -64.3000 0.0000 23.2433
v  -64.1340 0.0000 21.5932
v  -63.3666 0.0000 23.1058
v  -62.9964 0.0000 21.4797
v  -62.3688 0.0000 23.0814
v  -61.6880 0.0000 21.5078
v  -61.2610 0.0000 23.1822
v  -60.3425 0.0000 21.7013
v  -60.2873 0.0000 23.4200
v  -59.1672 0.0000 22.0724
v  -59.4478 0.0000 23.7949
v  -58.1621 0.0000 22.6210
v  -58.7425 0.0000 24.3068
v  -57.3273 0.0000 23.3470
v  -56.7773 0.0000 24.0733
v  -57.9307 0.0000 25.3553
v  -56.2502 0.0000 25.1221
v  -57.5625 0.0000 26.2140
v  -55.8934 0.0000 26.3483
v  -57.3285 0.0000 27.2097
v  -57.2631 0.0000 27.7252
v  -55.6904 0.0000 28.0259
v  -57.2287 0.0000 28.8945
v  -55.7076 0.0000 29.5091
v  -57.3294 0.0000 30.0057
v  -55.8975 0.0000 30.8609
v  -57.5658 0.0000 30.9823
v  -56.2608 0.0000 32.0417
v  -57.9381 0.0000 31.8244
v  -56.7977 0.0000 33.0514
v  -58.4462 0.0000 32.5318
v  -57.5081 0.0000 33.8902
v  -58.2120 0.0000 34.4434
v  -59.4772 0.0000 33.3468
v  -59.2367 0.0000 34.9728
v  -60.3274 0.0000 33.7159
v  -60.4349 0.0000 35.3312
v  -61.3133 0.0000 33.9505
v  -61.8367 0.0000 34.0159
v  -62.0846 0.0000 35.5349
v  -62.8616 0.0000 35.5650
v  -63.1656 0.0000 34.0460
v  -63.4907 0.0000 35.5308
v  -63.8420 0.0000 35.4950
v  -64.1894 0.0000 35.4414
v  -64.2051 0.0000 33.9135
v  -64.7744 0.0000 35.3207
v  -65.1138 0.0000 35.2313
v  -65.4492 0.0000 35.1240
v  -65.1622 0.0000 33.6351
v  -65.9900 0.0000 34.9170
v  -66.3175 0.0000 34.7738
v  -65.8763 0.0000 33.2957
v  -68.8097 0.0000 33.6296
v  -71.6468 0.0000 34.6318
v  -71.7853 0.0000 35.7605
v  -69.7352 0.0000 36.8862
v  -72.0607 0.0000 37.6571
v  -70.1144 0.0000 38.9204
v  -72.2683 0.0000 39.5823
v  -70.4274 0.0000 40.9488
v  -70.6858 0.0000 42.3336
v  -74.7269 0.0000 43.0128
v  -76.8148 0.0000 44.8206
v  -76.6287 0.0000 45.5785
v  -72.9036 0.0000 45.8783
v  -76.5705 0.0000 47.0087
v  -73.0061 0.0000 47.5885
v  -76.5218 0.0000 48.4255
v  -76.4288 0.0000 49.1833
v  -73.0423 0.0000 49.6508
v  -76.4206 0.0000 50.5866
v  -73.1051 0.0000 51.3074
v  -76.4218 0.0000 51.9765
v  -73.1404 0.0000 52.9372
v  -76.4249 0.0000 53.5561
v  -76.4249 10.0000 53.5561
v  -73.1404 10.0000 52.9372
v  -70.8850 10.0000 30.7712
v  -68.5709 10.0000 30.3159
v  -68.6998 10.0000 29.8579
v  -70.7369 10.0000 29.3106
v  -68.6142 10.0000 28.8437
v  -70.4298 10.0000 28.0719
v  -68.4410 10.0000 27.8220
v  -70.0443 10.0000 26.8795
v  -68.1804 10.0000 26.8578
v  -69.5780 10.0000 25.7752
v  -67.8297 10.0000 25.9928
v  -69.0259 10.0000 24.7866
v  -67.3866 10.0000 25.2410
v  -68.3855 10.0000 23.9277
v  -66.8511 10.0000 24.6023
v  -67.6569 10.0000 23.1983
v  -66.2231 10.0000 24.0767
v  -66.8401 10.0000 22.5986
v  -66.1444 10.0000 22.2090
v  -65.1408 10.0000 23.4939
v  -65.1833 10.0000 21.8363
v  -64.3000 10.0000 23.2433
v  -64.1340 10.0000 21.5932
v  -63.3666 10.0000 23.1058
v  -62.9964 10.0000 21.4797
v  -62.3688 10.0000 23.0814
v  -61.6880 10.0000 21.5078
v  -61.2610 10.0000 23.1822
v  -60.3425 10.0000 21.7013
v  -60.2873 10.0000 23.4200
v  -59.1672 10.0000 22.0724
v  -59.4478 10.0000 23.7949
v  -58.1621 10.0000 22.6210
v  -58.7425 10.0000 24.3068
v  -57.3273 10.0000 23.3470
v  -56.7773 10.0000 24.0733
v  -57.9307 10.0000 25.3553
v  -56.2502 10.0000 25.1221
v  -57.5625 10.0000 26.2140
v  -55.8934 10.0000 26.3483
v  -57.3285 10.0000 27.2097
v  -57.2631 10.0000 27.7252
v  -55.6904 10.0000 28.0259
v  -57.2287 10.0000 28.8945
v  -55.7076 10.0000 29.5091
v  -57.3294 10.0000 30.0057
v  -55.8975 10.0000 30.8609
v  -57.5658 10.0000 30.9823
v  -56.2608 10.0000 32.0417
v  -57.9381 10.0000 31.8244
v  -56.7977 10.0000 33.0514
v  -58.4462 10.0000 32.5318
v  -57.5081 10.0000 33.8902
v  -58.2120 10.0000 34.4434
v  -59.4772 10.0000 33.3468
v  -59.2367 10.0000 34.9728
v  -60.3274 10.0000 33.7159
v  -60.4349 10.0000 35.3312
v  -61.3133 10.0000 33.9505
v  -61.8367 10.0000 34.0159
v  -62.0846 10.0000 35.5349
v  -62.8616 10.0000 35.5650
v  -63.1656 10.0000 34.0460
v  -63.4907 10.0000 35.5308
v  -63.8420 10.0000 35.4950
v  -64.1894 10.0000 35.4414
v  -64.2051 10.0000 33.9135
v  -64.7744 10.0000 35.3207
v  -65.1138 10.0000 35.2313
v  -65.4492 10.0000 35.1240
v  -65.1622 10.0000 33.6351
v  -65.9900 10.0000 34.9170
v  -66.3175 10.0000 34.7738
v  -65.8763 10.0000 33.2957
v  -68.5046 10.0000 31.2203
v  -71.0031 10.0000 31.9958
v  -68.3507 10.0000 32.0803
v  -68.8097 10.0000 33.6296
v  -71.6468 10.0000 34.6318
v  -71.7853 10.0000 35.7605
v  -69.7352 10.0000 36.8862
v  -72.0607 10.0000 37.6571
v  -70.1144 10.0000 38.9204
v  -72.2683 10.0000 39.5823
v  -70.4274 10.0000 40.9488
v  -70.6858 10.0000 42.3336
v  -43.8495 10.0000 43.6069
v  -47.1231 10.0000 33.2937
v  -47.1781 10.0000 22.1040
v  -43.9320 10.0000 21.1992
v  -44.0420 10.0000 19.8697
v  -44.2619 10.0000 18.6284
v  -47.6456 10.0000 18.5258
v  -44.7569 10.0000 16.7018
v  -45.1968 10.0000 15.6368
v  -48.5254 10.0000 16.0171
v  -46.0217 10.0000 13.9897
v  -46.6816 10.0000 13.1011
v  -47.4514 10.0000 12.3007
v  -50.2576 10.0000 13.5128
v  -48.7162 10.0000 11.0213
v  -49.6882 10.0000 10.3925
v  -52.1095 10.0000 11.8527
v  -51.2116 10.0000 9.3737
v  -52.2786 10.0000 8.8883
v  -54.2764 10.0000 10.5423
v  -53.9891 10.0000 8.1113
v  -55.1334 10.0000 7.7646
v  -56.7404 10.0000 9.5768
v  -57.0310 10.0000 7.2294
v  -58.2524 10.0000 7.0214
v  -59.5015 10.0000 8.9563
v  -60.3373 10.0000 6.7281
v  -61.9009 10.0000 8.6980
v  -62.5708 10.0000 6.6072
v  -63.9927 10.0000 6.6106
v  -64.7206 10.0000 8.6642
v  -65.9470 10.0000 6.7081
v  -66.3506 10.0000 8.7837
v  -67.2038 10.0000 8.8979
v  -68.2223 10.0000 6.9887
v  -68.7024 10.0000 9.1731
v  -69.9652 10.0000 7.3382
v  -70.1180 10.0000 9.5471
v  -71.6146 10.0000 7.7995
v  -71.4504 10.0000 10.0197
v  -73.1704 10.0000 8.3725
v  -72.6999 10.0000 10.5910
v  -74.6327 10.0000 9.0573
v  -73.8663 10.0000 11.2610
v  -76.0014 10.0000 9.8539
v  -74.9496 10.0000 12.0297
v  -77.2765 10.0000 10.7621
v  -75.9477 10.0000 12.8915
v  -78.4471 10.0000 11.7701
v  -76.8474 10.0000 13.8285
v  -79.4938 10.0000 12.8592
v  -77.6379 10.0000 14.8287
v  -80.4078 10.0000 14.0230
v  -78.3192 10.0000 15.8922
v  -81.1893 10.0000 15.2614
v  -78.8913 10.0000 17.0188
v  -81.8381 10.0000 16.5746
v  -79.3542 10.0000 18.2086
v  -82.3543 10.0000 17.9624
v  -79.7079 10.0000 19.4617
v  -82.7378 10.0000 19.4250
v  -82.9459 10.0000 20.5761
v  -80.0303 10.0000 21.3678
v  -83.0928 10.0000 22.1708
v  -80.1135 10.0000 22.7760
v  -83.1144 10.0000 23.6988
v  -80.1041 10.0000 23.9586
v  -80.0841 10.0000 24.5287
v  -83.0194 10.0000 25.3299
v  -79.9880 10.0000 25.7010
v  -82.8445 10.0000 26.8094
v  -79.8343 10.0000 26.9696
v  -82.5846 10.0000 28.4106
v  -79.6233 10.0000 28.3344
v  -79.5235 10.0000 29.0934
v  -82.1848 10.0000 30.5246
v  -79.2350 10.0000 30.6017
v  -79.0953 10.0000 31.4552
v  -81.6701 10.0000 32.8312
v  -78.7294 10.0000 33.1069
v  -81.1354 10.0000 34.8444
v  -78.3142 10.0000 34.8194
v  -78.1476 10.0000 35.6728
v  -80.4438 10.0000 37.3469
v  -77.7126 10.0000 37.2808
v  -77.5719 10.0000 37.9452
v  -79.7031 10.0000 39.7584
v  -77.1254 10.0000 39.4131
v  -77.0106 10.0000 39.8884
v  -76.9087 10.0000 40.2692
v  -76.8198 10.0000 40.5555
v  -79.0488 10.0000 41.7971
v  -76.6120 10.0000 41.1263
v  -78.7660 10.0000 42.6274
v  -74.7269 10.0000 43.0128
v  -76.8148 10.0000 44.8206
v  -76.6287 10.0000 45.5785
v  -72.9036 10.0000 45.8783
v  -76.5705 10.0000 47.0087
v  -73.0061 10.0000 47.5885
v  -76.5218 10.0000 48.4255
v  -76.4288 10.0000 49.1833
v  -73.0423 10.0000 49.6508
v  -76.4206 10.0000 50.5866
v  -73.1051 10.0000 51.3074
v  -76.4218 10.0000 51.9765
# 1164 vertices

vn -0.2518 0.7014 0.6668
vn -0.2853 0.7015 0.6531
vn -0.3772 -0.0000 0.9261
vn -0.2853 -0.7015 0.6531
vn -0.2518 -0.7014 0.6668
vn -0.3772 0.0000 0.9261
vn -0.2172 0.7013 0.6789
vn -0.3293 0.0000 0.9442
vn -0.2172 -0.7013 0.6789
vn -0.1817 0.7013 0.6893
vn -0.2800 -0.0000 0.9600
vn -0.1817 -0.7013 0.6893
vn -0.2800 0.0000 0.9600
vn -0.1454 0.7013 0.6979
vn -0.2295 -0.0000 0.9733
vn -0.1454 -0.7013 0.6979
vn -0.2295 0.0000 0.9733
vn -0.1089 0.7013 0.7045
vn -0.1784 -0.0000 0.9840
vn -0.1089 -0.7013 0.7045
vn -0.1784 0.0000 0.9840
vn -0.0723 0.7014 0.7091
vn -0.1270 -0.0000 0.9919
vn -0.0723 -0.7014 0.7091
vn -0.0359 0.7014 0.7118
vn -0.0757 -0.0000 0.9971
vn -0.0359 -0.7014 0.7118
vn 0.0117 0.6979 0.7161
vn -0.0250 -0.0000 0.9997
vn 0.0117 -0.6979 0.7161
vn -0.0250 0.0000 0.9997
vn 0.0906 0.6921 0.7161
vn 0.0577 0.0000 0.9983
vn 0.0906 -0.6921 0.7161
vn 0.0577 -0.0000 0.9983
vn 0.1987 0.6888 0.6972
vn 0.1928 0.0000 0.9812
vn 0.1987 -0.6888 0.6972
vn 0.1928 -0.0000 0.9812
vn 0.3232 0.6856 0.6523
vn 0.3534 0.0000 0.9355
vn 0.3232 -0.6856 0.6523
vn 0.4519 0.6834 0.5733
vn 0.5301 -0.0000 0.8479
vn 0.4519 -0.6834 0.5733
vn 0.5301 0.0000 0.8479
vn 0.5657 0.6833 0.4617
vn 0.7008 -0.0000 0.7134
vn 0.5657 -0.6833 0.4617
vn 0.6481 0.6851 0.3325
vn 0.8393 0.0000 0.5437
vn 0.6481 -0.6851 0.3325
vn 0.8393 -0.0000 0.5437
vn 0.6958 0.6882 0.2054
vn 0.9312 0.0000 0.3646
vn 0.6958 -0.6882 0.2054
vn 0.9312 -0.0000 0.3646
vn 0.7162 0.6916 0.0939
vn 0.9799 -0.0000 0.1995
vn 0.7162 -0.6916 0.0939
vn 0.9799 0.0000 0.1995
vn 0.7196 0.6943 0.0015
vn 0.9982 0.0000 0.0598
vn 0.7196 -0.6943 0.0015
vn 0.9982 -0.0000 0.0598
vn 0.7160 0.6926 -0.0873
vn 0.9985 0.0000 -0.0556
vn 0.7160 -0.6926 -0.0873
vn 0.9985 -0.0000 -0.0556
vn 0.6986 0.6893 -0.1919
vn 0.9825 0.0000 -0.1860
vn 0.6986 -0.6893 -0.1919
vn 0.9825 -0.0000 -0.1860
vn 0.6565 0.6860 -0.3136
vn 0.9396 0.0000 -0.3421
vn 0.6565 -0.6860 -0.3136
vn 0.9396 -0.0000 -0.3421
vn 0.5809 0.6837 -0.4417
vn 0.8566 0.0000 -0.5160
vn 0.5809 -0.6837 -0.4417
vn 0.8566 -0.0000 -0.5160
vn 0.4718 0.6831 -0.5575
vn 0.7262 0.0000 -0.6875
vn 0.4718 -0.6831 -0.5575
vn 0.7262 -0.0000 -0.6875
vn 0.3423 0.6847 -0.6435
vn 0.5579 -0.0000 -0.8299
vn 0.3423 -0.6847 -0.6435
vn 0.5579 0.0000 -0.8299
vn 0.2125 0.6877 -0.6942
vn 0.3764 0.0000 -0.9265
vn 0.2125 -0.6877 -0.6942
vn 0.3764 -0.0000 -0.9265
vn 0.0974 0.6910 -0.7162
vn 0.2067 0.0000 -0.9784
vn 0.0974 -0.6910 -0.7162
vn 0.2067 -0.0000 -0.9784
vn 0.0027 0.6942 -0.7198
vn 0.0620 0.0000 -0.9981
vn 0.0027 -0.6942 -0.7198
vn 0.0620 -0.0000 -0.9981
vn -0.0818 0.6940 -0.7153
vn -0.0545 0.0000 -0.9985
vn -0.0818 -0.6940 -0.7153
vn -0.0545 -0.0000 -0.9985
vn -0.1699 0.6928 -0.7008
vn -0.1722 0.0000 -0.9851
vn -0.1699 -0.6928 -0.7008
vn -0.1722 -0.0000 -0.9851
vn -0.2620 0.6920 -0.6727
vn -0.2981 -0.0000 -0.9545
vn -0.2620 -0.6920 -0.6727
vn -0.2981 0.0000 -0.9545
vn -0.3529 0.6916 -0.6302
vn -0.4261 0.0000 -0.9047
vn -0.3529 -0.6916 -0.6302
vn -0.4261 -0.0000 -0.9047
vn -0.4370 0.6919 -0.5748
vn -0.5488 0.0000 -0.8360
vn -0.4370 -0.6919 -0.5748
vn -0.5488 -0.0000 -0.8360
vn -0.5098 0.6926 -0.5103
vn -0.6588 0.0000 -0.7523
vn -0.5098 -0.6926 -0.5103
vn -0.5689 0.6938 -0.4416
vn -0.7516 -0.0000 -0.6596
vn -0.5689 -0.6938 -0.4416
vn -0.6144 0.6952 -0.3732
vn -0.8254 -0.0000 -0.5645
vn -0.6144 -0.6952 -0.3732
vn -0.8254 0.0000 -0.5645
vn -0.6440 0.6983 -0.3127
vn -0.8815 -0.0000 -0.4723
vn -0.6440 -0.6983 -0.3127
vn -0.8815 0.0000 -0.4723
vn -0.6620 0.7005 -0.2665
vn -0.9162 -0.0000 -0.4006
vn -0.6620 -0.7005 -0.2665
vn -0.6760 0.7008 -0.2277
vn -0.9383 0.0000 -0.3458
vn -0.6760 -0.7008 -0.2277
vn -0.6872 0.7011 -0.1901
vn -0.9563 0.0000 -0.2924
vn -0.6872 -0.7011 -0.1901
vn -0.6959 0.7015 -0.1540
vn -0.9706 -0.0000 -0.2408
vn -0.6959 -0.7015 -0.1540
vn -0.9706 0.0000 -0.2408
vn -0.7023 0.7018 -0.1196
vn -0.9815 0.0000 -0.1914
vn -0.7023 -0.7018 -0.1196
vn -0.7067 0.7021 -0.0870
vn -0.9895 0.0000 -0.1444
vn -0.7067 -0.7021 -0.0870
vn -0.9895 -0.0000 -0.1444
vn -0.7096 0.7024 -0.0562
vn -0.9950 -0.0000 -0.0999
vn -0.7096 -0.7024 -0.0562
vn -0.7110 0.7027 -0.0273
vn -0.9983 -0.0000 -0.0580
vn -0.7110 -0.7027 -0.0273
vn -0.0264 0.9923 -0.1211
vn -0.9998 0.0000 -0.0187
vn -0.0264 -0.9923 -0.1211
vn -0.9998 -0.0000 -0.0187
vn 0.6415 0.7204 -0.2637
vn 0.9013 -0.0000 -0.4332
vn 0.6415 -0.7204 -0.2637
vn 0.6686 0.7132 -0.2107
vn 0.9454 0.0000 -0.3260
vn 0.6686 -0.7132 -0.2107
vn 0.6794 0.7106 -0.1831
vn 0.9615 0.0000 -0.2749
vn 0.6794 -0.7106 -0.1831
vn 0.9615 -0.0000 -0.2749
vn 0.6850 0.7093 -0.1662
vn 0.9694 -0.0000 -0.2453
vn 0.6850 -0.7093 -0.1662
vn 0.9694 0.0000 -0.2453
vn 0.6884 0.7087 -0.1548
vn 0.9741 0.0000 -0.2261
vn 0.6884 -0.7087 -0.1548
vn 0.9741 -0.0000 -0.2261
vn 0.6906 0.7083 -0.1466
vn 0.9771 0.0000 -0.2126
vn 0.6906 -0.7083 -0.1466
vn 0.9771 -0.0000 -0.2126
vn 0.6921 0.7080 -0.1404
vn 0.9793 0.0000 -0.2026
vn 0.6921 -0.7080 -0.1404
vn 0.9793 -0.0000 -0.2026
vn 0.6933 0.7078 -0.1355
vn 0.9808 0.0000 -0.1949
vn 0.6933 -0.7078 -0.1355
vn 0.6940 0.7081 -0.1304
vn 0.9820 0.0000 -0.1888
vn 0.6940 -0.7081 -0.1304
vn 0.9820 -0.0000 -0.1888
vn 0.6949 0.7085 -0.1231
vn 0.9836 -0.0000 -0.1805
vn 0.6949 -0.7085 -0.1231
vn 0.6963 0.7087 -0.1138
vn 0.9857 0.0000 -0.1682
vn 0.6963 -0.7087 -0.1138
vn 0.9857 -0.0000 -0.1682
vn 0.6977 0.7089 -0.1035
vn 0.9880 0.0000 -0.1545
vn 0.6977 -0.7089 -0.1035
vn 0.9880 -0.0000 -0.1545
vn 0.6991 0.7091 -0.0917
vn 0.9903 0.0000 -0.1389
vn 0.6991 -0.7091 -0.0917
vn 0.9903 -0.0000 -0.1389
vn 0.7004 0.7094 -0.0783
vn 0.9926 -0.0000 -0.1212
vn 0.7004 -0.7094 -0.0783
vn 0.7016 0.7098 -0.0629
vn 0.9949 0.0000 -0.1010
vn 0.7016 -0.7098 -0.0629
vn 0.7026 0.7102 -0.0451
vn 0.9970 0.0000 -0.0776
vn 0.7026 -0.7102 -0.0451
vn 0.7030 0.7107 -0.0241
vn 0.9987 -0.0000 -0.0503
vn 0.7030 -0.7107 -0.0241
vn 0.7009 0.7132 0.0060
vn 0.9998 0.0000 -0.0183
vn 0.7009 -0.7132 0.0060
vn 0.9998 -0.0000 -0.0183
vn 0.6966 0.7157 0.0510
vn 0.9994 0.0000 0.0354
vn 0.6966 -0.7157 0.0510
vn 0.9994 -0.0000 0.0354
vn 0.6898 0.7163 0.1050
vn 0.9939 0.0000 0.1104
vn 0.6898 -0.7163 0.1050
vn 0.9939 -0.0000 0.1104
vn 0.6781 0.7169 0.1619
vn 0.9817 0.0000 0.1903
vn 0.6781 -0.7169 0.1619
vn 0.9817 -0.0000 0.1903
vn 0.6608 0.7174 0.2207
vn 0.9618 -0.0000 0.2738
vn 0.6608 -0.7174 0.2207
vn 0.9618 0.0000 0.2738
vn 0.6375 0.7177 0.2801
vn 0.9333 0.0000 0.3592
vn 0.6375 -0.7177 0.2801
vn 0.9333 -0.0000 0.3592
vn 0.6084 0.7179 0.3384
vn 0.8959 0.0000 0.4443
vn 0.6084 -0.7179 0.3384
vn 0.8959 -0.0000 0.4443
vn 0.5738 0.7179 0.3942
vn 0.8500 0.0000 0.5268
vn 0.5738 -0.7179 0.3942
vn 0.8500 -0.0000 0.5268
vn 0.5348 0.7176 0.4461
vn 0.7966 0.0000 0.6045
vn 0.5348 -0.7176 0.4461
vn 0.7966 -0.0000 0.6045
vn 0.4900 0.7181 0.4942
vn 0.7375 0.0000 0.6754
vn 0.4900 -0.7181 0.4942
vn 0.7375 -0.0000 0.6754
vn 0.4378 0.7189 0.5399
vn 0.6690 -0.0000 0.7432
vn 0.4378 -0.7189 0.5399
vn 0.6690 0.0000 0.7432
vn 0.3805 0.7187 0.5820
vn 0.5890 0.0000 0.8081
vn 0.3805 -0.7187 0.5820
vn 0.3208 0.7183 0.6173
vn 0.5041 0.0000 0.8637
vn 0.3208 -0.7183 0.6173
vn 0.5041 -0.0000 0.8637
vn 0.2607 0.7177 0.6457
vn 0.4171 0.0000 0.9089
vn 0.2607 -0.7177 0.6457
vn 0.4171 -0.0000 0.9089
vn 0.2019 0.7170 0.6672
vn 0.3310 0.0000 0.9436
vn 0.2019 -0.7170 0.6672
vn 0.1458 0.7162 0.6825
vn 0.2479 0.0000 0.9688
vn 0.1458 -0.7162 0.6825
vn 0.0932 0.7154 0.6924
vn 0.1696 -0.0000 0.9855
vn 0.0932 -0.7154 0.6924
vn 0.0448 0.7147 0.6980
vn 0.0971 0.0000 0.9953
vn 0.0448 -0.7147 0.6980
vn 0.0971 -0.0000 0.9953
vn -0.0085 0.7169 0.6971
vn 0.0308 -0.0000 0.9995
vn -0.0085 -0.7169 0.6971
vn 0.0308 0.0000 0.9995
vn -0.0830 0.7221 0.6868
vn -0.0551 -0.0000 0.9985
vn -0.0830 -0.7221 0.6868
vn -0.0551 0.0000 0.9985
vn -0.1807 0.7256 0.6639
vn -0.1843 0.0000 0.9829
vn -0.1807 -0.7256 0.6639
vn -0.2927 0.7293 0.6184
vn -0.3393 -0.0000 0.9407
vn -0.2927 -0.7293 0.6184
vn -0.4099 0.7321 0.5441
vn -0.5124 0.0000 0.8587
vn -0.4099 -0.7321 0.5441
vn -0.5174 0.7328 0.4419
vn -0.6840 0.0000 0.7295
vn -0.5174 -0.7328 0.4419
vn -0.6011 0.7311 0.3227
vn -0.8274 0.0000 0.5616
vn -0.6011 -0.7311 0.3227
vn -0.8274 -0.0000 0.5616
vn -0.6552 0.7278 0.2025
vn -0.9252 0.0000 0.3795
vn -0.6552 -0.7278 0.2025
vn -0.6833 0.7241 0.0938
vn -0.9780 -0.0000 0.2086
vn -0.6833 -0.7241 0.0938
vn -0.9780 0.0000 0.2086
vn -0.6996 0.7142 0.0219
vn -0.9980 -0.0000 0.0626
vn -0.6996 -0.7142 0.0219
vn -0.9980 0.0000 0.0626
vn -0.5774 0.5774 0.5774
vn -1.0000 0.0000 -0.0000
vn -0.5774 -0.5774 0.5774
vn 0.5774 0.5774 0.5774
vn 0.0000 0.0000 1.0000
vn 0.5774 -0.5774 0.5774
vn 0.7114 0.7026 -0.0142
vn 1.0000 0.0000 0.0000
vn 0.7114 -0.7026 -0.0142
vn 1.0000 -0.0000 -0.0000
vn 0.7142 0.6974 -0.0600
vn 0.9992 0.0000 -0.0400
vn 0.7142 -0.6974 -0.0600
vn 0.7066 0.6962 -0.1262
vn 0.9919 0.0000 -0.1273
vn 0.7066 -0.6962 -0.1262
vn 0.9919 -0.0000 -0.1273
vn 0.6909 0.6951 -0.1986
vn 0.9746 0.0000 -0.2238
vn 0.6909 -0.6951 -0.1986
vn 0.9746 -0.0000 -0.2238
vn 0.6650 0.6941 -0.2755
vn 0.9447 0.0000 -0.3279
vn 0.6650 -0.6941 -0.2755
vn 0.9447 -0.0000 -0.3279
vn 0.6276 0.6934 -0.3539
vn 0.8998 0.0000 -0.4362
vn 0.6276 -0.6934 -0.3539
vn 0.8998 -0.0000 -0.4362
vn 0.5787 0.6931 -0.4299
vn 0.8390 0.0000 -0.5441
vn 0.5787 -0.6931 -0.4299
vn 0.5197 0.6932 -0.4995
vn 0.7632 -0.0000 -0.6461
vn 0.5197 -0.6932 -0.4995
vn 0.4536 0.6937 -0.5595
vn 0.6758 0.0000 -0.7371
vn 0.4536 -0.6937 -0.5595
vn 0.6758 -0.0000 -0.7371
vn 0.3898 0.6969 -0.6020
vn 0.5815 0.0000 -0.8136
vn 0.3898 -0.6969 -0.6020
vn 0.5815 -0.0000 -0.8136
vn 0.3392 0.6995 -0.6289
vn 0.5043 0.0000 -0.8635
vn 0.3392 -0.6995 -0.6289
vn 0.5043 -0.0000 -0.8635
vn 0.2959 0.6996 -0.6504
vn 0.4446 0.0000 -0.8957
vn 0.2959 -0.6996 -0.6504
vn 0.4446 -0.0000 -0.8957
vn 0.2517 0.6997 -0.6686
vn 0.3832 0.0000 -0.9237
vn 0.2517 -0.6997 -0.6686
vn 0.3832 -0.0000 -0.9237
vn 0.2073 0.6999 -0.6835
vn 0.3211 0.0000 -0.9471
vn 0.2073 -0.6999 -0.6835
vn 0.3211 -0.0000 -0.9471
vn 0.1632 0.7001 -0.6951
vn 0.2590 0.0000 -0.9659
vn 0.1632 -0.7001 -0.6951
vn 0.2590 -0.0000 -0.9659
vn 0.1201 0.7004 -0.7036
vn 0.1979 0.0000 -0.9802
vn 0.1201 -0.7004 -0.7036
vn 0.0783 0.7007 -0.7092
vn 0.1384 0.0000 -0.9904
vn 0.0783 -0.7007 -0.7092
vn 0.1384 -0.0000 -0.9904
vn 0.0383 0.7010 -0.7121
vn 0.0810 0.0000 -0.9967
vn 0.0383 -0.7010 -0.7121
vn 0.0810 -0.0000 -0.9967
vn -0.0003 0.7011 -0.7130
vn 0.0263 0.0000 -0.9997
vn -0.0003 -0.7011 -0.7130
vn 0.0263 -0.0000 -0.9997
vn -0.0402 0.7006 -0.7124
vn -0.0273 0.0000 -0.9996
vn -0.0402 -0.7006 -0.7124
vn -0.0273 -0.0000 -0.9996
vn -0.0835 0.7000 -0.7092
vn -0.0854 -0.0000 -0.9963
vn -0.0835 -0.7000 -0.7092
vn -0.0854 0.0000 -0.9963
vn -0.1302 0.6995 -0.7027
vn -0.1483 -0.0000 -0.9889
vn -0.1302 -0.6995 -0.7027
vn -0.1800 0.6989 -0.6922
vn -0.2158 -0.0000 -0.9764
vn -0.1800 -0.6989 -0.6922
vn -0.2158 0.0000 -0.9764
vn -0.2325 0.6983 -0.6770
vn -0.2873 -0.0000 -0.9578
vn -0.2325 -0.6983 -0.6770
vn -0.2873 0.0000 -0.9578
vn -0.2867 0.6979 -0.6563
vn -0.3619 -0.0000 -0.9322
vn -0.2867 -0.6979 -0.6563
vn -0.3416 0.6975 -0.6299
vn -0.4381 0.0000 -0.8989
vn -0.3416 -0.6975 -0.6299
vn -0.3958 0.6972 -0.5977
vn -0.5144 -0.0000 -0.8575
vn -0.3958 -0.6972 -0.5977
vn -0.4484 0.6969 -0.5597
vn -0.5888 -0.0000 -0.8083
vn -0.4484 -0.6969 -0.5597
vn -0.5888 0.0000 -0.8083
vn -0.4999 0.6962 -0.5151
vn -0.6604 -0.0000 -0.7509
vn -0.4999 -0.6962 -0.5151
vn -0.6604 0.0000 -0.7509
vn -0.5495 0.6957 -0.4627
vn -0.7307 -0.0000 -0.6827
vn -0.5495 -0.6957 -0.4627
vn -0.7307 0.0000 -0.6827
vn -0.5951 0.6953 -0.4029
vn -0.7971 0.0000 -0.6038
vn -0.5951 -0.6953 -0.4029
vn -0.7971 -0.0000 -0.6038
vn -0.6347 0.6953 -0.3373
vn -0.8567 -0.0000 -0.5159
vn -0.6347 -0.6953 -0.3373
vn -0.8567 0.0000 -0.5159
vn -0.6668 0.6954 -0.2680
vn -0.9069 -0.0000 -0.4214
vn -0.6668 -0.6954 -0.2680
vn -0.9069 0.0000 -0.4214
vn -0.6905 0.6958 -0.1975
vn -0.9462 -0.0000 -0.3235
vn -0.6905 -0.6958 -0.1975
vn -0.9462 0.0000 -0.3235
vn -0.7061 0.6964 -0.1282
vn -0.9742 0.0000 -0.2257
vn -0.7061 -0.6964 -0.1282
vn -0.7142 0.6972 -0.0621
vn -0.9914 -0.0000 -0.1311
vn -0.7142 -0.6972 -0.0621
vn -0.9914 0.0000 -0.1311
vn -0.7158 0.6983 -0.0018
vn -0.9991 -0.0000 -0.0420
vn -0.7158 -0.6983 -0.0018
vn -0.9991 0.0000 -0.0420
vn -0.7125 0.7000 0.0492
vn -0.9993 -0.0000 0.0370
vn -0.7125 -0.7000 0.0492
vn -0.9993 0.0000 0.0370
vn -0.7072 0.7012 0.0906
vn -0.9949 -0.0000 0.1008
vn -0.7072 -0.7012 0.0906
vn -0.7010 0.7021 0.1248
vn -0.9882 0.0000 0.1533
vn -0.7010 -0.7021 0.1248
vn -0.6946 0.7029 0.1532
vn -0.9804 -0.0000 0.1970
vn -0.6946 -0.7029 0.1532
vn -0.9804 0.0000 0.1970
vn -0.6883 0.7035 0.1772
vn -0.9723 -0.0000 0.2337
vn -0.6883 -0.7035 0.1772
vn -0.9723 0.0000 0.2337
vn -0.6822 0.7040 0.1975
vn -0.9643 -0.0000 0.2648
vn -0.6822 -0.7040 0.1975
vn -0.9643 0.0000 0.2648
vn -0.6765 0.7044 0.2150
vn -0.9566 -0.0000 0.2914
vn -0.6765 -0.7044 0.2150
vn -0.9566 0.0000 0.2914
vn -0.6711 0.7047 0.2302
vn -0.9493 -0.0000 0.3144
vn -0.6711 -0.7047 0.2302
vn -0.9493 0.0000 0.3144
vn -0.6665 0.7078 0.2342
vn -0.9424 -0.0000 0.3345
vn -0.6665 -0.7078 0.2342
vn -0.9424 0.0000 0.3345
vn -0.6680 0.7113 0.2186
vn -0.9445 -0.0000 0.3285
vn -0.6680 -0.7113 0.2186
vn -0.9445 0.0000 0.3285
vn -0.6757 0.7114 0.1935
vn -0.9560 -0.0000 0.2934
vn -0.6757 -0.7114 0.1935
vn -0.9560 0.0000 0.2934
vn -0.6825 0.7115 0.1675
vn -0.9664 -0.0000 0.2570
vn -0.6825 -0.7115 0.1675
vn -0.9664 0.0000 0.2570
vn -0.6884 0.7116 0.1408
vn -0.9756 -0.0000 0.2196
vn -0.6884 -0.7116 0.1408
vn -0.9756 0.0000 0.2196
vn -0.6933 0.7116 0.1135
vn -0.9835 0.0000 0.1811
vn -0.6933 -0.7116 0.1135
vn -0.9835 -0.0000 0.1811
vn -0.6973 0.7117 0.0856
vn -0.9899 -0.0000 0.1418
vn -0.6973 -0.7117 0.0856
vn -0.9899 0.0000 0.1418
vn -0.7001 0.7117 0.0573
vn -0.9948 -0.0000 0.1018
vn -0.7001 -0.7117 0.0573
vn -0.9948 0.0000 0.1018
vn -0.7019 0.7117 0.0287
vn -0.9981 -0.0000 0.0613
vn -0.7019 -0.7117 0.0287
vn -0.9981 0.0000 0.0613
vn -0.7048 0.7094 0.0072
vn -0.9998 -0.0000 0.0205
vn -0.7048 -0.7094 0.0072
vn 0.5718 0.5783 0.5819
vn 0.5718 -0.5783 0.5819
vn 0.7029 0.7109 0.0241
vn 0.9998 0.0000 0.0174
vn 0.7029 -0.7109 0.0241
vn 0.9998 -0.0000 0.0174
vn 0.7019 0.7107 0.0472
vn 0.9987 0.0000 0.0510
vn 0.7019 -0.7107 0.0472
vn 0.9987 -0.0000 0.0510
vn 0.7002 0.7106 0.0692
vn 0.9965 -0.0000 0.0831
vn 0.7002 -0.7106 0.0692
vn 0.6980 0.7104 0.0902
vn 0.9935 0.0000 0.1136
vn 0.6980 -0.7104 0.0902
vn 0.6953 0.7103 0.1101
vn 0.9898 -0.0000 0.1426
vn 0.6953 -0.7103 0.1101
vn 0.9898 0.0000 0.1426
vn 0.6922 0.7101 0.1290
vn 0.9854 -0.0000 0.1702
vn 0.6922 -0.7101 0.1290
vn 0.6887 0.7100 0.1470
vn 0.9805 0.0000 0.1963
vn 0.6887 -0.7100 0.1470
vn 0.6850 0.7098 0.1640
vn 0.9753 -0.0000 0.2211
vn 0.6850 -0.7098 0.1640
vn 0.1621 0.9259 0.3413
vn 0.9696 0.0000 0.2445
vn 0.1621 -0.9259 0.3413
vn -0.4233 -0.0000 0.9060
vn -0.1888 0.7264 0.6608
vn -0.0870 0.7228 0.6856
vn -0.1932 -0.0000 0.9811
vn -0.0870 -0.7228 0.6856
vn -0.1888 -0.7264 0.6608
vn -0.1932 0.0000 0.9811
vn -0.3040 0.7300 0.6121
vn -0.3542 -0.0000 0.9352
vn -0.3040 -0.7300 0.6121
vn -0.3542 0.0000 0.9352
vn -0.4221 0.7324 0.5342
vn -0.5310 -0.0000 0.8474
vn -0.4221 -0.7324 0.5342
vn -0.5310 0.0000 0.8474
vn -0.5278 0.7326 0.4298
vn -0.7017 -0.0000 0.7125
vn -0.5278 -0.7326 0.4298
vn -0.7017 0.0000 0.7125
vn -0.6080 0.7304 0.3111
vn -0.8399 -0.0000 0.5427
vn -0.6080 -0.7304 0.3111
vn -0.6587 0.7270 0.1939
vn -0.9315 0.0000 0.3638
vn -0.6587 -0.7270 0.1939
vn -0.9315 -0.0000 0.3638
vn -0.6847 0.7233 0.0895
vn -0.9800 -0.0000 0.1990
vn -0.6847 -0.7233 0.0895
vn -0.9800 0.0000 0.1990
vn -0.6933 0.7207 0.0003
vn -0.9982 -0.0000 0.0596
vn -0.6933 -0.7207 0.0003
vn -0.9982 0.0000 0.0596
vn -0.6852 0.7230 -0.0882
vn -0.9983 -0.0000 -0.0587
vn -0.6852 -0.7230 -0.0882
vn -0.9983 0.0000 -0.0587
vn -0.6598 0.7267 -0.1914
vn -0.9806 -0.0000 -0.1961
vn -0.6598 -0.7267 -0.1914
vn -0.9806 0.0000 -0.1961
vn -0.6101 0.7302 -0.3076
vn -0.9333 0.0000 -0.3590
vn -0.6101 -0.7302 -0.3076
vn -0.9333 -0.0000 -0.3590
vn -0.5310 0.7325 -0.4260
vn -0.8437 0.0000 -0.5369
vn -0.5310 -0.7325 -0.4260
vn -0.8437 -0.0000 -0.5369
vn -0.4260 0.7325 -0.5310
vn -0.7071 -0.0000 -0.7071
vn -0.4260 -0.7325 -0.5310
vn -0.7071 0.0000 -0.7071
vn -0.3076 0.7302 -0.6101
vn -0.5369 0.0000 -0.8437
vn -0.3076 -0.7302 -0.6101
vn -0.5369 -0.0000 -0.8437
vn -0.1914 0.7267 -0.6598
vn -0.3590 0.0000 -0.9333
vn -0.1914 -0.7267 -0.6598
vn -0.3590 -0.0000 -0.9333
vn -0.0882 0.7230 -0.6852
vn -0.1961 0.0000 -0.9806
vn -0.0882 -0.7230 -0.6852
vn 0.0003 0.7207 -0.6933
vn -0.0587 0.0000 -0.9983
vn 0.0003 -0.7207 -0.6933
vn 0.0895 0.7233 -0.6847
vn 0.0596 0.0000 -0.9982
vn 0.0895 -0.7233 -0.6847
vn 0.0596 -0.0000 -0.9982
vn 0.1939 0.7270 -0.6587
vn 0.1990 0.0000 -0.9800
vn 0.1939 -0.7270 -0.6587
vn 0.1990 -0.0000 -0.9800
vn 0.3111 0.7304 -0.6080
vn 0.3638 0.0000 -0.9315
vn 0.3111 -0.7304 -0.6080
vn 0.3638 -0.0000 -0.9315
vn 0.4298 0.7326 -0.5278
vn 0.5427 -0.0000 -0.8399
vn 0.4298 -0.7326 -0.5278
vn 0.5342 0.7324 -0.4221
vn 0.7125 0.0000 -0.7017
vn 0.5342 -0.7324 -0.4221
vn 0.7125 -0.0000 -0.7017
vn 0.6121 0.7300 -0.3040
vn 0.8474 0.0000 -0.5310
vn 0.6121 -0.7300 -0.3040
vn 0.6608 0.7264 -0.1888
vn 0.9352 -0.0000 -0.3542
vn 0.6608 -0.7264 -0.1888
vn 0.6856 0.7228 -0.0870
vn 0.9811 0.0000 -0.1932
vn 0.6856 -0.7228 -0.0870
vn 0.9811 -0.0000 -0.1932
vn 0.6935 0.7205 0.0003
vn 0.9983 0.0000 -0.0578
vn 0.6935 -0.7205 0.0003
vn 0.6852 0.7230 0.0882
vn 0.9983 0.0000 0.0587
vn 0.6852 -0.7230 0.0882
vn 0.6598 0.7267 0.1914
vn 0.9806 0.0000 0.1961
vn 0.6598 -0.7267 0.1914
vn 0.9806 -0.0000 0.1961
vn 0.6101 0.7302 0.3076
vn 0.9333 0.0000 0.3590
vn 0.6101 -0.7302 0.3076
vn 0.9333 -0.0000 0.3590
vn 0.5310 0.7325 0.4260
vn 0.8437 0.0000 0.5369
vn 0.5310 -0.7325 0.4260
vn 0.8437 -0.0000 0.5369
vn 0.4260 0.7325 0.5310
vn 0.7071 0.0000 0.7071
vn 0.4260 -0.7325 0.5310
vn 0.7071 -0.0000 0.7071
vn 0.3076 0.7302 0.6101
vn 0.5369 0.0000 0.8437
vn 0.3076 -0.7302 0.6101
vn 0.5369 -0.0000 0.8437
vn 0.1914 0.7267 0.6598
vn 0.3590 0.0000 0.9333
vn 0.1914 -0.7267 0.6598
vn 0.3590 -0.0000 0.9333
vn 0.0882 0.7230 0.6852
vn 0.1961 0.0000 0.9806
vn 0.0882 -0.7230 0.6852
vn 0.1961 -0.0000 0.9806
vn 0.0003 0.7205 0.6935
vn 0.0587 -0.0000 0.9983
vn 0.0003 -0.7205 0.6935
vn 0.0587 0.0000 0.9983
vn -0.0578 -0.0000 0.9983
vn -0.0578 0.0000 0.9983
vn 0.0000 -1.0000 -0.0000
vn 0.0000 1.0000 -0.0000
# 713 vertex normals

o Object004
g Object004
s 1
f 1//1 2//2 3//3 
f 4//4 5//5 6//6 
s 3
f 7//7 1//1 8//8 
f 5//5 9//9 10//8 
s 2
f 11//10 7//7 12//11 
f 9//9 13//12 14//13 
f 15//14 11//10 16//15 
f 13//12 17//16 18//17 
f 19//18 15//14 20//19 
f 17//16 21//20 22//21 
f 23//22 19//18 24//23 
f 21//20 25//24 26//23 
f 27//25 23//22 28//26 
f 25//24 29//27 30//26 
f 31//28 27//25 32//29 
f 29//27 33//30 34//31 
f 35//32 31//28 36//33 
f 33//30 37//34 38//35 
f 39//36 35//32 40//37 
f 37//34 41//38 42//39 
f 43//40 39//36 44//41 
f 41//38 45//42 46//41 
f 47//43 43//40 48//44 
f 45//42 49//45 50//46 
f 51//47 47//43 52//48 
f 49//45 53//49 54//48 
f 55//50 51//47 56//51 
f 53//49 57//52 58//53 
f 59//54 55//50 60//55 
f 57//52 61//56 62//57 
f 63//58 59//54 64//59 
f 61//56 65//60 66//61 
f 67//62 63//58 68//63 
f 65//60 69//64 70//65 
f 71//66 67//62 72//67 
f 69//64 73//68 74//69 
f 75//70 71//66 76//71 
f 73//68 77//72 78//73 
f 79//74 75//70 80//75 
f 77//72 81//76 82//77 
f 83//78 79//74 84//79 
f 81//76 85//80 86//81 
f 87//82 83//78 88//83 
f 85//80 89//84 90//85 
f 91//86 87//82 92//87 
f 89//84 93//88 94//89 
f 95//90 91//86 96//91 
f 93//88 97//92 98//93 
f 99//94 95//90 100//95 
f 97//92 101//96 102//97 
f 103//98 99//94 104//99 
f 101//96 105//100 106//101 
f 107//102 103//98 108//103 
f 105//100 109//104 110//105 
f 111//106 107//102 112//107 
f 109//104 113//108 114//109 
f 115//110 111//106 116//111 
f 113//108 117//112 118//113 
f 119//114 115//110 120//115 
f 117//112 121//116 122//117 
f 123//118 119//114 124//119 
f 121//116 125//120 126//121 
f 127//122 123//118 128//123 
f 125//120 129//124 130//123 
f 131//125 127//122 132//126 
f 129//124 133//127 134//126 
f 135//128 131//125 136//129 
f 133//127 137//130 138//131 
f 139//132 135//128 140//133 
f 137//130 141//134 142//135 
f 143//136 139//132 144//137 
f 141//134 145//138 146//137 
f 147//139 143//136 148//140 
f 145//138 149//141 150//140 
f 151//142 147//139 152//143 
f 149//141 153//144 154//143 
f 155//145 151//142 156//146 
f 153//144 157//147 158//148 
f 159//149 155//145 160//150 
f 157//147 161//151 162//150 
f 163//152 159//149 164//153 
f 161//151 165//154 166//155 
f 167//156 163//152 168//157 
f 165//154 169//158 170//157 
f 171//159 167//156 172//160 
f 169//158 173//161 174//160 
f 175//162 171//159 176//163 
f 173//161 177//164 178//165 
s 4
f 179//166 175//162 180//167 
f 177//164 181//168 182//167 
f 183//169 179//166 184//170 
f 181//168 185//171 186//170 
f 187//172 183//169 188//173 
f 185//171 189//174 190//175 
f 191//176 187//172 192//177 
f 189//174 193//178 194//179 
f 195//180 191//176 196//181 
f 193//178 197//182 198//183 
f 199//184 195//180 200//185 
f 197//182 201//186 202//187 
f 203//188 199//184 204//189 
f 201//186 205//190 206//191 
f 207//192 203//188 208//193 
f 205//190 209//194 210//193 
f 211//195 207//192 212//196 
f 209//194 213//197 214//198 
f 215//199 211//195 216//200 
f 213//197 217//201 218//200 
f 219//202 215//199 220//203 
f 217//201 221//204 222//205 
f 223//206 219//202 224//207 
f 221//204 225//208 226//209 
f 227//210 223//206 228//211 
f 225//208 229//212 230//213 
f 231//214 227//210 232//215 
f 229//212 233//216 234//215 
f 235//217 231//214 236//218 
f 233//216 237//219 238//218 
f 239//220 235//217 240//221 
f 237//219 241//222 242//221 
f 243//223 239//220 244//224 
f 241//222 245//225 246//224 
f 247//226 243//223 248//227 
f 245//225 249//228 250//229 
f 251//230 247//226 252//231 
f 249//228 253//232 254//233 
f 255//234 251//230 256//235 
f 253//232 257//236 258//237 
f 259//238 255//234 260//239 
f 257//236 261//240 262//241 
f 263//242 259//238 264//243 
f 261//240 265//244 266//245 
f 267//246 263//242 268//247 
f 265//244 269//248 270//249 
f 271//250 267//246 272//251 
f 269//248 273//252 274//253 
f 275//254 271//250 276//255 
f 273//252 277//256 278//257 
f 279//258 275//254 280//259 
f 277//256 281//260 282//261 
f 283//262 279//258 284//263 
f 281//260 285//264 286//265 
f 287//266 283//262 288//267 
f 285//264 289//268 290//269 
f 291//270 287//266 292//271 
f 289//268 293//272 294//271 
f 295//273 291//270 296//274 
f 293//272 297//275 298//276 
f 299//277 295//273 300//278 
f 297//275 301//279 302//280 
f 303//281 299//277 304//282 
f 301//279 305//283 306//282 
f 307//284 303//281 308//285 
f 305//283 309//286 310//285 
f 311//287 307//284 312//288 
f 309//286 313//289 314//288 
f 315//290 311//287 316//291 
f 313//289 317//292 318//293 
f 319//294 315//290 320//295 
f 317//292 321//296 322//297 
f 323//298 319//294 324//299 
f 321//296 325//300 326//301 
f 327//302 323//298 328//303 
f 325//300 329//304 330//303 
f 331//305 327//302 332//306 
f 329//304 333//307 334//306 
f 335//308 331//305 336//309 
f 333//307 337//310 338//309 
f 339//311 335//308 340//312 
f 337//310 341//313 342//312 
f 343//314 339//311 344//315 
f 341//313 345//316 346//317 
f 347//318 343//314 348//319 
f 345//316 349//320 350//319 
f 351//321 347//318 352//322 
f 349//320 353//323 354//324 
f 355//325 351//321 356//326 
f 353//323 357//327 358//328 
s 2
f 359//329 355//325 360//330 
f 357//327 361//331 362//330 
s 4
f 363//332 359//329 364//333 
f 361//331 365//334 366//333 
s 2
f 367//335 363//332 368//336 
f 365//334 369//337 370//338 
s 4
f 371//339 367//335 372//340 
f 369//337 373//341 374//340 
f 375//342 371//339 376//343 
f 373//341 377//344 378//345 
f 379//346 375//342 380//347 
f 377//344 381//348 382//349 
f 383//350 379//346 384//351 
f 381//348 385//352 386//353 
f 387//354 383//350 388//355 
f 385//352 389//356 390//357 
f 391//358 387//354 392//359 
f 389//356 393//360 394//359 
f 395//361 391//358 396//362 
f 393//360 397//363 398//362 
f 399//364 395//361 400//365 
f 397//363 401//366 402//367 
f 403//368 399//364 404//369 
f 401//366 405//370 406//371 
f 407//372 403//368 408//373 
f 405//370 409//374 410//375 
f 411//376 407//372 412//377 
f 409//374 413//378 414//379 
f 415//380 411//376 416//381 
f 413//378 417//382 418//383 
f 419//384 415//380 420//385 
f 417//382 421//386 422//387 
f 423//388 419//384 424//389 
f 421//386 425//390 426//391 
f 427//392 423//388 428//393 
f 425//390 429//394 430//393 
f 431//395 427//392 432//396 
f 429//394 433//397 434//398 
f 435//399 431//395 436//400 
f 433//397 437//401 438//402 
f 439//403 435//399 440//404 
f 437//401 441//405 442//406 
f 443//407 439//403 444//408 
f 441//405 445//409 446//410 
f 447//411 443//407 448//412 
f 445//409 449//413 450//414 
f 451//415 447//411 452//416 
f 449//413 453//417 454//416 
f 455//418 451//415 456//419 
f 453//417 457//420 458//421 
f 459//422 455//418 460//423 
f 457//420 461//424 462//425 
f 463//426 459//422 464//427 
f 461//424 465//428 466//427 
f 467//429 463//426 468//430 
f 465//428 469//431 470//430 
f 471//432 467//429 472//433 
f 469//431 473//434 474//433 
f 475//435 471//432 476//436 
f 473//434 477//437 478//438 
f 479//439 475//435 480//440 
f 477//437 481//441 482//442 
f 483//443 479//439 484//444 
f 481//441 485//445 486//446 
f 487//447 483//443 488//448 
f 485//445 489//449 490//450 
f 491//451 487//447 492//452 
f 489//449 493//453 494//454 
f 495//455 491//451 496//456 
f 493//453 497//457 498//458 
f 499//459 495//455 500//460 
f 497//457 501//461 502//462 
f 503//463 499//459 504//464 
f 501//461 505//465 506//464 
f 507//466 503//463 508//467 
f 505//465 509//468 510//469 
f 511//470 507//466 512//471 
f 509//468 513//472 514//473 
f 515//474 511//470 516//475 
f 513//472 517//476 518//477 
f 519//478 515//474 520//479 
f 517//476 521//480 522//479 
f 523//481 519//478 524//482 
f 521//480 525//483 526//482 
f 527//484 523//481 528//485 
f 525//483 529//486 530//487 
f 531//488 527//484 532//489 
f 529//486 533//490 534//491 
f 535//492 531//488 536//493 
f 533//490 537//494 538//495 
f 539//496 535//492 540//497 
f 537//494 541//498 542//499 
f 543//500 539//496 544//501 
f 541//498 545//502 546//503 
f 547//504 543//500 548//505 
f 545//502 549//506 550//507 
f 551//508 547//504 552//509 
f 549//506 553//510 554//511 
f 555//512 551//508 556//513 
f 553//510 557//514 558//515 
f 559//516 555//512 560//517 
f 557//514 561//518 562//519 
f 563//520 559//516 564//521 
f 561//518 565//522 566//523 
f 567//524 563//520 568//525 
f 565//522 569//526 570//527 
f 571//528 567//524 572//529 
f 569//526 573//530 574//531 
f 575//532 571//528 576//533 
f 573//530 577//534 578//535 
f 579//536 575//532 580//537 
f 577//534 581//538 582//539 
f 583//540 579//536 584//541 
f 581//538 585//542 586//541 
s 2
f 587//329 583//540 588//330 
f 585//542 589//331 590//330 
s 4
f 591//543 587//329 592//333 
f 589//331 593//544 594//333 
s 2
f 595//545 591//543 596//546 
f 593//544 597//547 598//548 
f 599//549 595//545 600//550 
f 597//547 601//551 602//552 
f 603//553 599//549 604//554 
f 601//551 605//555 606//554 
f 607//556 603//553 608//557 
f 605//555 609//558 610//557 
f 611//559 607//556 612//560 
f 609//558 613//561 614//562 
f 615//563 611//559 616//564 
f 613//561 617//565 618//564 
f 619//566 615//563 620//567 
f 617//565 621//568 622//567 
f 623//569 619//566 624//570 
f 621//568 625//571 626//570 
f 627//572 623//569 628//573 
f 625//571 629//574 630//573 
s 5
f 2//2 627//572 631//575 
f 629//574 4//4 632//575 
s 1
f 633//576 634//577 635//578 
f 636//579 637//580 638//581 
s 3
f 639//582 633//576 640//583 
f 637//580 641//584 642//585 
s 2
f 643//586 639//582 644//587 
f 641//584 645//588 646//589 
f 647//590 643//586 648//591 
f 645//588 649//592 650//593 
f 651//594 647//590 652//595 
f 649//592 653//596 654//595 
f 655//597 651//594 656//598 
f 653//596 657//599 658//600 
f 659//601 655//597 660//602 
f 657//599 661//603 662//604 
f 663//605 659//601 664//606 
f 661//603 665//607 666//608 
f 667//609 663//605 668//610 
f 665//607 669//611 670//612 
f 671//613 667//609 672//614 
f 669//611 673//615 674//616 
f 675//617 671//613 676//618 
f 673//615 677//619 678//620 
f 679//621 675//617 680//622 
f 677//619 681//623 682//624 
f 683//625 679//621 684//626 
f 681//623 685//627 686//628 
f 687//629 683//625 688//630 
f 685//627 689//631 690//632 
f 691//633 687//629 692//634 
f 689//631 693//635 694//636 
f 695//637 691//633 696//638 
f 693//635 697//639 698//638 
f 699//640 695//637 700//641 
f 697//639 701//642 702//641 
f 703//643 699//640 704//644 
f 701//642 705//645 706//646 
f 707//647 703//643 708//648 
f 705//645 709//649 710//650 
f 711//651 707//647 712//652 
f 709//649 713//653 714//654 
f 715//655 711//651 716//656 
f 713//653 717//657 718//656 
f 719//658 715//655 720//659 
f 717//657 721//660 722//661 
f 723//662 719//658 724//663 
f 721//660 725//664 726//663 
f 727//665 723//662 728//666 
f 725//664 729//667 730//666 
f 731//668 727//665 732//669 
f 729//667 733//670 734//671 
f 735//672 731//668 736//673 
f 733//670 737//674 738//673 
f 739//675 735//672 740//676 
f 737//674 741//677 742//676 
f 743//678 739//675 744//679 
f 741//677 745//680 746//681 
f 747//682 743//678 748//683 
f 745//680 749//684 750//685 
f 751//686 747//682 752//687 
f 749//684 753//688 754//689 
f 755//690 751//686 756//691 
f 753//688 757//692 758//693 
f 759//694 755//690 760//695 
f 757//692 761//696 762//697 
f 763//698 759//694 764//699 
f 761//696 765//700 766//701 
f 767//702 763//698 768//703 
f 765//700 769//704 770//705 
f 771//706 767//702 772//707 
f 769//704 773//708 774//709 
s 3
f 634//577 771//706 775//710 
f 773//708 636//579 776//711 
s 16
f 369//337 365//334 777//712 
f 369//337 777//712 361//331 778//712 
f 369//337 778//712 357//327 779//712 
f 373//341 369//337 780//712 
f 377//344 373//341 781//712 
f 381//348 377//344 782//712 
f 381//348 782//712 353//323 783//712 
f 385//352 381//348 784//712 
f 389//356 385//352 785//712 
f 389//356 785//712 349//320 786//712 
f 393//360 389//356 787//712 
f 397//363 393//360 788//712 
f 401//366 397//363 789//712 
f 401//366 789//712 345//316 790//712 
f 405//370 401//366 791//712 
f 409//374 405//370 792//712 
f 409//374 792//712 341//313 793//712 
f 413//378 409//374 794//712 
f 417//382 413//378 795//712 
f 417//382 795//712 337//310 796//712 
f 421//386 417//382 797//712 
f 425//390 421//386 798//712 
f 425//390 798//712 333//307 799//712 
f 429//394 425//390 800//712 
f 433//397 429//394 801//712 
f 433//397 801//712 329//304 802//712 
f 437//401 433//397 803//712 
f 437//401 803//712 325//300 804//712 
f 441//405 437//401 805//712 
f 445//409 441//405 806//712 
f 445//409 806//712 321//296 807//712 
f 449//413 445//409 808//712 
f 449//413 808//712 317//292 809//712 
f 449//413 809//712 313//289 810//712 
f 453//417 449//413 811//712 
f 453//417 811//712 309//286 812//712 
f 457//420 453//417 813//712 
f 457//420 813//712 305//283 814//712 
f 461//424 457//420 815//712 
f 461//424 815//712 301//279 816//712 
f 465//428 461//424 817//712 
f 465//428 817//712 297//275 818//712 
f 469//431 465//428 819//712 
f 469//431 819//712 293//272 820//712 
f 473//434 469//431 821//712 
f 473//434 821//712 289//268 822//712 
f 477//437 473//434 823//712 
f 477//437 823//712 285//264 824//712 
f 481//441 477//437 825//712 
f 481//441 825//712 281//260 826//712 
f 485//445 481//441 827//712 
f 485//445 827//712 277//256 828//712 
f 489//449 485//445 829//712 
f 489//449 829//712 273//252 830//712 
f 493//453 489//449 831//712 
f 493//453 831//712 269//248 832//712 
f 497//457 493//453 833//712 
f 497//457 833//712 265//244 834//712 
f 501//461 497//457 835//712 
f 501//461 835//712 261//240 836//712 
f 505//465 501//461 837//712 
f 509//468 505//465 838//712 
f 509//468 838//712 257//236 839//712 
f 513//472 509//468 840//712 
f 513//472 840//712 253//232 841//712 
f 517//476 513//472 842//712 
f 517//476 842//712 249//228 843//712 
f 517//476 843//712 245//225 844//712 
f 521//480 517//476 845//712 
f 521//480 845//712 241//222 846//712 
f 525//483 521//480 847//712 
f 525//483 847//712 237//219 848//712 
f 529//486 525//483 849//712 
f 529//486 849//712 233//216 850//712 
f 529//486 850//712 229//212 851//712 
f 533//490 529//486 852//712 
f 533//490 852//712 225//208 853//712 
f 533//490 853//712 221//204 854//712 
f 537//494 533//490 855//712 
f 537//494 855//712 217//201 856//712 
f 541//498 537//494 857//712 
f 541//498 857//712 213//197 858//712 
f 541//498 858//712 209//194 859//712 
f 545//502 541//498 860//712 
f 545//502 860//712 205//190 861//712 
f 545//502 861//712 201//186 862//712 
f 549//506 545//502 863//712 
f 549//506 863//712 197//182 864//712 
f 549//506 864//712 193//178 865//712 
f 549//506 865//712 189//174 866//712 
f 549//506 866//712 185//171 867//712 
f 553//510 549//506 868//712 
f 553//510 868//712 181//168 869//712 
f 557//514 553//510 870//712 
f 157//147 153//144 871//712 
f 157//147 871//712 725//664 872//712 
f 161//151 157//147 873//712 
f 161//151 873//712 721//660 874//712 
f 729//667 725//664 875//712 
f 733//670 729//667 876//712 
f 733//670 876//712 153//144 877//712 
f 737//674 733//670 878//712 
f 737//674 878//712 149//141 879//712 
f 741//677 737//674 880//712 
f 741//677 880//712 145//138 881//712 
f 745//680 741//677 882//712 
f 745//680 882//712 141//134 883//712 
f 749//684 745//680 884//712 
f 749//684 884//712 137//130 885//712 
f 753//688 749//684 886//712 
f 753//688 886//712 133//127 887//712 
f 757//692 753//688 888//712 
f 757//692 888//712 129//124 889//712 
f 761//696 757//692 890//712 
f 761//696 890//712 125//120 891//712 
f 761//696 891//712 121//116 892//712 
f 765//700 761//696 893//712 
f 765//700 893//712 117//112 894//712 
f 769//704 765//700 895//712 
f 769//704 895//712 113//108 896//712 
f 773//708 769//704 897//712 
f 773//708 897//712 109//104 898//712 
f 636//579 773//708 899//712 
f 636//579 899//712 105//100 900//712 
f 637//580 636//579 901//712 
f 637//580 901//712 101//96 902//712 
f 641//584 637//580 903//712 
f 641//584 903//712 97//92 904//712 
f 645//588 641//584 905//712 
f 645//588 905//712 93//88 906//712 
f 649//592 645//588 907//712 
f 649//592 907//712 89//84 908//712 
f 649//592 908//712 85//80 909//712 
f 653//596 649//592 910//712 
f 653//596 910//712 81//76 911//712 
f 657//599 653//596 912//712 
f 657//599 912//712 77//72 913//712 
f 661//603 657//599 914//712 
f 665//607 661//603 915//712 
f 665//607 915//712 73//68 916//712 
f 669//611 665//607 917//712 
f 669//611 917//712 69//64 918//712 
f 673//615 669//611 919//712 
f 673//615 919//712 65//60 920//712 
f 677//619 673//615 921//712 
f 677//619 921//712 61//56 922//712 
f 681//623 677//619 923//712 
f 681//623 923//712 57//52 924//712 
f 685//627 681//623 925//712 
f 685//627 925//712 53//49 926//712 
f 685//627 926//712 49//45 927//712 
f 689//631 685//627 928//712 
f 689//631 928//712 45//42 929//712 
f 693//635 689//631 930//712 
f 693//635 930//712 41//38 931//712 
f 697//639 693//635 932//712 
f 701//642 697//639 933//712 
f 701//642 933//712 37//34 934//712 
f 701//642 934//712 33//30 935//712 
f 705//645 701//642 936//712 
f 705//645 936//712 29//27 937//712 
f 705//645 937//712 25//24 938//712 
f 705//645 938//712 21//20 939//712 
f 709//649 705//645 940//712 
f 709//649 940//712 17//16 941//712 
f 709//649 941//712 13//12 942//712 
f 709//649 942//712 9//9 943//712 
f 713//653 709//649 944//712 
f 713//653 944//712 5//5 945//712 
f 713//653 945//712 4//4 946//712 
f 717//657 713//653 947//712 
f 161//151 874//712 717//657 948//712 
f 165//154 161//151 949//712 
f 169//158 165//154 950//712 
f 169//158 950//712 629//574 951//712 
f 173//161 169//158 952//712 
f 173//161 952//712 625//571 953//712 
f 177//164 173//161 954//712 
f 177//164 954//712 621//568 955//712 
f 177//164 955//712 617//565 956//712 
f 557//514 870//712 177//164 957//712 
f 561//518 557//514 958//712 
f 565//522 561//518 959//712 
f 565//522 959//712 613//561 960//712 
f 569//526 565//522 961//712 
f 569//526 961//712 609//558 962//712 
f 573//530 569//526 963//712 
f 577//534 573//530 964//712 
f 577//534 964//712 605//555 965//712 
f 581//538 577//534 966//712 
f 581//538 966//712 601//551 967//712 
f 585//542 581//538 968//712 
f 585//542 968//712 597//547 969//712 
f 585//542 969//712 593//544 970//712 
f 583//540 587//329 971//713 
f 583//540 971//713 591//543 972//713 
f 151//142 973//713 723//662 974//713 
f 151//142 974//713 727//665 975//713 
f 147//139 151//142 976//713 
f 147//139 976//713 731//668 977//713 
f 143//136 147//139 978//713 
f 143//136 978//713 735//672 979//713 
f 139//132 143//136 980//713 
f 139//132 980//713 739//675 981//713 
f 135//128 139//132 982//713 
f 135//128 982//713 743//678 983//713 
f 131//125 135//128 984//713 
f 131//125 984//713 747//682 985//713 
f 127//122 131//125 986//713 
f 127//122 986//713 751//686 987//713 
f 123//118 127//122 988//713 
f 123//118 988//713 755//690 989//713 
f 119//114 123//118 990//713 
f 115//110 119//114 991//713 
f 115//110 991//713 759//694 992//713 
f 111//106 115//110 993//713 
f 111//106 993//713 763//698 994//713 
f 107//102 111//106 995//713 
f 107//102 995//713 767//702 996//713 
f 103//98 107//102 997//713 
f 103//98 997//713 771//706 998//713 
f 99//94 103//98 999//713 
f 99//94 999//713 634//577 1000//713 
f 95//90 99//94 1001//713 
f 95//90 1001//713 633//576 1002//713 
f 91//86 95//90 1003//713 
f 91//86 1003//713 639//582 1004//713 
f 87//82 91//86 1005//713 
f 87//82 1005//713 643//586 1006//713 
f 83//78 87//82 1007//713 
f 79//74 83//78 1008//713 
f 79//74 1008//713 647//590 1009//713 
f 75//70 79//74 1010//713 
f 75//70 1010//713 651//594 1011//713 
f 71//66 75//70 1012//713 
f 71//66 1012//713 655//597 1013//713 
f 71//66 1013//713 659//601 1014//713 
f 67//62 71//66 1015//713 
f 67//62 1015//713 663//605 1016//713 
f 63//58 67//62 1017//713 
f 63//58 1017//713 667//609 1018//713 
f 59//54 63//58 1019//713 
f 59//54 1019//713 671//613 1020//713 
f 55//50 59//54 1021//713 
f 55//50 1021//713 675//617 1022//713 
f 51//47 55//50 1023//713 
f 51//47 1023//713 679//621 1024//713 
f 47//43 51//47 1025//713 
f 43//40 47//43 1026//713 
f 43//40 1026//713 683//625 1027//713 
f 39//36 43//40 1028//713 
f 39//36 1028//713 687//629 1029//713 
f 35//32 39//36 1030//713 
f 35//32 1030//713 691//633 1031//713 
f 35//32 1031//713 695//637 1032//713 
f 31//28 35//32 1033//713 
f 27//25 31//28 1034//713 
f 27//25 1034//713 699//640 1035//713 
f 23//22 27//25 1036//713 
f 19//18 23//22 1037//713 
f 15//14 19//18 1038//713 
f 15//14 1038//713 703//643 1039//713 
f 11//10 15//14 1040//713 
f 7//7 11//10 1041//713 
f 1//1 7//7 1042//713 
f 1//1 1042//713 707//647 1043//713 
f 2//2 1//1 1044//713 
f 627//572 2//2 1045//713 
f 627//572 1045//713 711//651 1046//713 
f 719//658 723//662 1047//713 
f 719//658 1047//713 155//145 1048//713 
f 715//655 719//658 1049//713 
f 627//572 1046//713 715//655 1050//713 
f 627//572 1050//713 159//149 1051//713 
f 627//572 1051//713 163//152 1052//713 
f 623//569 627//572 1053//713 
f 623//569 1053//713 167//156 1054//713 
f 619//566 623//569 1055//713 
f 619//566 1055//713 171//159 1056//713 
f 615//563 619//566 1057//713 
f 611//559 615//563 1058//713 
f 359//329 363//332 1059//713 
f 355//325 359//329 1060//713 
f 351//321 355//325 1061//713 
f 351//321 1061//713 367//335 1062//713 
f 351//321 1062//713 371//339 1063//713 
f 351//321 1063//713 375//342 1064//713 
f 347//318 351//321 1065//713 
f 347//318 1065//713 379//346 1066//713 
f 347//318 1066//713 383//350 1067//713 
f 343//314 347//318 1068//713 
f 343//314 1068//713 387//354 1069//713 
f 343//314 1069//713 391//358 1070//713 
f 343//314 1070//713 395//361 1071//713 
f 339//311 343//314 1072//713 
f 339//311 1072//713 399//364 1073//713 
f 339//311 1073//713 403//368 1074//713 
f 335//308 339//311 1075//713 
f 335//308 1075//713 407//372 1076//713 
f 335//308 1076//713 411//376 1077//713 
f 331//305 335//308 1078//713 
f 331//305 1078//713 415//380 1079//713 
f 331//305 1079//713 419//384 1080//713 
f 327//302 331//305 1081//713 
f 327//302 1081//713 423//388 1082//713 
f 327//302 1082//713 427//392 1083//713 
f 323//298 327//302 1084//713 
f 323//298 1084//713 431//395 1085//713 
f 319//294 323//298 1086//713 
f 319//294 1086//713 435//399 1087//713 
f 319//294 1087//713 439//403 1088//713 
f 315//290 319//294 1089//713 
f 315//290 1089//713 443//407 1090//713 
f 311//287 315//290 1091//713 
f 307//284 311//287 1092//713 
f 307//284 1092//713 447//411 1093//713 
f 303//281 307//284 1094//713 
f 303//281 1094//713 451//415 1095//713 
f 299//277 303//281 1096//713 
f 299//277 1096//713 455//418 1097//713 
f 295//273 299//277 1098//713 
f 295//273 1098//713 459//422 1099//713 
f 291//270 295//273 1100//713 
f 291//270 1100//713 463//426 1101//713 
f 287//266 291//270 1102//713 
f 287//266 1102//713 467//429 1103//713 
f 283//262 287//266 1104//713 
f 283//262 1104//713 471//432 1105//713 
f 279//258 283//262 1106//713 
f 279//258 1106//713 475//435 1107//713 
f 275//254 279//258 1108//713 
f 275//254 1108//713 479//439 1109//713 
f 271//250 275//254 1110//713 
f 271//250 1110//713 483//443 1111//713 
f 267//246 271//250 1112//713 
f 267//246 1112//713 487//447 1113//713 
f 263//242 267//246 1114//713 
f 263//242 1114//713 491//451 1115//713 
f 259//238 263//242 1116//713 
f 259//238 1116//713 495//455 1117//713 
f 255//234 259//238 1118//713 
f 255//234 1118//713 499//459 1119//713 
f 255//234 1119//713 503//463 1120//713 
f 251//230 255//234 1121//713 
f 251//230 1121//713 507//466 1122//713 
f 247//226 251//230 1123//713 
f 247//226 1123//713 511//470 1124//713 
f 243//223 247//226 1125//713 
f 239//220 243//223 1126//713 
f 239//220 1126//713 515//474 1127//713 
f 235//217 239//220 1128//713 
f 235//217 1128//713 519//478 1129//713 
f 231//214 235//217 1130//713 
f 231//214 1130//713 523//481 1131//713 
f 227//210 231//214 1132//713 
f 223//206 227//210 1133//713 
f 223//206 1133//713 527//484 1134//713 
f 219//202 223//206 1135//713 
f 215//199 219//202 1136//713 
f 215//199 1136//713 531//488 1137//713 
f 211//195 215//199 1138//713 
f 211//195 1138//713 535//492 1139//713 
f 207//192 211//195 1140//713 
f 203//188 207//192 1141//713 
f 203//188 1141//713 539//496 1142//713 
f 199//184 203//188 1143//713 
f 195//180 199//184 1144//713 
f 195//180 1144//713 543//500 1145//713 
f 191//176 195//180 1146//713 
f 187//172 191//176 1147//713 
f 183//169 187//172 1148//713 
f 179//166 183//169 1149//713 
f 179//166 1149//713 547//504 1150//713 
f 175//162 179//166 1151//713 
f 175//162 1151//713 551//508 1152//713 
f 611//559 1058//713 175//162 1153//713 
f 611//559 1153//713 555//512 1154//713 
f 611//559 1154//713 559//516 1155//713 
f 607//556 611//559 1156//713 
f 607//556 1156//713 563//520 1157//713 
f 603//553 607//556 1158//713 
f 603//553 1158//713 567//524 1159//713 
f 603//553 1159//713 571//528 1160//713 
f 599//549 603//553 1161//713 
f 599//549 1161//713 575//532 1162//713 
f 595//545 599//549 1163//713 
f 583//540 972//713 595//545 1164//713 
s 1
f 3//3 2//2 4//4 
f 1//1 3//3 4//4 6//6 
f 6//6 5//5 1//1 
s 3
f 8//8 1//1 5//5 
f 7//7 8//8 5//5 10//8 
f 10//8 9//9 7//7 
s 2
f 12//11 7//7 9//9 
f 11//10 12//11 9//9 14//13 
f 14//13 13//12 11//10 
f 16//15 11//10 13//12 
f 15//14 16//15 13//12 18//17 
f 18//17 17//16 15//14 
f 20//19 15//14 17//16 
f 19//18 20//19 17//16 22//21 
f 22//21 21//20 19//18 
f 24//23 19//18 21//20 
f 23//22 24//23 21//20 26//23 
f 26//23 25//24 23//22 
f 28//26 23//22 25//24 
f 27//25 28//26 25//24 30//26 
f 30//26 29//27 27//25 
f 32//29 27//25 29//27 
f 31//28 32//29 29//27 34//31 
f 34//31 33//30 31//28 
f 36//33 31//28 33//30 
f 35//32 36//33 33//30 38//35 
f 38//35 37//34 35//32 
f 40//37 35//32 37//34 
f 39//36 40//37 37//34 42//39 
f 42//39 41//38 39//36 
f 44//41 39//36 41//38 
f 43//40 44//41 41//38 46//41 
f 46//41 45//42 43//40 
f 48//44 43//40 45//42 
f 47//43 48//44 45//42 50//46 
f 50//46 49//45 47//43 
f 52//48 47//43 49//45 
f 51//47 52//48 49//45 54//48 
f 54//48 53//49 51//47 
f 56//51 51//47 53//49 
f 55//50 56//51 53//49 58//53 
f 58//53 57//52 55//50 
f 60//55 55//50 57//52 
f 59//54 60//55 57//52 62//57 
f 62//57 61//56 59//54 
f 64//59 59//54 61//56 
f 63//58 64//59 61//56 66//61 
f 66//61 65//60 63//58 
f 68//63 63//58 65//60 
f 67//62 68//63 65//60 70//65 
f 70//65 69//64 67//62 
f 72//67 67//62 69//64 
f 71//66 72//67 69//64 74//69 
f 74//69 73//68 71//66 
f 76//71 71//66 73//68 
f 75//70 76//71 73//68 78//73 
f 78//73 77//72 75//70 
f 80//75 75//70 77//72 
f 79//74 80//75 77//72 82//77 
f 82//77 81//76 79//74 
f 84//79 79//74 81//76 
f 83//78 84//79 81//76 86//81 
f 86//81 85//80 83//78 
f 88//83 83//78 85//80 
f 87//82 88//83 85//80 90//85 
f 90//85 89//84 87//82 
f 92//87 87//82 89//84 
f 91//86 92//87 89//84 94//89 
f 94//89 93//88 91//86 
f 96//91 91//86 93//88 
f 95//90 96//91 93//88 98//93 
f 98//93 97//92 95//90 
f 100//95 95//90 97//92 
f 99//94 100//95 97//92 102//97 
f 102//97 101//96 99//94 
f 104//99 99//94 101//96 
f 103//98 104//99 101//96 106//101 
f 106//101 105//100 103//98 
f 108//103 103//98 105//100 
f 107//102 108//103 105//100 110//105 
f 110//105 109//104 107//102 
f 112//107 107//102 109//104 
f 111//106 112//107 109//104 114//109 
f 114//109 113//108 111//106 
f 116//111 111//106 113//108 
f 115//110 116//111 113//108 118//113 
f 118//113 117//112 115//110 
f 120//115 115//110 117//112 
f 119//114 120//115 117//112 122//117 
f 122//117 121//116 119//114 
f 124//119 119//114 121//116 
f 123//118 124//119 121//116 126//121 
f 126//121 125//120 123//118 
f 128//123 123//118 125//120 
f 127//122 128//123 125//120 130//123 
f 130//123 129//124 127//122 
f 132//126 127//122 129//124 
f 131//125 132//126 129//124 134//126 
f 134//126 133//127 131//125 
f 136//129 131//125 133//127 
f 135//128 136//129 133//127 138//131 
f 138//131 137//130 135//128 
f 140//133 135//128 137//130 
f 139//132 140//133 137//130 142//135 
f 142//135 141//134 139//132 
f 144//137 139//132 141//134 
f 143//136 144//137 141//134 146//137 
f 146//137 145//138 143//136 
f 148//140 143//136 145//138 
f 147//139 148//140 145//138 150//140 
f 150//140 149//141 147//139 
f 152//143 147//139 149//141 
f 151//142 152//143 149//141 154//143 
f 154//143 153//144 151//142 
f 156//146 151//142 153//144 
f 155//145 156//146 153//144 158//148 
f 158//148 157//147 155//145 
f 160//150 155//145 157//147 
f 159//149 160//150 157//147 162//150 
f 162//150 161//151 159//149 
f 164//153 159//149 161//151 
f 163//152 164//153 161//151 166//155 
f 166//155 165//154 163//152 
f 168//157 163//152 165//154 
f 167//156 168//157 165//154 170//157 
f 170//157 169//158 167//156 
f 172//160 167//156 169//158 
f 171//159 172//160 169//158 174//160 
f 174//160 173//161 171//159 
f 176//163 171//159 173//161 
f 175//162 176//163 173//161 178//165 
f 178//165 177//164 175//162 
s 4
f 180//167 175//162 177//164 
f 179//166 180//167 177//164 182//167 
f 182//167 181//168 179//166 
f 184//170 179//166 181//168 
f 183//169 184//170 181//168 186//170 
f 186//170 185//171 183//169 
f 188//173 183//169 185//171 
f 187//172 188//173 185//171 190//175 
f 190//175 189//174 187//172 
f 192//177 187//172 189//174 
f 191//176 192//177 189//174 194//179 
f 194//179 193//178 191//176 
f 196//181 191//176 193//178 
f 195//180 196//181 193//178 198//183 
f 198//183 197//182 195//180 
f 200//185 195//180 197//182 
f 199//184 200//185 197//182 202//187 
f 202//187 201//186 199//184 
f 204//189 199//184 201//186 
f 203//188 204//189 201//186 206//191 
f 206//191 205//190 203//188 
f 208//193 203//188 205//190 
f 207//192 208//193 205//190 210//193 
f 210//193 209//194 207//192 
f 212//196 207//192 209//194 
f 211//195 212//196 209//194 214//198 
f 214//198 213//197 211//195 
f 216//200 211//195 213//197 
f 215//199 216//200 213//197 218//200 
f 218//200 217//201 215//199 
f 220//203 215//199 217//201 
f 219//202 220//203 217//201 222//205 
f 222//205 221//204 219//202 
f 224//207 219//202 221//204 
f 223//206 224//207 221//204 226//209 
f 226//209 225//208 223//206 
f 228//211 223//206 225//208 
f 227//210 228//211 225//208 230//213 
f 230//213 229//212 227//210 
f 232//215 227//210 229//212 
f 231//214 232//215 229//212 234//215 
f 234//215 233//216 231//214 
f 236//218 231//214 233//216 
f 235//217 236//218 233//216 238//218 
f 238//218 237//219 235//217 
f 240//221 235//217 237//219 
f 239//220 240//221 237//219 242//221 
f 242//221 241//222 239//220 
f 244//224 239//220 241//222 
f 243//223 244//224 241//222 246//224 
f 246//224 245//225 243//223 
f 248//227 243//223 245//225 
f 247//226 248//227 245//225 250//229 
f 250//229 249//228 247//226 
f 252//231 247//226 249//228 
f 251//230 252//231 249//228 254//233 
f 254//233 253//232 251//230 
f 256//235 251//230 253//232 
f 255//234 256//235 253//232 258//237 
f 258//237 257//236 255//234 
f 260//239 255//234 257//236 
f 259//238 260//239 257//236 262//241 
f 262//241 261//240 259//238 
f 264//243 259//238 261//240 
f 263//242 264//243 261//240 266//245 
f 266//245 265//244 263//242 
f 268//247 263//242 265//244 
f 267//246 268//247 265//244 270//249 
f 270//249 269//248 267//246 
f 272//251 267//246 269//248 
f 271//250 272//251 269//248 274//253 
f 274//253 273//252 271//250 
f 276//255 271//250 273//252 
f 275//254 276//255 273//252 278//257 
f 278//257 277//256 275//254 
f 280//259 275//254 277//256 
f 279//258 280//259 277//256 282//261 
f 282//261 281//260 279//258 
f 284//263 279//258 281//260 
f 283//262 284//263 281//260 286//265 
f 286//265 285//264 283//262 
f 288//267 283//262 285//264 
f 287//266 288//267 285//264 290//269 
f 290//269 289//268 287//266 
f 292//271 287//266 289//268 
f 291//270 292//271 289//268 294//271 
f 294//271 293//272 291//270 
f 296//274 291//270 293//272 
f 295//273 296//274 293//272 298//276 
f 298//276 297//275 295//273 
f 300//278 295//273 297//275 
f 299//277 300//278 297//275 302//280 
f 302//280 301//279 299//277 
f 304//282 299//277 301//279 
f 303//281 304//282 301//279 306//282 
f 306//282 305//283 303//281 
f 308//285 303//281 305//283 
f 307//284 308//285 305//283 310//285 
f 310//285 309//286 307//284 
f 312//288 307//284 309//286 
f 311//287 312//288 309//286 314//288 
f 314//288 313//289 311//287 
f 316//291 311//287 313//289 
f 315//290 316//291 313//289 318//293 
f 318//293 317//292 315//290 
f 320//295 315//290 317//292 
f 319//294 320//295 317//292 322//297 
f 322//297 321//296 319//294 
f 324//299 319//294 321//296 
f 323//298 324//299 321//296 326//301 
f 326//301 325//300 323//298 
f 328//303 323//298 325//300 
f 327//302 328//303 325//300 330//303 
f 330//303 329//304 327//302 
f 332//306 327//302 329//304 
f 331//305 332//306 329//304 334//306 
f 334//306 333//307 331//305 
f 336//309 331//305 333//307 
f 335//308 336//309 333//307 338//309 
f 338//309 337//310 335//308 
f 340//312 335//308 337//310 
f 339//311 340//312 337//310 342//312 
f 342//312 341//313 339//311 
f 344//315 339//311 341//313 
f 343//314 344//315 341//313 346//317 
f 346//317 345//316 343//314 
f 348//319 343//314 345//316 
f 347//318 348//319 345//316 350//319 
f 350//319 349//320 347//318 
f 352//322 347//318 349//320 
f 351//321 352//322 349//320 354//324 
f 354//324 353//323 351//321 
f 356//326 351//321 353//323 
f 355//325 356//326 353//323 358//328 
f 358//328 357//327 355//325 
s 2
f 360//330 355//325 357//327 
f 359//329 360//330 357//327 362//330 
f 362//330 361//331 359//329 
s 4
f 364//333 359//329 361//331 
f 363//332 364//333 361//331 366//333 
f 366//333 365//334 363//332 
s 2
f 368//336 363//332 365//334 
f 367//335 368//336 365//334 370//338 
f 370//338 369//337 367//335 
s 4
f 372//340 367//335 369//337 
f 371//339 372//340 369//337 374//340 
f 374//340 373//341 371//339 
f 376//343 371//339 373//341 
f 375//342 376//343 373//341 378//345 
f 378//345 377//344 375//342 
f 380//347 375//342 377//344 
f 379//346 380//347 377//344 382//349 
f 382//349 381//348 379//346 
f 384//351 379//346 381//348 
f 383//350 384//351 381//348 386//353 
f 386//353 385//352 383//350 
f 388//355 383//350 385//352 
f 387//354 388//355 385//352 390//357 
f 390//357 389//356 387//354 
f 392//359 387//354 389//356 
f 391//358 392//359 389//356 394//359 
f 394//359 393//360 391//358 
f 396//362 391//358 393//360 
f 395//361 396//362 393//360 398//362 
f 398//362 397//363 395//361 
f 400//365 395//361 397//363 
f 399//364 400//365 397//363 402//367 
f 402//367 401//366 399//364 
f 404//369 399//364 401//366 
f 403//368 404//369 401//366 406//371 
f 406//371 405//370 403//368 
f 408//373 403//368 405//370 
f 407//372 408//373 405//370 410//375 
f 410//375 409//374 407//372 
f 412//377 407//372 409//374 
f 411//376 412//377 409//374 414//379 
f 414//379 413//378 411//376 
f 416//381 411//376 413//378 
f 415//380 416//381 413//378 418//383 
f 418//383 417//382 415//380 
f 420//385 415//380 417//382 
f 419//384 420//385 417//382 422//387 
f 422//387 421//386 419//384 
f 424//389 419//384 421//386 
f 423//388 424//389 421//386 426//391 
f 426//391 425//390 423//388 
f 428//393 423//388 425//390 
f 427//392 428//393 425//390 430//393 
f 430//393 429//394 427//392 
f 432//396 427//392 429//394 
f 431//395 432//396 429//394 434//398 
f 434//398 433//397 431//395 
f 436//400 431//395 433//397 
f 435//399 436//400 433//397 438//402 
f 438//402 437//401 435//399 
f 440//404 435//399 437//401 
f 439//403 440//404 437//401 442//406 
f 442//406 441//405 439//403 
f 444//408 439//403 441//405 
f 443//407 444//408 441//405 446//410 
f 446//410 445//409 443//407 
f 448//412 443//407 445//409 
f 447//411 448//412 445//409 450//414 
f 450//414 449//413 447//411 
f 452//416 447//411 449//413 
f 451//415 452//416 449//413 454//416 
f 454//416 453//417 451//415 
f 456//419 451//415 453//417 
f 455//418 456//419 453//417 458//421 
f 458//421 457//420 455//418 
f 460//423 455//418 457//420 
f 459//422 460//423 457//420 462//425 
f 462//425 461//424 459//422 
f 464//427 459//422 461//424 
f 463//426 464//427 461//424 466//427 
f 466//427 465//428 463//426 
f 468//430 463//426 465//428 
f 467//429 468//430 465//428 470//430 
f 470//430 469//431 467//429 
f 472//433 467//429 469//431 
f 471//432 472//433 469//431 474//433 
f 474//433 473//434 471//432 
f 476//436 471//432 473//434 
f 475//435 476//436 473//434 478//438 
f 478//438 477//437 475//435 
f 480//440 475//435 477//437 
f 479//439 480//440 477//437 482//442 
f 482//442 481//441 479//439 
f 484//444 479//439 481//441 
f 483//443 484//444 481//441 486//446 
f 486//446 485//445 483//443 
f 488//448 483//443 485//445 
f 487//447 488//448 485//445 490//450 
f 490//450 489//449 487//447 
f 492//452 487//447 489//449 
f 491//451 492//452 489//449 494//454 
f 494//454 493//453 491//451 
f 496//456 491//451 493//453 
f 495//455 496//456 493//453 498//458 
f 498//458 497//457 495//455 
f 500//460 495//455 497//457 
f 499//459 500//460 497//457 502//462 
f 502//462 501//461 499//459 
f 504//464 499//459 501//461 
f 503//463 504//464 501//461 506//464 
f 506//464 505//465 503//463 
f 508//467 503//463 505//465 
f 507//466 508//467 505//465 510//469 
f 510//469 509//468 507//466 
f 512//471 507//466 509//468 
f 511//470 512//471 509//468 514//473 
f 514//473 513//472 511//470 
f 516//475 511//470 513//472 
f 515//474 516//475 513//472 518//477 
f 518//477 517//476 515//474 
f 520//479 515//474 517//476 
f 519//478 520//479 517//476 522//479 
f 522//479 521//480 519//478 
f 524//482 519//478 521//480 
f 523//481 524//482 521//480 526//482 
f 526//482 525//483 523//481 
f 528//485 523//481 525//483 
f 527//484 528//485 525//483 530//487 
f 530//487 529//486 527//484 
f 532//489 527//484 529//486 
f 531//488 532//489 529//486 534//491 
f 534//491 533//490 531//488 
f 536//493 531//488 533//490 
f 535//492 536//493 533//490 538//495 
f 538//495 537//494 535//492 
f 540//497 535//492 537//494 
f 539//496 540//497 537//494 542//499 
f 542//499 541//498 539//496 
f 544//501 539//496 541//498 
f 543//500 544//501 541//498 546//503 
f 546//503 545//502 543//500 
f 548//505 543//500 545//502 
f 547//504 548//505 545//502 550//507 
f 550//507 549//506 547//504 
f 552//509 547//504 549//506 
f 551//508 552//509 549//506 554//511 
f 554//511 553//510 551//508 
f 556//513 551//508 553//510 
f 555//512 556//513 553//510 558//515 
f 558//515 557//514 555//512 
f 560//517 555//512 557//514 
f 559//516 560//517 557//514 562//519 
f 562//519 561//518 559//516 
f 564//521 559//516 561//518 
f 563//520 564//521 561//518 566//523 
f 566//523 565//522 563//520 
f 568//525 563//520 565//522 
f 567//524 568//525 565//522 570//527 
f 570//527 569//526 567//524 
f 572//529 567//524 569//526 
f 571//528 572//529 569//526 574//531 
f 574//531 573//530 571//528 
f 576//533 571//528 573//530 
f 575//532 576//533 573//530 578//535 
f 578//535 577//534 575//532 
f 580//537 575//532 577//534 
f 579//536 580//537 577//534 582//539 
f 582//539 581//538 579//536 
f 584//541 579//536 581//538 
f 583//540 584//541 581//538 586//541 
f 586//541 585//542 583//540 
s 2
f 588//330 583//540 585//542 
f 587//329 588//330 585//542 590//330 
f 590//330 589//331 587//329 
s 4
f 592//333 587//329 589//331 
f 591//543 592//333 589//331 594//333 
f 594//333 593//544 591//543 
s 2
f 596//546 591//543 593//544 
f 595//545 596//546 593//544 598//548 
f 598//548 597//547 595//545 
f 600//550 595//545 597//547 
f 599//549 600//550 597//547 602//552 
f 602//552 601//551 599//549 
f 604//554 599//549 601//551 
f 603//553 604//554 601//551 606//554 
f 606//554 605//555 603//553 
f 608//557 603//553 605//555 
f 607//556 608//557 605//555 610//557 
f 610//557 609//558 607//556 
f 612//560 607//556 609//558 
f 611//559 612//560 609//558 614//562 
f 614//562 613//561 611//559 
f 616//564 611//559 613//561 
f 615//563 616//564 613//561 618//564 
f 618//564 617//565 615//563 
f 620//567 615//563 617//565 
f 619//566 620//567 617//565 622//567 
f 622//567 621//568 619//566 
f 624//570 619//566 621//568 
f 623//569 624//570 621//568 626//570 
f 626//570 625//571 623//569 
f 628//573 623//569 625//571 
f 627//572 628//573 625//571 630//573 
f 630//573 629//574 627//572 
s 5
f 631//575 627//572 629//574 
f 2//2 631//575 629//574 632//575 
f 632//575 4//4 2//2 
s 1
f 635//578 634//577 636//579 
f 633//576 635//578 636//579 638//581 
f 638//581 637//580 633//576 
s 3
f 640//583 633//576 637//580 
f 639//582 640//583 637//580 642//585 
f 642//585 641//584 639//582 
s 2
f 644//587 639//582 641//584 
f 643//586 644//587 641//584 646//589 
f 646//589 645//588 643//586 
f 648//591 643//586 645//588 
f 647//590 648//591 645//588 650//593 
f 650//593 649//592 647//590 
f 652//595 647//590 649//592 
f 651//594 652//595 649//592 654//595 
f 654//595 653//596 651//594 
f 656//598 651//594 653//596 
f 655//597 656//598 653//596 658//600 
f 658//600 657//599 655//597 
f 660//602 655//597 657//599 
f 659//601 660//602 657//599 662//604 
f 662//604 661//603 659//601 
f 664//606 659//601 661//603 
f 663//605 664//606 661//603 666//608 
f 666//608 665//607 663//605 
f 668//610 663//605 665//607 
f 667//609 668//610 665//607 670//612 
f 670//612 669//611 667//609 
f 672//614 667//609 669//611 
f 671//613 672//614 669//611 674//616 
f 674//616 673//615 671//613 
f 676//618 671//613 673//615 
f 675//617 676//618 673//615 678//620 
f 678//620 677//619 675//617 
f 680//622 675//617 677//619 
f 679//621 680//622 677//619 682//624 
f 682//624 681//623 679//621 
f 684//626 679//621 681//623 
f 683//625 684//626 681//623 686//628 
f 686//628 685//627 683//625 
f 688//630 683//625 685//627 
f 687//629 688//630 685//627 690//632 
f 690//632 689//631 687//629 
f 692//634 687//629 689//631 
f 691//633 692//634 689//631 694//636 
f 694//636 693//635 691//633 
f 696//638 691//633 693//635 
f 695//637 696//638 693//635 698//638 
f 698//638 697//639 695//637 
f 700//641 695//637 697//639 
f 699//640 700//641 697//639 702//641 
f 702//641 701//642 699//640 
f 704//644 699//640 701//642 
f 703//643 704//644 701//642 706//646 
f 706//646 705//645 703//643 
f 708//648 703//643 705//645 
f 707//647 708//648 705//645 710//650 
f 710//650 709//649 707//647 
f 712//652 707//647 709//649 
f 711//651 712//652 709//649 714//654 
f 714//654 713//653 711//651 
f 716//656 711//651 713//653 
f 715//655 716//656 713//653 718//656 
f 718//656 717//657 715//655 
f 720//659 715//655 717//657 
f 719//658 720//659 717//657 722//661 
f 722//661 721//660 719//658 
f 724//663 719//658 721//660 
f 723//662 724//663 721//660 726//663 
f 726//663 725//664 723//662 
f 728//666 723//662 725//664 
f 727//665 728//666 725//664 730//666 
f 730//666 729//667 727//665 
f 732//669 727//665 729//667 
f 731//668 732//669 729//667 734//671 
f 734//671 733//670 731//668 
f 736//673 731//668 733//670 
f 735//672 736//673 733//670 738//673 
f 738//673 737//674 735//672 
f 740//676 735//672 737//674 
f 739//675 740//676 737//674 742//676 
f 742//676 741//677 739//675 
f 744//679 739//675 741//677 
f 743//678 744//679 741//677 746//681 
f 746//681 745//680 743//678 
f 748//683 743//678 745//680 
f 747//682 748//683 745//680 750//685 
f 750//685 749//684 747//682 
f 752//687 747//682 749//684 
f 751//686 752//687 749//684 754//689 
f 754//689 753//688 751//686 
f 756//691 751//686 753//688 
f 755//690 756//691 753//688 758//693 
f 758//693 757//692 755//690 
f 760//695 755//690 757//692 
f 759//694 760//695 757//692 762//697 
f 762//697 761//696 759//694 
f 764//699 759//694 761//696 
f 763//698 764//699 761//696 766//701 
f 766//701 765//700 763//698 
f 768//703 763//698 765//700 
f 767//702 768//703 765//700 770//705 
f 770//705 769//704 767//702 
f 772//707 767//702 769//704 
f 771//706 772//707 769//704 774//709 
f 774//709 773//708 771//706 
s 3
f 775//710 771//706 773//708 
f 634//577 775//710 773//708 776//711 
f 776//711 636//579 634//577 
s 16
f 777//712 365//334 361//331 
f 778//712 361//331 357//327 
f 779//712 357//327 353//323 
f 369//337 779//712 353//323 780//712 
f 373//341 780//712 353//323 781//712 
f 377//344 781//712 353//323 782//712 
f 783//712 353//323 349//320 
f 381//348 783//712 349//320 784//712 
f 385//352 784//712 349//320 785//712 
f 786//712 349//320 345//316 
f 389//356 786//712 345//316 787//712 
f 393//360 787//712 345//316 788//712 
f 397//363 788//712 345//316 789//712 
f 790//712 345//316 341//313 
f 401//366 790//712 341//313 791//712 
f 405//370 791//712 341//313 792//712 
f 793//712 341//313 337//310 
f 409//374 793//712 337//310 794//712 
f 413//378 794//712 337//310 795//712 
f 796//712 337//310 333//307 
f 417//382 796//712 333//307 797//712 
f 421//386 797//712 333//307 798//712 
f 799//712 333//307 329//304 
f 425//390 799//712 329//304 800//712 
f 429//394 800//712 329//304 801//712 
f 802//712 329//304 325//300 
f 433//397 802//712 325//300 803//712 
f 804//712 325//300 321//296 
f 437//401 804//712 321//296 805//712 
f 441//405 805//712 321//296 806//712 
f 807//712 321//296 317//292 
f 445//409 807//712 317//292 808//712 
f 809//712 317//292 313//289 
f 810//712 313//289 309//286 
f 449//413 810//712 309//286 811//712 
f 812//712 309//286 305//283 
f 453//417 812//712 305//283 813//712 
f 814//712 305//283 301//279 
f 457//420 814//712 301//279 815//712 
f 816//712 301//279 297//275 
f 461//424 816//712 297//275 817//712 
f 818//712 297//275 293//272 
f 465//428 818//712 293//272 819//712 
f 820//712 293//272 289//268 
f 469//431 820//712 289//268 821//712 
f 822//712 289//268 285//264 
f 473//434 822//712 285//264 823//712 
f 824//712 285//264 281//260 
f 477//437 824//712 281//260 825//712 
f 826//712 281//260 277//256 
f 481//441 826//712 277//256 827//712 
f 828//712 277//256 273//252 
f 485//445 828//712 273//252 829//712 
f 830//712 273//252 269//248 
f 489//449 830//712 269//248 831//712 
f 832//712 269//248 265//244 
f 493//453 832//712 265//244 833//712 
f 834//712 265//244 261//240 
f 497//457 834//712 261//240 835//712 
f 836//712 261//240 257//236 
f 501//461 836//712 257//236 837//712 
f 505//465 837//712 257//236 838//712 
f 839//712 257//236 253//232 
f 509//468 839//712 253//232 840//712 
f 841//712 253//232 249//228 
f 513//472 841//712 249//228 842//712 
f 843//712 249//228 245//225 
f 844//712 245//225 241//222 
f 517//476 844//712 241//222 845//712 
f 846//712 241//222 237//219 
f 521//480 846//712 237//219 847//712 
f 848//712 237//219 233//216 
f 525//483 848//712 233//216 849//712 
f 850//712 233//216 229//212 
f 851//712 229//212 225//208 
f 529//486 851//712 225//208 852//712 
f 853//712 225//208 221//204 
f 854//712 221//204 217//201 
f 533//490 854//712 217//201 855//712 
f 856//712 217//201 213//197 
f 537//494 856//712 213//197 857//712 
f 858//712 213//197 209//194 
f 859//712 209//194 205//190 
f 541//498 859//712 205//190 860//712 
f 861//712 205//190 201//186 
f 862//712 201//186 197//182 
f 545//502 862//712 197//182 863//712 
f 864//712 197//182 193//178 
f 865//712 193//178 189//174 
f 866//712 189//174 185//171 
f 867//712 185//171 181//168 
f 549//506 867//712 181//168 868//712 
f 869//712 181//168 177//164 
f 553//510 869//712 177//164 870//712 
f 871//712 153//144 875//712 725//664 
f 872//712 725//664 721//660 
f 157//147 872//712 721//660 873//712 
f 874//712 721//660 717//657 
f 729//667 875//712 153//144 876//712 
f 877//712 153//144 149//141 
f 733//670 877//712 149//141 878//712 
f 879//712 149//141 145//138 
f 737//674 879//712 145//138 880//712 
f 881//712 145//138 141//134 
f 741//677 881//712 141//134 882//712 
f 883//712 141//134 137//130 
f 745//680 883//712 137//130 884//712 
f 885//712 137//130 133//127 
f 749//684 885//712 133//127 886//712 
f 887//712 133//127 129//124 
f 753//688 887//712 129//124 888//712 
f 889//712 129//124 125//120 
f 757//692 889//712 125//120 890//712 
f 891//712 125//120 121//116 
f 892//712 121//116 117//112 
f 761//696 892//712 117//112 893//712 
f 894//712 117//112 113//108 
f 765//700 894//712 113//108 895//712 
f 896//712 113//108 109//104 
f 769//704 896//712 109//104 897//712 
f 898//712 109//104 105//100 
f 773//708 898//712 105//100 899//712 
f 900//712 105//100 101//96 
f 636//579 900//712 101//96 901//712 
f 902//712 101//96 97//92 
f 637//580 902//712 97//92 903//712 
f 904//712 97//92 93//88 
f 641//584 904//712 93//88 905//712 
f 906//712 93//88 89//84 
f 645//588 906//712 89//84 907//712 
f 908//712 89//84 85//80 
f 909//712 85//80 81//76 
f 649//592 909//712 81//76 910//712 
f 911//712 81//76 77//72 
f 653//596 911//712 77//72 912//712 
f 913//712 77//72 73//68 
f 657//599 913//712 73//68 914//712 
f 661//603 914//712 73//68 915//712 
f 916//712 73//68 69//64 
f 665//607 916//712 69//64 917//712 
f 918//712 69//64 65//60 
f 669//611 918//712 65//60 919//712 
f 920//712 65//60 61//56 
f 673//615 920//712 61//56 921//712 
f 922//712 61//56 57//52 
f 677//619 922//712 57//52 923//712 
f 924//712 57//52 53//49 
f 681//623 924//712 53//49 925//712 
f 926//712 53//49 49//45 
f 927//712 49//45 45//42 
f 685//627 927//712 45//42 928//712 
f 929//712 45//42 41//38 
f 689//631 929//712 41//38 930//712 
f 931//712 41//38 37//34 
f 693//635 931//712 37//34 932//712 
f 697//639 932//712 37//34 933//712 
f 934//712 37//34 33//30 
f 935//712 33//30 29//27 
f 701//642 935//712 29//27 936//712 
f 937//712 29//27 25//24 
f 938//712 25//24 21//20 
f 939//712 21//20 17//16 
f 705//645 939//712 17//16 940//712 
f 941//712 17//16 13//12 
f 942//712 13//12 9//9 
f 943//712 9//9 5//5 
f 709//649 943//712 5//5 944//712 
f 945//712 5//5 4//4 
f 946//712 4//4 629//574 
f 713//653 946//712 629//574 947//712 
f 717//657 947//712 629//574 948//712 
f 161//151 948//712 629//574 949//712 
f 165//154 949//712 629//574 950//712 
f 951//712 629//574 625//571 
f 169//158 951//712 625//571 952//712 
f 953//712 625//571 621//568 
f 173//161 953//712 621//568 954//712 
f 955//712 621//568 617//565 
f 956//712 617//565 613//561 
f 177//164 956//712 613//561 957//712 
f 557//514 957//712 613//561 958//712 
f 561//518 958//712 613//561 959//712 
f 960//712 613//561 609//558 
f 565//522 960//712 609//558 961//712 
f 962//712 609//558 605//555 
f 569//526 962//712 605//555 963//712 
f 573//530 963//712 605//555 964//712 
f 965//712 605//555 601//551 
f 577//534 965//712 601//551 966//712 
f 967//712 601//551 597//547 
f 581//538 967//712 597//547 968//712 
f 969//712 597//547 593//544 
f 970//712 593//544 589//331 
f 585//542 970//712 589//331 
f 971//713 587//329 591//543 
f 972//713 591//543 595//545 
f 974//713 723//662 727//665 
f 975//713 727//665 731//668 
f 151//142 975//713 731//668 976//713 
f 977//713 731//668 735//672 
f 147//139 977//713 735//672 978//713 
f 979//713 735//672 739//675 
f 143//136 979//713 739//675 980//713 
f 981//713 739//675 743//678 
f 139//132 981//713 743//678 982//713 
f 983//713 743//678 747//682 
f 135//128 983//713 747//682 984//713 
f 985//713 747//682 751//686 
f 131//125 985//713 751//686 986//713 
f 987//713 751//686 755//690 
f 127//122 987//713 755//690 988//713 
f 989//713 755//690 759//694 
f 123//118 989//713 759//694 990//713 
f 119//114 990//713 759//694 991//713 
f 992//713 759//694 763//698 
f 115//110 992//713 763//698 993//713 
f 994//713 763//698 767//702 
f 111//106 994//713 767//702 995//713 
f 996//713 767//702 771//706 
f 107//102 996//713 771//706 997//713 
f 998//713 771//706 634//577 
f 103//98 998//713 634//577 999//713 
f 1000//713 634//577 633//576 
f 99//94 1000//713 633//576 1001//713 
f 1002//713 633//576 639//582 
f 95//90 1002//713 639//582 1003//713 
f 1004//713 639//582 643//586 
f 91//86 1004//713 643//586 1005//713 
f 1006//713 643//586 647//590 
f 87//82 1006//713 647//590 1007//713 
f 83//78 1007//713 647//590 1008//713 
f 1009//713 647//590 651//594 
f 79//74 1009//713 651//594 1010//713 
f 1011//713 651//594 655//597 
f 75//70 1011//713 655//597 1012//713 
f 1013//713 655//597 659//601 
f 1014//713 659//601 663//605 
f 71//66 1014//713 663//605 1015//713 
f 1016//713 663//605 667//609 
f 67//62 1016//713 667//609 1017//713 
f 1018//713 667//609 671//613 
f 63//58 1018//713 671//613 1019//713 
f 1020//713 671//613 675//617 
f 59//54 1020//713 675//617 1021//713 
f 1022//713 675//617 679//621 
f 55//50 1022//713 679//621 1023//713 
f 1024//713 679//621 683//625 
f 51//47 1024//713 683//625 1025//713 
f 47//43 1025//713 683//625 1026//713 
f 1027//713 683//625 687//629 
f 43//40 1027//713 687//629 1028//713 
f 1029//713 687//629 691//633 
f 39//36 1029//713 691//633 1030//713 
f 1031//713 691//633 695//637 
f 1032//713 695//637 699//640 
f 35//32 1032//713 699//640 1033//713 
f 31//28 1033//713 699//640 1034//713 
f 1035//713 699//640 703//643 
f 27//25 1035//713 703//643 1036//713 
f 23//22 1036//713 703//643 1037//713 
f 19//18 1037//713 703//643 1038//713 
f 1039//713 703//643 707//647 
f 15//14 1039//713 707//647 1040//713 
f 11//10 1040//713 707//647 1041//713 
f 7//7 1041//713 707//647 1042//713 
f 1043//713 707//647 711//651 
f 1//1 1043//713 711//651 1044//713 
f 2//2 1044//713 711//651 1045//713 
f 1046//713 711//651 715//655 
f 973//713 151//142 155//145 
f 723//662 973//713 155//145 1047//713 
f 1048//713 155//145 159//149 
f 719//658 1048//713 159//149 1049//713 
f 715//655 1049//713 159//149 1050//713 
f 1051//713 159//149 163//152 
f 1052//713 163//152 167//156 
f 627//572 1052//713 167//156 1053//713 
f 1054//713 167//156 171//159 
f 623//569 1054//713 171//159 1055//713 
f 1056//713 171//159 175//162 
f 619//566 1056//713 175//162 1057//713 
f 615//563 1057//713 175//162 1058//713 
f 1059//713 363//332 367//335 
f 359//329 1059//713 367//335 1060//713 
f 355//325 1060//713 367//335 1061//713 
f 1062//713 367//335 371//339 
f 1063//713 371//339 375//342 
f 1064//713 375//342 379//346 
f 351//321 1064//713 379//346 1065//713 
f 1066//713 379//346 383//350 
f 1067//713 383//350 387//354 
f 347//318 1067//713 387//354 1068//713 
f 1069//713 387//354 391//358 
f 1070//713 391//358 395//361 
f 1071//713 395//361 399//364 
f 343//314 1071//713 399//364 1072//713 
f 1073//713 399//364 403//368 
f 1074//713 403//368 407//372 
f 339//311 1074//713 407//372 1075//713 
f 1076//713 407//372 411//376 
f 1077//713 411//376 415//380 
f 335//308 1077//713 415//380 1078//713 
f 1079//713 415//380 419//384 
f 1080//713 419//384 423//388 
f 331//305 1080//713 423//388 1081//713 
f 1082//713 423//388 427//392 
f 1083//713 427//392 431//395 
f 327//302 1083//713 431//395 1084//713 
f 1085//713 431//395 435//399 
f 323//298 1085//713 435//399 1086//713 
f 1087//713 435//399 439//403 
f 1088//713 439//403 443//407 
f 319//294 1088//713 443//407 1089//713 
f 1090//713 443//407 447//411 
f 315//290 1090//713 447//411 1091//713 
f 311//287 1091//713 447//411 1092//713 
f 1093//713 447//411 451//415 
f 307//284 1093//713 451//415 1094//713 
f 1095//713 451//415 455//418 
f 303//281 1095//713 455//418 1096//713 
f 1097//713 455//418 459//422 
f 299//277 1097//713 459//422 1098//713 
f 1099//713 459//422 463//426 
f 295//273 1099//713 463//426 1100//713 
f 1101//713 463//426 467//429 
f 291//270 1101//713 467//429 1102//713 
f 1103//713 467//429 471//432 
f 287//266 1103//713 471//432 1104//713 
f 1105//713 471//432 475//435 
f 283//262 1105//713 475//435 1106//713 
f 1107//713 475//435 479//439 
f 279//258 1107//713 479//439 1108//713 
f 1109//713 479//439 483//443 
f 275//254 1109//713 483//443 1110//713 
f 1111//713 483//443 487//447 
f 271//250 1111//713 487//447 1112//713 
f 1113//713 487//447 491//451 
f 267//246 1113//713 491//451 1114//713 
f 1115//713 491//451 495//455 
f 263//242 1115//713 495//455 1116//713 
f 1117//713 495//455 499//459 
f 259//238 1117//713 499//459 1118//713 
f 1119//713 499//459 503//463 
f 1120//713 503//463 507//466 
f 255//234 1120//713 507//466 1121//713 
f 1122//713 507//466 511//470 
f 251//230 1122//713 511//470 1123//713 
f 1124//713 511//470 515//474 
f 247//226 1124//713 515//474 1125//713 
f 243//223 1125//713 515//474 1126//713 
f 1127//713 515//474 519//478 
f 239//220 1127//713 519//478 1128//713 
f 1129//713 519//478 523//481 
f 235//217 1129//713 523//481 1130//713 
f 1131//713 523//481 527//484 
f 231//214 1131//713 527//484 1132//713 
f 227//210 1132//713 527//484 1133//713 
f 1134//713 527//484 531//488 
f 223//206 1134//713 531//488 1135//713 
f 219//202 1135//713 531//488 1136//713 
f 1137//713 531//488 535//492 
f 215//199 1137//713 535//492 1138//713 
f 1139//713 535//492 539//496 
f 211//195 1139//713 539//496 1140//713 
f 207//192 1140//713 539//496 1141//713 
f 1142//713 539//496 543//500 
f 203//188 1142//713 543//500 1143//713 
f 199//184 1143//713 543//500 1144//713 
f 1145//713 543//500 547//504 
f 195//180 1145//713 547//504 1146//713 
f 191//176 1146//713 547//504 1147//713 
f 187//172 1147//713 547//504 1148//713 
f 183//169 1148//713 547//504 1149//713 
f 1150//713 547//504 551//508 
f 179//166 1150//713 551//508 1151//713 
f 1152//713 551//508 555//512 
f 175//162 1152//713 555//512 1153//713 
f 1154//713 555//512 559//516 
f 1155//713 559//516 563//520 
f 611//559 1155//713 563//520 1156//713 
f 1157//713 563//520 567//524 
f 607//556 1157//713 567//524 1158//713 
f 1159//713 567//524 571//528 
f 1160//713 571//528 575//532 
f 603//553 1160//713 575//532 1161//713 
f 1162//713 575//532 579//536 
f 599//549 1162//713 579//536 1163//713 
f 595//545 1163//713 579//536 1164//713 
f 583//540 1164//713 579//536 
# 582 polygons - 1164 triangles

