# 3ds Max Wavefront OBJ Exporter v0.97b - (c)2007 guruware
# File Created: 10.09.2021 11:12:32

#
# object Ho_Nog_Hu
#

v  1688.9916 0.0000 19.7735
v  1688.9069 0.0000 18.6220
v  1688.9492 5.0000 19.1977
v  1688.9069 10.0000 18.6220
v  1688.9916 10.0000 19.7735
v  1688.7657 0.0000 17.5581
v  1688.8363 5.0000 18.0900
v  1688.7657 10.0000 17.5581
v  1688.5681 0.0000 16.5819
v  1688.6669 5.0000 17.0700
v  1688.5681 10.0000 16.5819
v  1688.3141 0.0000 15.6933
v  1688.4410 5.0000 16.1376
v  1688.3141 10.0000 15.6933
v  1688.0035 0.0000 14.8924
v  1688.1588 5.0000 15.2929
v  1688.0035 10.0000 14.8924
v  1687.6365 0.0000 14.1791
v  1687.8201 5.0000 14.5358
v  1687.6365 10.0000 14.1791
v  1687.2130 0.0000 13.5535
v  1687.4248 5.0000 13.8663
v  1687.2130 10.0000 13.5535
v  1686.7332 0.0000 13.0155
v  1686.9731 5.0000 13.2845
v  1686.7332 10.0000 13.0155
v  1687.5713 0.0000 12.2649
v  1687.1522 5.0000 12.6402
v  1687.5713 10.0000 12.2649
v  1688.3440 0.0000 11.4664
v  1687.9576 5.0000 11.8656
v  1688.3440 10.0000 11.4664
v  1689.0511 0.0000 10.6201
v  1688.6975 5.0000 11.0432
v  1689.0511 10.0000 10.6201
v  1689.6927 0.0000 9.7260
v  1689.3719 5.0000 10.1730
v  1689.6927 10.0000 9.7260
v  1690.2688 0.0000 8.7840
v  1689.9807 5.0000 9.2550
v  1690.2688 10.0000 8.7840
v  1690.7793 0.0000 7.7942
v  1690.5240 5.0000 8.2891
v  1690.7793 10.0000 7.7942
v  1691.2244 0.0000 6.7566
v  1691.0018 5.0000 7.2754
v  1691.2244 10.0000 6.7566
v  1691.6039 0.0000 5.6712
v  1691.4141 5.0000 6.2139
v  1691.6039 10.0000 5.6712
v  1691.9177 0.0000 4.5379
v  1691.7607 5.0000 5.1046
v  1691.9177 10.0000 4.5379
v  1683.7773 0.0000 1.8135
v  1687.8475 5.0000 3.1757
v  1683.7773 10.0000 1.8135
v  1683.6737 0.0000 2.5478
v  1683.7256 5.0000 2.1807
v  1683.6737 10.0000 2.5478
v  1683.5242 0.0000 3.2625
v  1683.5989 5.0000 2.9052
v  1683.5242 10.0000 3.2625
v  1683.3284 0.0000 3.9577
v  1683.4263 5.0000 3.6101
v  1683.3284 10.0000 3.9577
v  1683.0865 0.0000 4.6332
v  1683.2075 5.0000 4.2954
v  1683.0865 10.0000 4.6332
v  1682.7987 0.0000 5.2892
v  1682.9426 5.0000 4.9612
v  1682.7987 10.0000 5.2892
v  1682.4647 0.0000 5.9257
v  1682.6317 5.0000 5.6075
v  1682.4647 10.0000 5.9257
v  1682.0846 0.0000 6.5426
v  1682.2747 5.0000 6.2341
v  1682.0846 10.0000 6.5426
v  1681.6584 0.0000 7.1399
v  1681.8716 5.0000 6.8412
v  1681.6584 10.0000 7.1399
v  1681.1863 0.0000 7.7176
v  1681.4224 5.0000 7.4288
v  1681.1863 10.0000 7.7176
v  1680.1470 0.0000 7.0529
v  1680.6666 5.0000 7.3853
v  1680.1470 10.0000 7.0529
v  1678.9589 0.0000 6.4664
v  1679.5529 5.0000 6.7597
v  1678.9589 10.0000 6.4664
v  1677.6219 0.0000 5.9581
v  1678.2904 5.0000 6.2123
v  1677.6219 10.0000 5.9581
v  1676.1361 0.0000 5.5280
v  1676.8790 5.0000 5.7431
v  1676.1361 10.0000 5.5280
v  1674.5016 0.0000 5.1761
v  1675.3188 5.0000 5.3521
v  1674.5016 10.0000 5.1761
v  1672.7181 0.0000 4.9024
v  1673.6099 5.0000 5.0393
v  1672.7181 10.0000 4.9024
v  1670.7859 0.0000 4.7069
v  1671.7521 5.0000 4.8047
v  1670.7859 10.0000 4.7069
v  1668.7048 0.0000 4.5896
v  1669.7454 5.0000 4.6483
v  1668.7048 10.0000 4.5896
v  1666.4750 0.0000 4.5505
v  1667.5900 5.0000 4.5701
v  1666.4750 10.0000 4.5505
v  1664.9269 0.0000 4.5759
v  1665.7009 5.0000 4.5632
v  1664.9269 10.0000 4.5759
v  1663.4174 0.0000 4.6521
v  1664.1721 5.0000 4.6140
v  1663.4174 10.0000 4.6521
v  1661.9467 0.0000 4.7791
v  1662.6820 5.0000 4.7156
v  1661.9467 10.0000 4.7791
v  1660.5146 0.0000 4.9570
v  1661.2306 5.0000 4.8681
v  1660.5146 10.0000 4.9570
v  1659.1212 0.0000 5.1856
v  1659.8179 5.0000 5.0713
v  1659.1212 10.0000 5.1856
v  1657.7666 0.0000 5.4651
v  1658.4438 5.0000 5.3253
v  1657.7666 10.0000 5.4651
v  1656.4506 0.0000 5.7953
v  1657.1085 5.0000 5.6302
v  1656.4506 10.0000 5.7953
v  1655.1733 0.0000 6.1764
v  1655.8120 5.0000 5.9859
v  1655.1733 10.0000 6.1764
v  1653.9347 0.0000 6.6083
v  1654.5541 5.0000 6.3923
v  1653.9347 10.0000 6.6083
v  1652.7832 0.0000 7.0880
v  1653.3590 5.0000 6.8481
v  1652.7832 10.0000 7.0880
v  1651.7672 0.0000 7.6126
v  1652.2753 5.0000 7.3503
v  1651.7672 10.0000 7.6126
v  1650.8867 0.0000 8.1822
v  1651.3269 5.0000 7.8974
v  1650.8867 10.0000 8.1822
v  1650.1416 0.0000 8.7966
v  1650.5142 5.0000 8.4894
v  1650.1416 10.0000 8.7966
v  1649.5320 0.0000 9.4560
v  1649.8368 5.0000 9.1263
v  1649.5320 10.0000 9.4560
v  1649.0579 0.0000 10.1603
v  1649.2949 5.0000 9.8081
v  1649.0579 10.0000 10.1603
v  1648.7191 0.0000 10.9095
v  1648.8885 5.0000 10.5349
v  1648.7191 10.0000 10.9095
v  1648.5160 0.0000 11.7036
v  1648.6176 5.0000 11.3065
v  1648.5160 10.0000 11.7036
v  1648.4482 0.0000 12.5426
v  1648.4821 5.0000 12.1231
v  1648.4482 10.0000 12.5426
v  1648.6492 0.0000 13.9401
v  1648.5487 5.0000 13.2413
v  1648.6492 10.0000 13.9401
v  1649.2521 0.0000 15.1732
v  1648.9507 5.0000 14.5566
v  1649.2521 10.0000 15.1732
v  1650.2570 0.0000 16.2419
v  1649.7545 5.0000 15.7075
v  1650.2570 10.0000 16.2419
v  1651.6637 0.0000 17.1462
v  1650.9603 5.0000 16.6940
v  1651.6637 10.0000 17.1462
v  1653.4724 0.0000 17.8860
v  1652.5681 5.0000 17.5161
v  1653.4724 10.0000 17.8860
v  1655.6831 0.0000 18.4615
v  1654.5778 5.0000 18.1738
v  1655.6831 10.0000 18.4615
v  1658.2957 0.0000 18.8725
v  1656.9894 5.0000 18.6670
v  1658.2957 10.0000 18.8725
v  1661.3102 0.0000 19.1192
v  1659.8030 5.0000 18.9958
v  1661.3102 10.0000 19.1192
v  1664.7267 0.0000 19.2014
v  1663.0184 5.0000 19.1603
v  1664.7267 10.0000 19.2014
v  1666.4581 0.0000 19.1738
v  1665.5924 5.0000 19.1876
v  1666.4581 10.0000 19.1738
v  1668.1421 0.0000 19.0912
v  1667.3000 5.0000 19.1325
v  1668.1421 10.0000 19.0912
v  1669.7783 0.0000 18.9534
v  1668.9602 5.0000 19.0223
v  1669.7783 10.0000 18.9534
v  1671.3668 0.0000 18.7606
v  1670.5725 5.0000 18.8570
v  1671.3668 10.0000 18.7606
v  1672.9078 0.0000 18.5127
v  1672.1373 5.0000 18.6366
v  1672.9078 10.0000 18.5127
v  1674.4011 0.0000 18.2096
v  1673.6544 5.0000 18.3612
v  1674.4011 10.0000 18.2096
v  1675.8468 0.0000 17.8515
v  1675.1239 5.0000 18.0306
v  1675.8468 10.0000 17.8515
v  1677.2448 0.0000 17.4383
v  1676.5458 5.0000 17.6449
v  1677.2448 10.0000 17.4383
v  1678.5952 0.0000 16.9700
v  1677.9199 5.0000 17.2042
v  1678.5952 10.0000 16.9700
v  1678.7219 0.0000 17.2115
v  1678.6586 5.0000 17.0907
v  1678.7219 10.0000 17.2115
v  1678.8337 0.0000 17.4853
v  1678.7778 5.0000 17.3484
v  1678.8337 10.0000 17.4853
v  1678.9305 0.0000 17.7915
v  1678.8821 5.0000 17.6384
v  1678.9305 10.0000 17.7915
v  1679.0126 0.0000 18.1300
v  1678.9716 5.0000 17.9608
v  1679.0126 10.0000 18.1300
v  1679.0796 0.0000 18.5010
v  1679.0461 5.0000 18.3155
v  1679.0796 10.0000 18.5010
v  1679.1318 0.0000 18.9042
v  1679.1057 5.0000 18.7026
v  1679.1318 10.0000 18.9042
v  1679.1691 0.0000 19.3399
v  1679.1504 5.0000 19.1220
v  1679.1691 10.0000 19.3399
v  1679.1914 0.0000 19.8079
v  1679.1803 5.0000 19.5739
v  1679.1914 10.0000 19.8079
v  1679.1989 0.0000 20.3082
v  1679.1952 5.0000 20.0580
v  1679.1989 10.0000 20.3082
v  1679.1989 0.0000 41.5323
v  1679.1989 5.0000 30.9203
v  1679.1989 10.0000 41.5323
v  1679.1366 0.0000 42.7588
v  1679.1677 5.0000 42.1456
v  1679.1366 10.0000 42.7588
v  1678.9495 0.0000 43.8410
v  1679.0430 5.0000 43.2999
v  1678.9495 10.0000 43.8410
v  1678.6377 0.0000 44.7788
v  1678.7936 5.0000 44.3099
v  1678.6377 10.0000 44.7788
v  1678.2012 0.0000 45.5724
v  1678.4194 5.0000 45.1756
v  1678.2012 10.0000 45.5724
v  1677.6399 0.0000 46.2218
v  1677.9205 5.0000 45.8971
v  1677.6399 10.0000 46.2218
v  1676.9539 0.0000 46.7268
v  1677.2969 5.0000 46.4743
v  1676.9539 10.0000 46.7268
v  1676.1432 0.0000 47.0875
v  1676.5486 5.0000 46.9071
v  1676.1432 10.0000 47.0875
v  1675.2078 0.0000 47.3039
v  1675.6754 5.0000 47.1957
v  1675.2078 10.0000 47.3039
v  1674.1476 0.0000 47.3761
v  1674.6777 5.0000 47.3400
v  1674.1476 10.0000 47.3761
v  1663.8059 0.0000 47.3761
v  1668.9768 5.0000 47.3761
v  1663.8059 10.0000 47.3761
v  1662.8467 0.0000 47.3323
v  1663.3263 5.0000 47.3542
v  1662.8467 10.0000 47.3323
v  1662.0002 0.0000 47.2009
v  1662.4235 5.0000 47.2666
v  1662.0002 10.0000 47.2009
v  1661.2666 0.0000 46.9820
v  1661.6334 5.0000 47.0914
v  1661.2666 10.0000 46.9820
v  1660.6459 0.0000 46.6754
v  1660.9562 5.0000 46.8287
v  1660.6459 10.0000 46.6754
v  1660.1379 0.0000 46.2813
v  1660.3920 5.0000 46.4784
v  1660.1379 10.0000 46.2813
v  1659.7430 0.0000 45.7996
v  1659.9404 5.0000 46.0405
v  1659.7430 10.0000 45.7996
v  1659.4608 0.0000 45.2304
v  1659.6019 5.0000 45.5150
v  1659.4608 10.0000 45.2304
v  1659.2915 0.0000 44.5735
v  1659.3762 5.0000 44.9019
v  1659.2915 10.0000 44.5735
v  1659.2351 0.0000 43.8291
v  1659.2633 5.0000 44.2013
v  1659.2351 10.0000 43.8291
v  1659.2351 0.0000 41.0971
v  1659.2351 5.0000 42.4631
v  1659.2351 10.0000 41.0971
v  1661.3639 0.0000 40.9897
v  1660.2994 5.0000 41.0434
v  1661.3639 10.0000 40.9897
v  1663.2422 0.0000 40.6673
v  1662.3030 5.0000 40.8285
v  1663.2422 10.0000 40.6673
v  1664.8701 0.0000 40.1300
v  1664.0562 5.0000 40.3987
v  1664.8701 10.0000 40.1300
v  1666.2474 0.0000 39.3778
v  1665.5588 5.0000 39.7539
v  1666.2474 10.0000 39.3778
v  1667.3745 0.0000 38.4107
v  1666.8110 5.0000 38.8943
v  1667.3745 10.0000 38.4107
v  1668.2510 0.0000 37.2287
v  1667.8127 5.0000 37.8197
v  1668.2510 10.0000 37.2287
v  1668.8771 0.0000 35.8318
v  1668.5641 5.0000 36.5302
v  1668.8771 10.0000 35.8318
v  1669.2528 0.0000 34.2199
v  1669.0649 5.0000 35.0258
v  1669.2528 10.0000 34.2199
v  1669.3781 0.0000 32.3932
v  1669.3154 5.0000 33.3065
v  1669.3781 10.0000 32.3932
v  1669.3435 0.0000 31.4019
v  1669.3607 5.0000 31.8975
v  1669.3435 10.0000 31.4019
v  1669.2400 0.0000 30.4695
v  1669.2917 5.0000 30.9357
v  1669.2400 10.0000 30.4695
v  1669.0674 0.0000 29.5961
v  1669.1537 5.0000 30.0328
v  1669.0674 10.0000 29.5961
v  1668.8257 0.0000 28.7816
v  1668.9465 5.0000 29.1889
v  1668.8257 10.0000 28.7816
v  1668.5150 0.0000 28.0261
v  1668.6704 5.0000 28.4039
v  1668.5150 10.0000 28.0261
v  1668.1353 0.0000 27.3295
v  1668.3252 5.0000 27.6778
v  1668.1353 10.0000 27.3295
v  1667.6865 0.0000 26.6919
v  1667.9109 5.0000 27.0107
v  1667.6865 10.0000 26.6919
v  1667.1687 0.0000 26.1132
v  1667.4276 5.0000 26.4026
v  1667.1687 10.0000 26.1132
v  1666.5819 0.0000 25.5935
v  1666.8754 5.0000 25.8534
v  1666.5819 10.0000 25.5935
v  1665.9498 0.0000 25.1305
v  1666.2659 5.0000 25.3620
v  1665.9498 10.0000 25.1305
v  1665.2961 0.0000 24.7219
v  1665.6230 5.0000 24.9262
v  1665.2961 10.0000 24.7219
v  1664.6210 0.0000 24.3678
v  1664.9586 5.0000 24.5449
v  1664.6210 10.0000 24.3678
v  1663.9243 0.0000 24.0682
v  1664.2727 5.0000 24.2180
v  1663.9243 10.0000 24.0682
v  1663.2062 0.0000 23.8231
v  1663.5652 5.0000 23.9457
v  1663.2062 10.0000 23.8231
v  1662.4664 0.0000 23.6324
v  1662.8363 5.0000 23.7278
v  1662.4664 10.0000 23.6324
v  1661.7052 0.0000 23.4963
v  1662.0858 5.0000 23.5644
v  1661.7052 10.0000 23.4963
v  1660.9224 0.0000 23.4146
v  1661.3137 5.0000 23.4554
v  1660.9224 10.0000 23.4146
v  1660.1180 0.0000 23.3873
v  1660.5203 5.0000 23.4009
v  1660.1180 10.0000 23.3873
v  1657.8716 0.0000 23.5228
v  1658.9949 5.0000 23.4550
v  1657.8716 10.0000 23.5228
v  1655.8894 0.0000 23.9292
v  1656.8805 5.0000 23.7260
v  1655.8894 10.0000 23.9292
v  1654.1715 0.0000 24.6065
v  1655.0304 5.0000 24.2679
v  1654.1715 10.0000 24.6065
v  1652.7179 0.0000 25.5548
v  1653.4447 5.0000 25.0807
v  1652.7179 10.0000 25.5548
v  1651.5286 0.0000 26.7741
v  1652.1232 5.0000 26.1644
v  1651.5286 10.0000 26.7741
v  1650.6035 0.0000 28.2642
v  1651.0660 5.0000 27.5191
v  1650.6035 10.0000 28.2642
v  1649.9427 0.0000 30.0253
v  1650.2732 5.0000 29.1448
v  1649.9427 10.0000 30.0253
v  1649.5464 0.0000 32.0574
v  1649.7446 5.0000 31.0414
v  1649.5464 10.0000 32.0574
v  1649.4142 0.0000 34.3604
v  1649.4802 5.0000 33.2089
v  1649.4142 10.0000 34.3604
v  1649.4142 0.0000 44.7322
v  1649.4142 5.0000 39.5463
v  1649.4142 10.0000 44.7322
v  1649.4548 0.0000 45.7726
v  1649.4346 5.0000 45.2524
v  1649.4548 10.0000 45.7726
v  1649.5767 0.0000 46.7505
v  1649.5157 5.0000 46.2615
v  1649.5767 10.0000 46.7505
v  1649.7798 0.0000 47.6659
v  1649.6782 5.0000 47.2082
v  1649.7798 10.0000 47.6659
v  1650.0642 0.0000 48.5189
v  1649.9220 5.0000 48.0924
v  1650.0642 10.0000 48.5189
v  1650.4298 0.0000 49.3093
v  1650.2469 5.0000 48.9141
v  1650.4298 10.0000 49.3093
v  1650.8766 0.0000 50.0373
v  1650.6532 5.0000 49.6733
v  1650.8766 10.0000 50.0373
v  1651.4047 0.0000 50.7028
v  1651.1406 5.0000 50.3700
v  1651.4047 10.0000 50.7028
v  1652.0140 0.0000 51.3058
v  1651.7094 5.0000 51.0043
v  1652.0140 10.0000 51.3058
v  1652.7046 0.0000 51.8463
v  1652.3594 5.0000 51.5760
v  1652.7046 10.0000 51.8463
v  1653.4481 0.0000 52.3273
v  1653.0764 5.0000 52.0868
v  1653.4481 10.0000 52.3273
v  1654.2162 0.0000 52.7517
v  1653.8322 5.0000 52.5395
v  1654.2162 10.0000 52.7517
v  1655.0089 0.0000 53.1195
v  1654.6125 5.0000 52.9356
v  1655.0089 10.0000 53.1195
v  1655.8262 0.0000 53.4307
v  1655.4176 5.0000 53.2751
v  1655.8262 10.0000 53.4307
v  1656.6681 0.0000 53.6853
v  1656.2472 5.0000 53.5580
v  1656.6681 10.0000 53.6853
v  1657.5345 0.0000 53.8834
v  1657.1013 5.0000 53.7843
v  1657.5345 10.0000 53.8834
v  1658.4257 0.0000 54.0248
v  1657.9801 5.0000 53.9541
v  1658.4257 10.0000 54.0248
v  1659.3413 0.0000 54.1097
v  1658.8835 5.0000 54.0673
v  1659.3413 10.0000 54.1097
v  1660.2816 0.0000 54.1380
v  1659.8114 5.0000 54.1239
v  1660.2816 10.0000 54.1380
v  1677.3676 0.0000 54.1380
v  1668.8246 5.0000 54.1380
v  1677.3676 10.0000 54.1380
v  1679.8131 0.0000 54.0007
v  1678.5903 5.0000 54.0694
v  1679.8131 10.0000 54.0007
v  1681.9709 0.0000 53.5888
v  1680.8920 5.0000 53.7947
v  1681.9709 10.0000 53.5888
v  1683.8411 0.0000 52.9023
v  1682.9060 5.0000 53.2455
v  1683.8411 10.0000 52.9023
v  1685.4235 0.0000 51.9412
v  1684.6322 5.0000 52.4217
v  1685.4235 10.0000 51.9412
v  1686.7181 0.0000 50.7055
v  1686.0708 5.0000 51.3233
v  1686.7181 10.0000 50.7055
v  1687.7251 0.0000 49.1951
v  1687.2217 5.0000 49.9503
v  1687.7251 10.0000 49.1951
v  1688.4443 0.0000 47.4102
v  1688.0847 5.0000 48.3027
v  1688.4443 10.0000 47.4102
v  1688.8760 0.0000 45.3507
v  1688.6602 5.0000 46.3804
v  1688.8760 10.0000 45.3507
v  1689.0198 0.0000 43.0165
v  1688.9479 5.0000 44.1836
v  1689.0198 10.0000 43.0165
v  1689.0198 0.0000 21.0126
v  1689.0198 5.0000 32.0146
v  1689.0198 10.0000 21.0126
v  1689.0057 5.0000 20.3930
v  1675.7181 0.0000 12.3718
v  1674.9664 0.0000 12.9160
v  1675.3423 5.0000 12.6439
v  1674.9664 10.0000 12.9160
v  1675.7181 10.0000 12.3718
v  1674.1084 0.0000 13.3875
v  1674.5375 5.0000 13.1517
v  1674.1084 10.0000 13.3875
v  1673.1444 0.0000 13.7865
v  1673.6265 5.0000 13.5870
v  1673.1444 10.0000 13.7865
v  1672.0741 0.0000 14.1130
v  1672.6093 5.0000 13.9498
v  1672.0741 10.0000 14.1130
v  1670.8977 0.0000 14.3669
v  1671.4860 5.0000 14.2400
v  1670.8977 10.0000 14.3669
v  1669.6151 0.0000 14.5483
v  1670.2565 5.0000 14.4576
v  1669.6151 10.0000 14.5483
v  1668.2264 0.0000 14.6571
v  1668.9208 5.0000 14.6027
v  1668.2264 10.0000 14.6571
v  1666.7316 0.0000 14.6934
v  1667.4790 5.0000 14.6753
v  1666.7316 10.0000 14.6934
v  1664.7866 0.0000 14.6631
v  1665.7590 5.0000 14.6782
v  1664.7866 10.0000 14.6631
v  1663.0703 0.0000 14.5720
v  1663.9285 5.0000 14.6175
v  1663.0703 10.0000 14.5720
v  1661.5830 0.0000 14.4203
v  1662.3267 5.0000 14.4962
v  1661.5830 10.0000 14.4203
v  1660.3245 0.0000 14.2079
v  1660.9537 5.0000 14.3141
v  1660.3245 10.0000 14.2079
v  1659.2948 0.0000 13.9348
v  1659.8096 5.0000 14.0714
v  1659.2948 10.0000 13.9348
v  1658.4939 0.0000 13.6011
v  1658.8943 5.0000 13.7680
v  1658.4939 10.0000 13.6011
v  1657.9218 0.0000 13.2066
v  1658.2078 5.0000 13.4038
v  1657.9218 10.0000 13.2066
v  1657.5785 0.0000 12.7515
v  1657.7501 5.0000 12.9790
v  1657.5785 10.0000 12.7515
v  1657.4641 0.0000 12.2357
v  1657.5214 5.0000 12.4936
v  1657.4641 10.0000 12.2357
v  1657.5808 0.0000 11.5688
v  1657.5225 5.0000 11.9022
v  1657.5808 10.0000 11.5688
v  1657.9309 0.0000 10.9805
v  1657.7559 5.0000 11.2747
v  1657.9309 10.0000 10.9805
v  1658.5143 0.0000 10.4705
v  1658.2225 5.0000 10.7255
v  1658.5143 10.0000 10.4705
v  1659.3311 0.0000 10.0391
v  1658.9226 5.0000 10.2548
v  1659.3311 10.0000 10.0391
v  1660.3811 0.0000 9.6861
v  1659.8561 5.0000 9.8626
v  1660.3811 10.0000 9.6861
v  1661.6647 0.0000 9.4115
v  1661.0228 5.0000 9.5488
v  1661.6647 10.0000 9.4115
v  1663.1815 0.0000 9.2154
v  1662.4231 5.0000 9.3134
v  1663.1815 10.0000 9.2154
v  1664.9316 0.0000 9.0977
v  1664.0565 5.0000 9.1565
v  1664.9316 10.0000 9.0977
v  1666.9153 0.0000 9.0585
v  1665.9235 5.0000 9.0781
v  1666.9153 10.0000 9.0585
v  1668.1326 0.0000 9.0917
v  1667.5239 5.0000 9.0751
v  1668.1326 10.0000 9.0917
v  1669.3080 0.0000 9.1916
v  1668.7202 5.0000 9.1417
v  1669.3080 10.0000 9.1916
v  1670.4415 0.0000 9.3581
v  1669.8748 5.0000 9.2749
v  1670.4415 10.0000 9.3581
v  1671.5332 0.0000 9.5911
v  1670.9874 5.0000 9.4746
v  1671.5332 10.0000 9.5911
v  1672.5831 0.0000 9.8908
v  1672.0582 5.0000 9.7410
v  1672.5831 10.0000 9.8908
v  1673.5911 0.0000 10.2570
v  1673.0870 5.0000 10.0739
v  1673.5911 10.0000 10.2570
v  1674.5571 0.0000 10.6898
v  1674.0741 5.0000 10.4734
v  1674.5571 10.0000 10.6898
v  1675.4814 0.0000 11.1892
v  1675.0193 5.0000 10.9395
v  1675.4814 10.0000 11.1892
v  1676.3638 0.0000 11.7552
v  1675.9226 5.0000 11.4722
v  1676.3638 10.0000 11.7552
v  1676.0410 5.0000 12.0635
v  1660.8271 0.0000 28.2658
v  1661.5483 0.0000 28.4116
v  1661.1877 5.0000 28.3387
v  1661.5483 10.0000 28.4116
v  1660.8271 10.0000 28.2658
v  1662.1733 0.0000 28.6544
v  1661.8608 5.0000 28.5330
v  1662.1733 10.0000 28.6544
v  1662.7021 0.0000 28.9944
v  1662.4377 5.0000 28.8244
v  1662.7021 10.0000 28.9944
v  1663.1349 0.0000 29.4316
v  1662.9185 5.0000 29.2130
v  1663.1349 10.0000 29.4316
v  1663.4713 0.0000 29.9659
v  1663.3031 5.0000 29.6987
v  1663.4713 10.0000 29.9659
v  1663.7118 0.0000 30.5973
v  1663.5916 5.0000 30.2816
v  1663.7118 10.0000 30.5973
v  1663.8560 0.0000 31.3259
v  1663.7839 5.0000 30.9616
v  1663.8560 10.0000 31.3259
v  1663.9041 0.0000 32.1517
v  1663.8800 5.0000 31.7388
v  1663.9041 10.0000 32.1517
v  1663.8560 0.0000 33.0154
v  1663.8800 5.0000 32.5835
v  1663.8560 10.0000 33.0154
v  1663.7118 0.0000 33.7775
v  1663.7838 5.0000 33.3965
v  1663.7118 10.0000 33.7775
v  1663.4714 0.0000 34.4381
v  1663.5916 5.0000 34.1078
v  1663.4714 10.0000 34.4381
v  1663.1349 0.0000 34.9970
v  1663.3031 5.0000 34.7175
v  1663.1349 10.0000 34.9970
v  1662.7021 0.0000 35.4542
v  1662.9185 5.0000 35.2256
v  1662.7021 10.0000 35.4542
v  1662.1733 0.0000 35.8099
v  1662.4377 5.0000 35.6321
v  1662.1733 10.0000 35.8099
v  1661.5483 0.0000 36.0639
v  1661.8608 5.0000 35.9369
v  1661.5483 10.0000 36.0639
v  1660.8271 0.0000 36.2164
v  1661.1877 5.0000 36.1402
v  1660.8271 10.0000 36.2164
v  1660.0099 0.0000 36.2672
v  1660.4186 5.0000 36.2418
v  1660.0099 10.0000 36.2672
v  1659.2053 0.0000 36.2164
v  1659.6077 5.0000 36.2418
v  1659.2053 10.0000 36.2164
v  1658.4954 0.0000 36.0639
v  1658.8503 5.0000 36.1402
v  1658.4954 10.0000 36.0639
v  1657.8800 0.0000 35.8099
v  1658.1877 5.0000 35.9369
v  1657.8800 10.0000 35.8099
v  1657.3594 0.0000 35.4542
v  1657.6198 5.0000 35.6321
v  1657.3594 10.0000 35.4542
v  1656.9335 0.0000 34.9970
v  1657.1464 5.0000 35.2256
v  1656.9335 10.0000 34.9970
v  1656.6021 0.0000 34.4381
v  1656.7678 5.0000 34.7175
v  1656.6021 10.0000 34.4381
v  1656.3655 0.0000 33.7775
v  1656.4838 5.0000 34.1078
v  1656.3655 10.0000 33.7775
v  1656.2235 0.0000 33.0154
v  1656.2944 5.0000 33.3965
v  1656.2235 10.0000 33.0154
v  1656.1761 0.0000 32.1517
v  1656.1998 5.0000 32.5835
v  1656.1761 10.0000 32.1517
v  1656.2235 0.0000 31.3259
v  1656.1998 5.0000 31.7388
v  1656.2235 10.0000 31.3259
v  1656.3655 0.0000 30.5973
v  1656.2944 5.0000 30.9616
v  1656.3655 10.0000 30.5973
v  1656.6022 0.0000 29.9659
v  1656.4838 5.0000 30.2816
v  1656.6022 10.0000 29.9659
v  1656.9335 0.0000 29.4316
v  1656.7678 5.0000 29.6987
v  1656.9335 10.0000 29.4316
v  1657.3594 0.0000 28.9944
v  1657.1465 5.0000 29.2130
v  1657.3594 10.0000 28.9944
v  1657.8800 0.0000 28.6544
v  1657.6198 5.0000 28.8244
v  1657.8800 10.0000 28.6544
v  1658.4954 0.0000 28.4116
v  1658.1877 5.0000 28.5330
v  1658.4954 10.0000 28.4116
v  1659.2053 0.0000 28.2658
v  1658.8503 5.0000 28.3387
v  1659.2053 10.0000 28.2658
v  1660.0099 0.0000 28.2173
v  1659.6075 5.0000 28.2415
v  1660.0099 10.0000 28.2173
v  1660.4186 5.0000 28.2415
v  1656.5875 0.0000 39.5274
v  1657.1171 10.0000 40.3877
v  1655.2632 10.0000 38.8687
v  1660.3590 0.0000 38.6426
v  1655.9614 0.0000 43.2195
v  1659.4834 0.0000 37.8602
v  1654.3489 0.0000 44.7268
v  1652.9380 0.0000 46.4186
v  1653.4276 0.0000 48.7006
v  1655.3247 0.0000 50.4902
v  1657.6575 0.0000 50.6384
v  1658.9803 0.0000 51.5601
v  1660.7224 0.0000 50.6076
v  1665.6240 0.0000 50.7023
v  1668.0067 0.0000 49.6154
v  1671.7737 0.0000 49.6300
v  1675.5743 0.0000 49.6060
v  1676.2395 0.0000 49.5098
v  1678.4497 0.0000 51.1084
v  1680.1014 0.0000 49.8599
v  1682.3647 0.0000 49.4686
v  1682.8206 0.0000 47.5630
v  1684.5265 0.0000 46.1152
v  1683.9955 0.0000 43.7417
v  1684.0938 0.0000 37.0801
v  1684.1023 0.0000 25.6566
v  1682.4607 0.0000 19.9632
v  1684.0647 0.0000 19.3858
v  1683.9934 0.0000 18.6060
v  1683.8864 0.0000 17.8863
v  1683.7437 0.0000 17.2266
v  1684.3794 0.0000 16.1373
v  1683.8694 0.0000 15.2050
v  1681.4296 0.0000 15.9041
v  1680.3201 0.0000 13.3340
v  1650.7899 0.0000 11.5158
v  1655.6040 0.0000 10.4724
v  1678.4275 0.0000 8.8363
v  1684.2874 0.0000 10.0345
v  1684.9146 0.0000 9.3534
v  1686.3274 0.0000 8.8561
v  1686.3063 0.0000 7.4312
v  1686.7334 0.0000 6.6252
v  1687.1046 0.0000 5.7854
v  1687.4202 0.0000 4.9120
v  1687.6799 0.0000 4.0049
v  1686.4563 0.0000 2.9664
v  1676.6548 0.0000 8.5759
v  1675.4766 0.0000 8.1082
v  1674.2030 0.0000 7.7130
v  1672.8340 0.0000 7.3901
v  1671.3698 0.0000 7.1396
v  1670.1785 0.0000 7.7522
v  1669.2328 0.0000 6.8950
v  1667.5569 0.0000 6.8226
v  1665.8123 0.0000 6.8206
v  1664.1144 0.0000 6.8853
v  1662.1449 0.0000 6.6030
v  1660.4204 0.0000 7.3100
v  1659.1500 0.0000 7.5940
v  1657.4471 0.0000 7.5893
v  1656.3883 0.0000 8.5589
v  1654.7993 0.0000 8.7716
v  1654.1787 0.0000 15.4464
v  1656.3928 0.0000 15.7888
v  1657.9419 0.0000 16.2175
v  1659.3049 0.0000 15.6718
v  1660.3783 0.0000 16.6550
v  1661.9879 0.0000 16.0372
v  1663.4734 0.0000 16.8889
v  1665.6758 0.0000 16.9329
v  1667.3895 0.0000 16.9039
v  1668.9404 0.0000 16.8125
v  1670.4146 0.0000 16.6573
v  1671.8116 0.0000 16.4383
v  1673.1318 0.0000 16.1555
v  1674.3751 0.0000 15.8088
v  1675.5416 0.0000 15.3983
v  1676.6311 0.0000 14.9240
v  1676.8923 0.0000 13.6990
v  1661.7454 0.0000 38.4843
v  1662.9585 0.0000 38.1678
v  1663.9983 0.0000 37.6930
v  1664.8647 0.0000 37.0599
v  1665.5580 0.0000 36.2686
v  1666.0779 0.0000 35.3190
v  1666.4244 0.0000 34.2112
v  1666.5977 0.0000 32.9450
v  1667.1443 0.0000 31.5484
v  1666.9402 0.0000 30.1541
v  1666.5319 0.0000 28.9401
v  1665.9193 0.0000 27.9064
v  1665.1075 0.0000 27.0526
v  1664.1484 0.0000 26.3738
v  1663.0946 0.0000 25.8650
v  1661.9507 0.0000 25.5258
v  1660.7166 0.0000 25.3562
v  1659.3013 0.0000 25.8483
v  1658.5240 0.0000 26.7334
v  1657.5341 0.0000 26.1295
v  1656.3251 0.0000 26.5461
v  1655.2955 0.0000 27.1468
v  1654.4456 0.0000 27.9316
v  1653.7749 0.0000 28.9004
v  1653.2838 0.0000 30.0532
v  1652.9722 0.0000 31.3901
v  1652.8401 0.0000 32.8962
v  1654.0011 0.0000 33.7178
v  1652.9490 0.0000 36.8270
v  1654.3165 0.0000 38.0557
v  1654.5690 0.0000 38.3945
v  1654.8845 0.0000 38.6654
v  1655.2632 0.0000 38.8687
v  1659.4834 10.0000 37.8602
v  1654.8845 10.0000 38.6654
v  1654.5690 10.0000 38.3945
v  1654.3165 10.0000 38.0557
v  1652.9490 10.0000 36.8270
v  1654.0011 10.0000 33.7178
v  1652.8401 10.0000 32.8962
v  1652.9722 10.0000 31.3901
v  1653.2838 10.0000 30.0532
v  1653.7749 10.0000 28.9004
v  1654.4456 10.0000 27.9316
v  1655.2955 10.0000 27.1468
v  1656.3251 10.0000 26.5461
v  1657.5341 10.0000 26.1295
v  1658.5240 10.0000 26.7334
v  1659.3013 10.0000 25.8483
v  1660.7166 10.0000 25.3562
v  1661.9507 10.0000 25.5258
v  1663.0946 10.0000 25.8650
v  1664.1484 10.0000 26.3738
v  1665.1075 10.0000 27.0526
v  1665.9193 10.0000 27.9064
v  1666.5319 10.0000 28.9401
v  1666.9402 10.0000 30.1541
v  1667.1443 10.0000 31.5484
v  1666.5977 10.0000 32.9450
v  1666.4244 10.0000 34.2112
v  1666.0779 10.0000 35.3190
v  1665.5580 10.0000 36.2686
v  1664.8647 10.0000 37.0599
v  1663.9983 10.0000 37.6930
v  1662.9585 10.0000 38.1678
v  1661.7454 10.0000 38.4843
v  1660.3590 10.0000 38.6426
v  1676.8923 10.0000 13.6990
v  1686.4563 10.0000 2.9664
v  1676.6311 10.0000 14.9240
v  1680.1035 10.0000 14.7380
v  1681.4296 10.0000 15.9041
v  1683.8694 10.0000 15.2050
v  1684.3794 10.0000 16.1373
v  1683.7437 10.0000 17.2266
v  1683.8864 10.0000 17.8863
v  1683.9934 10.0000 18.6060
v  1684.0647 10.0000 19.3858
v  1682.4607 10.0000 19.9632
v  1684.1023 10.0000 25.6566
v  1684.0938 10.0000 37.0801
v  1683.9955 10.0000 43.7417
v  1684.5265 10.0000 46.1152
v  1682.8206 10.0000 47.5630
v  1682.3647 10.0000 49.4686
v  1680.1014 10.0000 49.8599
v  1678.4497 10.0000 51.1084
v  1676.2395 10.0000 49.5098
v  1675.5743 10.0000 49.6060
v  1671.7737 10.0000 49.6300
v  1668.0067 10.0000 49.6154
v  1665.6240 10.0000 50.7023
v  1660.7224 10.0000 50.6076
v  1658.9803 10.0000 51.5601
v  1657.6573 10.0000 50.6384
v  1655.3247 10.0000 50.4902
v  1653.4276 10.0000 48.7006
v  1652.9380 10.0000 46.4186
v  1654.3489 10.0000 44.7268
v  1675.5416 10.0000 15.3983
v  1674.3751 10.0000 15.8088
v  1673.1318 10.0000 16.1555
v  1671.8116 10.0000 16.4383
v  1670.4146 10.0000 16.6573
v  1668.9404 10.0000 16.8125
v  1667.3895 10.0000 16.9039
v  1665.6758 10.0000 16.9329
v  1663.4734 10.0000 16.8889
v  1661.9879 10.0000 16.0372
v  1660.3783 10.0000 16.6550
v  1659.3049 10.0000 15.6718
v  1657.9419 10.0000 16.2175
v  1656.3928 10.0000 15.7888
v  1654.1787 10.0000 15.4464
v  1650.7899 10.0000 11.5158
v  1655.6040 10.0000 10.4724
v  1687.6799 10.0000 4.0049
v  1687.4202 10.0000 4.9120
v  1687.1046 10.0000 5.7854
v  1686.7334 10.0000 6.6252
v  1686.3063 10.0000 7.4312
v  1686.3274 10.0000 8.8561
v  1684.9146 10.0000 9.3534
v  1684.2874 10.0000 10.0345
v  1654.7993 10.0000 8.7716
v  1656.3883 10.0000 8.5589
v  1657.4471 10.0000 7.5893
v  1659.1500 10.0000 7.5940
v  1660.4204 10.0000 7.3100
v  1662.1449 10.0000 6.6030
v  1664.1144 10.0000 6.8853
v  1665.8121 10.0000 6.8206
v  1667.5569 10.0000 6.8226
v  1669.2328 10.0000 6.8950
v  1670.1785 10.0000 7.7522
v  1671.3698 10.0000 7.1396
v  1672.8340 10.0000 7.3901
v  1674.2030 10.0000 7.7130
v  1675.4766 10.0000 8.1082
v  1676.6548 10.0000 8.5759
v  1679.8118 10.0000 9.5328
# 944 vertices

vn 0.7119 -0.7015 -0.0343
vn 0.7098 -0.7006 -0.0731
vn 0.9973 0.0000 -0.0733
vn 0.7098 0.7006 -0.0731
vn 0.7119 0.7015 -0.0343
vn 0.7048 -0.6996 -0.1180
vn 0.9913 0.0000 -0.1315
vn 0.7048 0.6996 -0.1180
vn 0.6954 -0.6984 -0.1695
vn 0.9801 0.0000 -0.1984
vn 0.6954 0.6984 -0.1695
vn 0.6797 -0.6970 -0.2284
vn 0.9615 0.0000 -0.2749
vn 0.6797 0.6970 -0.2284
vn 0.6554 -0.6955 -0.2947
vn 0.9324 0.0000 -0.3615
vn 0.6554 0.6955 -0.2947
vn 0.6194 -0.6939 -0.3672
vn 0.8892 0.0000 -0.4575
vn 0.6194 0.6939 -0.3672
vn 0.5692 -0.6924 -0.4433
vn 0.8281 0.0000 -0.5605
vn 0.5692 0.6924 -0.4433
vn 0.4262 -0.9043 0.0239
vn 0.7462 0.0000 -0.6657
vn 0.4262 0.9043 0.0239
vn 0.4957 -0.6992 0.5152
vn 0.6671 0.0000 0.7449
vn 0.4957 0.6992 0.5152
vn 0.5317 -0.6990 0.4782
vn 0.7186 0.0000 0.6954
vn 0.5317 0.6990 0.4782
vn 0.5653 -0.6989 0.4381
vn 0.7674 0.0000 0.6412
vn 0.5653 0.6989 0.4381
vn 0.5960 -0.6989 0.3953
vn 0.8125 0.0000 0.5830
vn 0.5960 0.6989 0.3953
vn 0.6232 -0.6990 0.3507
vn 0.8531 0.0000 0.5217
vn 0.6232 0.6990 0.3507
vn 0.6466 -0.6992 0.3050
vn 0.8887 0.0000 0.4584
vn 0.6466 0.6992 0.3050
vn 0.6661 -0.6994 0.2589
vn 0.9190 0.0000 0.3942
vn 0.6661 0.6994 0.2589
vn 0.6818 -0.6997 0.2134
vn 0.9440 0.0000 0.3300
vn 0.6818 0.6997 0.2134
vn 0.7191 -0.5802 -0.3825
vn 0.9637 0.0000 0.2670
vn 0.7191 0.5802 -0.3825
vn -0.4328 -0.5683 -0.6998
vn 0.3174 0.0000 -0.9483
vn -0.4328 0.5683 -0.6998
vn -0.6890 -0.7146 -0.1206
vn -0.9902 0.0000 -0.1396
vn -0.6890 0.7146 -0.1206
vn -0.6792 -0.7148 -0.1665
vn -0.9788 0.0000 -0.2049
vn -0.6792 0.7148 -0.1665
vn -0.6660 -0.7150 -0.2127
vn -0.9626 0.0000 -0.2710
vn -0.6660 0.7150 -0.2127
vn -0.6496 -0.7150 -0.2584
vn -0.9415 0.0000 -0.3370
vn -0.6496 0.7150 -0.2584
vn -0.6300 -0.7150 -0.3031
vn -0.9157 0.0000 -0.4018
vn -0.6300 0.7150 -0.3031
vn -0.6076 -0.7149 -0.3460
vn -0.8855 0.0000 -0.4647
vn -0.6076 0.7149 -0.3460
vn -0.5827 -0.7148 -0.3867
vn -0.8514 0.0000 -0.5245
vn -0.5827 0.7148 -0.3867
vn -0.5559 -0.7146 -0.4248
vn -0.8140 0.0000 -0.5808
vn -0.5559 0.7146 -0.4248
vn -0.0717 -0.8906 -0.4491
vn -0.7742 0.0000 -0.6329
vn -0.0717 0.8906 -0.4491
vn 0.3534 -0.6949 -0.6263
vn 0.5388 0.0000 -0.8424
vn 0.3534 0.6949 -0.6263
vn 0.2866 -0.6965 -0.6578
vn 0.4427 0.0000 -0.8967
vn 0.2866 0.6965 -0.6578
vn 0.2270 -0.6980 -0.6791
vn 0.3554 0.0000 -0.9347
vn 0.2270 0.6980 -0.6791
vn 0.1747 -0.6993 -0.6931
vn 0.2781 0.0000 -0.9606
vn 0.1747 0.6993 -0.6931
vn 0.1293 -0.7004 -0.7019
vn 0.2105 0.0000 -0.9776
vn 0.1293 0.7004 -0.7019
vn 0.0900 -0.7014 -0.7071
vn 0.1517 0.0000 -0.9884
vn 0.0900 0.7014 -0.7071
vn 0.0559 -0.7021 -0.7099
vn 0.1007 0.0000 -0.9949
vn 0.0559 0.7021 -0.7099
vn 0.0263 -0.7028 -0.7109
vn 0.0563 0.0000 -0.9984
vn 0.0263 0.7028 -0.7109
vn 0.0004 -0.7033 -0.7109
vn 0.0175 0.0000 -0.9998
vn 0.0004 0.7033 -0.7109
vn -0.0238 -0.7033 -0.7105
vn -0.0164 0.0000 -0.9999
vn -0.0238 0.7033 -0.7105
vn -0.0485 -0.7031 -0.7094
vn -0.0504 0.0000 -0.9987
vn -0.0485 0.7031 -0.7094
vn -0.0744 -0.7029 -0.7074
vn -0.0860 0.0000 -0.9963
vn -0.0744 0.7029 -0.7074
vn -0.1015 -0.7027 -0.7042
vn -0.1232 0.0000 -0.9924
vn -0.1015 0.7027 -0.7042
vn -0.1295 -0.7025 -0.6998
vn -0.1619 0.0000 -0.9868
vn -0.1295 0.7025 -0.6998
vn -0.1586 -0.7024 -0.6939
vn -0.2020 0.0000 -0.9794
vn -0.1586 0.7024 -0.6939
vn -0.1885 -0.7022 -0.6866
vn -0.2434 0.0000 -0.9699
vn -0.1885 0.7022 -0.6866
vn -0.2191 -0.7020 -0.6776
vn -0.2859 0.0000 -0.9583
vn -0.2191 0.7020 -0.6776
vn -0.2548 -0.7005 -0.6666
vn -0.3292 0.0000 -0.9442
vn -0.2548 0.7005 -0.6666
vn -0.3022 -0.6980 -0.6492
vn -0.3846 0.0000 -0.9231
vn -0.3022 0.6980 -0.6492
vn -0.3600 -0.6963 -0.6209
vn -0.4588 0.0000 -0.8885
vn -0.3600 0.6963 -0.6209
vn -0.4251 -0.6943 -0.5807
vn -0.5431 0.0000 -0.8397
vn -0.4251 0.6943 -0.5807
vn -0.4957 -0.6922 -0.5245
vn -0.6362 0.0000 -0.7715
vn -0.4957 0.6922 -0.5245
vn -0.5674 -0.6902 -0.4490
vn -0.7343 0.0000 -0.6789
vn -0.5674 0.6902 -0.4490
vn -0.6333 -0.6887 -0.3530
vn -0.8295 0.0000 -0.5585
vn -0.6333 0.6887 -0.3530
vn -0.6847 -0.6881 -0.2403
vn -0.9112 0.0000 -0.4119
vn -0.6847 0.6881 -0.2403
vn -0.7153 -0.6885 -0.1195
vn -0.9688 0.0000 -0.2479
vn -0.7153 0.6885 -0.1195
vn -0.7302 -0.6829 0.0227
vn -0.9968 0.0000 -0.0805
vn -0.7302 0.6829 0.0227
vn -0.7062 -0.6738 0.2175
vn -0.9898 0.0000 0.1423
vn -0.7062 0.6738 0.2175
vn -0.6070 -0.6750 0.4195
vn -0.8984 0.0000 0.4392
vn -0.6070 0.6750 0.4195
vn -0.4685 -0.6806 0.5633
vn -0.7285 0.0000 0.6850
vn -0.4685 0.6806 0.5633
vn -0.3354 -0.6871 0.6445
vn -0.5407 0.0000 0.8412
vn -0.3354 0.6871 0.6445
vn -0.2280 -0.6924 0.6846
vn -0.3786 0.0000 0.9256
vn -0.2280 0.6924 0.6846
vn -0.1464 -0.6962 0.7028
vn -0.2519 0.0000 0.9678
vn -0.1464 0.6962 0.7028
vn -0.0848 -0.6988 0.7102
vn -0.1554 0.0000 0.9878
vn -0.0848 0.6988 0.7102
vn -0.0377 -0.7007 0.7125
vn -0.0815 0.0000 0.9967
vn -0.0377 0.7007 0.7125
vn -0.0029 -0.7026 0.7115
vn -0.0241 0.0000 0.9997
vn -0.0029 0.7026 0.7115
vn 0.0231 -0.7034 0.7104
vn 0.0159 0.0000 0.9999
vn 0.0231 0.7034 0.7104
vn 0.0473 -0.7032 0.7094
vn 0.0490 0.0000 0.9988
vn 0.0473 0.7032 0.7094
vn 0.0727 -0.7030 0.7075
vn 0.0839 0.0000 0.9965
vn 0.0727 0.7030 0.7075
vn 0.0994 -0.7028 0.7044
vn 0.1205 0.0000 0.9927
vn 0.0994 0.7028 0.7044
vn 0.1273 -0.7026 0.7001
vn 0.1588 0.0000 0.9873
vn 0.1273 0.7026 0.7001
vn 0.1564 -0.7023 0.6944
vn 0.1989 0.0000 0.9800
vn 0.1564 0.7023 0.6944
vn 0.1866 -0.7021 0.6872
vn 0.2404 0.0000 0.9707
vn 0.1866 0.7021 0.6872
vn 0.2177 -0.7019 0.6782
vn 0.2834 0.0000 0.9590
vn 0.2177 0.7019 0.6782
vn -0.1703 -0.8866 0.4302
vn 0.3277 0.0000 0.9448
vn -0.1703 0.8866 0.4302
vn -0.6311 -0.7180 0.2936
vn -0.8855 0.0000 0.4647
vn -0.6311 0.7180 0.2936
vn -0.6561 -0.7164 0.2373
vn -0.9258 0.0000 0.3780
vn -0.6561 0.7164 0.2373
vn -0.6735 -0.7149 0.1879
vn -0.9534 0.0000 0.3017
vn -0.6735 0.7149 0.1879
vn -0.6852 -0.7138 0.1448
vn -0.9719 0.0000 0.2354
vn -0.6852 0.7138 0.1448
vn -0.6931 -0.7128 0.1074
vn -0.9840 0.0000 0.1780
vn -0.6931 0.7128 0.1074
vn -0.6982 -0.7120 0.0750
vn -0.9917 0.0000 0.1283
vn -0.6982 0.7120 0.0750
vn -0.7013 -0.7114 0.0467
vn -0.9964 0.0000 0.0853
vn -0.7013 0.7114 0.0467
vn -0.7030 -0.7108 0.0220
vn -0.9989 0.0000 0.0477
vn -0.7030 0.7108 0.0220
vn -0.7054 -0.7088 0.0052
vn -0.9999 0.0000 0.0149
vn -0.7054 0.7088 0.0052
vn -0.7011 -0.7129 -0.0178
vn -1.0000 0.0000 -0.0000
vn -0.7011 0.7129 -0.0178
vn -0.6888 -0.7209 -0.0768
vn -0.9987 0.0000 -0.0508
vn -0.6888 0.7209 -0.0768
vn -0.6687 -0.7243 -0.1679
vn -0.9854 0.0000 -0.1703
vn -0.6687 0.7243 -0.1679
vn -0.6281 -0.7281 -0.2744
vn -0.9489 0.0000 -0.3155
vn -0.6281 0.7281 -0.2744
vn -0.5597 -0.7315 -0.3894
vn -0.8762 0.0000 -0.4820
vn -0.5597 0.7315 -0.3894
vn -0.4618 -0.7331 -0.4994
vn -0.7565 0.0000 -0.6539
vn -0.4618 0.7331 -0.4994
vn -0.3423 -0.7322 -0.5888
vn -0.5928 0.0000 -0.8053
vn -0.3423 0.7322 -0.5888
vn -0.2172 -0.7292 -0.6489
vn -0.4065 0.0000 -0.9136
vn -0.2172 0.7292 -0.6489
vn -0.1013 -0.7255 -0.6808
vn -0.2254 0.0000 -0.9743
vn -0.1013 0.7255 -0.6808
vn -0.0238 -0.7148 -0.6989
vn -0.0679 0.0000 -0.9977
vn -0.0238 0.7148 -0.6989
vn 0.0160 -0.7123 -0.7017
vn 0.0000 0.0000 -1.0000
vn 0.0160 0.7123 -0.7017
vn 0.0692 -0.7195 -0.6910
vn 0.0456 0.0000 -0.9990
vn 0.0692 0.7195 -0.6910
vn 0.1522 -0.7227 -0.6742
vn 0.1534 0.0000 -0.9882
vn 0.1522 0.7227 -0.6742
vn 0.2513 -0.7266 -0.6395
vn 0.2860 0.0000 -0.9582
vn 0.2513 0.7266 -0.6395
vn 0.3624 -0.7304 -0.5789
vn 0.4428 0.0000 -0.8966
vn 0.3624 0.7304 -0.5789
vn 0.4744 -0.7332 -0.4873
vn 0.6131 0.0000 -0.7900
vn 0.4744 0.7332 -0.4873
vn 0.5710 -0.7335 -0.3688
vn 0.7732 0.0000 -0.6341
vn 0.5710 0.7335 -0.3688
vn 0.6393 -0.7312 -0.2379
vn 0.8960 0.0000 -0.4441
vn 0.6393 0.7312 -0.2379
vn 0.6769 -0.7275 -0.1120
vn 0.9684 0.0000 -0.2496
vn 0.6769 0.7275 -0.1120
vn 0.6979 -0.7157 -0.0264
vn 0.9971 0.0000 -0.0756
vn 0.6979 0.7157 -0.0264
vn 0.3180 -0.8986 0.3024
vn 1.0000 0.0000 -0.0000
vn 0.3180 0.8986 0.3024
vn 0.0792 -0.6939 0.7157
vn 0.0504 0.0000 0.9987
vn 0.0792 0.6939 0.7157
vn 0.1750 -0.6908 0.7016
vn 0.1692 0.0000 0.9856
vn 0.1750 0.6908 0.7016
vn 0.2891 -0.6873 0.6664
vn 0.3134 0.0000 0.9496
vn 0.2891 0.6873 0.6664
vn 0.4144 -0.6843 0.5999
vn 0.4793 0.0000 0.8777
vn 0.4144 0.6843 0.5999
vn 0.5346 -0.6828 0.4979
vn 0.6512 0.0000 0.7589
vn 0.5346 0.6828 0.4979
vn 0.6299 -0.6836 0.3688
vn 0.8032 0.0000 0.5956
vn 0.6299 0.6836 0.3688
vn 0.6894 -0.6861 0.2324
vn 0.9125 0.0000 0.4090
vn 0.6894 0.6861 0.2324
vn 0.7163 -0.6895 0.1073
vn 0.9739 0.0000 0.2270
vn 0.7163 0.6895 0.1073
vn 0.7183 -0.6957 0.0121
vn 0.9977 0.0000 0.0684
vn 0.7183 0.6957 0.0121
vn 0.7135 -0.6987 -0.0520
vn 0.9994 0.0000 -0.0348
vn 0.7135 0.6987 -0.0520
vn 0.7080 -0.6977 -0.1091
vn 0.9939 0.0000 -0.1104
vn 0.7080 0.6977 -0.1091
vn 0.6964 -0.6968 -0.1717
vn 0.9810 0.0000 -0.1939
vn 0.6964 0.6968 -0.1717
vn 0.6773 -0.6958 -0.2390
vn 0.9587 0.0000 -0.2844
vn 0.6773 0.6958 -0.2390
vn 0.6491 -0.6951 -0.3092
vn 0.9249 0.0000 -0.3803
vn 0.6491 0.6951 -0.3092
vn 0.6111 -0.6945 -0.3799
vn 0.8780 0.0000 -0.4786
vn 0.6111 0.6945 -0.3799
vn 0.5635 -0.6942 -0.4479
vn 0.8178 0.0000 -0.5755
vn 0.5635 0.6942 -0.4479
vn 0.5076 -0.6943 -0.5102
vn 0.7452 0.0000 -0.6668
vn 0.5076 0.6943 -0.5102
vn 0.4502 -0.6968 -0.5584
vn 0.6630 0.0000 -0.7486
vn 0.4502 0.6968 -0.5584
vn 0.4011 -0.6989 -0.5921
vn 0.5909 0.0000 -0.8067
vn 0.4011 0.6989 -0.5921
vn 0.3560 -0.6987 -0.6206
vn 0.5300 0.0000 -0.8480
vn 0.3560 0.6987 -0.6206
vn 0.3077 -0.6986 -0.6460
vn 0.4644 0.0000 -0.8856
vn 0.3077 0.6986 -0.6460
vn 0.2571 -0.6985 -0.6678
vn 0.3951 0.0000 -0.9187
vn 0.2571 0.6985 -0.6678
vn 0.2050 -0.6986 -0.6855
vn 0.3230 0.0000 -0.9464
vn 0.2050 0.6986 -0.6855
vn 0.1524 -0.6987 -0.6990
vn 0.2496 0.0000 -0.9684
vn 0.1524 0.6987 -0.6990
vn 0.1002 -0.6990 -0.7081
vn 0.1761 0.0000 -0.9844
vn 0.1002 0.6990 -0.7081
vn 0.0492 -0.6993 -0.7131
vn 0.1038 0.0000 -0.9946
vn 0.0492 0.6993 -0.7131
vn -0.0095 -0.6967 -0.7173
vn 0.0338 0.0000 -0.9994
vn -0.0095 0.6967 -0.7173
vn -0.0945 -0.6915 -0.7162
vn -0.0602 0.0000 -0.9982
vn -0.0945 0.6915 -0.7162
vn -0.2067 -0.6881 -0.6955
vn -0.2009 0.0000 -0.9796
vn -0.2067 0.6881 -0.6955
vn -0.3343 -0.6851 -0.6472
vn -0.3668 0.0000 -0.9303
vn -0.3343 0.6851 -0.6472
vn -0.4636 -0.6832 -0.5641
vn -0.5464 0.0000 -0.8375
vn -0.4636 0.6832 -0.5641
vn -0.5748 -0.6835 -0.4500
vn -0.7158 0.0000 -0.6983
vn -0.5748 0.6835 -0.4500
vn -0.6531 -0.6857 -0.3214
vn -0.8496 0.0000 -0.5274
vn -0.6531 0.6857 -0.3214
vn -0.6975 -0.6889 -0.1974
vn -0.9363 0.0000 -0.3513
vn -0.6975 0.6889 -0.1974
vn -0.7161 -0.6922 -0.0900
vn -0.9815 0.0000 -0.1915
vn -0.7161 0.6922 -0.0900
vn -0.7131 -0.7007 -0.0204
vn -0.9984 0.0000 -0.0573
vn -0.7131 0.7007 -0.0204
vn -0.7113 -0.7027 0.0139
vn -0.7113 0.7027 0.0139
vn -0.7140 -0.6977 0.0583
vn -0.9992 0.0000 0.0390
vn -0.7140 0.6977 0.0583
vn -0.7069 -0.6966 0.1222
vn -0.9923 0.0000 0.1237
vn -0.7069 0.6966 0.1222
vn -0.6923 -0.6957 0.1917
vn -0.9763 0.0000 0.2166
vn -0.6923 0.6957 0.1917
vn -0.6686 -0.6948 0.2651
vn -0.9487 0.0000 0.3163
vn -0.6686 0.6948 0.2651
vn -0.6345 -0.6941 0.3400
vn -0.9076 0.0000 0.4198
vn -0.6345 0.6941 0.3400
vn -0.5900 -0.6938 0.4129
vn -0.8523 0.0000 0.5231
vn -0.5900 0.6938 0.4129
vn -0.5363 -0.6939 0.4806
vn -0.7833 0.0000 0.6216
vn -0.5363 0.6939 0.4806
vn -0.4757 -0.6943 0.5401
vn -0.7034 0.0000 0.7108
vn -0.4757 0.6943 0.5401
vn -0.4161 -0.6971 0.5839
vn -0.6164 0.0000 0.7875
vn -0.4161 0.6971 0.5839
vn -0.3672 -0.6994 0.6132
vn -0.5432 0.0000 0.8396
vn -0.3672 0.6994 0.6132
vn -0.3235 -0.6993 0.6375
vn -0.4836 0.0000 0.8753
vn -0.3235 0.6993 0.6375
vn -0.2778 -0.6992 0.6587
vn -0.4209 0.0000 0.9071
vn -0.2778 0.6992 0.6587
vn -0.2308 -0.6993 0.6765
vn -0.3559 0.0000 0.9345
vn -0.2308 0.6993 0.6765
vn -0.1832 -0.6994 0.6908
vn -0.2895 0.0000 0.9572
vn -0.1832 0.6994 0.6908
vn -0.1357 -0.6996 0.7015
vn -0.2228 0.0000 0.9749
vn -0.1357 0.6996 0.7015
vn -0.0890 -0.6999 0.7087
vn -0.1568 0.0000 0.9876
vn -0.0890 0.6999 0.7087
vn -0.0437 -0.7002 0.7126
vn -0.0923 0.0000 0.9957
vn -0.0437 0.7002 0.7126
vn -0.0107 -0.7037 0.7104
vn -0.0301 0.0000 0.9995
vn -0.0107 0.7037 0.7104
vn 0.0200 -0.7009 0.7130
vn 0.0000 0.0000 1.0000
vn 0.0200 0.7009 0.7130
vn 0.0880 -0.6925 0.7160
vn 0.0561 0.0000 0.9984
vn 0.0880 0.6925 0.7160
vn 0.1934 -0.6892 0.6983
vn 0.1875 0.0000 0.9823
vn 0.1934 0.6892 0.6983
vn 0.3157 -0.6859 0.6556
vn 0.3446 0.0000 0.9387
vn 0.3157 0.6859 0.6556
vn 0.4440 -0.6836 0.5793
vn 0.5191 0.0000 0.8547
vn 0.4440 0.6836 0.5793
vn 0.5593 -0.6831 0.4696
vn 0.6904 0.0000 0.7234
vn 0.5593 0.6831 0.4696
vn 0.6445 -0.6848 0.3401
vn 0.8320 0.0000 0.5547
vn 0.6445 0.6848 0.3401
vn 0.6946 -0.6878 0.2109
vn 0.9275 0.0000 0.3738
vn 0.6946 0.6878 0.2109
vn 0.7162 -0.6912 0.0966
vn 0.9787 0.0000 0.2051
vn 0.7162 0.6912 0.0966
vn 0.7136 -0.7002 0.0220
vn 0.9981 0.0000 0.0615
vn 0.7136 0.7002 0.0220
vn 0.7096 -0.7046 -0.0081
vn 0.7096 0.7046 -0.0081
vn 0.9997 0.0000 -0.0228
vn -0.4423 -0.7227 -0.5311
vn -0.3706 -0.7213 -0.5851
vn -0.5863 0.0000 -0.8101
vn -0.3706 0.7213 -0.5851
vn -0.4423 0.7227 -0.5311
vn -0.3004 -0.7197 -0.6259
vn -0.4817 0.0000 -0.8763
vn -0.3004 0.7197 -0.6259
vn -0.2349 -0.7181 -0.6551
vn -0.3824 0.0000 -0.9240
vn -0.2349 0.7181 -0.6551
vn -0.1755 -0.7166 -0.6750
vn -0.2918 0.0000 -0.9565
vn -0.1755 0.7166 -0.6750
vn -0.1227 -0.7153 -0.6879
vn -0.2110 0.0000 -0.9775
vn -0.1227 0.7153 -0.6879
vn -0.0764 -0.7142 -0.6958
vn -0.1400 0.0000 -0.9901
vn -0.0764 0.7142 -0.6958
vn -0.0359 -0.7132 -0.7000
vn -0.0781 0.0000 -0.9969
vn -0.0359 0.7132 -0.7000
vn -0.0030 -0.7116 -0.7026
vn -0.0243 0.0000 -0.9997
vn -0.0030 0.7116 -0.7026
vn 0.0241 -0.7113 -0.7024
vn 0.0156 0.0000 -0.9999
vn 0.0241 0.7113 -0.7024
vn 0.0542 -0.7126 -0.6995
vn 0.0530 0.0000 -0.9986
vn 0.0542 0.7126 -0.6995
vn 0.0938 -0.7146 -0.6933
vn 0.1015 0.0000 -0.9948
vn 0.0938 0.7146 -0.6933
vn 0.1474 -0.7176 -0.6807
vn 0.1664 0.0000 -0.9861
vn 0.1474 0.7176 -0.6807
vn 0.2220 -0.7227 -0.6545
vn 0.2563 0.0000 -0.9666
vn 0.2220 0.7227 -0.6545
vn 0.3265 -0.7313 -0.5988
vn 0.3847 0.0000 -0.9231
vn 0.3265 0.7313 -0.5988
vn 0.4616 -0.7449 -0.4817
vn 0.5677 0.0000 -0.8233
vn 0.4616 0.7449 -0.4817
vn 0.5921 -0.7582 -0.2731
vn 0.7984 0.0000 -0.6021
vn 0.5921 0.7582 -0.2731
vn 0.6571 -0.7536 -0.0148
vn 0.9763 0.0000 -0.2165
vn 0.6571 0.7536 -0.0148
vn 0.6201 -0.7501 0.2298
vn 0.9850 0.0000 0.1724
vn 0.6201 0.7501 0.2298
vn 0.5131 -0.7443 0.4275
vn 0.8594 0.0000 0.5113
vn 0.5131 0.7443 0.4275
vn 0.3846 -0.7341 0.5596
vn 0.6581 0.0000 0.7529
vn 0.3846 0.7341 0.5596
vn 0.2712 -0.7257 0.6323
vn 0.4671 0.0000 0.8842
vn 0.2712 0.7257 0.6323
vn 0.1834 -0.7201 0.6692
vn 0.3186 0.0000 0.9479
vn 0.1834 0.7201 0.6692
vn 0.1178 -0.7165 0.6876
vn 0.2092 0.0000 0.9779
vn 0.1178 0.7165 0.6876
vn 0.0684 -0.7141 0.6967
vn 0.1282 0.0000 0.9917
vn 0.0684 0.7141 0.6967
vn 0.0305 -0.7125 0.7010
vn 0.0671 0.0000 0.9977
vn 0.0305 0.7125 0.7010
vn -0.0027 -0.7124 0.7017
vn 0.0198 0.0000 0.9998
vn -0.0027 0.7124 0.7017
vn -0.0392 -0.7136 0.6994
vn -0.0273 0.0000 0.9996
vn -0.0392 0.7136 0.6994
vn -0.0805 -0.7140 0.6955
vn -0.0847 0.0000 0.9964
vn -0.0805 0.7140 0.6955
vn -0.1239 -0.7144 0.6886
vn -0.1453 0.0000 0.9894
vn -0.1239 0.7144 0.6886
vn -0.1691 -0.7148 0.6786
vn -0.2088 0.0000 0.9780
vn -0.1691 0.7148 0.6786
vn -0.2154 -0.7151 0.6650
vn -0.2745 0.0000 0.9616
vn -0.2154 0.7151 0.6650
vn -0.2623 -0.7154 0.6476
vn -0.3415 0.0000 0.9399
vn -0.2623 0.7154 0.6476
vn -0.3090 -0.7156 0.6265
vn -0.4088 0.0000 0.9126
vn -0.3090 0.7156 0.6265
vn -0.3548 -0.7156 0.6016
vn -0.4754 0.0000 0.8798
vn -0.3548 0.7156 0.6016
vn -0.3635 -0.9309 0.0350
vn -0.5399 0.0000 0.8417
vn -0.3635 0.9309 0.0350
vn -0.6907 0.0000 -0.7231
vn -0.0891 -0.7232 0.6849
vn -0.1931 -0.7269 0.6591
vn -0.1981 0.0000 0.9802
vn -0.1931 0.7269 0.6591
vn -0.0891 0.7232 0.6849
vn -0.3100 -0.7304 0.6087
vn -0.3622 0.0000 0.9321
vn -0.3100 0.7304 0.6087
vn -0.4285 -0.7326 0.5289
vn -0.5408 0.0000 0.8411
vn -0.4285 0.7326 0.5289
vn -0.5331 -0.7325 0.4234
vn -0.7107 0.0000 0.7035
vn -0.5331 0.7325 0.4234
vn -0.6114 -0.7301 0.3052
vn -0.8462 0.0000 0.5329
vn -0.6114 0.7301 0.3052
vn -0.6605 -0.7265 0.1896
vn -0.9346 0.0000 0.3558
vn -0.6605 0.7265 0.1896
vn -0.6854 -0.7229 0.0874
vn -0.9810 0.0000 0.1942
vn -0.6854 0.7229 0.0874
vn -0.6938 -0.7201 0.0009
vn -0.9983 0.0000 0.0581
vn -0.6938 0.7201 0.0009
vn -0.6866 -0.7222 -0.0837
vn -0.9985 0.0000 -0.0556
vn -0.6866 0.7222 -0.0837
vn -0.6634 -0.7258 -0.1822
vn -0.9826 0.0000 -0.1859
vn -0.6634 0.7258 -0.1822
vn -0.6173 -0.7294 -0.2948
vn -0.9397 0.0000 -0.3420
vn -0.6173 0.7294 -0.2948
vn -0.5423 -0.7322 -0.4121
vn -0.8567 0.0000 -0.5158
vn -0.5423 0.7322 -0.4121
vn -0.4397 -0.7328 -0.5193
vn -0.7264 0.0000 -0.6873
vn -0.4397 0.7328 -0.5193
vn -0.3206 -0.7310 -0.6024
vn -0.5581 0.0000 -0.8298
vn -0.3206 0.7310 -0.6024
vn -0.2009 -0.7276 -0.6559
vn -0.3766 0.0000 -0.9264
vn -0.2009 0.7276 -0.6559
vn -0.0930 -0.7239 -0.6836
vn -0.2068 0.0000 -0.9784
vn -0.0930 0.7239 -0.6836
vn 0.0003 -0.7215 -0.6925
vn -0.0620 0.0000 -0.9981
vn 0.0003 0.7215 -0.6925
vn 0.0944 -0.7242 -0.6831
vn 0.0630 0.0000 -0.9980
vn 0.0944 0.7242 -0.6831
vn 0.2036 -0.7279 -0.6547
vn 0.2099 0.0000 -0.9777
vn 0.2036 0.7279 -0.6547
vn 0.3243 -0.7312 -0.6001
vn 0.3816 0.0000 -0.9243
vn 0.3243 0.7312 -0.6001
vn 0.4435 -0.7329 -0.5159
vn 0.5641 0.0000 -0.8257
vn 0.4435 0.7329 -0.5159
vn 0.5454 -0.7321 -0.4082
vn 0.7317 0.0000 -0.6816
vn 0.5454 0.7321 -0.4082
vn 0.6192 -0.7292 -0.2912
vn 0.8602 0.0000 -0.5099
vn 0.6192 0.7292 -0.2912
vn 0.6643 -0.7255 -0.1797
vn 0.9414 0.0000 -0.3373
vn 0.6643 0.7255 -0.1797
vn 0.6870 -0.7220 -0.0825
vn 0.9831 0.0000 -0.1832
vn 0.6870 0.7220 -0.0825
vn 0.6941 -0.7199 0.0009
vn 0.9985 0.0000 -0.0547
vn 0.6941 0.7199 0.0009
vn 0.6858 -0.7226 0.0861
vn 0.9984 0.0000 0.0572
vn 0.6858 0.7226 0.0861
vn 0.6615 -0.7263 0.1870
vn 0.9815 0.0000 0.1913
vn 0.6615 0.7263 0.1870
vn 0.6135 -0.7299 0.3015
vn 0.9364 0.0000 0.3509
vn 0.6135 0.7299 0.3015
vn 0.5363 -0.7324 0.4195
vn 0.8499 0.0000 0.5270
vn 0.5363 0.7324 0.4195
vn 0.4324 -0.7326 0.5256
vn 0.7162 0.0000 0.6979
vn 0.4324 0.7326 0.5256
vn 0.3136 -0.7306 0.6065
vn 0.5468 0.0000 0.8373
vn 0.3136 0.7306 0.6065
vn 0.1958 -0.7271 0.6580
vn 0.3671 0.0000 0.9302
vn 0.1958 0.7271 0.6580
vn 0.0904 -0.7234 0.6844
vn 0.2011 0.0000 0.9796
vn 0.0904 0.7234 0.6844
vn 0.0003 -0.7208 0.6931
vn 0.0603 0.0000 0.9982
vn 0.0003 0.7208 0.6931
vn -0.0593 0.0000 0.9982
vn 0.0000 -1.0000 -0.0000
vn 0.0000 1.0000 -0.0000
# 723 vertex normals

o Ho_Nog_Hu
g Ho_Nog_Hu
s 1
f 1//1 2//2 3//3 
f 2//2 4//4 3//3 
f 4//4 5//5 3//3 
f 5//5 1//1 3//3 
s 3
f 2//2 6//6 7//7 
f 6//6 8//8 7//7 
f 8//8 4//4 7//7 
f 4//4 2//2 7//7 
s 2
f 6//6 9//9 10//10 
f 9//9 11//11 10//10 
f 11//11 8//8 10//10 
f 8//8 6//6 10//10 
f 9//9 12//12 13//13 
f 12//12 14//14 13//13 
f 14//14 11//11 13//13 
f 11//11 9//9 13//13 
f 12//12 15//15 16//16 
f 15//15 17//17 16//16 
f 17//17 14//14 16//16 
f 14//14 12//12 16//16 
f 15//15 18//18 19//19 
f 18//18 20//20 19//19 
f 20//20 17//17 19//19 
f 17//17 15//15 19//19 
f 18//18 21//21 22//22 
f 21//21 23//23 22//22 
f 23//23 20//20 22//22 
f 20//20 18//18 22//22 
f 21//21 24//24 25//25 
f 24//24 26//26 25//25 
f 26//26 23//23 25//25 
f 23//23 21//21 25//25 
s 4
f 24//24 27//27 28//28 
f 27//27 29//29 28//28 
f 29//29 26//26 28//28 
f 26//26 24//24 28//28 
f 27//27 30//30 31//31 
f 30//30 32//32 31//31 
f 32//32 29//29 31//31 
f 29//29 27//27 31//31 
f 30//30 33//33 34//34 
f 33//33 35//35 34//34 
f 35//35 32//32 34//34 
f 32//32 30//30 34//34 
f 33//33 36//36 37//37 
f 36//36 38//38 37//37 
f 38//38 35//35 37//37 
f 35//35 33//33 37//37 
f 36//36 39//39 40//40 
f 39//39 41//41 40//40 
f 41//41 38//38 40//40 
f 38//38 36//36 40//40 
f 39//39 42//42 43//43 
f 42//42 44//44 43//43 
f 44//44 41//41 43//43 
f 41//41 39//39 43//43 
f 42//42 45//45 46//46 
f 45//45 47//47 46//46 
f 47//47 44//44 46//46 
f 44//44 42//42 46//46 
f 45//45 48//48 49//49 
f 48//48 50//50 49//49 
f 50//50 47//47 49//49 
f 47//47 45//45 49//49 
f 48//48 51//51 52//52 
f 51//51 53//53 52//52 
f 53//53 50//50 52//52 
f 50//50 48//48 52//52 
s 2
f 51//51 54//54 55//55 
f 54//54 56//56 55//55 
f 56//56 53//53 55//55 
f 53//53 51//51 55//55 
s 4
f 54//54 57//57 58//58 
f 57//57 59//59 58//58 
f 59//59 56//56 58//58 
f 56//56 54//54 58//58 
f 57//57 60//60 61//61 
f 60//60 62//62 61//61 
f 62//62 59//59 61//61 
f 59//59 57//57 61//61 
f 60//60 63//63 64//64 
f 63//63 65//65 64//64 
f 65//65 62//62 64//64 
f 62//62 60//60 64//64 
f 63//63 66//66 67//67 
f 66//66 68//68 67//67 
f 68//68 65//65 67//67 
f 65//65 63//63 67//67 
f 66//66 69//69 70//70 
f 69//69 71//71 70//70 
f 71//71 68//68 70//70 
f 68//68 66//66 70//70 
f 69//69 72//72 73//73 
f 72//72 74//74 73//73 
f 74//74 71//71 73//73 
f 71//71 69//69 73//73 
f 72//72 75//75 76//76 
f 75//75 77//77 76//76 
f 77//77 74//74 76//76 
f 74//74 72//72 76//76 
f 75//75 78//78 79//79 
f 78//78 80//80 79//79 
f 80//80 77//77 79//79 
f 77//77 75//75 79//79 
f 78//78 81//81 82//82 
f 81//81 83//83 82//82 
f 83//83 80//80 82//82 
f 80//80 78//78 82//82 
s 2
f 81//81 84//84 85//85 
f 84//84 86//86 85//85 
f 86//86 83//83 85//85 
f 83//83 81//81 85//85 
f 84//84 87//87 88//88 
f 87//87 89//89 88//88 
f 89//89 86//86 88//88 
f 86//86 84//84 88//88 
f 87//87 90//90 91//91 
f 90//90 92//92 91//91 
f 92//92 89//89 91//91 
f 89//89 87//87 91//91 
f 90//90 93//93 94//94 
f 93//93 95//95 94//94 
f 95//95 92//92 94//94 
f 92//92 90//90 94//94 
f 93//93 96//96 97//97 
f 96//96 98//98 97//97 
f 98//98 95//95 97//97 
f 95//95 93//93 97//97 
f 96//96 99//99 100//100 
f 99//99 101//101 100//100 
f 101//101 98//98 100//100 
f 98//98 96//96 100//100 
f 99//99 102//102 103//103 
f 102//102 104//104 103//103 
f 104//104 101//101 103//103 
f 101//101 99//99 103//103 
f 102//102 105//105 106//106 
f 105//105 107//107 106//106 
f 107//107 104//104 106//106 
f 104//104 102//102 106//106 
f 105//105 108//108 109//109 
f 108//108 110//110 109//109 
f 110//110 107//107 109//109 
f 107//107 105//105 109//109 
f 108//108 111//111 112//112 
f 111//111 113//113 112//112 
f 113//113 110//110 112//112 
f 110//110 108//108 112//112 
f 111//111 114//114 115//115 
f 114//114 116//116 115//115 
f 116//116 113//113 115//115 
f 113//113 111//111 115//115 
f 114//114 117//117 118//118 
f 117//117 119//119 118//118 
f 119//119 116//116 118//118 
f 116//116 114//114 118//118 
f 117//117 120//120 121//121 
f 120//120 122//122 121//121 
f 122//122 119//119 121//121 
f 119//119 117//117 121//121 
f 120//120 123//123 124//124 
f 123//123 125//125 124//124 
f 125//125 122//122 124//124 
f 122//122 120//120 124//124 
f 123//123 126//126 127//127 
f 126//126 128//128 127//127 
f 128//128 125//125 127//127 
f 125//125 123//123 127//127 
f 126//126 129//129 130//130 
f 129//129 131//131 130//130 
f 131//131 128//128 130//130 
f 128//128 126//126 130//130 
f 129//129 132//132 133//133 
f 132//132 134//134 133//133 
f 134//134 131//131 133//133 
f 131//131 129//129 133//133 
f 132//132 135//135 136//136 
f 135//135 137//137 136//136 
f 137//137 134//134 136//136 
f 134//134 132//132 136//136 
f 135//135 138//138 139//139 
f 138//138 140//140 139//139 
f 140//140 137//137 139//139 
f 137//137 135//135 139//139 
f 138//138 141//141 142//142 
f 141//141 143//143 142//142 
f 143//143 140//140 142//142 
f 140//140 138//138 142//142 
f 141//141 144//144 145//145 
f 144//144 146//146 145//145 
f 146//146 143//143 145//145 
f 143//143 141//141 145//145 
f 144//144 147//147 148//148 
f 147//147 149//149 148//148 
f 149//149 146//146 148//148 
f 146//146 144//144 148//148 
f 147//147 150//150 151//151 
f 150//150 152//152 151//151 
f 152//152 149//149 151//151 
f 149//149 147//147 151//151 
f 150//150 153//153 154//154 
f 153//153 155//155 154//154 
f 155//155 152//152 154//154 
f 152//152 150//150 154//154 
f 153//153 156//156 157//157 
f 156//156 158//158 157//157 
f 158//158 155//155 157//157 
f 155//155 153//153 157//157 
f 156//156 159//159 160//160 
f 159//159 161//161 160//160 
f 161//161 158//158 160//160 
f 158//158 156//156 160//160 
f 159//159 162//162 163//163 
f 162//162 164//164 163//163 
f 164//164 161//161 163//163 
f 161//161 159//159 163//163 
f 162//162 165//165 166//166 
f 165//165 167//167 166//166 
f 167//167 164//164 166//166 
f 164//164 162//162 166//166 
f 165//165 168//168 169//169 
f 168//168 170//170 169//169 
f 170//170 167//167 169//169 
f 167//167 165//165 169//169 
f 168//168 171//171 172//172 
f 171//171 173//173 172//172 
f 173//173 170//170 172//172 
f 170//170 168//168 172//172 
f 171//171 174//174 175//175 
f 174//174 176//176 175//175 
f 176//176 173//173 175//175 
f 173//173 171//171 175//175 
f 174//174 177//177 178//178 
f 177//177 179//179 178//178 
f 179//179 176//176 178//178 
f 176//176 174//174 178//178 
f 177//177 180//180 181//181 
f 180//180 182//182 181//181 
f 182//182 179//179 181//181 
f 179//179 177//177 181//181 
f 180//180 183//183 184//184 
f 183//183 185//185 184//184 
f 185//185 182//182 184//184 
f 182//182 180//180 184//184 
f 183//183 186//186 187//187 
f 186//186 188//188 187//187 
f 188//188 185//185 187//187 
f 185//185 183//183 187//187 
f 186//186 189//189 190//190 
f 189//189 191//191 190//190 
f 191//191 188//188 190//190 
f 188//188 186//186 190//190 
f 189//189 192//192 193//193 
f 192//192 194//194 193//193 
f 194//194 191//191 193//193 
f 191//191 189//189 193//193 
f 192//192 195//195 196//196 
f 195//195 197//197 196//196 
f 197//197 194//194 196//196 
f 194//194 192//192 196//196 
f 195//195 198//198 199//199 
f 198//198 200//200 199//199 
f 200//200 197//197 199//199 
f 197//197 195//195 199//199 
f 198//198 201//201 202//202 
f 201//201 203//203 202//202 
f 203//203 200//200 202//202 
f 200//200 198//198 202//202 
f 201//201 204//204 205//205 
f 204//204 206//206 205//205 
f 206//206 203//203 205//205 
f 203//203 201//201 205//205 
f 204//204 207//207 208//208 
f 207//207 209//209 208//208 
f 209//209 206//206 208//208 
f 206//206 204//204 208//208 
f 207//207 210//210 211//211 
f 210//210 212//212 211//211 
f 212//212 209//209 211//211 
f 209//209 207//207 211//211 
f 210//210 213//213 214//214 
f 213//213 215//215 214//214 
f 215//215 212//212 214//214 
f 212//212 210//210 214//214 
f 213//213 216//216 217//217 
f 216//216 218//218 217//217 
f 218//218 215//215 217//217 
f 215//215 213//213 217//217 
s 4
f 216//216 219//219 220//220 
f 219//219 221//221 220//220 
f 221//221 218//218 220//220 
f 218//218 216//216 220//220 
f 219//219 222//222 223//223 
f 222//222 224//224 223//223 
f 224//224 221//221 223//223 
f 221//221 219//219 223//223 
f 222//222 225//225 226//226 
f 225//225 227//227 226//226 
f 227//227 224//224 226//226 
f 224//224 222//222 226//226 
f 225//225 228//228 229//229 
f 228//228 230//230 229//229 
f 230//230 227//227 229//229 
f 227//227 225//225 229//229 
f 228//228 231//231 232//232 
f 231//231 233//233 232//232 
f 233//233 230//230 232//232 
f 230//230 228//228 232//232 
f 231//231 234//234 235//235 
f 234//234 236//236 235//235 
f 236//236 233//233 235//235 
f 233//233 231//231 235//235 
f 234//234 237//237 238//238 
f 237//237 239//239 238//238 
f 239//239 236//236 238//238 
f 236//236 234//234 238//238 
f 237//237 240//240 241//241 
f 240//240 242//242 241//241 
f 242//242 239//239 241//241 
f 239//239 237//237 241//241 
f 240//240 243//243 244//244 
f 243//243 245//245 244//244 
f 245//245 242//242 244//244 
f 242//242 240//240 244//244 
s 2
f 243//243 246//246 247//247 
f 246//246 248//248 247//247 
f 248//248 245//245 247//247 
f 245//245 243//243 247//247 
s 4
f 246//246 249//249 250//250 
f 249//249 251//251 250//250 
f 251//251 248//248 250//250 
f 248//248 246//246 250//250 
f 249//249 252//252 253//253 
f 252//252 254//254 253//253 
f 254//254 251//251 253//253 
f 251//251 249//249 253//253 
f 252//252 255//255 256//256 
f 255//255 257//257 256//256 
f 257//257 254//254 256//256 
f 254//254 252//252 256//256 
f 255//255 258//258 259//259 
f 258//258 260//260 259//259 
f 260//260 257//257 259//259 
f 257//257 255//255 259//259 
f 258//258 261//261 262//262 
f 261//261 263//263 262//262 
f 263//263 260//260 262//262 
f 260//260 258//258 262//262 
f 261//261 264//264 265//265 
f 264//264 266//266 265//265 
f 266//266 263//263 265//265 
f 263//263 261//261 265//265 
f 264//264 267//267 268//268 
f 267//267 269//269 268//268 
f 269//269 266//266 268//268 
f 266//266 264//264 268//268 
f 267//267 270//270 271//271 
f 270//270 272//272 271//271 
f 272//272 269//269 271//271 
f 269//269 267//267 271//271 
f 270//270 273//273 274//274 
f 273//273 275//275 274//274 
f 275//275 272//272 274//274 
f 272//272 270//270 274//274 
s 2
f 273//273 276//276 277//277 
f 276//276 278//278 277//277 
f 278//278 275//275 277//277 
f 275//275 273//273 277//277 
s 4
f 276//276 279//279 280//280 
f 279//279 281//281 280//280 
f 281//281 278//278 280//280 
f 278//278 276//276 280//280 
f 279//279 282//282 283//283 
f 282//282 284//284 283//283 
f 284//284 281//281 283//283 
f 281//281 279//279 283//283 
f 282//282 285//285 286//286 
f 285//285 287//287 286//286 
f 287//287 284//284 286//286 
f 284//284 282//282 286//286 
f 285//285 288//288 289//289 
f 288//288 290//290 289//289 
f 290//290 287//287 289//289 
f 287//287 285//285 289//289 
f 288//288 291//291 292//292 
f 291//291 293//293 292//292 
f 293//293 290//290 292//292 
f 290//290 288//288 292//292 
f 291//291 294//294 295//295 
f 294//294 296//296 295//295 
f 296//296 293//293 295//295 
f 293//293 291//291 295//295 
f 294//294 297//297 298//298 
f 297//297 299//299 298//298 
f 299//299 296//296 298//298 
f 296//296 294//294 298//298 
f 297//297 300//300 301//301 
f 300//300 302//302 301//301 
f 302//302 299//299 301//301 
f 299//299 297//297 301//301 
f 300//300 303//303 304//304 
f 303//303 305//305 304//304 
f 305//305 302//302 304//304 
f 302//302 300//300 304//304 
s 2
f 303//303 306//306 307//307 
f 306//306 308//308 307//307 
f 308//308 305//305 307//307 
f 305//305 303//303 307//307 
s 4
f 306//306 309//309 310//310 
f 309//309 311//311 310//310 
f 311//311 308//308 310//310 
f 308//308 306//306 310//310 
f 309//309 312//312 313//313 
f 312//312 314//314 313//313 
f 314//314 311//311 313//313 
f 311//311 309//309 313//313 
f 312//312 315//315 316//316 
f 315//315 317//317 316//316 
f 317//317 314//314 316//316 
f 314//314 312//312 316//316 
f 315//315 318//318 319//319 
f 318//318 320//320 319//319 
f 320//320 317//317 319//319 
f 317//317 315//315 319//319 
f 318//318 321//321 322//322 
f 321//321 323//323 322//322 
f 323//323 320//320 322//322 
f 320//320 318//318 322//322 
f 321//321 324//324 325//325 
f 324//324 326//326 325//325 
f 326//326 323//323 325//325 
f 323//323 321//321 325//325 
f 324//324 327//327 328//328 
f 327//327 329//329 328//328 
f 329//329 326//326 328//328 
f 326//326 324//324 328//328 
f 327//327 330//330 331//331 
f 330//330 332//332 331//331 
f 332//332 329//329 331//331 
f 329//329 327//327 331//331 
f 330//330 333//333 334//334 
f 333//333 335//335 334//334 
f 335//335 332//332 334//334 
f 332//332 330//330 334//334 
f 333//333 336//336 337//337 
f 336//336 338//338 337//337 
f 338//338 335//335 337//337 
f 335//335 333//333 337//337 
f 336//336 339//339 340//340 
f 339//339 341//341 340//340 
f 341//341 338//338 340//340 
f 338//338 336//336 340//340 
f 339//339 342//342 343//343 
f 342//342 344//344 343//343 
f 344//344 341//341 343//343 
f 341//341 339//339 343//343 
f 342//342 345//345 346//346 
f 345//345 347//347 346//346 
f 347//347 344//344 346//346 
f 344//344 342//342 346//346 
f 345//345 348//348 349//349 
f 348//348 350//350 349//349 
f 350//350 347//347 349//349 
f 347//347 345//345 349//349 
f 348//348 351//351 352//352 
f 351//351 353//353 352//352 
f 353//353 350//350 352//352 
f 350//350 348//348 352//352 
f 351//351 354//354 355//355 
f 354//354 356//356 355//355 
f 356//356 353//353 355//355 
f 353//353 351//351 355//355 
f 354//354 357//357 358//358 
f 357//357 359//359 358//358 
f 359//359 356//356 358//358 
f 356//356 354//354 358//358 
f 357//357 360//360 361//361 
f 360//360 362//362 361//361 
f 362//362 359//359 361//361 
f 359//359 357//357 361//361 
f 360//360 363//363 364//364 
f 363//363 365//365 364//364 
f 365//365 362//362 364//364 
f 362//362 360//360 364//364 
f 363//363 366//366 367//367 
f 366//366 368//368 367//367 
f 368//368 365//365 367//367 
f 365//365 363//363 367//367 
f 366//366 369//369 370//370 
f 369//369 371//371 370//370 
f 371//371 368//368 370//370 
f 368//368 366//366 370//370 
f 369//369 372//372 373//373 
f 372//372 374//374 373//373 
f 374//374 371//371 373//373 
f 371//371 369//369 373//373 
f 372//372 375//375 376//376 
f 375//375 377//377 376//376 
f 377//377 374//374 376//376 
f 374//374 372//372 376//376 
f 375//375 378//378 379//379 
f 378//378 380//380 379//379 
f 380//380 377//377 379//379 
f 377//377 375//375 379//379 
f 378//378 381//381 382//382 
f 381//381 383//383 382//382 
f 383//383 380//380 382//382 
f 380//380 378//378 382//382 
f 381//381 384//384 385//385 
f 384//384 386//386 385//385 
f 386//386 383//383 385//385 
f 383//383 381//381 385//385 
f 384//384 387//387 388//388 
f 387//387 389//389 388//388 
f 389//389 386//386 388//388 
f 386//386 384//384 388//388 
f 387//387 390//390 391//391 
f 390//390 392//392 391//391 
f 392//392 389//389 391//391 
f 389//389 387//387 391//391 
f 390//390 393//393 394//394 
f 393//393 395//395 394//394 
f 395//395 392//392 394//394 
f 392//392 390//390 394//394 
f 393//393 396//396 397//397 
f 396//396 398//398 397//397 
f 398//398 395//395 397//397 
f 395//395 393//393 397//397 
f 396//396 399//399 400//400 
f 399//399 401//401 400//400 
f 401//401 398//398 400//400 
f 398//398 396//396 400//400 
f 399//399 402//402 403//403 
f 402//402 404//404 403//403 
f 404//404 401//401 403//403 
f 401//401 399//399 403//403 
f 402//402 405//405 406//406 
f 405//405 407//407 406//406 
f 407//407 404//404 406//406 
f 404//404 402//402 406//406 
f 405//405 408//408 409//409 
f 408//408 410//410 409//409 
f 410//410 407//407 409//409 
f 407//407 405//405 409//409 
f 408//408 411//411 412//412 
f 411//411 413//413 412//412 
f 413//413 410//410 412//412 
f 410//410 408//408 412//412 
f 411//411 414//414 415//415 
f 414//414 416//416 415//415 
f 416//416 413//413 415//415 
f 413//413 411//411 415//415 
s 2
f 414//414 417//417 418//247 
f 417//417 419//418 418//247 
f 419//418 416//416 418//247 
f 416//416 414//414 418//247 
s 4
f 417//417 420//419 421//420 
f 420//419 422//421 421//420 
f 422//421 419//418 421//420 
f 419//418 417//417 421//420 
f 420//419 423//422 424//423 
f 423//422 425//424 424//423 
f 425//424 422//421 424//423 
f 422//421 420//419 424//423 
f 423//422 426//425 427//426 
f 426//425 428//427 427//426 
f 428//427 425//424 427//426 
f 425//424 423//422 427//426 
f 426//425 429//428 430//429 
f 429//428 431//430 430//429 
f 431//430 428//427 430//429 
f 428//427 426//425 430//429 
f 429//428 432//431 433//432 
f 432//431 434//433 433//432 
f 434//433 431//430 433//432 
f 431//430 429//428 433//432 
f 432//431 435//434 436//435 
f 435//434 437//436 436//435 
f 437//436 434//433 436//435 
f 434//433 432//431 436//435 
f 435//434 438//437 439//438 
f 438//437 440//439 439//438 
f 440//439 437//436 439//438 
f 437//436 435//434 439//438 
f 438//437 441//440 442//441 
f 441//440 443//442 442//441 
f 443//442 440//439 442//441 
f 440//439 438//437 442//441 
f 441//440 444//443 445//444 
f 444//443 446//445 445//444 
f 446//445 443//442 445//444 
f 443//442 441//440 445//444 
f 444//443 447//446 448//447 
f 447//446 449//448 448//447 
f 449//448 446//445 448//447 
f 446//445 444//443 448//447 
f 447//446 450//449 451//450 
f 450//449 452//451 451//450 
f 452//451 449//448 451//450 
f 449//448 447//446 451//450 
f 450//449 453//452 454//453 
f 453//452 455//454 454//453 
f 455//454 452//451 454//453 
f 452//451 450//449 454//453 
f 453//452 456//455 457//456 
f 456//455 458//457 457//456 
f 458//457 455//454 457//456 
f 455//454 453//452 457//456 
f 456//455 459//458 460//459 
f 459//458 461//460 460//459 
f 461//460 458//457 460//459 
f 458//457 456//455 460//459 
f 459//458 462//461 463//462 
f 462//461 464//463 463//462 
f 464//463 461//460 463//462 
f 461//460 459//458 463//462 
f 462//461 465//464 466//465 
f 465//464 467//466 466//465 
f 467//466 464//463 466//465 
f 464//463 462//461 466//465 
f 465//464 468//467 469//468 
f 468//467 470//469 469//468 
f 470//469 467//466 469//468 
f 467//466 465//464 469//468 
f 468//467 471//470 472//471 
f 471//470 473//472 472//471 
f 473//472 470//469 472//471 
f 470//469 468//467 472//471 
s 2
f 471//470 474//473 475//474 
f 474//473 476//475 475//474 
f 476//475 473//472 475//474 
f 473//472 471//470 475//474 
s 4
f 474//473 477//476 478//477 
f 477//476 479//478 478//477 
f 479//478 476//475 478//477 
f 476//475 474//473 478//477 
f 477//476 480//479 481//480 
f 480//479 482//481 481//480 
f 482//481 479//478 481//480 
f 479//478 477//476 481//480 
f 480//479 483//482 484//483 
f 483//482 485//484 484//483 
f 485//484 482//481 484//483 
f 482//481 480//479 484//483 
f 483//482 486//485 487//486 
f 486//485 488//487 487//486 
f 488//487 485//484 487//486 
f 485//484 483//482 487//486 
f 486//485 489//488 490//489 
f 489//488 491//490 490//489 
f 491//490 488//487 490//489 
f 488//487 486//485 490//489 
f 489//488 492//491 493//492 
f 492//491 494//493 493//492 
f 494//493 491//490 493//492 
f 491//490 489//488 493//492 
f 492//491 495//494 496//495 
f 495//494 497//496 496//495 
f 497//496 494//493 496//495 
f 494//493 492//491 496//495 
f 495//494 498//497 499//498 
f 498//497 500//499 499//498 
f 500//499 497//496 499//498 
f 497//496 495//494 499//498 
f 498//497 501//500 502//501 
f 501//500 503//502 502//501 
f 503//502 500//499 502//501 
f 500//499 498//497 502//501 
s 2
f 501//500 504//503 505//307 
f 504//503 506//504 505//307 
f 506//504 503//502 505//307 
f 503//502 501//500 505//307 
s 5
f 504//503 1//1 507//505 
f 1//1 5//5 507//505 
f 5//5 506//504 507//505 
f 506//504 504//503 507//505 
s 1
f 508//506 509//507 510//508 
f 509//507 511//509 510//508 
f 511//509 512//510 510//508 
f 512//510 508//506 510//508 
s 3
f 509//507 513//511 514//512 
f 513//511 515//513 514//512 
f 515//513 511//509 514//512 
f 511//509 509//507 514//512 
s 2
f 513//511 516//514 517//515 
f 516//514 518//516 517//515 
f 518//516 515//513 517//515 
f 515//513 513//511 517//515 
f 516//514 519//517 520//518 
f 519//517 521//519 520//518 
f 521//519 518//516 520//518 
f 518//516 516//514 520//518 
f 519//517 522//520 523//521 
f 522//520 524//522 523//521 
f 524//522 521//519 523//521 
f 521//519 519//517 523//521 
f 522//520 525//523 526//524 
f 525//523 527//525 526//524 
f 527//525 524//522 526//524 
f 524//522 522//520 526//524 
f 525//523 528//526 529//527 
f 528//526 530//528 529//527 
f 530//528 527//525 529//527 
f 527//525 525//523 529//527 
f 528//526 531//529 532//530 
f 531//529 533//531 532//530 
f 533//531 530//528 532//530 
f 530//528 528//526 532//530 
f 531//529 534//532 535//533 
f 534//532 536//534 535//533 
f 536//534 533//531 535//533 
f 533//531 531//529 535//533 
f 534//532 537//535 538//536 
f 537//535 539//537 538//536 
f 539//537 536//534 538//536 
f 536//534 534//532 538//536 
f 537//535 540//538 541//539 
f 540//538 542//540 541//539 
f 542//540 539//537 541//539 
f 539//537 537//535 541//539 
f 540//538 543//541 544//542 
f 543//541 545//543 544//542 
f 545//543 542//540 544//542 
f 542//540 540//538 544//542 
f 543//541 546//544 547//545 
f 546//544 548//546 547//545 
f 548//546 545//543 547//545 
f 545//543 543//541 547//545 
f 546//544 549//547 550//548 
f 549//547 551//549 550//548 
f 551//549 548//546 550//548 
f 548//546 546//544 550//548 
f 549//547 552//550 553//551 
f 552//550 554//552 553//551 
f 554//552 551//549 553//551 
f 551//549 549//547 553//551 
f 552//550 555//553 556//554 
f 555//553 557//555 556//554 
f 557//555 554//552 556//554 
f 554//552 552//550 556//554 
f 555//553 558//556 559//557 
f 558//556 560//558 559//557 
f 560//558 557//555 559//557 
f 557//555 555//553 559//557 
f 558//556 561//559 562//560 
f 561//559 563//561 562//560 
f 563//561 560//558 562//560 
f 560//558 558//556 562//560 
f 561//559 564//562 565//563 
f 564//562 566//564 565//563 
f 566//564 563//561 565//563 
f 563//561 561//559 565//563 
f 564//562 567//565 568//566 
f 567//565 569//567 568//566 
f 569//567 566//564 568//566 
f 566//564 564//562 568//566 
f 567//565 570//568 571//569 
f 570//568 572//570 571//569 
f 572//570 569//567 571//569 
f 569//567 567//565 571//569 
f 570//568 573//571 574//572 
f 573//571 575//573 574//572 
f 575//573 572//570 574//572 
f 572//570 570//568 574//572 
f 573//571 576//574 577//575 
f 576//574 578//576 577//575 
f 578//576 575//573 577//575 
f 575//573 573//571 577//575 
f 576//574 579//577 580//578 
f 579//577 581//579 580//578 
f 581//579 578//576 580//578 
f 578//576 576//574 580//578 
f 579//577 582//580 583//581 
f 582//580 584//582 583//581 
f 584//582 581//579 583//581 
f 581//579 579//577 583//581 
f 582//580 585//583 586//584 
f 585//583 587//585 586//584 
f 587//585 584//582 586//584 
f 584//582 582//580 586//584 
f 585//583 588//586 589//587 
f 588//586 590//588 589//587 
f 590//588 587//585 589//587 
f 587//585 585//583 589//587 
f 588//586 591//589 592//590 
f 591//589 593//591 592//590 
f 593//591 590//588 592//590 
f 590//588 588//586 592//590 
f 591//589 594//592 595//593 
f 594//592 596//594 595//593 
f 596//594 593//591 595//593 
f 593//591 591//589 595//593 
f 594//592 597//595 598//596 
f 597//595 599//597 598//596 
f 599//597 596//594 598//596 
f 596//594 594//592 598//596 
f 597//595 600//598 601//599 
f 600//598 602//600 601//599 
f 602//600 599//597 601//599 
f 599//597 597//595 601//599 
f 600//598 603//601 604//602 
f 603//601 605//603 604//602 
f 605//603 602//600 604//602 
f 602//600 600//598 604//602 
f 603//601 606//604 607//605 
f 606//604 608//606 607//605 
f 608//606 605//603 607//605 
f 605//603 603//601 607//605 
f 606//604 609//607 610//608 
f 609//607 611//609 610//608 
f 611//609 608//606 610//608 
f 608//606 606//604 610//608 
f 609//607 612//610 613//611 
f 612//610 614//612 613//611 
f 614//612 611//609 613//611 
f 611//609 609//607 613//611 
s 5
f 612//610 508//506 615//613 
f 508//506 512//510 615//613 
f 512//510 614//612 615//613 
f 614//612 612//610 615//613 
s 1
f 616//614 617//615 618//616 
f 617//615 619//617 618//616 
f 619//617 620//618 618//616 
f 620//618 616//614 618//616 
s 3
f 617//615 621//619 622//620 
f 621//619 623//621 622//620 
f 623//621 619//617 622//620 
f 619//617 617//615 622//620 
s 2
f 621//619 624//622 625//623 
f 624//622 626//624 625//623 
f 626//624 623//621 625//623 
f 623//621 621//619 625//623 
f 624//622 627//625 628//626 
f 627//625 629//627 628//626 
f 629//627 626//624 628//626 
f 626//624 624//622 628//626 
f 627//625 630//628 631//629 
f 630//628 632//630 631//629 
f 632//630 629//627 631//629 
f 629//627 627//625 631//629 
f 630//628 633//631 634//632 
f 633//631 635//633 634//632 
f 635//633 632//630 634//632 
f 632//630 630//628 634//632 
f 633//631 636//634 637//635 
f 636//634 638//636 637//635 
f 638//636 635//633 637//635 
f 635//633 633//631 637//635 
f 636//634 639//637 640//638 
f 639//637 641//639 640//638 
f 641//639 638//636 640//638 
f 638//636 636//634 640//638 
f 639//637 642//640 643//641 
f 642//640 644//642 643//641 
f 644//642 641//639 643//641 
f 641//639 639//637 643//641 
f 642//640 645//643 646//644 
f 645//643 647//645 646//644 
f 647//645 644//642 646//644 
f 644//642 642//640 646//644 
f 645//643 648//646 649//647 
f 648//646 650//648 649//647 
f 650//648 647//645 649//647 
f 647//645 645//643 649//647 
f 648//646 651//649 652//650 
f 651//649 653//651 652//650 
f 653//651 650//648 652//650 
f 650//648 648//646 652//650 
f 651//649 654//652 655//653 
f 654//652 656//654 655//653 
f 656//654 653//651 655//653 
f 653//651 651//649 655//653 
f 654//652 657//655 658//656 
f 657//655 659//657 658//656 
f 659//657 656//654 658//656 
f 656//654 654//652 658//656 
f 657//655 660//658 661//659 
f 660//658 662//660 661//659 
f 662//660 659//657 661//659 
f 659//657 657//655 661//659 
f 660//658 663//661 664//662 
f 663//661 665//663 664//662 
f 665//663 662//660 664//662 
f 662//660 660//658 664//662 
f 663//661 666//664 667//665 
f 666//664 668//666 667//665 
f 668//666 665//663 667//665 
f 665//663 663//661 667//665 
f 666//664 669//667 670//668 
f 669//667 671//669 670//668 
f 671//669 668//666 670//668 
f 668//666 666//664 670//668 
f 669//667 672//670 673//671 
f 672//670 674//672 673//671 
f 674//672 671//669 673//671 
f 671//669 669//667 673//671 
f 672//670 675//673 676//674 
f 675//673 677//675 676//674 
f 677//675 674//672 676//674 
f 674//672 672//670 676//674 
f 675//673 678//676 679//677 
f 678//676 680//678 679//677 
f 680//678 677//675 679//677 
f 677//675 675//673 679//677 
f 678//676 681//679 682//680 
f 681//679 683//681 682//680 
f 683//681 680//678 682//680 
f 680//678 678//676 682//680 
f 681//679 684//682 685//683 
f 684//682 686//684 685//683 
f 686//684 683//681 685//683 
f 683//681 681//679 685//683 
f 684//682 687//685 688//686 
f 687//685 689//687 688//686 
f 689//687 686//684 688//686 
f 686//684 684//682 688//686 
f 687//685 690//688 691//689 
f 690//688 692//690 691//689 
f 692//690 689//687 691//689 
f 689//687 687//685 691//689 
f 690//688 693//691 694//692 
f 693//691 695//693 694//692 
f 695//693 692//690 694//692 
f 692//690 690//688 694//692 
f 693//691 696//694 697//695 
f 696//694 698//696 697//695 
f 698//696 695//693 697//695 
f 695//693 693//691 697//695 
f 696//694 699//697 700//698 
f 699//697 701//699 700//698 
f 701//699 698//696 700//698 
f 698//696 696//694 700//698 
f 699//697 702//700 703//701 
f 702//700 704//702 703//701 
f 704//702 701//699 703//701 
f 701//699 699//697 703//701 
f 702//700 705//703 706//704 
f 705//703 707//705 706//704 
f 707//705 704//702 706//704 
f 704//702 702//700 706//704 
f 705//703 708//706 709//707 
f 708//706 710//708 709//707 
f 710//708 707//705 709//707 
f 707//705 705//703 709//707 
f 708//706 711//709 712//710 
f 711//709 713//711 712//710 
f 713//711 710//708 712//710 
f 710//708 708//706 712//710 
f 711//709 714//712 715//713 
f 714//712 716//714 715//713 
f 716//714 713//711 715//713 
f 713//711 711//709 715//713 
f 714//712 717//715 718//716 
f 717//715 719//717 718//716 
f 719//717 716//714 718//716 
f 716//714 714//712 718//716 
f 717//715 720//718 721//719 
f 720//718 722//720 721//719 
f 722//720 719//717 721//719 
f 719//717 717//715 721//719 
s 3
f 720//718 616//614 723//721 
f 616//614 620//618 723//721 
f 620//618 722//720 723//721 
f 722//720 720//718 723//721 
s 16
f 306//306 417//417 724//722 
f 672//670 669//667 724//722 
f 669//667 306//306 724//722 
f 419//418 725//723 674//672 726//723 
f 674//672 677//675 726//723 
f 677//675 419//418 726//723 
f 666//664 663//661 727//722 
f 663//661 309//309 727//722 
f 309//309 306//306 727//722 
f 306//306 666//664 727//722 
f 306//306 303//303 728//722 
f 303//303 417//417 728//722 
f 417//417 306//306 728//722 
f 669//667 666//664 729//722 
f 666//664 306//306 729//722 
f 306//306 669//667 729//722 
f 303//303 300//300 730//722 
f 300//300 420//419 730//722 
f 420//419 417//417 730//722 
f 417//417 303//303 730//722 
f 300//300 297//297 731//722 
f 297//297 429//428 731//722 
f 429//428 426//425 731//722 
f 426//425 423//422 731//722 
f 423//422 420//419 731//722 
f 420//419 300//300 731//722 
f 297//297 294//294 732//722 
f 294//294 441//440 732//722 
f 441//440 438//437 732//722 
f 438//437 435//434 732//722 
f 435//434 432//431 732//722 
f 432//431 429//428 732//722 
f 429//428 297//297 732//722 
f 294//294 291//291 733//722 
f 291//291 453//452 733//722 
f 453//452 450//449 733//722 
f 450//449 447//446 733//722 
f 447//446 444//443 733//722 
f 444//443 441//440 733//722 
f 441//440 294//294 733//722 
f 291//291 288//288 734//722 
f 288//288 459//458 734//722 
f 459//458 456//455 734//722 
f 456//455 453//452 734//722 
f 453//452 291//291 734//722 
f 288//288 285//285 735//722 
f 285//285 468//467 735//722 
f 468//467 465//464 735//722 
f 465//464 462//461 735//722 
f 462//461 459//458 735//722 
f 459//458 288//288 735//722 
f 285//285 282//282 736//722 
f 282//282 471//470 736//722 
f 471//470 468//467 736//722 
f 468//467 285//285 736//722 
f 282//282 279//279 737//722 
f 279//279 474//473 737//722 
f 474//473 471//470 737//722 
f 471//470 282//282 737//722 
f 279//279 276//276 738//722 
f 276//276 474//473 738//722 
f 474//473 279//279 738//722 
f 276//276 273//273 739//722 
f 273//273 474//473 739//722 
f 474//473 276//276 739//722 
f 273//273 270//270 740//722 
f 270//270 474//473 740//722 
f 474//473 273//273 740//722 
f 270//270 267//267 741//722 
f 267//267 474//473 741//722 
f 474//473 270//270 741//722 
f 267//267 264//264 742//722 
f 264//264 480//479 742//722 
f 480//479 477//476 742//722 
f 477//476 474//473 742//722 
f 474//473 267//267 742//722 
f 264//264 261//261 743//722 
f 261//261 483//482 743//722 
f 483//482 480//479 743//722 
f 480//479 264//264 743//722 
f 261//261 258//258 744//722 
f 258//258 489//488 744//722 
f 489//488 486//485 744//722 
f 486//485 483//482 744//722 
f 483//482 261//261 744//722 
f 258//258 255//255 745//722 
f 255//255 492//491 745//722 
f 492//491 489//488 745//722 
f 489//488 258//258 745//722 
f 255//255 252//252 746//722 
f 252//252 498//497 746//722 
f 498//497 495//494 746//722 
f 495//494 492//491 746//722 
f 492//491 255//255 746//722 
f 252//252 249//249 747//722 
f 249//249 501//500 747//722 
f 501//500 498//497 747//722 
f 498//497 252//252 747//722 
f 249//249 246//246 748//722 
f 246//246 504//503 748//722 
f 504//503 501//500 748//722 
f 501//500 249//249 748//722 
f 246//246 243//243 749//722 
f 243//243 1//1 749//722 
f 1//1 504//503 749//722 
f 504//503 246//246 749//722 
f 243//243 240//240 750//722 
f 240//240 1//1 750//722 
f 1//1 243//243 750//722 
f 240//240 237//237 751//722 
f 237//237 2//2 751//722 
f 2//2 1//1 751//722 
f 1//1 240//240 751//722 
f 237//237 234//234 752//722 
f 234//234 6//6 752//722 
f 6//6 2//2 752//722 
f 2//2 237//237 752//722 
f 234//234 231//231 753//722 
f 231//231 9//9 753//722 
f 9//9 6//6 753//722 
f 6//6 234//234 753//722 
f 231//231 228//228 754//722 
f 228//228 12//12 754//722 
f 12//12 9//9 754//722 
f 9//9 231//231 754//722 
f 228//228 225//225 755//722 
f 225//225 18//18 755//722 
f 18//18 15//15 755//722 
f 15//15 12//12 755//722 
f 12//12 228//228 755//722 
f 225//225 222//222 756//722 
f 222//222 24//24 756//722 
f 24//24 21//21 756//722 
f 21//21 18//18 756//722 
f 18//18 225//225 756//722 
f 222//222 219//219 757//722 
f 219//219 24//24 757//722 
f 24//24 222//222 757//722 
f 219//219 216//216 758//722 
f 216//216 612//610 758//722 
f 612//610 81//81 758//722 
f 81//81 24//24 758//722 
f 24//24 219//219 758//722 
f 171//171 168//168 759//722 
f 168//168 165//165 759//722 
f 165//165 162//162 759//722 
f 162//162 159//159 759//722 
f 159//159 156//156 759//722 
f 156//156 153//153 759//722 
f 153//153 150//150 759//722 
f 150//150 147//147 759//722 
f 147//147 144//144 759//722 
f 144//144 141//141 759//722 
f 141//141 760//722 558//556 759//722 
f 558//556 555//553 759//722 
f 555//553 171//171 759//722 
f 612//610 609//607 761//722 
f 609//607 87//87 761//722 
f 87//87 84//84 761//722 
f 84//84 81//81 761//722 
f 81//81 612//610 761//722 
f 81//81 78//78 762//722 
f 78//78 27//27 762//722 
f 27//27 24//24 762//722 
f 24//24 81//81 762//722 
f 78//78 75//75 763//722 
f 75//75 30//30 763//722 
f 30//30 27//27 763//722 
f 27//27 78//78 763//722 
f 75//75 72//72 764//722 
f 72//72 36//36 764//722 
f 36//36 33//33 764//722 
f 33//33 30//30 764//722 
f 30//30 75//75 764//722 
f 72//72 69//69 765//722 
f 69//69 39//39 765//722 
f 39//39 36//36 765//722 
f 36//36 72//72 765//722 
f 69//69 66//66 766//722 
f 66//66 42//42 766//722 
f 42//42 39//39 766//722 
f 39//39 69//69 766//722 
f 66//66 63//63 767//722 
f 63//63 45//45 767//722 
f 45//45 42//42 767//722 
f 42//42 66//66 767//722 
f 63//63 60//60 768//722 
f 60//60 48//48 768//722 
f 48//48 45//45 768//722 
f 45//45 63//63 768//722 
f 60//60 57//57 769//722 
f 57//57 51//51 769//722 
f 51//51 48//48 769//722 
f 48//48 60//60 769//722 
f 57//57 54//54 770//722 
f 54//54 51//51 770//722 
f 51//51 57//57 770//722 
f 609//607 606//604 771//722 
f 606//604 90//90 771//722 
f 90//90 87//87 771//722 
f 87//87 609//607 771//722 
f 606//604 603//601 772//722 
f 603//601 93//93 772//722 
f 93//93 90//90 772//722 
f 90//90 606//604 772//722 
f 603//601 600//598 773//722 
f 600//598 96//96 773//722 
f 96//96 93//93 773//722 
f 93//93 603//601 773//722 
f 600//598 597//595 774//722 
f 597//595 99//99 774//722 
f 99//99 96//96 774//722 
f 96//96 600//598 774//722 
f 597//595 594//592 775//722 
f 594//592 102//102 775//722 
f 102//102 99//99 775//722 
f 99//99 597//595 775//722 
f 594//592 591//589 776//722 
f 591//589 102//102 776//722 
f 102//102 594//592 776//722 
f 591//589 588//586 777//722 
f 588//586 105//105 777//722 
f 105//105 102//102 777//722 
f 102//102 591//589 777//722 
f 588//586 585//583 778//722 
f 585//583 108//108 778//722 
f 108//108 105//105 778//722 
f 105//105 588//586 778//722 
f 585//583 582//580 779//722 
f 582//580 111//111 779//722 
f 111//111 108//108 779//722 
f 108//108 585//583 779//722 
f 582//580 579//577 780//722 
f 579//577 114//114 780//722 
f 114//114 111//111 780//722 
f 111//111 582//580 780//722 
f 579//577 576//574 781//722 
f 576//574 120//120 781//722 
f 120//120 117//117 781//722 
f 117//117 114//114 781//722 
f 114//114 579//577 781//722 
f 576//574 573//571 782//722 
f 573//571 123//123 782//722 
f 123//123 120//120 782//722 
f 120//120 576//574 782//722 
f 573//571 570//568 783//722 
f 570//568 126//126 783//722 
f 126//126 123//123 783//722 
f 123//123 573//571 783//722 
f 570//568 567//565 784//722 
f 567//565 132//132 784//722 
f 132//132 129//129 784//722 
f 129//129 126//126 784//722 
f 126//126 570//568 784//722 
f 567//565 564//562 785//722 
f 564//562 135//135 785//722 
f 135//135 132//132 785//722 
f 132//132 567//565 785//722 
f 564//562 561//559 786//722 
f 561//559 141//141 786//722 
f 141//141 138//138 786//722 
f 138//138 135//135 786//722 
f 135//135 564//562 786//722 
f 561//559 558//556 760//722 
f 141//141 561//559 760//722 
f 555//553 552//550 787//722 
f 552//550 177//177 787//722 
f 177//177 174//174 787//722 
f 174//174 171//171 787//722 
f 171//171 555//553 787//722 
f 552//550 549//547 788//722 
f 549//547 180//180 788//722 
f 180//180 177//177 788//722 
f 177//177 552//550 788//722 
f 549//547 546//544 789//722 
f 546//544 183//183 789//722 
f 183//183 180//180 789//722 
f 180//180 549//547 789//722 
f 546//544 543//541 790//722 
f 543//541 183//183 790//722 
f 183//183 546//544 790//722 
f 543//541 540//538 791//722 
f 540//538 186//186 791//722 
f 186//186 183//183 791//722 
f 183//183 543//541 791//722 
f 540//538 537//535 792//722 
f 537//535 186//186 792//722 
f 186//186 540//538 792//722 
f 537//535 534//532 793//722 
f 534//532 189//189 793//722 
f 189//189 186//186 793//722 
f 186//186 537//535 793//722 
f 534//532 531//529 794//722 
f 531//529 192//192 794//722 
f 192//192 189//189 794//722 
f 189//189 534//532 794//722 
f 531//529 528//526 795//722 
f 528//526 195//195 795//722 
f 195//195 192//192 795//722 
f 192//192 531//529 795//722 
f 528//526 525//523 796//722 
f 525//523 198//198 796//722 
f 198//198 195//195 796//722 
f 195//195 528//526 796//722 
f 525//523 522//520 797//722 
f 522//520 201//201 797//722 
f 201//201 198//198 797//722 
f 198//198 525//523 797//722 
f 522//520 519//517 798//722 
f 519//517 204//204 798//722 
f 204//204 201//201 798//722 
f 201//201 522//520 798//722 
f 519//517 516//514 799//722 
f 516//514 207//207 799//722 
f 207//207 204//204 799//722 
f 204//204 519//517 799//722 
f 516//514 513//511 800//722 
f 513//511 210//210 800//722 
f 210//210 207//207 800//722 
f 207//207 516//514 800//722 
f 513//511 509//507 801//722 
f 509//507 213//213 801//722 
f 213//213 210//210 801//722 
f 210//210 513//511 801//722 
f 509//507 508//506 802//722 
f 508//506 216//216 802//722 
f 216//216 213//213 802//722 
f 213//213 509//507 802//722 
f 508//506 612//610 803//722 
f 612//610 216//216 803//722 
f 216//216 508//506 803//722 
f 663//661 660//658 804//722 
f 660//658 312//312 804//722 
f 312//312 309//309 804//722 
f 309//309 663//661 804//722 
f 660//658 657//655 805//722 
f 657//655 315//315 805//722 
f 315//315 312//312 805//722 
f 312//312 660//658 805//722 
f 657//655 654//652 806//722 
f 654//652 318//318 806//722 
f 318//318 315//315 806//722 
f 315//315 657//655 806//722 
f 654//652 651//649 807//722 
f 651//649 321//321 807//722 
f 321//321 318//318 807//722 
f 318//318 654//652 807//722 
f 651//649 648//646 808//722 
f 648//646 324//324 808//722 
f 324//324 321//321 808//722 
f 321//321 651//649 808//722 
f 648//646 645//643 809//722 
f 645//643 327//327 809//722 
f 327//327 324//324 809//722 
f 324//324 648//646 809//722 
f 645//643 642//640 810//722 
f 642//640 330//330 810//722 
f 330//330 327//327 810//722 
f 327//327 645//643 810//722 
f 642//640 639//637 811//722 
f 639//637 333//333 811//722 
f 333//333 330//330 811//722 
f 330//330 642//640 811//722 
f 639//637 636//634 812//722 
f 636//634 339//339 812//722 
f 339//339 336//336 812//722 
f 336//336 333//333 812//722 
f 333//333 639//637 812//722 
f 636//634 633//631 813//722 
f 633//631 345//345 813//722 
f 345//345 342//342 813//722 
f 342//342 339//339 813//722 
f 339//339 636//634 813//722 
f 633//631 630//628 814//722 
f 630//628 351//351 814//722 
f 351//351 348//348 814//722 
f 348//348 345//345 814//722 
f 345//345 633//631 814//722 
f 630//628 627//625 815//722 
f 627//625 357//357 815//722 
f 357//357 354//354 815//722 
f 354//354 351//351 815//722 
f 351//351 630//628 815//722 
f 627//625 624//622 816//722 
f 624//622 363//363 816//722 
f 363//363 360//360 816//722 
f 360//360 357//357 816//722 
f 357//357 627//625 816//722 
f 624//622 621//619 817//722 
f 621//619 369//369 817//722 
f 369//369 366//366 817//722 
f 366//366 363//363 817//722 
f 363//363 624//622 817//722 
f 621//619 617//615 818//722 
f 617//615 375//375 818//722 
f 375//375 372//372 818//722 
f 372//372 369//369 818//722 
f 369//369 621//619 818//722 
f 617//615 616//614 819//722 
f 616//614 381//381 819//722 
f 381//381 378//378 819//722 
f 378//378 375//375 819//722 
f 375//375 617//615 819//722 
f 616//614 720//718 820//722 
f 720//718 387//387 820//722 
f 387//387 384//384 820//722 
f 384//384 381//381 820//722 
f 381//381 616//614 820//722 
f 720//718 717//715 821//722 
f 717//715 390//390 821//722 
f 390//390 387//387 821//722 
f 387//387 720//718 821//722 
f 717//715 714//712 822//722 
f 714//712 390//390 822//722 
f 390//390 717//715 822//722 
f 714//712 711//709 823//722 
f 711//709 393//393 823//722 
f 393//393 390//390 823//722 
f 390//390 714//712 823//722 
f 711//709 708//706 824//722 
f 708//706 396//396 824//722 
f 396//396 393//393 824//722 
f 393//393 711//709 824//722 
f 708//706 705//703 825//722 
f 705//703 399//399 825//722 
f 399//399 396//396 825//722 
f 396//396 708//706 825//722 
f 705//703 702//700 826//722 
f 702//700 402//402 826//722 
f 402//402 399//399 826//722 
f 399//399 705//703 826//722 
f 702//700 699//697 827//722 
f 699//697 405//405 827//722 
f 405//405 402//402 827//722 
f 402//402 702//700 827//722 
f 699//697 696//694 828//722 
f 696//694 408//408 828//722 
f 408//408 405//405 828//722 
f 405//405 699//697 828//722 
f 696//694 693//691 829//722 
f 693//691 411//411 829//722 
f 411//411 408//408 829//722 
f 408//408 696//694 829//722 
f 693//691 690//688 830//722 
f 690//688 414//414 830//722 
f 414//414 411//411 830//722 
f 411//411 693//691 830//722 
f 690//688 687//685 831//722 
f 687//685 414//414 831//722 
f 414//414 690//688 831//722 
f 687//685 684//682 832//722 
f 684//682 417//417 832//722 
f 417//417 414//414 832//722 
f 414//414 687//685 832//722 
f 684//682 681//679 833//722 
f 681//679 417//417 833//722 
f 417//417 684//682 833//722 
f 681//679 678//676 834//722 
f 678//676 417//417 834//722 
f 417//417 681//679 834//722 
f 678//676 675//673 835//722 
f 675//673 417//417 835//722 
f 417//417 678//676 835//722 
f 675//673 672//670 836//722 
f 672//670 724//722 417//417 836//722 
f 417//417 675//673 836//722 
f 668//666 671//669 837//723 
f 671//669 308//308 837//723 
f 308//308 668//666 837//723 
f 677//675 680//678 838//723 
f 680//678 419//418 838//723 
f 419//418 677//675 838//723 
f 680//678 683//681 839//723 
f 683//681 419//418 839//723 
f 419//418 680//678 839//723 
f 683//681 686//684 840//723 
f 686//684 419//418 840//723 
f 419//418 683//681 840//723 
f 686//684 689//687 841//723 
f 689//687 416//416 841//723 
f 416//416 419//418 841//723 
f 419//418 686//684 841//723 
f 689//687 692//690 842//723 
f 692//690 416//416 842//723 
f 416//416 689//687 842//723 
f 692//690 695//693 843//723 
f 695//693 413//413 843//723 
f 413//413 416//416 843//723 
f 416//416 692//690 843//723 
f 695//693 698//696 844//723 
f 698//696 410//410 844//723 
f 410//410 413//413 844//723 
f 413//413 695//693 844//723 
f 698//696 701//699 845//723 
f 701//699 407//407 845//723 
f 407//407 410//410 845//723 
f 410//410 698//696 845//723 
f 701//699 704//702 846//723 
f 704//702 404//404 846//723 
f 404//404 407//407 846//723 
f 407//407 701//699 846//723 
f 704//702 707//705 847//723 
f 707//705 401//401 847//723 
f 401//401 404//404 847//723 
f 404//404 704//702 847//723 
f 707//705 710//708 848//723 
f 710//708 398//398 848//723 
f 398//398 401//401 848//723 
f 401//401 707//705 848//723 
f 710//708 713//711 849//723 
f 713//711 395//395 849//723 
f 395//395 398//398 849//723 
f 398//398 710//708 849//723 
f 713//711 716//714 850//723 
f 716//714 392//392 850//723 
f 392//392 395//395 850//723 
f 395//395 713//711 850//723 
f 716//714 719//717 851//723 
f 719//717 392//392 851//723 
f 392//392 716//714 851//723 
f 719//717 722//720 852//723 
f 722//720 389//389 852//723 
f 389//389 392//392 852//723 
f 392//392 719//717 852//723 
f 722//720 620//618 853//723 
f 620//618 383//383 853//723 
f 383//383 386//386 853//723 
f 386//386 389//389 853//723 
f 389//389 722//720 853//723 
f 620//618 619//617 854//723 
f 619//617 377//377 854//723 
f 377//377 380//380 854//723 
f 380//380 383//383 854//723 
f 383//383 620//618 854//723 
f 619//617 623//621 855//723 
f 623//621 371//371 855//723 
f 371//371 374//374 855//723 
f 374//374 377//377 855//723 
f 377//377 619//617 855//723 
f 623//621 626//624 856//723 
f 626//624 365//365 856//723 
f 365//365 368//368 856//723 
f 368//368 371//371 856//723 
f 371//371 623//621 856//723 
f 626//624 629//627 857//723 
f 629//627 359//359 857//723 
f 359//359 362//362 857//723 
f 362//362 365//365 857//723 
f 365//365 626//624 857//723 
f 629//627 632//630 858//723 
f 632//630 353//353 858//723 
f 353//353 356//356 858//723 
f 356//356 359//359 858//723 
f 359//359 629//627 858//723 
f 632//630 635//633 859//723 
f 635//633 347//347 859//723 
f 347//347 350//350 859//723 
f 350//350 353//353 859//723 
f 353//353 632//630 859//723 
f 635//633 638//636 860//723 
f 638//636 341//341 860//723 
f 341//341 344//344 860//723 
f 344//344 347//347 860//723 
f 347//347 635//633 860//723 
f 638//636 641//639 861//723 
f 641//639 335//335 861//723 
f 335//335 338//338 861//723 
f 338//338 341//341 861//723 
f 341//341 638//636 861//723 
f 641//639 644//642 862//723 
f 644//642 332//332 862//723 
f 332//332 335//335 862//723 
f 335//335 641//639 862//723 
f 644//642 647//645 863//723 
f 647//645 329//329 863//723 
f 329//329 332//332 863//723 
f 332//332 644//642 863//723 
f 647//645 650//648 864//723 
f 650//648 326//326 864//723 
f 326//326 329//329 864//723 
f 329//329 647//645 864//723 
f 650//648 653//651 865//723 
f 653//651 323//323 865//723 
f 323//323 326//326 865//723 
f 326//326 650//648 865//723 
f 653//651 656//654 866//723 
f 656//654 320//320 866//723 
f 320//320 323//323 866//723 
f 323//323 653//651 866//723 
f 656//654 659//657 867//723 
f 659//657 317//317 867//723 
f 317//317 320//320 867//723 
f 320//320 656//654 867//723 
f 659//657 662//660 868//723 
f 662//660 314//314 868//723 
f 314//314 317//317 868//723 
f 317//317 659//657 868//723 
f 662//660 665//663 869//723 
f 665//663 311//311 869//723 
f 311//311 314//314 869//723 
f 314//314 662//660 869//723 
f 665//663 668//666 870//723 
f 668//666 308//308 870//723 
f 308//308 311//311 870//723 
f 311//311 665//663 870//723 
f 614//612 512//510 871//723 
f 512//510 218//218 871//723 
f 218//218 614//612 871//723 
f 53//53 56//56 872//723 
f 56//56 59//59 872//723 
f 59//59 53//53 872//723 
f 512//510 511//509 873//723 
f 511//509 215//215 873//723 
f 215//215 218//218 873//723 
f 218//218 512//510 873//723 
f 218//218 221//221 874//723 
f 221//221 26//26 874//723 
f 26//26 614//612 874//723 
f 614//612 218//218 874//723 
f 221//221 224//224 875//723 
f 224//224 26//26 875//723 
f 26//26 221//221 875//723 
f 224//224 227//227 876//723 
f 227//227 20//20 876//723 
f 20//20 23//23 876//723 
f 23//23 26//26 876//723 
f 26//26 224//224 876//723 
f 227//227 230//230 877//723 
f 230//230 14//14 877//723 
f 14//14 17//17 877//723 
f 17//17 20//20 877//723 
f 20//20 227//227 877//723 
f 230//230 233//233 878//723 
f 233//233 11//11 878//723 
f 11//11 14//14 878//723 
f 14//14 230//230 878//723 
f 233//233 236//236 879//723 
f 236//236 8//8 879//723 
f 8//8 11//11 879//723 
f 11//11 233//233 879//723 
f 236//236 239//239 880//723 
f 239//239 4//4 880//723 
f 4//4 8//8 880//723 
f 8//8 236//236 880//723 
f 239//239 242//242 881//723 
f 242//242 5//5 881//723 
f 5//5 4//4 881//723 
f 4//4 239//239 881//723 
f 242//242 245//245 882//723 
f 245//245 5//5 882//723 
f 5//5 242//242 882//723 
f 245//245 248//248 883//723 
f 248//248 506//504 883//723 
f 506//504 5//5 883//723 
f 5//5 245//245 883//723 
f 248//248 251//251 884//723 
f 251//251 503//502 884//723 
f 503//502 506//504 884//723 
f 506//504 248//248 884//723 
f 251//251 254//254 885//723 
f 254//254 500//499 885//723 
f 500//499 503//502 885//723 
f 503//502 251//251 885//723 
f 254//254 257//257 886//723 
f 257//257 494//493 886//723 
f 494//493 497//496 886//723 
f 497//496 500//499 886//723 
f 500//499 254//254 886//723 
f 257//257 260//260 887//723 
f 260//260 491//490 887//723 
f 491//490 494//493 887//723 
f 494//493 257//257 887//723 
f 260//260 263//263 888//723 
f 263//263 485//484 888//723 
f 485//484 488//487 888//723 
f 488//487 491//490 888//723 
f 491//490 260//260 888//723 
f 263//263 266//266 889//723 
f 266//266 482//481 889//723 
f 482//481 485//484 889//723 
f 485//484 263//263 889//723 
f 266//266 269//269 890//723 
f 269//269 476//475 890//723 
f 476//475 479//478 890//723 
f 479//478 482//481 890//723 
f 482//481 266//266 890//723 
f 269//269 272//272 891//723 
f 272//272 476//475 891//723 
f 476//475 269//269 891//723 
f 272//272 275//275 892//723 
f 275//275 476//475 892//723 
f 476//475 272//272 892//723 
f 275//275 278//278 893//723 
f 278//278 476//475 893//723 
f 476//475 275//275 893//723 
f 278//278 281//281 894//723 
f 281//281 476//475 894//723 
f 476//475 278//278 894//723 
f 281//281 284//284 895//723 
f 284//284 473//472 895//723 
f 473//472 476//475 895//723 
f 476//475 281//281 895//723 
f 284//284 287//287 896//723 
f 287//287 470//469 896//723 
f 470//469 473//472 896//723 
f 473//472 284//284 896//723 
f 287//287 290//290 897//723 
f 290//290 461//460 897//723 
f 461//460 464//463 897//723 
f 464//463 467//466 897//723 
f 467//466 470//469 897//723 
f 470//469 287//287 897//723 
f 290//290 293//293 898//723 
f 293//293 455//454 898//723 
f 455//454 458//457 898//723 
f 458//457 461//460 898//723 
f 461//460 290//290 898//723 
f 293//293 296//296 899//723 
f 296//296 443//442 899//723 
f 443//442 446//445 899//723 
f 446//445 449//448 899//723 
f 449//448 452//451 899//723 
f 452//451 455//454 899//723 
f 455//454 293//293 899//723 
f 296//296 299//299 900//723 
f 299//299 431//430 900//723 
f 431//430 434//433 900//723 
f 434//433 437//436 900//723 
f 437//436 440//439 900//723 
f 440//439 443//442 900//723 
f 443//442 296//296 900//723 
f 299//299 302//302 901//723 
f 302//302 422//421 901//723 
f 422//421 425//424 901//723 
f 425//424 428//427 901//723 
f 428//427 431//430 901//723 
f 431//430 299//299 901//723 
f 302//302 305//305 902//723 
f 305//305 419//418 902//723 
f 419//418 422//421 902//723 
f 422//421 302//302 902//723 
f 305//305 308//308 725//723 
f 308//308 671//669 725//723 
f 671//669 674//672 725//723 
f 419//418 305//305 725//723 
f 511//509 515//513 903//723 
f 515//513 212//212 903//723 
f 212//212 215//215 903//723 
f 215//215 511//509 903//723 
f 515//513 518//516 904//723 
f 518//516 209//209 904//723 
f 209//209 212//212 904//723 
f 212//212 515//513 904//723 
f 518//516 521//519 905//723 
f 521//519 206//206 905//723 
f 206//206 209//209 905//723 
f 209//209 518//516 905//723 
f 521//519 524//522 906//723 
f 524//522 203//203 906//723 
f 203//203 206//206 906//723 
f 206//206 521//519 906//723 
f 524//522 527//525 907//723 
f 527//525 200//200 907//723 
f 200//200 203//203 907//723 
f 203//203 524//522 907//723 
f 527//525 530//528 908//723 
f 530//528 197//197 908//723 
f 197//197 200//200 908//723 
f 200//200 527//525 908//723 
f 530//528 533//531 909//723 
f 533//531 194//194 909//723 
f 194//194 197//197 909//723 
f 197//197 530//528 909//723 
f 533//531 536//534 910//723 
f 536//534 191//191 910//723 
f 191//191 194//194 910//723 
f 194//194 533//531 910//723 
f 536//534 539//537 911//723 
f 539//537 188//188 911//723 
f 188//188 191//191 911//723 
f 191//191 536//534 911//723 
f 539//537 542//540 912//723 
f 542//540 188//188 912//723 
f 188//188 539//537 912//723 
f 542//540 545//543 913//723 
f 545//543 185//185 913//723 
f 185//185 188//188 913//723 
f 188//188 542//540 913//723 
f 545//543 548//546 914//723 
f 548//546 185//185 914//723 
f 185//185 545//543 914//723 
f 548//546 551//549 915//723 
f 551//549 182//182 915//723 
f 182//182 185//185 915//723 
f 185//185 548//546 915//723 
f 551//549 554//552 916//723 
f 554//552 179//179 916//723 
f 179//179 182//182 916//723 
f 182//182 551//549 916//723 
f 554//552 557//555 917//723 
f 557//555 173//173 917//723 
f 173//173 176//176 917//723 
f 176//176 179//179 917//723 
f 179//179 554//552 917//723 
f 557//555 560//558 918//723 
f 560//558 919//723 143//143 918//723 
f 143//143 146//146 918//723 
f 146//146 149//149 918//723 
f 149//149 152//152 918//723 
f 152//152 155//155 918//723 
f 155//155 158//158 918//723 
f 158//158 161//161 918//723 
f 161//161 164//164 918//723 
f 164//164 167//167 918//723 
f 167//167 170//170 918//723 
f 170//170 173//173 918//723 
f 173//173 557//555 918//723 
f 59//59 62//62 920//723 
f 62//62 50//50 920//723 
f 50//50 53//53 920//723 
f 53//53 59//59 920//723 
f 62//62 65//65 921//723 
f 65//65 47//47 921//723 
f 47//47 50//50 921//723 
f 50//50 62//62 921//723 
f 65//65 68//68 922//723 
f 68//68 44//44 922//723 
f 44//44 47//47 922//723 
f 47//47 65//65 922//723 
f 68//68 71//71 923//723 
f 71//71 41//41 923//723 
f 41//41 44//44 923//723 
f 44//44 68//68 923//723 
f 71//71 74//74 924//723 
f 74//74 38//38 924//723 
f 38//38 41//41 924//723 
f 41//41 71//71 924//723 
f 74//74 77//77 925//723 
f 77//77 32//32 925//723 
f 32//32 35//35 925//723 
f 35//35 38//38 925//723 
f 38//38 74//74 925//723 
f 77//77 80//80 926//723 
f 80//80 29//29 926//723 
f 29//29 32//32 926//723 
f 32//32 77//77 926//723 
f 80//80 83//83 927//723 
f 83//83 26//26 927//723 
f 26//26 29//29 927//723 
f 29//29 80//80 927//723 
f 560//558 563//561 919//723 
f 563//561 143//143 919//723 
f 563//561 566//564 928//723 
f 566//564 137//137 928//723 
f 137//137 140//140 928//723 
f 140//140 143//143 928//723 
f 143//143 563//561 928//723 
f 566//564 569//567 929//723 
f 569//567 134//134 929//723 
f 134//134 137//137 929//723 
f 137//137 566//564 929//723 
f 569//567 572//570 930//723 
f 572//570 128//128 930//723 
f 128//128 131//131 930//723 
f 131//131 134//134 930//723 
f 134//134 569//567 930//723 
f 572//570 575//573 931//723 
f 575//573 125//125 931//723 
f 125//125 128//128 931//723 
f 128//128 572//570 931//723 
f 575//573 578//576 932//723 
f 578//576 122//122 932//723 
f 122//122 125//125 932//723 
f 125//125 575//573 932//723 
f 578//576 581//579 933//723 
f 581//579 116//116 933//723 
f 116//116 119//119 933//723 
f 119//119 122//122 933//723 
f 122//122 578//576 933//723 
f 581//579 584//582 934//723 
f 584//582 113//113 934//723 
f 113//113 116//116 934//723 
f 116//116 581//579 934//723 
f 584//582 587//585 935//723 
f 587//585 110//110 935//723 
f 110//110 113//113 935//723 
f 113//113 584//582 935//723 
f 587//585 590//588 936//723 
f 590//588 107//107 936//723 
f 107//107 110//110 936//723 
f 110//110 587//585 936//723 
f 590//588 593//591 937//723 
f 593//591 104//104 937//723 
f 104//104 107//107 937//723 
f 107//107 590//588 937//723 
f 593//591 596//594 938//723 
f 596//594 104//104 938//723 
f 104//104 593//591 938//723 
f 596//594 599//597 939//723 
f 599//597 101//101 939//723 
f 101//101 104//104 939//723 
f 104//104 596//594 939//723 
f 599//597 602//600 940//723 
f 602//600 98//98 940//723 
f 98//98 101//101 940//723 
f 101//101 599//597 940//723 
f 602//600 605//603 941//723 
f 605//603 95//95 941//723 
f 95//95 98//98 941//723 
f 98//98 602//600 941//723 
f 605//603 608//606 942//723 
f 608//606 92//92 942//723 
f 92//92 95//95 942//723 
f 95//95 605//603 942//723 
f 608//606 611//609 943//723 
f 611//609 89//89 943//723 
f 89//89 92//92 943//723 
f 92//92 608//606 943//723 
f 611//609 614//612 944//723 
f 614//612 26//26 944//723 
f 26//26 83//83 944//723 
f 83//83 86//86 944//723 
f 86//86 89//89 944//723 
f 89//89 611//609 944//723 
# 4 polygons - 1884 triangles

