# 3ds Max Wavefront OBJ Exporter v0.97b - (c)2007 guruware
# File Created: 07.12.2021 20:24:50

#
# object Vowels_1
#

v  -83.2518 0.0000 156.7784
v  -82.9726 0.0000 155.9796
v  -83.1122 5.0000 156.3790
v  -82.9726 10.0000 155.9796
v  -83.2518 10.0000 156.7784
v  -82.6402 0.0000 155.2090
v  -82.8064 5.0000 155.5943
v  -82.6402 10.0000 155.2090
v  -82.2548 0.0000 154.4666
v  -82.4475 5.0000 154.8378
v  -82.2548 10.0000 154.4666
v  -81.8162 0.0000 153.7522
v  -82.0355 5.0000 154.1094
v  -81.8162 10.0000 153.7522
v  -81.3246 0.0000 153.0660
v  -81.5704 5.0000 153.4091
v  -81.3246 10.0000 153.0660
v  -80.7798 0.0000 152.4079
v  -81.0522 5.0000 152.7370
v  -80.7798 10.0000 152.4079
v  -80.1819 0.0000 151.7780
v  -80.4809 5.0000 152.0930
v  -80.1819 10.0000 151.7780
v  -79.5310 0.0000 151.1762
v  -79.8565 5.0000 151.4771
v  -79.5310 10.0000 151.1762
v  -78.8269 0.0000 150.6026
v  -79.1789 5.0000 150.8894
v  -78.8269 10.0000 150.6026
v  -78.0925 0.0000 150.0741
v  -78.4597 5.0000 150.3383
v  -78.0925 10.0000 150.0741
v  -77.3507 0.0000 149.6078
v  -77.7216 5.0000 149.8409
v  -77.3507 10.0000 149.6078
v  -76.6014 0.0000 149.2036
v  -76.9760 5.0000 149.4057
v  -76.6014 10.0000 149.2036
v  -75.8447 0.0000 148.8617
v  -76.2230 5.0000 149.0327
v  -75.8447 10.0000 148.8617
v  -75.0805 0.0000 148.5819
v  -75.4626 5.0000 148.7218
v  -75.0805 10.0000 148.5819
v  -74.3088 0.0000 148.3643
v  -74.6947 5.0000 148.4731
v  -74.3088 10.0000 148.3643
v  -73.5298 0.0000 148.2088
v  -73.9193 5.0000 148.2865
v  -73.5298 10.0000 148.2088
v  -72.7432 0.0000 148.1156
v  -73.1365 5.0000 148.1622
v  -72.7432 10.0000 148.1156
v  -71.9492 0.0000 148.0845
v  -72.3462 5.0000 148.1000
v  -71.9492 10.0000 148.0845
v  -69.9540 0.0000 148.2017
v  -70.9516 5.0000 148.1431
v  -69.9540 10.0000 148.2017
v  -68.1936 0.0000 148.5536
v  -69.0738 5.0000 148.3777
v  -68.1936 10.0000 148.5536
v  -66.6679 0.0000 149.1399
v  -67.4307 5.0000 148.8467
v  -66.6679 10.0000 149.1399
v  -65.3769 0.0000 149.9608
v  -66.0224 5.0000 149.5504
v  -65.3769 10.0000 149.9608
v  -64.3206 0.0000 151.0162
v  -64.8487 5.0000 150.4885
v  -64.3206 10.0000 151.0162
v  -63.4990 0.0000 152.3062
v  -63.9098 5.0000 151.6612
v  -63.4990 10.0000 152.3062
v  -62.9122 0.0000 153.8307
v  -63.2056 5.0000 153.0685
v  -62.9122 10.0000 153.8307
v  -62.5601 0.0000 155.5898
v  -62.7362 5.0000 154.7103
v  -62.5601 10.0000 155.5898
v  -62.4428 0.0000 157.5834
v  -62.5015 5.0000 156.5866
v  -62.4428 10.0000 157.5834
v  -62.4428 0.0000 191.5540
v  -62.4428 5.0000 174.5687
v  -62.4428 10.0000 191.5540
v  -52.6219 0.0000 191.5540
v  -57.5323 5.0000 191.5540
v  -52.6219 10.0000 191.5540
v  -52.6219 0.0000 157.5532
v  -52.6219 5.0000 174.5536
v  -52.6219 10.0000 157.5532
v  -52.8568 0.0000 154.2819
v  -52.7393 5.0000 155.9175
v  -52.8568 10.0000 154.2819
v  -53.5614 0.0000 151.3955
v  -53.2091 5.0000 152.8387
v  -53.5614 10.0000 151.3955
v  -54.7358 0.0000 148.8939
v  -54.1486 5.0000 150.1447
v  -54.7358 10.0000 148.8939
v  -56.3800 0.0000 146.7772
v  -55.5579 5.0000 147.8356
v  -56.3800 10.0000 146.7772
v  -58.4939 0.0000 145.0454
v  -57.4370 5.0000 145.9113
v  -58.4939 10.0000 145.0454
v  -61.0776 0.0000 143.6984
v  -59.7858 5.0000 144.3719
v  -61.0776 10.0000 143.6984
v  -64.1311 0.0000 142.7362
v  -62.6044 5.0000 143.2173
v  -64.1311 10.0000 142.7362
v  -67.6543 0.0000 142.1590
v  -65.8927 5.0000 142.4476
v  -67.6543 10.0000 142.1590
v  -71.6473 0.0000 141.9665
v  -69.6508 5.0000 142.0627
v  -71.6473 10.0000 141.9665
v  -72.9995 0.0000 142.0089
v  -72.3234 5.0000 141.9877
v  -72.9995 10.0000 142.0089
v  -74.3346 0.0000 142.1360
v  -73.6670 5.0000 142.0725
v  -74.3346 10.0000 142.1360
v  -75.6526 0.0000 142.3479
v  -74.9936 5.0000 142.2420
v  -75.6526 10.0000 142.3479
v  -76.9536 0.0000 142.6446
v  -76.3031 5.0000 142.4962
v  -76.9536 10.0000 142.6446
v  -78.2375 0.0000 143.0260
v  -77.5956 5.0000 142.8353
v  -78.2375 10.0000 143.0260
v  -79.5044 0.0000 143.4921
v  -78.8710 5.0000 143.2590
v  -79.5044 10.0000 143.4921
v  -80.7542 0.0000 144.0430
v  -80.1293 5.0000 143.7675
v  -80.7542 10.0000 144.0430
v  -81.9870 0.0000 144.6786
v  -81.3706 5.0000 144.3608
v  -81.9870 10.0000 144.6786
v  -83.2028 0.0000 145.3991
v  -82.5949 5.0000 145.0389
v  -83.2028 10.0000 145.3991
v  -84.3614 0.0000 146.1871
v  -83.7821 5.0000 145.7931
v  -84.3614 10.0000 146.1871
v  -85.4229 0.0000 147.0257
v  -84.8922 5.0000 146.6064
v  -85.4229 10.0000 147.0257
v  -86.3874 0.0000 147.9148
v  -85.9052 5.0000 147.4702
v  -86.3874 10.0000 147.9148
v  -87.2547 0.0000 148.8544
v  -86.8210 5.0000 148.3846
v  -87.2547 10.0000 148.8544
v  -88.0249 0.0000 149.8446
v  -87.6398 5.0000 149.3495
v  -88.0249 10.0000 149.8446
v  -88.6979 0.0000 150.8853
v  -88.3614 5.0000 150.3650
v  -88.6979 10.0000 150.8853
v  -89.2739 0.0000 151.9765
v  -88.9859 5.0000 151.4309
v  -89.2739 10.0000 151.9765
v  -89.7528 0.0000 153.1183
v  -89.5133 5.0000 152.5474
v  -89.7528 10.0000 153.1183
v  -90.1345 0.0000 154.3106
v  -89.9436 5.0000 153.7144
v  -90.1345 10.0000 154.3106
v  -86.6931 5.0000 155.5445
v  -57.5323 0.0000 174.5612
v  -86.5279 10.0000 155.0467
v  -57.6204 0.0000 156.2521
v  -57.9726 0.0000 153.7745
v  -58.6771 0.0000 151.6066
v  -59.4859 0.0000 148.8078
v  -62.3173 0.0000 147.4302
v  -64.3134 0.0000 146.3838
v  -66.6617 0.0000 145.6472
v  -68.6007 0.0000 146.3047
v  -70.3012 0.0000 145.1029
v  -72.3348 0.0000 145.0439
v  -73.4018 0.0000 145.1173
v  -74.4564 0.0000 145.2643
v  -75.4989 0.0000 145.4846
v  -76.5291 0.0000 145.7785
v  -77.5470 0.0000 146.1458
v  -78.5527 0.0000 146.5866
v  -79.5461 0.0000 147.1009
v  -80.5273 0.0000 147.6886
v  -81.4805 0.0000 148.3412
v  -82.3743 0.0000 149.0418
v  -83.1930 0.0000 149.7816
v  -83.9366 0.0000 150.5608
v  -84.6051 0.0000 151.3793
v  -85.1985 0.0000 152.2372
v  -85.7167 0.0000 153.1344
v  -86.1599 0.0000 154.0709
v  -86.5279 0.0000 155.0467
v  -86.1599 10.0000 154.0709
v  -85.7167 10.0000 153.1344
v  -85.1985 10.0000 152.2372
v  -84.6051 10.0000 151.3793
v  -83.9366 10.0000 150.5608
v  -83.1930 10.0000 149.7816
v  -82.3743 10.0000 149.0418
v  -81.4805 10.0000 148.3412
v  -80.5273 10.0000 147.6886
v  -79.5461 10.0000 147.1009
v  -78.5527 10.0000 146.5866
v  -77.5470 10.0000 146.1458
v  -76.5291 10.0000 145.7785
v  -75.4989 10.0000 145.4846
v  -74.4564 10.0000 145.2643
v  -73.4018 10.0000 145.1173
v  -72.3348 10.0000 145.0439
v  -70.3012 10.0000 145.1029
v  -68.6007 10.0000 146.3047
v  -66.6617 10.0000 145.6472
v  -64.3134 10.0000 146.3838
v  -62.3173 10.0000 147.4302
v  -59.4859 10.0000 148.8078
v  -58.6771 10.0000 151.6066
v  -57.9726 10.0000 153.7745
v  -57.6204 10.0000 156.2521
v  -57.5323 10.0000 174.5612
v  -45.4533 0.0000 132.1227
v  -45.5989 0.0000 130.5008
v  -45.5261 5.0000 131.3117
v  -45.5989 10.0000 130.5008
v  -45.4533 10.0000 132.1227
v  -46.0187 0.0000 128.9739
v  -45.8088 5.0000 129.7374
v  -46.0187 10.0000 128.9739
v  -46.6870 0.0000 127.5674
v  -46.3529 5.0000 128.2706
v  -46.6870 10.0000 127.5674
v  -47.5783 0.0000 126.3071
v  -47.1327 5.0000 126.9373
v  -47.5783 10.0000 126.3071
v  -48.6670 0.0000 125.2185
v  -48.1226 5.0000 125.7628
v  -48.6670 10.0000 125.2185
v  -49.9273 0.0000 124.3272
v  -49.2971 5.0000 124.7728
v  -49.9273 10.0000 124.3272
v  -51.3338 0.0000 123.6588
v  -50.6305 5.0000 123.9930
v  -51.3338 10.0000 123.6588
v  -52.8607 0.0000 123.2390
v  -52.0972 5.0000 123.4489
v  -52.8607 10.0000 123.2390
v  -54.4825 0.0000 123.0934
v  -53.6716 5.0000 123.1662
v  -54.4825 10.0000 123.0934
v  -56.1044 0.0000 123.2390
v  -55.2935 5.0000 123.1662
v  -56.1044 10.0000 123.2390
v  -57.6313 0.0000 123.6588
v  -56.8679 5.0000 123.4489
v  -57.6313 10.0000 123.6588
v  -59.0378 0.0000 124.3272
v  -58.3346 5.0000 123.9930
v  -59.0378 10.0000 124.3272
v  -60.2981 0.0000 125.2185
v  -59.6679 5.0000 124.7728
v  -60.2981 10.0000 125.2185
v  -61.3867 0.0000 126.3071
v  -60.8424 5.0000 125.7628
v  -61.3867 10.0000 126.3071
v  -62.2780 0.0000 127.5674
v  -61.8324 5.0000 126.9373
v  -62.2780 10.0000 127.5674
v  -62.9464 0.0000 128.9739
v  -62.6122 5.0000 128.2706
v  -62.9464 10.0000 128.9739
v  -63.3662 0.0000 130.5008
v  -63.1563 5.0000 129.7374
v  -63.3662 10.0000 130.5008
v  -63.5118 0.0000 132.1227
v  -63.4390 5.0000 131.3118
v  -63.5118 10.0000 132.1227
v  -63.3662 0.0000 133.7445
v  -63.4390 5.0000 132.9336
v  -63.3662 10.0000 133.7445
v  -62.9464 0.0000 135.2715
v  -63.1563 5.0000 134.5080
v  -62.9464 10.0000 135.2715
v  -62.2780 0.0000 136.6779
v  -62.6122 5.0000 135.9747
v  -62.2780 10.0000 136.6779
v  -61.3867 0.0000 137.9382
v  -61.8324 5.0000 137.3081
v  -61.3867 10.0000 137.9382
v  -60.2981 0.0000 139.0269
v  -60.8424 5.0000 138.4826
v  -60.2981 10.0000 139.0269
v  -59.0378 0.0000 139.9182
v  -59.6679 5.0000 139.4725
v  -59.0378 10.0000 139.9182
v  -57.6313 0.0000 140.5865
v  -58.3346 5.0000 140.2523
v  -57.6313 10.0000 140.5865
v  -56.1044 0.0000 141.0063
v  -56.8678 5.0000 140.7964
v  -56.1044 10.0000 141.0063
v  -54.4825 0.0000 141.1519
v  -55.2935 5.0000 141.0791
v  -54.4825 10.0000 141.1519
v  -52.8607 0.0000 141.0063
v  -53.6716 5.0000 141.0791
v  -52.8607 10.0000 141.0063
v  -51.3338 0.0000 140.5865
v  -52.0972 5.0000 140.7964
v  -51.3338 10.0000 140.5865
v  -49.9273 0.0000 139.9182
v  -50.6305 5.0000 140.2523
v  -49.9273 10.0000 139.9182
v  -48.6670 0.0000 139.0269
v  -49.2971 5.0000 139.4725
v  -48.6670 10.0000 139.0269
v  -47.5783 0.0000 137.9382
v  -48.1226 5.0000 138.4826
v  -47.5783 10.0000 137.9382
v  -46.6870 0.0000 136.6779
v  -47.1327 5.0000 137.3081
v  -46.6870 10.0000 136.6779
v  -46.0187 0.0000 135.2715
v  -46.3529 5.0000 135.9747
v  -46.0187 10.0000 135.2715
v  -45.5989 0.0000 133.7445
v  -45.8088 5.0000 134.5080
v  -45.5989 10.0000 133.7445
v  -45.5261 5.0000 132.9336
v  -50.3072 0.0000 132.8849
v  -50.5045 0.0000 133.6026
v  -50.4059 5.0000 133.2438
v  -50.5045 10.0000 133.6026
v  -50.3072 10.0000 132.8849
v  -50.8187 0.0000 134.2636
v  -50.6616 5.0000 133.9331
v  -50.8187 10.0000 134.2636
v  -51.2376 0.0000 134.8560
v  -51.0281 5.0000 134.5598
v  -51.2376 10.0000 134.8560
v  -51.7492 0.0000 135.3676
v  -51.4934 5.0000 135.1118
v  -51.7492 10.0000 135.3676
v  -52.3416 0.0000 135.7865
v  -52.0454 5.0000 135.5771
v  -52.3416 10.0000 135.7865
v  -53.0026 0.0000 136.1007
v  -52.6721 5.0000 135.9436
v  -53.0026 10.0000 136.1007
v  -53.7203 0.0000 136.2980
v  -53.3614 5.0000 136.1993
v  -53.7203 10.0000 136.2980
v  -54.4825 0.0000 136.3664
v  -54.1014 5.0000 136.3322
v  -54.4825 10.0000 136.3664
v  -55.2448 0.0000 136.2980
v  -54.8637 5.0000 136.3322
v  -55.2448 10.0000 136.2980
v  -55.9625 0.0000 136.1007
v  -55.6036 5.0000 136.1993
v  -55.9625 10.0000 136.1007
v  -56.6235 0.0000 135.7865
v  -56.2930 5.0000 135.9436
v  -56.6235 10.0000 135.7865
v  -57.2159 0.0000 135.3676
v  -56.9197 5.0000 135.5771
v  -57.2159 10.0000 135.3676
v  -57.7275 0.0000 134.8560
v  -57.4717 5.0000 135.1118
v  -57.7275 10.0000 134.8560
v  -58.1464 0.0000 134.2636
v  -57.9370 5.0000 134.5598
v  -58.1464 10.0000 134.2636
v  -58.4605 0.0000 133.6026
v  -58.3035 5.0000 133.9331
v  -58.4605 10.0000 133.6026
v  -58.6578 0.0000 132.8849
v  -58.5592 5.0000 133.2438
v  -58.6578 10.0000 132.8849
v  -58.7263 0.0000 132.1227
v  -58.6921 5.0000 132.5038
v  -58.7263 10.0000 132.1227
v  -58.6578 0.0000 131.3604
v  -58.6921 5.0000 131.7415
v  -58.6578 10.0000 131.3604
v  -58.4605 0.0000 130.6427
v  -58.5592 5.0000 131.0016
v  -58.4605 10.0000 130.6427
v  -58.1464 0.0000 129.9817
v  -58.3035 5.0000 130.3122
v  -58.1464 10.0000 129.9817
v  -57.7275 0.0000 129.3893
v  -57.9370 5.0000 129.6855
v  -57.7275 10.0000 129.3893
v  -57.2159 0.0000 128.8777
v  -57.4717 5.0000 129.1335
v  -57.2159 10.0000 128.8777
v  -56.6235 0.0000 128.4588
v  -56.9197 5.0000 128.6682
v  -56.6235 10.0000 128.4588
v  -55.9625 0.0000 128.1447
v  -56.2930 5.0000 128.3017
v  -55.9625 10.0000 128.1447
v  -55.2448 0.0000 127.9474
v  -55.6036 5.0000 128.0460
v  -55.2448 10.0000 127.9474
v  -54.4825 0.0000 127.8789
v  -54.8637 5.0000 127.9131
v  -54.4825 10.0000 127.8789
v  -53.7203 0.0000 127.9474
v  -54.1014 5.0000 127.9131
v  -53.7203 10.0000 127.9474
v  -53.0026 0.0000 128.1447
v  -53.3614 5.0000 128.0460
v  -53.0026 10.0000 128.1447
v  -52.3416 0.0000 128.4588
v  -52.6721 5.0000 128.3017
v  -52.3416 10.0000 128.4588
v  -51.7492 0.0000 128.8777
v  -52.0454 5.0000 128.6682
v  -51.7492 10.0000 128.8777
v  -51.2376 0.0000 129.3893
v  -51.4934 5.0000 129.1335
v  -51.2376 10.0000 129.3893
v  -50.8187 0.0000 129.9817
v  -51.0281 5.0000 129.6855
v  -50.8187 10.0000 129.9817
v  -50.5045 0.0000 130.6427
v  -50.6616 5.0000 130.3122
v  -50.5045 10.0000 130.6427
v  -50.3072 0.0000 131.3604
v  -50.4059 5.0000 131.0016
v  -50.3072 10.0000 131.3604
v  -50.2388 0.0000 132.1227
v  -50.2730 5.0000 131.7415
v  -50.2388 10.0000 132.1227
v  -50.2730 5.0000 132.5038
v  -51.0544 0.0000 125.9616
v  -50.9193 0.0000 127.5183
v  -50.9193 10.0000 127.5183
v  -52.7293 0.0000 125.7475
v  -53.8865 0.0000 125.5397
v  -55.0786 0.0000 125.5397
v  -56.2357 0.0000 125.7475
v  -57.3138 0.0000 126.1474
v  -58.2938 0.0000 126.7205
v  -59.1571 0.0000 127.4481
v  -59.8847 0.0000 128.3114
v  -60.4578 0.0000 129.2914
v  -60.8577 0.0000 130.3695
v  -61.0655 0.0000 131.5266
v  -61.0655 0.0000 132.7187
v  -60.8577 0.0000 133.8759
v  -60.4578 0.0000 134.9539
v  -59.8847 0.0000 135.9339
v  -59.1571 0.0000 136.7972
v  -58.2938 0.0000 137.5248
v  -57.3138 0.0000 138.0980
v  -56.2357 0.0000 138.4979
v  -55.0786 0.0000 138.7057
v  -53.8865 0.0000 138.7056
v  -52.7293 0.0000 138.4979
v  -51.6513 0.0000 138.0980
v  -50.6713 0.0000 137.5248
v  -49.8080 0.0000 136.7972
v  -49.0804 0.0000 135.9339
v  -48.5072 0.0000 134.9539
v  -48.1073 0.0000 133.8759
v  -47.8996 0.0000 132.7187
v  -47.8996 0.0000 131.5266
v  -48.1073 0.0000 130.3695
v  -48.5072 0.0000 129.2914
v  -49.0804 0.0000 128.3114
v  -49.8080 0.0000 127.4481
v  -49.8080 10.0000 127.4481
v  -49.0804 10.0000 128.3114
v  -48.5072 10.0000 129.2914
v  -48.1073 10.0000 130.3695
v  -47.8996 10.0000 131.5266
v  -47.8996 10.0000 132.7187
v  -48.1073 10.0000 133.8759
v  -48.5072 10.0000 134.9539
v  -49.0804 10.0000 135.9339
v  -49.8080 10.0000 136.7972
v  -50.6713 10.0000 137.5248
v  -51.6513 10.0000 138.0980
v  -52.7293 10.0000 138.4979
v  -53.8865 10.0000 138.7057
v  -55.0786 10.0000 138.7056
v  -56.2357 10.0000 138.4979
v  -57.3138 10.0000 138.0980
v  -58.2938 10.0000 137.5248
v  -59.1571 10.0000 136.7972
v  -59.8847 10.0000 135.9339
v  -60.4578 10.0000 134.9539
v  -60.8577 10.0000 133.8759
v  -61.0655 10.0000 132.7187
v  -61.0655 10.0000 131.5266
v  -60.8577 10.0000 130.3695
v  -60.4578 10.0000 129.2914
v  -59.8847 10.0000 128.3114
v  -59.1571 10.0000 127.4481
v  -58.2938 10.0000 126.7205
v  -57.3138 10.0000 126.1474
v  -56.2357 10.0000 125.7475
v  -55.0786 10.0000 125.5397
v  -53.8865 10.0000 125.5397
v  -52.7293 10.0000 125.7475
v  -51.0544 10.0000 125.9616
v  -51.5423 0.0000 104.5423
v  -52.8033 0.0000 106.4367
v  -52.1728 5.0000 105.4895
v  -52.8033 10.0000 106.4367
v  -51.5423 10.0000 104.5423
v  -54.2497 0.0000 108.1761
v  -53.5265 5.0000 107.3064
v  -54.2497 10.0000 108.1761
v  -55.8816 0.0000 109.7603
v  -55.0656 5.0000 108.9682
v  -55.8816 10.0000 109.7603
v  -57.6990 0.0000 111.1895
v  -56.7903 5.0000 110.4749
v  -57.6990 10.0000 111.1895
v  -59.7018 0.0000 112.4635
v  -58.7004 5.0000 111.8265
v  -59.7018 10.0000 112.4635
v  -61.8901 0.0000 113.5824
v  -60.7960 5.0000 113.0230
v  -61.8901 10.0000 113.5824
v  -64.2639 0.0000 114.5463
v  -63.0770 5.0000 114.0644
v  -64.2639 10.0000 114.5463
v  -66.8232 0.0000 115.3550
v  -65.5436 5.0000 114.9507
v  -66.8232 10.0000 115.3550
v  -66.7218 0.0000 115.0024
v  -66.7725 5.0000 115.1787
v  -66.7218 10.0000 115.0024
v  -66.6324 0.0000 114.6364
v  -66.6771 5.0000 114.8194
v  -66.6324 10.0000 114.6364
v  -66.5549 0.0000 114.2571
v  -66.5936 5.0000 114.4468
v  -66.5549 10.0000 114.2571
v  -66.4893 0.0000 113.8646
v  -66.5221 5.0000 114.0608
v  -66.4893 10.0000 113.8646
v  -66.4356 0.0000 113.4587
v  -66.4624 5.0000 113.6616
v  -66.4356 10.0000 113.4587
v  -66.3939 0.0000 113.0396
v  -66.4148 5.0000 113.2491
v  -66.3939 10.0000 113.0396
v  -66.3641 0.0000 112.6071
v  -66.3790 5.0000 112.8234
v  -66.3641 10.0000 112.6071
v  -66.3462 0.0000 112.1614
v  -66.3551 5.0000 112.3843
v  -66.3462 10.0000 112.1614
v  -66.3402 0.0000 111.7024
v  -66.3432 5.0000 111.9319
v  -66.3402 10.0000 111.7024
v  -66.4507 0.0000 110.0060
v  -66.3955 5.0000 110.8542
v  -66.4507 10.0000 110.0060
v  -66.7821 0.0000 108.5093
v  -66.6164 5.0000 109.2577
v  -66.7821 10.0000 108.5093
v  -67.3344 0.0000 107.2121
v  -67.0583 5.0000 107.8607
v  -67.3344 10.0000 107.2121
v  -68.1077 0.0000 106.1144
v  -67.7211 5.0000 106.6632
v  -68.1077 10.0000 106.1144
v  -69.1019 0.0000 105.2163
v  -68.6048 5.0000 105.6654
v  -69.1019 10.0000 105.2163
v  -70.3171 0.0000 104.5178
v  -69.7095 5.0000 104.8671
v  -70.3171 10.0000 104.5178
v  -71.7532 0.0000 104.0189
v  -71.0351 5.0000 104.2684
v  -71.7532 10.0000 104.0189
v  -73.4102 0.0000 103.7196
v  -72.5817 5.0000 103.8692
v  -73.4102 10.0000 103.7196
v  -75.2882 0.0000 103.6198
v  -74.3492 5.0000 103.6697
v  -75.2882 10.0000 103.6198
v  -76.1067 0.0000 103.6484
v  -75.6974 5.0000 103.6341
v  -76.1067 10.0000 103.6484
v  -76.9073 0.0000 103.7342
v  -76.5070 5.0000 103.6913
v  -76.9073 10.0000 103.7342
v  -77.6902 0.0000 103.8772
v  -77.2987 5.0000 103.8057
v  -77.6902 10.0000 103.8772
v  -78.4552 0.0000 104.0774
v  -78.0727 5.0000 103.9773
v  -78.4552 10.0000 104.0774
v  -79.2025 0.0000 104.3349
v  -78.8289 5.0000 104.2061
v  -79.2025 10.0000 104.3349
v  -79.9320 0.0000 104.6495
v  -79.5673 5.0000 104.4922
v  -79.9320 10.0000 104.6495
v  -80.6437 0.0000 105.0213
v  -80.2878 5.0000 104.8354
v  -80.6437 10.0000 105.0213
v  -81.3376 0.0000 105.4504
v  -80.9906 5.0000 105.2359
v  -81.3376 10.0000 105.4504
v  -82.0137 0.0000 105.9366
v  -81.6756 5.0000 105.6935
v  -82.0137 10.0000 105.9366
v  -82.6438 0.0000 106.4779
v  -82.3287 5.0000 106.2073
v  -82.6438 10.0000 106.4779
v  -83.1998 0.0000 107.0720
v  -82.9218 5.0000 106.7749
v  -83.1998 10.0000 107.0720
v  -83.6816 0.0000 107.7188
v  -83.4407 5.0000 107.3954
v  -83.6816 10.0000 107.7188
v  -84.0894 0.0000 108.4184
v  -83.8855 5.0000 108.0686
v  -84.0894 10.0000 108.4184
v  -84.4230 0.0000 109.1709
v  -84.2562 5.0000 108.7947
v  -84.4230 10.0000 109.1709
v  -84.6824 0.0000 109.9761
v  -84.5527 5.0000 109.5735
v  -84.6824 10.0000 109.9761
v  -84.8678 0.0000 110.8342
v  -84.7751 5.0000 110.4052
v  -84.8678 10.0000 110.8342
v  -84.9790 0.0000 111.7450
v  -84.9234 5.0000 111.2896
v  -84.9790 10.0000 111.7450
v  -85.0160 0.0000 112.7086
v  -84.9975 5.0000 112.2268
v  -85.0160 10.0000 112.7086
v  -84.8500 0.0000 114.8559
v  -84.9330 5.0000 113.7822
v  -84.8500 10.0000 114.8559
v  -84.3520 0.0000 116.7505
v  -84.6010 5.0000 115.8032
v  -84.3520 10.0000 116.7505
v  -83.5220 0.0000 118.3925
v  -83.9370 5.0000 117.5715
v  -83.5220 10.0000 118.3925
v  -82.3600 0.0000 119.7819
v  -82.9410 5.0000 119.0872
v  -82.3600 10.0000 119.7819
v  -80.8661 0.0000 120.9186
v  -81.6131 5.0000 120.3503
v  -80.8661 10.0000 120.9186
v  -79.0401 0.0000 121.8028
v  -79.9531 5.0000 121.3607
v  -79.0401 10.0000 121.8028
v  -76.8821 0.0000 122.4343
v  -77.9611 5.0000 122.1186
v  -76.8821 10.0000 122.4343
v  -74.3921 0.0000 122.8133
v  -75.6371 5.0000 122.6238
v  -74.3921 10.0000 122.8133
v  -71.5701 0.0000 122.9396
v  -72.9811 5.0000 122.8764
v  -71.5701 10.0000 122.9396
v  -70.5204 0.0000 122.9021
v  -71.0453 5.0000 122.9208
v  -70.5204 10.0000 122.9021
v  -69.4081 0.0000 122.7896
v  -69.9642 5.0000 122.8459
v  -69.4081 10.0000 122.7896
v  -68.2333 0.0000 122.6022
v  -68.8207 5.0000 122.6959
v  -68.2333 10.0000 122.6022
v  -66.9961 0.0000 122.3398
v  -67.6147 5.0000 122.4710
v  -66.9961 10.0000 122.3398
v  -65.6964 0.0000 122.0024
v  -66.3462 5.0000 122.1711
v  -65.6964 10.0000 122.0024
v  -64.3342 0.0000 121.5901
v  -65.0153 5.0000 121.7963
v  -64.3342 10.0000 121.5901
v  -62.9095 0.0000 121.1028
v  -63.6218 5.0000 121.3464
v  -62.9095 10.0000 121.1028
v  -61.4223 0.0000 120.5405
v  -62.1659 5.0000 120.8216
v  -61.4223 10.0000 120.5405
v  -59.8726 0.0000 119.9033
v  -60.6474 5.0000 120.2219
v  -59.8726 10.0000 119.9033
v  -58.3512 0.0000 119.2229
v  -59.1119 5.0000 119.5631
v  -58.3512 10.0000 119.2229
v  -56.9489 0.0000 118.5314
v  -57.6501 5.0000 118.8772
v  -56.9489 10.0000 118.5314
v  -55.6657 0.0000 117.8287
v  -56.3073 5.0000 118.1801
v  -55.6657 10.0000 117.8287
v  -54.5015 0.0000 117.1148
v  -55.0836 5.0000 117.4718
v  -54.5015 10.0000 117.1148
v  -53.4564 0.0000 116.3898
v  -53.9790 5.0000 116.7523
v  -53.4564 10.0000 116.3898
v  -52.5304 0.0000 115.6536
v  -52.9934 5.0000 116.0217
v  -52.5304 10.0000 115.6536
v  -51.7235 0.0000 114.9062
v  -52.1269 5.0000 115.2799
v  -51.7235 10.0000 114.9062
v  -51.0356 0.0000 114.1476
v  -51.3795 5.0000 114.5269
v  -51.0356 10.0000 114.1476
v  -50.4668 0.0000 113.3778
v  -50.7512 5.0000 113.7627
v  -50.4668 10.0000 113.3778
v  -50.4668 0.0000 102.4928
v  -50.4668 5.0000 107.9353
v  -50.4668 10.0000 102.4928
v  -51.0045 5.0000 103.5175
v  -74.6962 0.0000 108.6598
v  -73.9453 0.0000 108.8070
v  -74.3208 5.0000 108.7334
v  -73.9453 10.0000 108.8070
v  -74.6962 10.0000 108.6598
v  -73.2944 0.0000 109.0524
v  -73.6199 5.0000 108.9297
v  -73.2944 10.0000 109.0524
v  -72.7438 0.0000 109.3958
v  -73.0191 5.0000 109.2241
v  -72.7438 10.0000 109.3958
v  -72.2932 0.0000 109.8375
v  -72.5185 5.0000 109.6167
v  -72.2932 10.0000 109.8375
v  -71.9427 0.0000 110.3772
v  -72.1180 5.0000 110.1073
v  -71.9427 10.0000 110.3772
v  -71.6924 0.0000 111.0151
v  -71.8176 5.0000 110.6962
v  -71.6924 10.0000 111.0151
v  -71.5422 0.0000 111.7512
v  -71.6173 5.0000 111.3832
v  -71.5422 10.0000 111.7512
v  -71.4922 0.0000 112.5854
v  -71.5172 5.0000 112.1683
v  -71.4922 10.0000 112.5854
v  -71.5407 0.0000 113.4069
v  -71.5164 5.0000 112.9961
v  -71.5407 10.0000 113.4069
v  -71.6865 0.0000 114.1317
v  -71.6136 5.0000 113.7693
v  -71.6865 10.0000 114.1317
v  -71.9293 0.0000 114.7600
v  -71.8079 5.0000 114.4459
v  -71.9293 10.0000 114.7600
v  -72.2693 0.0000 115.2915
v  -72.0993 5.0000 115.0257
v  -72.2693 10.0000 115.2915
v  -72.7065 0.0000 115.7265
v  -72.4879 5.0000 115.5090
v  -72.7065 10.0000 115.7265
v  -73.2408 0.0000 116.0647
v  -72.9736 5.0000 115.8956
v  -73.2408 10.0000 116.0647
v  -73.8722 0.0000 116.3063
v  -73.5565 5.0000 116.1855
v  -73.8722 10.0000 116.3063
v  -74.6008 0.0000 116.4513
v  -74.2365 5.0000 116.3788
v  -74.6008 10.0000 116.4513
v  -75.4266 0.0000 116.4996
v  -75.0137 5.0000 116.4755
v  -75.4266 10.0000 116.4996
v  -76.2903 0.0000 116.4499
v  -75.8584 5.0000 116.4747
v  -76.2903 10.0000 116.4499
v  -77.0524 0.0000 116.3005
v  -76.6714 5.0000 116.3752
v  -77.0524 10.0000 116.3005
v  -77.7130 0.0000 116.0516
v  -77.3827 5.0000 116.1760
v  -77.7130 10.0000 116.0516
v  -78.2719 0.0000 115.7031
v  -77.9924 5.0000 115.8773
v  -78.2719 10.0000 115.7031
v  -78.7291 0.0000 115.2550
v  -78.5005 5.0000 115.4791
v  -78.7291 10.0000 115.2550
v  -79.0848 0.0000 114.7074
v  -78.9070 5.0000 114.9812
v  -79.0848 10.0000 114.7074
v  -79.3388 0.0000 114.0602
v  -79.2118 5.0000 114.3838
v  -79.3388 10.0000 114.0602
v  -79.4913 0.0000 113.3135
v  -79.4151 5.0000 113.6868
v  -79.4913 10.0000 113.3135
v  -79.5421 0.0000 112.4671
v  -79.5167 5.0000 112.8903
v  -79.5421 10.0000 112.4671
v  -79.4928 0.0000 111.6578
v  -79.5174 5.0000 112.0625
v  -79.4928 10.0000 111.6578
v  -79.3448 0.0000 110.9436
v  -79.4188 5.0000 111.3007
v  -79.3448 10.0000 110.9436
v  -79.0982 0.0000 110.3247
v  -79.2215 5.0000 110.6341
v  -79.0982 10.0000 110.3247
v  -78.7530 0.0000 109.8010
v  -78.9256 5.0000 110.0628
v  -78.7530 10.0000 109.8010
v  -78.3091 0.0000 109.3725
v  -78.5311 5.0000 109.5867
v  -78.3091 10.0000 109.3725
v  -77.7666 0.0000 109.0392
v  -78.0379 5.0000 109.2058
v  -77.7666 10.0000 109.0392
v  -77.1255 0.0000 108.8012
v  -77.4461 5.0000 108.9202
v  -77.1255 10.0000 108.8012
v  -76.3857 0.0000 108.6583
v  -76.7556 5.0000 108.7298
v  -76.3857 10.0000 108.6583
v  -75.5473 0.0000 108.6107
v  -75.9665 5.0000 108.6345
v  -75.5473 10.0000 108.6107
v  -75.1218 5.0000 108.6353
v  -70.1463 0.0000 114.7489
v  -50.8253 10.0000 106.8043
v  -64.6351 0.0000 119.6396
v  -71.4689 0.0000 119.3707
v  -72.3009 0.0000 119.5532
v  -70.0168 0.0000 114.2979
v  -67.5448 0.0000 113.8213
v  -68.4170 0.0000 112.1615
v  -69.0064 0.0000 111.1187
v  -68.8405 0.0000 109.4239
v  -69.9195 0.0000 108.3853
v  -70.5617 0.0000 107.6410
v  -71.4421 0.0000 106.4403
v  -73.1008 0.0000 106.3995
v  -74.0172 0.0000 107.0621
v  -74.7355 0.0000 106.1525
v  -76.0470 0.0000 105.6543
v  -77.3128 0.0000 105.8297
v  -78.4964 0.0000 106.1804
v  -79.5978 0.0000 106.7066
v  -80.6114 0.0000 107.4077
v  -81.4753 0.0000 108.2789
v  -82.1274 0.0000 109.3153
v  -82.5621 0.0000 110.5165
v  -82.7795 0.0000 111.8825
v  -82.2248 0.0000 113.3363
v  -81.2267 0.0000 114.0765
v  -81.9064 0.0000 115.0935
v  -81.4220 0.0000 116.2764
v  -80.7208 0.0000 117.2831
v  -79.8027 0.0000 118.1138
v  -78.6679 0.0000 118.7684
v  -77.3162 0.0000 119.2469
v  -75.7478 0.0000 119.5493
v  -74.8065 0.0000 118.5881
v  -73.6088 0.0000 119.6276
v  -69.9227 0.0000 119.7499
v  -69.5045 0.0000 116.9366
v  -61.8622 0.0000 117.1431
v  -59.3530 0.0000 116.7407
v  -56.3289 0.0000 115.5863
v  -54.2582 0.0000 113.5799
v  -52.6714 0.0000 112.0736
v  -52.5066 0.0000 109.3302
v  -51.6041 0.0000 108.1189
v  -50.8253 0.0000 106.8043
v  -69.5045 10.0000 116.9366
v  -51.6041 10.0000 108.1189
v  -52.5066 10.0000 109.3302
v  -52.6714 10.0000 112.0736
v  -54.2582 10.0000 113.5799
v  -56.3289 10.0000 115.5863
v  -59.3529 10.0000 116.7407
v  -61.8622 10.0000 117.1431
v  -64.6351 10.0000 119.6396
v  -72.3009 10.0000 119.5532
v  -69.9227 10.0000 119.7499
v  -71.4689 10.0000 119.3707
v  -73.6088 10.0000 119.6276
v  -74.8065 10.0000 118.5881
v  -75.7478 10.0000 119.5493
v  -77.3162 10.0000 119.2469
v  -78.6679 10.0000 118.7684
v  -79.8027 10.0000 118.1138
v  -80.7208 10.0000 117.2831
v  -81.4220 10.0000 116.2764
v  -81.9064 10.0000 115.0935
v  -81.2267 10.0000 114.0765
v  -82.2248 10.0000 113.3363
v  -82.7795 10.0000 111.8825
v  -82.5621 10.0000 110.5165
v  -82.1274 10.0000 109.3153
v  -81.4753 10.0000 108.2789
v  -80.6114 10.0000 107.4077
v  -79.5978 10.0000 106.7066
v  -78.4964 10.0000 106.1804
v  -77.3128 10.0000 105.8297
v  -76.0470 10.0000 105.6543
v  -74.7355 10.0000 106.1525
v  -74.0172 10.0000 107.0621
v  -73.1008 10.0000 106.3995
v  -71.4421 10.0000 106.4403
v  -70.5616 10.0000 107.6410
v  -69.9195 10.0000 108.3853
v  -68.8405 10.0000 109.4240
v  -69.0064 10.0000 111.1187
v  -68.4170 10.0000 112.1615
v  -67.5448 10.0000 113.8213
v  -70.0168 10.0000 114.2979
v  -70.1463 10.0000 114.7489
# 935 vertices

vn 0.3517 -0.5769 0.7372
vn 0.6512 -0.7152 0.2539
vn 0.9440 0.0000 0.3300
vn 0.6512 0.7152 0.2539
vn 0.3517 0.5769 0.7372
vn 0.6314 -0.7153 0.2996
vn 0.9182 0.0000 0.3960
vn 0.6314 0.7153 0.2996
vn 0.6083 -0.7153 0.3440
vn 0.8875 0.0000 0.4607
vn 0.6083 0.7153 0.3440
vn 0.5823 -0.7152 0.3866
vn 0.8522 0.0000 0.5232
vn 0.5823 0.7152 0.3866
vn 0.5537 -0.7150 0.4267
vn 0.8129 0.0000 0.5824
vn 0.5537 0.7150 0.4267
vn 0.5233 -0.7148 0.4639
vn 0.7703 0.0000 0.6377
vn 0.5233 0.7148 0.4639
vn 0.4914 -0.7145 0.4979
vn 0.7253 0.0000 0.6884
vn 0.4914 0.7145 0.4979
vn 0.4588 -0.7142 0.5286
vn 0.6788 0.0000 0.7343
vn 0.4588 0.7142 0.5286
vn 0.4259 -0.7139 0.5559
vn 0.6316 0.0000 0.7753
vn 0.4259 0.7139 0.5559
vn 0.3909 -0.7142 0.5806
vn 0.5841 0.0000 0.8117
vn 0.3909 0.7142 0.5806
vn 0.3523 -0.7147 0.6042
vn 0.5322 0.0000 0.8466
vn 0.3523 0.7147 0.6042
vn 0.3100 -0.7151 0.6265
vn 0.4747 0.0000 0.8801
vn 0.3100 0.7151 0.6265
vn 0.2641 -0.7155 0.6468
vn 0.4118 0.0000 0.9113
vn 0.2641 0.7155 0.6468
vn 0.2150 -0.7158 0.6644
vn 0.3438 0.0000 0.9390
vn 0.2150 0.7158 0.6644
vn 0.1632 -0.7160 0.6788
vn 0.2714 0.0000 0.9625
vn 0.1632 0.7160 0.6788
vn 0.1095 -0.7161 0.6894
vn 0.1957 0.0000 0.9807
vn 0.1095 0.7161 0.6894
vn 0.0548 -0.7161 0.6959
vn 0.1177 0.0000 0.9930
vn 0.0548 0.7161 0.6959
vn -0.0068 -0.7183 0.6957
vn 0.0391 0.0000 0.9992
vn -0.0068 0.7183 0.6957
vn -0.0882 -0.7230 0.6852
vn -0.0587 0.0000 0.9983
vn -0.0882 0.7230 0.6852
vn -0.1912 -0.7267 0.6598
vn -0.1960 0.0000 0.9806
vn -0.1912 0.7267 0.6598
vn -0.3074 -0.7302 0.6102
vn -0.3587 0.0000 0.9334
vn -0.3074 0.7302 0.6102
vn -0.4258 -0.7325 0.5312
vn -0.5366 0.0000 0.8439
vn -0.4258 0.7325 0.5312
vn -0.5309 -0.7325 0.4262
vn -0.7068 0.0000 0.7074
vn -0.5309 0.7325 0.4262
vn -0.6100 -0.7302 0.3077
vn -0.8435 0.0000 0.5372
vn -0.6100 0.7302 0.3077
vn -0.6597 -0.7267 0.1915
vn -0.9333 0.0000 0.3592
vn -0.6597 0.7267 0.1915
vn -0.6851 -0.7230 0.0883
vn -0.9806 0.0000 0.1963
vn -0.6851 0.7230 0.0883
vn -0.7001 -0.7138 0.0206
vn -0.9983 0.0000 0.0588
vn -0.7001 0.7138 0.0206
vn -0.5774 -0.5774 0.5774
vn -1.0000 0.0000 -0.0000
vn -0.5774 0.5774 0.5774
vn 0.5774 -0.5774 0.5774
vn 0.0000 0.0000 1.0000
vn 0.5774 0.5774 0.5774
vn 0.7145 -0.6991 -0.0256
vn 1.0000 0.0000 -0.0000
vn 0.7145 0.6991 -0.0256
vn 0.7163 -0.6887 -0.1123
vn 0.9974 0.0000 -0.0716
vn 0.7163 0.6887 -0.1123
vn 0.6867 -0.6854 -0.2423
vn 0.9715 0.0000 -0.2372
vn 0.6867 0.6854 -0.2423
vn 0.6228 -0.6831 -0.3815
vn 0.9052 0.0000 -0.4250
vn 0.6228 0.6831 -0.3815
vn 0.5233 -0.6828 -0.5099
vn 0.7897 0.0000 -0.6134
vn 0.5233 0.6828 -0.5099
vn 0.4015 -0.6847 -0.6082
vn 0.6337 0.0000 -0.7736
vn 0.4015 0.6847 -0.6082
vn 0.2779 -0.6879 -0.6705
vn 0.4623 0.0000 -0.8867
vn 0.2779 0.6879 -0.6705
vn 0.1674 -0.6914 -0.7028
vn 0.3005 0.0000 -0.9538
vn 0.1674 0.6914 -0.7028
vn 0.0756 -0.6945 -0.7155
vn 0.1617 0.0000 -0.9868
vn 0.0756 0.6945 -0.7155
vn 0.0060 -0.6983 -0.7158
vn 0.0481 0.0000 -0.9988
vn 0.0060 0.6983 -0.7158
vn -0.0451 -0.7000 -0.7127
vn -0.0313 0.0000 -0.9995
vn -0.0451 0.7000 -0.7127
vn -0.0906 -0.6999 -0.7084
vn -0.0948 0.0000 -0.9955
vn -0.0906 0.6999 -0.7084
vn -0.1361 -0.6999 -0.7012
vn -0.1587 0.0000 -0.9873
vn -0.1361 0.6999 -0.7012
vn -0.1812 -0.6999 -0.6909
vn -0.2223 0.0000 -0.9750
vn -0.1812 0.6999 -0.6909
vn -0.2251 -0.7000 -0.6777
vn -0.2848 0.0000 -0.9586
vn -0.2251 0.7000 -0.6777
vn -0.2674 -0.7001 -0.6620
vn -0.3453 0.0000 -0.9385
vn -0.2674 0.7001 -0.6620
vn -0.3077 -0.7003 -0.6441
vn -0.4033 0.0000 -0.9151
vn -0.3077 0.7003 -0.6441
vn -0.3456 -0.7005 -0.6244
vn -0.4583 0.0000 -0.8888
vn -0.3456 0.7005 -0.6244
vn -0.3829 -0.7002 -0.6026
vn -0.5098 0.0000 -0.8603
vn -0.3829 0.7002 -0.6026
vn -0.4229 -0.6992 -0.5765
vn -0.5624 0.0000 -0.8269
vn -0.4229 0.6992 -0.5765
vn -0.4646 -0.6986 -0.5441
vn -0.6199 0.0000 -0.7847
vn -0.4646 0.6986 -0.5441
vn -0.5061 -0.6981 -0.5064
vn -0.6778 0.0000 -0.7352
vn -0.5061 0.6981 -0.5064
vn -0.5464 -0.6977 -0.4633
vn -0.7348 0.0000 -0.6783
vn -0.5464 0.6977 -0.4633
vn -0.5843 -0.6974 -0.4150
vn -0.7893 0.0000 -0.6140
vn -0.5843 0.6974 -0.4150
vn -0.6185 -0.6973 -0.3623
vn -0.8397 0.0000 -0.5431
vn -0.6185 0.6973 -0.3623
vn -0.6481 -0.6973 -0.3062
vn -0.8844 0.0000 -0.4668
vn -0.6481 0.6973 -0.3062
vn -0.6724 -0.6974 -0.2481
vn -0.9222 0.0000 -0.3868
vn -0.6724 0.6974 -0.2481
vn -0.7311 -0.5792 0.3607
vn -0.9524 0.0000 -0.3049
vn -0.7311 0.5792 0.3607
vn -0.3375 0.0000 0.9413
vn 0.0000 -1.0000 -0.0000
vn 0.0000 1.0000 -0.0000
vn 0.7262 -0.6875 -0.0000
vn 0.7145 -0.6876 -0.1292
vn 0.9960 0.0000 -0.0894
vn 0.7145 0.6876 -0.1292
vn 0.7262 0.6875 0.0000
vn 0.6803 -0.6879 -0.2529
vn 0.9642 0.0000 -0.2651
vn 0.6803 0.6879 -0.2529
vn 0.6261 -0.6883 -0.3665
vn 0.9032 0.0000 -0.4292
vn 0.6261 0.6883 -0.3665
vn 0.5545 -0.6885 -0.4675
vn 0.8165 0.0000 -0.5774
vn 0.5545 0.6885 -0.4675
vn 0.4675 -0.6885 -0.5545
vn 0.7071 0.0000 -0.7071
vn 0.4675 0.6885 -0.5545
vn 0.3665 -0.6883 -0.6261
vn 0.5774 0.0000 -0.8165
vn 0.3665 0.6883 -0.6261
vn 0.2529 -0.6879 -0.6803
vn 0.4292 0.0000 -0.9032
vn 0.2529 0.6879 -0.6803
vn 0.1292 -0.6876 -0.7145
vn 0.2651 0.0000 -0.9642
vn 0.1292 0.6876 -0.7145
vn 0.0000 -0.6875 -0.7262
vn 0.0894 0.0000 -0.9960
vn 0.0000 0.6875 -0.7262
vn -0.1292 -0.6876 -0.7145
vn -0.0894 0.0000 -0.9960
vn -0.1292 0.6876 -0.7145
vn -0.2529 -0.6879 -0.6803
vn -0.2651 0.0000 -0.9642
vn -0.2529 0.6879 -0.6803
vn -0.3665 -0.6883 -0.6261
vn -0.4292 0.0000 -0.9032
vn -0.3665 0.6883 -0.6261
vn -0.4675 -0.6885 -0.5545
vn -0.5774 0.0000 -0.8165
vn -0.4675 0.6885 -0.5545
vn -0.5545 -0.6885 -0.4675
vn -0.7071 0.0000 -0.7071
vn -0.5545 0.6885 -0.4675
vn -0.6261 -0.6883 -0.3665
vn -0.8165 0.0000 -0.5774
vn -0.6261 0.6883 -0.3665
vn -0.6803 -0.6879 -0.2529
vn -0.9032 0.0000 -0.4292
vn -0.6803 0.6879 -0.2529
vn -0.7145 -0.6876 -0.1292
vn -0.9642 0.0000 -0.2651
vn -0.7145 0.6876 -0.1292
vn -0.7262 -0.6875 -0.0000
vn -0.9960 0.0000 -0.0894
vn -0.7262 0.6875 -0.0000
vn -0.7145 -0.6876 0.1292
vn -0.9960 0.0000 0.0894
vn -0.7145 0.6876 0.1292
vn -0.6803 -0.6879 0.2529
vn -0.9642 0.0000 0.2651
vn -0.6803 0.6879 0.2529
vn -0.6261 -0.6883 0.3665
vn -0.9032 0.0000 0.4292
vn -0.6261 0.6883 0.3665
vn -0.5545 -0.6885 0.4675
vn -0.8165 0.0000 0.5774
vn -0.5545 0.6885 0.4675
vn -0.4675 -0.6885 0.5545
vn -0.7071 0.0000 0.7071
vn -0.4675 0.6885 0.5545
vn -0.3665 -0.6883 0.6261
vn -0.5774 0.0000 0.8165
vn -0.3665 0.6883 0.6261
vn -0.2529 -0.6879 0.6803
vn -0.4292 0.0000 0.9032
vn -0.2529 0.6879 0.6803
vn -0.1292 -0.6876 0.7145
vn -0.2651 0.0000 0.9642
vn -0.1292 0.6876 0.7145
vn -0.0000 -0.6875 0.7262
vn -0.0894 0.0000 0.9960
vn 0.0000 0.6875 0.7262
vn 0.1292 -0.6876 0.7145
vn 0.0894 0.0000 0.9960
vn 0.1292 0.6876 0.7145
vn 0.2529 -0.6879 0.6803
vn 0.2651 0.0000 0.9642
vn 0.2529 0.6879 0.6803
vn 0.3665 -0.6883 0.6261
vn 0.4292 0.0000 0.9032
vn 0.3665 0.6883 0.6261
vn 0.4675 -0.6885 0.5545
vn 0.5774 0.0000 0.8165
vn 0.4675 0.6885 0.5545
vn 0.5545 -0.6885 0.4675
vn 0.7071 0.0000 0.7071
vn 0.5545 0.6885 0.4675
vn 0.6261 -0.6883 0.3665
vn 0.8165 0.0000 0.5774
vn 0.6261 0.6883 0.3665
vn 0.6803 -0.6879 0.2529
vn 0.9032 0.0000 0.4292
vn 0.6803 0.6879 0.2529
vn 0.7145 -0.6876 0.1292
vn 0.9642 0.0000 0.2651
vn 0.7145 0.6876 0.1292
vn 0.9960 0.0000 0.0894
vn -0.6749 -0.7278 -0.1221
vn -0.6432 -0.7274 -0.2392
vn -0.6432 0.7274 -0.2392
vn -0.6749 0.7278 -0.1221
vn -0.5926 -0.7270 -0.3469
vn -0.5926 0.7270 -0.3469
vn -0.5252 -0.7267 -0.4428
vn -0.5252 0.7267 -0.4428
vn -0.4428 -0.7267 -0.5252
vn -0.4428 0.7267 -0.5252
vn -0.3469 -0.7270 -0.5926
vn -0.3469 0.7270 -0.5926
vn -0.2392 -0.7274 -0.6432
vn -0.2392 0.7274 -0.6432
vn -0.1221 -0.7278 -0.6749
vn -0.1221 0.7278 -0.6749
vn -0.0000 -0.7278 -0.6858
vn 0.0000 0.7278 -0.6858
vn 0.1221 -0.7278 -0.6749
vn 0.1221 0.7278 -0.6749
vn 0.2392 -0.7274 -0.6432
vn 0.2392 0.7274 -0.6432
vn 0.3469 -0.7270 -0.5926
vn 0.3469 0.7270 -0.5926
vn 0.4428 -0.7267 -0.5252
vn 0.4428 0.7267 -0.5252
vn 0.5252 -0.7267 -0.4428
vn 0.5252 0.7267 -0.4428
vn 0.5926 -0.7270 -0.3469
vn 0.5926 0.7270 -0.3469
vn 0.6432 -0.7274 -0.2392
vn 0.6432 0.7274 -0.2392
vn 0.6749 -0.7278 -0.1221
vn 0.6749 0.7278 -0.1221
vn 0.6858 -0.7278 -0.0000
vn 0.6858 0.7278 -0.0000
vn 0.6749 -0.7278 0.1221
vn 0.6749 0.7278 0.1221
vn 0.6432 -0.7274 0.2392
vn 0.6432 0.7274 0.2392
vn 0.5926 -0.7270 0.3469
vn 0.5926 0.7270 0.3469
vn 0.5252 -0.7267 0.4428
vn 0.5252 0.7267 0.4428
vn 0.4428 -0.7267 0.5252
vn 0.4428 0.7267 0.5252
vn 0.3469 -0.7270 0.5926
vn 0.3469 0.7270 0.5926
vn 0.2392 -0.7274 0.6432
vn 0.2392 0.7274 0.6432
vn 0.1221 -0.7278 0.6749
vn 0.1221 0.7278 0.6749
vn -0.0000 -0.7278 0.6858
vn -0.0000 0.7278 0.6858
vn -0.1221 -0.7278 0.6749
vn -0.1221 0.7278 0.6749
vn -0.2392 -0.7274 0.6432
vn -0.2392 0.7274 0.6432
vn -0.3469 -0.7270 0.5926
vn -0.3469 0.7270 0.5926
vn -0.4428 -0.7267 0.5252
vn -0.4428 0.7267 0.5252
vn -0.5252 -0.7267 0.4428
vn -0.5252 0.7267 0.4428
vn -0.5926 -0.7270 0.3469
vn -0.5926 0.7270 0.3469
vn -0.6432 -0.7274 0.2392
vn -0.6432 0.7274 0.2392
vn -0.6749 -0.7278 0.1221
vn -0.6749 0.7278 0.1221
vn -0.6858 -0.7278 0.0000
vn -0.6858 0.7278 -0.0000
vn -0.5978 -0.7190 -0.3545
vn -0.5570 -0.7193 -0.4152
vn -0.8325 0.0000 -0.5541
vn -0.5570 0.7193 -0.4152
vn -0.5978 0.7190 -0.3545
vn -0.5097 -0.7193 -0.4720
vn -0.7689 0.0000 -0.6394
vn -0.5097 0.7193 -0.4720
vn -0.4575 -0.7190 -0.5232
vn -0.6966 0.0000 -0.7175
vn -0.4575 0.7190 -0.5232
vn -0.4021 -0.7185 -0.5675
vn -0.6181 0.0000 -0.7861
vn -0.4021 0.7185 -0.5675
vn -0.3457 -0.7178 -0.6043
vn -0.5367 0.0000 -0.8438
vn -0.3457 0.7178 -0.6043
vn -0.2901 -0.7170 -0.6338
vn -0.4553 0.0000 -0.8904
vn -0.2901 0.7170 -0.6338
vn -0.2366 -0.7162 -0.6566
vn -0.3762 0.0000 -0.9265
vn -0.2366 0.7162 -0.6566
vn 0.1883 -0.9629 -0.1933
vn -0.3013 0.0000 -0.9535
vn 0.1883 0.9629 -0.1933
vn 0.6877 -0.7026 0.1828
vn 0.9611 0.0000 0.2762
vn 0.6877 0.7026 0.1828
vn 0.6941 -0.7028 0.1557
vn 0.9714 0.0000 0.2374
vn 0.6941 0.7028 0.1557
vn 0.6992 -0.7031 0.1298
vn 0.9797 0.0000 0.2003
vn 0.6992 0.7031 0.1298
vn 0.7031 -0.7033 0.1052
vn 0.9863 0.0000 0.1648
vn 0.7031 0.7033 0.1052
vn 0.7060 -0.7035 0.0818
vn 0.9914 0.0000 0.1311
vn 0.7060 0.7035 0.0818
vn 0.7080 -0.7037 0.0596
vn 0.9951 0.0000 0.0991
vn 0.7080 0.7037 0.0596
vn 0.7093 -0.7039 0.0387
vn 0.9976 0.0000 0.0688
vn 0.7093 0.7039 0.0387
vn 0.7099 -0.7041 0.0188
vn 0.9992 0.0000 0.0401
vn 0.7099 0.7041 0.0188
vn 0.7154 -0.6984 -0.0186
vn 0.9999 0.0000 0.0130
vn 0.7154 0.6984 -0.0186
vn 0.7163 -0.6903 -0.1020
vn 0.9979 0.0000 -0.0650
vn 0.7163 0.6903 -0.1020
vn 0.6920 -0.6869 -0.2218
vn 0.9764 0.0000 -0.2162
vn 0.6920 0.6869 -0.2218
vn 0.6372 -0.6841 -0.3549
vn 0.9201 0.0000 -0.3918
vn 0.6372 0.6841 -0.3549
vn 0.5468 -0.6830 -0.4844
vn 0.8175 0.0000 -0.5759
vn 0.5468 0.6830 -0.4844
vn 0.4287 -0.6840 -0.5903
vn 0.6703 0.0000 -0.7421
vn 0.4287 0.6840 -0.5903
vn 0.3018 -0.6867 -0.6614
vn 0.4984 0.0000 -0.8670
vn 0.3018 0.6867 -0.6614
vn 0.1837 -0.6900 -0.7001
vn 0.3282 0.0000 -0.9446
vn 0.1837 0.6900 -0.7001
vn 0.0833 -0.6932 -0.7159
vn 0.1778 0.0000 -0.9841
vn 0.0833 0.6932 -0.7159
vn 0.0065 -0.6973 -0.7167
vn 0.0531 0.0000 -0.9986
vn 0.0065 0.6973 -0.7167
vn -0.0506 -0.6991 -0.7132
vn -0.0349 0.0000 -0.9994
vn -0.0506 0.6991 -0.7132
vn -0.1024 -0.6989 -0.7079
vn -0.1066 0.0000 -0.9943
vn -0.1024 0.6989 -0.7079
vn -0.1549 -0.6987 -0.6984
vn -0.1797 0.0000 -0.9837
vn -0.1549 0.6987 -0.6984
vn -0.2072 -0.6987 -0.6848
vn -0.2532 0.0000 -0.9674
vn -0.2072 0.6987 -0.6848
vn -0.2584 -0.6987 -0.6671
vn -0.3257 0.0000 -0.9455
vn -0.2584 0.6987 -0.6671
vn -0.3075 -0.6988 -0.6458
vn -0.3961 0.0000 -0.9182
vn -0.3075 0.6988 -0.6458
vn -0.3538 -0.6991 -0.6214
vn -0.4631 0.0000 -0.8863
vn -0.3538 0.6991 -0.6214
vn -0.3969 -0.6993 -0.5945
vn -0.5259 0.0000 -0.8505
vn -0.3969 0.6993 -0.5945
vn -0.4430 -0.6975 -0.5632
vn -0.5839 0.0000 -0.8118
vn -0.4430 0.6975 -0.5632
vn -0.4974 -0.6951 -0.5191
vn -0.6516 0.0000 -0.7586
vn -0.4974 0.6951 -0.5191
vn -0.5519 -0.6947 -0.4613
vn -0.7301 0.0000 -0.6833
vn -0.5519 0.6947 -0.4613
vn -0.6001 -0.6947 -0.3966
vn -0.8019 0.0000 -0.5974
vn -0.6001 0.6947 -0.3966
vn -0.6403 -0.6949 -0.3273
vn -0.8640 0.0000 -0.5035
vn -0.6403 0.6949 -0.3273
vn -0.6714 -0.6954 -0.2562
vn -0.9142 0.0000 -0.4053
vn -0.6714 0.6954 -0.2562
vn -0.6934 -0.6961 -0.1861
vn -0.9518 0.0000 -0.3067
vn -0.6934 0.6961 -0.1861
vn -0.7071 -0.6970 -0.1193
vn -0.9775 0.0000 -0.2111
vn -0.7071 0.6970 -0.1193
vn -0.7139 -0.6979 -0.0572
vn -0.9926 0.0000 -0.1212
vn -0.7139 0.6979 -0.0572
vn -0.7195 -0.6943 0.0139
vn -0.9993 0.0000 -0.0384
vn -0.7195 0.6943 0.0139
vn -0.7161 -0.6874 0.1208
vn -0.9970 0.0000 0.0771
vn -0.7161 0.6874 0.1208
vn -0.6819 -0.6842 0.2587
vn -0.9671 0.0000 0.2542
vn -0.6819 0.6842 0.2587
vn -0.6106 -0.6823 0.4020
vn -0.8925 0.0000 0.4511
vn -0.6106 0.6823 0.4020
vn -0.5046 -0.6828 0.5284
vn -0.7671 0.0000 0.6415
vn -0.5046 0.6828 0.5284
vn -0.3810 -0.6854 0.6205
vn -0.6055 0.0000 0.7958
vn -0.3810 0.6854 0.6205
vn -0.2606 -0.6889 0.6764
vn -0.4358 0.0000 0.9000
vn -0.2606 0.6889 0.6764
vn -0.1560 -0.6924 0.7045
vn -0.2809 0.0000 0.9597
vn -0.1560 0.6924 0.7045
vn -0.0702 -0.6953 0.7152
vn -0.1504 0.0000 0.9886
vn -0.0702 0.6953 0.7152
vn -0.0032 -0.6982 0.7159
vn -0.0447 0.0000 0.9990
vn -0.0032 0.6982 0.7159
vn 0.0487 -0.6999 0.7126
vn 0.0357 0.0000 0.9994
vn 0.0487 0.6999 0.7126
vn 0.0921 -0.7007 0.7075
vn 0.1006 0.0000 0.9949
vn 0.0921 0.7007 0.7075
vn 0.1301 -0.7014 0.7008
vn 0.1576 0.0000 0.9875
vn 0.1301 0.7014 0.7008
vn 0.1634 -0.7021 0.6931
vn 0.2075 0.0000 0.9782
vn 0.1634 0.7021 0.6931
vn 0.1925 -0.7026 0.6850
vn 0.2512 0.0000 0.9679
vn 0.1925 0.7026 0.6850
vn 0.2181 -0.7031 0.6768
vn 0.2897 0.0000 0.9571
vn 0.2181 0.7031 0.6768
vn 0.2407 -0.7035 0.6687
vn 0.3236 0.0000 0.9462
vn 0.2407 0.7035 0.6687
vn 0.2607 -0.7039 0.6607
vn 0.3537 0.0000 0.9354
vn 0.2607 0.7039 0.6607
vn 0.2802 -0.7037 0.6529
vn 0.3803 0.0000 0.9249
vn 0.2802 0.7037 0.6529
vn 0.3025 -0.7029 0.6437
vn 0.4082 0.0000 0.9129
vn 0.3025 0.7029 0.6437
vn 0.3284 -0.7023 0.6316
vn 0.4423 0.0000 0.8969
vn 0.3284 0.7023 0.6316
vn 0.3575 -0.7016 0.6164
vn 0.4803 0.0000 0.8771
vn 0.3575 0.7016 0.6164
vn 0.3899 -0.7008 0.5974
vn 0.5228 0.0000 0.8525
vn 0.3899 0.7008 0.5974
vn 0.4261 -0.6998 0.5733
vn 0.5700 0.0000 0.8216
vn 0.4261 0.6998 0.5733
vn 0.4660 -0.6987 0.5428
vn 0.6223 0.0000 0.7828
vn 0.4660 0.6987 0.5428
vn 0.5094 -0.6974 0.5041
vn 0.6795 0.0000 0.7337
vn 0.5094 0.6974 0.5041
vn 0.5554 -0.6960 0.4551
vn 0.7408 0.0000 0.6717
vn 0.5554 0.6960 0.4551
vn 0.7274 -0.6430 0.2396
vn 0.8043 0.0000 0.5943
vn 0.7274 0.6430 0.2396
vn 0.2013 -0.5408 -0.8167
vn 0.2013 0.5408 -0.8167
vn -0.8855 0.0000 -0.4647
vn -0.0866 -0.7227 0.6857
vn -0.1880 -0.7264 0.6611
vn -0.1924 0.0000 0.9813
vn -0.1880 0.7264 0.6611
vn -0.0866 0.7227 0.6857
vn -0.3029 -0.7299 0.6127
vn -0.3528 0.0000 0.9357
vn -0.3029 0.7299 0.6127
vn -0.4210 -0.7324 0.5352
vn -0.5292 0.0000 0.8485
vn -0.4210 0.7324 0.5352
vn -0.5268 -0.7326 0.4310
vn -0.7000 0.0000 0.7142
vn -0.5268 0.7326 0.4310
vn -0.6073 -0.7305 0.3123
vn -0.8387 0.0000 0.5445
vn -0.6073 0.7305 0.3123
vn -0.6584 -0.7270 0.1948
vn -0.9309 0.0000 0.3653
vn -0.6584 0.7270 0.1948
vn -0.6846 -0.7234 0.0899
vn -0.9798 0.0000 0.1999
vn -0.6846 0.7234 0.0899
vn -0.6932 -0.7207 0.0003
vn -0.9982 0.0000 0.0599
vn -0.6932 0.7207 0.0003
vn -0.6850 -0.7231 -0.0887
vn -0.9983 0.0000 -0.0590
vn -0.6850 0.7231 -0.0887
vn -0.6594 -0.7268 -0.1922
vn -0.9804 0.0000 -0.1971
vn -0.6594 0.7268 -0.1922
vn -0.6094 -0.7303 -0.3088
vn -0.9327 0.0000 -0.3606
vn -0.6094 0.7303 -0.3088
vn -0.5300 -0.7325 -0.4272
vn -0.8424 0.0000 -0.5388
vn -0.5300 0.7325 -0.4272
vn -0.4247 -0.7325 -0.5321
vn -0.7053 0.0000 -0.7089
vn -0.4247 0.7325 -0.5321
vn -0.3064 -0.7302 -0.6107
vn -0.5349 0.0000 -0.8449
vn -0.3064 0.7302 -0.6107
vn -0.1905 -0.7266 -0.6601
vn -0.3574 0.0000 -0.9340
vn -0.1905 0.7266 -0.6601
vn -0.0878 -0.7230 -0.6853
vn -0.1951 0.0000 -0.9808
vn -0.0878 0.7230 -0.6853
vn -0.0003 -0.7204 -0.6936
vn -0.0584 0.0000 -0.9983
vn -0.0003 0.7204 -0.6936
vn 0.0865 -0.7227 -0.6857
vn 0.0575 0.0000 -0.9983
vn 0.0865 0.7227 -0.6857
vn 0.1879 -0.7264 -0.6611
vn 0.1923 0.0000 -0.9813
vn 0.1879 0.7264 -0.6611
vn 0.3028 -0.7299 -0.6128
vn 0.3527 0.0000 -0.9358
vn 0.3028 0.7299 -0.6128
vn 0.4209 -0.7324 -0.5352
vn 0.5291 0.0000 -0.8486
vn 0.4209 0.7324 -0.5352
vn 0.5268 -0.7326 -0.4310
vn 0.6999 0.0000 -0.7143
vn 0.5268 0.7326 -0.4310
vn 0.6073 -0.7305 -0.3123
vn 0.8386 0.0000 -0.5447
vn 0.6073 0.7305 -0.3123
vn 0.6584 -0.7270 -0.1948
vn 0.9309 0.0000 -0.3654
vn 0.6584 0.7270 -0.1948
vn 0.6846 -0.7234 -0.0900
vn 0.9798 0.0000 -0.2000
vn 0.6846 0.7234 -0.0900
vn 0.6930 -0.7210 0.0003
vn 0.9982 0.0000 -0.0599
vn 0.6930 0.7210 0.0003
vn 0.6842 -0.7236 0.0912
vn 0.9981 0.0000 0.0608
vn 0.6842 0.7236 0.0912
vn 0.6573 -0.7273 0.1974
vn 0.9792 0.0000 0.2029
vn 0.6573 0.7273 0.1974
vn 0.6052 -0.7307 0.3158
vn 0.9290 0.0000 0.3701
vn 0.6052 0.7307 0.3158
vn 0.5236 -0.7327 0.4347
vn 0.8349 0.0000 0.5504
vn 0.5236 0.7327 0.4347
vn 0.4172 -0.7323 0.5383
vn 0.6945 0.0000 0.7195
vn 0.4172 0.7323 0.5383
vn 0.2994 -0.7297 0.6147
vn 0.5234 0.0000 0.8521
vn 0.2994 0.7297 0.6147
vn 0.1855 -0.7261 0.6621
vn 0.3481 0.0000 0.9375
vn 0.1855 0.7261 0.6621
vn 0.0853 -0.7225 0.6861
vn 0.1896 0.0000 0.9819
vn 0.0853 0.7225 0.6861
vn -0.0003 -0.7202 0.6938
vn 0.0567 0.0000 0.9984
vn -0.0003 0.7202 0.6938
vn -0.0576 0.0000 0.9983
# 682 vertex normals

o Vowels_1
g Vowels_1
s 1
f 1//1 2//2 3//3 
f 2//2 4//4 3//3 
f 4//4 5//5 3//3 
f 5//5 1//1 3//3 
s 3
f 2//2 6//6 7//7 
f 6//6 8//8 7//7 
f 8//8 4//4 7//7 
f 4//4 2//2 7//7 
s 2
f 6//6 9//9 10//10 
f 9//9 11//11 10//10 
f 11//11 8//8 10//10 
f 8//8 6//6 10//10 
f 9//9 12//12 13//13 
f 12//12 14//14 13//13 
f 14//14 11//11 13//13 
f 11//11 9//9 13//13 
f 12//12 15//15 16//16 
f 15//15 17//17 16//16 
f 17//17 14//14 16//16 
f 14//14 12//12 16//16 
f 15//15 18//18 19//19 
f 18//18 20//20 19//19 
f 20//20 17//17 19//19 
f 17//17 15//15 19//19 
f 18//18 21//21 22//22 
f 21//21 23//23 22//22 
f 23//23 20//20 22//22 
f 20//20 18//18 22//22 
f 21//21 24//24 25//25 
f 24//24 26//26 25//25 
f 26//26 23//23 25//25 
f 23//23 21//21 25//25 
f 24//24 27//27 28//28 
f 27//27 29//29 28//28 
f 29//29 26//26 28//28 
f 26//26 24//24 28//28 
f 27//27 30//30 31//31 
f 30//30 32//32 31//31 
f 32//32 29//29 31//31 
f 29//29 27//27 31//31 
f 30//30 33//33 34//34 
f 33//33 35//35 34//34 
f 35//35 32//32 34//34 
f 32//32 30//30 34//34 
f 33//33 36//36 37//37 
f 36//36 38//38 37//37 
f 38//38 35//35 37//37 
f 35//35 33//33 37//37 
f 36//36 39//39 40//40 
f 39//39 41//41 40//40 
f 41//41 38//38 40//40 
f 38//38 36//36 40//40 
f 39//39 42//42 43//43 
f 42//42 44//44 43//43 
f 44//44 41//41 43//43 
f 41//41 39//39 43//43 
f 42//42 45//45 46//46 
f 45//45 47//47 46//46 
f 47//47 44//44 46//46 
f 44//44 42//42 46//46 
f 45//45 48//48 49//49 
f 48//48 50//50 49//49 
f 50//50 47//47 49//49 
f 47//47 45//45 49//49 
f 48//48 51//51 52//52 
f 51//51 53//53 52//52 
f 53//53 50//50 52//52 
f 50//50 48//48 52//52 
f 51//51 54//54 55//55 
f 54//54 56//56 55//55 
f 56//56 53//53 55//55 
f 53//53 51//51 55//55 
f 54//54 57//57 58//58 
f 57//57 59//59 58//58 
f 59//59 56//56 58//58 
f 56//56 54//54 58//58 
f 57//57 60//60 61//61 
f 60//60 62//62 61//61 
f 62//62 59//59 61//61 
f 59//59 57//57 61//61 
f 60//60 63//63 64//64 
f 63//63 65//65 64//64 
f 65//65 62//62 64//64 
f 62//62 60//60 64//64 
f 63//63 66//66 67//67 
f 66//66 68//68 67//67 
f 68//68 65//65 67//67 
f 65//65 63//63 67//67 
f 66//66 69//69 70//70 
f 69//69 71//71 70//70 
f 71//71 68//68 70//70 
f 68//68 66//66 70//70 
f 69//69 72//72 73//73 
f 72//72 74//74 73//73 
f 74//74 71//71 73//73 
f 71//71 69//69 73//73 
f 72//72 75//75 76//76 
f 75//75 77//77 76//76 
f 77//77 74//74 76//76 
f 74//74 72//72 76//76 
f 75//75 78//78 79//79 
f 78//78 80//80 79//79 
f 80//80 77//77 79//79 
f 77//77 75//75 79//79 
f 78//78 81//81 82//82 
f 81//81 83//83 82//82 
f 83//83 80//80 82//82 
f 80//80 78//78 82//82 
s 4
f 81//81 84//84 85//85 
f 84//84 86//86 85//85 
f 86//86 83//83 85//85 
f 83//83 81//81 85//85 
s 2
f 84//84 87//87 88//88 
f 87//87 89//89 88//88 
f 89//89 86//86 88//88 
f 86//86 84//84 88//88 
s 4
f 87//87 90//90 91//91 
f 90//90 92//92 91//91 
f 92//92 89//89 91//91 
f 89//89 87//87 91//91 
s 2
f 90//90 93//93 94//94 
f 93//93 95//95 94//94 
f 95//95 92//92 94//94 
f 92//92 90//90 94//94 
f 93//93 96//96 97//97 
f 96//96 98//98 97//97 
f 98//98 95//95 97//97 
f 95//95 93//93 97//97 
f 96//96 99//99 100//100 
f 99//99 101//101 100//100 
f 101//101 98//98 100//100 
f 98//98 96//96 100//100 
f 99//99 102//102 103//103 
f 102//102 104//104 103//103 
f 104//104 101//101 103//103 
f 101//101 99//99 103//103 
f 102//102 105//105 106//106 
f 105//105 107//107 106//106 
f 107//107 104//104 106//106 
f 104//104 102//102 106//106 
f 105//105 108//108 109//109 
f 108//108 110//110 109//109 
f 110//110 107//107 109//109 
f 107//107 105//105 109//109 
f 108//108 111//111 112//112 
f 111//111 113//113 112//112 
f 113//113 110//110 112//112 
f 110//110 108//108 112//112 
f 111//111 114//114 115//115 
f 114//114 116//116 115//115 
f 116//116 113//113 115//115 
f 113//113 111//111 115//115 
f 114//114 117//117 118//118 
f 117//117 119//119 118//118 
f 119//119 116//116 118//118 
f 116//116 114//114 118//118 
f 117//117 120//120 121//121 
f 120//120 122//122 121//121 
f 122//122 119//119 121//121 
f 119//119 117//117 121//121 
f 120//120 123//123 124//124 
f 123//123 125//125 124//124 
f 125//125 122//122 124//124 
f 122//122 120//120 124//124 
f 123//123 126//126 127//127 
f 126//126 128//128 127//127 
f 128//128 125//125 127//127 
f 125//125 123//123 127//127 
f 126//126 129//129 130//130 
f 129//129 131//131 130//130 
f 131//131 128//128 130//130 
f 128//128 126//126 130//130 
f 129//129 132//132 133//133 
f 132//132 134//134 133//133 
f 134//134 131//131 133//133 
f 131//131 129//129 133//133 
f 132//132 135//135 136//136 
f 135//135 137//137 136//136 
f 137//137 134//134 136//136 
f 134//134 132//132 136//136 
f 135//135 138//138 139//139 
f 138//138 140//140 139//139 
f 140//140 137//137 139//139 
f 137//137 135//135 139//139 
f 138//138 141//141 142//142 
f 141//141 143//143 142//142 
f 143//143 140//140 142//142 
f 140//140 138//138 142//142 
f 141//141 144//144 145//145 
f 144//144 146//146 145//145 
f 146//146 143//143 145//145 
f 143//143 141//141 145//145 
f 144//144 147//147 148//148 
f 147//147 149//149 148//148 
f 149//149 146//146 148//148 
f 146//146 144//144 148//148 
f 147//147 150//150 151//151 
f 150//150 152//152 151//151 
f 152//152 149//149 151//151 
f 149//149 147//147 151//151 
f 150//150 153//153 154//154 
f 153//153 155//155 154//154 
f 155//155 152//152 154//154 
f 152//152 150//150 154//154 
f 153//153 156//156 157//157 
f 156//156 158//158 157//157 
f 158//158 155//155 157//157 
f 155//155 153//153 157//157 
f 156//156 159//159 160//160 
f 159//159 161//161 160//160 
f 161//161 158//158 160//160 
f 158//158 156//156 160//160 
f 159//159 162//162 163//163 
f 162//162 164//164 163//163 
f 164//164 161//161 163//163 
f 161//161 159//159 163//163 
f 162//162 165//165 166//166 
f 165//165 167//167 166//166 
f 167//167 164//164 166//166 
f 164//164 162//162 166//166 
f 165//165 168//168 169//169 
f 168//168 170//170 169//169 
f 170//170 167//167 169//169 
f 167//167 165//165 169//169 
f 168//168 171//171 172//172 
f 171//171 173//173 172//172 
f 173//173 170//170 172//172 
f 170//170 168//168 172//172 
s 4
f 171//171 1//1 174//174 
f 1//1 5//5 174//174 
f 5//5 173//173 174//174 
f 173//173 171//171 174//174 
s 16
f 90//90 87//87 175//175 
f 87//87 84//84 175//175 
f 84//84 81//81 175//175 
f 81//81 90//90 175//175 
f 173//173 5//5 176//176 
f 5//5 4//4 176//176 
f 4//4 170//170 176//176 
f 170//170 173//173 176//176 
f 81//81 78//78 177//175 
f 78//78 93//93 177//175 
f 93//93 90//90 177//175 
f 90//90 81//81 177//175 
f 78//78 75//75 178//175 
f 75//75 96//96 178//175 
f 96//96 93//93 178//175 
f 93//93 78//78 178//175 
f 75//75 72//72 179//175 
f 72//72 99//99 179//175 
f 99//99 96//96 179//175 
f 96//96 75//75 179//175 
f 72//72 69//69 180//175 
f 69//69 105//105 180//175 
f 105//105 102//102 180//175 
f 102//102 99//99 180//175 
f 99//99 72//72 180//175 
f 69//69 66//66 181//175 
f 66//66 108//108 181//175 
f 108//108 105//105 181//175 
f 105//105 69//69 181//175 
f 66//66 63//63 182//175 
f 63//63 111//111 182//175 
f 111//111 108//108 182//175 
f 108//108 66//66 182//175 
f 63//63 60//60 183//175 
f 60//60 114//114 183//175 
f 114//114 111//111 183//175 
f 111//111 63//63 183//175 
f 60//60 57//57 184//175 
f 57//57 114//114 184//175 
f 114//114 60//60 184//175 
f 57//57 54//54 185//175 
f 54//54 117//117 185//175 
f 117//117 114//114 185//175 
f 114//114 57//57 185//175 
f 54//54 51//51 186//175 
f 51//51 120//120 186//175 
f 120//120 117//117 186//175 
f 117//117 54//54 186//175 
f 51//51 48//48 187//175 
f 48//48 123//123 187//175 
f 123//123 120//120 187//175 
f 120//120 51//51 187//175 
f 48//48 45//45 188//175 
f 45//45 126//126 188//175 
f 126//126 123//123 188//175 
f 123//123 48//48 188//175 
f 45//45 42//42 189//175 
f 42//42 129//129 189//175 
f 129//129 126//126 189//175 
f 126//126 45//45 189//175 
f 42//42 39//39 190//175 
f 39//39 132//132 190//175 
f 132//132 129//129 190//175 
f 129//129 42//42 190//175 
f 39//39 36//36 191//175 
f 36//36 135//135 191//175 
f 135//135 132//132 191//175 
f 132//132 39//39 191//175 
f 36//36 33//33 192//175 
f 33//33 138//138 192//175 
f 138//138 135//135 192//175 
f 135//135 36//36 192//175 
f 33//33 30//30 193//175 
f 30//30 141//141 193//175 
f 141//141 138//138 193//175 
f 138//138 33//33 193//175 
f 30//30 27//27 194//175 
f 27//27 144//144 194//175 
f 144//144 141//141 194//175 
f 141//141 30//30 194//175 
f 27//27 24//24 195//175 
f 24//24 147//147 195//175 
f 147//147 144//144 195//175 
f 144//144 27//27 195//175 
f 24//24 21//21 196//175 
f 21//21 150//150 196//175 
f 150//150 147//147 196//175 
f 147//147 24//24 196//175 
f 21//21 18//18 197//175 
f 18//18 153//153 197//175 
f 153//153 150//150 197//175 
f 150//150 21//21 197//175 
f 18//18 15//15 198//175 
f 15//15 156//156 198//175 
f 156//156 153//153 198//175 
f 153//153 18//18 198//175 
f 15//15 12//12 199//175 
f 12//12 159//159 199//175 
f 159//159 156//156 199//175 
f 156//156 15//15 199//175 
f 12//12 9//9 200//175 
f 9//9 162//162 200//175 
f 162//162 159//159 200//175 
f 159//159 12//12 200//175 
f 9//9 6//6 201//175 
f 6//6 165//165 201//175 
f 165//165 162//162 201//175 
f 162//162 9//9 201//175 
f 6//6 2//2 202//175 
f 2//2 168//168 202//175 
f 168//168 165//165 202//175 
f 165//165 6//6 202//175 
f 2//2 1//1 203//175 
f 1//1 171//171 203//175 
f 171//171 168//168 203//175 
f 168//168 2//2 203//175 
f 4//4 8//8 204//176 
f 8//8 167//167 204//176 
f 167//167 170//170 204//176 
f 170//170 4//4 204//176 
f 8//8 11//11 205//176 
f 11//11 164//164 205//176 
f 164//164 167//167 205//176 
f 167//167 8//8 205//176 
f 11//11 14//14 206//176 
f 14//14 161//161 206//176 
f 161//161 164//164 206//176 
f 164//164 11//11 206//176 
f 14//14 17//17 207//176 
f 17//17 158//158 207//176 
f 158//158 161//161 207//176 
f 161//161 14//14 207//176 
f 17//17 20//20 208//176 
f 20//20 155//155 208//176 
f 155//155 158//158 208//176 
f 158//158 17//17 208//176 
f 20//20 23//23 209//176 
f 23//23 152//152 209//176 
f 152//152 155//155 209//176 
f 155//155 20//20 209//176 
f 23//23 26//26 210//176 
f 26//26 149//149 210//176 
f 149//149 152//152 210//176 
f 152//152 23//23 210//176 
f 26//26 29//29 211//176 
f 29//29 146//146 211//176 
f 146//146 149//149 211//176 
f 149//149 26//26 211//176 
f 29//29 32//32 212//176 
f 32//32 143//143 212//176 
f 143//143 146//146 212//176 
f 146//146 29//29 212//176 
f 32//32 35//35 213//176 
f 35//35 140//140 213//176 
f 140//140 143//143 213//176 
f 143//143 32//32 213//176 
f 35//35 38//38 214//176 
f 38//38 137//137 214//176 
f 137//137 140//140 214//176 
f 140//140 35//35 214//176 
f 38//38 41//41 215//176 
f 41//41 134//134 215//176 
f 134//134 137//137 215//176 
f 137//137 38//38 215//176 
f 41//41 44//44 216//176 
f 44//44 131//131 216//176 
f 131//131 134//134 216//176 
f 134//134 41//41 216//176 
f 44//44 47//47 217//176 
f 47//47 128//128 217//176 
f 128//128 131//131 217//176 
f 131//131 44//44 217//176 
f 47//47 50//50 218//176 
f 50//50 125//125 218//176 
f 125//125 128//128 218//176 
f 128//128 47//47 218//176 
f 50//50 53//53 219//176 
f 53//53 122//122 219//176 
f 122//122 125//125 219//176 
f 125//125 50//50 219//176 
f 53//53 56//56 220//176 
f 56//56 119//119 220//176 
f 119//119 122//122 220//176 
f 122//122 53//53 220//176 
f 56//56 59//59 221//176 
f 59//59 116//116 221//176 
f 116//116 119//119 221//176 
f 119//119 56//56 221//176 
f 59//59 62//62 222//176 
f 62//62 116//116 222//176 
f 116//116 59//59 222//176 
f 62//62 65//65 223//176 
f 65//65 113//113 223//176 
f 113//113 116//116 223//176 
f 116//116 62//62 223//176 
f 65//65 68//68 224//176 
f 68//68 110//110 224//176 
f 110//110 113//113 224//176 
f 113//113 65//65 224//176 
f 68//68 71//71 225//176 
f 71//71 107//107 225//176 
f 107//107 110//110 225//176 
f 110//110 68//68 225//176 
f 71//71 74//74 226//176 
f 74//74 101//101 226//176 
f 101//101 104//104 226//176 
f 104//104 107//107 226//176 
f 107//107 71//71 226//176 
f 74//74 77//77 227//176 
f 77//77 98//98 227//176 
f 98//98 101//101 227//176 
f 101//101 74//74 227//176 
f 77//77 80//80 228//176 
f 80//80 95//95 228//176 
f 95//95 98//98 228//176 
f 98//98 77//77 228//176 
f 80//80 83//83 229//176 
f 83//83 92//92 229//176 
f 92//92 95//95 229//176 
f 95//95 80//80 229//176 
f 83//83 86//86 230//176 
f 86//86 89//89 230//176 
f 89//89 92//92 230//176 
f 92//92 83//83 230//176 
s 1
f 231//177 232//178 233//179 
f 232//178 234//180 233//179 
f 234//180 235//181 233//179 
f 235//181 231//177 233//179 
s 3
f 232//178 236//182 237//183 
f 236//182 238//184 237//183 
f 238//184 234//180 237//183 
f 234//180 232//178 237//183 
s 2
f 236//182 239//185 240//186 
f 239//185 241//187 240//186 
f 241//187 238//184 240//186 
f 238//184 236//182 240//186 
f 239//185 242//188 243//189 
f 242//188 244//190 243//189 
f 244//190 241//187 243//189 
f 241//187 239//185 243//189 
f 242//188 245//191 246//192 
f 245//191 247//193 246//192 
f 247//193 244//190 246//192 
f 244//190 242//188 246//192 
f 245//191 248//194 249//195 
f 248//194 250//196 249//195 
f 250//196 247//193 249//195 
f 247//193 245//191 249//195 
f 248//194 251//197 252//198 
f 251//197 253//199 252//198 
f 253//199 250//196 252//198 
f 250//196 248//194 252//198 
f 251//197 254//200 255//201 
f 254//200 256//202 255//201 
f 256//202 253//199 255//201 
f 253//199 251//197 255//201 
f 254//200 257//203 258//204 
f 257//203 259//205 258//204 
f 259//205 256//202 258//204 
f 256//202 254//200 258//204 
f 257//203 260//206 261//207 
f 260//206 262//208 261//207 
f 262//208 259//205 261//207 
f 259//205 257//203 261//207 
f 260//206 263//209 264//210 
f 263//209 265//211 264//210 
f 265//211 262//208 264//210 
f 262//208 260//206 264//210 
f 263//209 266//212 267//213 
f 266//212 268//214 267//213 
f 268//214 265//211 267//213 
f 265//211 263//209 267//213 
f 266//212 269//215 270//216 
f 269//215 271//217 270//216 
f 271//217 268//214 270//216 
f 268//214 266//212 270//216 
f 269//215 272//218 273//219 
f 272//218 274//220 273//219 
f 274//220 271//217 273//219 
f 271//217 269//215 273//219 
f 272//218 275//221 276//222 
f 275//221 277//223 276//222 
f 277//223 274//220 276//222 
f 274//220 272//218 276//222 
f 275//221 278//224 279//225 
f 278//224 280//226 279//225 
f 280//226 277//223 279//225 
f 277//223 275//221 279//225 
f 278//224 281//227 282//228 
f 281//227 283//229 282//228 
f 283//229 280//226 282//228 
f 280//226 278//224 282//228 
f 281//227 284//230 285//231 
f 284//230 286//232 285//231 
f 286//232 283//229 285//231 
f 283//229 281//227 285//231 
f 284//230 287//233 288//234 
f 287//233 289//235 288//234 
f 289//235 286//232 288//234 
f 286//232 284//230 288//234 
f 287//233 290//236 291//237 
f 290//236 292//238 291//237 
f 292//238 289//235 291//237 
f 289//235 287//233 291//237 
f 290//236 293//239 294//240 
f 293//239 295//241 294//240 
f 295//241 292//238 294//240 
f 292//238 290//236 294//240 
f 293//239 296//242 297//243 
f 296//242 298//244 297//243 
f 298//244 295//241 297//243 
f 295//241 293//239 297//243 
f 296//242 299//245 300//246 
f 299//245 301//247 300//246 
f 301//247 298//244 300//246 
f 298//244 296//242 300//246 
f 299//245 302//248 303//249 
f 302//248 304//250 303//249 
f 304//250 301//247 303//249 
f 301//247 299//245 303//249 
f 302//248 305//251 306//252 
f 305//251 307//253 306//252 
f 307//253 304//250 306//252 
f 304//250 302//248 306//252 
f 305//251 308//254 309//255 
f 308//254 310//256 309//255 
f 310//256 307//253 309//255 
f 307//253 305//251 309//255 
f 308//254 311//257 312//258 
f 311//257 313//259 312//258 
f 313//259 310//256 312//258 
f 310//256 308//254 312//258 
f 311//257 314//260 315//261 
f 314//260 316//262 315//261 
f 316//262 313//259 315//261 
f 313//259 311//257 315//261 
f 314//260 317//263 318//264 
f 317//263 319//265 318//264 
f 319//265 316//262 318//264 
f 316//262 314//260 318//264 
f 317//263 320//266 321//267 
f 320//266 322//268 321//267 
f 322//268 319//265 321//267 
f 319//265 317//263 321//267 
f 320//266 323//269 324//270 
f 323//269 325//271 324//270 
f 325//271 322//268 324//270 
f 322//268 320//266 324//270 
f 323//269 326//272 327//273 
f 326//272 328//274 327//273 
f 328//274 325//271 327//273 
f 325//271 323//269 327//273 
f 326//272 329//275 330//276 
f 329//275 331//277 330//276 
f 331//277 328//274 330//276 
f 328//274 326//272 330//276 
f 329//275 332//278 333//279 
f 332//278 334//280 333//279 
f 334//280 331//277 333//279 
f 331//277 329//275 333//279 
f 332//278 335//281 336//282 
f 335//281 337//283 336//282 
f 337//283 334//280 336//282 
f 334//280 332//278 336//282 
s 3
f 335//281 231//177 338//284 
f 231//177 235//181 338//284 
f 235//181 337//283 338//284 
f 337//283 335//281 338//284 
s 1
f 339//285 340//286 341//228 
f 340//286 342//287 341//228 
f 342//287 343//288 341//228 
f 343//288 339//285 341//228 
s 3
f 340//286 344//289 345//225 
f 344//289 346//290 345//225 
f 346//290 342//287 345//225 
f 342//287 340//286 345//225 
s 2
f 344//289 347//291 348//222 
f 347//291 349//292 348//222 
f 349//292 346//290 348//222 
f 346//290 344//289 348//222 
f 347//291 350//293 351//219 
f 350//293 352//294 351//219 
f 352//294 349//292 351//219 
f 349//292 347//291 351//219 
f 350//293 353//295 354//216 
f 353//295 355//296 354//216 
f 355//296 352//294 354//216 
f 352//294 350//293 354//216 
f 353//295 356//297 357//213 
f 356//297 358//298 357//213 
f 358//298 355//296 357//213 
f 355//296 353//295 357//213 
f 356//297 359//299 360//210 
f 359//299 361//300 360//210 
f 361//300 358//298 360//210 
f 358//298 356//297 360//210 
f 359//299 362//301 363//207 
f 362//301 364//302 363//207 
f 364//302 361//300 363//207 
f 361//300 359//299 363//207 
f 362//301 365//303 366//204 
f 365//303 367//304 366//204 
f 367//304 364//302 366//204 
f 364//302 362//301 366//204 
f 365//303 368//305 369//201 
f 368//305 370//306 369//201 
f 370//306 367//304 369//201 
f 367//304 365//303 369//201 
f 368//305 371//307 372//198 
f 371//307 373//308 372//198 
f 373//308 370//306 372//198 
f 370//306 368//305 372//198 
f 371//307 374//309 375//195 
f 374//309 376//310 375//195 
f 376//310 373//308 375//195 
f 373//308 371//307 375//195 
f 374//309 377//311 378//192 
f 377//311 379//312 378//192 
f 379//312 376//310 378//192 
f 376//310 374//309 378//192 
f 377//311 380//313 381//189 
f 380//313 382//314 381//189 
f 382//314 379//312 381//189 
f 379//312 377//311 381//189 
f 380//313 383//315 384//186 
f 383//315 385//316 384//186 
f 385//316 382//314 384//186 
f 382//314 380//313 384//186 
f 383//315 386//317 387//183 
f 386//317 388//318 387//183 
f 388//318 385//316 387//183 
f 385//316 383//315 387//183 
f 386//317 389//319 390//179 
f 389//319 391//320 390//179 
f 391//320 388//318 390//179 
f 388//318 386//317 390//179 
f 389//319 392//321 393//284 
f 392//321 394//322 393//284 
f 394//322 391//320 393//284 
f 391//320 389//319 393//284 
f 392//321 395//323 396//282 
f 395//323 397//324 396//282 
f 397//324 394//322 396//282 
f 394//322 392//321 396//282 
f 395//323 398//325 399//279 
f 398//325 400//326 399//279 
f 400//326 397//324 399//279 
f 397//324 395//323 399//279 
f 398//325 401//327 402//276 
f 401//327 403//328 402//276 
f 403//328 400//326 402//276 
f 400//326 398//325 402//276 
f 401//327 404//329 405//273 
f 404//329 406//330 405//273 
f 406//330 403//328 405//273 
f 403//328 401//327 405//273 
f 404//329 407//331 408//270 
f 407//331 409//332 408//270 
f 409//332 406//330 408//270 
f 406//330 404//329 408//270 
f 407//331 410//333 411//267 
f 410//333 412//334 411//267 
f 412//334 409//332 411//267 
f 409//332 407//331 411//267 
f 410//333 413//335 414//264 
f 413//335 415//336 414//264 
f 415//336 412//334 414//264 
f 412//334 410//333 414//264 
f 413//335 416//337 417//261 
f 416//337 418//338 417//261 
f 418//338 415//336 417//261 
f 415//336 413//335 417//261 
f 416//337 419//339 420//258 
f 419//339 421//340 420//258 
f 421//340 418//338 420//258 
f 418//338 416//337 420//258 
f 419//339 422//341 423//255 
f 422//341 424//342 423//255 
f 424//342 421//340 423//255 
f 421//340 419//339 423//255 
f 422//341 425//343 426//252 
f 425//343 427//344 426//252 
f 427//344 424//342 426//252 
f 424//342 422//341 426//252 
f 425//343 428//345 429//249 
f 428//345 430//346 429//249 
f 430//346 427//344 429//249 
f 427//344 425//343 429//249 
f 428//345 431//347 432//246 
f 431//347 433//348 432//246 
f 433//348 430//346 432//246 
f 430//346 428//345 432//246 
f 431//347 434//349 435//243 
f 434//349 436//350 435//243 
f 436//350 433//348 435//243 
f 433//348 431//347 435//243 
f 434//349 437//351 438//240 
f 437//351 439//352 438//240 
f 439//352 436//350 438//240 
f 436//350 434//349 438//240 
f 437//351 440//353 441//237 
f 440//353 442//354 441//237 
f 442//354 439//352 441//237 
f 439//352 437//351 441//237 
f 440//353 443//355 444//234 
f 443//355 445//356 444//234 
f 445//356 442//354 444//234 
f 442//354 440//353 444//234 
s 3
f 443//355 339//285 446//231 
f 339//285 343//288 446//231 
f 343//288 445//356 446//231 
f 445//356 443//355 446//231 
s 16
f 251//197 248//194 447//175 
f 248//194 245//191 447//175 
f 245//191 448//175 425//343 447//175 
f 425//343 422//341 447//175 
f 422//341 251//197 447//175 
f 427//344 430//346 449//176 
f 430//346 247//193 449//176 
f 422//341 419//339 450//175 
f 419//339 254//200 450//175 
f 254//200 251//197 450//175 
f 251//197 422//341 450//175 
f 419//339 416//337 451//175 
f 416//337 257//203 451//175 
f 257//203 254//200 451//175 
f 254//200 419//339 451//175 
f 416//337 413//335 452//175 
f 413//335 260//206 452//175 
f 260//206 257//203 452//175 
f 257//203 416//337 452//175 
f 413//335 410//333 453//175 
f 410//333 263//209 453//175 
f 263//209 260//206 453//175 
f 260//206 413//335 453//175 
f 410//333 407//331 454//175 
f 407//331 266//212 454//175 
f 266//212 263//209 454//175 
f 263//209 410//333 454//175 
f 407//331 404//329 455//175 
f 404//329 269//215 455//175 
f 269//215 266//212 455//175 
f 266//212 407//331 455//175 
f 404//329 401//327 456//175 
f 401//327 272//218 456//175 
f 272//218 269//215 456//175 
f 269//215 404//329 456//175 
f 401//327 398//325 457//175 
f 398//325 275//221 457//175 
f 275//221 272//218 457//175 
f 272//218 401//327 457//175 
f 398//325 395//323 458//175 
f 395//323 278//224 458//175 
f 278//224 275//221 458//175 
f 275//221 398//325 458//175 
f 395//323 392//321 459//175 
f 392//321 281//227 459//175 
f 281//227 278//224 459//175 
f 278//224 395//323 459//175 
f 392//321 389//319 460//175 
f 389//319 284//230 460//175 
f 284//230 281//227 460//175 
f 281//227 392//321 460//175 
f 389//319 386//317 461//175 
f 386//317 287//233 461//175 
f 287//233 284//230 461//175 
f 284//230 389//319 461//175 
f 386//317 383//315 462//175 
f 383//315 290//236 462//175 
f 290//236 287//233 462//175 
f 287//233 386//317 462//175 
f 383//315 380//313 463//175 
f 380//313 293//239 463//175 
f 293//239 290//236 463//175 
f 290//236 383//315 463//175 
f 380//313 377//311 464//175 
f 377//311 296//242 464//175 
f 296//242 293//239 464//175 
f 293//239 380//313 464//175 
f 377//311 374//309 465//175 
f 374//309 299//245 465//175 
f 299//245 296//242 465//175 
f 296//242 377//311 465//175 
f 374//309 371//307 466//175 
f 371//307 302//248 466//175 
f 302//248 299//245 466//175 
f 299//245 374//309 466//175 
f 371//307 368//305 467//175 
f 368//305 305//251 467//175 
f 305//251 302//248 467//175 
f 302//248 371//307 467//175 
f 368//305 365//303 468//175 
f 365//303 308//254 468//175 
f 308//254 305//251 468//175 
f 305//251 368//305 468//175 
f 365//303 362//301 469//175 
f 362//301 311//257 469//175 
f 311//257 308//254 469//175 
f 308//254 365//303 469//175 
f 362//301 359//299 470//175 
f 359//299 314//260 470//175 
f 314//260 311//257 470//175 
f 311//257 362//301 470//175 
f 359//299 356//297 471//175 
f 356//297 317//263 471//175 
f 317//263 314//260 471//175 
f 314//260 359//299 471//175 
f 356//297 353//295 472//175 
f 353//295 320//266 472//175 
f 320//266 317//263 472//175 
f 317//263 356//297 472//175 
f 353//295 350//293 473//175 
f 350//293 323//269 473//175 
f 323//269 320//266 473//175 
f 320//266 353//295 473//175 
f 350//293 347//291 474//175 
f 347//291 326//272 474//175 
f 326//272 323//269 474//175 
f 323//269 350//293 474//175 
f 347//291 344//289 475//175 
f 344//289 329//275 475//175 
f 329//275 326//272 475//175 
f 326//272 347//291 475//175 
f 344//289 340//286 476//175 
f 340//286 332//278 476//175 
f 332//278 329//275 476//175 
f 329//275 344//289 476//175 
f 340//286 339//285 477//175 
f 339//285 335//281 477//175 
f 335//281 332//278 477//175 
f 332//278 340//286 477//175 
f 339//285 443//355 478//175 
f 443//355 231//177 478//175 
f 231//177 335//281 478//175 
f 335//281 339//285 478//175 
f 443//355 440//353 479//175 
f 440//353 232//178 479//175 
f 232//178 231//177 479//175 
f 231//177 443//355 479//175 
f 440//353 437//351 480//175 
f 437//351 236//182 480//175 
f 236//182 232//178 480//175 
f 232//178 440//353 480//175 
f 437//351 434//349 481//175 
f 434//349 239//185 481//175 
f 239//185 236//182 481//175 
f 236//182 437//351 481//175 
f 434//349 431//347 482//175 
f 431//347 242//188 482//175 
f 242//188 239//185 482//175 
f 239//185 434//349 482//175 
f 431//347 428//345 483//175 
f 428//345 245//191 483//175 
f 245//191 242//188 483//175 
f 242//188 431//347 483//175 
f 428//345 425//343 448//175 
f 245//191 428//345 448//175 
f 430//346 433//348 484//176 
f 433//348 244//190 484//176 
f 244//190 247//193 484//176 
f 247//193 430//346 484//176 
f 433//348 436//350 485//176 
f 436//350 241//187 485//176 
f 241//187 244//190 485//176 
f 244//190 433//348 485//176 
f 436//350 439//352 486//176 
f 439//352 238//184 486//176 
f 238//184 241//187 486//176 
f 241//187 436//350 486//176 
f 439//352 442//354 487//176 
f 442//354 234//180 487//176 
f 234//180 238//184 487//176 
f 238//184 439//352 487//176 
f 442//354 445//356 488//176 
f 445//356 235//181 488//176 
f 235//181 234//180 488//176 
f 234//180 442//354 488//176 
f 445//356 343//288 489//176 
f 343//288 337//283 489//176 
f 337//283 235//181 489//176 
f 235//181 445//356 489//176 
f 343//288 342//287 490//176 
f 342//287 334//280 490//176 
f 334//280 337//283 490//176 
f 337//283 343//288 490//176 
f 342//287 346//290 491//176 
f 346//290 331//277 491//176 
f 331//277 334//280 491//176 
f 334//280 342//287 491//176 
f 346//290 349//292 492//176 
f 349//292 328//274 492//176 
f 328//274 331//277 492//176 
f 331//277 346//290 492//176 
f 349//292 352//294 493//176 
f 352//294 325//271 493//176 
f 325//271 328//274 493//176 
f 328//274 349//292 493//176 
f 352//294 355//296 494//176 
f 355//296 322//268 494//176 
f 322//268 325//271 494//176 
f 325//271 352//294 494//176 
f 355//296 358//298 495//176 
f 358//298 319//265 495//176 
f 319//265 322//268 495//176 
f 322//268 355//296 495//176 
f 358//298 361//300 496//176 
f 361//300 316//262 496//176 
f 316//262 319//265 496//176 
f 319//265 358//298 496//176 
f 361//300 364//302 497//176 
f 364//302 313//259 497//176 
f 313//259 316//262 497//176 
f 316//262 361//300 497//176 
f 364//302 367//304 498//176 
f 367//304 310//256 498//176 
f 310//256 313//259 498//176 
f 313//259 364//302 498//176 
f 367//304 370//306 499//176 
f 370//306 307//253 499//176 
f 307//253 310//256 499//176 
f 310//256 367//304 499//176 
f 370//306 373//308 500//176 
f 373//308 304//250 500//176 
f 304//250 307//253 500//176 
f 307//253 370//306 500//176 
f 373//308 376//310 501//176 
f 376//310 301//247 501//176 
f 301//247 304//250 501//176 
f 304//250 373//308 501//176 
f 376//310 379//312 502//176 
f 379//312 298//244 502//176 
f 298//244 301//247 502//176 
f 301//247 376//310 502//176 
f 379//312 382//314 503//176 
f 382//314 295//241 503//176 
f 295//241 298//244 503//176 
f 298//244 379//312 503//176 
f 382//314 385//316 504//176 
f 385//316 292//238 504//176 
f 292//238 295//241 504//176 
f 295//241 382//314 504//176 
f 385//316 388//318 505//176 
f 388//318 289//235 505//176 
f 289//235 292//238 505//176 
f 292//238 385//316 505//176 
f 388//318 391//320 506//176 
f 391//320 286//232 506//176 
f 286//232 289//235 506//176 
f 289//235 388//318 506//176 
f 391//320 394//322 507//176 
f 394//322 283//229 507//176 
f 283//229 286//232 507//176 
f 286//232 391//320 507//176 
f 394//322 397//324 508//176 
f 397//324 280//226 508//176 
f 280//226 283//229 508//176 
f 283//229 394//322 508//176 
f 397//324 400//326 509//176 
f 400//326 277//223 509//176 
f 277//223 280//226 509//176 
f 280//226 397//324 509//176 
f 400//326 403//328 510//176 
f 403//328 274//220 510//176 
f 274//220 277//223 510//176 
f 277//223 400//326 510//176 
f 403//328 406//330 511//176 
f 406//330 271//217 511//176 
f 271//217 274//220 511//176 
f 274//220 403//328 511//176 
f 406//330 409//332 512//176 
f 409//332 268//214 512//176 
f 268//214 271//217 512//176 
f 271//217 406//330 512//176 
f 409//332 412//334 513//176 
f 412//334 265//211 513//176 
f 265//211 268//214 513//176 
f 268//214 409//332 513//176 
f 412//334 415//336 514//176 
f 415//336 262//208 514//176 
f 262//208 265//211 514//176 
f 265//211 412//334 514//176 
f 415//336 418//338 515//176 
f 418//338 259//205 515//176 
f 259//205 262//208 515//176 
f 262//208 415//336 515//176 
f 418//338 421//340 516//176 
f 421//340 256//202 516//176 
f 256//202 259//205 516//176 
f 259//205 418//338 516//176 
f 421//340 424//342 517//176 
f 424//342 253//199 517//176 
f 253//199 256//202 517//176 
f 256//202 421//340 517//176 
f 424//342 427//344 518//176 
f 427//344 449//176 247//193 518//176 
f 247//193 250//196 518//176 
f 250//196 253//199 518//176 
f 253//199 424//342 518//176 
s 1
f 519//357 520//358 521//359 
f 520//358 522//360 521//359 
f 522//360 523//361 521//359 
f 523//361 519//357 521//359 
s 3
f 520//358 524//362 525//363 
f 524//362 526//364 525//363 
f 526//364 522//360 525//363 
f 522//360 520//358 525//363 
s 2
f 524//362 527//365 528//366 
f 527//365 529//367 528//366 
f 529//367 526//364 528//366 
f 526//364 524//362 528//366 
f 527//365 530//368 531//369 
f 530//368 532//370 531//369 
f 532//370 529//367 531//369 
f 529//367 527//365 531//369 
f 530//368 533//371 534//372 
f 533//371 535//373 534//372 
f 535//373 532//370 534//372 
f 532//370 530//368 534//372 
f 533//371 536//374 537//375 
f 536//374 538//376 537//375 
f 538//376 535//373 537//375 
f 535//373 533//371 537//375 
f 536//374 539//377 540//378 
f 539//377 541//379 540//378 
f 541//379 538//376 540//378 
f 538//376 536//374 540//378 
f 539//377 542//380 543//381 
f 542//380 544//382 543//381 
f 544//382 541//379 543//381 
f 541//379 539//377 543//381 
s 4
f 542//380 545//383 546//384 
f 545//383 547//385 546//384 
f 547//385 544//382 546//384 
f 544//382 542//380 546//384 
f 545//383 548//386 549//387 
f 548//386 550//388 549//387 
f 550//388 547//385 549//387 
f 547//385 545//383 549//387 
f 548//386 551//389 552//390 
f 551//389 553//391 552//390 
f 553//391 550//388 552//390 
f 550//388 548//386 552//390 
f 551//389 554//392 555//393 
f 554//392 556//394 555//393 
f 556//394 553//391 555//393 
f 553//391 551//389 555//393 
f 554//392 557//395 558//396 
f 557//395 559//397 558//396 
f 559//397 556//394 558//396 
f 556//394 554//392 558//396 
f 557//395 560//398 561//399 
f 560//398 562//400 561//399 
f 562//400 559//397 561//399 
f 559//397 557//395 561//399 
f 560//398 563//401 564//402 
f 563//401 565//403 564//402 
f 565//403 562//400 564//402 
f 562//400 560//398 564//402 
f 563//401 566//404 567//405 
f 566//404 568//406 567//405 
f 568//406 565//403 567//405 
f 565//403 563//401 567//405 
f 566//404 569//407 570//408 
f 569//407 571//409 570//408 
f 571//409 568//406 570//408 
f 568//406 566//404 570//408 
f 569//407 572//410 573//411 
f 572//410 574//412 573//411 
f 574//412 571//409 573//411 
f 571//409 569//407 573//411 
f 572//410 575//413 576//414 
f 575//413 577//415 576//414 
f 577//415 574//412 576//414 
f 574//412 572//410 576//414 
f 575//413 578//416 579//417 
f 578//416 580//418 579//417 
f 580//418 577//415 579//417 
f 577//415 575//413 579//417 
f 578//416 581//419 582//420 
f 581//419 583//421 582//420 
f 583//421 580//418 582//420 
f 580//418 578//416 582//420 
f 581//419 584//422 585//423 
f 584//422 586//424 585//423 
f 586//424 583//421 585//423 
f 583//421 581//419 585//423 
f 584//422 587//425 588//426 
f 587//425 589//427 588//426 
f 589//427 586//424 588//426 
f 586//424 584//422 588//426 
f 587//425 590//428 591//429 
f 590//428 592//430 591//429 
f 592//430 589//427 591//429 
f 589//427 587//425 591//429 
f 590//428 593//431 594//432 
f 593//431 595//433 594//432 
f 595//433 592//430 594//432 
f 592//430 590//428 594//432 
f 593//431 596//434 597//435 
f 596//434 598//436 597//435 
f 598//436 595//433 597//435 
f 595//433 593//431 597//435 
f 596//434 599//437 600//438 
f 599//437 601//439 600//438 
f 601//439 598//436 600//438 
f 598//436 596//434 600//438 
f 599//437 602//440 603//441 
f 602//440 604//442 603//441 
f 604//442 601//439 603//441 
f 601//439 599//437 603//441 
f 602//440 605//443 606//444 
f 605//443 607//445 606//444 
f 607//445 604//442 606//444 
f 604//442 602//440 606//444 
f 605//443 608//446 609//447 
f 608//446 610//448 609//447 
f 610//448 607//445 609//447 
f 607//445 605//443 609//447 
f 608//446 611//449 612//450 
f 611//449 613//451 612//450 
f 613//451 610//448 612//450 
f 610//448 608//446 612//450 
f 611//449 614//452 615//453 
f 614//452 616//454 615//453 
f 616//454 613//451 615//453 
f 613//451 611//449 615//453 
f 614//452 617//455 618//456 
f 617//455 619//457 618//456 
f 619//457 616//454 618//456 
f 616//454 614//452 618//456 
f 617//455 620//458 621//459 
f 620//458 622//460 621//459 
f 622//460 619//457 621//459 
f 619//457 617//455 621//459 
f 620//458 623//461 624//462 
f 623//461 625//463 624//462 
f 625//463 622//460 624//462 
f 622//460 620//458 624//462 
f 623//461 626//464 627//465 
f 626//464 628//466 627//465 
f 628//466 625//463 627//465 
f 625//463 623//461 627//465 
f 626//464 629//467 630//468 
f 629//467 631//469 630//468 
f 631//469 628//466 630//468 
f 628//466 626//464 630//468 
f 629//467 632//470 633//471 
f 632//470 634//472 633//471 
f 634//472 631//469 633//471 
f 631//469 629//467 633//471 
f 632//470 635//473 636//474 
f 635//473 637//475 636//474 
f 637//475 634//472 636//474 
f 634//472 632//470 636//474 
f 635//473 638//476 639//477 
f 638//476 640//478 639//477 
f 640//478 637//475 639//477 
f 637//475 635//473 639//477 
f 638//476 641//479 642//480 
f 641//479 643//481 642//480 
f 643//481 640//478 642//480 
f 640//478 638//476 642//480 
f 641//479 644//482 645//483 
f 644//482 646//484 645//483 
f 646//484 643//481 645//483 
f 643//481 641//479 645//483 
f 644//482 647//485 648//486 
f 647//485 649//487 648//486 
f 649//487 646//484 648//486 
f 646//484 644//482 648//486 
f 647//485 650//488 651//489 
f 650//488 652//490 651//489 
f 652//490 649//487 651//489 
f 649//487 647//485 651//489 
f 650//488 653//491 654//492 
f 653//491 655//493 654//492 
f 655//493 652//490 654//492 
f 652//490 650//488 654//492 
f 653//491 656//494 657//495 
f 656//494 658//496 657//495 
f 658//496 655//493 657//495 
f 655//493 653//491 657//495 
f 656//494 659//497 660//498 
f 659//497 661//499 660//498 
f 661//499 658//496 660//498 
f 658//496 656//494 660//498 
f 659//497 662//500 663//501 
f 662//500 664//502 663//501 
f 664//502 661//499 663//501 
f 661//499 659//497 663//501 
f 662//500 665//503 666//504 
f 665//503 667//505 666//504 
f 667//505 664//502 666//504 
f 664//502 662//500 666//504 
f 665//503 668//506 669//507 
f 668//506 670//508 669//507 
f 670//508 667//505 669//507 
f 667//505 665//503 669//507 
f 668//506 671//509 672//510 
f 671//509 673//511 672//510 
f 673//511 670//508 672//510 
f 670//508 668//506 672//510 
f 671//509 674//512 675//513 
f 674//512 676//514 675//513 
f 676//514 673//511 675//513 
f 673//511 671//509 675//513 
f 674//512 677//515 678//516 
f 677//515 679//517 678//516 
f 679//517 676//514 678//516 
f 676//514 674//512 678//516 
f 677//515 680//518 681//519 
f 680//518 682//520 681//519 
f 682//520 679//517 681//519 
f 679//517 677//515 681//519 
f 680//518 683//521 684//522 
f 683//521 685//523 684//522 
f 685//523 682//520 684//522 
f 682//520 680//518 684//522 
f 683//521 686//524 687//525 
f 686//524 688//526 687//525 
f 688//526 685//523 687//525 
f 685//523 683//521 687//525 
f 686//524 689//527 690//528 
f 689//527 691//529 690//528 
f 691//529 688//526 690//528 
f 688//526 686//524 690//528 
f 689//527 692//530 693//531 
f 692//530 694//532 693//531 
f 694//532 691//529 693//531 
f 691//529 689//527 693//531 
f 692//530 695//533 696//534 
f 695//533 697//535 696//534 
f 697//535 694//532 696//534 
f 694//532 692//530 696//534 
f 695//533 698//536 699//537 
f 698//536 700//538 699//537 
f 700//538 697//535 699//537 
f 697//535 695//533 699//537 
f 698//536 701//539 702//540 
f 701//539 703//541 702//540 
f 703//541 700//538 702//540 
f 700//538 698//536 702//540 
f 701//539 704//542 705//543 
f 704//542 706//544 705//543 
f 706//544 703//541 705//543 
f 703//541 701//539 705//543 
f 704//542 707//545 708//546 
f 707//545 709//547 708//546 
f 709//547 706//544 708//546 
f 706//544 704//542 708//546 
f 707//545 710//548 711//549 
f 710//548 712//550 711//549 
f 712//550 709//547 711//549 
f 709//547 707//545 711//549 
f 710//548 713//551 714//552 
f 713//551 715//553 714//552 
f 715//553 712//550 714//552 
f 712//550 710//548 714//552 
f 713//551 716//554 717//555 
f 716//554 718//556 717//555 
f 718//556 715//553 717//555 
f 715//553 713//551 717//555 
f 716//554 719//557 720//558 
f 719//557 721//559 720//558 
f 721//559 718//556 720//558 
f 718//556 716//554 720//558 
f 719//557 722//560 723//561 
f 722//560 724//562 723//561 
f 724//562 721//559 723//561 
f 721//559 719//557 723//561 
f 722//560 725//563 726//564 
f 725//563 727//565 726//564 
f 727//565 724//562 726//564 
f 724//562 722//560 726//564 
f 725//563 728//566 729//567 
f 728//566 730//568 729//567 
f 730//568 727//565 729//567 
f 727//565 725//563 729//567 
f 728//566 731//569 732//570 
f 731//569 733//571 732//570 
f 733//571 730//568 732//570 
f 730//568 728//566 732//570 
s 2
f 731//569 734//572 735//91 
f 734//572 736//573 735//91 
f 736//573 733//571 735//91 
f 733//571 731//569 735//91 
s 5
f 734//572 519//357 737//574 
f 519//357 523//361 737//574 
f 523//361 736//573 737//574 
f 736//573 734//572 737//574 
s 1
f 738//575 739//576 740//577 
f 739//576 741//578 740//577 
f 741//578 742//579 740//577 
f 742//579 738//575 740//577 
s 3
f 739//576 743//580 744//581 
f 743//580 745//582 744//581 
f 745//582 741//578 744//581 
f 741//578 739//576 744//581 
s 2
f 743//580 746//583 747//584 
f 746//583 748//585 747//584 
f 748//585 745//582 747//584 
f 745//582 743//580 747//584 
f 746//583 749//586 750//587 
f 749//586 751//588 750//587 
f 751//588 748//585 750//587 
f 748//585 746//583 750//587 
f 749//586 752//589 753//590 
f 752//589 754//591 753//590 
f 754//591 751//588 753//590 
f 751//588 749//586 753//590 
f 752//589 755//592 756//593 
f 755//592 757//594 756//593 
f 757//594 754//591 756//593 
f 754//591 752//589 756//593 
f 755//592 758//595 759//596 
f 758//595 760//597 759//596 
f 760//597 757//594 759//596 
f 757//594 755//592 759//596 
f 758//595 761//598 762//599 
f 761//598 763//600 762//599 
f 763//600 760//597 762//599 
f 760//597 758//595 762//599 
f 761//598 764//601 765//602 
f 764//601 766//603 765//602 
f 766//603 763//600 765//602 
f 763//600 761//598 765//602 
f 764//601 767//604 768//605 
f 767//604 769//606 768//605 
f 769//606 766//603 768//605 
f 766//603 764//601 768//605 
f 767//604 770//607 771//608 
f 770//607 772//609 771//608 
f 772//609 769//606 771//608 
f 769//606 767//604 771//608 
f 770//607 773//610 774//611 
f 773//610 775//612 774//611 
f 775//612 772//609 774//611 
f 772//609 770//607 774//611 
f 773//610 776//613 777//614 
f 776//613 778//615 777//614 
f 778//615 775//612 777//614 
f 775//612 773//610 777//614 
f 776//613 779//616 780//617 
f 779//616 781//618 780//617 
f 781//618 778//615 780//617 
f 778//615 776//613 780//617 
f 779//616 782//619 783//620 
f 782//619 784//621 783//620 
f 784//621 781//618 783//620 
f 781//618 779//616 783//620 
f 782//619 785//622 786//623 
f 785//622 787//624 786//623 
f 787//624 784//621 786//623 
f 784//621 782//619 786//623 
f 785//622 788//625 789//626 
f 788//625 790//627 789//626 
f 790//627 787//624 789//626 
f 787//624 785//622 789//626 
f 788//625 791//628 792//629 
f 791//628 793//630 792//629 
f 793//630 790//627 792//629 
f 790//627 788//625 792//629 
f 791//628 794//631 795//632 
f 794//631 796//633 795//632 
f 796//633 793//630 795//632 
f 793//630 791//628 795//632 
f 794//631 797//634 798//635 
f 797//634 799//636 798//635 
f 799//636 796//633 798//635 
f 796//633 794//631 798//635 
f 797//634 800//637 801//638 
f 800//637 802//639 801//638 
f 802//639 799//636 801//638 
f 799//636 797//634 801//638 
f 800//637 803//640 804//641 
f 803//640 805//642 804//641 
f 805//642 802//639 804//641 
f 802//639 800//637 804//641 
f 803//640 806//643 807//644 
f 806//643 808//645 807//644 
f 808//645 805//642 807//644 
f 805//642 803//640 807//644 
f 806//643 809//646 810//647 
f 809//646 811//648 810//647 
f 811//648 808//645 810//647 
f 808//645 806//643 810//647 
f 809//646 812//649 813//650 
f 812//649 814//651 813//650 
f 814//651 811//648 813//650 
f 811//648 809//646 813//650 
f 812//649 815//652 816//653 
f 815//652 817//654 816//653 
f 817//654 814//651 816//653 
f 814//651 812//649 816//653 
f 815//652 818//655 819//656 
f 818//655 820//657 819//656 
f 820//657 817//654 819//656 
f 817//654 815//652 819//656 
f 818//655 821//658 822//659 
f 821//658 823//660 822//659 
f 823//660 820//657 822//659 
f 820//657 818//655 822//659 
f 821//658 824//661 825//662 
f 824//661 826//663 825//662 
f 826//663 823//660 825//662 
f 823//660 821//658 825//662 
f 824//661 827//664 828//665 
f 827//664 829//666 828//665 
f 829//666 826//663 828//665 
f 826//663 824//661 828//665 
f 827//664 830//667 831//668 
f 830//667 832//669 831//668 
f 832//669 829//666 831//668 
f 829//666 827//664 831//668 
f 830//667 833//670 834//671 
f 833//670 835//672 834//671 
f 835//672 832//669 834//671 
f 832//669 830//667 834//671 
f 833//670 836//673 837//674 
f 836//673 838//675 837//674 
f 838//675 835//672 837//674 
f 835//672 833//670 837//674 
f 836//673 839//676 840//677 
f 839//676 841//678 840//677 
f 841//678 838//675 840//677 
f 838//675 836//673 840//677 
f 839//676 842//679 843//680 
f 842//679 844//681 843//680 
f 844//681 841//678 843//680 
f 841//678 839//676 843//680 
s 3
f 842//679 738//575 845//682 
f 738//575 742//579 845//682 
f 742//579 844//681 845//682 
f 844//681 842//679 845//682 
s 16
f 542//380 770//607 846//175 
f 770//607 767//604 846//175 
f 767//604 542//380 846//175 
f 733//571 736//573 847//176 
f 736//573 523//361 847//176 
f 523//361 733//571 847//176 
f 542//380 539//377 848//175 
f 539//377 701//539 848//175 
f 701//539 698//536 848//175 
f 698//536 695//533 848//175 
f 695//533 692//530 848//175 
f 692//530 689//527 848//175 
f 689//527 542//380 848//175 
f 683//521 680//518 849//175 
f 680//518 850//175 779//616 849//175 
f 779//616 776//613 849//175 
f 776//613 683//521 849//175 
f 767//604 764//601 851//175 
f 764//601 542//380 851//175 
f 542//380 767//604 851//175 
f 764//601 761//598 852//175 
f 761//598 563//401 852//175 
f 563//401 560//398 852//175 
f 560//398 557//395 852//175 
f 557//395 554//392 852//175 
f 554//392 551//389 852//175 
f 551//389 548//386 852//175 
f 548//386 545//383 852//175 
f 545//383 542//380 852//175 
f 542//380 764//601 852//175 
f 761//598 758//595 853//175 
f 758//595 569//407 853//175 
f 569//407 566//404 853//175 
f 566//404 563//401 853//175 
f 563//401 761//598 853//175 
f 758//595 755//592 854//175 
f 755//592 572//410 854//175 
f 572//410 569//407 854//175 
f 569//407 758//595 854//175 
f 755//592 752//589 855//175 
f 752//589 578//416 855//175 
f 578//416 575//413 855//175 
f 575//413 572//410 855//175 
f 572//410 755//592 855//175 
f 752//589 749//586 856//175 
f 749//586 581//419 856//175 
f 581//419 578//416 856//175 
f 578//416 752//589 856//175 
f 749//586 746//583 857//175 
f 746//583 584//422 857//175 
f 584//422 581//419 857//175 
f 581//419 749//586 857//175 
f 746//583 743//580 858//175 
f 743//580 590//428 858//175 
f 590//428 587//425 858//175 
f 587//425 584//422 858//175 
f 584//422 746//583 858//175 
f 743//580 739//576 859//175 
f 739//576 593//431 859//175 
f 593//431 590//428 859//175 
f 590//428 743//580 859//175 
f 739//576 738//575 860//175 
f 738//575 593//431 860//175 
f 593//431 739//576 860//175 
f 738//575 842//679 861//175 
f 842//679 596//434 861//175 
f 596//434 593//431 861//175 
f 593//431 738//575 861//175 
f 842//679 839//676 862//175 
f 839//676 602//440 862//175 
f 602//440 599//437 862//175 
f 599//437 596//434 862//175 
f 596//434 842//679 862//175 
f 839//676 836//673 863//175 
f 836//673 608//446 863//175 
f 608//446 605//443 863//175 
f 605//443 602//440 863//175 
f 602//440 839//676 863//175 
f 836//673 833//670 864//175 
f 833//670 614//452 864//175 
f 614//452 611//449 864//175 
f 611//449 608//446 864//175 
f 608//446 836//673 864//175 
f 833//670 830//667 865//175 
f 830//667 620//458 865//175 
f 620//458 617//455 865//175 
f 617//455 614//452 865//175 
f 614//452 833//670 865//175 
f 830//667 827//664 866//175 
f 827//664 626//464 866//175 
f 626//464 623//461 866//175 
f 623//461 620//458 866//175 
f 620//458 830//667 866//175 
f 827//664 824//661 867//175 
f 824//661 632//470 867//175 
f 632//470 629//467 867//175 
f 629//467 626//464 867//175 
f 626//464 827//664 867//175 
f 824//661 821//658 868//175 
f 821//658 638//476 868//175 
f 638//476 635//473 868//175 
f 635//473 632//470 868//175 
f 632//470 824//661 868//175 
f 821//658 818//655 869//175 
f 818//655 644//482 869//175 
f 644//482 641//479 869//175 
f 641//479 638//476 869//175 
f 638//476 821//658 869//175 
f 818//655 815//652 870//175 
f 815//652 650//488 870//175 
f 650//488 647//485 870//175 
f 647//485 644//482 870//175 
f 644//482 818//655 870//175 
f 815//652 812//649 871//175 
f 812//649 653//491 871//175 
f 653//491 650//488 871//175 
f 650//488 815//652 871//175 
f 812//649 809//646 872//175 
f 809//646 653//491 872//175 
f 653//491 812//649 872//175 
f 809//646 806//643 873//175 
f 806//643 656//494 873//175 
f 656//494 653//491 873//175 
f 653//491 809//646 873//175 
f 806//643 803//640 874//175 
f 803//640 659//497 874//175 
f 659//497 656//494 874//175 
f 656//494 806//643 874//175 
f 803//640 800//637 875//175 
f 800//637 662//500 875//175 
f 662//500 659//497 875//175 
f 659//497 803//640 875//175 
f 800//637 797//634 876//175 
f 797//634 665//503 876//175 
f 665//503 662//500 876//175 
f 662//500 800//637 876//175 
f 797//634 794//631 877//175 
f 794//631 668//506 877//175 
f 668//506 665//503 877//175 
f 665//503 797//634 877//175 
f 794//631 791//628 878//175 
f 791//628 671//509 878//175 
f 671//509 668//506 878//175 
f 668//506 794//631 878//175 
f 791//628 788//625 879//175 
f 788//625 674//512 879//175 
f 674//512 671//509 879//175 
f 671//509 791//628 879//175 
f 788//625 785//622 880//175 
f 785//622 674//512 880//175 
f 674//512 788//625 880//175 
f 785//622 782//619 881//175 
f 782//619 677//515 881//175 
f 677//515 674//512 881//175 
f 674//512 785//622 881//175 
f 782//619 779//616 850//175 
f 680//518 677//515 850//175 
f 677//515 782//619 850//175 
f 776//613 773//610 882//175 
f 773//610 689//527 882//175 
f 689//527 686//524 882//175 
f 686//524 683//521 882//175 
f 683//521 776//613 882//175 
f 773//610 770//607 883//175 
f 770//607 542//380 883//175 
f 542//380 689//527 883//175 
f 689//527 773//610 883//175 
f 539//377 536//374 884//175 
f 536//374 704//542 884//175 
f 704//542 701//539 884//175 
f 701//539 539//377 884//175 
f 536//374 533//371 885//175 
f 533//371 710//548 885//175 
f 710//548 707//545 885//175 
f 707//545 704//542 885//175 
f 704//542 536//374 885//175 
f 533//371 530//368 886//175 
f 530//368 719//557 886//175 
f 719//557 716//554 886//175 
f 716//554 713//551 886//175 
f 713//551 710//548 886//175 
f 710//548 533//371 886//175 
f 530//368 527//365 887//175 
f 527//365 725//563 887//175 
f 725//563 722//560 887//175 
f 722//560 719//557 887//175 
f 719//557 530//368 887//175 
f 527//365 524//362 888//175 
f 524//362 731//569 888//175 
f 731//569 728//566 888//175 
f 728//566 725//563 888//175 
f 725//563 527//365 888//175 
f 524//362 520//358 889//175 
f 520//358 731//569 889//175 
f 731//569 524//362 889//175 
f 520//358 519//357 890//175 
f 519//357 731//569 890//175 
f 731//569 520//358 890//175 
f 519//357 734//572 891//175 
f 734//572 731//569 891//175 
f 731//569 519//357 891//175 
f 544//382 772//609 892//176 
f 772//609 775//612 892//176 
f 775//612 691//529 892//176 
f 691//529 544//382 892//176 
f 523//361 522//360 893//176 
f 522//360 733//571 893//176 
f 733//571 523//361 893//176 
f 522//360 526//364 894//176 
f 526//364 733//571 894//176 
f 733//571 522//360 894//176 
f 526//364 529//367 895//176 
f 529//367 727//565 895//176 
f 727//565 730//568 895//176 
f 730//568 733//571 895//176 
f 733//571 526//364 895//176 
f 529//367 532//370 896//176 
f 532//370 721//559 896//176 
f 721//559 724//562 896//176 
f 724//562 727//565 896//176 
f 727//565 529//367 896//176 
f 532//370 535//373 897//176 
f 535//373 712//550 897//176 
f 712//550 715//553 897//176 
f 715//553 718//556 897//176 
f 718//556 721//559 897//176 
f 721//559 532//370 897//176 
f 535//373 538//376 898//176 
f 538//376 706//544 898//176 
f 706//544 709//547 898//176 
f 709//547 712//550 898//176 
f 712//550 535//373 898//176 
f 538//376 541//379 899//176 
f 541//379 703//541 899//176 
f 703//541 706//544 899//176 
f 706//544 538//376 899//176 
f 541//379 544//382 900//176 
f 544//382 691//529 900//176 
f 691//529 694//532 900//176 
f 694//532 697//535 900//176 
f 697//535 700//538 900//176 
f 700//538 703//541 900//176 
f 703//541 541//379 900//176 
f 679//517 682//520 901//176 
f 781//618 784//621 901//176 
f 784//621 679//517 901//176 
f 775//612 778//615 902//176 
f 778//615 685//523 902//176 
f 685//523 688//526 902//176 
f 688//526 691//529 902//176 
f 691//529 775//612 902//176 
f 778//615 781//618 903//176 
f 781//618 901//176 682//520 903//176 
f 682//520 685//523 903//176 
f 685//523 778//615 903//176 
f 784//621 787//624 904//176 
f 787//624 676//514 904//176 
f 676//514 679//517 904//176 
f 679//517 784//621 904//176 
f 787//624 790//627 905//176 
f 790//627 676//514 905//176 
f 676//514 787//624 905//176 
f 790//627 793//630 906//176 
f 793//630 673//511 906//176 
f 673//511 676//514 906//176 
f 676//514 790//627 906//176 
f 793//630 796//633 907//176 
f 796//633 670//508 907//176 
f 670//508 673//511 907//176 
f 673//511 793//630 907//176 
f 796//633 799//636 908//176 
f 799//636 667//505 908//176 
f 667//505 670//508 908//176 
f 670//508 796//633 908//176 
f 799//636 802//639 909//176 
f 802//639 664//502 909//176 
f 664//502 667//505 909//176 
f 667//505 799//636 909//176 
f 802//639 805//642 910//176 
f 805//642 661//499 910//176 
f 661//499 664//502 910//176 
f 664//502 802//639 910//176 
f 805//642 808//645 911//176 
f 808//645 658//496 911//176 
f 658//496 661//499 911//176 
f 661//499 805//642 911//176 
f 808//645 811//648 912//176 
f 811//648 655//493 912//176 
f 655//493 658//496 912//176 
f 658//496 808//645 912//176 
f 811//648 814//651 913//176 
f 814//651 655//493 913//176 
f 655//493 811//648 913//176 
f 814//651 817//654 914//176 
f 817//654 652//490 914//176 
f 652//490 655//493 914//176 
f 655//493 814//651 914//176 
f 817//654 820//657 915//176 
f 820//657 646//484 915//176 
f 646//484 649//487 915//176 
f 649//487 652//490 915//176 
f 652//490 817//654 915//176 
f 820//657 823//660 916//176 
f 823//660 640//478 916//176 
f 640//478 643//481 916//176 
f 643//481 646//484 916//176 
f 646//484 820//657 916//176 
f 823//660 826//663 917//176 
f 826//663 634//472 917//176 
f 634//472 637//475 917//176 
f 637//475 640//478 917//176 
f 640//478 823//660 917//176 
f 826//663 829//666 918//176 
f 829//666 628//466 918//176 
f 628//466 631//469 918//176 
f 631//469 634//472 918//176 
f 634//472 826//663 918//176 
f 829//666 832//669 919//176 
f 832//669 622//460 919//176 
f 622//460 625//463 919//176 
f 625//463 628//466 919//176 
f 628//466 829//666 919//176 
f 832//669 835//672 920//176 
f 835//672 616//454 920//176 
f 616//454 619//457 920//176 
f 619//457 622//460 920//176 
f 622//460 832//669 920//176 
f 835//672 838//675 921//176 
f 838//675 610//448 921//176 
f 610//448 613//451 921//176 
f 613//451 616//454 921//176 
f 616//454 835//672 921//176 
f 838//675 841//678 922//176 
f 841//678 604//442 922//176 
f 604//442 607//445 922//176 
f 607//445 610//448 922//176 
f 610//448 838//675 922//176 
f 841//678 844//681 923//176 
f 844//681 598//436 923//176 
f 598//436 601//439 923//176 
f 601//439 604//442 923//176 
f 604//442 841//678 923//176 
f 844//681 742//579 924//176 
f 742//579 595//433 924//176 
f 595//433 598//436 924//176 
f 598//436 844//681 924//176 
f 742//579 741//578 925//176 
f 741//578 595//433 925//176 
f 595//433 742//579 925//176 
f 741//578 745//582 926//176 
f 745//582 592//430 926//176 
f 592//430 595//433 926//176 
f 595//433 741//578 926//176 
f 745//582 748//585 927//176 
f 748//585 586//424 927//176 
f 586//424 589//427 927//176 
f 589//427 592//430 927//176 
f 592//430 745//582 927//176 
f 748//585 751//588 928//176 
f 751//588 583//421 928//176 
f 583//421 586//424 928//176 
f 586//424 748//585 928//176 
f 751//588 754//591 929//176 
f 754//591 580//418 929//176 
f 580//418 583//421 929//176 
f 583//421 751//588 929//176 
f 754//591 757//594 930//176 
f 757//594 574//412 930//176 
f 574//412 577//415 930//176 
f 577//415 580//418 930//176 
f 580//418 754//591 930//176 
f 757//594 760//597 931//176 
f 760//597 571//409 931//176 
f 571//409 574//412 931//176 
f 574//412 757//594 931//176 
f 760//597 763//600 932//176 
f 763//600 565//403 932//176 
f 565//403 568//406 932//176 
f 568//406 571//409 932//176 
f 571//409 760//597 932//176 
f 763//600 766//603 933//176 
f 766//603 544//382 933//176 
f 544//382 547//385 933//176 
f 547//385 550//388 933//176 
f 550//388 553//391 933//176 
f 553//391 556//394 933//176 
f 556//394 559//397 933//176 
f 559//397 562//400 933//176 
f 562//400 565//403 933//176 
f 565//403 763//600 933//176 
f 766//603 769//606 934//176 
f 769//606 544//382 934//176 
f 544//382 766//603 934//176 
f 769//606 772//609 935//176 
f 772//609 544//382 935//176 
f 544//382 769//606 935//176 
# 4 polygons - 1858 triangles

