# 3ds Max Wavefront OBJ Exporter v0.97b - (c)2007 guruware
# File Created: 07.12.2021 20:25:11

#
# object Vowels_2
#

v  -38.6150 0.0000 180.7219
v  -38.4823 0.0000 183.0291
v  -38.5487 5.0000 181.8755
v  -38.4823 10.0000 183.0291
v  -38.6150 10.0000 180.7219
v  -38.0843 0.0000 185.0648
v  -38.2833 5.0000 184.0470
v  -38.0843 10.0000 185.0648
v  -37.4209 0.0000 186.8292
v  -37.7526 5.0000 185.9470
v  -37.4209 10.0000 186.8292
v  -36.4922 0.0000 188.3221
v  -36.9566 5.0000 187.5756
v  -36.4922 10.0000 188.3221
v  -35.2981 0.0000 189.5435
v  -35.8952 5.0000 188.9328
v  -35.2981 10.0000 189.5435
v  -33.8387 0.0000 190.4936
v  -34.5684 5.0000 190.0186
v  -33.8387 10.0000 190.4936
v  -32.1140 0.0000 191.1721
v  -32.9763 5.0000 190.8329
v  -32.1140 10.0000 191.1721
v  -30.1238 0.0000 191.5793
v  -31.1189 5.0000 191.3757
v  -30.1238 10.0000 191.5793
v  -27.8684 0.0000 191.7150
v  -28.9961 5.0000 191.6472
v  -27.8684 10.0000 191.7150
v  -27.0869 0.0000 191.6893
v  -27.4776 5.0000 191.7022
v  -27.0869 10.0000 191.6893
v  -26.3255 0.0000 191.6120
v  -26.7062 5.0000 191.6507
v  -26.3255 10.0000 191.6120
v  -25.5842 0.0000 191.4833
v  -25.9548 5.0000 191.5477
v  -25.5842 10.0000 191.4833
v  -24.8631 0.0000 191.3031
v  -25.2236 5.0000 191.3932
v  -24.8631 10.0000 191.3031
v  -24.1621 0.0000 191.0714
v  -24.5126 5.0000 191.1872
v  -24.1621 10.0000 191.0714
v  -23.4812 0.0000 190.7882
v  -23.8216 5.0000 190.9298
v  -23.4812 10.0000 190.7882
v  -22.8204 0.0000 190.4535
v  -23.1508 5.0000 190.6208
v  -22.8204 10.0000 190.4535
v  -22.1798 0.0000 190.0673
v  -22.5001 5.0000 190.2604
v  -22.1798 10.0000 190.0673
v  -21.5592 0.0000 189.6296
v  -21.8695 5.0000 189.8484
v  -21.5592 10.0000 189.6296
v  -20.9827 0.0000 189.1404
v  -21.2710 5.0000 189.3850
v  -20.9827 10.0000 189.1404
v  -20.4740 0.0000 188.5998
v  -20.7284 5.0000 188.8701
v  -20.4740 10.0000 188.5998
v  -20.0331 0.0000 188.0076
v  -20.2536 5.0000 188.3037
v  -20.0331 10.0000 188.0076
v  -19.6601 0.0000 187.3639
v  -19.8466 5.0000 187.6858
v  -19.6601 10.0000 187.3639
v  -19.3548 0.0000 186.6688
v  -19.5074 5.0000 187.0164
v  -19.3548 10.0000 186.6688
v  -19.1174 0.0000 185.9222
v  -19.2361 5.0000 186.2955
v  -19.1174 10.0000 185.9222
v  -18.9479 0.0000 185.1240
v  -19.0327 5.0000 185.5231
v  -18.9479 10.0000 185.1240
v  -18.8461 0.0000 184.2744
v  -18.8970 5.0000 184.6992
v  -18.8461 10.0000 184.2744
v  -18.8122 0.0000 183.3733
v  -18.8292 5.0000 183.8239
v  -18.8122 10.0000 183.3733
v  -18.9354 0.0000 181.4072
v  -18.8738 5.0000 182.3902
v  -18.9354 10.0000 181.4072
v  -19.3051 0.0000 179.6723
v  -19.1203 5.0000 180.5397
v  -19.3051 10.0000 179.6723
v  -19.9213 0.0000 178.1688
v  -19.6132 5.0000 178.9206
v  -19.9213 10.0000 178.1688
v  -20.7839 0.0000 176.8966
v  -20.3526 5.0000 177.5327
v  -20.7839 10.0000 176.8966
v  -21.8930 0.0000 175.8557
v  -21.3385 5.0000 176.3761
v  -21.8930 10.0000 175.8557
v  -23.2486 0.0000 175.0461
v  -22.5708 5.0000 175.4509
v  -23.2486 10.0000 175.0461
v  -24.8506 0.0000 174.4678
v  -24.0496 5.0000 174.7570
v  -24.8506 10.0000 174.4678
v  -26.6991 0.0000 174.1209
v  -25.7749 5.0000 174.2943
v  -26.6991 10.0000 174.1209
v  -28.7941 0.0000 174.0052
v  -27.7466 5.0000 174.0630
v  -28.7941 10.0000 174.0052
v  -28.7941 0.0000 142.1275
v  -28.7941 5.0000 158.0664
v  -28.7941 10.0000 142.1275
v  -38.6150 0.0000 142.1275
v  -33.7046 5.0000 142.1275
v  -38.6150 10.0000 142.1275
v  -38.6150 5.0000 161.4247
v  -28.7603 0.0000 186.8343
v  -29.4852 0.0000 186.6818
v  -29.1228 5.0000 186.7581
v  -29.4852 10.0000 186.6818
v  -28.7603 10.0000 186.8343
v  -30.1134 0.0000 186.4278
v  -29.7993 5.0000 186.5548
v  -30.1134 10.0000 186.4278
v  -30.6450 0.0000 186.0721
v  -30.3792 5.0000 186.2500
v  -30.6450 10.0000 186.0721
v  -31.0799 0.0000 185.6149
v  -30.8624 5.0000 185.8435
v  -31.0799 10.0000 185.6149
v  -31.4182 0.0000 185.0560
v  -31.2490 5.0000 185.3354
v  -31.4182 10.0000 185.0560
v  -31.6598 0.0000 184.3954
v  -31.5390 5.0000 184.7257
v  -31.6598 10.0000 184.3954
v  -31.8048 0.0000 183.6333
v  -31.7323 5.0000 184.0144
v  -31.8048 10.0000 183.6333
v  -31.8531 0.0000 182.7696
v  -31.8289 5.0000 183.2014
v  -31.8531 10.0000 182.7696
v  -31.8048 0.0000 181.9438
v  -31.8289 5.0000 182.3567
v  -31.8048 10.0000 181.9438
v  -31.6598 0.0000 181.2152
v  -31.7323 5.0000 181.5795
v  -31.6598 10.0000 181.2152
v  -31.4182 0.0000 180.5838
v  -31.5390 5.0000 180.8995
v  -31.4182 10.0000 180.5838
v  -31.0799 0.0000 180.0495
v  -31.2490 5.0000 180.3166
v  -31.0799 10.0000 180.0495
v  -30.6450 0.0000 179.6123
v  -30.8624 5.0000 179.8309
v  -30.6450 10.0000 179.6123
v  -30.1134 0.0000 179.2723
v  -30.3792 5.0000 179.4423
v  -30.1134 10.0000 179.2723
v  -29.4852 0.0000 179.0294
v  -29.7993 5.0000 179.1509
v  -29.4852 10.0000 179.0294
v  -28.7603 0.0000 178.8837
v  -29.1228 5.0000 178.9566
v  -28.7603 10.0000 178.8837
v  -27.9388 0.0000 178.8352
v  -28.3496 5.0000 178.8595
v  -27.9388 10.0000 178.8352
v  -27.1046 0.0000 178.8837
v  -27.5217 5.0000 178.8595
v  -27.1046 10.0000 178.8837
v  -26.3686 0.0000 179.0294
v  -26.7366 5.0000 178.9566
v  -26.3686 10.0000 179.0294
v  -25.7307 0.0000 179.2723
v  -26.0496 5.0000 179.1509
v  -25.7307 10.0000 179.2723
v  -25.1909 0.0000 179.6123
v  -25.4608 5.0000 179.4423
v  -25.1909 10.0000 179.6123
v  -24.7493 0.0000 180.0495
v  -24.9701 5.0000 179.8309
v  -24.7493 10.0000 180.0495
v  -24.4058 0.0000 180.5838
v  -24.5775 5.0000 180.3166
v  -24.4058 10.0000 180.5838
v  -24.1604 0.0000 181.2152
v  -24.2831 5.0000 180.8995
v  -24.1604 10.0000 181.2152
v  -24.0132 0.0000 181.9438
v  -24.0868 5.0000 181.5795
v  -24.0132 10.0000 181.9438
v  -23.9642 0.0000 182.7696
v  -23.9887 5.0000 182.3567
v  -23.9642 10.0000 182.7696
v  -24.0132 0.0000 183.6333
v  -23.9887 5.0000 183.2014
v  -24.0132 10.0000 183.6333
v  -24.1604 0.0000 184.3954
v  -24.0868 5.0000 184.0144
v  -24.1604 10.0000 184.3954
v  -24.4058 0.0000 185.0560
v  -24.2831 5.0000 184.7257
v  -24.4058 10.0000 185.0560
v  -24.7493 0.0000 185.6149
v  -24.5775 5.0000 185.3354
v  -24.7493 10.0000 185.6149
v  -25.1909 0.0000 186.0721
v  -24.9701 5.0000 185.8435
v  -25.1909 10.0000 186.0721
v  -25.7307 0.0000 186.4278
v  -25.4608 5.0000 186.2500
v  -25.7307 10.0000 186.4278
v  -26.3686 0.0000 186.6818
v  -26.0496 5.0000 186.5548
v  -26.3686 10.0000 186.6818
v  -27.1046 0.0000 186.8343
v  -26.7366 5.0000 186.7581
v  -27.1046 10.0000 186.8343
v  -27.9388 0.0000 186.8851
v  -27.5217 5.0000 186.8597
v  -27.9388 10.0000 186.8851
v  -28.3496 5.0000 186.8597
v  -14.1433 0.0000 180.7219
v  -14.0106 0.0000 183.0291
v  -14.0769 5.0000 181.8755
v  -14.0106 10.0000 183.0291
v  -14.1433 10.0000 180.7219
v  -13.6126 0.0000 185.0648
v  -13.8116 5.0000 184.0470
v  -13.6126 10.0000 185.0648
v  -12.9492 0.0000 186.8292
v  -13.2809 5.0000 185.9470
v  -12.9492 10.0000 186.8292
v  -12.0205 0.0000 188.3221
v  -12.4848 5.0000 187.5756
v  -12.0205 10.0000 188.3221
v  -10.8264 0.0000 189.5435
v  -11.4234 5.0000 188.9328
v  -10.8264 10.0000 189.5435
v  -9.3670 0.0000 190.4936
v  -10.0967 5.0000 190.0186
v  -9.3670 10.0000 190.4936
v  -7.6422 0.0000 191.1721
v  -8.5046 5.0000 190.8329
v  -7.6422 10.0000 191.1721
v  -5.6521 0.0000 191.5793
v  -6.6471 5.0000 191.3757
v  -5.6521 10.0000 191.5793
v  -3.3966 0.0000 191.7150
v  -4.5243 5.0000 191.6472
v  -3.3966 10.0000 191.7150
v  -2.5413 0.0000 191.6870
v  -2.9690 5.0000 191.7010
v  -2.5413 10.0000 191.6870
v  -1.7196 0.0000 191.6031
v  -2.1304 5.0000 191.6451
v  -1.7196 10.0000 191.6031
v  -0.9313 0.0000 191.4632
v  -1.3254 5.0000 191.5331
v  -0.9313 10.0000 191.4632
v  -0.1767 0.0000 191.2673
v  -0.5540 5.0000 191.3652
v  -0.1767 10.0000 191.2673
v  0.5445 0.0000 191.0155
v  0.1839 5.0000 191.1414
v  0.5445 10.0000 191.0155
v  1.2321 0.0000 190.7077
v  0.8883 5.0000 190.8616
v  1.2321 10.0000 190.7077
v  1.8861 0.0000 190.3439
v  1.5591 5.0000 190.5258
v  1.8861 10.0000 190.3439
v  2.5067 0.0000 189.9242
v  2.1964 5.0000 190.1340
v  2.5067 10.0000 189.9242
v  3.0936 0.0000 189.4485
v  2.8001 5.0000 189.6863
v  3.0936 10.0000 189.4485
v  3.6322 0.0000 188.9258
v  3.3629 5.0000 189.1871
v  3.6322 10.0000 188.9258
v  4.1073 0.0000 188.3650
v  3.8697 5.0000 188.6454
v  4.1073 10.0000 188.3650
v  4.5191 0.0000 187.7661
v  4.3132 5.0000 188.0655
v  4.5191 10.0000 187.7661
v  4.8676 0.0000 187.1292
v  4.6934 5.0000 187.4476
v  4.8676 10.0000 187.1292
v  5.1527 0.0000 186.4541
v  5.0101 5.0000 186.7916
v  5.1527 10.0000 186.4541
v  5.3744 0.0000 185.7410
v  5.2636 5.0000 186.0976
v  5.3744 10.0000 185.7410
v  5.5328 0.0000 184.9899
v  5.4536 5.0000 185.3654
v  5.5328 10.0000 184.9899
v  5.6279 0.0000 184.2006
v  5.5803 5.0000 184.5952
v  5.6279 10.0000 184.2006
v  5.6595 0.0000 183.3733
v  5.6437 5.0000 183.7870
v  5.6595 10.0000 183.3733
v  5.5363 0.0000 181.4072
v  5.5979 5.0000 182.3902
v  5.5363 10.0000 181.4072
v  5.1666 0.0000 179.6723
v  5.3515 5.0000 180.5397
v  5.1666 10.0000 179.6723
v  4.5504 0.0000 178.1688
v  4.8585 5.0000 178.9206
v  4.5504 10.0000 178.1688
v  3.6878 0.0000 176.8966
v  4.1191 5.0000 177.5327
v  3.6878 10.0000 176.8966
v  2.5787 0.0000 175.8557
v  3.1333 5.0000 176.3761
v  2.5787 10.0000 175.8557
v  1.2231 0.0000 175.0461
v  1.9009 5.0000 175.4509
v  1.2231 10.0000 175.0461
v  -0.3789 0.0000 174.4678
v  0.4221 5.0000 174.7570
v  -0.3789 10.0000 174.4678
v  -2.2274 0.0000 174.1209
v  -1.3031 5.0000 174.2943
v  -2.2274 10.0000 174.1209
v  -4.3224 0.0000 174.0052
v  -3.2749 5.0000 174.0630
v  -4.3224 10.0000 174.0052
v  -4.3224 0.0000 142.1275
v  -4.3224 5.0000 158.0664
v  -4.3224 10.0000 142.1275
v  -14.1433 0.0000 142.1275
v  -9.2328 5.0000 142.1275
v  -14.1433 10.0000 142.1275
v  -14.1433 5.0000 161.4247
v  -4.2886 0.0000 186.8343
v  -5.0134 0.0000 186.6818
v  -4.6510 5.0000 186.7581
v  -5.0134 10.0000 186.6818
v  -4.2886 10.0000 186.8343
v  -5.6416 0.0000 186.4278
v  -5.3275 5.0000 186.5548
v  -5.6416 10.0000 186.4278
v  -6.1732 0.0000 186.0721
v  -5.9074 5.0000 186.2500
v  -6.1732 10.0000 186.0721
v  -6.6081 0.0000 185.6149
v  -6.3907 5.0000 185.8435
v  -6.6081 10.0000 185.6149
v  -6.9464 0.0000 185.0560
v  -6.7773 5.0000 185.3354
v  -6.9464 10.0000 185.0560
v  -7.1880 0.0000 184.3954
v  -7.0672 5.0000 184.7257
v  -7.1880 10.0000 184.3954
v  -7.3330 0.0000 183.6333
v  -7.2605 5.0000 184.0144
v  -7.3330 10.0000 183.6333
v  -7.3813 0.0000 182.7696
v  -7.3572 5.0000 183.2014
v  -7.3813 10.0000 182.7696
v  -7.3330 0.0000 181.9438
v  -7.3572 5.0000 182.3567
v  -7.3330 10.0000 181.9438
v  -7.1880 0.0000 181.2152
v  -7.2605 5.0000 181.5795
v  -7.1880 10.0000 181.2152
v  -6.9464 0.0000 180.5838
v  -7.0672 5.0000 180.8995
v  -6.9464 10.0000 180.5838
v  -6.6081 0.0000 180.0495
v  -6.7773 5.0000 180.3166
v  -6.6081 10.0000 180.0495
v  -6.1732 0.0000 179.6123
v  -6.3907 5.0000 179.8309
v  -6.1732 10.0000 179.6123
v  -5.6417 0.0000 179.2723
v  -5.9074 5.0000 179.4423
v  -5.6417 10.0000 179.2723
v  -5.0134 0.0000 179.0294
v  -5.3275 5.0000 179.1509
v  -5.0134 10.0000 179.0294
v  -4.2886 0.0000 178.8837
v  -4.6510 5.0000 178.9566
v  -4.2886 10.0000 178.8837
v  -3.4670 0.0000 178.8352
v  -3.8778 5.0000 178.8595
v  -3.4670 10.0000 178.8352
v  -2.6329 0.0000 178.8837
v  -3.0500 5.0000 178.8595
v  -2.6329 10.0000 178.8837
v  -1.8968 0.0000 179.0294
v  -2.2648 5.0000 178.9566
v  -1.8968 10.0000 179.0294
v  -1.2589 0.0000 179.2723
v  -1.5779 5.0000 179.1509
v  -1.2589 10.0000 179.2723
v  -0.7191 0.0000 179.6123
v  -0.9890 5.0000 179.4423
v  -0.7191 10.0000 179.6123
v  -0.2775 0.0000 180.0495
v  -0.4983 5.0000 179.8309
v  -0.2775 10.0000 180.0495
v  0.0660 0.0000 180.5838
v  -0.1058 5.0000 180.3166
v  0.0660 10.0000 180.5838
v  0.3113 0.0000 181.2152
v  0.1886 5.0000 180.8995
v  0.3113 10.0000 181.2152
v  0.4585 0.0000 181.9438
v  0.3849 5.0000 181.5795
v  0.4585 10.0000 181.9438
v  0.5076 0.0000 182.7696
v  0.4831 5.0000 182.3567
v  0.5076 10.0000 182.7696
v  0.4585 0.0000 183.6333
v  0.4831 5.0000 183.2014
v  0.4585 10.0000 183.6333
v  0.3113 0.0000 184.3954
v  0.3849 5.0000 184.0144
v  0.3113 10.0000 184.3954
v  0.0660 0.0000 185.0560
v  0.1886 5.0000 184.7257
v  0.0660 10.0000 185.0560
v  -0.2775 0.0000 185.6149
v  -0.1058 5.0000 185.3354
v  -0.2775 10.0000 185.6149
v  -0.7191 0.0000 186.0721
v  -0.4983 5.0000 185.8435
v  -0.7191 10.0000 186.0721
v  -1.2589 0.0000 186.4278
v  -0.9890 5.0000 186.2500
v  -1.2589 10.0000 186.4278
v  -1.8968 0.0000 186.6818
v  -1.5779 5.0000 186.5548
v  -1.8968 10.0000 186.6818
v  -2.6329 0.0000 186.8343
v  -2.2648 5.0000 186.7581
v  -2.6329 10.0000 186.8343
v  -3.4670 0.0000 186.8851
v  -3.0500 5.0000 186.8597
v  -3.4670 10.0000 186.8851
v  -3.8778 5.0000 186.8597
v  -33.8977 0.0000 180.8403
v  -9.4259 0.0000 180.8403
v  -33.8977 10.0000 180.8403
v  -33.7044 10.0000 180.4517
v  -9.4259 10.0000 180.8403
v  -9.2326 10.0000 180.4517
v  -35.0561 0.0000 183.6242
v  -34.0265 0.0000 181.2936
v  -35.1888 0.0000 182.1161
v  -34.7424 0.0000 184.9807
v  -34.2478 0.0000 186.1507
v  -33.5721 0.0000 187.1341
v  -32.7154 0.0000 187.9310
v  -31.6778 0.0000 188.5414
v  -30.4591 0.0000 188.9653
v  -29.4564 0.0000 188.3651
v  -28.6728 0.0000 189.2534
v  -27.2648 0.0000 189.7471
v  -26.0492 0.0000 189.5829
v  -24.9211 0.0000 189.2545
v  -23.8806 0.0000 188.7618
v  -22.5226 0.0000 188.1873
v  -21.8644 0.0000 186.9284
v  -21.3397 0.0000 185.8813
v  -21.0170 0.0000 184.6699
v  -21.4089 0.0000 183.5126
v  -21.4313 0.0000 182.3735
v  -21.6036 0.0000 181.0596
v  -21.9482 0.0000 179.9100
v  -22.4651 0.0000 178.9247
v  -23.1543 0.0000 178.1035
v  -24.0158 0.0000 177.4466
v  -25.0496 0.0000 176.9539
v  -26.2557 0.0000 176.6255
v  -27.6342 0.0000 176.4612
v  -28.4977 0.0000 177.2414
v  -33.7046 0.0000 159.7455
v  -32.7379 0.0000 179.6745
v  -31.4137 0.0000 178.1601
v  -33.1245 0.0000 179.8688
v  -33.4466 0.0000 180.1279
v  -33.7044 0.0000 180.4517
v  -10.5844 0.0000 183.6242
v  -9.5548 0.0000 181.2936
v  -10.7170 0.0000 182.1161
v  -10.2707 0.0000 184.9807
v  -9.7760 0.0000 186.1507
v  -9.1003 0.0000 187.1341
v  -8.2437 0.0000 187.9310
v  -7.2060 0.0000 188.5414
v  -5.9873 0.0000 188.9653
v  -4.9847 0.0000 188.3651
v  -4.2011 0.0000 189.2534
v  -2.7515 0.0000 189.7449
v  -1.4714 0.0000 189.5699
v  -0.3112 0.0000 189.2200
v  0.7294 0.0000 188.6951
v  1.6472 0.0000 187.9971
v  2.8191 0.0000 187.1428
v  3.1544 0.0000 185.7551
v  3.4610 0.0000 184.5921
v  3.0634 0.0000 183.4942
v  3.0405 0.0000 182.3735
v  2.8682 0.0000 181.0596
v  2.5236 0.0000 179.9100
v  2.0067 0.0000 178.9247
v  1.3175 0.0000 178.1035
v  0.4559 0.0000 177.4466
v  -0.5779 0.0000 176.9539
v  -1.7840 0.0000 176.6255
v  -3.1624 0.0000 176.4612
v  -4.0260 0.0000 177.2414
v  -9.2328 0.0000 159.7455
v  -8.2661 0.0000 179.6745
v  -6.9419 0.0000 178.1601
v  -8.6527 0.0000 179.8688
v  -8.9749 0.0000 180.1279
v  -9.2326 0.0000 180.4517
v  -35.1888 10.0000 182.1161
v  -33.7046 10.0000 159.7455
v  -33.4466 10.0000 180.1279
v  -33.1245 10.0000 179.8688
v  -32.7379 10.0000 179.6745
v  -31.4137 10.0000 178.1601
v  -28.4977 10.0000 177.2414
v  -27.6342 10.0000 176.4612
v  -26.2557 10.0000 176.6255
v  -25.0496 10.0000 176.9539
v  -24.0158 10.0000 177.4466
v  -23.1543 10.0000 178.1035
v  -22.4651 10.0000 178.9247
v  -21.9482 10.0000 179.9100
v  -21.6036 10.0000 181.0596
v  -21.4313 10.0000 182.3735
v  -21.4089 10.0000 183.5126
v  -21.0170 10.0000 184.6699
v  -21.3397 10.0000 185.8813
v  -21.8644 10.0000 186.9284
v  -22.5226 10.0000 188.1873
v  -23.8806 10.0000 188.7618
v  -24.9211 10.0000 189.2545
v  -26.0492 10.0000 189.5829
v  -27.2648 10.0000 189.7471
v  -28.6728 10.0000 189.2534
v  -29.4564 10.0000 188.3651
v  -30.4591 10.0000 188.9653
v  -31.6778 10.0000 188.5414
v  -32.7154 10.0000 187.9310
v  -33.5721 10.0000 187.1341
v  -34.2478 10.0000 186.1507
v  -34.7424 10.0000 184.9807
v  -35.0561 10.0000 183.6242
v  -34.0265 10.0000 181.2936
v  -10.7170 10.0000 182.1161
v  -9.2328 10.0000 159.7455
v  -8.9749 10.0000 180.1279
v  -8.6527 10.0000 179.8688
v  -8.2661 10.0000 179.6745
v  -6.9419 10.0000 178.1601
v  -4.0260 10.0000 177.2414
v  -3.1624 10.0000 176.4612
v  -1.7840 10.0000 176.6255
v  -0.5779 10.0000 176.9539
v  0.4559 10.0000 177.4466
v  1.3175 10.0000 178.1035
v  2.0067 10.0000 178.9247
v  2.5236 10.0000 179.9100
v  2.8682 10.0000 181.0596
v  3.0405 10.0000 182.3735
v  3.0634 10.0000 183.4942
v  3.4610 10.0000 184.5921
v  3.1544 10.0000 185.7551
v  2.8191 10.0000 187.1428
v  1.6472 10.0000 187.9971
v  0.7294 10.0000 188.6951
v  -0.3112 10.0000 189.2200
v  -1.4714 10.0000 189.5699
v  -2.7515 10.0000 189.7449
v  -4.2011 10.0000 189.2534
v  -4.9847 10.0000 188.3651
v  -5.9873 10.0000 188.9653
v  -7.2060 10.0000 188.5414
v  -8.2437 10.0000 187.9310
v  -9.1003 10.0000 187.1341
v  -9.7760 10.0000 186.1507
v  -10.2707 10.0000 184.9807
v  -10.5844 10.0000 183.6242
v  -9.5548 10.0000 181.2936
v  -10.7651 0.0000 105.7831
v  -11.8302 0.0000 105.1547
v  -11.2976 5.0000 105.4689
v  -11.8302 10.0000 105.1547
v  -10.7651 10.0000 105.7831
v  -12.9348 0.0000 104.5907
v  -12.3825 5.0000 104.8727
v  -12.9348 10.0000 104.5907
v  -14.0766 0.0000 104.0937
v  -13.5057 5.0000 104.3422
v  -14.0766 10.0000 104.0937
v  -15.2532 0.0000 103.6662
v  -14.6649 5.0000 103.8800
v  -15.2532 10.0000 103.6662
v  -16.4620 0.0000 103.3108
v  -15.8576 5.0000 103.4885
v  -16.4620 10.0000 103.3108
v  -17.7007 0.0000 103.0299
v  -17.0814 5.0000 103.1703
v  -17.7007 10.0000 103.0299
v  -18.9669 0.0000 102.8261
v  -18.3338 5.0000 102.9280
v  -18.9669 10.0000 102.8261
v  -20.2582 0.0000 102.7020
v  -19.6125 5.0000 102.7641
v  -20.2582 10.0000 102.7020
v  -21.5721 0.0000 102.6601
v  -20.9151 5.0000 102.6810
v  -21.5721 10.0000 102.6601
v  -24.3117 0.0000 102.8455
v  -22.9419 5.0000 102.7528
v  -24.3117 10.0000 102.8455
v  -26.9414 0.0000 103.3853
v  -25.6266 5.0000 103.1154
v  -26.9414 10.0000 103.3853
v  -29.4369 0.0000 104.2547
v  -28.1891 5.0000 103.8200
v  -29.4369 10.0000 104.2547
v  -31.7739 0.0000 105.4290
v  -30.6054 5.0000 104.8418
v  -31.7739 10.0000 105.4290
v  -33.9284 0.0000 106.8835
v  -32.8511 5.0000 106.1563
v  -33.9284 10.0000 106.8835
v  -35.8759 0.0000 108.5935
v  -34.9022 5.0000 107.7385
v  -35.8759 10.0000 108.5935
v  -37.5925 0.0000 110.5343
v  -36.7342 5.0000 109.5639
v  -37.5925 10.0000 110.5343
v  -39.0537 0.0000 112.6810
v  -38.3231 5.0000 111.6077
v  -39.0537 10.0000 112.6810
v  -40.2355 0.0000 115.0091
v  -39.6446 5.0000 113.8451
v  -40.2355 10.0000 115.0091
v  -2.9108 0.0000 114.9920
v  -21.5732 5.0000 115.0005
v  -2.9108 10.0000 114.9920
v  -3.3711 0.0000 113.9840
v  -3.1410 5.0000 114.4880
v  -3.3711 10.0000 113.9840
v  -3.8814 0.0000 113.0103
v  -3.6263 5.0000 113.4971
v  -3.8814 10.0000 113.0103
v  -4.4407 0.0000 112.0717
v  -4.1610 5.0000 112.5410
v  -4.4407 10.0000 112.0717
v  -5.0481 0.0000 111.1689
v  -4.7444 5.0000 111.6203
v  -5.0481 10.0000 111.1689
v  -5.7028 0.0000 110.3029
v  -5.3754 5.0000 110.7359
v  -5.7028 10.0000 110.3029
v  -6.4038 0.0000 109.4743
v  -6.0533 5.0000 109.8886
v  -6.4038 10.0000 109.4743
v  -7.1504 0.0000 108.6840
v  -6.7771 5.0000 109.0792
v  -7.1504 10.0000 108.6840
v  -7.9416 0.0000 107.9327
v  -7.5460 5.0000 108.3083
v  -7.9416 10.0000 107.9327
v  -8.7764 0.0000 107.2213
v  -8.3590 5.0000 107.5770
v  -8.7764 10.0000 107.2213
v  -8.5838 0.0000 107.2934
v  -8.6801 5.0000 107.2573
v  -8.5838 10.0000 107.2934
v  -8.3875 0.0000 107.3579
v  -8.4857 5.0000 107.3256
v  -8.3875 10.0000 107.3579
v  -8.1878 0.0000 107.4144
v  -8.2877 5.0000 107.3861
v  -8.1878 10.0000 107.4144
v  -7.9848 0.0000 107.4629
v  -8.0863 5.0000 107.4386
v  -7.9848 10.0000 107.4629
v  -7.7787 0.0000 107.5030
v  -7.8817 5.0000 107.4829
v  -7.7787 10.0000 107.5030
v  -7.5697 0.0000 107.5346
v  -7.6742 5.0000 107.5188
v  -7.5697 10.0000 107.5346
v  -7.3580 0.0000 107.5574
v  -7.4638 5.0000 107.5460
v  -7.3580 10.0000 107.5574
v  -7.1438 0.0000 107.5713
v  -7.2509 5.0000 107.5643
v  -7.1438 10.0000 107.5713
v  -6.9273 0.0000 107.5759
v  -7.0355 5.0000 107.5736
v  -6.9273 10.0000 107.5759
v  -6.0277 0.0000 107.4951
v  -6.4775 5.0000 107.5355
v  -6.0277 10.0000 107.4951
v  -5.1807 0.0000 107.2623
v  -5.6042 5.0000 107.3787
v  -5.1807 10.0000 107.2623
v  -4.4006 0.0000 106.8916
v  -4.7906 5.0000 107.0769
v  -4.4006 10.0000 106.8916
v  -3.7015 0.0000 106.3972
v  -4.0510 5.0000 106.6444
v  -3.7015 10.0000 106.3972
v  -3.0976 0.0000 105.7933
v  -3.3995 5.0000 106.0953
v  -3.0976 10.0000 105.7933
v  -2.6032 0.0000 105.0942
v  -2.8504 5.0000 105.4438
v  -2.6032 10.0000 105.0942
v  -2.2325 0.0000 104.3141
v  -2.4179 5.0000 104.7042
v  -2.2325 10.0000 104.3141
v  -1.9997 0.0000 103.4671
v  -2.1161 5.0000 103.8906
v  -1.9997 10.0000 103.4671
v  -1.9189 0.0000 102.5675
v  -1.9593 5.0000 103.0173
v  -1.9189 10.0000 102.5675
v  -1.9996 0.0000 101.6679
v  -1.9593 5.0000 102.1177
v  -1.9996 10.0000 101.6679
v  -2.2325 0.0000 100.8209
v  -2.1161 5.0000 101.2444
v  -2.2325 10.0000 100.8209
v  -2.6032 0.0000 100.0408
v  -2.4179 5.0000 100.4309
v  -2.6032 10.0000 100.0408
v  -3.0976 0.0000 99.3417
v  -2.8504 5.0000 99.6912
v  -3.0976 10.0000 99.3417
v  -3.7015 0.0000 98.7378
v  -3.3995 5.0000 99.0398
v  -3.7015 10.0000 98.7378
v  -4.4006 0.0000 98.2435
v  -4.0510 5.0000 98.4907
v  -4.4006 10.0000 98.2435
v  -5.1807 0.0000 97.8727
v  -4.7906 5.0000 98.0581
v  -5.1807 10.0000 97.8727
v  -6.0277 0.0000 97.6399
v  -5.6042 5.0000 97.7563
v  -6.0277 10.0000 97.6399
v  -6.9273 0.0000 97.5591
v  -6.4775 5.0000 97.5995
v  -6.9273 10.0000 97.5591
v  -7.8269 0.0000 97.6399
v  -7.3771 5.0000 97.5995
v  -7.8269 10.0000 97.6399
v  -8.6739 0.0000 97.8727
v  -8.2504 5.0000 97.7563
v  -8.6739 10.0000 97.8727
v  -9.4540 0.0000 98.2435
v  -9.0639 5.0000 98.0581
v  -9.4540 10.0000 98.2435
v  -10.1531 0.0000 98.7378
v  -9.8036 5.0000 98.4906
v  -10.1531 10.0000 98.7378
v  -10.7570 0.0000 99.3417
v  -10.4550 5.0000 99.0398
v  -10.7570 10.0000 99.3417
v  -11.2513 0.0000 100.0408
v  -11.0042 5.0000 99.6912
v  -11.2513 10.0000 100.0408
v  -11.6221 0.0000 100.8209
v  -11.4367 5.0000 100.4309
v  -11.6221 10.0000 100.8209
v  -11.8549 0.0000 101.6679
v  -11.7385 5.0000 101.2444
v  -11.8549 10.0000 101.6679
v  -11.9357 0.0000 102.5675
v  -11.8953 5.0000 102.1177
v  -11.9357 10.0000 102.5675
v  -11.9196 0.0000 102.9713
v  -11.9276 5.0000 102.7694
v  -11.9196 10.0000 102.9713
v  -11.8721 0.0000 103.3664
v  -11.8958 5.0000 103.1689
v  -11.8721 10.0000 103.3664
v  -11.7944 0.0000 103.7515
v  -11.8333 5.0000 103.5589
v  -11.7944 10.0000 103.7515
v  -11.6879 0.0000 104.1253
v  -11.7411 5.0000 103.9384
v  -11.6879 10.0000 104.1253
v  -11.5537 0.0000 104.4867
v  -11.6208 5.0000 104.3060
v  -11.5537 10.0000 104.4867
v  -11.3930 0.0000 104.8344
v  -11.4733 5.0000 104.6606
v  -11.3930 10.0000 104.8344
v  -11.2072 0.0000 105.1672
v  -11.3001 5.0000 105.0008
v  -11.2072 10.0000 105.1672
v  -10.9975 0.0000 105.4838
v  -11.1023 5.0000 105.3255
v  -10.9975 10.0000 105.4838
v  -10.8813 5.0000 105.6334
v  -32.1006 0.0000 110.5778
v  -31.1640 0.0000 109.7889
v  -31.6323 5.0000 110.1834
v  -31.1640 10.0000 109.7889
v  -32.1006 10.0000 110.5778
v  -30.0561 0.0000 109.0374
v  -30.6100 5.0000 109.4131
v  -30.0561 10.0000 109.0374
v  -28.8084 0.0000 108.3440
v  -29.4323 5.0000 108.6907
v  -28.8084 10.0000 108.3440
v  -27.4524 0.0000 107.7299
v  -28.1304 5.0000 108.0369
v  -27.4524 10.0000 107.7299
v  -26.0193 0.0000 107.2158
v  -26.7358 5.0000 107.4728
v  -26.0193 10.0000 107.2158
v  -24.5407 0.0000 106.8226
v  -25.2800 5.0000 107.0192
v  -24.5407 10.0000 106.8226
v  -23.0480 0.0000 106.5714
v  -23.7944 5.0000 106.6970
v  -23.0480 10.0000 106.5714
v  -21.5726 0.0000 106.4830
v  -22.3103 5.0000 106.5272
v  -21.5726 10.0000 106.4830
v  -20.0962 0.0000 106.5745
v  -20.8344 5.0000 106.5287
v  -20.0962 10.0000 106.5745
v  -18.6040 0.0000 106.8330
v  -19.3501 5.0000 106.7038
v  -18.6040 10.0000 106.8330
v  -17.1274 0.0000 107.2350
v  -17.8657 5.0000 107.0340
v  -17.1274 10.0000 107.2350
v  -15.6974 0.0000 107.7566
v  -16.4124 5.0000 107.4958
v  -15.6974 10.0000 107.7566
v  -14.3453 0.0000 108.3741
v  -15.0213 5.0000 108.0653
v  -14.3453 10.0000 108.3741
v  -13.1023 0.0000 109.0639
v  -13.7238 5.0000 108.7190
v  -13.1023 10.0000 109.0639
v  -11.9995 0.0000 109.8021
v  -12.5509 5.0000 109.4330
v  -11.9995 10.0000 109.8021
v  -11.0684 0.0000 110.5652
v  -11.5340 5.0000 110.1836
v  -11.0684 10.0000 110.5652
v  -10.3399 0.0000 111.3293
v  -10.7041 5.0000 110.9473
v  -10.3399 10.0000 111.3293
v  -32.8346 0.0000 111.3831
v  -21.5872 5.0000 111.3562
v  -32.8346 10.0000 111.3831
v  -32.4676 5.0000 110.9804
v  -4.6113 0.0000 102.9903
v  -4.7207 0.0000 103.3884
v  -4.6660 5.0000 103.1894
v  -4.7207 10.0000 103.3884
v  -4.6113 10.0000 102.9903
v  -4.8950 0.0000 103.7551
v  -4.8079 5.0000 103.5717
v  -4.8950 10.0000 103.7551
v  -5.1273 0.0000 104.0836
v  -5.0112 5.0000 103.9194
v  -5.1273 10.0000 104.0836
v  -5.4111 0.0000 104.3675
v  -5.2692 5.0000 104.2256
v  -5.4111 10.0000 104.3675
v  -5.7397 0.0000 104.5998
v  -5.5754 5.0000 104.4836
v  -5.7397 10.0000 104.5998
v  -6.1064 0.0000 104.7741
v  -5.9231 5.0000 104.6869
v  -6.1064 10.0000 104.7741
v  -6.5045 0.0000 104.8835
v  -6.3054 5.0000 104.8288
v  -6.5045 10.0000 104.8835
v  -6.9273 0.0000 104.9215
v  -6.7159 5.0000 104.9025
v  -6.9273 10.0000 104.9215
v  -7.3501 0.0000 104.8835
v  -7.1387 5.0000 104.9025
v  -7.3501 10.0000 104.8835
v  -7.7482 0.0000 104.7741
v  -7.5491 5.0000 104.8288
v  -7.7482 10.0000 104.7741
v  -8.1148 0.0000 104.5998
v  -7.9315 5.0000 104.6869
v  -8.1148 10.0000 104.5998
v  -8.4434 0.0000 104.3675
v  -8.2791 5.0000 104.4836
v  -8.4434 10.0000 104.3675
v  -8.7272 0.0000 104.0836
v  -8.5853 5.0000 104.2256
v  -8.7272 10.0000 104.0836
v  -8.9596 0.0000 103.7551
v  -8.8434 5.0000 103.9194
v  -8.9596 10.0000 103.7551
v  -9.1338 0.0000 103.3884
v  -9.0467 5.0000 103.5717
v  -9.1338 10.0000 103.3884
v  -9.2433 0.0000 102.9903
v  -9.1885 5.0000 103.1894
v  -9.2433 10.0000 102.9903
v  -9.2812 0.0000 102.5675
v  -9.2623 5.0000 102.7789
v  -9.2812 10.0000 102.5675
v  -9.2433 0.0000 102.1447
v  -9.2623 5.0000 102.3561
v  -9.2433 10.0000 102.1447
v  -9.1338 0.0000 101.7466
v  -9.1886 5.0000 101.9457
v  -9.1338 10.0000 101.7466
v  -8.9596 0.0000 101.3800
v  -9.0467 5.0000 101.5633
v  -8.9596 10.0000 101.3800
v  -8.7272 0.0000 101.0514
v  -8.8434 5.0000 101.2157
v  -8.7272 10.0000 101.0514
v  -8.4434 0.0000 100.7676
v  -8.5853 5.0000 100.9095
v  -8.4434 10.0000 100.7676
v  -8.1149 0.0000 100.5352
v  -8.2791 5.0000 100.6514
v  -8.1149 10.0000 100.5352
v  -7.7482 0.0000 100.3610
v  -7.9315 5.0000 100.4481
v  -7.7482 10.0000 100.3610
v  -7.3501 0.0000 100.2515
v  -7.5491 5.0000 100.3062
v  -7.3501 10.0000 100.2515
v  -6.9273 0.0000 100.2136
v  -7.1387 5.0000 100.2325
v  -6.9273 10.0000 100.2136
v  -6.5045 0.0000 100.2515
v  -6.7159 5.0000 100.2325
v  -6.5045 10.0000 100.2515
v  -6.1064 0.0000 100.3610
v  -6.3054 5.0000 100.3062
v  -6.1064 10.0000 100.3610
v  -5.7397 0.0000 100.5352
v  -5.9231 5.0000 100.4481
v  -5.7397 10.0000 100.5352
v  -5.4112 0.0000 100.7676
v  -5.5754 5.0000 100.6514
v  -5.4112 10.0000 100.7676
v  -5.1273 0.0000 101.0514
v  -5.2692 5.0000 100.9095
v  -5.1273 10.0000 101.0514
v  -4.8950 0.0000 101.3800
v  -5.0112 5.0000 101.2157
v  -4.8950 10.0000 101.3800
v  -4.7207 0.0000 101.7466
v  -4.8079 5.0000 101.5633
v  -4.7207 10.0000 101.7466
v  -4.6113 0.0000 102.1447
v  -4.6660 5.0000 101.9457
v  -4.6113 10.0000 102.1447
v  -4.5733 0.0000 102.5675
v  -4.5923 5.0000 102.3561
v  -4.5733 10.0000 102.5675
v  -4.5923 5.0000 102.7789
v  -40.2355 0.0000 135.2225
v  -2.9108 0.0000 135.2054
v  -21.5732 5.0000 135.2140
v  -2.9108 10.0000 135.2054
v  -40.2355 10.0000 135.2225
v  -4.0850 0.0000 132.8748
v  -3.4979 5.0000 134.0401
v  -4.0850 10.0000 132.8748
v  -5.5413 0.0000 130.7280
v  -4.8131 5.0000 131.8014
v  -5.5413 10.0000 130.7280
v  -7.2553 0.0000 128.7891
v  -6.3983 5.0000 129.7585
v  -7.2553 10.0000 128.7891
v  -9.2023 0.0000 127.0822
v  -8.2288 5.0000 127.9356
v  -9.2023 10.0000 127.0822
v  -11.3577 0.0000 125.6314
v  -10.2800 5.0000 126.3568
v  -11.3577 10.0000 125.6314
v  -13.6970 0.0000 124.4611
v  -12.5273 5.0000 125.0462
v  -13.6970 10.0000 124.4611
v  -16.1955 0.0000 123.5952
v  -14.9462 5.0000 124.0281
v  -16.1955 10.0000 123.5952
v  -18.8287 0.0000 123.0579
v  -17.5121 5.0000 123.3265
v  -18.8287 10.0000 123.0579
v  -21.5721 0.0000 122.8735
v  -20.2004 5.0000 122.9657
v  -21.5721 10.0000 122.8735
v  -24.3117 0.0000 123.0589
v  -22.9419 5.0000 122.9662
v  -24.3117 10.0000 123.0589
v  -26.9414 0.0000 123.5987
v  -25.6266 5.0000 123.3288
v  -26.9414 10.0000 123.5987
v  -29.4369 0.0000 124.4681
v  -28.1891 5.0000 124.0334
v  -29.4369 10.0000 124.4681
v  -31.7739 0.0000 125.6424
v  -30.6054 5.0000 125.0552
v  -31.7739 10.0000 125.6424
v  -33.9284 0.0000 127.0969
v  -32.8511 5.0000 126.3697
v  -33.9284 10.0000 127.0969
v  -35.8759 0.0000 128.8069
v  -34.9022 5.0000 127.9519
v  -35.8759 10.0000 128.8069
v  -37.5925 0.0000 130.7477
v  -36.7342 5.0000 129.7773
v  -37.5925 10.0000 130.7477
v  -39.0537 0.0000 132.8944
v  -38.3231 5.0000 131.8211
v  -39.0537 10.0000 132.8944
v  -39.6446 5.0000 134.0585
v  -32.1006 0.0000 130.7912
v  -31.1640 0.0000 130.0023
v  -31.6323 5.0000 130.3968
v  -31.1640 10.0000 130.0023
v  -32.1006 10.0000 130.7912
v  -30.0561 0.0000 129.2508
v  -30.6100 5.0000 129.6266
v  -30.0561 10.0000 129.2508
v  -28.8084 0.0000 128.5574
v  -29.4323 5.0000 128.9041
v  -28.8084 10.0000 128.5574
v  -27.4524 0.0000 127.9433
v  -28.1304 5.0000 128.2504
v  -27.4524 10.0000 127.9433
v  -26.0193 0.0000 127.4291
v  -26.7358 5.0000 127.6862
v  -26.0193 10.0000 127.4291
v  -24.5407 0.0000 127.0360
v  -25.2800 5.0000 127.2326
v  -24.5407 10.0000 127.0360
v  -23.0480 0.0000 126.7848
v  -23.7944 5.0000 126.9104
v  -23.0480 10.0000 126.7848
v  -21.5726 0.0000 126.6964
v  -22.3103 5.0000 126.7406
v  -21.5726 10.0000 126.6964
v  -20.0962 0.0000 126.7879
v  -20.8344 5.0000 126.7422
v  -20.0962 10.0000 126.7879
v  -18.6040 0.0000 127.0464
v  -19.3501 5.0000 126.9172
v  -18.6040 10.0000 127.0464
v  -17.1274 0.0000 127.4484
v  -17.8657 5.0000 127.2474
v  -17.1274 10.0000 127.4484
v  -15.6974 0.0000 127.9700
v  -16.4124 5.0000 127.7092
v  -15.6974 10.0000 127.9700
v  -14.3453 0.0000 128.5875
v  -15.0213 5.0000 128.2787
v  -14.3453 10.0000 128.5875
v  -13.1023 0.0000 129.2773
v  -13.7238 5.0000 128.9324
v  -13.1023 10.0000 129.2773
v  -11.9995 0.0000 130.0155
v  -12.5509 5.0000 129.6464
v  -11.9995 10.0000 130.0155
v  -11.0684 0.0000 130.7786
v  -11.5340 5.0000 130.3970
v  -11.0684 10.0000 130.7786
v  -10.3399 0.0000 131.5427
v  -10.7041 5.0000 131.1606
v  -10.3399 10.0000 131.5427
v  -32.8346 0.0000 131.5965
v  -21.5872 5.0000 131.5696
v  -32.8346 10.0000 131.5965
v  -32.4676 5.0000 131.1938
v  -11.9556 0.0000 108.2163
v  -25.8338 0.0000 126.0213
v  -11.1927 10.0000 103.7629
v  -24.7105 10.0000 125.1196
v  -25.8338 10.0000 126.0213
v  -9.9832 0.0000 106.8631
v  -12.7375 0.0000 107.7403
v  -13.6026 0.0000 107.3046
v  -14.5299 0.0000 106.9249
v  -15.4988 0.0000 106.6170
v  -16.4884 0.0000 106.3969
v  -16.7907 0.0000 104.2396
v  -22.6261 0.0000 104.6400
v  -23.9668 0.0000 105.4132
v  -25.4533 0.0000 105.0673
v  -27.4625 0.0000 105.6464
v  -28.5659 0.0000 106.7762
v  -30.0188 0.0000 106.7663
v  -31.7306 0.0000 107.7847
v  -32.3976 0.0000 109.0834
v  -35.2310 0.0000 110.1089
v  -27.4094 0.0000 111.7978
v  -8.3058 0.0000 105.9721
v  -8.9186 0.0000 106.8795
v  -9.5723 0.0000 105.9027
v  -10.7785 0.0000 107.1795
v  -9.4778 0.0000 106.1576
v  -9.3422 0.0000 106.3893
v  -9.1702 0.0000 106.5935
v  -13.6602 0.0000 113.0308
v  -7.3376 0.0000 109.4448
v  -8.0030 0.0000 106.6699
v  -7.2935 0.0000 106.7924
v  -6.5967 0.0000 106.2190
v  -5.9548 0.0000 106.1037
v  -5.3568 0.0000 105.8819
v  -4.8132 0.0000 105.5640
v  -4.3344 0.0000 105.1604
v  -3.9308 0.0000 104.6816
v  -3.6129 0.0000 104.1380
v  -3.3911 0.0000 103.5400
v  -3.2758 0.0000 102.8981
v  -3.2758 0.0000 102.2369
v  -3.3911 0.0000 101.5950
v  -3.6129 0.0000 100.9971
v  -3.9308 0.0000 100.4535
v  -4.3344 0.0000 99.9746
v  -4.8132 0.0000 99.5710
v  -5.3568 0.0000 99.2531
v  -5.9548 0.0000 99.0313
v  -6.5967 0.0000 98.9160
v  -7.2579 0.0000 98.9160
v  -7.8998 0.0000 99.0313
v  -8.4977 0.0000 99.2531
v  -9.0413 0.0000 99.5710
v  -9.5202 0.0000 99.9746
v  -9.9238 0.0000 100.4535
v  -10.2417 0.0000 100.9971
v  -10.4635 0.0000 101.5950
v  -11.1927 0.0000 103.7629
v  -27.4625 0.0000 125.8598
v  -28.5659 0.0000 126.9896
v  -30.0188 0.0000 126.9797
v  -31.7306 0.0000 127.9981
v  -32.3976 0.0000 129.2968
v  -35.9459 0.0000 131.0223
v  -21.5802 0.0000 133.3918
v  -7.2004 0.0000 131.0001
v  -10.7567 0.0000 129.2921
v  -11.4154 0.0000 128.0016
v  -13.1255 0.0000 126.9893
v  -14.5799 0.0000 127.0062
v  -15.6793 0.0000 125.8686
v  -17.6889 0.0000 125.2870
v  -19.1763 0.0000 125.6307
v  -20.5174 0.0000 124.8539
v  -22.6261 0.0000 124.8534
v  -24.7105 0.0000 125.1196
v  -27.4094 10.0000 111.7978
v  -10.7785 10.0000 107.1795
v  -10.4635 10.0000 101.5950
v  -10.2417 10.0000 100.9971
v  -9.9238 10.0000 100.4535
v  -9.5202 10.0000 99.9746
v  -9.0413 10.0000 99.5710
v  -8.4977 10.0000 99.2531
v  -7.8998 10.0000 99.0313
v  -7.2579 10.0000 98.9160
v  -6.5967 10.0000 98.9160
v  -5.9548 10.0000 99.0313
v  -5.3568 10.0000 99.2531
v  -4.8132 10.0000 99.5710
v  -4.3344 10.0000 99.9746
v  -3.9308 10.0000 100.4535
v  -3.6129 10.0000 100.9971
v  -3.3910 10.0000 101.5950
v  -3.2758 10.0000 102.2369
v  -3.2758 10.0000 102.8981
v  -3.3911 10.0000 103.5400
v  -3.6129 10.0000 104.1380
v  -3.9308 10.0000 104.6816
v  -4.3344 10.0000 105.1604
v  -4.8132 10.0000 105.5640
v  -5.3568 10.0000 105.8819
v  -5.9548 10.0000 106.1037
v  -6.5967 10.0000 106.2190
v  -7.2935 10.0000 106.7924
v  -8.0030 10.0000 106.6699
v  -8.3058 10.0000 105.9721
v  -8.9186 10.0000 106.8795
v  -7.3376 10.0000 109.4448
v  -13.6602 10.0000 113.0308
v  -9.1702 10.0000 106.5935
v  -9.3422 10.0000 106.3893
v  -9.4778 10.0000 106.1576
v  -9.5723 10.0000 105.9027
v  -9.9832 10.0000 106.8631
v  -35.2310 10.0000 110.1089
v  -32.3976 10.0000 109.0834
v  -31.7306 10.0000 107.7847
v  -30.0188 10.0000 106.7663
v  -28.5659 10.0000 106.7762
v  -27.4625 10.0000 105.6464
v  -25.4533 10.0000 105.0673
v  -23.9668 10.0000 105.4132
v  -22.6261 10.0000 104.6400
v  -16.7907 10.0000 104.2396
v  -16.4884 10.0000 106.3969
v  -15.4988 10.0000 106.6170
v  -14.5299 10.0000 106.9249
v  -13.6026 10.0000 107.3046
v  -12.7375 10.0000 107.7403
v  -11.9556 10.0000 108.2163
v  -22.6261 10.0000 124.8534
v  -20.5174 10.0000 124.8539
v  -19.1763 10.0000 125.6307
v  -17.6889 10.0000 125.2870
v  -15.6793 10.0000 125.8686
v  -14.5799 10.0000 127.0062
v  -13.1255 10.0000 126.9893
v  -11.4154 10.0000 128.0016
v  -10.7567 10.0000 129.2921
v  -7.2004 10.0000 131.0001
v  -21.5802 10.0000 133.3918
v  -35.9459 10.0000 131.0223
v  -32.3976 10.0000 129.2968
v  -31.7306 10.0000 127.9981
v  -30.0188 10.0000 126.9797
v  -28.5659 10.0000 126.9896
v  -27.4625 10.0000 125.8598
# 1246 vertices

vn -0.7132 -0.7007 0.0205
vn -0.7161 -0.6922 0.0902
vn -0.9984 0.0000 0.0574
vn -0.7161 0.6922 0.0902
vn -0.7132 0.7007 0.0205
vn -0.6974 -0.6889 0.1978
vn -0.9814 0.0000 0.1919
vn -0.6974 0.6889 0.1978
vn -0.6529 -0.6856 0.3219
vn -0.9360 0.0000 0.3519
vn -0.6529 0.6856 0.3219
vn -0.5743 -0.6835 0.4506
vn -0.8491 0.0000 0.5282
vn -0.5743 0.6835 0.4506
vn -0.4630 -0.6832 0.5646
vn -0.7151 0.0000 0.6990
vn -0.4630 0.6832 0.5646
vn -0.3338 -0.6851 0.6475
vn -0.5456 0.0000 0.8381
vn -0.3338 0.6851 0.6475
vn -0.2063 -0.6882 0.6956
vn -0.3661 0.0000 0.9306
vn -0.2063 0.6882 0.6956
vn -0.0943 -0.6915 0.7162
vn -0.2004 0.0000 0.9797
vn -0.0943 0.6915 0.7162
vn -0.0097 -0.6968 0.7172
vn -0.0601 0.0000 0.9982
vn -0.0097 0.6968 0.7172
vn 0.0479 -0.6995 0.7130
vn 0.0329 0.0000 0.9995
vn 0.0479 0.6995 0.7130
vn 0.0973 -0.6992 0.7083
vn 0.1009 0.0000 0.9949
vn 0.0973 0.6992 0.7083
vn 0.1480 -0.6990 0.6997
vn 0.1711 0.0000 0.9853
vn 0.1480 0.6990 0.6997
vn 0.1991 -0.6988 0.6870
vn 0.2425 0.0000 0.9702
vn 0.1991 0.6988 0.6870
vn 0.2498 -0.6988 0.6703
vn 0.3138 0.0000 0.9495
vn 0.2498 0.6988 0.6703
vn 0.2992 -0.6988 0.6497
vn 0.3840 0.0000 0.9233
vn 0.2992 0.6988 0.6497
vn 0.3464 -0.6989 0.6257
vn 0.4519 0.0000 0.8921
vn 0.3464 0.6989 0.6257
vn 0.3909 -0.6991 0.5987
vn 0.5163 0.0000 0.8564
vn 0.3909 0.6991 0.5987
vn 0.4389 -0.6972 0.5668
vn 0.5764 0.0000 0.8172
vn 0.4389 0.6972 0.5668
vn 0.4954 -0.6947 0.5215
vn 0.6470 0.0000 0.7625
vn 0.4954 0.6947 0.5215
vn 0.5515 -0.6944 0.4622
vn 0.7283 0.0000 0.6853
vn 0.5515 0.6944 0.4622
vn 0.6008 -0.6944 0.3959
vn 0.8021 0.0000 0.5972
vn 0.6008 0.6944 0.3959
vn 0.6414 -0.6948 0.3254
vn 0.8652 0.0000 0.5015
vn 0.6414 0.6948 0.3254
vn 0.6724 -0.6954 0.2537
vn 0.9156 0.0000 0.4020
vn 0.6724 0.6954 0.2537
vn 0.6940 -0.6962 0.1836
vn 0.9530 0.0000 0.3030
vn 0.6940 0.6962 0.1836
vn 0.7073 -0.6971 0.1172
vn 0.9782 0.0000 0.2078
vn 0.7073 0.6971 0.1172
vn 0.7139 -0.6980 0.0561
vn 0.9929 0.0000 0.1189
vn 0.7139 0.6980 0.0561
vn 0.7180 -0.6960 -0.0090
vn 0.9993 0.0000 0.0376
vn 0.7180 0.6960 -0.0090
vn 0.7162 -0.6909 -0.0982
vn 0.9980 0.0000 -0.0626
vn 0.7162 0.6909 -0.0982
vn 0.6938 -0.6875 -0.2142
vn 0.9780 0.0000 -0.2084
vn 0.6938 0.6875 -0.2142
vn 0.6423 -0.6846 -0.3446
vn 0.9253 0.0000 -0.3792
vn 0.6423 0.6846 -0.3446
vn 0.5555 -0.6831 -0.4741
vn 0.8277 0.0000 -0.5612
vn 0.5555 0.6831 -0.4741
vn 0.4393 -0.6837 -0.5827
vn 0.6843 0.0000 -0.7292
vn 0.4393 0.6837 -0.5827
vn 0.3114 -0.6862 -0.6574
vn 0.5127 0.0000 -0.8585
vn 0.3114 0.6862 -0.6574
vn 0.1904 -0.6895 -0.6989
vn 0.3395 0.0000 -0.9406
vn 0.1904 0.6895 -0.6989
vn 0.0866 -0.6927 -0.7160
vn 0.1845 0.0000 -0.9828
vn 0.0866 0.6927 -0.7160
vn 0.3196 -0.8980 -0.3024
vn 0.0551 0.0000 -0.9985
vn 0.3196 0.8980 -0.3024
vn 0.5774 -0.5774 -0.5774
vn 1.0000 0.0000 -0.0000
vn 0.5774 0.5774 -0.5774
vn -0.5774 -0.5774 -0.5774
vn 0.0000 0.0000 -1.0000
vn -0.5774 0.5774 -0.5774
vn -1.0000 0.0000 -0.0000
vn 0.0925 -0.7238 -0.6837
vn 0.2000 -0.7276 -0.6563
vn 0.2058 0.0000 -0.9786
vn 0.2000 0.7276 -0.6563
vn 0.0925 0.7238 -0.6837
vn 0.3194 -0.7309 -0.6031
vn 0.3749 0.0000 -0.9271
vn 0.3194 0.7309 -0.6031
vn 0.4384 -0.7328 -0.5204
vn 0.5561 0.0000 -0.8311
vn 0.4384 0.7328 -0.5204
vn 0.5413 -0.7322 -0.4134
vn 0.7246 0.0000 -0.6892
vn 0.5413 0.7322 -0.4134
vn 0.6166 -0.7295 -0.2959
vn 0.8555 0.0000 -0.5178
vn 0.6166 0.7295 -0.2959
vn 0.6631 -0.7259 -0.1830
vn 0.9391 0.0000 -0.3435
vn 0.6631 0.7259 -0.1830
vn 0.6865 -0.7223 -0.0841
vn 0.9824 0.0000 -0.1869
vn 0.6865 0.7223 -0.0841
vn 0.6938 -0.7202 0.0009
vn 0.9984 0.0000 -0.0559
vn 0.6938 0.7202 0.0009
vn 0.6853 -0.7230 0.0878
vn 0.9983 0.0000 0.0584
vn 0.6853 0.7230 0.0878
vn 0.6601 -0.7266 0.1905
vn 0.9808 0.0000 0.1952
vn 0.6601 0.7266 0.1905
vn 0.6107 -0.7302 0.3064
vn 0.9340 0.0000 0.3574
vn 0.6107 0.7302 0.3064
vn 0.5321 -0.7325 0.4247
vn 0.8449 0.0000 0.5349
vn 0.5321 0.7325 0.4247
vn 0.4272 -0.7325 0.5299
vn 0.7089 0.0000 0.7053
vn 0.4272 0.7325 0.5299
vn 0.3088 -0.7303 0.6094
vn 0.5388 0.0000 0.8424
vn 0.3088 0.7303 0.6094
vn 0.1922 -0.7268 0.6594
vn 0.3606 0.0000 0.9327
vn 0.1922 0.7268 0.6594
vn 0.0887 -0.7231 0.6850
vn 0.1971 0.0000 0.9804
vn 0.0887 0.7231 0.6850
vn 0.0003 -0.7205 0.6934
vn 0.0590 0.0000 0.9983
vn 0.0003 0.7205 0.6934
vn -0.0874 -0.7229 0.6854
vn -0.0581 0.0000 0.9983
vn -0.0874 0.7229 0.6854
vn -0.1896 -0.7265 0.6605
vn -0.1942 0.0000 0.9810
vn -0.1896 0.7265 0.6605
vn -0.3052 -0.7301 0.6114
vn -0.3558 0.0000 0.9346
vn -0.3052 0.7301 0.6114
vn -0.4234 -0.7325 0.5331
vn -0.5330 0.0000 0.8461
vn -0.4234 0.7325 0.5331
vn -0.5289 -0.7326 0.4285
vn -0.7035 0.0000 0.7107
vn -0.5289 0.7326 0.4285
vn -0.6087 -0.7304 0.3099
vn -0.8412 0.0000 0.5408
vn -0.6087 0.7304 0.3099
vn -0.6591 -0.7269 0.1931
vn -0.9321 0.0000 0.3622
vn -0.6591 0.7269 0.1931
vn -0.6849 -0.7232 0.0891
vn -0.9802 0.0000 0.1980
vn -0.6849 0.7232 0.0891
vn -0.6936 -0.7204 0.0009
vn -0.9982 0.0000 0.0593
vn -0.6936 0.7204 0.0009
vn -0.6861 -0.7225 -0.0854
vn -0.9984 0.0000 -0.0567
vn -0.6861 0.7225 -0.0854
vn -0.6621 -0.7261 -0.1855
vn -0.9819 0.0000 -0.1896
vn -0.6621 0.7261 -0.1855
vn -0.6147 -0.7297 -0.2995
vn -0.9374 0.0000 -0.3482
vn -0.6147 0.7297 -0.2995
vn -0.5382 -0.7323 -0.4173
vn -0.8520 0.0000 -0.5236
vn -0.5382 0.7323 -0.4173
vn -0.4346 -0.7327 -0.5237
vn -0.7193 0.0000 -0.6947
vn -0.4346 0.7327 -0.5237
vn -0.3157 -0.7307 -0.6053
vn -0.5502 0.0000 -0.8350
vn -0.3157 0.7307 -0.6053
vn -0.1973 -0.7273 -0.6574
vn -0.3700 0.0000 -0.9290
vn -0.1973 0.7273 -0.6574
vn -0.0912 -0.7236 -0.6842
vn -0.2028 0.0000 -0.9792
vn -0.0912 0.7236 -0.6842
vn 0.0003 -0.7212 -0.6928
vn -0.0608 0.0000 -0.9982
vn 0.0003 0.7212 -0.6928
vn 0.0617 0.0000 -0.9981
vn -0.0098 -0.6968 0.7172
vn -0.0098 0.6968 0.7172
vn 0.0480 -0.6994 0.7131
vn 0.0327 0.0000 0.9995
vn 0.0480 0.6994 0.7131
vn 0.0989 -0.6989 0.7084
vn 0.1016 0.0000 0.9948
vn 0.0989 0.6989 0.7084
vn 0.1526 -0.6984 0.6993
vn 0.1748 0.0000 0.9846
vn 0.1526 0.6984 0.6993
vn 0.2082 -0.6980 0.6852
vn 0.2512 0.0000 0.9679
vn 0.2082 0.6980 0.6852
vn 0.2647 -0.6977 0.6657
vn 0.3297 0.0000 0.9441
vn 0.2647 0.6977 0.6657
vn 0.3208 -0.6975 0.6408
vn 0.4086 0.0000 0.9127
vn 0.3208 0.6975 0.6408
vn 0.3753 -0.6974 0.6105
vn 0.4861 0.0000 0.8739
vn 0.3753 0.6974 0.6105
vn 0.4267 -0.6975 0.5757
vn 0.5603 0.0000 0.8283
vn 0.4267 0.6975 0.5757
vn 0.4758 -0.6972 0.5362
vn 0.6296 0.0000 0.7769
vn 0.4758 0.6972 0.5362
vn 0.5244 -0.6963 0.4901
vn 0.6965 0.0000 0.7176
vn 0.5244 0.6963 0.4901
vn 0.5705 -0.6960 0.4361
vn 0.7629 0.0000 0.6465
vn 0.5705 0.6960 0.4361
vn 0.6117 -0.6958 0.3763
vn 0.8240 0.0000 0.5666
vn 0.6117 0.6958 0.3763
vn 0.6466 -0.6959 0.3124
vn 0.8773 0.0000 0.4799
vn 0.6466 0.6959 0.3124
vn 0.6742 -0.6962 0.2465
vn 0.9212 0.0000 0.3891
vn 0.6742 0.6962 0.2465
vn 0.6942 -0.6967 0.1807
vn 0.9549 0.0000 0.2969
vn 0.6942 0.6967 0.1807
vn 0.7071 -0.6973 0.1169
vn 0.9785 0.0000 0.2063
vn 0.7071 0.6973 0.1169
vn 0.7138 -0.6980 0.0565
vn 0.9928 0.0000 0.1195
vn 0.7138 0.6980 0.0565
vn 0.7181 -0.6959 -0.0087
vn 0.9993 0.0000 0.0383
vn 0.7181 0.6959 -0.0087
vn 0.6630 -0.7259 -0.1830
vn 0.6630 0.7259 -0.1830
vn 0.4272 -0.7325 0.5300
vn 0.4272 0.7325 0.5300
vn 0.0000 -1.0000 -0.0000
vn 0.0000 1.0000 -0.0000
vn -0.0745 -0.9951 -0.0656
vn 0.3438 -0.7003 -0.6256
vn 0.5081 0.0000 -0.8613
vn 0.3438 0.7003 -0.6256
vn -0.0745 0.9951 -0.0656
vn 0.3049 -0.7003 -0.6455
vn 0.4547 0.0000 -0.8906
vn 0.3049 0.7003 -0.6455
vn 0.2645 -0.7002 -0.6631
vn 0.3991 0.0000 -0.9169
vn 0.2645 0.7002 -0.6631
vn 0.2227 -0.7001 -0.6784
vn 0.3415 0.0000 -0.9399
vn 0.2227 0.7001 -0.6784
vn 0.1798 -0.7001 -0.6911
vn 0.2821 0.0000 -0.9594
vn 0.1798 0.7001 -0.6911
vn 0.1358 -0.7000 -0.7011
vn 0.2211 0.0000 -0.9752
vn 0.1358 0.7000 -0.7011
vn 0.0909 -0.7000 -0.7083
vn 0.1589 0.0000 -0.9873
vn 0.0909 0.7000 -0.7083
vn 0.0456 -0.7000 -0.7127
vn 0.0957 0.0000 -0.9954
vn 0.0456 0.7000 -0.7127
vn -0.0128 -0.6961 -0.7178
vn 0.0319 0.0000 -0.9995
vn -0.0128 0.6961 -0.7178
vn -0.0971 -0.6922 -0.7151
vn -0.0675 0.0000 -0.9977
vn -0.0971 0.6922 -0.7151
vn -0.1916 -0.6925 -0.6955
vn -0.2011 0.0000 -0.9796
vn -0.1916 0.6925 -0.6955
vn -0.2811 -0.6927 -0.6641
vn -0.3290 0.0000 -0.9443
vn -0.2811 0.6927 -0.6641
vn -0.3643 -0.6930 -0.6222
vn -0.4490 0.0000 -0.8935
vn -0.3643 0.6930 -0.6222
vn -0.4403 -0.6931 -0.5707
vn -0.5595 0.0000 -0.8288
vn -0.4403 0.6931 -0.5707
vn -0.5087 -0.6932 -0.5106
vn -0.6598 0.0000 -0.7515
vn -0.5087 0.6932 -0.5106
vn -0.5690 -0.6932 -0.4424
vn -0.7491 0.0000 -0.6625
vn -0.5690 0.6932 -0.4424
vn -0.6207 -0.6930 -0.3667
vn -0.8267 0.0000 -0.5627
vn -0.6207 0.6930 -0.3667
vn -0.7079 -0.5566 0.4348
vn -0.8917 0.0000 -0.4526
vn -0.7079 0.5566 0.4348
vn 0.6981 -0.5581 0.4484
vn 0.0005 0.0000 1.0000
vn 0.6981 0.5581 0.4484
vn 0.6404 -0.7010 -0.3137
vn 0.9096 0.0000 -0.4154
vn 0.6404 0.7010 -0.3137
vn 0.6224 -0.7010 -0.3482
vn 0.8858 0.0000 -0.4642
vn 0.6224 0.7010 -0.3482
vn 0.6024 -0.7010 -0.3817
vn 0.8591 0.0000 -0.5119
vn 0.6024 0.7010 -0.3817
vn 0.5805 -0.7010 -0.4143
vn 0.8297 0.0000 -0.5583
vn 0.5805 0.7010 -0.4143
vn 0.5569 -0.7010 -0.4455
vn 0.7977 0.0000 -0.6030
vn 0.5569 0.7010 -0.4455
vn 0.5316 -0.7010 -0.4754
vn 0.7634 0.0000 -0.6459
vn 0.5316 0.7010 -0.4754
vn 0.5049 -0.7010 -0.5036
vn 0.7270 0.0000 -0.6867
vn 0.5049 0.7010 -0.5036
vn 0.4769 -0.7011 -0.5301
vn 0.6886 0.0000 -0.7251
vn 0.4769 0.7011 -0.5301
vn 0.0785 -0.9958 0.0462
vn 0.6486 0.0000 -0.7611
vn 0.0785 0.9958 0.0462
vn -0.2359 -0.7025 0.6714
vn -0.3507 0.0000 0.9365
vn -0.2359 0.7025 0.6714
vn -0.2080 -0.7025 0.6806
vn -0.3120 0.0000 0.9501
vn -0.2080 0.7025 0.6806
vn -0.1796 -0.7024 0.6887
vn -0.2725 0.0000 0.9622
vn -0.1796 0.7024 0.6887
vn -0.1506 -0.7024 0.6956
vn -0.2321 0.0000 0.9727
vn -0.1506 0.7024 0.6956
vn -0.1212 -0.7024 0.7014
vn -0.1911 0.0000 0.9816
vn -0.1212 0.7024 0.7014
vn -0.0914 -0.7023 0.7060
vn -0.1494 0.0000 0.9888
vn -0.0914 0.7023 0.7060
vn -0.0611 -0.7023 0.7092
vn -0.1072 0.0000 0.9942
vn -0.0611 0.7023 0.7092
vn -0.0306 -0.7023 0.7112
vn -0.0646 0.0000 0.9979
vn -0.0306 0.7023 0.7112
vn 0.0245 -0.6948 0.7188
vn -0.0215 0.0000 0.9998
vn 0.0245 0.6948 0.7188
vn 0.1292 -0.6876 0.7145
vn 0.0894 0.0000 0.9960
vn 0.1292 0.6876 0.7145
vn 0.2529 -0.6879 0.6803
vn 0.2651 0.0000 0.9642
vn 0.2529 0.6879 0.6803
vn 0.3665 -0.6883 0.6261
vn 0.4292 0.0000 0.9032
vn 0.3665 0.6883 0.6261
vn 0.4675 -0.6885 0.5545
vn 0.5774 0.0000 0.8165
vn 0.4675 0.6885 0.5545
vn 0.5545 -0.6885 0.4675
vn 0.7071 0.0000 0.7071
vn 0.5545 0.6885 0.4675
vn 0.6261 -0.6883 0.3665
vn 0.8165 0.0000 0.5774
vn 0.6261 0.6883 0.3665
vn 0.6803 -0.6879 0.2529
vn 0.9032 0.0000 0.4292
vn 0.6803 0.6879 0.2529
vn 0.7145 -0.6876 0.1292
vn 0.9642 0.0000 0.2651
vn 0.7145 0.6876 0.1292
vn 0.7262 -0.6875 0.0000
vn 0.9960 0.0000 0.0894
vn 0.7262 0.6875 0.0000
vn 0.7145 -0.6876 -0.1292
vn 0.9960 0.0000 -0.0894
vn 0.7145 0.6876 -0.1292
vn 0.6803 -0.6879 -0.2529
vn 0.9642 0.0000 -0.2651
vn 0.6803 0.6879 -0.2529
vn 0.6261 -0.6883 -0.3665
vn 0.9032 0.0000 -0.4292
vn 0.6261 0.6883 -0.3665
vn 0.5545 -0.6885 -0.4675
vn 0.8165 0.0000 -0.5774
vn 0.5545 0.6885 -0.4675
vn 0.4675 -0.6885 -0.5545
vn 0.7071 0.0000 -0.7071
vn 0.4675 0.6885 -0.5545
vn 0.3665 -0.6883 -0.6261
vn 0.5774 0.0000 -0.8165
vn 0.3665 0.6883 -0.6261
vn 0.2529 -0.6879 -0.6803
vn 0.4292 0.0000 -0.9032
vn 0.2529 0.6879 -0.6803
vn 0.1292 -0.6876 -0.7145
vn 0.2651 0.0000 -0.9642
vn 0.1292 0.6876 -0.7145
vn -0.0000 -0.6875 -0.7262
vn 0.0894 0.0000 -0.9960
vn -0.0000 0.6875 -0.7262
vn -0.1292 -0.6876 -0.7145
vn -0.0894 0.0000 -0.9960
vn -0.1292 0.6876 -0.7145
vn -0.2529 -0.6879 -0.6803
vn -0.2651 0.0000 -0.9642
vn -0.2529 0.6879 -0.6803
vn -0.3665 -0.6883 -0.6261
vn -0.4292 0.0000 -0.9032
vn -0.3665 0.6883 -0.6261
vn -0.4675 -0.6885 -0.5545
vn -0.5774 0.0000 -0.8165
vn -0.4675 0.6885 -0.5545
vn -0.5545 -0.6885 -0.4675
vn -0.7071 0.0000 -0.7071
vn -0.5545 0.6885 -0.4675
vn -0.6261 -0.6883 -0.3665
vn -0.8165 0.0000 -0.5774
vn -0.6261 0.6883 -0.3665
vn -0.6803 -0.6879 -0.2529
vn -0.9032 0.0000 -0.4292
vn -0.6803 0.6879 -0.2529
vn -0.7145 -0.6876 -0.1292
vn -0.9642 0.0000 -0.2651
vn -0.7145 0.6876 -0.1292
vn -0.7209 -0.6928 -0.0179
vn -0.9960 0.0000 -0.0894
vn -0.7209 0.6928 -0.0179
vn -0.7136 -0.6982 0.0570
vn -0.9992 0.0000 0.0399
vn -0.7136 0.6982 0.0570
vn -0.7067 -0.6983 0.1136
vn -0.9928 0.0000 0.1194
vn -0.7067 0.6983 0.1136
vn -0.6955 -0.6984 0.1690
vn -0.9803 0.0000 0.1977
vn -0.6955 0.6984 0.1690
vn -0.6801 -0.6984 0.2228
vn -0.9617 0.0000 0.2741
vn -0.6801 0.6984 0.2228
vn -0.6607 -0.6985 0.2748
vn -0.9374 0.0000 0.3481
vn -0.6607 0.6985 0.2748
vn -0.6376 -0.6986 0.3247
vn -0.9078 0.0000 0.4194
vn -0.6376 0.6986 0.3247
vn -0.6110 -0.6987 0.3722
vn -0.8731 0.0000 0.4875
vn -0.6110 0.6987 0.3722
vn -0.5811 -0.6987 0.4173
vn -0.8337 0.0000 0.5523
vn -0.5811 0.6987 0.4173
vn -0.7898 0.0000 0.6134
vn 0.4794 -0.7222 0.4986
vn 0.4195 -0.7190 0.5541
vn 0.6442 0.0000 0.7649
vn 0.4195 0.7190 0.5541
vn 0.4794 0.7222 0.4986
vn 0.3652 -0.7172 0.5935
vn 0.5614 0.0000 0.8275
vn 0.3652 0.7172 0.5935
vn 0.3136 -0.7164 0.6232
vn 0.4857 0.0000 0.8741
vn 0.3136 0.7164 0.6232
vn 0.2620 -0.7163 0.6467
vn 0.4126 0.0000 0.9109
vn 0.2620 0.7163 0.6467
vn 0.2075 -0.7167 0.6657
vn 0.3377 0.0000 0.9413
vn 0.2075 0.7167 0.6657
vn 0.1474 -0.7177 0.6805
vn 0.2570 0.0000 0.9664
vn 0.1474 0.7177 0.6805
vn 0.0785 -0.7193 0.6902
vn 0.1660 0.0000 0.9861
vn 0.0785 0.7193 0.6902
vn -0.0007 -0.7211 0.6929
vn 0.0598 0.0000 0.9982
vn -0.0007 0.7211 0.6929
vn -0.0809 -0.7197 0.6896
vn -0.0618 0.0000 0.9981
vn -0.0809 0.7197 0.6896
vn -0.1510 -0.7179 0.6796
vn -0.1707 0.0000 0.9853
vn -0.1510 0.7179 0.6796
vn -0.2113 -0.7167 0.6646
vn -0.2626 0.0000 0.9649
vn -0.2113 0.7167 0.6646
vn -0.2648 -0.7161 0.6459
vn -0.3427 0.0000 0.9395
vn -0.2648 0.7161 0.6459
vn -0.3146 -0.7160 0.6232
vn -0.4154 0.0000 0.9096
vn -0.3146 0.7160 0.6232
vn -0.3635 -0.7166 0.5952
vn -0.4852 0.0000 0.8744
vn -0.3635 0.7166 0.5952
vn -0.4146 -0.7181 0.5589
vn -0.5563 0.0000 0.8310
vn -0.4146 0.7181 0.5589
vn -0.4711 -0.7212 0.5079
vn -0.6338 0.0000 0.7735
vn -0.4711 0.7212 0.5079
vn -0.2033 -0.9753 -0.0868
vn -0.7238 0.0000 0.6900
vn -0.2033 0.9753 -0.0868
vn 0.2067 -0.9741 -0.0916
vn -0.0024 0.0000 -1.0000
vn 0.2067 0.9741 -0.0916
vn 0.7391 0.0000 0.6736
vn -0.6749 -0.7278 -0.1221
vn -0.6432 -0.7274 -0.2391
vn -0.6432 0.7274 -0.2391
vn -0.6749 0.7278 -0.1221
vn -0.5926 -0.7270 -0.3469
vn -0.5926 0.7270 -0.3469
vn -0.5252 -0.7267 -0.4428
vn -0.5252 0.7267 -0.4428
vn -0.4428 -0.7267 -0.5252
vn -0.4428 0.7267 -0.5252
vn -0.3469 -0.7270 -0.5926
vn -0.3469 0.7270 -0.5926
vn -0.2392 -0.7274 -0.6432
vn -0.2392 0.7274 -0.6432
vn -0.1221 -0.7278 -0.6749
vn -0.1221 0.7278 -0.6749
vn 0.0000 -0.7278 -0.6858
vn 0.0000 0.7278 -0.6858
vn 0.1221 -0.7278 -0.6749
vn 0.1221 0.7278 -0.6749
vn 0.2392 -0.7274 -0.6432
vn 0.2392 0.7274 -0.6432
vn 0.3469 -0.7269 -0.5926
vn 0.3469 0.7269 -0.5926
vn 0.4428 -0.7267 -0.5252
vn 0.4428 0.7267 -0.5252
vn 0.5252 -0.7267 -0.4428
vn 0.5252 0.7267 -0.4428
vn 0.5926 -0.7270 -0.3469
vn 0.5926 0.7270 -0.3469
vn 0.6432 -0.7274 -0.2391
vn 0.6432 0.7274 -0.2391
vn 0.6749 -0.7278 -0.1221
vn 0.6749 0.7278 -0.1221
vn 0.6858 -0.7278 -0.0000
vn 0.6858 0.7278 -0.0000
vn 0.6749 -0.7278 0.1221
vn 0.6749 0.7278 0.1221
vn 0.6432 -0.7274 0.2392
vn 0.6432 0.7274 0.2392
vn 0.5926 -0.7269 0.3469
vn 0.5926 0.7269 0.3469
vn 0.5252 -0.7267 0.4428
vn 0.5252 0.7267 0.4428
vn 0.4428 -0.7267 0.5252
vn 0.4428 0.7267 0.5252
vn 0.3469 -0.7269 0.5926
vn 0.3469 0.7269 0.5926
vn 0.2392 -0.7274 0.6432
vn 0.2392 0.7274 0.6432
vn 0.1221 -0.7278 0.6749
vn 0.1221 0.7278 0.6749
vn 0.0000 -0.7278 0.6858
vn 0.0000 0.7278 0.6858
vn -0.1221 -0.7278 0.6749
vn -0.0894 0.0000 0.9960
vn -0.1221 0.7278 0.6749
vn -0.2391 -0.7274 0.6432
vn -0.2651 0.0000 0.9642
vn -0.2391 0.7274 0.6432
vn -0.3469 -0.7270 0.5926
vn -0.4292 0.0000 0.9032
vn -0.3469 0.7270 0.5926
vn -0.4428 -0.7267 0.5252
vn -0.5774 0.0000 0.8165
vn -0.4428 0.7267 0.5252
vn -0.5252 -0.7267 0.4428
vn -0.7071 0.0000 0.7071
vn -0.5252 0.7267 0.4428
vn -0.5926 -0.7269 0.3469
vn -0.8165 0.0000 0.5774
vn -0.5926 0.7269 0.3469
vn -0.6432 -0.7274 0.2392
vn -0.9032 0.0000 0.4292
vn -0.6432 0.7274 0.2392
vn -0.6749 -0.7278 0.1221
vn -0.9642 0.0000 0.2651
vn -0.6749 0.7278 0.1221
vn -0.6858 -0.7278 -0.0000
vn -0.9960 0.0000 0.0894
vn -0.6858 0.7278 -0.0000
vn 0.7074 -0.5567 0.4355
vn 0.7074 0.5567 0.4355
vn 0.6217 -0.6928 -0.3654
vn 0.8931 0.0000 -0.4499
vn 0.6217 0.6928 -0.3654
vn 0.5695 -0.6930 -0.4420
vn 0.8276 0.0000 -0.5614
vn 0.5695 0.6930 -0.4420
vn 0.5087 -0.6931 -0.5108
vn 0.7492 0.0000 -0.6623
vn 0.5087 0.6931 -0.5108
vn 0.4398 -0.6931 -0.5712
vn 0.6592 0.0000 -0.7519
vn 0.4398 0.6931 -0.5712
vn 0.3633 -0.6929 -0.6228
vn 0.5584 0.0000 -0.8296
vn 0.3633 0.6929 -0.6228
vn 0.2800 -0.6927 -0.6646
vn 0.4474 0.0000 -0.8943
vn 0.2800 0.6927 -0.6646
vn 0.1906 -0.6925 -0.6958
vn 0.3275 0.0000 -0.9449
vn 0.1906 0.6925 -0.6958
vn 0.0965 -0.6923 -0.7151
vn 0.1999 0.0000 -0.9798
vn 0.0965 0.6923 -0.7151
vn -0.0002 -0.6923 -0.7216
vn 0.0671 0.0000 -0.9977
vn -0.0002 0.6923 -0.7216
vn -0.5690 -0.6931 -0.4424
vn -0.5690 0.6931 -0.4424
vn 0.2569 0.0000 0.9664
# 676 vertex normals

o Vowels_2
g Vowels_2
s 1
f 1//1 2//2 3//3 
f 2//2 4//4 3//3 
f 4//4 5//5 3//3 
f 5//5 1//1 3//3 
s 3
f 2//2 6//6 7//7 
f 6//6 8//8 7//7 
f 8//8 4//4 7//7 
f 4//4 2//2 7//7 
s 2
f 6//6 9//9 10//10 
f 9//9 11//11 10//10 
f 11//11 8//8 10//10 
f 8//8 6//6 10//10 
f 9//9 12//12 13//13 
f 12//12 14//14 13//13 
f 14//14 11//11 13//13 
f 11//11 9//9 13//13 
f 12//12 15//15 16//16 
f 15//15 17//17 16//16 
f 17//17 14//14 16//16 
f 14//14 12//12 16//16 
f 15//15 18//18 19//19 
f 18//18 20//20 19//19 
f 20//20 17//17 19//19 
f 17//17 15//15 19//19 
f 18//18 21//21 22//22 
f 21//21 23//23 22//22 
f 23//23 20//20 22//22 
f 20//20 18//18 22//22 
f 21//21 24//24 25//25 
f 24//24 26//26 25//25 
f 26//26 23//23 25//25 
f 23//23 21//21 25//25 
f 24//24 27//27 28//28 
f 27//27 29//29 28//28 
f 29//29 26//26 28//28 
f 26//26 24//24 28//28 
f 27//27 30//30 31//31 
f 30//30 32//32 31//31 
f 32//32 29//29 31//31 
f 29//29 27//27 31//31 
f 30//30 33//33 34//34 
f 33//33 35//35 34//34 
f 35//35 32//32 34//34 
f 32//32 30//30 34//34 
f 33//33 36//36 37//37 
f 36//36 38//38 37//37 
f 38//38 35//35 37//37 
f 35//35 33//33 37//37 
f 36//36 39//39 40//40 
f 39//39 41//41 40//40 
f 41//41 38//38 40//40 
f 38//38 36//36 40//40 
f 39//39 42//42 43//43 
f 42//42 44//44 43//43 
f 44//44 41//41 43//43 
f 41//41 39//39 43//43 
f 42//42 45//45 46//46 
f 45//45 47//47 46//46 
f 47//47 44//44 46//46 
f 44//44 42//42 46//46 
f 45//45 48//48 49//49 
f 48//48 50//50 49//49 
f 50//50 47//47 49//49 
f 47//47 45//45 49//49 
f 48//48 51//51 52//52 
f 51//51 53//53 52//52 
f 53//53 50//50 52//52 
f 50//50 48//48 52//52 
f 51//51 54//54 55//55 
f 54//54 56//56 55//55 
f 56//56 53//53 55//55 
f 53//53 51//51 55//55 
f 54//54 57//57 58//58 
f 57//57 59//59 58//58 
f 59//59 56//56 58//58 
f 56//56 54//54 58//58 
f 57//57 60//60 61//61 
f 60//60 62//62 61//61 
f 62//62 59//59 61//61 
f 59//59 57//57 61//61 
f 60//60 63//63 64//64 
f 63//63 65//65 64//64 
f 65//65 62//62 64//64 
f 62//62 60//60 64//64 
f 63//63 66//66 67//67 
f 66//66 68//68 67//67 
f 68//68 65//65 67//67 
f 65//65 63//63 67//67 
f 66//66 69//69 70//70 
f 69//69 71//71 70//70 
f 71//71 68//68 70//70 
f 68//68 66//66 70//70 
f 69//69 72//72 73//73 
f 72//72 74//74 73//73 
f 74//74 71//71 73//73 
f 71//71 69//69 73//73 
f 72//72 75//75 76//76 
f 75//75 77//77 76//76 
f 77//77 74//74 76//76 
f 74//74 72//72 76//76 
f 75//75 78//78 79//79 
f 78//78 80//80 79//79 
f 80//80 77//77 79//79 
f 77//77 75//75 79//79 
f 78//78 81//81 82//82 
f 81//81 83//83 82//82 
f 83//83 80//80 82//82 
f 80//80 78//78 82//82 
f 81//81 84//84 85//85 
f 84//84 86//86 85//85 
f 86//86 83//83 85//85 
f 83//83 81//81 85//85 
f 84//84 87//87 88//88 
f 87//87 89//89 88//88 
f 89//89 86//86 88//88 
f 86//86 84//84 88//88 
f 87//87 90//90 91//91 
f 90//90 92//92 91//91 
f 92//92 89//89 91//91 
f 89//89 87//87 91//91 
f 90//90 93//93 94//94 
f 93//93 95//95 94//94 
f 95//95 92//92 94//94 
f 92//92 90//90 94//94 
f 93//93 96//96 97//97 
f 96//96 98//98 97//97 
f 98//98 95//95 97//97 
f 95//95 93//93 97//97 
f 96//96 99//99 100//100 
f 99//99 101//101 100//100 
f 101//101 98//98 100//100 
f 98//98 96//96 100//100 
f 99//99 102//102 103//103 
f 102//102 104//104 103//103 
f 104//104 101//101 103//103 
f 101//101 99//99 103//103 
f 102//102 105//105 106//106 
f 105//105 107//107 106//106 
f 107//107 104//104 106//106 
f 104//104 102//102 106//106 
f 105//105 108//108 109//109 
f 108//108 110//110 109//109 
f 110//110 107//107 109//109 
f 107//107 105//105 109//109 
s 4
f 108//108 111//111 112//112 
f 111//111 113//113 112//112 
f 113//113 110//110 112//112 
f 110//110 108//108 112//112 
s 2
f 111//111 114//114 115//115 
f 114//114 116//116 115//115 
f 116//116 113//113 115//115 
f 113//113 111//111 115//115 
s 4
f 114//114 1//1 117//117 
f 1//1 5//5 117//117 
f 5//5 116//116 117//117 
f 116//116 114//114 117//117 
s 1
f 118//118 119//119 120//120 
f 119//119 121//121 120//120 
f 121//121 122//122 120//120 
f 122//122 118//118 120//120 
s 3
f 119//119 123//123 124//124 
f 123//123 125//125 124//124 
f 125//125 121//121 124//124 
f 121//121 119//119 124//124 
s 2
f 123//123 126//126 127//127 
f 126//126 128//128 127//127 
f 128//128 125//125 127//127 
f 125//125 123//123 127//127 
f 126//126 129//129 130//130 
f 129//129 131//131 130//130 
f 131//131 128//128 130//130 
f 128//128 126//126 130//130 
f 129//129 132//132 133//133 
f 132//132 134//134 133//133 
f 134//134 131//131 133//133 
f 131//131 129//129 133//133 
f 132//132 135//135 136//136 
f 135//135 137//137 136//136 
f 137//137 134//134 136//136 
f 134//134 132//132 136//136 
f 135//135 138//138 139//139 
f 138//138 140//140 139//139 
f 140//140 137//137 139//139 
f 137//137 135//135 139//139 
f 138//138 141//141 142//142 
f 141//141 143//143 142//142 
f 143//143 140//140 142//142 
f 140//140 138//138 142//142 
f 141//141 144//144 145//145 
f 144//144 146//146 145//145 
f 146//146 143//143 145//145 
f 143//143 141//141 145//145 
f 144//144 147//147 148//148 
f 147//147 149//149 148//148 
f 149//149 146//146 148//148 
f 146//146 144//144 148//148 
f 147//147 150//150 151//151 
f 150//150 152//152 151//151 
f 152//152 149//149 151//151 
f 149//149 147//147 151//151 
f 150//150 153//153 154//154 
f 153//153 155//155 154//154 
f 155//155 152//152 154//154 
f 152//152 150//150 154//154 
f 153//153 156//156 157//157 
f 156//156 158//158 157//157 
f 158//158 155//155 157//157 
f 155//155 153//153 157//157 
f 156//156 159//159 160//160 
f 159//159 161//161 160//160 
f 161//161 158//158 160//160 
f 158//158 156//156 160//160 
f 159//159 162//162 163//163 
f 162//162 164//164 163//163 
f 164//164 161//161 163//163 
f 161//161 159//159 163//163 
f 162//162 165//165 166//166 
f 165//165 167//167 166//166 
f 167//167 164//164 166//166 
f 164//164 162//162 166//166 
f 165//165 168//168 169//169 
f 168//168 170//170 169//169 
f 170//170 167//167 169//169 
f 167//167 165//165 169//169 
f 168//168 171//171 172//172 
f 171//171 173//173 172//172 
f 173//173 170//170 172//172 
f 170//170 168//168 172//172 
f 171//171 174//174 175//175 
f 174//174 176//176 175//175 
f 176//176 173//173 175//175 
f 173//173 171//171 175//175 
f 174//174 177//177 178//178 
f 177//177 179//179 178//178 
f 179//179 176//176 178//178 
f 176//176 174//174 178//178 
f 177//177 180//180 181//181 
f 180//180 182//182 181//181 
f 182//182 179//179 181//181 
f 179//179 177//177 181//181 
f 180//180 183//183 184//184 
f 183//183 185//185 184//184 
f 185//185 182//182 184//184 
f 182//182 180//180 184//184 
f 183//183 186//186 187//187 
f 186//186 188//188 187//187 
f 188//188 185//185 187//187 
f 185//185 183//183 187//187 
f 186//186 189//189 190//190 
f 189//189 191//191 190//190 
f 191//191 188//188 190//190 
f 188//188 186//186 190//190 
f 189//189 192//192 193//193 
f 192//192 194//194 193//193 
f 194//194 191//191 193//193 
f 191//191 189//189 193//193 
f 192//192 195//195 196//196 
f 195//195 197//197 196//196 
f 197//197 194//194 196//196 
f 194//194 192//192 196//196 
f 195//195 198//198 199//199 
f 198//198 200//200 199//199 
f 200//200 197//197 199//199 
f 197//197 195//195 199//199 
f 198//198 201//201 202//202 
f 201//201 203//203 202//202 
f 203//203 200//200 202//202 
f 200//200 198//198 202//202 
f 201//201 204//204 205//205 
f 204//204 206//206 205//205 
f 206//206 203//203 205//205 
f 203//203 201//201 205//205 
f 204//204 207//207 208//208 
f 207//207 209//209 208//208 
f 209//209 206//206 208//208 
f 206//206 204//204 208//208 
f 207//207 210//210 211//211 
f 210//210 212//212 211//211 
f 212//212 209//209 211//211 
f 209//209 207//207 211//211 
f 210//210 213//213 214//214 
f 213//213 215//215 214//214 
f 215//215 212//212 214//214 
f 212//212 210//210 214//214 
f 213//213 216//216 217//217 
f 216//216 218//218 217//217 
f 218//218 215//215 217//217 
f 215//215 213//213 217//217 
f 216//216 219//219 220//220 
f 219//219 221//221 220//220 
f 221//221 218//218 220//220 
f 218//218 216//216 220//220 
f 219//219 222//222 223//223 
f 222//222 224//224 223//223 
f 224//224 221//221 223//223 
f 221//221 219//219 223//223 
s 3
f 222//222 118//118 225//225 
f 118//118 122//122 225//225 
f 122//122 224//224 225//225 
f 224//224 222//222 225//225 
s 1
f 226//1 227//2 228//3 
f 227//2 229//4 228//3 
f 229//4 230//5 228//3 
f 230//5 226//1 228//3 
s 3
f 227//2 231//6 232//7 
f 231//6 233//8 232//7 
f 233//8 229//4 232//7 
f 229//4 227//2 232//7 
s 2
f 231//6 234//9 235//10 
f 234//9 236//11 235//10 
f 236//11 233//8 235//10 
f 233//8 231//6 235//10 
f 234//9 237//12 238//13 
f 237//12 239//14 238//13 
f 239//14 236//11 238//13 
f 236//11 234//9 238//13 
f 237//12 240//15 241//16 
f 240//15 242//17 241//16 
f 242//17 239//14 241//16 
f 239//14 237//12 241//16 
f 240//15 243//18 244//19 
f 243//18 245//20 244//19 
f 245//20 242//17 244//19 
f 242//17 240//15 244//19 
f 243//18 246//21 247//22 
f 246//21 248//23 247//22 
f 248//23 245//20 247//22 
f 245//20 243//18 247//22 
f 246//21 249//24 250//25 
f 249//24 251//26 250//25 
f 251//26 248//23 250//25 
f 248//23 246//21 250//25 
f 249//24 252//226 253//28 
f 252//226 254//227 253//28 
f 254//227 251//26 253//28 
f 251//26 249//24 253//28 
f 252//226 255//228 256//229 
f 255//228 257//230 256//229 
f 257//230 254//227 256//229 
f 254//227 252//226 256//229 
f 255//228 258//231 259//232 
f 258//231 260//233 259//232 
f 260//233 257//230 259//232 
f 257//230 255//228 259//232 
f 258//231 261//234 262//235 
f 261//234 263//236 262//235 
f 263//236 260//233 262//235 
f 260//233 258//231 262//235 
f 261//234 264//237 265//238 
f 264//237 266//239 265//238 
f 266//239 263//236 265//238 
f 263//236 261//234 265//238 
f 264//237 267//240 268//241 
f 267//240 269//242 268//241 
f 269//242 266//239 268//241 
f 266//239 264//237 268//241 
f 267//240 270//243 271//244 
f 270//243 272//245 271//244 
f 272//245 269//242 271//244 
f 269//242 267//240 271//244 
f 270//243 273//246 274//247 
f 273//246 275//248 274//247 
f 275//248 272//245 274//247 
f 272//245 270//243 274//247 
f 273//246 276//249 277//250 
f 276//249 278//251 277//250 
f 278//251 275//248 277//250 
f 275//248 273//246 277//250 
f 276//249 279//252 280//253 
f 279//252 281//254 280//253 
f 281//254 278//251 280//253 
f 278//251 276//249 280//253 
f 279//252 282//255 283//256 
f 282//255 284//257 283//256 
f 284//257 281//254 283//256 
f 281//254 279//252 283//256 
f 282//255 285//258 286//259 
f 285//258 287//260 286//259 
f 287//260 284//257 286//259 
f 284//257 282//255 286//259 
f 285//258 288//261 289//262 
f 288//261 290//263 289//262 
f 290//263 287//260 289//262 
f 287//260 285//258 289//262 
f 288//261 291//264 292//265 
f 291//264 293//266 292//265 
f 293//266 290//263 292//265 
f 290//263 288//261 292//265 
f 291//264 294//267 295//268 
f 294//267 296//269 295//268 
f 296//269 293//266 295//268 
f 293//266 291//264 295//268 
f 294//267 297//270 298//271 
f 297//270 299//272 298//271 
f 299//272 296//269 298//271 
f 296//269 294//267 298//271 
f 297//270 300//273 301//274 
f 300//273 302//275 301//274 
f 302//275 299//272 301//274 
f 299//272 297//270 301//274 
f 300//273 303//276 304//277 
f 303//276 305//278 304//277 
f 305//278 302//275 304//277 
f 302//275 300//273 304//277 
f 303//276 306//279 307//280 
f 306//279 308//281 307//280 
f 308//281 305//278 307//280 
f 305//278 303//276 307//280 
f 306//279 309//84 310//85 
f 309//84 311//86 310//85 
f 311//86 308//281 310//85 
f 308//281 306//279 310//85 
f 309//84 312//87 313//88 
f 312//87 314//89 313//88 
f 314//89 311//86 313//88 
f 311//86 309//84 313//88 
f 312//87 315//90 316//91 
f 315//90 317//92 316//91 
f 317//92 314//89 316//91 
f 314//89 312//87 316//91 
f 315//90 318//93 319//94 
f 318//93 320//95 319//94 
f 320//95 317//92 319//94 
f 317//92 315//90 319//94 
f 318//93 321//96 322//97 
f 321//96 323//98 322//97 
f 323//98 320//95 322//97 
f 320//95 318//93 322//97 
f 321//96 324//99 325//100 
f 324//99 326//101 325//100 
f 326//101 323//98 325//100 
f 323//98 321//96 325//100 
f 324//99 327//102 328//103 
f 327//102 329//104 328//103 
f 329//104 326//101 328//103 
f 326//101 324//99 328//103 
f 327//102 330//105 331//106 
f 330//105 332//107 331//106 
f 332//107 329//104 331//106 
f 329//104 327//102 331//106 
f 330//105 333//108 334//109 
f 333//108 335//110 334//109 
f 335//110 332//107 334//109 
f 332//107 330//105 334//109 
s 4
f 333//108 336//111 337//112 
f 336//111 338//113 337//112 
f 338//113 335//110 337//112 
f 335//110 333//108 337//112 
s 2
f 336//111 339//114 340//115 
f 339//114 341//116 340//115 
f 341//116 338//113 340//115 
f 338//113 336//111 340//115 
s 4
f 339//114 226//1 342//117 
f 226//1 230//5 342//117 
f 230//5 341//116 342//117 
f 341//116 339//114 342//117 
s 1
f 343//118 344//119 345//120 
f 344//119 346//121 345//120 
f 346//121 347//122 345//120 
f 347//122 343//118 345//120 
s 3
f 344//119 348//123 349//124 
f 348//123 350//125 349//124 
f 350//125 346//121 349//124 
f 346//121 344//119 349//124 
s 2
f 348//123 351//126 352//127 
f 351//126 353//128 352//127 
f 353//128 350//125 352//127 
f 350//125 348//123 352//127 
f 351//126 354//129 355//130 
f 354//129 356//131 355//130 
f 356//131 353//128 355//130 
f 353//128 351//126 355//130 
f 354//129 357//132 358//133 
f 357//132 359//134 358//133 
f 359//134 356//131 358//133 
f 356//131 354//129 358//133 
f 357//132 360//282 361//136 
f 360//282 362//283 361//136 
f 362//283 359//134 361//136 
f 359//134 357//132 361//136 
f 360//282 363//138 364//139 
f 363//138 365//140 364//139 
f 365//140 362//283 364//139 
f 362//283 360//282 364//139 
f 363//138 366//141 367//142 
f 366//141 368//143 367//142 
f 368//143 365//140 367//142 
f 365//140 363//138 367//142 
f 366//141 369//144 370//145 
f 369//144 371//146 370//145 
f 371//146 368//143 370//145 
f 368//143 366//141 370//145 
f 369//144 372//147 373//148 
f 372//147 374//149 373//148 
f 374//149 371//146 373//148 
f 371//146 369//144 373//148 
f 372//147 375//150 376//151 
f 375//150 377//152 376//151 
f 377//152 374//149 376//151 
f 374//149 372//147 376//151 
f 375//150 378//153 379//154 
f 378//153 380//155 379//154 
f 380//155 377//152 379//154 
f 377//152 375//150 379//154 
f 378//153 381//284 382//157 
f 381//284 383//285 382//157 
f 383//285 380//155 382//157 
f 380//155 378//153 382//157 
f 381//284 384//159 385//160 
f 384//159 386//161 385//160 
f 386//161 383//285 385//160 
f 383//285 381//284 385//160 
f 384//159 387//162 388//163 
f 387//162 389//164 388//163 
f 389//164 386//161 388//163 
f 386//161 384//159 388//163 
f 387//162 390//165 391//166 
f 390//165 392//167 391//166 
f 392//167 389//164 391//166 
f 389//164 387//162 391//166 
f 390//165 393//168 394//169 
f 393//168 395//170 394//169 
f 395//170 392//167 394//169 
f 392//167 390//165 394//169 
f 393//168 396//171 397//172 
f 396//171 398//173 397//172 
f 398//173 395//170 397//172 
f 395//170 393//168 397//172 
f 396//171 399//174 400//175 
f 399//174 401//176 400//175 
f 401//176 398//173 400//175 
f 398//173 396//171 400//175 
f 399//174 402//177 403//178 
f 402//177 404//179 403//178 
f 404//179 401//176 403//178 
f 401//176 399//174 403//178 
f 402//177 405//180 406//181 
f 405//180 407//182 406//181 
f 407//182 404//179 406//181 
f 404//179 402//177 406//181 
f 405//180 408//183 409//184 
f 408//183 410//185 409//184 
f 410//185 407//182 409//184 
f 407//182 405//180 409//184 
f 408//183 411//186 412//187 
f 411//186 413//188 412//187 
f 413//188 410//185 412//187 
f 410//185 408//183 412//187 
f 411//186 414//189 415//190 
f 414//189 416//191 415//190 
f 416//191 413//188 415//190 
f 413//188 411//186 415//190 
f 414//189 417//192 418//193 
f 417//192 419//194 418//193 
f 419//194 416//191 418//193 
f 416//191 414//189 418//193 
f 417//192 420//195 421//196 
f 420//195 422//197 421//196 
f 422//197 419//194 421//196 
f 419//194 417//192 421//196 
f 420//195 423//198 424//199 
f 423//198 425//200 424//199 
f 425//200 422//197 424//199 
f 422//197 420//195 424//199 
f 423//198 426//201 427//202 
f 426//201 428//203 427//202 
f 428//203 425//200 427//202 
f 425//200 423//198 427//202 
f 426//201 429//204 430//205 
f 429//204 431//206 430//205 
f 431//206 428//203 430//205 
f 428//203 426//201 430//205 
f 429//204 432//207 433//208 
f 432//207 434//209 433//208 
f 434//209 431//206 433//208 
f 431//206 429//204 433//208 
f 432//207 435//210 436//211 
f 435//210 437//212 436//211 
f 437//212 434//209 436//211 
f 434//209 432//207 436//211 
f 435//210 438//213 439//214 
f 438//213 440//215 439//214 
f 440//215 437//212 439//214 
f 437//212 435//210 439//214 
f 438//213 441//216 442//217 
f 441//216 443//218 442//217 
f 443//218 440//215 442//217 
f 440//215 438//213 442//217 
f 441//216 444//219 445//220 
f 444//219 446//221 445//220 
f 446//221 443//218 445//220 
f 443//218 441//216 445//220 
f 444//219 447//222 448//223 
f 447//222 449//224 448//223 
f 449//224 446//221 448//223 
f 446//221 444//219 448//223 
s 3
f 447//222 343//118 450//225 
f 343//118 347//122 450//225 
f 347//122 449//224 450//225 
f 449//224 447//222 450//225 
s 16
f 150//150 147//147 451//286 
f 147//147 1//1 451//286 
f 375//150 372//147 452//286 
f 372//147 226//1 452//286 
f 5//5 453//287 152//152 454//287 
f 152//152 155//155 454//287 
f 155//155 5//5 454//287 
f 230//5 455//287 377//152 456//287 
f 377//152 380//155 456//287 
f 380//155 230//5 456//287 
f 141//141 138//138 457//286 
f 138//138 6//6 457//286 
f 6//6 2//2 457//286 
f 2//2 141//141 457//286 
f 147//147 144//144 458//286 
f 144//144 1//1 458//286 
f 1//1 147//147 458//286 
f 144//144 141//141 459//286 
f 141//141 2//2 459//286 
f 2//2 1//1 459//286 
f 1//1 144//144 459//286 
f 138//138 135//135 460//286 
f 135//135 9//9 460//286 
f 9//9 6//6 460//286 
f 6//6 138//138 460//286 
f 135//135 132//132 461//286 
f 132//132 12//12 461//286 
f 12//12 9//9 461//286 
f 9//9 135//135 461//286 
f 132//132 129//129 462//286 
f 129//129 15//15 462//286 
f 15//15 12//12 462//286 
f 12//12 132//132 462//286 
f 129//129 126//126 463//286 
f 126//126 18//18 463//286 
f 18//18 15//15 463//286 
f 15//15 129//129 463//286 
f 126//126 123//123 464//286 
f 123//123 21//21 464//286 
f 21//21 18//18 464//286 
f 18//18 126//126 464//286 
f 123//123 119//119 465//286 
f 119//119 24//24 465//286 
f 24//24 21//21 465//286 
f 21//21 123//123 465//286 
f 119//119 118//118 466//286 
f 118//118 24//24 466//286 
f 24//24 119//119 466//286 
f 118//118 222//222 467//286 
f 222//222 27//27 467//286 
f 27//27 24//24 467//286 
f 24//24 118//118 467//286 
f 222//222 219//219 468//286 
f 219//219 33//33 468//286 
f 33//33 30//30 468//286 
f 30//30 27//27 468//286 
f 27//27 222//222 468//286 
f 219//219 216//216 469//286 
f 216//216 39//39 469//286 
f 39//39 36//36 469//286 
f 36//36 33//33 469//286 
f 33//33 219//219 469//286 
f 216//216 213//213 470//286 
f 213//213 45//45 470//286 
f 45//45 42//42 470//286 
f 42//42 39//39 470//286 
f 39//39 216//216 470//286 
f 213//213 210//210 471//286 
f 210//210 51//51 471//286 
f 51//51 48//48 471//286 
f 48//48 45//45 471//286 
f 45//45 213//213 471//286 
f 210//210 207//207 472//286 
f 207//207 60//60 472//286 
f 60//60 57//57 472//286 
f 57//57 54//54 472//286 
f 54//54 51//51 472//286 
f 51//51 210//210 472//286 
f 207//207 204//204 473//286 
f 204//204 66//66 473//286 
f 66//66 63//63 473//286 
f 63//63 60//60 473//286 
f 60//60 207//207 473//286 
f 204//204 201//201 474//286 
f 201//201 72//72 474//286 
f 72//72 69//69 474//286 
f 69//69 66//66 474//286 
f 66//66 204//204 474//286 
f 201//201 198//198 475//286 
f 198//198 78//78 475//286 
f 78//78 75//75 475//286 
f 75//75 72//72 475//286 
f 72//72 201//201 475//286 
f 198//198 195//195 476//286 
f 195//195 81//81 476//286 
f 81//81 78//78 476//286 
f 78//78 198//198 476//286 
f 195//195 192//192 477//286 
f 192//192 84//84 477//286 
f 84//84 81//81 477//286 
f 81//81 195//195 477//286 
f 192//192 189//189 478//286 
f 189//189 87//87 478//286 
f 87//87 84//84 478//286 
f 84//84 192//192 478//286 
f 189//189 186//186 479//286 
f 186//186 90//90 479//286 
f 90//90 87//87 479//286 
f 87//87 189//189 479//286 
f 186//186 183//183 480//286 
f 183//183 93//93 480//286 
f 93//93 90//90 480//286 
f 90//90 186//186 480//286 
f 183//183 180//180 481//286 
f 180//180 96//96 481//286 
f 96//96 93//93 481//286 
f 93//93 183//183 481//286 
f 180//180 177//177 482//286 
f 177//177 99//99 482//286 
f 99//99 96//96 482//286 
f 96//96 180//180 482//286 
f 177//177 174//174 483//286 
f 174//174 102//102 483//286 
f 102//102 99//99 483//286 
f 99//99 177//177 483//286 
f 174//174 171//171 484//286 
f 171//171 105//105 484//286 
f 105//105 102//102 484//286 
f 102//102 174//174 484//286 
f 171//171 168//168 485//286 
f 168//168 108//108 485//286 
f 108//108 105//105 485//286 
f 105//105 171//171 485//286 
f 168//168 165//165 486//286 
f 165//165 108//108 486//286 
f 108//108 168//168 486//286 
f 1//1 114//114 487//286 
f 114//114 111//111 487//286 
f 111//111 108//108 487//286 
f 108//108 1//1 487//286 
f 162//162 159//159 488//286 
f 159//159 1//1 488//286 
f 1//1 162//162 488//286 
f 108//108 165//165 489//286 
f 165//165 162//162 489//286 
f 162//162 1//1 489//286 
f 1//1 108//108 489//286 
f 159//159 156//156 490//286 
f 156//156 1//1 490//286 
f 1//1 159//159 490//286 
f 156//156 153//153 491//286 
f 153//153 1//1 491//286 
f 1//1 156//156 491//286 
f 153//153 150//150 492//286 
f 150//150 451//286 1//1 492//286 
f 1//1 153//153 492//286 
f 366//141 363//138 493//286 
f 363//138 231//6 493//286 
f 231//6 227//2 493//286 
f 227//2 366//141 493//286 
f 372//147 369//144 494//286 
f 369//144 226//1 494//286 
f 226//1 372//147 494//286 
f 369//144 366//141 495//286 
f 366//141 227//2 495//286 
f 227//2 226//1 495//286 
f 226//1 369//144 495//286 
f 363//138 360//282 496//286 
f 360//282 234//9 496//286 
f 234//9 231//6 496//286 
f 231//6 363//138 496//286 
f 360//282 357//132 497//286 
f 357//132 237//12 497//286 
f 237//12 234//9 497//286 
f 234//9 360//282 497//286 
f 357//132 354//129 498//286 
f 354//129 240//15 498//286 
f 240//15 237//12 498//286 
f 237//12 357//132 498//286 
f 354//129 351//126 499//286 
f 351//126 243//18 499//286 
f 243//18 240//15 499//286 
f 240//15 354//129 499//286 
f 351//126 348//123 500//286 
f 348//123 246//21 500//286 
f 246//21 243//18 500//286 
f 243//18 351//126 500//286 
f 348//123 344//119 501//286 
f 344//119 249//24 501//286 
f 249//24 246//21 501//286 
f 246//21 348//123 501//286 
f 344//119 343//118 502//286 
f 343//118 249//24 502//286 
f 249//24 344//119 502//286 
f 343//118 447//222 503//286 
f 447//222 252//226 503//286 
f 252//226 249//24 503//286 
f 249//24 343//118 503//286 
f 447//222 444//219 504//286 
f 444//219 258//231 504//286 
f 258//231 255//228 504//286 
f 255//228 252//226 504//286 
f 252//226 447//222 504//286 
f 444//219 441//216 505//286 
f 441//216 264//237 505//286 
f 264//237 261//234 505//286 
f 261//234 258//231 505//286 
f 258//231 444//219 505//286 
f 441//216 438//213 506//286 
f 438//213 270//243 506//286 
f 270//243 267//240 506//286 
f 267//240 264//237 506//286 
f 264//237 441//216 506//286 
f 438//213 435//210 507//286 
f 435//210 276//249 507//286 
f 276//249 273//246 507//286 
f 273//246 270//243 507//286 
f 270//243 438//213 507//286 
f 435//210 432//207 508//286 
f 432//207 282//255 508//286 
f 282//255 279//252 508//286 
f 279//252 276//249 508//286 
f 276//249 435//210 508//286 
f 432//207 429//204 509//286 
f 429//204 291//264 509//286 
f 291//264 288//261 509//286 
f 288//261 285//258 509//286 
f 285//258 282//255 509//286 
f 282//255 432//207 509//286 
f 429//204 426//201 510//286 
f 426//201 297//270 510//286 
f 297//270 294//267 510//286 
f 294//267 291//264 510//286 
f 291//264 429//204 510//286 
f 426//201 423//198 511//286 
f 423//198 303//276 511//286 
f 303//276 300//273 511//286 
f 300//273 297//270 511//286 
f 297//270 426//201 511//286 
f 423//198 420//195 512//286 
f 420//195 306//279 512//286 
f 306//279 303//276 512//286 
f 303//276 423//198 512//286 
f 420//195 417//192 513//286 
f 417//192 309//84 513//286 
f 309//84 306//279 513//286 
f 306//279 420//195 513//286 
f 417//192 414//189 514//286 
f 414//189 312//87 514//286 
f 312//87 309//84 514//286 
f 309//84 417//192 514//286 
f 414//189 411//186 515//286 
f 411//186 315//90 515//286 
f 315//90 312//87 515//286 
f 312//87 414//189 515//286 
f 411//186 408//183 516//286 
f 408//183 318//93 516//286 
f 318//93 315//90 516//286 
f 315//90 411//186 516//286 
f 408//183 405//180 517//286 
f 405//180 321//96 517//286 
f 321//96 318//93 517//286 
f 318//93 408//183 517//286 
f 405//180 402//177 518//286 
f 402//177 324//99 518//286 
f 324//99 321//96 518//286 
f 321//96 405//180 518//286 
f 402//177 399//174 519//286 
f 399//174 327//102 519//286 
f 327//102 324//99 519//286 
f 324//99 402//177 519//286 
f 399//174 396//171 520//286 
f 396//171 330//105 520//286 
f 330//105 327//102 520//286 
f 327//102 399//174 520//286 
f 396//171 393//168 521//286 
f 393//168 333//108 521//286 
f 333//108 330//105 521//286 
f 330//105 396//171 521//286 
f 393//168 390//165 522//286 
f 390//165 333//108 522//286 
f 333//108 393//168 522//286 
f 226//1 339//114 523//286 
f 339//114 336//111 523//286 
f 336//111 333//108 523//286 
f 333//108 226//1 523//286 
f 387//162 384//159 524//286 
f 384//159 226//1 524//286 
f 226//1 387//162 524//286 
f 333//108 390//165 525//286 
f 390//165 387//162 525//286 
f 387//162 226//1 525//286 
f 226//1 333//108 525//286 
f 384//159 381//284 526//286 
f 381//284 226//1 526//286 
f 226//1 384//159 526//286 
f 381//284 378//153 527//286 
f 378//153 226//1 527//286 
f 226//1 381//284 527//286 
f 378//153 375//150 528//286 
f 375//150 452//286 226//1 528//286 
f 226//1 378//153 528//286 
f 143//143 146//146 529//287 
f 146//146 5//5 529//287 
f 5//5 4//4 529//287 
f 4//4 143//143 529//287 
f 110//110 113//113 530//287 
f 113//113 116//116 530//287 
f 116//116 5//5 530//287 
f 5//5 110//110 530//287 
f 155//155 158//158 531//287 
f 158//158 5//5 531//287 
f 5//5 155//155 531//287 
f 158//158 161//161 532//287 
f 161//161 5//5 532//287 
f 5//5 158//158 532//287 
f 161//161 164//164 533//287 
f 164//164 5//5 533//287 
f 5//5 161//161 533//287 
f 164//164 167//167 534//287 
f 167//167 110//110 534//287 
f 110//110 5//5 534//287 
f 5//5 164//164 534//287 
f 167//167 170//170 535//287 
f 170//170 110//110 535//287 
f 110//110 167//167 535//287 
f 170//170 173//173 536//287 
f 173//173 107//107 536//287 
f 107//107 110//110 536//287 
f 110//110 170//170 536//287 
f 173//173 176//176 537//287 
f 176//176 104//104 537//287 
f 104//104 107//107 537//287 
f 107//107 173//173 537//287 
f 176//176 179//179 538//287 
f 179//179 101//101 538//287 
f 101//101 104//104 538//287 
f 104//104 176//176 538//287 
f 179//179 182//182 539//287 
f 182//182 98//98 539//287 
f 98//98 101//101 539//287 
f 101//101 179//179 539//287 
f 182//182 185//185 540//287 
f 185//185 95//95 540//287 
f 95//95 98//98 540//287 
f 98//98 182//182 540//287 
f 185//185 188//188 541//287 
f 188//188 92//92 541//287 
f 92//92 95//95 541//287 
f 95//95 185//185 541//287 
f 188//188 191//191 542//287 
f 191//191 89//89 542//287 
f 89//89 92//92 542//287 
f 92//92 188//188 542//287 
f 191//191 194//194 543//287 
f 194//194 86//86 543//287 
f 86//86 89//89 543//287 
f 89//89 191//191 543//287 
f 194//194 197//197 544//287 
f 197//197 83//83 544//287 
f 83//83 86//86 544//287 
f 86//86 194//194 544//287 
f 197//197 200//200 545//287 
f 200//200 80//80 545//287 
f 80//80 83//83 545//287 
f 83//83 197//197 545//287 
f 200//200 203//203 546//287 
f 203//203 74//74 546//287 
f 74//74 77//77 546//287 
f 77//77 80//80 546//287 
f 80//80 200//200 546//287 
f 203//203 206//206 547//287 
f 206//206 68//68 547//287 
f 68//68 71//71 547//287 
f 71//71 74//74 547//287 
f 74//74 203//203 547//287 
f 206//206 209//209 548//287 
f 209//209 62//62 548//287 
f 62//62 65//65 548//287 
f 65//65 68//68 548//287 
f 68//68 206//206 548//287 
f 209//209 212//212 549//287 
f 212//212 53//53 549//287 
f 53//53 56//56 549//287 
f 56//56 59//59 549//287 
f 59//59 62//62 549//287 
f 62//62 209//209 549//287 
f 212//212 215//215 550//287 
f 215//215 47//47 550//287 
f 47//47 50//50 550//287 
f 50//50 53//53 550//287 
f 53//53 212//212 550//287 
f 215//215 218//218 551//287 
f 218//218 41//41 551//287 
f 41//41 44//44 551//287 
f 44//44 47//47 551//287 
f 47//47 215//215 551//287 
f 218//218 221//221 552//287 
f 221//221 35//35 552//287 
f 35//35 38//38 552//287 
f 38//38 41//41 552//287 
f 41//41 218//218 552//287 
f 221//221 224//224 553//287 
f 224//224 29//29 553//287 
f 29//29 32//32 553//287 
f 32//32 35//35 553//287 
f 35//35 221//221 553//287 
f 224//224 122//122 554//287 
f 122//122 26//26 554//287 
f 26//26 29//29 554//287 
f 29//29 224//224 554//287 
f 122//122 121//121 555//287 
f 121//121 26//26 555//287 
f 26//26 122//122 555//287 
f 121//121 125//125 556//287 
f 125//125 23//23 556//287 
f 23//23 26//26 556//287 
f 26//26 121//121 556//287 
f 125//125 128//128 557//287 
f 128//128 20//20 557//287 
f 20//20 23//23 557//287 
f 23//23 125//125 557//287 
f 128//128 131//131 558//287 
f 131//131 17//17 558//287 
f 17//17 20//20 558//287 
f 20//20 128//128 558//287 
f 131//131 134//134 559//287 
f 134//134 14//14 559//287 
f 14//14 17//17 559//287 
f 17//17 131//131 559//287 
f 134//134 137//137 560//287 
f 137//137 11//11 560//287 
f 11//11 14//14 560//287 
f 14//14 134//134 560//287 
f 137//137 140//140 561//287 
f 140//140 8//8 561//287 
f 8//8 11//11 561//287 
f 11//11 137//137 561//287 
f 140//140 143//143 562//287 
f 143//143 4//4 562//287 
f 4//4 8//8 562//287 
f 8//8 140//140 562//287 
f 146//146 149//149 563//287 
f 149//149 5//5 563//287 
f 5//5 146//146 563//287 
f 149//149 152//152 453//287 
f 5//5 149//149 453//287 
f 368//143 371//146 564//287 
f 371//146 230//5 564//287 
f 230//5 229//4 564//287 
f 229//4 368//143 564//287 
f 335//110 338//113 565//287 
f 338//113 341//116 565//287 
f 341//116 230//5 565//287 
f 230//5 335//110 565//287 
f 380//155 383//285 566//287 
f 383//285 230//5 566//287 
f 230//5 380//155 566//287 
f 383//285 386//161 567//287 
f 386//161 230//5 567//287 
f 230//5 383//285 567//287 
f 386//161 389//164 568//287 
f 389//164 230//5 568//287 
f 230//5 386//161 568//287 
f 389//164 392//167 569//287 
f 392//167 335//110 569//287 
f 335//110 230//5 569//287 
f 230//5 389//164 569//287 
f 392//167 395//170 570//287 
f 395//170 335//110 570//287 
f 335//110 392//167 570//287 
f 395//170 398//173 571//287 
f 398//173 332//107 571//287 
f 332//107 335//110 571//287 
f 335//110 395//170 571//287 
f 398//173 401//176 572//287 
f 401//176 329//104 572//287 
f 329//104 332//107 572//287 
f 332//107 398//173 572//287 
f 401//176 404//179 573//287 
f 404//179 326//101 573//287 
f 326//101 329//104 573//287 
f 329//104 401//176 573//287 
f 404//179 407//182 574//287 
f 407//182 323//98 574//287 
f 323//98 326//101 574//287 
f 326//101 404//179 574//287 
f 407//182 410//185 575//287 
f 410//185 320//95 575//287 
f 320//95 323//98 575//287 
f 323//98 407//182 575//287 
f 410//185 413//188 576//287 
f 413//188 317//92 576//287 
f 317//92 320//95 576//287 
f 320//95 410//185 576//287 
f 413//188 416//191 577//287 
f 416//191 314//89 577//287 
f 314//89 317//92 577//287 
f 317//92 413//188 577//287 
f 416//191 419//194 578//287 
f 419//194 311//86 578//287 
f 311//86 314//89 578//287 
f 314//89 416//191 578//287 
f 419//194 422//197 579//287 
f 422//197 308//281 579//287 
f 308//281 311//86 579//287 
f 311//86 419//194 579//287 
f 422//197 425//200 580//287 
f 425//200 305//278 580//287 
f 305//278 308//281 580//287 
f 308//281 422//197 580//287 
f 425//200 428//203 581//287 
f 428//203 299//272 581//287 
f 299//272 302//275 581//287 
f 302//275 305//278 581//287 
f 305//278 425//200 581//287 
f 428//203 431//206 582//287 
f 431//206 293//266 582//287 
f 293//266 296//269 582//287 
f 296//269 299//272 582//287 
f 299//272 428//203 582//287 
f 431//206 434//209 583//287 
f 434//209 284//257 583//287 
f 284//257 287//260 583//287 
f 287//260 290//263 583//287 
f 290//263 293//266 583//287 
f 293//266 431//206 583//287 
f 434//209 437//212 584//287 
f 437//212 278//251 584//287 
f 278//251 281//254 584//287 
f 281//254 284//257 584//287 
f 284//257 434//209 584//287 
f 437//212 440//215 585//287 
f 440//215 272//245 585//287 
f 272//245 275//248 585//287 
f 275//248 278//251 585//287 
f 278//251 437//212 585//287 
f 440//215 443//218 586//287 
f 443//218 266//239 586//287 
f 266//239 269//242 586//287 
f 269//242 272//245 586//287 
f 272//245 440//215 586//287 
f 443//218 446//221 587//287 
f 446//221 260//233 587//287 
f 260//233 263//236 587//287 
f 263//236 266//239 587//287 
f 266//239 443//218 587//287 
f 446//221 449//224 588//287 
f 449//224 254//227 588//287 
f 254//227 257//230 588//287 
f 257//230 260//233 588//287 
f 260//233 446//221 588//287 
f 449//224 347//122 589//287 
f 347//122 251//26 589//287 
f 251//26 254//227 589//287 
f 254//227 449//224 589//287 
f 347//122 346//121 590//287 
f 346//121 251//26 590//287 
f 251//26 347//122 590//287 
f 346//121 350//125 591//287 
f 350//125 248//23 591//287 
f 248//23 251//26 591//287 
f 251//26 346//121 591//287 
f 350//125 353//128 592//287 
f 353//128 245//20 592//287 
f 245//20 248//23 592//287 
f 248//23 350//125 592//287 
f 353//128 356//131 593//287 
f 356//131 242//17 593//287 
f 242//17 245//20 593//287 
f 245//20 353//128 593//287 
f 356//131 359//134 594//287 
f 359//134 239//14 594//287 
f 239//14 242//17 594//287 
f 242//17 356//131 594//287 
f 359//134 362//283 595//287 
f 362//283 236//11 595//287 
f 236//11 239//14 595//287 
f 239//14 359//134 595//287 
f 362//283 365//140 596//287 
f 365//140 233//8 596//287 
f 233//8 236//11 596//287 
f 236//11 362//283 596//287 
f 365//140 368//143 597//287 
f 368//143 229//4 597//287 
f 229//4 233//8 597//287 
f 233//8 365//140 597//287 
f 371//146 374//149 598//287 
f 374//149 230//5 598//287 
f 230//5 371//146 598//287 
f 374//149 377//152 455//287 
f 230//5 374//149 455//287 
s 1
f 599//288 600//289 601//290 
f 600//289 602//291 601//290 
f 602//291 603//292 601//290 
f 603//292 599//288 601//290 
s 3
f 600//289 604//293 605//294 
f 604//293 606//295 605//294 
f 606//295 602//291 605//294 
f 602//291 600//289 605//294 
s 2
f 604//293 607//296 608//297 
f 607//296 609//298 608//297 
f 609//298 606//295 608//297 
f 606//295 604//293 608//297 
f 607//296 610//299 611//300 
f 610//299 612//301 611//300 
f 612//301 609//298 611//300 
f 609//298 607//296 611//300 
f 610//299 613//302 614//303 
f 613//302 615//304 614//303 
f 615//304 612//301 614//303 
f 612//301 610//299 614//303 
f 613//302 616//305 617//306 
f 616//305 618//307 617//306 
f 618//307 615//304 617//306 
f 615//304 613//302 617//306 
f 616//305 619//308 620//309 
f 619//308 621//310 620//309 
f 621//310 618//307 620//309 
f 618//307 616//305 620//309 
f 619//308 622//311 623//312 
f 622//311 624//313 623//312 
f 624//313 621//310 623//312 
f 621//310 619//308 623//312 
f 622//311 625//314 626//315 
f 625//314 627//316 626//315 
f 627//316 624//313 626//315 
f 624//313 622//311 626//315 
f 625//314 628//317 629//318 
f 628//317 630//319 629//318 
f 630//319 627//316 629//318 
f 627//316 625//314 629//318 
f 628//317 631//320 632//321 
f 631//320 633//322 632//321 
f 633//322 630//319 632//321 
f 630//319 628//317 632//321 
f 631//320 634//323 635//324 
f 634//323 636//325 635//324 
f 636//325 633//322 635//324 
f 633//322 631//320 635//324 
f 634//323 637//326 638//327 
f 637//326 639//328 638//327 
f 639//328 636//325 638//327 
f 636//325 634//323 638//327 
f 637//326 640//329 641//330 
f 640//329 642//331 641//330 
f 642//331 639//328 641//330 
f 639//328 637//326 641//330 
f 640//329 643//332 644//333 
f 643//332 645//334 644//333 
f 645//334 642//331 644//333 
f 642//331 640//329 644//333 
f 643//332 646//335 647//336 
f 646//335 648//337 647//336 
f 648//337 645//334 647//336 
f 645//334 643//332 647//336 
f 646//335 649//338 650//339 
f 649//338 651//340 650//339 
f 651//340 648//337 650//339 
f 648//337 646//335 650//339 
f 649//338 652//341 653//342 
f 652//341 654//343 653//342 
f 654//343 651//340 653//342 
f 651//340 649//338 653//342 
s 4
f 652//341 655//344 656//345 
f 655//344 657//346 656//345 
f 657//346 654//343 656//345 
f 654//343 652//341 656//345 
s 2
f 655//344 658//347 659//348 
f 658//347 660//349 659//348 
f 660//349 657//346 659//348 
f 657//346 655//344 659//348 
f 658//347 661//350 662//351 
f 661//350 663//352 662//351 
f 663//352 660//349 662//351 
f 660//349 658//347 662//351 
f 661//350 664//353 665//354 
f 664//353 666//355 665//354 
f 666//355 663//352 665//354 
f 663//352 661//350 665//354 
f 664//353 667//356 668//357 
f 667//356 669//358 668//357 
f 669//358 666//355 668//357 
f 666//355 664//353 668//357 
f 667//356 670//359 671//360 
f 670//359 672//361 671//360 
f 672//361 669//358 671//360 
f 669//358 667//356 671//360 
f 670//359 673//362 674//363 
f 673//362 675//364 674//363 
f 675//364 672//361 674//363 
f 672//361 670//359 674//363 
f 673//362 676//365 677//366 
f 676//365 678//367 677//366 
f 678//367 675//364 677//366 
f 675//364 673//362 677//366 
f 676//365 679//368 680//369 
f 679//368 681//370 680//369 
f 681//370 678//367 680//369 
f 678//367 676//365 680//369 
f 679//368 682//371 683//372 
f 682//371 684//373 683//372 
f 684//373 681//370 683//372 
f 681//370 679//368 683//372 
s 4
f 682//371 685//374 686//375 
f 685//374 687//376 686//375 
f 687//376 684//373 686//375 
f 684//373 682//371 686//375 
f 685//374 688//377 689//378 
f 688//377 690//379 689//378 
f 690//379 687//376 689//378 
f 687//376 685//374 689//378 
f 688//377 691//380 692//381 
f 691//380 693//382 692//381 
f 693//382 690//379 692//381 
f 690//379 688//377 692//381 
f 691//380 694//383 695//384 
f 694//383 696//385 695//384 
f 696//385 693//382 695//384 
f 693//382 691//380 695//384 
f 694//383 697//386 698//387 
f 697//386 699//388 698//387 
f 699//388 696//385 698//387 
f 696//385 694//383 698//387 
f 697//386 700//389 701//390 
f 700//389 702//391 701//390 
f 702//391 699//388 701//390 
f 699//388 697//386 701//390 
f 700//389 703//392 704//393 
f 703//392 705//394 704//393 
f 705//394 702//391 704//393 
f 702//391 700//389 704//393 
f 703//392 706//395 707//396 
f 706//395 708//397 707//396 
f 708//397 705//394 707//396 
f 705//394 703//392 707//396 
f 706//395 709//398 710//399 
f 709//398 711//400 710//399 
f 711//400 708//397 710//399 
f 708//397 706//395 710//399 
f 709//398 712//401 713//402 
f 712//401 714//403 713//402 
f 714//403 711//400 713//402 
f 711//400 709//398 713//402 
f 712//401 715//404 716//405 
f 715//404 717//406 716//405 
f 717//406 714//403 716//405 
f 714//403 712//401 716//405 
f 715//404 718//407 719//408 
f 718//407 720//409 719//408 
f 720//409 717//406 719//408 
f 717//406 715//404 719//408 
f 718//407 721//410 722//411 
f 721//410 723//412 722//411 
f 723//412 720//409 722//411 
f 720//409 718//407 722//411 
f 721//410 724//413 725//414 
f 724//413 726//415 725//414 
f 726//415 723//412 725//414 
f 723//412 721//410 725//414 
f 724//413 727//416 728//417 
f 727//416 729//418 728//417 
f 729//418 726//415 728//417 
f 726//415 724//413 728//417 
f 727//416 730//419 731//420 
f 730//419 732//421 731//420 
f 732//421 729//418 731//420 
f 729//418 727//416 731//420 
f 730//419 733//422 734//423 
f 733//422 735//424 734//423 
f 735//424 732//421 734//423 
f 732//421 730//419 734//423 
f 733//422 736//425 737//426 
f 736//425 738//427 737//426 
f 738//427 735//424 737//426 
f 735//424 733//422 737//426 
f 736//425 739//428 740//429 
f 739//428 741//430 740//429 
f 741//430 738//427 740//429 
f 738//427 736//425 740//429 
f 739//428 742//431 743//432 
f 742//431 744//433 743//432 
f 744//433 741//430 743//432 
f 741//430 739//428 743//432 
f 742//431 745//434 746//435 
f 745//434 747//436 746//435 
f 747//436 744//433 746//435 
f 744//433 742//431 746//435 
f 745//434 748//437 749//438 
f 748//437 750//439 749//438 
f 750//439 747//436 749//438 
f 747//436 745//434 749//438 
f 748//437 751//440 752//441 
f 751//440 753//442 752//441 
f 753//442 750//439 752//441 
f 750//439 748//437 752//441 
f 751//440 754//443 755//444 
f 754//443 756//445 755//444 
f 756//445 753//442 755//444 
f 753//442 751//440 755//444 
f 754//443 757//446 758//447 
f 757//446 759//448 758//447 
f 759//448 756//445 758//447 
f 756//445 754//443 758//447 
f 757//446 760//449 761//450 
f 760//449 762//451 761//450 
f 762//451 759//448 761//450 
f 759//448 757//446 761//450 
f 760//449 763//452 764//453 
f 763//452 765//454 764//453 
f 765//454 762//451 764//453 
f 762//451 760//449 764//453 
f 763//452 766//455 767//456 
f 766//455 768//457 767//456 
f 768//457 765//454 767//456 
f 765//454 763//452 767//456 
f 766//455 769//458 770//459 
f 769//458 771//460 770//459 
f 771//460 768//457 770//459 
f 768//457 766//455 770//459 
f 769//458 772//461 773//462 
f 772//461 774//463 773//462 
f 774//463 771//460 773//462 
f 771//460 769//458 773//462 
f 772//461 775//464 776//465 
f 775//464 777//466 776//465 
f 777//466 774//463 776//465 
f 774//463 772//461 776//465 
f 775//464 778//467 779//468 
f 778//467 780//469 779//468 
f 780//469 777//466 779//468 
f 777//466 775//464 779//468 
f 778//467 781//470 782//471 
f 781//470 783//472 782//471 
f 783//472 780//469 782//471 
f 780//469 778//467 782//471 
f 781//470 784//473 785//474 
f 784//473 786//475 785//474 
f 786//475 783//472 785//474 
f 783//472 781//470 785//474 
f 784//473 787//476 788//477 
f 787//476 789//478 788//477 
f 789//478 786//475 788//477 
f 786//475 784//473 788//477 
f 787//476 790//479 791//480 
f 790//479 792//481 791//480 
f 792//481 789//478 791//480 
f 789//478 787//476 791//480 
f 790//479 793//482 794//483 
f 793//482 795//484 794//483 
f 795//484 792//481 794//483 
f 792//481 790//479 794//483 
f 793//482 796//485 797//486 
f 796//485 798//487 797//486 
f 798//487 795//484 797//486 
f 795//484 793//482 797//486 
f 796//485 799//488 800//489 
f 799//488 801//490 800//489 
f 801//490 798//487 800//489 
f 798//487 796//485 800//489 
f 799//488 802//491 803//492 
f 802//491 804//493 803//492 
f 804//493 801//490 803//492 
f 801//490 799//488 803//492 
f 802//491 805//494 806//495 
f 805//494 807//496 806//495 
f 807//496 804//493 806//495 
f 804//493 802//491 806//495 
f 805//494 808//497 809//498 
f 808//497 810//499 809//498 
f 810//499 807//496 809//498 
f 807//496 805//494 809//498 
f 808//497 811//500 812//501 
f 811//500 813//502 812//501 
f 813//502 810//499 812//501 
f 810//499 808//497 812//501 
f 811//500 814//503 815//504 
f 814//503 816//505 815//504 
f 816//505 813//502 815//504 
f 813//502 811//500 815//504 
f 814//503 599//288 817//506 
f 599//288 603//292 817//506 
f 603//292 816//505 817//506 
f 816//505 814//503 817//506 
s 1
f 818//507 819//508 820//509 
f 819//508 821//510 820//509 
f 821//510 822//511 820//509 
f 822//511 818//507 820//509 
s 3
f 819//508 823//512 824//513 
f 823//512 825//514 824//513 
f 825//514 821//510 824//513 
f 821//510 819//508 824//513 
s 2
f 823//512 826//515 827//516 
f 826//515 828//517 827//516 
f 828//517 825//514 827//516 
f 825//514 823//512 827//516 
f 826//515 829//518 830//519 
f 829//518 831//520 830//519 
f 831//520 828//517 830//519 
f 828//517 826//515 830//519 
f 829//518 832//521 833//522 
f 832//521 834//523 833//522 
f 834//523 831//520 833//522 
f 831//520 829//518 833//522 
f 832//521 835//524 836//525 
f 835//524 837//526 836//525 
f 837//526 834//523 836//525 
f 834//523 832//521 836//525 
f 835//524 838//527 839//528 
f 838//527 840//529 839//528 
f 840//529 837//526 839//528 
f 837//526 835//524 839//528 
f 838//527 841//530 842//531 
f 841//530 843//532 842//531 
f 843//532 840//529 842//531 
f 840//529 838//527 842//531 
f 841//530 844//533 845//534 
f 844//533 846//535 845//534 
f 846//535 843//532 845//534 
f 843//532 841//530 845//534 
f 844//533 847//536 848//537 
f 847//536 849//538 848//537 
f 849//538 846//535 848//537 
f 846//535 844//533 848//537 
f 847//536 850//539 851//540 
f 850//539 852//541 851//540 
f 852//541 849//538 851//540 
f 849//538 847//536 851//540 
f 850//539 853//542 854//543 
f 853//542 855//544 854//543 
f 855//544 852//541 854//543 
f 852//541 850//539 854//543 
f 853//542 856//545 857//546 
f 856//545 858//547 857//546 
f 858//547 855//544 857//546 
f 855//544 853//542 857//546 
f 856//545 859//548 860//549 
f 859//548 861//550 860//549 
f 861//550 858//547 860//549 
f 858//547 856//545 860//549 
f 859//548 862//551 863//552 
f 862//551 864//553 863//552 
f 864//553 861//550 863//552 
f 861//550 859//548 863//552 
f 862//551 865//554 866//555 
f 865//554 867//556 866//555 
f 867//556 864//553 866//555 
f 864//553 862//551 866//555 
f 865//554 868//557 869//558 
f 868//557 870//559 869//558 
f 870//559 867//556 869//558 
f 867//556 865//554 869//558 
s 4
f 868//557 871//560 872//561 
f 871//560 873//562 872//561 
f 873//562 870//559 872//561 
f 870//559 868//557 872//561 
s 3
f 871//560 818//507 874//563 
f 818//507 822//511 874//563 
f 822//511 873//562 874//563 
f 873//562 871//560 874//563 
s 1
f 875//564 876//565 877//477 
f 876//565 878//566 877//477 
f 878//566 879//567 877//477 
f 879//567 875//564 877//477 
s 3
f 876//565 880//568 881//474 
f 880//568 882//569 881//474 
f 882//569 878//566 881//474 
f 878//566 876//565 881//474 
s 2
f 880//568 883//570 884//471 
f 883//570 885//571 884//471 
f 885//571 882//569 884//471 
f 882//569 880//568 884//471 
f 883//570 886//572 887//468 
f 886//572 888//573 887//468 
f 888//573 885//571 887//468 
f 885//571 883//570 887//468 
f 886//572 889//574 890//465 
f 889//574 891//575 890//465 
f 891//575 888//573 890//465 
f 888//573 886//572 890//465 
f 889//574 892//576 893//462 
f 892//576 894//577 893//462 
f 894//577 891//575 893//462 
f 891//575 889//574 893//462 
f 892//576 895//578 896//459 
f 895//578 897//579 896//459 
f 897//579 894//577 896//459 
f 894//577 892//576 896//459 
f 895//578 898//580 899//456 
f 898//580 900//581 899//456 
f 900//581 897//579 899//456 
f 897//579 895//578 899//456 
f 898//580 901//582 902//453 
f 901//582 903//583 902//453 
f 903//583 900//581 902//453 
f 900//581 898//580 902//453 
f 901//582 904//584 905//450 
f 904//584 906//585 905//450 
f 906//585 903//583 905//450 
f 903//583 901//582 905//450 
f 904//584 907//586 908//447 
f 907//586 909//587 908//447 
f 909//587 906//585 908//447 
f 906//585 904//584 908//447 
f 907//586 910//588 911//444 
f 910//588 912//589 911//444 
f 912//589 909//587 911//444 
f 909//587 907//586 911//444 
f 910//588 913//590 914//441 
f 913//590 915//591 914//441 
f 915//591 912//589 914//441 
f 912//589 910//588 914//441 
f 913//590 916//592 917//438 
f 916//592 918//593 917//438 
f 918//593 915//591 917//438 
f 915//591 913//590 917//438 
f 916//592 919//594 920//435 
f 919//594 921//595 920//435 
f 921//595 918//593 920//435 
f 918//593 916//592 920//435 
f 919//594 922//596 923//432 
f 922//596 924//597 923//432 
f 924//597 921//595 923//432 
f 921//595 919//594 923//432 
f 922//596 925//598 926//429 
f 925//598 927//599 926//429 
f 927//599 924//597 926//429 
f 924//597 922//596 926//429 
f 925//598 928//600 929//426 
f 928//600 930//601 929//426 
f 930//601 927//599 929//426 
f 927//599 925//598 929//426 
f 928//600 931//602 932//423 
f 931//602 933//603 932//423 
f 933//603 930//601 932//423 
f 930//601 928//600 932//423 
f 931//602 934//604 935//420 
f 934//604 936//605 935//420 
f 936//605 933//603 935//420 
f 933//603 931//602 935//420 
f 934//604 937//606 938//417 
f 937//606 939//607 938//417 
f 939//607 936//605 938//417 
f 936//605 934//604 938//417 
f 937//606 940//608 941//414 
f 940//608 942//609 941//414 
f 942//609 939//607 941//414 
f 939//607 937//606 941//414 
f 940//608 943//610 944//411 
f 943//610 945//611 944//411 
f 945//611 942//609 944//411 
f 942//609 940//608 944//411 
f 943//610 946//612 947//408 
f 946//612 948//613 947//408 
f 948//613 945//611 947//408 
f 945//611 943//610 947//408 
f 946//612 949//614 950//405 
f 949//614 951//615 950//405 
f 951//615 948//613 950//405 
f 948//613 946//612 950//405 
f 949//614 952//616 953//402 
f 952//616 954//617 953//402 
f 954//617 951//615 953//402 
f 951//615 949//614 953//402 
f 952//616 955//618 956//619 
f 955//618 957//620 956//619 
f 957//620 954//617 956//619 
f 954//617 952//616 956//619 
f 955//618 958//621 959//622 
f 958//621 960//623 959//622 
f 960//623 957//620 959//622 
f 957//620 955//618 959//622 
f 958//621 961//624 962//625 
f 961//624 963//626 962//625 
f 963//626 960//623 962//625 
f 960//623 958//621 962//625 
f 961//624 964//627 965//628 
f 964//627 966//629 965//628 
f 966//629 963//626 965//628 
f 963//626 961//624 965//628 
f 964//627 967//630 968//631 
f 967//630 969//632 968//631 
f 969//632 966//629 968//631 
f 966//629 964//627 968//631 
f 967//630 970//633 971//634 
f 970//633 972//635 971//634 
f 972//635 969//632 971//634 
f 969//632 967//630 971//634 
f 970//633 973//636 974//637 
f 973//636 975//638 974//637 
f 975//638 972//635 974//637 
f 972//635 970//633 974//637 
f 973//636 976//639 977//640 
f 976//639 978//641 977//640 
f 978//641 975//638 977//640 
f 975//638 973//636 977//640 
f 976//639 979//642 980//643 
f 979//642 981//644 980//643 
f 981//644 978//641 980//643 
f 978//641 976//639 980//643 
s 3
f 979//642 875//564 982//480 
f 875//564 879//567 982//480 
f 879//567 981//644 982//480 
f 981//644 979//642 982//480 
s 1
f 983//341 984//645 985//345 
f 984//645 986//646 985//345 
f 986//646 987//343 985//345 
f 987//343 983//341 985//345 
s 4
f 984//645 988//647 989//648 
f 988//647 990//649 989//648 
f 990//649 986//646 989//648 
f 986//646 984//645 989//648 
f 988//647 991//650 992//651 
f 991//650 993//652 992//651 
f 993//652 990//649 992//651 
f 990//649 988//647 992//651 
f 991//650 994//653 995//654 
f 994//653 996//655 995//654 
f 996//655 993//652 995//654 
f 993//652 991//650 995//654 
f 994//653 997//656 998//657 
f 997//656 999//658 998//657 
f 999//658 996//655 998//657 
f 996//655 994//653 998//657 
f 997//656 1000//659 1001//660 
f 1000//659 1002//661 1001//660 
f 1002//661 999//658 1001//660 
f 999//658 997//656 1001//660 
f 1000//659 1003//662 1004//663 
f 1003//662 1005//664 1004//663 
f 1005//664 1002//661 1004//663 
f 1002//661 1000//659 1004//663 
f 1003//662 1006//665 1007//666 
f 1006//665 1008//667 1007//666 
f 1008//667 1005//664 1007//666 
f 1005//664 1003//662 1007//666 
f 1006//665 1009//668 1010//669 
f 1009//668 1011//670 1010//669 
f 1011//670 1008//667 1010//669 
f 1008//667 1006//665 1010//669 
f 1009//668 1012//671 1013//672 
f 1012//671 1014//673 1013//672 
f 1014//673 1011//670 1013//672 
f 1011//670 1009//668 1013//672 
f 1012//671 1015//317 1016//318 
f 1015//317 1017//319 1016//318 
f 1017//319 1014//673 1016//318 
f 1014//673 1012//671 1016//318 
f 1015//317 1018//320 1019//321 
f 1018//320 1020//322 1019//321 
f 1020//322 1017//319 1019//321 
f 1017//319 1015//317 1019//321 
f 1018//320 1021//323 1022//324 
f 1021//323 1023//325 1022//324 
f 1023//325 1020//322 1022//324 
f 1020//322 1018//320 1022//324 
f 1021//323 1024//326 1025//327 
f 1024//326 1026//328 1025//327 
f 1026//328 1023//325 1025//327 
f 1023//325 1021//323 1025//327 
f 1024//326 1027//329 1028//330 
f 1027//329 1029//331 1028//330 
f 1029//331 1026//328 1028//330 
f 1026//328 1024//326 1028//330 
f 1027//329 1030//332 1031//333 
f 1030//332 1032//334 1031//333 
f 1032//334 1029//331 1031//333 
f 1029//331 1027//329 1031//333 
f 1030//332 1033//674 1034//336 
f 1033//674 1035//675 1034//336 
f 1035//675 1032//334 1034//336 
f 1032//334 1030//332 1034//336 
f 1033//674 1036//338 1037//339 
f 1036//338 1038//340 1037//339 
f 1038//340 1035//675 1037//339 
f 1035//675 1033//674 1037//339 
f 1036//338 983//341 1039//342 
f 983//341 987//343 1039//342 
f 987//343 1038//340 1039//342 
f 1038//340 1036//338 1039//342 
s 1
f 1040//507 1041//508 1042//509 
f 1041//508 1043//510 1042//509 
f 1043//510 1044//511 1042//509 
f 1044//511 1040//507 1042//509 
s 3
f 1041//508 1045//512 1046//513 
f 1045//512 1047//514 1046//513 
f 1047//514 1043//510 1046//513 
f 1043//510 1041//508 1046//513 
s 2
f 1045//512 1048//515 1049//516 
f 1048//515 1050//517 1049//516 
f 1050//517 1047//514 1049//516 
f 1047//514 1045//512 1049//516 
f 1048//515 1051//518 1052//519 
f 1051//518 1053//520 1052//519 
f 1053//520 1050//517 1052//519 
f 1050//517 1048//515 1052//519 
f 1051//518 1054//521 1055//522 
f 1054//521 1056//523 1055//522 
f 1056//523 1053//520 1055//522 
f 1053//520 1051//518 1055//522 
f 1054//521 1057//524 1058//676 
f 1057//524 1059//526 1058//676 
f 1059//526 1056//523 1058//676 
f 1056//523 1054//521 1058//676 
f 1057//524 1060//527 1061//528 
f 1060//527 1062//529 1061//528 
f 1062//529 1059//526 1061//528 
f 1059//526 1057//524 1061//528 
f 1060//527 1063//530 1064//531 
f 1063//530 1065//532 1064//531 
f 1065//532 1062//529 1064//531 
f 1062//529 1060//527 1064//531 
f 1063//530 1066//533 1067//534 
f 1066//533 1068//535 1067//534 
f 1068//535 1065//532 1067//534 
f 1065//532 1063//530 1067//534 
f 1066//533 1069//536 1070//537 
f 1069//536 1071//538 1070//537 
f 1071//538 1068//535 1070//537 
f 1068//535 1066//533 1070//537 
f 1069//536 1072//539 1073//540 
f 1072//539 1074//541 1073//540 
f 1074//541 1071//538 1073//540 
f 1071//538 1069//536 1073//540 
f 1072//539 1075//542 1076//543 
f 1075//542 1077//544 1076//543 
f 1077//544 1074//541 1076//543 
f 1074//541 1072//539 1076//543 
f 1075//542 1078//545 1079//546 
f 1078//545 1080//547 1079//546 
f 1080//547 1077//544 1079//546 
f 1077//544 1075//542 1079//546 
f 1078//545 1081//548 1082//549 
f 1081//548 1083//550 1082//549 
f 1083//550 1080//547 1082//549 
f 1080//547 1078//545 1082//549 
f 1081//548 1084//551 1085//552 
f 1084//551 1086//553 1085//552 
f 1086//553 1083//550 1085//552 
f 1083//550 1081//548 1085//552 
f 1084//551 1087//554 1088//555 
f 1087//554 1089//556 1088//555 
f 1089//556 1086//553 1088//555 
f 1086//553 1084//551 1088//555 
f 1087//554 1090//557 1091//558 
f 1090//557 1092//559 1091//558 
f 1092//559 1089//556 1091//558 
f 1089//556 1087//554 1091//558 
s 4
f 1090//557 1093//560 1094//561 
f 1093//560 1095//562 1094//561 
f 1095//562 1092//559 1094//561 
f 1092//559 1090//557 1094//561 
s 3
f 1093//560 1040//507 1096//563 
f 1040//507 1044//511 1096//563 
f 1044//511 1095//562 1096//563 
f 1095//562 1093//560 1096//563 
s 16
f 599//288 862//551 1097//286 
f 862//551 859//548 1097//286 
f 859//548 599//288 1097//286 
f 1057//524 1054//521 1098//286 
f 1054//521 1018//320 1098//286 
f 603//292 927//599 1099//287 
f 927//599 930//601 1099//287 
f 930//601 789//478 1099//287 
f 789//478 792//481 1099//287 
f 792//481 795//484 1099//287 
f 795//484 798//487 1099//287 
f 798//487 801//490 1099//287 
f 801//490 804//493 1099//287 
f 804//493 807//496 1099//287 
f 807//496 810//499 1099//287 
f 810//499 813//502 1099//287 
f 813//502 816//505 1099//287 
f 816//505 603//292 1099//287 
f 1017//319 1020//322 1100//287 
f 1020//322 1101//287 1059//526 1100//287 
f 1059//526 1062//529 1100//287 
f 1062//529 1017//319 1100//287 
f 925//598 922//596 1102//286 
f 922//596 868//557 1102//286 
f 868//557 865//554 1102//286 
f 865//554 925//598 1102//286 
f 859//548 856//545 1103//286 
f 856//545 599//288 1103//286 
f 599//288 859//548 1103//286 
f 856//545 853//542 1104//286 
f 853//542 599//288 1104//286 
f 599//288 856//545 1104//286 
f 853//542 850//539 1105//286 
f 850//539 599//288 1105//286 
f 599//288 853//542 1105//286 
f 850//539 847//536 1106//286 
f 847//536 599//288 1106//286 
f 599//288 850//539 1106//286 
f 847//536 844//533 1107//286 
f 844//533 599//288 1107//286 
f 599//288 847//536 1107//286 
f 844//533 841//530 1108//286 
f 841//530 625//314 1108//286 
f 625//314 622//311 1108//286 
f 622//311 619//308 1108//286 
f 619//308 616//305 1108//286 
f 616//305 613//302 1108//286 
f 613//302 610//299 1108//286 
f 610//299 607//296 1108//286 
f 607//296 604//293 1108//286 
f 604//293 600//289 1108//286 
f 600//289 599//288 1108//286 
f 599//288 844//533 1108//286 
f 841//530 838//527 1109//286 
f 838//527 628//317 1109//286 
f 628//317 625//314 1109//286 
f 625//314 841//530 1109//286 
f 838//527 835//524 1110//286 
f 835//524 628//317 1110//286 
f 628//317 838//527 1110//286 
f 835//524 832//521 1111//286 
f 832//521 631//320 1111//286 
f 631//320 628//317 1111//286 
f 628//317 835//524 1111//286 
f 832//521 829//518 1112//286 
f 829//518 634//323 1112//286 
f 634//323 631//320 1112//286 
f 631//320 832//521 1112//286 
f 829//518 826//515 1113//286 
f 826//515 634//323 1113//286 
f 634//323 829//518 1113//286 
f 826//515 823//512 1114//286 
f 823//512 637//326 1114//286 
f 637//326 634//323 1114//286 
f 634//323 826//515 1114//286 
f 823//512 819//508 1115//286 
f 819//508 640//329 1115//286 
f 640//329 637//326 1115//286 
f 637//326 823//512 1115//286 
f 819//508 818//507 1116//286 
f 818//507 640//329 1116//286 
f 640//329 819//508 1116//286 
f 818//507 871//560 1117//286 
f 871//560 649//338 1117//286 
f 649//338 646//335 1117//286 
f 646//335 643//332 1117//286 
f 643//332 640//329 1117//286 
f 640//329 818//507 1117//286 
f 871//560 868//557 1118//286 
f 649//338 871//560 1118//286 
f 685//374 682//371 1119//286 
f 682//371 1120//286 907//586 1119//286 
f 907//586 904//584 1119//286 
f 904//584 685//374 1119//286 
f 922//596 919//594 1121//286 
f 919//594 868//557 1121//286 
f 868//557 922//596 1121//286 
f 865//554 862//551 1122//286 
f 862//551 599//288 1122//286 
f 599//288 925//598 1122//286 
f 925//598 865//554 1122//286 
f 919//594 916//592 1123//286 
f 916//592 868//557 1123//286 
f 868//557 919//594 1123//286 
f 916//592 913//590 1124//286 
f 913//590 868//557 1124//286 
f 868//557 916//592 1124//286 
f 913//590 910//588 1125//286 
f 910//588 868//557 1125//286 
f 868//557 913//590 1125//286 
f 910//588 907//586 1120//286 
f 682//371 868//557 1120//286 
f 868//557 910//588 1120//286 
f 667//356 664//353 1126//286 
f 664//353 661//350 1126//286 
f 661//350 658//347 1126//286 
f 658//347 655//344 1126//286 
f 655//344 652//341 1126//286 
f 652//341 649//338 1126//286 
f 649//338 1118//286 868//557 1126//286 
f 868//557 667//356 1126//286 
f 868//557 682//371 1127//286 
f 682//371 679//368 1127//286 
f 679//368 676//365 1127//286 
f 676//365 673//362 1127//286 
f 673//362 670//359 1127//286 
f 670//359 667//356 1127//286 
f 667//356 868//557 1127//286 
f 904//584 901//582 1128//286 
f 901//582 697//386 1128//286 
f 697//386 694//383 1128//286 
f 694//383 691//380 1128//286 
f 691//380 688//377 1128//286 
f 688//377 685//374 1128//286 
f 685//374 904//584 1128//286 
f 901//582 898//580 1129//286 
f 898//580 709//398 1129//286 
f 709//398 706//395 1129//286 
f 706//395 703//392 1129//286 
f 703//392 700//389 1129//286 
f 700//389 697//386 1129//286 
f 697//386 901//582 1129//286 
f 898//580 895//578 1130//286 
f 895//578 712//401 1130//286 
f 712//401 709//398 1130//286 
f 709//398 898//580 1130//286 
f 895//578 892//576 1131//286 
f 892//576 715//404 1131//286 
f 715//404 712//401 1131//286 
f 712//401 895//578 1131//286 
f 892//576 889//574 1132//286 
f 889//574 718//407 1132//286 
f 718//407 715//404 1132//286 
f 715//404 892//576 1132//286 
f 889//574 886//572 1133//286 
f 886//572 721//410 1133//286 
f 721//410 718//407 1133//286 
f 718//407 889//574 1133//286 
f 886//572 883//570 1134//286 
f 883//570 724//413 1134//286 
f 724//413 721//410 1134//286 
f 721//410 886//572 1134//286 
f 883//570 880//568 1135//286 
f 880//568 727//416 1135//286 
f 727//416 724//413 1135//286 
f 724//413 883//570 1135//286 
f 880//568 876//565 1136//286 
f 876//565 730//419 1136//286 
f 730//419 727//416 1136//286 
f 727//416 880//568 1136//286 
f 876//565 875//564 1137//286 
f 875//564 733//422 1137//286 
f 733//422 730//419 1137//286 
f 730//419 876//565 1137//286 
f 875//564 979//642 1138//286 
f 979//642 736//425 1138//286 
f 736//425 733//422 1138//286 
f 733//422 875//564 1138//286 
f 979//642 976//639 1139//286 
f 976//639 739//428 1139//286 
f 739//428 736//425 1139//286 
f 736//425 979//642 1139//286 
f 976//639 973//636 1140//286 
f 973//636 742//431 1140//286 
f 742//431 739//428 1140//286 
f 739//428 976//639 1140//286 
f 973//636 970//633 1141//286 
f 970//633 745//434 1141//286 
f 745//434 742//431 1141//286 
f 742//431 973//636 1141//286 
f 970//633 967//630 1142//286 
f 967//630 748//437 1142//286 
f 748//437 745//434 1142//286 
f 745//434 970//633 1142//286 
f 967//630 964//627 1143//286 
f 964//627 751//440 1143//286 
f 751//440 748//437 1143//286 
f 748//437 967//630 1143//286 
f 964//627 961//624 1144//286 
f 961//624 754//443 1144//286 
f 754//443 751//440 1144//286 
f 751//440 964//627 1144//286 
f 961//624 958//621 1145//286 
f 958//621 757//446 1145//286 
f 757//446 754//443 1145//286 
f 754//443 961//624 1145//286 
f 958//621 955//618 1146//286 
f 955//618 760//449 1146//286 
f 760//449 757//446 1146//286 
f 757//446 958//621 1146//286 
f 955//618 952//616 1147//286 
f 952//616 763//452 1147//286 
f 763//452 760//449 1147//286 
f 760//449 955//618 1147//286 
f 952//616 949//614 1148//286 
f 949//614 766//455 1148//286 
f 766//455 763//452 1148//286 
f 763//452 952//616 1148//286 
f 949//614 946//612 1149//286 
f 946//612 769//458 1149//286 
f 769//458 766//455 1149//286 
f 766//455 949//614 1149//286 
f 946//612 943//610 1150//286 
f 943//610 772//461 1150//286 
f 772//461 769//458 1150//286 
f 769//458 946//612 1150//286 
f 943//610 940//608 1151//286 
f 940//608 775//464 1151//286 
f 775//464 772//461 1151//286 
f 772//461 943//610 1151//286 
f 940//608 937//606 1152//286 
f 937//606 778//467 1152//286 
f 778//467 775//464 1152//286 
f 775//464 940//608 1152//286 
f 937//606 934//604 1153//286 
f 934//604 781//470 1153//286 
f 781//470 778//467 1153//286 
f 778//467 937//606 1153//286 
f 934//604 931//602 1154//286 
f 931//602 784//473 1154//286 
f 784//473 781//470 1154//286 
f 781//470 934//604 1154//286 
f 931//602 928//600 1155//286 
f 928//600 787//476 1155//286 
f 787//476 784//473 1155//286 
f 784//473 931//602 1155//286 
f 928//600 925//598 1156//286 
f 925//598 599//288 1156//286 
f 599//288 814//503 1156//286 
f 814//503 811//500 1156//286 
f 811//500 808//497 1156//286 
f 808//497 805//494 1156//286 
f 805//494 802//491 1156//286 
f 802//491 799//488 1156//286 
f 799//488 796//485 1156//286 
f 796//485 793//482 1156//286 
f 793//482 790//479 1156//286 
f 790//479 787//476 1156//286 
f 787//476 928//600 1156//286 
f 1054//521 1051//518 1157//286 
f 1051//518 1021//323 1157//286 
f 1021//323 1018//320 1157//286 
f 1018//320 1054//521 1157//286 
f 1051//518 1048//515 1158//286 
f 1048//515 1021//323 1158//286 
f 1021//323 1051//518 1158//286 
f 1048//515 1045//512 1159//286 
f 1045//512 1024//326 1159//286 
f 1024//326 1021//323 1159//286 
f 1021//323 1048//515 1159//286 
f 1045//512 1041//508 1160//286 
f 1041//508 1027//329 1160//286 
f 1027//329 1024//326 1160//286 
f 1024//326 1045//512 1160//286 
f 1041//508 1040//507 1161//286 
f 1040//507 1027//329 1161//286 
f 1027//329 1041//508 1161//286 
f 1040//507 1093//560 1162//286 
f 1093//560 983//341 1162//286 
f 983//341 1036//338 1162//286 
f 1036//338 1033//674 1162//286 
f 1033//674 1030//332 1162//286 
f 1030//332 1027//329 1162//286 
f 1027//329 1040//507 1162//286 
f 1093//560 1090//557 1163//286 
f 1090//557 984//645 1163//286 
f 984//645 983//341 1163//286 
f 983//341 1093//560 1163//286 
f 1090//557 1087//554 1164//286 
f 1087//554 997//656 1164//286 
f 997//656 994//653 1164//286 
f 994//653 991//650 1164//286 
f 991//650 988//647 1164//286 
f 988//647 984//645 1164//286 
f 984//645 1090//557 1164//286 
f 1087//554 1084//551 1165//286 
f 1084//551 997//656 1165//286 
f 997//656 1087//554 1165//286 
f 1084//551 1081//548 1166//286 
f 1081//548 1000//659 1166//286 
f 1000//659 997//656 1166//286 
f 997//656 1084//551 1166//286 
f 1081//548 1078//545 1167//286 
f 1078//545 1003//662 1167//286 
f 1003//662 1000//659 1167//286 
f 1000//659 1081//548 1167//286 
f 1078//545 1075//542 1168//286 
f 1075//542 1003//662 1168//286 
f 1003//662 1078//545 1168//286 
f 1075//542 1072//539 1169//286 
f 1072//539 1006//665 1169//286 
f 1006//665 1003//662 1169//286 
f 1003//662 1075//542 1169//286 
f 1072//539 1069//536 1170//286 
f 1069//536 1009//668 1170//286 
f 1009//668 1006//665 1170//286 
f 1006//665 1072//539 1170//286 
f 1069//536 1066//533 1171//286 
f 1066//533 1009//668 1171//286 
f 1009//668 1069//536 1171//286 
f 1066//533 1063//530 1172//286 
f 1063//530 1012//671 1172//286 
f 1012//671 1009//668 1172//286 
f 1009//668 1066//533 1172//286 
f 1063//530 1060//527 1173//286 
f 1060//527 1015//317 1173//286 
f 1015//317 1012//671 1173//286 
f 1012//671 1063//530 1173//286 
f 1060//527 1057//524 1174//286 
f 1057//524 1098//286 1018//320 1174//286 
f 1018//320 1015//317 1174//286 
f 1015//317 1060//527 1174//286 
f 870//559 873//562 1175//287 
f 873//562 651//340 1175//287 
f 603//292 864//553 1176//287 
f 864//553 867//556 1176//287 
f 867//556 927//599 1176//287 
f 927//599 603//292 1176//287 
f 930//601 933//603 1177//287 
f 933//603 786//475 1177//287 
f 786//475 789//478 1177//287 
f 789//478 930//601 1177//287 
f 933//603 936//605 1178//287 
f 936//605 783//472 1178//287 
f 783//472 786//475 1178//287 
f 786//475 933//603 1178//287 
f 936//605 939//607 1179//287 
f 939//607 780//469 1179//287 
f 780//469 783//472 1179//287 
f 783//472 936//605 1179//287 
f 939//607 942//609 1180//287 
f 942//609 777//466 1180//287 
f 777//466 780//469 1180//287 
f 780//469 939//607 1180//287 
f 942//609 945//611 1181//287 
f 945//611 774//463 1181//287 
f 774//463 777//466 1181//287 
f 777//466 942//609 1181//287 
f 945//611 948//613 1182//287 
f 948//613 771//460 1182//287 
f 771//460 774//463 1182//287 
f 774//463 945//611 1182//287 
f 948//613 951//615 1183//287 
f 951//615 768//457 1183//287 
f 768//457 771//460 1183//287 
f 771//460 948//613 1183//287 
f 951//615 954//617 1184//287 
f 954//617 765//454 1184//287 
f 765//454 768//457 1184//287 
f 768//457 951//615 1184//287 
f 954//617 957//620 1185//287 
f 957//620 762//451 1185//287 
f 762//451 765//454 1185//287 
f 765//454 954//617 1185//287 
f 957//620 960//623 1186//287 
f 960//623 759//448 1186//287 
f 759//448 762//451 1186//287 
f 762//451 957//620 1186//287 
f 960//623 963//626 1187//287 
f 963//626 756//445 1187//287 
f 756//445 759//448 1187//287 
f 759//448 960//623 1187//287 
f 963//626 966//629 1188//287 
f 966//629 753//442 1188//287 
f 753//442 756//445 1188//287 
f 756//445 963//626 1188//287 
f 966//629 969//632 1189//287 
f 969//632 750//439 1189//287 
f 750//439 753//442 1189//287 
f 753//442 966//629 1189//287 
f 969//632 972//635 1190//287 
f 972//635 747//436 1190//287 
f 747//436 750//439 1190//287 
f 750//439 969//632 1190//287 
f 972//635 975//638 1191//287 
f 975//638 744//433 1191//287 
f 744//433 747//436 1191//287 
f 747//436 972//635 1191//287 
f 975//638 978//641 1192//287 
f 978//641 741//430 1192//287 
f 741//430 744//433 1192//287 
f 744//433 975//638 1192//287 
f 978//641 981//644 1193//287 
f 981//644 738//427 1193//287 
f 738//427 741//430 1193//287 
f 741//430 978//641 1193//287 
f 981//644 879//567 1194//287 
f 879//567 735//424 1194//287 
f 735//424 738//427 1194//287 
f 738//427 981//644 1194//287 
f 879//567 878//566 1195//287 
f 878//566 732//421 1195//287 
f 732//421 735//424 1195//287 
f 735//424 879//567 1195//287 
f 878//566 882//569 1196//287 
f 882//569 729//418 1196//287 
f 729//418 732//421 1196//287 
f 732//421 878//566 1196//287 
f 882//569 885//571 1197//287 
f 885//571 726//415 1197//287 
f 726//415 729//418 1197//287 
f 729//418 882//569 1197//287 
f 885//571 888//573 1198//287 
f 888//573 723//412 1198//287 
f 723//412 726//415 1198//287 
f 726//415 885//571 1198//287 
f 888//573 891//575 1199//287 
f 891//575 720//409 1199//287 
f 720//409 723//412 1199//287 
f 723//412 888//573 1199//287 
f 891//575 894//577 1200//287 
f 894//577 717//406 1200//287 
f 717//406 720//409 1200//287 
f 720//409 891//575 1200//287 
f 894//577 897//579 1201//287 
f 897//579 714//403 1201//287 
f 714//403 717//406 1201//287 
f 717//406 894//577 1201//287 
f 897//579 900//581 1202//287 
f 900//581 711//400 1202//287 
f 711//400 714//403 1202//287 
f 714//403 897//579 1202//287 
f 900//581 903//583 1203//287 
f 903//583 699//388 1203//287 
f 699//388 702//391 1203//287 
f 702//391 705//394 1203//287 
f 705//394 708//397 1203//287 
f 708//397 711//400 1203//287 
f 711//400 900//581 1203//287 
f 903//583 906//585 1204//287 
f 906//585 687//376 1204//287 
f 687//376 690//379 1204//287 
f 690//379 693//382 1204//287 
f 693//382 696//385 1204//287 
f 696//385 699//388 1204//287 
f 699//388 903//583 1204//287 
f 906//585 909//587 1205//287 
f 909//587 1206//287 684//373 1205//287 
f 684//373 687//376 1205//287 
f 687//376 906//585 1205//287 
f 870//559 669//358 1207//287 
f 669//358 672//361 1207//287 
f 672//361 675//364 1207//287 
f 675//364 678//367 1207//287 
f 678//367 681//370 1207//287 
f 681//370 684//373 1207//287 
f 684//373 870//559 1207//287 
f 870//559 1175//287 651//340 1208//287 
f 651//340 654//343 1208//287 
f 654//343 657//346 1208//287 
f 657//346 660//349 1208//287 
f 660//349 663//352 1208//287 
f 663//352 666//355 1208//287 
f 666//355 669//358 1208//287 
f 669//358 870//559 1208//287 
f 909//587 912//589 1206//287 
f 912//589 870//559 1206//287 
f 870//559 684//373 1206//287 
f 912//589 915//591 1209//287 
f 915//591 870//559 1209//287 
f 870//559 912//589 1209//287 
f 915//591 918//593 1210//287 
f 918//593 870//559 1210//287 
f 870//559 915//591 1210//287 
f 918//593 921//595 1211//287 
f 921//595 870//559 1211//287 
f 870//559 918//593 1211//287 
f 921//595 924//597 1212//287 
f 924//597 870//559 1212//287 
f 870//559 921//595 1212//287 
f 924//597 927//599 1213//287 
f 927//599 867//556 1213//287 
f 867//556 870//559 1213//287 
f 870//559 924//597 1213//287 
f 873//562 822//511 1214//287 
f 822//511 642//331 1214//287 
f 642//331 645//334 1214//287 
f 645//334 648//337 1214//287 
f 648//337 651//340 1214//287 
f 651//340 873//562 1214//287 
f 822//511 821//510 1215//287 
f 821//510 642//331 1215//287 
f 642//331 822//511 1215//287 
f 821//510 825//514 1216//287 
f 825//514 639//328 1216//287 
f 639//328 642//331 1216//287 
f 642//331 821//510 1216//287 
f 825//514 828//517 1217//287 
f 828//517 636//325 1217//287 
f 636//325 639//328 1217//287 
f 639//328 825//514 1217//287 
f 828//517 831//520 1218//287 
f 831//520 636//325 1218//287 
f 636//325 828//517 1218//287 
f 831//520 834//523 1219//287 
f 834//523 633//322 1219//287 
f 633//322 636//325 1219//287 
f 636//325 831//520 1219//287 
f 834//523 837//526 1220//287 
f 837//526 630//319 1220//287 
f 630//319 633//322 1220//287 
f 633//322 834//523 1220//287 
f 837//526 840//529 1221//287 
f 840//529 630//319 1221//287 
f 630//319 837//526 1221//287 
f 840//529 843//532 1222//287 
f 843//532 627//316 1222//287 
f 627//316 630//319 1222//287 
f 630//319 840//529 1222//287 
f 843//532 846//535 1223//287 
f 846//535 603//292 1223//287 
f 603//292 602//291 1223//287 
f 602//291 606//295 1223//287 
f 606//295 609//298 1223//287 
f 609//298 612//301 1223//287 
f 612//301 615//304 1223//287 
f 615//304 618//307 1223//287 
f 618//307 621//310 1223//287 
f 621//310 624//313 1223//287 
f 624//313 627//316 1223//287 
f 627//316 843//532 1223//287 
f 846//535 849//538 1224//287 
f 849//538 603//292 1224//287 
f 603//292 846//535 1224//287 
f 849//538 852//541 1225//287 
f 852//541 603//292 1225//287 
f 603//292 849//538 1225//287 
f 852//541 855//544 1226//287 
f 855//544 603//292 1226//287 
f 603//292 852//541 1226//287 
f 855//544 858//547 1227//287 
f 858//547 603//292 1227//287 
f 603//292 855//544 1227//287 
f 858//547 861//550 1228//287 
f 861//550 603//292 1228//287 
f 603//292 858//547 1228//287 
f 861//550 864//553 1229//287 
f 864//553 603//292 1229//287 
f 603//292 861//550 1229//287 
f 1062//529 1065//532 1230//287 
f 1065//532 1014//673 1230//287 
f 1014//673 1017//319 1230//287 
f 1017//319 1062//529 1230//287 
f 1065//532 1068//535 1231//287 
f 1068//535 1011//670 1231//287 
f 1011//670 1014//673 1231//287 
f 1014//673 1065//532 1231//287 
f 1068//535 1071//538 1232//287 
f 1071//538 1011//670 1232//287 
f 1011//670 1068//535 1232//287 
f 1071//538 1074//541 1233//287 
f 1074//541 1008//667 1233//287 
f 1008//667 1011//670 1233//287 
f 1011//670 1071//538 1233//287 
f 1074//541 1077//544 1234//287 
f 1077//544 1005//664 1234//287 
f 1005//664 1008//667 1234//287 
f 1008//667 1074//541 1234//287 
f 1077//544 1080//547 1235//287 
f 1080//547 1005//664 1235//287 
f 1005//664 1077//544 1235//287 
f 1080//547 1083//550 1236//287 
f 1083//550 1002//661 1236//287 
f 1002//661 1005//664 1236//287 
f 1005//664 1080//547 1236//287 
f 1083//550 1086//553 1237//287 
f 1086//553 999//658 1237//287 
f 999//658 1002//661 1237//287 
f 1002//661 1083//550 1237//287 
f 1086//553 1089//556 1238//287 
f 1089//556 999//658 1238//287 
f 999//658 1086//553 1238//287 
f 1089//556 1092//559 1239//287 
f 1092//559 986//646 1239//287 
f 986//646 990//649 1239//287 
f 990//649 993//652 1239//287 
f 993//652 996//655 1239//287 
f 996//655 999//658 1239//287 
f 999//658 1089//556 1239//287 
f 1092//559 1095//562 1240//287 
f 1095//562 987//343 1240//287 
f 987//343 986//646 1240//287 
f 986//646 1092//559 1240//287 
f 1095//562 1044//511 1241//287 
f 1044//511 1029//331 1241//287 
f 1029//331 1032//334 1241//287 
f 1032//334 1035//675 1241//287 
f 1035//675 1038//340 1241//287 
f 1038//340 987//343 1241//287 
f 987//343 1095//562 1241//287 
f 1044//511 1043//510 1242//287 
f 1043//510 1029//331 1242//287 
f 1029//331 1044//511 1242//287 
f 1043//510 1047//514 1243//287 
f 1047//514 1026//328 1243//287 
f 1026//328 1029//331 1243//287 
f 1029//331 1043//510 1243//287 
f 1047//514 1050//517 1244//287 
f 1050//517 1023//325 1244//287 
f 1023//325 1026//328 1244//287 
f 1026//328 1047//514 1244//287 
f 1050//517 1053//520 1245//287 
f 1053//520 1023//325 1245//287 
f 1023//325 1050//517 1245//287 
f 1053//520 1056//523 1246//287 
f 1056//523 1020//322 1246//287 
f 1020//322 1023//325 1246//287 
f 1023//325 1053//520 1246//287 
f 1056//523 1059//526 1101//287 
f 1020//322 1056//523 1101//287 
# 10 polygons - 2476 triangles

