# 3ds Max Wavefront OBJ Exporter v0.97b - (c)2007 guruware
# File Created: 07.12.2021 20:25:31

#
# object Vowels_3
#

v  46.2172 0.0000 144.8210
v  44.9562 0.0000 146.7155
v  45.5867 5.0000 145.7683
v  44.9562 10.0000 146.7155
v  46.2172 10.0000 144.8210
v  43.5098 0.0000 148.4548
v  44.2330 5.0000 147.5851
v  43.5098 10.0000 148.4548
v  41.8779 0.0000 150.0391
v  42.6938 5.0000 149.2469
v  41.8779 10.0000 150.0391
v  40.0605 0.0000 151.4682
v  40.9692 5.0000 150.7536
v  40.0605 10.0000 151.4682
v  38.0577 0.0000 152.7422
v  39.0591 5.0000 152.1052
v  38.0577 10.0000 152.7422
v  35.8693 0.0000 153.8612
v  36.9635 5.0000 153.3017
v  35.8693 10.0000 153.8612
v  33.4955 0.0000 154.8250
v  34.6824 5.0000 154.3431
v  33.4955 10.0000 154.8250
v  30.9363 0.0000 155.6338
v  32.2159 5.0000 155.2294
v  30.9363 10.0000 155.6338
v  31.0377 0.0000 155.2811
v  30.9870 5.0000 155.4574
v  31.0377 10.0000 155.2811
v  31.1271 0.0000 154.9151
v  31.0824 5.0000 155.0981
v  31.1271 10.0000 154.9151
v  31.2046 0.0000 154.5359
v  31.1659 5.0000 154.7255
v  31.2046 10.0000 154.5359
v  31.2702 0.0000 154.1433
v  31.2374 5.0000 154.3396
v  31.2702 10.0000 154.1433
v  31.3239 0.0000 153.7375
v  31.2970 5.0000 153.9404
v  31.3239 10.0000 153.7375
v  31.3656 0.0000 153.3183
v  31.3447 5.0000 153.5279
v  31.3656 10.0000 153.3183
v  31.3954 0.0000 152.8859
v  31.3805 5.0000 153.1021
v  31.3954 10.0000 152.8859
v  31.4133 0.0000 152.4402
v  31.4044 5.0000 152.6630
v  31.4133 10.0000 152.4402
v  31.4193 0.0000 151.9811
v  31.4163 5.0000 152.2106
v  31.4193 10.0000 151.9811
v  31.3088 0.0000 150.2848
v  31.3640 5.0000 151.1330
v  31.3088 10.0000 150.2848
v  30.9774 0.0000 148.7880
v  31.1431 5.0000 149.5364
v  30.9774 10.0000 148.7880
v  30.4251 0.0000 147.4908
v  30.7012 5.0000 148.1394
v  30.4251 10.0000 147.4908
v  29.6518 0.0000 146.3932
v  30.0384 5.0000 146.9420
v  29.6518 10.0000 146.3932
v  28.6576 0.0000 145.4951
v  29.1547 5.0000 145.9441
v  28.6576 10.0000 145.4951
v  27.4424 0.0000 144.7966
v  28.0500 5.0000 145.1458
v  27.4424 10.0000 144.7966
v  26.0063 0.0000 144.2977
v  26.7243 5.0000 144.5471
v  26.0063 10.0000 144.2977
v  24.3493 0.0000 143.9983
v  25.1778 5.0000 144.1480
v  24.3493 10.0000 143.9983
v  22.4713 0.0000 143.8985
v  23.4103 5.0000 143.9484
v  22.4713 10.0000 143.8985
v  21.6528 0.0000 143.9271
v  22.0621 5.0000 143.9128
v  21.6528 10.0000 143.9271
v  20.8522 0.0000 144.0129
v  21.2525 5.0000 143.9700
v  20.8522 10.0000 144.0129
v  20.0693 0.0000 144.1559
v  20.4607 5.0000 144.0844
v  20.0693 10.0000 144.1559
v  19.3042 0.0000 144.3562
v  19.6868 5.0000 144.2561
v  19.3042 10.0000 144.3562
v  18.5570 0.0000 144.6136
v  18.9306 5.0000 144.4849
v  18.5570 10.0000 144.6136
v  17.8275 0.0000 144.9282
v  18.1922 5.0000 144.7709
v  17.8275 10.0000 144.9282
v  17.1158 0.0000 145.3001
v  17.4717 5.0000 145.1142
v  17.1158 10.0000 145.3001
v  16.4219 0.0000 145.7291
v  16.7689 5.0000 145.5146
v  16.4219 10.0000 145.7291
v  15.7458 0.0000 146.2154
v  16.0839 5.0000 145.9723
v  15.7458 10.0000 146.2154
v  15.1157 0.0000 146.7566
v  15.4308 5.0000 146.4860
v  15.1157 10.0000 146.7566
v  14.5597 0.0000 147.3507
v  14.8377 5.0000 147.0537
v  14.5597 10.0000 147.3507
v  14.0779 0.0000 147.9975
v  14.3188 5.0000 147.6741
v  14.0779 10.0000 147.9975
v  13.6701 0.0000 148.6972
v  13.8740 5.0000 148.3474
v  13.6701 10.0000 148.6972
v  13.3365 0.0000 149.4496
v  13.5033 5.0000 149.0734
v  13.3365 10.0000 149.4496
v  13.0771 0.0000 150.2549
v  13.2068 5.0000 149.8522
v  13.0771 10.0000 150.2549
v  12.8917 0.0000 151.1129
v  12.9844 5.0000 150.6839
v  12.8917 10.0000 151.1129
v  12.7805 0.0000 152.0237
v  12.8361 5.0000 151.5683
v  12.7805 10.0000 152.0237
v  12.7435 0.0000 152.9874
v  12.7620 5.0000 152.5056
v  12.7435 10.0000 152.9874
v  12.9095 0.0000 155.1346
v  12.8265 5.0000 154.0610
v  12.9095 10.0000 155.1346
v  13.4075 0.0000 157.0292
v  13.1585 5.0000 156.0819
v  13.4075 10.0000 157.0292
v  14.2375 0.0000 158.6712
v  13.8225 5.0000 157.8502
v  14.2375 10.0000 158.6712
v  15.3994 0.0000 160.0606
v  14.8185 5.0000 159.3659
v  15.3994 10.0000 160.0606
v  16.8934 0.0000 161.1974
v  16.1464 5.0000 160.6290
v  16.8934 10.0000 161.1974
v  18.7194 0.0000 162.0815
v  17.8064 5.0000 161.6395
v  18.7194 10.0000 162.0815
v  20.8774 0.0000 162.7131
v  19.7984 5.0000 162.3973
v  20.8774 10.0000 162.7131
v  23.3674 0.0000 163.0920
v  22.1224 5.0000 162.9025
v  23.3674 10.0000 163.0920
v  26.1893 0.0000 163.2183
v  24.7784 5.0000 163.1552
v  26.1893 10.0000 163.2183
v  27.2391 0.0000 163.1808
v  26.7142 5.0000 163.1996
v  27.2391 10.0000 163.1808
v  28.3514 0.0000 163.0684
v  27.7953 5.0000 163.1246
v  28.3514 10.0000 163.0684
v  29.5262 0.0000 162.8810
v  28.9388 5.0000 162.9747
v  29.5262 10.0000 162.8810
v  30.7634 0.0000 162.6185
v  30.1448 5.0000 162.7498
v  30.7634 10.0000 162.6185
v  32.0631 0.0000 162.2812
v  31.4133 5.0000 162.4499
v  32.0631 10.0000 162.2812
v  33.4253 0.0000 161.8688
v  32.7442 5.0000 162.0750
v  33.4253 10.0000 161.8688
v  34.8500 0.0000 161.3815
v  34.1377 5.0000 161.6252
v  34.8500 10.0000 161.3815
v  36.3372 0.0000 160.8192
v  35.5936 5.0000 161.1004
v  36.3372 10.0000 160.8192
v  37.8869 0.0000 160.1820
v  37.1120 5.0000 160.5006
v  37.8869 10.0000 160.1820
v  39.4083 0.0000 159.5017
v  38.6476 5.0000 159.8418
v  39.4083 10.0000 159.5017
v  40.8106 0.0000 158.8102
v  40.1094 5.0000 159.1559
v  40.8106 10.0000 158.8102
v  42.0938 0.0000 158.1075
v  41.4522 5.0000 158.4588
v  42.0938 10.0000 158.1075
v  43.2580 0.0000 157.3936
v  42.6759 5.0000 157.7505
v  43.2580 10.0000 157.3936
v  44.3031 0.0000 156.6685
v  43.7805 5.0000 157.0311
v  44.3031 10.0000 156.6685
v  45.2291 0.0000 155.9323
v  44.7661 5.0000 156.3004
v  45.2291 10.0000 155.9323
v  46.0360 0.0000 155.1849
v  45.6326 5.0000 155.5586
v  46.0360 10.0000 155.1849
v  46.7239 0.0000 154.4263
v  46.3800 5.0000 154.8056
v  46.7239 10.0000 154.4263
v  47.2927 0.0000 153.6565
v  47.0083 5.0000 154.0414
v  47.2927 10.0000 153.6565
v  47.2927 0.0000 142.7715
v  47.2927 5.0000 148.2140
v  47.2927 10.0000 142.7715
v  46.7550 5.0000 143.7963
v  23.0633 0.0000 148.9385
v  23.8142 0.0000 149.0857
v  23.4387 5.0000 149.0121
v  23.8142 10.0000 149.0857
v  23.0633 10.0000 148.9385
v  24.4650 0.0000 149.3311
v  24.1396 5.0000 149.2084
v  24.4650 10.0000 149.3311
v  25.0157 0.0000 149.6746
v  24.7404 5.0000 149.5028
v  25.0157 10.0000 149.6746
v  25.4663 0.0000 150.1162
v  25.2410 5.0000 149.8954
v  25.4663 10.0000 150.1162
v  25.8168 0.0000 150.6560
v  25.6415 5.0000 150.3861
v  25.8168 10.0000 150.6560
v  26.0671 0.0000 151.2939
v  25.9419 5.0000 150.9749
v  26.0671 10.0000 151.2939
v  26.2173 0.0000 152.0299
v  26.1422 5.0000 151.6619
v  26.2173 10.0000 152.0299
v  26.2673 0.0000 152.8641
v  26.2423 5.0000 152.4470
v  26.2673 10.0000 152.8641
v  26.2188 0.0000 153.6856
v  26.2430 5.0000 153.2749
v  26.2188 10.0000 153.6856
v  26.0730 0.0000 154.4105
v  26.1459 5.0000 154.0481
v  26.0730 10.0000 154.4105
v  25.8302 0.0000 155.0387
v  25.9516 5.0000 154.7246
v  25.8302 10.0000 155.0387
v  25.4902 0.0000 155.5703
v  25.6602 5.0000 155.3045
v  25.4902 10.0000 155.5703
v  25.0530 0.0000 156.0052
v  25.2716 5.0000 155.7877
v  25.0530 10.0000 156.0052
v  24.5187 0.0000 156.3435
v  24.7859 5.0000 156.1743
v  24.5187 10.0000 156.3435
v  23.8873 0.0000 156.5851
v  24.2030 5.0000 156.4643
v  23.8873 10.0000 156.5851
v  23.1587 0.0000 156.7301
v  23.5230 5.0000 156.6576
v  23.1587 10.0000 156.7301
v  22.3329 0.0000 156.7784
v  22.7458 5.0000 156.7542
v  22.3329 10.0000 156.7784
v  21.4692 0.0000 156.7286
v  21.9011 5.0000 156.7535
v  21.4692 10.0000 156.7286
v  20.7070 0.0000 156.5793
v  21.0881 5.0000 156.6539
v  20.7070 10.0000 156.5793
v  20.0465 0.0000 156.3303
v  20.3768 5.0000 156.4548
v  20.0465 10.0000 156.3303
v  19.4876 0.0000 155.9818
v  19.7671 5.0000 156.1561
v  19.4876 10.0000 155.9818
v  19.0304 0.0000 155.5338
v  19.2590 5.0000 155.7578
v  19.0304 10.0000 155.5338
v  18.6747 0.0000 154.9862
v  18.8525 5.0000 155.2600
v  18.6747 10.0000 154.9862
v  18.4207 0.0000 154.3390
v  18.5477 5.0000 154.6626
v  18.4207 10.0000 154.3390
v  18.2682 0.0000 153.5922
v  18.3444 5.0000 153.9656
v  18.2682 10.0000 153.5922
v  18.2174 0.0000 152.7459
v  18.2428 5.0000 153.1690
v  18.2174 10.0000 152.7459
v  18.2667 0.0000 151.9365
v  18.2421 5.0000 152.3412
v  18.2667 10.0000 151.9365
v  18.4147 0.0000 151.2224
v  18.3407 5.0000 151.5794
v  18.4147 10.0000 151.2224
v  18.6613 0.0000 150.6034
v  18.5380 5.0000 150.9129
v  18.6613 10.0000 150.6034
v  19.0065 0.0000 150.0797
v  18.8339 5.0000 150.3416
v  19.0065 10.0000 150.0797
v  19.4504 0.0000 149.6512
v  19.2284 5.0000 149.8655
v  19.4504 10.0000 149.6512
v  19.9929 0.0000 149.3180
v  19.7216 5.0000 149.4846
v  19.9929 10.0000 149.3180
v  20.6340 0.0000 149.0799
v  20.3134 5.0000 149.1989
v  20.6340 10.0000 149.0799
v  21.3738 0.0000 148.9371
v  21.0039 5.0000 149.0085
v  21.3738 10.0000 148.9371
v  22.2122 0.0000 148.8895
v  21.7930 5.0000 148.9133
v  22.2122 10.0000 148.8895
v  22.6377 5.0000 148.9140
v  46.2783 0.0000 172.0293
v  45.0123 0.0000 173.9232
v  45.6453 5.0000 172.9762
v  45.0123 10.0000 173.9232
v  46.2783 10.0000 172.0293
v  43.5601 0.0000 175.6622
v  44.2862 5.0000 174.7927
v  43.5601 10.0000 175.6622
v  41.9217 0.0000 177.2460
v  42.7409 5.0000 176.4541
v  41.9217 10.0000 177.2460
v  40.0970 0.0000 178.6749
v  41.0094 5.0000 177.9605
v  40.0970 10.0000 178.6749
v  38.0862 0.0000 179.9487
v  39.0916 5.0000 179.3118
v  38.0862 10.0000 179.9487
v  35.8891 0.0000 181.0675
v  36.9876 5.0000 180.5081
v  35.8891 10.0000 181.0675
v  33.5058 0.0000 182.0313
v  34.6975 5.0000 181.5494
v  33.5058 10.0000 182.0313
v  30.9363 0.0000 182.8400
v  32.2210 5.0000 182.4356
v  30.9363 10.0000 182.8400
v  31.0377 0.0000 182.4873
v  30.9870 5.0000 182.6637
v  31.0377 10.0000 182.4873
v  31.1271 0.0000 182.1213
v  31.0824 5.0000 182.3043
v  31.1271 10.0000 182.1213
v  31.2046 0.0000 181.7421
v  31.1659 5.0000 181.9317
v  31.2046 10.0000 181.7421
v  31.2702 0.0000 181.3495
v  31.2374 5.0000 181.5458
v  31.2702 10.0000 181.3495
v  31.3239 0.0000 180.9437
v  31.2970 5.0000 181.1466
v  31.3239 10.0000 180.9437
v  31.3656 0.0000 180.5245
v  31.3447 5.0000 180.7341
v  31.3656 10.0000 180.5245
v  31.3954 0.0000 180.0921
v  31.3805 5.0000 180.3083
v  31.3954 10.0000 180.0921
v  31.4133 0.0000 179.6464
v  31.4044 5.0000 179.8692
v  31.4133 10.0000 179.6464
v  31.4193 0.0000 179.1873
v  31.4163 5.0000 179.4169
v  31.4193 10.0000 179.1873
v  31.3088 0.0000 177.4915
v  31.3640 5.0000 178.3394
v  31.3088 10.0000 177.4915
v  30.9774 0.0000 175.9952
v  31.1431 5.0000 176.7434
v  30.9774 10.0000 175.9952
v  30.4251 0.0000 174.6984
v  30.7012 5.0000 175.3468
v  30.4251 10.0000 174.6984
v  29.6518 0.0000 173.6011
v  30.0384 5.0000 174.1497
v  29.6518 10.0000 173.6011
v  28.6576 0.0000 172.7033
v  29.1547 5.0000 173.1522
v  28.6576 10.0000 172.7033
v  27.4424 0.0000 172.0050
v  28.0500 5.0000 172.3542
v  27.4424 10.0000 172.0050
v  26.0063 0.0000 171.5063
v  26.7243 5.0000 171.7556
v  26.0063 10.0000 171.5063
v  24.3493 0.0000 171.2070
v  25.1778 5.0000 171.3566
v  24.3493 10.0000 171.2070
v  22.4713 0.0000 171.1072
v  23.4103 5.0000 171.1571
v  22.4713 10.0000 171.1072
v  21.5673 0.0000 171.1381
v  22.0193 5.0000 171.1227
v  21.5673 10.0000 171.1381
v  20.6966 0.0000 171.2306
v  21.1319 5.0000 171.1843
v  20.6966 10.0000 171.2306
v  19.8593 0.0000 171.3848
v  20.2779 5.0000 171.3077
v  19.8593 10.0000 171.3848
v  19.0553 0.0000 171.6007
v  19.4573 5.0000 171.4927
v  19.0553 10.0000 171.6007
v  18.2847 0.0000 171.8782
v  18.6700 5.0000 171.7394
v  18.2847 10.0000 171.8782
v  17.5474 0.0000 172.2175
v  17.9160 5.0000 172.0478
v  17.5474 10.0000 172.2175
v  16.8435 0.0000 172.6184
v  17.1955 5.0000 172.4179
v  16.8435 10.0000 172.6184
v  16.1730 0.0000 173.0810
v  16.5082 5.0000 172.8497
v  16.1730 10.0000 173.0810
v  15.5358 0.0000 173.6052
v  15.8544 5.0000 173.3431
v  15.5358 10.0000 173.6052
v  14.9497 0.0000 174.1800
v  15.2428 5.0000 173.8926
v  14.9497 10.0000 174.1800
v  14.4326 0.0000 174.7942
v  14.6912 5.0000 174.4871
v  14.4326 10.0000 174.7942
v  13.9845 0.0000 175.4478
v  14.2086 5.0000 175.1210
v  13.9845 10.0000 175.4478
v  13.6053 0.0000 176.1407
v  13.7949 5.0000 175.7942
v  13.6053 10.0000 176.1407
v  13.2950 0.0000 176.8730
v  13.4502 5.0000 176.5069
v  13.2950 10.0000 176.8730
v  13.0537 0.0000 177.6447
v  13.1744 5.0000 177.2589
v  13.0537 10.0000 177.6447
v  12.8814 0.0000 178.4558
v  12.9675 5.0000 178.0503
v  12.8814 10.0000 178.4558
v  12.7779 0.0000 179.3063
v  12.8297 5.0000 178.8810
v  12.7779 10.0000 179.3063
v  12.7435 0.0000 180.1961
v  12.7607 5.0000 179.7512
v  12.7435 10.0000 180.1961
v  12.9098 0.0000 182.3433
v  12.8266 5.0000 181.2697
v  12.9098 10.0000 182.3433
v  13.4087 0.0000 184.2379
v  13.1592 5.0000 183.2906
v  13.4087 10.0000 184.2379
v  14.2403 0.0000 185.8800
v  13.8245 5.0000 185.0590
v  14.2403 10.0000 185.8800
v  15.4044 0.0000 187.2693
v  14.8223 5.0000 186.5746
v  15.4044 10.0000 187.2693
v  16.9012 0.0000 188.4061
v  16.1528 5.0000 187.8377
v  16.9012 10.0000 188.4061
v  18.7306 0.0000 189.2903
v  17.8159 5.0000 188.8482
v  18.7306 10.0000 189.2903
v  20.8926 0.0000 189.9218
v  19.8116 5.0000 189.6060
v  20.8926 10.0000 189.9218
v  23.3872 0.0000 190.3007
v  22.1399 5.0000 190.1113
v  23.3872 10.0000 190.3007
v  26.2145 0.0000 190.4270
v  24.8009 5.0000 190.3639
v  26.2145 10.0000 190.4270
v  27.2660 0.0000 190.3896
v  26.7403 5.0000 190.4083
v  27.2660 10.0000 190.3896
v  28.3802 0.0000 190.2771
v  27.8231 5.0000 190.3333
v  28.3802 10.0000 190.2771
v  29.5570 0.0000 190.0897
v  28.9686 5.0000 190.1834
v  29.5570 10.0000 190.0897
v  30.7965 0.0000 189.8273
v  30.1768 5.0000 189.9585
v  30.7965 10.0000 189.8273
v  32.0986 0.0000 189.4899
v  31.4475 5.0000 189.6586
v  32.0986 10.0000 189.4899
v  33.4633 0.0000 189.0776
v  32.7810 5.0000 189.2837
v  33.4633 10.0000 189.0776
v  34.8907 0.0000 188.5903
v  34.1770 5.0000 188.8339
v  34.8907 10.0000 188.5903
v  36.3808 0.0000 188.0280
v  35.6357 5.0000 188.3091
v  36.3808 10.0000 188.0280
v  37.9334 0.0000 187.3907
v  37.1571 5.0000 187.7093
v  37.9334 10.0000 187.3907
v  39.4578 0.0000 186.7104
v  38.6956 5.0000 187.0506
v  39.4578 10.0000 186.7104
v  40.8628 0.0000 186.0189
v  40.1603 5.0000 186.3646
v  40.8628 10.0000 186.0189
v  42.1486 0.0000 185.3162
v  41.5057 5.0000 185.6675
v  42.1486 10.0000 185.3162
v  43.3151 0.0000 184.6023
v  42.7318 5.0000 184.9592
v  43.3151 10.0000 184.6023
v  44.3623 0.0000 183.8773
v  43.8387 5.0000 184.2398
v  44.3623 10.0000 183.8773
v  45.2901 0.0000 183.1410
v  44.8262 5.0000 183.5091
v  45.2901 10.0000 183.1410
v  46.0988 0.0000 182.3936
v  45.6945 5.0000 182.7673
v  46.0988 10.0000 182.3936
v  46.7881 0.0000 181.6350
v  46.4434 5.0000 182.0143
v  46.7881 10.0000 181.6350
v  47.3581 0.0000 180.8652
v  47.0731 5.0000 181.2501
v  47.3581 10.0000 180.8652
v  47.3581 0.0000 169.9803
v  47.3581 5.0000 175.4227
v  47.3581 10.0000 169.9803
v  46.8182 5.0000 171.0047
v  23.0633 0.0000 176.1473
v  23.8142 0.0000 176.2945
v  23.4387 5.0000 176.2209
v  23.8142 10.0000 176.2945
v  23.0633 10.0000 176.1473
v  24.4650 0.0000 176.5398
v  24.1396 5.0000 176.4171
v  24.4650 10.0000 176.5398
v  25.0157 0.0000 176.8833
v  24.7404 5.0000 176.7116
v  25.0157 10.0000 176.8833
v  25.4663 0.0000 177.3249
v  25.2410 5.0000 177.1041
v  25.4663 10.0000 177.3249
v  25.8168 0.0000 177.8647
v  25.6415 5.0000 177.5948
v  25.8168 10.0000 177.8647
v  26.0671 0.0000 178.5026
v  25.9419 5.0000 178.1837
v  26.0671 10.0000 178.5026
v  26.2173 0.0000 179.2386
v  26.1422 5.0000 178.8706
v  26.2173 10.0000 179.2386
v  26.2673 0.0000 180.0728
v  26.2423 5.0000 179.6557
v  26.2673 10.0000 180.0728
v  26.2188 0.0000 180.8943
v  26.2430 5.0000 180.4836
v  26.2188 10.0000 180.8943
v  26.0730 0.0000 181.6192
v  26.1459 5.0000 181.2568
v  26.0730 10.0000 181.6192
v  25.8302 0.0000 182.2474
v  25.9516 5.0000 181.9333
v  25.8302 10.0000 182.2474
v  25.4902 0.0000 182.7790
v  25.6602 5.0000 182.5132
v  25.4902 10.0000 182.7790
v  25.0530 0.0000 183.2139
v  25.2716 5.0000 182.9965
v  25.0530 10.0000 183.2139
v  24.5187 0.0000 183.5522
v  24.7859 5.0000 183.3831
v  24.5187 10.0000 183.5522
v  23.8873 0.0000 183.7938
v  24.2030 5.0000 183.6730
v  23.8873 10.0000 183.7938
v  23.1587 0.0000 183.9388
v  23.5230 5.0000 183.8663
v  23.1587 10.0000 183.9388
v  22.3329 0.0000 183.9871
v  22.7458 5.0000 183.9630
v  22.3329 10.0000 183.9871
v  21.4692 0.0000 183.9373
v  21.9011 5.0000 183.9622
v  21.4692 10.0000 183.9373
v  20.7070 0.0000 183.7880
v  21.0881 5.0000 183.8626
v  20.7070 10.0000 183.7880
v  20.0465 0.0000 183.5390
v  20.3768 5.0000 183.6635
v  20.0465 10.0000 183.5390
v  19.4876 0.0000 183.1906
v  19.7671 5.0000 183.3648
v  19.4876 10.0000 183.1906
v  19.0304 0.0000 182.7425
v  19.2590 5.0000 182.9665
v  19.0304 10.0000 182.7425
v  18.6747 0.0000 182.1949
v  18.8525 5.0000 182.4687
v  18.6747 10.0000 182.1949
v  18.4207 0.0000 181.5477
v  18.5477 5.0000 181.8713
v  18.4207 10.0000 181.5477
v  18.2682 0.0000 180.8009
v  18.3444 5.0000 181.1743
v  18.2682 10.0000 180.8009
v  18.2174 0.0000 179.9546
v  18.2428 5.0000 180.3778
v  18.2174 10.0000 179.9546
v  18.2667 0.0000 179.1452
v  18.2421 5.0000 179.5499
v  18.2667 10.0000 179.1452
v  18.4147 0.0000 178.4311
v  18.3407 5.0000 178.7882
v  18.4147 10.0000 178.4311
v  18.6613 0.0000 177.8121
v  18.5380 5.0000 178.1216
v  18.6613 10.0000 177.8121
v  19.0065 0.0000 177.2884
v  18.8339 5.0000 177.5503
v  19.0065 10.0000 177.2884
v  19.4504 0.0000 176.8599
v  19.2284 5.0000 177.0742
v  19.4504 10.0000 176.8599
v  19.9929 0.0000 176.5267
v  19.7216 5.0000 176.6933
v  19.9929 10.0000 176.5267
v  20.6340 0.0000 176.2886
v  20.3134 5.0000 176.4077
v  20.6340 10.0000 176.2886
v  21.3738 0.0000 176.1458
v  21.0039 5.0000 176.2172
v  21.3738 10.0000 176.1458
v  22.2122 0.0000 176.0982
v  21.7930 5.0000 176.1220
v  22.2122 10.0000 176.0982
v  22.6377 5.0000 176.1227
v  27.6132 0.0000 155.0276
v  27.6132 0.0000 182.2355
v  46.9342 10.0000 147.0830
v  46.9982 10.0000 174.2916
v  33.1244 0.0000 159.9183
v  26.2906 0.0000 159.6495
v  25.4586 0.0000 159.8319
v  27.7427 0.0000 154.5766
v  30.2147 0.0000 154.1001
v  29.3425 0.0000 152.4402
v  28.7531 0.0000 151.3974
v  28.9190 0.0000 149.7027
v  27.8400 0.0000 148.6640
v  27.1978 0.0000 147.9198
v  26.3174 0.0000 146.7190
v  24.6587 0.0000 146.6782
v  23.7422 0.0000 147.3409
v  23.0240 0.0000 146.4312
v  21.7125 0.0000 145.9330
v  20.4467 0.0000 146.1084
v  19.2631 0.0000 146.4592
v  18.1617 0.0000 146.9853
v  17.1481 0.0000 147.6864
v  16.2842 0.0000 148.5576
v  15.6321 0.0000 149.5940
v  15.1973 0.0000 150.7953
v  14.9800 0.0000 152.1613
v  15.5346 0.0000 153.6150
v  16.5328 0.0000 154.3553
v  15.8531 0.0000 155.3722
v  16.3375 0.0000 156.5551
v  17.0387 0.0000 157.5619
v  17.9568 0.0000 158.3925
v  19.0916 0.0000 159.0471
v  20.4433 0.0000 159.5256
v  22.0117 0.0000 159.8280
v  22.9530 0.0000 158.8668
v  24.1507 0.0000 159.9064
v  27.8368 0.0000 160.0287
v  28.2550 0.0000 157.2153
v  35.8972 0.0000 157.4219
v  38.4065 0.0000 157.0194
v  41.4306 0.0000 155.8650
v  43.5013 0.0000 153.8586
v  45.0881 0.0000 152.3523
v  45.2529 0.0000 149.6089
v  46.1554 0.0000 148.3977
v  46.9342 0.0000 147.0830
v  33.1531 0.0000 187.1263
v  26.3045 0.0000 186.8582
v  25.4716 0.0000 187.0406
v  27.7427 0.0000 181.7845
v  30.2147 0.0000 181.3068
v  29.3425 0.0000 179.6475
v  28.7531 0.0000 178.6050
v  28.9190 0.0000 176.9105
v  27.8400 0.0000 175.8723
v  27.1978 0.0000 175.1282
v  26.3174 0.0000 173.9275
v  24.6587 0.0000 173.8869
v  23.7422 0.0000 174.5496
v  23.0240 0.0000 173.6399
v  21.6642 0.0000 173.1440
v  20.3238 0.0000 173.3301
v  19.1029 0.0000 173.7023
v  18.0014 0.0000 174.2607
v  17.0231 0.0000 175.0029
v  16.2069 0.0000 175.9045
v  15.5922 0.0000 176.9409
v  15.1823 0.0000 178.1100
v  14.9774 0.0000 179.4116
v  15.5347 0.0000 180.8237
v  16.5329 0.0000 181.5640
v  15.8535 0.0000 182.5810
v  16.3385 0.0000 183.7638
v  17.0407 0.0000 184.7706
v  17.9599 0.0000 185.6013
v  19.0963 0.0000 186.2559
v  20.4499 0.0000 186.7343
v  22.0205 0.0000 187.0367
v  22.9596 0.0000 186.0755
v  24.1619 0.0000 187.1151
v  27.8554 0.0000 187.2374
v  28.2633 0.0000 184.4234
v  35.9273 0.0000 184.6294
v  38.4459 0.0000 184.2272
v  41.4787 0.0000 183.0730
v  43.5540 0.0000 181.0666
v  45.1454 0.0000 179.5604
v  45.3102 0.0000 176.8169
v  46.2163 0.0000 175.6059
v  46.9982 0.0000 174.2916
v  28.2550 10.0000 157.2153
v  46.1554 10.0000 148.3977
v  45.2529 10.0000 149.6089
v  45.0881 10.0000 152.3523
v  43.5013 10.0000 153.8586
v  41.4306 10.0000 155.8650
v  38.4065 10.0000 157.0194
v  35.8972 10.0000 157.4219
v  33.1244 10.0000 159.9183
v  25.4586 10.0000 159.8319
v  27.8368 10.0000 160.0287
v  26.2906 10.0000 159.6495
v  24.1507 10.0000 159.9064
v  22.9530 10.0000 158.8668
v  22.0117 10.0000 159.8280
v  20.4433 10.0000 159.5256
v  19.0916 10.0000 159.0471
v  17.9568 10.0000 158.3925
v  17.0387 10.0000 157.5619
v  16.3375 10.0000 156.5551
v  15.8531 10.0000 155.3722
v  16.5328 10.0000 154.3553
v  15.5346 10.0000 153.6150
v  14.9800 10.0000 152.1613
v  15.1973 10.0000 150.7953
v  15.6321 10.0000 149.5940
v  16.2842 10.0000 148.5576
v  17.1481 10.0000 147.6864
v  18.1617 10.0000 146.9853
v  19.2631 10.0000 146.4592
v  20.4467 10.0000 146.1084
v  21.7125 10.0000 145.9330
v  23.0240 10.0000 146.4312
v  23.7422 10.0000 147.3409
v  24.6587 10.0000 146.6782
v  26.3174 10.0000 146.7190
v  27.1978 10.0000 147.9198
v  27.8400 10.0000 148.6640
v  28.9190 10.0000 149.7027
v  28.7531 10.0000 151.3974
v  29.3425 10.0000 152.4402
v  30.2147 10.0000 154.1001
v  27.7427 10.0000 154.5766
v  27.6132 10.0000 155.0276
v  28.2633 10.0000 184.4234
v  46.2163 10.0000 175.6059
v  45.3102 10.0000 176.8169
v  45.1454 10.0000 179.5604
v  43.5540 10.0000 181.0666
v  41.4787 10.0000 183.0730
v  38.4459 10.0000 184.2272
v  35.9273 10.0000 184.6294
v  33.1531 10.0000 187.1263
v  25.4716 10.0000 187.0406
v  27.8554 10.0000 187.2374
v  26.3045 10.0000 186.8582
v  24.1619 10.0000 187.1151
v  22.9596 10.0000 186.0755
v  22.0205 10.0000 187.0367
v  20.4499 10.0000 186.7343
v  19.0963 10.0000 186.2559
v  17.9599 10.0000 185.6013
v  17.0407 10.0000 184.7706
v  16.3385 10.0000 183.7638
v  15.8535 10.0000 182.5810
v  16.5329 10.0000 181.5640
v  15.5347 10.0000 180.8237
v  14.9774 10.0000 179.4116
v  15.1823 10.0000 178.1100
v  15.5922 10.0000 176.9409
v  16.2069 10.0000 175.9045
v  17.0231 10.0000 175.0029
v  18.0014 10.0000 174.2607
v  19.1029 10.0000 173.7023
v  20.3238 10.0000 173.3301
v  21.6642 10.0000 173.1440
v  23.0240 10.0000 173.6399
v  23.7422 10.0000 174.5496
v  24.6587 10.0000 173.8869
v  26.3174 10.0000 173.9275
v  27.1978 10.0000 175.1282
v  27.8400 10.0000 175.8723
v  28.9190 10.0000 176.9105
v  28.7531 10.0000 178.6050
v  29.3425 10.0000 179.6475
v  30.2147 10.0000 181.3068
v  27.7427 10.0000 181.7845
v  27.6132 10.0000 182.2355
v  18.9682 0.0000 110.9133
v  19.9048 0.0000 110.1245
v  19.4365 5.0000 110.5189
v  19.9048 10.0000 110.1245
v  18.9682 10.0000 110.9133
v  21.0127 0.0000 109.3729
v  20.4588 5.0000 109.7487
v  21.0127 10.0000 109.3729
v  22.2604 0.0000 108.6796
v  21.6365 5.0000 109.0263
v  22.2604 10.0000 108.6796
v  23.6164 0.0000 108.0654
v  22.9384 5.0000 108.3725
v  23.6164 10.0000 108.0654
v  25.0495 0.0000 107.5513
v  24.3329 5.0000 107.8083
v  25.0495 10.0000 107.5513
v  26.5281 0.0000 107.1582
v  25.7888 5.0000 107.3547
v  26.5281 10.0000 107.1582
v  28.0208 0.0000 106.9070
v  27.2744 5.0000 107.0326
v  28.0208 10.0000 106.9070
v  29.4962 0.0000 106.8186
v  28.7585 5.0000 106.8628
v  29.4962 10.0000 106.8186
v  30.9726 0.0000 106.9100
v  30.2344 5.0000 106.8643
v  30.9726 10.0000 106.9100
v  32.4648 0.0000 107.1686
v  31.7187 5.0000 107.0393
v  32.4648 10.0000 107.1686
v  33.9414 0.0000 107.5705
v  33.2031 5.0000 107.3695
v  33.9414 10.0000 107.5705
v  35.3714 0.0000 108.0921
v  34.6564 5.0000 107.8313
v  35.3714 10.0000 108.0921
v  36.7235 0.0000 108.7096
v  36.0475 5.0000 108.4009
v  36.7235 10.0000 108.7096
v  37.9665 0.0000 109.3994
v  37.3450 5.0000 109.0545
v  37.9665 10.0000 109.3994
v  39.0692 0.0000 110.1377
v  38.5179 5.0000 109.7685
v  39.0692 10.0000 110.1377
v  40.0005 0.0000 110.9007
v  39.5348 5.0000 110.5192
v  40.0005 10.0000 110.9007
v  40.7289 0.0000 111.6649
v  40.3647 5.0000 111.2828
v  40.7289 10.0000 111.6649
v  18.2342 0.0000 111.7186
v  29.4815 5.0000 111.6917
v  18.2342 10.0000 111.7186
v  18.6012 5.0000 111.3160
v  33.6842 0.0000 103.4310
v  33.1751 0.0000 103.3309
v  33.4296 5.0000 103.3810
v  33.1751 10.0000 103.3309
v  33.6842 10.0000 103.4310
v  32.6615 0.0000 103.2433
v  32.9183 5.0000 103.2871
v  32.6615 10.0000 103.2433
v  32.1434 0.0000 103.1686
v  32.4024 5.0000 103.2059
v  32.1434 10.0000 103.1686
v  31.6213 0.0000 103.1069
v  31.8824 5.0000 103.1378
v  31.6213 10.0000 103.1069
v  31.0953 0.0000 103.0586
v  31.3583 5.0000 103.0828
v  31.0953 10.0000 103.0586
v  30.5657 0.0000 103.0238
v  30.8305 5.0000 103.0412
v  30.5657 10.0000 103.0238
v  30.0328 0.0000 103.0027
v  30.2993 5.0000 103.0132
v  30.0328 10.0000 103.0027
v  29.4967 0.0000 102.9956
v  29.7648 5.0000 102.9992
v  29.4967 10.0000 102.9956
v  26.7571 0.0000 103.1810
v  28.1269 5.0000 103.0883
v  26.7571 10.0000 103.1810
v  24.1274 0.0000 103.7208
v  25.4422 5.0000 103.4509
v  24.1274 10.0000 103.7208
v  21.6319 0.0000 104.5902
v  22.8797 5.0000 104.1555
v  21.6319 10.0000 104.5902
v  19.2949 0.0000 105.7646
v  20.4634 5.0000 105.1774
v  19.2949 10.0000 105.7646
v  17.1404 0.0000 107.2191
v  18.2177 5.0000 106.4918
v  17.1404 10.0000 107.2191
v  15.1928 0.0000 108.9291
v  16.1666 5.0000 108.0741
v  15.1928 10.0000 108.9291
v  13.4763 0.0000 110.8698
v  14.3346 5.0000 109.8994
v  13.4763 10.0000 110.8698
v  12.0151 0.0000 113.0166
v  12.7457 5.0000 111.9432
v  12.0151 10.0000 113.0166
v  10.8333 0.0000 115.3447
v  11.4242 5.0000 114.1806
v  10.8333 10.0000 115.3447
v  48.1757 0.0000 115.3239
v  29.5045 5.0000 115.3343
v  48.1757 10.0000 115.3239
v  48.1935 0.0000 100.3257
v  48.1846 5.0000 107.8248
v  48.1935 10.0000 100.3257
v  43.4906 0.0000 100.3257
v  45.8421 5.0000 100.3257
v  43.4906 10.0000 100.3257
v  43.4538 0.0000 108.5589
v  43.4722 5.0000 104.4423
v  43.4538 10.0000 108.5589
v  42.9637 0.0000 108.1086
v  43.2087 5.0000 108.3338
v  42.9637 10.0000 108.1086
v  42.4596 0.0000 107.6744
v  42.7116 5.0000 107.8915
v  42.4596 10.0000 107.6744
v  41.9416 0.0000 107.2567
v  42.2006 5.0000 107.4656
v  41.9416 10.0000 107.2567
v  41.4098 0.0000 106.8559
v  41.6757 5.0000 107.0563
v  41.4098 10.0000 106.8559
v  40.8643 0.0000 106.4724
v  41.1371 5.0000 106.6642
v  40.8643 10.0000 106.4724
v  40.3052 0.0000 106.1068
v  40.5848 5.0000 106.2896
v  40.3052 10.0000 106.1068
v  39.7326 0.0000 105.7594
v  40.0189 5.0000 105.9331
v  39.7326 10.0000 105.7594
v  39.1466 0.0000 105.4308
v  39.4396 5.0000 105.5951
v  39.1466 10.0000 105.4308
v  38.5473 0.0000 105.1212
v  38.8470 5.0000 105.2760
v  38.5473 10.0000 105.1212
v  38.5726 0.0000 100.3254
v  38.5599 5.0000 102.7233
v  38.5726 10.0000 100.3254
v  34.1931 0.0000 100.3254
v  36.3828 5.0000 100.3254
v  34.1931 10.0000 100.3254
v  34.1884 0.0000 103.5436
v  34.1907 5.0000 101.9345
v  34.1884 10.0000 103.5436
v  33.9363 5.0000 103.4873
v  43.4538 0.0000 128.4368
v  42.1949 0.0000 127.3373
v  42.8243 5.0000 127.8870
v  42.1949 10.0000 127.3373
v  43.4538 10.0000 128.4368
v  40.8478 0.0000 126.3433
v  41.5214 5.0000 126.8403
v  40.8478 10.0000 126.3433
v  39.4190 0.0000 125.4611
v  40.1334 5.0000 125.9022
v  39.4190 10.0000 125.4611
v  37.9150 0.0000 124.6971
v  38.6670 5.0000 125.0791
v  37.9150 10.0000 124.6971
v  36.3424 0.0000 124.0576
v  37.1287 5.0000 124.3773
v  36.3424 10.0000 124.0576
v  34.7077 0.0000 123.5491
v  35.5251 5.0000 123.8034
v  34.7077 10.0000 123.5491
v  33.0175 0.0000 123.1780
v  33.8626 5.0000 123.3636
v  33.0175 10.0000 123.1780
v  31.2783 0.0000 122.9507
v  32.1479 5.0000 123.0644
v  31.2783 10.0000 122.9507
v  29.4967 0.0000 122.8735
v  30.3875 5.0000 122.9121
v  29.4967 10.0000 122.8735
v  26.7571 0.0000 123.0589
v  28.1269 5.0000 122.9662
v  26.7571 10.0000 123.0589
v  24.1274 0.0000 123.5987
v  25.4422 5.0000 123.3288
v  24.1274 10.0000 123.5987
v  21.6319 0.0000 124.4681
v  22.8796 5.0000 124.0334
v  21.6319 10.0000 124.4681
v  19.2949 0.0000 125.6424
v  20.4634 5.0000 125.0552
v  19.2949 10.0000 125.6424
v  17.1404 0.0000 127.0969
v  18.2177 5.0000 126.3697
v  17.1404 10.0000 127.0969
v  15.1928 0.0000 128.8069
v  16.1666 5.0000 127.9519
v  15.1928 10.0000 128.8069
v  13.4763 0.0000 130.7477
v  14.3346 5.0000 129.7773
v  13.4763 10.0000 130.7477
v  12.0150 0.0000 132.8944
v  12.7457 5.0000 131.8211
v  12.0150 10.0000 132.8944
v  10.8333 0.0000 135.2225
v  11.4242 5.0000 134.0585
v  10.8333 10.0000 135.2225
v  48.1757 0.0000 135.2018
v  29.5045 5.0000 135.2122
v  48.1757 10.0000 135.2018
v  48.1935 0.0000 120.2069
v  48.1846 5.0000 127.7043
v  48.1935 10.0000 120.2069
v  43.4502 0.0000 120.2069
v  45.8219 5.0000 120.2069
v  43.4502 10.0000 120.2069
v  43.4520 5.0000 124.3218
v  18.9682 0.0000 130.7912
v  19.9048 0.0000 130.0023
v  19.4365 5.0000 130.3968
v  19.9048 10.0000 130.0023
v  18.9682 10.0000 130.7912
v  21.0127 0.0000 129.2508
v  20.4588 5.0000 129.6266
v  21.0127 10.0000 129.2508
v  22.2604 0.0000 128.5574
v  21.6365 5.0000 128.9041
v  22.2604 10.0000 128.5574
v  23.6164 0.0000 127.9433
v  22.9384 5.0000 128.2504
v  23.6164 10.0000 127.9433
v  25.0495 0.0000 127.4291
v  24.3329 5.0000 127.6862
v  25.0495 10.0000 127.4291
v  26.5281 0.0000 127.0360
v  25.7888 5.0000 127.2326
v  26.5281 10.0000 127.0360
v  28.0208 0.0000 126.7848
v  27.2744 5.0000 126.9104
v  28.0208 10.0000 126.7848
v  29.4962 0.0000 126.6964
v  28.7585 5.0000 126.7406
v  29.4962 10.0000 126.6964
v  30.9726 0.0000 126.7879
v  30.2344 5.0000 126.7422
v  30.9726 10.0000 126.7879
v  32.4648 0.0000 127.0464
v  31.7187 5.0000 126.9172
v  32.4648 10.0000 127.0464
v  33.9414 0.0000 127.4484
v  33.2031 5.0000 127.2474
v  33.9414 10.0000 127.4484
v  35.3714 0.0000 127.9700
v  34.6564 5.0000 127.7092
v  35.3714 10.0000 127.9700
v  36.7235 0.0000 128.5875
v  36.0475 5.0000 128.2787
v  36.7235 10.0000 128.5875
v  37.9665 0.0000 129.2773
v  37.3450 5.0000 128.9324
v  37.9665 10.0000 129.2773
v  39.0692 0.0000 130.0155
v  38.5179 5.0000 129.6464
v  39.0692 10.0000 130.0155
v  40.0005 0.0000 130.7786
v  39.5348 5.0000 130.3970
v  40.0005 10.0000 130.7786
v  40.7289 0.0000 131.5427
v  40.3647 5.0000 131.1606
v  40.7289 10.0000 131.5427
v  18.2342 0.0000 131.5965
v  29.4815 5.0000 131.5696
v  18.2342 10.0000 131.5965
v  18.6012 5.0000 131.1938
v  25.9974 0.0000 113.4137
v  15.8378 0.0000 110.4444
v  25.9974 0.0000 133.2916
v  15.8378 0.0000 130.3223
v  15.8378 10.0000 110.4444
v  45.8183 10.0000 126.0131
v  28.4427 0.0000 104.9755
v  36.3753 0.0000 102.3289
v  45.8284 0.0000 106.1335
v  43.0645 0.0000 110.9114
v  41.3074 0.0000 108.4890
v  39.9230 0.0000 107.7944
v  38.7370 0.0000 106.7545
v  36.8808 0.0000 107.3076
v  35.5121 0.0000 106.0818
v  33.4908 0.0000 105.0089
v  32.1731 0.0000 104.4881
v  30.4687 0.0000 104.1309
v  27.1020 0.0000 105.7487
v  25.6155 0.0000 105.4028
v  23.6063 0.0000 105.9819
v  22.5029 0.0000 107.1117
v  21.0500 0.0000 107.1018
v  19.3382 0.0000 108.1203
v  18.6711 0.0000 109.4190
v  42.9108 0.0000 130.6594
v  40.5281 0.0000 128.6187
v  45.8183 0.0000 126.0131
v  39.3257 0.0000 127.7743
v  38.0060 0.0000 127.0057
v  36.5881 0.0000 126.3280
v  35.0908 0.0000 125.7563
v  33.5329 0.0000 125.3055
v  31.9333 0.0000 124.9908
v  30.3110 0.0000 124.8271
v  28.4427 0.0000 124.8534
v  27.1020 0.0000 125.6266
v  25.6155 0.0000 125.2807
v  23.6063 0.0000 125.8598
v  22.5029 0.0000 126.9896
v  21.0500 0.0000 126.9797
v  19.3382 0.0000 127.9981
v  18.6711 0.0000 129.2968
v  30.4687 10.0000 104.1309
v  18.6711 10.0000 109.4190
v  19.3382 10.0000 108.1203
v  21.0500 10.0000 107.1018
v  22.5029 10.0000 107.1117
v  23.6063 10.0000 105.9819
v  25.6155 10.0000 105.4028
v  27.1020 10.0000 105.7487
v  28.4427 10.0000 104.9755
v  32.1731 10.0000 104.4881
v  33.4908 10.0000 105.0089
v  36.3753 10.0000 102.3289
v  36.8808 10.0000 107.3076
v  35.5121 10.0000 106.0818
v  38.7370 10.0000 106.7545
v  39.9230 10.0000 107.7944
v  41.3074 10.0000 108.4890
v  45.8284 10.0000 106.1335
v  25.9974 10.0000 113.4137
v  43.0645 10.0000 110.9114
v  15.8378 10.0000 130.3223
v  18.6711 10.0000 129.2968
v  19.3382 10.0000 127.9981
v  21.0500 10.0000 126.9797
v  22.5029 10.0000 126.9896
v  23.6063 10.0000 125.8598
v  25.6155 10.0000 125.2807
v  27.1020 10.0000 125.6266
v  28.4427 10.0000 124.8534
v  30.3110 10.0000 124.8271
v  31.9333 10.0000 124.9908
v  33.5329 10.0000 125.3055
v  35.0908 10.0000 125.7563
v  36.5881 10.0000 126.3280
v  38.0060 10.0000 127.0057
v  39.3257 10.0000 127.7743
v  40.5281 10.0000 128.6187
v  42.9108 10.0000 130.6594
v  25.9974 10.0000 133.2916
# 1198 vertices

vn -0.5978 -0.7190 -0.3545
vn -0.5570 -0.7193 -0.4152
vn -0.8325 0.0000 -0.5541
vn -0.5570 0.7193 -0.4152
vn -0.5978 0.7190 -0.3545
vn -0.5097 -0.7193 -0.4720
vn -0.7689 0.0000 -0.6394
vn -0.5097 0.7193 -0.4720
vn -0.4575 -0.7190 -0.5232
vn -0.6966 0.0000 -0.7175
vn -0.4575 0.7190 -0.5232
vn -0.4021 -0.7185 -0.5675
vn -0.6181 0.0000 -0.7861
vn -0.4021 0.7185 -0.5675
vn -0.3457 -0.7178 -0.6043
vn -0.5367 0.0000 -0.8438
vn -0.3457 0.7178 -0.6043
vn -0.2901 -0.7170 -0.6338
vn -0.4553 0.0000 -0.8904
vn -0.2901 0.7170 -0.6338
vn -0.2366 -0.7162 -0.6566
vn -0.3762 0.0000 -0.9265
vn -0.2366 0.7162 -0.6566
vn 0.1883 -0.9629 -0.1933
vn -0.3013 0.0000 -0.9535
vn 0.1883 0.9629 -0.1933
vn 0.6877 -0.7026 0.1828
vn 0.9611 0.0000 0.2762
vn 0.6877 0.7026 0.1828
vn 0.6941 -0.7028 0.1557
vn 0.9714 0.0000 0.2374
vn 0.6941 0.7028 0.1557
vn 0.6992 -0.7031 0.1298
vn 0.9797 0.0000 0.2002
vn 0.6992 0.7031 0.1298
vn 0.7031 -0.7033 0.1052
vn 0.9863 0.0000 0.1648
vn 0.7031 0.7033 0.1052
vn 0.7060 -0.7035 0.0818
vn 0.9914 0.0000 0.1311
vn 0.7060 0.7035 0.0818
vn 0.7080 -0.7037 0.0596
vn 0.9951 0.0000 0.0991
vn 0.7080 0.7037 0.0596
vn 0.7093 -0.7039 0.0387
vn 0.9976 0.0000 0.0688
vn 0.7093 0.7039 0.0387
vn 0.7099 -0.7041 0.0188
vn 0.9992 0.0000 0.0401
vn 0.7099 0.7041 0.0188
vn 0.7154 -0.6984 -0.0186
vn 0.9999 0.0000 0.0130
vn 0.7154 0.6984 -0.0186
vn 0.7163 -0.6903 -0.1020
vn 0.9979 0.0000 -0.0650
vn 0.7163 0.6903 -0.1020
vn 0.6920 -0.6869 -0.2218
vn 0.9764 0.0000 -0.2162
vn 0.6920 0.6869 -0.2218
vn 0.6372 -0.6841 -0.3549
vn 0.9201 0.0000 -0.3918
vn 0.6372 0.6841 -0.3549
vn 0.5468 -0.6830 -0.4844
vn 0.8175 0.0000 -0.5759
vn 0.5468 0.6830 -0.4844
vn 0.4287 -0.6840 -0.5903
vn 0.6703 0.0000 -0.7421
vn 0.4287 0.6840 -0.5903
vn 0.3018 -0.6867 -0.6614
vn 0.4984 0.0000 -0.8670
vn 0.3018 0.6867 -0.6614
vn 0.1837 -0.6900 -0.7001
vn 0.3282 0.0000 -0.9446
vn 0.1837 0.6900 -0.7001
vn 0.0833 -0.6932 -0.7159
vn 0.1778 0.0000 -0.9841
vn 0.0833 0.6932 -0.7159
vn 0.0065 -0.6973 -0.7167
vn 0.0531 0.0000 -0.9986
vn 0.0065 0.6973 -0.7167
vn -0.0506 -0.6991 -0.7132
vn -0.0349 0.0000 -0.9994
vn -0.0506 0.6991 -0.7132
vn -0.1024 -0.6989 -0.7079
vn -0.1066 0.0000 -0.9943
vn -0.1024 0.6989 -0.7079
vn -0.1549 -0.6987 -0.6984
vn -0.1797 0.0000 -0.9837
vn -0.1549 0.6987 -0.6984
vn -0.2072 -0.6987 -0.6848
vn -0.2532 0.0000 -0.9674
vn -0.2072 0.6987 -0.6848
vn -0.2584 -0.6987 -0.6671
vn -0.3257 0.0000 -0.9455
vn -0.2584 0.6987 -0.6671
vn -0.3075 -0.6988 -0.6458
vn -0.3961 0.0000 -0.9182
vn -0.3075 0.6988 -0.6458
vn -0.3538 -0.6991 -0.6214
vn -0.4631 0.0000 -0.8863
vn -0.3538 0.6991 -0.6214
vn -0.3969 -0.6993 -0.5945
vn -0.5259 0.0000 -0.8505
vn -0.3969 0.6993 -0.5945
vn -0.4430 -0.6975 -0.5632
vn -0.5839 0.0000 -0.8118
vn -0.4430 0.6975 -0.5632
vn -0.4974 -0.6951 -0.5191
vn -0.6516 0.0000 -0.7586
vn -0.4974 0.6951 -0.5191
vn -0.5519 -0.6947 -0.4613
vn -0.7301 0.0000 -0.6833
vn -0.5519 0.6947 -0.4613
vn -0.6001 -0.6947 -0.3966
vn -0.8019 0.0000 -0.5974
vn -0.6001 0.6947 -0.3966
vn -0.6403 -0.6949 -0.3273
vn -0.8640 0.0000 -0.5035
vn -0.6403 0.6949 -0.3273
vn -0.6714 -0.6954 -0.2562
vn -0.9142 0.0000 -0.4053
vn -0.6714 0.6954 -0.2562
vn -0.6934 -0.6961 -0.1861
vn -0.9518 0.0000 -0.3067
vn -0.6934 0.6961 -0.1861
vn -0.7071 -0.6970 -0.1193
vn -0.9775 0.0000 -0.2111
vn -0.7071 0.6970 -0.1193
vn -0.7139 -0.6979 -0.0572
vn -0.9926 0.0000 -0.1212
vn -0.7139 0.6979 -0.0572
vn -0.7195 -0.6943 0.0139
vn -0.9993 0.0000 -0.0384
vn -0.7195 0.6943 0.0139
vn -0.7161 -0.6874 0.1208
vn -0.9970 0.0000 0.0771
vn -0.7161 0.6874 0.1208
vn -0.6819 -0.6842 0.2587
vn -0.9671 0.0000 0.2542
vn -0.6819 0.6842 0.2587
vn -0.6106 -0.6823 0.4020
vn -0.8925 0.0000 0.4511
vn -0.6106 0.6823 0.4020
vn -0.5046 -0.6828 0.5284
vn -0.7671 0.0000 0.6415
vn -0.5046 0.6828 0.5284
vn -0.3810 -0.6854 0.6205
vn -0.6055 0.0000 0.7958
vn -0.3810 0.6854 0.6205
vn -0.2606 -0.6889 0.6764
vn -0.4358 0.0000 0.9000
vn -0.2606 0.6889 0.6764
vn -0.1560 -0.6924 0.7045
vn -0.2809 0.0000 0.9597
vn -0.1560 0.6924 0.7045
vn -0.0702 -0.6953 0.7152
vn -0.1504 0.0000 0.9886
vn -0.0702 0.6953 0.7152
vn -0.0032 -0.6982 0.7159
vn -0.0447 0.0000 0.9990
vn -0.0032 0.6982 0.7159
vn 0.0487 -0.6999 0.7126
vn 0.0357 0.0000 0.9994
vn 0.0487 0.6999 0.7126
vn 0.0921 -0.7007 0.7075
vn 0.1006 0.0000 0.9949
vn 0.0921 0.7007 0.7075
vn 0.1301 -0.7014 0.7008
vn 0.1576 0.0000 0.9875
vn 0.1301 0.7014 0.7008
vn 0.1634 -0.7021 0.6931
vn 0.2075 0.0000 0.9782
vn 0.1634 0.7021 0.6931
vn 0.1925 -0.7026 0.6850
vn 0.2512 0.0000 0.9679
vn 0.1925 0.7026 0.6850
vn 0.2181 -0.7031 0.6768
vn 0.2897 0.0000 0.9571
vn 0.2181 0.7031 0.6768
vn 0.2407 -0.7035 0.6687
vn 0.3236 0.0000 0.9462
vn 0.2407 0.7035 0.6687
vn 0.2607 -0.7039 0.6607
vn 0.3537 0.0000 0.9354
vn 0.2607 0.7039 0.6607
vn 0.2802 -0.7037 0.6529
vn 0.3803 0.0000 0.9249
vn 0.2802 0.7037 0.6529
vn 0.3025 -0.7029 0.6437
vn 0.4082 0.0000 0.9129
vn 0.3025 0.7029 0.6437
vn 0.3284 -0.7023 0.6316
vn 0.4423 0.0000 0.8969
vn 0.3284 0.7023 0.6316
vn 0.3575 -0.7016 0.6164
vn 0.4803 0.0000 0.8771
vn 0.3575 0.7016 0.6164
vn 0.3899 -0.7008 0.5974
vn 0.5228 0.0000 0.8525
vn 0.3899 0.7008 0.5974
vn 0.4261 -0.6998 0.5733
vn 0.5700 0.0000 0.8216
vn 0.4261 0.6998 0.5733
vn 0.4660 -0.6987 0.5428
vn 0.6223 0.0000 0.7828
vn 0.4660 0.6987 0.5428
vn 0.5094 -0.6974 0.5041
vn 0.6795 0.0000 0.7337
vn 0.5094 0.6974 0.5041
vn 0.5554 -0.6960 0.4551
vn 0.7408 0.0000 0.6717
vn 0.5554 0.6960 0.4551
vn 0.7274 -0.6430 0.2396
vn 0.8043 0.0000 0.5943
vn 0.7274 0.6430 0.2396
vn 0.2013 -0.5408 -0.8167
vn 1.0000 0.0000 -0.0000
vn 0.2013 0.5408 -0.8167
vn -0.8855 0.0000 -0.4647
vn -0.0866 -0.7227 0.6857
vn -0.1880 -0.7264 0.6611
vn -0.1924 0.0000 0.9813
vn -0.1880 0.7264 0.6611
vn -0.0866 0.7227 0.6857
vn -0.3029 -0.7299 0.6127
vn -0.3527 0.0000 0.9357
vn -0.3029 0.7299 0.6127
vn -0.4210 -0.7324 0.5352
vn -0.5292 0.0000 0.8485
vn -0.4210 0.7324 0.5352
vn -0.5268 -0.7326 0.4310
vn -0.7000 0.0000 0.7142
vn -0.5268 0.7326 0.4310
vn -0.6073 -0.7305 0.3123
vn -0.8387 0.0000 0.5445
vn -0.6073 0.7305 0.3123
vn -0.6584 -0.7270 0.1948
vn -0.9309 0.0000 0.3653
vn -0.6584 0.7270 0.1948
vn -0.6846 -0.7234 0.0899
vn -0.9798 0.0000 0.1999
vn -0.6846 0.7234 0.0899
vn -0.6932 -0.7207 0.0003
vn -0.9982 0.0000 0.0599
vn -0.6932 0.7207 0.0003
vn -0.6850 -0.7231 -0.0887
vn -0.9983 0.0000 -0.0590
vn -0.6850 0.7231 -0.0887
vn -0.6594 -0.7268 -0.1922
vn -0.9804 0.0000 -0.1971
vn -0.6594 0.7268 -0.1922
vn -0.6094 -0.7303 -0.3088
vn -0.9327 0.0000 -0.3606
vn -0.6094 0.7303 -0.3088
vn -0.5300 -0.7325 -0.4272
vn -0.8424 0.0000 -0.5388
vn -0.5300 0.7325 -0.4272
vn -0.4247 -0.7325 -0.5321
vn -0.7053 0.0000 -0.7089
vn -0.4247 0.7325 -0.5321
vn -0.3064 -0.7302 -0.6107
vn -0.5349 0.0000 -0.8449
vn -0.3064 0.7302 -0.6107
vn -0.1905 -0.7266 -0.6601
vn -0.3574 0.0000 -0.9340
vn -0.1905 0.7266 -0.6601
vn -0.0878 -0.7230 -0.6853
vn -0.1951 0.0000 -0.9808
vn -0.0878 0.7230 -0.6853
vn -0.0003 -0.7204 -0.6936
vn -0.0584 0.0000 -0.9983
vn -0.0003 0.7204 -0.6936
vn 0.0865 -0.7227 -0.6857
vn 0.0575 0.0000 -0.9983
vn 0.0865 0.7227 -0.6857
vn 0.1879 -0.7264 -0.6611
vn 0.1923 0.0000 -0.9813
vn 0.1879 0.7264 -0.6611
vn 0.3028 -0.7299 -0.6128
vn 0.3527 0.0000 -0.9358
vn 0.3028 0.7299 -0.6128
vn 0.4209 -0.7324 -0.5352
vn 0.5291 0.0000 -0.8486
vn 0.4209 0.7324 -0.5352
vn 0.5268 -0.7326 -0.4310
vn 0.6999 0.0000 -0.7143
vn 0.5268 0.7326 -0.4310
vn 0.6073 -0.7305 -0.3123
vn 0.8386 0.0000 -0.5447
vn 0.6073 0.7305 -0.3123
vn 0.6584 -0.7270 -0.1948
vn 0.9309 0.0000 -0.3654
vn 0.6584 0.7270 -0.1948
vn 0.6846 -0.7234 -0.0900
vn 0.9798 0.0000 -0.2000
vn 0.6846 0.7234 -0.0900
vn 0.6930 -0.7210 0.0003
vn 0.9982 0.0000 -0.0599
vn 0.6930 0.7210 0.0003
vn 0.6842 -0.7236 0.0912
vn 0.9981 0.0000 0.0608
vn 0.6842 0.7236 0.0912
vn 0.6573 -0.7273 0.1974
vn 0.9792 0.0000 0.2029
vn 0.6573 0.7273 0.1974
vn 0.6052 -0.7307 0.3158
vn 0.9290 0.0000 0.3701
vn 0.6052 0.7307 0.3158
vn 0.5236 -0.7327 0.4347
vn 0.8349 0.0000 0.5504
vn 0.5236 0.7327 0.4347
vn 0.4172 -0.7323 0.5383
vn 0.6945 0.0000 0.7195
vn 0.4172 0.7323 0.5383
vn 0.2994 -0.7297 0.6147
vn 0.5234 0.0000 0.8521
vn 0.2994 0.7297 0.6147
vn 0.1855 -0.7261 0.6621
vn 0.3481 0.0000 0.9375
vn 0.1855 0.7261 0.6621
vn 0.0853 -0.7225 0.6861
vn 0.1896 0.0000 0.9819
vn 0.0853 0.7225 0.6861
vn -0.0003 -0.7202 0.6938
vn 0.0567 0.0000 0.9984
vn -0.0003 0.7202 0.6938
vn -0.0576 0.0000 0.9983
vn -0.5971 -0.7190 -0.3556
vn -0.5562 -0.7193 -0.4163
vn -0.8314 0.0000 -0.5557
vn -0.5562 0.7193 -0.4163
vn -0.5971 0.7190 -0.3556
vn -0.5088 -0.7193 -0.4731
vn -0.7675 0.0000 -0.6410
vn -0.5088 0.7193 -0.4731
vn -0.4564 -0.7190 -0.5241
vn -0.6950 0.0000 -0.7190
vn -0.4564 0.7190 -0.5241
vn -0.4010 -0.7185 -0.5683
vn -0.6165 0.0000 -0.7873
vn -0.4010 0.7185 -0.5683
vn -0.3446 -0.7178 -0.6050
vn -0.5351 0.0000 -0.8448
vn -0.3446 0.7178 -0.6050
vn -0.2891 -0.7170 -0.6343
vn -0.4538 0.0000 -0.8911
vn -0.2891 0.7170 -0.6343
vn -0.2358 -0.7161 -0.6569
vn -0.3749 0.0000 -0.9271
vn -0.2358 0.7161 -0.6569
vn 0.1887 -0.9628 -0.1935
vn -0.3002 0.0000 -0.9539
vn 0.1887 0.9628 -0.1935
vn 0.9797 0.0000 0.2003
vn 0.6920 -0.6869 -0.2219
vn 0.9763 0.0000 -0.2162
vn 0.6920 0.6869 -0.2219
vn 0.6372 -0.6841 -0.3550
vn 0.9200 0.0000 -0.3919
vn 0.6372 0.6841 -0.3550
vn 0.5467 -0.6830 -0.4844
vn 0.8174 0.0000 -0.5760
vn 0.5467 0.6830 -0.4844
vn 0.4286 -0.6840 -0.5903
vn 0.6702 0.0000 -0.7422
vn 0.4286 0.6840 -0.5903
vn 0.3017 -0.6867 -0.6614
vn 0.4982 0.0000 -0.8670
vn 0.3017 0.6867 -0.6614
vn 0.1836 -0.6900 -0.7001
vn 0.3281 0.0000 -0.9446
vn 0.1836 0.6900 -0.7001
vn 0.1777 0.0000 -0.9841
vn 0.0068 -0.6974 -0.7166
vn 0.0530 0.0000 -0.9986
vn 0.0068 0.6974 -0.7166
vn -0.0500 -0.6991 -0.7133
vn -0.0341 0.0000 -0.9994
vn -0.0500 0.6991 -0.7133
vn -0.1027 -0.6986 -0.7081
vn -0.1057 0.0000 -0.9944
vn -0.1027 0.6986 -0.7081
vn -0.1578 -0.6982 -0.6983
vn -0.1811 0.0000 -0.9835
vn -0.1578 0.6982 -0.6983
vn -0.2144 -0.6978 -0.6834
vn -0.2593 0.0000 -0.9658
vn -0.2144 0.6978 -0.6834
vn -0.2714 -0.6976 -0.6631
vn -0.3389 0.0000 -0.9408
vn -0.2714 0.6976 -0.6631
vn -0.3274 -0.6975 -0.6374
vn -0.4180 0.0000 -0.9084
vn -0.3274 0.6975 -0.6374
vn -0.3811 -0.6975 -0.6068
vn -0.4949 0.0000 -0.8689
vn -0.3811 0.6975 -0.6068
vn -0.4314 -0.6977 -0.5719
vn -0.5679 0.0000 -0.8231
vn -0.4314 0.6977 -0.5719
vn -0.4790 -0.6974 -0.5330
vn -0.6354 0.0000 -0.7722
vn -0.4790 0.6974 -0.5330
vn -0.5263 -0.6965 -0.4877
vn -0.7002 0.0000 -0.7139
vn -0.5263 0.6965 -0.4877
vn -0.5713 -0.6962 -0.4347
vn -0.7650 0.0000 -0.6441
vn -0.5713 0.6962 -0.4347
vn -0.6118 -0.6960 -0.3759
vn -0.8247 0.0000 -0.5655
vn -0.6118 0.6960 -0.3759
vn -0.6463 -0.6960 -0.3128
vn -0.8772 0.0000 -0.4801
vn -0.6463 0.6960 -0.3128
vn -0.6738 -0.6963 -0.2474
vn -0.9208 0.0000 -0.3901
vn -0.6738 0.6963 -0.2474
vn -0.6939 -0.6967 -0.1818
vn -0.9544 0.0000 -0.2985
vn -0.6939 0.6967 -0.1818
vn -0.7070 -0.6973 -0.1179
vn -0.9782 0.0000 -0.2079
vn -0.7070 0.6973 -0.1179
vn -0.7138 -0.6980 -0.0571
vn -0.9927 0.0000 -0.1207
vn -0.7138 0.6980 -0.0571
vn -0.7196 -0.6943 0.0139
vn -0.9993 0.0000 -0.0387
vn -0.7196 0.6943 0.0139
vn -0.7161 -0.6874 0.1210
vn -0.9970 0.0000 0.0772
vn -0.7161 0.6874 0.1210
vn -0.6818 -0.6841 0.2591
vn -0.9670 0.0000 0.2547
vn -0.6818 0.6841 0.2591
vn -0.6103 -0.6823 0.4025
vn -0.8921 0.0000 0.4518
vn -0.6103 0.6823 0.4025
vn -0.5041 -0.6828 0.5288
vn -0.7665 0.0000 0.6422
vn -0.5041 0.6828 0.5288
vn -0.3805 -0.6854 0.6208
vn -0.6048 0.0000 0.7964
vn -0.3805 0.6854 0.6208
vn -0.2602 -0.6889 0.6765
vn -0.4351 0.0000 0.9004
vn -0.2602 0.6889 0.6765
vn -0.1557 -0.6924 0.7045
vn -0.2804 0.0000 0.9599
vn -0.1557 0.6924 0.7045
vn -0.0701 -0.6954 0.7152
vn -0.1502 0.0000 0.9887
vn -0.0701 0.6954 0.7152
vn -0.0446 0.0000 0.9990
vn 0.0486 -0.6999 0.7126
vn 0.0356 0.0000 0.9994
vn 0.0486 0.6999 0.7126
vn 0.0920 -0.7007 0.7075
vn 0.1004 0.0000 0.9949
vn 0.0920 0.7007 0.7075
vn 0.1299 -0.7014 0.7008
vn 0.1573 0.0000 0.9876
vn 0.1299 0.7014 0.7008
vn 0.1631 -0.7021 0.6932
vn 0.2071 0.0000 0.9783
vn 0.1631 0.7021 0.6932
vn 0.1922 -0.7026 0.6851
vn 0.2508 0.0000 0.9680
vn 0.1922 0.7026 0.6851
vn 0.2177 -0.7031 0.6769
vn 0.2892 0.0000 0.9573
vn 0.2177 0.7031 0.6769
vn 0.2403 -0.7035 0.6688
vn 0.3231 0.0000 0.9464
vn 0.2403 0.7035 0.6688
vn 0.2603 -0.7039 0.6609
vn 0.3531 0.0000 0.9356
vn 0.2603 0.7039 0.6609
vn 0.2797 -0.7037 0.6531
vn 0.3797 0.0000 0.9251
vn 0.2797 0.7037 0.6531
vn 0.3020 -0.7029 0.6440
vn 0.4076 0.0000 0.9132
vn 0.3020 0.7029 0.6440
vn 0.3279 -0.7023 0.6318
vn 0.4416 0.0000 0.8972
vn 0.3279 0.7023 0.6318
vn 0.3569 -0.7016 0.6167
vn 0.4796 0.0000 0.8775
vn 0.3569 0.7016 0.6167
vn 0.3894 -0.7008 0.5977
vn 0.5220 0.0000 0.8529
vn 0.3894 0.7008 0.5977
vn 0.4255 -0.6998 0.5737
vn 0.5692 0.0000 0.8222
vn 0.4255 0.6998 0.5737
vn 0.4654 -0.6987 0.5433
vn 0.6216 0.0000 0.7834
vn 0.4654 0.6987 0.5433
vn 0.5089 -0.6974 0.5046
vn 0.6788 0.0000 0.7344
vn 0.5089 0.6974 0.5046
vn 0.5549 -0.6960 0.4557
vn 0.7401 0.0000 0.6725
vn 0.5549 0.6960 0.4557
vn 0.7274 -0.6429 0.2400
vn 0.8036 0.0000 0.5951
vn 0.7274 0.6429 0.2400
vn 0.2020 -0.5408 -0.8165
vn 0.2020 0.5408 -0.8165
vn -0.8847 0.0000 -0.4662
vn 0.3526 0.0000 -0.9358
vn 0.0000 -1.0000 -0.0000
vn 0.0000 1.0000 -0.0000
vn 0.4794 -0.7222 0.4986
vn 0.4195 -0.7190 0.5541
vn 0.6442 0.0000 0.7649
vn 0.4195 0.7190 0.5541
vn 0.4794 0.7222 0.4986
vn 0.3652 -0.7172 0.5935
vn 0.5614 0.0000 0.8275
vn 0.3652 0.7172 0.5935
vn 0.3136 -0.7164 0.6232
vn 0.4857 0.0000 0.8741
vn 0.3136 0.7164 0.6232
vn 0.2620 -0.7163 0.6467
vn 0.4126 0.0000 0.9109
vn 0.2620 0.7163 0.6467
vn 0.2075 -0.7167 0.6657
vn 0.3377 0.0000 0.9413
vn 0.2075 0.7167 0.6657
vn 0.1474 -0.7177 0.6805
vn 0.2570 0.0000 0.9664
vn 0.1474 0.7177 0.6805
vn 0.0785 -0.7193 0.6902
vn 0.1660 0.0000 0.9861
vn 0.0785 0.7193 0.6902
vn -0.0007 -0.7211 0.6929
vn 0.0598 0.0000 0.9982
vn -0.0007 0.7211 0.6929
vn -0.0809 -0.7197 0.6896
vn -0.0618 0.0000 0.9981
vn -0.0809 0.7197 0.6896
vn -0.1510 -0.7179 0.6796
vn -0.1707 0.0000 0.9853
vn -0.1510 0.7179 0.6796
vn -0.2113 -0.7167 0.6646
vn -0.2626 0.0000 0.9649
vn -0.2113 0.7167 0.6646
vn -0.2648 -0.7161 0.6459
vn -0.3427 0.0000 0.9395
vn -0.2648 0.7161 0.6459
vn -0.3146 -0.7160 0.6232
vn -0.4154 0.0000 0.9096
vn -0.3146 0.7160 0.6232
vn -0.3635 -0.7166 0.5952
vn -0.4852 0.0000 0.8744
vn -0.3635 0.7166 0.5952
vn -0.4146 -0.7181 0.5589
vn -0.5563 0.0000 0.8310
vn -0.4146 0.7181 0.5589
vn -0.4711 -0.7212 0.5079
vn -0.6338 0.0000 0.7735
vn -0.4711 0.7212 0.5079
vn -0.2033 -0.9753 -0.0868
vn -0.7238 0.0000 0.6900
vn -0.2033 0.9753 -0.0868
vn 0.7648 0.5481 -0.3388
vn -0.0024 0.0000 -1.0000
vn 0.7648 -0.5481 -0.3388
vn 0.7391 0.0000 0.6736
vn 0.1459 -0.7043 -0.6948
vn 0.1282 -0.7043 -0.6983
vn 0.1931 0.0000 -0.9812
vn 0.1282 0.7043 -0.6983
vn 0.1459 0.7043 -0.6948
vn 0.1103 -0.7042 -0.7013
vn 0.1680 0.0000 -0.9858
vn 0.1103 0.7042 -0.7013
vn 0.0923 -0.7042 -0.7040
vn 0.1428 0.0000 -0.9898
vn 0.0923 0.7042 -0.7040
vn 0.0741 -0.7042 -0.7061
vn 0.1173 0.0000 -0.9931
vn 0.0741 0.7042 -0.7061
vn 0.0558 -0.7042 -0.7078
vn 0.0915 0.0000 -0.9958
vn 0.0558 0.7042 -0.7078
vn 0.0373 -0.7042 -0.7090
vn 0.0656 0.0000 -0.9978
vn 0.0373 0.7042 -0.7090
vn 0.0187 -0.7042 -0.7098
vn 0.0395 0.0000 -0.9992
vn 0.0187 0.7042 -0.7098
vn -0.0195 -0.6981 -0.7157
vn 0.0132 0.0000 -0.9999
vn -0.0195 0.6981 -0.7157
vn -0.0971 -0.6922 -0.7151
vn -0.0675 0.0000 -0.9977
vn -0.0971 0.6923 -0.7151
vn -0.1916 -0.6925 -0.6955
vn -0.2011 0.0000 -0.9796
vn -0.1916 0.6925 -0.6955
vn -0.2811 -0.6927 -0.6641
vn -0.3290 0.0000 -0.9443
vn -0.2811 0.6927 -0.6641
vn -0.3643 -0.6930 -0.6222
vn -0.4490 0.0000 -0.8935
vn -0.3643 0.6930 -0.6222
vn -0.4403 -0.6931 -0.5707
vn -0.5595 0.0000 -0.8288
vn -0.4403 0.6931 -0.5707
vn -0.5087 -0.6932 -0.5106
vn -0.6598 0.0000 -0.7515
vn -0.5087 0.6932 -0.5106
vn -0.5690 -0.6932 -0.4424
vn -0.7491 0.0000 -0.6625
vn -0.5690 0.6932 -0.4424
vn -0.6207 -0.6930 -0.3667
vn -0.8267 0.0000 -0.5627
vn -0.6207 0.6930 -0.3667
vn -0.7079 -0.5566 0.4348
vn -0.8917 0.0000 -0.4526
vn -0.7079 0.5566 0.4348
vn 0.5771 -0.5774 0.5775
vn 0.0006 0.0000 1.0000
vn 0.5771 0.5774 0.5775
vn 0.5777 -0.5773 -0.5770
vn 1.0000 0.0000 0.0012
vn 0.5777 0.5773 -0.5770
vn -0.5759 -0.5776 -0.5785
vn 0.0000 0.0000 -1.0000
vn -0.5759 0.5776 -0.5785
vn -0.0908 -0.9739 -0.2079
vn -1.0000 0.0000 -0.0045
vn -0.0908 0.9739 -0.2079
vn 0.4724 -0.7035 -0.5310
vn 0.6766 0.0000 -0.7364
vn 0.4724 0.7035 -0.5310
vn 0.4551 -0.7035 -0.5459
vn 0.6527 0.0000 -0.7577
vn 0.4551 0.7035 -0.5459
vn 0.4370 -0.7034 -0.5605
vn 0.6278 0.0000 -0.7784
vn 0.4370 0.7034 -0.5605
vn 0.4183 -0.7034 -0.5747
vn 0.6019 0.0000 -0.7986
vn 0.4183 0.7034 -0.5747
vn 0.3990 -0.7034 -0.5883
vn 0.5751 0.0000 -0.8181
vn 0.3990 0.7033 -0.5883
vn 0.3789 -0.7033 -0.6015
vn 0.5473 0.0000 -0.8369
vn 0.3789 0.7033 -0.6015
vn 0.3583 -0.7033 -0.6140
vn 0.5187 0.0000 -0.8550
vn 0.3583 0.7033 -0.6140
vn 0.3371 -0.7033 -0.6259
vn 0.4892 0.0000 -0.8722
vn 0.3371 0.7033 -0.6259
vn 0.4569 -0.8455 -0.2766
vn 0.4589 0.0000 -0.8885
vn 0.4569 0.8455 -0.2766
vn 0.5790 -0.5771 -0.5760
vn 1.0000 0.0000 0.0053
vn 0.5790 0.5771 -0.5760
vn -0.5769 -0.5774 -0.5777
vn -0.5769 0.5774 -0.5777
vn -0.2315 -0.9289 -0.2892
vn -1.0000 0.0000 -0.0015
vn -0.2315 0.9289 -0.2892
vn 0.2178 0.0000 -0.9760
vn -0.0963 -0.9726 -0.2118
vn 0.4485 -0.6980 -0.5583
vn 0.6578 0.0000 -0.7532
vn 0.4485 0.6980 -0.5583
vn -0.0963 0.9726 -0.2118
vn 0.4011 -0.6979 -0.5933
vn 0.5938 0.0000 -0.8046
vn 0.4011 0.6979 -0.5933
vn 0.3506 -0.6979 -0.6245
vn 0.5254 0.0000 -0.8509
vn 0.3506 0.6979 -0.6245
vn 0.2974 -0.6978 -0.6517
vn 0.4529 0.0000 -0.8916
vn 0.2974 0.6978 -0.6517
vn 0.2415 -0.6977 -0.6744
vn 0.3767 0.0000 -0.9264
vn 0.2415 0.6977 -0.6744
vn 0.1834 -0.6976 -0.6926
vn 0.2970 0.0000 -0.9549
vn 0.1834 0.6976 -0.6926
vn 0.1234 -0.6975 -0.7058
vn 0.2145 0.0000 -0.9767
vn 0.1234 0.6975 -0.7058
vn 0.0620 -0.6975 -0.7139
vn 0.1296 0.0000 -0.9916
vn 0.0620 0.6975 -0.7139
vn -0.0087 -0.6948 -0.7191
vn 0.0433 0.0000 -0.9991
vn -0.0087 0.6948 -0.7191
vn -0.0971 0.6922 -0.7151
vn -0.5690 -0.6931 -0.4424
vn -0.7490 0.0000 -0.6625
vn -0.5690 0.6931 -0.4424
vn -0.5775 -0.5773 -0.5772
vn -0.5775 0.5773 -0.5772
vn -1.0000 0.0000 0.0004
vn 0.2075 -0.7168 0.6657
vn 0.2075 0.7168 0.6657
vn 0.2569 0.0000 0.9664
# 712 vertex normals

o Vowels_3
g Vowels_3
s 1
f 1//1 2//2 3//3 
f 2//2 4//4 3//3 
f 4//4 5//5 3//3 
f 5//5 1//1 3//3 
s 3
f 2//2 6//6 7//7 
f 6//6 8//8 7//7 
f 8//8 4//4 7//7 
f 4//4 2//2 7//7 
s 2
f 6//6 9//9 10//10 
f 9//9 11//11 10//10 
f 11//11 8//8 10//10 
f 8//8 6//6 10//10 
f 9//9 12//12 13//13 
f 12//12 14//14 13//13 
f 14//14 11//11 13//13 
f 11//11 9//9 13//13 
f 12//12 15//15 16//16 
f 15//15 17//17 16//16 
f 17//17 14//14 16//16 
f 14//14 12//12 16//16 
f 15//15 18//18 19//19 
f 18//18 20//20 19//19 
f 20//20 17//17 19//19 
f 17//17 15//15 19//19 
f 18//18 21//21 22//22 
f 21//21 23//23 22//22 
f 23//23 20//20 22//22 
f 20//20 18//18 22//22 
f 21//21 24//24 25//25 
f 24//24 26//26 25//25 
f 26//26 23//23 25//25 
f 23//23 21//21 25//25 
s 4
f 24//24 27//27 28//28 
f 27//27 29//29 28//28 
f 29//29 26//26 28//28 
f 26//26 24//24 28//28 
f 27//27 30//30 31//31 
f 30//30 32//32 31//31 
f 32//32 29//29 31//31 
f 29//29 27//27 31//31 
f 30//30 33//33 34//34 
f 33//33 35//35 34//34 
f 35//35 32//32 34//34 
f 32//32 30//30 34//34 
f 33//33 36//36 37//37 
f 36//36 38//38 37//37 
f 38//38 35//35 37//37 
f 35//35 33//33 37//37 
f 36//36 39//39 40//40 
f 39//39 41//41 40//40 
f 41//41 38//38 40//40 
f 38//38 36//36 40//40 
f 39//39 42//42 43//43 
f 42//42 44//44 43//43 
f 44//44 41//41 43//43 
f 41//41 39//39 43//43 
f 42//42 45//45 46//46 
f 45//45 47//47 46//46 
f 47//47 44//44 46//46 
f 44//44 42//42 46//46 
f 45//45 48//48 49//49 
f 48//48 50//50 49//49 
f 50//50 47//47 49//49 
f 47//47 45//45 49//49 
f 48//48 51//51 52//52 
f 51//51 53//53 52//52 
f 53//53 50//50 52//52 
f 50//50 48//48 52//52 
f 51//51 54//54 55//55 
f 54//54 56//56 55//55 
f 56//56 53//53 55//55 
f 53//53 51//51 55//55 
f 54//54 57//57 58//58 
f 57//57 59//59 58//58 
f 59//59 56//56 58//58 
f 56//56 54//54 58//58 
f 57//57 60//60 61//61 
f 60//60 62//62 61//61 
f 62//62 59//59 61//61 
f 59//59 57//57 61//61 
f 60//60 63//63 64//64 
f 63//63 65//65 64//64 
f 65//65 62//62 64//64 
f 62//62 60//60 64//64 
f 63//63 66//66 67//67 
f 66//66 68//68 67//67 
f 68//68 65//65 67//67 
f 65//65 63//63 67//67 
f 66//66 69//69 70//70 
f 69//69 71//71 70//70 
f 71//71 68//68 70//70 
f 68//68 66//66 70//70 
f 69//69 72//72 73//73 
f 72//72 74//74 73//73 
f 74//74 71//71 73//73 
f 71//71 69//69 73//73 
f 72//72 75//75 76//76 
f 75//75 77//77 76//76 
f 77//77 74//74 76//76 
f 74//74 72//72 76//76 
f 75//75 78//78 79//79 
f 78//78 80//80 79//79 
f 80//80 77//77 79//79 
f 77//77 75//75 79//79 
f 78//78 81//81 82//82 
f 81//81 83//83 82//82 
f 83//83 80//80 82//82 
f 80//80 78//78 82//82 
f 81//81 84//84 85//85 
f 84//84 86//86 85//85 
f 86//86 83//83 85//85 
f 83//83 81//81 85//85 
f 84//84 87//87 88//88 
f 87//87 89//89 88//88 
f 89//89 86//86 88//88 
f 86//86 84//84 88//88 
f 87//87 90//90 91//91 
f 90//90 92//92 91//91 
f 92//92 89//89 91//91 
f 89//89 87//87 91//91 
f 90//90 93//93 94//94 
f 93//93 95//95 94//94 
f 95//95 92//92 94//94 
f 92//92 90//90 94//94 
f 93//93 96//96 97//97 
f 96//96 98//98 97//97 
f 98//98 95//95 97//97 
f 95//95 93//93 97//97 
f 96//96 99//99 100//100 
f 99//99 101//101 100//100 
f 101//101 98//98 100//100 
f 98//98 96//96 100//100 
f 99//99 102//102 103//103 
f 102//102 104//104 103//103 
f 104//104 101//101 103//103 
f 101//101 99//99 103//103 
f 102//102 105//105 106//106 
f 105//105 107//107 106//106 
f 107//107 104//104 106//106 
f 104//104 102//102 106//106 
f 105//105 108//108 109//109 
f 108//108 110//110 109//109 
f 110//110 107//107 109//109 
f 107//107 105//105 109//109 
f 108//108 111//111 112//112 
f 111//111 113//113 112//112 
f 113//113 110//110 112//112 
f 110//110 108//108 112//112 
f 111//111 114//114 115//115 
f 114//114 116//116 115//115 
f 116//116 113//113 115//115 
f 113//113 111//111 115//115 
f 114//114 117//117 118//118 
f 117//117 119//119 118//118 
f 119//119 116//116 118//118 
f 116//116 114//114 118//118 
f 117//117 120//120 121//121 
f 120//120 122//122 121//121 
f 122//122 119//119 121//121 
f 119//119 117//117 121//121 
f 120//120 123//123 124//124 
f 123//123 125//125 124//124 
f 125//125 122//122 124//124 
f 122//122 120//120 124//124 
f 123//123 126//126 127//127 
f 126//126 128//128 127//127 
f 128//128 125//125 127//127 
f 125//125 123//123 127//127 
f 126//126 129//129 130//130 
f 129//129 131//131 130//130 
f 131//131 128//128 130//130 
f 128//128 126//126 130//130 
f 129//129 132//132 133//133 
f 132//132 134//134 133//133 
f 134//134 131//131 133//133 
f 131//131 129//129 133//133 
f 132//132 135//135 136//136 
f 135//135 137//137 136//136 
f 137//137 134//134 136//136 
f 134//134 132//132 136//136 
f 135//135 138//138 139//139 
f 138//138 140//140 139//139 
f 140//140 137//137 139//139 
f 137//137 135//135 139//139 
f 138//138 141//141 142//142 
f 141//141 143//143 142//142 
f 143//143 140//140 142//142 
f 140//140 138//138 142//142 
f 141//141 144//144 145//145 
f 144//144 146//146 145//145 
f 146//146 143//143 145//145 
f 143//143 141//141 145//145 
f 144//144 147//147 148//148 
f 147//147 149//149 148//148 
f 149//149 146//146 148//148 
f 146//146 144//144 148//148 
f 147//147 150//150 151//151 
f 150//150 152//152 151//151 
f 152//152 149//149 151//151 
f 149//149 147//147 151//151 
f 150//150 153//153 154//154 
f 153//153 155//155 154//154 
f 155//155 152//152 154//154 
f 152//152 150//150 154//154 
f 153//153 156//156 157//157 
f 156//156 158//158 157//157 
f 158//158 155//155 157//157 
f 155//155 153//153 157//157 
f 156//156 159//159 160//160 
f 159//159 161//161 160//160 
f 161//161 158//158 160//160 
f 158//158 156//156 160//160 
f 159//159 162//162 163//163 
f 162//162 164//164 163//163 
f 164//164 161//161 163//163 
f 161//161 159//159 163//163 
f 162//162 165//165 166//166 
f 165//165 167//167 166//166 
f 167//167 164//164 166//166 
f 164//164 162//162 166//166 
f 165//165 168//168 169//169 
f 168//168 170//170 169//169 
f 170//170 167//167 169//169 
f 167//167 165//165 169//169 
f 168//168 171//171 172//172 
f 171//171 173//173 172//172 
f 173//173 170//170 172//172 
f 170//170 168//168 172//172 
f 171//171 174//174 175//175 
f 174//174 176//176 175//175 
f 176//176 173//173 175//175 
f 173//173 171//171 175//175 
f 174//174 177//177 178//178 
f 177//177 179//179 178//178 
f 179//179 176//176 178//178 
f 176//176 174//174 178//178 
f 177//177 180//180 181//181 
f 180//180 182//182 181//181 
f 182//182 179//179 181//181 
f 179//179 177//177 181//181 
f 180//180 183//183 184//184 
f 183//183 185//185 184//184 
f 185//185 182//182 184//184 
f 182//182 180//180 184//184 
f 183//183 186//186 187//187 
f 186//186 188//188 187//187 
f 188//188 185//185 187//187 
f 185//185 183//183 187//187 
f 186//186 189//189 190//190 
f 189//189 191//191 190//190 
f 191//191 188//188 190//190 
f 188//188 186//186 190//190 
f 189//189 192//192 193//193 
f 192//192 194//194 193//193 
f 194//194 191//191 193//193 
f 191//191 189//189 193//193 
f 192//192 195//195 196//196 
f 195//195 197//197 196//196 
f 197//197 194//194 196//196 
f 194//194 192//192 196//196 
f 195//195 198//198 199//199 
f 198//198 200//200 199//199 
f 200//200 197//197 199//199 
f 197//197 195//195 199//199 
f 198//198 201//201 202//202 
f 201//201 203//203 202//202 
f 203//203 200//200 202//202 
f 200//200 198//198 202//202 
f 201//201 204//204 205//205 
f 204//204 206//206 205//205 
f 206//206 203//203 205//205 
f 203//203 201//201 205//205 
f 204//204 207//207 208//208 
f 207//207 209//209 208//208 
f 209//209 206//206 208//208 
f 206//206 204//204 208//208 
f 207//207 210//210 211//211 
f 210//210 212//212 211//211 
f 212//212 209//209 211//211 
f 209//209 207//207 211//211 
f 210//210 213//213 214//214 
f 213//213 215//215 214//214 
f 215//215 212//212 214//214 
f 212//212 210//210 214//214 
s 2
f 213//213 216//216 217//217 
f 216//216 218//218 217//217 
f 218//218 215//215 217//217 
f 215//215 213//213 217//217 
s 5
f 216//216 1//1 219//219 
f 1//1 5//5 219//219 
f 5//5 218//218 219//219 
f 218//218 216//216 219//219 
s 1
f 220//220 221//221 222//222 
f 221//221 223//223 222//222 
f 223//223 224//224 222//222 
f 224//224 220//220 222//222 
s 3
f 221//221 225//225 226//226 
f 225//225 227//227 226//226 
f 227//227 223//223 226//226 
f 223//223 221//221 226//226 
s 2
f 225//225 228//228 229//229 
f 228//228 230//230 229//229 
f 230//230 227//227 229//229 
f 227//227 225//225 229//229 
f 228//228 231//231 232//232 
f 231//231 233//233 232//232 
f 233//233 230//230 232//232 
f 230//230 228//228 232//232 
f 231//231 234//234 235//235 
f 234//234 236//236 235//235 
f 236//236 233//233 235//235 
f 233//233 231//231 235//235 
f 234//234 237//237 238//238 
f 237//237 239//239 238//238 
f 239//239 236//236 238//238 
f 236//236 234//234 238//238 
f 237//237 240//240 241//241 
f 240//240 242//242 241//241 
f 242//242 239//239 241//241 
f 239//239 237//237 241//241 
f 240//240 243//243 244//244 
f 243//243 245//245 244//244 
f 245//245 242//242 244//244 
f 242//242 240//240 244//244 
f 243//243 246//246 247//247 
f 246//246 248//248 247//247 
f 248//248 245//245 247//247 
f 245//245 243//243 247//247 
f 246//246 249//249 250//250 
f 249//249 251//251 250//250 
f 251//251 248//248 250//250 
f 248//248 246//246 250//250 
f 249//249 252//252 253//253 
f 252//252 254//254 253//253 
f 254//254 251//251 253//253 
f 251//251 249//249 253//253 
f 252//252 255//255 256//256 
f 255//255 257//257 256//256 
f 257//257 254//254 256//256 
f 254//254 252//252 256//256 
f 255//255 258//258 259//259 
f 258//258 260//260 259//259 
f 260//260 257//257 259//259 
f 257//257 255//255 259//259 
f 258//258 261//261 262//262 
f 261//261 263//263 262//262 
f 263//263 260//260 262//262 
f 260//260 258//258 262//262 
f 261//261 264//264 265//265 
f 264//264 266//266 265//265 
f 266//266 263//263 265//265 
f 263//263 261//261 265//265 
f 264//264 267//267 268//268 
f 267//267 269//269 268//268 
f 269//269 266//266 268//268 
f 266//266 264//264 268//268 
f 267//267 270//270 271//271 
f 270//270 272//272 271//271 
f 272//272 269//269 271//271 
f 269//269 267//267 271//271 
f 270//270 273//273 274//274 
f 273//273 275//275 274//274 
f 275//275 272//272 274//274 
f 272//272 270//270 274//274 
f 273//273 276//276 277//277 
f 276//276 278//278 277//277 
f 278//278 275//275 277//277 
f 275//275 273//273 277//277 
f 276//276 279//279 280//280 
f 279//279 281//281 280//280 
f 281//281 278//278 280//280 
f 278//278 276//276 280//280 
f 279//279 282//282 283//283 
f 282//282 284//284 283//283 
f 284//284 281//281 283//283 
f 281//281 279//279 283//283 
f 282//282 285//285 286//286 
f 285//285 287//287 286//286 
f 287//287 284//284 286//286 
f 284//284 282//282 286//286 
f 285//285 288//288 289//289 
f 288//288 290//290 289//289 
f 290//290 287//287 289//289 
f 287//287 285//285 289//289 
f 288//288 291//291 292//292 
f 291//291 293//293 292//292 
f 293//293 290//290 292//292 
f 290//290 288//288 292//292 
f 291//291 294//294 295//295 
f 294//294 296//296 295//295 
f 296//296 293//293 295//295 
f 293//293 291//291 295//295 
f 294//294 297//297 298//298 
f 297//297 299//299 298//298 
f 299//299 296//296 298//298 
f 296//296 294//294 298//298 
f 297//297 300//300 301//301 
f 300//300 302//302 301//301 
f 302//302 299//299 301//301 
f 299//299 297//297 301//301 
f 300//300 303//303 304//304 
f 303//303 305//305 304//304 
f 305//305 302//302 304//304 
f 302//302 300//300 304//304 
f 303//303 306//306 307//307 
f 306//306 308//308 307//307 
f 308//308 305//305 307//307 
f 305//305 303//303 307//307 
f 306//306 309//309 310//310 
f 309//309 311//311 310//310 
f 311//311 308//308 310//310 
f 308//308 306//306 310//310 
f 309//309 312//312 313//313 
f 312//312 314//314 313//313 
f 314//314 311//311 313//313 
f 311//311 309//309 313//313 
f 312//312 315//315 316//316 
f 315//315 317//317 316//316 
f 317//317 314//314 316//316 
f 314//314 312//312 316//316 
f 315//315 318//318 319//319 
f 318//318 320//320 319//319 
f 320//320 317//317 319//319 
f 317//317 315//315 319//319 
f 318//318 321//321 322//322 
f 321//321 323//323 322//322 
f 323//323 320//320 322//322 
f 320//320 318//318 322//322 
f 321//321 324//324 325//325 
f 324//324 326//326 325//325 
f 326//326 323//323 325//325 
f 323//323 321//321 325//325 
s 3
f 324//324 220//220 327//327 
f 220//220 224//224 327//327 
f 224//224 326//326 327//327 
f 326//326 324//324 327//327 
s 1
f 328//328 329//329 330//330 
f 329//329 331//331 330//330 
f 331//331 332//332 330//330 
f 332//332 328//328 330//330 
s 3
f 329//329 333//333 334//334 
f 333//333 335//335 334//334 
f 335//335 331//331 334//334 
f 331//331 329//329 334//334 
s 2
f 333//333 336//336 337//337 
f 336//336 338//338 337//337 
f 338//338 335//335 337//337 
f 335//335 333//333 337//337 
f 336//336 339//339 340//340 
f 339//339 341//341 340//340 
f 341//341 338//338 340//340 
f 338//338 336//336 340//340 
f 339//339 342//342 343//343 
f 342//342 344//344 343//343 
f 344//344 341//341 343//343 
f 341//341 339//339 343//343 
f 342//342 345//345 346//346 
f 345//345 347//347 346//346 
f 347//347 344//344 346//346 
f 344//344 342//342 346//346 
f 345//345 348//348 349//349 
f 348//348 350//350 349//349 
f 350//350 347//347 349//349 
f 347//347 345//345 349//349 
f 348//348 351//351 352//352 
f 351//351 353//353 352//352 
f 353//353 350//350 352//352 
f 350//350 348//348 352//352 
s 4
f 351//351 354//27 355//28 
f 354//27 356//29 355//28 
f 356//29 353//353 355//28 
f 353//353 351//351 355//28 
f 354//27 357//30 358//31 
f 357//30 359//32 358//31 
f 359//32 356//29 358//31 
f 356//29 354//27 358//31 
f 357//30 360//33 361//354 
f 360//33 362//35 361//354 
f 362//35 359//32 361//354 
f 359//32 357//30 361//354 
f 360//33 363//36 364//37 
f 363//36 365//38 364//37 
f 365//38 362//35 364//37 
f 362//35 360//33 364//37 
f 363//36 366//39 367//40 
f 366//39 368//41 367//40 
f 368//41 365//38 367//40 
f 365//38 363//36 367//40 
f 366//39 369//42 370//43 
f 369//42 371//44 370//43 
f 371//44 368//41 370//43 
f 368//41 366//39 370//43 
f 369//42 372//45 373//46 
f 372//45 374//47 373//46 
f 374//47 371//44 373//46 
f 371//44 369//42 373//46 
f 372//45 375//48 376//49 
f 375//48 377//50 376//49 
f 377//50 374//47 376//49 
f 374//47 372//45 376//49 
f 375//48 378//51 379//52 
f 378//51 380//53 379//52 
f 380//53 377//50 379//52 
f 377//50 375//48 379//52 
f 378//51 381//54 382//55 
f 381//54 383//56 382//55 
f 383//56 380//53 382//55 
f 380//53 378//51 382//55 
f 381//54 384//355 385//356 
f 384//355 386//357 385//356 
f 386//357 383//56 385//356 
f 383//56 381//54 385//356 
f 384//355 387//358 388//359 
f 387//358 389//360 388//359 
f 389//360 386//357 388//359 
f 386//357 384//355 388//359 
f 387//358 390//361 391//362 
f 390//361 392//363 391//362 
f 392//363 389//360 391//362 
f 389//360 387//358 391//362 
f 390//361 393//364 394//365 
f 393//364 395//366 394//365 
f 395//366 392//363 394//365 
f 392//363 390//361 394//365 
f 393//364 396//367 397//368 
f 396//367 398//369 397//368 
f 398//369 395//366 397//368 
f 395//366 393//364 397//368 
f 396//367 399//370 400//371 
f 399//370 401//372 400//371 
f 401//372 398//369 400//371 
f 398//369 396//367 400//371 
f 399//370 402//75 403//373 
f 402//75 404//77 403//373 
f 404//77 401//372 403//373 
f 401//372 399//370 403//373 
f 402//75 405//374 406//375 
f 405//374 407//376 406//375 
f 407//376 404//77 406//375 
f 404//77 402//75 406//375 
f 405//374 408//377 409//378 
f 408//377 410//379 409//378 
f 410//379 407//376 409//378 
f 407//376 405//374 409//378 
f 408//377 411//380 412//381 
f 411//380 413//382 412//381 
f 413//382 410//379 412//381 
f 410//379 408//377 412//381 
f 411//380 414//383 415//384 
f 414//383 416//385 415//384 
f 416//385 413//382 415//384 
f 413//382 411//380 415//384 
f 414//383 417//386 418//387 
f 417//386 419//388 418//387 
f 419//388 416//385 418//387 
f 416//385 414//383 418//387 
f 417//386 420//389 421//390 
f 420//389 422//391 421//390 
f 422//391 419//388 421//390 
f 419//388 417//386 421//390 
f 420//389 423//392 424//393 
f 423//392 425//394 424//393 
f 425//394 422//391 424//393 
f 422//391 420//389 424//393 
f 423//392 426//395 427//396 
f 426//395 428//397 427//396 
f 428//397 425//394 427//396 
f 425//394 423//392 427//396 
f 426//395 429//398 430//399 
f 429//398 431//400 430//399 
f 431//400 428//397 430//399 
f 428//397 426//395 430//399 
f 429//398 432//401 433//402 
f 432//401 434//403 433//402 
f 434//403 431//400 433//402 
f 431//400 429//398 433//402 
f 432//401 435//404 436//405 
f 435//404 437//406 436//405 
f 437//406 434//403 436//405 
f 434//403 432//401 436//405 
f 435//404 438//407 439//408 
f 438//407 440//409 439//408 
f 440//409 437//406 439//408 
f 437//406 435//404 439//408 
f 438//407 441//410 442//411 
f 441//410 443//412 442//411 
f 443//412 440//409 442//411 
f 440//409 438//407 442//411 
f 441//410 444//413 445//414 
f 444//413 446//415 445//414 
f 446//415 443//412 445//414 
f 443//412 441//410 445//414 
f 444//413 447//416 448//417 
f 447//416 449//418 448//417 
f 449//418 446//415 448//417 
f 446//415 444//413 448//417 
f 447//416 450//419 451//420 
f 450//419 452//421 451//420 
f 452//421 449//418 451//420 
f 449//418 447//416 451//420 
f 450//419 453//422 454//423 
f 453//422 455//424 454//423 
f 455//424 452//421 454//423 
f 452//421 450//419 454//423 
f 453//422 456//425 457//426 
f 456//425 458//427 457//426 
f 458//427 455//424 457//426 
f 455//424 453//422 457//426 
f 456//425 459//428 460//429 
f 459//428 461//430 460//429 
f 461//430 458//427 460//429 
f 458//427 456//425 460//429 
f 459//428 462//431 463//432 
f 462//431 464//433 463//432 
f 464//433 461//430 463//432 
f 461//430 459//428 463//432 
f 462//431 465//434 466//435 
f 465//434 467//436 466//435 
f 467//436 464//433 466//435 
f 464//433 462//431 466//435 
f 465//434 468//437 469//438 
f 468//437 470//439 469//438 
f 470//439 467//436 469//438 
f 467//436 465//434 469//438 
f 468//437 471//440 472//441 
f 471//440 473//442 472//441 
f 473//442 470//439 472//441 
f 470//439 468//437 472//441 
f 471//440 474//443 475//444 
f 474//443 476//445 475//444 
f 476//445 473//442 475//444 
f 473//442 471//440 475//444 
f 474//443 477//446 478//447 
f 477//446 479//448 478//447 
f 479//448 476//445 478//447 
f 476//445 474//443 478//447 
f 477//446 480//449 481//450 
f 480//449 482//451 481//450 
f 482//451 479//448 481//450 
f 479//448 477//446 481//450 
f 480//449 483//452 484//453 
f 483//452 485//454 484//453 
f 485//454 482//451 484//453 
f 482//451 480//449 484//453 
f 483//452 486//159 487//455 
f 486//159 488//161 487//455 
f 488//161 485//454 487//455 
f 485//454 483//452 487//455 
f 486//159 489//456 490//457 
f 489//456 491//458 490//457 
f 491//458 488//161 490//457 
f 488//161 486//159 490//457 
f 489//456 492//459 493//460 
f 492//459 494//461 493//460 
f 494//461 491//458 493//460 
f 491//458 489//456 493//460 
f 492//459 495//462 496//463 
f 495//462 497//464 496//463 
f 497//464 494//461 496//463 
f 494//461 492//459 496//463 
f 495//462 498//465 499//466 
f 498//465 500//467 499//466 
f 500//467 497//464 499//466 
f 497//464 495//462 499//466 
f 498//465 501//468 502//469 
f 501//468 503//470 502//469 
f 503//470 500//467 502//469 
f 500//467 498//465 502//469 
f 501//468 504//471 505//472 
f 504//471 506//473 505//472 
f 506//473 503//470 505//472 
f 503//470 501//468 505//472 
f 504//471 507//474 508//475 
f 507//474 509//476 508//475 
f 509//476 506//473 508//475 
f 506//473 504//471 508//475 
f 507//474 510//477 511//478 
f 510//477 512//479 511//478 
f 512//479 509//476 511//478 
f 509//476 507//474 511//478 
f 510//477 513//480 514//481 
f 513//480 515//482 514//481 
f 515//482 512//479 514//481 
f 512//479 510//477 514//481 
f 513//480 516//483 517//484 
f 516//483 518//485 517//484 
f 518//485 515//482 517//484 
f 515//482 513//480 517//484 
f 516//483 519//486 520//487 
f 519//486 521//488 520//487 
f 521//488 518//485 520//487 
f 518//485 516//483 520//487 
f 519//486 522//489 523//490 
f 522//489 524//491 523//490 
f 524//491 521//488 523//490 
f 521//488 519//486 523//490 
f 522//489 525//492 526//493 
f 525//492 527//494 526//493 
f 527//494 524//491 526//493 
f 524//491 522//489 526//493 
f 525//492 528//495 529//496 
f 528//495 530//497 529//496 
f 530//497 527//494 529//496 
f 527//494 525//492 529//496 
f 528//495 531//498 532//499 
f 531//498 533//500 532//499 
f 533//500 530//497 532//499 
f 530//497 528//495 532//499 
f 531//498 534//501 535//502 
f 534//501 536//503 535//502 
f 536//503 533//500 535//502 
f 533//500 531//498 535//502 
f 534//501 537//504 538//505 
f 537//504 539//506 538//505 
f 539//506 536//503 538//505 
f 536//503 534//501 538//505 
f 537//504 540//507 541//508 
f 540//507 542//509 541//508 
f 542//509 539//506 541//508 
f 539//506 537//504 541//508 
s 2
f 540//507 543//510 544//217 
f 543//510 545//511 544//217 
f 545//511 542//509 544//217 
f 542//509 540//507 544//217 
s 5
f 543//510 328//328 546//512 
f 328//328 332//332 546//512 
f 332//332 545//511 546//512 
f 545//511 543//510 546//512 
s 1
f 547//220 548//221 549//222 
f 548//221 550//223 549//222 
f 550//223 551//224 549//222 
f 551//224 547//220 549//222 
s 3
f 548//221 552//225 553//226 
f 552//225 554//227 553//226 
f 554//227 550//223 553//226 
f 550//223 548//221 553//226 
s 2
f 552//225 555//228 556//229 
f 555//228 557//230 556//229 
f 557//230 554//227 556//229 
f 554//227 552//225 556//229 
f 555//228 558//231 559//232 
f 558//231 560//233 559//232 
f 560//233 557//230 559//232 
f 557//230 555//228 559//232 
f 558//231 561//234 562//235 
f 561//234 563//236 562//235 
f 563//236 560//233 562//235 
f 560//233 558//231 562//235 
f 561//234 564//237 565//238 
f 564//237 566//239 565//238 
f 566//239 563//236 565//238 
f 563//236 561//234 565//238 
f 564//237 567//240 568//241 
f 567//240 569//242 568//241 
f 569//242 566//239 568//241 
f 566//239 564//237 568//241 
f 567//240 570//243 571//244 
f 570//243 572//245 571//244 
f 572//245 569//242 571//244 
f 569//242 567//240 571//244 
f 570//243 573//246 574//247 
f 573//246 575//248 574//247 
f 575//248 572//245 574//247 
f 572//245 570//243 574//247 
f 573//246 576//249 577//250 
f 576//249 578//251 577//250 
f 578//251 575//248 577//250 
f 575//248 573//246 577//250 
f 576//249 579//252 580//253 
f 579//252 581//254 580//253 
f 581//254 578//251 580//253 
f 578//251 576//249 580//253 
f 579//252 582//255 583//256 
f 582//255 584//257 583//256 
f 584//257 581//254 583//256 
f 581//254 579//252 583//256 
f 582//255 585//258 586//259 
f 585//258 587//260 586//259 
f 587//260 584//257 586//259 
f 584//257 582//255 586//259 
f 585//258 588//261 589//262 
f 588//261 590//263 589//262 
f 590//263 587//260 589//262 
f 587//260 585//258 589//262 
f 588//261 591//264 592//265 
f 591//264 593//266 592//265 
f 593//266 590//263 592//265 
f 590//263 588//261 592//265 
f 591//264 594//267 595//268 
f 594//267 596//269 595//268 
f 596//269 593//266 595//268 
f 593//266 591//264 595//268 
f 594//267 597//270 598//271 
f 597//270 599//272 598//271 
f 599//272 596//269 598//271 
f 596//269 594//267 598//271 
f 597//270 600//273 601//274 
f 600//273 602//275 601//274 
f 602//275 599//272 601//274 
f 599//272 597//270 601//274 
f 600//273 603//276 604//277 
f 603//276 605//278 604//277 
f 605//278 602//275 604//277 
f 602//275 600//273 604//277 
f 603//276 606//279 607//513 
f 606//279 608//281 607//513 
f 608//281 605//278 607//513 
f 605//278 603//276 607//513 
f 606//279 609//282 610//283 
f 609//282 611//284 610//283 
f 611//284 608//281 610//283 
f 608//281 606//279 610//283 
f 609//282 612//285 613//286 
f 612//285 614//287 613//286 
f 614//287 611//284 613//286 
f 611//284 609//282 613//286 
f 612//285 615//288 616//289 
f 615//288 617//290 616//289 
f 617//290 614//287 616//289 
f 614//287 612//285 616//289 
f 615//288 618//291 619//292 
f 618//291 620//293 619//292 
f 620//293 617//290 619//292 
f 617//290 615//288 619//292 
f 618//291 621//294 622//295 
f 621//294 623//296 622//295 
f 623//296 620//293 622//295 
f 620//293 618//291 622//295 
f 621//294 624//297 625//298 
f 624//297 626//299 625//298 
f 626//299 623//296 625//298 
f 623//296 621//294 625//298 
f 624//297 627//300 628//301 
f 627//300 629//302 628//301 
f 629//302 626//299 628//301 
f 626//299 624//297 628//301 
f 627//300 630//303 631//304 
f 630//303 632//305 631//304 
f 632//305 629//302 631//304 
f 629//302 627//300 631//304 
f 630//303 633//306 634//307 
f 633//306 635//308 634//307 
f 635//308 632//305 634//307 
f 632//305 630//303 634//307 
f 633//306 636//309 637//310 
f 636//309 638//311 637//310 
f 638//311 635//308 637//310 
f 635//308 633//306 637//310 
f 636//309 639//312 640//313 
f 639//312 641//314 640//313 
f 641//314 638//311 640//313 
f 638//311 636//309 640//313 
f 639//312 642//315 643//316 
f 642//315 644//317 643//316 
f 644//317 641//314 643//316 
f 641//314 639//312 643//316 
f 642//315 645//318 646//319 
f 645//318 647//320 646//319 
f 647//320 644//317 646//319 
f 644//317 642//315 646//319 
f 645//318 648//321 649//322 
f 648//321 650//323 649//322 
f 650//323 647//320 649//322 
f 647//320 645//318 649//322 
f 648//321 651//324 652//325 
f 651//324 653//326 652//325 
f 653//326 650//323 652//325 
f 650//323 648//321 652//325 
s 3
f 651//324 547//220 654//327 
f 547//220 551//224 654//327 
f 551//224 653//326 654//327 
f 653//326 651//324 654//327 
s 16
f 24//24 252//252 655//514 
f 252//252 249//249 655//514 
f 249//249 24//24 655//514 
f 351//351 579//252 656//514 
f 579//252 576//249 656//514 
f 576//249 351//351 656//514 
f 215//215 218//218 657//515 
f 218//218 5//5 657//515 
f 5//5 215//215 657//515 
f 542//509 545//511 658//515 
f 545//511 332//332 658//515 
f 332//332 542//509 658//515 
f 24//24 21//21 659//514 
f 21//21 183//183 659//514 
f 183//183 180//180 659//514 
f 180//180 177//177 659//514 
f 177//177 174//174 659//514 
f 174//174 171//171 659//514 
f 171//171 24//24 659//514 
f 165//165 162//162 660//514 
f 162//162 661//514 261//261 660//514 
f 261//261 258//258 660//514 
f 258//258 165//165 660//514 
f 249//249 246//246 662//514 
f 246//246 24//24 662//514 
f 24//24 249//249 662//514 
f 246//246 243//243 663//514 
f 243//243 45//45 663//514 
f 45//45 42//42 663//514 
f 42//42 39//39 663//514 
f 39//39 36//36 663//514 
f 36//36 33//33 663//514 
f 33//33 30//30 663//514 
f 30//30 27//27 663//514 
f 27//27 24//24 663//514 
f 24//24 246//246 663//514 
f 243//243 240//240 664//514 
f 240//240 51//51 664//514 
f 51//51 48//48 664//514 
f 48//48 45//45 664//514 
f 45//45 243//243 664//514 
f 240//240 237//237 665//514 
f 237//237 54//54 665//514 
f 54//54 51//51 665//514 
f 51//51 240//240 665//514 
f 237//237 234//234 666//514 
f 234//234 60//60 666//514 
f 60//60 57//57 666//514 
f 57//57 54//54 666//514 
f 54//54 237//237 666//514 
f 234//234 231//231 667//514 
f 231//231 63//63 667//514 
f 63//63 60//60 667//514 
f 60//60 234//234 667//514 
f 231//231 228//228 668//514 
f 228//228 66//66 668//514 
f 66//66 63//63 668//514 
f 63//63 231//231 668//514 
f 228//228 225//225 669//514 
f 225//225 72//72 669//514 
f 72//72 69//69 669//514 
f 69//69 66//66 669//514 
f 66//66 228//228 669//514 
f 225//225 221//221 670//514 
f 221//221 75//75 670//514 
f 75//75 72//72 670//514 
f 72//72 225//225 670//514 
f 221//221 220//220 671//514 
f 220//220 75//75 671//514 
f 75//75 221//221 671//514 
f 220//220 324//324 672//514 
f 324//324 78//78 672//514 
f 78//78 75//75 672//514 
f 75//75 220//220 672//514 
f 324//324 321//321 673//514 
f 321//321 84//84 673//514 
f 84//84 81//81 673//514 
f 81//81 78//78 673//514 
f 78//78 324//324 673//514 
f 321//321 318//318 674//514 
f 318//318 90//90 674//514 
f 90//90 87//87 674//514 
f 87//87 84//84 674//514 
f 84//84 321//321 674//514 
f 318//318 315//315 675//514 
f 315//315 96//96 675//514 
f 96//96 93//93 675//514 
f 93//93 90//90 675//514 
f 90//90 318//318 675//514 
f 315//315 312//312 676//514 
f 312//312 102//102 676//514 
f 102//102 99//99 676//514 
f 99//99 96//96 676//514 
f 96//96 315//315 676//514 
f 312//312 309//309 677//514 
f 309//309 108//108 677//514 
f 108//108 105//105 677//514 
f 105//105 102//102 677//514 
f 102//102 312//312 677//514 
f 309//309 306//306 678//514 
f 306//306 114//114 678//514 
f 114//114 111//111 678//514 
f 111//111 108//108 678//514 
f 108//108 309//309 678//514 
f 306//306 303//303 679//514 
f 303//303 120//120 679//514 
f 120//120 117//117 679//514 
f 117//117 114//114 679//514 
f 114//114 306//306 679//514 
f 303//303 300//300 680//514 
f 300//300 126//126 680//514 
f 126//126 123//123 680//514 
f 123//123 120//120 680//514 
f 120//120 303//303 680//514 
f 300//300 297//297 681//514 
f 297//297 132//132 681//514 
f 132//132 129//129 681//514 
f 129//129 126//126 681//514 
f 126//126 300//300 681//514 
f 297//297 294//294 682//514 
f 294//294 135//135 682//514 
f 135//135 132//132 682//514 
f 132//132 297//297 682//514 
f 294//294 291//291 683//514 
f 291//291 135//135 683//514 
f 135//135 294//294 683//514 
f 291//291 288//288 684//514 
f 288//288 138//138 684//514 
f 138//138 135//135 684//514 
f 135//135 291//291 684//514 
f 288//288 285//285 685//514 
f 285//285 141//141 685//514 
f 141//141 138//138 685//514 
f 138//138 288//288 685//514 
f 285//285 282//282 686//514 
f 282//282 144//144 686//514 
f 144//144 141//141 686//514 
f 141//141 285//285 686//514 
f 282//282 279//279 687//514 
f 279//279 147//147 687//514 
f 147//147 144//144 687//514 
f 144//144 282//282 687//514 
f 279//279 276//276 688//514 
f 276//276 150//150 688//514 
f 150//150 147//147 688//514 
f 147//147 279//279 688//514 
f 276//276 273//273 689//514 
f 273//273 153//153 689//514 
f 153//153 150//150 689//514 
f 150//150 276//276 689//514 
f 273//273 270//270 690//514 
f 270//270 156//156 690//514 
f 156//156 153//153 690//514 
f 153//153 273//273 690//514 
f 270//270 267//267 691//514 
f 267//267 156//156 691//514 
f 156//156 270//270 691//514 
f 267//267 264//264 692//514 
f 264//264 159//159 692//514 
f 159//159 156//156 692//514 
f 156//156 267//267 692//514 
f 264//264 261//261 661//514 
f 162//162 159//159 661//514 
f 159//159 264//264 661//514 
f 258//258 255//255 693//514 
f 255//255 171//171 693//514 
f 171//171 168//168 693//514 
f 168//168 165//165 693//514 
f 165//165 258//258 693//514 
f 255//255 252//252 694//514 
f 252//252 24//24 694//514 
f 24//24 171//171 694//514 
f 171//171 255//255 694//514 
f 21//21 18//18 695//514 
f 18//18 186//186 695//514 
f 186//186 183//183 695//514 
f 183//183 21//21 695//514 
f 18//18 15//15 696//514 
f 15//15 192//192 696//514 
f 192//192 189//189 696//514 
f 189//189 186//186 696//514 
f 186//186 18//18 696//514 
f 15//15 12//12 697//514 
f 12//12 201//201 697//514 
f 201//201 198//198 697//514 
f 198//198 195//195 697//514 
f 195//195 192//192 697//514 
f 192//192 15//15 697//514 
f 12//12 9//9 698//514 
f 9//9 207//207 698//514 
f 207//207 204//204 698//514 
f 204//204 201//201 698//514 
f 201//201 12//12 698//514 
f 9//9 6//6 699//514 
f 6//6 213//213 699//514 
f 213//213 210//210 699//514 
f 210//210 207//207 699//514 
f 207//207 9//9 699//514 
f 6//6 2//2 700//514 
f 2//2 213//213 700//514 
f 213//213 6//6 700//514 
f 2//2 1//1 701//514 
f 1//1 213//213 701//514 
f 213//213 2//2 701//514 
f 1//1 216//216 702//514 
f 216//216 213//213 702//514 
f 213//213 1//1 702//514 
f 351//351 348//348 703//514 
f 348//348 510//477 703//514 
f 510//477 507//474 703//514 
f 507//474 504//471 703//514 
f 504//471 501//468 703//514 
f 501//468 498//465 703//514 
f 498//465 351//351 703//514 
f 492//459 489//456 704//514 
f 489//456 705//514 588//261 704//514 
f 588//261 585//258 704//514 
f 585//258 492//459 704//514 
f 576//249 573//246 706//514 
f 573//246 351//351 706//514 
f 351//351 576//249 706//514 
f 573//246 570//243 707//514 
f 570//243 372//45 707//514 
f 372//45 369//42 707//514 
f 369//42 366//39 707//514 
f 366//39 363//36 707//514 
f 363//36 360//33 707//514 
f 360//33 357//30 707//514 
f 357//30 354//27 707//514 
f 354//27 351//351 707//514 
f 351//351 573//246 707//514 
f 570//243 567//240 708//514 
f 567//240 378//51 708//514 
f 378//51 375//48 708//514 
f 375//48 372//45 708//514 
f 372//45 570//243 708//514 
f 567//240 564//237 709//514 
f 564//237 381//54 709//514 
f 381//54 378//51 709//514 
f 378//51 567//240 709//514 
f 564//237 561//234 710//514 
f 561//234 387//358 710//514 
f 387//358 384//355 710//514 
f 384//355 381//54 710//514 
f 381//54 564//237 710//514 
f 561//234 558//231 711//514 
f 558//231 390//361 711//514 
f 390//361 387//358 711//514 
f 387//358 561//234 711//514 
f 558//231 555//228 712//514 
f 555//228 393//364 712//514 
f 393//364 390//361 712//514 
f 390//361 558//231 712//514 
f 555//228 552//225 713//514 
f 552//225 399//370 713//514 
f 399//370 396//367 713//514 
f 396//367 393//364 713//514 
f 393//364 555//228 713//514 
f 552//225 548//221 714//514 
f 548//221 402//75 714//514 
f 402//75 399//370 714//514 
f 399//370 552//225 714//514 
f 548//221 547//220 715//514 
f 547//220 402//75 715//514 
f 402//75 548//221 715//514 
f 547//220 651//324 716//514 
f 651//324 405//374 716//514 
f 405//374 402//75 716//514 
f 402//75 547//220 716//514 
f 651//324 648//321 717//514 
f 648//321 411//380 717//514 
f 411//380 408//377 717//514 
f 408//377 405//374 717//514 
f 405//374 651//324 717//514 
f 648//321 645//318 718//514 
f 645//318 417//386 718//514 
f 417//386 414//383 718//514 
f 414//383 411//380 718//514 
f 411//380 648//321 718//514 
f 645//318 642//315 719//514 
f 642//315 423//392 719//514 
f 423//392 420//389 719//514 
f 420//389 417//386 719//514 
f 417//386 645//318 719//514 
f 642//315 639//312 720//514 
f 639//312 429//398 720//514 
f 429//398 426//395 720//514 
f 426//395 423//392 720//514 
f 423//392 642//315 720//514 
f 639//312 636//309 721//514 
f 636//309 435//404 721//514 
f 435//404 432//401 721//514 
f 432//401 429//398 721//514 
f 429//398 639//312 721//514 
f 636//309 633//306 722//514 
f 633//306 441//410 722//514 
f 441//410 438//407 722//514 
f 438//407 435//404 722//514 
f 435//404 636//309 722//514 
f 633//306 630//303 723//514 
f 630//303 447//416 723//514 
f 447//416 444//413 723//514 
f 444//413 441//410 723//514 
f 441//410 633//306 723//514 
f 630//303 627//300 724//514 
f 627//300 453//422 724//514 
f 453//422 450//419 724//514 
f 450//419 447//416 724//514 
f 447//416 630//303 724//514 
f 627//300 624//297 725//514 
f 624//297 459//428 725//514 
f 459//428 456//425 725//514 
f 456//425 453//422 725//514 
f 453//422 627//300 725//514 
f 624//297 621//294 726//514 
f 621//294 462//431 726//514 
f 462//431 459//428 726//514 
f 459//428 624//297 726//514 
f 621//294 618//291 727//514 
f 618//291 462//431 727//514 
f 462//431 621//294 727//514 
f 618//291 615//288 728//514 
f 615//288 465//434 728//514 
f 465//434 462//431 728//514 
f 462//431 618//291 728//514 
f 615//288 612//285 729//514 
f 612//285 468//437 729//514 
f 468//437 465//434 729//514 
f 465//434 615//288 729//514 
f 612//285 609//282 730//514 
f 609//282 471//440 730//514 
f 471//440 468//437 730//514 
f 468//437 612//285 730//514 
f 609//282 606//279 731//514 
f 606//279 474//443 731//514 
f 474//443 471//440 731//514 
f 471//440 609//282 731//514 
f 606//279 603//276 732//514 
f 603//276 477//446 732//514 
f 477//446 474//443 732//514 
f 474//443 606//279 732//514 
f 603//276 600//273 733//514 
f 600//273 480//449 733//514 
f 480//449 477//446 733//514 
f 477//446 603//276 733//514 
f 600//273 597//270 734//514 
f 597//270 483//452 734//514 
f 483//452 480//449 734//514 
f 480//449 600//273 734//514 
f 597//270 594//267 735//514 
f 594//267 483//452 735//514 
f 483//452 597//270 735//514 
f 594//267 591//264 736//514 
f 591//264 486//159 736//514 
f 486//159 483//452 736//514 
f 483//452 594//267 736//514 
f 591//264 588//261 705//514 
f 489//456 486//159 705//514 
f 486//159 591//264 705//514 
f 585//258 582//255 737//514 
f 582//255 498//465 737//514 
f 498//465 495//462 737//514 
f 495//462 492//459 737//514 
f 492//459 585//258 737//514 
f 582//255 579//252 738//514 
f 579//252 351//351 738//514 
f 351//351 498//465 738//514 
f 498//465 582//255 738//514 
f 348//348 345//345 739//514 
f 345//345 513//480 739//514 
f 513//480 510//477 739//514 
f 510//477 348//348 739//514 
f 345//345 342//342 740//514 
f 342//342 519//486 740//514 
f 519//486 516//483 740//514 
f 516//483 513//480 740//514 
f 513//480 345//345 740//514 
f 342//342 339//339 741//514 
f 339//339 528//495 741//514 
f 528//495 525//492 741//514 
f 525//492 522//489 741//514 
f 522//489 519//486 741//514 
f 519//486 342//342 741//514 
f 339//339 336//336 742//514 
f 336//336 534//501 742//514 
f 534//501 531//498 742//514 
f 531//498 528//495 742//514 
f 528//495 339//339 742//514 
f 336//336 333//333 743//514 
f 333//333 540//507 743//514 
f 540//507 537//504 743//514 
f 537//504 534//501 743//514 
f 534//501 336//336 743//514 
f 333//333 329//329 744//514 
f 329//329 540//507 744//514 
f 540//507 333//333 744//514 
f 329//329 328//328 745//514 
f 328//328 540//507 745//514 
f 540//507 329//329 745//514 
f 328//328 543//510 746//514 
f 543//510 540//507 746//514 
f 540//507 328//328 746//514 
f 26//26 254//254 747//515 
f 254//254 257//257 747//515 
f 257//257 173//173 747//515 
f 173//173 26//26 747//515 
f 5//5 4//4 748//515 
f 4//4 215//215 748//515 
f 215//215 5//5 748//515 
f 4//4 8//8 749//515 
f 8//8 215//215 749//515 
f 215//215 4//4 749//515 
f 8//8 11//11 750//515 
f 11//11 209//209 750//515 
f 209//209 212//212 750//515 
f 212//212 215//215 750//515 
f 215//215 8//8 750//515 
f 11//11 14//14 751//515 
f 14//14 203//203 751//515 
f 203//203 206//206 751//515 
f 206//206 209//209 751//515 
f 209//209 11//11 751//515 
f 14//14 17//17 752//515 
f 17//17 194//194 752//515 
f 194//194 197//197 752//515 
f 197//197 200//200 752//515 
f 200//200 203//203 752//515 
f 203//203 14//14 752//515 
f 17//17 20//20 753//515 
f 20//20 188//188 753//515 
f 188//188 191//191 753//515 
f 191//191 194//194 753//515 
f 194//194 17//17 753//515 
f 20//20 23//23 754//515 
f 23//23 185//185 754//515 
f 185//185 188//188 754//515 
f 188//188 20//20 754//515 
f 23//23 26//26 755//515 
f 26//26 173//173 755//515 
f 173//173 176//176 755//515 
f 176//176 179//179 755//515 
f 179//179 182//182 755//515 
f 182//182 185//185 755//515 
f 185//185 23//23 755//515 
f 161//161 164//164 756//515 
f 263//263 266//266 756//515 
f 266//266 161//161 756//515 
f 257//257 260//260 757//515 
f 260//260 167//167 757//515 
f 167//167 170//170 757//515 
f 170//170 173//173 757//515 
f 173//173 257//257 757//515 
f 260//260 263//263 758//515 
f 263//263 756//515 164//164 758//515 
f 164//164 167//167 758//515 
f 167//167 260//260 758//515 
f 266//266 269//269 759//515 
f 269//269 158//158 759//515 
f 158//158 161//161 759//515 
f 161//161 266//266 759//515 
f 269//269 272//272 760//515 
f 272//272 158//158 760//515 
f 158//158 269//269 760//515 
f 272//272 275//275 761//515 
f 275//275 155//155 761//515 
f 155//155 158//158 761//515 
f 158//158 272//272 761//515 
f 275//275 278//278 762//515 
f 278//278 152//152 762//515 
f 152//152 155//155 762//515 
f 155//155 275//275 762//515 
f 278//278 281//281 763//515 
f 281//281 149//149 763//515 
f 149//149 152//152 763//515 
f 152//152 278//278 763//515 
f 281//281 284//284 764//515 
f 284//284 146//146 764//515 
f 146//146 149//149 764//515 
f 149//149 281//281 764//515 
f 284//284 287//287 765//515 
f 287//287 143//143 765//515 
f 143//143 146//146 765//515 
f 146//146 284//284 765//515 
f 287//287 290//290 766//515 
f 290//290 140//140 766//515 
f 140//140 143//143 766//515 
f 143//143 287//287 766//515 
f 290//290 293//293 767//515 
f 293//293 137//137 767//515 
f 137//137 140//140 767//515 
f 140//140 290//290 767//515 
f 293//293 296//296 768//515 
f 296//296 137//137 768//515 
f 137//137 293//293 768//515 
f 296//296 299//299 769//515 
f 299//299 134//134 769//515 
f 134//134 137//137 769//515 
f 137//137 296//296 769//515 
f 299//299 302//302 770//515 
f 302//302 128//128 770//515 
f 128//128 131//131 770//515 
f 131//131 134//134 770//515 
f 134//134 299//299 770//515 
f 302//302 305//305 771//515 
f 305//305 122//122 771//515 
f 122//122 125//125 771//515 
f 125//125 128//128 771//515 
f 128//128 302//302 771//515 
f 305//305 308//308 772//515 
f 308//308 116//116 772//515 
f 116//116 119//119 772//515 
f 119//119 122//122 772//515 
f 122//122 305//305 772//515 
f 308//308 311//311 773//515 
f 311//311 110//110 773//515 
f 110//110 113//113 773//515 
f 113//113 116//116 773//515 
f 116//116 308//308 773//515 
f 311//311 314//314 774//515 
f 314//314 104//104 774//515 
f 104//104 107//107 774//515 
f 107//107 110//110 774//515 
f 110//110 311//311 774//515 
f 314//314 317//317 775//515 
f 317//317 98//98 775//515 
f 98//98 101//101 775//515 
f 101//101 104//104 775//515 
f 104//104 314//314 775//515 
f 317//317 320//320 776//515 
f 320//320 92//92 776//515 
f 92//92 95//95 776//515 
f 95//95 98//98 776//515 
f 98//98 317//317 776//515 
f 320//320 323//323 777//515 
f 323//323 86//86 777//515 
f 86//86 89//89 777//515 
f 89//89 92//92 777//515 
f 92//92 320//320 777//515 
f 323//323 326//326 778//515 
f 326//326 80//80 778//515 
f 80//80 83//83 778//515 
f 83//83 86//86 778//515 
f 86//86 323//323 778//515 
f 326//326 224//224 779//515 
f 224//224 77//77 779//515 
f 77//77 80//80 779//515 
f 80//80 326//326 779//515 
f 224//224 223//223 780//515 
f 223//223 77//77 780//515 
f 77//77 224//224 780//515 
f 223//223 227//227 781//515 
f 227//227 74//74 781//515 
f 74//74 77//77 781//515 
f 77//77 223//223 781//515 
f 227//227 230//230 782//515 
f 230//230 68//68 782//515 
f 68//68 71//71 782//515 
f 71//71 74//74 782//515 
f 74//74 227//227 782//515 
f 230//230 233//233 783//515 
f 233//233 65//65 783//515 
f 65//65 68//68 783//515 
f 68//68 230//230 783//515 
f 233//233 236//236 784//515 
f 236//236 62//62 784//515 
f 62//62 65//65 784//515 
f 65//65 233//233 784//515 
f 236//236 239//239 785//515 
f 239//239 56//56 785//515 
f 56//56 59//59 785//515 
f 59//59 62//62 785//515 
f 62//62 236//236 785//515 
f 239//239 242//242 786//515 
f 242//242 53//53 786//515 
f 53//53 56//56 786//515 
f 56//56 239//239 786//515 
f 242//242 245//245 787//515 
f 245//245 47//47 787//515 
f 47//47 50//50 787//515 
f 50//50 53//53 787//515 
f 53//53 242//242 787//515 
f 245//245 248//248 788//515 
f 248//248 26//26 788//515 
f 26//26 29//29 788//515 
f 29//29 32//32 788//515 
f 32//32 35//35 788//515 
f 35//35 38//38 788//515 
f 38//38 41//41 788//515 
f 41//41 44//44 788//515 
f 44//44 47//47 788//515 
f 47//47 245//245 788//515 
f 248//248 251//251 789//515 
f 251//251 26//26 789//515 
f 26//26 248//248 789//515 
f 251//251 254//254 790//515 
f 254//254 26//26 790//515 
f 26//26 251//251 790//515 
f 353//353 581//254 791//515 
f 581//254 584//257 791//515 
f 584//257 500//467 791//515 
f 500//467 353//353 791//515 
f 332//332 331//331 792//515 
f 331//331 542//509 792//515 
f 542//509 332//332 792//515 
f 331//331 335//335 793//515 
f 335//335 542//509 793//515 
f 542//509 331//331 793//515 
f 335//335 338//338 794//515 
f 338//338 536//503 794//515 
f 536//503 539//506 794//515 
f 539//506 542//509 794//515 
f 542//509 335//335 794//515 
f 338//338 341//341 795//515 
f 341//341 530//497 795//515 
f 530//497 533//500 795//515 
f 533//500 536//503 795//515 
f 536//503 338//338 795//515 
f 341//341 344//344 796//515 
f 344//344 521//488 796//515 
f 521//488 524//491 796//515 
f 524//491 527//494 796//515 
f 527//494 530//497 796//515 
f 530//497 341//341 796//515 
f 344//344 347//347 797//515 
f 347//347 515//482 797//515 
f 515//482 518//485 797//515 
f 518//485 521//488 797//515 
f 521//488 344//344 797//515 
f 347//347 350//350 798//515 
f 350//350 512//479 798//515 
f 512//479 515//482 798//515 
f 515//482 347//347 798//515 
f 350//350 353//353 799//515 
f 353//353 500//467 799//515 
f 500//467 503//470 799//515 
f 503//470 506//473 799//515 
f 506//473 509//476 799//515 
f 509//476 512//479 799//515 
f 512//479 350//350 799//515 
f 488//161 491//458 800//515 
f 590//263 593//266 800//515 
f 593//266 488//161 800//515 
f 584//257 587//260 801//515 
f 587//260 494//461 801//515 
f 494//461 497//464 801//515 
f 497//464 500//467 801//515 
f 500//467 584//257 801//515 
f 587//260 590//263 802//515 
f 590//263 800//515 491//458 802//515 
f 491//458 494//461 802//515 
f 494//461 587//260 802//515 
f 593//266 596//269 803//515 
f 596//269 485//454 803//515 
f 485//454 488//161 803//515 
f 488//161 593//266 803//515 
f 596//269 599//272 804//515 
f 599//272 485//454 804//515 
f 485//454 596//269 804//515 
f 599//272 602//275 805//515 
f 602//275 482//451 805//515 
f 482//451 485//454 805//515 
f 485//454 599//272 805//515 
f 602//275 605//278 806//515 
f 605//278 479//448 806//515 
f 479//448 482//451 806//515 
f 482//451 602//275 806//515 
f 605//278 608//281 807//515 
f 608//281 476//445 807//515 
f 476//445 479//448 807//515 
f 479//448 605//278 807//515 
f 608//281 611//284 808//515 
f 611//284 473//442 808//515 
f 473//442 476//445 808//515 
f 476//445 608//281 808//515 
f 611//284 614//287 809//515 
f 614//287 470//439 809//515 
f 470//439 473//442 809//515 
f 473//442 611//284 809//515 
f 614//287 617//290 810//515 
f 617//290 467//436 810//515 
f 467//436 470//439 810//515 
f 470//439 614//287 810//515 
f 617//290 620//293 811//515 
f 620//293 464//433 811//515 
f 464//433 467//436 811//515 
f 467//436 617//290 811//515 
f 620//293 623//296 812//515 
f 623//296 464//433 812//515 
f 464//433 620//293 812//515 
f 623//296 626//299 813//515 
f 626//299 461//430 813//515 
f 461//430 464//433 813//515 
f 464//433 623//296 813//515 
f 626//299 629//302 814//515 
f 629//302 455//424 814//515 
f 455//424 458//427 814//515 
f 458//427 461//430 814//515 
f 461//430 626//299 814//515 
f 629//302 632//305 815//515 
f 632//305 449//418 815//515 
f 449//418 452//421 815//515 
f 452//421 455//424 815//515 
f 455//424 629//302 815//515 
f 632//305 635//308 816//515 
f 635//308 443//412 816//515 
f 443//412 446//415 816//515 
f 446//415 449//418 816//515 
f 449//418 632//305 816//515 
f 635//308 638//311 817//515 
f 638//311 437//406 817//515 
f 437//406 440//409 817//515 
f 440//409 443//412 817//515 
f 443//412 635//308 817//515 
f 638//311 641//314 818//515 
f 641//314 431//400 818//515 
f 431//400 434//403 818//515 
f 434//403 437//406 818//515 
f 437//406 638//311 818//515 
f 641//314 644//317 819//515 
f 644//317 425//394 819//515 
f 425//394 428//397 819//515 
f 428//397 431//400 819//515 
f 431//400 641//314 819//515 
f 644//317 647//320 820//515 
f 647//320 419//388 820//515 
f 419//388 422//391 820//515 
f 422//391 425//394 820//515 
f 425//394 644//317 820//515 
f 647//320 650//323 821//515 
f 650//323 413//382 821//515 
f 413//382 416//385 821//515 
f 416//385 419//388 821//515 
f 419//388 647//320 821//515 
f 650//323 653//326 822//515 
f 653//326 407//376 822//515 
f 407//376 410//379 822//515 
f 410//379 413//382 822//515 
f 413//382 650//323 822//515 
f 653//326 551//224 823//515 
f 551//224 404//77 823//515 
f 404//77 407//376 823//515 
f 407//376 653//326 823//515 
f 551//224 550//223 824//515 
f 550//223 404//77 824//515 
f 404//77 551//224 824//515 
f 550//223 554//227 825//515 
f 554//227 401//372 825//515 
f 401//372 404//77 825//515 
f 404//77 550//223 825//515 
f 554//227 557//230 826//515 
f 557//230 395//366 826//515 
f 395//366 398//369 826//515 
f 398//369 401//372 826//515 
f 401//372 554//227 826//515 
f 557//230 560//233 827//515 
f 560//233 392//363 827//515 
f 392//363 395//366 827//515 
f 395//366 557//230 827//515 
f 560//233 563//236 828//515 
f 563//236 389//360 828//515 
f 389//360 392//363 828//515 
f 392//363 560//233 828//515 
f 563//236 566//239 829//515 
f 566//239 383//56 829//515 
f 383//56 386//357 829//515 
f 386//357 389//360 829//515 
f 389//360 563//236 829//515 
f 566//239 569//242 830//515 
f 569//242 380//53 830//515 
f 380//53 383//56 830//515 
f 383//56 566//239 830//515 
f 569//242 572//245 831//515 
f 572//245 374//47 831//515 
f 374//47 377//50 831//515 
f 377//50 380//53 831//515 
f 380//53 569//242 831//515 
f 572//245 575//248 832//515 
f 575//248 353//353 832//515 
f 353//353 356//29 832//515 
f 356//29 359//32 832//515 
f 359//32 362//35 832//515 
f 362//35 365//38 832//515 
f 365//38 368//41 832//515 
f 368//41 371//44 832//515 
f 371//44 374//47 832//515 
f 374//47 572//245 832//515 
f 575//248 578//251 833//515 
f 578//251 353//353 833//515 
f 353//353 575//248 833//515 
f 578//251 581//254 834//515 
f 581//254 353//353 834//515 
f 353//353 578//251 834//515 
s 1
f 835//516 836//517 837//518 
f 836//517 838//519 837//518 
f 838//519 839//520 837//518 
f 839//520 835//516 837//518 
s 3
f 836//517 840//521 841//522 
f 840//521 842//523 841//522 
f 842//523 838//519 841//522 
f 838//519 836//517 841//522 
s 2
f 840//521 843//524 844//525 
f 843//524 845//526 844//525 
f 845//526 842//523 844//525 
f 842//523 840//521 844//525 
f 843//524 846//527 847//528 
f 846//527 848//529 847//528 
f 848//529 845//526 847//528 
f 845//526 843//524 847//528 
f 846//527 849//530 850//531 
f 849//530 851//532 850//531 
f 851//532 848//529 850//531 
f 848//529 846//527 850//531 
f 849//530 852//533 853//534 
f 852//533 854//535 853//534 
f 854//535 851//532 853//534 
f 851//532 849//530 853//534 
f 852//533 855//536 856//537 
f 855//536 857//538 856//537 
f 857//538 854//535 856//537 
f 854//535 852//533 856//537 
f 855//536 858//539 859//540 
f 858//539 860//541 859//540 
f 860//541 857//538 859//540 
f 857//538 855//536 859//540 
f 858//539 861//542 862//543 
f 861//542 863//544 862//543 
f 863//544 860//541 862//543 
f 860//541 858//539 862//543 
f 861//542 864//545 865//546 
f 864//545 866//547 865//546 
f 866//547 863//544 865//546 
f 863//544 861//542 865//546 
f 864//545 867//548 868//549 
f 867//548 869//550 868//549 
f 869//550 866//547 868//549 
f 866//547 864//545 868//549 
f 867//548 870//551 871//552 
f 870//551 872//553 871//552 
f 872//553 869//550 871//552 
f 869//550 867//548 871//552 
f 870//551 873//554 874//555 
f 873//554 875//556 874//555 
f 875//556 872//553 874//555 
f 872//553 870//551 874//555 
f 873//554 876//557 877//558 
f 876//557 878//559 877//558 
f 878//559 875//556 877//558 
f 875//556 873//554 877//558 
f 876//557 879//560 880//561 
f 879//560 881//562 880//561 
f 881//562 878//559 880//561 
f 878//559 876//557 880//561 
f 879//560 882//563 883//564 
f 882//563 884//565 883//564 
f 884//565 881//562 883//564 
f 881//562 879//560 883//564 
f 882//563 885//566 886//567 
f 885//566 887//568 886//567 
f 887//568 884//565 886//567 
f 884//565 882//563 886//567 
s 4
f 885//566 888//569 889//570 
f 888//569 890//571 889//570 
f 890//571 887//568 889//570 
f 887//568 885//566 889//570 
s 3
f 888//569 835//516 891//572 
f 835//516 839//520 891//572 
f 839//520 890//571 891//572 
f 890//571 888//569 891//572 
s 1
f 892//573 893//574 894//575 
f 893//574 895//576 894//575 
f 895//576 896//577 894//575 
f 896//577 892//573 894//575 
s 3
f 893//574 897//578 898//579 
f 897//578 899//580 898//579 
f 899//580 895//576 898//579 
f 895//576 893//574 898//579 
s 2
f 897//578 900//581 901//582 
f 900//581 902//583 901//582 
f 902//583 899//580 901//582 
f 899//580 897//578 901//582 
f 900//581 903//584 904//585 
f 903//584 905//586 904//585 
f 905//586 902//583 904//585 
f 902//583 900//581 904//585 
f 903//584 906//587 907//588 
f 906//587 908//589 907//588 
f 908//589 905//586 907//588 
f 905//586 903//584 907//588 
f 906//587 909//590 910//591 
f 909//590 911//592 910//591 
f 911//592 908//589 910//591 
f 908//589 906//587 910//591 
f 909//590 912//593 913//594 
f 912//593 914//595 913//594 
f 914//595 911//592 913//594 
f 911//592 909//590 913//594 
f 912//593 915//596 916//597 
f 915//596 917//598 916//597 
f 917//598 914//595 916//597 
f 914//595 912//593 916//597 
f 915//596 918//599 919//600 
f 918//599 920//601 919//600 
f 920//601 917//598 919//600 
f 917//598 915//596 919//600 
f 918//599 921//602 922//603 
f 921//602 923//604 922//603 
f 923//604 920//601 922//603 
f 920//601 918//599 922//603 
f 921//602 924//605 925//606 
f 924//605 926//607 925//606 
f 926//607 923//604 925//606 
f 923//604 921//602 925//606 
f 924//605 927//608 928//609 
f 927//608 929//610 928//609 
f 929//610 926//607 928//609 
f 926//607 924//605 928//609 
f 927//608 930//611 931//612 
f 930//611 932//613 931//612 
f 932//613 929//610 931//612 
f 929//610 927//608 931//612 
f 930//611 933//614 934//615 
f 933//614 935//616 934//615 
f 935//616 932//613 934//615 
f 932//613 930//611 934//615 
f 933//614 936//617 937//618 
f 936//617 938//619 937//618 
f 938//619 935//616 937//618 
f 935//616 933//614 937//618 
f 936//617 939//620 940//621 
f 939//620 941//622 940//621 
f 941//622 938//619 940//621 
f 938//619 936//617 940//621 
f 939//620 942//623 943//624 
f 942//623 944//625 943//624 
f 944//625 941//622 943//624 
f 941//622 939//620 943//624 
s 4
f 942//623 945//626 946//627 
f 945//626 947//628 946//627 
f 947//628 944//625 946//627 
f 944//625 942//623 946//627 
s 2
f 945//626 948//629 949//630 
f 948//629 950//631 949//630 
f 950//631 947//628 949//630 
f 947//628 945//626 949//630 
s 4
f 948//629 951//632 952//633 
f 951//632 953//634 952//633 
f 953//634 950//631 952//633 
f 950//631 948//629 952//633 
s 2
f 951//632 954//635 955//636 
f 954//635 956//637 955//636 
f 956//637 953//634 955//636 
f 953//634 951//632 955//636 
s 4
f 954//635 957//638 958//639 
f 957//638 959//640 958//639 
f 959//640 956//637 958//639 
f 956//637 954//635 958//639 
f 957//638 960//641 961//642 
f 960//641 962//643 961//642 
f 962//643 959//640 961//642 
f 959//640 957//638 961//642 
f 960//641 963//644 964//645 
f 963//644 965//646 964//645 
f 965//646 962//643 964//645 
f 962//643 960//641 964//645 
f 963//644 966//647 967//648 
f 966//647 968//649 967//648 
f 968//649 965//646 967//648 
f 965//646 963//644 967//648 
f 966//647 969//650 970//651 
f 969//650 971//652 970//651 
f 971//652 968//649 970//651 
f 968//649 966//647 970//651 
f 969//650 972//653 973//654 
f 972//653 974//655 973//654 
f 974//655 971//652 973//654 
f 971//652 969//650 973//654 
f 972//653 975//656 976//657 
f 975//656 977//658 976//657 
f 977//658 974//655 976//657 
f 974//655 972//653 976//657 
f 975//656 978//659 979//660 
f 978//659 980//661 979//660 
f 980//661 977//658 979//660 
f 977//658 975//656 979//660 
f 978//659 981//662 982//663 
f 981//662 983//664 982//663 
f 983//664 980//661 982//663 
f 980//661 978//659 982//663 
s 2
f 981//662 984//665 985//666 
f 984//665 986//667 985//666 
f 986//667 983//664 985//666 
f 983//664 981//662 985//666 
s 4
f 984//665 987//668 988//633 
f 987//668 989//669 988//633 
f 989//669 986//667 988//633 
f 986//667 984//665 988//633 
s 2
f 987//668 990//670 991//671 
f 990//670 992//672 991//671 
f 992//672 989//669 991//671 
f 989//669 987//668 991//671 
s 5
f 990//670 892//573 993//673 
f 892//573 896//577 993//673 
f 896//577 992//672 993//673 
f 992//672 990//670 993//673 
s 1
f 994//674 995//675 996//676 
f 995//675 997//677 996//676 
f 997//677 998//678 996//676 
f 998//678 994//674 996//676 
s 3
f 995//675 999//679 1000//680 
f 999//679 1001//681 1000//680 
f 1001//681 997//677 1000//680 
f 997//677 995//675 1000//680 
s 2
f 999//679 1002//682 1003//683 
f 1002//682 1004//684 1003//683 
f 1004//684 1001//681 1003//683 
f 1001//681 999//679 1003//683 
f 1002//682 1005//685 1006//686 
f 1005//685 1007//687 1006//686 
f 1007//687 1004//684 1006//686 
f 1004//684 1002//682 1006//686 
f 1005//685 1008//688 1009//689 
f 1008//688 1010//690 1009//689 
f 1010//690 1007//687 1009//689 
f 1007//687 1005//685 1009//689 
f 1008//688 1011//691 1012//692 
f 1011//691 1013//693 1012//692 
f 1013//693 1010//690 1012//692 
f 1010//690 1008//688 1012//692 
f 1011//691 1014//694 1015//695 
f 1014//694 1016//696 1015//695 
f 1016//696 1013//693 1015//695 
f 1013//693 1011//691 1015//695 
f 1014//694 1017//697 1018//698 
f 1017//697 1019//699 1018//698 
f 1019//699 1016//696 1018//698 
f 1016//696 1014//694 1018//698 
f 1017//697 1020//700 1021//701 
f 1020//700 1022//702 1021//701 
f 1022//702 1019//699 1021//701 
f 1019//699 1017//697 1021//701 
f 1020//700 1023//599 1024//600 
f 1023//599 1025//703 1024//600 
f 1025//703 1022//702 1024//600 
f 1022//702 1020//700 1024//600 
f 1023//599 1026//602 1027//603 
f 1026//602 1028//604 1027//603 
f 1028//604 1025//703 1027//603 
f 1025//703 1023//599 1027//603 
f 1026//602 1029//605 1030//606 
f 1029//605 1031//607 1030//606 
f 1031//607 1028//604 1030//606 
f 1028//604 1026//602 1030//606 
f 1029//605 1032//608 1033//609 
f 1032//608 1034//610 1033//609 
f 1034//610 1031//607 1033//609 
f 1031//607 1029//605 1033//609 
f 1032//608 1035//611 1036//612 
f 1035//611 1037//613 1036//612 
f 1037//613 1034//610 1036//612 
f 1034//610 1032//608 1036//612 
f 1035//611 1038//614 1039//615 
f 1038//614 1040//616 1039//615 
f 1040//616 1037//613 1039//615 
f 1037//613 1035//611 1039//615 
f 1038//614 1041//704 1042//705 
f 1041//704 1043//706 1042//705 
f 1043//706 1040//616 1042//705 
f 1040//616 1038//614 1042//705 
f 1041//704 1044//620 1045//621 
f 1044//620 1046//622 1045//621 
f 1046//622 1043//706 1045//621 
f 1043//706 1041//704 1045//621 
f 1044//620 1047//623 1048//624 
f 1047//623 1049//625 1048//624 
f 1049//625 1046//622 1048//624 
f 1046//622 1044//620 1048//624 
s 4
f 1047//623 1050//626 1051//627 
f 1050//626 1052//628 1051//627 
f 1052//628 1049//625 1051//627 
f 1049//625 1047//623 1051//627 
s 2
f 1050//626 1053//629 1054//630 
f 1053//629 1055//631 1054//630 
f 1055//631 1052//628 1054//630 
f 1052//628 1050//626 1054//630 
s 4
f 1053//629 1056//707 1057//633 
f 1056//707 1058//708 1057//633 
f 1058//708 1055//631 1057//633 
f 1055//631 1053//629 1057//633 
s 2
f 1056//707 994//674 1059//709 
f 994//674 998//678 1059//709 
f 998//678 1058//708 1059//709 
f 1058//708 1056//707 1059//709 
s 1
f 1060//516 1061//517 1062//518 
f 1061//517 1063//519 1062//518 
f 1063//519 1064//520 1062//518 
f 1064//520 1060//516 1062//518 
s 3
f 1061//517 1065//521 1066//522 
f 1065//521 1067//523 1066//522 
f 1067//523 1063//519 1066//522 
f 1063//519 1061//517 1066//522 
s 2
f 1065//521 1068//524 1069//525 
f 1068//524 1070//526 1069//525 
f 1070//526 1067//523 1069//525 
f 1067//523 1065//521 1069//525 
f 1068//524 1071//527 1072//528 
f 1071//527 1073//529 1072//528 
f 1073//529 1070//526 1072//528 
f 1070//526 1068//524 1072//528 
f 1071//527 1074//710 1075//531 
f 1074//710 1076//711 1075//531 
f 1076//711 1073//529 1075//531 
f 1073//529 1071//527 1075//531 
f 1074//710 1077//533 1078//712 
f 1077//533 1079//535 1078//712 
f 1079//535 1076//711 1078//712 
f 1076//711 1074//710 1078//712 
f 1077//533 1080//536 1081//537 
f 1080//536 1082//538 1081//537 
f 1082//538 1079//535 1081//537 
f 1079//535 1077//533 1081//537 
f 1080//536 1083//539 1084//540 
f 1083//539 1085//541 1084//540 
f 1085//541 1082//538 1084//540 
f 1082//538 1080//536 1084//540 
f 1083//539 1086//542 1087//543 
f 1086//542 1088//544 1087//543 
f 1088//544 1085//541 1087//543 
f 1085//541 1083//539 1087//543 
f 1086//542 1089//545 1090//546 
f 1089//545 1091//547 1090//546 
f 1091//547 1088//544 1090//546 
f 1088//544 1086//542 1090//546 
f 1089//545 1092//548 1093//549 
f 1092//548 1094//550 1093//549 
f 1094//550 1091//547 1093//549 
f 1091//547 1089//545 1093//549 
f 1092//548 1095//551 1096//552 
f 1095//551 1097//553 1096//552 
f 1097//553 1094//550 1096//552 
f 1094//550 1092//548 1096//552 
f 1095//551 1098//554 1099//555 
f 1098//554 1100//556 1099//555 
f 1100//556 1097//553 1099//555 
f 1097//553 1095//551 1099//555 
f 1098//554 1101//557 1102//558 
f 1101//557 1103//559 1102//558 
f 1103//559 1100//556 1102//558 
f 1100//556 1098//554 1102//558 
f 1101//557 1104//560 1105//561 
f 1104//560 1106//562 1105//561 
f 1106//562 1103//559 1105//561 
f 1103//559 1101//557 1105//561 
f 1104//560 1107//563 1108//564 
f 1107//563 1109//565 1108//564 
f 1109//565 1106//562 1108//564 
f 1106//562 1104//560 1108//564 
f 1107//563 1110//566 1111//567 
f 1110//566 1112//568 1111//567 
f 1112//568 1109//565 1111//567 
f 1109//565 1107//563 1111//567 
s 4
f 1110//566 1113//569 1114//570 
f 1113//569 1115//571 1114//570 
f 1115//571 1112//568 1114//570 
f 1112//568 1110//566 1114//570 
s 3
f 1113//569 1060//516 1116//572 
f 1060//516 1064//520 1116//572 
f 1064//520 1115//571 1116//572 
f 1115//571 1113//569 1116//572 
s 16
f 945//626 942//623 1117//514 
f 942//623 939//620 1117//514 
f 939//620 1118//514 888//569 1117//514 
f 888//569 885//566 1117//514 
f 885//566 945//626 1117//514 
f 1050//626 1047//623 1119//514 
f 1047//623 1044//620 1119//514 
f 1044//620 1120//514 1113//569 1119//514 
f 1113//569 1110//566 1119//514 
f 1110//566 1050//626 1119//514 
f 932//613 935//616 1121//515 
f 935//616 938//619 1121//515 
f 938//619 941//622 1121//515 
f 890//571 839//520 1121//515 
f 839//520 932//613 1121//515 
f 1052//628 1055//631 1122//515 
f 1055//631 1058//708 1122//515 
f 1058//708 998//678 1122//515 
f 998//678 1052//628 1122//515 
f 858//539 855//536 1123//514 
f 855//536 918//599 1123//514 
f 918//599 915//596 1123//514 
f 915//596 858//539 1123//514 
f 990//670 987//668 1124//514 
f 987//668 984//665 1124//514 
f 984//665 981//662 1124//514 
f 981//662 990//670 1124//514 
f 954//635 951//632 1125//514 
f 951//632 948//629 1125//514 
f 948//629 945//626 1125//514 
f 945//626 954//635 1125//514 
f 885//566 882//563 1126//514 
f 882//563 957//638 1126//514 
f 957//638 954//635 1126//514 
f 954//635 945//626 1126//514 
f 945//626 885//566 1126//514 
f 882//563 879//560 1127//514 
f 879//560 966//647 1127//514 
f 966//647 963//644 1127//514 
f 963//644 960//641 1127//514 
f 960//641 957//638 1127//514 
f 957//638 882//563 1127//514 
f 879//560 876//557 1128//514 
f 876//557 972//653 1128//514 
f 972//653 969//650 1128//514 
f 969//650 966//647 1128//514 
f 966//647 879//560 1128//514 
f 876//557 873//554 1129//514 
f 873//554 981//662 1129//514 
f 981//662 978//659 1129//514 
f 978//659 975//656 1129//514 
f 975//656 972//653 1129//514 
f 972//653 876//557 1129//514 
f 873//554 870//551 1130//514 
f 870//551 981//662 1130//514 
f 981//662 873//554 1130//514 
f 870//551 867//548 1131//514 
f 867//548 990//670 1131//514 
f 990//670 981//662 1131//514 
f 981//662 870//551 1131//514 
f 867//548 864//545 1132//514 
f 864//545 893//574 1132//514 
f 893//574 892//573 1132//514 
f 892//573 990//670 1132//514 
f 990//670 867//548 1132//514 
f 864//545 861//542 1133//514 
f 861//542 903//584 1133//514 
f 903//584 900//581 1133//514 
f 900//581 897//578 1133//514 
f 897//578 893//574 1133//514 
f 893//574 864//545 1133//514 
f 861//542 858//539 1134//514 
f 858//539 915//596 1134//514 
f 915//596 912//593 1134//514 
f 912//593 909//590 1134//514 
f 909//590 906//587 1134//514 
f 906//587 903//584 1134//514 
f 903//584 861//542 1134//514 
f 855//536 852//533 1135//514 
f 852//533 918//599 1135//514 
f 918//599 855//536 1135//514 
f 852//533 849//530 1136//514 
f 849//530 921//602 1136//514 
f 921//602 918//599 1136//514 
f 918//599 852//533 1136//514 
f 849//530 846//527 1137//514 
f 846//527 924//605 1137//514 
f 924//605 921//602 1137//514 
f 921//602 849//530 1137//514 
f 846//527 843//524 1138//514 
f 843//524 924//605 1138//514 
f 924//605 846//527 1138//514 
f 843//524 840//521 1139//514 
f 840//521 927//608 1139//514 
f 927//608 924//605 1139//514 
f 924//605 843//524 1139//514 
f 840//521 836//517 1140//514 
f 836//517 930//611 1140//514 
f 930//611 927//608 1140//514 
f 927//608 840//521 1140//514 
f 836//517 835//516 1141//514 
f 835//516 930//611 1141//514 
f 930//611 836//517 1141//514 
f 835//516 888//569 1118//514 
f 939//620 936//617 1118//514 
f 936//617 933//614 1118//514 
f 933//614 930//611 1118//514 
f 930//611 835//516 1118//514 
f 1110//566 1107//563 1142//514 
f 1107//563 995//675 1142//514 
f 995//675 994//674 1142//514 
f 994//674 1050//626 1142//514 
f 1050//626 1110//566 1142//514 
f 1107//563 1104//560 1143//514 
f 1104//560 999//679 1143//514 
f 999//679 995//675 1143//514 
f 995//675 1107//563 1143//514 
f 994//674 1056//707 1144//514 
f 1056//707 1053//629 1144//514 
f 1053//629 1050//626 1144//514 
f 1050//626 994//674 1144//514 
f 1104//560 1101//557 1145//514 
f 1101//557 1002//682 1145//514 
f 1002//682 999//679 1145//514 
f 999//679 1104//560 1145//514 
f 1101//557 1098//554 1146//514 
f 1098//554 1005//685 1146//514 
f 1005//685 1002//682 1146//514 
f 1002//682 1101//557 1146//514 
f 1098//554 1095//551 1147//514 
f 1095//551 1008//688 1147//514 
f 1008//688 1005//685 1147//514 
f 1005//685 1098//554 1147//514 
f 1095//551 1092//548 1148//514 
f 1092//548 1011//691 1148//514 
f 1011//691 1008//688 1148//514 
f 1008//688 1095//551 1148//514 
f 1092//548 1089//545 1149//514 
f 1089//545 1014//694 1149//514 
f 1014//694 1011//691 1149//514 
f 1011//691 1092//548 1149//514 
f 1089//545 1086//542 1150//514 
f 1086//542 1017//697 1150//514 
f 1017//697 1014//694 1150//514 
f 1014//694 1089//545 1150//514 
f 1086//542 1083//539 1151//514 
f 1083//539 1020//700 1151//514 
f 1020//700 1017//697 1151//514 
f 1017//697 1086//542 1151//514 
f 1083//539 1080//536 1152//514 
f 1080//536 1023//599 1152//514 
f 1023//599 1020//700 1152//514 
f 1020//700 1083//539 1152//514 
f 1080//536 1077//533 1153//514 
f 1077//533 1023//599 1153//514 
f 1023//599 1080//536 1153//514 
f 1077//533 1074//710 1154//514 
f 1074//710 1026//602 1154//514 
f 1026//602 1023//599 1154//514 
f 1023//599 1077//533 1154//514 
f 1074//710 1071//527 1155//514 
f 1071//527 1029//605 1155//514 
f 1029//605 1026//602 1155//514 
f 1026//602 1074//710 1155//514 
f 1071//527 1068//524 1156//514 
f 1068//524 1029//605 1156//514 
f 1029//605 1071//527 1156//514 
f 1068//524 1065//521 1157//514 
f 1065//521 1032//608 1157//514 
f 1032//608 1029//605 1157//514 
f 1029//605 1068//524 1157//514 
f 1065//521 1061//517 1158//514 
f 1061//517 1035//611 1158//514 
f 1035//611 1032//608 1158//514 
f 1032//608 1065//521 1158//514 
f 1061//517 1060//516 1159//514 
f 1060//516 1035//611 1159//514 
f 1035//611 1061//517 1159//514 
f 1060//516 1113//569 1120//514 
f 1044//620 1041//704 1120//514 
f 1041//704 1038//614 1120//514 
f 1038//614 1035//611 1120//514 
f 1035//611 1060//516 1120//514 
f 860//541 863//544 1160//515 
f 863//544 905//586 1160//515 
f 905//586 908//589 1160//515 
f 908//589 911//592 1160//515 
f 911//592 914//595 1160//515 
f 914//595 917//598 1160//515 
f 917//598 860//541 1160//515 
f 839//520 838//519 1161//515 
f 838//519 932//613 1161//515 
f 932//613 839//520 1161//515 
f 838//519 842//523 1162//515 
f 842//523 929//610 1162//515 
f 929//610 932//613 1162//515 
f 932//613 838//519 1162//515 
f 842//523 845//526 1163//515 
f 845//526 926//607 1163//515 
f 926//607 929//610 1163//515 
f 929//610 842//523 1163//515 
f 845//526 848//529 1164//515 
f 848//529 926//607 1164//515 
f 926//607 845//526 1164//515 
f 848//529 851//532 1165//515 
f 851//532 923//604 1165//515 
f 923//604 926//607 1165//515 
f 926//607 848//529 1165//515 
f 851//532 854//535 1166//515 
f 854//535 920//601 1166//515 
f 920//601 923//604 1166//515 
f 923//604 851//532 1166//515 
f 854//535 857//538 1167//515 
f 857//538 920//601 1167//515 
f 920//601 854//535 1167//515 
f 857//538 860//541 1168//515 
f 860//541 917//598 1168//515 
f 917//598 920//601 1168//515 
f 920//601 857//538 1168//515 
f 863//544 866//547 1169//515 
f 866//547 895//576 1169//515 
f 895//576 899//580 1169//515 
f 899//580 902//583 1169//515 
f 902//583 905//586 1169//515 
f 905//586 863//544 1169//515 
f 866//547 869//550 1170//515 
f 869//550 992//672 1170//515 
f 992//672 896//577 1170//515 
f 896//577 895//576 1170//515 
f 895//576 866//547 1170//515 
f 983//664 986//667 1171//515 
f 986//667 989//669 1171//515 
f 989//669 992//672 1171//515 
f 992//672 983//664 1171//515 
f 872//553 875//556 1172//515 
f 875//556 983//664 1172//515 
f 983//664 872//553 1172//515 
f 992//672 869//550 1173//515 
f 869//550 872//553 1173//515 
f 872//553 983//664 1173//515 
f 983//664 992//672 1173//515 
f 875//556 878//559 1174//515 
f 878//559 974//655 1174//515 
f 974//655 977//658 1174//515 
f 977//658 980//661 1174//515 
f 980//661 983//664 1174//515 
f 983//664 875//556 1174//515 
f 878//559 881//562 1175//515 
f 881//562 968//649 1175//515 
f 968//649 971//652 1175//515 
f 971//652 974//655 1175//515 
f 974//655 878//559 1175//515 
f 881//562 884//565 1176//515 
f 884//565 959//640 1176//515 
f 959//640 962//643 1176//515 
f 962//643 965//646 1176//515 
f 965//646 968//649 1176//515 
f 968//649 881//562 1176//515 
f 947//628 950//631 1177//515 
f 950//631 953//634 1177//515 
f 953//634 956//637 1177//515 
f 956//637 947//628 1177//515 
f 887//568 890//571 1178//515 
f 890//571 1121//515 941//622 1178//515 
f 941//622 944//625 1178//515 
f 944//625 947//628 1178//515 
f 947//628 887//568 1178//515 
f 956//637 959//640 1179//515 
f 959//640 884//565 1179//515 
f 884//565 887//568 1179//515 
f 887//568 947//628 1179//515 
f 947//628 956//637 1179//515 
f 1037//613 1040//616 1180//515 
f 1040//616 1043//706 1180//515 
f 1043//706 1046//622 1180//515 
f 1115//571 1064//520 1180//515 
f 1064//520 1037//613 1180//515 
f 1064//520 1063//519 1181//515 
f 1063//519 1037//613 1181//515 
f 1037//613 1064//520 1181//515 
f 1063//519 1067//523 1182//515 
f 1067//523 1034//610 1182//515 
f 1034//610 1037//613 1182//515 
f 1037//613 1063//519 1182//515 
f 1067//523 1070//526 1183//515 
f 1070//526 1031//607 1183//515 
f 1031//607 1034//610 1183//515 
f 1034//610 1067//523 1183//515 
f 1070//526 1073//529 1184//515 
f 1073//529 1031//607 1184//515 
f 1031//607 1070//526 1184//515 
f 1073//529 1076//711 1185//515 
f 1076//711 1028//604 1185//515 
f 1028//604 1031//607 1185//515 
f 1031//607 1073//529 1185//515 
f 1076//711 1079//535 1186//515 
f 1079//535 1025//703 1186//515 
f 1025//703 1028//604 1186//515 
f 1028//604 1076//711 1186//515 
f 1079//535 1082//538 1187//515 
f 1082//538 1025//703 1187//515 
f 1025//703 1079//535 1187//515 
f 1082//538 1085//541 1188//515 
f 1085//541 1022//702 1188//515 
f 1022//702 1025//703 1188//515 
f 1025//703 1082//538 1188//515 
f 1085//541 1088//544 1189//515 
f 1088//544 1019//699 1189//515 
f 1019//699 1022//702 1189//515 
f 1022//702 1085//541 1189//515 
f 1088//544 1091//547 1190//515 
f 1091//547 1016//696 1190//515 
f 1016//696 1019//699 1190//515 
f 1019//699 1088//544 1190//515 
f 1091//547 1094//550 1191//515 
f 1094//550 1013//693 1191//515 
f 1013//693 1016//696 1191//515 
f 1016//696 1091//547 1191//515 
f 1094//550 1097//553 1192//515 
f 1097//553 1010//690 1192//515 
f 1010//690 1013//693 1192//515 
f 1013//693 1094//550 1192//515 
f 1097//553 1100//556 1193//515 
f 1100//556 1007//687 1193//515 
f 1007//687 1010//690 1193//515 
f 1010//690 1097//553 1193//515 
f 1100//556 1103//559 1194//515 
f 1103//559 1004//684 1194//515 
f 1004//684 1007//687 1194//515 
f 1007//687 1100//556 1194//515 
f 1103//559 1106//562 1195//515 
f 1106//562 1001//681 1195//515 
f 1001//681 1004//684 1195//515 
f 1004//684 1103//559 1195//515 
f 1106//562 1109//565 1196//515 
f 1109//565 997//677 1196//515 
f 997//677 1001//681 1196//515 
f 1001//681 1106//562 1196//515 
f 1109//565 1112//568 1197//515 
f 1112//568 1052//628 1197//515 
f 1052//628 998//678 1197//515 
f 998//678 997//677 1197//515 
f 997//677 1109//565 1197//515 
f 1112//568 1115//571 1198//515 
f 1115//571 1180//515 1046//622 1198//515 
f 1046//622 1049//625 1198//515 
f 1049//625 1052//628 1198//515 
f 1052//628 1112//568 1198//515 
# 8 polygons - 2380 triangles

