# 3ds Max Wavefront OBJ Exporter v0.97b - (c)2007 guruware
# File Created: 07.12.2021 20:25:47

#
# object Vowels_4
#

v  64.7376 0.0000 107.7974
v  64.5994 0.0000 108.3000
v  64.6685 5.0000 108.0487
v  64.5994 10.0000 108.3000
v  64.7376 10.0000 107.7974
v  64.3794 0.0000 108.7630
v  64.4894 5.0000 108.5315
v  64.3794 10.0000 108.7630
v  64.0860 0.0000 109.1779
v  64.2327 5.0000 108.9705
v  64.0860 10.0000 109.1779
v  63.7277 0.0000 109.5362
v  63.9068 5.0000 109.3571
v  63.7277 10.0000 109.5362
v  63.3128 0.0000 109.8296
v  63.5202 5.0000 109.6829
v  63.3128 10.0000 109.8296
v  62.8499 0.0000 110.0496
v  63.0813 5.0000 109.9396
v  62.8499 10.0000 110.0496
v  62.3472 0.0000 110.1878
v  62.5985 5.0000 110.1187
v  62.3472 10.0000 110.1878
v  61.8133 0.0000 110.2357
v  62.0803 5.0000 110.2118
v  61.8133 10.0000 110.2357
v  61.2795 0.0000 110.1878
v  61.5464 5.0000 110.2118
v  61.2795 10.0000 110.1878
v  60.7769 0.0000 110.0496
v  61.0282 5.0000 110.1187
v  60.7769 10.0000 110.0496
v  60.3139 0.0000 109.8296
v  60.5454 5.0000 109.9396
v  60.3139 10.0000 109.8296
v  59.8990 0.0000 109.5362
v  60.1064 5.0000 109.6829
v  59.8990 10.0000 109.5362
v  59.5407 0.0000 109.1779
v  59.7198 5.0000 109.3571
v  59.5407 10.0000 109.1779
v  59.2473 0.0000 108.7630
v  59.3940 5.0000 108.9705
v  59.2473 10.0000 108.7630
v  59.0273 0.0000 108.3000
v  59.1373 5.0000 108.5315
v  59.0273 10.0000 108.3000
v  58.8891 0.0000 107.7974
v  58.9582 5.0000 108.0487
v  58.8891 10.0000 107.7974
v  58.8412 0.0000 107.2636
v  58.8651 5.0000 107.5305
v  58.8412 10.0000 107.2636
v  58.8891 0.0000 106.7297
v  58.8651 5.0000 106.9966
v  58.8891 10.0000 106.7297
v  59.0273 0.0000 106.2271
v  58.9582 5.0000 106.4784
v  59.0273 10.0000 106.2271
v  59.2473 0.0000 105.7641
v  59.1373 5.0000 105.9956
v  59.2473 10.0000 105.7641
v  59.5407 0.0000 105.3492
v  59.3940 5.0000 105.5567
v  59.5407 10.0000 105.3492
v  59.8990 0.0000 104.9909
v  59.7199 5.0000 105.1701
v  59.8990 10.0000 104.9909
v  60.3139 0.0000 104.6975
v  60.1064 5.0000 104.8442
v  60.3139 10.0000 104.6975
v  60.7769 0.0000 104.4775
v  60.5454 5.0000 104.5875
v  60.7769 10.0000 104.4775
v  61.2795 0.0000 104.3393
v  61.0282 5.0000 104.4084
v  61.2795 10.0000 104.3393
v  61.8133 0.0000 104.2914
v  61.5464 5.0000 104.3154
v  61.8133 10.0000 104.2914
v  62.3472 0.0000 104.3393
v  62.0803 5.0000 104.3154
v  62.3472 10.0000 104.3393
v  62.8498 0.0000 104.4775
v  62.5985 5.0000 104.4084
v  62.8498 10.0000 104.4775
v  63.3128 0.0000 104.6975
v  63.0813 5.0000 104.5875
v  63.3128 10.0000 104.6975
v  63.7277 0.0000 104.9909
v  63.5202 5.0000 104.8442
v  63.7277 10.0000 104.9909
v  64.0860 0.0000 105.3492
v  63.9068 5.0000 105.1701
v  64.0860 10.0000 105.3492
v  64.3794 0.0000 105.7641
v  64.2327 5.0000 105.5567
v  64.3794 10.0000 105.7641
v  64.5994 0.0000 106.2271
v  64.4894 5.0000 105.9956
v  64.5994 10.0000 106.2271
v  64.7376 0.0000 106.7297
v  64.6685 5.0000 106.4784
v  64.7376 10.0000 106.7297
v  64.7855 0.0000 107.2636
v  64.7616 5.0000 106.9966
v  64.7855 10.0000 107.2636
v  64.7616 5.0000 107.5305
v  68.0552 0.0000 106.1436
v  67.7593 0.0000 105.0727
v  67.9072 5.0000 105.6081
v  67.7593 10.0000 105.0727
v  68.0552 10.0000 106.1436
v  67.2884 0.0000 104.0854
v  67.5238 5.0000 104.5791
v  67.2884 10.0000 104.0854
v  66.6609 0.0000 103.2001
v  66.9747 5.0000 103.6428
v  66.6609 10.0000 103.2001
v  65.8951 0.0000 102.4350
v  66.2780 5.0000 102.8176
v  65.8951 10.0000 102.4350
v  65.0090 0.0000 101.8081
v  65.4520 5.0000 102.1216
v  65.0090 10.0000 101.8081
v  64.0213 0.0000 101.3379
v  64.5152 5.0000 101.5730
v  64.0213 10.0000 101.3379
v  62.9499 0.0000 101.0423
v  63.4856 5.0000 101.1901
v  62.9499 10.0000 101.0423
v  61.8133 0.0000 100.9398
v  62.3816 5.0000 100.9911
v  61.8133 10.0000 100.9398
v  60.6775 0.0000 101.0418
v  61.2454 5.0000 100.9908
v  60.6775 10.0000 101.0418
v  59.6080 0.0000 101.3358
v  60.1427 5.0000 101.1888
v  59.6080 10.0000 101.3358
v  58.6230 0.0000 101.8039
v  59.1155 5.0000 101.5698
v  58.6230 10.0000 101.8039
v  57.7403 0.0000 102.4281
v  58.1817 5.0000 102.1160
v  57.7403 10.0000 102.4281
v  56.9779 0.0000 103.1905
v  57.3591 5.0000 102.8093
v  56.9779 10.0000 103.1905
v  56.3536 0.0000 104.0732
v  56.6658 5.0000 103.6319
v  56.3536 10.0000 104.0732
v  55.8856 0.0000 105.0583
v  56.1196 5.0000 104.5658
v  55.8856 10.0000 105.0583
v  55.5916 0.0000 106.1277
v  55.7386 5.0000 105.5930
v  55.5916 10.0000 106.1277
v  55.4896 0.0000 107.2636
v  55.5406 5.0000 106.6956
v  55.4896 10.0000 107.2636
v  55.5916 0.0000 108.3994
v  55.5406 5.0000 107.8315
v  55.5916 10.0000 108.3994
v  55.8856 0.0000 109.4689
v  55.7386 5.0000 108.9342
v  55.8856 10.0000 109.4689
v  56.3537 0.0000 110.4539
v  56.1196 5.0000 109.9614
v  56.3537 10.0000 110.4539
v  56.9779 0.0000 111.3366
v  56.6658 5.0000 110.8952
v  56.9779 10.0000 111.3366
v  57.7403 0.0000 112.0990
v  57.3591 5.0000 111.7178
v  57.7403 10.0000 112.0990
v  58.6230 0.0000 112.7233
v  58.1817 5.0000 112.4111
v  58.6230 10.0000 112.7233
v  59.6081 0.0000 113.1913
v  59.1155 5.0000 112.9573
v  59.6081 10.0000 113.1913
v  60.6775 0.0000 113.4854
v  60.1428 5.0000 113.3383
v  60.6775 10.0000 113.4854
v  61.8133 0.0000 113.5873
v  61.2454 5.0000 113.5363
v  61.8133 10.0000 113.5873
v  62.1451 0.0000 113.5809
v  61.9792 5.0000 113.5841
v  62.1451 10.0000 113.5809
v  62.4408 0.0000 113.5619
v  62.2930 5.0000 113.5714
v  62.4408 10.0000 113.5619
v  62.7084 0.0000 113.5304
v  62.5746 5.0000 113.5461
v  62.7084 10.0000 113.5304
v  62.9554 0.0000 113.4869
v  62.8319 5.0000 113.5087
v  62.9554 10.0000 113.4869
v  63.1899 0.0000 113.4317
v  63.0727 5.0000 113.4593
v  63.1899 10.0000 113.4317
v  63.4194 0.0000 113.3649
v  63.3047 5.0000 113.3983
v  63.4194 10.0000 113.3649
v  63.6520 0.0000 113.2869
v  63.5357 5.0000 113.3259
v  63.6520 10.0000 113.2869
v  63.8952 0.0000 113.1980
v  63.7736 5.0000 113.2425
v  63.8952 10.0000 113.1980
v  64.1569 0.0000 113.0985
v  64.0260 5.0000 113.1483
v  64.1569 10.0000 113.0985
v  64.1528 0.0000 120.8402
v  64.1549 5.0000 116.9694
v  64.1528 10.0000 120.8402
v  64.1717 0.0000 121.0719
v  64.1623 5.0000 120.9560
v  64.1717 10.0000 121.0719
v  64.2312 0.0000 121.3351
v  64.2014 5.0000 121.2035
v  64.2312 10.0000 121.3351
v  64.3335 0.0000 121.6140
v  64.2823 5.0000 121.4745
v  64.3335 10.0000 121.6140
v  64.4810 0.0000 121.8929
v  64.4073 5.0000 121.7534
v  64.4810 10.0000 121.8929
v  64.6758 0.0000 122.1562
v  64.5784 5.0000 122.0246
v  64.6758 10.0000 122.1562
v  64.9200 0.0000 122.3882
v  64.7979 5.0000 122.2722
v  64.9200 10.0000 122.3882
v  65.2160 0.0000 122.5732
v  65.0680 5.0000 122.4807
v  65.2160 10.0000 122.5732
v  65.5660 0.0000 122.6955
v  65.3910 5.0000 122.6344
v  65.5660 10.0000 122.6955
v  65.9721 0.0000 122.7394
v  65.7691 5.0000 122.7175
v  65.9721 10.0000 122.7394
v  80.0117 0.0000 122.7394
v  72.9919 5.0000 122.7394
v  80.0117 10.0000 122.7394
v  80.2215 0.0000 122.7326
v  80.1166 5.0000 122.7360
v  80.2215 10.0000 122.7326
v  80.4832 0.0000 122.7031
v  80.3524 5.0000 122.7178
v  80.4832 10.0000 122.7031
v  80.7766 0.0000 122.6358
v  80.6299 5.0000 122.6694
v  80.7766 10.0000 122.6358
v  81.0812 0.0000 122.5155
v  80.9289 5.0000 122.5756
v  81.0812 10.0000 122.5155
v  81.3767 0.0000 122.3271
v  81.2289 5.0000 122.4213
v  81.3767 10.0000 122.3271
v  81.6427 0.0000 122.0554
v  81.5097 5.0000 122.1913
v  81.6427 10.0000 122.0554
v  81.8589 0.0000 121.6854
v  81.7508 5.0000 121.8704
v  81.8589 10.0000 121.6854
v  82.0049 0.0000 121.2018
v  81.9319 5.0000 121.4436
v  82.0049 10.0000 121.2018
v  82.0604 0.0000 120.5894
v  82.0327 5.0000 120.8956
v  82.0604 10.0000 120.5894
v  82.0604 0.0000 103.4551
v  82.0604 5.0000 112.0223
v  82.0604 10.0000 103.4551
v  77.7058 0.0000 103.4551
v  79.8831 5.0000 103.4551
v  77.7058 10.0000 103.4551
v  77.7058 0.0000 116.4957
v  77.7058 5.0000 109.9754
v  77.7058 10.0000 116.4957
v  77.6673 0.0000 116.9011
v  77.6865 5.0000 116.6984
v  77.6673 10.0000 116.9011
v  77.5638 0.0000 117.2336
v  77.6155 5.0000 117.0674
v  77.5638 10.0000 117.2336
v  77.4084 0.0000 117.4999
v  77.4861 5.0000 117.3667
v  77.4084 10.0000 117.4999
v  77.2141 0.0000 117.7068
v  77.3113 5.0000 117.6033
v  77.2141 10.0000 117.7068
v  76.9938 0.0000 117.8611
v  77.1039 5.0000 117.7840
v  76.9938 10.0000 117.8611
v  76.7605 0.0000 117.9697
v  76.8772 5.0000 117.9154
v  76.7605 10.0000 117.9697
v  76.5273 0.0000 118.0393
v  76.6439 5.0000 118.0045
v  76.5273 10.0000 118.0393
v  76.3070 0.0000 118.0768
v  76.4171 5.0000 118.0581
v  76.3070 10.0000 118.0768
v  76.1126 0.0000 118.0889
v  76.2098 5.0000 118.0828
v  76.1126 10.0000 118.0889
v  69.7662 0.0000 118.0889
v  72.9394 5.0000 118.0889
v  69.7662 10.0000 118.0889
v  69.3595 0.0000 118.0520
v  69.5628 5.0000 118.0704
v  69.3595 10.0000 118.0520
v  69.0256 0.0000 117.9494
v  69.1925 5.0000 118.0007
v  69.0256 10.0000 117.9494
v  68.7580 0.0000 117.7943
v  68.8918 5.0000 117.8718
v  68.7580 10.0000 117.7943
v  68.5499 0.0000 117.5997
v  68.6539 5.0000 117.6970
v  68.5499 10.0000 117.5997
v  68.3947 0.0000 117.3789
v  68.4723 5.0000 117.4893
v  68.3947 10.0000 117.3789
v  68.2859 0.0000 117.1450
v  68.3403 5.0000 117.2619
v  68.2859 10.0000 117.1450
v  68.2167 0.0000 116.9110
v  68.2513 5.0000 117.0280
v  68.2167 10.0000 116.9110
v  68.1805 0.0000 116.6902
v  68.1986 5.0000 116.8006
v  68.1805 10.0000 116.6902
v  68.1708 0.0000 116.4957
v  68.1756 5.0000 116.5930
v  68.1708 10.0000 116.4957
v  68.1579 0.0000 107.2801
v  68.1643 5.0000 111.8879
v  68.1579 10.0000 107.2801
v  68.1066 5.0000 106.7118
v  78.9214 0.0000 137.0295
v  78.7832 0.0000 137.5321
v  78.8523 5.0000 137.2808
v  78.7832 10.0000 137.5321
v  78.9214 10.0000 137.0295
v  78.5632 0.0000 137.9951
v  78.6732 5.0000 137.7636
v  78.5632 10.0000 137.9951
v  78.2698 0.0000 138.4099
v  78.4165 5.0000 138.2025
v  78.2698 10.0000 138.4099
v  77.9115 0.0000 138.7683
v  78.0907 5.0000 138.5891
v  77.9115 10.0000 138.7683
v  77.4966 0.0000 139.0617
v  77.7040 5.0000 138.9150
v  77.4966 10.0000 139.0617
v  77.0337 0.0000 139.2817
v  77.2651 5.0000 139.1717
v  77.0337 10.0000 139.2817
v  76.5310 0.0000 139.4199
v  76.7824 5.0000 139.3508
v  76.5310 10.0000 139.4199
v  75.9972 0.0000 139.4678
v  76.2641 5.0000 139.4438
v  75.9972 10.0000 139.4678
v  75.4633 0.0000 139.4199
v  75.7302 5.0000 139.4438
v  75.4633 10.0000 139.4199
v  74.9607 0.0000 139.2817
v  75.2120 5.0000 139.3508
v  74.9607 10.0000 139.2817
v  74.4977 0.0000 139.0617
v  74.7292 5.0000 139.1717
v  74.4977 10.0000 139.0617
v  74.0828 0.0000 138.7683
v  74.2903 5.0000 138.9150
v  74.0828 10.0000 138.7683
v  73.7245 0.0000 138.4100
v  73.9037 5.0000 138.5891
v  73.7245 10.0000 138.4100
v  73.4311 0.0000 137.9951
v  73.5778 5.0000 138.2025
v  73.4311 10.0000 137.9951
v  73.2111 0.0000 137.5321
v  73.3211 5.0000 137.7636
v  73.2111 10.0000 137.5321
v  73.0729 0.0000 137.0295
v  73.1420 5.0000 137.2808
v  73.0729 10.0000 137.0295
v  73.0250 0.0000 136.4956
v  73.0490 5.0000 136.7626
v  73.0250 10.0000 136.4956
v  73.0729 0.0000 135.9618
v  73.0489 5.0000 136.2287
v  73.0729 10.0000 135.9618
v  73.2111 0.0000 135.4591
v  73.1420 5.0000 135.7104
v  73.2111 10.0000 135.4591
v  73.4311 0.0000 134.9962
v  73.3211 5.0000 135.2277
v  73.4311 10.0000 134.9962
v  73.7245 0.0000 134.5813
v  73.5778 5.0000 134.7887
v  73.7245 10.0000 134.5813
v  74.0828 0.0000 134.2230
v  73.9037 5.0000 134.4021
v  74.0828 10.0000 134.2230
v  74.4977 0.0000 133.9296
v  74.2903 5.0000 134.0763
v  74.4977 10.0000 133.9296
v  74.9607 0.0000 133.7096
v  74.7292 5.0000 133.8196
v  74.9607 10.0000 133.7096
v  75.4633 0.0000 133.5714
v  75.2120 5.0000 133.6405
v  75.4633 10.0000 133.5714
v  75.9972 0.0000 133.5235
v  75.7302 5.0000 133.5474
v  75.9972 10.0000 133.5235
v  76.5310 0.0000 133.5714
v  76.2641 5.0000 133.5474
v  76.5310 10.0000 133.5714
v  77.0336 0.0000 133.7096
v  76.7823 5.0000 133.6405
v  77.0336 10.0000 133.7096
v  77.4966 0.0000 133.9296
v  77.2651 5.0000 133.8196
v  77.4966 10.0000 133.9296
v  77.9115 0.0000 134.2230
v  77.7040 5.0000 134.0763
v  77.9115 10.0000 134.2230
v  78.2698 0.0000 134.5813
v  78.0906 5.0000 134.4021
v  78.2698 10.0000 134.5813
v  78.5632 0.0000 134.9962
v  78.4165 5.0000 134.7887
v  78.5632 10.0000 134.9962
v  78.7832 0.0000 135.4591
v  78.6732 5.0000 135.2277
v  78.7832 10.0000 135.4591
v  78.9214 0.0000 135.9618
v  78.8523 5.0000 135.7104
v  78.9214 10.0000 135.9618
v  78.9693 0.0000 136.4956
v  78.9454 5.0000 136.2287
v  78.9693 10.0000 136.4956
v  78.9454 5.0000 136.7626
v  82.2390 0.0000 135.3757
v  81.9431 0.0000 134.3047
v  82.0911 5.0000 134.8402
v  81.9431 10.0000 134.3047
v  82.2390 10.0000 135.3757
v  81.4722 0.0000 133.3175
v  81.7077 5.0000 133.8111
v  81.4722 10.0000 133.3175
v  80.8447 0.0000 132.4322
v  81.1585 5.0000 132.8748
v  80.8447 10.0000 132.4322
v  80.0789 0.0000 131.6670
v  80.4618 5.0000 132.0496
v  80.0789 10.0000 131.6670
v  79.1928 0.0000 131.0402
v  79.6359 5.0000 131.3536
v  79.1928 10.0000 131.0402
v  78.2051 0.0000 130.5699
v  78.6990 5.0000 130.8051
v  78.2051 10.0000 130.5699
v  77.1337 0.0000 130.2744
v  77.6694 5.0000 130.4222
v  77.1337 10.0000 130.2744
v  75.9972 0.0000 130.1718
v  76.5654 5.0000 130.2231
v  75.9972 10.0000 130.1718
v  74.8613 0.0000 130.2738
v  75.4292 5.0000 130.2228
v  74.8613 10.0000 130.2738
v  73.7919 0.0000 130.5678
v  74.3266 5.0000 130.4208
v  73.7919 10.0000 130.5678
v  72.8068 0.0000 131.0359
v  73.2993 5.0000 130.8019
v  72.8068 10.0000 131.0359
v  71.9241 0.0000 131.6602
v  72.3655 5.0000 131.3480
v  71.9241 10.0000 131.6602
v  71.1617 0.0000 132.4226
v  71.5429 5.0000 132.0414
v  71.1617 10.0000 132.4226
v  70.5374 0.0000 133.3053
v  70.8496 5.0000 132.8639
v  70.5374 10.0000 133.3053
v  70.0694 0.0000 134.2903
v  70.3034 5.0000 133.7978
v  70.0694 10.0000 134.2903
v  69.7754 0.0000 135.3597
v  69.9224 5.0000 134.8250
v  69.7754 10.0000 135.3597
v  69.6734 0.0000 136.4956
v  69.7244 5.0000 135.9277
v  69.6734 10.0000 136.4956
v  69.7754 0.0000 137.6315
v  69.7244 5.0000 137.0636
v  69.7754 10.0000 137.6315
v  70.0694 0.0000 138.7009
v  69.9224 5.0000 138.1662
v  70.0694 10.0000 138.7009
v  70.5375 0.0000 139.6860
v  70.3034 5.0000 139.1935
v  70.5375 10.0000 139.6860
v  71.1617 0.0000 140.5687
v  70.8496 5.0000 140.1273
v  71.1617 10.0000 140.5687
v  71.9241 0.0000 141.3311
v  71.5429 5.0000 140.9499
v  71.9241 10.0000 141.3311
v  72.8068 0.0000 141.9553
v  72.3655 5.0000 141.6432
v  72.8068 10.0000 141.9553
v  73.7919 0.0000 142.4234
v  73.2993 5.0000 142.1894
v  73.7919 10.0000 142.4234
v  74.8613 0.0000 142.7174
v  74.3266 5.0000 142.5704
v  74.8613 10.0000 142.7174
v  75.9972 0.0000 142.8194
v  75.4292 5.0000 142.7684
v  75.9972 10.0000 142.8194
v  76.3289 0.0000 142.8130
v  76.1630 5.0000 142.8162
v  76.3289 10.0000 142.8130
v  76.6247 0.0000 142.7939
v  76.4768 5.0000 142.8035
v  76.6247 10.0000 142.7939
v  76.8922 0.0000 142.7625
v  76.7584 5.0000 142.7782
v  76.8922 10.0000 142.7625
v  77.1393 0.0000 142.7190
v  77.0157 5.0000 142.7407
v  77.1393 10.0000 142.7190
v  77.3737 0.0000 142.6637
v  77.2565 5.0000 142.6914
v  77.3737 10.0000 142.6637
v  77.6033 0.0000 142.5970
v  77.4885 5.0000 142.6303
v  77.6033 10.0000 142.5970
v  77.8358 0.0000 142.5190
v  77.7195 5.0000 142.5580
v  77.8358 10.0000 142.5190
v  78.0790 0.0000 142.4301
v  77.9574 5.0000 142.4745
v  78.0790 10.0000 142.4301
v  78.3407 0.0000 142.3306
v  78.2098 5.0000 142.3804
v  78.3407 10.0000 142.3306
v  78.3294 0.0000 151.9715
v  78.3351 5.0000 147.1510
v  78.3294 10.0000 151.9715
v  82.3568 0.0000 151.9694
v  80.3431 5.0000 151.9705
v  82.3568 10.0000 151.9694
v  82.3417 0.0000 136.5121
v  82.3493 5.0000 144.2408
v  82.3417 10.0000 136.5121
v  82.2904 5.0000 135.9439
v  66.1653 0.0000 116.7812
v  80.0775 0.0000 136.6791
v  79.8831 10.0000 110.9988
v  80.0775 10.0000 136.6791
v  80.0154 10.0000 137.0246
v  64.8420 0.0000 112.2400
v  66.8500 0.0000 118.1471
v  66.8851 0.0000 118.2987
v  66.9445 0.0000 118.4547
v  67.0325 0.0000 118.6063
v  65.4190 0.0000 121.2251
v  67.9186 0.0000 119.4944
v  68.1191 0.0000 119.5803
v  68.3659 0.0000 119.6268
v  70.6170 0.0000 119.6391
v  72.7972 0.0000 119.6350
v  72.9355 0.0000 119.6185
v  74.8179 0.0000 120.3720
v  77.9220 0.0000 119.5234
v  80.4771 0.0000 121.3961
v  78.8943 0.0000 118.5987
v  79.0109 0.0000 118.4410
v  79.0972 0.0000 118.2414
v  79.1445 0.0000 117.9954
v  79.8831 0.0000 110.9988
v  65.3282 0.0000 111.7366
v  65.5454 0.0000 111.4789
v  65.7165 0.0000 111.1863
v  65.8359 0.0000 110.8644
v  66.4629 0.0000 109.7092
v  66.4341 0.0000 106.8542
v  66.2879 0.0000 106.0433
v  66.0066 0.0000 105.2873
v  65.6037 0.0000 104.5997
v  65.0924 0.0000 103.9938
v  64.4861 0.0000 103.4829
v  63.7982 0.0000 103.0803
v  63.0421 0.0000 102.7993
v  62.2310 0.0000 102.6532
v  61.3959 0.0000 102.6531
v  60.5854 0.0000 102.7986
v  59.8304 0.0000 103.0787
v  59.1440 0.0000 103.4801
v  58.5395 0.0000 103.9897
v  58.0299 0.0000 104.5943
v  57.6284 0.0000 105.2807
v  57.3484 0.0000 106.0357
v  57.2028 0.0000 106.8461
v  57.2029 0.0000 107.6810
v  57.3484 0.0000 108.4914
v  57.6284 0.0000 109.2465
v  58.0299 0.0000 109.9328
v  58.5395 0.0000 110.5374
v  59.1441 0.0000 111.0470
v  59.8305 0.0000 111.4485
v  60.5855 0.0000 111.7285
v  61.3959 0.0000 111.8741
v  62.3177 0.0000 112.5959
v  63.1870 0.0000 112.4294
v  63.5537 0.0000 111.5440
v  80.6179 0.0000 136.0863
v  80.4717 0.0000 135.2753
v  80.1904 0.0000 134.5194
v  79.7875 0.0000 133.8318
v  79.2762 0.0000 133.2259
v  78.6700 0.0000 132.7149
v  77.9820 0.0000 132.3123
v  77.2259 0.0000 132.0313
v  76.4148 0.0000 131.8853
v  75.5797 0.0000 131.8851
v  74.7693 0.0000 132.0307
v  74.0143 0.0000 132.3107
v  73.3279 0.0000 132.7122
v  72.7233 0.0000 133.2218
v  72.2137 0.0000 133.8263
v  71.8123 0.0000 134.5127
v  71.5322 0.0000 135.2677
v  71.3867 0.0000 136.0782
v  71.3867 0.0000 136.9131
v  71.5322 0.0000 137.7235
v  71.8123 0.0000 138.4785
v  72.2137 0.0000 139.1649
v  72.7233 0.0000 139.7695
v  73.3279 0.0000 140.2791
v  74.0143 0.0000 140.6805
v  74.7693 0.0000 140.9606
v  75.5797 0.0000 141.1061
v  76.5015 0.0000 141.8279
v  77.3708 0.0000 141.6615
v  77.7375 0.0000 140.7760
v  80.3422 0.0000 145.6959
v  79.5077 0.0000 137.8968
v  79.0226 0.0000 139.1682
v  79.7249 0.0000 137.6391
v  79.8961 0.0000 137.3464
v  80.0154 0.0000 137.0246
v  79.1445 10.0000 117.9954
v  79.0972 10.0000 118.2414
v  79.0109 10.0000 118.4410
v  78.8943 10.0000 118.5987
v  80.4771 10.0000 121.3961
v  77.9220 10.0000 119.5234
v  74.8179 10.0000 120.3720
v  72.9355 10.0000 119.6185
v  72.7972 10.0000 119.6350
v  70.6170 10.0000 119.6391
v  68.3659 10.0000 119.6268
v  68.1191 10.0000 119.5803
v  67.9186 10.0000 119.4944
v  65.4190 10.0000 121.2251
v  67.0325 10.0000 118.6063
v  66.9445 10.0000 118.4547
v  66.8851 10.0000 118.2987
v  66.8500 10.0000 118.1471
v  66.1653 10.0000 116.7812
v  63.5537 10.0000 111.5440
v  64.8420 10.0000 112.2400
v  63.1870 10.0000 112.4294
v  62.3177 10.0000 112.5959
v  61.3959 10.0000 111.8741
v  60.5855 10.0000 111.7285
v  59.8305 10.0000 111.4485
v  59.1441 10.0000 111.0470
v  58.5395 10.0000 110.5374
v  58.0299 10.0000 109.9328
v  57.6284 10.0000 109.2465
v  57.3484 10.0000 108.4914
v  57.2029 10.0000 107.6810
v  57.2028 10.0000 106.8461
v  57.3484 10.0000 106.0357
v  57.6284 10.0000 105.2807
v  58.0299 10.0000 104.5943
v  58.5395 10.0000 103.9897
v  59.1440 10.0000 103.4801
v  59.8304 10.0000 103.0787
v  60.5855 10.0000 102.7986
v  61.3959 10.0000 102.6531
v  62.2309 10.0000 102.6532
v  63.0421 10.0000 102.7993
v  63.7982 10.0000 103.0802
v  64.4861 10.0000 103.4829
v  65.0924 10.0000 103.9938
v  65.6037 10.0000 104.5997
v  66.0066 10.0000 105.2873
v  66.2879 10.0000 106.0433
v  66.4341 10.0000 106.8542
v  66.4629 10.0000 109.7092
v  65.8359 10.0000 110.8644
v  65.7165 10.0000 111.1863
v  65.5454 10.0000 111.4789
v  65.3282 10.0000 111.7366
v  80.3422 10.0000 145.6959
v  79.8961 10.0000 137.3464
v  79.7249 10.0000 137.6391
v  79.5077 10.0000 137.8968
v  79.0226 10.0000 139.1682
v  77.7375 10.0000 140.7760
v  77.3708 10.0000 141.6615
v  76.5015 10.0000 141.8279
v  75.5797 10.0000 141.1061
v  74.7693 10.0000 140.9606
v  74.0143 10.0000 140.6805
v  73.3279 10.0000 140.2791
v  72.7233 10.0000 139.7695
v  72.2137 10.0000 139.1649
v  71.8123 10.0000 138.4785
v  71.5322 10.0000 137.7235
v  71.3867 10.0000 136.9131
v  71.3867 10.0000 136.0782
v  71.5322 10.0000 135.2677
v  71.8123 10.0000 134.5127
v  72.2137 10.0000 133.8263
v  72.7233 10.0000 133.2218
v  73.3279 10.0000 132.7122
v  74.0143 10.0000 132.3107
v  74.7693 10.0000 132.0307
v  75.5797 10.0000 131.8851
v  76.4148 10.0000 131.8853
v  77.2259 10.0000 132.0313
v  77.9820 10.0000 132.3123
v  78.6700 10.0000 132.7149
v  79.2762 10.0000 133.2259
v  79.7875 10.0000 133.8318
v  80.1904 10.0000 134.5194
v  80.4717 10.0000 135.2753
v  80.6179 10.0000 136.0863
v  57.5031 0.0000 180.7219
v  57.6358 0.0000 183.0291
v  57.5694 5.0000 181.8755
v  57.6358 10.0000 183.0291
v  57.5031 10.0000 180.7219
v  58.0338 0.0000 185.0648
v  57.8348 5.0000 184.0470
v  58.0338 10.0000 185.0648
v  58.6972 0.0000 186.8292
v  58.3655 5.0000 185.9470
v  58.6972 10.0000 186.8292
v  59.6259 0.0000 188.3221
v  59.1615 5.0000 187.5756
v  59.6259 10.0000 188.3221
v  60.8199 0.0000 189.5435
v  60.2229 5.0000 188.9328
v  60.8199 10.0000 189.5435
v  62.2794 0.0000 190.4936
v  61.5497 5.0000 190.0186
v  62.2794 10.0000 190.4936
v  64.0041 0.0000 191.1721
v  63.1418 5.0000 190.8329
v  64.0041 10.0000 191.1721
v  65.9943 0.0000 191.5793
v  64.9992 5.0000 191.3757
v  65.9943 10.0000 191.5793
v  68.2497 0.0000 191.7150
v  67.1220 5.0000 191.6472
v  68.2497 10.0000 191.7150
v  69.1050 0.0000 191.6870
v  68.6774 5.0000 191.7010
v  69.1050 10.0000 191.6870
v  69.9268 0.0000 191.6031
v  69.5159 5.0000 191.6451
v  69.9268 10.0000 191.6031
v  70.7150 0.0000 191.4632
v  70.3209 5.0000 191.5331
v  70.7150 10.0000 191.4632
v  71.4697 0.0000 191.2673
v  71.0923 5.0000 191.3652
v  71.4697 10.0000 191.2673
v  72.1908 0.0000 191.0155
v  71.8303 5.0000 191.1414
v  72.1908 10.0000 191.0155
v  72.8784 0.0000 190.7077
v  72.5346 5.0000 190.8616
v  72.8784 10.0000 190.7077
v  73.5325 0.0000 190.3439
v  73.2055 5.0000 190.5258
v  73.5325 10.0000 190.3439
v  74.1530 0.0000 189.9242
v  73.8427 5.0000 190.1340
v  74.1530 10.0000 189.9242
v  74.7400 0.0000 189.4485
v  74.4465 5.0000 189.6863
v  74.7400 10.0000 189.4485
v  75.2785 0.0000 188.9258
v  75.0092 5.0000 189.1871
v  75.2785 10.0000 188.9258
v  75.7537 0.0000 188.3650
v  75.5161 5.0000 188.6454
v  75.7537 10.0000 188.3650
v  76.1655 0.0000 187.7661
v  75.9596 5.0000 188.0655
v  76.1655 10.0000 187.7661
v  76.5139 0.0000 187.1292
v  76.3397 5.0000 187.4476
v  76.5139 10.0000 187.1292
v  76.7990 0.0000 186.4541
v  76.6565 5.0000 186.7916
v  76.7990 10.0000 186.4541
v  77.0208 0.0000 185.7410
v  76.9099 5.0000 186.0976
v  77.0208 10.0000 185.7410
v  77.1792 0.0000 184.9899
v  77.1000 5.0000 185.3654
v  77.1792 10.0000 184.9899
v  77.2742 0.0000 184.2006
v  77.2267 5.0000 184.5952
v  77.2742 10.0000 184.2006
v  77.3059 0.0000 183.3733
v  77.2900 5.0000 183.7870
v  77.3059 10.0000 183.3733
v  77.1826 0.0000 181.4072
v  77.2443 5.0000 182.3902
v  77.1826 10.0000 181.4072
v  76.8130 0.0000 179.6723
v  76.9978 5.0000 180.5397
v  76.8130 10.0000 179.6723
v  76.1968 0.0000 178.1688
v  76.5049 5.0000 178.9206
v  76.1968 10.0000 178.1688
v  75.3341 0.0000 176.8966
v  75.7655 5.0000 177.5327
v  75.3341 10.0000 176.8966
v  74.2251 0.0000 175.8557
v  74.7796 5.0000 176.3761
v  74.2251 10.0000 175.8557
v  72.8695 0.0000 175.0461
v  73.5473 5.0000 175.4509
v  72.8695 10.0000 175.0461
v  71.2674 0.0000 174.4678
v  72.0685 5.0000 174.7570
v  71.2674 10.0000 174.4678
v  69.4190 0.0000 174.1209
v  70.3432 5.0000 174.2943
v  69.4190 10.0000 174.1209
v  67.3240 0.0000 174.0052
v  68.3715 5.0000 174.0630
v  67.3240 10.0000 174.0052
v  67.3240 0.0000 142.1275
v  67.3240 5.0000 158.0664
v  67.3240 10.0000 142.1275
v  57.5031 0.0000 142.1275
v  62.4135 5.0000 142.1275
v  57.5031 10.0000 142.1275
v  57.5031 5.0000 161.4247
v  67.3578 0.0000 186.8343
v  66.6329 0.0000 186.6818
v  66.9953 5.0000 186.7581
v  66.6329 10.0000 186.6818
v  67.3578 10.0000 186.8343
v  66.0047 0.0000 186.4278
v  66.3188 5.0000 186.5548
v  66.0047 10.0000 186.4278
v  65.4731 0.0000 186.0721
v  65.7389 5.0000 186.2500
v  65.4731 10.0000 186.0721
v  65.0382 0.0000 185.6149
v  65.2557 5.0000 185.8435
v  65.0382 10.0000 185.6149
v  64.6999 0.0000 185.0560
v  64.8691 5.0000 185.3354
v  64.6999 10.0000 185.0560
v  64.4583 0.0000 184.3954
v  64.5791 5.0000 184.7257
v  64.4583 10.0000 184.3954
v  64.3133 0.0000 183.6333
v  64.3858 5.0000 184.0144
v  64.3133 10.0000 183.6333
v  64.2650 0.0000 182.7696
v  64.2892 5.0000 183.2014
v  64.2650 10.0000 182.7696
v  64.3133 0.0000 181.9438
v  64.2892 5.0000 182.3567
v  64.3133 10.0000 181.9438
v  64.4583 0.0000 181.2152
v  64.3858 5.0000 181.5795
v  64.4583 10.0000 181.2152
v  64.6999 0.0000 180.5838
v  64.5791 5.0000 180.8995
v  64.6999 10.0000 180.5838
v  65.0382 0.0000 180.0495
v  64.8691 5.0000 180.3166
v  65.0382 10.0000 180.0495
v  65.4731 0.0000 179.6123
v  65.2557 5.0000 179.8309
v  65.4731 10.0000 179.6123
v  66.0047 0.0000 179.2723
v  65.7389 5.0000 179.4423
v  66.0047 10.0000 179.2723
v  66.6329 0.0000 179.0294
v  66.3188 5.0000 179.1509
v  66.6329 10.0000 179.0294
v  67.3578 0.0000 178.8837
v  66.9953 5.0000 178.9566
v  67.3578 10.0000 178.8837
v  68.1793 0.0000 178.8352
v  67.7685 5.0000 178.8595
v  68.1793 10.0000 178.8352
v  69.0135 0.0000 178.8837
v  68.5964 5.0000 178.8595
v  69.0135 10.0000 178.8837
v  69.7495 0.0000 179.0294
v  69.3815 5.0000 178.9566
v  69.7495 10.0000 179.0294
v  70.3874 0.0000 179.2723
v  70.0685 5.0000 179.1509
v  70.3874 10.0000 179.2723
v  70.9272 0.0000 179.6123
v  70.6573 5.0000 179.4423
v  70.9272 10.0000 179.6123
v  71.3688 0.0000 180.0495
v  71.1480 5.0000 179.8309
v  71.3688 10.0000 180.0495
v  71.7123 0.0000 180.5838
v  71.5406 5.0000 180.3166
v  71.7123 10.0000 180.5838
v  71.9576 0.0000 181.2152
v  71.8350 5.0000 180.8995
v  71.9576 10.0000 181.2152
v  72.1049 0.0000 181.9438
v  72.0313 5.0000 181.5795
v  72.1049 10.0000 181.9438
v  72.1539 0.0000 182.7696
v  72.1294 5.0000 182.3567
v  72.1539 10.0000 182.7696
v  72.1049 0.0000 183.6333
v  72.1294 5.0000 183.2014
v  72.1049 10.0000 183.6333
v  71.9576 0.0000 184.3954
v  72.0313 5.0000 184.0144
v  71.9576 10.0000 184.3954
v  71.7123 0.0000 185.0560
v  71.8350 5.0000 184.7257
v  71.7123 10.0000 185.0560
v  71.3688 0.0000 185.6149
v  71.5406 5.0000 185.3354
v  71.3688 10.0000 185.6149
v  70.9272 0.0000 186.0721
v  71.1480 5.0000 185.8435
v  70.9272 10.0000 186.0721
v  70.3874 0.0000 186.4278
v  70.6573 5.0000 186.2500
v  70.3874 10.0000 186.4278
v  69.7495 0.0000 186.6818
v  70.0685 5.0000 186.5548
v  69.7495 10.0000 186.6818
v  69.0135 0.0000 186.8343
v  69.3815 5.0000 186.7581
v  69.0135 10.0000 186.8343
v  68.1793 0.0000 186.8851
v  68.5964 5.0000 186.8597
v  68.1793 10.0000 186.8851
v  67.7685 5.0000 186.8597
v  62.2204 0.0000 180.8403
v  62.2204 10.0000 180.8403
v  62.4137 10.0000 180.4517
v  61.0620 0.0000 183.6242
v  62.0916 0.0000 181.2936
v  60.9293 0.0000 182.1161
v  61.3756 0.0000 184.9807
v  61.8703 0.0000 186.1507
v  62.5460 0.0000 187.1341
v  63.4027 0.0000 187.9310
v  64.4403 0.0000 188.5414
v  65.6590 0.0000 188.9653
v  66.6616 0.0000 188.3651
v  67.4453 0.0000 189.2534
v  68.8949 0.0000 189.7449
v  70.1749 0.0000 189.5699
v  71.3352 0.0000 189.2200
v  72.3757 0.0000 188.6951
v  73.2935 0.0000 187.9971
v  74.4654 0.0000 187.1428
v  74.8007 0.0000 185.7551
v  75.1073 0.0000 184.5921
v  74.7097 0.0000 183.4942
v  74.6868 0.0000 182.3735
v  74.5145 0.0000 181.0596
v  74.1699 0.0000 179.9100
v  73.6530 0.0000 178.9247
v  72.9638 0.0000 178.1035
v  72.1023 0.0000 177.4466
v  71.0685 0.0000 176.9539
v  69.8624 0.0000 176.6255
v  68.4839 0.0000 176.4612
v  67.6204 0.0000 177.2414
v  62.4135 0.0000 159.7455
v  63.3802 0.0000 179.6745
v  64.7044 0.0000 178.1601
v  62.9936 0.0000 179.8688
v  62.6715 0.0000 180.1279
v  62.4137 0.0000 180.4517
v  60.9293 10.0000 182.1161
v  62.4135 10.0000 159.7455
v  62.6715 10.0000 180.1279
v  62.9936 10.0000 179.8688
v  63.3802 10.0000 179.6745
v  64.7044 10.0000 178.1601
v  67.6204 10.0000 177.2414
v  68.4839 10.0000 176.4612
v  69.8624 10.0000 176.6255
v  71.0685 10.0000 176.9539
v  72.1023 10.0000 177.4466
v  72.9638 10.0000 178.1035
v  73.6530 10.0000 178.9247
v  74.1699 10.0000 179.9100
v  74.5145 10.0000 181.0596
v  74.6868 10.0000 182.3735
v  74.7097 10.0000 183.4942
v  75.1073 10.0000 184.5921
v  74.8007 10.0000 185.7551
v  74.4654 10.0000 187.1428
v  73.2935 10.0000 187.9971
v  72.3757 10.0000 188.6951
v  71.3352 10.0000 189.2200
v  70.1749 10.0000 189.5699
v  68.8949 10.0000 189.7449
v  67.4453 10.0000 189.2534
v  66.6616 10.0000 188.3651
v  65.6590 10.0000 188.9653
v  64.4403 10.0000 188.5414
v  63.4027 10.0000 187.9310
v  62.5460 10.0000 187.1341
v  61.8703 10.0000 186.1507
v  61.3756 10.0000 184.9807
v  61.0620 10.0000 183.6242
v  62.0916 10.0000 181.2936
# 1055 vertices

vn -0.6749 -0.7278 -0.1221
vn -0.6433 -0.7273 -0.2391
vn -0.9642 0.0000 -0.2651
vn -0.6433 0.7273 -0.2391
vn -0.6749 0.7278 -0.1221
vn -0.5926 -0.7270 -0.3469
vn -0.9032 0.0000 -0.4292
vn -0.5926 0.7270 -0.3469
vn -0.5252 -0.7267 -0.4428
vn -0.8164 0.0000 -0.5774
vn -0.5252 0.7267 -0.4428
vn -0.4428 -0.7267 -0.5252
vn -0.7071 0.0000 -0.7071
vn -0.4428 0.7267 -0.5252
vn -0.3469 -0.7269 -0.5926
vn -0.5774 0.0000 -0.8165
vn -0.3469 0.7269 -0.5926
vn -0.2392 -0.7274 -0.6432
vn -0.4292 0.0000 -0.9032
vn -0.2392 0.7274 -0.6432
vn -0.1221 -0.7278 -0.6749
vn -0.2651 0.0000 -0.9642
vn -0.1221 0.7278 -0.6749
vn 0.0000 -0.7278 -0.6858
vn -0.0894 0.0000 -0.9960
vn 0.0000 0.7278 -0.6858
vn 0.1221 -0.7278 -0.6749
vn 0.0894 0.0000 -0.9960
vn 0.1221 0.7278 -0.6749
vn 0.2392 -0.7274 -0.6432
vn 0.2651 0.0000 -0.9642
vn 0.2392 0.7274 -0.6432
vn 0.3469 -0.7270 -0.5926
vn 0.4292 0.0000 -0.9032
vn 0.3469 0.7270 -0.5926
vn 0.4428 -0.7267 -0.5252
vn 0.5774 0.0000 -0.8165
vn 0.4428 0.7267 -0.5252
vn 0.5252 -0.7267 -0.4428
vn 0.7071 0.0000 -0.7071
vn 0.5252 0.7267 -0.4428
vn 0.5926 -0.7270 -0.3469
vn 0.8164 0.0000 -0.5774
vn 0.5926 0.7270 -0.3469
vn 0.6433 -0.7273 -0.2391
vn 0.9032 0.0000 -0.4292
vn 0.6433 0.7273 -0.2391
vn 0.6749 -0.7278 -0.1221
vn 0.9642 0.0000 -0.2651
vn 0.6749 0.7278 -0.1221
vn 0.6858 -0.7278 -0.0000
vn 0.9960 0.0000 -0.0894
vn 0.6858 0.7278 -0.0000
vn 0.6749 -0.7278 0.1220
vn 0.9960 0.0000 0.0894
vn 0.6749 0.7278 0.1220
vn 0.6432 -0.7274 0.2392
vn 0.9642 0.0000 0.2651
vn 0.6432 0.7274 0.2392
vn 0.5926 -0.7269 0.3469
vn 0.9032 0.0000 0.4292
vn 0.5926 0.7269 0.3469
vn 0.5252 -0.7267 0.4428
vn 0.8165 0.0000 0.5774
vn 0.5252 0.7267 0.4428
vn 0.4428 -0.7267 0.5252
vn 0.7071 0.0000 0.7071
vn 0.4428 0.7267 0.5252
vn 0.3469 -0.7270 0.5926
vn 0.5774 0.0000 0.8165
vn 0.3469 0.7270 0.5926
vn 0.2392 -0.7274 0.6432
vn 0.4292 0.0000 0.9032
vn 0.2392 0.7274 0.6432
vn 0.1221 -0.7278 0.6749
vn 0.2651 0.0000 0.9642
vn 0.1221 0.7278 0.6749
vn -0.0000 -0.7278 0.6858
vn 0.0894 0.0000 0.9960
vn 0.0000 0.7278 0.6858
vn -0.1221 -0.7278 0.6749
vn -0.0894 0.0000 0.9960
vn -0.1221 0.7278 0.6749
vn -0.2392 -0.7274 0.6432
vn -0.2651 0.0000 0.9642
vn -0.2392 0.7274 0.6432
vn -0.3469 -0.7270 0.5926
vn -0.4292 0.0000 0.9032
vn -0.3469 0.7270 0.5926
vn -0.4428 -0.7267 0.5252
vn -0.5774 0.0000 0.8165
vn -0.4428 0.7267 0.5252
vn -0.5252 -0.7267 0.4428
vn -0.7071 0.0000 0.7071
vn -0.5252 0.7267 0.4428
vn -0.5926 -0.7269 0.3469
vn -0.8165 0.0000 0.5774
vn -0.5926 0.7269 0.3469
vn -0.6432 -0.7274 0.2392
vn -0.9032 0.0000 0.4293
vn -0.6432 0.7274 0.2392
vn -0.6749 -0.7278 0.1221
vn -0.9642 0.0000 0.2651
vn -0.6749 0.7278 0.1221
vn -0.6858 -0.7278 -0.0000
vn -0.9960 0.0000 0.0894
vn -0.6858 0.7278 -0.0000
vn -0.9960 0.0000 -0.0894
vn 0.7145 -0.6875 -0.1299
vn 0.6800 -0.6879 -0.2539
vn 0.9639 0.0000 -0.2663
vn 0.6800 0.6879 -0.2539
vn 0.7145 0.6875 -0.1299
vn 0.6256 -0.6883 -0.3672
vn 0.9026 0.0000 -0.4305
vn 0.6256 0.6883 -0.3672
vn 0.5541 -0.6886 -0.4678
vn 0.8158 0.0000 -0.5783
vn 0.5541 0.6886 -0.4678
vn 0.4674 -0.6886 -0.5545
vn 0.7068 0.0000 -0.7074
vn 0.4674 0.6886 -0.5545
vn 0.3667 -0.6883 -0.6259
vn 0.5775 0.0000 -0.8164
vn 0.3667 0.6883 -0.6259
vn 0.2535 -0.6879 -0.6801
vn 0.4299 0.0000 -0.9029
vn 0.2535 0.6879 -0.6801
vn 0.1297 -0.6875 -0.7145
vn 0.2659 0.0000 -0.9640
vn 0.1297 0.6875 -0.7145
vn 0.0002 -0.6875 -0.7262
vn 0.0899 0.0000 -0.9960
vn 0.0002 0.6875 -0.7262
vn -0.1292 -0.6876 -0.7145
vn -0.1292 0.6876 -0.7145
vn -0.2529 -0.6879 -0.6803
vn -0.2529 0.6879 -0.6803
vn -0.3665 -0.6883 -0.6261
vn -0.3665 0.6883 -0.6261
vn -0.4675 -0.6885 -0.5545
vn -0.4675 0.6885 -0.5545
vn -0.5545 -0.6885 -0.4675
vn -0.5545 0.6885 -0.4675
vn -0.6261 -0.6883 -0.3665
vn -0.8165 0.0000 -0.5774
vn -0.6261 0.6883 -0.3665
vn -0.6803 -0.6879 -0.2529
vn -0.6803 0.6879 -0.2529
vn -0.7145 -0.6876 -0.1292
vn -0.7145 0.6876 -0.1292
vn -0.7262 -0.6875 0.0000
vn -0.7262 0.6875 0.0000
vn -0.7145 -0.6876 0.1292
vn -0.7145 0.6876 0.1292
vn -0.6803 -0.6879 0.2529
vn -0.6803 0.6879 0.2529
vn -0.6261 -0.6883 0.3665
vn -0.9032 0.0000 0.4292
vn -0.6261 0.6883 0.3665
vn -0.5545 -0.6885 0.4675
vn -0.5545 0.6885 0.4675
vn -0.4675 -0.6885 0.5545
vn -0.4675 0.6885 0.5545
vn -0.3665 -0.6883 0.6261
vn -0.3665 0.6883 0.6261
vn -0.2529 -0.6879 0.6803
vn -0.2529 0.6879 0.6803
vn -0.1292 -0.6876 0.7145
vn -0.1292 0.6876 0.7145
vn -0.0252 -0.6951 0.7185
vn -0.0252 0.6951 0.7185
vn 0.0298 -0.7021 0.7115
vn 0.0193 0.0000 0.9998
vn 0.0298 0.7021 0.7115
vn 0.0646 -0.7012 0.7100
vn 0.0644 0.0000 0.9979
vn 0.0646 0.7012 0.7100
vn 0.1035 -0.7007 0.7059
vn 0.1167 0.0000 0.9932
vn 0.1035 0.7007 0.7059
vn 0.1438 -0.7007 0.6988
vn 0.1734 0.0000 0.9849
vn 0.1438 0.7007 0.6988
vn 0.1814 -0.7014 0.6894
vn 0.2295 0.0000 0.9733
vn 0.1814 0.7014 0.6894
vn 0.2125 -0.7026 0.6791
vn 0.2793 0.0000 0.9602
vn 0.2125 0.7026 0.6791
vn 0.2348 -0.7041 0.6702
vn 0.3179 0.0000 0.9481
vn 0.2348 0.7041 0.6702
vn 0.2475 -0.7057 0.6639
vn 0.3433 0.0000 0.9392
vn 0.2475 0.7057 0.6639
vn -0.1882 -0.9435 0.2728
vn 0.3553 0.0000 0.9347
vn -0.1882 0.9435 0.2728
vn -0.7155 -0.6980 0.0289
vn -1.0000 0.0000 -0.0005
vn -0.7155 0.6980 0.0289
vn -0.7140 -0.6916 0.1092
vn -0.9967 0.0000 0.0810
vn -0.7140 0.6916 0.1092
vn -0.6916 -0.6928 0.2042
vn -0.9754 0.0000 0.2205
vn -0.6916 0.6928 0.2042
vn -0.6592 -0.6923 0.2936
vn -0.9388 0.0000 0.3446
vn -0.6592 0.6923 0.2936
vn -0.6122 -0.6906 0.3851
vn -0.8841 0.0000 0.4673
vn -0.6122 0.6906 0.3851
vn -0.5437 -0.6880 0.4807
vn -0.8040 0.0000 0.5947
vn -0.5437 0.6880 0.4807
vn -0.4461 -0.6852 0.5758
vn -0.6887 0.0000 0.7250
vn -0.4461 0.6852 0.5758
vn -0.3160 -0.6830 0.6586
vn -0.5299 0.0000 0.8481
vn -0.3160 0.6830 0.6586
vn -0.1609 -0.6823 0.7131
vn -0.3299 0.0000 0.9440
vn -0.1609 0.6823 0.7131
vn -0.0387 -0.6952 0.7178
vn -0.1075 0.0000 0.9942
vn -0.0387 0.6952 0.7178
vn 0.0116 -0.7035 0.7106
vn 0.0000 0.0000 1.0000
vn 0.0116 0.7035 0.7106
vn 0.0518 -0.6983 0.7140
vn 0.0325 0.0000 0.9995
vn 0.0518 0.6983 0.7140
vn 0.1209 -0.6946 0.7092
vn 0.1120 0.0000 0.9937
vn 0.1209 0.6946 0.7092
vn 0.2143 -0.6906 0.6908
vn 0.2237 0.0000 0.9747
vn 0.2143 0.6906 0.6908
vn 0.3306 -0.6862 0.6479
vn 0.3673 0.0000 0.9301
vn 0.3306 0.6862 0.6479
vn 0.4607 -0.6823 0.5676
vn 0.5376 0.0000 0.8432
vn 0.4607 0.6823 0.5676
vn 0.5825 -0.6805 0.4445
vn 0.7145 0.0000 0.6996
vn 0.5825 0.6805 0.4445
vn 0.6708 -0.6816 0.2924
vn 0.8634 0.0000 0.5045
vn 0.6708 0.6816 0.2924
vn 0.7152 -0.6850 0.1389
vn 0.9573 0.0000 0.2891
vn 0.7152 0.6850 0.1389
vn 0.7163 -0.6971 0.0324
vn 0.9959 0.0000 0.0902
vn 0.7163 0.6971 0.0324
vn 0.5774 -0.5774 -0.5774
vn 1.0000 0.0000 -0.0000
vn 0.5774 0.5774 -0.5774
vn -0.5774 -0.5774 -0.5774
vn 0.0000 0.0000 -1.0000
vn -0.5774 0.5774 -0.5774
vn -0.6953 -0.7179 -0.0330
vn -1.0000 0.0000 -0.0000
vn -0.6953 0.7179 -0.0330
vn -0.6689 -0.7311 -0.1344
vn -0.9955 0.0000 -0.0946
vn -0.6689 0.7311 -0.1344
vn -0.6221 -0.7334 -0.2740
vn -0.9548 0.0000 -0.2971
vn -0.6221 0.7334 -0.2740
vn -0.5448 -0.7334 -0.4066
vn -0.8637 0.0000 -0.5040
vn -0.5448 0.7334 -0.4066
vn -0.4469 -0.7309 -0.5158
vn -0.7289 0.0000 -0.6847
vn -0.4469 0.7309 -0.5158
vn -0.3430 -0.7274 -0.5944
vn -0.5739 0.0000 -0.8190
vn -0.3430 0.7274 -0.5944
vn -0.2449 -0.7238 -0.6451
vn -0.4219 0.0000 -0.9066
vn -0.2449 0.7238 -0.6451
vn -0.1574 -0.7210 -0.6748
vn -0.2860 0.0000 -0.9582
vn -0.1574 0.7210 -0.6748
vn -0.0799 -0.7192 -0.6901
vn -0.1676 0.0000 -0.9859
vn -0.0799 0.7192 -0.6901
vn -0.0218 -0.7142 -0.6996
vn -0.0622 0.0000 -0.9981
vn -0.0218 0.7142 -0.6996
vn 0.0315 -0.7174 -0.6959
vn 0.0315 0.7174 -0.6959
vn 0.1317 -0.7312 -0.6693
vn 0.0904 0.0000 -0.9959
vn 0.1317 0.7312 -0.6693
vn 0.2720 -0.7335 -0.6229
vn 0.2937 0.0000 -0.9559
vn 0.2720 0.7335 -0.6229
vn 0.4051 -0.7334 -0.5458
vn 0.5015 0.0000 -0.8652
vn 0.4051 0.7334 -0.5458
vn 0.5149 -0.7311 -0.4477
vn 0.6829 0.0000 -0.7305
vn 0.5149 0.7311 -0.4477
vn 0.5940 -0.7275 -0.3433
vn 0.8182 0.0000 -0.5749
vn 0.5940 0.7275 -0.3433
vn 0.6451 -0.7242 -0.2439
vn 0.9066 0.0000 -0.4219
vn 0.6451 0.7242 -0.2439
vn 0.6750 -0.7214 -0.1544
vn 0.9590 0.0000 -0.2835
vn 0.6750 0.7214 -0.1544
vn 0.6901 -0.7200 -0.0736
vn 0.9868 0.0000 -0.1617
vn 0.6901 0.7200 -0.0736
vn 0.7013 -0.7126 -0.0181
vn 0.9987 0.0000 -0.0501
vn 0.7013 0.7126 -0.0181
vn 0.7161 -0.6973 -0.0328
vn 1.0000 0.0000 -0.0014
vn 0.7161 0.6973 -0.0328
vn 0.9959 0.0000 -0.0900
vn 0.5774 0.0000 0.8164
vn 0.2391 -0.7274 0.6432
vn 0.2391 0.7274 0.6432
vn 0.0000 -0.7278 0.6858
vn -0.6858 -0.7278 0.0000
vn -0.6858 0.7278 0.0000
vn 0.5541 -0.6886 -0.4679
vn 0.5541 0.6886 -0.4679
vn 0.0645 -0.7012 0.7100
vn 0.0643 0.0000 0.9979
vn 0.0645 0.7012 0.7100
vn -0.1882 -0.9436 0.2725
vn -0.1882 0.9436 0.2725
vn -0.5776 -0.5773 0.5772
vn -1.0000 0.0000 -0.0012
vn -0.5776 0.5773 0.5772
vn 0.5778 -0.5773 0.5769
vn 0.0005 0.0000 1.0000
vn 0.5778 0.5773 0.5769
vn 0.7161 -0.6972 -0.0326
vn 1.0000 0.0000 -0.0010
vn 0.7161 0.6972 -0.0326
vn 0.0000 -1.0000 -0.0000
vn 0.0000 1.0000 -0.0000
vn -0.7132 -0.7007 0.0205
vn -0.7161 -0.6922 0.0902
vn -0.9984 0.0000 0.0574
vn -0.7161 0.6922 0.0902
vn -0.7132 0.7007 0.0205
vn -0.6974 -0.6889 0.1978
vn -0.9814 0.0000 0.1919
vn -0.6974 0.6889 0.1978
vn -0.6529 -0.6856 0.3219
vn -0.9360 0.0000 0.3519
vn -0.6529 0.6856 0.3219
vn -0.5743 -0.6835 0.4506
vn -0.8491 0.0000 0.5282
vn -0.5743 0.6835 0.4506
vn -0.4630 -0.6832 0.5646
vn -0.7151 0.0000 0.6990
vn -0.4630 0.6832 0.5646
vn -0.3338 -0.6851 0.6475
vn -0.5456 0.0000 0.8381
vn -0.3338 0.6851 0.6475
vn -0.2063 -0.6882 0.6956
vn -0.3661 0.0000 0.9306
vn -0.2063 0.6882 0.6956
vn -0.0943 -0.6915 0.7162
vn -0.2004 0.0000 0.9797
vn -0.0943 0.6915 0.7162
vn -0.0098 -0.6968 0.7172
vn -0.0601 0.0000 0.9982
vn -0.0098 0.6968 0.7172
vn 0.0480 -0.6994 0.7131
vn 0.0327 0.0000 0.9995
vn 0.0480 0.6994 0.7131
vn 0.0989 -0.6989 0.7084
vn 0.1016 0.0000 0.9948
vn 0.0989 0.6989 0.7084
vn 0.1526 -0.6984 0.6993
vn 0.1748 0.0000 0.9846
vn 0.1526 0.6984 0.6993
vn 0.2082 -0.6980 0.6852
vn 0.2512 0.0000 0.9679
vn 0.2082 0.6980 0.6852
vn 0.2647 -0.6977 0.6657
vn 0.3297 0.0000 0.9441
vn 0.2647 0.6977 0.6657
vn 0.3208 -0.6975 0.6408
vn 0.4086 0.0000 0.9127
vn 0.3208 0.6975 0.6408
vn 0.3753 -0.6974 0.6105
vn 0.4861 0.0000 0.8739
vn 0.3753 0.6974 0.6105
vn 0.4267 -0.6975 0.5757
vn 0.5603 0.0000 0.8283
vn 0.4267 0.6975 0.5757
vn 0.4758 -0.6972 0.5362
vn 0.6296 0.0000 0.7769
vn 0.4758 0.6972 0.5362
vn 0.5244 -0.6963 0.4901
vn 0.6965 0.0000 0.7176
vn 0.5244 0.6963 0.4901
vn 0.5705 -0.6960 0.4361
vn 0.7630 0.0000 0.6465
vn 0.5705 0.6960 0.4361
vn 0.6117 -0.6958 0.3763
vn 0.8240 0.0000 0.5666
vn 0.6117 0.6958 0.3763
vn 0.6466 -0.6959 0.3124
vn 0.8773 0.0000 0.4799
vn 0.6466 0.6959 0.3124
vn 0.6742 -0.6962 0.2465
vn 0.9212 0.0000 0.3891
vn 0.6742 0.6962 0.2465
vn 0.6942 -0.6967 0.1807
vn 0.9549 0.0000 0.2969
vn 0.6942 0.6967 0.1807
vn 0.7071 -0.6973 0.1169
vn 0.9785 0.0000 0.2063
vn 0.7071 0.6973 0.1169
vn 0.7138 -0.6980 0.0565
vn 0.9928 0.0000 0.1195
vn 0.7138 0.6980 0.0565
vn 0.7181 -0.6959 -0.0087
vn 0.9993 0.0000 0.0383
vn 0.7181 0.6959 -0.0087
vn 0.7162 -0.6909 -0.0982
vn 0.9980 0.0000 -0.0626
vn 0.7162 0.6909 -0.0982
vn 0.6938 -0.6875 -0.2142
vn 0.9780 0.0000 -0.2084
vn 0.6938 0.6875 -0.2142
vn 0.6423 -0.6846 -0.3446
vn 0.9253 0.0000 -0.3792
vn 0.6423 0.6846 -0.3446
vn 0.5555 -0.6831 -0.4741
vn 0.8277 0.0000 -0.5612
vn 0.5555 0.6831 -0.4741
vn 0.4393 -0.6837 -0.5827
vn 0.6843 0.0000 -0.7292
vn 0.4393 0.6837 -0.5827
vn 0.3114 -0.6862 -0.6574
vn 0.5127 0.0000 -0.8585
vn 0.3114 0.6862 -0.6574
vn 0.1904 -0.6895 -0.6989
vn 0.3395 0.0000 -0.9406
vn 0.1904 0.6895 -0.6989
vn 0.0866 -0.6927 -0.7160
vn 0.1845 0.0000 -0.9828
vn 0.0866 0.6927 -0.7160
vn 0.3196 -0.8980 -0.3024
vn 0.0551 0.0000 -0.9985
vn 0.3196 0.8980 -0.3024
vn 0.0925 -0.7238 -0.6837
vn 0.2000 -0.7276 -0.6563
vn 0.2058 0.0000 -0.9786
vn 0.2000 0.7276 -0.6563
vn 0.0925 0.7238 -0.6837
vn 0.3194 -0.7309 -0.6031
vn 0.3749 0.0000 -0.9271
vn 0.3194 0.7309 -0.6031
vn 0.4384 -0.7328 -0.5204
vn 0.5561 0.0000 -0.8311
vn 0.4384 0.7328 -0.5204
vn 0.5413 -0.7322 -0.4134
vn 0.7246 0.0000 -0.6892
vn 0.5413 0.7322 -0.4134
vn 0.6166 -0.7295 -0.2959
vn 0.8555 0.0000 -0.5178
vn 0.6166 0.7295 -0.2959
vn 0.6630 -0.7259 -0.1830
vn 0.9391 0.0000 -0.3435
vn 0.6630 0.7259 -0.1830
vn 0.6865 -0.7223 -0.0841
vn 0.9824 0.0000 -0.1869
vn 0.6865 0.7223 -0.0841
vn 0.6938 -0.7202 0.0009
vn 0.9984 0.0000 -0.0559
vn 0.6938 0.7202 0.0009
vn 0.6853 -0.7230 0.0878
vn 0.9983 0.0000 0.0584
vn 0.6853 0.7230 0.0878
vn 0.6601 -0.7266 0.1905
vn 0.9808 0.0000 0.1952
vn 0.6601 0.7266 0.1905
vn 0.6108 -0.7302 0.3064
vn 0.9340 0.0000 0.3574
vn 0.6108 0.7302 0.3064
vn 0.5321 -0.7325 0.4247
vn 0.8449 0.0000 0.5349
vn 0.5321 0.7325 0.4247
vn 0.4272 -0.7325 0.5300
vn 0.7089 0.0000 0.7053
vn 0.4272 0.7325 0.5300
vn 0.3088 -0.7303 0.6094
vn 0.5388 0.0000 0.8424
vn 0.3088 0.7303 0.6094
vn 0.1922 -0.7268 0.6594
vn 0.3606 0.0000 0.9327
vn 0.1922 0.7268 0.6594
vn 0.0887 -0.7231 0.6850
vn 0.1971 0.0000 0.9804
vn 0.0887 0.7231 0.6850
vn 0.0003 -0.7205 0.6934
vn 0.0590 0.0000 0.9983
vn 0.0003 0.7205 0.6934
vn -0.0874 -0.7229 0.6854
vn -0.0581 0.0000 0.9983
vn -0.0874 0.7229 0.6854
vn -0.1896 -0.7265 0.6605
vn -0.1942 0.0000 0.9810
vn -0.1896 0.7265 0.6605
vn -0.3052 -0.7301 0.6114
vn -0.3558 0.0000 0.9346
vn -0.3052 0.7301 0.6114
vn -0.4234 -0.7325 0.5331
vn -0.5330 0.0000 0.8461
vn -0.4234 0.7325 0.5331
vn -0.5289 -0.7326 0.4285
vn -0.7035 0.0000 0.7107
vn -0.5289 0.7326 0.4285
vn -0.6087 -0.7304 0.3099
vn -0.8412 0.0000 0.5408
vn -0.6087 0.7304 0.3099
vn -0.6591 -0.7269 0.1931
vn -0.9321 0.0000 0.3622
vn -0.6591 0.7269 0.1931
vn -0.6849 -0.7232 0.0891
vn -0.9802 0.0000 0.1981
vn -0.6849 0.7232 0.0891
vn -0.6936 -0.7204 0.0009
vn -0.9982 0.0000 0.0593
vn -0.6936 0.7204 0.0009
vn -0.6861 -0.7225 -0.0854
vn -0.9984 0.0000 -0.0567
vn -0.6861 0.7225 -0.0854
vn -0.6621 -0.7261 -0.1855
vn -0.9819 0.0000 -0.1896
vn -0.6621 0.7261 -0.1855
vn -0.6147 -0.7297 -0.2995
vn -0.9374 0.0000 -0.3482
vn -0.6147 0.7297 -0.2995
vn -0.5382 -0.7323 -0.4173
vn -0.8520 0.0000 -0.5236
vn -0.5382 0.7323 -0.4173
vn -0.4346 -0.7327 -0.5237
vn -0.7193 0.0000 -0.6947
vn -0.4346 0.7327 -0.5237
vn -0.3157 -0.7307 -0.6053
vn -0.5502 0.0000 -0.8350
vn -0.3157 0.7307 -0.6053
vn -0.1973 -0.7273 -0.6574
vn -0.3700 0.0000 -0.9290
vn -0.1973 0.7273 -0.6574
vn -0.0912 -0.7236 -0.6842
vn -0.2028 0.0000 -0.9792
vn -0.0912 0.7236 -0.6842
vn 0.0003 -0.7212 -0.6928
vn -0.0608 0.0000 -0.9982
vn 0.0003 0.7212 -0.6928
vn 0.0617 0.0000 -0.9981
# 570 vertex normals

o Vowels_4
g Vowels_4
s 1
f 1//1 2//2 3//3 
f 2//2 4//4 3//3 
f 4//4 5//5 3//3 
f 5//5 1//1 3//3 
s 3
f 2//2 6//6 7//7 
f 6//6 8//8 7//7 
f 8//8 4//4 7//7 
f 4//4 2//2 7//7 
s 2
f 6//6 9//9 10//10 
f 9//9 11//11 10//10 
f 11//11 8//8 10//10 
f 8//8 6//6 10//10 
f 9//9 12//12 13//13 
f 12//12 14//14 13//13 
f 14//14 11//11 13//13 
f 11//11 9//9 13//13 
f 12//12 15//15 16//16 
f 15//15 17//17 16//16 
f 17//17 14//14 16//16 
f 14//14 12//12 16//16 
f 15//15 18//18 19//19 
f 18//18 20//20 19//19 
f 20//20 17//17 19//19 
f 17//17 15//15 19//19 
f 18//18 21//21 22//22 
f 21//21 23//23 22//22 
f 23//23 20//20 22//22 
f 20//20 18//18 22//22 
f 21//21 24//24 25//25 
f 24//24 26//26 25//25 
f 26//26 23//23 25//25 
f 23//23 21//21 25//25 
f 24//24 27//27 28//28 
f 27//27 29//29 28//28 
f 29//29 26//26 28//28 
f 26//26 24//24 28//28 
f 27//27 30//30 31//31 
f 30//30 32//32 31//31 
f 32//32 29//29 31//31 
f 29//29 27//27 31//31 
f 30//30 33//33 34//34 
f 33//33 35//35 34//34 
f 35//35 32//32 34//34 
f 32//32 30//30 34//34 
f 33//33 36//36 37//37 
f 36//36 38//38 37//37 
f 38//38 35//35 37//37 
f 35//35 33//33 37//37 
f 36//36 39//39 40//40 
f 39//39 41//41 40//40 
f 41//41 38//38 40//40 
f 38//38 36//36 40//40 
f 39//39 42//42 43//43 
f 42//42 44//44 43//43 
f 44//44 41//41 43//43 
f 41//41 39//39 43//43 
f 42//42 45//45 46//46 
f 45//45 47//47 46//46 
f 47//47 44//44 46//46 
f 44//44 42//42 46//46 
f 45//45 48//48 49//49 
f 48//48 50//50 49//49 
f 50//50 47//47 49//49 
f 47//47 45//45 49//49 
f 48//48 51//51 52//52 
f 51//51 53//53 52//52 
f 53//53 50//50 52//52 
f 50//50 48//48 52//52 
f 51//51 54//54 55//55 
f 54//54 56//56 55//55 
f 56//56 53//53 55//55 
f 53//53 51//51 55//55 
f 54//54 57//57 58//58 
f 57//57 59//59 58//58 
f 59//59 56//56 58//58 
f 56//56 54//54 58//58 
f 57//57 60//60 61//61 
f 60//60 62//62 61//61 
f 62//62 59//59 61//61 
f 59//59 57//57 61//61 
f 60//60 63//63 64//64 
f 63//63 65//65 64//64 
f 65//65 62//62 64//64 
f 62//62 60//60 64//64 
f 63//63 66//66 67//67 
f 66//66 68//68 67//67 
f 68//68 65//65 67//67 
f 65//65 63//63 67//67 
f 66//66 69//69 70//70 
f 69//69 71//71 70//70 
f 71//71 68//68 70//70 
f 68//68 66//66 70//70 
f 69//69 72//72 73//73 
f 72//72 74//74 73//73 
f 74//74 71//71 73//73 
f 71//71 69//69 73//73 
f 72//72 75//75 76//76 
f 75//75 77//77 76//76 
f 77//77 74//74 76//76 
f 74//74 72//72 76//76 
f 75//75 78//78 79//79 
f 78//78 80//80 79//79 
f 80//80 77//77 79//79 
f 77//77 75//75 79//79 
f 78//78 81//81 82//82 
f 81//81 83//83 82//82 
f 83//83 80//80 82//82 
f 80//80 78//78 82//82 
f 81//81 84//84 85//85 
f 84//84 86//86 85//85 
f 86//86 83//83 85//85 
f 83//83 81//81 85//85 
f 84//84 87//87 88//88 
f 87//87 89//89 88//88 
f 89//89 86//86 88//88 
f 86//86 84//84 88//88 
f 87//87 90//90 91//91 
f 90//90 92//92 91//91 
f 92//92 89//89 91//91 
f 89//89 87//87 91//91 
f 90//90 93//93 94//94 
f 93//93 95//95 94//94 
f 95//95 92//92 94//94 
f 92//92 90//90 94//94 
f 93//93 96//96 97//97 
f 96//96 98//98 97//97 
f 98//98 95//95 97//97 
f 95//95 93//93 97//97 
f 96//96 99//99 100//100 
f 99//99 101//101 100//100 
f 101//101 98//98 100//100 
f 98//98 96//96 100//100 
f 99//99 102//102 103//103 
f 102//102 104//104 103//103 
f 104//104 101//101 103//103 
f 101//101 99//99 103//103 
f 102//102 105//105 106//106 
f 105//105 107//107 106//106 
f 107//107 104//104 106//106 
f 104//104 102//102 106//106 
s 3
f 105//105 1//1 108//108 
f 1//1 5//5 108//108 
f 5//5 107//107 108//108 
f 107//107 105//105 108//108 
s 1
f 109//109 110//110 111//111 
f 110//110 112//112 111//111 
f 112//112 113//113 111//111 
f 113//113 109//109 111//111 
s 3
f 110//110 114//114 115//115 
f 114//114 116//116 115//115 
f 116//116 112//112 115//115 
f 112//112 110//110 115//115 
s 2
f 114//114 117//117 118//118 
f 117//117 119//119 118//118 
f 119//119 116//116 118//118 
f 116//116 114//114 118//118 
f 117//117 120//120 121//121 
f 120//120 122//122 121//121 
f 122//122 119//119 121//121 
f 119//119 117//117 121//121 
f 120//120 123//123 124//124 
f 123//123 125//125 124//124 
f 125//125 122//122 124//124 
f 122//122 120//120 124//124 
f 123//123 126//126 127//127 
f 126//126 128//128 127//127 
f 128//128 125//125 127//127 
f 125//125 123//123 127//127 
f 126//126 129//129 130//130 
f 129//129 131//131 130//130 
f 131//131 128//128 130//130 
f 128//128 126//126 130//130 
f 129//129 132//132 133//133 
f 132//132 134//134 133//133 
f 134//134 131//131 133//133 
f 131//131 129//129 133//133 
f 132//132 135//135 136//25 
f 135//135 137//136 136//25 
f 137//136 134//134 136//25 
f 134//134 132//132 136//25 
f 135//135 138//137 139//22 
f 138//137 140//138 139//22 
f 140//138 137//136 139//22 
f 137//136 135//135 139//22 
f 138//137 141//139 142//19 
f 141//139 143//140 142//19 
f 143//140 140//138 142//19 
f 140//138 138//137 142//19 
f 141//139 144//141 145//16 
f 144//141 146//142 145//16 
f 146//142 143//140 145//16 
f 143//140 141//139 145//16 
f 144//141 147//143 148//13 
f 147//143 149//144 148//13 
f 149//144 146//142 148//13 
f 146//142 144//141 148//13 
f 147//143 150//145 151//146 
f 150//145 152//147 151//146 
f 152//147 149//144 151//146 
f 149//144 147//143 151//146 
f 150//145 153//148 154//7 
f 153//148 155//149 154//7 
f 155//149 152//147 154//7 
f 152//147 150//145 154//7 
f 153//148 156//150 157//3 
f 156//150 158//151 157//3 
f 158//151 155//149 157//3 
f 155//149 153//148 157//3 
f 156//150 159//152 160//108 
f 159//152 161//153 160//108 
f 161//153 158//151 160//108 
f 158//151 156//150 160//108 
f 159//152 162//154 163//106 
f 162//154 164//155 163//106 
f 164//155 161//153 163//106 
f 161//153 159//152 163//106 
f 162//154 165//156 166//103 
f 165//156 167//157 166//103 
f 167//157 164//155 166//103 
f 164//155 162//154 166//103 
f 165//156 168//158 169//159 
f 168//158 170//160 169//159 
f 170//160 167//157 169//159 
f 167//157 165//156 169//159 
f 168//158 171//161 172//97 
f 171//161 173//162 172//97 
f 173//162 170//160 172//97 
f 170//160 168//158 172//97 
f 171//161 174//163 175//94 
f 174//163 176//164 175//94 
f 176//164 173//162 175//94 
f 173//162 171//161 175//94 
f 174//163 177//165 178//91 
f 177//165 179//166 178//91 
f 179//166 176//164 178//91 
f 176//164 174//163 178//91 
f 177//165 180//167 181//88 
f 180//167 182//168 181//88 
f 182//168 179//166 181//88 
f 179//166 177//165 181//88 
f 180//167 183//169 184//85 
f 183//169 185//170 184//85 
f 185//170 182//168 184//85 
f 182//168 180//167 184//85 
f 183//169 186//171 187//82 
f 186//171 188//172 187//82 
f 188//172 185//170 187//82 
f 185//170 183//169 187//82 
f 186//171 189//173 190//174 
f 189//173 191//175 190//174 
f 191//175 188//172 190//174 
f 188//172 186//171 190//174 
f 189//173 192//176 193//177 
f 192//176 194//178 193//177 
f 194//178 191//175 193//177 
f 191//175 189//173 193//177 
f 192//176 195//179 196//180 
f 195//179 197//181 196//180 
f 197//181 194//178 196//180 
f 194//178 192//176 196//180 
f 195//179 198//182 199//183 
f 198//182 200//184 199//183 
f 200//184 197//181 199//183 
f 197//181 195//179 199//183 
f 198//182 201//185 202//186 
f 201//185 203//187 202//186 
f 203//187 200//184 202//186 
f 200//184 198//182 202//186 
f 201//185 204//188 205//189 
f 204//188 206//190 205//189 
f 206//190 203//187 205//189 
f 203//187 201//185 205//189 
f 204//188 207//191 208//192 
f 207//191 209//193 208//192 
f 209//193 206//190 208//192 
f 206//190 204//188 208//192 
f 207//191 210//194 211//195 
f 210//194 212//196 211//195 
f 212//196 209//193 211//195 
f 209//193 207//191 211//195 
f 210//194 213//197 214//198 
f 213//197 215//199 214//198 
f 215//199 212//196 214//198 
f 212//196 210//194 214//198 
s 4
f 213//197 216//200 217//201 
f 216//200 218//202 217//201 
f 218//202 215//199 217//201 
f 215//199 213//197 217//201 
s 2
f 216//200 219//203 220//204 
f 219//203 221//205 220//204 
f 221//205 218//202 220//204 
f 218//202 216//200 220//204 
f 219//203 222//206 223//207 
f 222//206 224//208 223//207 
f 224//208 221//205 223//207 
f 221//205 219//203 223//207 
f 222//206 225//209 226//210 
f 225//209 227//211 226//210 
f 227//211 224//208 226//210 
f 224//208 222//206 226//210 
f 225//209 228//212 229//213 
f 228//212 230//214 229//213 
f 230//214 227//211 229//213 
f 227//211 225//209 229//213 
f 228//212 231//215 232//216 
f 231//215 233//217 232//216 
f 233//217 230//214 232//216 
f 230//214 228//212 232//216 
f 231//215 234//218 235//219 
f 234//218 236//220 235//219 
f 236//220 233//217 235//219 
f 233//217 231//215 235//219 
f 234//218 237//221 238//222 
f 237//221 239//223 238//222 
f 239//223 236//220 238//222 
f 236//220 234//218 238//222 
f 237//221 240//224 241//225 
f 240//224 242//226 241//225 
f 242//226 239//223 241//225 
f 239//223 237//221 241//225 
f 240//224 243//227 244//228 
f 243//227 245//229 244//228 
f 245//229 242//226 244//228 
f 242//226 240//224 244//228 
s 4
f 243//227 246//230 247//231 
f 246//230 248//232 247//231 
f 248//232 245//229 247//231 
f 245//229 243//227 247//231 
s 2
f 246//230 249//233 250//234 
f 249//233 251//235 250//234 
f 251//235 248//232 250//234 
f 248//232 246//230 250//234 
f 249//233 252//236 253//237 
f 252//236 254//238 253//237 
f 254//238 251//235 253//237 
f 251//235 249//233 253//237 
f 252//236 255//239 256//240 
f 255//239 257//241 256//240 
f 257//241 254//238 256//240 
f 254//238 252//236 256//240 
f 255//239 258//242 259//243 
f 258//242 260//244 259//243 
f 260//244 257//241 259//243 
f 257//241 255//239 259//243 
f 258//242 261//245 262//246 
f 261//245 263//247 262//246 
f 263//247 260//244 262//246 
f 260//244 258//242 262//246 
f 261//245 264//248 265//249 
f 264//248 266//250 265//249 
f 266//250 263//247 265//249 
f 263//247 261//245 265//249 
f 264//248 267//251 268//252 
f 267//251 269//253 268//252 
f 269//253 266//250 268//252 
f 266//250 264//248 268//252 
f 267//251 270//254 271//255 
f 270//254 272//256 271//255 
f 272//256 269//253 271//255 
f 269//253 267//251 271//255 
f 270//254 273//257 274//258 
f 273//257 275//259 274//258 
f 275//259 272//256 274//258 
f 272//256 270//254 274//258 
s 4
f 273//257 276//260 277//261 
f 276//260 278//262 277//261 
f 278//262 275//259 277//261 
f 275//259 273//257 277//261 
s 2
f 276//260 279//263 280//264 
f 279//263 281//265 280//264 
f 281//265 278//262 280//264 
f 278//262 276//260 280//264 
s 4
f 279//263 282//266 283//267 
f 282//266 284//268 283//267 
f 284//268 281//265 283//267 
f 281//265 279//263 283//267 
s 2
f 282//266 285//269 286//270 
f 285//269 287//271 286//270 
f 287//271 284//268 286//270 
f 284//268 282//266 286//270 
f 285//269 288//272 289//273 
f 288//272 290//274 289//273 
f 290//274 287//271 289//273 
f 287//271 285//269 289//273 
f 288//272 291//275 292//276 
f 291//275 293//277 292//276 
f 293//277 290//274 292//276 
f 290//274 288//272 292//276 
f 291//275 294//278 295//279 
f 294//278 296//280 295//279 
f 296//280 293//277 295//279 
f 293//277 291//275 295//279 
f 294//278 297//281 298//282 
f 297//281 299//283 298//282 
f 299//283 296//280 298//282 
f 296//280 294//278 298//282 
f 297//281 300//284 301//285 
f 300//284 302//286 301//285 
f 302//286 299//283 301//285 
f 299//283 297//281 301//285 
f 300//284 303//287 304//288 
f 303//287 305//289 304//288 
f 305//289 302//286 304//288 
f 302//286 300//284 304//288 
f 303//287 306//290 307//291 
f 306//290 308//292 307//291 
f 308//292 305//289 307//291 
f 305//289 303//287 307//291 
f 306//290 309//293 310//294 
f 309//293 311//295 310//294 
f 311//295 308//292 310//294 
f 308//292 306//290 310//294 
s 4
f 309//293 312//296 313//264 
f 312//296 314//297 313//264 
f 314//297 311//295 313//264 
f 311//295 309//293 313//264 
s 2
f 312//296 315//298 316//299 
f 315//298 317//300 316//299 
f 317//300 314//297 316//299 
f 314//297 312//296 316//299 
f 315//298 318//301 319//302 
f 318//301 320//303 319//302 
f 320//303 317//300 319//302 
f 317//300 315//298 319//302 
f 318//301 321//304 322//305 
f 321//304 323//306 322//305 
f 323//306 320//303 322//305 
f 320//303 318//301 322//305 
f 321//304 324//307 325//308 
f 324//307 326//309 325//308 
f 326//309 323//306 325//308 
f 323//306 321//304 325//308 
f 324//307 327//310 328//311 
f 327//310 329//312 328//311 
f 329//312 326//309 328//311 
f 326//309 324//307 328//311 
f 327//310 330//313 331//314 
f 330//313 332//315 331//314 
f 332//315 329//312 331//314 
f 329//312 327//310 331//314 
f 330//313 333//316 334//317 
f 333//316 335//318 334//317 
f 335//318 332//315 334//317 
f 332//315 330//313 334//317 
f 333//316 336//319 337//320 
f 336//319 338//321 337//320 
f 338//321 335//318 337//320 
f 335//318 333//316 337//320 
f 336//319 339//322 340//323 
f 339//322 341//324 340//323 
f 341//324 338//321 340//323 
f 338//321 336//319 340//323 
s 4
f 339//322 342//325 343//326 
f 342//325 344//327 343//326 
f 344//327 341//324 343//326 
f 341//324 339//322 343//326 
s 3
f 342//325 109//109 345//328 
f 109//109 113//113 345//328 
f 113//113 344//327 345//328 
f 344//327 342//325 345//328 
s 1
f 346//1 347//2 348//3 
f 347//2 349//4 348//3 
f 349//4 350//5 348//3 
f 350//5 346//1 348//3 
s 3
f 347//2 351//6 352//7 
f 351//6 353//8 352//7 
f 353//8 349//4 352//7 
f 349//4 347//2 352//7 
s 2
f 351//6 354//9 355//10 
f 354//9 356//11 355//10 
f 356//11 353//8 355//10 
f 353//8 351//6 355//10 
f 354//9 357//12 358//13 
f 357//12 359//14 358//13 
f 359//14 356//11 358//13 
f 356//11 354//9 358//13 
f 357//12 360//15 361//16 
f 360//15 362//17 361//16 
f 362//17 359//14 361//16 
f 359//14 357//12 361//16 
f 360//15 363//18 364//19 
f 363//18 365//20 364//19 
f 365//20 362//17 364//19 
f 362//17 360//15 364//19 
f 363//18 366//21 367//22 
f 366//21 368//23 367//22 
f 368//23 365//20 367//22 
f 365//20 363//18 367//22 
f 366//21 369//24 370//25 
f 369//24 371//26 370//25 
f 371//26 368//23 370//25 
f 368//23 366//21 370//25 
f 369//24 372//27 373//28 
f 372//27 374//29 373//28 
f 374//29 371//26 373//28 
f 371//26 369//24 373//28 
f 372//27 375//30 376//31 
f 375//30 377//32 376//31 
f 377//32 374//29 376//31 
f 374//29 372//27 376//31 
f 375//30 378//33 379//34 
f 378//33 380//35 379//34 
f 380//35 377//32 379//34 
f 377//32 375//30 379//34 
f 378//33 381//36 382//37 
f 381//36 383//38 382//37 
f 383//38 380//35 382//37 
f 380//35 378//33 382//37 
f 381//36 384//39 385//40 
f 384//39 386//41 385//40 
f 386//41 383//38 385//40 
f 383//38 381//36 385//40 
f 384//39 387//42 388//43 
f 387//42 389//44 388//43 
f 389//44 386//41 388//43 
f 386//41 384//39 388//43 
f 387//42 390//45 391//46 
f 390//45 392//47 391//46 
f 392//47 389//44 391//46 
f 389//44 387//42 391//46 
f 390//45 393//48 394//49 
f 393//48 395//50 394//49 
f 395//50 392//47 394//49 
f 392//47 390//45 394//49 
f 393//48 396//51 397//52 
f 396//51 398//53 397//52 
f 398//53 395//50 397//52 
f 395//50 393//48 397//52 
f 396//51 399//54 400//55 
f 399//54 401//56 400//55 
f 401//56 398//53 400//55 
f 398//53 396//51 400//55 
f 399//54 402//57 403//58 
f 402//57 404//59 403//58 
f 404//59 401//56 403//58 
f 401//56 399//54 403//58 
f 402//57 405//60 406//61 
f 405//60 407//62 406//61 
f 407//62 404//59 406//61 
f 404//59 402//57 406//61 
f 405//60 408//63 409//64 
f 408//63 410//65 409//64 
f 410//65 407//62 409//64 
f 407//62 405//60 409//64 
f 408//63 411//66 412//67 
f 411//66 413//68 412//67 
f 413//68 410//65 412//67 
f 410//65 408//63 412//67 
f 411//66 414//69 415//329 
f 414//69 416//71 415//329 
f 416//71 413//68 415//329 
f 413//68 411//66 415//329 
f 414//69 417//330 418//73 
f 417//330 419//331 418//73 
f 419//331 416//71 418//73 
f 416//71 414//69 418//73 
f 417//330 420//75 421//76 
f 420//75 422//77 421//76 
f 422//77 419//331 421//76 
f 419//331 417//330 421//76 
f 420//75 423//332 424//79 
f 423//332 425//80 424//79 
f 425//80 422//77 424//79 
f 422//77 420//75 424//79 
f 423//332 426//81 427//82 
f 426//81 428//83 427//82 
f 428//83 425//80 427//82 
f 425//80 423//332 427//82 
f 426//81 429//84 430//85 
f 429//84 431//86 430//85 
f 431//86 428//83 430//85 
f 428//83 426//81 430//85 
f 429//84 432//87 433//88 
f 432//87 434//89 433//88 
f 434//89 431//86 433//88 
f 431//86 429//84 433//88 
f 432//87 435//90 436//91 
f 435//90 437//92 436//91 
f 437//92 434//89 436//91 
f 434//89 432//87 436//91 
f 435//90 438//93 439//94 
f 438//93 440//95 439//94 
f 440//95 437//92 439//94 
f 437//92 435//90 439//94 
f 438//93 441//96 442//97 
f 441//96 443//98 442//97 
f 443//98 440//95 442//97 
f 440//95 438//93 442//97 
f 441//96 444//99 445//100 
f 444//99 446//101 445//100 
f 446//101 443//98 445//100 
f 443//98 441//96 445//100 
f 444//99 447//102 448//103 
f 447//102 449//104 448//103 
f 449//104 446//101 448//103 
f 446//101 444//99 448//103 
f 447//102 450//333 451//106 
f 450//333 452//334 451//106 
f 452//334 449//104 451//106 
f 449//104 447//102 451//106 
s 3
f 450//333 346//1 453//108 
f 346//1 350//5 453//108 
f 350//5 452//334 453//108 
f 452//334 450//333 453//108 
s 1
f 454//109 455//110 456//111 
f 455//110 457//112 456//111 
f 457//112 458//113 456//111 
f 458//113 454//109 456//111 
s 3
f 455//110 459//114 460//115 
f 459//114 461//116 460//115 
f 461//116 457//112 460//115 
f 457//112 455//110 460//115 
s 2
f 459//114 462//335 463//118 
f 462//335 464//336 463//118 
f 464//336 461//116 463//118 
f 461//116 459//114 463//118 
f 462//335 465//120 466//121 
f 465//120 467//122 466//121 
f 467//122 464//336 466//121 
f 464//336 462//335 466//121 
f 465//120 468//123 469//124 
f 468//123 470//125 469//124 
f 470//125 467//122 469//124 
f 467//122 465//120 469//124 
f 468//123 471//126 472//127 
f 471//126 473//128 472//127 
f 473//128 470//125 472//127 
f 470//125 468//123 472//127 
f 471//126 474//129 475//130 
f 474//129 476//131 475//130 
f 476//131 473//128 475//130 
f 473//128 471//126 475//130 
f 474//129 477//132 478//133 
f 477//132 479//134 478//133 
f 479//134 476//131 478//133 
f 476//131 474//129 478//133 
f 477//132 480//135 481//25 
f 480//135 482//136 481//25 
f 482//136 479//134 481//25 
f 479//134 477//132 481//25 
f 480//135 483//137 484//22 
f 483//137 485//138 484//22 
f 485//138 482//136 484//22 
f 482//136 480//135 484//22 
f 483//137 486//139 487//19 
f 486//139 488//140 487//19 
f 488//140 485//138 487//19 
f 485//138 483//137 487//19 
f 486//139 489//141 490//16 
f 489//141 491//142 490//16 
f 491//142 488//140 490//16 
f 488//140 486//139 490//16 
f 489//141 492//143 493//13 
f 492//143 494//144 493//13 
f 494//144 491//142 493//13 
f 491//142 489//141 493//13 
f 492//143 495//145 496//146 
f 495//145 497//147 496//146 
f 497//147 494//144 496//146 
f 494//144 492//143 496//146 
f 495//145 498//148 499//7 
f 498//148 500//149 499//7 
f 500//149 497//147 499//7 
f 497//147 495//145 499//7 
f 498//148 501//150 502//3 
f 501//150 503//151 502//3 
f 503//151 500//149 502//3 
f 500//149 498//148 502//3 
f 501//150 504//152 505//108 
f 504//152 506//153 505//108 
f 506//153 503//151 505//108 
f 503//151 501//150 505//108 
f 504//152 507//154 508//106 
f 507//154 509//155 508//106 
f 509//155 506//153 508//106 
f 506//153 504//152 508//106 
f 507//154 510//156 511//103 
f 510//156 512//157 511//103 
f 512//157 509//155 511//103 
f 509//155 507//154 511//103 
f 510//156 513//158 514//159 
f 513//158 515//160 514//159 
f 515//160 512//157 514//159 
f 512//157 510//156 514//159 
f 513//158 516//161 517//97 
f 516//161 518//162 517//97 
f 518//162 515//160 517//97 
f 515//160 513//158 517//97 
f 516//161 519//163 520//94 
f 519//163 521//164 520//94 
f 521//164 518//162 520//94 
f 518//162 516//161 520//94 
f 519//163 522//165 523//91 
f 522//165 524//166 523//91 
f 524//166 521//164 523//91 
f 521//164 519//163 523//91 
f 522//165 525//167 526//88 
f 525//167 527//168 526//88 
f 527//168 524//166 526//88 
f 524//166 522//165 526//88 
f 525//167 528//169 529//85 
f 528//169 530//170 529//85 
f 530//170 527//168 529//85 
f 527//168 525//167 529//85 
f 528//169 531//171 532//82 
f 531//171 533//172 532//82 
f 533//172 530//170 532//82 
f 530//170 528//169 532//82 
f 531//171 534//173 535//174 
f 534//173 536//175 535//174 
f 536//175 533//172 535//174 
f 533//172 531//171 535//174 
f 534//173 537//337 538//338 
f 537//337 539//339 538//338 
f 539//339 536//175 538//338 
f 536//175 534//173 538//338 
f 537//337 540//179 541//180 
f 540//179 542//181 541//180 
f 542//181 539//339 541//180 
f 539//339 537//337 541//180 
f 540//179 543//182 544//183 
f 543//182 545//184 544//183 
f 545//184 542//181 544//183 
f 542//181 540//179 544//183 
f 543//182 546//185 547//186 
f 546//185 548//187 547//186 
f 548//187 545//184 547//186 
f 545//184 543//182 547//186 
f 546//185 549//188 550//189 
f 549//188 551//190 550//189 
f 551//190 548//187 550//189 
f 548//187 546//185 550//189 
f 549//188 552//191 553//192 
f 552//191 554//193 553//192 
f 554//193 551//190 553//192 
f 551//190 549//188 553//192 
f 552//191 555//194 556//195 
f 555//194 557//196 556//195 
f 557//196 554//193 556//195 
f 554//193 552//191 556//195 
f 555//194 558//340 559//198 
f 558//340 560//341 559//198 
f 560//341 557//196 559//198 
f 557//196 555//194 559//198 
s 4
f 558//340 561//342 562//343 
f 561//342 563//344 562//343 
f 563//344 560//341 562//343 
f 560//341 558//340 562//343 
s 2
f 561//342 564//345 565//346 
f 564//345 566//347 565//346 
f 566//347 563//344 565//346 
f 563//344 561//342 565//346 
s 4
f 564//345 567//348 568//349 
f 567//348 569//350 568//349 
f 569//350 566//347 568//349 
f 566//347 564//345 568//349 
s 3
f 567//348 454//109 570//328 
f 454//109 458//113 570//328 
f 458//113 569//350 570//328 
f 569//350 567//348 570//328 
s 16
f 216//200 213//197 571//351 
f 213//197 339//322 571//351 
f 339//322 336//319 571//351 
f 336//319 216//200 571//351 
f 346//1 450//333 572//351 
f 450//333 567//348 572//351 
f 278//262 281//265 573//352 
f 281//265 284//268 573//352 
f 284//268 275//259 573//352 
f 275//259 278//262 573//352 
f 569//350 574//352 350//5 575//352 
f 350//5 349//4 575//352 
f 349//4 569//350 575//352 
f 15//15 12//12 576//351 
f 12//12 339//322 576//351 
f 339//322 213//197 576//351 
f 336//319 333//316 577//351 
f 333//316 216//200 577//351 
f 216//200 336//319 577//351 
f 333//316 330//313 578//351 
f 330//313 216//200 578//351 
f 216//200 333//316 578//351 
f 330//313 327//310 579//351 
f 327//310 216//200 579//351 
f 216//200 330//313 579//351 
f 327//310 324//307 580//351 
f 324//307 216//200 580//351 
f 216//200 327//310 580//351 
f 324//307 321//304 581//351 
f 321//304 243//227 581//351 
f 243//227 240//224 581//351 
f 240//224 237//221 581//351 
f 237//221 234//218 581//351 
f 234//218 231//215 581//351 
f 231//215 228//212 581//351 
f 228//212 225//209 581//351 
f 225//209 222//206 581//351 
f 222//206 219//203 581//351 
f 219//203 216//200 581//351 
f 216//200 324//307 581//351 
f 321//304 318//301 582//351 
f 318//301 243//227 582//351 
f 243//227 321//304 582//351 
f 318//301 315//298 583//351 
f 315//298 243//227 583//351 
f 243//227 318//301 583//351 
f 315//298 312//296 584//351 
f 312//296 243//227 584//351 
f 243//227 315//298 584//351 
f 312//296 309//293 585//351 
f 309//293 243//227 585//351 
f 243//227 312//296 585//351 
f 309//293 306//290 586//351 
f 306//290 243//227 586//351 
f 243//227 309//293 586//351 
f 306//290 303//287 587//351 
f 303//287 243//227 587//351 
f 243//227 306//290 587//351 
f 303//287 300//284 588//351 
f 300//284 246//230 588//351 
f 246//230 243//227 588//351 
f 243//227 303//287 588//351 
f 300//284 297//281 589//351 
f 297//281 246//230 589//351 
f 246//230 300//284 589//351 
f 297//281 294//278 590//351 
f 294//278 273//257 590//351 
f 273//257 270//254 590//351 
f 270//254 267//251 590//351 
f 267//251 264//248 590//351 
f 264//248 261//245 590//351 
f 261//245 258//242 590//351 
f 258//242 255//239 590//351 
f 255//239 252//236 590//351 
f 252//236 249//233 590//351 
f 249//233 246//230 590//351 
f 246//230 297//281 590//351 
f 294//278 291//275 591//351 
f 291//275 273//257 591//351 
f 273//257 294//278 591//351 
f 291//275 288//272 592//351 
f 288//272 273//257 592//351 
f 273//257 291//275 592//351 
f 288//272 285//269 593//351 
f 285//269 273//257 593//351 
f 273//257 288//272 593//351 
f 285//269 282//266 594//351 
f 282//266 273//257 594//351 
f 273//257 285//269 594//351 
f 282//266 279//263 595//351 
f 279//263 276//260 595//351 
f 276//260 273//257 595//351 
f 273//257 282//266 595//351 
f 12//12 9//9 596//351 
f 9//9 339//322 596//351 
f 339//322 12//12 596//351 
f 9//9 6//6 597//351 
f 6//6 339//322 597//351 
f 339//322 9//9 597//351 
f 6//6 2//2 598//351 
f 2//2 339//322 598//351 
f 339//322 6//6 598//351 
f 2//2 1//1 599//351 
f 1//1 339//322 599//351 
f 339//322 2//2 599//351 
f 1//1 105//105 600//351 
f 105//105 342//325 600//351 
f 342//325 339//322 600//351 
f 339//322 1//1 600//351 
f 105//105 102//102 601//351 
f 102//102 109//109 601//351 
f 109//109 342//325 601//351 
f 342//325 105//105 601//351 
f 102//102 99//99 602//351 
f 99//99 110//110 602//351 
f 110//110 109//109 602//351 
f 109//109 102//102 602//351 
f 99//99 96//96 603//351 
f 96//96 114//114 603//351 
f 114//114 110//110 603//351 
f 110//110 99//99 603//351 
f 96//96 93//93 604//351 
f 93//93 117//117 604//351 
f 117//117 114//114 604//351 
f 114//114 96//96 604//351 
f 93//93 90//90 605//351 
f 90//90 120//120 605//351 
f 120//120 117//117 605//351 
f 117//117 93//93 605//351 
f 90//90 87//87 606//351 
f 87//87 123//123 606//351 
f 123//123 120//120 606//351 
f 120//120 90//90 606//351 
f 87//87 84//84 607//351 
f 84//84 126//126 607//351 
f 126//126 123//123 607//351 
f 123//123 87//87 607//351 
f 84//84 81//81 608//351 
f 81//81 129//129 608//351 
f 129//129 126//126 608//351 
f 126//126 84//84 608//351 
f 81//81 78//78 609//351 
f 78//78 132//132 609//351 
f 132//132 129//129 609//351 
f 129//129 81//81 609//351 
f 78//78 75//75 610//351 
f 75//75 135//135 610//351 
f 135//135 132//132 610//351 
f 132//132 78//78 610//351 
f 75//75 72//72 611//351 
f 72//72 138//137 611//351 
f 138//137 135//135 611//351 
f 135//135 75//75 611//351 
f 72//72 69//69 612//351 
f 69//69 141//139 612//351 
f 141//139 138//137 612//351 
f 138//137 72//72 612//351 
f 69//69 66//66 613//351 
f 66//66 144//141 613//351 
f 144//141 141//139 613//351 
f 141//139 69//69 613//351 
f 66//66 63//63 614//351 
f 63//63 147//143 614//351 
f 147//143 144//141 614//351 
f 144//141 66//66 614//351 
f 63//63 60//60 615//351 
f 60//60 150//145 615//351 
f 150//145 147//143 615//351 
f 147//143 63//63 615//351 
f 60//60 57//57 616//351 
f 57//57 153//148 616//351 
f 153//148 150//145 616//351 
f 150//145 60//60 616//351 
f 57//57 54//54 617//351 
f 54//54 156//150 617//351 
f 156//150 153//148 617//351 
f 153//148 57//57 617//351 
f 54//54 51//51 618//351 
f 51//51 159//152 618//351 
f 159//152 156//150 618//351 
f 156//150 54//54 618//351 
f 51//51 48//48 619//351 
f 48//48 162//154 619//351 
f 162//154 159//152 619//351 
f 159//152 51//51 619//351 
f 48//48 45//45 620//351 
f 45//45 165//156 620//351 
f 165//156 162//154 620//351 
f 162//154 48//48 620//351 
f 45//45 42//42 621//351 
f 42//42 168//158 621//351 
f 168//158 165//156 621//351 
f 165//156 45//45 621//351 
f 42//42 39//39 622//351 
f 39//39 171//161 622//351 
f 171//161 168//158 622//351 
f 168//158 42//42 622//351 
f 39//39 36//36 623//351 
f 36//36 174//163 623//351 
f 174//163 171//161 623//351 
f 171//161 39//39 623//351 
f 36//36 33//33 624//351 
f 33//33 177//165 624//351 
f 177//165 174//163 624//351 
f 174//163 36//36 624//351 
f 33//33 30//30 625//351 
f 30//30 180//167 625//351 
f 180//167 177//165 625//351 
f 177//165 33//33 625//351 
f 30//30 27//27 626//351 
f 27//27 183//169 626//351 
f 183//169 180//167 626//351 
f 180//167 30//30 626//351 
f 27//27 24//24 627//351 
f 24//24 186//171 627//351 
f 186//171 183//169 627//351 
f 183//169 27//27 627//351 
f 24//24 21//21 628//351 
f 21//21 198//182 628//351 
f 198//182 195//179 628//351 
f 195//179 192//176 628//351 
f 192//176 189//173 628//351 
f 189//173 186//171 628//351 
f 186//171 24//24 628//351 
f 21//21 18//18 629//351 
f 18//18 210//194 629//351 
f 210//194 207//191 629//351 
f 207//191 204//188 629//351 
f 204//188 201//185 629//351 
f 201//185 198//182 629//351 
f 198//182 21//21 629//351 
f 18//18 15//15 630//351 
f 15//15 576//351 213//197 630//351 
f 213//197 210//194 630//351 
f 210//194 18//18 630//351 
f 450//333 447//102 631//351 
f 447//102 454//109 631//351 
f 454//109 567//348 631//351 
f 567//348 450//333 631//351 
f 447//102 444//99 632//351 
f 444//99 455//110 632//351 
f 455//110 454//109 632//351 
f 454//109 447//102 632//351 
f 444//99 441//96 633//351 
f 441//96 459//114 633//351 
f 459//114 455//110 633//351 
f 455//110 444//99 633//351 
f 441//96 438//93 634//351 
f 438//93 462//335 634//351 
f 462//335 459//114 634//351 
f 459//114 441//96 634//351 
f 438//93 435//90 635//351 
f 435//90 465//120 635//351 
f 465//120 462//335 635//351 
f 462//335 438//93 635//351 
f 435//90 432//87 636//351 
f 432//87 468//123 636//351 
f 468//123 465//120 636//351 
f 465//120 435//90 636//351 
f 432//87 429//84 637//351 
f 429//84 471//126 637//351 
f 471//126 468//123 637//351 
f 468//123 432//87 637//351 
f 429//84 426//81 638//351 
f 426//81 474//129 638//351 
f 474//129 471//126 638//351 
f 471//126 429//84 638//351 
f 426//81 423//332 639//351 
f 423//332 477//132 639//351 
f 477//132 474//129 639//351 
f 474//129 426//81 639//351 
f 423//332 420//75 640//351 
f 420//75 480//135 640//351 
f 480//135 477//132 640//351 
f 477//132 423//332 640//351 
f 420//75 417//330 641//351 
f 417//330 483//137 641//351 
f 483//137 480//135 641//351 
f 480//135 420//75 641//351 
f 417//330 414//69 642//351 
f 414//69 486//139 642//351 
f 486//139 483//137 642//351 
f 483//137 417//330 642//351 
f 414//69 411//66 643//351 
f 411//66 489//141 643//351 
f 489//141 486//139 643//351 
f 486//139 414//69 643//351 
f 411//66 408//63 644//351 
f 408//63 492//143 644//351 
f 492//143 489//141 644//351 
f 489//141 411//66 644//351 
f 408//63 405//60 645//351 
f 405//60 495//145 645//351 
f 495//145 492//143 645//351 
f 492//143 408//63 645//351 
f 405//60 402//57 646//351 
f 402//57 498//148 646//351 
f 498//148 495//145 646//351 
f 495//145 405//60 646//351 
f 402//57 399//54 647//351 
f 399//54 501//150 647//351 
f 501//150 498//148 647//351 
f 498//148 402//57 647//351 
f 399//54 396//51 648//351 
f 396//51 504//152 648//351 
f 504//152 501//150 648//351 
f 501//150 399//54 648//351 
f 396//51 393//48 649//351 
f 393//48 507//154 649//351 
f 507//154 504//152 649//351 
f 504//152 396//51 649//351 
f 393//48 390//45 650//351 
f 390//45 510//156 650//351 
f 510//156 507//154 650//351 
f 507//154 393//48 650//351 
f 390//45 387//42 651//351 
f 387//42 513//158 651//351 
f 513//158 510//156 651//351 
f 510//156 390//45 651//351 
f 387//42 384//39 652//351 
f 384//39 516//161 652//351 
f 516//161 513//158 652//351 
f 513//158 387//42 652//351 
f 384//39 381//36 653//351 
f 381//36 519//163 653//351 
f 519//163 516//161 653//351 
f 516//161 384//39 653//351 
f 381//36 378//33 654//351 
f 378//33 522//165 654//351 
f 522//165 519//163 654//351 
f 519//163 381//36 654//351 
f 378//33 375//30 655//351 
f 375//30 525//167 655//351 
f 525//167 522//165 655//351 
f 522//165 378//33 655//351 
f 375//30 372//27 656//351 
f 372//27 528//169 656//351 
f 528//169 525//167 656//351 
f 525//167 375//30 656//351 
f 372//27 369//24 657//351 
f 369//24 531//171 657//351 
f 531//171 528//169 657//351 
f 528//169 372//27 657//351 
f 369//24 366//21 658//351 
f 366//21 543//182 658//351 
f 543//182 540//179 658//351 
f 540//179 537//337 658//351 
f 537//337 534//173 658//351 
f 534//173 531//171 658//351 
f 531//171 369//24 658//351 
f 366//21 363//18 659//351 
f 363//18 555//194 659//351 
f 555//194 552//191 659//351 
f 552//191 549//188 659//351 
f 549//188 546//185 659//351 
f 546//185 543//182 659//351 
f 543//182 366//21 659//351 
f 363//18 360//15 660//351 
f 360//15 558//340 660//351 
f 558//340 555//194 660//351 
f 555//194 363//18 660//351 
f 567//348 564//345 661//351 
f 564//345 561//342 661//351 
f 561//342 558//340 661//351 
f 558//340 567//348 661//351 
f 357//12 354//9 662//351 
f 354//9 567//348 662//351 
f 567//348 357//12 662//351 
f 558//340 360//15 663//351 
f 360//15 357//12 663//351 
f 357//12 567//348 663//351 
f 567//348 558//340 663//351 
f 354//9 351//6 664//351 
f 351//6 567//348 664//351 
f 567//348 354//9 664//351 
f 351//6 347//2 665//351 
f 347//2 567//348 665//351 
f 567//348 351//6 665//351 
f 347//2 346//1 666//351 
f 346//1 572//351 567//348 666//351 
f 567//348 347//2 666//351 
f 284//268 287//271 667//352 
f 287//271 275//259 667//352 
f 275//259 284//268 667//352 
f 287//271 290//274 668//352 
f 290//274 275//259 668//352 
f 275//259 287//271 668//352 
f 290//274 293//277 669//352 
f 293//277 275//259 669//352 
f 275//259 290//274 669//352 
f 293//277 296//280 670//352 
f 296//280 275//259 670//352 
f 275//259 293//277 670//352 
f 296//280 299//283 671//352 
f 299//283 248//232 671//352 
f 248//232 251//235 671//352 
f 251//235 254//238 671//352 
f 254//238 257//241 671//352 
f 257//241 260//244 671//352 
f 260//244 263//247 671//352 
f 263//247 266//250 671//352 
f 266//250 269//253 671//352 
f 269//253 272//256 671//352 
f 272//256 275//259 671//352 
f 275//259 296//280 671//352 
f 299//283 302//286 672//352 
f 302//286 248//232 672//352 
f 248//232 299//283 672//352 
f 302//286 305//289 673//352 
f 305//289 245//229 673//352 
f 245//229 248//232 673//352 
f 248//232 302//286 673//352 
f 305//289 308//292 674//352 
f 308//292 245//229 674//352 
f 245//229 305//289 674//352 
f 308//292 311//295 675//352 
f 311//295 245//229 675//352 
f 245//229 308//292 675//352 
f 311//295 314//297 676//352 
f 314//297 245//229 676//352 
f 245//229 311//295 676//352 
f 314//297 317//300 677//352 
f 317//300 245//229 677//352 
f 245//229 314//297 677//352 
f 317//300 320//303 678//352 
f 320//303 245//229 678//352 
f 245//229 317//300 678//352 
f 320//303 323//306 679//352 
f 323//306 245//229 679//352 
f 245//229 320//303 679//352 
f 323//306 326//309 680//352 
f 326//309 218//202 680//352 
f 218//202 221//205 680//352 
f 221//205 224//208 680//352 
f 224//208 227//211 680//352 
f 227//211 230//214 680//352 
f 230//214 233//217 680//352 
f 233//217 236//220 680//352 
f 236//220 239//223 680//352 
f 239//223 242//226 680//352 
f 242//226 245//229 680//352 
f 245//229 323//306 680//352 
f 326//309 329//312 681//352 
f 329//312 218//202 681//352 
f 218//202 326//309 681//352 
f 329//312 332//315 682//352 
f 332//315 218//202 682//352 
f 218//202 329//312 682//352 
f 332//315 335//318 683//352 
f 335//318 218//202 683//352 
f 218//202 332//315 683//352 
f 335//318 338//321 684//352 
f 338//321 218//202 684//352 
f 218//202 335//318 684//352 
f 338//321 341//324 685//352 
f 341//324 215//199 685//352 
f 215//199 218//202 685//352 
f 218//202 338//321 685//352 
f 212//196 215//199 686//352 
f 215//199 687//352 17//17 686//352 
f 17//17 20//20 686//352 
f 20//20 212//196 686//352 
f 20//20 23//23 688//352 
f 23//23 200//184 688//352 
f 200//184 203//187 688//352 
f 203//187 206//190 688//352 
f 206//190 209//193 688//352 
f 209//193 212//196 688//352 
f 212//196 20//20 688//352 
f 23//23 26//26 689//352 
f 26//26 188//172 689//352 
f 188//172 191//175 689//352 
f 191//175 194//178 689//352 
f 194//178 197//181 689//352 
f 197//181 200//184 689//352 
f 200//184 23//23 689//352 
f 26//26 29//29 690//352 
f 29//29 185//170 690//352 
f 185//170 188//172 690//352 
f 188//172 26//26 690//352 
f 29//29 32//32 691//352 
f 32//32 182//168 691//352 
f 182//168 185//170 691//352 
f 185//170 29//29 691//352 
f 32//32 35//35 692//352 
f 35//35 179//166 692//352 
f 179//166 182//168 692//352 
f 182//168 32//32 692//352 
f 35//35 38//38 693//352 
f 38//38 176//164 693//352 
f 176//164 179//166 693//352 
f 179//166 35//35 693//352 
f 38//38 41//41 694//352 
f 41//41 173//162 694//352 
f 173//162 176//164 694//352 
f 176//164 38//38 694//352 
f 41//41 44//44 695//352 
f 44//44 170//160 695//352 
f 170//160 173//162 695//352 
f 173//162 41//41 695//352 
f 44//44 47//47 696//352 
f 47//47 167//157 696//352 
f 167//157 170//160 696//352 
f 170//160 44//44 696//352 
f 47//47 50//50 697//352 
f 50//50 164//155 697//352 
f 164//155 167//157 697//352 
f 167//157 47//47 697//352 
f 50//50 53//53 698//352 
f 53//53 161//153 698//352 
f 161//153 164//155 698//352 
f 164//155 50//50 698//352 
f 53//53 56//56 699//352 
f 56//56 158//151 699//352 
f 158//151 161//153 699//352 
f 161//153 53//53 699//352 
f 56//56 59//59 700//352 
f 59//59 155//149 700//352 
f 155//149 158//151 700//352 
f 158//151 56//56 700//352 
f 59//59 62//62 701//352 
f 62//62 152//147 701//352 
f 152//147 155//149 701//352 
f 155//149 59//59 701//352 
f 62//62 65//65 702//352 
f 65//65 149//144 702//352 
f 149//144 152//147 702//352 
f 152//147 62//62 702//352 
f 65//65 68//68 703//352 
f 68//68 146//142 703//352 
f 146//142 149//144 703//352 
f 149//144 65//65 703//352 
f 68//68 71//71 704//352 
f 71//71 143//140 704//352 
f 143//140 146//142 704//352 
f 146//142 68//68 704//352 
f 71//71 74//74 705//352 
f 74//74 140//138 705//352 
f 140//138 143//140 705//352 
f 143//140 71//71 705//352 
f 74//74 77//77 706//352 
f 77//77 137//136 706//352 
f 137//136 140//138 706//352 
f 140//138 74//74 706//352 
f 77//77 80//80 707//352 
f 80//80 134//134 707//352 
f 134//134 137//136 707//352 
f 137//136 77//77 707//352 
f 80//80 83//83 708//352 
f 83//83 131//131 708//352 
f 131//131 134//134 708//352 
f 134//134 80//80 708//352 
f 83//83 86//86 709//352 
f 86//86 128//128 709//352 
f 128//128 131//131 709//352 
f 131//131 83//83 709//352 
f 86//86 89//89 710//352 
f 89//89 125//125 710//352 
f 125//125 128//128 710//352 
f 128//128 86//86 710//352 
f 89//89 92//92 711//352 
f 92//92 122//122 711//352 
f 122//122 125//125 711//352 
f 125//125 89//89 711//352 
f 92//92 95//95 712//352 
f 95//95 119//119 712//352 
f 119//119 122//122 712//352 
f 122//122 92//92 712//352 
f 95//95 98//98 713//352 
f 98//98 116//116 713//352 
f 116//116 119//119 713//352 
f 119//119 95//95 713//352 
f 98//98 101//101 714//352 
f 101//101 112//112 714//352 
f 112//112 116//116 714//352 
f 116//116 98//98 714//352 
f 101//101 104//104 715//352 
f 104//104 113//113 715//352 
f 113//113 112//112 715//352 
f 112//112 101//101 715//352 
f 104//104 107//107 716//352 
f 107//107 344//327 716//352 
f 344//327 113//113 716//352 
f 113//113 104//104 716//352 
f 107//107 5//5 717//352 
f 5//5 341//324 717//352 
f 341//324 344//327 717//352 
f 344//327 107//107 717//352 
f 5//5 4//4 718//352 
f 4//4 341//324 718//352 
f 341//324 5//5 718//352 
f 4//4 8//8 719//352 
f 8//8 341//324 719//352 
f 341//324 4//4 719//352 
f 8//8 11//11 720//352 
f 11//11 341//324 720//352 
f 341//324 8//8 720//352 
f 11//11 14//14 721//352 
f 14//14 341//324 721//352 
f 341//324 11//11 721//352 
f 14//14 17//17 687//352 
f 215//199 341//324 687//352 
f 341//324 14//14 687//352 
f 560//341 563//344 722//352 
f 563//344 566//347 722//352 
f 566//347 569//350 722//352 
f 569//350 560//341 722//352 
f 349//4 353//8 723//352 
f 353//8 569//350 723//352 
f 569//350 349//4 723//352 
f 353//8 356//11 724//352 
f 356//11 569//350 724//352 
f 569//350 353//8 724//352 
f 356//11 359//14 725//352 
f 359//14 569//350 725//352 
f 569//350 356//11 725//352 
f 359//14 362//17 726//352 
f 362//17 560//341 726//352 
f 560//341 569//350 726//352 
f 569//350 359//14 726//352 
f 362//17 365//20 727//352 
f 365//20 557//196 727//352 
f 557//196 560//341 727//352 
f 560//341 362//17 727//352 
f 365//20 368//23 728//352 
f 368//23 545//184 728//352 
f 545//184 548//187 728//352 
f 548//187 551//190 728//352 
f 551//190 554//193 728//352 
f 554//193 557//196 728//352 
f 557//196 365//20 728//352 
f 368//23 371//26 729//352 
f 371//26 533//172 729//352 
f 533//172 536//175 729//352 
f 536//175 539//339 729//352 
f 539//339 542//181 729//352 
f 542//181 545//184 729//352 
f 545//184 368//23 729//352 
f 371//26 374//29 730//352 
f 374//29 530//170 730//352 
f 530//170 533//172 730//352 
f 533//172 371//26 730//352 
f 374//29 377//32 731//352 
f 377//32 527//168 731//352 
f 527//168 530//170 731//352 
f 530//170 374//29 731//352 
f 377//32 380//35 732//352 
f 380//35 524//166 732//352 
f 524//166 527//168 732//352 
f 527//168 377//32 732//352 
f 380//35 383//38 733//352 
f 383//38 521//164 733//352 
f 521//164 524//166 733//352 
f 524//166 380//35 733//352 
f 383//38 386//41 734//352 
f 386//41 518//162 734//352 
f 518//162 521//164 734//352 
f 521//164 383//38 734//352 
f 386//41 389//44 735//352 
f 389//44 515//160 735//352 
f 515//160 518//162 735//352 
f 518//162 386//41 735//352 
f 389//44 392//47 736//352 
f 392//47 512//157 736//352 
f 512//157 515//160 736//352 
f 515//160 389//44 736//352 
f 392//47 395//50 737//352 
f 395//50 509//155 737//352 
f 509//155 512//157 737//352 
f 512//157 392//47 737//352 
f 395//50 398//53 738//352 
f 398//53 506//153 738//352 
f 506//153 509//155 738//352 
f 509//155 395//50 738//352 
f 398//53 401//56 739//352 
f 401//56 503//151 739//352 
f 503//151 506//153 739//352 
f 506//153 398//53 739//352 
f 401//56 404//59 740//352 
f 404//59 500//149 740//352 
f 500//149 503//151 740//352 
f 503//151 401//56 740//352 
f 404//59 407//62 741//352 
f 407//62 497//147 741//352 
f 497//147 500//149 741//352 
f 500//149 404//59 741//352 
f 407//62 410//65 742//352 
f 410//65 494//144 742//352 
f 494//144 497//147 742//352 
f 497//147 407//62 742//352 
f 410//65 413//68 743//352 
f 413//68 491//142 743//352 
f 491//142 494//144 743//352 
f 494//144 410//65 743//352 
f 413//68 416//71 744//352 
f 416//71 488//140 744//352 
f 488//140 491//142 744//352 
f 491//142 413//68 744//352 
f 416//71 419//331 745//352 
f 419//331 485//138 745//352 
f 485//138 488//140 745//352 
f 488//140 416//71 745//352 
f 419//331 422//77 746//352 
f 422//77 482//136 746//352 
f 482//136 485//138 746//352 
f 485//138 419//331 746//352 
f 422//77 425//80 747//352 
f 425//80 479//134 747//352 
f 479//134 482//136 747//352 
f 482//136 422//77 747//352 
f 425//80 428//83 748//352 
f 428//83 476//131 748//352 
f 476//131 479//134 748//352 
f 479//134 425//80 748//352 
f 428//83 431//86 749//352 
f 431//86 473//128 749//352 
f 473//128 476//131 749//352 
f 476//131 428//83 749//352 
f 431//86 434//89 750//352 
f 434//89 470//125 750//352 
f 470//125 473//128 750//352 
f 473//128 431//86 750//352 
f 434//89 437//92 751//352 
f 437//92 467//122 751//352 
f 467//122 470//125 751//352 
f 470//125 434//89 751//352 
f 437//92 440//95 752//352 
f 440//95 464//336 752//352 
f 464//336 467//122 752//352 
f 467//122 437//92 752//352 
f 440//95 443//98 753//352 
f 443//98 461//116 753//352 
f 461//116 464//336 753//352 
f 464//336 440//95 753//352 
f 443//98 446//101 754//352 
f 446//101 457//112 754//352 
f 457//112 461//116 754//352 
f 461//116 443//98 754//352 
f 446//101 449//104 755//352 
f 449//104 458//113 755//352 
f 458//113 457//112 755//352 
f 457//112 446//101 755//352 
f 449//104 452//334 756//352 
f 452//334 569//350 756//352 
f 569//350 458//113 756//352 
f 458//113 449//104 756//352 
f 452//334 350//5 574//352 
f 569//350 452//334 574//352 
s 1
f 757//353 758//354 759//355 
f 758//354 760//356 759//355 
f 760//356 761//357 759//355 
f 761//357 757//353 759//355 
s 3
f 758//354 762//358 763//359 
f 762//358 764//360 763//359 
f 764//360 760//356 763//359 
f 760//356 758//354 763//359 
s 2
f 762//358 765//361 766//362 
f 765//361 767//363 766//362 
f 767//363 764//360 766//362 
f 764//360 762//358 766//362 
f 765//361 768//364 769//365 
f 768//364 770//366 769//365 
f 770//366 767//363 769//365 
f 767//363 765//361 769//365 
f 768//364 771//367 772//368 
f 771//367 773//369 772//368 
f 773//369 770//366 772//368 
f 770//366 768//364 772//368 
f 771//367 774//370 775//371 
f 774//370 776//372 775//371 
f 776//372 773//369 775//371 
f 773//369 771//367 775//371 
f 774//370 777//373 778//374 
f 777//373 779//375 778//374 
f 779//375 776//372 778//374 
f 776//372 774//370 778//374 
f 777//373 780//376 781//377 
f 780//376 782//378 781//377 
f 782//378 779//375 781//377 
f 779//375 777//373 781//377 
f 780//376 783//379 784//380 
f 783//379 785//381 784//380 
f 785//381 782//378 784//380 
f 782//378 780//376 784//380 
f 783//379 786//382 787//383 
f 786//382 788//384 787//383 
f 788//384 785//381 787//383 
f 785//381 783//379 787//383 
f 786//382 789//385 790//386 
f 789//385 791//387 790//386 
f 791//387 788//384 790//386 
f 788//384 786//382 790//386 
f 789//385 792//388 793//389 
f 792//388 794//390 793//389 
f 794//390 791//387 793//389 
f 791//387 789//385 793//389 
f 792//388 795//391 796//392 
f 795//391 797//393 796//392 
f 797//393 794//390 796//392 
f 794//390 792//388 796//392 
f 795//391 798//394 799//395 
f 798//394 800//396 799//395 
f 800//396 797//393 799//395 
f 797//393 795//391 799//395 
f 798//394 801//397 802//398 
f 801//397 803//399 802//398 
f 803//399 800//396 802//398 
f 800//396 798//394 802//398 
f 801//397 804//400 805//401 
f 804//400 806//402 805//401 
f 806//402 803//399 805//401 
f 803//399 801//397 805//401 
f 804//400 807//403 808//404 
f 807//403 809//405 808//404 
f 809//405 806//402 808//404 
f 806//402 804//400 808//404 
f 807//403 810//406 811//407 
f 810//406 812//408 811//407 
f 812//408 809//405 811//407 
f 809//405 807//403 811//407 
f 810//406 813//409 814//410 
f 813//409 815//411 814//410 
f 815//411 812//408 814//410 
f 812//408 810//406 814//410 
f 813//409 816//412 817//413 
f 816//412 818//414 817//413 
f 818//414 815//411 817//413 
f 815//411 813//409 817//413 
f 816//412 819//415 820//416 
f 819//415 821//417 820//416 
f 821//417 818//414 820//416 
f 818//414 816//412 820//416 
f 819//415 822//418 823//419 
f 822//418 824//420 823//419 
f 824//420 821//417 823//419 
f 821//417 819//415 823//419 
f 822//418 825//421 826//422 
f 825//421 827//423 826//422 
f 827//423 824//420 826//422 
f 824//420 822//418 826//422 
f 825//421 828//424 829//425 
f 828//424 830//426 829//425 
f 830//426 827//423 829//425 
f 827//423 825//421 829//425 
f 828//424 831//427 832//428 
f 831//427 833//429 832//428 
f 833//429 830//426 832//428 
f 830//426 828//424 832//428 
f 831//427 834//430 835//431 
f 834//430 836//432 835//431 
f 836//432 833//429 835//431 
f 833//429 831//427 835//431 
f 834//430 837//433 838//434 
f 837//433 839//435 838//434 
f 839//435 836//432 838//434 
f 836//432 834//430 838//434 
f 837//433 840//436 841//437 
f 840//436 842//438 841//437 
f 842//438 839//435 841//437 
f 839//435 837//433 841//437 
f 840//436 843//439 844//440 
f 843//439 845//441 844//440 
f 845//441 842//438 844//440 
f 842//438 840//436 844//440 
f 843//439 846//442 847//443 
f 846//442 848//444 847//443 
f 848//444 845//441 847//443 
f 845//441 843//439 847//443 
f 846//442 849//445 850//446 
f 849//445 851//447 850//446 
f 851//447 848//444 850//446 
f 848//444 846//442 850//446 
f 849//445 852//448 853//449 
f 852//448 854//450 853//449 
f 854//450 851//447 853//449 
f 851//447 849//445 853//449 
f 852//448 855//451 856//452 
f 855//451 857//453 856//452 
f 857//453 854//450 856//452 
f 854//450 852//448 856//452 
f 855//451 858//454 859//455 
f 858//454 860//456 859//455 
f 860//456 857//453 859//455 
f 857//453 855//451 859//455 
f 858//454 861//457 862//458 
f 861//457 863//459 862//458 
f 863//459 860//456 862//458 
f 860//456 858//454 862//458 
f 861//457 864//460 865//461 
f 864//460 866//462 865//461 
f 866//462 863//459 865//461 
f 863//459 861//457 865//461 
s 4
f 864//460 867//260 868//261 
f 867//260 869//262 868//261 
f 869//262 866//462 868//261 
f 866//462 864//460 868//261 
s 2
f 867//260 870//263 871//264 
f 870//263 872//265 871//264 
f 872//265 869//262 871//264 
f 869//262 867//260 871//264 
s 4
f 870//263 757//353 873//267 
f 757//353 761//357 873//267 
f 761//357 872//265 873//267 
f 872//265 870//263 873//267 
s 1
f 874//463 875//464 876//465 
f 875//464 877//466 876//465 
f 877//466 878//467 876//465 
f 878//467 874//463 876//465 
s 3
f 875//464 879//468 880//469 
f 879//468 881//470 880//469 
f 881//470 877//466 880//469 
f 877//466 875//464 880//469 
s 2
f 879//468 882//471 883//472 
f 882//471 884//473 883//472 
f 884//473 881//470 883//472 
f 881//470 879//468 883//472 
f 882//471 885//474 886//475 
f 885//474 887//476 886//475 
f 887//476 884//473 886//475 
f 884//473 882//471 886//475 
f 885//474 888//477 889//478 
f 888//477 890//479 889//478 
f 890//479 887//476 889//478 
f 887//476 885//474 889//478 
f 888//477 891//480 892//481 
f 891//480 893//482 892//481 
f 893//482 890//479 892//481 
f 890//479 888//477 892//481 
f 891//480 894//483 895//484 
f 894//483 896//485 895//484 
f 896//485 893//482 895//484 
f 893//482 891//480 895//484 
f 894//483 897//486 898//487 
f 897//486 899//488 898//487 
f 899//488 896//485 898//487 
f 896//485 894//483 898//487 
f 897//486 900//489 901//490 
f 900//489 902//491 901//490 
f 902//491 899//488 901//490 
f 899//488 897//486 901//490 
f 900//489 903//492 904//493 
f 903//492 905//494 904//493 
f 905//494 902//491 904//493 
f 902//491 900//489 904//493 
f 903//492 906//495 907//496 
f 906//495 908//497 907//496 
f 908//497 905//494 907//496 
f 905//494 903//492 907//496 
f 906//495 909//498 910//499 
f 909//498 911//500 910//499 
f 911//500 908//497 910//499 
f 908//497 906//495 910//499 
f 909//498 912//501 913//502 
f 912//501 914//503 913//502 
f 914//503 911//500 913//502 
f 911//500 909//498 913//502 
f 912//501 915//504 916//505 
f 915//504 917//506 916//505 
f 917//506 914//503 916//505 
f 914//503 912//501 916//505 
f 915//504 918//507 919//508 
f 918//507 920//509 919//508 
f 920//509 917//506 919//508 
f 917//506 915//504 919//508 
f 918//507 921//510 922//511 
f 921//510 923//512 922//511 
f 923//512 920//509 922//511 
f 920//509 918//507 922//511 
f 921//510 924//513 925//514 
f 924//513 926//515 925//514 
f 926//515 923//512 925//514 
f 923//512 921//510 925//514 
f 924//513 927//516 928//517 
f 927//516 929//518 928//517 
f 929//518 926//515 928//517 
f 926//515 924//513 928//517 
f 927//516 930//519 931//520 
f 930//519 932//521 931//520 
f 932//521 929//518 931//520 
f 929//518 927//516 931//520 
f 930//519 933//522 934//523 
f 933//522 935//524 934//523 
f 935//524 932//521 934//523 
f 932//521 930//519 934//523 
f 933//522 936//525 937//526 
f 936//525 938//527 937//526 
f 938//527 935//524 937//526 
f 935//524 933//522 937//526 
f 936//525 939//528 940//529 
f 939//528 941//530 940//529 
f 941//530 938//527 940//529 
f 938//527 936//525 940//529 
f 939//528 942//531 943//532 
f 942//531 944//533 943//532 
f 944//533 941//530 943//532 
f 941//530 939//528 943//532 
f 942//531 945//534 946//535 
f 945//534 947//536 946//535 
f 947//536 944//533 946//535 
f 944//533 942//531 946//535 
f 945//534 948//537 949//538 
f 948//537 950//539 949//538 
f 950//539 947//536 949//538 
f 947//536 945//534 949//538 
f 948//537 951//540 952//541 
f 951//540 953//542 952//541 
f 953//542 950//539 952//541 
f 950//539 948//537 952//541 
f 951//540 954//543 955//544 
f 954//543 956//545 955//544 
f 956//545 953//542 955//544 
f 953//542 951//540 955//544 
f 954//543 957//546 958//547 
f 957//546 959//548 958//547 
f 959//548 956//545 958//547 
f 956//545 954//543 958//547 
f 957//546 960//549 961//550 
f 960//549 962//551 961//550 
f 962//551 959//548 961//550 
f 959//548 957//546 961//550 
f 960//549 963//552 964//553 
f 963//552 965//554 964//553 
f 965//554 962//551 964//553 
f 962//551 960//549 964//553 
f 963//552 966//555 967//556 
f 966//555 968//557 967//556 
f 968//557 965//554 967//556 
f 965//554 963//552 967//556 
f 966//555 969//558 970//559 
f 969//558 971//560 970//559 
f 971//560 968//557 970//559 
f 968//557 966//555 970//559 
f 969//558 972//561 973//562 
f 972//561 974//563 973//562 
f 974//563 971//560 973//562 
f 971//560 969//558 973//562 
f 972//561 975//564 976//565 
f 975//564 977//566 976//565 
f 977//566 974//563 976//565 
f 974//563 972//561 976//565 
f 975//564 978//567 979//568 
f 978//567 980//569 979//568 
f 980//569 977//566 979//568 
f 977//566 975//564 979//568 
s 3
f 978//567 874//463 981//570 
f 874//463 878//467 981//570 
f 878//467 980//569 981//570 
f 980//569 978//567 981//570 
s 16
f 906//495 903//492 982//351 
f 903//492 757//353 982//351 
f 761//357 983//352 908//497 984//352 
f 908//497 911//500 984//352 
f 911//500 761//357 984//352 
f 897//486 894//483 985//351 
f 894//483 762//358 985//351 
f 762//358 758//354 985//351 
f 758//354 897//486 985//351 
f 903//492 900//489 986//351 
f 900//489 757//353 986//351 
f 757//353 903//492 986//351 
f 900//489 897//486 987//351 
f 897//486 758//354 987//351 
f 758//354 757//353 987//351 
f 757//353 900//489 987//351 
f 894//483 891//480 988//351 
f 891//480 765//361 988//351 
f 765//361 762//358 988//351 
f 762//358 894//483 988//351 
f 891//480 888//477 989//351 
f 888//477 768//364 989//351 
f 768//364 765//361 989//351 
f 765//361 891//480 989//351 
f 888//477 885//474 990//351 
f 885//474 771//367 990//351 
f 771//367 768//364 990//351 
f 768//364 888//477 990//351 
f 885//474 882//471 991//351 
f 882//471 774//370 991//351 
f 774//370 771//367 991//351 
f 771//367 885//474 991//351 
f 882//471 879//468 992//351 
f 879//468 777//373 992//351 
f 777//373 774//370 992//351 
f 774//370 882//471 992//351 
f 879//468 875//464 993//351 
f 875//464 780//376 993//351 
f 780//376 777//373 993//351 
f 777//373 879//468 993//351 
f 875//464 874//463 994//351 
f 874//463 780//376 994//351 
f 780//376 875//464 994//351 
f 874//463 978//567 995//351 
f 978//567 783//379 995//351 
f 783//379 780//376 995//351 
f 780//376 874//463 995//351 
f 978//567 975//564 996//351 
f 975//564 789//385 996//351 
f 789//385 786//382 996//351 
f 786//382 783//379 996//351 
f 783//379 978//567 996//351 
f 975//564 972//561 997//351 
f 972//561 795//391 997//351 
f 795//391 792//388 997//351 
f 792//388 789//385 997//351 
f 789//385 975//564 997//351 
f 972//561 969//558 998//351 
f 969//558 801//397 998//351 
f 801//397 798//394 998//351 
f 798//394 795//391 998//351 
f 795//391 972//561 998//351 
f 969//558 966//555 999//351 
f 966//555 807//403 999//351 
f 807//403 804//400 999//351 
f 804//400 801//397 999//351 
f 801//397 969//558 999//351 
f 966//555 963//552 1000//351 
f 963//552 813//409 1000//351 
f 813//409 810//406 1000//351 
f 810//406 807//403 1000//351 
f 807//403 966//555 1000//351 
f 963//552 960//549 1001//351 
f 960//549 822//418 1001//351 
f 822//418 819//415 1001//351 
f 819//415 816//412 1001//351 
f 816//412 813//409 1001//351 
f 813//409 963//552 1001//351 
f 960//549 957//546 1002//351 
f 957//546 828//424 1002//351 
f 828//424 825//421 1002//351 
f 825//421 822//418 1002//351 
f 822//418 960//549 1002//351 
f 957//546 954//543 1003//351 
f 954//543 834//430 1003//351 
f 834//430 831//427 1003//351 
f 831//427 828//424 1003//351 
f 828//424 957//546 1003//351 
f 954//543 951//540 1004//351 
f 951//540 837//433 1004//351 
f 837//433 834//430 1004//351 
f 834//430 954//543 1004//351 
f 951//540 948//537 1005//351 
f 948//537 840//436 1005//351 
f 840//436 837//433 1005//351 
f 837//433 951//540 1005//351 
f 948//537 945//534 1006//351 
f 945//534 843//439 1006//351 
f 843//439 840//436 1006//351 
f 840//436 948//537 1006//351 
f 945//534 942//531 1007//351 
f 942//531 846//442 1007//351 
f 846//442 843//439 1007//351 
f 843//439 945//534 1007//351 
f 942//531 939//528 1008//351 
f 939//528 849//445 1008//351 
f 849//445 846//442 1008//351 
f 846//442 942//531 1008//351 
f 939//528 936//525 1009//351 
f 936//525 852//448 1009//351 
f 852//448 849//445 1009//351 
f 849//445 939//528 1009//351 
f 936//525 933//522 1010//351 
f 933//522 855//451 1010//351 
f 855//451 852//448 1010//351 
f 852//448 936//525 1010//351 
f 933//522 930//519 1011//351 
f 930//519 858//454 1011//351 
f 858//454 855//451 1011//351 
f 855//451 933//522 1011//351 
f 930//519 927//516 1012//351 
f 927//516 861//457 1012//351 
f 861//457 858//454 1012//351 
f 858//454 930//519 1012//351 
f 927//516 924//513 1013//351 
f 924//513 864//460 1013//351 
f 864//460 861//457 1013//351 
f 861//457 927//516 1013//351 
f 924//513 921//510 1014//351 
f 921//510 864//460 1014//351 
f 864//460 924//513 1014//351 
f 757//353 870//263 1015//351 
f 870//263 867//260 1015//351 
f 867//260 864//460 1015//351 
f 864//460 757//353 1015//351 
f 918//507 915//504 1016//351 
f 915//504 757//353 1016//351 
f 757//353 918//507 1016//351 
f 864//460 921//510 1017//351 
f 921//510 918//507 1017//351 
f 918//507 757//353 1017//351 
f 757//353 864//460 1017//351 
f 915//504 912//501 1018//351 
f 912//501 757//353 1018//351 
f 757//353 915//504 1018//351 
f 912//501 909//498 1019//351 
f 909//498 757//353 1019//351 
f 757//353 912//501 1019//351 
f 909//498 906//495 1020//351 
f 906//495 982//351 757//353 1020//351 
f 757//353 909//498 1020//351 
f 899//488 902//491 1021//352 
f 902//491 761//357 1021//352 
f 761//357 760//356 1021//352 
f 760//356 899//488 1021//352 
f 866//462 869//262 1022//352 
f 869//262 872//265 1022//352 
f 872//265 761//357 1022//352 
f 761//357 866//462 1022//352 
f 911//500 914//503 1023//352 
f 914//503 761//357 1023//352 
f 761//357 911//500 1023//352 
f 914//503 917//506 1024//352 
f 917//506 761//357 1024//352 
f 761//357 914//503 1024//352 
f 917//506 920//509 1025//352 
f 920//509 761//357 1025//352 
f 761//357 917//506 1025//352 
f 920//509 923//512 1026//352 
f 923//512 866//462 1026//352 
f 866//462 761//357 1026//352 
f 761//357 920//509 1026//352 
f 923//512 926//515 1027//352 
f 926//515 866//462 1027//352 
f 866//462 923//512 1027//352 
f 926//515 929//518 1028//352 
f 929//518 863//459 1028//352 
f 863//459 866//462 1028//352 
f 866//462 926//515 1028//352 
f 929//518 932//521 1029//352 
f 932//521 860//456 1029//352 
f 860//456 863//459 1029//352 
f 863//459 929//518 1029//352 
f 932//521 935//524 1030//352 
f 935//524 857//453 1030//352 
f 857//453 860//456 1030//352 
f 860//456 932//521 1030//352 
f 935//524 938//527 1031//352 
f 938//527 854//450 1031//352 
f 854//450 857//453 1031//352 
f 857//453 935//524 1031//352 
f 938//527 941//530 1032//352 
f 941//530 851//447 1032//352 
f 851//447 854//450 1032//352 
f 854//450 938//527 1032//352 
f 941//530 944//533 1033//352 
f 944//533 848//444 1033//352 
f 848//444 851//447 1033//352 
f 851//447 941//530 1033//352 
f 944//533 947//536 1034//352 
f 947//536 845//441 1034//352 
f 845//441 848//444 1034//352 
f 848//444 944//533 1034//352 
f 947//536 950//539 1035//352 
f 950//539 842//438 1035//352 
f 842//438 845//441 1035//352 
f 845//441 947//536 1035//352 
f 950//539 953//542 1036//352 
f 953//542 839//435 1036//352 
f 839//435 842//438 1036//352 
f 842//438 950//539 1036//352 
f 953//542 956//545 1037//352 
f 956//545 836//432 1037//352 
f 836//432 839//435 1037//352 
f 839//435 953//542 1037//352 
f 956//545 959//548 1038//352 
f 959//548 830//426 1038//352 
f 830//426 833//429 1038//352 
f 833//429 836//432 1038//352 
f 836//432 956//545 1038//352 
f 959//548 962//551 1039//352 
f 962//551 824//420 1039//352 
f 824//420 827//423 1039//352 
f 827//423 830//426 1039//352 
f 830//426 959//548 1039//352 
f 962//551 965//554 1040//352 
f 965//554 815//411 1040//352 
f 815//411 818//414 1040//352 
f 818//414 821//417 1040//352 
f 821//417 824//420 1040//352 
f 824//420 962//551 1040//352 
f 965//554 968//557 1041//352 
f 968//557 809//405 1041//352 
f 809//405 812//408 1041//352 
f 812//408 815//411 1041//352 
f 815//411 965//554 1041//352 
f 968//557 971//560 1042//352 
f 971//560 803//399 1042//352 
f 803//399 806//402 1042//352 
f 806//402 809//405 1042//352 
f 809//405 968//557 1042//352 
f 971//560 974//563 1043//352 
f 974//563 797//393 1043//352 
f 797//393 800//396 1043//352 
f 800//396 803//399 1043//352 
f 803//399 971//560 1043//352 
f 974//563 977//566 1044//352 
f 977//566 791//387 1044//352 
f 791//387 794//390 1044//352 
f 794//390 797//393 1044//352 
f 797//393 974//563 1044//352 
f 977//566 980//569 1045//352 
f 980//569 785//381 1045//352 
f 785//381 788//384 1045//352 
f 788//384 791//387 1045//352 
f 791//387 977//566 1045//352 
f 980//569 878//467 1046//352 
f 878//467 782//378 1046//352 
f 782//378 785//381 1046//352 
f 785//381 980//569 1046//352 
f 878//467 877//466 1047//352 
f 877//466 782//378 1047//352 
f 782//378 878//467 1047//352 
f 877//466 881//470 1048//352 
f 881//470 779//375 1048//352 
f 779//375 782//378 1048//352 
f 782//378 877//466 1048//352 
f 881//470 884//473 1049//352 
f 884//473 776//372 1049//352 
f 776//372 779//375 1049//352 
f 779//375 881//470 1049//352 
f 884//473 887//476 1050//352 
f 887//476 773//369 1050//352 
f 773//369 776//372 1050//352 
f 776//372 884//473 1050//352 
f 887//476 890//479 1051//352 
f 890//479 770//366 1051//352 
f 770//366 773//369 1051//352 
f 773//369 887//476 1051//352 
f 890//479 893//482 1052//352 
f 893//482 767//363 1052//352 
f 767//363 770//366 1052//352 
f 770//366 890//479 1052//352 
f 893//482 896//485 1053//352 
f 896//485 764//360 1053//352 
f 764//360 767//363 1053//352 
f 767//363 893//482 1053//352 
f 896//485 899//488 1054//352 
f 899//488 760//356 1054//352 
f 760//356 764//360 1054//352 
f 764//360 896//485 1054//352 
f 902//491 905//494 1055//352 
f 905//494 761//357 1055//352 
f 761//357 902//491 1055//352 
f 905//494 908//497 983//352 
f 761//357 905//494 983//352 
# 6 polygons - 2098 triangles

