# 3ds Max Wavefront OBJ Exporter v0.97b - (c)2007 guruware
# File Created: 07.12.2021 20:28:51

#
# object Vowels_6
#

v  188.4300 0.0000 134.2865
v  188.4915 0.0000 133.4236
v  188.4607 5.0000 133.8550
v  188.4915 10.0000 133.4236
v  188.4300 10.0000 134.2865
v  188.5940 0.0000 132.4952
v  188.5427 5.0000 132.9594
v  188.5940 10.0000 132.4952
v  188.7375 0.0000 131.5013
v  188.6657 5.0000 131.9982
v  188.7375 10.0000 131.5013
v  188.9219 0.0000 130.4419
v  188.8297 5.0000 130.9716
v  188.9219 10.0000 130.4419
v  189.1474 0.0000 129.3171
v  189.0347 5.0000 129.8795
v  189.1474 10.0000 129.3171
v  189.4139 0.0000 128.1268
v  189.2806 5.0000 128.7220
v  189.4139 10.0000 128.1268
v  189.7213 0.0000 126.8711
v  189.5676 5.0000 127.4990
v  189.7213 10.0000 126.8711
v  190.0698 0.0000 125.5499
v  189.8956 5.0000 126.2105
v  190.0698 10.0000 125.5499
v  190.4309 0.0000 124.2319
v  190.2504 5.0000 124.8909
v  190.4309 10.0000 124.2319
v  190.7496 0.0000 122.9869
v  190.5902 5.0000 123.6094
v  190.7496 10.0000 122.9869
v  191.0257 0.0000 121.8150
v  190.8876 5.0000 122.4010
v  191.0257 10.0000 121.8150
v  191.2594 0.0000 120.7162
v  191.1425 5.0000 121.2656
v  191.2594 10.0000 120.7162
v  191.4506 0.0000 119.6904
v  191.3550 5.0000 120.2033
v  191.4506 10.0000 119.6904
v  191.5993 0.0000 118.7376
v  191.5249 5.0000 119.2140
v  191.5993 10.0000 118.7376
v  191.7055 0.0000 117.8579
v  191.6524 5.0000 118.2978
v  191.7055 10.0000 117.8579
v  191.7692 0.0000 117.0512
v  191.7374 5.0000 117.4546
v  191.7692 10.0000 117.0512
v  191.7905 0.0000 116.3176
v  191.7798 5.0000 116.6844
v  191.7905 10.0000 116.3176
v  191.7409 0.0000 115.0127
v  191.7657 5.0000 115.6651
v  191.7409 10.0000 115.0127
v  191.5922 0.0000 113.7532
v  191.6665 5.0000 114.3829
v  191.5922 10.0000 113.7532
v  191.3444 0.0000 112.5392
v  191.4683 5.0000 113.1462
v  191.3444 10.0000 112.5392
v  190.9974 0.0000 111.3706
v  191.1709 5.0000 111.9549
v  190.9974 10.0000 111.3706
v  190.5513 0.0000 110.2476
v  190.7744 5.0000 110.8091
v  190.5513 10.0000 110.2476
v  190.0061 0.0000 109.1700
v  190.2787 5.0000 109.7088
v  190.0061 10.0000 109.1700
v  189.3617 0.0000 108.1378
v  189.6839 5.0000 108.6539
v  189.3617 10.0000 108.1378
v  188.6182 0.0000 107.1511
v  188.9899 5.0000 107.6445
v  188.6182 10.0000 107.1511
v  187.7756 0.0000 106.2099
v  188.1969 5.0000 106.6805
v  187.7756 10.0000 106.2099
v  186.8345 0.0000 105.3425
v  187.3051 5.0000 105.7762
v  186.8345 10.0000 105.3425
v  185.7959 0.0000 104.5771
v  186.3152 5.0000 104.9598
v  185.7959 10.0000 104.5771
v  184.6596 0.0000 103.9138
v  185.2277 5.0000 104.2454
v  184.6596 10.0000 103.9138
v  183.4256 0.0000 103.3525
v  184.0426 5.0000 103.6331
v  183.4256 10.0000 103.3525
v  182.0940 0.0000 102.8932
v  182.7598 5.0000 103.1228
v  182.0940 10.0000 102.8932
v  180.6648 0.0000 102.5361
v  181.3794 5.0000 102.7146
v  180.6648 10.0000 102.5361
v  179.1379 0.0000 102.2809
v  179.9014 5.0000 102.4085
v  179.1379 10.0000 102.2809
v  177.5134 0.0000 102.1278
v  178.3257 5.0000 102.2044
v  177.5134 10.0000 102.1278
v  175.7912 0.0000 102.0768
v  176.6523 5.0000 102.1023
v  175.7912 10.0000 102.0768
v  174.1160 0.0000 102.1345
v  174.9536 5.0000 102.1056
v  174.1160 10.0000 102.1345
v  172.5251 0.0000 102.3074
v  173.3206 5.0000 102.2209
v  172.5251 10.0000 102.3074
v  171.0183 0.0000 102.5956
v  171.7717 5.0000 102.4515
v  171.0183 10.0000 102.5956
v  169.5958 0.0000 102.9991
v  170.3071 5.0000 102.7973
v  169.5958 10.0000 102.9991
v  168.2575 0.0000 103.5178
v  168.9266 5.0000 103.2585
v  168.2575 10.0000 103.5178
v  167.0034 0.0000 104.1519
v  167.6305 5.0000 103.8349
v  167.0034 10.0000 104.1519
v  165.8336 0.0000 104.9012
v  166.4185 5.0000 104.5266
v  165.8336 10.0000 104.9012
v  164.7479 0.0000 105.7659
v  165.2908 5.0000 105.3335
v  164.7479 10.0000 105.7659
v  163.7466 0.0000 106.7458
v  164.2473 5.0000 106.2558
v  163.7466 10.0000 106.7458
v  162.8406 0.0000 107.8142
v  163.2936 5.0000 107.2800
v  162.8406 10.0000 107.8142
v  162.0412 0.0000 108.9443
v  162.4409 5.0000 108.3793
v  162.0412 10.0000 108.9443
v  161.3484 0.0000 110.1362
v  161.6948 5.0000 109.5403
v  161.3484 10.0000 110.1362
v  160.7621 0.0000 111.3899
v  161.0552 5.0000 110.7631
v  160.7621 10.0000 111.3899
v  160.2825 0.0000 112.7052
v  160.5223 5.0000 112.0476
v  160.2825 10.0000 112.7052
v  159.9094 0.0000 114.0824
v  160.0959 5.0000 113.3938
v  159.9094 10.0000 114.0824
v  159.6430 0.0000 115.5212
v  159.7762 5.0000 114.8018
v  159.6430 10.0000 115.5212
v  159.4831 0.0000 117.0218
v  159.5630 5.0000 116.2715
v  159.4831 10.0000 117.0218
v  159.4298 0.0000 118.5842
v  159.4564 5.0000 117.8030
v  159.4298 10.0000 118.5842
v  159.5424 0.0000 120.8977
v  159.4861 5.0000 119.7410
v  159.5424 10.0000 120.8977
v  159.8804 0.0000 122.9391
v  159.7114 5.0000 121.9184
v  159.8804 10.0000 122.9391
v  160.4436 0.0000 124.7083
v  160.1620 5.0000 123.8237
v  160.4436 10.0000 124.7083
v  161.2321 0.0000 126.2053
v  160.8378 5.0000 125.4568
v  161.2321 10.0000 126.2053
v  162.2458 0.0000 127.4301
v  161.7390 5.0000 126.8177
v  162.2458 10.0000 127.4301
v  163.4849 0.0000 128.3827
v  162.8654 5.0000 127.9064
v  163.4849 10.0000 128.3827
v  164.9493 0.0000 129.0632
v  164.2171 5.0000 128.7229
v  164.9493 10.0000 129.0632
v  166.6389 0.0000 129.4714
v  165.7941 5.0000 129.2673
v  166.6389 10.0000 129.4714
v  168.5539 0.0000 129.6075
v  167.5964 5.0000 129.5395
v  168.5539 10.0000 129.6075
v  169.3131 0.0000 129.5799
v  168.9335 5.0000 129.5937
v  169.3131 10.0000 129.5799
v  170.0434 0.0000 129.4969
v  169.6783 5.0000 129.5384
v  170.0434 10.0000 129.4969
v  170.7448 0.0000 129.3586
v  170.3941 5.0000 129.4278
v  170.7448 10.0000 129.3586
v  171.4173 0.0000 129.1650
v  171.0811 5.0000 129.2618
v  171.4173 10.0000 129.1650
v  172.0609 0.0000 128.9161
v  171.7391 5.0000 129.0406
v  172.0609 10.0000 128.9161
v  172.6755 0.0000 128.6119
v  172.3682 5.0000 128.7640
v  172.6755 10.0000 128.6119
v  173.2613 0.0000 128.2524
v  172.9684 5.0000 128.4322
v  173.2613 10.0000 128.2524
v  173.8181 0.0000 127.8375
v  173.5397 5.0000 128.0450
v  173.8181 10.0000 127.8375
v  174.3460 0.0000 127.3674
v  174.0821 5.0000 127.6025
v  174.3460 10.0000 127.3674
v  174.8310 0.0000 126.8547
v  174.5885 5.0000 127.1110
v  174.8310 10.0000 126.8547
v  175.2589 0.0000 126.3121
v  175.0449 5.0000 126.5834
v  175.2589 10.0000 126.3121
v  175.6297 0.0000 125.7397
v  175.4443 5.0000 126.0259
v  175.6297 10.0000 125.7397
v  175.9435 0.0000 125.1374
v  175.7866 5.0000 125.4385
v  175.9435 10.0000 125.1374
v  176.2002 0.0000 124.5053
v  176.0718 5.0000 124.8213
v  176.2002 10.0000 124.5053
v  176.3999 0.0000 123.8433
v  176.3000 5.0000 124.1743
v  176.3999 10.0000 123.8433
v  176.5425 0.0000 123.1515
v  176.4712 5.0000 123.4974
v  176.5425 10.0000 123.1515
v  176.6281 0.0000 122.4299
v  176.5853 5.0000 122.7907
v  176.6281 10.0000 122.4299
v  176.6566 0.0000 121.6784
v  176.6423 5.0000 122.0541
v  176.6566 10.0000 121.6784
v  176.6242 0.0000 120.7551
v  176.6404 5.0000 121.2168
v  176.6242 10.0000 120.7551
v  176.5269 0.0000 119.8963
v  176.5756 5.0000 120.3257
v  176.5269 10.0000 119.8963
v  176.3648 0.0000 119.1017
v  176.4459 5.0000 119.4990
v  176.3648 10.0000 119.1017
v  176.1378 0.0000 118.3714
v  176.2513 5.0000 118.7366
v  176.1378 10.0000 118.3714
v  175.8460 0.0000 117.7055
v  175.9919 5.0000 118.0385
v  175.8460 10.0000 117.7055
v  175.4894 0.0000 117.1039
v  175.6677 5.0000 117.4047
v  175.4894 10.0000 117.1039
v  175.0679 0.0000 116.5666
v  175.2786 5.0000 116.8352
v  175.0679 10.0000 116.5666
v  174.5815 0.0000 116.0936
v  174.8247 5.0000 116.3301
v  174.5815 10.0000 116.0936
v  174.0303 0.0000 115.6849
v  174.3059 5.0000 115.8893
v  174.0303 10.0000 115.6849
v  173.4493 0.0000 115.3294
v  173.7398 5.0000 115.5072
v  173.4493 10.0000 115.3294
v  172.8735 0.0000 115.0156
v  173.1614 5.0000 115.1725
v  172.8735 10.0000 115.0156
v  172.3029 0.0000 114.7437
v  172.5882 5.0000 114.8797
v  172.3029 10.0000 114.7437
v  171.7376 0.0000 114.5136
v  172.0203 5.0000 114.6286
v  171.7376 10.0000 114.5136
v  171.1774 0.0000 114.3254
v  171.4575 5.0000 114.4195
v  171.1774 10.0000 114.3254
v  170.6225 0.0000 114.1790
v  170.9000 5.0000 114.2522
v  170.6225 10.0000 114.1790
v  170.0728 0.0000 114.0744
v  170.3477 5.0000 114.1267
v  170.0728 10.0000 114.0744
v  169.5283 0.0000 114.0116
v  169.8006 5.0000 114.0430
v  169.5283 10.0000 114.0116
v  168.9891 0.0000 113.9907
v  169.2587 5.0000 114.0011
v  168.9891 10.0000 113.9907
v  168.4695 0.0000 113.9967
v  168.7293 5.0000 113.9937
v  168.4695 10.0000 113.9967
v  168.0112 0.0000 114.0145
v  168.2404 5.0000 114.0056
v  168.0112 10.0000 114.0145
v  167.6139 0.0000 114.0444
v  167.8125 5.0000 114.0294
v  167.6139 10.0000 114.0444
v  167.2777 0.0000 114.0861
v  167.4458 5.0000 114.0652
v  167.2777 10.0000 114.0861
v  167.0027 0.0000 114.1398
v  167.1402 5.0000 114.1129
v  167.0027 10.0000 114.1398
v  166.7888 0.0000 114.2054
v  166.8957 5.0000 114.1726
v  166.7888 10.0000 114.2054
v  166.6360 0.0000 114.2829
v  166.7124 5.0000 114.2441
v  166.6360 10.0000 114.2829
v  166.5443 0.0000 114.3723
v  166.5901 5.0000 114.3276
v  166.5443 10.0000 114.3723
v  166.5137 0.0000 114.4737
v  166.5290 5.0000 114.4230
v  166.5137 10.0000 114.4737
v  166.5436 0.0000 113.9906
v  166.5287 5.0000 114.2322
v  166.5436 10.0000 113.9906
v  166.6332 0.0000 113.5109
v  166.5884 5.0000 113.7508
v  166.6332 10.0000 113.5109
v  166.7825 0.0000 113.0343
v  166.7078 5.0000 113.2726
v  166.7825 10.0000 113.0343
v  166.9915 0.0000 112.5611
v  166.8870 5.0000 112.7977
v  166.9915 10.0000 112.5611
v  167.2602 0.0000 112.0911
v  167.1259 5.0000 112.3261
v  167.2602 10.0000 112.0911
v  167.5887 0.0000 111.6244
v  167.4245 5.0000 111.8577
v  167.5887 10.0000 111.6244
v  167.9769 0.0000 111.1609
v  167.7828 5.0000 111.3926
v  167.9769 10.0000 111.1609
v  168.4248 0.0000 110.7007
v  168.2009 5.0000 110.9308
v  168.4248 10.0000 110.7007
v  168.9325 0.0000 110.2437
v  168.6786 5.0000 110.4722
v  168.9325 10.0000 110.2437
v  169.4885 0.0000 109.8137
v  169.2105 5.0000 110.0287
v  169.4885 10.0000 109.8137
v  170.0815 0.0000 109.4342
v  169.7849 5.0000 109.6240
v  170.0815 10.0000 109.4342
v  170.7114 0.0000 109.1054
v  170.3964 5.0000 109.2698
v  170.7114 10.0000 109.1054
v  171.3784 0.0000 108.8271
v  171.0449 5.0000 108.9663
v  171.3784 10.0000 108.8271
v  172.0823 0.0000 108.5995
v  171.7303 5.0000 108.7133
v  172.0823 10.0000 108.5995
v  172.8233 0.0000 108.4224
v  172.4528 5.0000 108.5109
v  172.8233 10.0000 108.4224
v  173.6012 0.0000 108.2959
v  173.2122 5.0000 108.3592
v  173.6012 10.0000 108.2959
v  174.4161 0.0000 108.2200
v  174.0086 5.0000 108.2580
v  174.4161 10.0000 108.2200
v  175.2680 0.0000 108.1947
v  174.8420 5.0000 108.2074
v  175.2680 10.0000 108.1947
v  177.0800 0.0000 108.3020
v  176.1740 5.0000 108.2484
v  177.0800 10.0000 108.3020
v  178.6788 0.0000 108.6236
v  177.8794 5.0000 108.4628
v  178.6788 10.0000 108.6236
v  180.0644 0.0000 109.1596
v  179.3716 5.0000 108.8916
v  180.0644 10.0000 109.1596
v  181.2369 0.0000 109.9101
v  180.6506 5.0000 109.5348
v  181.2369 10.0000 109.9101
v  182.1962 0.0000 110.8749
v  181.7165 5.0000 110.3925
v  182.1962 10.0000 110.8749
v  182.9423 0.0000 112.0542
v  182.5692 5.0000 111.4646
v  182.9423 10.0000 112.0542
v  183.4752 0.0000 113.4479
v  183.2087 5.0000 112.7511
v  183.4752 10.0000 113.4479
v  183.7950 0.0000 115.0561
v  183.6351 5.0000 114.2520
v  183.7950 10.0000 115.0561
v  183.9016 0.0000 116.8786
v  183.8483 5.0000 115.9673
v  183.9016 10.0000 116.8786
v  183.8687 0.0000 117.6497
v  183.8851 5.0000 117.2641
v  183.8687 10.0000 117.6497
v  183.7704 0.0000 118.4892
v  183.8195 5.0000 118.0694
v  183.7704 10.0000 118.4892
v  183.6064 0.0000 119.3973
v  183.6884 5.0000 118.9432
v  183.6064 10.0000 119.3973
v  183.3768 0.0000 120.3739
v  183.4916 5.0000 119.8856
v  183.3768 10.0000 120.3739
v  183.0816 0.0000 121.4189
v  183.2292 5.0000 120.8964
v  183.0816 10.0000 121.4189
v  182.7209 0.0000 122.5326
v  182.9013 5.0000 121.9758
v  182.7209 10.0000 122.5326
v  182.2945 0.0000 123.7147
v  182.5077 5.0000 123.1236
v  182.2945 10.0000 123.7147
v  181.8026 0.0000 124.9653
v  182.0486 5.0000 124.3400
v  181.8026 10.0000 124.9653
v  181.2451 0.0000 126.2844
v  181.5238 5.0000 125.6249
v  181.2451 10.0000 126.2844
v  180.6875 0.0000 127.6058
v  180.9663 5.0000 126.9451
v  180.6875 10.0000 127.6058
v  180.1956 0.0000 128.8633
v  180.4416 5.0000 128.2345
v  180.1956 10.0000 128.8633
v  179.7693 0.0000 130.0567
v  179.9824 5.0000 129.4600
v  179.7693 10.0000 130.0567
v  179.4085 0.0000 131.1862
v  179.5889 5.0000 130.6214
v  179.4085 10.0000 131.1862
v  179.1133 0.0000 132.2517
v  179.2609 5.0000 131.7189
v  179.1133 10.0000 132.2517
v  178.8838 0.0000 133.2532
v  178.9985 5.0000 132.7524
v  178.8838 10.0000 133.2532
v  178.7198 0.0000 134.1907
v  178.8018 5.0000 133.7220
v  178.7198 10.0000 134.1907
v  178.6214 0.0000 135.0643
v  178.6706 5.0000 134.6275
v  178.6214 10.0000 135.0643
v  178.5886 0.0000 135.8739
v  178.6050 5.0000 135.4691
v  178.5886 10.0000 135.8739
v  178.5886 0.0000 180.6163
v  178.5886 5.0000 158.2451
v  178.5886 10.0000 180.6163
v  178.7146 0.0000 182.9199
v  178.6516 5.0000 181.7681
v  178.7146 10.0000 182.9199
v  179.0925 0.0000 184.9524
v  178.9035 5.0000 183.9361
v  179.0925 10.0000 184.9524
v  179.7223 0.0000 186.7139
v  179.4074 5.0000 185.8331
v  179.7223 10.0000 186.7139
v  180.6041 0.0000 188.2044
v  180.1632 5.0000 187.4591
v  180.6041 10.0000 188.2044
v  181.7377 0.0000 189.4239
v  181.1709 5.0000 188.8141
v  181.7377 10.0000 189.4239
v  183.1234 0.0000 190.3724
v  182.4306 5.0000 189.8981
v  183.1234 10.0000 190.3724
v  184.7609 0.0000 191.0499
v  183.9422 5.0000 190.7112
v  184.7609 10.0000 191.0499
v  186.6504 0.0000 191.4564
v  185.7057 5.0000 191.2532
v  186.6504 10.0000 191.4564
v  188.7919 0.0000 191.5919
v  187.7212 5.0000 191.5242
v  188.7919 10.0000 191.5919
v  190.5204 0.0000 191.5046
v  189.6561 5.0000 191.5483
v  190.5204 10.0000 191.5046
v  192.0834 0.0000 191.2427
v  191.3019 5.0000 191.3737
v  192.0834 10.0000 191.2427
v  193.4809 0.0000 190.8062
v  192.7822 5.0000 191.0245
v  193.4809 10.0000 190.8062
v  194.7130 0.0000 190.1951
v  194.0970 5.0000 190.5007
v  194.7130 10.0000 190.1951
v  195.7796 0.0000 189.4094
v  195.2463 5.0000 189.8022
v  195.7796 10.0000 189.4094
v  196.6808 0.0000 188.4491
v  196.2302 5.0000 188.9292
v  196.6808 10.0000 188.4491
v  197.4165 0.0000 187.3142
v  197.0486 5.0000 187.8816
v  197.4165 10.0000 187.3142
v  197.9867 0.0000 186.0047
v  197.7016 5.0000 186.6594
v  197.9867 10.0000 186.0047
v  198.3914 0.0000 184.5206
v  198.1890 5.0000 185.2626
v  198.3914 10.0000 184.5206
v  198.2682 0.0000 182.2878
v  198.3298 5.0000 183.4042
v  198.2682 10.0000 182.2878
v  197.8985 0.0000 180.3177
v  198.0833 5.0000 181.3027
v  197.8985 10.0000 180.3177
v  197.2823 0.0000 178.6103
v  197.5904 5.0000 179.4640
v  197.2823 10.0000 178.6103
v  196.4197 0.0000 177.1656
v  196.8510 5.0000 177.8879
v  196.4197 10.0000 177.1656
v  195.3106 0.0000 175.9835
v  195.8651 5.0000 176.5745
v  195.3106 10.0000 175.9835
v  193.9550 0.0000 175.0641
v  194.6328 5.0000 175.5238
v  193.9550 10.0000 175.0641
v  192.3530 0.0000 174.4074
v  193.1540 5.0000 174.7358
v  192.3530 10.0000 174.4074
v  190.5045 0.0000 174.0134
v  191.4287 5.0000 174.2104
v  190.5045 10.0000 174.0134
v  188.4095 0.0000 173.8821
v  189.4570 5.0000 173.9478
v  188.4095 10.0000 173.8821
v  188.4095 0.0000 135.0840
v  188.4095 5.0000 154.4830
v  188.4095 10.0000 135.0840
v  188.4197 5.0000 134.6852
v  169.4594 0.0000 118.3790
v  170.0520 0.0000 118.5031
v  169.7557 5.0000 118.4411
v  170.0520 10.0000 118.5031
v  169.4594 10.0000 118.3790
v  170.5655 0.0000 118.7100
v  170.3087 5.0000 118.6065
v  170.5655 10.0000 118.7100
v  171.0001 0.0000 118.9995
v  170.7828 5.0000 118.8547
v  171.0001 10.0000 118.9995
v  171.3556 0.0000 119.3718
v  171.1778 5.0000 119.1857
v  171.3556 10.0000 119.3718
v  171.6321 0.0000 119.8269
v  171.4939 5.0000 119.5994
v  171.6321 10.0000 119.8269
v  171.8297 0.0000 120.3647
v  171.7309 5.0000 120.0958
v  171.8297 10.0000 120.3647
v  171.9482 0.0000 120.9852
v  171.8889 5.0000 120.6749
v  171.9482 10.0000 120.9852
v  171.9877 0.0000 121.6884
v  171.9679 5.0000 121.3368
v  171.9877 10.0000 121.6884
v  171.9482 0.0000 122.4043
v  171.9679 5.0000 122.0464
v  171.9482 10.0000 122.4043
v  171.8297 0.0000 123.0360
v  171.8889 5.0000 122.7202
v  171.8297 10.0000 123.0360
v  171.6321 0.0000 123.5835
v  171.7309 5.0000 123.3098
v  171.6321 10.0000 123.5835
v  171.3556 0.0000 124.0468
v  171.4939 5.0000 123.8151
v  171.3556 10.0000 124.0468
v  171.0001 0.0000 124.4258
v  171.1778 5.0000 124.2363
v  171.0001 10.0000 124.4258
v  170.5655 0.0000 124.7206
v  170.7828 5.0000 124.5732
v  170.5655 10.0000 124.7206
v  170.0520 0.0000 124.9311
v  170.3087 5.0000 124.8259
v  170.0520 10.0000 124.9311
v  169.4594 0.0000 125.0575
v  169.7557 5.0000 124.9943
v  169.4594 10.0000 125.0575
v  168.7878 0.0000 125.0996
v  169.1236 5.0000 125.0785
v  168.7878 10.0000 125.0996
v  168.1416 0.0000 125.0575
v  168.4647 5.0000 125.0785
v  168.1416 10.0000 125.0575
v  167.5714 0.0000 124.9311
v  167.8565 5.0000 124.9943
v  167.5714 10.0000 124.9311
v  167.0772 0.0000 124.7206
v  167.3243 5.0000 124.8258
v  167.0772 10.0000 124.7206
v  166.6591 0.0000 124.4258
v  166.8681 5.0000 124.5732
v  166.6591 10.0000 124.4258
v  166.3169 0.0000 124.0467
v  166.4880 5.0000 124.2363
v  166.3169 10.0000 124.0467
v  166.0508 0.0000 123.5835
v  166.1839 5.0000 123.8151
v  166.0508 10.0000 123.5835
v  165.8608 0.0000 123.0360
v  165.9558 5.0000 123.3098
v  165.8608 10.0000 123.0360
v  165.7467 0.0000 122.4043
v  165.8038 5.0000 122.7202
v  165.7467 10.0000 122.4043
v  165.7087 0.0000 121.6884
v  165.7277 5.0000 122.0464
v  165.7087 10.0000 121.6884
v  165.7467 0.0000 120.9852
v  165.7277 5.0000 121.3368
v  165.7467 10.0000 120.9852
v  165.8608 0.0000 120.3647
v  165.8038 5.0000 120.6749
v  165.8608 10.0000 120.3647
v  166.0508 0.0000 119.8269
v  165.9558 5.0000 120.0958
v  166.0508 10.0000 119.8269
v  166.3169 0.0000 119.3718
v  166.1839 5.0000 119.5994
v  166.3169 10.0000 119.3718
v  166.6591 0.0000 118.9995
v  166.4880 5.0000 119.1857
v  166.6591 10.0000 118.9995
v  167.0772 0.0000 118.7100
v  166.8681 5.0000 118.8547
v  167.0772 10.0000 118.7100
v  167.5714 0.0000 118.5031
v  167.3243 5.0000 118.6065
v  167.5714 10.0000 118.5031
v  168.1416 0.0000 118.3790
v  167.8565 5.0000 118.4411
v  168.1416 10.0000 118.3790
v  168.7878 0.0000 118.3376
v  168.4647 5.0000 118.3583
v  168.7878 10.0000 118.3376
v  169.1236 5.0000 118.3583
v  188.4433 0.0000 186.7112
v  187.7184 0.0000 186.5587
v  188.0809 5.0000 186.6349
v  187.7184 10.0000 186.5587
v  188.4433 10.0000 186.7112
v  187.0902 0.0000 186.3047
v  187.4043 5.0000 186.4317
v  187.0902 10.0000 186.3047
v  186.5586 0.0000 185.9490
v  186.8244 5.0000 186.1268
v  186.5586 10.0000 185.9490
v  186.1237 0.0000 185.4917
v  186.3412 5.0000 185.7204
v  186.1237 10.0000 185.4917
v  185.7854 0.0000 184.9328
v  185.9546 5.0000 185.2123
v  185.7854 10.0000 184.9328
v  185.5438 0.0000 184.2723
v  185.6646 5.0000 184.6026
v  185.5438 10.0000 184.2723
v  185.3988 0.0000 183.5102
v  185.4713 5.0000 183.8913
v  185.3988 10.0000 183.5102
v  185.3505 0.0000 182.6464
v  185.3747 5.0000 183.0783
v  185.3505 10.0000 182.6464
v  185.3988 0.0000 181.8207
v  185.3747 5.0000 182.2336
v  185.3988 10.0000 181.8207
v  185.5438 0.0000 181.0921
v  185.4713 5.0000 181.4564
v  185.5438 10.0000 181.0921
v  185.7854 0.0000 180.4607
v  185.6646 5.0000 180.7764
v  185.7854 10.0000 180.4607
v  186.1237 0.0000 179.9264
v  185.9546 5.0000 180.1935
v  186.1237 10.0000 179.9264
v  186.5586 0.0000 179.4892
v  186.3412 5.0000 179.7078
v  186.5586 10.0000 179.4892
v  187.0902 0.0000 179.1492
v  186.8244 5.0000 179.3192
v  187.0902 10.0000 179.1492
v  187.7184 0.0000 178.9063
v  187.4043 5.0000 179.0278
v  187.7184 10.0000 178.9063
v  188.4433 0.0000 178.7606
v  188.0809 5.0000 178.8335
v  188.4433 10.0000 178.7606
v  189.2648 0.0000 178.7120
v  188.8540 5.0000 178.7363
v  189.2648 10.0000 178.7120
v  190.0990 0.0000 178.7606
v  189.6819 5.0000 178.7363
v  190.0990 10.0000 178.7606
v  190.8350 0.0000 178.9063
v  190.4670 5.0000 178.8335
v  190.8350 10.0000 178.9063
v  191.4729 0.0000 179.1492
v  191.1540 5.0000 179.0278
v  191.4729 10.0000 179.1492
v  192.0127 0.0000 179.4892
v  191.7428 5.0000 179.3192
v  192.0127 10.0000 179.4892
v  192.4543 0.0000 179.9264
v  192.2335 5.0000 179.7078
v  192.4543 10.0000 179.9264
v  192.7978 0.0000 180.4607
v  192.6261 5.0000 180.1935
v  192.7978 10.0000 180.4607
v  193.0432 0.0000 181.0921
v  192.9205 5.0000 180.7764
v  193.0432 10.0000 181.0921
v  193.1904 0.0000 181.8207
v  193.1168 5.0000 181.4564
v  193.1904 10.0000 181.8207
v  193.2394 0.0000 182.6464
v  193.2149 5.0000 182.2336
v  193.2394 10.0000 182.6464
v  193.1904 0.0000 183.5102
v  193.2149 5.0000 183.0783
v  193.1904 10.0000 183.5102
v  193.0432 0.0000 184.2723
v  193.1168 5.0000 183.8913
v  193.0432 10.0000 184.2723
v  192.7978 0.0000 184.9328
v  192.9205 5.0000 184.6026
v  192.7978 10.0000 184.9328
v  192.4543 0.0000 185.4917
v  192.6261 5.0000 185.2123
v  192.4543 10.0000 185.4917
v  192.0127 0.0000 185.9490
v  192.2335 5.0000 185.7204
v  192.0127 10.0000 185.9490
v  191.4729 0.0000 186.3047
v  191.7428 5.0000 186.1268
v  191.4729 10.0000 186.3047
v  190.8350 0.0000 186.5587
v  191.1540 5.0000 186.4317
v  190.8350 10.0000 186.5587
v  190.0990 0.0000 186.7112
v  190.4670 5.0000 186.6349
v  190.0990 10.0000 186.7112
v  189.2648 0.0000 186.7620
v  189.6819 5.0000 186.7366
v  189.2648 10.0000 186.7620
v  188.8540 5.0000 186.7366
v  191.0261 0.0000 116.7756
v  167.1211 10.0000 115.1652
v  166.2272 10.0000 114.6081
v  189.7176 0.0000 120.1863
v  189.4990 0.0000 121.0452
v  189.3077 0.0000 121.8606
v  189.1437 0.0000 122.6323
v  189.0070 0.0000 123.3603
v  188.8977 0.0000 124.0448
v  188.8157 0.0000 124.6855
v  188.7611 0.0000 125.2826
v  187.7994 0.0000 149.6199
v  187.8113 0.0000 135.8668
v  186.5616 0.0000 155.5323
v  186.3683 0.0000 155.9209
v  186.2394 0.0000 156.3742
v  179.9778 0.0000 141.8413
v  182.1391 0.0000 183.5072
v  183.1492 0.0000 143.7755
v  183.4553 0.0000 142.9646
v  183.7177 0.0000 142.1993
v  183.9363 0.0000 141.4797
v  184.1112 0.0000 140.8058
v  184.2424 0.0000 140.1776
v  184.3299 0.0000 139.5951
v  185.2590 0.0000 141.0411
v  185.1573 0.0000 112.7149
v  185.0152 0.0000 111.5713
v  184.7310 0.0000 110.5707
v  184.3047 0.0000 109.7130
v  184.7678 0.0000 107.3829
v  183.0365 0.0000 106.1826
v  180.9855 0.0000 105.3130
v  178.6150 0.0000 104.7741
v  176.4132 0.0000 105.1753
v  174.8978 0.0000 105.1565
v  173.6646 0.0000 105.2394
v  172.4920 0.0000 105.4053
v  171.9746 0.0000 106.5392
v  171.0187 0.0000 105.7553
v  169.9858 0.0000 106.1124
v  169.0134 0.0000 106.5523
v  168.1017 0.0000 107.0753
v  167.2506 0.0000 107.6811
v  166.4630 0.0000 108.3640
v  166.7161 0.0000 109.5358
v  166.4374 0.0000 109.8437
v  166.1985 0.0000 110.1537
v  165.9994 0.0000 110.4660
v  165.8402 0.0000 110.7804
v  165.7207 0.0000 111.0970
v  165.6411 0.0000 111.4158
v  165.6013 0.0000 111.7367
v  166.2272 0.0000 114.6081
v  165.8276 0.0000 114.8184
v  165.5742 0.0000 115.0390
v  165.3714 0.0000 115.3148
v  165.2194 0.0000 115.6458
v  165.1180 0.0000 116.0319
v  161.5757 0.0000 114.3474
v  162.7196 0.0000 121.9824
v  162.9829 0.0000 123.2719
v  163.3968 0.0000 124.3833
v  163.9614 0.0000 125.3164
v  164.6767 0.0000 126.0713
v  165.5426 0.0000 126.6481
v  166.5592 0.0000 127.0466
v  167.7264 0.0000 127.2669
v  168.4944 0.0000 126.5882
v  169.2315 0.0000 127.7683
v  170.3434 0.0000 127.6018
v  171.3542 0.0000 127.2690
v  172.2641 0.0000 126.7696
v  173.0702 0.0000 126.1064
v  173.7414 0.0000 125.3073
v  174.2470 0.0000 124.4004
v  174.5841 0.0000 123.3881
v  174.7526 0.0000 122.2705
v  174.3042 0.0000 121.2768
v  174.6587 0.0000 120.2206
v  174.3621 0.0000 119.0740
v  173.8782 0.0000 118.1149
v  173.2071 0.0000 117.3433
v  172.3703 0.0000 116.4138
v  171.1671 0.0000 116.1591
v  170.2768 0.0000 115.8922
v  169.3675 0.0000 115.7587
v  168.3355 0.0000 115.4605
v  167.1211 0.0000 115.1652
v  182.4394 0.0000 184.8622
v  182.9139 0.0000 186.0309
v  183.5627 0.0000 187.0132
v  184.3859 0.0000 187.8093
v  185.3833 0.0000 188.4190
v  186.5550 0.0000 188.8424
v  187.9010 0.0000 189.0795
v  188.8333 0.0000 188.3550
v  189.6690 0.0000 189.1424
v  190.8844 0.0000 189.0043
v  191.9681 0.0000 188.7281
v  192.9199 0.0000 188.3138
v  194.3281 0.0000 187.8989
v  194.8374 0.0000 186.5470
v  195.3110 0.0000 185.6310
v  195.6529 0.0000 184.5769
v  195.7723 0.0000 183.2412
v  195.6491 0.0000 181.7682
v  194.7107 0.0000 181.0768
v  195.2554 0.0000 180.1202
v  194.7385 0.0000 179.0407
v  194.0493 0.0000 178.1412
v  193.1878 0.0000 177.4215
v  192.1540 0.0000 176.8818
v  190.9479 0.0000 176.5220
v  189.5694 0.0000 176.3420
v  188.7059 0.0000 177.1182
v  188.1904 0.0000 177.1830
v  187.7394 0.0000 177.3125
v  187.6170 0.0000 166.9011
v  168.3355 10.0000 115.4605
v  169.3675 10.0000 115.7587
v  170.2768 10.0000 115.8922
v  171.1671 10.0000 116.1591
v  172.3703 10.0000 116.4138
v  173.2071 10.0000 117.3433
v  173.8782 10.0000 118.1149
v  174.3621 10.0000 119.0740
v  174.6587 10.0000 120.2206
v  174.3042 10.0000 121.2768
v  174.7526 10.0000 122.2705
v  174.5841 10.0000 123.3881
v  174.2470 10.0000 124.4004
v  173.7414 10.0000 125.3073
v  173.0702 10.0000 126.1064
v  172.2641 10.0000 126.7696
v  171.3542 10.0000 127.2690
v  170.3434 10.0000 127.6018
v  169.2315 10.0000 127.7683
v  168.4944 10.0000 126.5882
v  167.7264 10.0000 127.2669
v  166.5592 10.0000 127.0466
v  165.5426 10.0000 126.6481
v  164.6767 10.0000 126.0713
v  163.9614 10.0000 125.3164
v  163.3968 10.0000 124.3833
v  162.9829 10.0000 123.2719
v  162.7196 10.0000 121.9824
v  161.5757 10.0000 114.3474
v  165.1180 10.0000 116.0319
v  165.2194 10.0000 115.6458
v  165.3714 10.0000 115.3148
v  165.5742 10.0000 115.0390
v  165.8276 10.0000 114.8184
v  165.6013 10.0000 111.7367
v  165.6411 10.0000 111.4158
v  165.7207 10.0000 111.0970
v  165.8402 10.0000 110.7804
v  165.9994 10.0000 110.4660
v  166.1985 10.0000 110.1537
v  166.4374 10.0000 109.8437
v  166.7161 10.0000 109.5358
v  166.4630 10.0000 108.3640
v  167.2506 10.0000 107.6811
v  168.1017 10.0000 107.0753
v  169.0134 10.0000 106.5523
v  169.9858 10.0000 106.1124
v  171.0187 10.0000 105.7553
v  171.9746 10.0000 106.5392
v  172.4920 10.0000 105.4053
v  173.6646 10.0000 105.2394
v  174.8978 10.0000 105.1565
v  176.4132 10.0000 105.1753
v  178.6150 10.0000 104.7741
v  180.9855 10.0000 105.3130
v  183.0365 10.0000 106.1826
v  184.7678 10.0000 107.3829
v  184.3047 10.0000 109.7130
v  184.7310 10.0000 110.5707
v  185.0152 10.0000 111.5713
v  185.1573 10.0000 112.7149
v  185.2590 10.0000 141.0411
v  184.3299 10.0000 139.5951
v  186.2394 10.0000 156.3742
v  186.3683 10.0000 155.9209
v  186.5616 10.0000 155.5323
v  187.8113 10.0000 135.8668
v  187.7994 10.0000 149.6199
v  188.7611 10.0000 125.2826
v  188.8157 10.0000 124.6855
v  188.8977 10.0000 124.0448
v  189.0070 10.0000 123.3603
v  189.1437 10.0000 122.6323
v  189.3077 10.0000 121.8606
v  189.4990 10.0000 121.0452
v  189.7176 10.0000 120.1863
v  191.0261 10.0000 116.7756
v  184.2424 10.0000 140.1776
v  184.1112 10.0000 140.8058
v  183.9363 10.0000 141.4797
v  183.7177 10.0000 142.1993
v  183.4553 10.0000 142.9646
v  183.1492 10.0000 143.7755
v  187.3528 10.0000 177.5068
v  187.7925 10.0000 162.8184
v  187.7394 10.0000 177.3125
v  188.1904 10.0000 177.1830
v  188.7059 10.0000 177.1182
v  189.5694 10.0000 176.3420
v  190.9479 10.0000 176.5220
v  192.1540 10.0000 176.8818
v  193.1878 10.0000 177.4215
v  194.0493 10.0000 178.1412
v  194.7385 10.0000 179.0407
v  195.2554 10.0000 180.1202
v  194.7107 10.0000 181.0768
v  195.6491 10.0000 181.7682
v  195.7723 10.0000 183.2412
v  195.6529 10.0000 184.5769
v  195.3110 10.0000 185.6310
v  194.8374 10.0000 186.5470
v  194.3281 10.0000 187.8989
v  192.9199 10.0000 188.3138
v  191.9681 10.0000 188.7281
v  190.8844 10.0000 189.0043
v  189.6690 10.0000 189.1424
v  188.8333 10.0000 188.3550
v  187.9010 10.0000 189.0795
v  186.5550 10.0000 188.8424
v  185.3833 10.0000 188.4190
v  184.3859 10.0000 187.8093
v  183.5627 10.0000 187.0132
v  182.9139 10.0000 186.0309
v  182.4394 10.0000 184.8622
v  180.2613 10.0000 147.1400
# 996 vertices

vn 0.7011 -0.7123 0.0340
vn 0.6998 -0.7115 0.0635
vn 0.9975 0.0000 0.0711
vn 0.6998 0.7115 0.0635
vn 0.7011 0.7123 0.0340
vn 0.6977 -0.7109 0.0888
vn 0.9940 0.0000 0.1097
vn 0.6977 0.7109 0.0888
vn 0.6951 -0.7104 0.1107
vn 0.9897 0.0000 0.1429
vn 0.6951 0.7104 0.1107
vn 0.6922 -0.7100 0.1296
vn 0.9852 0.0000 0.1716
vn 0.6922 0.7100 0.1296
vn 0.6892 -0.7096 0.1462
vn 0.9805 0.0000 0.1966
vn 0.6892 0.7096 0.1462
vn 0.6863 -0.7094 0.1608
vn 0.9758 0.0000 0.2185
vn 0.6863 0.7094 0.1608
vn 0.6834 -0.7091 0.1738
vn 0.9713 0.0000 0.2378
vn 0.6834 0.7091 0.1738
vn 0.6818 -0.7082 0.1833
vn 0.9669 0.0000 0.2550
vn 0.6818 0.7082 0.1833
vn 0.6853 -0.7052 0.1816
vn 0.9645 0.0000 0.2643
vn 0.6853 0.7052 0.1816
vn 0.6888 -0.7050 0.1693
vn 0.9688 0.0000 0.2480
vn 0.6888 0.7050 0.1693
vn 0.6924 -0.7047 0.1552
vn 0.9733 0.0000 0.2294
vn 0.6924 0.7047 0.1552
vn 0.6962 -0.7043 0.1389
vn 0.9781 0.0000 0.2080
vn 0.6962 0.7043 0.1389
vn 0.7002 -0.7038 0.1199
vn 0.9831 0.0000 0.1832
vn 0.7002 0.7038 0.1199
vn 0.7043 -0.7032 0.0974
vn 0.9880 0.0000 0.1542
vn 0.7043 0.7032 0.0974
vn 0.7082 -0.7025 0.0707
vn 0.9928 0.0000 0.1199
vn 0.7082 0.7025 0.0707
vn 0.7116 -0.7015 0.0384
vn 0.9969 0.0000 0.0788
vn 0.7116 0.7015 0.0384
vn 0.7145 -0.6997 -0.0032
vn 0.9996 0.0000 0.0289
vn 0.7145 0.6997 -0.0032
vn 0.7137 -0.6983 -0.0556
vn 0.9993 0.0000 -0.0380
vn 0.7137 0.6983 -0.0556
vn 0.7072 -0.6978 -0.1137
vn 0.9931 0.0000 -0.1172
vn 0.7072 0.6978 -0.1137
vn 0.6953 -0.6974 -0.1738
vn 0.9798 0.0000 -0.2000
vn 0.6953 0.6974 -0.1738
vn 0.6774 -0.6972 -0.2346
vn 0.9586 0.0000 -0.2846
vn 0.6774 0.6972 -0.2346
vn 0.6537 -0.6971 -0.2945
vn 0.9294 0.0000 -0.3692
vn 0.6537 0.6971 -0.2945
vn 0.6245 -0.6972 -0.3520
vn 0.8923 0.0000 -0.4515
vn 0.6245 0.6972 -0.3520
vn 0.5907 -0.6974 -0.4058
vn 0.8483 0.0000 -0.5296
vn 0.5907 0.6974 -0.4058
vn 0.5534 -0.6977 -0.4549
vn 0.7986 0.0000 -0.6018
vn 0.5534 0.6977 -0.4549
vn 0.5111 -0.6965 -0.5037
vn 0.7450 0.0000 -0.6670
vn 0.5111 0.6965 -0.5037
vn 0.4576 -0.6950 -0.5546
vn 0.6778 0.0000 -0.7353
vn 0.4576 0.6950 -0.5546
vn 0.3949 -0.6953 -0.6005
vn 0.5932 0.0000 -0.8050
vn 0.3949 0.6953 -0.6005
vn 0.3301 -0.6959 -0.6378
vn 0.5042 0.0000 -0.8636
vn 0.3301 0.6959 -0.6378
vn 0.2658 -0.6966 -0.6664
vn 0.4140 0.0000 -0.9103
vn 0.2658 0.6966 -0.6664
vn 0.2039 -0.6974 -0.6870
vn 0.3260 0.0000 -0.9454
vn 0.2039 0.6974 -0.6870
vn 0.1459 -0.6983 -0.7008
vn 0.2424 0.0000 -0.9702
vn 0.1459 0.6983 -0.7008
vn 0.0925 -0.6991 -0.7090
vn 0.1648 0.0000 -0.9863
vn 0.0925 0.6991 -0.7090
vn 0.0441 -0.6999 -0.7128
vn 0.0938 0.0000 -0.9956
vn 0.0441 0.6999 -0.7128
vn -0.0017 -0.7000 -0.7142
vn 0.0296 0.0000 -0.9996
vn -0.0017 0.7000 -0.7142
vn -0.0510 -0.6989 -0.7134
vn -0.0344 0.0000 -0.9994
vn -0.0510 0.6989 -0.7134
vn -0.1060 -0.6981 -0.7081
vn -0.1081 0.0000 -0.9941
vn -0.1060 0.6981 -0.7081
vn -0.1653 -0.6974 -0.6974
vn -0.1879 0.0000 -0.9822
vn -0.1653 0.6974 -0.6974
vn -0.2277 -0.6967 -0.6802
vn -0.2729 0.0000 -0.9620
vn -0.2277 0.6967 -0.6802
vn -0.2920 -0.6962 -0.6558
vn -0.3614 0.0000 -0.9324
vn -0.2920 0.6962 -0.6558
vn -0.3562 -0.6959 -0.6236
vn -0.4512 0.0000 -0.8924
vn -0.3562 0.6959 -0.6236
vn -0.4180 -0.6957 -0.5842
vn -0.5394 0.0000 -0.8421
vn -0.4180 0.6957 -0.5842
vn -0.4755 -0.6958 -0.5383
vn -0.6230 0.0000 -0.7822
vn -0.4755 0.6958 -0.5383
vn -0.5249 -0.6968 -0.4888
vn -0.6994 0.0000 -0.7147
vn -0.5249 0.6968 -0.4888
vn -0.5664 -0.6974 -0.4391
vn -0.7627 0.0000 -0.6467
vn -0.5664 0.6974 -0.4391
vn -0.6031 -0.6972 -0.3875
vn -0.8164 0.0000 -0.5775
vn -0.6031 0.6972 -0.3875
vn -0.6352 -0.6972 -0.3323
vn -0.8646 0.0000 -0.5025
vn -0.6352 0.6972 -0.3323
vn -0.6619 -0.6974 -0.2748
vn -0.9059 0.0000 -0.4236
vn -0.6619 0.6974 -0.2748
vn -0.6829 -0.6977 -0.2166
vn -0.9395 0.0000 -0.3426
vn -0.6829 0.6977 -0.2166
vn -0.6982 -0.6981 -0.1589
vn -0.9652 0.0000 -0.2615
vn -0.6982 0.6981 -0.1589
vn -0.7081 -0.6985 -0.1031
vn -0.9833 0.0000 -0.1821
vn -0.7081 0.6985 -0.1031
vn -0.7133 -0.6991 -0.0501
vn -0.9944 0.0000 -0.1059
vn -0.7133 0.6991 -0.0501
vn -0.7162 -0.6979 0.0052
vn -0.9994 0.0000 -0.0341
vn -0.7162 0.6979 0.0052
vn -0.7156 -0.6944 0.0764
vn -0.9988 0.0000 0.0486
vn -0.7156 0.6944 0.0764
vn -0.7026 -0.6913 0.1690
vn -0.9866 0.0000 0.1633
vn -0.7026 0.6913 0.1690
vn -0.6696 -0.6878 0.2803
vn -0.9529 0.0000 0.3033
vn -0.6696 0.6878 0.2803
vn -0.6064 -0.6846 0.4044
vn -0.8848 0.0000 0.4660
vn -0.6064 0.6846 0.4044
vn -0.5072 -0.6828 0.5258
vn -0.7703 0.0000 0.6376
vn -0.5072 0.6828 0.5258
vn -0.3787 -0.6832 0.6244
vn -0.6095 0.0000 0.7928
vn -0.3787 0.6832 0.6244
vn -0.2401 -0.6855 0.6873
vn -0.4214 0.0000 0.9069
vn -0.2401 0.6855 0.6873
vn -0.1112 -0.6889 0.7163
vn -0.2349 0.0000 0.9720
vn -0.1112 0.6889 0.7163
vn -0.0124 -0.6952 0.7187
vn -0.0709 0.0000 0.9975
vn -0.0124 0.6952 0.7187
vn 0.0534 -0.6986 0.7135
vn 0.0364 0.0000 0.9993
vn 0.0534 0.6986 0.7135
vn 0.1098 -0.6980 0.7076
vn 0.1129 0.0000 0.9936
vn 0.1098 0.6980 0.7076
vn 0.1686 -0.6976 0.6964
vn 0.1934 0.0000 0.9811
vn 0.1686 0.6976 0.6964
vn 0.2287 -0.6973 0.6794
vn 0.2766 0.0000 0.9610
vn 0.2287 0.6973 0.6794
vn 0.2886 -0.6971 0.6563
vn 0.3607 0.0000 0.9327
vn 0.2886 0.6971 0.6563
vn 0.3469 -0.6970 0.6275
vn 0.4436 0.0000 0.8962
vn 0.3469 0.6970 0.6275
vn 0.4021 -0.6971 0.5936
vn 0.5231 0.0000 0.8523
vn 0.4021 0.6971 0.5936
vn 0.4528 -0.6974 0.5555
vn 0.5974 0.0000 0.8019
vn 0.4528 0.6974 0.5555
vn 0.4990 -0.6976 0.5142
vn 0.6651 0.0000 0.7468
vn 0.4990 0.6976 0.5142
vn 0.5424 -0.6971 0.4688
vn 0.7265 0.0000 0.6871
vn 0.5424 0.6971 0.4688
vn 0.5832 -0.6968 0.4175
vn 0.7852 0.0000 0.6192
vn 0.5832 0.6968 0.4175
vn 0.6199 -0.6966 0.3612
vn 0.8393 0.0000 0.5437
vn 0.6199 0.6966 0.3612
vn 0.6512 -0.6966 0.3011
vn 0.8868 0.0000 0.4621
vn 0.6512 0.6966 0.3011
vn 0.6763 -0.6968 0.2388
vn 0.9265 0.0000 0.3763
vn 0.6763 0.6968 0.2388
vn 0.6950 -0.6972 0.1761
vn 0.9574 0.0000 0.2888
vn 0.6950 0.6972 0.1761
vn 0.7072 -0.6976 0.1146
vn 0.9794 0.0000 0.2019
vn 0.7072 0.6976 0.1146
vn 0.7137 -0.6982 0.0558
vn 0.9930 0.0000 0.1178
vn 0.7137 0.6982 0.0558
vn 0.7151 -0.6990 0.0010
vn 0.9993 0.0000 0.0379
vn 0.7151 0.6990 0.0010
vn 0.7137 -0.6985 -0.0529
vn 0.9994 0.0000 -0.0351
vn 0.7137 0.6985 -0.0529
vn 0.7080 -0.6973 -0.1121
vn 0.9936 0.0000 -0.1125
vn 0.7080 0.6973 -0.1121
vn 0.6955 -0.6960 -0.1785
vn 0.9798 0.0000 -0.1999
vn 0.6955 0.6960 -0.1785
vn 0.6739 -0.6948 -0.2515
vn 0.9549 0.0000 -0.2968
vn 0.6739 0.6948 -0.2515
vn 0.6409 -0.6936 -0.3288
vn 0.9159 0.0000 -0.4014
vn 0.6409 0.6936 -0.3288
vn 0.5951 -0.6928 -0.4073
vn 0.8602 0.0000 -0.5100
vn 0.5951 0.6928 -0.4073
vn 0.5366 -0.6923 -0.4824
vn 0.7868 0.0000 -0.6172
vn 0.5366 0.6923 -0.4824
vn 0.4674 -0.6924 -0.5496
vn 0.6972 0.0000 -0.7169
vn 0.4674 0.6924 -0.5496
vn 0.4009 -0.6973 -0.5942
vn 0.5956 0.0000 -0.8033
vn 0.4009 0.6973 -0.5942
vn 0.3566 -0.7015 -0.6170
vn 0.5220 0.0000 -0.8529
vn 0.3566 0.7015 -0.6170
vn 0.3241 -0.7011 -0.6352
vn 0.4785 0.0000 -0.8781
vn 0.3241 0.7011 -0.6352
vn 0.2881 -0.7006 -0.6528
vn 0.4302 0.0000 -0.9027
vn 0.2881 0.7006 -0.6528
vn 0.2484 -0.7002 -0.6694
vn 0.3769 0.0000 -0.9262
vn 0.2484 0.7002 -0.6694
vn 0.2050 -0.6997 -0.6844
vn 0.3186 0.0000 -0.9479
vn 0.2050 0.6997 -0.6844
vn 0.1581 -0.6993 -0.6971
vn 0.2551 0.0000 -0.9669
vn 0.1581 0.6993 -0.6971
vn 0.1079 -0.6990 -0.7070
vn 0.1869 0.0000 -0.9824
vn 0.1079 0.6990 -0.7070
vn 0.0549 -0.6987 -0.7134
vn 0.1145 0.0000 -0.9934
vn 0.0549 0.6987 -0.7134
vn 0.0097 -0.7015 -0.7126
vn 0.0387 0.0000 -0.9992
vn 0.0097 0.7015 -0.7126
vn -0.0179 -0.7040 -0.7099
vn -0.0115 0.0000 -0.9999
vn -0.0179 0.7040 -0.7099
vn -0.0405 -0.7031 -0.7100
vn -0.0390 0.0000 -0.9992
vn -0.0405 0.7031 -0.7100
vn -0.0706 -0.7017 -0.7090
vn -0.0748 0.0000 -0.9972
vn -0.0706 0.7017 -0.7090
vn -0.1125 -0.6994 -0.7058
vn -0.1232 0.0000 -0.9924
vn -0.1125 0.6994 -0.7058
vn -0.1744 -0.6955 -0.6970
vn -0.1915 0.0000 -0.9815
vn -0.1744 0.6955 -0.6970
vn -0.2714 -0.6883 -0.6727
vn -0.2932 0.0000 -0.9560
vn -0.2714 0.6883 -0.6727
vn -0.4296 -0.6746 -0.6003
vn -0.4523 0.0000 -0.8919
vn -0.4296 0.6746 -0.6003
vn -0.6461 -0.6550 -0.3919
vn -0.6983 0.0000 -0.7158
vn -0.6461 0.6550 -0.3919
vn 0.0105 -0.9982 -0.0588
vn -0.9574 0.0000 -0.2886
vn 0.0105 0.9982 -0.0588
vn 0.6875 -0.7212 0.0851
vn 0.9981 0.0000 0.0617
vn 0.6875 0.7212 0.0851
vn 0.6727 -0.7207 0.1675
vn 0.9830 0.0000 0.1835
vn 0.6727 0.7207 0.1675
vn 0.6496 -0.7200 0.2443
vn 0.9543 0.0000 0.2990
vn 0.6496 0.7200 0.2443
vn 0.6204 -0.7189 0.3133
vn 0.9147 0.0000 0.4040
vn 0.6204 0.7189 0.3133
vn 0.5875 -0.7178 0.3736
vn 0.8681 0.0000 0.4964
vn 0.5875 0.7178 0.3736
vn 0.5530 -0.7167 0.4250
vn 0.8178 0.0000 0.5756
vn 0.5530 0.7167 0.4250
vn 0.5184 -0.7156 0.4682
vn 0.7666 0.0000 0.6421
vn 0.5184 0.7156 0.4682
vn 0.4849 -0.7146 0.5042
vn 0.7166 0.0000 0.6975
vn 0.4849 0.7146 0.5042
vn 0.4477 -0.7156 0.5362
vn 0.6690 0.0000 0.7432
vn 0.4477 0.7156 0.5362
vn 0.4013 -0.7173 0.5696
vn 0.6118 0.0000 0.7910
vn 0.4013 0.7173 0.5696
vn 0.3494 -0.7172 0.6030
vn 0.5390 0.0000 0.8423
vn 0.3494 0.7172 0.6030
vn 0.2958 -0.7169 0.6313
vn 0.4628 0.0000 0.8865
vn 0.2958 0.7169 0.6313
vn 0.2418 -0.7165 0.6543
vn 0.3850 0.0000 0.9229
vn 0.2418 0.7165 0.6543
vn 0.1887 -0.7160 0.6721
vn 0.3077 0.0000 0.9515
vn 0.1887 0.7160 0.6721
vn 0.1373 -0.7155 0.6850
vn 0.2324 0.0000 0.9726
vn 0.1373 0.7155 0.6850
vn 0.0886 -0.7149 0.6936
vn 0.1605 0.0000 0.9870
vn 0.0886 0.7149 0.6936
vn 0.0428 -0.7143 0.6985
vn 0.0927 0.0000 0.9957
vn 0.0428 0.7143 0.6985
vn -0.0103 -0.7172 0.6968
vn 0.0297 0.0000 0.9996
vn -0.0103 0.7172 0.6968
vn -0.0887 -0.7231 0.6850
vn -0.0591 0.0000 0.9983
vn -0.0887 0.7231 0.6850
vn -0.1923 -0.7268 0.6594
vn -0.1972 0.0000 0.9804
vn -0.1923 0.7268 0.6594
vn -0.3089 -0.7303 0.6093
vn -0.3608 0.0000 0.9326
vn -0.3089 0.7303 0.6093
vn -0.4274 -0.7325 0.5298
vn -0.5391 0.0000 0.8422
vn -0.4274 0.7325 0.5298
vn -0.5322 -0.7325 0.4245
vn -0.7092 0.0000 0.7050
vn -0.5322 0.7325 0.4245
vn -0.6108 -0.7301 0.3062
vn -0.8451 0.0000 0.5347
vn -0.6108 0.7301 0.3062
vn -0.6602 -0.7266 0.1904
vn -0.9340 0.0000 0.3572
vn -0.6602 0.7266 0.1904
vn -0.6853 -0.7229 0.0877
vn -0.9808 0.0000 0.1950
vn -0.6853 0.7229 0.0877
vn -0.6954 -0.7186 0.0055
vn -0.9983 0.0000 0.0584
vn -0.6954 0.7186 0.0055
vn -0.6964 -0.7155 -0.0555
vn -0.9991 0.0000 -0.0425
vn -0.6964 0.7155 -0.0555
vn -0.6924 -0.7141 -0.1030
vn -0.9932 0.0000 -0.1164
vn -0.6924 0.7141 -0.1030
vn -0.6865 -0.7130 -0.1426
vn -0.9841 0.0000 -0.1777
vn -0.6865 0.7130 -0.1426
vn -0.6797 -0.7121 -0.1758
vn -0.9735 0.0000 -0.2288
vn -0.6797 0.7121 -0.1758
vn -0.6726 -0.7114 -0.2038
vn -0.9624 0.0000 -0.2718
vn -0.6726 0.7114 -0.2038
vn -0.6655 -0.7108 -0.2277
vn -0.9513 0.0000 -0.3082
vn -0.6655 0.7108 -0.2277
vn -0.6586 -0.7103 -0.2483
vn -0.9407 0.0000 -0.3393
vn -0.6586 0.7103 -0.2483
vn -0.6521 -0.7099 -0.2660
vn -0.9306 0.0000 -0.3661
vn -0.6521 0.7099 -0.2660
vn -0.6515 -0.7070 -0.2751
vn -0.9211 0.0000 -0.3893
vn -0.6515 0.7070 -0.2751
vn -0.6578 -0.7042 -0.2674
vn -0.9213 0.0000 -0.3887
vn -0.6578 0.7042 -0.2674
vn -0.6654 -0.7038 -0.2489
vn -0.9313 0.0000 -0.3643
vn -0.6654 0.7038 -0.2489
vn -0.6734 -0.7033 -0.2278
vn -0.9417 0.0000 -0.3364
vn -0.6734 0.7033 -0.2278
vn -0.6818 -0.7028 -0.2032
vn -0.9526 0.0000 -0.3043
vn -0.6818 0.7028 -0.2032
vn -0.6903 -0.7021 -0.1746
vn -0.9637 0.0000 -0.2670
vn -0.6903 0.7021 -0.1746
vn -0.6988 -0.7013 -0.1411
vn -0.9747 0.0000 -0.2234
vn -0.6988 0.7013 -0.1411
vn -0.7066 -0.7003 -0.1015
vn -0.9850 0.0000 -0.1723
vn -0.7066 0.7003 -0.1015
vn -0.7129 -0.6991 -0.0545
vn -0.9937 0.0000 -0.1119
vn -0.7129 0.6991 -0.0545
vn -0.7115 -0.7026 -0.0144
vn -0.9992 0.0000 -0.0405
vn -0.7115 0.7026 -0.0144
vn -0.7129 -0.7010 0.0195
vn -1.0000 0.0000 -0.0000
vn -0.7129 0.7010 0.0195
vn -0.7160 -0.6929 0.0858
vn -0.9985 0.0000 0.0546
vn -0.7160 0.6929 0.0858
vn -0.6992 -0.6896 0.1887
vn -0.9832 0.0000 0.1828
vn -0.6992 0.6896 0.1887
vn -0.6584 -0.6863 0.3090
vn -0.9416 0.0000 0.3367
vn -0.6584 0.6863 0.3090
vn -0.5846 -0.6838 0.4367
vn -0.8607 0.0000 0.5092
vn -0.5846 0.6838 0.4367
vn -0.4767 -0.6830 0.5534
vn -0.7324 0.0000 0.6809
vn -0.4767 0.6830 0.5534
vn -0.3471 -0.6845 0.6411
vn -0.5649 0.0000 0.8252
vn -0.3471 0.6845 0.6411
vn -0.2161 -0.6874 0.6934
vn -0.3823 0.0000 0.9240
vn -0.2161 0.6874 0.6934
vn -0.0991 -0.6908 0.7163
vn -0.2103 0.0000 0.9776
vn -0.0991 0.6908 0.7163
vn -0.0046 -0.6945 0.7194
vn -0.0631 0.0000 0.9980
vn -0.0046 0.6945 0.7194
vn 0.0777 -0.6943 0.7154
vn 0.0504 0.0000 0.9987
vn 0.0777 0.6943 0.7154
vn 0.1676 -0.6921 0.7021
vn 0.1653 0.0000 0.9863
vn 0.1676 0.6921 0.7021
vn 0.2696 -0.6898 0.6719
vn 0.2981 0.0000 0.9545
vn 0.2696 0.6898 0.6719
vn 0.3779 -0.6880 0.6196
vn 0.4443 0.0000 0.8959
vn 0.3779 0.6880 0.6196
vn 0.4823 -0.6872 0.5433
vn 0.5931 0.0000 0.8051
vn 0.4823 0.6872 0.5433
vn 0.5717 -0.6876 0.4477
vn 0.7292 0.0000 0.6843
vn 0.5717 0.6876 0.4477
vn 0.6384 -0.6891 0.3429
vn 0.8391 0.0000 0.5439
vn 0.6384 0.6891 0.3429
vn 0.6816 -0.6912 0.2399
vn 0.9169 0.0000 0.3992
vn 0.6816 0.6912 0.2399
vn 0.7357 -0.6728 0.0779
vn 0.9648 0.0000 0.2631
vn 0.7357 0.6728 0.0779
vn 0.7160 -0.6927 -0.0866
vn 0.9985 0.0000 -0.0551
vn 0.7160 0.6927 -0.0866
vn 0.6989 -0.6895 -0.1903
vn 0.9828 0.0000 -0.1844
vn 0.6989 0.6895 -0.1903
vn 0.6574 -0.6862 -0.3114
vn 0.9406 0.0000 -0.3395
vn 0.6574 0.6862 -0.3114
vn 0.5827 -0.6837 -0.4393
vn 0.8586 0.0000 -0.5127
vn 0.5827 0.6837 -0.4393
vn 0.4742 -0.6831 -0.5555
vn 0.7293 0.0000 -0.6842
vn 0.4742 0.6831 -0.5555
vn 0.3447 -0.6846 -0.6423
vn 0.5613 0.0000 -0.8276
vn 0.3447 0.6846 -0.6423
vn 0.2143 -0.6875 -0.6938
vn 0.3793 0.0000 -0.9253
vn 0.2143 0.6875 -0.6938
vn 0.0982 -0.6909 -0.7162
vn 0.2085 0.0000 -0.9780
vn 0.0982 0.6909 -0.7162
vn 0.3220 -0.8971 -0.3025
vn 0.0626 0.0000 -0.9980
vn 0.3220 0.8971 -0.3025
vn 0.7041 -0.7100 0.0090
vn 1.0000 0.0000 -0.0000
vn 0.7041 0.7100 0.0090
vn 0.9997 0.0000 0.0257
vn -0.0922 -0.7238 0.6839
vn -0.1993 -0.7275 0.6565
vn -0.2050 0.0000 0.9788
vn -0.1993 0.7275 0.6565
vn -0.0922 0.7238 0.6839
vn -0.3184 -0.7309 0.6037
vn -0.3736 0.0000 0.9276
vn -0.3184 0.7309 0.6037
vn -0.4374 -0.7327 0.5213
vn -0.5545 0.0000 0.8322
vn -0.4374 0.7327 0.5213
vn -0.5404 -0.7322 0.4144
vn -0.7232 0.0000 0.6906
vn -0.5404 0.7322 0.4144
vn -0.6161 -0.7296 0.2969
vn -0.8546 0.0000 0.5193
vn -0.6161 0.7296 0.2969
vn -0.6628 -0.7259 0.1837
vn -0.9387 0.0000 0.3448
vn -0.6628 0.7259 0.1837
vn -0.6864 -0.7223 0.0844
vn -0.9822 0.0000 0.1876
vn -0.6864 0.7223 0.0844
vn -0.6941 -0.7198 0.0003
vn -0.9984 0.0000 0.0561
vn -0.6941 0.7198 0.0003
vn -0.6868 -0.7221 -0.0830
vn -0.9985 0.0000 -0.0551
vn -0.6868 0.7221 -0.0830
vn -0.6639 -0.7256 -0.1808
vn -0.9829 0.0000 -0.1844
vn -0.6639 0.7256 -0.1808
vn -0.6184 -0.7293 -0.2928
vn -0.9406 0.0000 -0.3394
vn -0.6184 0.7293 -0.2928
vn -0.5440 -0.7321 -0.4100
vn -0.8587 0.0000 -0.5126
vn -0.5440 0.7321 -0.4100
vn -0.4418 -0.7328 -0.5175
vn -0.7293 0.0000 -0.6842
vn -0.4418 0.7328 -0.5175
vn -0.3226 -0.7311 -0.6011
vn -0.5614 0.0000 -0.8275
vn -0.3226 0.7311 -0.6011
vn -0.2024 -0.7278 -0.6553
vn -0.3793 0.0000 -0.9253
vn -0.2024 0.7278 -0.6553
vn -0.0938 -0.7241 -0.6833
vn -0.2085 0.0000 -0.9780
vn -0.0938 0.7241 -0.6833
vn 0.0008 -0.7218 -0.6921
vn -0.0626 0.0000 -0.9980
vn 0.0008 0.7218 -0.6921
vn 0.0972 -0.7247 -0.6822
vn 0.0650 0.0000 -0.9979
vn 0.0972 0.7247 -0.6822
vn 0.2093 -0.7285 -0.6523
vn 0.2163 0.0000 -0.9763
vn 0.2093 0.7285 -0.6523
vn 0.3319 -0.7316 -0.5955
vn 0.3920 0.0000 -0.9200
vn 0.3319 0.7316 -0.5955
vn 0.4513 -0.7330 -0.5090
vn 0.5762 0.0000 -0.8173
vn 0.4513 0.7330 -0.5090
vn 0.5515 -0.7318 -0.4003
vn 0.7423 0.0000 -0.6701
vn 0.5515 0.7318 -0.4003
vn 0.6231 -0.7288 -0.2841
vn 0.8671 0.0000 -0.4981
vn 0.6231 0.7288 -0.2841
vn 0.6662 -0.7250 -0.1747
vn 0.9447 0.0000 -0.3280
vn 0.6662 0.7250 -0.1747
vn 0.6878 -0.7215 -0.0800
vn 0.9841 0.0000 -0.1777
vn 0.6878 0.7215 -0.0800
vn 0.6946 -0.7193 0.0003
vn 0.9986 0.0000 -0.0530
vn 0.6946 0.7193 0.0003
vn 0.6873 -0.7218 0.0814
vn 0.9985 0.0000 0.0540
vn 0.6873 0.7218 0.0814
vn 0.6652 -0.7253 0.1775
vn 0.9835 0.0000 0.1808
vn 0.6652 0.7253 0.1775
vn 0.6209 -0.7290 0.2881
vn 0.9428 0.0000 0.3332
vn 0.6209 0.7290 0.2881
vn 0.5481 -0.7320 0.4048
vn 0.8632 0.0000 0.5048
vn 0.5481 0.7320 0.4048
vn 0.4469 -0.7329 0.5130
vn 0.7363 0.0000 0.6766
vn 0.4469 0.7329 0.5130
vn 0.3276 -0.7314 0.5981
vn 0.5693 0.0000 0.8221
vn 0.3276 0.7314 0.5981
vn 0.2061 -0.7282 0.6537
vn 0.3861 0.0000 0.9224
vn 0.2061 0.7282 0.6537
vn 0.0956 -0.7244 0.6827
vn 0.2127 0.0000 0.9771
vn 0.0956 0.7244 0.6827
vn 0.0008 -0.7215 0.6924
vn 0.0639 0.0000 0.9980
vn 0.0008 0.7215 0.6924
vn -0.0615 0.0000 0.9981
vn 0.0925 -0.7238 -0.6837
vn 0.2000 -0.7276 -0.6563
vn 0.2058 0.0000 -0.9786
vn 0.2000 0.7276 -0.6563
vn 0.0925 0.7238 -0.6837
vn 0.3194 -0.7309 -0.6031
vn 0.3749 0.0000 -0.9271
vn 0.3194 0.7309 -0.6031
vn 0.4384 -0.7328 -0.5204
vn 0.5561 0.0000 -0.8311
vn 0.4384 0.7328 -0.5204
vn 0.5413 -0.7322 -0.4134
vn 0.7246 0.0000 -0.6892
vn 0.5413 0.7322 -0.4134
vn 0.6166 -0.7295 -0.2959
vn 0.8555 0.0000 -0.5178
vn 0.6166 0.7295 -0.2959
vn 0.6631 -0.7258 -0.1830
vn 0.9391 0.0000 -0.3435
vn 0.6631 0.7258 -0.1830
vn 0.6865 -0.7223 -0.0841
vn 0.9824 0.0000 -0.1869
vn 0.6865 0.7223 -0.0841
vn 0.6938 -0.7202 0.0009
vn 0.9984 0.0000 -0.0559
vn 0.6938 0.7202 0.0009
vn 0.6853 -0.7230 0.0878
vn 0.9983 0.0000 0.0584
vn 0.6853 0.7230 0.0878
vn 0.6601 -0.7266 0.1905
vn 0.9808 0.0000 0.1952
vn 0.6601 0.7266 0.1905
vn 0.6107 -0.7302 0.3064
vn 0.9340 0.0000 0.3574
vn 0.6107 0.7302 0.3064
vn 0.5321 -0.7325 0.4247
vn 0.8449 0.0000 0.5349
vn 0.5321 0.7325 0.4247
vn 0.4272 -0.7325 0.5299
vn 0.7089 0.0000 0.7053
vn 0.4272 0.7325 0.5299
vn 0.3088 -0.7303 0.6094
vn 0.5388 0.0000 0.8424
vn 0.3088 0.7303 0.6094
vn 0.1922 -0.7268 0.6594
vn 0.3606 0.0000 0.9327
vn 0.1922 0.7268 0.6594
vn 0.0887 -0.7231 0.6850
vn 0.1971 0.0000 0.9804
vn 0.0887 0.7231 0.6850
vn 0.0003 -0.7205 0.6934
vn 0.0590 0.0000 0.9983
vn 0.0003 0.7205 0.6934
vn -0.0874 -0.7229 0.6854
vn -0.0581 0.0000 0.9983
vn -0.0874 0.7229 0.6854
vn -0.1896 -0.7265 0.6605
vn -0.1942 0.0000 0.9810
vn -0.1896 0.7265 0.6605
vn -0.3052 -0.7301 0.6114
vn -0.3558 0.0000 0.9346
vn -0.3052 0.7301 0.6114
vn -0.4234 -0.7325 0.5331
vn -0.5330 0.0000 0.8461
vn -0.4234 0.7325 0.5331
vn -0.5289 -0.7326 0.4285
vn -0.7035 0.0000 0.7107
vn -0.5289 0.7326 0.4285
vn -0.6087 -0.7304 0.3099
vn -0.8412 0.0000 0.5408
vn -0.6087 0.7304 0.3099
vn -0.6591 -0.7269 0.1931
vn -0.9321 0.0000 0.3622
vn -0.6591 0.7269 0.1931
vn -0.6849 -0.7232 0.0891
vn -0.9802 0.0000 0.1980
vn -0.6849 0.7232 0.0891
vn -0.6936 -0.7204 0.0009
vn -0.9982 0.0000 0.0593
vn -0.6936 0.7204 0.0009
vn -0.6861 -0.7225 -0.0854
vn -0.9984 0.0000 -0.0567
vn -0.6861 0.7225 -0.0854
vn -0.6621 -0.7261 -0.1855
vn -0.9819 0.0000 -0.1896
vn -0.6621 0.7261 -0.1855
vn -0.6147 -0.7297 -0.2995
vn -0.9374 0.0000 -0.3482
vn -0.6147 0.7297 -0.2995
vn -0.5382 -0.7323 -0.4173
vn -0.8520 0.0000 -0.5236
vn -0.5382 0.7323 -0.4173
vn -0.4346 -0.7327 -0.5237
vn -0.7193 0.0000 -0.6947
vn -0.4346 0.7327 -0.5237
vn -0.3157 -0.7307 -0.6053
vn -0.5502 0.0000 -0.8350
vn -0.3157 0.7307 -0.6053
vn -0.1973 -0.7273 -0.6574
vn -0.3700 0.0000 -0.9290
vn -0.1973 0.7273 -0.6574
vn -0.0912 -0.7236 -0.6842
vn -0.2028 0.0000 -0.9792
vn -0.0912 0.7236 -0.6842
vn 0.0003 -0.7212 -0.6928
vn -0.0608 0.0000 -0.9982
vn 0.0003 0.7212 -0.6928
vn 0.0617 0.0000 -0.9981
vn 0.0000 -1.0000 -0.0000
vn 0.0000 1.0000 -0.0000
# 764 vertex normals

o Vowels_6
g Vowels_6
s 1
f 1//1 2//2 3//3 
f 2//2 4//4 3//3 
f 4//4 5//5 3//3 
f 5//5 1//1 3//3 
s 3
f 2//2 6//6 7//7 
f 6//6 8//8 7//7 
f 8//8 4//4 7//7 
f 4//4 2//2 7//7 
s 2
f 6//6 9//9 10//10 
f 9//9 11//11 10//10 
f 11//11 8//8 10//10 
f 8//8 6//6 10//10 
f 9//9 12//12 13//13 
f 12//12 14//14 13//13 
f 14//14 11//11 13//13 
f 11//11 9//9 13//13 
f 12//12 15//15 16//16 
f 15//15 17//17 16//16 
f 17//17 14//14 16//16 
f 14//14 12//12 16//16 
f 15//15 18//18 19//19 
f 18//18 20//20 19//19 
f 20//20 17//17 19//19 
f 17//17 15//15 19//19 
f 18//18 21//21 22//22 
f 21//21 23//23 22//22 
f 23//23 20//20 22//22 
f 20//20 18//18 22//22 
f 21//21 24//24 25//25 
f 24//24 26//26 25//25 
f 26//26 23//23 25//25 
f 23//23 21//21 25//25 
s 4
f 24//24 27//27 28//28 
f 27//27 29//29 28//28 
f 29//29 26//26 28//28 
f 26//26 24//24 28//28 
f 27//27 30//30 31//31 
f 30//30 32//32 31//31 
f 32//32 29//29 31//31 
f 29//29 27//27 31//31 
f 30//30 33//33 34//34 
f 33//33 35//35 34//34 
f 35//35 32//32 34//34 
f 32//32 30//30 34//34 
f 33//33 36//36 37//37 
f 36//36 38//38 37//37 
f 38//38 35//35 37//37 
f 35//35 33//33 37//37 
f 36//36 39//39 40//40 
f 39//39 41//41 40//40 
f 41//41 38//38 40//40 
f 38//38 36//36 40//40 
f 39//39 42//42 43//43 
f 42//42 44//44 43//43 
f 44//44 41//41 43//43 
f 41//41 39//39 43//43 
f 42//42 45//45 46//46 
f 45//45 47//47 46//46 
f 47//47 44//44 46//46 
f 44//44 42//42 46//46 
f 45//45 48//48 49//49 
f 48//48 50//50 49//49 
f 50//50 47//47 49//49 
f 47//47 45//45 49//49 
f 48//48 51//51 52//52 
f 51//51 53//53 52//52 
f 53//53 50//50 52//52 
f 50//50 48//48 52//52 
f 51//51 54//54 55//55 
f 54//54 56//56 55//55 
f 56//56 53//53 55//55 
f 53//53 51//51 55//55 
f 54//54 57//57 58//58 
f 57//57 59//59 58//58 
f 59//59 56//56 58//58 
f 56//56 54//54 58//58 
f 57//57 60//60 61//61 
f 60//60 62//62 61//61 
f 62//62 59//59 61//61 
f 59//59 57//57 61//61 
f 60//60 63//63 64//64 
f 63//63 65//65 64//64 
f 65//65 62//62 64//64 
f 62//62 60//60 64//64 
f 63//63 66//66 67//67 
f 66//66 68//68 67//67 
f 68//68 65//65 67//67 
f 65//65 63//63 67//67 
f 66//66 69//69 70//70 
f 69//69 71//71 70//70 
f 71//71 68//68 70//70 
f 68//68 66//66 70//70 
f 69//69 72//72 73//73 
f 72//72 74//74 73//73 
f 74//74 71//71 73//73 
f 71//71 69//69 73//73 
f 72//72 75//75 76//76 
f 75//75 77//77 76//76 
f 77//77 74//74 76//76 
f 74//74 72//72 76//76 
f 75//75 78//78 79//79 
f 78//78 80//80 79//79 
f 80//80 77//77 79//79 
f 77//77 75//75 79//79 
f 78//78 81//81 82//82 
f 81//81 83//83 82//82 
f 83//83 80//80 82//82 
f 80//80 78//78 82//82 
f 81//81 84//84 85//85 
f 84//84 86//86 85//85 
f 86//86 83//83 85//85 
f 83//83 81//81 85//85 
f 84//84 87//87 88//88 
f 87//87 89//89 88//88 
f 89//89 86//86 88//88 
f 86//86 84//84 88//88 
f 87//87 90//90 91//91 
f 90//90 92//92 91//91 
f 92//92 89//89 91//91 
f 89//89 87//87 91//91 
f 90//90 93//93 94//94 
f 93//93 95//95 94//94 
f 95//95 92//92 94//94 
f 92//92 90//90 94//94 
f 93//93 96//96 97//97 
f 96//96 98//98 97//97 
f 98//98 95//95 97//97 
f 95//95 93//93 97//97 
f 96//96 99//99 100//100 
f 99//99 101//101 100//100 
f 101//101 98//98 100//100 
f 98//98 96//96 100//100 
f 99//99 102//102 103//103 
f 102//102 104//104 103//103 
f 104//104 101//101 103//103 
f 101//101 99//99 103//103 
f 102//102 105//105 106//106 
f 105//105 107//107 106//106 
f 107//107 104//104 106//106 
f 104//104 102//102 106//106 
f 105//105 108//108 109//109 
f 108//108 110//110 109//109 
f 110//110 107//107 109//109 
f 107//107 105//105 109//109 
f 108//108 111//111 112//112 
f 111//111 113//113 112//112 
f 113//113 110//110 112//112 
f 110//110 108//108 112//112 
f 111//111 114//114 115//115 
f 114//114 116//116 115//115 
f 116//116 113//113 115//115 
f 113//113 111//111 115//115 
f 114//114 117//117 118//118 
f 117//117 119//119 118//118 
f 119//119 116//116 118//118 
f 116//116 114//114 118//118 
f 117//117 120//120 121//121 
f 120//120 122//122 121//121 
f 122//122 119//119 121//121 
f 119//119 117//117 121//121 
f 120//120 123//123 124//124 
f 123//123 125//125 124//124 
f 125//125 122//122 124//124 
f 122//122 120//120 124//124 
f 123//123 126//126 127//127 
f 126//126 128//128 127//127 
f 128//128 125//125 127//127 
f 125//125 123//123 127//127 
f 126//126 129//129 130//130 
f 129//129 131//131 130//130 
f 131//131 128//128 130//130 
f 128//128 126//126 130//130 
f 129//129 132//132 133//133 
f 132//132 134//134 133//133 
f 134//134 131//131 133//133 
f 131//131 129//129 133//133 
f 132//132 135//135 136//136 
f 135//135 137//137 136//136 
f 137//137 134//134 136//136 
f 134//134 132//132 136//136 
f 135//135 138//138 139//139 
f 138//138 140//140 139//139 
f 140//140 137//137 139//139 
f 137//137 135//135 139//139 
f 138//138 141//141 142//142 
f 141//141 143//143 142//142 
f 143//143 140//140 142//142 
f 140//140 138//138 142//142 
f 141//141 144//144 145//145 
f 144//144 146//146 145//145 
f 146//146 143//143 145//145 
f 143//143 141//141 145//145 
f 144//144 147//147 148//148 
f 147//147 149//149 148//148 
f 149//149 146//146 148//148 
f 146//146 144//144 148//148 
f 147//147 150//150 151//151 
f 150//150 152//152 151//151 
f 152//152 149//149 151//151 
f 149//149 147//147 151//151 
f 150//150 153//153 154//154 
f 153//153 155//155 154//154 
f 155//155 152//152 154//154 
f 152//152 150//150 154//154 
f 153//153 156//156 157//157 
f 156//156 158//158 157//157 
f 158//158 155//155 157//157 
f 155//155 153//153 157//157 
f 156//156 159//159 160//160 
f 159//159 161//161 160//160 
f 161//161 158//158 160//160 
f 158//158 156//156 160//160 
f 159//159 162//162 163//163 
f 162//162 164//164 163//163 
f 164//164 161//161 163//163 
f 161//161 159//159 163//163 
f 162//162 165//165 166//166 
f 165//165 167//167 166//166 
f 167//167 164//164 166//166 
f 164//164 162//162 166//166 
f 165//165 168//168 169//169 
f 168//168 170//170 169//169 
f 170//170 167//167 169//169 
f 167//167 165//165 169//169 
f 168//168 171//171 172//172 
f 171//171 173//173 172//172 
f 173//173 170//170 172//172 
f 170//170 168//168 172//172 
f 171//171 174//174 175//175 
f 174//174 176//176 175//175 
f 176//176 173//173 175//175 
f 173//173 171//171 175//175 
f 174//174 177//177 178//178 
f 177//177 179//179 178//178 
f 179//179 176//176 178//178 
f 176//176 174//174 178//178 
f 177//177 180//180 181//181 
f 180//180 182//182 181//181 
f 182//182 179//179 181//181 
f 179//179 177//177 181//181 
f 180//180 183//183 184//184 
f 183//183 185//185 184//184 
f 185//185 182//182 184//184 
f 182//182 180//180 184//184 
f 183//183 186//186 187//187 
f 186//186 188//188 187//187 
f 188//188 185//185 187//187 
f 185//185 183//183 187//187 
f 186//186 189//189 190//190 
f 189//189 191//191 190//190 
f 191//191 188//188 190//190 
f 188//188 186//186 190//190 
f 189//189 192//192 193//193 
f 192//192 194//194 193//193 
f 194//194 191//191 193//193 
f 191//191 189//189 193//193 
f 192//192 195//195 196//196 
f 195//195 197//197 196//196 
f 197//197 194//194 196//196 
f 194//194 192//192 196//196 
f 195//195 198//198 199//199 
f 198//198 200//200 199//199 
f 200//200 197//197 199//199 
f 197//197 195//195 199//199 
f 198//198 201//201 202//202 
f 201//201 203//203 202//202 
f 203//203 200//200 202//202 
f 200//200 198//198 202//202 
f 201//201 204//204 205//205 
f 204//204 206//206 205//205 
f 206//206 203//203 205//205 
f 203//203 201//201 205//205 
f 204//204 207//207 208//208 
f 207//207 209//209 208//208 
f 209//209 206//206 208//208 
f 206//206 204//204 208//208 
f 207//207 210//210 211//211 
f 210//210 212//212 211//211 
f 212//212 209//209 211//211 
f 209//209 207//207 211//211 
f 210//210 213//213 214//214 
f 213//213 215//215 214//214 
f 215//215 212//212 214//214 
f 212//212 210//210 214//214 
f 213//213 216//216 217//217 
f 216//216 218//218 217//217 
f 218//218 215//215 217//217 
f 215//215 213//213 217//217 
f 216//216 219//219 220//220 
f 219//219 221//221 220//220 
f 221//221 218//218 220//220 
f 218//218 216//216 220//220 
f 219//219 222//222 223//223 
f 222//222 224//224 223//223 
f 224//224 221//221 223//223 
f 221//221 219//219 223//223 
f 222//222 225//225 226//226 
f 225//225 227//227 226//226 
f 227//227 224//224 226//226 
f 224//224 222//222 226//226 
f 225//225 228//228 229//229 
f 228//228 230//230 229//229 
f 230//230 227//227 229//229 
f 227//227 225//225 229//229 
f 228//228 231//231 232//232 
f 231//231 233//233 232//232 
f 233//233 230//230 232//232 
f 230//230 228//228 232//232 
f 231//231 234//234 235//235 
f 234//234 236//236 235//235 
f 236//236 233//233 235//235 
f 233//233 231//231 235//235 
f 234//234 237//237 238//238 
f 237//237 239//239 238//238 
f 239//239 236//236 238//238 
f 236//236 234//234 238//238 
f 237//237 240//240 241//241 
f 240//240 242//242 241//241 
f 242//242 239//239 241//241 
f 239//239 237//237 241//241 
f 240//240 243//243 244//244 
f 243//243 245//245 244//244 
f 245//245 242//242 244//244 
f 242//242 240//240 244//244 
f 243//243 246//246 247//247 
f 246//246 248//248 247//247 
f 248//248 245//245 247//247 
f 245//245 243//243 247//247 
f 246//246 249//249 250//250 
f 249//249 251//251 250//250 
f 251//251 248//248 250//250 
f 248//248 246//246 250//250 
f 249//249 252//252 253//253 
f 252//252 254//254 253//253 
f 254//254 251//251 253//253 
f 251//251 249//249 253//253 
f 252//252 255//255 256//256 
f 255//255 257//257 256//256 
f 257//257 254//254 256//256 
f 254//254 252//252 256//256 
f 255//255 258//258 259//259 
f 258//258 260//260 259//259 
f 260//260 257//257 259//259 
f 257//257 255//255 259//259 
f 258//258 261//261 262//262 
f 261//261 263//263 262//262 
f 263//263 260//260 262//262 
f 260//260 258//258 262//262 
f 261//261 264//264 265//265 
f 264//264 266//266 265//265 
f 266//266 263//263 265//265 
f 263//263 261//261 265//265 
f 264//264 267//267 268//268 
f 267//267 269//269 268//268 
f 269//269 266//266 268//268 
f 266//266 264//264 268//268 
f 267//267 270//270 271//271 
f 270//270 272//272 271//271 
f 272//272 269//269 271//271 
f 269//269 267//267 271//271 
f 270//270 273//273 274//274 
f 273//273 275//275 274//274 
f 275//275 272//272 274//274 
f 272//272 270//270 274//274 
f 273//273 276//276 277//277 
f 276//276 278//278 277//277 
f 278//278 275//275 277//277 
f 275//275 273//273 277//277 
f 276//276 279//279 280//280 
f 279//279 281//281 280//280 
f 281//281 278//278 280//280 
f 278//278 276//276 280//280 
f 279//279 282//282 283//283 
f 282//282 284//284 283//283 
f 284//284 281//281 283//283 
f 281//281 279//279 283//283 
f 282//282 285//285 286//286 
f 285//285 287//287 286//286 
f 287//287 284//284 286//286 
f 284//284 282//282 286//286 
f 285//285 288//288 289//289 
f 288//288 290//290 289//289 
f 290//290 287//287 289//289 
f 287//287 285//285 289//289 
f 288//288 291//291 292//292 
f 291//291 293//293 292//292 
f 293//293 290//290 292//292 
f 290//290 288//288 292//292 
f 291//291 294//294 295//295 
f 294//294 296//296 295//295 
f 296//296 293//293 295//295 
f 293//293 291//291 295//295 
f 294//294 297//297 298//298 
f 297//297 299//299 298//298 
f 299//299 296//296 298//298 
f 296//296 294//294 298//298 
f 297//297 300//300 301//301 
f 300//300 302//302 301//301 
f 302//302 299//299 301//301 
f 299//299 297//297 301//301 
f 300//300 303//303 304//304 
f 303//303 305//305 304//304 
f 305//305 302//302 304//304 
f 302//302 300//300 304//304 
f 303//303 306//306 307//307 
f 306//306 308//308 307//307 
f 308//308 305//305 307//307 
f 305//305 303//303 307//307 
f 306//306 309//309 310//310 
f 309//309 311//311 310//310 
f 311//311 308//308 310//310 
f 308//308 306//306 310//310 
f 309//309 312//312 313//313 
f 312//312 314//314 313//313 
f 314//314 311//311 313//313 
f 311//311 309//309 313//313 
f 312//312 315//315 316//316 
f 315//315 317//317 316//316 
f 317//317 314//314 316//316 
f 314//314 312//312 316//316 
f 315//315 318//318 319//319 
f 318//318 320//320 319//319 
f 320//320 317//317 319//319 
f 317//317 315//315 319//319 
f 318//318 321//321 322//322 
f 321//321 323//323 322//322 
f 323//323 320//320 322//322 
f 320//320 318//318 322//322 
s 2
f 321//321 324//324 325//325 
f 324//324 326//326 325//325 
f 326//326 323//323 325//325 
f 323//323 321//321 325//325 
f 324//324 327//327 328//328 
f 327//327 329//329 328//328 
f 329//329 326//326 328//328 
f 326//326 324//324 328//328 
f 327//327 330//330 331//331 
f 330//330 332//332 331//331 
f 332//332 329//329 331//331 
f 329//329 327//327 331//331 
f 330//330 333//333 334//334 
f 333//333 335//335 334//334 
f 335//335 332//332 334//334 
f 332//332 330//330 334//334 
f 333//333 336//336 337//337 
f 336//336 338//338 337//337 
f 338//338 335//335 337//337 
f 335//335 333//333 337//337 
f 336//336 339//339 340//340 
f 339//339 341//341 340//340 
f 341//341 338//338 340//340 
f 338//338 336//336 340//340 
f 339//339 342//342 343//343 
f 342//342 344//344 343//343 
f 344//344 341//341 343//343 
f 341//341 339//339 343//343 
f 342//342 345//345 346//346 
f 345//345 347//347 346//346 
f 347//347 344//344 346//346 
f 344//344 342//342 346//346 
f 345//345 348//348 349//349 
f 348//348 350//350 349//349 
f 350//350 347//347 349//349 
f 347//347 345//345 349//349 
f 348//348 351//351 352//352 
f 351//351 353//353 352//352 
f 353//353 350//350 352//352 
f 350//350 348//348 352//352 
f 351//351 354//354 355//355 
f 354//354 356//356 355//355 
f 356//356 353//353 355//355 
f 353//353 351//351 355//355 
f 354//354 357//357 358//358 
f 357//357 359//359 358//358 
f 359//359 356//356 358//358 
f 356//356 354//354 358//358 
f 357//357 360//360 361//361 
f 360//360 362//362 361//361 
f 362//362 359//359 361//361 
f 359//359 357//357 361//361 
f 360//360 363//363 364//364 
f 363//363 365//365 364//364 
f 365//365 362//362 364//364 
f 362//362 360//360 364//364 
f 363//363 366//366 367//367 
f 366//366 368//368 367//367 
f 368//368 365//365 367//367 
f 365//365 363//363 367//367 
f 366//366 369//369 370//370 
f 369//369 371//371 370//370 
f 371//371 368//368 370//370 
f 368//368 366//366 370//370 
f 369//369 372//372 373//373 
f 372//372 374//374 373//373 
f 374//374 371//371 373//373 
f 371//371 369//369 373//373 
f 372//372 375//375 376//376 
f 375//375 377//377 376//376 
f 377//377 374//374 376//376 
f 374//374 372//372 376//376 
f 375//375 378//378 379//379 
f 378//378 380//380 379//379 
f 380//380 377//377 379//379 
f 377//377 375//375 379//379 
f 378//378 381//381 382//382 
f 381//381 383//383 382//382 
f 383//383 380//380 382//382 
f 380//380 378//378 382//382 
f 381//381 384//384 385//385 
f 384//384 386//386 385//385 
f 386//386 383//383 385//385 
f 383//383 381//381 385//385 
f 384//384 387//387 388//388 
f 387//387 389//389 388//388 
f 389//389 386//386 388//388 
f 386//386 384//384 388//388 
f 387//387 390//390 391//391 
f 390//390 392//392 391//391 
f 392//392 389//389 391//391 
f 389//389 387//387 391//391 
f 390//390 393//393 394//394 
f 393//393 395//395 394//394 
f 395//395 392//392 394//394 
f 392//392 390//390 394//394 
f 393//393 396//396 397//397 
f 396//396 398//398 397//397 
f 398//398 395//395 397//397 
f 395//395 393//393 397//397 
f 396//396 399//399 400//400 
f 399//399 401//401 400//400 
f 401//401 398//398 400//400 
f 398//398 396//396 400//400 
f 399//399 402//402 403//403 
f 402//402 404//404 403//403 
f 404//404 401//401 403//403 
f 401//401 399//399 403//403 
f 402//402 405//405 406//406 
f 405//405 407//407 406//406 
f 407//407 404//404 406//406 
f 404//404 402//402 406//406 
f 405//405 408//408 409//409 
f 408//408 410//410 409//409 
f 410//410 407//407 409//409 
f 407//407 405//405 409//409 
f 408//408 411//411 412//412 
f 411//411 413//413 412//412 
f 413//413 410//410 412//412 
f 410//410 408//408 412//412 
f 411//411 414//414 415//415 
f 414//414 416//416 415//415 
f 416//416 413//413 415//415 
f 413//413 411//411 415//415 
f 414//414 417//417 418//418 
f 417//417 419//419 418//418 
f 419//419 416//416 418//418 
f 416//416 414//414 418//418 
f 417//417 420//420 421//421 
f 420//420 422//422 421//421 
f 422//422 419//419 421//421 
f 419//419 417//417 421//421 
f 420//420 423//423 424//424 
f 423//423 425//425 424//424 
f 425//425 422//422 424//424 
f 422//422 420//420 424//424 
f 423//423 426//426 427//427 
f 426//426 428//428 427//427 
f 428//428 425//425 427//427 
f 425//425 423//423 427//427 
f 426//426 429//429 430//430 
f 429//429 431//431 430//430 
f 431//431 428//428 430//430 
f 428//428 426//426 430//430 
f 429//429 432//432 433//433 
f 432//432 434//434 433//433 
f 434//434 431//431 433//433 
f 431//431 429//429 433//433 
f 432//432 435//435 436//436 
f 435//435 437//437 436//436 
f 437//437 434//434 436//436 
f 434//434 432//432 436//436 
f 435//435 438//438 439//439 
f 438//438 440//440 439//439 
f 440//440 437//437 439//439 
f 437//437 435//435 439//439 
f 438//438 441//441 442//442 
f 441//441 443//443 442//442 
f 443//443 440//440 442//442 
f 440//440 438//438 442//442 
f 441//441 444//444 445//445 
f 444//444 446//446 445//445 
f 446//446 443//443 445//445 
f 443//443 441//441 445//445 
f 444//444 447//447 448//448 
f 447//447 449//449 448//448 
f 449//449 446//446 448//448 
f 446//446 444//444 448//448 
f 447//447 450//450 451//451 
f 450//450 452//452 451//451 
f 452//452 449//449 451//451 
f 449//449 447//447 451//451 
f 450//450 453//453 454//454 
f 453//453 455//455 454//454 
f 455//455 452//452 454//454 
f 452//452 450//450 454//454 
f 453//453 456//456 457//457 
f 456//456 458//458 457//457 
f 458//458 455//455 457//457 
f 455//455 453//453 457//457 
s 4
f 456//456 459//459 460//460 
f 459//459 461//461 460//460 
f 461//461 458//458 460//460 
f 458//458 456//456 460//460 
s 2
f 459//459 462//462 463//463 
f 462//462 464//464 463//463 
f 464//464 461//461 463//463 
f 461//461 459//459 463//463 
f 462//462 465//465 466//466 
f 465//465 467//467 466//466 
f 467//467 464//464 466//466 
f 464//464 462//462 466//466 
f 465//465 468//468 469//469 
f 468//468 470//470 469//469 
f 470//470 467//467 469//469 
f 467//467 465//465 469//469 
f 468//468 471//471 472//472 
f 471//471 473//473 472//472 
f 473//473 470//470 472//472 
f 470//470 468//468 472//472 
f 471//471 474//474 475//475 
f 474//474 476//476 475//475 
f 476//476 473//473 475//475 
f 473//473 471//471 475//475 
f 474//474 477//477 478//478 
f 477//477 479//479 478//478 
f 479//479 476//476 478//478 
f 476//476 474//474 478//478 
f 477//477 480//480 481//481 
f 480//480 482//482 481//481 
f 482//482 479//479 481//481 
f 479//479 477//477 481//481 
f 480//480 483//483 484//484 
f 483//483 485//485 484//484 
f 485//485 482//482 484//484 
f 482//482 480//480 484//484 
f 483//483 486//486 487//487 
f 486//486 488//488 487//487 
f 488//488 485//485 487//487 
f 485//485 483//483 487//487 
f 486//486 489//489 490//490 
f 489//489 491//491 490//490 
f 491//491 488//488 490//490 
f 488//488 486//486 490//490 
f 489//489 492//492 493//493 
f 492//492 494//494 493//493 
f 494//494 491//491 493//493 
f 491//491 489//489 493//493 
f 492//492 495//495 496//496 
f 495//495 497//497 496//496 
f 497//497 494//494 496//496 
f 494//494 492//492 496//496 
f 495//495 498//498 499//499 
f 498//498 500//500 499//499 
f 500//500 497//497 499//499 
f 497//497 495//495 499//499 
f 498//498 501//501 502//502 
f 501//501 503//503 502//502 
f 503//503 500//500 502//502 
f 500//500 498//498 502//502 
f 501//501 504//504 505//505 
f 504//504 506//506 505//505 
f 506//506 503//503 505//505 
f 503//503 501//501 505//505 
f 504//504 507//507 508//508 
f 507//507 509//509 508//508 
f 509//509 506//506 508//508 
f 506//506 504//504 508//508 
f 507//507 510//510 511//511 
f 510//510 512//512 511//511 
f 512//512 509//509 511//511 
f 509//509 507//507 511//511 
f 510//510 513//513 514//514 
f 513//513 515//515 514//514 
f 515//515 512//512 514//514 
f 512//512 510//510 514//514 
s 4
f 513//513 516//516 517//517 
f 516//516 518//518 517//517 
f 518//518 515//515 517//517 
f 515//515 513//513 517//517 
f 516//516 519//519 520//520 
f 519//519 521//521 520//520 
f 521//521 518//518 520//520 
f 518//518 516//516 520//520 
f 519//519 522//522 523//523 
f 522//522 524//524 523//523 
f 524//524 521//521 523//523 
f 521//521 519//519 523//523 
f 522//522 525//525 526//526 
f 525//525 527//527 526//526 
f 527//527 524//524 526//526 
f 524//524 522//522 526//526 
f 525//525 528//528 529//529 
f 528//528 530//530 529//529 
f 530//530 527//527 529//529 
f 527//527 525//525 529//529 
f 528//528 531//531 532//532 
f 531//531 533//533 532//532 
f 533//533 530//530 532//532 
f 530//530 528//528 532//532 
f 531//531 534//534 535//535 
f 534//534 536//536 535//535 
f 536//536 533//533 535//535 
f 533//533 531//531 535//535 
f 534//534 537//537 538//538 
f 537//537 539//539 538//538 
f 539//539 536//536 538//538 
f 536//536 534//534 538//538 
f 537//537 540//540 541//541 
f 540//540 542//542 541//541 
f 542//542 539//539 541//541 
f 539//539 537//537 541//541 
s 2
f 540//540 543//543 544//544 
f 543//543 545//545 544//544 
f 545//545 542//542 544//544 
f 542//542 540//540 544//544 
s 5
f 543//543 1//1 546//546 
f 1//1 5//5 546//546 
f 5//5 545//545 546//546 
f 545//545 543//543 546//546 
s 1
f 547//547 548//548 549//549 
f 548//548 550//550 549//549 
f 550//550 551//551 549//549 
f 551//551 547//547 549//549 
s 3
f 548//548 552//552 553//553 
f 552//552 554//554 553//553 
f 554//554 550//550 553//553 
f 550//550 548//548 553//553 
s 2
f 552//552 555//555 556//556 
f 555//555 557//557 556//556 
f 557//557 554//554 556//556 
f 554//554 552//552 556//556 
f 555//555 558//558 559//559 
f 558//558 560//560 559//559 
f 560//560 557//557 559//559 
f 557//557 555//555 559//559 
f 558//558 561//561 562//562 
f 561//561 563//563 562//562 
f 563//563 560//560 562//562 
f 560//560 558//558 562//562 
f 561//561 564//564 565//565 
f 564//564 566//566 565//565 
f 566//566 563//563 565//565 
f 563//563 561//561 565//565 
f 564//564 567//567 568//568 
f 567//567 569//569 568//568 
f 569//569 566//566 568//568 
f 566//566 564//564 568//568 
f 567//567 570//570 571//571 
f 570//570 572//572 571//571 
f 572//572 569//569 571//571 
f 569//569 567//567 571//571 
f 570//570 573//573 574//574 
f 573//573 575//575 574//574 
f 575//575 572//572 574//574 
f 572//572 570//570 574//574 
f 573//573 576//576 577//577 
f 576//576 578//578 577//577 
f 578//578 575//575 577//577 
f 575//575 573//573 577//577 
f 576//576 579//579 580//580 
f 579//579 581//581 580//580 
f 581//581 578//578 580//580 
f 578//578 576//576 580//580 
f 579//579 582//582 583//583 
f 582//582 584//584 583//583 
f 584//584 581//581 583//583 
f 581//581 579//579 583//583 
f 582//582 585//585 586//586 
f 585//585 587//587 586//586 
f 587//587 584//584 586//586 
f 584//584 582//582 586//586 
f 585//585 588//588 589//589 
f 588//588 590//590 589//589 
f 590//590 587//587 589//589 
f 587//587 585//585 589//589 
f 588//588 591//591 592//592 
f 591//591 593//593 592//592 
f 593//593 590//590 592//592 
f 590//590 588//588 592//592 
f 591//591 594//594 595//595 
f 594//594 596//596 595//595 
f 596//596 593//593 595//595 
f 593//593 591//591 595//595 
f 594//594 597//597 598//598 
f 597//597 599//599 598//598 
f 599//599 596//596 598//598 
f 596//596 594//594 598//598 
f 597//597 600//600 601//601 
f 600//600 602//602 601//601 
f 602//602 599//599 601//601 
f 599//599 597//597 601//601 
f 600//600 603//603 604//604 
f 603//603 605//605 604//604 
f 605//605 602//602 604//604 
f 602//602 600//600 604//604 
f 603//603 606//606 607//607 
f 606//606 608//608 607//607 
f 608//608 605//605 607//607 
f 605//605 603//603 607//607 
f 606//606 609//609 610//610 
f 609//609 611//611 610//610 
f 611//611 608//608 610//610 
f 608//608 606//606 610//610 
f 609//609 612//612 613//613 
f 612//612 614//614 613//613 
f 614//614 611//611 613//613 
f 611//611 609//609 613//613 
f 612//612 615//615 616//616 
f 615//615 617//617 616//616 
f 617//617 614//614 616//616 
f 614//614 612//612 616//616 
f 615//615 618//618 619//619 
f 618//618 620//620 619//619 
f 620//620 617//617 619//619 
f 617//617 615//615 619//619 
f 618//618 621//621 622//622 
f 621//621 623//623 622//622 
f 623//623 620//620 622//622 
f 620//620 618//618 622//622 
f 621//621 624//624 625//625 
f 624//624 626//626 625//625 
f 626//626 623//623 625//625 
f 623//623 621//621 625//625 
f 624//624 627//627 628//628 
f 627//627 629//629 628//628 
f 629//629 626//626 628//628 
f 626//626 624//624 628//628 
f 627//627 630//630 631//631 
f 630//630 632//632 631//631 
f 632//632 629//629 631//631 
f 629//629 627//627 631//631 
f 630//630 633//633 634//634 
f 633//633 635//635 634//634 
f 635//635 632//632 634//634 
f 632//632 630//630 634//634 
f 633//633 636//636 637//637 
f 636//636 638//638 637//637 
f 638//638 635//635 637//637 
f 635//635 633//633 637//637 
f 636//636 639//639 640//640 
f 639//639 641//641 640//640 
f 641//641 638//638 640//640 
f 638//638 636//636 640//640 
f 639//639 642//642 643//643 
f 642//642 644//644 643//643 
f 644//644 641//641 643//643 
f 641//641 639//639 643//643 
f 642//642 645//645 646//646 
f 645//645 647//647 646//646 
f 647//647 644//644 646//646 
f 644//644 642//642 646//646 
f 645//645 648//648 649//649 
f 648//648 650//650 649//649 
f 650//650 647//647 649//649 
f 647//647 645//645 649//649 
f 648//648 651//651 652//652 
f 651//651 653//653 652//652 
f 653//653 650//650 652//652 
f 650//650 648//648 652//652 
s 3
f 651//651 547//547 654//654 
f 547//547 551//551 654//654 
f 551//551 653//653 654//654 
f 653//653 651//651 654//654 
s 1
f 655//655 656//656 657//657 
f 656//656 658//658 657//657 
f 658//658 659//659 657//657 
f 659//659 655//655 657//657 
s 3
f 656//656 660//660 661//661 
f 660//660 662//662 661//661 
f 662//662 658//658 661//661 
f 658//658 656//656 661//661 
s 2
f 660//660 663//663 664//664 
f 663//663 665//665 664//664 
f 665//665 662//662 664//664 
f 662//662 660//660 664//664 
f 663//663 666//666 667//667 
f 666//666 668//668 667//667 
f 668//668 665//665 667//667 
f 665//665 663//663 667//667 
f 666//666 669//669 670//670 
f 669//669 671//671 670//670 
f 671//671 668//668 670//670 
f 668//668 666//666 670//670 
f 669//669 672//672 673//673 
f 672//672 674//674 673//673 
f 674//674 671//671 673//673 
f 671//671 669//669 673//673 
f 672//672 675//675 676//676 
f 675//675 677//677 676//676 
f 677//677 674//674 676//676 
f 674//674 672//672 676//676 
f 675//675 678//678 679//679 
f 678//678 680//680 679//679 
f 680//680 677//677 679//679 
f 677//677 675//675 679//679 
f 678//678 681//681 682//682 
f 681//681 683//683 682//682 
f 683//683 680//680 682//682 
f 680//680 678//678 682//682 
f 681//681 684//684 685//685 
f 684//684 686//686 685//685 
f 686//686 683//683 685//685 
f 683//683 681//681 685//685 
f 684//684 687//687 688//688 
f 687//687 689//689 688//688 
f 689//689 686//686 688//688 
f 686//686 684//684 688//688 
f 687//687 690//690 691//691 
f 690//690 692//692 691//691 
f 692//692 689//689 691//691 
f 689//689 687//687 691//691 
f 690//690 693//693 694//694 
f 693//693 695//695 694//694 
f 695//695 692//692 694//694 
f 692//692 690//690 694//694 
f 693//693 696//696 697//697 
f 696//696 698//698 697//697 
f 698//698 695//695 697//697 
f 695//695 693//693 697//697 
f 696//696 699//699 700//700 
f 699//699 701//701 700//700 
f 701//701 698//698 700//700 
f 698//698 696//696 700//700 
f 699//699 702//702 703//703 
f 702//702 704//704 703//703 
f 704//704 701//701 703//703 
f 701//701 699//699 703//703 
f 702//702 705//705 706//706 
f 705//705 707//707 706//706 
f 707//707 704//704 706//706 
f 704//704 702//702 706//706 
f 705//705 708//708 709//709 
f 708//708 710//710 709//709 
f 710//710 707//707 709//709 
f 707//707 705//705 709//709 
f 708//708 711//711 712//712 
f 711//711 713//713 712//712 
f 713//713 710//710 712//712 
f 710//710 708//708 712//712 
f 711//711 714//714 715//715 
f 714//714 716//716 715//715 
f 716//716 713//713 715//715 
f 713//713 711//711 715//715 
f 714//714 717//717 718//718 
f 717//717 719//719 718//718 
f 719//719 716//716 718//718 
f 716//716 714//714 718//718 
f 717//717 720//720 721//721 
f 720//720 722//722 721//721 
f 722//722 719//719 721//721 
f 719//719 717//717 721//721 
f 720//720 723//723 724//724 
f 723//723 725//725 724//724 
f 725//725 722//722 724//724 
f 722//722 720//720 724//724 
f 723//723 726//726 727//727 
f 726//726 728//728 727//727 
f 728//728 725//725 727//727 
f 725//725 723//723 727//727 
f 726//726 729//729 730//730 
f 729//729 731//731 730//730 
f 731//731 728//728 730//730 
f 728//728 726//726 730//730 
f 729//729 732//732 733//733 
f 732//732 734//734 733//733 
f 734//734 731//731 733//733 
f 731//731 729//729 733//733 
f 732//732 735//735 736//736 
f 735//735 737//737 736//736 
f 737//737 734//734 736//736 
f 734//734 732//732 736//736 
f 735//735 738//738 739//739 
f 738//738 740//740 739//739 
f 740//740 737//737 739//739 
f 737//737 735//735 739//739 
f 738//738 741//741 742//742 
f 741//741 743//743 742//742 
f 743//743 740//740 742//742 
f 740//740 738//738 742//742 
f 741//741 744//744 745//745 
f 744//744 746//746 745//745 
f 746//746 743//743 745//745 
f 743//743 741//741 745//745 
f 744//744 747//747 748//748 
f 747//747 749//749 748//748 
f 749//749 746//746 748//748 
f 746//746 744//744 748//748 
f 747//747 750//750 751//751 
f 750//750 752//752 751//751 
f 752//752 749//749 751//751 
f 749//749 747//747 751//751 
f 750//750 753//753 754//754 
f 753//753 755//755 754//754 
f 755//755 752//752 754//754 
f 752//752 750//750 754//754 
f 753//753 756//756 757//757 
f 756//756 758//758 757//757 
f 758//758 755//755 757//757 
f 755//755 753//753 757//757 
f 756//756 759//759 760//760 
f 759//759 761//761 760//760 
f 761//761 758//758 760//760 
f 758//758 756//756 760//760 
s 3
f 759//759 655//655 762//762 
f 655//655 659//659 762//762 
f 659//659 761//761 762//762 
f 761//761 759//759 762//762 
s 16
f 63//63 60//60 763//763 
f 60//60 57//57 763//763 
f 57//57 54//54 763//763 
f 54//54 51//51 763//763 
f 51//51 48//48 763//763 
f 48//48 45//45 763//763 
f 45//45 42//42 763//763 
f 42//42 39//39 763//763 
f 39//39 36//36 763//763 
f 36//36 33//33 763//763 
f 33//33 30//30 763//763 
f 30//30 27//27 763//763 
f 27//27 24//24 763//763 
f 24//24 72//72 763//763 
f 72//72 69//69 763//763 
f 69//69 66//66 763//763 
f 66//66 63//63 763//763 
f 305//305 308//308 764//764 
f 308//308 311//311 764//764 
f 311//311 314//314 764//764 
f 314//314 317//317 764//764 
f 317//317 320//320 764//764 
f 320//320 323//323 764//764 
f 323//323 765//764 647//647 764//764 
f 647//647 650//650 764//764 
f 650//650 305//305 764//764 
f 24//24 21//21 766//763 
f 21//21 72//72 766//763 
f 72//72 24//24 766//763 
f 21//21 18//18 767//763 
f 18//18 72//72 767//763 
f 72//72 21//21 767//763 
f 18//18 15//15 768//763 
f 15//15 72//72 768//763 
f 72//72 18//18 768//763 
f 15//15 12//12 769//763 
f 12//12 72//72 769//763 
f 72//72 15//15 769//763 
f 12//12 9//9 770//763 
f 9//9 72//72 770//763 
f 72//72 12//12 770//763 
f 9//9 6//6 771//763 
f 6//6 72//72 771//763 
f 72//72 9//9 771//763 
f 6//6 2//2 772//763 
f 2//2 72//72 772//763 
f 72//72 6//6 772//763 
f 2//2 1//1 773//763 
f 1//1 72//72 773//763 
f 72//72 2//2 773//763 
f 1//1 774//763 693//693 775//763 
f 693//693 690//690 775//763 
f 690//690 78//78 775//763 
f 78//78 75//75 775//763 
f 75//75 72//72 775//763 
f 72//72 1//1 775//763 
f 690//690 687//687 776//763 
f 687//687 78//78 776//763 
f 78//78 690//690 776//763 
f 687//687 684//684 777//763 
f 684//684 78//78 777//763 
f 78//78 687//687 777//763 
f 684//684 681//681 778//763 
f 681//681 78//78 778//763 
f 78//78 684//684 778//763 
f 678//678 462//462 779//763 
f 462//462 459//459 779//763 
f 459//459 456//456 779//763 
f 456//456 453//453 779//763 
f 453//453 450//450 779//763 
f 450//450 447//447 779//763 
f 447//447 444//444 779//763 
f 444//444 441//441 779//763 
f 441//441 438//438 779//763 
f 438//438 435//435 779//763 
f 435//435 432//432 779//763 
f 432//432 429//429 779//763 
f 429//429 426//426 779//763 
f 426//426 678//678 779//763 
f 678//678 675//675 780//763 
f 675//675 465//465 780//763 
f 465//465 462//462 780//763 
f 462//462 678//678 780//763 
f 426//426 423//423 781//763 
f 423//423 678//678 781//763 
f 678//678 426//426 781//763 
f 423//423 420//420 782//763 
f 420//420 678//678 782//763 
f 678//678 423//423 782//763 
f 420//420 417//417 783//763 
f 417//417 678//678 783//763 
f 678//678 420//420 783//763 
f 417//417 414//414 784//763 
f 414//414 678//678 784//763 
f 678//678 417//417 784//763 
f 414//414 411//411 785//763 
f 411//411 678//678 785//763 
f 678//678 414//414 785//763 
f 411//411 408//408 786//763 
f 408//408 678//678 786//763 
f 678//678 411//411 786//763 
f 408//408 405//405 787//763 
f 405//405 678//678 787//763 
f 678//678 408//408 787//763 
f 405//405 402//402 788//763 
f 402//402 78//78 788//763 
f 78//78 681//681 788//763 
f 681//681 678//678 788//763 
f 678//678 405//405 788//763 
f 402//402 399//399 789//763 
f 399//399 78//78 789//763 
f 78//78 402//402 789//763 
f 399//399 396//396 790//763 
f 396//396 78//78 790//763 
f 78//78 399//399 790//763 
f 396//396 393//393 791//763 
f 393//393 78//78 791//763 
f 78//78 396//396 791//763 
f 393//393 390//390 792//763 
f 390//390 78//78 792//763 
f 78//78 393//393 792//763 
f 390//390 387//387 793//763 
f 387//387 84//84 793//763 
f 84//84 81//81 793//763 
f 81//81 78//78 793//763 
f 78//78 390//390 793//763 
f 387//387 384//384 794//763 
f 384//384 90//90 794//763 
f 90//90 87//87 794//763 
f 87//87 84//84 794//763 
f 84//84 387//387 794//763 
f 384//384 381//381 795//763 
f 381//381 96//96 795//763 
f 96//96 93//93 795//763 
f 93//93 90//90 795//763 
f 90//90 384//384 795//763 
f 381//381 378//378 796//763 
f 378//378 102//102 796//763 
f 102//102 99//99 796//763 
f 99//99 96//96 796//763 
f 96//96 381//381 796//763 
f 378//378 375//375 797//763 
f 375//375 105//105 797//763 
f 105//105 102//102 797//763 
f 102//102 378//378 797//763 
f 375//375 372//372 798//763 
f 372//372 108//108 798//763 
f 108//108 105//105 798//763 
f 105//105 375//375 798//763 
f 372//372 369//369 799//763 
f 369//369 111//111 799//763 
f 111//111 108//108 799//763 
f 108//108 372//372 799//763 
f 369//369 366//366 800//763 
f 366//366 114//114 800//763 
f 114//114 111//111 800//763 
f 111//111 369//369 800//763 
f 366//366 363//363 801//763 
f 363//363 114//114 801//763 
f 114//114 366//366 801//763 
f 363//363 360//360 802//763 
f 360//360 117//117 802//763 
f 117//117 114//114 802//763 
f 114//114 363//363 802//763 
f 360//360 357//357 803//763 
f 357//357 120//120 803//763 
f 120//120 117//117 803//763 
f 117//117 360//360 803//763 
f 357//357 354//354 804//763 
f 354//354 123//123 804//763 
f 123//123 120//120 804//763 
f 120//120 357//357 804//763 
f 354//354 351//351 805//763 
f 351//351 126//126 805//763 
f 126//126 123//123 805//763 
f 123//123 354//354 805//763 
f 351//351 348//348 806//763 
f 348//348 129//129 806//763 
f 129//129 126//126 806//763 
f 126//126 351//351 806//763 
f 348//348 345//345 807//763 
f 345//345 132//132 807//763 
f 132//132 129//129 807//763 
f 129//129 348//348 807//763 
f 345//345 342//342 808//763 
f 342//342 132//132 808//763 
f 132//132 345//345 808//763 
f 342//342 339//339 809//763 
f 339//339 132//132 809//763 
f 132//132 342//342 809//763 
f 339//339 336//336 810//763 
f 336//336 132//132 810//763 
f 132//132 339//339 810//763 
f 336//336 333//333 811//763 
f 333//333 132//132 811//763 
f 132//132 336//336 811//763 
f 333//333 330//330 812//763 
f 330//330 132//132 812//763 
f 132//132 333//333 812//763 
f 330//330 327//327 813//763 
f 327//327 132//132 813//763 
f 132//132 330//330 813//763 
f 327//327 324//324 814//763 
f 324//324 132//132 814//763 
f 132//132 327//327 814//763 
f 324//324 321//321 815//763 
f 321//321 132//132 815//763 
f 132//132 324//324 815//763 
f 645//645 642//642 816//763 
f 642//642 132//132 816//763 
f 132//132 321//321 816//763 
f 642//642 639//639 817//763 
f 639//639 132//132 817//763 
f 132//132 642//642 817//763 
f 639//639 636//636 818//763 
f 636//636 132//132 818//763 
f 132//132 639//639 818//763 
f 636//636 633//633 819//763 
f 633//633 132//132 819//763 
f 132//132 636//636 819//763 
f 633//633 630//630 820//763 
f 630//630 132//132 820//763 
f 132//132 633//633 820//763 
f 630//630 627//627 821//763 
f 627//627 132//132 821//763 
f 132//132 630//630 821//763 
f 627//627 624//624 822//763 
f 624//624 162//162 822//763 
f 162//162 159//159 822//763 
f 159//159 156//156 822//763 
f 156//156 153//153 822//763 
f 153//153 150//150 822//763 
f 150//150 147//147 822//763 
f 147//147 144//144 822//763 
f 144//144 141//141 822//763 
f 141//141 138//138 822//763 
f 138//138 135//135 822//763 
f 135//135 132//132 822//763 
f 132//132 627//627 822//763 
f 624//624 621//621 823//763 
f 621//621 165//165 823//763 
f 165//165 162//162 823//763 
f 162//162 624//624 823//763 
f 621//621 618//618 824//763 
f 618//618 168//168 824//763 
f 168//168 165//165 824//763 
f 165//165 621//621 824//763 
f 618//618 615//615 825//763 
f 615//615 171//171 825//763 
f 171//171 168//168 825//763 
f 168//168 618//618 825//763 
f 615//615 612//612 826//763 
f 612//612 174//174 826//763 
f 174//174 171//171 826//763 
f 171//171 615//615 826//763 
f 612//612 609//609 827//763 
f 609//609 177//177 827//763 
f 177//177 174//174 827//763 
f 174//174 612//612 827//763 
f 609//609 606//606 828//763 
f 606//606 180//180 828//763 
f 180//180 177//177 828//763 
f 177//177 609//609 828//763 
f 606//606 603//603 829//763 
f 603//603 183//183 829//763 
f 183//183 180//180 829//763 
f 180//180 606//606 829//763 
f 603//603 600//600 830//763 
f 600//600 186//186 830//763 
f 186//186 183//183 830//763 
f 183//183 603//603 830//763 
f 600//600 597//597 831//763 
f 597//597 186//186 831//763 
f 186//186 600//600 831//763 
f 597//597 594//594 832//763 
f 594//594 192//192 832//763 
f 192//192 189//189 832//763 
f 189//189 186//186 832//763 
f 186//186 597//597 832//763 
f 594//594 591//591 833//763 
f 591//591 198//198 833//763 
f 198//198 195//195 833//763 
f 195//195 192//192 833//763 
f 192//192 594//594 833//763 
f 591//591 588//588 834//763 
f 588//588 204//204 834//763 
f 204//204 201//201 834//763 
f 201//201 198//198 834//763 
f 198//198 591//591 834//763 
f 588//588 585//585 835//763 
f 585//585 210//210 835//763 
f 210//210 207//207 835//763 
f 207//207 204//204 835//763 
f 204//204 588//588 835//763 
f 585//585 582//582 836//763 
f 582//582 216//216 836//763 
f 216//216 213//213 836//763 
f 213//213 210//210 836//763 
f 210//210 585//585 836//763 
f 582//582 579//579 837//763 
f 579//579 222//222 837//763 
f 222//222 219//219 837//763 
f 219//219 216//216 837//763 
f 216//216 582//582 837//763 
f 579//579 576//576 838//763 
f 576//576 228//228 838//763 
f 228//228 225//225 838//763 
f 225//225 222//222 838//763 
f 222//222 579//579 838//763 
f 576//576 573//573 839//763 
f 573//573 234//234 839//763 
f 234//234 231//231 839//763 
f 231//231 228//228 839//763 
f 228//228 576//576 839//763 
f 573//573 570//570 840//763 
f 570//570 240//240 840//763 
f 240//240 237//237 840//763 
f 237//237 234//234 840//763 
f 234//234 573//573 840//763 
f 570//570 567//567 841//763 
f 567//567 243//243 841//763 
f 243//243 240//240 841//763 
f 240//240 570//570 841//763 
f 567//567 564//564 842//763 
f 564//564 249//249 842//763 
f 249//249 246//246 842//763 
f 246//246 243//243 842//763 
f 243//243 567//567 842//763 
f 564//564 561//561 843//763 
f 561//561 255//255 843//763 
f 255//255 252//252 843//763 
f 252//252 249//249 843//763 
f 249//249 564//564 843//763 
f 561//561 558//558 844//763 
f 558//558 261//261 844//763 
f 261//261 258//258 844//763 
f 258//258 255//255 844//763 
f 255//255 561//561 844//763 
f 558//558 555//555 845//763 
f 555//555 267//267 845//763 
f 267//267 264//264 845//763 
f 264//264 261//261 845//763 
f 261//261 558//558 845//763 
f 555//555 552//552 846//763 
f 552//552 276//276 846//763 
f 276//276 273//273 846//763 
f 273//273 270//270 846//763 
f 270//270 267//267 846//763 
f 267//267 555//555 846//763 
f 552//552 548//548 847//763 
f 548//548 282//282 847//763 
f 282//282 279//279 847//763 
f 279//279 276//276 847//763 
f 276//276 552//552 847//763 
f 548//548 547//547 848//763 
f 547//547 288//288 848//763 
f 288//288 285//285 848//763 
f 285//285 282//282 848//763 
f 282//282 548//548 848//763 
f 547//547 651//651 849//763 
f 651//651 294//294 849//763 
f 294//294 291//291 849//763 
f 291//291 288//288 849//763 
f 288//288 547//547 849//763 
f 651//651 648//648 850//763 
f 648//648 303//303 850//763 
f 303//303 300//300 850//763 
f 300//300 297//297 850//763 
f 297//297 294//294 850//763 
f 294//294 651//651 850//763 
f 648//648 645//645 851//763 
f 645//645 816//763 321//321 851//763 
f 321//321 318//318 851//763 
f 318//318 315//315 851//763 
f 315//315 312//312 851//763 
f 312//312 309//309 851//763 
f 309//309 306//306 851//763 
f 306//306 303//303 851//763 
f 303//303 648//648 851//763 
f 675//675 672//672 852//763 
f 672//672 468//468 852//763 
f 468//468 465//465 852//763 
f 465//465 675//675 852//763 
f 672//672 669//669 853//763 
f 669//669 471//471 853//763 
f 471//471 468//468 853//763 
f 468//468 672//672 853//763 
f 669//669 666//666 854//763 
f 666//666 474//474 854//763 
f 474//474 471//471 854//763 
f 471//471 669//669 854//763 
f 666//666 663//663 855//763 
f 663//663 477//477 855//763 
f 477//477 474//474 855//763 
f 474//474 666//666 855//763 
f 663//663 660//660 856//763 
f 660//660 480//480 856//763 
f 480//480 477//477 856//763 
f 477//477 663//663 856//763 
f 660//660 656//656 857//763 
f 656//656 483//483 857//763 
f 483//483 480//480 857//763 
f 480//480 660//660 857//763 
f 656//656 655//655 858//763 
f 655//655 486//486 858//763 
f 486//486 483//483 858//763 
f 483//483 656//656 858//763 
f 655//655 759//759 859//763 
f 759//759 486//486 859//763 
f 486//486 655//655 859//763 
f 759//759 756//756 860//763 
f 756//756 489//489 860//763 
f 489//489 486//486 860//763 
f 486//486 759//759 860//763 
f 756//756 753//753 861//763 
f 753//753 492//492 861//763 
f 492//492 489//489 861//763 
f 489//489 756//756 861//763 
f 753//753 750//750 862//763 
f 750//750 495//495 862//763 
f 495//495 492//492 862//763 
f 492//492 753//753 862//763 
f 750//750 747//747 863//763 
f 747//747 498//498 863//763 
f 498//498 495//495 863//763 
f 495//495 750//750 863//763 
f 747//747 744//744 864//763 
f 744//744 504//504 864//763 
f 504//504 501//501 864//763 
f 501//501 498//498 864//763 
f 498//498 747//747 864//763 
f 744//744 741//741 865//763 
f 741//741 507//507 865//763 
f 507//507 504//504 865//763 
f 504//504 744//744 865//763 
f 741//741 738//738 866//763 
f 738//738 510//510 866//763 
f 510//510 507//507 866//763 
f 507//507 741//741 866//763 
f 738//738 735//735 867//763 
f 735//735 513//513 867//763 
f 513//513 510//510 867//763 
f 510//510 738//738 867//763 
f 735//735 732//732 868//763 
f 732//732 516//516 868//763 
f 516//516 513//513 868//763 
f 513//513 735//735 868//763 
f 732//732 729//729 869//763 
f 729//729 519//519 869//763 
f 519//519 516//516 869//763 
f 516//516 732//732 869//763 
f 729//729 726//726 870//763 
f 726//726 519//519 870//763 
f 519//519 729//729 870//763 
f 726//726 723//723 871//763 
f 723//723 522//522 871//763 
f 522//522 519//519 871//763 
f 519//519 726//726 871//763 
f 723//723 720//720 872//763 
f 720//720 525//525 872//763 
f 525//525 522//522 872//763 
f 522//522 723//723 872//763 
f 720//720 717//717 873//763 
f 717//717 528//528 873//763 
f 528//528 525//525 873//763 
f 525//525 720//720 873//763 
f 717//717 714//714 874//763 
f 714//714 531//531 874//763 
f 531//531 528//528 874//763 
f 528//528 717//717 874//763 
f 714//714 711//711 875//763 
f 711//711 534//534 875//763 
f 534//534 531//531 875//763 
f 531//531 714//714 875//763 
f 711//711 708//708 876//763 
f 708//708 537//537 876//763 
f 537//537 534//534 876//763 
f 534//534 711//711 876//763 
f 708//708 705//705 877//763 
f 705//705 540//540 877//763 
f 540//540 537//537 877//763 
f 537//537 708//708 877//763 
f 705//705 702//702 878//763 
f 702//702 540//540 878//763 
f 540//540 705//705 878//763 
f 702//702 699//699 879//763 
f 699//699 540//540 879//763 
f 540//540 702//702 879//763 
f 699//699 696//696 880//763 
f 696//696 540//540 880//763 
f 540//540 699//699 880//763 
f 1//1 543//543 774//763 
f 543//543 693//693 774//763 
f 543//543 540//540 881//763 
f 540//540 696//696 881//763 
f 696//696 693//693 881//763 
f 693//693 543//543 881//763 
f 650//650 653//653 882//764 
f 653//653 296//296 882//764 
f 296//296 299//299 882//764 
f 299//299 302//302 882//764 
f 302//302 305//305 882//764 
f 305//305 650//650 882//764 
f 653//653 551//551 883//764 
f 551//551 290//290 883//764 
f 290//290 293//293 883//764 
f 293//293 296//296 883//764 
f 296//296 653//653 883//764 
f 551//551 550//550 884//764 
f 550//550 284//284 884//764 
f 284//284 287//287 884//764 
f 287//287 290//290 884//764 
f 290//290 551//551 884//764 
f 550//550 554//554 885//764 
f 554//554 278//278 885//764 
f 278//278 281//281 885//764 
f 281//281 284//284 885//764 
f 284//284 550//550 885//764 
f 554//554 557//557 886//764 
f 557//557 269//269 886//764 
f 269//269 272//272 886//764 
f 272//272 275//275 886//764 
f 275//275 278//278 886//764 
f 278//278 554//554 886//764 
f 557//557 560//560 887//764 
f 560//560 263//263 887//764 
f 263//263 266//266 887//764 
f 266//266 269//269 887//764 
f 269//269 557//557 887//764 
f 560//560 563//563 888//764 
f 563//563 257//257 888//764 
f 257//257 260//260 888//764 
f 260//260 263//263 888//764 
f 263//263 560//560 888//764 
f 563//563 566//566 889//764 
f 566//566 251//251 889//764 
f 251//251 254//254 889//764 
f 254//254 257//257 889//764 
f 257//257 563//563 889//764 
f 566//566 569//569 890//764 
f 569//569 245//245 890//764 
f 245//245 248//248 890//764 
f 248//248 251//251 890//764 
f 251//251 566//566 890//764 
f 569//569 572//572 891//764 
f 572//572 242//242 891//764 
f 242//242 245//245 891//764 
f 245//245 569//569 891//764 
f 572//572 575//575 892//764 
f 575//575 236//236 892//764 
f 236//236 239//239 892//764 
f 239//239 242//242 892//764 
f 242//242 572//572 892//764 
f 575//575 578//578 893//764 
f 578//578 230//230 893//764 
f 230//230 233//233 893//764 
f 233//233 236//236 893//764 
f 236//236 575//575 893//764 
f 578//578 581//581 894//764 
f 581//581 224//224 894//764 
f 224//224 227//227 894//764 
f 227//227 230//230 894//764 
f 230//230 578//578 894//764 
f 581//581 584//584 895//764 
f 584//584 218//218 895//764 
f 218//218 221//221 895//764 
f 221//221 224//224 895//764 
f 224//224 581//581 895//764 
f 584//584 587//587 896//764 
f 587//587 212//212 896//764 
f 212//212 215//215 896//764 
f 215//215 218//218 896//764 
f 218//218 584//584 896//764 
f 587//587 590//590 897//764 
f 590//590 206//206 897//764 
f 206//206 209//209 897//764 
f 209//209 212//212 897//764 
f 212//212 587//587 897//764 
f 590//590 593//593 898//764 
f 593//593 200//200 898//764 
f 200//200 203//203 898//764 
f 203//203 206//206 898//764 
f 206//206 590//590 898//764 
f 593//593 596//596 899//764 
f 596//596 194//194 899//764 
f 194//194 197//197 899//764 
f 197//197 200//200 899//764 
f 200//200 593//593 899//764 
f 596//596 599//599 900//764 
f 599//599 188//188 900//764 
f 188//188 191//191 900//764 
f 191//191 194//194 900//764 
f 194//194 596//596 900//764 
f 599//599 602//602 901//764 
f 602//602 188//188 901//764 
f 188//188 599//599 901//764 
f 602//602 605//605 902//764 
f 605//605 185//185 902//764 
f 185//185 188//188 902//764 
f 188//188 602//602 902//764 
f 605//605 608//608 903//764 
f 608//608 182//182 903//764 
f 182//182 185//185 903//764 
f 185//185 605//605 903//764 
f 608//608 611//611 904//764 
f 611//611 179//179 904//764 
f 179//179 182//182 904//764 
f 182//182 608//608 904//764 
f 611//611 614//614 905//764 
f 614//614 176//176 905//764 
f 176//176 179//179 905//764 
f 179//179 611//611 905//764 
f 614//614 617//617 906//764 
f 617//617 173//173 906//764 
f 173//173 176//176 906//764 
f 176//176 614//614 906//764 
f 617//617 620//620 907//764 
f 620//620 170//170 907//764 
f 170//170 173//173 907//764 
f 173//173 617//617 907//764 
f 620//620 623//623 908//764 
f 623//623 167//167 908//764 
f 167//167 170//170 908//764 
f 170//170 620//620 908//764 
f 623//623 626//626 909//764 
f 626//626 164//164 909//764 
f 164//164 167//167 909//764 
f 167//167 623//623 909//764 
f 626//626 629//629 910//764 
f 629//629 134//134 910//764 
f 134//134 137//137 910//764 
f 137//137 140//140 910//764 
f 140//140 143//143 910//764 
f 143//143 146//146 910//764 
f 146//146 149//149 910//764 
f 149//149 152//152 910//764 
f 152//152 155//155 910//764 
f 155//155 158//158 910//764 
f 158//158 161//161 910//764 
f 161//161 164//164 910//764 
f 164//164 626//626 910//764 
f 629//629 632//632 911//764 
f 632//632 134//134 911//764 
f 134//134 629//629 911//764 
f 632//632 635//635 912//764 
f 635//635 134//134 912//764 
f 134//134 632//632 912//764 
f 635//635 638//638 913//764 
f 638//638 134//134 913//764 
f 134//134 635//635 913//764 
f 638//638 641//641 914//764 
f 641//641 134//134 914//764 
f 134//134 638//638 914//764 
f 641//641 644//644 915//764 
f 644//644 134//134 915//764 
f 134//134 641//641 915//764 
f 644//644 647//647 765//764 
f 323//323 134//134 765//764 
f 134//134 644//644 765//764 
f 323//323 326//326 916//764 
f 326//326 134//134 916//764 
f 134//134 323//323 916//764 
f 326//326 329//329 917//764 
f 329//329 134//134 917//764 
f 134//134 326//326 917//764 
f 329//329 332//332 918//764 
f 332//332 134//134 918//764 
f 134//134 329//329 918//764 
f 332//332 335//335 919//764 
f 335//335 134//134 919//764 
f 134//134 332//332 919//764 
f 335//335 338//338 920//764 
f 338//338 134//134 920//764 
f 134//134 335//335 920//764 
f 338//338 341//341 921//764 
f 341//341 134//134 921//764 
f 134//134 338//338 921//764 
f 341//341 344//344 922//764 
f 344//344 134//134 922//764 
f 134//134 341//341 922//764 
f 344//344 347//347 923//764 
f 347//347 134//134 923//764 
f 134//134 344//344 923//764 
f 347//347 350//350 924//764 
f 350//350 131//131 924//764 
f 131//131 134//134 924//764 
f 134//134 347//347 924//764 
f 350//350 353//353 925//764 
f 353//353 128//128 925//764 
f 128//128 131//131 925//764 
f 131//131 350//350 925//764 
f 353//353 356//356 926//764 
f 356//356 125//125 926//764 
f 125//125 128//128 926//764 
f 128//128 353//353 926//764 
f 356//356 359//359 927//764 
f 359//359 122//122 927//764 
f 122//122 125//125 927//764 
f 125//125 356//356 927//764 
f 359//359 362//362 928//764 
f 362//362 119//119 928//764 
f 119//119 122//122 928//764 
f 122//122 359//359 928//764 
f 362//362 365//365 929//764 
f 365//365 116//116 929//764 
f 116//116 119//119 929//764 
f 119//119 362//362 929//764 
f 365//365 368//368 930//764 
f 368//368 116//116 930//764 
f 116//116 365//365 930//764 
f 368//368 371//371 931//764 
f 371//371 113//113 931//764 
f 113//113 116//116 931//764 
f 116//116 368//368 931//764 
f 371//371 374//374 932//764 
f 374//374 110//110 932//764 
f 110//110 113//113 932//764 
f 113//113 371//371 932//764 
f 374//374 377//377 933//764 
f 377//377 107//107 933//764 
f 107//107 110//110 933//764 
f 110//110 374//374 933//764 
f 377//377 380//380 934//764 
f 380//380 104//104 934//764 
f 104//104 107//107 934//764 
f 107//107 377//377 934//764 
f 380//380 383//383 935//764 
f 383//383 98//98 935//764 
f 98//98 101//101 935//764 
f 101//101 104//104 935//764 
f 104//104 380//380 935//764 
f 383//383 386//386 936//764 
f 386//386 92//92 936//764 
f 92//92 95//95 936//764 
f 95//95 98//98 936//764 
f 98//98 383//383 936//764 
f 386//386 389//389 937//764 
f 389//389 86//86 937//764 
f 86//86 89//89 937//764 
f 89//89 92//92 937//764 
f 92//92 386//386 937//764 
f 389//389 392//392 938//764 
f 392//392 80//80 938//764 
f 80//80 83//83 938//764 
f 83//83 86//86 938//764 
f 86//86 389//389 938//764 
f 392//392 395//395 939//764 
f 395//395 80//80 939//764 
f 80//80 392//392 939//764 
f 395//395 398//398 940//764 
f 398//398 80//80 940//764 
f 80//80 395//395 940//764 
f 398//398 401//401 941//764 
f 401//401 80//80 941//764 
f 80//80 398//398 941//764 
f 401//401 404//404 942//764 
f 404//404 80//80 942//764 
f 80//80 401//401 942//764 
f 404//404 407//407 943//764 
f 407//407 680//680 943//764 
f 680//680 683//683 943//764 
f 683//683 80//80 943//764 
f 80//80 404//404 943//764 
f 407//407 410//410 944//764 
f 410//410 680//680 944//764 
f 680//680 407//407 944//764 
f 683//683 686//686 945//764 
f 686//686 80//80 945//764 
f 80//80 683//683 945//764 
f 686//686 689//689 946//764 
f 689//689 80//80 946//764 
f 80//80 686//686 946//764 
f 689//689 692//692 947//764 
f 692//692 80//80 947//764 
f 80//80 689//689 947//764 
f 692//692 695//695 948//764 
f 695//695 949//764 5//5 948//764 
f 5//5 74//74 948//764 
f 74//74 77//77 948//764 
f 77//77 80//80 948//764 
f 80//80 692//692 948//764 
f 5//5 4//4 950//764 
f 4//4 74//74 950//764 
f 74//74 5//5 950//764 
f 4//4 8//8 951//764 
f 8//8 74//74 951//764 
f 74//74 4//4 951//764 
f 8//8 11//11 952//764 
f 11//11 74//74 952//764 
f 74//74 8//8 952//764 
f 11//11 14//14 953//764 
f 14//14 74//74 953//764 
f 74//74 11//11 953//764 
f 14//14 17//17 954//764 
f 17//17 74//74 954//764 
f 74//74 14//14 954//764 
f 17//17 20//20 955//764 
f 20//20 74//74 955//764 
f 74//74 17//17 955//764 
f 20//20 23//23 956//764 
f 23//23 74//74 956//764 
f 74//74 20//20 956//764 
f 23//23 26//26 957//764 
f 26//26 74//74 957//764 
f 74//74 23//23 957//764 
f 26//26 29//29 958//764 
f 29//29 32//32 958//764 
f 32//32 35//35 958//764 
f 35//35 38//38 958//764 
f 38//38 41//41 958//764 
f 41//41 44//44 958//764 
f 44//44 47//47 958//764 
f 47//47 50//50 958//764 
f 50//50 53//53 958//764 
f 53//53 56//56 958//764 
f 56//56 59//59 958//764 
f 59//59 62//62 958//764 
f 62//62 65//65 958//764 
f 65//65 68//68 958//764 
f 68//68 71//71 958//764 
f 71//71 74//74 958//764 
f 74//74 26//26 958//764 
f 410//410 413//413 959//764 
f 413//413 680//680 959//764 
f 680//680 410//410 959//764 
f 413//413 416//416 960//764 
f 416//416 680//680 960//764 
f 680//680 413//413 960//764 
f 416//416 419//419 961//764 
f 419//419 680//680 961//764 
f 680//680 416//416 961//764 
f 419//419 422//422 962//764 
f 422//422 680//680 962//764 
f 680//680 419//419 962//764 
f 422//422 425//425 963//764 
f 425//425 680//680 963//764 
f 680//680 422//422 963//764 
f 425//425 428//428 964//764 
f 428//428 680//680 964//764 
f 680//680 425//425 964//764 
f 542//542 695//695 965//764 
f 695//695 698//698 965//764 
f 698//698 542//542 965//764 
f 542//542 545//545 966//764 
f 545//545 695//695 966//764 
f 695//695 542//542 966//764 
f 698//698 701//701 967//764 
f 701//701 542//542 967//764 
f 542//542 698//698 967//764 
f 701//701 704//704 968//764 
f 704//704 542//542 968//764 
f 542//542 701//701 968//764 
f 704//704 707//707 969//764 
f 707//707 542//542 969//764 
f 542//542 704//704 969//764 
f 707//707 710//710 970//764 
f 710//710 539//539 970//764 
f 539//539 542//542 970//764 
f 542//542 707//707 970//764 
f 710//710 713//713 971//764 
f 713//713 536//536 971//764 
f 536//536 539//539 971//764 
f 539//539 710//710 971//764 
f 713//713 716//716 972//764 
f 716//716 533//533 972//764 
f 533//533 536//536 972//764 
f 536//536 713//713 972//764 
f 716//716 719//719 973//764 
f 719//719 530//530 973//764 
f 530//530 533//533 973//764 
f 533//533 716//716 973//764 
f 719//719 722//722 974//764 
f 722//722 527//527 974//764 
f 527//527 530//530 974//764 
f 530//530 719//719 974//764 
f 722//722 725//725 975//764 
f 725//725 524//524 975//764 
f 524//524 527//527 975//764 
f 527//527 722//722 975//764 
f 725//725 728//728 976//764 
f 728//728 521//521 976//764 
f 521//521 524//524 976//764 
f 524//524 725//725 976//764 
f 728//728 731//731 977//764 
f 731//731 521//521 977//764 
f 521//521 728//728 977//764 
f 731//731 734//734 978//764 
f 734//734 518//518 978//764 
f 518//518 521//521 978//764 
f 521//521 731//731 978//764 
f 734//734 737//737 979//764 
f 737//737 515//515 979//764 
f 515//515 518//518 979//764 
f 518//518 734//734 979//764 
f 737//737 740//740 980//764 
f 740//740 512//512 980//764 
f 512//512 515//515 980//764 
f 515//515 737//737 980//764 
f 740//740 743//743 981//764 
f 743//743 509//509 981//764 
f 509//509 512//512 981//764 
f 512//512 740//740 981//764 
f 743//743 746//746 982//764 
f 746//746 506//506 982//764 
f 506//506 509//509 982//764 
f 509//509 743//743 982//764 
f 746//746 749//749 983//764 
f 749//749 500//500 983//764 
f 500//500 503//503 983//764 
f 503//503 506//506 983//764 
f 506//506 746//746 983//764 
f 749//749 752//752 984//764 
f 752//752 497//497 984//764 
f 497//497 500//500 984//764 
f 500//500 749//749 984//764 
f 752//752 755//755 985//764 
f 755//755 494//494 985//764 
f 494//494 497//497 985//764 
f 497//497 752//752 985//764 
f 755//755 758//758 986//764 
f 758//758 491//491 986//764 
f 491//491 494//494 986//764 
f 494//494 755//755 986//764 
f 758//758 761//761 987//764 
f 761//761 488//488 987//764 
f 488//488 491//491 987//764 
f 491//491 758//758 987//764 
f 761//761 659//659 988//764 
f 659//659 488//488 988//764 
f 488//488 761//761 988//764 
f 659//659 658//658 989//764 
f 658//658 485//485 989//764 
f 485//485 488//488 989//764 
f 488//488 659//659 989//764 
f 658//658 662//662 990//764 
f 662//662 482//482 990//764 
f 482//482 485//485 990//764 
f 485//485 658//658 990//764 
f 662//662 665//665 991//764 
f 665//665 479//479 991//764 
f 479//479 482//482 991//764 
f 482//482 662//662 991//764 
f 665//665 668//668 992//764 
f 668//668 476//476 992//764 
f 476//476 479//479 992//764 
f 479//479 665//665 992//764 
f 668//668 671//671 993//764 
f 671//671 473//473 993//764 
f 473//473 476//476 993//764 
f 476//476 668//668 993//764 
f 671//671 674//674 994//764 
f 674//674 470//470 994//764 
f 470//470 473//473 994//764 
f 473//473 671//671 994//764 
f 674//674 677//677 995//764 
f 677//677 467//467 995//764 
f 467//467 470//470 995//764 
f 470//470 674//674 995//764 
f 677//677 680//680 996//764 
f 680//680 428//428 996//764 
f 428//428 431//431 996//764 
f 431//431 434//434 996//764 
f 434//434 437//437 996//764 
f 437//437 440//440 996//764 
f 440//440 443//443 996//764 
f 443//443 446//446 996//764 
f 446//446 449//449 996//764 
f 449//449 452//452 996//764 
f 452//452 455//455 996//764 
f 455//455 458//458 996//764 
f 458//458 461//461 996//764 
f 461//461 464//464 996//764 
f 464//464 467//467 996//764 
f 467//467 677//677 996//764 
f 545//545 5//5 949//764 
f 695//695 545//545 949//764 
# 4 polygons - 1988 triangles

