# 3ds Max Wavefront OBJ Exporter v0.97b - (c)2007 guruware
# File Created: 07.12.2021 20:32:50

#
# object Tone_Marks
#

v  370.8730 0.0000 171.6512
v  365.5962 0.0000 171.6512
v  365.5962 10.0000 171.6512
v  370.8730 10.0000 171.6512
v  365.5962 0.0000 194.6183
v  365.5962 10.0000 194.6183
v  370.8730 0.0000 194.6183
v  370.8730 10.0000 194.6183
v  384.6838 0.0000 177.5036
v  384.5551 0.0000 177.9719
v  384.6194 5.0000 177.7377
v  384.5551 10.0000 177.9719
v  384.6838 10.0000 177.5036
v  384.3501 0.0000 178.4031
v  384.4526 5.0000 178.1875
v  384.3501 10.0000 178.4031
v  384.0768 0.0000 178.7896
v  384.2135 5.0000 178.5964
v  384.0768 10.0000 178.7896
v  383.7430 0.0000 179.1234
v  383.9099 5.0000 178.9565
v  383.7430 10.0000 179.1234
v  383.3565 0.0000 179.3968
v  383.5497 5.0000 179.2601
v  383.3565 10.0000 179.3968
v  382.9252 0.0000 179.6017
v  383.1409 5.0000 179.4992
v  382.9252 10.0000 179.6017
v  382.4570 0.0000 179.7304
v  382.6911 5.0000 179.6661
v  382.4570 10.0000 179.7304
v  381.9597 0.0000 179.7751
v  382.2083 5.0000 179.7528
v  381.9597 10.0000 179.7751
v  381.4623 0.0000 179.7304
v  381.7110 5.0000 179.7528
v  381.4623 10.0000 179.7304
v  380.9941 0.0000 179.6017
v  381.2282 5.0000 179.6661
v  380.9941 10.0000 179.6017
v  380.5628 0.0000 179.3968
v  380.7785 5.0000 179.4992
v  380.5628 10.0000 179.3968
v  380.1763 0.0000 179.1234
v  380.3696 5.0000 179.2601
v  380.1763 10.0000 179.1234
v  379.8425 0.0000 178.7896
v  380.0094 5.0000 178.9565
v  379.8425 10.0000 178.7896
v  379.5692 0.0000 178.4031
v  379.7059 5.0000 178.5964
v  379.5692 10.0000 178.4031
v  379.3643 0.0000 177.9719
v  379.4667 5.0000 178.1875
v  379.3643 10.0000 177.9719
v  379.2355 0.0000 177.5036
v  379.2999 5.0000 177.7377
v  379.2355 10.0000 177.5036
v  379.1909 0.0000 177.0063
v  379.2132 5.0000 177.2550
v  379.1909 10.0000 177.0063
v  379.2355 0.0000 176.5090
v  379.2132 5.0000 176.7576
v  379.2355 10.0000 176.5090
v  379.3643 0.0000 176.0407
v  379.2999 5.0000 176.2748
v  379.3643 10.0000 176.0407
v  379.5692 0.0000 175.6094
v  379.4667 5.0000 175.8251
v  379.5692 10.0000 175.6094
v  379.8425 0.0000 175.2230
v  379.7059 5.0000 175.4162
v  379.8425 10.0000 175.2230
v  380.1763 0.0000 174.8891
v  380.0094 5.0000 175.0561
v  380.1763 10.0000 174.8891
v  380.5628 0.0000 174.6158
v  380.3696 5.0000 174.7525
v  380.5628 10.0000 174.6158
v  380.9941 0.0000 174.4109
v  380.7785 5.0000 174.5134
v  380.9941 10.0000 174.4109
v  381.4623 0.0000 174.2822
v  381.2282 5.0000 174.3465
v  381.4623 10.0000 174.2822
v  381.9597 0.0000 174.2375
v  381.7110 5.0000 174.2598
v  381.9597 10.0000 174.2375
v  382.4570 0.0000 174.2822
v  382.2083 5.0000 174.2598
v  382.4570 10.0000 174.2822
v  382.9252 0.0000 174.4109
v  382.6911 5.0000 174.3465
v  382.9252 10.0000 174.4109
v  383.3565 0.0000 174.6158
v  383.1409 5.0000 174.5134
v  383.3565 10.0000 174.6158
v  383.7430 0.0000 174.8891
v  383.5497 5.0000 174.7525
v  383.7430 10.0000 174.8891
v  384.0768 0.0000 175.2230
v  383.9099 5.0000 175.0561
v  384.0768 10.0000 175.2230
v  384.3501 0.0000 175.6094
v  384.2135 5.0000 175.4162
v  384.3501 10.0000 175.6094
v  384.5551 0.0000 176.0407
v  384.4526 5.0000 175.8251
v  384.5551 10.0000 176.0407
v  384.6838 0.0000 176.5090
v  384.6194 5.0000 176.2748
v  384.6838 10.0000 176.5090
v  384.7285 0.0000 177.0063
v  384.7061 5.0000 176.7576
v  384.7285 10.0000 177.0063
v  384.7061 5.0000 177.2550
v  383.1080 0.0000 182.5956
v  382.9133 0.0000 183.4034
v  383.0106 5.0000 182.9995
v  382.9133 10.0000 183.4034
v  383.1080 10.0000 182.5956
v  382.6913 0.0000 184.2424
v  382.8023 5.0000 183.8229
v  382.6913 10.0000 184.2424
v  382.4149 0.0000 185.1440
v  382.5531 5.0000 184.6932
v  382.4149 10.0000 185.1440
v  382.0568 0.0000 186.1392
v  382.2359 5.0000 185.6416
v  382.0568 10.0000 186.1392
v  381.5899 0.0000 187.2595
v  381.8234 5.0000 186.6993
v  381.5899 10.0000 187.2595
v  380.9869 0.0000 188.5359
v  381.2884 5.0000 187.8977
v  380.9869 10.0000 188.5359
v  380.2206 0.0000 189.9999
v  380.6038 5.0000 189.2679
v  380.2206 10.0000 189.9999
v  379.2639 0.0000 191.6825
v  379.7422 5.0000 190.8412
v  379.2639 10.0000 191.6825
v  378.0893 0.0000 193.6151
v  378.6766 5.0000 192.6488
v  378.0893 10.0000 193.6151
v  380.4745 0.0000 194.1548
v  379.2820 5.0000 193.8850
v  380.4745 10.0000 194.1548
v  382.8473 0.0000 194.4503
v  381.6609 5.0000 194.3026
v  382.8473 10.0000 194.4503
v  385.1729 0.0000 194.5250
v  384.0101 5.0000 194.4877
v  385.1729 10.0000 194.5250
v  387.4170 0.0000 194.4023
v  386.2950 5.0000 194.4637
v  387.4170 10.0000 194.4023
v  389.5452 0.0000 194.1056
v  388.4811 5.0000 194.2540
v  389.5452 10.0000 194.1056
v  391.5228 0.0000 193.6584
v  390.5340 5.0000 193.8820
v  391.5228 10.0000 193.6584
v  393.3155 0.0000 193.0840
v  392.4192 5.0000 193.3712
v  393.3155 10.0000 193.0840
v  394.8888 0.0000 192.4060
v  394.1021 5.0000 192.7450
v  394.8888 10.0000 192.4060
v  396.2081 0.0000 191.6476
v  395.5484 5.0000 192.0268
v  396.2081 10.0000 191.6476
v  397.4202 0.0000 190.7803
v  396.8141 5.0000 191.2140
v  397.4202 10.0000 190.7803
v  398.6709 0.0000 189.7654
v  398.0455 5.0000 190.2729
v  398.6709 10.0000 189.7654
v  399.9240 0.0000 188.6108
v  399.2974 5.0000 189.1881
v  399.9240 10.0000 188.6108
v  401.1434 0.0000 187.3247
v  400.5337 5.0000 187.9677
v  401.1434 10.0000 187.3247
v  402.2931 0.0000 185.9151
v  401.7182 5.0000 186.6199
v  402.2931 10.0000 185.9151
v  403.3369 0.0000 184.3902
v  402.8150 5.0000 185.1527
v  403.3369 10.0000 184.3902
v  404.2388 0.0000 182.7581
v  403.7878 5.0000 183.5742
v  404.2388 10.0000 182.7581
v  404.9626 0.0000 181.0268
v  404.6007 5.0000 181.8925
v  404.9626 10.0000 181.0268
v  405.4723 0.0000 179.2045
v  405.2174 5.0000 180.1157
v  405.4723 10.0000 179.2045
v  401.7717 0.0000 178.0223
v  403.6220 5.0000 178.6134
v  401.7717 10.0000 178.0223
v  401.1223 0.0000 179.4915
v  401.4470 5.0000 178.7569
v  401.1223 10.0000 179.4915
v  400.4097 0.0000 180.8708
v  400.7660 5.0000 180.1812
v  400.4097 10.0000 180.8708
v  399.6376 0.0000 182.1596
v  400.0237 5.0000 181.5152
v  399.6376 10.0000 182.1596
v  398.8094 0.0000 183.3570
v  399.2235 5.0000 182.7583
v  398.8094 10.0000 183.3570
v  397.9286 0.0000 184.4626
v  398.3690 5.0000 183.9098
v  397.9286 10.0000 184.4626
v  396.9987 0.0000 185.4754
v  397.4637 5.0000 184.9690
v  396.9987 10.0000 185.4754
v  396.0230 0.0000 186.3949
v  396.5108 5.0000 185.9352
v  396.0230 10.0000 186.3949
v  395.0051 0.0000 187.2204
v  395.5141 5.0000 186.8076
v  395.0051 10.0000 187.2204
v  393.9485 0.0000 187.9511
v  394.4768 5.0000 187.5858
v  393.9485 10.0000 187.9511
v  392.8781 0.0000 188.5735
v  393.4133 5.0000 188.2623
v  392.8781 10.0000 188.5735
v  391.8156 0.0000 189.0838
v  392.3469 5.0000 188.8287
v  391.8156 10.0000 189.0838
v  390.7602 0.0000 189.4960
v  391.2879 5.0000 189.2899
v  390.7602 10.0000 189.4960
v  389.7108 0.0000 189.8241
v  390.2355 5.0000 189.6601
v  389.7108 10.0000 189.8241
v  388.6664 0.0000 190.0821
v  389.1886 5.0000 189.9531
v  388.6664 10.0000 190.0821
v  387.6260 0.0000 190.2841
v  388.1462 5.0000 190.1831
v  387.6260 10.0000 190.2841
v  386.5886 0.0000 190.4440
v  387.1073 5.0000 190.3640
v  386.5886 10.0000 190.4440
v  385.5532 0.0000 190.5759
v  386.0709 5.0000 190.5099
v  385.5532 10.0000 190.5759
v  384.5188 0.0000 190.6938
v  385.0360 5.0000 190.6348
v  384.5188 10.0000 190.6938
v  385.1319 0.0000 189.5963
v  384.8254 5.0000 190.1450
v  385.1319 10.0000 189.5963
v  385.7268 0.0000 188.4671
v  385.4294 5.0000 189.0317
v  385.7268 10.0000 188.4671
v  386.2852 0.0000 187.2744
v  386.0060 5.0000 187.8707
v  386.2852 10.0000 187.2744
v  386.7890 0.0000 185.9864
v  386.5371 5.0000 186.6304
v  386.7890 10.0000 185.9864
v  387.2200 0.0000 184.5714
v  387.0045 5.0000 185.2789
v  387.2200 10.0000 184.5714
v  387.5598 0.0000 182.9977
v  387.3899 5.0000 183.7846
v  387.5598 10.0000 182.9977
v  387.7904 0.0000 181.2334
v  387.6751 5.0000 182.1155
v  387.7904 10.0000 181.2334
v  387.8934 0.0000 179.2469
v  387.8419 5.0000 180.2401
v  387.8934 10.0000 179.2469
v  387.8507 0.0000 177.0063
v  387.8721 5.0000 178.1266
v  387.8507 10.0000 177.0063
v  387.6981 0.0000 175.9980
v  387.7744 5.0000 176.5021
v  387.6981 10.0000 175.9980
v  387.3936 0.0000 175.0282
v  387.5458 5.0000 175.5131
v  387.3936 10.0000 175.0282
v  386.9485 0.0000 174.1183
v  387.1711 5.0000 174.5732
v  386.9485 10.0000 174.1183
v  386.3742 0.0000 173.2898
v  386.6613 5.0000 173.7041
v  386.3742 10.0000 173.2898
v  385.6819 0.0000 172.5640
v  386.0281 5.0000 172.9269
v  385.6819 10.0000 172.5640
v  384.8831 0.0000 171.9622
v  385.2825 5.0000 172.2631
v  384.8831 10.0000 171.9622
v  383.9889 0.0000 171.5059
v  384.4359 5.0000 171.7341
v  383.9889 10.0000 171.5059
v  383.0106 0.0000 171.2165
v  383.4997 5.0000 171.3612
v  383.0106 10.0000 171.2165
v  381.9597 0.0000 171.1152
v  382.4851 5.0000 171.1659
v  381.9597 10.0000 171.1152
v  380.9015 0.0000 171.2103
v  381.4306 5.0000 171.1628
v  380.9015 10.0000 171.2103
v  379.9053 0.0000 171.4841
v  380.4034 5.0000 171.3472
v  379.9053 10.0000 171.4841
v  378.9876 0.0000 171.9202
v  379.4465 5.0000 171.7022
v  378.9876 10.0000 171.9202
v  378.1653 0.0000 172.5017
v  378.5765 5.0000 172.2110
v  378.1653 10.0000 172.5017
v  377.4551 0.0000 173.2120
v  377.8102 5.0000 172.8568
v  377.4551 10.0000 173.2120
v  376.8736 0.0000 174.0343
v  377.1643 5.0000 173.6231
v  376.8736 10.0000 174.0343
v  376.4375 0.0000 174.9519
v  376.6555 5.0000 174.4931
v  376.4375 10.0000 174.9519
v  376.1636 0.0000 175.9482
v  376.3006 5.0000 175.4500
v  376.1636 10.0000 175.9482
v  376.0686 0.0000 177.0063
v  376.1161 5.0000 176.4772
v  376.0686 10.0000 177.0063
v  376.1536 0.0000 178.0800
v  376.1111 5.0000 177.5432
v  376.1536 10.0000 178.0800
v  376.4096 0.0000 179.1133
v  376.2816 5.0000 178.5966
v  376.4096 10.0000 179.1133
v  376.8380 0.0000 180.0750
v  376.6238 5.0000 179.5941
v  376.8380 10.0000 180.0750
v  377.4402 0.0000 180.9339
v  377.1391 5.0000 180.5044
v  377.4402 10.0000 180.9339
v  378.2176 0.0000 181.6588
v  377.8289 5.0000 181.2963
v  378.2176 10.0000 181.6588
v  379.1717 0.0000 182.2186
v  378.6946 5.0000 181.9387
v  379.1717 10.0000 182.2186
v  380.3038 0.0000 182.5821
v  379.7378 5.0000 182.4004
v  380.3038 10.0000 182.5821
v  381.6155 0.0000 182.7182
v  380.9597 5.0000 182.6501
v  381.6155 10.0000 182.7182
v  382.3618 5.0000 182.6569
v  379.2759 0.0000 193.1508
v  403.3322 10.0000 179.4363
v  382.0830 0.0000 192.5844
v  381.9088 0.0000 189.7432
v  385.0817 0.0000 191.9315
v  386.1829 0.0000 192.4868
v  387.2105 0.0000 191.7101
v  388.3137 0.0000 192.2185
v  389.8613 0.0000 191.9176
v  390.6646 0.0000 190.9928
v  391.8535 0.0000 191.3306
v  393.2245 0.0000 190.7868
v  394.4809 0.0000 190.1446
v  395.6455 0.0000 189.3999
v  396.7798 0.0000 188.5403
v  397.9041 0.0000 187.5616
v  398.9987 0.0000 186.4684
v  400.0436 0.0000 185.2648
v  401.0193 0.0000 183.9555
v  401.9058 0.0000 182.5447
v  402.6833 0.0000 181.0368
v  403.3322 0.0000 179.4363
v  383.5909 0.0000 188.9105
v  383.9147 0.0000 187.2850
v  384.3865 0.0000 186.1360
v  383.9651 0.0000 185.1243
v  384.9034 0.0000 184.5509
v  385.2003 0.0000 183.3920
v  383.1299 0.0000 180.5313
v  385.1115 0.0000 181.0694
v  385.2034 0.0000 179.7155
v  385.4058 0.0000 179.4754
v  386.1472 0.0000 179.2138
v  385.7108 0.0000 178.2408
v  386.2891 0.0000 177.6908
v  386.2403 0.0000 176.6299
v  386.0826 0.0000 175.8940
v  385.8118 0.0000 175.1992
v  385.4374 0.0000 174.5601
v  384.9690 0.0000 173.9915
v  384.4161 0.0000 173.5078
v  383.7884 0.0000 173.1237
v  383.0954 0.0000 172.8539
v  382.3467 0.0000 172.7128
v  381.5708 0.0000 172.7113
v  380.8158 0.0000 172.8469
v  380.1125 0.0000 173.1078
v  379.4731 0.0000 173.4817
v  378.9098 0.0000 173.9565
v  378.4351 0.0000 174.5197
v  378.0611 0.0000 175.1591
v  377.8002 0.0000 175.8624
v  377.6647 0.0000 176.6174
v  377.6622 0.0000 177.3990
v  377.7908 0.0000 178.1672
v  378.0453 0.0000 178.8908
v  378.4225 0.0000 179.5504
v  378.9192 0.0000 180.1264
v  379.5321 0.0000 180.5994
v  380.2581 0.0000 180.9498
v  380.9201 0.0000 180.6381
v  381.3353 0.0000 181.2015
v  382.2850 0.0000 181.2048
v  382.8301 0.0000 180.6426
v  402.6833 10.0000 181.0368
v  401.9058 10.0000 182.5447
v  401.0193 10.0000 183.9555
v  400.0436 10.0000 185.2648
v  398.9987 10.0000 186.4684
v  397.9041 10.0000 187.5616
v  396.7798 10.0000 188.5403
v  395.6455 10.0000 189.3999
v  394.4809 10.0000 190.1446
v  393.2245 10.0000 190.7868
v  391.8535 10.0000 191.3306
v  390.6646 10.0000 190.9928
v  389.8613 10.0000 191.9176
v  388.3137 10.0000 192.2185
v  387.2105 10.0000 191.7101
v  386.1829 10.0000 192.4868
v  383.7133 10.0000 192.8800
v  383.1299 10.0000 180.5313
v  382.8301 10.0000 180.6426
v  382.2850 10.0000 181.2048
v  381.3353 10.0000 181.2015
v  380.9201 10.0000 180.6381
v  380.2581 10.0000 180.9498
v  379.5321 10.0000 180.5994
v  378.9192 10.0000 180.1264
v  378.4225 10.0000 179.5504
v  378.0453 10.0000 178.8908
v  377.7908 10.0000 178.1672
v  377.6622 10.0000 177.3990
v  377.6647 10.0000 176.6174
v  377.8002 10.0000 175.8624
v  378.0611 10.0000 175.1591
v  378.4351 10.0000 174.5197
v  378.9098 10.0000 173.9565
v  379.4731 10.0000 173.4817
v  380.1125 10.0000 173.1078
v  380.8158 10.0000 172.8469
v  381.5708 10.0000 172.7113
v  382.3467 10.0000 172.7128
v  383.0954 10.0000 172.8539
v  383.7884 10.0000 173.1237
v  384.4161 10.0000 173.5078
v  384.9690 10.0000 173.9915
v  385.4374 10.0000 174.5601
v  385.8118 10.0000 175.1992
v  386.0826 10.0000 175.8940
v  386.2403 10.0000 176.6299
v  386.2891 10.0000 177.6908
v  385.7108 10.0000 178.2408
v  386.1472 10.0000 179.2138
v  385.4058 10.0000 179.4754
v  385.2034 10.0000 179.7155
v  385.1115 10.0000 181.0694
v  385.2003 10.0000 183.3920
v  384.9034 10.0000 184.5509
v  383.9651 10.0000 185.1243
v  384.3865 10.0000 186.1360
v  383.9147 10.0000 187.2850
v  383.5909 10.0000 188.9105
v  381.9088 10.0000 189.7432
v  381.1195 10.0000 191.6327
v  379.2759 10.0000 193.1508
v  413.0204 0.0000 189.0133
v  413.0438 0.0000 188.5282
v  413.0321 5.0000 188.7708
v  413.0438 10.0000 188.5282
v  413.0204 10.0000 189.0133
v  413.1495 0.0000 188.0626
v  413.0966 5.0000 188.2954
v  413.1495 10.0000 188.0626
v  413.3318 0.0000 187.6257
v  413.2407 5.0000 187.8442
v  413.3318 10.0000 187.6257
v  413.5846 0.0000 187.2271
v  413.4582 5.0000 187.4264
v  413.5846 10.0000 187.2271
v  413.9020 0.0000 186.8759
v  413.7433 5.0000 187.0515
v  413.9020 10.0000 186.8759
v  414.2781 0.0000 186.5817
v  414.0901 5.0000 186.7288
v  414.2781 10.0000 186.5817
v  414.7069 0.0000 186.3538
v  414.4925 5.0000 186.4677
v  414.7069 10.0000 186.3538
v  415.1825 0.0000 186.2015
v  414.9447 5.0000 186.2776
v  415.1825 10.0000 186.2015
v  415.6776 0.0000 186.1364
v  415.4300 5.0000 186.1690
v  415.6776 10.0000 186.1364
v  416.1626 0.0000 186.1598
v  415.9201 5.0000 186.1481
v  416.1626 10.0000 186.1598
v  416.6282 0.0000 186.2655
v  416.3954 5.0000 186.2126
v  416.6282 10.0000 186.2655
v  417.0651 0.0000 186.4478
v  416.8467 5.0000 186.3566
v  417.0651 10.0000 186.4478
v  417.4638 0.0000 186.7006
v  417.2645 5.0000 186.5742
v  417.4638 10.0000 186.7006
v  417.8149 0.0000 187.0180
v  417.6394 5.0000 186.8593
v  417.8149 10.0000 187.0180
v  418.1092 0.0000 187.3941
v  417.9621 5.0000 187.2061
v  418.1092 10.0000 187.3941
v  418.3371 0.0000 187.8229
v  418.2231 5.0000 187.6085
v  418.3371 10.0000 187.8229
v  418.4893 0.0000 188.2985
v  418.4132 5.0000 188.0607
v  418.4893 10.0000 188.2985
v  418.5544 0.0000 188.7935
v  418.5219 5.0000 188.5460
v  418.5544 10.0000 188.7935
v  418.5311 0.0000 189.2786
v  418.5428 5.0000 189.0361
v  418.5311 10.0000 189.2786
v  418.4253 0.0000 189.7442
v  418.4782 5.0000 189.5114
v  418.4253 10.0000 189.7442
v  418.2431 0.0000 190.1811
v  418.3342 5.0000 189.9627
v  418.2431 10.0000 190.1811
v  417.9902 0.0000 190.5798
v  418.1167 5.0000 190.3804
v  417.9902 10.0000 190.5798
v  417.6728 0.0000 190.9309
v  417.8315 5.0000 190.7554
v  417.6728 10.0000 190.9309
v  417.2967 0.0000 191.2252
v  417.4848 5.0000 191.0780
v  417.2967 10.0000 191.2252
v  416.8679 0.0000 191.4531
v  417.0823 5.0000 191.3391
v  416.8679 10.0000 191.4531
v  416.3924 0.0000 191.6053
v  416.6302 5.0000 191.5292
v  416.3924 10.0000 191.6053
v  415.8973 0.0000 191.6704
v  416.1448 5.0000 191.6379
v  415.8973 10.0000 191.6704
v  415.4123 0.0000 191.6471
v  415.6548 5.0000 191.6588
v  415.4123 10.0000 191.6471
v  414.9466 0.0000 191.5413
v  415.1794 5.0000 191.5942
v  414.9466 10.0000 191.5413
v  414.5098 0.0000 191.3591
v  414.7282 5.0000 191.4502
v  414.5098 10.0000 191.3591
v  414.1111 0.0000 191.1062
v  414.3104 5.0000 191.2326
v  414.1111 10.0000 191.1062
v  413.7599 0.0000 190.7888
v  413.9355 5.0000 190.9475
v  413.7599 10.0000 190.7888
v  413.4657 0.0000 190.4127
v  413.6128 5.0000 190.6008
v  413.4657 10.0000 190.4127
v  413.2378 0.0000 189.9839
v  413.3517 5.0000 190.1983
v  413.2378 10.0000 189.9839
v  413.0855 0.0000 189.5084
v  413.1617 5.0000 189.7461
v  413.0855 10.0000 189.5084
v  413.0530 5.0000 189.2608
v  415.7641 0.0000 176.0297
v  416.2556 0.0000 176.1650
v  416.0099 5.0000 176.0974
v  416.2556 10.0000 176.1650
v  415.7641 10.0000 176.0297
v  416.8057 0.0000 176.5150
v  416.5307 5.0000 176.3400
v  416.8057 10.0000 176.5150
v  417.3991 0.0000 177.0564
v  417.1024 5.0000 176.7857
v  417.3991 10.0000 177.0564
v  418.0208 0.0000 177.7659
v  417.7100 5.0000 177.4111
v  418.0208 10.0000 177.7659
v  418.6559 0.0000 178.6204
v  418.3384 5.0000 178.1932
v  418.6559 10.0000 178.6204
v  419.2892 0.0000 179.5967
v  418.9726 5.0000 179.1086
v  419.2892 10.0000 179.5967
v  419.9057 0.0000 180.6715
v  419.5975 5.0000 180.1341
v  419.9057 10.0000 180.6715
v  420.4904 0.0000 181.8217
v  420.1981 5.0000 181.2466
v  420.4904 10.0000 181.8217
v  421.0282 0.0000 183.0239
v  420.7593 5.0000 182.4228
v  421.0282 10.0000 183.0239
v  421.5727 0.0000 181.9234
v  421.3005 5.0000 182.4737
v  421.5727 10.0000 181.9234
v  422.1149 0.0000 180.8704
v  421.8438 5.0000 181.3969
v  422.1149 10.0000 180.8704
v  422.6573 0.0000 179.8866
v  422.3860 5.0000 180.3785
v  422.6573 10.0000 179.8866
v  423.2025 0.0000 178.9938
v  422.9299 5.0000 179.4402
v  423.2025 10.0000 178.9938
v  423.7533 0.0000 178.2139
v  423.4779 5.0000 178.6038
v  423.7533 10.0000 178.2139
v  424.3123 0.0000 177.5687
v  424.0328 5.0000 177.8913
v  424.3123 10.0000 177.5687
v  424.8820 0.0000 177.0800
v  424.5971 5.0000 177.3243
v  424.8820 10.0000 177.0800
v  425.4651 0.0000 176.7696
v  425.1735 5.0000 176.9248
v  425.4651 10.0000 176.7696
v  426.0642 0.0000 176.6594
v  425.7647 5.0000 176.7145
v  426.0642 10.0000 176.6594
v  427.1600 0.0000 177.0181
v  426.6121 5.0000 176.8387
v  427.1600 10.0000 177.0181
v  428.0488 0.0000 177.9337
v  427.6044 5.0000 177.4759
v  428.0488 10.0000 177.9337
v  428.7421 0.0000 179.3447
v  428.3954 5.0000 178.6392
v  428.7421 10.0000 179.3447
v  429.2513 0.0000 181.1896
v  428.9967 5.0000 180.2671
v  429.2513 10.0000 181.1896
v  429.5877 0.0000 183.4070
v  429.4195 5.0000 182.2983
v  429.5877 10.0000 183.4070
v  429.7627 0.0000 185.9353
v  429.6752 5.0000 184.6711
v  429.7627 10.0000 185.9353
v  429.7877 0.0000 188.7131
v  429.7752 5.0000 187.3242
v  429.7877 10.0000 188.7131
v  429.6741 0.0000 191.6789
v  429.7309 5.0000 190.1960
v  429.6741 10.0000 191.6789
v  429.4332 0.0000 194.7713
v  429.5536 5.0000 193.2251
v  429.4332 10.0000 194.7713
v  430.5500 0.0000 194.5503
v  429.9916 5.0000 194.6608
v  430.5500 10.0000 194.5503
v  431.7149 0.0000 194.1501
v  431.1324 5.0000 194.3502
v  431.7149 10.0000 194.1501
v  432.8986 0.0000 193.5799
v  432.3068 5.0000 193.8650
v  432.8986 10.0000 193.5799
v  434.0718 0.0000 192.8485
v  433.4852 5.0000 193.2142
v  434.0718 10.0000 192.8485
v  435.2051 0.0000 191.9649
v  434.6384 5.0000 192.4067
v  435.2051 10.0000 191.9649
v  436.2693 0.0000 190.9382
v  435.7372 5.0000 191.4516
v  436.2693 10.0000 190.9382
v  437.2350 0.0000 189.7774
v  436.7521 5.0000 190.3578
v  437.2350 10.0000 189.7774
v  438.0729 0.0000 188.4914
v  437.6539 5.0000 189.1344
v  438.0729 10.0000 188.4914
v  438.7537 0.0000 187.0892
v  438.4133 5.0000 187.7903
v  438.7537 10.0000 187.0892
v  439.2909 0.0000 185.6425
v  439.0223 5.0000 186.3658
v  439.2909 10.0000 185.6425
v  439.7261 0.0000 184.2266
v  439.5085 5.0000 184.9345
v  439.7261 10.0000 184.2266
v  440.0721 0.0000 182.8561
v  439.8991 5.0000 183.5414
v  440.0721 10.0000 182.8561
v  440.3419 0.0000 181.5456
v  440.2071 5.0000 182.2009
v  440.3419 10.0000 181.5456
v  440.5484 0.0000 180.3097
v  440.4452 5.0000 180.9277
v  440.5484 10.0000 180.3097
v  440.7043 0.0000 179.1629
v  440.6263 5.0000 179.7363
v  440.7043 10.0000 179.1629
v  440.8226 0.0000 178.1198
v  440.7634 5.0000 178.6414
v  440.8226 10.0000 178.1198
v  440.9162 0.0000 177.1950
v  440.8694 5.0000 177.6574
v  440.9162 10.0000 177.1950
v  440.9979 0.0000 176.4031
v  440.9570 5.0000 176.7991
v  440.9979 10.0000 176.4031
v  437.7461 0.0000 176.0153
v  439.3720 5.0000 176.2092
v  437.7461 10.0000 176.0153
v  437.5726 0.0000 177.2601
v  437.6594 5.0000 176.6377
v  437.5726 10.0000 177.2601
v  437.3958 0.0000 178.4886
v  437.4842 5.0000 177.8744
v  437.3958 10.0000 178.4886
v  437.2126 0.0000 179.6844
v  437.3042 5.0000 179.0865
v  437.2126 10.0000 179.6844
v  437.0196 0.0000 180.8313
v  437.1161 5.0000 180.2579
v  437.0196 10.0000 180.8313
v  436.8136 0.0000 181.9128
v  436.9166 5.0000 181.3721
v  436.8136 10.0000 181.9128
v  436.5913 0.0000 182.9128
v  436.7025 5.0000 182.4128
v  436.5913 10.0000 182.9128
v  436.3496 0.0000 183.8147
v  436.4705 5.0000 183.3637
v  436.3496 10.0000 183.8147
v  436.0851 0.0000 184.6024
v  436.2173 5.0000 184.2085
v  436.0851 10.0000 184.6024
v  435.7946 0.0000 185.2594
v  435.9399 5.0000 184.9309
v  435.7946 10.0000 185.2594
v  435.5013 0.0000 185.8105
v  435.6480 5.0000 185.5349
v  435.5013 10.0000 185.8105
v  435.2260 0.0000 186.2953
v  435.3636 5.0000 186.0529
v  435.2260 10.0000 186.2953
v  434.9619 0.0000 186.7197
v  435.0939 5.0000 186.5075
v  434.9619 10.0000 186.7197
v  434.7023 0.0000 187.0898
v  434.8321 5.0000 186.9048
v  434.7023 10.0000 187.0898
v  434.4406 0.0000 187.4115
v  434.5714 5.0000 187.2506
v  434.4406 10.0000 187.4115
v  434.1700 0.0000 187.6908
v  434.3053 5.0000 187.5511
v  434.1700 10.0000 187.6908
v  433.8837 0.0000 187.9337
v  434.0269 5.0000 187.8122
v  433.8837 10.0000 187.9337
v  433.5752 0.0000 188.1462
v  433.7295 5.0000 188.0399
v  433.5752 10.0000 188.1462
v  433.2376 0.0000 188.3342
v  433.4064 5.0000 188.2402
v  433.2376 10.0000 188.3342
v  433.1122 0.0000 185.7550
v  433.1749 5.0000 187.0446
v  433.1122 10.0000 185.7550
v  432.9368 0.0000 183.2336
v  433.0245 5.0000 184.4943
v  432.9368 10.0000 183.2336
v  432.6612 0.0000 180.8279
v  432.7990 5.0000 182.0307
v  432.6612 10.0000 180.8279
v  432.2356 0.0000 178.5956
v  432.4484 5.0000 179.7117
v  432.2356 10.0000 178.5956
v  431.6098 0.0000 176.5947
v  431.9227 5.0000 177.5952
v  431.6098 10.0000 176.5947
v  430.7339 0.0000 174.8830
v  431.1718 5.0000 175.7389
v  430.7339 10.0000 174.8830
v  429.5577 0.0000 173.5183
v  430.1458 5.0000 174.2007
v  429.5577 10.0000 173.5183
v  428.0313 0.0000 172.5584
v  428.7945 5.0000 173.0384
v  428.0313 10.0000 172.5584
v  426.1046 0.0000 172.0612
v  427.0680 5.0000 172.3098
v  426.1046 10.0000 172.0612
v  425.4550 0.0000 172.0529
v  425.7798 5.0000 172.0570
v  425.4550 10.0000 172.0529
v  424.8306 0.0000 172.2352
v  425.1428 5.0000 172.1440
v  424.8306 10.0000 172.2352
v  424.2283 0.0000 172.5844
v  424.5294 5.0000 172.4098
v  424.2283 10.0000 172.5844
v  423.6449 0.0000 173.0765
v  423.9366 5.0000 172.8304
v  423.6449 10.0000 173.0765
v  423.0773 0.0000 173.6878
v  423.3611 5.0000 173.3821
v  423.0773 10.0000 173.6878
v  422.5223 0.0000 174.3944
v  422.7998 5.0000 174.0411
v  422.5223 10.0000 174.3944
v  421.9768 0.0000 175.1726
v  422.2495 5.0000 174.7835
v  421.9768 10.0000 175.1726
v  421.4376 0.0000 175.9984
v  421.7072 5.0000 175.5855
v  421.4376 10.0000 175.9984
v  420.9016 0.0000 176.8480
v  421.1696 5.0000 176.4232
v  420.9016 10.0000 176.8480
v  420.5547 0.0000 176.0528
v  420.7281 5.0000 176.4504
v  420.5547 10.0000 176.0528
v  420.1852 0.0000 175.2776
v  420.3699 5.0000 175.6652
v  420.1852 10.0000 175.2776
v  419.7700 0.0000 174.5426
v  419.9775 5.0000 174.9101
v  419.7700 10.0000 174.5426
v  419.2864 0.0000 173.8678
v  419.5282 5.0000 174.2052
v  419.2864 10.0000 173.8678
v  418.7117 0.0000 173.2734
v  418.9991 5.0000 173.5706
v  418.7117 10.0000 173.2734
v  418.0231 0.0000 172.7795
v  418.3674 5.0000 173.0265
v  418.0231 10.0000 172.7795
v  417.1977 0.0000 172.4061
v  417.6104 5.0000 172.5928
v  417.1977 10.0000 172.4061
v  416.2128 0.0000 172.1733
v  416.7052 5.0000 172.2897
v  416.2128 10.0000 172.1733
v  415.0455 0.0000 172.1013
v  415.6292 5.0000 172.1373
v  415.0455 10.0000 172.1013
v  413.9564 0.0000 172.4958
v  414.5010 5.0000 172.2985
v  413.9564 10.0000 172.4958
v  412.8873 0.0000 173.3996
v  413.4218 5.0000 172.9477
v  412.8873 10.0000 173.3996
v  411.8867 0.0000 174.7676
v  412.3870 5.0000 174.0836
v  411.8867 10.0000 174.7676
v  411.0031 0.0000 176.5544
v  411.4449 5.0000 175.6610
v  411.0031 10.0000 176.5544
v  410.2851 0.0000 178.7150
v  410.6441 5.0000 177.6347
v  410.2851 10.0000 178.7150
v  409.7812 0.0000 181.2041
v  410.0331 5.0000 179.9596
v  409.7812 10.0000 181.2041
v  409.5398 0.0000 183.9765
v  409.6605 5.0000 182.5903
v  409.5398 10.0000 183.9765
v  409.6095 0.0000 186.9871
v  409.5746 5.0000 185.4818
v  409.6095 10.0000 186.9871
v  410.0387 0.0000 190.1905
v  409.8241 5.0000 188.5888
v  410.0387 10.0000 190.1905
v  410.3539 0.0000 191.1689
v  410.1963 5.0000 190.6797
v  410.3539 10.0000 191.1689
v  410.8342 0.0000 192.0635
v  410.5940 5.0000 191.6162
v  410.8342 10.0000 192.0635
v  411.4588 0.0000 192.8585
v  411.1465 5.0000 192.4610
v  411.4588 10.0000 192.8585
v  412.2070 0.0000 193.5380
v  411.8329 5.0000 193.1983
v  412.2070 10.0000 193.5380
v  413.0580 0.0000 194.0864
v  412.6325 5.0000 193.8122
v  413.0580 10.0000 194.0864
v  413.9911 0.0000 194.4878
v  413.5246 5.0000 194.2871
v  413.9911 10.0000 194.4878
v  414.9854 0.0000 194.7264
v  414.4882 5.0000 194.6071
v  414.9854 10.0000 194.7264
v  416.0201 0.0000 194.7864
v  415.5027 5.0000 194.7564
v  416.0201 10.0000 194.7864
v  417.0746 0.0000 194.6521
v  416.5473 5.0000 194.7193
v  417.0746 10.0000 194.6521
v  418.0864 0.0000 194.3282
v  417.5804 5.0000 194.4902
v  418.0864 10.0000 194.3282
v  418.9987 0.0000 193.8433
v  418.5425 5.0000 194.0858
v  418.9987 10.0000 193.8433
v  419.7989 0.0000 193.2173
v  419.3988 5.0000 193.5303
v  419.7989 10.0000 193.2173
v  420.4743 0.0000 192.4702
v  420.1366 5.0000 192.8437
v  420.4743 10.0000 192.4702
v  421.0122 0.0000 191.6219
v  420.7432 5.0000 192.0460
v  421.0122 10.0000 191.6219
v  421.4000 0.0000 190.6924
v  421.2061 5.0000 191.1571
v  421.4000 10.0000 190.6924
v  421.6250 0.0000 189.7017
v  421.5125 5.0000 190.1970
v  421.6250 10.0000 189.7017
v  421.6746 0.0000 188.6696
v  421.6498 5.0000 189.1857
v  421.6746 10.0000 188.6696
v  421.5362 0.0000 187.6163
v  421.6054 5.0000 188.1430
v  421.5362 10.0000 187.6163
v  421.2186 0.0000 186.5871
v  421.3774 5.0000 187.1017
v  421.2186 10.0000 186.5871
v  420.7430 0.0000 185.6347
v  420.9808 5.0000 186.1109
v  420.7430 10.0000 185.6347
v  420.1149 0.0000 184.7899
v  420.4290 5.0000 185.2123
v  420.1149 10.0000 184.7899
v  419.3396 0.0000 184.0833
v  419.7272 5.0000 184.4366
v  419.3396 10.0000 184.0833
v  418.4226 0.0000 183.5457
v  418.8811 5.0000 183.8145
v  418.4226 10.0000 183.5457
v  417.3692 0.0000 183.2079
v  417.8959 5.0000 183.3768
v  417.3692 10.0000 183.2079
v  416.1850 0.0000 183.1005
v  416.7771 5.0000 183.1542
v  416.1850 10.0000 183.1005
v  414.8753 0.0000 183.2543
v  415.5302 5.0000 183.1774
v  414.8753 10.0000 183.2543
v  413.4456 0.0000 183.7001
v  414.1605 5.0000 183.4772
v  413.4456 10.0000 183.7001
v  413.4794 0.0000 182.7930
v  413.4625 5.0000 183.2466
v  413.4794 10.0000 182.7930
v  413.5620 0.0000 181.7610
v  413.5207 5.0000 182.2770
v  413.5620 10.0000 181.7610
v  413.6967 0.0000 180.6635
v  413.6293 5.0000 181.2123
v  413.6967 10.0000 180.6635
v  413.8862 0.0000 179.5598
v  413.7914 5.0000 180.1117
v  413.8862 10.0000 179.5598
v  414.1338 0.0000 178.5095
v  414.0100 5.0000 179.0347
v  414.1338 10.0000 178.5095
v  414.4423 0.0000 177.5719
v  414.2880 5.0000 178.0407
v  414.4423 10.0000 177.5719
v  414.8148 0.0000 176.8065
v  414.6286 5.0000 177.1892
v  414.8148 10.0000 176.8065
v  415.2544 0.0000 176.2726
v  415.0346 5.0000 176.5395
v  415.2544 10.0000 176.2726
v  415.5092 5.0000 176.1511
v  439.3082 0.0000 176.7184
v  439.4823 10.0000 178.0453
v  430.8542 0.0000 193.7461
v  431.9340 0.0000 191.0309
v  431.4751 0.0000 187.1844
v  434.0224 0.0000 190.3234
v  434.7333 0.0000 189.7458
v  434.7743 0.0000 188.8542
v  435.5287 0.0000 188.9545
v  435.4593 0.0000 188.0929
v  436.2430 0.0000 188.0196
v  436.0869 0.0000 187.1688
v  436.8885 0.0000 186.9216
v  436.6832 0.0000 186.0530
v  437.4811 0.0000 185.6483
v  437.8629 0.0000 184.5715
v  437.5557 0.0000 183.6514
v  438.3008 0.0000 182.9771
v  438.5618 0.0000 181.7865
v  438.7806 0.0000 180.5928
v  438.9653 0.0000 179.4114
v  439.4823 0.0000 178.0453
v  431.3498 0.0000 184.5827
v  431.1092 0.0000 182.1645
v  430.7225 0.0000 179.9894
v  430.2740 0.0000 177.4703
v  428.8751 0.0000 175.8383
v  427.3836 0.0000 174.3631
v  425.1133 0.0000 173.6342
v  423.9183 0.0000 175.0016
v  423.4233 0.0000 176.0539
v  422.8700 0.0000 176.7384
v  422.3238 0.0000 177.5135
v  420.9413 0.0000 178.7891
v  420.9918 0.0000 180.2563
v  419.5333 0.0000 177.3218
v  419.1859 0.0000 176.1390
v  418.3153 0.0000 175.4954
v  417.8165 0.0000 174.5202
v  416.4164 0.0000 173.6092
v  414.5815 0.0000 174.0598
v  413.7108 0.0000 175.3116
v  413.0367 0.0000 176.4251
v  413.1931 0.0000 177.5453
v  412.3271 0.0000 178.3347
v  412.6227 0.0000 179.6461
v  411.8312 0.0000 180.5859
v  412.2742 0.0000 181.9194
v  411.5615 0.0000 182.9184
v  412.4212 0.0000 184.7528
v  412.5733 0.0000 185.8114
v  412.3422 0.0000 186.0265
v  412.1521 0.0000 186.2764
v  411.4077 0.0000 186.6630
v  411.9343 0.0000 187.8593
v  411.8912 0.0000 188.1762
v  411.4385 0.0000 188.9248
v  411.6790 0.0000 190.2129
v  411.9729 0.0000 190.9073
v  412.3796 0.0000 191.5309
v  412.8842 0.0000 192.0729
v  413.4715 0.0000 192.5224
v  414.1264 0.0000 192.8686
v  414.8338 0.0000 193.1006
v  415.5788 0.0000 193.2076
v  416.3461 0.0000 193.1786
v  417.1053 0.0000 193.0097
v  417.8124 0.0000 192.7124
v  418.4418 0.0000 192.3042
v  418.9841 0.0000 191.7995
v  419.4299 0.0000 191.2132
v  419.7701 0.0000 190.5599
v  419.9954 0.0000 189.8542
v  420.0963 0.0000 189.1109
v  420.0636 0.0000 188.3445
v  419.8953 0.0000 187.5812
v  419.6020 0.0000 186.8597
v  419.1955 0.0000 186.2092
v  418.6833 0.0000 185.6479
v  418.0728 0.0000 185.1944
v  417.3713 0.0000 184.8667
v  416.5863 0.0000 184.6834
v  415.7251 0.0000 184.6628
v  415.2451 0.0000 185.1974
v  414.5526 0.0000 184.8774
v  414.1436 0.0000 185.5452
v  421.0209 0.0000 181.3218
v  421.0305 0.0000 182.2563
v  439.3082 10.0000 176.7184
v  438.9653 10.0000 179.4114
v  438.7806 10.0000 180.5928
v  438.5618 10.0000 181.7865
v  438.3008 10.0000 182.9771
v  437.5557 10.0000 183.6514
v  437.8629 10.0000 184.5715
v  437.4811 10.0000 185.6483
v  436.6832 10.0000 186.0530
v  436.8885 10.0000 186.9216
v  436.0869 10.0000 187.1688
v  436.2430 10.0000 188.0196
v  435.4593 10.0000 188.0929
v  435.5287 10.0000 188.9545
v  434.7743 10.0000 188.8542
v  434.7333 10.0000 189.7458
v  432.2623 10.0000 192.2249
v  421.1913 10.0000 179.1993
v  412.9926 10.0000 185.1530
v  421.2921 10.0000 180.8125
v  422.3238 10.0000 177.5135
v  422.8700 10.0000 176.7384
v  423.4233 10.0000 176.0539
v  423.9183 10.0000 175.0016
v  425.1133 10.0000 173.6342
v  427.3836 10.0000 174.3631
v  428.8751 10.0000 175.8383
v  430.2740 10.0000 177.4703
v  430.7225 10.0000 179.9894
v  431.1092 10.0000 182.1645
v  431.3498 10.0000 184.5827
v  431.4751 10.0000 187.1844
v  430.8998 10.0000 189.5754
v  421.0305 10.0000 182.2563
v  421.3927 10.0000 181.5385
v  414.5526 10.0000 184.8774
v  411.5615 10.0000 182.9184
v  412.2742 10.0000 181.9194
v  411.8312 10.0000 180.5859
v  412.6227 10.0000 179.6461
v  412.3271 10.0000 178.3347
v  413.1931 10.0000 177.5453
v  413.0367 10.0000 176.4251
v  413.7108 10.0000 175.3116
v  414.5815 10.0000 174.0598
v  416.4164 10.0000 173.6092
v  417.8165 10.0000 174.5202
v  418.3153 10.0000 175.4954
v  419.1859 10.0000 176.1390
v  419.5333 10.0000 177.3218
v  419.6155 10.0000 178.3551
v  415.2451 10.0000 185.1974
v  415.7251 10.0000 184.6628
v  416.5863 10.0000 184.6834
v  417.3713 10.0000 184.8667
v  418.0728 10.0000 185.1944
v  418.6833 10.0000 185.6479
v  419.1955 10.0000 186.2092
v  419.6020 10.0000 186.8597
v  419.8953 10.0000 187.5812
v  420.0636 10.0000 188.3445
v  420.0963 10.0000 189.1109
v  419.9954 10.0000 189.8542
v  419.7701 10.0000 190.5599
v  419.4299 10.0000 191.2132
v  418.9841 10.0000 191.7995
v  418.4418 10.0000 192.3042
v  417.8124 10.0000 192.7124
v  417.1053 10.0000 193.0097
v  416.3461 10.0000 193.1786
v  415.5788 10.0000 193.2076
v  414.8338 10.0000 193.1006
v  414.1264 10.0000 192.8686
v  413.4715 10.0000 192.5224
v  412.8842 10.0000 192.0729
v  412.3796 10.0000 191.5309
v  411.9729 10.0000 190.9073
v  411.6790 10.0000 190.2129
v  411.4385 10.0000 188.9248
v  411.8912 10.0000 188.1762
v  411.9343 10.0000 187.8593
v  411.4077 10.0000 186.6630
v  412.1521 10.0000 186.2764
v  412.3422 10.0000 186.0265
v  412.5733 10.0000 185.8114
v  371.7480 0.0000 222.9939
v  371.7480 0.0000 214.5163
v  371.7480 10.0000 214.5163
v  371.7480 10.0000 222.9939
v  380.3278 0.0000 214.5163
v  380.3278 10.0000 214.5163
v  380.3278 0.0000 208.6943
v  380.3278 10.0000 208.6943
v  371.7480 0.0000 208.6943
v  371.7480 10.0000 208.6943
v  371.7480 0.0000 200.2167
v  371.7480 10.0000 200.2167
v  366.0281 0.0000 200.2167
v  366.0281 10.0000 200.2167
v  366.0281 0.0000 208.6943
v  366.0281 10.0000 208.6943
v  357.4484 0.0000 208.6943
v  357.4484 10.0000 208.6943
v  357.4484 0.0000 214.5163
v  357.4484 10.0000 214.5163
v  366.0281 0.0000 214.5163
v  366.0281 10.0000 214.5163
v  366.0281 0.0000 222.9939
v  366.0281 10.0000 222.9939
v  410.5847 0.0000 215.9599
v  410.7437 0.0000 216.4191
v  410.6642 5.0000 216.1895
v  410.7437 10.0000 216.4191
v  410.5847 10.0000 215.9599
v  410.8189 0.0000 216.8910
v  410.7813 5.0000 216.6551
v  410.8189 10.0000 216.8910
v  410.8123 0.0000 217.3647
v  410.8156 5.0000 217.1278
v  410.8123 10.0000 217.3647
v  410.7260 0.0000 217.8291
v  410.7691 5.0000 217.5969
v  410.7260 10.0000 217.8291
v  410.5619 0.0000 218.2735
v  410.6440 5.0000 218.0513
v  410.5619 10.0000 218.2735
v  410.3222 0.0000 218.6869
v  410.4420 5.0000 218.4802
v  410.3222 10.0000 218.6869
v  410.0088 0.0000 219.0583
v  410.1655 5.0000 218.8726
v  410.0088 10.0000 219.0583
v  409.6237 0.0000 219.3768
v  409.8163 5.0000 219.2176
v  409.6237 10.0000 219.3768
v  409.1881 0.0000 219.6217
v  409.4059 5.0000 219.4992
v  409.1881 10.0000 219.6217
v  408.7289 0.0000 219.7806
v  408.9585 5.0000 219.7011
v  408.7289 10.0000 219.7806
v  408.2570 0.0000 219.8558
v  408.4930 5.0000 219.8182
v  408.2570 10.0000 219.8558
v  407.7834 0.0000 219.8492
v  408.0202 5.0000 219.8525
v  407.7834 10.0000 219.8492
v  407.3189 0.0000 219.7629
v  407.5511 5.0000 219.8061
v  407.3189 10.0000 219.7629
v  406.8745 0.0000 219.5988
v  407.0967 5.0000 219.6808
v  406.8745 10.0000 219.5988
v  406.4611 0.0000 219.3591
v  406.6678 5.0000 219.4789
v  406.4611 10.0000 219.3591
v  406.0897 0.0000 219.0457
v  406.2754 5.0000 219.2024
v  406.0897 10.0000 219.0457
v  405.7712 0.0000 218.6607
v  405.9305 5.0000 218.8532
v  405.7712 10.0000 218.6607
v  405.5264 0.0000 218.2251
v  405.6488 5.0000 218.4429
v  405.5264 10.0000 218.2251
v  405.3674 0.0000 217.7658
v  405.4469 5.0000 217.9954
v  405.3674 10.0000 217.7658
v  405.2922 0.0000 217.2939
v  405.3298 5.0000 217.5299
v  405.2922 10.0000 217.2939
v  405.2988 0.0000 216.8203
v  405.2955 5.0000 217.0571
v  405.2988 10.0000 216.8203
v  405.3851 0.0000 216.3558
v  405.3419 5.0000 216.5880
v  405.3851 10.0000 216.3558
v  405.5492 0.0000 215.9114
v  405.4672 5.0000 216.1336
v  405.5492 10.0000 215.9114
v  405.7889 0.0000 215.4980
v  405.6691 5.0000 215.7047
v  405.7889 10.0000 215.4980
v  406.1024 0.0000 215.1266
v  405.9456 5.0000 215.3123
v  406.1024 10.0000 215.1266
v  406.4874 0.0000 214.8081
v  406.2949 5.0000 214.9674
v  406.4874 10.0000 214.8081
v  406.9230 0.0000 214.5633
v  406.7052 5.0000 214.6857
v  406.9230 10.0000 214.5633
v  407.3822 0.0000 214.4043
v  407.1526 5.0000 214.4838
v  407.3822 10.0000 214.4043
v  407.8541 0.0000 214.3291
v  407.6181 5.0000 214.3667
v  407.8541 10.0000 214.3291
v  408.3278 0.0000 214.3357
v  408.0909 5.0000 214.3324
v  408.3278 10.0000 214.3357
v  408.7922 0.0000 214.4220
v  408.5600 5.0000 214.3789
v  408.7922 10.0000 214.4220
v  409.2366 0.0000 214.5861
v  409.0144 5.0000 214.5041
v  409.2366 10.0000 214.5861
v  409.6500 0.0000 214.8259
v  409.4433 5.0000 214.7060
v  409.6500 10.0000 214.8259
v  410.0214 0.0000 215.1393
v  409.8357 5.0000 214.9826
v  410.0214 10.0000 215.1393
v  410.3399 0.0000 215.5243
v  410.1806 5.0000 215.3318
v  410.3399 10.0000 215.5243
v  410.4623 5.0000 215.7421
v  403.8808 0.0000 221.1589
v  404.6926 0.0000 221.7918
v  404.2867 5.0000 221.4754
v  404.6926 10.0000 221.7918
v  403.8808 10.0000 221.1589
v  405.5814 0.0000 222.2944
v  405.1370 5.0000 222.0431
v  405.5814 10.0000 222.2944
v  406.5270 0.0000 222.6554
v  406.0542 5.0000 222.4749
v  406.5270 10.0000 222.6554
v  407.5089 0.0000 222.8640
v  407.0180 5.0000 222.7597
v  407.5089 10.0000 222.8640
v  408.5068 0.0000 222.9091
v  408.0078 5.0000 222.8865
v  408.5068 10.0000 222.9091
v  409.5002 0.0000 222.7796
v  409.0035 5.0000 222.8443
v  409.5002 10.0000 222.7796
v  410.4688 0.0000 222.4645
v  409.9845 5.0000 222.6220
v  410.4688 10.0000 222.4645
v  411.3921 0.0000 221.9528
v  410.9305 5.0000 222.2086
v  411.3921 10.0000 221.9528
v  412.2113 0.0000 221.2751
v  411.8017 5.0000 221.6139
v  412.2113 10.0000 221.2751
v  412.8781 0.0000 220.4849
v  412.5447 5.0000 220.8800
v  412.8781 10.0000 220.4849
v  413.3882 0.0000 219.6054
v  413.1332 5.0000 220.0451
v  413.3882 10.0000 219.6054
v  413.7373 0.0000 218.6599
v  413.5628 5.0000 219.1326
v  413.7373 10.0000 218.6599
v  413.9210 0.0000 217.6716
v  413.8292 5.0000 218.1657
v  413.9210 10.0000 217.6716
v  413.9351 0.0000 216.6638
v  413.9280 5.0000 217.1677
v  413.9351 10.0000 216.6638
v  413.7751 0.0000 215.6598
v  413.8551 5.0000 216.1618
v  413.7751 10.0000 215.6598
v  413.4368 0.0000 214.6827
v  413.6059 5.0000 215.1712
v  413.4368 10.0000 214.6827
v  412.9159 0.0000 213.7559
v  413.1763 5.0000 214.2193
v  412.9159 10.0000 213.7559
v  412.2479 0.0000 212.9367
v  412.5819 5.0000 213.3463
v  412.2479 10.0000 212.9367
v  411.4821 0.0000 212.2700
v  411.8650 5.0000 212.6034
v  411.4821 10.0000 212.2700
v  410.6342 0.0000 211.7600
v  411.0582 5.0000 212.0150
v  410.6342 10.0000 211.7600
v  409.7204 0.0000 211.4110
v  410.1773 5.0000 211.5855
v  409.7204 10.0000 211.4110
v  408.7565 0.0000 211.2274
v  409.2385 5.0000 211.3192
v  408.7565 10.0000 211.2274
v  407.7585 0.0000 211.2134
v  408.2575 5.0000 211.2204
v  407.7585 10.0000 211.2134
v  406.7423 0.0000 211.3733
v  407.2504 5.0000 211.2934
v  406.7423 10.0000 211.3733
v  405.7238 0.0000 211.7115
v  406.2330 5.0000 211.5424
v  405.7238 10.0000 211.7115
v  404.7190 0.0000 212.2321
v  405.2214 5.0000 211.9718
v  404.7190 10.0000 212.2321
v  404.3556 0.0000 212.5050
v  404.5373 5.0000 212.3686
v  404.3556 10.0000 212.5050
v  404.0363 0.0000 212.7984
v  404.1960 5.0000 212.6517
v  404.0363 10.0000 212.7984
v  403.7567 0.0000 213.1085
v  403.8965 5.0000 212.9535
v  403.7567 10.0000 213.1085
v  403.5120 0.0000 213.4315
v  403.6343 5.0000 213.2700
v  403.5120 10.0000 213.4315
v  403.2975 0.0000 213.7636
v  403.4048 5.0000 213.5976
v  403.2975 10.0000 213.7636
v  403.1088 0.0000 214.1009
v  403.2032 5.0000 213.9323
v  403.1088 10.0000 214.1009
v  402.9411 0.0000 214.4395
v  403.0250 5.0000 214.2702
v  402.9411 10.0000 214.4395
v  402.7899 0.0000 214.7757
v  402.8655 5.0000 214.6076
v  402.7899 10.0000 214.7757
v  402.6504 0.0000 215.1055
v  402.7201 5.0000 214.9406
v  402.6504 10.0000 215.1055
v  398.8760 0.0000 211.1755
v  400.7632 5.0000 213.1405
v  398.8760 10.0000 211.1755
v  391.9121 0.0000 218.5560
v  395.3940 5.0000 214.8658
v  391.9121 10.0000 218.5560
v  391.4551 0.0000 218.2372
v  391.6836 5.0000 218.3966
v  391.4551 10.0000 218.2372
v  391.0019 0.0000 217.9079
v  391.2285 5.0000 218.0725
v  391.0019 10.0000 217.9079
v  390.5561 0.0000 217.5578
v  390.7790 5.0000 217.7329
v  390.5561 10.0000 217.5578
v  390.1214 0.0000 217.1765
v  390.3387 5.0000 217.3672
v  390.1214 10.0000 217.1765
v  389.7017 0.0000 216.7536
v  389.9116 5.0000 216.9651
v  389.7017 10.0000 216.7536
v  389.3006 0.0000 216.2787
v  389.5012 5.0000 216.5162
v  389.3006 10.0000 216.2787
v  388.9219 0.0000 215.7413
v  389.1113 5.0000 216.0100
v  388.9219 10.0000 215.7413
v  388.5692 0.0000 215.1311
v  388.7456 5.0000 215.4362
v  388.5692 10.0000 215.1311
v  388.2464 0.0000 214.4377
v  388.4078 5.0000 214.7844
v  388.2464 10.0000 214.4377
v  388.0471 0.0000 213.8832
v  388.1468 5.0000 214.1604
v  388.0471 10.0000 213.8832
v  387.9027 0.0000 213.3141
v  387.9749 5.0000 213.5986
v  387.9027 10.0000 213.3141
v  387.8148 0.0000 212.7371
v  387.8587 5.0000 213.0256
v  387.8148 10.0000 212.7371
v  387.7852 0.0000 212.1592
v  387.8000 5.0000 212.4482
v  387.7852 10.0000 212.1592
v  387.8156 0.0000 211.5871
v  387.8004 5.0000 211.8732
v  387.8156 10.0000 211.5871
v  387.9074 0.0000 211.0277
v  387.8615 5.0000 211.3074
v  387.9074 10.0000 211.0277
v  388.0626 0.0000 210.4878
v  387.9850 5.0000 210.7578
v  388.0626 10.0000 210.4878
v  388.2826 0.0000 209.9743
v  388.1726 5.0000 210.2311
v  388.2826 10.0000 209.9743
v  388.5692 0.0000 209.4940
v  388.4259 5.0000 209.7341
v  388.5692 10.0000 209.4940
v  388.9206 0.0000 209.0410
v  388.7449 5.0000 209.2675
v  388.9206 10.0000 209.0410
v  389.3313 0.0000 208.6139
v  389.1260 5.0000 208.8275
v  389.3313 10.0000 208.6139
v  389.7974 0.0000 208.2255
v  389.5644 5.0000 208.4197
v  389.7974 10.0000 208.2255
v  390.3148 0.0000 207.8891
v  390.0561 5.0000 208.0573
v  390.3148 10.0000 207.8891
v  390.8797 0.0000 207.6176
v  390.5973 5.0000 207.7533
v  390.8797 10.0000 207.6176
v  391.4881 0.0000 207.4240
v  391.1839 5.0000 207.5208
v  391.4881 10.0000 207.4240
v  392.1361 0.0000 207.3215
v  391.8121 5.0000 207.3728
v  392.1361 10.0000 207.3215
v  392.8196 0.0000 207.3231
v  392.4778 5.0000 207.3223
v  392.8196 10.0000 207.3231
v  393.5348 0.0000 207.4419
v  393.1772 5.0000 207.3825
v  393.5348 10.0000 207.4419
v  393.9826 0.0000 207.5622
v  393.7587 5.0000 207.5020
v  393.9826 10.0000 207.5622
v  394.5913 0.0000 207.7322
v  394.2870 5.0000 207.6472
v  394.5913 10.0000 207.7322
v  395.3409 0.0000 207.9349
v  394.9661 5.0000 207.8335
v  395.3409 10.0000 207.9349
v  396.2113 0.0000 208.1532
v  395.7761 5.0000 208.0441
v  396.2113 10.0000 208.1532
v  397.1823 0.0000 208.3702
v  396.6968 5.0000 208.2617
v  397.1823 10.0000 208.3702
v  398.2340 0.0000 208.5688
v  397.7082 5.0000 208.4695
v  398.2340 10.0000 208.5688
v  399.3463 0.0000 208.7320
v  398.7901 5.0000 208.6504
v  399.3463 10.0000 208.7320
v  400.4990 0.0000 208.8428
v  399.9226 5.0000 208.7874
v  400.4990 10.0000 208.8428
v  401.6721 0.0000 208.8841
v  401.0856 5.0000 208.8634
v  401.6721 10.0000 208.8841
v  402.8728 0.0000 208.8439
v  402.2725 5.0000 208.8640
v  402.8728 10.0000 208.8439
v  404.0524 0.0000 208.7312
v  403.4626 5.0000 208.7875
v  404.0524 10.0000 208.7312
v  405.1893 0.0000 208.5607
v  404.6208 5.0000 208.6460
v  405.1893 10.0000 208.5607
v  406.2619 0.0000 208.3472
v  405.7256 5.0000 208.4540
v  406.2619 10.0000 208.3472
v  407.2489 0.0000 208.1053
v  406.7554 5.0000 208.2263
v  407.2489 10.0000 208.1053
v  408.1287 0.0000 207.8497
v  407.6888 5.0000 207.9775
v  408.1287 10.0000 207.8497
v  408.8798 0.0000 207.5952
v  408.5042 5.0000 207.7225
v  408.8798 10.0000 207.5952
v  409.4806 0.0000 207.3564
v  409.1802 5.0000 207.4758
v  409.4806 10.0000 207.3564
v  409.9096 0.0000 207.1480
v  409.6951 5.0000 207.2522
v  409.9096 10.0000 207.1480
v  410.5173 0.0000 206.7490
v  410.2135 5.0000 206.9485
v  410.5173 10.0000 206.7490
v  411.0204 0.0000 206.3004
v  410.7689 5.0000 206.5247
v  411.0204 10.0000 206.3004
v  411.4320 0.0000 205.8086
v  411.2262 5.0000 206.0545
v  411.4320 10.0000 205.8086
v  411.7650 0.0000 205.2797
v  411.5985 5.0000 205.5441
v  411.7650 10.0000 205.2797
v  412.0327 0.0000 204.7198
v  411.8989 5.0000 204.9998
v  412.0327 10.0000 204.7198
v  412.2481 0.0000 204.1352
v  412.1404 5.0000 204.4275
v  412.2481 10.0000 204.1352
v  412.4242 0.0000 203.5320
v  412.3362 5.0000 203.8336
v  412.4242 10.0000 203.5320
v  412.5742 0.0000 202.9165
v  412.4992 5.0000 203.2243
v  412.5742 10.0000 202.9165
v  412.7111 0.0000 202.2948
v  412.6426 5.0000 202.6057
v  412.7111 10.0000 202.2948
v  409.0588 0.0000 202.2948
v  410.8849 5.0000 202.2948
v  409.0588 10.0000 202.2948
v  409.0089 0.0000 202.5796
v  409.0338 5.0000 202.4372
v  409.0089 10.0000 202.5796
v  408.9529 0.0000 202.8622
v  408.9809 5.0000 202.7209
v  408.9529 10.0000 202.8622
v  408.8849 0.0000 203.1406
v  408.9189 5.0000 203.0014
v  408.8849 10.0000 203.1406
v  408.7990 0.0000 203.4125
v  408.8419 5.0000 203.2766
v  408.7990 10.0000 203.4125
v  408.6890 0.0000 203.6758
v  408.7440 5.0000 203.5442
v  408.6890 10.0000 203.6758
v  408.5489 0.0000 203.9284
v  408.6189 5.0000 203.8021
v  408.5489 10.0000 203.9284
v  408.3729 0.0000 204.1682
v  408.4609 5.0000 204.0483
v  408.3729 10.0000 204.1682
v  408.1547 0.0000 204.3929
v  408.2638 5.0000 204.2805
v  408.1547 10.0000 204.3929
v  407.8885 0.0000 204.6004
v  408.0216 5.0000 204.4967
v  407.8885 10.0000 204.6004
v  407.6557 0.0000 204.7242
v  407.7721 5.0000 204.6623
v  407.6557 10.0000 204.7242
v  407.2684 0.0000 204.8828
v  407.4620 5.0000 204.8035
v  407.2684 10.0000 204.8828
v  406.7440 0.0000 205.0631
v  407.0062 5.0000 204.9729
v  406.7440 10.0000 205.0631
v  406.0994 0.0000 205.2518
v  406.4217 5.0000 205.1574
v  406.0994 10.0000 205.2518
v  405.3518 0.0000 205.4357
v  405.7256 5.0000 205.3438
v  405.3518 10.0000 205.4357
v  404.5182 0.0000 205.6016
v  404.9350 5.0000 205.5186
v  404.5182 10.0000 205.6016
v  403.6157 0.0000 205.7361
v  404.0670 5.0000 205.6688
v  403.6157 10.0000 205.7361
v  402.6614 0.0000 205.8261
v  403.1385 5.0000 205.7811
v  402.6614 10.0000 205.8261
v  401.6724 0.0000 205.8582
v  402.1669 5.0000 205.8421
v  401.6724 10.0000 205.8582
v  400.7191 0.0000 205.8244
v  401.1958 5.0000 205.8413
v  400.7191 10.0000 205.8244
v  399.7645 0.0000 205.7335
v  400.2418 5.0000 205.7789
v  399.7645 10.0000 205.7335
v  398.8232 0.0000 205.5982
v  399.2939 5.0000 205.6658
v  398.8232 10.0000 205.5982
v  397.9095 0.0000 205.4311
v  398.3663 5.0000 205.5146
v  397.9095 10.0000 205.4311
v  397.0381 0.0000 205.2450
v  397.4738 5.0000 205.3380
v  397.0381 10.0000 205.2450
v  396.2235 0.0000 205.0524
v  396.6308 5.0000 205.1487
v  396.2235 10.0000 205.0524
v  395.4802 0.0000 204.8661
v  395.8518 5.0000 204.9592
v  395.4802 10.0000 204.8661
v  394.8226 0.0000 204.6987
v  395.1514 5.0000 204.7824
v  394.8226 10.0000 204.6987
v  394.2654 0.0000 204.5628
v  394.5440 5.0000 204.6308
v  394.2654 10.0000 204.5628
v  393.2076 0.0000 204.4133
v  393.7365 5.0000 204.4881
v  393.2076 10.0000 204.4133
v  392.1167 0.0000 204.4311
v  392.6621 5.0000 204.4222
v  392.1167 10.0000 204.4311
v  391.0189 0.0000 204.6017
v  391.5678 5.0000 204.5164
v  391.0189 10.0000 204.6017
v  389.9407 0.0000 204.9102
v  390.4798 5.0000 204.7560
v  389.9407 10.0000 204.9102
v  388.9082 0.0000 205.3422
v  389.4245 5.0000 205.1262
v  388.9082 10.0000 205.3422
v  387.9480 0.0000 205.8828
v  388.4281 5.0000 205.6125
v  387.9480 10.0000 205.8828
v  387.0861 0.0000 206.5174
v  387.5171 5.0000 206.2001
v  387.0861 10.0000 206.5174
v  386.3491 0.0000 207.2314
v  386.7176 5.0000 206.8744
v  386.3491 10.0000 207.2314
v  385.7631 0.0000 208.0099
v  386.0561 5.0000 207.6206
v  385.7631 10.0000 208.0099
v  385.3329 0.0000 208.8552
v  385.5480 5.0000 208.4326
v  385.3329 10.0000 208.8552
v  385.0344 0.0000 209.7627
v  385.1837 5.0000 209.3089
v  385.0344 10.0000 209.7627
v  384.8510 0.0000 210.7079
v  384.9427 5.0000 210.2353
v  384.8510 10.0000 210.7079
v  384.7660 0.0000 211.6664
v  384.8085 5.0000 211.1871
v  384.7660 10.0000 211.6664
v  384.7629 0.0000 212.6137
v  384.7645 5.0000 212.1400
v  384.7629 10.0000 212.6137
v  384.8250 0.0000 213.5253
v  384.7939 5.0000 213.0695
v  384.8250 10.0000 213.5253
v  384.9356 0.0000 214.3769
v  384.8803 5.0000 213.9511
v  384.9356 10.0000 214.3769
v  385.0782 0.0000 215.1438
v  385.0069 5.0000 214.7604
v  385.0782 10.0000 215.1438
v  385.2361 0.0000 215.8018
v  385.1572 5.0000 215.4728
v  385.2361 10.0000 215.8018
v  386.0566 0.0000 217.3291
v  385.6464 5.0000 216.5654
v  386.0566 10.0000 217.3291
v  386.8654 0.0000 218.5925
v  386.4610 5.0000 217.9608
v  386.8654 10.0000 218.5925
v  387.6641 0.0000 219.6250
v  387.2647 5.0000 219.1087
v  387.6641 10.0000 219.6250
v  388.4539 0.0000 220.4596
v  388.0590 5.0000 220.0423
v  388.4539 10.0000 220.4596
v  389.2364 0.0000 221.1292
v  388.8452 5.0000 220.7944
v  389.2364 10.0000 221.1292
v  390.0131 0.0000 221.6669
v  389.6248 5.0000 221.3981
v  390.0131 10.0000 221.6669
v  390.7854 0.0000 222.1057
v  390.3993 5.0000 221.8863
v  390.7854 10.0000 222.1057
v  391.5548 0.0000 222.4785
v  391.1701 5.0000 222.2921
v  391.5548 10.0000 222.4785
v  392.3227 0.0000 222.8183
v  391.9388 5.0000 222.6484
v  392.3227 10.0000 222.8183
v  398.9362 0.0000 215.5724
v  395.6295 5.0000 219.1954
v  398.9362 10.0000 215.5724
v  403.1666 0.0000 220.4066
v  401.0514 5.0000 217.9895
v  403.1666 10.0000 220.4066
v  403.5237 5.0000 220.7827
v  402.3239 0.0000 215.6779
v  403.2067 0.0000 216.2495
v  404.0936 10.0000 215.5371
v  403.1757 0.0000 216.5622
v  403.1986 0.0000 216.8774
v  403.2491 0.0000 217.9925
v  404.8214 0.0000 219.0974
v  404.7271 0.0000 219.8179
v  405.2811 0.0000 220.3389
v  405.9024 0.0000 220.7610
v  406.5754 0.0000 221.0779
v  407.2845 0.0000 221.2829
v  408.0140 0.0000 221.3695
v  408.7482 0.0000 221.3313
v  409.4715 0.0000 221.1616
v  410.1682 0.0000 220.8539
v  410.8090 0.0000 220.4157
v  411.3551 0.0000 219.8763
v  411.7876 0.0000 219.2627
v  412.1034 0.0000 218.5920
v  412.2992 0.0000 217.8813
v  412.3718 0.0000 217.1478
v  412.3182 0.0000 216.4084
v  412.1351 0.0000 215.6804
v  411.8193 0.0000 214.9807
v  411.3813 0.0000 214.3390
v  410.8503 0.0000 213.7930
v  410.2507 0.0000 213.3605
v  409.5959 0.0000 213.0448
v  408.8992 0.0000 212.8490
v  408.1742 0.0000 212.7764
v  407.4343 0.0000 212.8300
v  406.6928 0.0000 213.0131
v  405.9633 0.0000 213.3288
v  405.1401 0.0000 213.4941
v  404.4156 0.0000 213.9545
v  403.9126 0.0000 214.7482
v  400.1542 0.0000 213.9512
v  394.7192 0.0000 206.2148
v  404.0936 0.0000 215.5371
v  395.4090 0.0000 206.3964
v  394.1514 0.0000 206.0664
v  393.4569 0.0000 205.9353
v  392.5700 0.0000 205.8723
v  391.6899 0.0000 205.9446
v  390.8319 0.0000 206.1384
v  390.0109 0.0000 206.4398
v  389.2421 0.0000 206.8349
v  388.5407 0.0000 207.3099
v  387.9218 0.0000 207.8509
v  387.4005 0.0000 208.4441
v  386.9870 0.0000 209.0833
v  386.6781 0.0000 209.7700
v  386.4638 0.0000 210.4965
v  386.3350 0.0000 211.2473
v  386.2824 0.0000 212.0066
v  386.7877 0.0000 212.5033
v  386.3263 0.0000 213.0475
v  386.1577 0.0000 214.0487
v  386.6519 0.0000 214.8166
v  387.0271 0.0000 215.6749
v  387.8492 0.0000 216.0672
v  387.7861 0.0000 216.9854
v  388.6226 0.0000 217.2083
v  388.5882 0.0000 218.0369
v  389.1989 0.0000 218.7047
v  390.0039 0.0000 218.6418
v  390.0368 0.0000 219.4335
v  391.0399 0.0000 220.9988
v  395.5117 0.0000 217.0306
v  396.2035 0.0000 206.5964
v  397.0853 0.0000 206.7999
v  398.0373 0.0000 206.9921
v  399.0420 0.0000 207.1581
v  400.0822 0.0000 207.2832
v  401.1407 0.0000 207.3524
v  402.2197 0.0000 207.3531
v  403.3006 0.0000 207.2843
v  404.3439 0.0000 207.1574
v  405.3303 0.0000 206.9863
v  406.2405 0.0000 206.7850
v  406.6974 0.0000 206.1401
v  407.3475 0.0000 206.4752
v  407.9831 0.0000 206.2630
v  408.4761 0.0000 206.0690
v  408.8584 0.0000 205.8744
v  409.5950 0.0000 205.7517
v  409.8435 0.0000 205.0514
v  410.1087 0.0000 204.6731
v  410.3214 0.0000 204.2720
v  410.4912 0.0000 203.8520
v  410.6275 0.0000 203.4175
v  410.1287 0.0000 202.9913
v  411.1554 0.0000 202.7236
v  402.3239 10.0000 215.6779
v  403.9126 10.0000 214.7482
v  404.4156 10.0000 213.9545
v  405.1401 10.0000 213.4941
v  405.9633 10.0000 213.3288
v  406.6928 10.0000 213.0131
v  407.4343 10.0000 212.8300
v  408.1742 10.0000 212.7764
v  408.8992 10.0000 212.8490
v  409.5959 10.0000 213.0448
v  410.2507 10.0000 213.3605
v  410.8503 10.0000 213.7930
v  411.3813 10.0000 214.3390
v  411.8193 10.0000 214.9807
v  412.1351 10.0000 215.6804
v  412.3182 10.0000 216.4084
v  412.3718 10.0000 217.1478
v  412.2992 10.0000 217.8813
v  412.1034 10.0000 218.5920
v  411.7876 10.0000 219.2627
v  411.3551 10.0000 219.8763
v  410.8090 10.0000 220.4157
v  410.1682 10.0000 220.8539
v  409.4715 10.0000 221.1616
v  408.7482 10.0000 221.3313
v  408.0140 10.0000 221.3695
v  407.2845 10.0000 221.2829
v  406.5754 10.0000 221.0779
v  405.9024 10.0000 220.7610
v  405.2811 10.0000 220.3389
v  404.7271 10.0000 219.8179
v  404.8214 10.0000 219.0974
v  403.2491 10.0000 217.9925
v  403.1986 10.0000 216.8774
v  403.1757 10.0000 216.5622
v  403.2067 10.0000 216.2495
v  395.5117 10.0000 217.0306
v  391.0399 10.0000 220.9988
v  400.1542 10.0000 213.9512
v  390.0368 10.0000 219.4335
v  390.0039 10.0000 218.6418
v  389.1989 10.0000 218.7047
v  388.5882 10.0000 218.0369
v  388.6226 10.0000 217.2083
v  387.7861 10.0000 216.9854
v  387.8492 10.0000 216.0672
v  387.0271 10.0000 215.6749
v  386.6519 10.0000 214.8166
v  386.1577 10.0000 214.0487
v  386.3263 10.0000 213.0475
v  386.7877 10.0000 212.5033
v  386.2824 10.0000 212.0066
v  386.3350 10.0000 211.2473
v  386.4638 10.0000 210.4965
v  386.6781 10.0000 209.7700
v  386.9870 10.0000 209.0833
v  387.4005 10.0000 208.4441
v  387.9218 10.0000 207.8509
v  388.5407 10.0000 207.3099
v  389.2421 10.0000 206.8349
v  390.0109 10.0000 206.4398
v  390.8319 10.0000 206.1384
v  391.6899 10.0000 205.9446
v  392.5700 10.0000 205.8723
v  393.4569 10.0000 205.9353
v  394.1514 10.0000 206.0664
v  411.1554 10.0000 202.7236
v  410.1287 10.0000 202.9913
v  410.6275 10.0000 203.4175
v  410.4912 10.0000 203.8520
v  410.3214 10.0000 204.2720
v  410.1087 10.0000 204.6731
v  409.8435 10.0000 205.0514
v  409.5950 10.0000 205.7517
v  408.8584 10.0000 205.8744
v  408.4761 10.0000 206.0690
v  407.9831 10.0000 206.2630
v  407.3475 10.0000 206.4752
v  406.6974 10.0000 206.1401
v  406.2405 10.0000 206.7850
v  405.3303 10.0000 206.9863
v  404.3439 10.0000 207.1574
v  403.3006 10.0000 207.2843
v  402.2197 10.0000 207.3531
v  401.1407 10.0000 207.3524
v  400.0822 10.0000 207.2832
v  399.0420 10.0000 207.1581
v  398.0373 10.0000 206.9921
v  397.0853 10.0000 206.7999
v  396.2035 10.0000 206.5964
v  395.4090 10.0000 206.3964
v  394.7192 10.0000 206.2148
v  423.7103 0.0000 214.5604
v  424.1243 0.0000 214.3066
v  423.9173 5.0000 214.4335
v  424.1243 10.0000 214.3066
v  423.7103 10.0000 214.5604
v  424.5686 0.0000 214.1318
v  424.3464 5.0000 214.2192
v  424.5686 10.0000 214.1318
v  425.0323 0.0000 214.0365
v  424.8005 5.0000 214.0842
v  425.0323 10.0000 214.0365
v  425.5041 0.0000 214.0209
v  425.2682 5.0000 214.0287
v  425.5041 10.0000 214.0209
v  425.9731 0.0000 214.0856
v  425.7386 5.0000 214.0533
v  425.9731 10.0000 214.0856
v  426.4280 0.0000 214.2307
v  426.2005 5.0000 214.1581
v  426.4280 10.0000 214.2307
v  426.8578 0.0000 214.4568
v  426.6429 5.0000 214.3438
v  426.8578 10.0000 214.4568
v  427.2513 0.0000 214.7641
v  427.0545 5.0000 214.6104
v  427.2513 10.0000 214.7641
v  427.5839 0.0000 215.1366
v  427.4176 5.0000 214.9503
v  427.5839 10.0000 215.1366
v  427.8377 0.0000 215.5506
v  427.7108 5.0000 215.3436
v  427.8377 10.0000 215.5506
v  428.0125 0.0000 215.9949
v  427.9250 5.0000 215.7727
v  428.0125 10.0000 215.9949
v  428.1078 0.0000 216.4586
v  428.0601 5.0000 216.2268
v  428.1078 10.0000 216.4586
v  428.1233 0.0000 216.9304
v  428.1155 5.0000 216.6945
v  428.1233 10.0000 216.9304
v  428.0587 0.0000 217.3994
v  428.0910 5.0000 217.1649
v  428.0587 10.0000 217.3994
v  427.9135 0.0000 217.8543
v  427.9861 5.0000 217.6268
v  427.9135 10.0000 217.8543
v  427.6875 0.0000 218.2841
v  427.8005 5.0000 218.0692
v  427.6875 10.0000 218.2841
v  427.3802 0.0000 218.6776
v  427.5338 5.0000 218.4808
v  427.3802 10.0000 218.6776
v  427.0077 0.0000 219.0102
v  427.1939 5.0000 218.8439
v  427.0077 10.0000 219.0102
v  426.5937 0.0000 219.2640
v  426.8007 5.0000 219.1371
v  426.5937 10.0000 219.2640
v  426.1493 0.0000 219.4388
v  426.3715 5.0000 219.3513
v  426.1493 10.0000 219.4388
v  425.6857 0.0000 219.5341
v  425.9175 5.0000 219.4864
v  425.6857 10.0000 219.5341
v  425.2138 0.0000 219.5496
v  425.4498 5.0000 219.5418
v  425.2138 10.0000 219.5496
v  424.7449 0.0000 219.4850
v  424.9794 5.0000 219.5173
v  424.7449 10.0000 219.4850
v  424.2900 0.0000 219.3398
v  424.5175 5.0000 219.4124
v  424.2900 10.0000 219.3398
v  423.8602 0.0000 219.1138
v  424.0751 5.0000 219.2268
v  423.8602 10.0000 219.1138
v  423.4666 0.0000 218.8065
v  423.6634 5.0000 218.9601
v  423.4666 10.0000 218.8065
v  423.1341 0.0000 218.4340
v  423.3004 5.0000 218.6202
v  423.1341 10.0000 218.4340
v  422.8803 0.0000 218.0200
v  423.0072 5.0000 218.2270
v  422.8803 10.0000 218.0200
v  422.7055 0.0000 217.5756
v  422.7929 5.0000 217.7978
v  422.7055 10.0000 217.5756
v  422.6102 0.0000 217.1120
v  422.6579 5.0000 217.3438
v  422.6102 10.0000 217.1120
v  422.5946 0.0000 216.6401
v  422.6024 5.0000 216.8761
v  422.5946 10.0000 216.6401
v  422.6593 0.0000 216.1712
v  422.6270 5.0000 216.4057
v  422.6593 10.0000 216.1712
v  422.8044 0.0000 215.7163
v  422.7318 5.0000 215.9438
v  422.8044 10.0000 215.7163
v  423.0305 0.0000 215.2865
v  422.9174 5.0000 215.5014
v  423.0305 10.0000 215.2865
v  423.3378 0.0000 214.8929
v  423.1841 5.0000 215.0897
v  423.3378 10.0000 214.8929
v  423.5240 5.0000 214.7267
v  428.9139 0.0000 206.9641
v  427.9449 0.0000 207.2609
v  428.4294 5.0000 207.1125
v  427.9449 10.0000 207.2609
v  428.9139 10.0000 206.9641
v  426.9451 0.0000 207.6287
v  427.4450 5.0000 207.4448
v  426.9451 10.0000 207.6287
v  425.9297 0.0000 208.0710
v  426.4374 5.0000 207.8499
v  425.9297 10.0000 208.0710
v  424.9134 0.0000 208.5911
v  425.4215 5.0000 208.3310
v  424.9134 10.0000 208.5911
v  423.9111 0.0000 209.1924
v  424.4122 5.0000 208.8918
v  423.9111 10.0000 209.1924
v  422.9379 0.0000 209.8782
v  423.4245 5.0000 209.5353
v  422.9379 10.0000 209.8782
v  422.0086 0.0000 210.6519
v  422.4733 5.0000 210.2651
v  422.0086 10.0000 210.6519
v  421.1382 0.0000 211.5169
v  421.5734 5.0000 211.0844
v  421.1382 10.0000 211.5169
v  420.5043 0.0000 212.3708
v  420.8213 5.0000 211.9439
v  420.5043 10.0000 212.3708
v  420.0281 0.0000 213.3856
v  420.2662 5.0000 212.8782
v  420.0281 10.0000 213.3856
v  419.7122 0.0000 214.5147
v  419.8702 5.0000 213.9501
v  419.7122 10.0000 214.5147
v  419.5593 0.0000 215.7116
v  419.6358 5.0000 215.1132
v  419.5593 10.0000 215.7116
v  419.5721 0.0000 216.9298
v  419.5657 5.0000 216.3207
v  419.5721 10.0000 216.9298
v  419.7531 0.0000 218.1229
v  419.6626 5.0000 217.5264
v  419.7531 10.0000 218.1229
v  420.1051 0.0000 219.2442
v  419.9291 5.0000 218.6835
v  420.1051 10.0000 219.2442
v  420.6308 0.0000 220.2473
v  420.3680 5.0000 219.7458
v  420.6308 10.0000 220.2473
v  421.3327 0.0000 221.0857
v  420.9818 5.0000 220.6665
v  421.3327 10.0000 221.0857
v  422.1701 0.0000 221.7396
v  421.7514 5.0000 221.4127
v  422.1701 10.0000 221.7396
v  423.0846 0.0000 222.2205
v  422.6273 5.0000 221.9800
v  423.0846 10.0000 222.2205
v  424.0524 0.0000 222.5294
v  423.5685 5.0000 222.3749
v  424.0524 10.0000 222.5294
v  425.0502 0.0000 222.6668
v  424.5513 5.0000 222.5981
v  425.0502 10.0000 222.6668
v  426.0541 0.0000 222.6338
v  425.5521 5.0000 222.6503
v  426.0541 10.0000 222.6338
v  427.0406 0.0000 222.4309
v  426.5473 5.0000 222.5324
v  427.0406 10.0000 222.4309
v  427.9861 0.0000 222.0591
v  427.5133 5.0000 222.2450
v  427.9861 10.0000 222.0591
v  428.8669 0.0000 221.5190
v  428.4265 5.0000 221.7891
v  428.8669 10.0000 221.5190
v  429.6594 0.0000 220.8115
v  429.2632 5.0000 221.1653
v  429.6594 10.0000 220.8115
v  430.3312 0.0000 219.9696
v  429.9953 5.0000 220.3906
v  430.3312 10.0000 219.9696
v  430.8505 0.0000 219.0404
v  430.5909 5.0000 219.5050
v  430.8505 10.0000 219.0404
v  431.1951 0.0000 218.0456
v  431.0228 5.0000 218.5430
v  431.1951 10.0000 218.0456
v  431.3425 0.0000 217.0070
v  431.2688 5.0000 217.5263
v  431.3425 10.0000 217.0070
v  431.2704 0.0000 215.9465
v  431.3065 5.0000 216.4767
v  431.2704 10.0000 215.9465
v  430.9566 0.0000 214.8858
v  431.1135 5.0000 215.4161
v  430.9566 10.0000 214.8858
v  430.3785 0.0000 213.8466
v  430.6676 5.0000 214.3662
v  430.3785 10.0000 213.8466
v  429.5140 0.0000 212.8509
v  429.9463 5.0000 213.3488
v  429.5140 10.0000 212.8509
v  428.3407 0.0000 211.9203
v  428.9274 5.0000 212.3856
v  428.3407 10.0000 211.9203
v  429.0113 0.0000 211.4891
v  428.6760 5.0000 211.7047
v  429.0113 10.0000 211.4891
v  429.6361 0.0000 211.1467
v  429.3237 5.0000 211.3179
v  429.6361 10.0000 211.1467
v  430.2310 0.0000 210.8754
v  429.9336 5.0000 211.0110
v  430.2310 10.0000 210.8754
v  430.8120 0.0000 210.6575
v  430.5215 5.0000 210.7665
v  430.8120 10.0000 210.6575
v  431.3947 0.0000 210.4753
v  431.1033 5.0000 210.5664
v  431.3947 10.0000 210.4753
v  431.9952 0.0000 210.3109
v  431.6950 5.0000 210.3931
v  431.9952 10.0000 210.3109
v  432.6293 0.0000 210.1468
v  432.3123 5.0000 210.2289
v  432.6293 10.0000 210.1468
v  433.3128 0.0000 209.9650
v  432.9711 5.0000 210.0559
v  433.3128 10.0000 209.9650
v  434.0617 0.0000 209.7480
v  433.6873 5.0000 209.8565
v  434.0617 10.0000 209.7480
v  434.6297 0.0000 209.5768
v  434.3457 5.0000 209.6624
v  434.6297 10.0000 209.5768
v  435.2324 0.0000 209.3727
v  434.9310 5.0000 209.4748
v  435.2324 10.0000 209.3727
v  435.8597 0.0000 209.1364
v  435.5461 5.0000 209.2546
v  435.8597 10.0000 209.1364
v  436.5020 0.0000 208.8687
v  436.1809 5.0000 209.0025
v  436.5020 10.0000 208.8687
v  437.1494 0.0000 208.5702
v  436.8257 5.0000 208.7194
v  437.1494 10.0000 208.5702
v  437.7921 0.0000 208.2419
v  437.4707 5.0000 208.4061
v  437.7921 10.0000 208.2419
v  438.4200 0.0000 207.8845
v  438.1060 5.0000 208.0632
v  438.4200 10.0000 207.8845
v  439.0235 0.0000 207.4987
v  438.7218 5.0000 207.6916
v  439.0235 10.0000 207.4987
v  439.5927 0.0000 207.0854
v  439.3081 5.0000 207.2920
v  439.5927 10.0000 207.0854
v  440.0983 0.0000 206.6460
v  439.8455 5.0000 206.8657
v  440.0983 10.0000 206.6460
v  440.5241 0.0000 206.1837
v  440.3112 5.0000 206.4148
v  440.5241 10.0000 206.1837
v  440.8801 0.0000 205.7013
v  440.7021 5.0000 205.9425
v  440.8801 10.0000 205.7013
v  441.1764 0.0000 205.2016
v  441.0283 5.0000 205.4514
v  441.1764 10.0000 205.2016
v  441.4228 0.0000 204.6875
v  441.2996 5.0000 204.9445
v  441.4228 10.0000 204.6875
v  441.6294 0.0000 204.1620
v  441.5261 5.0000 204.4247
v  441.6294 10.0000 204.1620
v  441.8061 0.0000 203.6278
v  441.7177 5.0000 203.8949
v  441.8061 10.0000 203.6278
v  441.9628 0.0000 203.0879
v  441.8844 5.0000 203.3578
v  441.9628 10.0000 203.0879
v  442.1096 0.0000 202.5451
v  442.0362 5.0000 202.8165
v  442.1096 10.0000 202.5451
v  437.4592 0.0000 202.5479
v  439.7844 5.0000 202.5465
v  437.4592 10.0000 202.5479
v  437.3504 0.0000 202.7991
v  437.4048 5.0000 202.6735
v  437.3504 10.0000 202.7991
v  437.2377 0.0000 203.0483
v  437.2941 5.0000 202.9237
v  437.2377 10.0000 203.0483
v  437.1172 0.0000 203.2935
v  437.1774 5.0000 203.1709
v  437.1172 10.0000 203.2935
v  436.9848 0.0000 203.5328
v  437.0510 5.0000 203.4131
v  436.9848 10.0000 203.5328
v  436.8367 0.0000 203.7640
v  436.9107 5.0000 203.6484
v  436.8367 10.0000 203.7640
v  436.6689 0.0000 203.9852
v  436.7528 5.0000 203.8746
v  436.6689 10.0000 203.9852
v  436.4775 0.0000 204.1945
v  436.5732 5.0000 204.0899
v  436.4775 10.0000 204.1945
v  436.2586 0.0000 204.3898
v  436.3680 5.0000 204.2921
v  436.2586 10.0000 204.3898
v  436.0081 0.0000 204.5691
v  436.1334 5.0000 204.4794
v  436.0081 10.0000 204.5691
v  435.7230 0.0000 204.7480
v  435.8656 5.0000 204.6585
v  435.7230 10.0000 204.7480
v  435.3880 0.0000 204.9432
v  435.5555 5.0000 204.8456
v  435.3880 10.0000 204.9432
v  434.9817 0.0000 205.1543
v  435.1848 5.0000 205.0487
v  434.9817 10.0000 205.1543
v  434.4824 0.0000 205.3810
v  434.7320 5.0000 205.2677
v  434.4824 10.0000 205.3810
v  433.8686 0.0000 205.6229
v  434.1755 5.0000 205.5019
v  433.8686 10.0000 205.6229
v  433.1188 0.0000 205.8796
v  433.4937 5.0000 205.7512
v  433.1188 10.0000 205.8796
v  432.2113 0.0000 206.1508
v  432.6650 5.0000 206.0152
v  432.2113 10.0000 206.1508
v  431.1247 0.0000 206.4361
v  431.6680 5.0000 206.2934
v  431.1247 10.0000 206.4361
v  429.8373 0.0000 206.7350
v  430.4810 5.0000 206.5856
v  429.8373 10.0000 206.7350
v  429.3756 5.0000 206.8496
v  432.2547 0.0000 208.6019
v  440.5343 10.0000 203.3510
v  431.0880 0.0000 208.4893
v  433.1761 0.0000 207.9358
v  434.1822 0.0000 208.0400
v  434.8608 0.0000 207.3783
v  435.4565 0.0000 207.1351
v  436.0053 0.0000 206.8841
v  436.5131 0.0000 206.6258
v  436.9858 0.0000 206.3608
v  436.8956 0.0000 205.6144
v  437.5449 0.0000 205.9919
v  437.9407 0.0000 205.6909
v  438.2991 0.0000 205.3702
v  438.6110 0.0000 205.0316
v  439.3365 0.0000 204.7826
v  438.5104 0.0000 203.8478
v  439.2968 0.0000 203.9341
v  440.5343 0.0000 203.3510
v  430.6813 0.0000 209.2893
v  429.9485 0.0000 208.8080
v  429.1815 0.0000 209.0618
v  428.3843 0.0000 209.3813
v  427.0280 0.0000 209.5400
v  426.4138 0.0000 212.2069
v  423.5672 0.0000 213.0301
v  425.0754 0.0000 211.4725
v  424.3464 0.0000 211.7820
v  423.6369 0.0000 212.1746
v  422.7453 0.0000 212.7590
v  422.1726 0.0000 213.3353
v  421.7252 0.0000 213.9840
v  421.3938 0.0000 214.7258
v  421.1838 0.0000 215.5284
v  421.0963 0.0000 216.3632
v  421.5923 0.0000 216.8940
v  421.1602 0.0000 217.4351
v  421.3610 0.0000 218.2407
v  421.6876 0.0000 218.9864
v  422.1411 0.0000 219.6434
v  422.7074 0.0000 220.1864
v  423.3512 0.0000 220.6034
v  424.0430 0.0000 220.8937
v  424.7654 0.0000 221.0577
v  425.5009 0.0000 221.0961
v  426.2324 0.0000 221.0094
v  426.9424 0.0000 220.7982
v  427.6136 0.0000 220.4631
v  428.2285 0.0000 220.0046
v  428.7646 0.0000 219.4357
v  429.1957 0.0000 218.7871
v  429.5045 0.0000 218.0849
v  429.6799 0.0000 217.3456
v  429.7110 0.0000 216.5856
v  429.5868 0.0000 215.8214
v  429.2963 0.0000 215.0695
v  428.8285 0.0000 214.3462
v  428.1164 0.0000 214.2505
v  427.9910 0.0000 213.4980
v  427.2088 0.0000 213.5359
v  439.2968 10.0000 203.9341
v  438.5104 10.0000 203.8478
v  439.3365 10.0000 204.7826
v  438.6110 10.0000 205.0316
v  438.2991 10.0000 205.3702
v  437.9407 10.0000 205.6909
v  437.5449 10.0000 205.9919
v  436.8956 10.0000 205.6144
v  436.9858 10.0000 206.3608
v  436.5131 10.0000 206.6258
v  436.0053 10.0000 206.8841
v  435.4565 10.0000 207.1351
v  434.8608 10.0000 207.3783
v  434.1822 10.0000 208.0400
v  433.1761 10.0000 207.9358
v  432.2547 10.0000 208.6019
v  423.6369 10.0000 212.1746
v  423.5672 10.0000 213.0301
v  424.3464 10.0000 211.7820
v  425.0754 10.0000 211.4725
v  426.4138 10.0000 212.2069
v  427.2088 10.0000 213.5359
v  427.0280 10.0000 209.5400
v  428.3843 10.0000 209.3813
v  429.1815 10.0000 209.0618
v  429.9485 10.0000 208.8080
v  430.6813 10.0000 209.2893
v  431.0880 10.0000 208.4893
v  427.9910 10.0000 213.4980
v  428.1164 10.0000 214.2505
v  428.8285 10.0000 214.3462
v  429.2963 10.0000 215.0695
v  429.5868 10.0000 215.8214
v  429.7110 10.0000 216.5856
v  429.6799 10.0000 217.3456
v  429.5045 10.0000 218.0849
v  429.1957 10.0000 218.7871
v  428.7646 10.0000 219.4357
v  428.2285 10.0000 220.0046
v  427.6136 10.0000 220.4631
v  426.9424 10.0000 220.7982
v  426.2324 10.0000 221.0094
v  425.5009 10.0000 221.0961
v  424.7654 10.0000 221.0577
v  424.0430 10.0000 220.8937
v  423.3512 10.0000 220.6034
v  422.7074 10.0000 220.1864
v  422.1411 10.0000 219.6434
v  421.6876 10.0000 218.9864
v  421.3610 10.0000 218.2407
v  421.1602 10.0000 217.4351
v  421.5923 10.0000 216.8940
v  421.0963 10.0000 216.3632
v  421.1838 10.0000 215.5284
v  421.3938 10.0000 214.7258
v  421.7252 10.0000 213.9840
v  422.1726 10.0000 213.3353
v  422.7453 10.0000 212.7590
# 2414 vertices

vn 0.5774 -0.5774 -0.5774
vn -0.5774 -0.5774 -0.5774
vn -0.5774 0.5774 -0.5774
vn 0.5774 0.5774 -0.5774
vn -0.5774 -0.5774 0.5774
vn -0.5774 0.5774 0.5774
vn 0.5774 -0.5774 0.5774
vn 0.5774 0.5774 0.5774
vn -0.6749 -0.7278 -0.1221
vn -0.6432 -0.7274 -0.2392
vn -0.9642 0.0000 -0.2651
vn -0.6432 0.7274 -0.2392
vn -0.6749 0.7278 -0.1221
vn -0.5926 -0.7270 -0.3469
vn -0.9032 0.0000 -0.4292
vn -0.5926 0.7270 -0.3469
vn -0.5252 -0.7267 -0.4428
vn -0.8165 0.0000 -0.5774
vn -0.5252 0.7267 -0.4428
vn -0.4428 -0.7267 -0.5252
vn -0.7071 0.0000 -0.7071
vn -0.4428 0.7267 -0.5252
vn -0.3469 -0.7270 -0.5926
vn -0.5774 0.0000 -0.8165
vn -0.3469 0.7270 -0.5926
vn -0.2392 -0.7274 -0.6432
vn -0.4292 0.0000 -0.9032
vn -0.2392 0.7274 -0.6432
vn -0.1221 -0.7278 -0.6749
vn -0.2651 0.0000 -0.9642
vn -0.1221 0.7278 -0.6749
vn -0.0000 -0.7278 -0.6858
vn -0.0894 0.0000 -0.9960
vn 0.0000 0.7278 -0.6858
vn 0.1221 -0.7278 -0.6749
vn 0.0894 0.0000 -0.9960
vn 0.1221 0.7278 -0.6749
vn 0.2392 -0.7274 -0.6432
vn 0.2651 0.0000 -0.9642
vn 0.2392 0.7274 -0.6432
vn 0.3469 -0.7270 -0.5926
vn 0.4292 0.0000 -0.9032
vn 0.3469 0.7270 -0.5926
vn 0.4428 -0.7267 -0.5252
vn 0.5774 0.0000 -0.8165
vn 0.4428 0.7267 -0.5252
vn 0.5252 -0.7267 -0.4428
vn 0.7071 0.0000 -0.7071
vn 0.5252 0.7267 -0.4428
vn 0.5926 -0.7270 -0.3469
vn 0.8165 0.0000 -0.5774
vn 0.5926 0.7270 -0.3469
vn 0.6432 -0.7274 -0.2392
vn 0.9032 0.0000 -0.4292
vn 0.6432 0.7274 -0.2392
vn 0.6749 -0.7278 -0.1221
vn 0.9642 0.0000 -0.2651
vn 0.6749 0.7278 -0.1221
vn 0.6858 -0.7278 -0.0000
vn 0.9960 0.0000 -0.0894
vn 0.6858 0.7278 -0.0000
vn 0.6749 -0.7278 0.1221
vn 0.9960 0.0000 0.0894
vn 0.6749 0.7278 0.1221
vn 0.6432 -0.7274 0.2392
vn 0.9642 0.0000 0.2651
vn 0.6432 0.7274 0.2392
vn 0.5926 -0.7270 0.3469
vn 0.9032 0.0000 0.4292
vn 0.5926 0.7270 0.3469
vn 0.5252 -0.7267 0.4428
vn 0.8165 0.0000 0.5774
vn 0.5252 0.7267 0.4428
vn 0.4428 -0.7267 0.5252
vn 0.7071 0.0000 0.7071
vn 0.4428 0.7267 0.5252
vn 0.3469 -0.7270 0.5926
vn 0.5774 0.0000 0.8165
vn 0.3469 0.7270 0.5926
vn 0.2392 -0.7274 0.6432
vn 0.4292 0.0000 0.9032
vn 0.2392 0.7274 0.6432
vn 0.1221 -0.7278 0.6749
vn 0.2651 0.0000 0.9642
vn 0.1221 0.7278 0.6749
vn 0.0000 -0.7278 0.6858
vn 0.0894 0.0000 0.9960
vn 0.0000 0.7278 0.6858
vn -0.1221 -0.7278 0.6749
vn -0.0894 0.0000 0.9960
vn -0.1221 0.7278 0.6749
vn -0.2392 -0.7274 0.6432
vn -0.2651 0.0000 0.9642
vn -0.2392 0.7274 0.6432
vn -0.3469 -0.7270 0.5926
vn -0.4292 0.0000 0.9032
vn -0.3469 0.7270 0.5926
vn -0.4428 -0.7267 0.5252
vn -0.5774 0.0000 0.8165
vn -0.4428 0.7267 0.5252
vn -0.5252 -0.7267 0.4428
vn -0.7071 0.0000 0.7071
vn -0.5252 0.7267 0.4428
vn -0.5926 -0.7270 0.3469
vn -0.8165 0.0000 0.5774
vn -0.5926 0.7270 0.3469
vn -0.6432 -0.7274 0.2392
vn -0.9032 0.0000 0.4292
vn -0.6432 0.7274 0.2392
vn -0.6749 -0.7278 0.1221
vn -0.9642 0.0000 0.2651
vn -0.6749 0.7278 0.1221
vn -0.6858 -0.7278 0.0000
vn -0.9960 0.0000 0.0894
vn -0.6858 0.7278 -0.0000
vn -0.9960 0.0000 -0.0894
vn -0.2610 -0.9391 0.2235
vn -0.6831 -0.7096 -0.1727
vn -0.9721 0.0000 -0.2344
vn -0.6831 0.7096 -0.1727
vn -0.2610 0.9391 0.2235
vn -0.6757 -0.7115 -0.1929
vn -0.9667 0.0000 -0.2558
vn -0.6757 0.7115 -0.1929
vn -0.6657 -0.7125 -0.2217
vn -0.9561 0.0000 -0.2931
vn -0.6657 0.7125 -0.2217
vn -0.6539 -0.7127 -0.2537
vn -0.9410 0.0000 -0.3385
vn -0.6539 0.7127 -0.2537
vn -0.6414 -0.7124 -0.2850
vn -0.9230 0.0000 -0.3847
vn -0.6414 0.7124 -0.2850
vn -0.6289 -0.7117 -0.3130
vn -0.9042 0.0000 -0.4271
vn -0.6289 0.7117 -0.3130
vn -0.6172 -0.7110 -0.3369
vn -0.8860 0.0000 -0.4638
vn -0.6172 0.7110 -0.3369
vn -0.6067 -0.7104 -0.3567
vn -0.8693 0.0000 -0.4943
vn -0.6067 0.7104 -0.3567
vn -0.7614 -0.5622 0.3229
vn -0.8546 0.0000 -0.5194
vn -0.7614 0.5622 0.3229
vn -0.1237 -0.6962 0.7071
vn -0.2207 0.0000 0.9753
vn -0.1237 0.6962 0.7071
vn -0.0559 -0.6969 0.7150
vn -0.1236 0.0000 0.9923
vn -0.0559 0.6969 0.7150
vn 0.0081 -0.6975 0.7166
vn -0.0321 0.0000 0.9995
vn 0.0081 0.6975 0.7166
vn 0.0691 -0.6978 0.7130
vn 0.0546 0.0000 0.9985
vn 0.0691 0.6978 0.7130
vn 0.1286 -0.6978 0.7047
vn 0.1381 0.0000 0.9904
vn 0.1286 0.6978 0.7047
vn 0.1886 -0.6974 0.6915
vn 0.2206 0.0000 0.9754
vn 0.1886 0.6974 0.6915
vn 0.2518 -0.6964 0.6721
vn 0.3051 0.0000 0.9523
vn 0.2518 0.6964 0.6721
vn 0.3222 -0.6944 0.6434
vn 0.3958 0.0000 0.9183
vn 0.3222 0.6944 0.6434
vn 0.3882 -0.6961 0.6039
vn 0.4983 0.0000 0.8670
vn 0.3882 0.6961 0.6039
vn 0.4328 -0.7003 0.5677
vn 0.5819 0.0000 0.8133
vn 0.4328 0.7003 0.5677
vn 0.4671 -0.7001 0.5400
vn 0.6301 0.0000 0.7765
vn 0.4671 0.7001 0.5400
vn 0.5016 -0.6996 0.5089
vn 0.6776 0.0000 0.7354
vn 0.5016 0.6996 0.5089
vn 0.5371 -0.6988 0.4725
vn 0.7257 0.0000 0.6880
vn 0.5371 0.6988 0.4725
vn 0.5736 -0.6978 0.4291
vn 0.7749 0.0000 0.6321
vn 0.5736 0.6978 0.4291
vn 0.6108 -0.6965 0.3766
vn 0.8252 0.0000 0.5649
vn 0.6108 0.6965 0.3766
vn 0.6472 -0.6951 0.3130
vn 0.8753 0.0000 0.4836
vn 0.6472 0.6951 0.3130
vn 0.6806 -0.6935 0.2364
vn 0.9226 0.0000 0.3857
vn 0.6806 0.6935 0.2364
vn 0.7175 -0.5793 -0.3868
vn 0.9630 0.0000 0.2694
vn 0.7175 0.5793 -0.3868
vn -0.3332 -0.5832 -0.7408
vn 0.3043 0.0000 -0.9526
vn -0.3332 0.5832 -0.7408
vn -0.6315 -0.7140 -0.3023
vn -0.9146 0.0000 -0.4043
vn -0.6315 0.7140 -0.3023
vn -0.6114 -0.7143 -0.3406
vn -0.8885 0.0000 -0.4589
vn -0.6114 0.7143 -0.3406
vn -0.5881 -0.7145 -0.3790
vn -0.8578 0.0000 -0.5139
vn -0.5881 0.7145 -0.3790
vn -0.5614 -0.7148 -0.4170
vn -0.8225 0.0000 -0.5688
vn -0.5614 0.7148 -0.4170
vn -0.5312 -0.7151 -0.4545
vn -0.7821 0.0000 -0.6231
vn -0.5312 0.7151 -0.4545
vn -0.4973 -0.7153 -0.4909
vn -0.7366 0.0000 -0.6763
vn -0.4973 0.7153 -0.4909
vn -0.4599 -0.7156 -0.5258
vn -0.6859 0.0000 -0.7277
vn -0.4599 0.7156 -0.5258
vn -0.4188 -0.7158 -0.5588
vn -0.6299 0.0000 -0.7767
vn -0.4188 0.7158 -0.5588
vn -0.3743 -0.7160 -0.5893
vn -0.5688 0.0000 -0.8225
vn -0.3743 0.7160 -0.5893
vn -0.3268 -0.7161 -0.6168
vn -0.5027 0.0000 -0.8645
vn -0.3268 0.7161 -0.6168
vn -0.2784 -0.7157 -0.6405
vn -0.4330 0.0000 -0.9014
vn -0.2784 0.7157 -0.6405
vn -0.2316 -0.7150 -0.6597
vn -0.3638 0.0000 -0.9315
vn -0.2316 0.7150 -0.6597
vn -0.1885 -0.7140 -0.6743
vn -0.2984 0.0000 -0.9544
vn -0.1885 0.7140 -0.6743
vn -0.1510 -0.7128 -0.6849
vn -0.2398 0.0000 -0.9708
vn -0.1510 0.7128 -0.6849
vn -0.1205 -0.7115 -0.6923
vn -0.1906 0.0000 -0.9817
vn -0.1205 0.7115 -0.6923
vn -0.0981 -0.7101 -0.6973
vn -0.1523 0.0000 -0.9883
vn -0.0981 0.7101 -0.6973
vn -0.0845 -0.7086 -0.7005
vn -0.1264 0.0000 -0.9920
vn -0.0845 0.7086 -0.7005
vn 0.2160 -0.9657 -0.1438
vn -0.1132 0.0000 -0.9936
vn 0.2160 0.9657 -0.1438
vn 0.6239 -0.7043 0.3386
vn 0.8730 0.0000 0.4877
vn 0.6239 0.7043 0.3386
vn 0.6378 -0.7019 0.3171
vn 0.8847 0.0000 0.4661
vn 0.6378 0.7019 0.3171
vn 0.6564 -0.6999 0.2817
vn 0.9056 0.0000 0.4240
vn 0.6564 0.6999 0.2817
vn 0.6760 -0.6985 0.2348
vn 0.9313 0.0000 0.3643
vn 0.6760 0.6985 0.2348
vn 0.6932 -0.6979 0.1801
vn 0.9566 0.0000 0.2913
vn 0.6932 0.6979 0.1801
vn 0.7057 -0.6979 0.1221
vn 0.9775 0.0000 0.2111
vn 0.7057 0.6979 0.1221
vn 0.7127 -0.6984 0.0650
vn 0.9916 0.0000 0.1296
vn 0.7127 0.6984 0.0650
vn 0.7148 -0.6992 0.0117
vn 0.9987 0.0000 0.0518
vn 0.7148 0.6992 0.0117
vn 0.7187 -0.6926 -0.0610
vn 0.9998 0.0000 -0.0190
vn 0.7187 0.6926 -0.0610
vn 0.7050 -0.6902 -0.1630
vn 0.9887 0.0000 -0.1497
vn 0.7050 0.6902 -0.1630
vn 0.6718 -0.6906 -0.2680
vn 0.9541 0.0000 -0.2996
vn 0.6718 0.6906 -0.2680
vn 0.6239 -0.6905 -0.3660
vn 0.8983 0.0000 -0.4394
vn 0.6239 0.6905 -0.3660
vn 0.5610 -0.6900 -0.4573
vn 0.8219 0.0000 -0.5697
vn 0.5610 0.6900 -0.4573
vn 0.4818 -0.6892 -0.5412
vn 0.7236 0.0000 -0.6902
vn 0.4818 0.6892 -0.5412
vn 0.3846 -0.6881 -0.6153
vn 0.6017 0.0000 -0.7988
vn 0.3846 0.6881 -0.6153
vn 0.2694 -0.6870 -0.6749
vn 0.4545 0.0000 -0.8907
vn 0.2694 0.6870 -0.6749
vn 0.1387 -0.6862 -0.7141
vn 0.2837 0.0000 -0.9589
vn 0.1387 0.6862 -0.7141
vn 0.0024 -0.6868 -0.7268
vn 0.0959 0.0000 -0.9954
vn 0.0024 0.6868 -0.7268
vn -0.1292 -0.6876 -0.7145
vn -0.1292 0.6876 -0.7145
vn -0.2529 -0.6879 -0.6803
vn -0.2529 0.6879 -0.6803
vn -0.3665 -0.6883 -0.6261
vn -0.3665 0.6883 -0.6261
vn -0.4675 -0.6885 -0.5545
vn -0.4675 0.6885 -0.5545
vn -0.5545 -0.6885 -0.4675
vn -0.5545 0.6885 -0.4675
vn -0.6261 -0.6883 -0.3665
vn -0.6261 0.6883 -0.3665
vn -0.6803 -0.6879 -0.2529
vn -0.6803 0.6879 -0.2529
vn -0.7145 -0.6876 -0.1292
vn -0.7145 0.6876 -0.1292
vn -0.7251 -0.6886 -0.0038
vn -0.7251 0.6886 -0.0038
vn -0.7153 -0.6891 0.1161
vn -0.9969 0.0000 0.0789
vn -0.7153 0.6891 0.1161
vn -0.6865 -0.6878 0.2359
vn -0.9707 0.0000 0.2405
vn -0.6865 0.6878 0.2359
vn -0.6330 -0.6861 0.3585
vn -0.9135 0.0000 0.4069
vn -0.6330 0.6861 0.3585
vn -0.5501 -0.6844 0.4785
vn -0.8188 0.0000 0.5741
vn -0.5501 0.6844 0.4785
vn -0.4364 -0.6832 0.5855
vn -0.6820 0.0000 0.7314
vn -0.4364 0.6832 0.5855
vn -0.2982 -0.6832 0.6666
vn -0.5061 0.0000 0.8625
vn -0.2982 0.6832 0.6666
vn -0.1498 -0.6845 0.7134
vn -0.3057 0.0000 0.9521
vn -0.1498 0.6845 0.7134
vn -0.0078 -0.6869 0.7267
vn -0.1032 0.0000 0.9947
vn -0.0078 0.6869 0.7267
vn 0.0819 0.0000 0.9966
vn 0.0000 -1.0000 -0.0000
vn 0.0000 1.0000 -0.0000
vn 0.6852 -0.7278 -0.0283
vn 0.6800 -0.7274 0.0928
vn 0.9988 0.0000 0.0480
vn 0.6800 0.7274 0.0928
vn 0.6852 0.7278 -0.0283
vn 0.6541 -0.7270 0.2090
vn 0.9752 0.0000 0.2215
vn 0.6541 0.7270 0.2090
vn 0.6093 -0.7267 0.3173
vn 0.9229 0.0000 0.3851
vn 0.6093 0.7267 0.3173
vn 0.5468 -0.7267 0.4158
vn 0.8445 0.0000 0.5355
vn 0.5468 0.7267 0.4158
vn 0.4680 -0.7270 0.5025
vn 0.7418 0.0000 0.6706
vn 0.4680 0.7270 0.5025
vn 0.3739 -0.7274 0.5755
vn 0.6162 0.0000 0.7876
vn 0.3739 0.7274 0.5755
vn 0.2666 -0.7278 0.6319
vn 0.4693 0.0000 0.8830
vn 0.2666 0.7278 0.6319
vn 0.1498 -0.7278 0.6692
vn 0.3049 0.0000 0.9524
vn 0.1498 0.7278 0.6692
vn 0.0283 -0.7278 0.6852
vn 0.1303 0.0000 0.9915
vn 0.0283 0.7278 0.6852
vn -0.0928 -0.7274 0.6800
vn -0.0480 0.0000 0.9988
vn -0.0928 0.7274 0.6800
vn -0.2090 -0.7270 0.6541
vn -0.2215 0.0000 0.9752
vn -0.2090 0.7270 0.6541
vn -0.3173 -0.7267 0.6093
vn -0.3851 0.0000 0.9229
vn -0.3173 0.7267 0.6093
vn -0.4158 -0.7267 0.5468
vn -0.5355 0.0000 0.8445
vn -0.4158 0.7267 0.5468
vn -0.5025 -0.7270 0.4680
vn -0.6706 0.0000 0.7418
vn -0.5025 0.7270 0.4680
vn -0.5755 -0.7274 0.3739
vn -0.7876 0.0000 0.6162
vn -0.5755 0.7274 0.3739
vn -0.6319 -0.7278 0.2666
vn -0.8830 0.0000 0.4694
vn -0.6319 0.7278 0.2666
vn -0.6692 -0.7278 0.1498
vn -0.9524 0.0000 0.3049
vn -0.6692 0.7278 0.1498
vn -0.6852 -0.7278 0.0283
vn -0.9915 0.0000 0.1303
vn -0.6852 0.7278 0.0283
vn -0.6800 -0.7274 -0.0928
vn -0.9988 0.0000 -0.0480
vn -0.6800 0.7274 -0.0928
vn -0.6541 -0.7270 -0.2090
vn -0.9752 0.0000 -0.2215
vn -0.6541 0.7270 -0.2090
vn -0.6093 -0.7267 -0.3173
vn -0.9229 0.0000 -0.3851
vn -0.6093 0.7267 -0.3173
vn -0.5468 -0.7267 -0.4158
vn -0.8445 0.0000 -0.5355
vn -0.5468 0.7267 -0.4158
vn -0.4680 -0.7270 -0.5025
vn -0.7418 0.0000 -0.6706
vn -0.4680 0.7270 -0.5025
vn -0.3739 -0.7274 -0.5755
vn -0.6162 0.0000 -0.7876
vn -0.3739 0.7274 -0.5755
vn -0.2666 -0.7278 -0.6319
vn -0.4693 0.0000 -0.8830
vn -0.2666 0.7278 -0.6319
vn -0.1498 -0.7278 -0.6692
vn -0.3049 0.0000 -0.9524
vn -0.1498 0.7278 -0.6692
vn -0.0283 -0.7278 -0.6852
vn -0.1303 0.0000 -0.9915
vn -0.0283 0.7278 -0.6852
vn 0.0928 -0.7274 -0.6800
vn 0.0480 0.0000 -0.9988
vn 0.0928 0.7274 -0.6800
vn 0.2090 -0.7270 -0.6541
vn 0.2215 0.0000 -0.9752
vn 0.2090 0.7270 -0.6541
vn 0.3173 -0.7267 -0.6093
vn 0.3851 0.0000 -0.9229
vn 0.3173 0.7267 -0.6093
vn 0.4158 -0.7267 -0.5468
vn 0.5355 0.0000 -0.8445
vn 0.4158 0.7267 -0.5468
vn 0.5025 -0.7270 -0.4680
vn 0.6706 0.0000 -0.7418
vn 0.5025 0.7270 -0.4680
vn 0.5755 -0.7274 -0.3739
vn 0.7876 0.0000 -0.6162
vn 0.5755 0.7274 -0.3739
vn 0.6319 -0.7278 -0.2666
vn 0.8830 0.0000 -0.4694
vn 0.6319 0.7278 -0.2666
vn 0.6692 -0.7278 -0.1498
vn 0.9524 0.0000 -0.3049
vn 0.6692 0.7278 -0.1498
vn 0.9915 0.0000 -0.1303
vn 0.0534 -0.7948 0.6046
vn -0.2719 -0.7421 0.6127
vn -0.2654 0.0000 0.9641
vn -0.2719 0.7421 0.6127
vn 0.0534 0.7948 0.6046
vn -0.4172 -0.7271 0.5453
vn -0.5368 0.0000 0.8437
vn -0.4172 0.7271 0.5453
vn -0.4957 -0.7199 0.4859
vn -0.6740 0.0000 0.7388
vn -0.4957 0.7199 0.4859
vn -0.5429 -0.7163 0.4384
vn -0.7521 0.0000 0.6590
vn -0.5429 0.7163 0.4384
vn -0.5747 -0.7143 0.3993
vn -0.8026 0.0000 0.5965
vn -0.5747 0.7143 0.3993
vn -0.5982 -0.7133 0.3652
vn -0.8389 0.0000 0.5442
vn -0.5982 0.7133 0.3652
vn -0.6170 -0.7128 0.3335
vn -0.8674 0.0000 0.4976
vn -0.6170 0.7128 0.3335
vn -0.6330 -0.7127 0.3022
vn -0.8914 0.0000 0.4532
vn -0.6330 0.7127 0.3022
vn -0.0162 -0.5495 0.8354
vn -0.9128 0.0000 0.4083
vn -0.0162 0.5495 0.8354
vn 0.6296 -0.7089 0.3178
vn 0.8963 0.0000 0.4435
vn 0.6296 0.7089 0.3178
vn 0.6212 -0.7103 0.3310
vn 0.8891 0.0000 0.4577
vn 0.6212 0.7103 0.3310
vn 0.6071 -0.7121 0.3525
vn 0.8757 0.0000 0.4828
vn 0.6071 0.7121 0.3525
vn 0.5845 -0.7147 0.3843
vn 0.8534 0.0000 0.5212
vn 0.5845 0.7147 0.3843
vn 0.5477 -0.7184 0.4289
vn 0.8168 0.0000 0.5769
vn 0.5477 0.7184 0.4289
vn 0.4865 -0.7241 0.4889
vn 0.7558 0.0000 0.6548
vn 0.4865 0.7241 0.4889
vn 0.3838 -0.7327 0.5621
vn 0.6511 0.0000 0.7590
vn 0.3838 0.7327 0.5621
vn 0.2203 -0.7432 0.6317
vn 0.4699 0.0000 0.8827
vn 0.2203 0.7432 0.6317
vn -0.0431 -0.7670 0.6401
vn 0.1809 0.0000 0.9835
vn -0.0431 0.7670 0.6401
vn -0.3410 -0.7652 0.5460
vn -0.3111 0.0000 0.9504
vn -0.3410 0.7652 0.5460
vn -0.5462 -0.7440 0.3847
vn -0.7175 0.0000 0.6965
vn -0.5462 0.7440 0.3847
vn -0.6401 -0.7288 0.2431
vn -0.8975 0.0000 0.4410
vn -0.6401 0.7288 0.2431
vn -0.6780 -0.7207 0.1445
vn -0.9640 0.0000 0.2660
vn -0.6780 0.7207 0.1445
vn -0.6935 -0.7164 0.0765
vn -0.9887 0.0000 0.1500
vn -0.6935 0.7164 0.0765
vn -0.6997 -0.7139 0.0273
vn -0.9976 0.0000 0.0691
vn -0.6997 0.7139 0.0273
vn -0.7016 -0.7125 -0.0103
vn -1.0000 0.0000 0.0090
vn -0.7016 0.7125 -0.0103
vn -0.7014 -0.7116 -0.0407
vn -0.9993 0.0000 -0.0383
vn -0.7014 0.7116 -0.0407
vn -0.5484 -0.5643 0.6171
vn -0.9970 0.0000 -0.0777
vn -0.5484 0.5643 0.6171
vn 0.1877 -0.6922 0.6969
vn 0.1941 0.0000 0.9810
vn 0.1877 0.6922 0.6969
vn 0.2736 -0.6941 0.6659
vn 0.3249 0.0000 0.9458
vn 0.2736 0.6941 0.6659
vn 0.3467 -0.6951 0.6298
vn 0.4340 0.0000 0.9009
vn 0.3467 0.6951 0.6298
vn 0.4115 -0.6955 0.5890
vn 0.5290 0.0000 0.8486
vn 0.4115 0.6955 0.5890
vn 0.4710 -0.6955 0.5427
vn 0.6148 0.0000 0.7886
vn 0.4710 0.6955 0.5427
vn 0.5268 -0.6950 0.4894
vn 0.6943 0.0000 0.7197
vn 0.5268 0.6950 0.4894
vn 0.5792 -0.6942 0.4273
vn 0.7688 0.0000 0.6395
vn 0.5792 0.6942 0.4273
vn 0.6273 -0.6933 0.3548
vn 0.8378 0.0000 0.5459
vn 0.6273 0.6933 0.3548
vn 0.6599 -0.6964 0.2820
vn 0.8996 0.0000 0.4368
vn 0.6599 0.6964 0.2820
vn 0.6757 -0.7007 0.2291
vn 0.9375 0.0000 0.3481
vn 0.6757 0.7007 0.2291
vn 0.6864 -0.7014 0.1920
vn 0.9559 0.0000 0.2938
vn 0.6864 0.7014 0.1920
vn 0.6940 -0.7022 0.1590
vn 0.9696 0.0000 0.2448
vn 0.6940 0.7022 0.1590
vn 0.6992 -0.7029 0.1303
vn 0.9795 0.0000 0.2016
vn 0.6992 0.7029 0.1303
vn 0.7025 -0.7037 0.1064
vn 0.9863 0.0000 0.1647
vn 0.7025 0.7037 0.1064
vn 0.7041 -0.7046 0.0878
vn 0.9909 0.0000 0.1347
vn 0.7041 0.7046 0.0878
vn 0.7044 -0.7057 0.0756
vn 0.9936 0.0000 0.1127
vn 0.7044 0.7057 0.0756
vn 0.7032 -0.7073 0.0718
vn 0.9949 0.0000 0.1007
vn 0.7032 0.7073 0.0718
vn 0.6372 -0.5782 -0.5096
vn 0.9947 0.0000 0.1026
vn 0.6372 0.5782 -0.5096
vn -0.4981 -0.5784 -0.6460
vn 0.1184 0.0000 -0.9930
vn -0.4981 0.5784 -0.6460
vn -0.6996 -0.7076 -0.0991
vn -0.9904 0.0000 -0.1381
vn -0.6996 0.7076 -0.0991
vn -0.6984 -0.7081 -0.1038
vn -0.9898 0.0000 -0.1424
vn -0.6984 0.7081 -0.1038
vn -0.6965 -0.7088 -0.1120
vn -0.9885 0.0000 -0.1515
vn -0.6965 0.7088 -0.1120
vn -0.6936 -0.7095 -0.1244
vn -0.9861 0.0000 -0.1660
vn -0.6936 0.7095 -0.1244
vn -0.6891 -0.7106 -0.1422
vn -0.9823 0.0000 -0.1871
vn -0.6891 0.7106 -0.1422
vn -0.6820 -0.7120 -0.1671
vn -0.9762 0.0000 -0.2170
vn -0.6820 0.7120 -0.1671
vn -0.6702 -0.7142 -0.2021
vn -0.9659 0.0000 -0.2589
vn -0.6702 0.7142 -0.2021
vn -0.6493 -0.7176 -0.2519
vn -0.9480 0.0000 -0.3183
vn -0.6493 0.7176 -0.2519
vn -0.6283 -0.7154 -0.3056
vn -0.6283 0.7154 -0.3056
vn -0.6169 -0.7102 -0.3393
vn -0.8828 0.0000 -0.4698
vn -0.6169 0.7102 -0.3393
vn -0.6038 -0.7116 -0.3591
vn -0.8695 0.0000 -0.4939
vn -0.6038 0.7116 -0.3591
vn -0.5846 -0.7134 -0.3865
vn -0.8491 0.0000 -0.5283
vn -0.5846 0.7134 -0.3865
vn -0.5575 -0.7152 -0.4215
vn -0.8187 0.0000 -0.5742
vn -0.5575 0.7152 -0.4215
vn -0.5212 -0.7170 -0.4629
vn -0.7757 0.0000 -0.6311
vn -0.5212 0.7170 -0.4629
vn -0.4755 -0.7182 -0.5079
vn -0.7182 0.0000 -0.6958
vn -0.4755 0.7182 -0.5079
vn -0.4227 -0.7186 -0.5522
vn -0.6470 0.0000 -0.7625
vn -0.4227 0.7186 -0.5522
vn -0.3672 -0.7179 -0.5914
vn -0.5672 0.0000 -0.8236
vn -0.3672 0.7179 -0.5914
vn 0.1481 -0.9523 -0.2667
vn -0.4866 0.0000 -0.8736
vn 0.1481 0.9523 -0.2667
vn 0.7082 -0.7048 -0.0419
vn 0.9988 0.0000 -0.0486
vn 0.7082 0.7048 -0.0419
vn 0.7091 -0.7021 -0.0652
vn 0.9976 0.0000 -0.0694
vn 0.7091 0.7021 -0.0652
vn 0.7071 -0.6988 -0.1078
vn 0.9935 0.0000 -0.1138
vn 0.7071 0.6988 -0.1078
vn 0.6979 -0.6944 -0.1751
vn 0.9823 0.0000 -0.1873
vn 0.6979 0.6944 -0.1751
vn 0.6713 -0.6885 -0.2744
vn 0.9544 0.0000 -0.2985
vn 0.6713 0.6885 -0.2744
vn 0.6074 -0.6813 -0.4086
vn 0.8902 0.0000 -0.4555
vn 0.6074 0.6813 -0.4086
vn 0.4811 -0.6752 -0.5592
vn 0.7575 0.0000 -0.6528
vn 0.4811 0.6752 -0.5592
vn 0.2924 -0.6741 -0.6783
vn 0.5323 0.0000 -0.8465
vn 0.2924 0.6741 -0.6783
vn 0.0969 -0.6812 -0.7257
vn 0.2499 0.0000 -0.9683
vn 0.0969 0.6812 -0.7257
vn -0.0997 -0.6753 -0.7308
vn 0.0128 0.0000 -0.9999
vn -0.0997 0.6753 -0.7308
vn -0.2883 -0.6810 -0.6731
vn -0.2803 0.0000 -0.9599
vn -0.2883 0.6810 -0.6731
vn -0.4176 -0.6879 -0.5936
vn -0.5015 0.0000 -0.8651
vn -0.4176 0.6879 -0.5936
vn -0.4971 -0.6937 -0.5213
vn -0.6448 0.0000 -0.7643
vn -0.4971 0.6937 -0.5213
vn -0.5445 -0.6979 -0.4652
vn -0.7328 0.0000 -0.6804
vn -0.5445 0.6979 -0.4652
vn -0.5726 -0.7010 -0.4251
vn -0.7864 0.0000 -0.6177
vn -0.5726 0.7010 -0.4251
vn -0.5887 -0.7034 -0.3984
vn -0.8188 0.0000 -0.5740
vn -0.5887 0.7034 -0.3984
vn -0.5965 -0.7054 -0.3829
vn -0.8373 0.0000 -0.5467
vn -0.5965 0.7054 -0.3829
vn 0.0202 -0.9637 -0.2661
vn -0.8457 0.0000 -0.5336
vn 0.0202 0.9637 -0.2661
vn 0.6467 -0.7033 -0.2951
vn 0.9166 0.0000 -0.3997
vn 0.6467 0.7033 -0.2951
vn 0.6341 -0.6994 -0.3298
vn 0.9026 0.0000 -0.4304
vn 0.6341 0.6994 -0.3298
vn 0.6059 -0.6952 -0.3867
vn 0.8707 0.0000 -0.4918
vn 0.6059 0.6952 -0.3867
vn 0.5551 -0.6910 -0.4630
vn 0.8128 0.0000 -0.5825
vn 0.5551 0.6910 -0.4630
vn 0.4746 -0.6874 -0.5497
vn 0.7189 0.0000 -0.6951
vn 0.4746 0.6874 -0.5497
vn 0.3639 -0.6856 -0.6305
vn 0.5828 0.0000 -0.8126
vn 0.3639 0.6856 -0.6305
vn 0.2347 -0.6861 -0.6886
vn 0.4122 0.0000 -0.9111
vn 0.2347 0.6861 -0.6886
vn 0.1061 -0.6884 -0.7175
vn 0.2300 0.0000 -0.9732
vn 0.1061 0.6884 -0.7175
vn -0.1065 -0.6641 -0.7400
vn 0.0616 0.0000 -0.9981
vn -0.1065 0.6641 -0.7400
vn -0.3721 -0.6695 -0.6429
vn -0.3406 0.0000 -0.9402
vn -0.3721 0.6695 -0.6429
vn -0.5354 -0.6814 -0.4990
vn -0.6456 0.0000 -0.7637
vn -0.5354 0.6814 -0.4990
vn -0.6202 -0.6882 -0.3763
vn -0.8071 0.0000 -0.5904
vn -0.6202 0.6882 -0.3763
vn -0.6678 -0.6919 -0.2745
vn -0.8964 0.0000 -0.4432
vn -0.6678 0.6919 -0.2745
vn -0.6960 -0.6937 -0.1854
vn -0.9490 0.0000 -0.3154
vn -0.6960 0.6937 -0.1854
vn -0.7120 -0.6946 -0.1027
vn -0.9801 0.0000 -0.1984
vn -0.7120 0.6946 -0.1027
vn -0.7187 -0.6949 -0.0229
vn -0.9962 0.0000 -0.0867
vn -0.7187 0.6949 -0.0229
vn -0.7169 -0.6949 0.0562
vn -0.9997 0.0000 0.0231
vn -0.7169 0.6949 0.0562
vn -0.7082 -0.6876 0.1602
vn -0.9911 0.0000 0.1328
vn -0.7082 0.6876 0.1602
vn -0.6684 -0.6873 0.2843
vn -0.9518 0.0000 0.3066
vn -0.6684 0.6873 0.2843
vn -0.6072 -0.6881 0.3972
vn -0.8810 0.0000 0.4730
vn -0.6072 0.6881 0.3972
vn -0.5306 -0.6888 0.4940
vn -0.7863 0.0000 0.6178
vn -0.5306 0.6888 0.4940
vn -0.4414 -0.6890 0.5748
vn -0.6723 0.0000 0.7403
vn -0.4414 0.6890 0.5748
vn -0.3407 -0.6889 0.6398
vn -0.5417 0.0000 0.8406
vn -0.3407 0.6889 0.6398
vn -0.2288 -0.6884 0.6883
vn -0.3952 0.0000 0.9186
vn -0.2288 0.6884 0.6883
vn -0.1062 -0.6877 0.7182
vn -0.2334 0.0000 0.9724
vn -0.1062 0.6877 0.7182
vn 0.0250 -0.6869 0.7263
vn -0.0579 0.0000 0.9983
vn 0.0250 0.6869 0.7263
vn 0.1573 -0.6871 0.7093
vn 0.1263 0.0000 0.9920
vn 0.1573 0.6871 0.7093
vn 0.2822 -0.6876 0.6690
vn 0.2822 0.6876 0.6690
vn 0.3954 -0.6879 0.6086
vn 0.4694 0.0000 0.8830
vn 0.3954 0.6879 0.6086
vn 0.4944 -0.6883 0.5309
vn 0.4944 0.6883 0.5309
vn 0.5773 -0.6885 0.4389
vn 0.5773 0.6885 0.4389
vn 0.6432 -0.6885 0.3350
vn 0.6432 0.6885 0.3350
vn 0.6910 -0.6883 0.2208
vn 0.6910 0.6883 0.2208
vn 0.7191 -0.6879 0.0982
vn 0.7191 0.6879 0.0982
vn 0.7255 -0.6876 -0.0300
vn 0.7255 0.6876 -0.0300
vn 0.7084 -0.6886 -0.1547
vn 0.7084 0.6886 -0.1547
vn 0.6726 -0.6891 -0.2696
vn 0.9556 0.0000 -0.2948
vn 0.6726 0.6891 -0.2696
vn 0.6184 -0.6878 -0.3802
vn 0.8947 0.0000 -0.4467
vn 0.6184 0.6878 -0.3802
vn 0.5394 -0.6861 -0.4881
vn 0.8025 0.0000 -0.5967
vn 0.5394 0.6861 -0.4881
vn 0.4323 -0.6844 -0.5872
vn 0.6736 0.0000 -0.7391
vn 0.4323 0.6844 -0.5872
vn 0.2979 -0.6832 -0.6667
vn 0.5057 0.0000 -0.8627
vn 0.2979 0.6832 -0.6667
vn 0.1454 -0.6832 -0.7156
vn 0.3054 0.0000 -0.9522
vn 0.1454 0.6832 -0.7156
vn -0.0097 -0.6845 -0.7289
vn 0.0903 0.0000 -0.9959
vn -0.0097 0.6845 -0.7289
vn -0.1512 -0.6869 -0.7109
vn -0.1166 0.0000 -0.9932
vn -0.1512 0.6869 -0.7109
vn 0.2053 -0.9411 -0.2685
vn -0.2976 0.0000 -0.9547
vn 0.2053 0.9411 -0.2685
vn 0.7010 -0.7120 0.0411
vn 0.9993 0.0000 0.0372
vn 0.7010 0.7120 0.0411
vn 0.6987 -0.7119 0.0708
vn 0.9968 0.0000 0.0798
vn 0.6987 0.7119 0.0708
vn 0.6941 -0.7126 0.1021
vn 0.9926 0.0000 0.1217
vn 0.6941 0.7126 0.1021
vn 0.6860 -0.7141 0.1396
vn 0.9856 0.0000 0.1693
vn 0.6860 0.7141 0.1396
vn 0.6710 -0.7170 0.1891
vn 0.9733 0.0000 0.2294
vn 0.6710 0.7170 0.1891
vn 0.6405 -0.7226 0.2599
vn 0.9499 0.0000 0.3126
vn 0.6405 0.7226 0.2599
vn 0.5709 -0.7346 0.3667
vn 0.8992 0.0000 0.4376
vn 0.5709 0.7346 0.3667
vn 0.4007 -0.7593 0.5127
vn 0.7720 0.0000 0.6356
vn 0.4007 0.7593 0.5127
vn 0.4302 0.0000 0.9027
vn 0.3015 -0.9045 0.3015
vn 0.3015 0.9045 0.3015
vn 0.3015 -0.9045 -0.3015
vn 0.3015 0.9045 -0.3015
vn -0.3015 -0.9045 -0.3015
vn -0.3015 0.9045 -0.3015
vn -0.3015 -0.9045 0.3015
vn -0.3015 0.9045 0.3015
vn -0.6255 -0.7278 0.2813
vn -0.6657 -0.7274 0.1669
vn -0.9450 0.0000 0.3272
vn -0.6657 0.7274 0.1669
vn -0.6255 0.7278 0.2813
vn -0.6849 -0.7269 0.0494
vn -0.9875 0.0000 0.1573
vn -0.6849 0.7269 0.0494
vn -0.6836 -0.7267 -0.0678
vn -0.9999 0.0000 -0.0139
vn -0.6836 0.7267 -0.0678
vn -0.6623 -0.7267 -0.1824
vn -0.9832 0.0000 -0.1828
vn -0.6623 0.7267 -0.1824
vn -0.6214 -0.7269 -0.2923
vn -0.9381 0.0000 -0.3463
vn -0.6214 0.7269 -0.2923
vn -0.5612 -0.7274 -0.3950
vn -0.8650 0.0000 -0.5017
vn -0.5612 0.7274 -0.3950
vn -0.4826 -0.7278 -0.4873
vn -0.7643 0.0000 -0.6449
vn -0.4826 0.7278 -0.4873
vn -0.3881 -0.7278 -0.5654
vn -0.6374 0.0000 -0.7705
vn -0.3881 0.7278 -0.5654
vn -0.2813 -0.7278 -0.6255
vn -0.4900 0.0000 -0.8717
vn -0.2813 0.7278 -0.6255
vn -0.1669 -0.7274 -0.6657
vn -0.3271 0.0000 -0.9450
vn -0.1669 0.7274 -0.6657
vn -0.0494 -0.7269 -0.6849
vn -0.1573 0.0000 -0.9875
vn -0.0494 0.7269 -0.6849
vn 0.0678 -0.7267 -0.6836
vn 0.0139 0.0000 -0.9999
vn 0.0678 0.7267 -0.6836
vn 0.1824 -0.7267 -0.6623
vn 0.1828 0.0000 -0.9832
vn 0.1824 0.7267 -0.6623
vn 0.2923 -0.7270 -0.6214
vn 0.3463 0.0000 -0.9381
vn 0.2923 0.7270 -0.6214
vn 0.3950 -0.7274 -0.5612
vn 0.5017 0.0000 -0.8650
vn 0.3950 0.7274 -0.5612
vn 0.4873 -0.7278 -0.4826
vn 0.6449 0.0000 -0.7643
vn 0.4873 0.7278 -0.4826
vn 0.5654 -0.7278 -0.3881
vn 0.7705 0.0000 -0.6374
vn 0.5654 0.7278 -0.3881
vn 0.6255 -0.7278 -0.2813
vn 0.8717 0.0000 -0.4900
vn 0.6255 0.7278 -0.2813
vn 0.6657 -0.7274 -0.1669
vn 0.9450 0.0000 -0.3272
vn 0.6657 0.7274 -0.1669
vn 0.6849 -0.7269 -0.0494
vn 0.9875 0.0000 -0.1573
vn 0.6849 0.7269 -0.0494
vn 0.6836 -0.7267 0.0678
vn 0.9999 0.0000 0.0139
vn 0.6836 0.7267 0.0678
vn 0.6623 -0.7267 0.1824
vn 0.9832 0.0000 0.1828
vn 0.6623 0.7267 0.1824
vn 0.6214 -0.7270 0.2923
vn 0.9381 0.0000 0.3463
vn 0.6214 0.7270 0.2923
vn 0.5612 -0.7274 0.3950
vn 0.8650 0.0000 0.5017
vn 0.5612 0.7274 0.3950
vn 0.4826 -0.7278 0.4873
vn 0.7643 0.0000 0.6449
vn 0.4826 0.7278 0.4873
vn 0.3881 -0.7278 0.5654
vn 0.6374 0.0000 0.7705
vn 0.3881 0.7278 0.5654
vn 0.2813 -0.7278 0.6255
vn 0.4900 0.0000 0.8717
vn 0.2813 0.7278 0.6255
vn 0.1669 -0.7274 0.6657
vn 0.3272 0.0000 0.9450
vn 0.1669 0.7274 0.6657
vn 0.0494 -0.7270 0.6849
vn 0.1573 0.0000 0.9875
vn 0.0494 0.7270 0.6849
vn -0.0678 -0.7267 0.6836
vn -0.0139 0.0000 0.9999
vn -0.0678 0.7267 0.6836
vn -0.1824 -0.7267 0.6623
vn -0.1827 0.0000 0.9832
vn -0.1824 0.7267 0.6623
vn -0.2923 -0.7270 0.6214
vn -0.3463 0.0000 0.9381
vn -0.2923 0.7270 0.6214
vn -0.3950 -0.7274 0.5612
vn -0.5017 0.0000 0.8650
vn -0.3950 0.7274 0.5612
vn -0.4873 -0.7278 0.4826
vn -0.6449 0.0000 0.7643
vn -0.4873 0.7278 0.4826
vn -0.5654 -0.7278 0.3881
vn -0.7705 0.0000 0.6374
vn -0.5654 0.7278 0.3881
vn -0.8717 0.0000 0.4900
vn -0.4859 -0.6907 0.5356
vn -0.4013 -0.6909 0.6014
vn -0.6149 0.0000 0.7886
vn -0.4013 0.6909 0.6014
vn -0.4859 0.6907 0.5356
vn -0.3078 -0.6906 0.6544
vn -0.4922 0.0000 0.8705
vn -0.3078 0.6906 0.6544
vn -0.2049 -0.6900 0.6942
vn -0.3567 0.0000 0.9342
vn -0.2049 0.6900 0.6942
vn -0.0919 -0.6891 0.7188
vn -0.2078 0.0000 0.9782
vn -0.0919 0.6891 0.7188
vn 0.0307 -0.6880 0.7251
vn -0.0451 0.0000 0.9990
vn 0.0307 0.6880 0.7251
vn 0.1601 -0.6869 0.7089
vn 0.1293 0.0000 0.9916
vn 0.1601 0.6869 0.7089
vn 0.2901 -0.6862 0.6670
vn 0.3093 0.0000 0.9510
vn 0.2901 0.6862 0.6670
vn 0.4095 -0.6869 0.6004
vn 0.4847 0.0000 0.8747
vn 0.4095 0.6869 0.6004
vn 0.5109 -0.6876 0.5159
vn 0.5109 0.6876 0.5159
vn 0.5935 -0.6879 0.4177
vn 0.5935 0.6879 0.4177
vn 0.6565 -0.6883 0.3087
vn 0.6565 0.6883 0.3087
vn 0.6992 -0.6885 0.1926
vn 0.6992 0.6885 0.1926
vn 0.7217 -0.6885 0.0716
vn 0.7217 0.6885 0.0716
vn 0.7236 -0.6883 -0.0522
vn 0.7236 0.6883 -0.0522
vn 0.7040 -0.6879 -0.1765
vn 0.7040 0.6879 -0.1765
vn 0.6622 -0.6876 -0.2979
vn 0.6622 0.6876 -0.2979
vn 0.5995 -0.6883 -0.4085
vn 0.5995 0.6883 -0.4085
vn 0.5211 -0.6884 -0.5045
vn 0.7750 0.0000 -0.6319
vn 0.5211 0.6884 -0.5045
vn 0.4269 -0.6880 -0.5869
vn 0.6566 0.0000 -0.7542
vn 0.4269 0.6880 -0.5869
vn 0.3178 -0.6878 -0.6527
vn 0.5155 0.0000 -0.8569
vn 0.3178 0.6878 -0.6527
vn 0.1982 -0.6878 -0.6983
vn 0.3567 0.0000 -0.9342
vn 0.1982 0.6878 -0.6983
vn 0.0733 -0.6880 -0.7220
vn 0.1871 0.0000 -0.9823
vn 0.0733 0.6880 -0.7220
vn -0.0515 -0.6885 -0.7234
vn 0.0140 0.0000 -0.9999
vn -0.0515 0.6885 -0.7234
vn -0.1711 -0.6891 -0.7042
vn -0.1554 0.0000 -0.9878
vn -0.1711 0.6891 -0.7042
vn -0.2815 -0.6898 -0.6670
vn -0.3151 0.0000 -0.9491
vn -0.2815 0.6898 -0.6670
vn -0.3857 -0.6889 -0.6137
vn -0.4601 0.0000 -0.8879
vn -0.3857 0.6889 -0.6137
vn -0.4590 -0.6961 -0.5520
vn -0.6004 0.0000 -0.7997
vn -0.4590 0.6961 -0.5520
vn -0.5097 -0.6967 -0.5048
vn -0.6767 0.0000 -0.7363
vn -0.5097 0.6967 -0.5048
vn -0.5521 -0.6976 -0.4566
vn -0.7427 0.0000 -0.6697
vn -0.5521 0.6976 -0.4566
vn -0.5860 -0.6988 -0.4103
vn -0.7971 0.0000 -0.6039
vn -0.5860 0.6988 -0.4103
vn -0.6118 -0.7001 -0.3682
vn -0.8401 0.0000 -0.5424
vn -0.6118 0.7001 -0.3682
vn -0.6305 -0.7015 -0.3323
vn -0.8727 0.0000 -0.4883
vn -0.6305 0.7015 -0.3323
vn -0.6431 -0.7030 -0.3038
vn -0.8961 0.0000 -0.4438
vn -0.6431 0.7030 -0.3038
vn -0.6504 -0.7046 -0.2839
vn -0.9119 0.0000 -0.4104
vn -0.6504 0.7046 -0.2839
vn -0.0581 -0.9474 -0.3147
vn -0.9210 0.0000 -0.3895
vn -0.0581 0.9474 -0.3147
vn -0.0036 -0.5748 -0.8183
vn 0.7212 0.0000 -0.6927
vn -0.0036 0.5748 -0.8183
vn -0.0473 -0.8868 -0.4597
vn -0.7273 0.0000 -0.6863
vn -0.0473 0.8868 -0.4597
vn 0.4089 -0.7093 -0.5743
vn 0.5722 0.0000 -0.8201
vn 0.4089 0.7093 -0.5743
vn 0.4237 -0.7113 -0.5608
vn 0.5877 0.0000 -0.8091
vn 0.4237 0.7113 -0.5608
vn 0.4477 -0.7133 -0.5393
vn 0.6176 0.0000 -0.7865
vn 0.4477 0.7133 -0.5393
vn 0.4789 -0.7150 -0.5094
vn 0.6595 0.0000 -0.7517
vn 0.4789 0.7150 -0.5094
vn 0.5146 -0.7163 -0.4713
vn 0.7098 0.0000 -0.7044
vn 0.5146 0.7163 -0.4713
vn 0.5517 -0.7171 -0.4260
vn 0.7640 0.0000 -0.6452
vn 0.5517 0.7171 -0.4260
vn 0.5869 -0.7174 -0.3754
vn 0.8174 0.0000 -0.5761
vn 0.5869 0.7174 -0.3754
vn 0.6182 -0.7172 -0.3217
vn 0.8658 0.0000 -0.5003
vn 0.6182 0.7172 -0.3217
vn 0.6442 -0.7174 -0.2651
vn 0.9066 0.0000 -0.4220
vn 0.6442 0.7174 -0.2651
vn 0.6655 -0.7181 -0.2035
vn 0.9410 0.0000 -0.3383
vn 0.6655 0.7181 -0.2035
vn 0.6820 -0.7182 -0.1381
vn 0.9693 0.0000 -0.2460
vn 0.6820 0.7182 -0.1381
vn 0.6920 -0.7185 -0.0702
vn 0.9886 0.0000 -0.1505
vn 0.6920 0.7185 -0.0702
vn 0.6950 -0.7190 0.0006
vn 0.9987 0.0000 -0.0512
vn 0.6950 0.7190 0.0006
vn 0.6903 -0.7197 0.0748
vn 0.9986 0.0000 0.0529
vn 0.6903 0.7197 0.0748
vn 0.6765 -0.7205 0.1522
vn 0.9868 0.0000 0.1621
vn 0.6765 0.7205 0.1522
vn 0.6523 -0.7214 0.2324
vn 0.9611 0.0000 0.2762
vn 0.6523 0.7214 0.2324
vn 0.6161 -0.7224 0.3140
vn 0.9192 0.0000 0.3938
vn 0.6161 0.7224 0.3140
vn 0.5723 -0.7211 0.3906
vn 0.8587 0.0000 0.5124
vn 0.5723 0.7211 0.3906
vn 0.5256 -0.7192 0.4544
vn 0.7901 0.0000 0.6130
vn 0.5256 0.7192 0.4544
vn 0.4732 -0.7197 0.5080
vn 0.7208 0.0000 0.6931
vn 0.4732 0.7197 0.5080
vn 0.4116 -0.7206 0.5579
vn 0.6401 0.0000 0.7683
vn 0.4116 0.7206 0.5579
vn 0.3392 -0.7218 0.6032
vn 0.5451 0.0000 0.8384
vn 0.3392 0.7218 0.6032
vn 0.2549 -0.7232 0.6419
vn 0.4332 0.0000 0.9013
vn 0.2549 0.7232 0.6419
vn 0.1588 -0.7245 0.6707
vn 0.3031 0.0000 0.9529
vn 0.1588 0.7245 0.6707
vn 0.0531 -0.7255 0.6862
vn 0.1562 0.0000 0.9877
vn 0.0531 0.7255 0.6862
vn -0.0573 -0.7258 0.6855
vn -0.0023 0.0000 1.0000
vn -0.0573 0.7258 0.6855
vn -0.1474 -0.7183 0.6799
vn -0.1638 0.0000 0.9865
vn -0.1474 0.7183 0.6799
vn -0.1865 -0.7082 0.6809
vn -0.2595 0.0000 0.9658
vn -0.1865 0.7082 0.6809
vn -0.1876 -0.7062 0.6827
vn -0.2690 0.0000 0.9631
vn -0.1876 0.7062 0.6827
vn -0.1788 -0.7051 0.6862
vn -0.2610 0.0000 0.9653
vn -0.1788 0.7051 0.6862
vn -0.1638 -0.7042 0.6908
vn -0.2433 0.0000 0.9699
vn -0.1638 0.7042 0.6908
vn -0.1435 -0.7034 0.6962
vn -0.2181 0.0000 0.9759
vn -0.1435 0.7034 0.6962
vn -0.1177 -0.7025 0.7019
vn -0.1856 0.0000 0.9826
vn -0.1177 0.7025 0.7019
vn -0.0858 -0.7015 0.7074
vn -0.1452 0.0000 0.9894
vn -0.0858 0.7015 0.7074
vn -0.0467 -0.7004 0.7123
vn -0.0956 0.0000 0.9954
vn -0.0467 0.7004 0.7123
vn -0.0006 -0.6995 0.7147
vn -0.0352 0.0000 0.9994
vn -0.0006 0.6995 0.7147
vn 0.0459 -0.7002 0.7124
vn 0.0335 0.0000 0.9994
vn 0.0459 0.7002 0.7124
vn 0.0868 -0.7011 0.7077
vn 0.0951 0.0000 0.9955
vn 0.0868 0.7011 0.7077
vn 0.1224 -0.7018 0.7018
vn 0.1483 0.0000 0.9889
vn 0.1224 0.7018 0.7018
vn 0.1543 -0.7022 0.6951
vn 0.1952 0.0000 0.9808
vn 0.1543 0.7022 0.6951
vn 0.1840 -0.7024 0.6876
vn 0.2380 0.0000 0.9713
vn 0.1840 0.7024 0.6876
vn 0.2136 -0.7022 0.6792
vn 0.2790 0.0000 0.9603
vn 0.2136 0.7022 0.6792
vn 0.2461 -0.7014 0.6690
vn 0.3210 0.0000 0.9471
vn 0.2461 0.7014 0.6690
vn 0.2885 -0.6989 0.6544
vn 0.3694 0.0000 0.9293
vn 0.2885 0.6989 0.6544
vn 0.3561 -0.6929 0.6270
vn 0.4369 0.0000 0.8995
vn 0.3561 0.6929 0.6270
vn 0.4401 -0.6909 0.5735
vn 0.5489 0.0000 0.8359
vn 0.4401 0.6909 0.5735
vn 0.5190 -0.6911 0.5030
vn 0.6655 0.0000 0.7464
vn 0.5190 0.6911 0.5030
vn 0.5834 -0.6923 0.4248
vn 0.7669 0.0000 0.6417
vn 0.5834 0.6923 0.4248
vn 0.6302 -0.6943 0.3475
vn 0.8462 0.0000 0.5329
vn 0.6302 0.6943 0.3475
vn 0.6608 -0.6968 0.2790
vn 0.9022 0.0000 0.4313
vn 0.6608 0.6968 0.2790
vn 0.6787 -0.6994 0.2238
vn 0.9383 0.0000 0.3457
vn 0.6787 0.6994 0.2238
vn 0.6879 -0.7021 0.1841
vn 0.9599 0.0000 0.2803
vn 0.6879 0.7021 0.1841
vn 0.6913 -0.7046 0.1603
vn 0.9716 0.0000 0.2367
vn 0.6913 0.7046 0.1603
vn 0.6421 -0.5668 -0.5161
vn 0.9766 0.0000 0.2150
vn 0.6421 0.5668 -0.5161
vn -0.5207 -0.5870 -0.6199
vn -0.0000 0.0000 -1.0000
vn -0.5207 0.5870 -0.6199
vn -0.6927 -0.7096 -0.1293
vn -0.9850 0.0000 -0.1727
vn -0.6927 0.7096 -0.1293
vn -0.6855 -0.7121 -0.1515
vn -0.9810 0.0000 -0.1942
vn -0.6855 0.7121 -0.1515
vn -0.6736 -0.7147 -0.1885
vn -0.9715 0.0000 -0.2372
vn -0.6736 0.7147 -0.1885
vn -0.6543 -0.7173 -0.2396
vn -0.9535 0.0000 -0.3015
vn -0.6543 0.7173 -0.2396
vn -0.6248 -0.7197 -0.3026
vn -0.9227 0.0000 -0.3855
vn -0.6248 0.7197 -0.3026
vn -0.5828 -0.7217 -0.3734
vn -0.8746 0.0000 -0.4848
vn -0.5828 0.7217 -0.3734
vn -0.5276 -0.7228 -0.4462
vn -0.8060 0.0000 -0.5919
vn -0.5276 0.7228 -0.4462
vn -0.4614 -0.7230 -0.5142
vn -0.7176 0.0000 -0.6965
vn -0.4614 0.7230 -0.5142
vn -0.3735 -0.7272 -0.5759
vn -0.6149 0.0000 -0.7886
vn -0.3735 0.7272 -0.5759
vn -0.2953 -0.7185 -0.6297
vn -0.4691 0.0000 -0.8832
vn -0.2953 0.7185 -0.6297
vn -0.2467 -0.7137 -0.6556
vn -0.3791 0.0000 -0.9254
vn -0.2467 0.7137 -0.6556
vn -0.2127 -0.7124 -0.6688
vn -0.3251 0.0000 -0.9457
vn -0.2127 0.7124 -0.6688
vn -0.1825 -0.7121 -0.6780
vn -0.2810 0.0000 -0.9597
vn -0.1825 0.7121 -0.6780
vn -0.1524 -0.7122 -0.6853
vn -0.2389 0.0000 -0.9711
vn -0.1524 0.7122 -0.6853
vn -0.1202 -0.7126 -0.6912
vn -0.1951 0.0000 -0.9808
vn -0.1202 0.7126 -0.6912
vn -0.0846 -0.7132 -0.6958
vn -0.1474 0.0000 -0.9891
vn -0.0846 0.7132 -0.6958
vn -0.0443 -0.7141 -0.6987
vn -0.0939 0.0000 -0.9956
vn -0.0443 0.7141 -0.6987
vn 0.0010 -0.7148 -0.6993
vn -0.0325 0.0000 -0.9995
vn 0.0010 0.7148 -0.6993
vn 0.0456 -0.7139 -0.6988
vn 0.0355 0.0000 -0.9994
vn 0.0456 0.7139 -0.6988
vn 0.0832 -0.7125 -0.6967
vn 0.0948 0.0000 -0.9955
vn 0.0832 0.7125 -0.6967
vn 0.1132 -0.7114 -0.6936
vn 0.1423 0.0000 -0.9898
vn 0.1132 0.7114 -0.6936
vn 0.1368 -0.7105 -0.6903
vn 0.1799 0.0000 -0.9837
vn 0.1368 0.7105 -0.6903
vn 0.1547 -0.7096 -0.6875
vn 0.2089 0.0000 -0.9779
vn 0.1547 0.7096 -0.6875
vn 0.1669 -0.7086 -0.6856
vn 0.1669 0.7086 -0.6856
vn 0.1731 -0.7075 -0.6852
vn 0.2431 0.0000 -0.9700
vn 0.1731 0.7075 -0.6852
vn 0.1712 -0.7060 -0.6872
vn 0.2467 0.0000 -0.9691
vn 0.1712 0.7060 -0.6872
vn 0.1354 -0.6962 -0.7050
vn 0.2369 0.0000 -0.9715
vn 0.1354 0.6962 -0.7050
vn 0.0449 -0.6899 -0.7225
vn 0.1400 0.0000 -0.9902
vn 0.0449 0.6899 -0.7225
vn -0.0615 -0.6919 -0.7193
vn -0.0163 0.0000 -0.9999
vn -0.0615 0.6919 -0.7193
vn -0.1547 -0.6934 -0.7038
vn -0.1535 0.0000 -0.9881
vn -0.1547 0.6934 -0.7038
vn -0.2384 -0.6941 -0.6792
vn -0.2751 0.0000 -0.9614
vn -0.2384 0.6941 -0.6792
vn -0.3160 -0.6942 -0.6467
vn -0.3860 0.0000 -0.9225
vn -0.3160 0.6942 -0.6467
vn -0.3910 -0.6936 -0.6050
vn -0.4906 0.0000 -0.8714
vn -0.3910 0.6936 -0.6050
vn -0.4661 -0.6923 -0.5510
vn -0.5929 0.0000 -0.8052
vn -0.4661 0.6923 -0.5510
vn -0.5426 -0.6900 -0.4791
vn -0.6958 0.0000 -0.7183
vn -0.5426 0.6900 -0.4791
vn -0.6156 -0.6880 -0.3842
vn -0.7990 0.0000 -0.6013
vn -0.6156 0.6880 -0.3842
vn -0.6680 -0.6903 -0.2780
vn -0.8912 0.0000 -0.4536
vn -0.6680 0.6903 -0.2780
vn -0.6975 -0.6932 -0.1816
vn -0.9499 0.0000 -0.3125
vn -0.6975 0.6932 -0.1816
vn -0.7113 -0.6957 -0.1003
vn -0.9817 0.0000 -0.1905
vn -0.7113 0.6957 -0.1003
vn -0.7157 -0.6977 -0.0328
vn -0.9961 0.0000 -0.0883
vn -0.7157 0.6977 -0.0328
vn -0.7146 -0.6992 0.0231
vn -1.0000 0.0000 -0.0033
vn -0.7146 0.6992 0.0231
vn -0.7104 -0.7003 0.0703
vn -0.9977 0.0000 0.0679
vn -0.7104 0.7003 0.0703
vn -0.7044 -0.7010 0.1112
vn -0.9917 0.0000 0.1288
vn -0.7044 0.7010 0.1112
vn -0.6972 -0.7013 0.1484
vn -0.9832 0.0000 0.1828
vn -0.6972 0.7013 0.1484
vn -0.6857 -0.6793 0.2614
vn -0.9724 0.0000 0.2334
vn -0.6857 0.6793 0.2614
vn -0.6169 -0.6986 0.3625
vn -0.8809 0.0000 0.4733
vn -0.6169 0.6986 0.3625
vn -0.5859 -0.6972 0.4129
vn -0.8422 0.0000 0.5392
vn -0.5859 0.6972 0.4129
vn -0.5454 -0.6961 0.4670
vn -0.7910 0.0000 0.6118
vn -0.5454 0.6961 0.4670
vn -0.4952 -0.6955 0.5206
vn -0.7263 0.0000 0.6874
vn -0.4952 0.6955 0.5206
vn -0.4385 -0.6958 0.5689
vn -0.6502 0.0000 0.7598
vn -0.4385 0.6958 0.5689
vn -0.3814 -0.6972 0.6069
vn -0.5692 0.0000 0.8222
vn -0.3814 0.6972 0.6069
vn -0.3323 -0.6998 0.6323
vn -0.4940 0.0000 0.8695
vn -0.3323 0.6998 0.6323
vn -0.2989 -0.7032 0.6451
vn -0.4360 0.0000 0.8999
vn -0.2989 0.7032 0.6451
vn 0.1651 -0.5963 0.7856
vn -0.4047 0.0000 0.9145
vn 0.1651 0.5963 0.7856
vn -0.0042 -0.9174 0.3980
vn 0.7386 0.0000 0.6741
vn -0.0042 0.9174 0.3980
vn -0.5259 -0.7026 0.4794
vn -0.7525 0.0000 0.6586
vn -0.5259 0.7026 0.4794
vn -0.7252 0.0000 0.6885
vn 0.4092 -0.7278 0.5503
vn 0.3061 -0.7274 0.6142
vn 0.5227 0.0000 0.8525
vn 0.3061 0.7274 0.6142
vn 0.4092 0.7278 0.5503
vn 0.1955 -0.7269 0.6583
vn 0.3660 0.0000 0.9306
vn 0.1955 0.7269 0.6583
vn 0.0808 -0.7267 0.6822
vn 0.2014 0.0000 0.9795
vn 0.0808 0.7267 0.6822
vn -0.0357 -0.7267 0.6860
vn 0.0329 0.0000 0.9995
vn -0.0357 0.7267 0.6860
vn -0.1518 -0.7269 0.6697
vn -0.1365 0.0000 0.9906
vn -0.1518 0.7269 0.6697
vn -0.2650 -0.7274 0.6330
vn -0.3040 0.0000 0.9527
vn -0.2650 0.7274 0.6330
vn -0.3722 -0.7278 0.5761
vn -0.4655 0.0000 0.8851
vn -0.3722 0.7278 0.5761
vn -0.4687 -0.7278 0.5006
vn -0.6154 0.0000 0.7882
vn -0.4687 0.7278 0.5006
vn -0.5503 -0.7278 0.4092
vn -0.7460 0.0000 0.6660
vn -0.5503 0.7278 0.4092
vn -0.6142 -0.7274 0.3061
vn -0.8525 0.0000 0.5227
vn -0.6142 0.7274 0.3061
vn -0.6583 -0.7270 0.1955
vn -0.9306 0.0000 0.3660
vn -0.6583 0.7270 0.1955
vn -0.6822 -0.7267 0.0808
vn -0.9795 0.0000 0.2014
vn -0.6822 0.7267 0.0808
vn -0.6860 -0.7267 -0.0357
vn -0.9995 0.0000 0.0329
vn -0.6860 0.7267 -0.0357
vn -0.6697 -0.7270 -0.1518
vn -0.9906 0.0000 -0.1365
vn -0.6697 0.7270 -0.1518
vn -0.6330 -0.7274 -0.2651
vn -0.9527 0.0000 -0.3040
vn -0.6330 0.7274 -0.2651
vn -0.5761 -0.7278 -0.3722
vn -0.8851 0.0000 -0.4655
vn -0.5761 0.7278 -0.3722
vn -0.5006 -0.7278 -0.4687
vn -0.7882 0.0000 -0.6154
vn -0.5006 0.7278 -0.4687
vn -0.4092 -0.7278 -0.5504
vn -0.6659 0.0000 -0.7460
vn -0.4092 0.7278 -0.5504
vn -0.3061 -0.7274 -0.6142
vn -0.5227 0.0000 -0.8525
vn -0.3061 0.7274 -0.6142
vn -0.1955 -0.7269 -0.6583
vn -0.3660 0.0000 -0.9306
vn -0.1955 0.7269 -0.6583
vn -0.0808 -0.7267 -0.6822
vn -0.2014 0.0000 -0.9795
vn -0.0808 0.7267 -0.6822
vn 0.0357 -0.7267 -0.6860
vn -0.0329 0.0000 -0.9995
vn 0.0357 0.7267 -0.6860
vn 0.1518 -0.7270 -0.6697
vn 0.1365 0.0000 -0.9906
vn 0.1518 0.7270 -0.6697
vn 0.2651 -0.7274 -0.6330
vn 0.3040 0.0000 -0.9527
vn 0.2651 0.7274 -0.6330
vn 0.3721 -0.7278 -0.5761
vn 0.4655 0.0000 -0.8851
vn 0.3721 0.7278 -0.5761
vn 0.4687 -0.7278 -0.5006
vn 0.6154 0.0000 -0.7882
vn 0.4687 0.7278 -0.5006
vn 0.5504 -0.7278 -0.4092
vn 0.7460 0.0000 -0.6659
vn 0.5504 0.7278 -0.4092
vn 0.6142 -0.7274 -0.3061
vn 0.8525 0.0000 -0.5227
vn 0.6142 0.7274 -0.3061
vn 0.6583 -0.7270 -0.1955
vn 0.9306 0.0000 -0.3660
vn 0.6583 0.7270 -0.1955
vn 0.6822 -0.7267 -0.0808
vn 0.9795 0.0000 -0.2014
vn 0.6822 0.7267 -0.0808
vn 0.6860 -0.7267 0.0357
vn 0.9995 0.0000 -0.0329
vn 0.6860 0.7267 0.0357
vn 0.6697 -0.7269 0.1518
vn 0.9906 0.0000 0.1366
vn 0.6697 0.7269 0.1518
vn 0.6330 -0.7274 0.2650
vn 0.9527 0.0000 0.3040
vn 0.6330 0.7274 0.2650
vn 0.5761 -0.7278 0.3722
vn 0.8851 0.0000 0.4655
vn 0.5761 0.7278 0.3722
vn 0.5006 -0.7278 0.4687
vn 0.7882 0.0000 0.6154
vn 0.5006 0.7278 0.4687
vn 0.6660 0.0000 0.7460
vn -0.1903 -0.7011 -0.6872
vn -0.2277 -0.7009 -0.6759
vn -0.2928 0.0000 -0.9562
vn -0.2277 0.7009 -0.6759
vn -0.1903 0.7011 -0.6872
vn -0.2658 -0.7006 -0.6622
vn -0.3453 0.0000 -0.9385
vn -0.2658 0.7006 -0.6622
vn -0.3053 -0.7002 -0.6454
vn -0.3993 0.0000 -0.9168
vn -0.3053 0.7002 -0.6454
vn -0.3468 -0.6996 -0.6248
vn -0.4556 0.0000 -0.8902
vn -0.3468 0.6996 -0.6248
vn -0.3902 -0.6989 -0.5994
vn -0.5145 0.0000 -0.8575
vn -0.3902 0.6989 -0.5994
vn -0.4356 -0.6982 -0.5682
vn -0.5760 0.0000 -0.8174
vn -0.4356 0.6982 -0.5682
vn -0.4824 -0.6973 -0.5301
vn -0.6398 0.0000 -0.7685
vn -0.4824 0.6973 -0.5301
vn -0.5468 -0.6906 -0.4734
vn -0.7049 0.0000 -0.7093
vn -0.5468 0.6906 -0.4734
vn -0.6251 -0.6853 -0.3736
vn -0.8030 0.0000 -0.5960
vn -0.6251 0.6853 -0.3736
vn -0.6794 -0.6889 -0.2525
vn -0.9053 0.0000 -0.4248
vn -0.6794 0.6889 -0.2525
vn -0.7084 -0.6911 -0.1435
vn -0.9630 0.0000 -0.2694
vn -0.7084 0.6911 -0.1435
vn -0.7207 -0.6920 -0.0421
vn -0.9919 0.0000 -0.1267
vn -0.7207 0.6920 -0.0421
vn -0.7199 -0.6917 0.0581
vn -0.9999 0.0000 0.0105
vn -0.7199 0.6917 0.0581
vn -0.7050 -0.6902 0.1631
vn -0.7050 0.6902 0.1631
vn -0.6706 -0.6876 0.2784
vn -0.9541 0.0000 0.2995
vn -0.6706 0.6876 0.2784
vn -0.6064 -0.6838 0.4059
vn -0.8858 0.0000 0.4641
vn -0.6064 0.6838 0.4059
vn -0.5068 -0.6842 0.5244
vn -0.7667 0.0000 0.6419
vn -0.5068 0.6842 0.5244
vn -0.3940 -0.6876 0.6099
vn -0.3940 0.6876 0.6099
vn -0.2803 -0.6879 0.6695
vn -0.2803 0.6879 0.6695
vn -0.1604 -0.6883 0.7075
vn -0.1604 0.6883 0.7075
vn -0.0377 -0.6885 0.7243
vn -0.0377 0.6885 0.7243
vn 0.0853 -0.6885 0.7202
vn 0.0853 0.6885 0.7202
vn 0.2066 -0.6883 0.6954
vn 0.2066 0.6883 0.6954
vn 0.3237 -0.6879 0.6496
vn 0.3237 0.6879 0.6496
vn 0.4333 -0.6876 0.5827
vn 0.4333 0.6876 0.5827
vn 0.5267 -0.6886 0.4984
vn 0.5267 0.6886 0.4984
vn 0.6015 -0.6891 0.4041
vn 0.7817 0.0000 0.6237
vn 0.6015 0.6891 0.4041
vn 0.6623 -0.6878 0.2970
vn 0.8729 0.0000 0.4878
vn 0.6623 0.6878 0.2970
vn 0.7071 -0.6861 0.1710
vn 0.9449 0.0000 0.3273
vn 0.7071 0.6861 0.1710
vn 0.7286 -0.6844 0.0267
vn 0.9901 0.0000 0.1405
vn 0.7286 0.6844 0.0267
vn 0.7187 -0.6832 -0.1291
vn 0.9977 0.0000 -0.0678
vn 0.7187 0.6832 -0.1291
vn 0.6732 -0.6832 -0.2828
vn 0.9589 0.0000 -0.2837
vn 0.6732 0.6832 -0.2828
vn 0.5970 -0.6845 -0.4184
vn 0.8739 0.0000 -0.4861
vn 0.5970 0.6845 -0.4184
vn 0.5024 -0.6869 -0.5252
vn 0.7551 0.0000 -0.6556
vn 0.5024 0.6869 -0.5252
vn 0.3405 -0.9401 0.0169
vn 0.6214 0.0000 -0.7835
vn 0.3405 0.9401 0.0169
vn 0.3572 -0.7151 0.6009
vn 0.5409 0.0000 0.8411
vn 0.3572 0.7151 0.6009
vn 0.3130 -0.7155 0.6246
vn 0.4805 0.0000 0.8770
vn 0.3130 0.7155 0.6246
vn 0.2680 -0.7150 0.6458
vn 0.4149 0.0000 0.9099
vn 0.2680 0.7150 0.6458
vn 0.2277 -0.7134 0.6627
vn 0.3512 0.0000 0.9363
vn 0.2277 0.7134 0.6627
vn 0.1977 -0.7112 0.6746
vn 0.2985 0.0000 0.9544
vn 0.1977 0.7112 0.6746
vn 0.1816 -0.7087 0.6818
vn 0.2640 0.0000 0.9645
vn 0.1816 0.7087 0.6818
vn 0.1797 -0.7064 0.6847
vn 0.2507 0.0000 0.9681
vn 0.1797 0.7064 0.6847
vn 0.1900 -0.7046 0.6837
vn 0.2570 0.0000 0.9664
vn 0.1900 0.7046 0.6837
vn 0.2008 -0.7059 0.6792
vn 0.2784 0.0000 0.9605
vn 0.2008 0.7059 0.6792
vn 0.2166 -0.7033 0.6771
vn 0.2885 0.0000 0.9575
vn 0.2166 0.7033 0.6771
vn 0.2393 -0.7033 0.6694
vn 0.3208 0.0000 0.9472
vn 0.2393 0.7033 0.6694
vn 0.2621 -0.7032 0.6609
vn 0.3525 0.0000 0.9358
vn 0.2621 0.7032 0.6609
vn 0.2857 -0.7030 0.6513
vn 0.3848 0.0000 0.9230
vn 0.2857 0.7030 0.6513
vn 0.3109 -0.7026 0.6401
vn 0.4186 0.0000 0.9082
vn 0.3109 0.7026 0.6401
vn 0.3382 -0.7021 0.6267
vn 0.4550 0.0000 0.8905
vn 0.3382 0.7021 0.6267
vn 0.3684 -0.7014 0.6102
vn 0.4947 0.0000 0.8691
vn 0.3684 0.7014 0.6102
vn 0.4020 -0.7005 0.5896
vn 0.5386 0.0000 0.8426
vn 0.4020 0.7005 0.5896
vn 0.4460 -0.6974 0.5610
vn 0.5876 0.0000 0.8091
vn 0.4460 0.6974 0.5610
vn 0.5011 -0.6948 0.5158
vn 0.6559 0.0000 0.7548
vn 0.5011 0.6948 0.5158
vn 0.5544 -0.6951 0.4576
vn 0.7356 0.0000 0.6775
vn 0.5544 0.6951 0.4576
vn 0.5985 -0.6960 0.3968
vn 0.8046 0.0000 0.5938
vn 0.5985 0.6960 0.3968
vn 0.6320 -0.6973 0.3380
vn 0.8602 0.0000 0.5100
vn 0.6320 0.6973 0.3380
vn 0.6556 -0.6990 0.2855
vn 0.9017 0.0000 0.4323
vn 0.6556 0.6990 0.2855
vn 0.6707 -0.7010 0.2425
vn 0.9307 0.0000 0.3658
vn 0.6707 0.7010 0.2425
vn 0.6792 -0.7030 0.2108
vn 0.9494 0.0000 0.3140
vn 0.6792 0.7030 0.2108
vn 0.6829 -0.7050 0.1914
vn 0.9604 0.0000 0.2788
vn 0.6829 0.7050 0.1914
vn 0.6552 -0.5647 -0.5019
vn 0.9653 0.0000 0.2610
vn 0.6552 0.5647 -0.5019
vn -0.4386 -0.6020 -0.6673
vn -0.0006 0.0000 -1.0000
vn -0.4386 0.6020 -0.6673
vn -0.6450 -0.7089 -0.2854
vn -0.9177 0.0000 -0.3973
vn -0.6450 0.7089 -0.2854
vn -0.6362 -0.7108 -0.3001
vn -0.9112 0.0000 -0.4120
vn -0.6362 0.7108 -0.3001
vn -0.6219 -0.7126 -0.3247
vn -0.8974 0.0000 -0.4412
vn -0.6219 0.7126 -0.3247
vn -0.6011 -0.7144 -0.3583
vn -0.8750 0.0000 -0.4841
vn -0.6011 0.7144 -0.3583
vn -0.5724 -0.7161 -0.3994
vn -0.8421 0.0000 -0.5393
vn -0.5724 0.7161 -0.3994
vn -0.5350 -0.7176 -0.4459
vn -0.7968 0.0000 -0.6043
vn -0.5350 0.7176 -0.4459
vn -0.4886 -0.7187 -0.4947
vn -0.7379 0.0000 -0.6749
vn -0.4886 0.7187 -0.4947
vn -0.4340 -0.7193 -0.5424
vn -0.6656 0.0000 -0.7463
vn -0.4340 0.7193 -0.5424
vn -0.3900 -0.7140 -0.5814
vn -0.5821 0.0000 -0.8131
vn -0.3900 0.7140 -0.5814
vn -0.3640 -0.7108 -0.6019
vn -0.5314 0.0000 -0.8471
vn -0.3640 0.7108 -0.6019
vn -0.3384 -0.7126 -0.6145
vn -0.5035 0.0000 -0.8640
vn -0.3384 0.7126 -0.6145
vn -0.3066 -0.7131 -0.6304
vn -0.4610 0.0000 -0.8874
vn -0.3066 0.7131 -0.6304
vn -0.2736 -0.7129 -0.6457
vn -0.4134 0.0000 -0.9105
vn -0.2736 0.7129 -0.6457
vn -0.2424 -0.7123 -0.6587
vn -0.3666 0.0000 -0.9304
vn -0.2424 0.7123 -0.6587
vn -0.2144 -0.7116 -0.6691
vn -0.3239 0.0000 -0.9461
vn -0.2144 0.7116 -0.6691
vn -0.1900 -0.7109 -0.6771
vn -0.2863 0.0000 -0.9581
vn -0.1900 0.7109 -0.6771
vn -0.1690 -0.7103 -0.6833
vn -0.2539 0.0000 -0.9672
vn -0.1690 0.7103 -0.6833
vn -0.1655 -0.7054 -0.6892
vn -0.2262 0.0000 -0.9741
vn -0.1655 0.7054 -0.6892
vn -0.2407 0.0000 -0.9706
# 1759 vertex normals

o Tone_Marks
g Tone_Marks
s 1
f 1//1 2//2 3//3 4//4 
s 4
f 2//2 5//5 6//6 3//3 
s 2
f 5//5 7//7 8//8 6//6 
s 4
f 7//7 1//1 4//4 8//8 
s 16
f 5//5 2//2 1//1 7//7 
f 6//6 8//8 4//4 3//3 
s 1
f 9//9 10//10 11//11 
f 10//10 12//12 11//11 
f 12//12 13//13 11//11 
f 13//13 9//9 11//11 
s 3
f 10//10 14//14 15//15 
f 14//14 16//16 15//15 
f 16//16 12//12 15//15 
f 12//12 10//10 15//15 
s 2
f 14//14 17//17 18//18 
f 17//17 19//19 18//18 
f 19//19 16//16 18//18 
f 16//16 14//14 18//18 
f 17//17 20//20 21//21 
f 20//20 22//22 21//21 
f 22//22 19//19 21//21 
f 19//19 17//17 21//21 
f 20//20 23//23 24//24 
f 23//23 25//25 24//24 
f 25//25 22//22 24//24 
f 22//22 20//20 24//24 
f 23//23 26//26 27//27 
f 26//26 28//28 27//27 
f 28//28 25//25 27//27 
f 25//25 23//23 27//27 
f 26//26 29//29 30//30 
f 29//29 31//31 30//30 
f 31//31 28//28 30//30 
f 28//28 26//26 30//30 
f 29//29 32//32 33//33 
f 32//32 34//34 33//33 
f 34//34 31//31 33//33 
f 31//31 29//29 33//33 
f 32//32 35//35 36//36 
f 35//35 37//37 36//36 
f 37//37 34//34 36//36 
f 34//34 32//32 36//36 
f 35//35 38//38 39//39 
f 38//38 40//40 39//39 
f 40//40 37//37 39//39 
f 37//37 35//35 39//39 
f 38//38 41//41 42//42 
f 41//41 43//43 42//42 
f 43//43 40//40 42//42 
f 40//40 38//38 42//42 
f 41//41 44//44 45//45 
f 44//44 46//46 45//45 
f 46//46 43//43 45//45 
f 43//43 41//41 45//45 
f 44//44 47//47 48//48 
f 47//47 49//49 48//48 
f 49//49 46//46 48//48 
f 46//46 44//44 48//48 
f 47//47 50//50 51//51 
f 50//50 52//52 51//51 
f 52//52 49//49 51//51 
f 49//49 47//47 51//51 
f 50//50 53//53 54//54 
f 53//53 55//55 54//54 
f 55//55 52//52 54//54 
f 52//52 50//50 54//54 
f 53//53 56//56 57//57 
f 56//56 58//58 57//57 
f 58//58 55//55 57//57 
f 55//55 53//53 57//57 
f 56//56 59//59 60//60 
f 59//59 61//61 60//60 
f 61//61 58//58 60//60 
f 58//58 56//56 60//60 
f 59//59 62//62 63//63 
f 62//62 64//64 63//63 
f 64//64 61//61 63//63 
f 61//61 59//59 63//63 
f 62//62 65//65 66//66 
f 65//65 67//67 66//66 
f 67//67 64//64 66//66 
f 64//64 62//62 66//66 
f 65//65 68//68 69//69 
f 68//68 70//70 69//69 
f 70//70 67//67 69//69 
f 67//67 65//65 69//69 
f 68//68 71//71 72//72 
f 71//71 73//73 72//72 
f 73//73 70//70 72//72 
f 70//70 68//68 72//72 
f 71//71 74//74 75//75 
f 74//74 76//76 75//75 
f 76//76 73//73 75//75 
f 73//73 71//71 75//75 
f 74//74 77//77 78//78 
f 77//77 79//79 78//78 
f 79//79 76//76 78//78 
f 76//76 74//74 78//78 
f 77//77 80//80 81//81 
f 80//80 82//82 81//81 
f 82//82 79//79 81//81 
f 79//79 77//77 81//81 
f 80//80 83//83 84//84 
f 83//83 85//85 84//84 
f 85//85 82//82 84//84 
f 82//82 80//80 84//84 
f 83//83 86//86 87//87 
f 86//86 88//88 87//87 
f 88//88 85//85 87//87 
f 85//85 83//83 87//87 
f 86//86 89//89 90//90 
f 89//89 91//91 90//90 
f 91//91 88//88 90//90 
f 88//88 86//86 90//90 
f 89//89 92//92 93//93 
f 92//92 94//94 93//93 
f 94//94 91//91 93//93 
f 91//91 89//89 93//93 
f 92//92 95//95 96//96 
f 95//95 97//97 96//96 
f 97//97 94//94 96//96 
f 94//94 92//92 96//96 
f 95//95 98//98 99//99 
f 98//98 100//100 99//99 
f 100//100 97//97 99//99 
f 97//97 95//95 99//99 
f 98//98 101//101 102//102 
f 101//101 103//103 102//102 
f 103//103 100//100 102//102 
f 100//100 98//98 102//102 
f 101//101 104//104 105//105 
f 104//104 106//106 105//105 
f 106//106 103//103 105//105 
f 103//103 101//101 105//105 
f 104//104 107//107 108//108 
f 107//107 109//109 108//108 
f 109//109 106//106 108//108 
f 106//106 104//104 108//108 
f 107//107 110//110 111//111 
f 110//110 112//112 111//111 
f 112//112 109//109 111//111 
f 109//109 107//107 111//111 
f 110//110 113//113 114//114 
f 113//113 115//115 114//114 
f 115//115 112//112 114//114 
f 112//112 110//110 114//114 
s 3
f 113//113 9//9 116//116 
f 9//9 13//13 116//116 
f 13//13 115//115 116//116 
f 115//115 113//113 116//116 
s 1
f 117//117 118//118 119//119 
f 118//118 120//120 119//119 
f 120//120 121//121 119//119 
f 121//121 117//117 119//119 
s 3
f 118//118 122//122 123//123 
f 122//122 124//124 123//123 
f 124//124 120//120 123//123 
f 120//120 118//118 123//123 
s 2
f 122//122 125//125 126//126 
f 125//125 127//127 126//126 
f 127//127 124//124 126//126 
f 124//124 122//122 126//126 
f 125//125 128//128 129//129 
f 128//128 130//130 129//129 
f 130//130 127//127 129//129 
f 127//127 125//125 129//129 
f 128//128 131//131 132//132 
f 131//131 133//133 132//132 
f 133//133 130//130 132//132 
f 130//130 128//128 132//132 
f 131//131 134//134 135//135 
f 134//134 136//136 135//135 
f 136//136 133//133 135//135 
f 133//133 131//131 135//135 
f 134//134 137//137 138//138 
f 137//137 139//139 138//138 
f 139//139 136//136 138//138 
f 136//136 134//134 138//138 
f 137//137 140//140 141//141 
f 140//140 142//142 141//141 
f 142//142 139//139 141//141 
f 139//139 137//137 141//141 
f 140//140 143//143 144//144 
f 143//143 145//145 144//144 
f 145//145 142//142 144//144 
f 142//142 140//140 144//144 
s 4
f 143//143 146//146 147//147 
f 146//146 148//148 147//147 
f 148//148 145//145 147//147 
f 145//145 143//143 147//147 
f 146//146 149//149 150//150 
f 149//149 151//151 150//150 
f 151//151 148//148 150//150 
f 148//148 146//146 150//150 
f 149//149 152//152 153//153 
f 152//152 154//154 153//153 
f 154//154 151//151 153//153 
f 151//151 149//149 153//153 
f 152//152 155//155 156//156 
f 155//155 157//157 156//156 
f 157//157 154//154 156//156 
f 154//154 152//152 156//156 
f 155//155 158//158 159//159 
f 158//158 160//160 159//159 
f 160//160 157//157 159//159 
f 157//157 155//155 159//159 
f 158//158 161//161 162//162 
f 161//161 163//163 162//162 
f 163//163 160//160 162//162 
f 160//160 158//158 162//162 
f 161//161 164//164 165//165 
f 164//164 166//166 165//165 
f 166//166 163//163 165//165 
f 163//163 161//161 165//165 
f 164//164 167//167 168//168 
f 167//167 169//169 168//168 
f 169//169 166//166 168//168 
f 166//166 164//164 168//168 
f 167//167 170//170 171//171 
f 170//170 172//172 171//171 
f 172//172 169//169 171//171 
f 169//169 167//167 171//171 
f 170//170 173//173 174//174 
f 173//173 175//175 174//174 
f 175//175 172//172 174//174 
f 172//172 170//170 174//174 
f 173//173 176//176 177//177 
f 176//176 178//178 177//177 
f 178//178 175//175 177//177 
f 175//175 173//173 177//177 
f 176//176 179//179 180//180 
f 179//179 181//181 180//180 
f 181//181 178//178 180//180 
f 178//178 176//176 180//180 
f 179//179 182//182 183//183 
f 182//182 184//184 183//183 
f 184//184 181//181 183//183 
f 181//181 179//179 183//183 
f 182//182 185//185 186//186 
f 185//185 187//187 186//186 
f 187//187 184//184 186//186 
f 184//184 182//182 186//186 
f 185//185 188//188 189//189 
f 188//188 190//190 189//189 
f 190//190 187//187 189//189 
f 187//187 185//185 189//189 
f 188//188 191//191 192//192 
f 191//191 193//193 192//192 
f 193//193 190//190 192//192 
f 190//190 188//188 192//192 
f 191//191 194//194 195//195 
f 194//194 196//196 195//195 
f 196//196 193//193 195//195 
f 193//193 191//191 195//195 
f 194//194 197//197 198//198 
f 197//197 199//199 198//198 
f 199//199 196//196 198//198 
f 196//196 194//194 198//198 
s 2
f 197//197 200//200 201//201 
f 200//200 202//202 201//201 
f 202//202 199//199 201//201 
f 199//199 197//197 201//201 
s 4
f 200//200 203//203 204//204 
f 203//203 205//205 204//204 
f 205//205 202//202 204//204 
f 202//202 200//200 204//204 
f 203//203 206//206 207//207 
f 206//206 208//208 207//207 
f 208//208 205//205 207//207 
f 205//205 203//203 207//207 
f 206//206 209//209 210//210 
f 209//209 211//211 210//210 
f 211//211 208//208 210//210 
f 208//208 206//206 210//210 
f 209//209 212//212 213//213 
f 212//212 214//214 213//213 
f 214//214 211//211 213//213 
f 211//211 209//209 213//213 
f 212//212 215//215 216//216 
f 215//215 217//217 216//216 
f 217//217 214//214 216//216 
f 214//214 212//212 216//216 
f 215//215 218//218 219//219 
f 218//218 220//220 219//219 
f 220//220 217//217 219//219 
f 217//217 215//215 219//219 
f 218//218 221//221 222//222 
f 221//221 223//223 222//222 
f 223//223 220//220 222//222 
f 220//220 218//218 222//222 
f 221//221 224//224 225//225 
f 224//224 226//226 225//225 
f 226//226 223//223 225//225 
f 223//223 221//221 225//225 
f 224//224 227//227 228//228 
f 227//227 229//229 228//228 
f 229//229 226//226 228//228 
f 226//226 224//224 228//228 
f 227//227 230//230 231//231 
f 230//230 232//232 231//231 
f 232//232 229//229 231//231 
f 229//229 227//227 231//231 
f 230//230 233//233 234//234 
f 233//233 235//235 234//234 
f 235//235 232//232 234//234 
f 232//232 230//230 234//234 
f 233//233 236//236 237//237 
f 236//236 238//238 237//237 
f 238//238 235//235 237//237 
f 235//235 233//233 237//237 
f 236//236 239//239 240//240 
f 239//239 241//241 240//240 
f 241//241 238//238 240//240 
f 238//238 236//236 240//240 
f 239//239 242//242 243//243 
f 242//242 244//244 243//243 
f 244//244 241//241 243//243 
f 241//241 239//239 243//243 
f 242//242 245//245 246//246 
f 245//245 247//247 246//246 
f 247//247 244//244 246//246 
f 244//244 242//242 246//246 
f 245//245 248//248 249//249 
f 248//248 250//250 249//249 
f 250//250 247//247 249//249 
f 247//247 245//245 249//249 
f 248//248 251//251 252//252 
f 251//251 253//253 252//252 
f 253//253 250//250 252//252 
f 250//250 248//248 252//252 
f 251//251 254//254 255//255 
f 254//254 256//256 255//255 
f 256//256 253//253 255//255 
f 253//253 251//251 255//255 
s 2
f 254//254 257//257 258//258 
f 257//257 259//259 258//258 
f 259//259 256//256 258//258 
f 256//256 254//254 258//258 
f 257//257 260//260 261//261 
f 260//260 262//262 261//261 
f 262//262 259//259 261//261 
f 259//259 257//257 261//261 
f 260//260 263//263 264//264 
f 263//263 265//265 264//264 
f 265//265 262//262 264//264 
f 262//262 260//260 264//264 
f 263//263 266//266 267//267 
f 266//266 268//268 267//267 
f 268//268 265//265 267//267 
f 265//265 263//263 267//267 
f 266//266 269//269 270//270 
f 269//269 271//271 270//270 
f 271//271 268//268 270//270 
f 268//268 266//266 270//270 
f 269//269 272//272 273//273 
f 272//272 274//274 273//273 
f 274//274 271//271 273//273 
f 271//271 269//269 273//273 
f 272//272 275//275 276//276 
f 275//275 277//277 276//276 
f 277//277 274//274 276//276 
f 274//274 272//272 276//276 
f 275//275 278//278 279//279 
f 278//278 280//280 279//279 
f 280//280 277//277 279//279 
f 277//277 275//275 279//279 
f 278//278 281//281 282//282 
f 281//281 283//283 282//282 
f 283//283 280//280 282//282 
f 280//280 278//278 282//282 
s 4
f 281//281 284//284 285//285 
f 284//284 286//286 285//285 
f 286//286 283//283 285//285 
f 283//283 281//281 285//285 
f 284//284 287//287 288//288 
f 287//287 289//289 288//288 
f 289//289 286//286 288//288 
f 286//286 284//284 288//288 
f 287//287 290//290 291//291 
f 290//290 292//292 291//291 
f 292//292 289//289 291//291 
f 289//289 287//287 291//291 
f 290//290 293//293 294//294 
f 293//293 295//295 294//294 
f 295//295 292//292 294//294 
f 292//292 290//290 294//294 
f 293//293 296//296 297//297 
f 296//296 298//298 297//297 
f 298//298 295//295 297//297 
f 295//295 293//293 297//297 
f 296//296 299//299 300//300 
f 299//299 301//301 300//300 
f 301//301 298//298 300//300 
f 298//298 296//296 300//300 
f 299//299 302//302 303//303 
f 302//302 304//304 303//303 
f 304//304 301//301 303//303 
f 301//301 299//299 303//303 
f 302//302 305//305 306//306 
f 305//305 307//307 306//306 
f 307//307 304//304 306//306 
f 304//304 302//302 306//306 
f 305//305 308//308 309//309 
f 308//308 310//310 309//309 
f 310//310 307//307 309//309 
f 307//307 305//305 309//309 
f 308//308 311//311 312//33 
f 311//311 313//312 312//33 
f 313//312 310//310 312//33 
f 310//310 308//308 312//33 
f 311//311 314//313 315//30 
f 314//313 316//314 315//30 
f 316//314 313//312 315//30 
f 313//312 311//311 315//30 
f 314//313 317//315 318//27 
f 317//315 319//316 318//27 
f 319//316 316//314 318//27 
f 316//314 314//313 318//27 
f 317//315 320//317 321//24 
f 320//317 322//318 321//24 
f 322//318 319//316 321//24 
f 319//316 317//315 321//24 
f 320//317 323//319 324//21 
f 323//319 325//320 324//21 
f 325//320 322//318 324//21 
f 322//318 320//317 324//21 
f 323//319 326//321 327//18 
f 326//321 328//322 327//18 
f 328//322 325//320 327//18 
f 325//320 323//319 327//18 
f 326//321 329//323 330//15 
f 329//323 331//324 330//15 
f 331//324 328//322 330//15 
f 328//322 326//321 330//15 
f 329//323 332//325 333//11 
f 332//325 334//326 333//11 
f 334//326 331//324 333//11 
f 331//324 329//323 333//11 
f 332//325 335//327 336//116 
f 335//327 337//328 336//116 
f 337//328 334//326 336//116 
f 334//326 332//325 336//116 
f 335//327 338//329 339//330 
f 338//329 340//331 339//330 
f 340//331 337//328 339//330 
f 337//328 335//327 339//330 
f 338//329 341//332 342//333 
f 341//332 343//334 342//333 
f 343//334 340//331 342//333 
f 340//331 338//329 342//333 
f 341//332 344//335 345//336 
f 344//335 346//337 345//336 
f 346//337 343//334 345//336 
f 343//334 341//332 345//336 
f 344//335 347//338 348//339 
f 347//338 349//340 348//339 
f 349//340 346//337 348//339 
f 346//337 344//335 348//339 
f 347//338 350//341 351//342 
f 350//341 352//343 351//342 
f 352//343 349//340 351//342 
f 349//340 347//338 351//342 
f 350//341 353//344 354//345 
f 353//344 355//346 354//345 
f 355//346 352//343 354//345 
f 352//343 350//341 354//345 
f 353//344 356//347 357//348 
f 356//347 358//349 357//348 
f 358//349 355//346 357//348 
f 355//346 353//344 357//348 
f 356//347 359//350 360//351 
f 359//350 361//352 360//351 
f 361//352 358//349 360//351 
f 358//349 356//347 360//351 
f 359//350 117//117 362//353 
f 117//117 121//121 362//353 
f 121//121 361//352 362//353 
f 361//352 359//350 362//353 
s 16
f 146//146 143//143 363//354 
f 143//143 140//140 363//354 
f 140//140 146//146 363//354 
f 196//196 199//199 364//355 
f 199//199 202//202 364//355 
f 202//202 205//205 364//355 
f 205//205 196//196 364//355 
f 140//140 137//137 365//354 
f 137//137 254//254 365//354 
f 254//254 152//152 365//354 
f 152//152 149//149 365//354 
f 149//149 146//146 365//354 
f 146//146 140//140 365//354 
f 137//137 134//134 366//354 
f 134//134 254//254 366//354 
f 254//254 137//137 366//354 
f 254//254 251//251 367//354 
f 251//251 152//152 367//354 
f 152//152 254//254 367//354 
f 251//251 248//248 368//354 
f 248//248 155//155 368//354 
f 155//155 152//152 368//354 
f 152//152 251//251 368//354 
f 248//248 245//245 369//354 
f 245//245 155//155 369//354 
f 155//155 248//248 369//354 
f 245//245 242//242 370//354 
f 242//242 158//158 370//354 
f 158//158 155//155 370//354 
f 155//155 245//245 370//354 
f 242//242 239//239 371//354 
f 239//239 161//161 371//354 
f 161//161 158//158 371//354 
f 158//158 242//242 371//354 
f 239//239 236//236 372//354 
f 236//236 161//161 372//354 
f 161//161 239//239 372//354 
f 236//236 233//233 373//354 
f 233//233 164//164 373//354 
f 164//164 161//161 373//354 
f 161//161 236//236 373//354 
f 233//233 230//230 374//354 
f 230//230 167//167 374//354 
f 167//167 164//164 374//354 
f 164//164 233//233 374//354 
f 230//230 227//227 375//354 
f 227//227 170//170 375//354 
f 170//170 167//167 375//354 
f 167//167 230//230 375//354 
f 227//227 224//224 376//354 
f 224//224 173//173 376//354 
f 173//173 170//170 376//354 
f 170//170 227//227 376//354 
f 224//224 221//221 377//354 
f 221//221 176//176 377//354 
f 176//176 173//173 377//354 
f 173//173 224//224 377//354 
f 221//221 218//218 378//354 
f 218//218 179//179 378//354 
f 179//179 176//176 378//354 
f 176//176 221//221 378//354 
f 218//218 215//215 379//354 
f 215//215 182//182 379//354 
f 182//182 179//179 379//354 
f 179//179 218//218 379//354 
f 215//215 212//212 380//354 
f 212//212 185//185 380//354 
f 185//185 182//182 380//354 
f 182//182 215//215 380//354 
f 212//212 209//209 381//354 
f 209//209 188//188 381//354 
f 188//188 185//185 381//354 
f 185//185 212//212 381//354 
f 209//209 206//206 382//354 
f 206//206 191//191 382//354 
f 191//191 188//188 382//354 
f 188//188 209//209 382//354 
f 206//206 203//203 383//354 
f 203//203 194//194 383//354 
f 194//194 191//191 383//354 
f 191//191 206//206 383//354 
f 203//203 200//200 384//354 
f 200//200 197//197 384//354 
f 197//197 194//194 384//354 
f 194//194 203//203 384//354 
f 134//134 131//131 385//354 
f 131//131 260//260 385//354 
f 260//260 257//257 385//354 
f 257//257 254//254 385//354 
f 254//254 134//134 385//354 
f 131//131 128//128 386//354 
f 128//128 263//263 386//354 
f 263//263 260//260 386//354 
f 260//260 131//131 386//354 
f 128//128 125//125 387//354 
f 125//125 266//266 387//354 
f 266//266 263//263 387//354 
f 263//263 128//128 387//354 
f 125//125 122//122 388//354 
f 122//122 266//266 388//354 
f 266//266 125//125 388//354 
f 122//122 118//118 389//354 
f 118//118 269//269 389//354 
f 269//269 266//266 389//354 
f 266//266 122//122 389//354 
f 118//118 117//117 390//354 
f 117//117 272//272 390//354 
f 272//272 269//269 390//354 
f 269//269 118//118 390//354 
f 117//117 391//354 23//23 392//354 
f 23//23 20//20 392//354 
f 20//20 275//275 392//354 
f 275//275 272//272 392//354 
f 272//272 117//117 392//354 
f 20//20 17//17 393//354 
f 17//17 275//275 393//354 
f 275//275 20//20 393//354 
f 17//17 14//14 394//354 
f 14//14 275//275 394//354 
f 275//275 17//17 394//354 
f 14//14 10//10 395//354 
f 10//10 278//278 395//354 
f 278//278 275//275 395//354 
f 275//275 14//14 395//354 
f 10//10 9//9 396//354 
f 9//9 278//278 396//354 
f 278//278 10//10 396//354 
f 9//9 113//113 397//354 
f 113//113 281//281 397//354 
f 281//281 278//278 397//354 
f 278//278 9//9 397//354 
f 113//113 110//110 398//354 
f 110//110 284//284 398//354 
f 284//284 281//281 398//354 
f 281//281 113//113 398//354 
f 110//110 107//107 399//354 
f 107//107 287//287 399//354 
f 287//287 284//284 399//354 
f 284//284 110//110 399//354 
f 107//107 104//104 400//354 
f 104//104 290//290 400//354 
f 290//290 287//287 400//354 
f 287//287 107//107 400//354 
f 104//104 101//101 401//354 
f 101//101 293//293 401//354 
f 293//293 290//290 401//354 
f 290//290 104//104 401//354 
f 101//101 98//98 402//354 
f 98//98 296//296 402//354 
f 296//296 293//293 402//354 
f 293//293 101//101 402//354 
f 98//98 95//95 403//354 
f 95//95 299//299 403//354 
f 299//299 296//296 403//354 
f 296//296 98//98 403//354 
f 95//95 92//92 404//354 
f 92//92 302//302 404//354 
f 302//302 299//299 404//354 
f 299//299 95//95 404//354 
f 92//92 89//89 405//354 
f 89//89 305//305 405//354 
f 305//305 302//302 405//354 
f 302//302 92//92 405//354 
f 89//89 86//86 406//354 
f 86//86 308//308 406//354 
f 308//308 305//305 406//354 
f 305//305 89//89 406//354 
f 86//86 83//83 407//354 
f 83//83 311//311 407//354 
f 311//311 308//308 407//354 
f 308//308 86//86 407//354 
f 83//83 80//80 408//354 
f 80//80 314//313 408//354 
f 314//313 311//311 408//354 
f 311//311 83//83 408//354 
f 80//80 77//77 409//354 
f 77//77 317//315 409//354 
f 317//315 314//313 409//354 
f 314//313 80//80 409//354 
f 77//77 74//74 410//354 
f 74//74 320//317 410//354 
f 320//317 317//315 410//354 
f 317//315 77//77 410//354 
f 74//74 71//71 411//354 
f 71//71 323//319 411//354 
f 323//319 320//317 411//354 
f 320//317 74//74 411//354 
f 71//71 68//68 412//354 
f 68//68 326//321 412//354 
f 326//321 323//319 412//354 
f 323//319 71//71 412//354 
f 68//68 65//65 413//354 
f 65//65 329//323 413//354 
f 329//323 326//321 413//354 
f 326//321 68//68 413//354 
f 65//65 62//62 414//354 
f 62//62 332//325 414//354 
f 332//325 329//323 414//354 
f 329//323 65//65 414//354 
f 62//62 59//59 415//354 
f 59//59 335//327 415//354 
f 335//327 332//325 415//354 
f 332//325 62//62 415//354 
f 59//59 56//56 416//354 
f 56//56 338//329 416//354 
f 338//329 335//327 416//354 
f 335//327 59//59 416//354 
f 56//56 53//53 417//354 
f 53//53 341//332 417//354 
f 341//332 338//329 417//354 
f 338//329 56//56 417//354 
f 53//53 50//50 418//354 
f 50//50 344//335 418//354 
f 344//335 341//332 418//354 
f 341//332 53//53 418//354 
f 50//50 47//47 419//354 
f 47//47 347//338 419//354 
f 347//338 344//335 419//354 
f 344//335 50//50 419//354 
f 47//47 44//44 420//354 
f 44//44 350//341 420//354 
f 350//341 347//338 420//354 
f 347//338 47//47 420//354 
f 44//44 41//41 421//354 
f 41//41 353//344 421//354 
f 353//344 350//341 421//354 
f 350//341 44//44 421//354 
f 41//41 38//38 422//354 
f 38//38 356//347 422//354 
f 356//347 353//344 422//354 
f 353//344 41//41 422//354 
f 38//38 35//35 423//354 
f 35//35 356//347 423//354 
f 356//347 38//38 423//354 
f 35//35 32//32 424//354 
f 32//32 359//350 424//354 
f 359//350 356//347 424//354 
f 356//347 35//35 424//354 
f 32//32 29//29 425//354 
f 29//29 117//117 425//354 
f 117//117 359//350 425//354 
f 359//350 32//32 425//354 
f 29//29 26//26 426//354 
f 26//26 117//117 426//354 
f 117//117 29//29 426//354 
f 26//26 23//23 391//354 
f 117//117 26//26 391//354 
f 205//205 208//208 427//355 
f 208//208 193//193 427//355 
f 193//193 196//196 427//355 
f 196//196 205//205 427//355 
f 208//208 211//211 428//355 
f 211//211 190//190 428//355 
f 190//190 193//193 428//355 
f 193//193 208//208 428//355 
f 211//211 214//214 429//355 
f 214//214 187//187 429//355 
f 187//187 190//190 429//355 
f 190//190 211//211 429//355 
f 214//214 217//217 430//355 
f 217//217 184//184 430//355 
f 184//184 187//187 430//355 
f 187//187 214//214 430//355 
f 217//217 220//220 431//355 
f 220//220 181//181 431//355 
f 181//181 184//184 431//355 
f 184//184 217//217 431//355 
f 220//220 223//223 432//355 
f 223//223 178//178 432//355 
f 178//178 181//181 432//355 
f 181//181 220//220 432//355 
f 223//223 226//226 433//355 
f 226//226 175//175 433//355 
f 175//175 178//178 433//355 
f 178//178 223//223 433//355 
f 226//226 229//229 434//355 
f 229//229 172//172 434//355 
f 172//172 175//175 434//355 
f 175//175 226//226 434//355 
f 229//229 232//232 435//355 
f 232//232 169//169 435//355 
f 169//169 172//172 435//355 
f 172//172 229//229 435//355 
f 232//232 235//235 436//355 
f 235//235 166//166 436//355 
f 166//166 169//169 436//355 
f 169//169 232//232 436//355 
f 235//235 238//238 437//355 
f 238//238 163//163 437//355 
f 163//163 166//166 437//355 
f 166//166 235//235 437//355 
f 238//238 241//241 438//355 
f 241//241 163//163 438//355 
f 163//163 238//238 438//355 
f 241//241 244//244 439//355 
f 244//244 160//160 439//355 
f 160//160 163//163 439//355 
f 163//163 241//241 439//355 
f 244//244 247//247 440//355 
f 247//247 157//157 440//355 
f 157//157 160//160 440//355 
f 160//160 244//244 440//355 
f 247//247 250//250 441//355 
f 250//250 157//157 441//355 
f 157//157 247//247 441//355 
f 250//250 253//253 442//355 
f 253//253 154//154 442//355 
f 154//154 157//157 442//355 
f 157//157 250//250 442//355 
f 253//253 256//256 443//355 
f 256//256 148//148 443//355 
f 148//148 151//151 443//355 
f 151//151 154//154 443//355 
f 154//154 253//253 443//355 
f 25//25 28//28 444//355 
f 28//28 121//121 444//355 
f 28//28 31//31 445//355 
f 31//31 121//121 445//355 
f 121//121 28//28 445//355 
f 31//31 34//34 446//355 
f 34//34 361//352 446//355 
f 361//352 121//121 446//355 
f 121//121 31//31 446//355 
f 34//34 37//37 447//355 
f 37//37 358//349 447//355 
f 358//349 361//352 447//355 
f 361//352 34//34 447//355 
f 37//37 40//40 448//355 
f 40//40 358//349 448//355 
f 358//349 37//37 448//355 
f 40//40 43//43 449//355 
f 43//43 355//346 449//355 
f 355//346 358//349 449//355 
f 358//349 40//40 449//355 
f 43//43 46//46 450//355 
f 46//46 352//343 450//355 
f 352//343 355//346 450//355 
f 355//346 43//43 450//355 
f 46//46 49//49 451//355 
f 49//49 349//340 451//355 
f 349//340 352//343 451//355 
f 352//343 46//46 451//355 
f 49//49 52//52 452//355 
f 52//52 346//337 452//355 
f 346//337 349//340 452//355 
f 349//340 49//49 452//355 
f 52//52 55//55 453//355 
f 55//55 343//334 453//355 
f 343//334 346//337 453//355 
f 346//337 52//52 453//355 
f 55//55 58//58 454//355 
f 58//58 340//331 454//355 
f 340//331 343//334 454//355 
f 343//334 55//55 454//355 
f 58//58 61//61 455//355 
f 61//61 337//328 455//355 
f 337//328 340//331 455//355 
f 340//331 58//58 455//355 
f 61//61 64//64 456//355 
f 64//64 334//326 456//355 
f 334//326 337//328 456//355 
f 337//328 61//61 456//355 
f 64//64 67//67 457//355 
f 67//67 331//324 457//355 
f 331//324 334//326 457//355 
f 334//326 64//64 457//355 
f 67//67 70//70 458//355 
f 70//70 328//322 458//355 
f 328//322 331//324 458//355 
f 331//324 67//67 458//355 
f 70//70 73//73 459//355 
f 73//73 325//320 459//355 
f 325//320 328//322 459//355 
f 328//322 70//70 459//355 
f 73//73 76//76 460//355 
f 76//76 322//318 460//355 
f 322//318 325//320 460//355 
f 325//320 73//73 460//355 
f 76//76 79//79 461//355 
f 79//79 319//316 461//355 
f 319//316 322//318 461//355 
f 322//318 76//76 461//355 
f 79//79 82//82 462//355 
f 82//82 316//314 462//355 
f 316//314 319//316 462//355 
f 319//316 79//79 462//355 
f 82//82 85//85 463//355 
f 85//85 313//312 463//355 
f 313//312 316//314 463//355 
f 316//314 82//82 463//355 
f 85//85 88//88 464//355 
f 88//88 310//310 464//355 
f 310//310 313//312 464//355 
f 313//312 85//85 464//355 
f 88//88 91//91 465//355 
f 91//91 307//307 465//355 
f 307//307 310//310 465//355 
f 310//310 88//88 465//355 
f 91//91 94//94 466//355 
f 94//94 304//304 466//355 
f 304//304 307//307 466//355 
f 307//307 91//91 466//355 
f 94//94 97//97 467//355 
f 97//97 301//301 467//355 
f 301//301 304//304 467//355 
f 304//304 94//94 467//355 
f 97//97 100//100 468//355 
f 100//100 298//298 468//355 
f 298//298 301//301 468//355 
f 301//301 97//97 468//355 
f 100//100 103//103 469//355 
f 103//103 295//295 469//355 
f 295//295 298//298 469//355 
f 298//298 100//100 469//355 
f 103//103 106//106 470//355 
f 106//106 292//292 470//355 
f 292//292 295//295 470//355 
f 295//295 103//103 470//355 
f 106//106 109//109 471//355 
f 109//109 289//289 471//355 
f 289//289 292//292 471//355 
f 292//292 106//106 471//355 
f 109//109 112//112 472//355 
f 112//112 286//286 472//355 
f 286//286 289//289 472//355 
f 289//289 109//109 472//355 
f 112//112 115//115 473//355 
f 115//115 283//283 473//355 
f 283//283 286//286 473//355 
f 286//286 112//112 473//355 
f 115//115 13//13 474//355 
f 13//13 280//280 474//355 
f 280//280 283//283 474//355 
f 283//283 115//115 474//355 
f 13//13 12//12 475//355 
f 12//12 280//280 475//355 
f 280//280 13//13 475//355 
f 12//12 16//16 476//355 
f 16//16 277//277 476//355 
f 277//277 280//280 476//355 
f 280//280 12//12 476//355 
f 16//16 19//19 477//355 
f 19//19 277//277 477//355 
f 277//277 16//16 477//355 
f 19//19 22//22 478//355 
f 22//22 277//277 478//355 
f 277//277 19//19 478//355 
f 22//22 25//25 479//355 
f 25//25 444//355 121//121 479//355 
f 121//121 274//274 479//355 
f 274//274 277//277 479//355 
f 277//277 22//22 479//355 
f 121//121 120//120 480//355 
f 120//120 271//271 480//355 
f 271//271 274//274 480//355 
f 274//274 121//121 480//355 
f 120//120 124//124 481//355 
f 124//124 268//268 481//355 
f 268//268 271//271 481//355 
f 271//271 120//120 481//355 
f 124//124 127//127 482//355 
f 127//127 268//268 482//355 
f 268//268 124//124 482//355 
f 127//127 130//130 483//355 
f 130//130 265//265 483//355 
f 265//265 268//268 483//355 
f 268//268 127//127 483//355 
f 130//130 133//133 484//355 
f 133//133 262//262 484//355 
f 262//262 265//265 484//355 
f 265//265 130//130 484//355 
f 133//133 136//136 485//355 
f 136//136 256//256 485//355 
f 256//256 259//259 485//355 
f 259//259 262//262 485//355 
f 262//262 133//133 485//355 
f 136//136 139//139 486//355 
f 139//139 256//256 486//355 
f 256//256 136//136 486//355 
f 139//139 142//142 487//355 
f 142//142 148//148 487//355 
f 148//148 256//256 487//355 
f 256//256 139//139 487//355 
f 142//142 145//145 488//355 
f 145//145 148//148 488//355 
f 148//148 142//142 488//355 
s 1
f 489//356 490//357 491//358 
f 490//357 492//359 491//358 
f 492//359 493//360 491//358 
f 493//360 489//356 491//358 
s 3
f 490//357 494//361 495//362 
f 494//361 496//363 495//362 
f 496//363 492//359 495//362 
f 492//359 490//357 495//362 
s 2
f 494//361 497//364 498//365 
f 497//364 499//366 498//365 
f 499//366 496//363 498//365 
f 496//363 494//361 498//365 
f 497//364 500//367 501//368 
f 500//367 502//369 501//368 
f 502//369 499//366 501//368 
f 499//366 497//364 501//368 
f 500//367 503//370 504//371 
f 503//370 505//372 504//371 
f 505//372 502//369 504//371 
f 502//369 500//367 504//371 
f 503//370 506//373 507//374 
f 506//373 508//375 507//374 
f 508//375 505//372 507//374 
f 505//372 503//370 507//374 
f 506//373 509//376 510//377 
f 509//376 511//378 510//377 
f 511//378 508//375 510//377 
f 508//375 506//373 510//377 
f 509//376 512//379 513//380 
f 512//379 514//381 513//380 
f 514//381 511//378 513//380 
f 511//378 509//376 513//380 
f 512//379 515//382 516//383 
f 515//382 517//384 516//383 
f 517//384 514//381 516//383 
f 514//381 512//379 516//383 
f 515//382 518//385 519//386 
f 518//385 520//387 519//386 
f 520//387 517//384 519//386 
f 517//384 515//382 519//386 
f 518//385 521//388 522//389 
f 521//388 523//390 522//389 
f 523//390 520//387 522//389 
f 520//387 518//385 522//389 
f 521//388 524//391 525//392 
f 524//391 526//393 525//392 
f 526//393 523//390 525//392 
f 523//390 521//388 525//392 
f 524//391 527//394 528//395 
f 527//394 529//396 528//395 
f 529//396 526//393 528//395 
f 526//393 524//391 528//395 
f 527//394 530//397 531//398 
f 530//397 532//399 531//398 
f 532//399 529//396 531//398 
f 529//396 527//394 531//398 
f 530//397 533//400 534//401 
f 533//400 535//402 534//401 
f 535//402 532//399 534//401 
f 532//399 530//397 534//401 
f 533//400 536//403 537//404 
f 536//403 538//405 537//404 
f 538//405 535//402 537//404 
f 535//402 533//400 537//404 
f 536//403 539//406 540//407 
f 539//406 541//408 540//407 
f 541//408 538//405 540//407 
f 538//405 536//403 540//407 
f 539//406 542//409 543//410 
f 542//409 544//411 543//410 
f 544//411 541//408 543//410 
f 541//408 539//406 543//410 
f 542//409 545//412 546//413 
f 545//412 547//414 546//413 
f 547//414 544//411 546//413 
f 544//411 542//409 546//413 
f 545//412 548//415 549//416 
f 548//415 550//417 549//416 
f 550//417 547//414 549//416 
f 547//414 545//412 549//416 
f 548//415 551//418 552//419 
f 551//418 553//420 552//419 
f 553//420 550//417 552//419 
f 550//417 548//415 552//419 
f 551//418 554//421 555//422 
f 554//421 556//423 555//422 
f 556//423 553//420 555//422 
f 553//420 551//418 555//422 
f 554//421 557//424 558//425 
f 557//424 559//426 558//425 
f 559//426 556//423 558//425 
f 556//423 554//421 558//425 
f 557//424 560//427 561//428 
f 560//427 562//429 561//428 
f 562//429 559//426 561//428 
f 559//426 557//424 561//428 
f 560//427 563//430 564//431 
f 563//430 565//432 564//431 
f 565//432 562//429 564//431 
f 562//429 560//427 564//431 
f 563//430 566//433 567//434 
f 566//433 568//435 567//434 
f 568//435 565//432 567//434 
f 565//432 563//430 567//434 
f 566//433 569//436 570//437 
f 569//436 571//438 570//437 
f 571//438 568//435 570//437 
f 568//435 566//433 570//437 
f 569//436 572//439 573//440 
f 572//439 574//441 573//440 
f 574//441 571//438 573//440 
f 571//438 569//436 573//440 
f 572//439 575//442 576//443 
f 575//442 577//444 576//443 
f 577//444 574//441 576//443 
f 574//441 572//439 576//443 
f 575//442 578//445 579//446 
f 578//445 580//447 579//446 
f 580//447 577//444 579//446 
f 577//444 575//442 579//446 
f 578//445 581//448 582//449 
f 581//448 583//450 582//449 
f 583//450 580//447 582//449 
f 580//447 578//445 582//449 
f 581//448 584//451 585//452 
f 584//451 586//453 585//452 
f 586//453 583//450 585//452 
f 583//450 581//448 585//452 
f 584//451 587//454 588//455 
f 587//454 589//456 588//455 
f 589//456 586//453 588//455 
f 586//453 584//451 588//455 
f 587//454 590//457 591//458 
f 590//457 592//459 591//458 
f 592//459 589//456 591//458 
f 589//456 587//454 591//458 
f 590//457 593//460 594//461 
f 593//460 595//462 594//461 
f 595//462 592//459 594//461 
f 592//459 590//457 594//461 
s 3
f 593//460 489//356 596//463 
f 489//356 493//360 596//463 
f 493//360 595//462 596//463 
f 595//462 593//460 596//463 
s 1
f 597//464 598//465 599//466 
f 598//465 600//467 599//466 
f 600//467 601//468 599//466 
f 601//468 597//464 599//466 
s 3
f 598//465 602//469 603//470 
f 602//469 604//471 603//470 
f 604//471 600//467 603//470 
f 600//467 598//465 603//470 
s 2
f 602//469 605//472 606//473 
f 605//472 607//474 606//473 
f 607//474 604//471 606//473 
f 604//471 602//469 606//473 
f 605//472 608//475 609//476 
f 608//475 610//477 609//476 
f 610//477 607//474 609//476 
f 607//474 605//472 609//476 
f 608//475 611//478 612//479 
f 611//478 613//480 612//479 
f 613//480 610//477 612//479 
f 610//477 608//475 612//479 
f 611//478 614//481 615//482 
f 614//481 616//483 615//482 
f 616//483 613//480 615//482 
f 613//480 611//478 615//482 
f 614//481 617//484 618//485 
f 617//484 619//486 618//485 
f 619//486 616//483 618//485 
f 616//483 614//481 618//485 
f 617//484 620//487 621//488 
f 620//487 622//489 621//488 
f 622//489 619//486 621//488 
f 619//486 617//484 621//488 
f 620//487 623//490 624//491 
f 623//490 625//492 624//491 
f 625//492 622//489 624//491 
f 622//489 620//487 624//491 
s 4
f 623//490 626//493 627//494 
f 626//493 628//495 627//494 
f 628//495 625//492 627//494 
f 625//492 623//490 627//494 
f 626//493 629//496 630//497 
f 629//496 631//498 630//497 
f 631//498 628//495 630//497 
f 628//495 626//493 630//497 
f 629//496 632//499 633//500 
f 632//499 634//501 633//500 
f 634//501 631//498 633//500 
f 631//498 629//496 633//500 
f 632//499 635//502 636//503 
f 635//502 637//504 636//503 
f 637//504 634//501 636//503 
f 634//501 632//499 636//503 
f 635//502 638//505 639//506 
f 638//505 640//507 639//506 
f 640//507 637//504 639//506 
f 637//504 635//502 639//506 
f 638//505 641//508 642//509 
f 641//508 643//510 642//509 
f 643//510 640//507 642//509 
f 640//507 638//505 642//509 
f 641//508 644//511 645//512 
f 644//511 646//513 645//512 
f 646//513 643//510 645//512 
f 643//510 641//508 645//512 
f 644//511 647//514 648//515 
f 647//514 649//516 648//515 
f 649//516 646//513 648//515 
f 646//513 644//511 648//515 
f 647//514 650//517 651//518 
f 650//517 652//519 651//518 
f 652//519 649//516 651//518 
f 649//516 647//514 651//518 
s 2
f 650//517 653//520 654//521 
f 653//520 655//522 654//521 
f 655//522 652//519 654//521 
f 652//519 650//517 654//521 
f 653//520 656//523 657//524 
f 656//523 658//525 657//524 
f 658//525 655//522 657//524 
f 655//522 653//520 657//524 
f 656//523 659//526 660//527 
f 659//526 661//528 660//527 
f 661//528 658//525 660//527 
f 658//525 656//523 660//527 
f 659//526 662//529 663//530 
f 662//529 664//531 663//530 
f 664//531 661//528 663//530 
f 661//528 659//526 663//530 
f 662//529 665//532 666//533 
f 665//532 667//534 666//533 
f 667//534 664//531 666//533 
f 664//531 662//529 666//533 
f 665//532 668//535 669//536 
f 668//535 670//537 669//536 
f 670//537 667//534 669//536 
f 667//534 665//532 669//536 
f 668//535 671//538 672//539 
f 671//538 673//540 672//539 
f 673//540 670//537 672//539 
f 670//537 668//535 672//539 
f 671//538 674//541 675//542 
f 674//541 676//543 675//542 
f 676//543 673//540 675//542 
f 673//540 671//538 675//542 
f 674//541 677//544 678//545 
f 677//544 679//546 678//545 
f 679//546 676//543 678//545 
f 676//543 674//541 678//545 
s 4
f 677//544 680//547 681//548 
f 680//547 682//549 681//548 
f 682//549 679//546 681//548 
f 679//546 677//544 681//548 
f 680//547 683//550 684//551 
f 683//550 685//552 684//551 
f 685//552 682//549 684//551 
f 682//549 680//547 684//551 
f 683//550 686//553 687//554 
f 686//553 688//555 687//554 
f 688//555 685//552 687//554 
f 685//552 683//550 687//554 
f 686//553 689//556 690//557 
f 689//556 691//558 690//557 
f 691//558 688//555 690//557 
f 688//555 686//553 690//557 
f 689//556 692//559 693//560 
f 692//559 694//561 693//560 
f 694//561 691//558 693//560 
f 691//558 689//556 693//560 
f 692//559 695//562 696//563 
f 695//562 697//564 696//563 
f 697//564 694//561 696//563 
f 694//561 692//559 696//563 
f 695//562 698//565 699//566 
f 698//565 700//567 699//566 
f 700//567 697//564 699//566 
f 697//564 695//562 699//566 
f 698//565 701//568 702//569 
f 701//568 703//570 702//569 
f 703//570 700//567 702//569 
f 700//567 698//565 702//569 
f 701//568 704//571 705//572 
f 704//571 706//573 705//572 
f 706//573 703//570 705//572 
f 703//570 701//568 705//572 
f 704//571 707//574 708//575 
f 707//574 709//576 708//575 
f 709//576 706//573 708//575 
f 706//573 704//571 708//575 
f 707//574 710//577 711//578 
f 710//577 712//579 711//578 
f 712//579 709//576 711//578 
f 709//576 707//574 711//578 
f 710//577 713//580 714//581 
f 713//580 715//582 714//581 
f 715//582 712//579 714//581 
f 712//579 710//577 714//581 
f 713//580 716//583 717//584 
f 716//583 718//585 717//584 
f 718//585 715//582 717//584 
f 715//582 713//580 717//584 
f 716//583 719//586 720//587 
f 719//586 721//588 720//587 
f 721//588 718//585 720//587 
f 718//585 716//583 720//587 
f 719//586 722//589 723//590 
f 722//589 724//591 723//590 
f 724//591 721//588 723//590 
f 721//588 719//586 723//590 
f 722//589 725//592 726//593 
f 725//592 727//594 726//593 
f 727//594 724//591 726//593 
f 724//591 722//589 726//593 
f 725//592 728//595 729//596 
f 728//595 730//597 729//596 
f 730//597 727//594 729//596 
f 727//594 725//592 729//596 
f 728//595 731//598 732//599 
f 731//598 733//600 732//599 
f 733//600 730//597 732//599 
f 730//597 728//595 732//599 
s 2
f 731//598 734//601 735//602 
f 734//601 736//603 735//602 
f 736//603 733//600 735//602 
f 733//600 731//598 735//602 
s 4
f 734//601 737//604 738//605 
f 737//604 739//606 738//605 
f 739//606 736//603 738//605 
f 736//603 734//601 738//605 
f 737//604 740//607 741//608 
f 740//607 742//609 741//608 
f 742//609 739//606 741//608 
f 739//606 737//604 741//608 
f 740//607 743//610 744//611 
f 743//610 745//612 744//611 
f 745//612 742//609 744//611 
f 742//609 740//607 744//611 
f 743//610 746//613 747//614 
f 746//613 748//615 747//614 
f 748//615 745//612 747//614 
f 745//612 743//610 747//614 
f 746//613 749//616 750//617 
f 749//616 751//618 750//617 
f 751//618 748//615 750//617 
f 748//615 746//613 750//617 
f 749//616 752//619 753//620 
f 752//619 754//621 753//620 
f 754//621 751//618 753//620 
f 751//618 749//616 753//620 
f 752//619 755//622 756//623 
f 755//622 757//624 756//623 
f 757//624 754//621 756//623 
f 754//621 752//619 756//623 
f 755//622 758//625 759//626 
f 758//625 760//627 759//626 
f 760//627 757//624 759//626 
f 757//624 755//622 759//626 
f 758//625 761//628 762//204 
f 761//628 763//629 762//204 
f 763//629 760//627 762//204 
f 760//627 758//625 762//204 
f 761//628 764//630 765//631 
f 764//630 766//632 765//631 
f 766//632 763//629 765//631 
f 763//629 761//628 765//631 
f 764//630 767//633 768//634 
f 767//633 769//635 768//634 
f 769//635 766//632 768//634 
f 766//632 764//630 768//634 
f 767//633 770//636 771//637 
f 770//636 772//638 771//637 
f 772//638 769//635 771//637 
f 769//635 767//633 771//637 
f 770//636 773//639 774//640 
f 773//639 775//641 774//640 
f 775//641 772//638 774//640 
f 772//638 770//636 774//640 
f 773//639 776//642 777//643 
f 776//642 778//644 777//643 
f 778//644 775//641 777//643 
f 775//641 773//639 777//643 
f 776//642 779//645 780//646 
f 779//645 781//647 780//646 
f 781//647 778//644 780//646 
f 778//644 776//642 780//646 
f 779//645 782//648 783//649 
f 782//648 784//650 783//649 
f 784//650 781//647 783//649 
f 781//647 779//645 783//649 
f 782//648 785//651 786//652 
f 785//651 787//653 786//652 
f 787//653 784//650 786//652 
f 784//650 782//648 786//652 
f 785//651 788//654 789//655 
f 788//654 790//656 789//655 
f 790//656 787//653 789//655 
f 787//653 785//651 789//655 
s 2
f 788//654 791//657 792//658 
f 791//657 793//659 792//658 
f 793//659 790//656 792//658 
f 790//656 788//654 792//658 
f 791//657 794//660 795//661 
f 794//660 796//662 795//661 
f 796//662 793//659 795//661 
f 793//659 791//657 795//661 
f 794//660 797//663 798//664 
f 797//663 799//665 798//664 
f 799//665 796//662 798//664 
f 796//662 794//660 798//664 
f 797//663 800//666 801//667 
f 800//666 802//668 801//667 
f 802//668 799//665 801//667 
f 799//665 797//663 801//667 
f 800//666 803//669 804//670 
f 803//669 805//671 804//670 
f 805//671 802//668 804//670 
f 802//668 800//666 804//670 
f 803//669 806//672 807//673 
f 806//672 808//674 807//673 
f 808//674 805//671 807//673 
f 805//671 803//669 807//673 
f 806//672 809//675 810//676 
f 809//675 811//677 810//676 
f 811//677 808//674 810//676 
f 808//674 806//672 810//676 
f 809//675 812//678 813//679 
f 812//678 814//680 813//679 
f 814//680 811//677 813//679 
f 811//677 809//675 813//679 
f 812//678 815//681 816//682 
f 815//681 817//683 816//682 
f 817//683 814//680 816//682 
f 814//680 812//678 816//682 
s 4
f 815//681 818//684 819//685 
f 818//684 820//686 819//685 
f 820//686 817//683 819//685 
f 817//683 815//681 819//685 
f 818//684 821//687 822//688 
f 821//687 823//689 822//688 
f 823//689 820//686 822//688 
f 820//686 818//684 822//688 
f 821//687 824//690 825//691 
f 824//690 826//692 825//691 
f 826//692 823//689 825//691 
f 823//689 821//687 825//691 
f 824//690 827//693 828//694 
f 827//693 829//695 828//694 
f 829//695 826//692 828//694 
f 826//692 824//690 828//694 
f 827//693 830//696 831//697 
f 830//696 832//698 831//697 
f 832//698 829//695 831//697 
f 829//695 827//693 831//697 
f 830//696 833//699 834//700 
f 833//699 835//701 834//700 
f 835//701 832//698 834//700 
f 832//698 830//696 834//700 
f 833//699 836//702 837//703 
f 836//702 838//704 837//703 
f 838//704 835//701 837//703 
f 835//701 833//699 837//703 
f 836//702 839//705 840//706 
f 839//705 841//707 840//706 
f 841//707 838//704 840//706 
f 838//704 836//702 840//706 
f 839//705 842//708 843//709 
f 842//708 844//710 843//709 
f 844//710 841//707 843//709 
f 841//707 839//705 843//709 
s 2
f 842//708 845//711 846//712 
f 845//711 847//713 846//712 
f 847//713 844//710 846//712 
f 844//710 842//708 846//712 
f 845//711 848//714 849//715 
f 848//714 850//716 849//715 
f 850//716 847//713 849//715 
f 847//713 845//711 849//715 
f 848//714 851//717 852//718 
f 851//717 853//719 852//718 
f 853//719 850//716 852//718 
f 850//716 848//714 852//718 
f 851//717 854//720 855//721 
f 854//720 856//722 855//721 
f 856//722 853//719 855//721 
f 853//719 851//717 855//721 
f 854//720 857//723 858//724 
f 857//723 859//725 858//724 
f 859//725 856//722 858//724 
f 856//722 854//720 858//724 
f 857//723 860//726 861//727 
f 860//726 862//728 861//727 
f 862//728 859//725 861//727 
f 859//725 857//723 861//727 
f 860//726 863//729 864//730 
f 863//729 865//731 864//730 
f 865//731 862//728 864//730 
f 862//728 860//726 864//730 
f 863//729 866//732 867//733 
f 866//732 868//734 867//733 
f 868//734 865//731 867//733 
f 865//731 863//729 867//733 
f 866//732 869//735 870//736 
f 869//735 871//737 870//736 
f 871//737 868//734 870//736 
f 868//734 866//732 870//736 
s 4
f 869//735 872//738 873//739 
f 872//738 874//740 873//739 
f 874//740 871//737 873//739 
f 871//737 869//735 873//739 
f 872//738 875//741 876//742 
f 875//741 877//743 876//742 
f 877//743 874//740 876//742 
f 874//740 872//738 876//742 
f 875//741 878//744 879//745 
f 878//744 880//746 879//745 
f 880//746 877//743 879//745 
f 877//743 875//741 879//745 
f 878//744 881//747 882//748 
f 881//747 883//749 882//748 
f 883//749 880//746 882//748 
f 880//746 878//744 882//748 
f 881//747 884//750 885//751 
f 884//750 886//752 885//751 
f 886//752 883//749 885//751 
f 883//749 881//747 885//751 
f 884//750 887//753 888//754 
f 887//753 889//755 888//754 
f 889//755 886//752 888//754 
f 886//752 884//750 888//754 
f 887//753 890//756 891//757 
f 890//756 892//758 891//757 
f 892//758 889//755 891//757 
f 889//755 887//753 891//757 
f 890//756 893//759 894//760 
f 893//759 895//761 894//760 
f 895//761 892//758 894//760 
f 892//758 890//756 894//760 
f 893//759 896//762 897//763 
f 896//762 898//764 897//763 
f 898//764 895//761 897//763 
f 895//761 893//759 897//763 
s 2
f 896//762 899//765 900//766 
f 899//765 901//767 900//766 
f 901//767 898//764 900//766 
f 898//764 896//762 900//766 
f 899//765 902//768 903//769 
f 902//768 904//770 903//769 
f 904//770 901//767 903//769 
f 901//767 899//765 903//769 
f 902//768 905//771 906//772 
f 905//771 907//773 906//772 
f 907//773 904//770 906//772 
f 904//770 902//768 906//772 
f 905//771 908//774 909//775 
f 908//774 910//776 909//775 
f 910//776 907//773 909//775 
f 907//773 905//771 909//775 
f 908//774 911//777 912//778 
f 911//777 913//779 912//778 
f 913//779 910//776 912//778 
f 910//776 908//774 912//778 
f 911//777 914//780 915//781 
f 914//780 916//782 915//781 
f 916//782 913//779 915//781 
f 913//779 911//777 915//781 
f 914//780 917//783 918//784 
f 917//783 919//785 918//784 
f 919//785 916//782 918//784 
f 916//782 914//780 918//784 
f 917//783 920//786 921//787 
f 920//786 922//788 921//787 
f 922//788 919//785 921//787 
f 919//785 917//783 921//787 
f 920//786 923//789 924//790 
f 923//789 925//791 924//790 
f 925//791 922//788 924//790 
f 922//788 920//786 924//790 
f 923//789 926//792 927//380 
f 926//792 928//793 927//380 
f 928//793 925//791 927//380 
f 925//791 923//789 927//380 
f 926//792 929//794 930//795 
f 929//794 931//796 930//795 
f 931//796 928//793 930//795 
f 928//793 926//792 930//795 
f 929//794 932//797 933//374 
f 932//797 934//798 933//374 
f 934//798 931//796 933//374 
f 931//796 929//794 933//374 
f 932//797 935//799 936//371 
f 935//799 937//800 936//371 
f 937//800 934//798 936//371 
f 934//798 932//797 936//371 
f 935//799 938//801 939//368 
f 938//801 940//802 939//368 
f 940//802 937//800 939//368 
f 937//800 935//799 939//368 
f 938//801 941//803 942//365 
f 941//803 943//804 942//365 
f 943//804 940//802 942//365 
f 940//802 938//801 942//365 
f 941//803 944//805 945//362 
f 944//805 946//806 945//362 
f 946//806 943//804 945//362 
f 943//804 941//803 945//362 
f 944//805 947//807 948//358 
f 947//807 949//808 948//358 
f 949//808 946//806 948//358 
f 946//806 944//805 948//358 
f 947//807 950//809 951//463 
f 950//809 952//810 951//463 
f 952//810 949//808 951//463 
f 949//808 947//807 951//463 
f 950//809 953//811 954//812 
f 953//811 955//813 954//812 
f 955//813 952//810 954//812 
f 952//810 950//809 954//812 
f 953//811 956//814 957//815 
f 956//814 958//816 957//815 
f 958//816 955//813 957//815 
f 955//813 953//811 957//815 
f 956//814 959//817 960//818 
f 959//817 961//819 960//818 
f 961//819 958//816 960//818 
f 958//816 956//814 960//818 
f 959//817 962//820 963//821 
f 962//820 964//822 963//821 
f 964//822 961//819 963//821 
f 961//819 959//817 963//821 
f 962//820 965//823 966//824 
f 965//823 967//825 966//824 
f 967//825 964//822 966//824 
f 964//822 962//820 966//824 
f 965//823 968//826 969//827 
f 968//826 970//828 969//827 
f 970//828 967//825 969//827 
f 967//825 965//823 969//827 
f 968//826 971//829 972//830 
f 971//829 973//831 972//830 
f 973//831 970//828 972//830 
f 970//828 968//826 972//830 
f 971//829 974//832 975//833 
f 974//832 976//834 975//833 
f 976//834 973//831 975//833 
f 973//831 971//829 975//833 
f 974//832 977//835 978//836 
f 977//835 979//837 978//836 
f 979//837 976//834 978//836 
f 976//834 974//832 978//836 
s 4
f 977//835 980//838 981//839 
f 980//838 982//840 981//839 
f 982//840 979//837 981//839 
f 979//837 977//835 981//839 
f 980//838 983//841 984//842 
f 983//841 985//843 984//842 
f 985//843 982//840 984//842 
f 982//840 980//838 984//842 
f 983//841 986//844 987//845 
f 986//844 988//846 987//845 
f 988//846 985//843 987//845 
f 985//843 983//841 987//845 
f 986//844 989//847 990//848 
f 989//847 991//849 990//848 
f 991//849 988//846 990//848 
f 988//846 986//844 990//848 
f 989//847 992//850 993//851 
f 992//850 994//852 993//851 
f 994//852 991//849 993//851 
f 991//849 989//847 993//851 
f 992//850 995//853 996//854 
f 995//853 997//855 996//854 
f 997//855 994//852 996//854 
f 994//852 992//850 996//854 
f 995//853 998//856 999//857 
f 998//856 1000//858 999//857 
f 1000//858 997//855 999//857 
f 997//855 995//853 999//857 
f 998//856 1001//859 1002//860 
f 1001//859 1003//861 1002//860 
f 1003//861 1000//858 1002//860 
f 1000//858 998//856 1002//860 
f 1001//859 597//464 1004//862 
f 597//464 601//468 1004//862 
f 601//468 1003//861 1004//862 
f 1003//861 1001//859 1004//862 
s 16
f 728//595 737//604 1005//354 
f 737//604 734//601 1005//354 
f 734//601 731//598 1005//354 
f 731//598 728//595 1005//354 
f 730//597 739//606 1006//355 
f 739//606 742//609 1006//355 
f 742//609 724//591 1006//355 
f 724//591 727//594 1006//355 
f 727//594 730//597 1006//355 
f 686//553 683//550 1007//354 
f 683//550 680//547 1007//354 
f 680//547 677//544 1007//354 
f 677//544 674//541 1007//354 
f 674//541 686//553 1007//354 
f 674//541 671//538 1008//354 
f 671//538 788//654 1008//354 
f 788//654 689//556 1008//354 
f 689//556 686//553 1008//354 
f 686//553 674//541 1008//354 
f 671//538 668//535 1009//354 
f 668//535 791//657 1009//354 
f 791//657 788//654 1009//354 
f 788//654 671//538 1009//354 
f 788//654 785//651 1010//354 
f 785//651 692//559 1010//354 
f 692//559 689//556 1010//354 
f 689//556 788//654 1010//354 
f 785//651 782//648 1011//354 
f 782//648 695//562 1011//354 
f 695//562 692//559 1011//354 
f 692//559 785//651 1011//354 
f 782//648 779//645 1012//354 
f 779//645 695//562 1012//354 
f 695//562 782//648 1012//354 
f 779//645 776//642 1013//354 
f 776//642 698//565 1013//354 
f 698//565 695//562 1013//354 
f 695//562 779//645 1013//354 
f 776//642 773//639 1014//354 
f 773//639 698//565 1014//354 
f 698//565 776//642 1014//354 
f 773//639 770//636 1015//354 
f 770//636 701//568 1015//354 
f 701//568 698//565 1015//354 
f 698//565 773//639 1015//354 
f 770//636 767//633 1016//354 
f 767//633 701//568 1016//354 
f 701//568 770//636 1016//354 
f 767//633 764//630 1017//354 
f 764//630 704//571 1017//354 
f 704//571 701//568 1017//354 
f 701//568 767//633 1017//354 
f 764//630 761//628 1018//354 
f 761//628 704//571 1018//354 
f 704//571 764//630 1018//354 
f 761//628 758//625 1019//354 
f 758//625 707//574 1019//354 
f 707//574 704//571 1019//354 
f 704//571 761//628 1019//354 
f 758//625 755//622 1020//354 
f 755//622 710//577 1020//354 
f 710//577 707//574 1020//354 
f 707//574 758//625 1020//354 
f 755//622 752//619 1021//354 
f 752//619 710//577 1021//354 
f 710//577 755//622 1021//354 
f 752//619 749//616 1022//354 
f 749//616 713//580 1022//354 
f 713//580 710//577 1022//354 
f 710//577 752//619 1022//354 
f 749//616 746//613 1023//354 
f 746//613 716//583 1023//354 
f 716//583 713//580 1023//354 
f 713//580 749//616 1023//354 
f 746//613 743//610 1024//354 
f 743//610 719//586 1024//354 
f 719//586 716//583 1024//354 
f 716//583 746//613 1024//354 
f 743//610 740//607 1025//354 
f 740//607 722//589 1025//354 
f 722//589 719//586 1025//354 
f 719//586 743//610 1025//354 
f 740//607 737//604 1026//354 
f 737//604 728//595 1026//354 
f 728//595 725//592 1026//354 
f 725//592 722//589 1026//354 
f 722//589 740//607 1026//354 
f 668//535 665//532 1027//354 
f 665//532 794//660 1027//354 
f 794//660 791//657 1027//354 
f 791//657 668//535 1027//354 
f 665//532 662//529 1028//354 
f 662//529 797//663 1028//354 
f 797//663 794//660 1028//354 
f 794//660 665//532 1028//354 
f 662//529 659//526 1029//354 
f 659//526 800//666 1029//354 
f 800//666 797//663 1029//354 
f 797//663 662//529 1029//354 
f 659//526 656//523 1030//354 
f 656//523 806//672 1030//354 
f 806//672 803//669 1030//354 
f 803//669 800//666 1030//354 
f 800//666 659//526 1030//354 
f 656//523 653//520 1031//354 
f 653//520 809//675 1031//354 
f 809//675 806//672 1031//354 
f 806//672 656//523 1031//354 
f 653//520 650//517 1032//354 
f 650//517 815//681 1032//354 
f 815//681 812//678 1032//354 
f 812//678 809//675 1032//354 
f 809//675 653//520 1032//354 
f 650//517 647//514 1033//354 
f 647//514 827//693 1033//354 
f 827//693 824//690 1033//354 
f 824//690 821//687 1033//354 
f 821//687 818//684 1033//354 
f 818//684 815//681 1033//354 
f 815//681 650//517 1033//354 
f 647//514 644//511 1034//354 
f 644//511 833//699 1034//354 
f 833//699 830//696 1034//354 
f 830//696 827//693 1034//354 
f 827//693 647//514 1034//354 
f 644//511 641//508 1035//354 
f 641//508 836//702 1035//354 
f 836//702 833//699 1035//354 
f 833//699 644//511 1035//354 
f 641//508 638//505 1036//354 
f 638//505 839//705 1036//354 
f 839//705 836//702 1036//354 
f 836//702 641//508 1036//354 
f 638//505 635//502 1037//354 
f 635//502 842//708 1037//354 
f 842//708 839//705 1037//354 
f 839//705 638//505 1037//354 
f 635//502 632//499 1038//354 
f 632//499 614//481 1038//354 
f 614//481 611//478 1038//354 
f 611//478 842//708 1038//354 
f 842//708 635//502 1038//354 
f 632//499 629//496 1039//354 
f 629//496 617//484 1039//354 
f 617//484 614//481 1039//354 
f 614//481 632//499 1039//354 
f 611//478 608//475 1040//354 
f 608//475 845//711 1040//354 
f 845//711 842//708 1040//354 
f 842//708 611//478 1040//354 
f 608//475 605//472 1041//354 
f 605//472 851//717 1041//354 
f 851//717 848//714 1041//354 
f 848//714 845//711 1041//354 
f 845//711 608//475 1041//354 
f 605//472 602//469 1042//354 
f 602//469 854//720 1042//354 
f 854//720 851//717 1042//354 
f 851//717 605//472 1042//354 
f 602//469 598//465 1043//354 
f 598//465 860//726 1043//354 
f 860//726 857//723 1043//354 
f 857//723 854//720 1043//354 
f 854//720 602//469 1043//354 
f 598//465 597//464 1044//354 
f 597//464 869//735 1044//354 
f 869//735 866//732 1044//354 
f 866//732 863//729 1044//354 
f 863//729 860//726 1044//354 
f 860//726 598//465 1044//354 
f 597//464 1001//859 1045//354 
f 1001//859 875//741 1045//354 
f 875//741 872//738 1045//354 
f 872//738 869//735 1045//354 
f 869//735 597//464 1045//354 
f 1001//859 998//856 1046//354 
f 998//856 878//744 1046//354 
f 878//744 875//741 1046//354 
f 875//741 1001//859 1046//354 
f 998//856 995//853 1047//354 
f 995//853 881//747 1047//354 
f 881//747 878//744 1047//354 
f 878//744 998//856 1047//354 
f 995//853 992//850 1048//354 
f 992//850 881//747 1048//354 
f 881//747 995//853 1048//354 
f 992//850 989//847 1049//354 
f 989//847 884//750 1049//354 
f 884//750 881//747 1049//354 
f 881//747 992//850 1049//354 
f 989//847 986//844 1050//354 
f 986//844 884//750 1050//354 
f 884//750 989//847 1050//354 
f 986//844 983//841 1051//354 
f 983//841 887//753 1051//354 
f 887//753 884//750 1051//354 
f 884//750 986//844 1051//354 
f 983//841 980//838 1052//354 
f 980//838 887//753 1052//354 
f 887//753 983//841 1052//354 
f 980//838 977//835 1053//354 
f 977//835 890//756 1053//354 
f 890//756 887//753 1053//354 
f 887//753 980//838 1053//354 
f 977//835 506//373 1054//354 
f 890//756 977//835 1054//354 
f 890//756 1054//354 506//373 1055//354 
f 506//373 503//370 1055//354 
f 503//370 890//756 1055//354 
f 503//370 500//367 1056//354 
f 500//367 890//756 1056//354 
f 890//756 503//370 1056//354 
f 500//367 497//364 1057//354 
f 497//364 890//756 1057//354 
f 890//756 500//367 1057//354 
f 497//364 494//361 1058//354 
f 494//361 893//759 1058//354 
f 893//759 890//756 1058//354 
f 890//756 497//364 1058//354 
f 494//361 490//357 1059//354 
f 490//357 893//759 1059//354 
f 893//759 494//361 1059//354 
f 490//357 489//356 1060//354 
f 489//356 893//759 1060//354 
f 893//759 490//357 1060//354 
f 489//356 593//460 1061//354 
f 593//460 896//762 1061//354 
f 896//762 893//759 1061//354 
f 893//759 489//356 1061//354 
f 593//460 590//457 1062//354 
f 590//457 899//765 1062//354 
f 899//765 896//762 1062//354 
f 896//762 593//460 1062//354 
f 590//457 587//454 1063//354 
f 587//454 902//768 1063//354 
f 902//768 899//765 1063//354 
f 899//765 590//457 1063//354 
f 587//454 584//451 1064//354 
f 584//451 905//771 1064//354 
f 905//771 902//768 1064//354 
f 902//768 587//454 1064//354 
f 584//451 581//448 1065//354 
f 581//448 908//774 1065//354 
f 908//774 905//771 1065//354 
f 905//771 584//451 1065//354 
f 581//448 578//445 1066//354 
f 578//445 911//777 1066//354 
f 911//777 908//774 1066//354 
f 908//774 581//448 1066//354 
f 578//445 575//442 1067//354 
f 575//442 914//780 1067//354 
f 914//780 911//777 1067//354 
f 911//777 578//445 1067//354 
f 575//442 572//439 1068//354 
f 572//439 917//783 1068//354 
f 917//783 914//780 1068//354 
f 914//780 575//442 1068//354 
f 572//439 569//436 1069//354 
f 569//436 920//786 1069//354 
f 920//786 917//783 1069//354 
f 917//783 572//439 1069//354 
f 569//436 566//433 1070//354 
f 566//433 923//789 1070//354 
f 923//789 920//786 1070//354 
f 920//786 569//436 1070//354 
f 566//433 563//430 1071//354 
f 563//430 926//792 1071//354 
f 926//792 923//789 1071//354 
f 923//789 566//433 1071//354 
f 563//430 560//427 1072//354 
f 560//427 929//794 1072//354 
f 929//794 926//792 1072//354 
f 926//792 563//430 1072//354 
f 560//427 557//424 1073//354 
f 557//424 932//797 1073//354 
f 932//797 929//794 1073//354 
f 929//794 560//427 1073//354 
f 557//424 554//421 1074//354 
f 554//421 935//799 1074//354 
f 935//799 932//797 1074//354 
f 932//797 557//424 1074//354 
f 554//421 551//418 1075//354 
f 551//418 938//801 1075//354 
f 938//801 935//799 1075//354 
f 935//799 554//421 1075//354 
f 551//418 548//415 1076//354 
f 548//415 941//803 1076//354 
f 941//803 938//801 1076//354 
f 938//801 551//418 1076//354 
f 548//415 545//412 1077//354 
f 545//412 944//805 1077//354 
f 944//805 941//803 1077//354 
f 941//803 548//415 1077//354 
f 545//412 542//409 1078//354 
f 542//409 947//807 1078//354 
f 947//807 944//805 1078//354 
f 944//805 545//412 1078//354 
f 542//409 539//406 1079//354 
f 539//406 950//809 1079//354 
f 950//809 947//807 1079//354 
f 947//807 542//409 1079//354 
f 539//406 536//403 1080//354 
f 536//403 953//811 1080//354 
f 953//811 950//809 1080//354 
f 950//809 539//406 1080//354 
f 536//403 533//400 1081//354 
f 533//400 956//814 1081//354 
f 956//814 953//811 1081//354 
f 953//811 536//403 1081//354 
f 533//400 530//397 1082//354 
f 530//397 959//817 1082//354 
f 959//817 956//814 1082//354 
f 956//814 533//400 1082//354 
f 530//397 527//394 1083//354 
f 527//394 962//820 1083//354 
f 962//820 959//817 1083//354 
f 959//817 530//397 1083//354 
f 527//394 524//391 1084//354 
f 524//391 965//823 1084//354 
f 965//823 962//820 1084//354 
f 962//820 527//394 1084//354 
f 524//391 521//388 1085//354 
f 521//388 968//826 1085//354 
f 968//826 965//823 1085//354 
f 965//823 524//391 1085//354 
f 521//388 518//385 1086//354 
f 518//385 971//829 1086//354 
f 971//829 968//826 1086//354 
f 968//826 521//388 1086//354 
f 518//385 515//382 1087//354 
f 515//382 974//832 1087//354 
f 974//832 971//829 1087//354 
f 971//829 518//385 1087//354 
f 515//382 512//379 1088//354 
f 512//379 974//832 1088//354 
f 974//832 515//382 1088//354 
f 512//379 509//376 1089//354 
f 509//376 977//835 1089//354 
f 977//835 974//832 1089//354 
f 974//832 512//379 1089//354 
f 509//376 506//373 1090//354 
f 506//373 977//835 1090//354 
f 977//835 509//376 1090//354 
f 629//496 626//493 1091//354 
f 626//493 620//487 1091//354 
f 620//487 617//484 1091//354 
f 617//484 629//496 1091//354 
f 626//493 623//490 1092//354 
f 623//490 620//487 1092//354 
f 620//487 626//493 1092//354 
f 730//597 733//600 1093//355 
f 733//600 736//603 1093//355 
f 736//603 739//606 1093//355 
f 739//606 730//597 1093//355 
f 742//609 745//612 1094//355 
f 745//612 721//588 1094//355 
f 721//588 724//591 1094//355 
f 724//591 742//609 1094//355 
f 745//612 748//615 1095//355 
f 748//615 718//585 1095//355 
f 718//585 721//588 1095//355 
f 721//588 745//612 1095//355 
f 748//615 751//618 1096//355 
f 751//618 715//582 1096//355 
f 715//582 718//585 1096//355 
f 718//585 748//615 1096//355 
f 751//618 754//621 1097//355 
f 754//621 712//579 1097//355 
f 712//579 715//582 1097//355 
f 715//582 751//618 1097//355 
f 754//621 757//624 1098//355 
f 757//624 712//579 1098//355 
f 712//579 754//621 1098//355 
f 757//624 760//627 1099//355 
f 760//627 709//576 1099//355 
f 709//576 712//579 1099//355 
f 712//579 757//624 1099//355 
f 760//627 763//629 1100//355 
f 763//629 706//573 1100//355 
f 706//573 709//576 1100//355 
f 709//576 760//627 1100//355 
f 763//629 766//632 1101//355 
f 766//632 706//573 1101//355 
f 706//573 763//629 1101//355 
f 766//632 769//635 1102//355 
f 769//635 703//570 1102//355 
f 703//570 706//573 1102//355 
f 706//573 766//632 1102//355 
f 769//635 772//638 1103//355 
f 772//638 703//570 1103//355 
f 703//570 769//635 1103//355 
f 772//638 775//641 1104//355 
f 775//641 700//567 1104//355 
f 700//567 703//570 1104//355 
f 703//570 772//638 1104//355 
f 775//641 778//644 1105//355 
f 778//644 700//567 1105//355 
f 700//567 775//641 1105//355 
f 778//644 781//647 1106//355 
f 781//647 697//564 1106//355 
f 697//564 700//567 1106//355 
f 700//567 778//644 1106//355 
f 781//647 784//650 1107//355 
f 784//650 697//564 1107//355 
f 697//564 781//647 1107//355 
f 784//650 787//653 1108//355 
f 787//653 694//561 1108//355 
f 694//561 697//564 1108//355 
f 697//564 784//650 1108//355 
f 787//653 790//656 1109//355 
f 790//656 676//543 1109//355 
f 676//543 679//546 1109//355 
f 679//546 682//549 1109//355 
f 682//549 685//552 1109//355 
f 685//552 688//555 1109//355 
f 688//555 691//558 1109//355 
f 691//558 694//561 1109//355 
f 694//561 787//653 1109//355 
f 844//710 616//483 1110//355 
f 616//483 619//486 1110//355 
f 619//486 634//501 1110//355 
f 634//501 637//504 1110//355 
f 637//504 844//710 1110//355 
f 508//375 511//378 1111//355 
f 511//378 979//837 1111//355 
f 979//837 892//758 1111//355 
f 619//486 622//489 1112//355 
f 622//489 631//498 1112//355 
f 631//498 634//501 1112//355 
f 634//501 619//486 1112//355 
f 637//504 640//507 1113//355 
f 640//507 841//707 1113//355 
f 841//707 844//710 1113//355 
f 844//710 637//504 1113//355 
f 640//507 643//510 1114//355 
f 643//510 838//704 1114//355 
f 838//704 841//707 1114//355 
f 841//707 640//507 1114//355 
f 643//510 646//513 1115//355 
f 646//513 835//701 1115//355 
f 835//701 838//704 1115//355 
f 838//704 643//510 1115//355 
f 646//513 649//516 1116//355 
f 649//516 829//695 1116//355 
f 829//695 832//698 1116//355 
f 832//698 835//701 1116//355 
f 835//701 646//513 1116//355 
f 649//516 652//519 1117//355 
f 652//519 817//683 1117//355 
f 817//683 820//686 1117//355 
f 820//686 823//689 1117//355 
f 823//689 826//692 1117//355 
f 826//692 829//695 1117//355 
f 829//695 649//516 1117//355 
f 652//519 655//522 1118//355 
f 655//522 811//677 1118//355 
f 811//677 814//680 1118//355 
f 814//680 817//683 1118//355 
f 817//683 652//519 1118//355 
f 655//522 658//525 1119//355 
f 658//525 808//674 1119//355 
f 808//674 811//677 1119//355 
f 811//677 655//522 1119//355 
f 658//525 661//528 1120//355 
f 661//528 802//668 1120//355 
f 802//668 805//671 1120//355 
f 805//671 808//674 1120//355 
f 808//674 658//525 1120//355 
f 661//528 664//531 1121//355 
f 664//531 799//665 1121//355 
f 799//665 802//668 1121//355 
f 802//668 661//528 1121//355 
f 664//531 667//534 1122//355 
f 667//534 796//662 1122//355 
f 796//662 799//665 1122//355 
f 799//665 664//531 1122//355 
f 667//534 670//537 1123//355 
f 670//537 793//659 1123//355 
f 793//659 796//662 1123//355 
f 796//662 667//534 1123//355 
f 670//537 673//540 1124//355 
f 673//540 790//656 1124//355 
f 790//656 793//659 1124//355 
f 793//659 670//537 1124//355 
f 673//540 676//543 1125//355 
f 676//543 790//656 1125//355 
f 790//656 673//540 1125//355 
f 622//489 625//492 1126//355 
f 625//492 628//495 1126//355 
f 628//495 622//489 1126//355 
f 628//495 631//498 1127//355 
f 631//498 622//489 1127//355 
f 622//489 628//495 1127//355 
f 511//378 514//381 1128//355 
f 514//381 976//834 1128//355 
f 976//834 979//837 1128//355 
f 979//837 511//378 1128//355 
f 979//837 982//840 1129//355 
f 982//840 889//755 1129//355 
f 889//755 892//758 1129//355 
f 892//758 979//837 1129//355 
f 982//840 985//843 1130//355 
f 985//843 889//755 1130//355 
f 889//755 982//840 1130//355 
f 985//843 988//846 1131//355 
f 988//846 886//752 1131//355 
f 886//752 889//755 1131//355 
f 889//755 985//843 1131//355 
f 988//846 991//849 1132//355 
f 991//849 886//752 1132//355 
f 886//752 988//846 1132//355 
f 991//849 994//852 1133//355 
f 994//852 883//749 1133//355 
f 883//749 886//752 1133//355 
f 886//752 991//849 1133//355 
f 994//852 997//855 1134//355 
f 997//855 883//749 1134//355 
f 883//749 994//852 1134//355 
f 997//855 1000//858 1135//355 
f 1000//858 880//746 1135//355 
f 880//746 883//749 1135//355 
f 883//749 997//855 1135//355 
f 1000//858 1003//861 1136//355 
f 1003//861 877//743 1136//355 
f 877//743 880//746 1136//355 
f 880//746 1000//858 1136//355 
f 1003//861 601//468 1137//355 
f 601//468 871//737 1137//355 
f 871//737 874//740 1137//355 
f 874//740 877//743 1137//355 
f 877//743 1003//861 1137//355 
f 601//468 600//467 1138//355 
f 600//467 862//728 1138//355 
f 862//728 865//731 1138//355 
f 865//731 868//734 1138//355 
f 868//734 871//737 1138//355 
f 871//737 601//468 1138//355 
f 600//467 604//471 1139//355 
f 604//471 856//722 1139//355 
f 856//722 859//725 1139//355 
f 859//725 862//728 1139//355 
f 862//728 600//467 1139//355 
f 604//471 607//474 1140//355 
f 607//474 853//719 1140//355 
f 853//719 856//722 1140//355 
f 856//722 604//471 1140//355 
f 607//474 610//477 1141//355 
f 610//477 847//713 1141//355 
f 847//713 850//716 1141//355 
f 850//716 853//719 1141//355 
f 853//719 607//474 1141//355 
f 610//477 613//480 1142//355 
f 613//480 844//710 1142//355 
f 844//710 847//713 1142//355 
f 847//713 610//477 1142//355 
f 613//480 616//483 1143//355 
f 616//483 844//710 1143//355 
f 844//710 613//480 1143//355 
f 514//381 517//384 1144//355 
f 517//384 976//834 1144//355 
f 976//834 514//381 1144//355 
f 517//384 520//387 1145//355 
f 520//387 973//831 1145//355 
f 973//831 976//834 1145//355 
f 976//834 517//384 1145//355 
f 520//387 523//390 1146//355 
f 523//390 970//828 1146//355 
f 970//828 973//831 1146//355 
f 973//831 520//387 1146//355 
f 523//390 526//393 1147//355 
f 526//393 967//825 1147//355 
f 967//825 970//828 1147//355 
f 970//828 523//390 1147//355 
f 526//393 529//396 1148//355 
f 529//396 964//822 1148//355 
f 964//822 967//825 1148//355 
f 967//825 526//393 1148//355 
f 529//396 532//399 1149//355 
f 532//399 961//819 1149//355 
f 961//819 964//822 1149//355 
f 964//822 529//396 1149//355 
f 532//399 535//402 1150//355 
f 535//402 958//816 1150//355 
f 958//816 961//819 1150//355 
f 961//819 532//399 1150//355 
f 535//402 538//405 1151//355 
f 538//405 955//813 1151//355 
f 955//813 958//816 1151//355 
f 958//816 535//402 1151//355 
f 538//405 541//408 1152//355 
f 541//408 952//810 1152//355 
f 952//810 955//813 1152//355 
f 955//813 538//405 1152//355 
f 541//408 544//411 1153//355 
f 544//411 949//808 1153//355 
f 949//808 952//810 1153//355 
f 952//810 541//408 1153//355 
f 544//411 547//414 1154//355 
f 547//414 946//806 1154//355 
f 946//806 949//808 1154//355 
f 949//808 544//411 1154//355 
f 547//414 550//417 1155//355 
f 550//417 943//804 1155//355 
f 943//804 946//806 1155//355 
f 946//806 547//414 1155//355 
f 550//417 553//420 1156//355 
f 553//420 940//802 1156//355 
f 940//802 943//804 1156//355 
f 943//804 550//417 1156//355 
f 553//420 556//423 1157//355 
f 556//423 937//800 1157//355 
f 937//800 940//802 1157//355 
f 940//802 553//420 1157//355 
f 556//423 559//426 1158//355 
f 559//426 934//798 1158//355 
f 934//798 937//800 1158//355 
f 937//800 556//423 1158//355 
f 559//426 562//429 1159//355 
f 562//429 931//796 1159//355 
f 931//796 934//798 1159//355 
f 934//798 559//426 1159//355 
f 562//429 565//432 1160//355 
f 565//432 928//793 1160//355 
f 928//793 931//796 1160//355 
f 931//796 562//429 1160//355 
f 565//432 568//435 1161//355 
f 568//435 925//791 1161//355 
f 925//791 928//793 1161//355 
f 928//793 565//432 1161//355 
f 568//435 571//438 1162//355 
f 571//438 922//788 1162//355 
f 922//788 925//791 1162//355 
f 925//791 568//435 1162//355 
f 571//438 574//441 1163//355 
f 574//441 919//785 1163//355 
f 919//785 922//788 1163//355 
f 922//788 571//438 1163//355 
f 574//441 577//444 1164//355 
f 577//444 916//782 1164//355 
f 916//782 919//785 1164//355 
f 919//785 574//441 1164//355 
f 577//444 580//447 1165//355 
f 580//447 913//779 1165//355 
f 913//779 916//782 1165//355 
f 916//782 577//444 1165//355 
f 580//447 583//450 1166//355 
f 583//450 910//776 1166//355 
f 910//776 913//779 1166//355 
f 913//779 580//447 1166//355 
f 583//450 586//453 1167//355 
f 586//453 907//773 1167//355 
f 907//773 910//776 1167//355 
f 910//776 583//450 1167//355 
f 586//453 589//456 1168//355 
f 589//456 904//770 1168//355 
f 904//770 907//773 1168//355 
f 907//773 586//453 1168//355 
f 589//456 592//459 1169//355 
f 592//459 901//767 1169//355 
f 901//767 904//770 1169//355 
f 904//770 589//456 1169//355 
f 592//459 595//462 1170//355 
f 595//462 898//764 1170//355 
f 898//764 901//767 1170//355 
f 901//767 592//459 1170//355 
f 595//462 493//360 1171//355 
f 493//360 895//761 1171//355 
f 895//761 898//764 1171//355 
f 898//764 595//462 1171//355 
f 493//360 492//359 1172//355 
f 492//359 895//761 1172//355 
f 895//761 493//360 1172//355 
f 492//359 496//363 1173//355 
f 496//363 895//761 1173//355 
f 895//761 492//359 1173//355 
f 496//363 499//366 1174//355 
f 499//366 892//758 1174//355 
f 892//758 895//761 1174//355 
f 895//761 496//363 1174//355 
f 499//366 502//369 1175//355 
f 502//369 892//758 1175//355 
f 892//758 499//366 1175//355 
f 502//369 505//372 1176//355 
f 505//372 892//758 1176//355 
f 892//758 502//369 1176//355 
f 505//372 508//375 1177//355 
f 508//375 1111//355 892//758 1177//355 
f 892//758 505//372 1177//355 
s 1
f 1178//7 1179//863 1180//864 1181//8 
s 4
f 1179//863 1182//7 1183//8 1180//864 
s 2
f 1182//7 1184//1 1185//4 1183//8 
s 4
f 1184//1 1186//865 1187//866 1185//4 
s 2
f 1186//865 1188//1 1189//4 1187//866 
s 4
f 1188//1 1190//2 1191//3 1189//4 
s 2
f 1190//2 1192//867 1193//868 1191//3 
s 4
f 1192//867 1194//2 1195//3 1193//868 
s 2
f 1194//2 1196//5 1197//6 1195//3 
s 4
f 1196//5 1198//869 1199//870 1197//6 
s 2
f 1198//869 1200//5 1201//6 1199//870 
s 4
f 1200//5 1178//7 1181//8 1201//6 
s 16
f 1188//1 1186//865 1192//867 1190//2 
f 1189//4 1191//3 1193//868 1187//866 
f 1199//870 1201//6 1181//8 1180//864 
f 1193//868 1199//870 1180//864 1187//866 
f 1193//868 1195//3 1197//6 1199//870 
f 1180//864 1183//8 1185//4 1187//866 
f 1179//863 1178//7 1200//5 1198//869 
f 1186//865 1179//863 1198//869 1192//867 
f 1198//869 1196//5 1194//2 1192//867 
f 1186//865 1184//1 1182//7 1179//863 
s 1
f 1202//871 1203//872 1204//873 
f 1203//872 1205//874 1204//873 
f 1205//874 1206//875 1204//873 
f 1206//875 1202//871 1204//873 
s 3
f 1203//872 1207//876 1208//877 
f 1207//876 1209//878 1208//877 
f 1209//878 1205//874 1208//877 
f 1205//874 1203//872 1208//877 
s 2
f 1207//876 1210//879 1211//880 
f 1210//879 1212//881 1211//880 
f 1212//881 1209//878 1211//880 
f 1209//878 1207//876 1211//880 
f 1210//879 1213//882 1214//883 
f 1213//882 1215//884 1214//883 
f 1215//884 1212//881 1214//883 
f 1212//881 1210//879 1214//883 
f 1213//882 1216//885 1217//886 
f 1216//885 1218//887 1217//886 
f 1218//887 1215//884 1217//886 
f 1215//884 1213//882 1217//886 
f 1216//885 1219//888 1220//889 
f 1219//888 1221//890 1220//889 
f 1221//890 1218//887 1220//889 
f 1218//887 1216//885 1220//889 
f 1219//888 1222//891 1223//892 
f 1222//891 1224//893 1223//892 
f 1224//893 1221//890 1223//892 
f 1221//890 1219//888 1223//892 
f 1222//891 1225//894 1226//895 
f 1225//894 1227//896 1226//895 
f 1227//896 1224//893 1226//895 
f 1224//893 1222//891 1226//895 
f 1225//894 1228//897 1229//898 
f 1228//897 1230//899 1229//898 
f 1230//899 1227//896 1229//898 
f 1227//896 1225//894 1229//898 
f 1228//897 1231//900 1232//901 
f 1231//900 1233//902 1232//901 
f 1233//902 1230//899 1232//901 
f 1230//899 1228//897 1232//901 
f 1231//900 1234//903 1235//904 
f 1234//903 1236//905 1235//904 
f 1236//905 1233//902 1235//904 
f 1233//902 1231//900 1235//904 
f 1234//903 1237//906 1238//907 
f 1237//906 1239//908 1238//907 
f 1239//908 1236//905 1238//907 
f 1236//905 1234//903 1238//907 
f 1237//906 1240//909 1241//910 
f 1240//909 1242//911 1241//910 
f 1242//911 1239//908 1241//910 
f 1239//908 1237//906 1241//910 
f 1240//909 1243//912 1244//913 
f 1243//912 1245//914 1244//913 
f 1245//914 1242//911 1244//913 
f 1242//911 1240//909 1244//913 
f 1243//912 1246//915 1247//916 
f 1246//915 1248//917 1247//916 
f 1248//917 1245//914 1247//916 
f 1245//914 1243//912 1247//916 
f 1246//915 1249//918 1250//919 
f 1249//918 1251//920 1250//919 
f 1251//920 1248//917 1250//919 
f 1248//917 1246//915 1250//919 
f 1249//918 1252//921 1253//922 
f 1252//921 1254//923 1253//922 
f 1254//923 1251//920 1253//922 
f 1251//920 1249//918 1253//922 
f 1252//921 1255//924 1256//925 
f 1255//924 1257//926 1256//925 
f 1257//926 1254//923 1256//925 
f 1254//923 1252//921 1256//925 
f 1255//924 1258//927 1259//928 
f 1258//927 1260//929 1259//928 
f 1260//929 1257//926 1259//928 
f 1257//926 1255//924 1259//928 
f 1258//927 1261//930 1262//931 
f 1261//930 1263//932 1262//931 
f 1263//932 1260//929 1262//931 
f 1260//929 1258//927 1262//931 
f 1261//930 1264//933 1265//934 
f 1264//933 1266//935 1265//934 
f 1266//935 1263//932 1265//934 
f 1263//932 1261//930 1265//934 
f 1264//933 1267//936 1268//937 
f 1267//936 1269//938 1268//937 
f 1269//938 1266//935 1268//937 
f 1266//935 1264//933 1268//937 
f 1267//936 1270//939 1271//940 
f 1270//939 1272//941 1271//940 
f 1272//941 1269//938 1271//940 
f 1269//938 1267//936 1271//940 
f 1270//939 1273//942 1274//943 
f 1273//942 1275//944 1274//943 
f 1275//944 1272//941 1274//943 
f 1272//941 1270//939 1274//943 
f 1273//942 1276//945 1277//946 
f 1276//945 1278//947 1277//946 
f 1278//947 1275//944 1277//946 
f 1275//944 1273//942 1277//946 
f 1276//945 1279//948 1280//949 
f 1279//948 1281//950 1280//949 
f 1281//950 1278//947 1280//949 
f 1278//947 1276//945 1280//949 
f 1279//948 1282//951 1283//952 
f 1282//951 1284//953 1283//952 
f 1284//953 1281//950 1283//952 
f 1281//950 1279//948 1283//952 
f 1282//951 1285//954 1286//955 
f 1285//954 1287//956 1286//955 
f 1287//956 1284//953 1286//955 
f 1284//953 1282//951 1286//955 
f 1285//954 1288//957 1289//958 
f 1288//957 1290//959 1289//958 
f 1290//959 1287//956 1289//958 
f 1287//956 1285//954 1289//958 
f 1288//957 1291//960 1292//961 
f 1291//960 1293//962 1292//961 
f 1293//962 1290//959 1292//961 
f 1290//959 1288//957 1292//961 
f 1291//960 1294//963 1295//964 
f 1294//963 1296//965 1295//964 
f 1296//965 1293//962 1295//964 
f 1293//962 1291//960 1295//964 
f 1294//963 1297//966 1298//967 
f 1297//966 1299//968 1298//967 
f 1299//968 1296//965 1298//967 
f 1296//965 1294//963 1298//967 
f 1297//966 1300//969 1301//970 
f 1300//969 1302//971 1301//970 
f 1302//971 1299//968 1301//970 
f 1299//968 1297//966 1301//970 
f 1300//969 1303//972 1304//973 
f 1303//972 1305//974 1304//973 
f 1305//974 1302//971 1304//973 
f 1302//971 1300//969 1304//973 
f 1303//972 1306//975 1307//976 
f 1306//975 1308//977 1307//976 
f 1308//977 1305//974 1307//976 
f 1305//974 1303//972 1307//976 
s 3
f 1306//975 1202//871 1309//978 
f 1202//871 1206//875 1309//978 
f 1206//875 1308//977 1309//978 
f 1308//977 1306//975 1309//978 
s 1
f 1310//979 1311//980 1312//981 
f 1311//980 1313//982 1312//981 
f 1313//982 1314//983 1312//981 
f 1314//983 1310//979 1312//981 
s 3
f 1311//980 1315//984 1316//985 
f 1315//984 1317//986 1316//985 
f 1317//986 1313//982 1316//985 
f 1313//982 1311//980 1316//985 
s 2
f 1315//984 1318//987 1319//988 
f 1318//987 1320//989 1319//988 
f 1320//989 1317//986 1319//988 
f 1317//986 1315//984 1319//988 
f 1318//987 1321//990 1322//991 
f 1321//990 1323//992 1322//991 
f 1323//992 1320//989 1322//991 
f 1320//989 1318//987 1322//991 
f 1321//990 1324//993 1325//994 
f 1324//993 1326//995 1325//994 
f 1326//995 1323//992 1325//994 
f 1323//992 1321//990 1325//994 
f 1324//993 1327//996 1328//997 
f 1327//996 1329//998 1328//997 
f 1329//998 1326//995 1328//997 
f 1326//995 1324//993 1328//997 
f 1327//996 1330//999 1331//1000 
f 1330//999 1332//1001 1331//1000 
f 1332//1001 1329//998 1331//1000 
f 1329//998 1327//996 1331//1000 
f 1330//999 1333//1002 1334//1003 
f 1333//1002 1335//1004 1334//1003 
f 1335//1004 1332//1001 1334//1003 
f 1332//1001 1330//999 1334//1003 
f 1333//1002 1336//1005 1337//949 
f 1336//1005 1338//1006 1337//949 
f 1338//1006 1335//1004 1337//949 
f 1335//1004 1333//1002 1337//949 
f 1336//1005 1339//1007 1340//946 
f 1339//1007 1341//1008 1340//946 
f 1341//1008 1338//1006 1340//946 
f 1338//1006 1336//1005 1340//946 
f 1339//1007 1342//1009 1343//943 
f 1342//1009 1344//1010 1343//943 
f 1344//1010 1341//1008 1343//943 
f 1341//1008 1339//1007 1343//943 
f 1342//1009 1345//1011 1346//940 
f 1345//1011 1347//1012 1346//940 
f 1347//1012 1344//1010 1346//940 
f 1344//1010 1342//1009 1346//940 
f 1345//1011 1348//1013 1349//937 
f 1348//1013 1350//1014 1349//937 
f 1350//1014 1347//1012 1349//937 
f 1347//1012 1345//1011 1349//937 
f 1348//1013 1351//1015 1352//934 
f 1351//1015 1353//1016 1352//934 
f 1353//1016 1350//1014 1352//934 
f 1350//1014 1348//1013 1352//934 
f 1351//1015 1354//1017 1355//931 
f 1354//1017 1356//1018 1355//931 
f 1356//1018 1353//1016 1355//931 
f 1353//1016 1351//1015 1355//931 
f 1354//1017 1357//1019 1358//928 
f 1357//1019 1359//1020 1358//928 
f 1359//1020 1356//1018 1358//928 
f 1356//1018 1354//1017 1358//928 
f 1357//1019 1360//1021 1361//925 
f 1360//1021 1362//1022 1361//925 
f 1362//1022 1359//1020 1361//925 
f 1359//1020 1357//1019 1361//925 
f 1360//1021 1363//1023 1364//1024 
f 1363//1023 1365//1025 1364//1024 
f 1365//1025 1362//1022 1364//1024 
f 1362//1022 1360//1021 1364//1024 
f 1363//1023 1366//1026 1367//1027 
f 1366//1026 1368//1028 1367//1027 
f 1368//1028 1365//1025 1367//1027 
f 1365//1025 1363//1023 1367//1027 
f 1366//1026 1369//1029 1370//1030 
f 1369//1029 1371//1031 1370//1030 
f 1371//1031 1368//1028 1370//1030 
f 1368//1028 1366//1026 1370//1030 
f 1369//1029 1372//1032 1373//1033 
f 1372//1032 1374//1034 1373//1033 
f 1374//1034 1371//1031 1373//1033 
f 1371//1031 1369//1029 1373//1033 
f 1372//1032 1375//1035 1376//1036 
f 1375//1035 1377//1037 1376//1036 
f 1377//1037 1374//1034 1376//1036 
f 1374//1034 1372//1032 1376//1036 
f 1375//1035 1378//1038 1379//1039 
f 1378//1038 1380//1040 1379//1039 
f 1380//1040 1377//1037 1379//1039 
f 1377//1037 1375//1035 1379//1039 
f 1378//1038 1381//1041 1382//1042 
f 1381//1041 1383//1043 1382//1042 
f 1383//1043 1380//1040 1382//1042 
f 1380//1040 1378//1038 1382//1042 
f 1381//1041 1384//1044 1385//1045 
f 1384//1044 1386//1046 1385//1045 
f 1386//1046 1383//1043 1385//1045 
f 1383//1043 1381//1041 1385//1045 
f 1384//1044 1387//1047 1388//1048 
f 1387//1047 1389//1049 1388//1048 
f 1389//1049 1386//1046 1388//1048 
f 1386//1046 1384//1044 1388//1048 
s 4
f 1387//1047 1390//1050 1391//1051 
f 1390//1050 1392//1052 1391//1051 
f 1392//1052 1389//1049 1391//1051 
f 1389//1049 1387//1047 1391//1051 
f 1390//1050 1393//1053 1394//1054 
f 1393//1053 1395//1055 1394//1054 
f 1395//1055 1392//1052 1394//1054 
f 1392//1052 1390//1050 1394//1054 
f 1393//1053 1396//1056 1397//1057 
f 1396//1056 1398//1058 1397//1057 
f 1398//1058 1395//1055 1397//1057 
f 1395//1055 1393//1053 1397//1057 
f 1396//1056 1399//1059 1400//1060 
f 1399//1059 1401//1061 1400//1060 
f 1401//1061 1398//1058 1400//1060 
f 1398//1058 1396//1056 1400//1060 
f 1399//1059 1402//1062 1403//1063 
f 1402//1062 1404//1064 1403//1063 
f 1404//1064 1401//1061 1403//1063 
f 1401//1061 1399//1059 1403//1063 
f 1402//1062 1405//1065 1406//1066 
f 1405//1065 1407//1067 1406//1066 
f 1407//1067 1404//1064 1406//1066 
f 1404//1064 1402//1062 1406//1066 
f 1405//1065 1408//1068 1409//1069 
f 1408//1068 1410//1070 1409//1069 
f 1410//1070 1407//1067 1409//1069 
f 1407//1067 1405//1065 1409//1069 
f 1408//1068 1411//1071 1412//1072 
f 1411//1071 1413//1073 1412//1072 
f 1413//1073 1410//1070 1412//1072 
f 1410//1070 1408//1068 1412//1072 
f 1411//1071 1414//1074 1415//1075 
f 1414//1074 1416//1076 1415//1075 
f 1416//1076 1413//1073 1415//1075 
f 1413//1073 1411//1071 1415//1075 
s 2
f 1414//1074 1417//1077 1418//1078 
f 1417//1077 1419//1079 1418//1078 
f 1419//1079 1416//1076 1418//1078 
f 1416//1076 1414//1074 1418//1078 
s 4
f 1417//1077 1420//1080 1421//1081 
f 1420//1080 1422//1082 1421//1081 
f 1422//1082 1419//1079 1421//1081 
f 1419//1079 1417//1077 1421//1081 
s 2
f 1420//1080 1423//1083 1424//1084 
f 1423//1083 1425//1085 1424//1084 
f 1425//1085 1422//1082 1424//1084 
f 1422//1082 1420//1080 1424//1084 
f 1423//1083 1426//1086 1427//1087 
f 1426//1086 1428//1088 1427//1087 
f 1428//1088 1425//1085 1427//1087 
f 1425//1085 1423//1083 1427//1087 
f 1426//1086 1429//1089 1430//1090 
f 1429//1089 1431//1091 1430//1090 
f 1431//1091 1428//1088 1430//1090 
f 1428//1088 1426//1086 1430//1090 
f 1429//1089 1432//1092 1433//1093 
f 1432//1092 1434//1094 1433//1093 
f 1434//1094 1431//1091 1433//1093 
f 1431//1091 1429//1089 1433//1093 
f 1432//1092 1435//1095 1436//1096 
f 1435//1095 1437//1097 1436//1096 
f 1437//1097 1434//1094 1436//1096 
f 1434//1094 1432//1092 1436//1096 
f 1435//1095 1438//1098 1439//1099 
f 1438//1098 1440//1100 1439//1099 
f 1440//1100 1437//1097 1439//1099 
f 1437//1097 1435//1095 1439//1099 
f 1438//1098 1441//1101 1442//1102 
f 1441//1101 1443//1103 1442//1102 
f 1443//1103 1440//1100 1442//1102 
f 1440//1100 1438//1098 1442//1102 
f 1441//1101 1444//1104 1445//1105 
f 1444//1104 1446//1106 1445//1105 
f 1446//1106 1443//1103 1445//1105 
f 1443//1103 1441//1101 1445//1105 
f 1444//1104 1447//1107 1448//1108 
f 1447//1107 1449//1109 1448//1108 
f 1449//1109 1446//1106 1448//1108 
f 1446//1106 1444//1104 1448//1108 
f 1447//1107 1450//1110 1451//1111 
f 1450//1110 1452//1112 1451//1111 
f 1452//1112 1449//1109 1451//1111 
f 1449//1109 1447//1107 1451//1111 
f 1450//1110 1453//1113 1454//1114 
f 1453//1113 1455//1115 1454//1114 
f 1455//1115 1452//1112 1454//1114 
f 1452//1112 1450//1110 1454//1114 
f 1453//1113 1456//1116 1457//1117 
f 1456//1116 1458//1118 1457//1117 
f 1458//1118 1455//1115 1457//1117 
f 1455//1115 1453//1113 1457//1117 
f 1456//1116 1459//1119 1460//1120 
f 1459//1119 1461//1121 1460//1120 
f 1461//1121 1458//1118 1460//1120 
f 1458//1118 1456//1116 1460//1120 
f 1459//1119 1462//1122 1463//1123 
f 1462//1122 1464//1124 1463//1123 
f 1464//1124 1461//1121 1463//1123 
f 1461//1121 1459//1119 1463//1123 
f 1462//1122 1465//1125 1466//1126 
f 1465//1125 1467//1127 1466//1126 
f 1467//1127 1464//1124 1466//1126 
f 1464//1124 1462//1122 1466//1126 
f 1465//1125 1468//1128 1469//1129 
f 1468//1128 1470//1130 1469//1129 
f 1470//1130 1467//1127 1469//1129 
f 1467//1127 1465//1125 1469//1129 
f 1468//1128 1471//1131 1472//1132 
f 1471//1131 1473//1133 1472//1132 
f 1473//1133 1470//1130 1472//1132 
f 1470//1130 1468//1128 1472//1132 
f 1471//1131 1474//1134 1475//1135 
f 1474//1134 1476//1136 1475//1135 
f 1476//1136 1473//1133 1475//1135 
f 1473//1133 1471//1131 1475//1135 
f 1474//1134 1477//1137 1478//1138 
f 1477//1137 1479//1139 1478//1138 
f 1479//1139 1476//1136 1478//1138 
f 1476//1136 1474//1134 1478//1138 
f 1477//1137 1480//1140 1481//1141 
f 1480//1140 1482//1142 1481//1141 
f 1482//1142 1479//1139 1481//1141 
f 1479//1139 1477//1137 1481//1141 
f 1480//1140 1483//1143 1484//1144 
f 1483//1143 1485//1145 1484//1144 
f 1485//1145 1482//1142 1484//1144 
f 1482//1142 1480//1140 1484//1144 
f 1483//1143 1486//1146 1487//1147 
f 1486//1146 1488//1148 1487//1147 
f 1488//1148 1485//1145 1487//1147 
f 1485//1145 1483//1143 1487//1147 
f 1486//1146 1489//1149 1490//1150 
f 1489//1149 1491//1151 1490//1150 
f 1491//1151 1488//1148 1490//1150 
f 1488//1148 1486//1146 1490//1150 
f 1489//1149 1492//1152 1493//1153 
f 1492//1152 1494//1154 1493//1153 
f 1494//1154 1491//1151 1493//1153 
f 1491//1151 1489//1149 1493//1153 
f 1492//1152 1495//1155 1496//1156 
f 1495//1155 1497//1157 1496//1156 
f 1497//1157 1494//1154 1496//1156 
f 1494//1154 1492//1152 1496//1156 
f 1495//1155 1498//1158 1499//1159 
f 1498//1158 1500//1160 1499//1159 
f 1500//1160 1497//1157 1499//1159 
f 1497//1157 1495//1155 1499//1159 
f 1498//1158 1501//1161 1502//1162 
f 1501//1161 1503//1163 1502//1162 
f 1503//1163 1500//1160 1502//1162 
f 1500//1160 1498//1158 1502//1162 
f 1501//1161 1504//1164 1505//1165 
f 1504//1164 1506//1166 1505//1165 
f 1506//1166 1503//1163 1505//1165 
f 1503//1163 1501//1161 1505//1165 
f 1504//1164 1507//1167 1508//1168 
f 1507//1167 1509//1169 1508//1168 
f 1509//1169 1506//1166 1508//1168 
f 1506//1166 1504//1164 1508//1168 
f 1507//1167 1510//1170 1511//1171 
f 1510//1170 1512//1172 1511//1171 
f 1512//1172 1509//1169 1511//1171 
f 1509//1169 1507//1167 1511//1171 
f 1510//1170 1513//1173 1514//1174 
f 1513//1173 1515//1175 1514//1174 
f 1515//1175 1512//1172 1514//1174 
f 1512//1172 1510//1170 1514//1174 
f 1513//1173 1516//1176 1517//1177 
f 1516//1176 1518//1178 1517//1177 
f 1518//1178 1515//1175 1517//1177 
f 1515//1175 1513//1173 1517//1177 
f 1516//1176 1519//1179 1520//1180 
f 1519//1179 1521//1181 1520//1180 
f 1521//1181 1518//1178 1520//1180 
f 1518//1178 1516//1176 1520//1180 
f 1519//1179 1522//1182 1523//1183 
f 1522//1182 1524//1184 1523//1183 
f 1524//1184 1521//1181 1523//1183 
f 1521//1181 1519//1179 1523//1183 
f 1522//1182 1525//1185 1526//1186 
f 1525//1185 1527//1187 1526//1186 
f 1527//1187 1524//1184 1526//1186 
f 1524//1184 1522//1182 1526//1186 
f 1525//1185 1528//1188 1529//1189 
f 1528//1188 1530//1190 1529//1189 
f 1530//1190 1527//1187 1529//1189 
f 1527//1187 1525//1185 1529//1189 
f 1528//1188 1531//1191 1532//1192 
f 1531//1191 1533//1193 1532//1192 
f 1533//1193 1530//1190 1532//1192 
f 1530//1190 1528//1188 1532//1192 
f 1531//1191 1534//1194 1535//1195 
f 1534//1194 1536//1196 1535//1195 
f 1536//1196 1533//1193 1535//1195 
f 1533//1193 1531//1191 1535//1195 
f 1534//1194 1537//1197 1538//1198 
f 1537//1197 1539//1199 1538//1198 
f 1539//1199 1536//1196 1538//1198 
f 1536//1196 1534//1194 1538//1198 
f 1537//1197 1540//1200 1541//1201 
f 1540//1200 1542//1202 1541//1201 
f 1542//1202 1539//1199 1541//1201 
f 1539//1199 1537//1197 1541//1201 
f 1540//1200 1543//1203 1544//1204 
f 1543//1203 1545//1205 1544//1204 
f 1545//1205 1542//1202 1544//1204 
f 1542//1202 1540//1200 1544//1204 
f 1543//1203 1546//1206 1547//1207 
f 1546//1206 1548//1208 1547//1207 
f 1548//1208 1545//1205 1547//1207 
f 1545//1205 1543//1203 1547//1207 
f 1546//1206 1549//1209 1550//1210 
f 1549//1209 1551//1211 1550//1210 
f 1551//1211 1548//1208 1550//1210 
f 1548//1208 1546//1206 1550//1210 
f 1549//1209 1552//1212 1553//1213 
f 1552//1212 1554//1214 1553//1213 
f 1554//1214 1551//1211 1553//1213 
f 1551//1211 1549//1209 1553//1213 
f 1552//1212 1555//1215 1556//1216 
f 1555//1215 1557//1217 1556//1216 
f 1557//1217 1554//1214 1556//1216 
f 1554//1214 1552//1212 1556//1216 
f 1555//1215 1558//1218 1559//1219 
f 1558//1218 1560//1220 1559//1219 
f 1560//1220 1557//1217 1559//1219 
f 1557//1217 1555//1215 1559//1219 
f 1558//1218 1561//1221 1562//1222 
f 1561//1221 1563//1223 1562//1222 
f 1563//1223 1560//1220 1562//1222 
f 1560//1220 1558//1218 1562//1222 
f 1561//1221 1564//1224 1565//1225 
f 1564//1224 1566//1226 1565//1225 
f 1566//1226 1563//1223 1565//1225 
f 1563//1223 1561//1221 1565//1225 
f 1564//1224 1567//1227 1568//1228 
f 1567//1227 1569//1229 1568//1228 
f 1569//1229 1566//1226 1568//1228 
f 1566//1226 1564//1224 1568//1228 
f 1567//1227 1570//1230 1571//1231 
f 1570//1230 1572//1232 1571//1231 
f 1572//1232 1569//1229 1571//1231 
f 1569//1229 1567//1227 1571//1231 
f 1570//1230 1573//1233 1574//1234 
f 1573//1233 1575//1235 1574//1234 
f 1575//1235 1572//1232 1574//1234 
f 1572//1232 1570//1230 1574//1234 
f 1573//1233 1576//1236 1577//1237 
f 1576//1236 1578//1238 1577//1237 
f 1578//1238 1575//1235 1577//1237 
f 1575//1235 1573//1233 1577//1237 
f 1576//1236 1579//1239 1580//1240 
f 1579//1239 1581//1241 1580//1240 
f 1581//1241 1578//1238 1580//1240 
f 1578//1238 1576//1236 1580//1240 
f 1579//1239 1582//1242 1583//1243 
f 1582//1242 1584//1244 1583//1243 
f 1584//1244 1581//1241 1583//1243 
f 1581//1241 1579//1239 1583//1243 
s 4
f 1582//1242 1585//1245 1586//1246 
f 1585//1245 1587//1247 1586//1246 
f 1587//1247 1584//1244 1586//1246 
f 1584//1244 1582//1242 1586//1246 
s 2
f 1585//1245 1588//1248 1589//1249 
f 1588//1248 1590//1250 1589//1249 
f 1590//1250 1587//1247 1589//1249 
f 1587//1247 1585//1245 1589//1249 
f 1588//1248 1591//1251 1592//1252 
f 1591//1251 1593//1253 1592//1252 
f 1593//1253 1590//1250 1592//1252 
f 1590//1250 1588//1248 1592//1252 
f 1591//1251 1594//1254 1595//1255 
f 1594//1254 1596//1256 1595//1255 
f 1596//1256 1593//1253 1595//1255 
f 1593//1253 1591//1251 1595//1255 
f 1594//1254 1597//1257 1598//1258 
f 1597//1257 1599//1259 1598//1258 
f 1599//1259 1596//1256 1598//1258 
f 1596//1256 1594//1254 1598//1258 
f 1597//1257 1600//1260 1601//1261 
f 1600//1260 1602//1262 1601//1261 
f 1602//1262 1599//1259 1601//1261 
f 1599//1259 1597//1257 1601//1261 
f 1600//1260 1603//1263 1604//1264 
f 1603//1263 1605//1265 1604//1264 
f 1605//1265 1602//1262 1604//1264 
f 1602//1262 1600//1260 1604//1264 
f 1603//1263 1606//1266 1607//1267 
f 1606//1266 1608//1268 1607//1267 
f 1608//1268 1605//1265 1607//1267 
f 1605//1265 1603//1263 1607//1267 
f 1606//1266 1609//1269 1610//1270 
f 1609//1269 1611//1271 1610//1270 
f 1611//1271 1608//1268 1610//1270 
f 1608//1268 1606//1266 1610//1270 
f 1609//1269 1612//1272 1613//1273 
f 1612//1272 1614//1274 1613//1273 
f 1614//1274 1611//1271 1613//1273 
f 1611//1271 1609//1269 1613//1273 
f 1612//1272 1615//1275 1616//1276 
f 1615//1275 1617//1277 1616//1276 
f 1617//1277 1614//1274 1616//1276 
f 1614//1274 1612//1272 1616//1276 
f 1615//1275 1618//1278 1619//1279 
f 1618//1278 1620//1280 1619//1279 
f 1620//1280 1617//1277 1619//1279 
f 1617//1277 1615//1275 1619//1279 
f 1618//1278 1621//1281 1622//1282 
f 1621//1281 1623//1283 1622//1282 
f 1623//1283 1620//1280 1622//1282 
f 1620//1280 1618//1278 1622//1282 
f 1621//1281 1624//1284 1625//1285 
f 1624//1284 1626//1286 1625//1285 
f 1626//1286 1623//1283 1625//1285 
f 1623//1283 1621//1281 1625//1285 
f 1624//1284 1627//1287 1628//1288 
f 1627//1287 1629//1289 1628//1288 
f 1629//1289 1626//1286 1628//1288 
f 1626//1286 1624//1284 1628//1288 
f 1627//1287 1630//1290 1631//1291 
f 1630//1290 1632//1292 1631//1291 
f 1632//1292 1629//1289 1631//1291 
f 1629//1289 1627//1287 1631//1291 
f 1630//1290 1633//1293 1634//1294 
f 1633//1293 1635//1295 1634//1294 
f 1635//1295 1632//1292 1634//1294 
f 1632//1292 1630//1290 1634//1294 
f 1633//1293 1636//1296 1637//1297 
f 1636//1296 1638//1298 1637//1297 
f 1638//1298 1635//1295 1637//1297 
f 1635//1295 1633//1293 1637//1297 
f 1636//1296 1639//1299 1640//1300 
f 1639//1299 1641//1301 1640//1300 
f 1641//1301 1638//1298 1640//1300 
f 1638//1298 1636//1296 1640//1300 
f 1639//1299 1642//1302 1643//1303 
f 1642//1302 1644//1304 1643//1303 
f 1644//1304 1641//1301 1643//1303 
f 1641//1301 1639//1299 1643//1303 
f 1642//1302 1645//1305 1646//1306 
f 1645//1305 1647//1307 1646//1306 
f 1647//1307 1644//1304 1646//1306 
f 1644//1304 1642//1302 1646//1306 
f 1645//1305 1648//1308 1649//1309 
f 1648//1308 1650//1310 1649//1309 
f 1650//1310 1647//1307 1649//1309 
f 1647//1307 1645//1305 1649//1309 
f 1648//1308 1651//1311 1652//1312 
f 1651//1311 1653//1313 1652//1312 
f 1653//1313 1650//1310 1652//1312 
f 1650//1310 1648//1308 1652//1312 
f 1651//1311 1654//1314 1655//1315 
f 1654//1314 1656//1316 1655//1315 
f 1656//1316 1653//1313 1655//1315 
f 1653//1313 1651//1311 1655//1315 
f 1654//1314 1657//1317 1658//733 
f 1657//1317 1659//1318 1658//733 
f 1659//1318 1656//1316 1658//733 
f 1656//1316 1654//1314 1658//733 
f 1657//1317 1660//1319 1661//1320 
f 1660//1319 1662//1321 1661//1320 
f 1662//1321 1659//1318 1661//1320 
f 1659//1318 1657//1317 1661//1320 
f 1660//1319 1663//1322 1664//1323 
f 1663//1322 1665//1324 1664//1323 
f 1665//1324 1662//1321 1664//1323 
f 1662//1321 1660//1319 1664//1323 
f 1663//1322 1666//1325 1667//1326 
f 1666//1325 1668//1327 1667//1326 
f 1668//1327 1665//1324 1667//1326 
f 1665//1324 1663//1322 1667//1326 
f 1666//1325 1669//1328 1670//1329 
f 1669//1328 1671//1330 1670//1329 
f 1671//1330 1668//1327 1670//1329 
f 1668//1327 1666//1325 1670//1329 
f 1669//1328 1672//1331 1673//1332 
f 1672//1331 1674//1333 1673//1332 
f 1674//1333 1671//1330 1673//1332 
f 1671//1330 1669//1328 1673//1332 
f 1672//1331 1675//1334 1676//1335 
f 1675//1334 1677//1336 1676//1335 
f 1677//1336 1674//1333 1676//1335 
f 1674//1333 1672//1331 1676//1335 
f 1675//1334 1678//1337 1679//1338 
f 1678//1337 1680//1339 1679//1338 
f 1680//1339 1677//1336 1679//1338 
f 1677//1336 1675//1334 1679//1338 
f 1678//1337 1681//1340 1682//1341 
f 1681//1340 1683//1342 1682//1341 
f 1683//1342 1680//1339 1682//1341 
f 1680//1339 1678//1337 1682//1341 
f 1681//1340 1684//1343 1685//1344 
f 1684//1343 1686//1345 1685//1344 
f 1686//1345 1683//1342 1685//1344 
f 1683//1342 1681//1340 1685//1344 
f 1684//1343 1687//1346 1688//1347 
f 1687//1346 1689//1348 1688//1347 
f 1689//1348 1686//1345 1688//1347 
f 1686//1345 1684//1343 1688//1347 
f 1687//1346 1690//1349 1691//1350 
f 1690//1349 1692//1351 1691//1350 
f 1692//1351 1689//1348 1691//1350 
f 1689//1348 1687//1346 1691//1350 
f 1690//1349 1693//1352 1694//1353 
f 1693//1352 1695//1354 1694//1353 
f 1695//1354 1692//1351 1694//1353 
f 1692//1351 1690//1349 1694//1353 
f 1693//1352 1696//1355 1697//1356 
f 1696//1355 1698//1357 1697//1356 
f 1698//1357 1695//1354 1697//1356 
f 1695//1354 1693//1352 1697//1356 
f 1696//1355 1699//1358 1700//1359 
f 1699//1358 1701//1360 1700//1359 
f 1701//1360 1698//1357 1700//1359 
f 1698//1357 1696//1355 1700//1359 
f 1699//1358 1702//1361 1703//1362 
f 1702//1361 1704//1363 1703//1362 
f 1704//1363 1701//1360 1703//1362 
f 1701//1360 1699//1358 1703//1362 
f 1702//1361 1705//1364 1706//1365 
f 1705//1364 1707//1366 1706//1365 
f 1707//1366 1704//1363 1706//1365 
f 1704//1363 1702//1361 1706//1365 
f 1705//1364 1708//1367 1709//1368 
f 1708//1367 1710//1369 1709//1368 
f 1710//1369 1707//1366 1709//1368 
f 1707//1366 1705//1364 1709//1368 
f 1708//1367 1711//1370 1712//1371 
f 1711//1370 1713//1372 1712//1371 
f 1713//1372 1710//1369 1712//1371 
f 1710//1369 1708//1367 1712//1371 
f 1711//1370 1714//1373 1715//1374 
f 1714//1373 1716//1375 1715//1374 
f 1716//1375 1713//1372 1715//1374 
f 1713//1372 1711//1370 1715//1374 
f 1714//1373 1717//1376 1718//1377 
f 1717//1376 1719//1378 1718//1377 
f 1719//1378 1716//1375 1718//1377 
f 1716//1375 1714//1373 1718//1377 
f 1717//1376 1720//1379 1721//1380 
f 1720//1379 1722//1381 1721//1380 
f 1722//1381 1719//1378 1721//1380 
f 1719//1378 1717//1376 1721//1380 
s 4
f 1720//1379 1723//1382 1724//1383 
f 1723//1382 1725//1384 1724//1383 
f 1725//1384 1722//1381 1724//1383 
f 1722//1381 1720//1379 1724//1383 
f 1723//1382 1726//1385 1727//1386 
f 1726//1385 1728//1387 1727//1386 
f 1728//1387 1725//1384 1727//1386 
f 1725//1384 1723//1382 1727//1386 
f 1726//1385 1729//1388 1730//1389 
f 1729//1388 1731//1390 1730//1389 
f 1731//1390 1728//1387 1730//1389 
f 1728//1387 1726//1385 1730//1389 
f 1729//1388 1732//1391 1733//1392 
f 1732//1391 1734//1393 1733//1392 
f 1734//1393 1731//1390 1733//1392 
f 1731//1390 1729//1388 1733//1392 
f 1732//1391 1735//1394 1736//1395 
f 1735//1394 1737//1396 1736//1395 
f 1737//1396 1734//1393 1736//1395 
f 1734//1393 1732//1391 1736//1395 
f 1735//1394 1738//1397 1739//1398 
f 1738//1397 1740//1399 1739//1398 
f 1740//1399 1737//1396 1739//1398 
f 1737//1396 1735//1394 1739//1398 
f 1738//1397 1741//1400 1742//1401 
f 1741//1400 1743//1402 1742//1401 
f 1743//1402 1740//1399 1742//1401 
f 1740//1399 1738//1397 1742//1401 
f 1741//1400 1744//1403 1745//1404 
f 1744//1403 1746//1405 1745//1404 
f 1746//1405 1743//1402 1745//1404 
f 1743//1402 1741//1400 1745//1404 
f 1744//1403 1747//1406 1748//1407 
f 1747//1406 1749//1408 1748//1407 
f 1749//1408 1746//1405 1748//1407 
f 1746//1405 1744//1403 1748//1407 
s 2
f 1747//1406 1750//1409 1751//1410 
f 1750//1409 1752//1411 1751//1410 
f 1752//1411 1749//1408 1751//1410 
f 1749//1408 1747//1406 1751//1410 
s 4
f 1750//1409 1753//1412 1754//1413 
f 1753//1412 1755//1414 1754//1413 
f 1755//1414 1752//1411 1754//1413 
f 1752//1411 1750//1409 1754//1413 
s 3
f 1753//1412 1310//979 1756//1415 
f 1310//979 1314//983 1756//1415 
f 1314//983 1755//1414 1756//1415 
f 1755//1414 1753//1412 1756//1415 
s 16
f 1750//1409 1757//354 1267//936 1758//354 
f 1267//936 1264//933 1758//354 
f 1264//933 1750//1409 1758//354 
f 1413//1073 1416//1076 1759//355 
f 1416//1076 1269//938 1759//355 
f 1269//938 1272//941 1759//355 
f 1272//941 1413//1073 1759//355 
f 1264//933 1261//930 1760//354 
f 1261//930 1750//1409 1760//354 
f 1750//1409 1264//933 1760//354 
f 1261//930 1258//927 1761//354 
f 1258//927 1750//1409 1761//354 
f 1750//1409 1261//930 1761//354 
f 1258//927 1255//924 1762//354 
f 1255//924 1753//1412 1762//354 
f 1753//1412 1750//1409 1762//354 
f 1750//1409 1258//927 1762//354 
f 1255//924 1252//921 1763//354 
f 1252//921 1753//1412 1763//354 
f 1753//1412 1255//924 1763//354 
f 1252//921 1249//918 1764//354 
f 1249//918 1310//979 1764//354 
f 1310//979 1753//1412 1764//354 
f 1753//1412 1252//921 1764//354 
f 1249//918 1246//915 1765//354 
f 1246//915 1311//980 1765//354 
f 1311//980 1310//979 1765//354 
f 1310//979 1249//918 1765//354 
f 1246//915 1243//912 1766//354 
f 1243//912 1315//984 1766//354 
f 1315//984 1311//980 1766//354 
f 1311//980 1246//915 1766//354 
f 1243//912 1240//909 1767//354 
f 1240//909 1318//987 1767//354 
f 1318//987 1315//984 1767//354 
f 1315//984 1243//912 1767//354 
f 1240//909 1237//906 1768//354 
f 1237//906 1321//990 1768//354 
f 1321//990 1318//987 1768//354 
f 1318//987 1240//909 1768//354 
f 1237//906 1234//903 1769//354 
f 1234//903 1324//993 1769//354 
f 1324//993 1321//990 1769//354 
f 1321//990 1237//906 1769//354 
f 1234//903 1231//900 1770//354 
f 1231//900 1327//996 1770//354 
f 1327//996 1324//993 1770//354 
f 1324//993 1234//903 1770//354 
f 1231//900 1228//897 1771//354 
f 1228//897 1330//999 1771//354 
f 1330//999 1327//996 1771//354 
f 1327//996 1231//900 1771//354 
f 1228//897 1225//894 1772//354 
f 1225//894 1333//1002 1772//354 
f 1333//1002 1330//999 1772//354 
f 1330//999 1228//897 1772//354 
f 1225//894 1222//891 1773//354 
f 1222//891 1336//1005 1773//354 
f 1336//1005 1333//1002 1773//354 
f 1333//1002 1225//894 1773//354 
f 1222//891 1219//888 1774//354 
f 1219//888 1339//1007 1774//354 
f 1339//1007 1336//1005 1774//354 
f 1336//1005 1222//891 1774//354 
f 1219//888 1216//885 1775//354 
f 1216//885 1342//1009 1775//354 
f 1342//1009 1339//1007 1775//354 
f 1339//1007 1219//888 1775//354 
f 1216//885 1213//882 1776//354 
f 1213//882 1345//1011 1776//354 
f 1345//1011 1342//1009 1776//354 
f 1342//1009 1216//885 1776//354 
f 1213//882 1210//879 1777//354 
f 1210//879 1348//1013 1777//354 
f 1348//1013 1345//1011 1777//354 
f 1345//1011 1213//882 1777//354 
f 1210//879 1207//876 1778//354 
f 1207//876 1351//1015 1778//354 
f 1351//1015 1348//1013 1778//354 
f 1348//1013 1210//879 1778//354 
f 1207//876 1203//872 1779//354 
f 1203//872 1354//1017 1779//354 
f 1354//1017 1351//1015 1779//354 
f 1351//1015 1207//876 1779//354 
f 1203//872 1202//871 1780//354 
f 1202//871 1357//1019 1780//354 
f 1357//1019 1354//1017 1780//354 
f 1354//1017 1203//872 1780//354 
f 1202//871 1306//975 1781//354 
f 1306//975 1360//1021 1781//354 
f 1360//1021 1357//1019 1781//354 
f 1357//1019 1202//871 1781//354 
f 1306//975 1303//972 1782//354 
f 1303//972 1363//1023 1782//354 
f 1363//1023 1360//1021 1782//354 
f 1360//1021 1306//975 1782//354 
f 1303//972 1300//969 1783//354 
f 1300//969 1366//1026 1783//354 
f 1366//1026 1363//1023 1783//354 
f 1363//1023 1303//972 1783//354 
f 1300//969 1297//966 1784//354 
f 1297//966 1369//1029 1784//354 
f 1369//1029 1366//1026 1784//354 
f 1366//1026 1300//969 1784//354 
f 1297//966 1294//963 1785//354 
f 1294//963 1372//1032 1785//354 
f 1372//1032 1369//1029 1785//354 
f 1369//1029 1297//966 1785//354 
f 1294//963 1291//960 1786//354 
f 1291//960 1375//1035 1786//354 
f 1375//1035 1372//1032 1786//354 
f 1372//1032 1294//963 1786//354 
f 1291//960 1288//957 1787//354 
f 1288//957 1378//1038 1787//354 
f 1378//1038 1375//1035 1787//354 
f 1375//1035 1291//960 1787//354 
f 1288//957 1285//954 1788//354 
f 1285//954 1381//1041 1788//354 
f 1381//1041 1378//1038 1788//354 
f 1378//1038 1288//957 1788//354 
f 1285//954 1282//951 1789//354 
f 1282//951 1384//1044 1789//354 
f 1384//1044 1381//1041 1789//354 
f 1381//1041 1285//954 1789//354 
f 1282//951 1279//948 1790//354 
f 1279//948 1387//1047 1790//354 
f 1387//1047 1384//1044 1790//354 
f 1384//1044 1282//951 1790//354 
f 1279//948 1276//945 1791//354 
f 1276//945 1393//1053 1791//354 
f 1393//1053 1390//1050 1791//354 
f 1390//1050 1387//1047 1791//354 
f 1387//1047 1279//948 1791//354 
f 1276//945 1273//942 1792//354 
f 1273//942 1402//1062 1792//354 
f 1402//1062 1399//1059 1792//354 
f 1399//1059 1396//1056 1792//354 
f 1396//1056 1393//1053 1792//354 
f 1393//1053 1276//945 1792//354 
f 1273//942 1270//939 1793//354 
f 1270//939 1411//1071 1793//354 
f 1411//1071 1408//1068 1793//354 
f 1408//1068 1405//1065 1793//354 
f 1405//1065 1402//1062 1793//354 
f 1402//1062 1273//942 1793//354 
f 1750//1409 1417//1077 1794//354 
f 1417//1077 1414//1074 1794//354 
f 1414//1074 1750//1409 1794//354 
f 1663//1322 1660//1319 1795//354 
f 1660//1319 1507//1167 1795//354 
f 1507//1167 1504//1164 1795//354 
f 1504//1164 1663//1322 1795//354 
f 1414//1074 1411//1071 1796//354 
f 1411//1071 1270//939 1796//354 
f 1270//939 1267//936 1796//354 
f 1267//936 1414//1074 1796//354 
f 1414//1074 1267//936 1757//354 
f 1750//1409 1414//1074 1757//354 
f 1660//1319 1657//1317 1797//354 
f 1657//1317 1510//1170 1797//354 
f 1510//1170 1507//1167 1797//354 
f 1507//1167 1660//1319 1797//354 
f 1504//1164 1501//1161 1798//354 
f 1501//1161 1666//1325 1798//354 
f 1666//1325 1663//1322 1798//354 
f 1663//1322 1504//1164 1798//354 
f 1501//1161 1498//1158 1799//354 
f 1498//1158 1669//1328 1799//354 
f 1669//1328 1666//1325 1799//354 
f 1666//1325 1501//1161 1799//354 
f 1498//1158 1495//1155 1800//354 
f 1495//1155 1672//1331 1800//354 
f 1672//1331 1669//1328 1800//354 
f 1669//1328 1498//1158 1800//354 
f 1495//1155 1492//1152 1801//354 
f 1492//1152 1675//1334 1801//354 
f 1675//1334 1672//1331 1801//354 
f 1672//1331 1495//1155 1801//354 
f 1492//1152 1489//1149 1802//354 
f 1489//1149 1678//1337 1802//354 
f 1678//1337 1675//1334 1802//354 
f 1675//1334 1492//1152 1802//354 
f 1489//1149 1486//1146 1803//354 
f 1486//1146 1681//1340 1803//354 
f 1681//1340 1678//1337 1803//354 
f 1678//1337 1489//1149 1803//354 
f 1486//1146 1483//1143 1804//354 
f 1483//1143 1684//1343 1804//354 
f 1684//1343 1681//1340 1804//354 
f 1681//1340 1486//1146 1804//354 
f 1483//1143 1480//1140 1805//354 
f 1480//1140 1687//1346 1805//354 
f 1687//1346 1684//1343 1805//354 
f 1684//1343 1483//1143 1805//354 
f 1480//1140 1477//1137 1806//354 
f 1477//1137 1690//1349 1806//354 
f 1690//1349 1687//1346 1806//354 
f 1687//1346 1480//1140 1806//354 
f 1477//1137 1474//1134 1807//354 
f 1474//1134 1693//1352 1807//354 
f 1693//1352 1690//1349 1807//354 
f 1690//1349 1477//1137 1807//354 
f 1474//1134 1471//1131 1808//354 
f 1471//1131 1696//1355 1808//354 
f 1696//1355 1693//1352 1808//354 
f 1693//1352 1474//1134 1808//354 
f 1471//1131 1468//1128 1809//354 
f 1468//1128 1699//1358 1809//354 
f 1699//1358 1696//1355 1809//354 
f 1696//1355 1471//1131 1809//354 
f 1468//1128 1465//1125 1810//354 
f 1465//1125 1702//1361 1810//354 
f 1702//1361 1699//1358 1810//354 
f 1699//1358 1468//1128 1810//354 
f 1465//1125 1462//1122 1811//354 
f 1462//1122 1705//1364 1811//354 
f 1705//1364 1702//1361 1811//354 
f 1702//1361 1465//1125 1811//354 
f 1462//1122 1459//1119 1812//354 
f 1459//1119 1708//1367 1812//354 
f 1708//1367 1705//1364 1812//354 
f 1705//1364 1462//1122 1812//354 
f 1459//1119 1456//1116 1813//354 
f 1456//1116 1708//1367 1813//354 
f 1708//1367 1459//1119 1813//354 
f 1456//1116 1453//1113 1814//354 
f 1453//1113 1711//1370 1814//354 
f 1711//1370 1708//1367 1814//354 
f 1708//1367 1456//1116 1814//354 
f 1453//1113 1450//1110 1815//354 
f 1450//1110 1717//1376 1815//354 
f 1717//1376 1714//1373 1815//354 
f 1714//1373 1711//1370 1815//354 
f 1711//1370 1453//1113 1815//354 
f 1450//1110 1447//1107 1816//354 
f 1447//1107 1720//1379 1816//354 
f 1720//1379 1717//1376 1816//354 
f 1717//1376 1450//1110 1816//354 
f 1447//1107 1444//1104 1817//354 
f 1444//1104 1723//1382 1817//354 
f 1723//1382 1720//1379 1817//354 
f 1720//1379 1447//1107 1817//354 
f 1444//1104 1441//1101 1818//354 
f 1441//1101 1723//1382 1818//354 
f 1723//1382 1444//1104 1818//354 
f 1441//1101 1438//1098 1819//354 
f 1438//1098 1726//1385 1819//354 
f 1726//1385 1723//1382 1819//354 
f 1723//1382 1441//1101 1819//354 
f 1438//1098 1435//1095 1820//354 
f 1435//1095 1726//1385 1820//354 
f 1726//1385 1438//1098 1820//354 
f 1435//1095 1432//1092 1821//354 
f 1432//1092 1729//1388 1821//354 
f 1729//1388 1726//1385 1821//354 
f 1726//1385 1435//1095 1821//354 
f 1432//1092 1429//1089 1822//354 
f 1429//1089 1732//1391 1822//354 
f 1732//1391 1729//1388 1822//354 
f 1729//1388 1432//1092 1822//354 
f 1429//1089 1426//1086 1823//354 
f 1426//1086 1732//1391 1823//354 
f 1732//1391 1429//1089 1823//354 
f 1426//1086 1423//1083 1824//354 
f 1423//1083 1735//1394 1824//354 
f 1735//1394 1732//1391 1824//354 
f 1732//1391 1426//1086 1824//354 
f 1423//1083 1420//1080 1825//354 
f 1420//1080 1747//1406 1825//354 
f 1747//1406 1744//1403 1825//354 
f 1744//1403 1741//1400 1825//354 
f 1741//1400 1738//1397 1825//354 
f 1738//1397 1735//1394 1825//354 
f 1735//1394 1423//1083 1825//354 
f 1420//1080 1417//1077 1826//354 
f 1417//1077 1750//1409 1826//354 
f 1750//1409 1747//1406 1826//354 
f 1747//1406 1420//1080 1826//354 
f 1657//1317 1654//1314 1827//354 
f 1654//1314 1513//1173 1827//354 
f 1513//1173 1510//1170 1827//354 
f 1510//1170 1657//1317 1827//354 
f 1654//1314 1651//1311 1828//354 
f 1651//1311 1516//1176 1828//354 
f 1516//1176 1513//1173 1828//354 
f 1513//1173 1654//1314 1828//354 
f 1651//1311 1648//1308 1829//354 
f 1648//1308 1519//1179 1829//354 
f 1519//1179 1516//1176 1829//354 
f 1516//1176 1651//1311 1829//354 
f 1648//1308 1645//1305 1830//354 
f 1645//1305 1522//1182 1830//354 
f 1522//1182 1519//1179 1830//354 
f 1519//1179 1648//1308 1830//354 
f 1645//1305 1642//1302 1831//354 
f 1642//1302 1525//1185 1831//354 
f 1525//1185 1522//1182 1831//354 
f 1522//1182 1645//1305 1831//354 
f 1642//1302 1639//1299 1832//354 
f 1639//1299 1528//1188 1832//354 
f 1528//1188 1525//1185 1832//354 
f 1525//1185 1642//1302 1832//354 
f 1639//1299 1636//1296 1833//354 
f 1636//1296 1531//1191 1833//354 
f 1531//1191 1528//1188 1833//354 
f 1528//1188 1639//1299 1833//354 
f 1636//1296 1633//1293 1834//354 
f 1633//1293 1534//1194 1834//354 
f 1534//1194 1531//1191 1834//354 
f 1531//1191 1636//1296 1834//354 
f 1633//1293 1630//1290 1835//354 
f 1630//1290 1537//1197 1835//354 
f 1537//1197 1534//1194 1835//354 
f 1534//1194 1633//1293 1835//354 
f 1630//1290 1627//1287 1836//354 
f 1627//1287 1540//1200 1836//354 
f 1540//1200 1537//1197 1836//354 
f 1537//1197 1630//1290 1836//354 
f 1627//1287 1624//1284 1837//354 
f 1624//1284 1543//1203 1837//354 
f 1543//1203 1540//1200 1837//354 
f 1540//1200 1627//1287 1837//354 
f 1624//1284 1621//1281 1838//354 
f 1621//1281 1543//1203 1838//354 
f 1543//1203 1624//1284 1838//354 
f 1621//1281 1618//1278 1839//354 
f 1618//1278 1546//1206 1839//354 
f 1546//1206 1543//1203 1839//354 
f 1543//1203 1621//1281 1839//354 
f 1618//1278 1615//1275 1840//354 
f 1615//1275 1549//1209 1840//354 
f 1549//1209 1546//1206 1840//354 
f 1546//1206 1618//1278 1840//354 
f 1615//1275 1612//1272 1841//354 
f 1612//1272 1552//1212 1841//354 
f 1552//1212 1549//1209 1841//354 
f 1549//1209 1615//1275 1841//354 
f 1612//1272 1609//1269 1842//354 
f 1609//1269 1555//1215 1842//354 
f 1555//1215 1552//1212 1842//354 
f 1552//1212 1612//1272 1842//354 
f 1609//1269 1606//1266 1843//354 
f 1606//1266 1561//1221 1843//354 
f 1561//1221 1558//1218 1843//354 
f 1558//1218 1555//1215 1843//354 
f 1555//1215 1609//1269 1843//354 
f 1606//1266 1603//1263 1844//354 
f 1603//1263 1564//1224 1844//354 
f 1564//1224 1561//1221 1844//354 
f 1561//1221 1606//1266 1844//354 
f 1603//1263 1600//1260 1845//354 
f 1600//1260 1567//1227 1845//354 
f 1567//1227 1564//1224 1845//354 
f 1564//1224 1603//1263 1845//354 
f 1600//1260 1597//1257 1846//354 
f 1597//1257 1570//1230 1846//354 
f 1570//1230 1567//1227 1846//354 
f 1567//1227 1600//1260 1846//354 
f 1597//1257 1594//1254 1847//354 
f 1594//1254 1573//1233 1847//354 
f 1573//1233 1570//1230 1847//354 
f 1570//1230 1597//1257 1847//354 
f 1594//1254 1591//1251 1848//354 
f 1591//1251 1576//1236 1848//354 
f 1576//1236 1573//1233 1848//354 
f 1573//1233 1594//1254 1848//354 
f 1591//1251 1588//1248 1849//354 
f 1588//1248 1576//1236 1849//354 
f 1576//1236 1591//1251 1849//354 
f 1588//1248 1585//1245 1850//354 
f 1585//1245 1582//1242 1850//354 
f 1582//1242 1579//1239 1850//354 
f 1579//1239 1576//1236 1850//354 
f 1576//1236 1588//1248 1850//354 
f 1416//1076 1752//1411 1851//355 
f 1269//938 1416//1076 1851//355 
f 1272//941 1275//944 1852//355 
f 1275//944 1404//1064 1852//355 
f 1404//1064 1407//1067 1852//355 
f 1407//1067 1410//1070 1852//355 
f 1410//1070 1413//1073 1852//355 
f 1413//1073 1272//941 1852//355 
f 1275//944 1278//947 1853//355 
f 1278//947 1395//1055 1853//355 
f 1395//1055 1398//1058 1853//355 
f 1398//1058 1401//1061 1853//355 
f 1401//1061 1404//1064 1853//355 
f 1404//1064 1275//944 1853//355 
f 1278//947 1281//950 1854//355 
f 1281//950 1389//1049 1854//355 
f 1389//1049 1392//1052 1854//355 
f 1392//1052 1395//1055 1854//355 
f 1395//1055 1278//947 1854//355 
f 1281//950 1284//953 1855//355 
f 1284//953 1386//1046 1855//355 
f 1386//1046 1389//1049 1855//355 
f 1389//1049 1281//950 1855//355 
f 1284//953 1287//956 1856//355 
f 1287//956 1383//1043 1856//355 
f 1383//1043 1386//1046 1856//355 
f 1386//1046 1284//953 1856//355 
f 1287//956 1290//959 1857//355 
f 1290//959 1380//1040 1857//355 
f 1380//1040 1383//1043 1857//355 
f 1383//1043 1287//956 1857//355 
f 1290//959 1293//962 1858//355 
f 1293//962 1377//1037 1858//355 
f 1377//1037 1380//1040 1858//355 
f 1380//1040 1290//959 1858//355 
f 1293//962 1296//965 1859//355 
f 1296//965 1374//1034 1859//355 
f 1374//1034 1377//1037 1859//355 
f 1377//1037 1293//962 1859//355 
f 1296//965 1299//968 1860//355 
f 1299//968 1371//1031 1860//355 
f 1371//1031 1374//1034 1860//355 
f 1374//1034 1296//965 1860//355 
f 1299//968 1302//971 1861//355 
f 1302//971 1368//1028 1861//355 
f 1368//1028 1371//1031 1861//355 
f 1371//1031 1299//968 1861//355 
f 1302//971 1305//974 1862//355 
f 1305//974 1365//1025 1862//355 
f 1365//1025 1368//1028 1862//355 
f 1368//1028 1302//971 1862//355 
f 1305//974 1308//977 1863//355 
f 1308//977 1362//1022 1863//355 
f 1362//1022 1365//1025 1863//355 
f 1365//1025 1305//974 1863//355 
f 1308//977 1206//875 1864//355 
f 1206//875 1359//1020 1864//355 
f 1359//1020 1362//1022 1864//355 
f 1362//1022 1308//977 1864//355 
f 1206//875 1205//874 1865//355 
f 1205//874 1356//1018 1865//355 
f 1356//1018 1359//1020 1865//355 
f 1359//1020 1206//875 1865//355 
f 1205//874 1209//878 1866//355 
f 1209//878 1353//1016 1866//355 
f 1353//1016 1356//1018 1866//355 
f 1356//1018 1205//874 1866//355 
f 1209//878 1212//881 1867//355 
f 1212//881 1350//1014 1867//355 
f 1350//1014 1353//1016 1867//355 
f 1353//1016 1209//878 1867//355 
f 1212//881 1215//884 1868//355 
f 1215//884 1347//1012 1868//355 
f 1347//1012 1350//1014 1868//355 
f 1350//1014 1212//881 1868//355 
f 1215//884 1218//887 1869//355 
f 1218//887 1344//1010 1869//355 
f 1344//1010 1347//1012 1869//355 
f 1347//1012 1215//884 1869//355 
f 1218//887 1221//890 1870//355 
f 1221//890 1341//1008 1870//355 
f 1341//1008 1344//1010 1870//355 
f 1344//1010 1218//887 1870//355 
f 1221//890 1224//893 1871//355 
f 1224//893 1338//1006 1871//355 
f 1338//1006 1341//1008 1871//355 
f 1341//1008 1221//890 1871//355 
f 1224//893 1227//896 1872//355 
f 1227//896 1335//1004 1872//355 
f 1335//1004 1338//1006 1872//355 
f 1338//1006 1224//893 1872//355 
f 1227//896 1230//899 1873//355 
f 1230//899 1332//1001 1873//355 
f 1332//1001 1335//1004 1873//355 
f 1335//1004 1227//896 1873//355 
f 1230//899 1233//902 1874//355 
f 1233//902 1329//998 1874//355 
f 1329//998 1332//1001 1874//355 
f 1332//1001 1230//899 1874//355 
f 1233//902 1236//905 1875//355 
f 1236//905 1326//995 1875//355 
f 1326//995 1329//998 1875//355 
f 1329//998 1233//902 1875//355 
f 1236//905 1239//908 1876//355 
f 1239//908 1323//992 1876//355 
f 1323//992 1326//995 1876//355 
f 1326//995 1236//905 1876//355 
f 1239//908 1242//911 1877//355 
f 1242//911 1320//989 1877//355 
f 1320//989 1323//992 1877//355 
f 1323//992 1239//908 1877//355 
f 1242//911 1245//914 1878//355 
f 1245//914 1317//986 1878//355 
f 1317//986 1320//989 1878//355 
f 1320//989 1242//911 1878//355 
f 1245//914 1248//917 1879//355 
f 1248//917 1313//982 1879//355 
f 1313//982 1317//986 1879//355 
f 1317//986 1245//914 1879//355 
f 1248//917 1251//920 1880//355 
f 1251//920 1314//983 1880//355 
f 1314//983 1313//982 1880//355 
f 1313//982 1248//917 1880//355 
f 1251//920 1254//923 1881//355 
f 1254//923 1755//1414 1881//355 
f 1755//1414 1314//983 1881//355 
f 1314//983 1251//920 1881//355 
f 1254//923 1257//926 1882//355 
f 1257//926 1755//1414 1882//355 
f 1755//1414 1254//923 1882//355 
f 1257//926 1260//929 1883//355 
f 1260//929 1752//1411 1883//355 
f 1752//1411 1755//1414 1883//355 
f 1755//1414 1257//926 1883//355 
f 1260//929 1263//932 1884//355 
f 1263//932 1752//1411 1884//355 
f 1752//1411 1260//929 1884//355 
f 1263//932 1266//935 1885//355 
f 1266//935 1752//1411 1885//355 
f 1752//1411 1263//932 1885//355 
f 1266//935 1269//938 1886//355 
f 1269//938 1851//355 1752//1411 1886//355 
f 1752//1411 1266//935 1886//355 
f 1419//1079 1422//1082 1887//355 
f 1422//1082 1749//1408 1887//355 
f 1749//1408 1752//1411 1887//355 
f 1752//1411 1419//1079 1887//355 
f 1422//1082 1425//1085 1888//355 
f 1425//1085 1737//1396 1888//355 
f 1737//1396 1740//1399 1888//355 
f 1740//1399 1743//1402 1888//355 
f 1743//1402 1746//1405 1888//355 
f 1746//1405 1749//1408 1888//355 
f 1749//1408 1422//1082 1888//355 
f 1752//1411 1416//1076 1889//355 
f 1416//1076 1419//1079 1889//355 
f 1419//1079 1752//1411 1889//355 
f 1425//1085 1428//1088 1890//355 
f 1428//1088 1734//1393 1890//355 
f 1734//1393 1737//1396 1890//355 
f 1737//1396 1425//1085 1890//355 
f 1428//1088 1431//1091 1891//355 
f 1431//1091 1734//1393 1891//355 
f 1734//1393 1428//1088 1891//355 
f 1431//1091 1434//1094 1892//355 
f 1434//1094 1731//1390 1892//355 
f 1731//1390 1734//1393 1892//355 
f 1734//1393 1431//1091 1892//355 
f 1434//1094 1437//1097 1893//355 
f 1437//1097 1728//1387 1893//355 
f 1728//1387 1731//1390 1893//355 
f 1731//1390 1434//1094 1893//355 
f 1437//1097 1440//1100 1894//355 
f 1440//1100 1728//1387 1894//355 
f 1728//1387 1437//1097 1894//355 
f 1440//1100 1443//1103 1895//355 
f 1443//1103 1725//1384 1895//355 
f 1725//1384 1728//1387 1895//355 
f 1728//1387 1440//1100 1895//355 
f 1443//1103 1446//1106 1896//355 
f 1446//1106 1725//1384 1896//355 
f 1725//1384 1443//1103 1896//355 
f 1446//1106 1449//1109 1897//355 
f 1449//1109 1722//1381 1897//355 
f 1722//1381 1725//1384 1897//355 
f 1725//1384 1446//1106 1897//355 
f 1449//1109 1452//1112 1898//355 
f 1452//1112 1719//1378 1898//355 
f 1719//1378 1722//1381 1898//355 
f 1722//1381 1449//1109 1898//355 
f 1452//1112 1455//1115 1899//355 
f 1455//1115 1713//1372 1899//355 
f 1713//1372 1716//1375 1899//355 
f 1716//1375 1719//1378 1899//355 
f 1719//1378 1452//1112 1899//355 
f 1455//1115 1458//1118 1900//355 
f 1458//1118 1710//1369 1900//355 
f 1710//1369 1713//1372 1900//355 
f 1713//1372 1455//1115 1900//355 
f 1458//1118 1461//1121 1901//355 
f 1461//1121 1710//1369 1901//355 
f 1710//1369 1458//1118 1901//355 
f 1461//1121 1464//1124 1902//355 
f 1464//1124 1707//1366 1902//355 
f 1707//1366 1710//1369 1902//355 
f 1710//1369 1461//1121 1902//355 
f 1464//1124 1467//1127 1903//355 
f 1467//1127 1704//1363 1903//355 
f 1704//1363 1707//1366 1903//355 
f 1707//1366 1464//1124 1903//355 
f 1467//1127 1470//1130 1904//355 
f 1470//1130 1701//1360 1904//355 
f 1701//1360 1704//1363 1904//355 
f 1704//1363 1467//1127 1904//355 
f 1470//1130 1473//1133 1905//355 
f 1473//1133 1698//1357 1905//355 
f 1698//1357 1701//1360 1905//355 
f 1701//1360 1470//1130 1905//355 
f 1473//1133 1476//1136 1906//355 
f 1476//1136 1695//1354 1906//355 
f 1695//1354 1698//1357 1906//355 
f 1698//1357 1473//1133 1906//355 
f 1476//1136 1479//1139 1907//355 
f 1479//1139 1692//1351 1907//355 
f 1692//1351 1695//1354 1907//355 
f 1695//1354 1476//1136 1907//355 
f 1479//1139 1482//1142 1908//355 
f 1482//1142 1689//1348 1908//355 
f 1689//1348 1692//1351 1908//355 
f 1692//1351 1479//1139 1908//355 
f 1482//1142 1485//1145 1909//355 
f 1485//1145 1686//1345 1909//355 
f 1686//1345 1689//1348 1909//355 
f 1689//1348 1482//1142 1909//355 
f 1485//1145 1488//1148 1910//355 
f 1488//1148 1683//1342 1910//355 
f 1683//1342 1686//1345 1910//355 
f 1686//1345 1485//1145 1910//355 
f 1488//1148 1491//1151 1911//355 
f 1491//1151 1680//1339 1911//355 
f 1680//1339 1683//1342 1911//355 
f 1683//1342 1488//1148 1911//355 
f 1491//1151 1494//1154 1912//355 
f 1494//1154 1677//1336 1912//355 
f 1677//1336 1680//1339 1912//355 
f 1680//1339 1491//1151 1912//355 
f 1494//1154 1497//1157 1913//355 
f 1497//1157 1674//1333 1913//355 
f 1674//1333 1677//1336 1913//355 
f 1677//1336 1494//1154 1913//355 
f 1497//1157 1500//1160 1914//355 
f 1500//1160 1671//1330 1914//355 
f 1671//1330 1674//1333 1914//355 
f 1674//1333 1497//1157 1914//355 
f 1500//1160 1503//1163 1915//355 
f 1503//1163 1668//1327 1915//355 
f 1668//1327 1671//1330 1915//355 
f 1671//1330 1500//1160 1915//355 
f 1503//1163 1506//1166 1916//355 
f 1506//1166 1665//1324 1916//355 
f 1665//1324 1668//1327 1916//355 
f 1668//1327 1503//1163 1916//355 
f 1578//1238 1581//1241 1917//355 
f 1581//1241 1584//1244 1917//355 
f 1584//1244 1587//1247 1917//355 
f 1587//1247 1590//1250 1917//355 
f 1590//1250 1578//1238 1917//355 
f 1590//1250 1593//1253 1918//355 
f 1593//1253 1578//1238 1918//355 
f 1578//1238 1590//1250 1918//355 
f 1593//1253 1596//1256 1919//355 
f 1596//1256 1575//1235 1919//355 
f 1575//1235 1578//1238 1919//355 
f 1578//1238 1593//1253 1919//355 
f 1596//1256 1599//1259 1920//355 
f 1599//1259 1572//1232 1920//355 
f 1572//1232 1575//1235 1920//355 
f 1575//1235 1596//1256 1920//355 
f 1599//1259 1602//1262 1921//355 
f 1602//1262 1569//1229 1921//355 
f 1569//1229 1572//1232 1921//355 
f 1572//1232 1599//1259 1921//355 
f 1602//1262 1605//1265 1922//355 
f 1605//1265 1566//1226 1922//355 
f 1566//1226 1569//1229 1922//355 
f 1569//1229 1602//1262 1922//355 
f 1605//1265 1608//1268 1923//355 
f 1608//1268 1563//1223 1923//355 
f 1563//1223 1566//1226 1923//355 
f 1566//1226 1605//1265 1923//355 
f 1608//1268 1611//1271 1924//355 
f 1611//1271 1557//1217 1924//355 
f 1557//1217 1560//1220 1924//355 
f 1560//1220 1563//1223 1924//355 
f 1563//1223 1608//1268 1924//355 
f 1611//1271 1614//1274 1925//355 
f 1614//1274 1554//1214 1925//355 
f 1554//1214 1557//1217 1925//355 
f 1557//1217 1611//1271 1925//355 
f 1614//1274 1617//1277 1926//355 
f 1617//1277 1551//1211 1926//355 
f 1551//1211 1554//1214 1926//355 
f 1554//1214 1614//1274 1926//355 
f 1617//1277 1620//1280 1927//355 
f 1620//1280 1548//1208 1927//355 
f 1548//1208 1551//1211 1927//355 
f 1551//1211 1617//1277 1927//355 
f 1620//1280 1623//1283 1928//355 
f 1623//1283 1545//1205 1928//355 
f 1545//1205 1548//1208 1928//355 
f 1548//1208 1620//1280 1928//355 
f 1623//1283 1626//1286 1929//355 
f 1626//1286 1545//1205 1929//355 
f 1545//1205 1623//1283 1929//355 
f 1626//1286 1629//1289 1930//355 
f 1629//1289 1542//1202 1930//355 
f 1542//1202 1545//1205 1930//355 
f 1545//1205 1626//1286 1930//355 
f 1629//1289 1632//1292 1931//355 
f 1632//1292 1539//1199 1931//355 
f 1539//1199 1542//1202 1931//355 
f 1542//1202 1629//1289 1931//355 
f 1632//1292 1635//1295 1932//355 
f 1635//1295 1536//1196 1932//355 
f 1536//1196 1539//1199 1932//355 
f 1539//1199 1632//1292 1932//355 
f 1635//1295 1638//1298 1933//355 
f 1638//1298 1533//1193 1933//355 
f 1533//1193 1536//1196 1933//355 
f 1536//1196 1635//1295 1933//355 
f 1638//1298 1641//1301 1934//355 
f 1641//1301 1530//1190 1934//355 
f 1530//1190 1533//1193 1934//355 
f 1533//1193 1638//1298 1934//355 
f 1641//1301 1644//1304 1935//355 
f 1644//1304 1527//1187 1935//355 
f 1527//1187 1530//1190 1935//355 
f 1530//1190 1641//1301 1935//355 
f 1644//1304 1647//1307 1936//355 
f 1647//1307 1524//1184 1936//355 
f 1524//1184 1527//1187 1936//355 
f 1527//1187 1644//1304 1936//355 
f 1647//1307 1650//1310 1937//355 
f 1650//1310 1521//1181 1937//355 
f 1521//1181 1524//1184 1937//355 
f 1524//1184 1647//1307 1937//355 
f 1650//1310 1653//1313 1938//355 
f 1653//1313 1518//1178 1938//355 
f 1518//1178 1521//1181 1938//355 
f 1521//1181 1650//1310 1938//355 
f 1653//1313 1656//1316 1939//355 
f 1656//1316 1515//1175 1939//355 
f 1515//1175 1518//1178 1939//355 
f 1518//1178 1653//1313 1939//355 
f 1656//1316 1659//1318 1940//355 
f 1659//1318 1512//1172 1940//355 
f 1512//1172 1515//1175 1940//355 
f 1515//1175 1656//1316 1940//355 
f 1659//1318 1662//1321 1941//355 
f 1662//1321 1509//1169 1941//355 
f 1509//1169 1512//1172 1941//355 
f 1512//1172 1659//1318 1941//355 
f 1662//1321 1665//1324 1942//355 
f 1665//1324 1506//1166 1942//355 
f 1506//1166 1509//1169 1942//355 
f 1509//1169 1662//1321 1942//355 
s 1
f 1943//1416 1944//1417 1945//1418 
f 1944//1417 1946//1419 1945//1418 
f 1946//1419 1947//1420 1945//1418 
f 1947//1420 1943//1416 1945//1418 
s 3
f 1944//1417 1948//1421 1949//1422 
f 1948//1421 1950//1423 1949//1422 
f 1950//1423 1946//1419 1949//1422 
f 1946//1419 1944//1417 1949//1422 
s 2
f 1948//1421 1951//1424 1952//1425 
f 1951//1424 1953//1426 1952//1425 
f 1953//1426 1950//1423 1952//1425 
f 1950//1423 1948//1421 1952//1425 
f 1951//1424 1954//1427 1955//1428 
f 1954//1427 1956//1429 1955//1428 
f 1956//1429 1953//1426 1955//1428 
f 1953//1426 1951//1424 1955//1428 
f 1954//1427 1957//1430 1958//1431 
f 1957//1430 1959//1432 1958//1431 
f 1959//1432 1956//1429 1958//1431 
f 1956//1429 1954//1427 1958//1431 
f 1957//1430 1960//1433 1961//1434 
f 1960//1433 1962//1435 1961//1434 
f 1962//1435 1959//1432 1961//1434 
f 1959//1432 1957//1430 1961//1434 
f 1960//1433 1963//1436 1964//1437 
f 1963//1436 1965//1438 1964//1437 
f 1965//1438 1962//1435 1964//1437 
f 1962//1435 1960//1433 1964//1437 
f 1963//1436 1966//1439 1967//1440 
f 1966//1439 1968//1441 1967//1440 
f 1968//1441 1965//1438 1967//1440 
f 1965//1438 1963//1436 1967//1440 
f 1966//1439 1969//1442 1970//1443 
f 1969//1442 1971//1444 1970//1443 
f 1971//1444 1968//1441 1970//1443 
f 1968//1441 1966//1439 1970//1443 
f 1969//1442 1972//1445 1973//1446 
f 1972//1445 1974//1447 1973//1446 
f 1974//1447 1971//1444 1973//1446 
f 1971//1444 1969//1442 1973//1446 
f 1972//1445 1975//1448 1976//1449 
f 1975//1448 1977//1450 1976//1449 
f 1977//1450 1974//1447 1976//1449 
f 1974//1447 1972//1445 1976//1449 
f 1975//1448 1978//1451 1979//1452 
f 1978//1451 1980//1453 1979//1452 
f 1980//1453 1977//1450 1979//1452 
f 1977//1450 1975//1448 1979//1452 
f 1978//1451 1981//1454 1982//1455 
f 1981//1454 1983//1456 1982//1455 
f 1983//1456 1980//1453 1982//1455 
f 1980//1453 1978//1451 1982//1455 
f 1981//1454 1984//1457 1985//1458 
f 1984//1457 1986//1459 1985//1458 
f 1986//1459 1983//1456 1985//1458 
f 1983//1456 1981//1454 1985//1458 
f 1984//1457 1987//1460 1988//1461 
f 1987//1460 1989//1462 1988//1461 
f 1989//1462 1986//1459 1988//1461 
f 1986//1459 1984//1457 1988//1461 
f 1987//1460 1990//1463 1991//1464 
f 1990//1463 1992//1465 1991//1464 
f 1992//1465 1989//1462 1991//1464 
f 1989//1462 1987//1460 1991//1464 
f 1990//1463 1993//1466 1994//1467 
f 1993//1466 1995//1468 1994//1467 
f 1995//1468 1992//1465 1994//1467 
f 1992//1465 1990//1463 1994//1467 
f 1993//1466 1996//1469 1997//1470 
f 1996//1469 1998//1471 1997//1470 
f 1998//1471 1995//1468 1997//1470 
f 1995//1468 1993//1466 1997//1470 
f 1996//1469 1999//1472 2000//1473 
f 1999//1472 2001//1474 2000//1473 
f 2001//1474 1998//1471 2000//1473 
f 1998//1471 1996//1469 2000//1473 
f 1999//1472 2002//1475 2003//1476 
f 2002//1475 2004//1477 2003//1476 
f 2004//1477 2001//1474 2003//1476 
f 2001//1474 1999//1472 2003//1476 
f 2002//1475 2005//1478 2006//1479 
f 2005//1478 2007//1480 2006//1479 
f 2007//1480 2004//1477 2006//1479 
f 2004//1477 2002//1475 2006//1479 
f 2005//1478 2008//1481 2009//1482 
f 2008//1481 2010//1483 2009//1482 
f 2010//1483 2007//1480 2009//1482 
f 2007//1480 2005//1478 2009//1482 
f 2008//1481 2011//1484 2012//1485 
f 2011//1484 2013//1486 2012//1485 
f 2013//1486 2010//1483 2012//1485 
f 2010//1483 2008//1481 2012//1485 
f 2011//1484 2014//1487 2015//1488 
f 2014//1487 2016//1489 2015//1488 
f 2016//1489 2013//1486 2015//1488 
f 2013//1486 2011//1484 2015//1488 
f 2014//1487 2017//1490 2018//1491 
f 2017//1490 2019//1492 2018//1491 
f 2019//1492 2016//1489 2018//1491 
f 2016//1489 2014//1487 2018//1491 
f 2017//1490 2020//1493 2021//1494 
f 2020//1493 2022//1495 2021//1494 
f 2022//1495 2019//1492 2021//1494 
f 2019//1492 2017//1490 2021//1494 
f 2020//1493 2023//1496 2024//1497 
f 2023//1496 2025//1498 2024//1497 
f 2025//1498 2022//1495 2024//1497 
f 2022//1495 2020//1493 2024//1497 
f 2023//1496 2026//1499 2027//1500 
f 2026//1499 2028//1501 2027//1500 
f 2028//1501 2025//1498 2027//1500 
f 2025//1498 2023//1496 2027//1500 
f 2026//1499 2029//1502 2030//1503 
f 2029//1502 2031//1504 2030//1503 
f 2031//1504 2028//1501 2030//1503 
f 2028//1501 2026//1499 2030//1503 
f 2029//1502 2032//1505 2033//1506 
f 2032//1505 2034//1507 2033//1506 
f 2034//1507 2031//1504 2033//1506 
f 2031//1504 2029//1502 2033//1506 
f 2032//1505 2035//1508 2036//1509 
f 2035//1508 2037//1510 2036//1509 
f 2037//1510 2034//1507 2036//1509 
f 2034//1507 2032//1505 2036//1509 
f 2035//1508 2038//1511 2039//1512 
f 2038//1511 2040//1513 2039//1512 
f 2040//1513 2037//1510 2039//1512 
f 2037//1510 2035//1508 2039//1512 
f 2038//1511 2041//1514 2042//1515 
f 2041//1514 2043//1516 2042//1515 
f 2043//1516 2040//1513 2042//1515 
f 2040//1513 2038//1511 2042//1515 
f 2041//1514 2044//1517 2045//1518 
f 2044//1517 2046//1519 2045//1518 
f 2046//1519 2043//1516 2045//1518 
f 2043//1516 2041//1514 2045//1518 
f 2044//1517 2047//1520 2048//1521 
f 2047//1520 2049//1522 2048//1521 
f 2049//1522 2046//1519 2048//1521 
f 2046//1519 2044//1517 2048//1521 
s 3
f 2047//1520 1943//1416 2050//1523 
f 1943//1416 1947//1420 2050//1523 
f 1947//1420 2049//1522 2050//1523 
f 2049//1522 2047//1520 2050//1523 
s 1
f 2051//1524 2052//1525 2053//1526 
f 2052//1525 2054//1527 2053//1526 
f 2054//1527 2055//1528 2053//1526 
f 2055//1528 2051//1524 2053//1526 
s 3
f 2052//1525 2056//1529 2057//1530 
f 2056//1529 2058//1531 2057//1530 
f 2058//1531 2054//1527 2057//1530 
f 2054//1527 2052//1525 2057//1530 
s 2
f 2056//1529 2059//1532 2060//1533 
f 2059//1532 2061//1534 2060//1533 
f 2061//1534 2058//1531 2060//1533 
f 2058//1531 2056//1529 2060//1533 
f 2059//1532 2062//1535 2063//1536 
f 2062//1535 2064//1537 2063//1536 
f 2064//1537 2061//1534 2063//1536 
f 2061//1534 2059//1532 2063//1536 
f 2062//1535 2065//1538 2066//1539 
f 2065//1538 2067//1540 2066//1539 
f 2067//1540 2064//1537 2066//1539 
f 2064//1537 2062//1535 2066//1539 
f 2065//1538 2068//1541 2069//1542 
f 2068//1541 2070//1543 2069//1542 
f 2070//1543 2067//1540 2069//1542 
f 2067//1540 2065//1538 2069//1542 
f 2068//1541 2071//1544 2072//1545 
f 2071//1544 2073//1546 2072//1545 
f 2073//1546 2070//1543 2072//1545 
f 2070//1543 2068//1541 2072//1545 
f 2071//1544 2074//1547 2075//1548 
f 2074//1547 2076//1549 2075//1548 
f 2076//1549 2073//1546 2075//1548 
f 2073//1546 2071//1544 2075//1548 
s 4
f 2074//1547 2077//1550 2078//1551 
f 2077//1550 2079//1552 2078//1551 
f 2079//1552 2076//1549 2078//1551 
f 2076//1549 2074//1547 2078//1551 
f 2077//1550 2080//1553 2081//1554 
f 2080//1553 2082//1555 2081//1554 
f 2082//1555 2079//1552 2081//1554 
f 2079//1552 2077//1550 2081//1554 
f 2080//1553 2083//1556 2084//1557 
f 2083//1556 2085//1558 2084//1557 
f 2085//1558 2082//1555 2084//1557 
f 2082//1555 2080//1553 2084//1557 
f 2083//1556 2086//1559 2087//1560 
f 2086//1559 2088//1561 2087//1560 
f 2088//1561 2085//1558 2087//1560 
f 2085//1558 2083//1556 2087//1560 
f 2086//1559 2089//1562 2090//1563 
f 2089//1562 2091//1564 2090//1563 
f 2091//1564 2088//1561 2090//1563 
f 2088//1561 2086//1559 2090//1563 
f 2089//1562 2092//1565 2093//533 
f 2092//1565 2094//1566 2093//533 
f 2094//1566 2091//1564 2093//533 
f 2091//1564 2089//1562 2093//533 
f 2092//1565 2095//1567 2096//1568 
f 2095//1567 2097//1569 2096//1568 
f 2097//1569 2094//1566 2096//1568 
f 2094//1566 2092//1565 2096//1568 
f 2095//1567 2098//1570 2099//1571 
f 2098//1570 2100//1572 2099//1571 
f 2100//1572 2097//1569 2099//1571 
f 2097//1569 2095//1567 2099//1571 
f 2098//1570 2101//1573 2102//1574 
f 2101//1573 2103//1575 2102//1574 
f 2103//1575 2100//1572 2102//1574 
f 2100//1572 2098//1570 2102//1574 
f 2101//1573 2104//1576 2105//1440 
f 2104//1576 2106//1577 2105//1440 
f 2106//1577 2103//1575 2105//1440 
f 2103//1575 2101//1573 2105//1440 
f 2104//1576 2107//1578 2108//1437 
f 2107//1578 2109//1579 2108//1437 
f 2109//1579 2106//1577 2108//1437 
f 2106//1577 2104//1576 2108//1437 
f 2107//1578 2110//1580 2111//1434 
f 2110//1580 2112//1581 2111//1434 
f 2112//1581 2109//1579 2111//1434 
f 2109//1579 2107//1578 2111//1434 
f 2110//1580 2113//1582 2114//1431 
f 2113//1582 2115//1583 2114//1431 
f 2115//1583 2112//1581 2114//1431 
f 2112//1581 2110//1580 2114//1431 
f 2113//1582 2116//1584 2117//1428 
f 2116//1584 2118//1585 2117//1428 
f 2118//1585 2115//1583 2117//1428 
f 2115//1583 2113//1582 2117//1428 
f 2116//1584 2119//1586 2120//1425 
f 2119//1586 2121//1587 2120//1425 
f 2121//1587 2118//1585 2120//1425 
f 2118//1585 2116//1584 2120//1425 
f 2119//1586 2122//1588 2123//1422 
f 2122//1588 2124//1589 2123//1422 
f 2124//1589 2121//1587 2123//1422 
f 2121//1587 2119//1586 2123//1422 
f 2122//1588 2125//1590 2126//1418 
f 2125//1590 2127//1591 2126//1418 
f 2127//1591 2124//1589 2126//1418 
f 2124//1589 2122//1588 2126//1418 
f 2125//1590 2128//1592 2129//1523 
f 2128//1592 2130//1593 2129//1523 
f 2130//1593 2127//1591 2129//1523 
f 2127//1591 2125//1590 2129//1523 
f 2128//1592 2131//1594 2132//1595 
f 2131//1594 2133//1596 2132//1595 
f 2133//1596 2130//1593 2132//1595 
f 2130//1593 2128//1592 2132//1595 
f 2131//1594 2134//1597 2135//1598 
f 2134//1597 2136//1599 2135//1598 
f 2136//1599 2133//1596 2135//1598 
f 2133//1596 2131//1594 2135//1598 
f 2134//1597 2137//1600 2138//1601 
f 2137//1600 2139//1602 2138//1601 
f 2139//1602 2136//1599 2138//1601 
f 2136//1599 2134//1597 2138//1601 
f 2137//1600 2140//1603 2141//1604 
f 2140//1603 2142//1605 2141//1604 
f 2142//1605 2139//1602 2141//1604 
f 2139//1602 2137//1600 2141//1604 
f 2140//1603 2143//1606 2144//1607 
f 2143//1606 2145//1608 2144//1607 
f 2145//1608 2142//1605 2144//1607 
f 2142//1605 2140//1603 2144//1607 
f 2143//1606 2146//1609 2147//1610 
f 2146//1609 2148//1611 2147//1610 
f 2148//1611 2145//1608 2147//1610 
f 2145//1608 2143//1606 2147//1610 
f 2146//1609 2149//1612 2150//1613 
f 2149//1612 2151//1614 2150//1613 
f 2151//1614 2148//1611 2150//1613 
f 2148//1611 2146//1609 2150//1613 
f 2149//1612 2152//1615 2153//1616 
f 2152//1615 2154//1617 2153//1616 
f 2154//1617 2151//1614 2153//1616 
f 2151//1614 2149//1612 2153//1616 
f 2152//1615 2155//1618 2156//1619 
f 2155//1618 2157//1620 2156//1619 
f 2157//1620 2154//1617 2156//1619 
f 2154//1617 2152//1615 2156//1619 
s 2
f 2155//1618 2158//1621 2159//1622 
f 2158//1621 2160//1623 2159//1622 
f 2160//1623 2157//1620 2159//1622 
f 2157//1620 2155//1618 2159//1622 
f 2158//1621 2161//1624 2162//1625 
f 2161//1624 2163//1626 2162//1625 
f 2163//1626 2160//1623 2162//1625 
f 2160//1623 2158//1621 2162//1625 
f 2161//1624 2164//1627 2165//1628 
f 2164//1627 2166//1629 2165//1628 
f 2166//1629 2163//1626 2165//1628 
f 2163//1626 2161//1624 2165//1628 
f 2164//1627 2167//1630 2168//1631 
f 2167//1630 2169//1632 2168//1631 
f 2169//1632 2166//1629 2168//1631 
f 2166//1629 2164//1627 2168//1631 
f 2167//1630 2170//1633 2171//1634 
f 2170//1633 2172//1635 2171//1634 
f 2172//1635 2169//1632 2171//1634 
f 2169//1632 2167//1630 2171//1634 
f 2170//1633 2173//1636 2174//1637 
f 2173//1636 2175//1638 2174//1637 
f 2175//1638 2172//1635 2174//1637 
f 2172//1635 2170//1633 2174//1637 
f 2173//1636 2176//1639 2177//1640 
f 2176//1639 2178//1641 2177//1640 
f 2178//1641 2175//1638 2177//1640 
f 2175//1638 2173//1636 2177//1640 
f 2176//1639 2179//1642 2180//1643 
f 2179//1642 2181//1644 2180//1643 
f 2181//1644 2178//1641 2180//1643 
f 2178//1641 2176//1639 2180//1643 
f 2179//1642 2182//1645 2183//1646 
f 2182//1645 2184//1647 2183//1646 
f 2184//1647 2181//1644 2183//1646 
f 2181//1644 2179//1642 2183//1646 
s 4
f 2182//1645 2185//1648 2186//1649 
f 2185//1648 2187//1650 2186//1649 
f 2187//1650 2184//1647 2186//1649 
f 2184//1647 2182//1645 2186//1649 
f 2185//1648 2188//1651 2189//1652 
f 2188//1651 2190//1653 2189//1652 
f 2190//1653 2187//1650 2189//1652 
f 2187//1650 2185//1648 2189//1652 
f 2188//1651 2191//1654 2192//1655 
f 2191//1654 2193//1656 2192//1655 
f 2193//1656 2190//1653 2192//1655 
f 2190//1653 2188//1651 2192//1655 
f 2191//1654 2194//1657 2195//1658 
f 2194//1657 2196//1659 2195//1658 
f 2196//1659 2193//1656 2195//1658 
f 2193//1656 2191//1654 2195//1658 
f 2194//1657 2197//1660 2198//1661 
f 2197//1660 2199//1662 2198//1661 
f 2199//1662 2196//1659 2198//1661 
f 2196//1659 2194//1657 2198//1661 
f 2197//1660 2200//1663 2201//1664 
f 2200//1663 2202//1665 2201//1664 
f 2202//1665 2199//1662 2201//1664 
f 2199//1662 2197//1660 2201//1664 
f 2200//1663 2203//1666 2204//1667 
f 2203//1666 2205//1668 2204//1667 
f 2205//1668 2202//1665 2204//1667 
f 2202//1665 2200//1663 2204//1667 
f 2203//1666 2206//1669 2207//1670 
f 2206//1669 2208//1671 2207//1670 
f 2208//1671 2205//1668 2207//1670 
f 2205//1668 2203//1666 2207//1670 
f 2206//1669 2209//1672 2210//1673 
f 2209//1672 2211//1674 2210//1673 
f 2211//1674 2208//1671 2210//1673 
f 2208//1671 2206//1669 2210//1673 
f 2209//1672 2212//1675 2213//1676 
f 2212//1675 2214//1677 2213//1676 
f 2214//1677 2211//1674 2213//1676 
f 2211//1674 2209//1672 2213//1676 
f 2212//1675 2215//1678 2216//1679 
f 2215//1678 2217//1680 2216//1679 
f 2217//1680 2214//1677 2216//1679 
f 2214//1677 2212//1675 2216//1679 
f 2215//1678 2218//1681 2219//1682 
f 2218//1681 2220//1683 2219//1682 
f 2220//1683 2217//1680 2219//1682 
f 2217//1680 2215//1678 2219//1682 
f 2218//1681 2221//1684 2222//1685 
f 2221//1684 2223//1686 2222//1685 
f 2223//1686 2220//1683 2222//1685 
f 2220//1683 2218//1681 2222//1685 
f 2221//1684 2224//1687 2225//1688 
f 2224//1687 2226//1689 2225//1688 
f 2226//1689 2223//1686 2225//1688 
f 2223//1686 2221//1684 2225//1688 
f 2224//1687 2227//1690 2228//1691 
f 2227//1690 2229//1692 2228//1691 
f 2229//1692 2226//1689 2228//1691 
f 2226//1689 2224//1687 2228//1691 
f 2227//1690 2230//1693 2231//1694 
f 2230//1693 2232//1695 2231//1694 
f 2232//1695 2229//1692 2231//1694 
f 2229//1692 2227//1690 2231//1694 
f 2230//1693 2233//1696 2234//1697 
f 2233//1696 2235//1698 2234//1697 
f 2235//1698 2232//1695 2234//1697 
f 2232//1695 2230//1693 2234//1697 
f 2233//1696 2236//1699 2237//1700 
f 2236//1699 2238//1701 2237//1700 
f 2238//1701 2235//1698 2237//1700 
f 2235//1698 2233//1696 2237//1700 
s 2
f 2236//1699 2239//1702 2240//1703 
f 2239//1702 2241//1704 2240//1703 
f 2241//1704 2238//1701 2240//1703 
f 2238//1701 2236//1699 2240//1703 
s 4
f 2239//1702 2242//1705 2243//1706 
f 2242//1705 2244//1707 2243//1706 
f 2244//1707 2241//1704 2243//1706 
f 2241//1704 2239//1702 2243//1706 
f 2242//1705 2245//1708 2246//1709 
f 2245//1708 2247//1710 2246//1709 
f 2247//1710 2244//1707 2246//1709 
f 2244//1707 2242//1705 2246//1709 
f 2245//1708 2248//1711 2249//1712 
f 2248//1711 2250//1713 2249//1712 
f 2250//1713 2247//1710 2249//1712 
f 2247//1710 2245//1708 2249//1712 
f 2248//1711 2251//1714 2252//1715 
f 2251//1714 2253//1716 2252//1715 
f 2253//1716 2250//1713 2252//1715 
f 2250//1713 2248//1711 2252//1715 
f 2251//1714 2254//1717 2255//1718 
f 2254//1717 2256//1719 2255//1718 
f 2256//1719 2253//1716 2255//1718 
f 2253//1716 2251//1714 2255//1718 
f 2254//1717 2257//1720 2258//1721 
f 2257//1720 2259//1722 2258//1721 
f 2259//1722 2256//1719 2258//1721 
f 2256//1719 2254//1717 2258//1721 
f 2257//1720 2260//1723 2261//1724 
f 2260//1723 2262//1725 2261//1724 
f 2262//1725 2259//1722 2261//1724 
f 2259//1722 2257//1720 2261//1724 
f 2260//1723 2263//1726 2264//1727 
f 2263//1726 2265//1728 2264//1727 
f 2265//1728 2262//1725 2264//1727 
f 2262//1725 2260//1723 2264//1727 
f 2263//1726 2266//1729 2267//1730 
f 2266//1729 2268//1731 2267//1730 
f 2268//1731 2265//1728 2267//1730 
f 2265//1728 2263//1726 2267//1730 
f 2266//1729 2269//1732 2270//1733 
f 2269//1732 2271//1734 2270//1733 
f 2271//1734 2268//1731 2270//1733 
f 2268//1731 2266//1729 2270//1733 
f 2269//1732 2272//1735 2273//1736 
f 2272//1735 2274//1737 2273//1736 
f 2274//1737 2271//1734 2273//1736 
f 2271//1734 2269//1732 2273//1736 
f 2272//1735 2275//1738 2276//1739 
f 2275//1738 2277//1740 2276//1739 
f 2277//1740 2274//1737 2276//1739 
f 2274//1737 2272//1735 2276//1739 
f 2275//1738 2278//1741 2279//1742 
f 2278//1741 2280//1743 2279//1742 
f 2280//1743 2277//1740 2279//1742 
f 2277//1740 2275//1738 2279//1742 
f 2278//1741 2281//1744 2282//1745 
f 2281//1744 2283//1746 2282//1745 
f 2283//1746 2280//1743 2282//1745 
f 2280//1743 2278//1741 2282//1745 
f 2281//1744 2284//1747 2285//1748 
f 2284//1747 2286//1749 2285//1748 
f 2286//1749 2283//1746 2285//1748 
f 2283//1746 2281//1744 2285//1748 
f 2284//1747 2287//1750 2288//1751 
f 2287//1750 2289//1752 2288//1751 
f 2289//1752 2286//1749 2288//1751 
f 2286//1749 2284//1747 2288//1751 
f 2287//1750 2290//1753 2291//1754 
f 2290//1753 2292//1755 2291//1754 
f 2292//1755 2289//1752 2291//1754 
f 2289//1752 2287//1750 2291//1754 
f 2290//1753 2293//1756 2294//1757 
f 2293//1756 2295//1758 2294//1757 
f 2295//1758 2292//1755 2294//1757 
f 2292//1755 2290//1753 2294//1757 
s 5
f 2293//1756 2051//1524 2296//1759 
f 2051//1524 2055//1528 2296//1759 
f 2055//1528 2295//1758 2296//1759 
f 2295//1758 2293//1756 2296//1759 
s 16
f 2179//1642 2176//1639 2297//354 
f 2176//1639 2173//1636 2297//354 
f 2173//1636 2290//1753 2297//354 
f 2290//1753 2287//1750 2297//354 
f 2287//1750 2179//1642 2297//354 
f 2235//1698 2238//1701 2298//355 
f 2238//1701 2241//1704 2298//355 
f 2241//1704 2244//1707 2298//355 
f 2244//1707 2226//1689 2298//355 
f 2226//1689 2229//1692 2298//355 
f 2229//1692 2232//1695 2298//355 
f 2232//1695 2235//1698 2298//355 
f 2173//1636 2170//1633 2299//354 
f 2170//1633 2293//1756 2299//354 
f 2293//1756 2290//1753 2299//354 
f 2290//1753 2173//1636 2299//354 
f 2287//1750 2284//1747 2300//354 
f 2284//1747 2182//1645 2300//354 
f 2182//1645 2179//1642 2300//354 
f 2179//1642 2287//1750 2300//354 
f 2284//1747 2281//1744 2301//354 
f 2281//1744 2188//1651 2301//354 
f 2188//1651 2185//1648 2301//354 
f 2185//1648 2182//1645 2301//354 
f 2182//1645 2284//1747 2301//354 
f 2281//1744 2278//1741 2302//354 
f 2278//1741 2191//1654 2302//354 
f 2191//1654 2188//1651 2302//354 
f 2188//1651 2281//1744 2302//354 
f 2278//1741 2275//1738 2303//354 
f 2275//1738 2194//1657 2303//354 
f 2194//1657 2191//1654 2303//354 
f 2191//1654 2278//1741 2303//354 
f 2275//1738 2272//1735 2304//354 
f 2272//1735 2197//1660 2304//354 
f 2197//1660 2194//1657 2304//354 
f 2194//1657 2275//1738 2304//354 
f 2272//1735 2269//1732 2305//354 
f 2269//1732 2200//1663 2305//354 
f 2200//1663 2197//1660 2305//354 
f 2197//1660 2272//1735 2305//354 
f 2269//1732 2266//1729 2306//354 
f 2266//1729 2203//1666 2306//354 
f 2203//1666 2200//1663 2306//354 
f 2200//1663 2269//1732 2306//354 
f 2266//1729 2263//1726 2307//354 
f 2263//1726 2203//1666 2307//354 
f 2203//1666 2266//1729 2307//354 
f 2263//1726 2260//1723 2308//354 
f 2260//1723 2206//1669 2308//354 
f 2206//1669 2203//1666 2308//354 
f 2203//1666 2263//1726 2308//354 
f 2260//1723 2257//1720 2309//354 
f 2257//1720 2209//1672 2309//354 
f 2209//1672 2206//1669 2309//354 
f 2206//1669 2260//1723 2309//354 
f 2257//1720 2254//1717 2310//354 
f 2254//1717 2212//1675 2310//354 
f 2212//1675 2209//1672 2310//354 
f 2209//1672 2257//1720 2310//354 
f 2254//1717 2251//1714 2311//354 
f 2251//1714 2215//1678 2311//354 
f 2215//1678 2212//1675 2311//354 
f 2212//1675 2254//1717 2311//354 
f 2251//1714 2248//1711 2312//354 
f 2248//1711 2221//1684 2312//354 
f 2221//1684 2218//1681 2312//354 
f 2218//1681 2215//1678 2312//354 
f 2215//1678 2251//1714 2312//354 
f 2248//1711 2245//1708 2313//354 
f 2245//1708 2221//1684 2313//354 
f 2221//1684 2248//1711 2313//354 
f 2245//1708 2242//1705 2314//354 
f 2242//1705 2224//1687 2314//354 
f 2224//1687 2221//1684 2314//354 
f 2221//1684 2245//1708 2314//354 
f 2242//1705 2239//1702 2315//354 
f 2239//1702 2236//1699 2315//354 
f 2236//1699 2233//1696 2315//354 
f 2233//1696 2230//1693 2315//354 
f 2230//1693 2227//1690 2315//354 
f 2227//1690 2224//1687 2315//354 
f 2224//1687 2242//1705 2315//354 
f 2170//1633 2167//1630 2316//354 
f 2167//1630 2293//1756 2316//354 
f 2293//1756 2170//1633 2316//354 
f 2167//1630 2164//1627 2317//354 
f 2164//1627 2051//1524 2317//354 
f 2051//1524 2293//1756 2317//354 
f 2293//1756 2167//1630 2317//354 
f 2164//1627 2161//1624 2318//354 
f 2161//1624 2052//1525 2318//354 
f 2052//1525 2051//1524 2318//354 
f 2051//1524 2164//1627 2318//354 
f 2161//1624 2158//1621 2319//354 
f 2158//1621 2056//1529 2319//354 
f 2056//1529 2052//1525 2319//354 
f 2052//1525 2161//1624 2319//354 
f 2158//1621 2155//1618 2320//354 
f 2155//1618 2062//1535 2320//354 
f 2062//1535 2059//1532 2320//354 
f 2059//1532 2056//1529 2320//354 
f 2056//1529 2158//1621 2320//354 
f 2155//1618 1960//1433 2321//354 
f 1960//1433 1957//1430 2321//354 
f 1957//1430 2062//1535 2321//354 
f 2062//1535 2155//1618 2321//354 
f 1948//1421 1944//1417 2322//354 
f 1944//1417 2071//1544 2322//354 
f 1957//1430 1954//1427 2323//354 
f 1954//1427 2065//1538 2323//354 
f 2065//1538 2062//1535 2323//354 
f 2062//1535 1957//1430 2323//354 
f 1954//1427 1951//1424 2324//354 
f 1951//1424 2068//1541 2324//354 
f 2068//1541 2065//1538 2324//354 
f 2065//1538 1954//1427 2324//354 
f 1951//1424 1948//1421 2325//354 
f 1948//1421 2322//354 2071//1544 2325//354 
f 2071//1544 2068//1541 2325//354 
f 2068//1541 1951//1424 2325//354 
f 1944//1417 1943//1416 2326//354 
f 1943//1416 2074//1547 2326//354 
f 2074//1547 2071//1544 2326//354 
f 2071//1544 1944//1417 2326//354 
f 1943//1416 2047//1520 2327//354 
f 2047//1520 2077//1550 2327//354 
f 2077//1550 2074//1547 2327//354 
f 2074//1547 1943//1416 2327//354 
f 2047//1520 2044//1517 2328//354 
f 2044//1517 2080//1553 2328//354 
f 2080//1553 2077//1550 2328//354 
f 2077//1550 2047//1520 2328//354 
f 2044//1517 2041//1514 2329//354 
f 2041//1514 2083//1556 2329//354 
f 2083//1556 2080//1553 2329//354 
f 2080//1553 2044//1517 2329//354 
f 2041//1514 2038//1511 2330//354 
f 2038//1511 2086//1559 2330//354 
f 2086//1559 2083//1556 2330//354 
f 2083//1556 2041//1514 2330//354 
f 2038//1511 2035//1508 2331//354 
f 2035//1508 2089//1562 2331//354 
f 2089//1562 2086//1559 2331//354 
f 2086//1559 2038//1511 2331//354 
f 2035//1508 2032//1505 2332//354 
f 2032//1505 2089//1562 2332//354 
f 2089//1562 2035//1508 2332//354 
f 2032//1505 2029//1502 2333//354 
f 2029//1502 2092//1565 2333//354 
f 2092//1565 2089//1562 2333//354 
f 2089//1562 2032//1505 2333//354 
f 2029//1502 2026//1499 2334//354 
f 2026//1499 2095//1567 2334//354 
f 2095//1567 2092//1565 2334//354 
f 2092//1565 2029//1502 2334//354 
f 2026//1499 2023//1496 2335//354 
f 2023//1496 2098//1570 2335//354 
f 2098//1570 2095//1567 2335//354 
f 2095//1567 2026//1499 2335//354 
f 2023//1496 2020//1493 2336//354 
f 2020//1493 2101//1573 2336//354 
f 2101//1573 2098//1570 2336//354 
f 2098//1570 2023//1496 2336//354 
f 2020//1493 2017//1490 2337//354 
f 2017//1490 2104//1576 2337//354 
f 2104//1576 2101//1573 2337//354 
f 2101//1573 2020//1493 2337//354 
f 2017//1490 2014//1487 2338//354 
f 2014//1487 2107//1578 2338//354 
f 2107//1578 2104//1576 2338//354 
f 2104//1576 2017//1490 2338//354 
f 2014//1487 2011//1484 2339//354 
f 2011//1484 2110//1580 2339//354 
f 2110//1580 2107//1578 2339//354 
f 2107//1578 2014//1487 2339//354 
f 2011//1484 2008//1481 2340//354 
f 2008//1481 2113//1582 2340//354 
f 2113//1582 2110//1580 2340//354 
f 2110//1580 2011//1484 2340//354 
f 2008//1481 2005//1478 2341//354 
f 2005//1478 2116//1584 2341//354 
f 2116//1584 2113//1582 2341//354 
f 2113//1582 2008//1481 2341//354 
f 2005//1478 2002//1475 2342//354 
f 2002//1475 2119//1586 2342//354 
f 2119//1586 2116//1584 2342//354 
f 2116//1584 2005//1478 2342//354 
f 2002//1475 1999//1472 2343//354 
f 1999//1472 2122//1588 2343//354 
f 2122//1588 2119//1586 2343//354 
f 2119//1586 2002//1475 2343//354 
f 1999//1472 1996//1469 2344//354 
f 1996//1469 2125//1590 2344//354 
f 2125//1590 2122//1588 2344//354 
f 2122//1588 1999//1472 2344//354 
f 1996//1469 1993//1466 2345//354 
f 1993//1466 2128//1592 2345//354 
f 2128//1592 2125//1590 2345//354 
f 2125//1590 1996//1469 2345//354 
f 1993//1466 1990//1463 2346//354 
f 1990//1463 2131//1594 2346//354 
f 2131//1594 2128//1592 2346//354 
f 2128//1592 1993//1466 2346//354 
f 1990//1463 1987//1460 2347//354 
f 1987//1460 2134//1597 2347//354 
f 2134//1597 2131//1594 2347//354 
f 2131//1594 1990//1463 2347//354 
f 1987//1460 1984//1457 2348//354 
f 1984//1457 2137//1600 2348//354 
f 2137//1600 2134//1597 2348//354 
f 2134//1597 1987//1460 2348//354 
f 1984//1457 1981//1454 2349//354 
f 1981//1454 2140//1603 2349//354 
f 2140//1603 2137//1600 2349//354 
f 2137//1600 1984//1457 2349//354 
f 1981//1454 1978//1451 2350//354 
f 1978//1451 2143//1606 2350//354 
f 2143//1606 2140//1603 2350//354 
f 2140//1603 1981//1454 2350//354 
f 1978//1451 1975//1448 2351//354 
f 1975//1448 2146//1609 2351//354 
f 2146//1609 2143//1606 2351//354 
f 2143//1606 1978//1451 2351//354 
f 1975//1448 1972//1445 2352//354 
f 1972//1445 2149//1612 2352//354 
f 2149//1612 2146//1609 2352//354 
f 2146//1609 1975//1448 2352//354 
f 1972//1445 1969//1442 2353//354 
f 1969//1442 2152//1615 2353//354 
f 2152//1615 2149//1612 2353//354 
f 2149//1612 1972//1445 2353//354 
f 1969//1442 1966//1439 2354//354 
f 1966//1439 2152//1615 2354//354 
f 2152//1615 1969//1442 2354//354 
f 1966//1439 1963//1436 2355//354 
f 1963//1436 2155//1618 2355//354 
f 2155//1618 2152//1615 2355//354 
f 2152//1615 1966//1439 2355//354 
f 1963//1436 1960//1433 2356//354 
f 1960//1433 2155//1618 2356//354 
f 2155//1618 1963//1436 2356//354 
f 2244//1707 2247//1710 2357//355 
f 2247//1710 2223//1686 2357//355 
f 2223//1686 2226//1689 2357//355 
f 2226//1689 2244//1707 2357//355 
f 2247//1710 2250//1713 2358//355 
f 2250//1713 2223//1686 2358//355 
f 2223//1686 2247//1710 2358//355 
f 2250//1713 2253//1716 2359//355 
f 2253//1716 2217//1680 2359//355 
f 2217//1680 2220//1683 2359//355 
f 2220//1683 2223//1686 2359//355 
f 2223//1686 2250//1713 2359//355 
f 2253//1716 2256//1719 2360//355 
f 2256//1719 2214//1677 2360//355 
f 2214//1677 2217//1680 2360//355 
f 2217//1680 2253//1716 2360//355 
f 2256//1719 2259//1722 2361//355 
f 2259//1722 2211//1674 2361//355 
f 2211//1674 2214//1677 2361//355 
f 2214//1677 2256//1719 2361//355 
f 2259//1722 2262//1725 2362//355 
f 2262//1725 2208//1671 2362//355 
f 2208//1671 2211//1674 2362//355 
f 2211//1674 2259//1722 2362//355 
f 2262//1725 2265//1728 2363//355 
f 2265//1728 2205//1668 2363//355 
f 2205//1668 2208//1671 2363//355 
f 2208//1671 2262//1725 2363//355 
f 2265//1728 2268//1731 2364//355 
f 2268//1731 2205//1668 2364//355 
f 2205//1668 2265//1728 2364//355 
f 2268//1731 2271//1734 2365//355 
f 2271//1734 2202//1665 2365//355 
f 2202//1665 2205//1668 2365//355 
f 2205//1668 2268//1731 2365//355 
f 2271//1734 2274//1737 2366//355 
f 2274//1737 2199//1662 2366//355 
f 2199//1662 2202//1665 2366//355 
f 2202//1665 2271//1734 2366//355 
f 2274//1737 2277//1740 2367//355 
f 2277//1740 2196//1659 2367//355 
f 2196//1659 2199//1662 2367//355 
f 2199//1662 2274//1737 2367//355 
f 2277//1740 2280//1743 2368//355 
f 2280//1743 2193//1656 2368//355 
f 2193//1656 2196//1659 2368//355 
f 2196//1659 2277//1740 2368//355 
f 2280//1743 2283//1746 2369//355 
f 2283//1746 2190//1653 2369//355 
f 2190//1653 2193//1656 2369//355 
f 2193//1656 2280//1743 2369//355 
f 2283//1746 2286//1749 2370//355 
f 2286//1749 2184//1647 2370//355 
f 2184//1647 2187//1650 2370//355 
f 2187//1650 2190//1653 2370//355 
f 2190//1653 2283//1746 2370//355 
f 2286//1749 2289//1752 2371//355 
f 2289//1752 2181//1644 2371//355 
f 2181//1644 2184//1647 2371//355 
f 2184//1647 2286//1749 2371//355 
f 2289//1752 2292//1755 2372//355 
f 2292//1755 2175//1638 2372//355 
f 2175//1638 2178//1641 2372//355 
f 2178//1641 2181//1644 2372//355 
f 2181//1644 2289//1752 2372//355 
f 2070//1543 2073//1546 2373//355 
f 2073//1546 2374//355 1950//1423 2373//355 
f 1950//1423 1953//1426 2373//355 
f 1953//1426 2070//1543 2373//355 
f 1953//1426 1956//1429 2375//355 
f 1956//1429 2067//1540 2375//355 
f 2067//1540 2070//1543 2375//355 
f 2070//1543 1953//1426 2375//355 
f 1956//1429 1959//1432 2376//355 
f 1959//1432 2064//1537 2376//355 
f 2064//1537 2067//1540 2376//355 
f 2067//1540 1956//1429 2376//355 
f 1959//1432 1962//1435 2377//355 
f 1962//1435 2157//1620 2377//355 
f 2157//1620 2064//1537 2377//355 
f 2064//1537 1959//1432 2377//355 
f 1962//1435 1965//1438 2378//355 
f 1965//1438 2157//1620 2378//355 
f 2157//1620 1962//1435 2378//355 
f 2157//1620 2160//1623 2379//355 
f 2160//1623 2058//1531 2379//355 
f 2058//1531 2061//1534 2379//355 
f 2061//1534 2064//1537 2379//355 
f 2064//1537 2157//1620 2379//355 
f 2160//1623 2163//1626 2380//355 
f 2163//1626 2054//1527 2380//355 
f 2054//1527 2058//1531 2380//355 
f 2058//1531 2160//1623 2380//355 
f 2163//1626 2166//1629 2381//355 
f 2166//1629 2055//1528 2381//355 
f 2055//1528 2054//1527 2381//355 
f 2054//1527 2163//1626 2381//355 
f 2166//1629 2169//1632 2382//355 
f 2169//1632 2295//1758 2382//355 
f 2295//1758 2055//1528 2382//355 
f 2055//1528 2166//1629 2382//355 
f 2169//1632 2172//1635 2383//355 
f 2172//1635 2295//1758 2383//355 
f 2295//1758 2169//1632 2383//355 
f 2172//1635 2175//1638 2384//355 
f 2175//1638 2292//1755 2384//355 
f 2292//1755 2295//1758 2384//355 
f 2295//1758 2172//1635 2384//355 
f 1965//1438 1968//1441 2385//355 
f 1968//1441 2154//1617 2385//355 
f 2154//1617 2157//1620 2385//355 
f 2157//1620 1965//1438 2385//355 
f 1968//1441 1971//1444 2386//355 
f 1971//1444 2154//1617 2386//355 
f 2154//1617 1968//1441 2386//355 
f 1971//1444 1974//1447 2387//355 
f 1974//1447 2151//1614 2387//355 
f 2151//1614 2154//1617 2387//355 
f 2154//1617 1971//1444 2387//355 
f 1974//1447 1977//1450 2388//355 
f 1977//1450 2148//1611 2388//355 
f 2148//1611 2151//1614 2388//355 
f 2151//1614 1974//1447 2388//355 
f 1977//1450 1980//1453 2389//355 
f 1980//1453 2145//1608 2389//355 
f 2145//1608 2148//1611 2389//355 
f 2148//1611 1977//1450 2389//355 
f 1980//1453 1983//1456 2390//355 
f 1983//1456 2142//1605 2390//355 
f 2142//1605 2145//1608 2390//355 
f 2145//1608 1980//1453 2390//355 
f 1983//1456 1986//1459 2391//355 
f 1986//1459 2139//1602 2391//355 
f 2139//1602 2142//1605 2391//355 
f 2142//1605 1983//1456 2391//355 
f 1986//1459 1989//1462 2392//355 
f 1989//1462 2136//1599 2392//355 
f 2136//1599 2139//1602 2392//355 
f 2139//1602 1986//1459 2392//355 
f 1989//1462 1992//1465 2393//355 
f 1992//1465 2133//1596 2393//355 
f 2133//1596 2136//1599 2393//355 
f 2136//1599 1989//1462 2393//355 
f 1992//1465 1995//1468 2394//355 
f 1995//1468 2130//1593 2394//355 
f 2130//1593 2133//1596 2394//355 
f 2133//1596 1992//1465 2394//355 
f 1995//1468 1998//1471 2395//355 
f 1998//1471 2127//1591 2395//355 
f 2127//1591 2130//1593 2395//355 
f 2130//1593 1995//1468 2395//355 
f 1998//1471 2001//1474 2396//355 
f 2001//1474 2124//1589 2396//355 
f 2124//1589 2127//1591 2396//355 
f 2127//1591 1998//1471 2396//355 
f 2001//1474 2004//1477 2397//355 
f 2004//1477 2121//1587 2397//355 
f 2121//1587 2124//1589 2397//355 
f 2124//1589 2001//1474 2397//355 
f 2004//1477 2007//1480 2398//355 
f 2007//1480 2118//1585 2398//355 
f 2118//1585 2121//1587 2398//355 
f 2121//1587 2004//1477 2398//355 
f 2007//1480 2010//1483 2399//355 
f 2010//1483 2115//1583 2399//355 
f 2115//1583 2118//1585 2399//355 
f 2118//1585 2007//1480 2399//355 
f 2010//1483 2013//1486 2400//355 
f 2013//1486 2112//1581 2400//355 
f 2112//1581 2115//1583 2400//355 
f 2115//1583 2010//1483 2400//355 
f 2013//1486 2016//1489 2401//355 
f 2016//1489 2109//1579 2401//355 
f 2109//1579 2112//1581 2401//355 
f 2112//1581 2013//1486 2401//355 
f 2016//1489 2019//1492 2402//355 
f 2019//1492 2106//1577 2402//355 
f 2106//1577 2109//1579 2402//355 
f 2109//1579 2016//1489 2402//355 
f 2019//1492 2022//1495 2403//355 
f 2022//1495 2103//1575 2403//355 
f 2103//1575 2106//1577 2403//355 
f 2106//1577 2019//1492 2403//355 
f 2022//1495 2025//1498 2404//355 
f 2025//1498 2100//1572 2404//355 
f 2100//1572 2103//1575 2404//355 
f 2103//1575 2022//1495 2404//355 
f 2025//1498 2028//1501 2405//355 
f 2028//1501 2097//1569 2405//355 
f 2097//1569 2100//1572 2405//355 
f 2100//1572 2025//1498 2405//355 
f 2028//1501 2031//1504 2406//355 
f 2031//1504 2094//1566 2406//355 
f 2094//1566 2097//1569 2406//355 
f 2097//1569 2028//1501 2406//355 
f 2031//1504 2034//1507 2407//355 
f 2034//1507 2091//1564 2407//355 
f 2091//1564 2094//1566 2407//355 
f 2094//1566 2031//1504 2407//355 
f 2034//1507 2037//1510 2408//355 
f 2037//1510 2091//1564 2408//355 
f 2091//1564 2034//1507 2408//355 
f 2037//1510 2040//1513 2409//355 
f 2040//1513 2088//1561 2409//355 
f 2088//1561 2091//1564 2409//355 
f 2091//1564 2037//1510 2409//355 
f 2040//1513 2043//1516 2410//355 
f 2043//1516 2085//1558 2410//355 
f 2085//1558 2088//1561 2410//355 
f 2088//1561 2040//1513 2410//355 
f 2043//1516 2046//1519 2411//355 
f 2046//1519 2082//1555 2411//355 
f 2082//1555 2085//1558 2411//355 
f 2085//1558 2043//1516 2411//355 
f 2046//1519 2049//1522 2412//355 
f 2049//1522 2079//1552 2412//355 
f 2079//1552 2082//1555 2412//355 
f 2082//1555 2046//1519 2412//355 
f 2049//1522 1947//1420 2413//355 
f 1947//1420 2076//1549 2413//355 
f 2076//1549 2079//1552 2413//355 
f 2079//1552 2049//1522 2413//355 
f 1947//1420 1946//1419 2414//355 
f 1946//1419 2073//1546 2414//355 
f 2073//1546 2076//1549 2414//355 
f 2076//1549 1947//1420 2414//355 
f 1946//1419 1950//1423 2374//355 
f 2073//1546 1946//1419 2374//355 
# 36 polygons - 4748 triangles

