# 3ds Max Wavefront OBJ Exporter v0.97b - (c)2007 guruware
# File Created: 10.09.2020 19:01:33

#
# object Thai_1
#

v  57.5198 10.0000 24.2132
v  57.4841 10.0000 24.6685
v  57.4960 6.6667 24.5167
v  57.4841 0.0000 24.6685
v  57.5198 0.0000 24.2132
v  57.5079 3.3333 24.3649
v  57.5795 10.0000 23.7118
v  57.5397 6.6667 24.0461
v  57.5795 0.0000 23.7118
v  57.5596 3.3333 23.8789
v  57.6629 10.0000 23.1644
v  57.6073 6.6667 23.5294
v  57.6629 0.0000 23.1644
v  57.6351 3.3333 23.3469
v  57.7703 10.0000 22.5710
v  57.6987 6.6667 22.9666
v  57.7703 0.0000 22.5710
v  57.7345 3.3333 22.7688
v  57.9015 10.0000 21.9316
v  57.8140 6.6667 22.3579
v  57.9015 0.0000 21.9316
v  57.8577 3.3333 22.1448
v  58.0565 10.0000 21.2462
v  57.9531 6.6667 21.7031
v  58.0565 0.0000 21.2462
v  58.0048 3.3333 21.4746
v  58.2354 10.0000 20.5147
v  58.1161 6.6667 21.0023
v  58.2354 0.0000 20.5147
v  58.1758 3.3333 20.7585
v  58.4381 10.0000 19.7372
v  58.3030 6.6667 20.2555
v  58.4381 0.0000 19.7372
v  58.3706 3.3333 19.9963
v  58.6409 10.0000 18.9634
v  58.5057 6.6667 19.4792
v  58.6409 0.0000 18.9634
v  58.5733 3.3333 19.2213
v  58.8197 10.0000 18.2430
v  58.7005 6.6667 18.7232
v  58.8197 0.0000 18.2430
v  58.7601 3.3333 18.4831
v  58.9748 10.0000 17.5760
v  58.8714 6.6667 18.0206
v  58.9748 0.0000 17.5760
v  58.9231 3.3333 17.7983
v  59.1060 10.0000 16.9624
v  59.0185 6.6667 17.3715
v  59.1060 0.0000 16.9624
v  59.0622 3.3333 17.1670
v  59.2133 10.0000 16.4023
v  59.1417 6.6667 16.7757
v  59.2133 0.0000 16.4023
v  59.1775 3.3333 16.5890
v  59.2968 10.0000 15.8956
v  59.2411 6.6667 16.2334
v  59.2968 0.0000 15.8956
v  59.2689 3.3333 16.0645
v  59.3564 10.0000 15.4423
v  59.3167 6.6667 15.7445
v  59.3564 0.0000 15.4423
v  59.3365 3.3333 15.5934
v  59.3922 10.0000 15.0424
v  59.3683 6.6667 15.3090
v  59.3922 0.0000 15.0424
v  59.3803 3.3333 15.1757
v  59.4041 10.0000 14.6959
v  59.3962 6.6667 14.9269
v  59.4041 0.0000 14.6959
v  59.4001 3.3333 14.8114
v  59.3756 10.0000 13.7283
v  59.3946 6.6667 14.3734
v  59.3756 0.0000 13.7283
v  59.3851 3.3333 14.0509
v  59.2902 10.0000 12.8000
v  59.3472 6.6667 13.4189
v  59.2902 0.0000 12.8000
v  59.3187 3.3333 13.1095
v  59.1478 10.0000 11.9110
v  59.2427 6.6667 12.5037
v  59.1478 0.0000 11.9110
v  59.1953 3.3333 12.2073
v  58.9484 10.0000 11.0613
v  59.0814 6.6667 11.6278
v  58.9484 0.0000 11.0613
v  59.0149 3.3333 11.3445
v  58.6921 10.0000 10.2508
v  58.8630 6.6667 10.7911
v  58.6921 0.0000 10.2508
v  58.7776 3.3333 10.5210
v  58.3789 10.0000 9.4797
v  58.5877 6.6667 9.9938
v  58.3789 0.0000 9.4797
v  58.4833 3.3333 9.7367
v  58.0086 10.0000 8.7478
v  58.2555 6.6667 9.2357
v  58.0086 0.0000 8.7478
v  58.1321 3.3333 8.9918
v  57.5815 10.0000 8.0552
v  57.8662 6.6667 8.5169
v  57.5815 0.0000 8.0552
v  57.7239 3.3333 8.2861
v  57.0973 10.0000 7.4019
v  57.4201 6.6667 7.8375
v  57.0973 0.0000 7.4019
v  57.2587 3.3333 7.6197
v  56.5667 10.0000 6.8035
v  56.9204 6.6667 7.2024
v  56.5667 0.0000 6.8035
v  56.7436 3.3333 7.0030
v  56.0001 10.0000 6.2754
v  56.3778 6.6667 6.6275
v  56.0001 0.0000 6.2754
v  56.1890 3.3333 6.4515
v  55.3976 10.0000 5.8178
v  55.7993 6.6667 6.1229
v  55.3976 0.0000 5.8178
v  55.5984 3.3333 5.9704
v  54.7591 10.0000 5.4306
v  55.1848 6.6667 5.6887
v  54.7591 0.0000 5.4306
v  54.9719 3.3333 5.5597
v  54.0846 10.0000 5.1137
v  54.5343 6.6667 5.3250
v  54.0846 0.0000 5.1137
v  54.3095 3.3333 5.2194
v  53.3742 10.0000 4.8673
v  53.8478 6.6667 5.0316
v  53.3742 0.0000 4.8673
v  53.6110 3.3333 4.9495
v  52.6278 10.0000 4.6913
v  53.1254 6.6667 4.8087
v  52.6278 0.0000 4.6913
v  52.8766 3.3333 4.7500
v  51.8455 10.0000 4.5857
v  52.3671 6.6667 4.6561
v  51.8455 0.0000 4.5857
v  52.1063 3.3333 4.6209
v  51.0272 10.0000 4.5505
v  51.5727 6.6667 4.5740
v  51.0272 0.0000 4.5505
v  51.2999 3.3333 4.5622
v  50.0816 10.0000 4.6033
v  50.7120 6.6667 4.5681
v  50.0816 0.0000 4.6033
v  50.3968 3.3333 4.5857
v  49.1870 10.0000 4.7616
v  49.7834 6.6667 4.6560
v  49.1870 0.0000 4.7616
v  49.4852 3.3333 4.7088
v  48.3433 10.0000 5.0254
v  48.9058 6.6667 4.8495
v  48.3433 0.0000 5.0254
v  48.6245 3.3333 4.9374
v  47.5505 10.0000 5.3947
v  48.0790 6.6667 5.1485
v  47.5505 0.0000 5.3947
v  47.8148 3.3333 5.2716
v  46.8087 10.0000 5.8696
v  47.3033 6.6667 5.5530
v  46.8087 0.0000 5.8696
v  47.0560 3.3333 5.7113
v  46.1178 10.0000 6.4501
v  46.5784 6.6667 6.0631
v  46.1178 0.0000 6.4501
v  46.3481 3.3333 6.2566
v  45.4779 10.0000 7.1360
v  45.9045 6.6667 6.6787
v  45.4779 0.0000 7.1360
v  45.6912 3.3333 6.9074
v  44.8889 10.0000 7.9275
v  45.2815 6.6667 7.3998
v  44.8889 0.0000 7.9275
v  45.0852 3.3333 7.6637
v  44.3508 10.0000 8.8245
v  44.7095 6.6667 8.2265
v  44.3508 0.0000 8.8245
v  44.5301 3.3333 8.5255
v  43.5903 10.0000 7.9275
v  44.0973 6.6667 8.5255
v  43.5903 0.0000 7.9275
v  43.8438 3.3333 8.2265
v  42.8106 10.0000 7.1360
v  43.3304 6.6667 7.6637
v  42.8106 0.0000 7.1360
v  43.0705 3.3333 7.3998
v  42.0115 10.0000 6.4501
v  42.5443 6.6667 6.9074
v  42.0115 0.0000 6.4501
v  42.2779 3.3333 6.6787
v  41.1932 10.0000 5.8696
v  41.7387 6.6667 6.2566
v  41.1932 0.0000 5.8696
v  41.4660 3.3333 6.0631
v  40.3555 10.0000 5.3948
v  40.9139 6.6667 5.7113
v  40.3555 0.0000 5.3948
v  40.6347 3.3333 5.5530
v  39.4985 10.0000 5.0254
v  40.0698 6.6667 5.2716
v  39.4985 0.0000 5.0254
v  39.7841 3.3333 5.1485
v  38.6221 10.0000 4.7616
v  39.2063 6.6667 4.9374
v  38.6221 0.0000 4.7616
v  38.9142 3.3333 4.8495
v  37.7265 10.0000 4.6033
v  38.3236 6.6667 4.7088
v  37.7265 0.0000 4.6033
v  38.0250 3.3333 4.6560
v  36.8115 10.0000 4.5505
v  37.4215 6.6667 4.5857
v  36.8115 0.0000 4.5505
v  37.1165 3.3333 4.5681
v  35.7624 10.0000 4.6076
v  36.4618 6.6667 4.5695
v  35.7624 0.0000 4.6076
v  36.1121 3.3333 4.5886
v  34.7595 10.0000 4.7788
v  35.4281 6.6667 4.6647
v  34.7595 0.0000 4.7788
v  35.0938 3.3333 4.7217
v  33.8027 10.0000 5.0642
v  34.4406 6.6667 4.8740
v  33.8027 0.0000 5.0642
v  34.1216 3.3333 4.9691
v  32.8921 10.0000 5.4638
v  33.4992 6.6667 5.1974
v  32.8921 0.0000 5.4638
v  33.1957 3.3333 5.3306
v  32.0278 10.0000 5.9776
v  32.6040 6.6667 5.6351
v  32.0278 0.0000 5.9776
v  32.3159 3.3333 5.8063
v  31.2095 10.0000 6.6055
v  31.7550 6.6667 6.1869
v  31.2095 0.0000 6.6055
v  31.4823 3.3333 6.3962
v  30.4375 10.0000 7.3475
v  30.9522 6.6667 6.8528
v  30.4375 0.0000 7.3475
v  30.6949 3.3333 7.1002
v  29.7117 10.0000 8.2038
v  30.1956 6.6667 7.6329
v  29.7117 0.0000 8.2038
v  29.9536 3.3333 7.9184
v  29.0320 10.0000 9.1742
v  29.4851 6.6667 8.5272
v  29.0320 0.0000 9.1742
v  29.2586 3.3333 8.8507
v  28.4119 10.0000 10.2179
v  28.8253 6.6667 9.5221
v  28.4119 0.0000 10.2179
v  28.6186 3.3333 9.8700
v  27.8648 10.0000 11.2942
v  28.2295 6.6667 10.5767
v  27.8648 0.0000 11.2942
v  28.0472 3.3333 10.9355
v  27.3906 10.0000 12.4031
v  27.7067 6.6667 11.6638
v  27.3906 0.0000 12.4031
v  27.5487 3.3333 12.0335
v  26.9894 10.0000 13.5445
v  27.2568 6.6667 12.7836
v  26.9894 0.0000 13.5445
v  27.1231 3.3333 13.1640
v  26.6611 10.0000 14.7184
v  26.8799 6.6667 13.9358
v  26.6611 0.0000 14.7184
v  26.7705 3.3333 14.3271
v  26.4057 10.0000 15.9249
v  26.5760 6.6667 15.1206
v  26.4057 0.0000 15.9249
v  26.4908 3.3333 15.5228
v  26.2234 10.0000 17.1640
v  26.3449 6.6667 16.3379
v  26.2234 0.0000 17.1640
v  26.2841 3.3333 16.7510
v  26.1139 10.0000 18.4356
v  26.1869 6.6667 17.5878
v  26.1139 0.0000 18.4356
v  26.1504 3.3333 18.0117
v  26.0774 10.0000 19.7397
v  26.1018 6.6667 18.8703
v  26.0774 0.0000 19.7397
v  26.0896 3.3333 19.3050
v  26.1813 10.0000 21.8568
v  26.1121 6.6667 20.4454
v  26.1813 0.0000 21.8568
v  26.1467 3.3333 21.1511
v  26.4929 10.0000 23.7249
v  26.2852 6.6667 22.4795
v  26.4929 0.0000 23.7249
v  26.3890 3.3333 23.1022
v  27.0121 10.0000 25.3439
v  26.6660 6.6667 24.2646
v  27.0121 0.0000 25.3439
v  26.8390 3.3333 24.8042
v  27.7391 10.0000 26.7138
v  27.2545 6.6667 25.8005
v  27.7391 0.0000 26.7138
v  27.4968 3.3333 26.2572
v  28.6738 10.0000 27.8346
v  28.0507 6.6667 27.0874
v  28.6738 0.0000 27.8346
v  28.3622 3.3333 27.4610
v  29.8162 10.0000 28.7064
v  29.0546 6.6667 28.1252
v  29.8162 0.0000 28.7064
v  29.4354 3.3333 28.4158
v  31.1663 10.0000 29.3291
v  30.2662 6.6667 28.9140
v  31.1663 0.0000 29.3291
v  30.7163 3.3333 29.1215
v  32.7241 10.0000 29.7027
v  31.6856 6.6667 29.4536
v  32.7241 0.0000 29.7027
v  32.2048 3.3333 29.5782
v  34.4896 10.0000 29.8272
v  33.3126 6.6667 29.7442
v  34.4896 0.0000 29.8272
v  33.9011 3.3333 29.7857
v  36.1031 10.0000 29.7266
v  35.0274 6.6667 29.7937
v  36.1031 0.0000 29.7266
v  35.5653 3.3333 29.7602
v  37.5267 10.0000 29.4248
v  36.5776 6.6667 29.6260
v  37.5267 0.0000 29.4248
v  37.0522 3.3333 29.5254
v  38.7605 10.0000 28.9216
v  37.9380 6.6667 29.2570
v  38.7605 0.0000 28.9216
v  38.3493 3.3333 29.0893
v  39.8046 10.0000 28.2173
v  39.1086 6.6667 28.6868
v  39.8046 0.0000 28.2173
v  39.4566 3.3333 28.4521
v  40.6587 10.0000 27.3116
v  40.0893 6.6667 27.9154
v  40.6587 0.0000 27.3116
v  40.3740 3.3333 27.6135
v  41.3231 10.0000 26.2048
v  40.8802 6.6667 26.9427
v  41.3231 0.0000 26.2048
v  41.1017 3.3333 26.5737
v  41.7977 10.0000 24.8967
v  41.4813 6.6667 25.7687
v  41.7977 0.0000 24.8967
v  41.6395 3.3333 25.3327
v  42.0824 10.0000 23.3873
v  41.8926 6.6667 24.3936
v  42.0824 0.0000 23.3873
v  41.9875 3.3333 23.8904
v  42.1773 10.0000 21.6767
v  42.1140 6.6667 22.8171
v  42.1773 0.0000 21.6767
v  42.1457 3.3333 22.2469
v  42.0738 10.0000 20.0421
v  42.1428 6.6667 21.1318
v  42.0738 0.0000 20.0421
v  42.1083 3.3333 20.5870
v  41.7634 10.0000 18.5998
v  41.9703 6.6667 19.5614
v  41.7634 0.0000 18.5998
v  41.8668 3.3333 19.0806
v  41.2460 10.0000 17.3499
v  41.5909 6.6667 18.1832
v  41.2460 0.0000 17.3499
v  41.4184 3.3333 17.7665
v  40.5216 10.0000 16.2922
v  41.0045 6.6667 16.9973
v  40.5216 0.0000 16.2922
v  40.7631 3.3333 16.6448
v  39.5903 10.0000 15.4268
v  40.2112 6.6667 16.0037
v  39.5903 0.0000 15.4268
v  39.9007 3.3333 15.7153
v  38.4520 10.0000 14.7538
v  39.2108 6.6667 15.2025
v  38.4520 0.0000 14.7538
v  38.8314 3.3333 14.9781
v  37.1067 10.0000 14.2730
v  38.0035 6.6667 14.5935
v  37.1067 0.0000 14.2730
v  37.5551 3.3333 14.4333
v  35.5545 10.0000 13.9846
v  36.5893 6.6667 14.1769
v  35.5545 0.0000 13.9846
v  36.0719 3.3333 14.0807
v  33.7953 10.0000 13.8884
v  34.9681 6.6667 13.9525
v  33.7953 0.0000 13.8884
v  34.3817 3.3333 13.9205
v  33.8348 10.0000 13.2126
v  33.8085 6.6667 13.6631
v  33.8348 0.0000 13.2126
v  33.8216 3.3333 13.4379
v  33.9532 10.0000 12.6163
v  33.8743 6.6667 13.0138
v  33.9532 0.0000 12.6163
v  33.9137 3.3333 12.8151
v  34.1506 10.0000 12.0995
v  34.0190 6.6667 12.4441
v  34.1506 0.0000 12.0995
v  34.0848 3.3333 12.2718
v  34.4269 10.0000 11.6623
v  34.2427 6.6667 11.9538
v  34.4269 0.0000 11.6623
v  34.3348 3.3333 11.8080
v  34.7821 10.0000 11.3045
v  34.5453 6.6667 11.5430
v  34.7821 0.0000 11.3045
v  34.6637 3.3333 11.4237
v  35.2163 10.0000 11.0262
v  34.9269 6.6667 11.2117
v  35.2163 0.0000 11.0262
v  35.0716 3.3333 11.1190
v  35.7295 10.0000 10.8274
v  35.3874 6.6667 10.9600
v  35.7295 0.0000 10.8274
v  35.5584 3.3333 10.8937
v  36.3216 10.0000 10.7082
v  35.9269 6.6667 10.7877
v  36.3216 0.0000 10.7082
v  36.1242 3.3333 10.7479
v  36.9926 10.0000 10.6684
v  36.5453 6.6667 10.6949
v  36.9926 0.0000 10.6684
v  36.7690 3.3333 10.6817
v  37.8636 10.0000 10.7320
v  37.2830 6.6667 10.6896
v  37.8636 0.0000 10.7320
v  37.5733 3.3333 10.7108
v  38.7078 10.0000 10.9229
v  38.1450 6.6667 10.7956
v  38.7078 0.0000 10.9229
v  38.4264 3.3333 10.8593
v  39.5253 10.0000 11.2409
v  38.9803 6.6667 11.0289
v  39.5253 0.0000 11.2409
v  39.2528 3.3333 11.1349
v  40.3160 10.0000 11.6861
v  39.7888 6.6667 11.3893
v  40.3160 0.0000 11.6861
v  40.0524 3.3333 11.5377
v  41.0799 10.0000 12.2585
v  40.5706 6.6667 11.8769
v  41.0799 0.0000 12.2585
v  40.8252 3.3333 12.0677
v  41.8170 10.0000 12.9582
v  41.3256 6.6667 12.4918
v  41.8170 0.0000 12.9582
v  41.5713 3.3333 12.7250
v  42.5274 10.0000 13.7851
v  42.0538 6.6667 13.2338
v  42.5274 0.0000 13.7851
v  42.2906 3.3333 13.5094
v  43.2109 10.0000 14.7391
v  42.7552 6.6667 14.1031
v  43.2109 0.0000 14.7391
v  42.9831 3.3333 14.4211
v  43.8678 10.0000 15.8204
v  43.4299 6.6667 15.0995
v  43.8678 0.0000 15.8204
v  43.6488 3.3333 15.4600
v  44.4063 10.0000 15.1446
v  44.0473 6.6667 15.5951
v  44.4063 0.0000 15.1446
v  44.2268 3.3333 15.3699
v  44.9553 10.0000 14.5483
v  44.5893 6.6667 14.9458
v  44.9553 0.0000 14.5483
v  44.7723 3.3333 14.7471
v  45.5146 10.0000 14.0315
v  45.1417 6.6667 14.3760
v  45.5146 0.0000 14.0315
v  45.3282 3.3333 14.2038
v  46.0845 10.0000 13.5942
v  45.7046 6.6667 13.8858
v  46.0845 0.0000 13.5942
v  45.8945 3.3333 13.7400
v  46.6647 10.0000 13.2365
v  46.2779 6.6667 13.4750
v  46.6647 0.0000 13.2365
v  46.4713 3.3333 13.3557
v  47.2554 10.0000 12.9582
v  46.8616 6.6667 13.1437
v  47.2554 0.0000 12.9582
v  47.0585 3.3333 13.0509
v  47.8566 10.0000 12.7594
v  47.4558 6.6667 12.8919
v  47.8566 0.0000 12.7594
v  47.6562 3.3333 12.8257
v  48.4681 10.0000 12.6402
v  48.0604 6.6667 12.7197
v  48.4681 0.0000 12.6402
v  48.2643 3.3333 12.6799
v  49.0901 10.0000 12.6004
v  48.6755 6.6667 12.6269
v  49.0901 0.0000 12.6004
v  48.8828 3.3333 12.6137
v  49.4302 10.0000 12.6381
v  49.2035 6.6667 12.6130
v  49.4302 0.0000 12.6381
v  49.3168 3.3333 12.6255
v  49.7302 10.0000 12.7510
v  49.5302 6.6667 12.6757
v  49.7302 0.0000 12.7510
v  49.6302 3.3333 12.7133
v  49.9902 10.0000 12.9392
v  49.8168 6.6667 12.8137
v  49.9902 0.0000 12.9392
v  49.9035 3.3333 12.8765
v  50.2102 10.0000 13.2027
v  50.0635 6.6667 13.0270
v  50.2102 0.0000 13.2027
v  50.1369 3.3333 13.1148
v  50.3902 10.0000 13.5414
v  50.2702 6.6667 13.3156
v  50.3902 0.0000 13.5414
v  50.3302 3.3333 13.4285
v  50.5302 10.0000 13.9555
v  50.4369 6.6667 13.6795
v  50.5302 0.0000 13.9555
v  50.4835 3.3333 13.8175
v  50.6302 10.0000 14.4448
v  50.5635 6.6667 14.1186
v  50.6302 0.0000 14.4448
v  50.5969 3.3333 14.2817
v  50.6902 10.0000 15.0094
v  50.6502 6.6667 14.6330
v  50.6902 0.0000 15.0094
v  50.6702 3.3333 14.8212
v  50.7102 10.0000 15.6493
v  50.6969 6.6667 15.2227
v  50.7102 0.0000 15.6493
v  50.7035 3.3333 15.4360
v  50.6921 10.0000 16.1096
v  50.7042 6.6667 15.8028
v  50.6921 0.0000 16.1096
v  50.6981 3.3333 15.9562
v  50.6377 10.0000 16.5861
v  50.6739 6.6667 16.2685
v  50.6377 0.0000 16.5861
v  50.6558 3.3333 16.4273
v  50.5470 10.0000 17.0787
v  50.6074 6.6667 16.7503
v  50.5470 0.0000 17.0787
v  50.5772 3.3333 16.9145
v  50.4200 10.0000 17.5875
v  50.5047 6.6667 17.2483
v  50.4200 0.0000 17.5875
v  50.4623 3.3333 17.4179
v  50.2568 10.0000 18.1124
v  50.3656 6.6667 17.7625
v  50.2568 0.0000 18.1124
v  50.3112 3.3333 17.9375
v  50.0573 10.0000 18.6535
v  50.1903 6.6667 18.2928
v  50.0573 0.0000 18.6535
v  50.1238 3.3333 18.4732
v  49.8215 10.0000 19.2107
v  49.9787 6.6667 18.8393
v  49.8215 0.0000 19.2107
v  49.9001 3.3333 19.0250
v  49.5494 10.0000 19.7841
v  49.7308 6.6667 19.4019
v  49.5494 0.0000 19.7841
v  49.6401 3.3333 19.5930
v  49.2411 10.0000 20.3736
v  49.4466 6.6667 19.9806
v  49.2411 0.0000 20.3736
v  49.3439 3.3333 20.1771
v  48.9074 10.0000 21.0071
v  49.1299 6.6667 20.5848
v  48.9074 0.0000 21.0071
v  49.0186 3.3333 20.7960
v  48.6130 10.0000 21.6052
v  48.8093 6.6667 21.2065
v  48.6130 0.0000 21.6052
v  48.7111 3.3333 21.4059
v  48.3578 10.0000 22.1678
v  48.5279 6.6667 21.7927
v  48.3578 0.0000 22.1678
v  48.4429 3.3333 21.9803
v  48.1419 10.0000 22.6949
v  48.2859 6.6667 22.3435
v  48.1419 0.0000 22.6949
v  48.2139 3.3333 22.5192
v  47.9653 10.0000 23.1866
v  48.0830 6.6667 22.8588
v  47.9653 0.0000 23.1866
v  48.0242 3.3333 23.0227
v  47.8279 10.0000 23.6428
v  47.9195 6.6667 23.3387
v  47.8279 0.0000 23.6428
v  47.8737 3.3333 23.4907
v  47.7297 10.0000 24.0635
v  47.7952 6.6667 23.7830
v  47.7297 0.0000 24.0635
v  47.7625 3.3333 23.9233
v  47.6709 10.0000 24.4488
v  47.7101 6.6667 24.1919
v  47.6709 0.0000 24.4488
v  47.6905 3.3333 24.3204
v  47.6512 10.0000 24.7986
v  47.6643 6.6667 24.5654
v  47.6512 0.0000 24.7986
v  47.6578 3.3333 24.6820
v  47.6512 10.0000 31.4372
v  47.6512 6.6667 27.0115
v  47.6512 0.0000 31.4372
v  47.6512 3.3333 29.2243
v  46.5486 10.0000 31.4767
v  47.2837 6.6667 31.4504
v  46.5486 0.0000 31.4767
v  46.9161 3.3333 31.4635
v  45.4968 10.0000 31.5951
v  46.1980 6.6667 31.5162
v  45.4968 0.0000 31.5951
v  45.8474 3.3333 31.5556
v  44.4958 10.0000 31.7925
v  45.1631 6.6667 31.6609
v  44.4958 0.0000 31.7925
v  44.8295 3.3333 31.7267
v  43.5458 10.0000 32.0688
v  44.1791 6.6667 31.8846
v  43.5458 0.0000 32.0688
v  43.8625 3.3333 31.9767
v  42.6466 10.0000 32.4241
v  43.2460 6.6667 32.1872
v  42.6466 0.0000 32.4241
v  42.9463 3.3333 32.3056
v  41.7983 10.0000 32.8583
v  42.3638 6.6667 32.5688
v  41.7983 0.0000 32.8583
v  42.0810 3.3333 32.7135
v  41.0008 10.0000 33.3714
v  41.5325 6.6667 33.0293
v  41.0008 0.0000 33.3714
v  41.2666 3.3333 33.2004
v  40.2542 10.0000 33.9635
v  40.7520 6.6667 33.5688
v  40.2542 0.0000 33.9635
v  40.5031 3.3333 33.7662
v  39.5585 10.0000 34.6346
v  40.0224 6.6667 34.1872
v  39.5585 0.0000 34.6346
v  39.7905 3.3333 34.4109
v  38.9255 10.0000 35.3704
v  39.3475 6.6667 34.8798
v  38.9255 0.0000 35.3704
v  39.1365 3.3333 35.1251
v  38.3670 10.0000 36.1568
v  38.7393 6.6667 35.6325
v  38.3670 0.0000 36.1568
v  38.5531 3.3333 35.8947
v  37.8829 10.0000 36.9939
v  38.2056 6.6667 36.4359
v  37.8829 0.0000 36.9939
v  38.0442 3.3333 36.7149
v  37.4733 10.0000 37.8816
v  37.7463 6.6667 37.2898
v  37.4733 0.0000 37.8816
v  37.6098 3.3333 37.5857
v  37.1381 10.0000 38.8199
v  37.3616 6.6667 38.1944
v  37.1381 0.0000 38.8199
v  37.2498 3.3333 38.5072
v  36.8775 10.0000 39.8089
v  37.0513 6.6667 39.1496
v  36.8775 0.0000 39.8089
v  36.9644 3.3333 39.4792
v  36.6913 10.0000 40.8484
v  36.8154 6.6667 40.1554
v  36.6913 0.0000 40.8484
v  36.7534 3.3333 40.5019
v  36.5796 10.0000 41.9386
v  36.6541 6.6667 41.2118
v  36.5796 0.0000 41.9386
v  36.6168 3.3333 41.5752
v  36.5423 10.0000 43.0794
v  36.5672 6.6667 42.3189
v  36.5423 0.0000 43.0794
v  36.5548 3.3333 42.6992
v  36.5792 10.0000 44.1192
v  36.5546 6.6667 43.4260
v  36.5792 0.0000 44.1192
v  36.5669 3.3333 43.7726
v  36.6898 10.0000 45.1211
v  36.6161 6.6667 44.4532
v  36.6898 0.0000 45.1211
v  36.6529 3.3333 44.7871
v  36.8741 10.0000 46.0850
v  36.7512 6.6667 45.4424
v  36.8741 0.0000 46.0850
v  36.8127 3.3333 45.7637
v  37.1322 10.0000 47.0110
v  36.9601 6.6667 46.3937
v  37.1322 0.0000 47.0110
v  37.0462 3.3333 46.7023
v  37.4640 10.0000 47.8990
v  37.2428 6.6667 47.3070
v  37.4640 0.0000 47.8990
v  37.3534 3.3333 47.6030
v  37.8695 10.0000 48.7490
v  37.5991 6.6667 48.1823
v  37.8695 0.0000 48.7490
v  37.7343 3.3333 48.4657
v  38.3487 10.0000 49.5611
v  38.0292 6.6667 49.0197
v  38.3487 0.0000 49.5611
v  38.1890 3.3333 49.2904
v  38.9017 10.0000 50.3353
v  38.5330 6.6667 49.8192
v  38.9017 0.0000 50.3353
v  38.7174 3.3333 50.0772
v  39.5284 10.0000 51.0715
v  39.1106 6.6667 50.5807
v  39.5284 0.0000 51.0715
v  39.3195 3.3333 50.8261
v  40.2139 10.0000 51.7489
v  39.7569 6.6667 51.2973
v  40.2139 0.0000 51.7489
v  39.9854 3.3333 51.5231
v  40.9433 10.0000 52.3465
v  40.4570 6.6667 51.9481
v  40.9433 0.0000 52.3465
v  40.7002 3.3333 52.1473
v  41.7167 10.0000 52.8645
v  41.2011 6.6667 52.5192
v  41.7167 0.0000 52.8645
v  41.4589 3.3333 52.6919
v  42.5339 10.0000 53.3028
v  41.9891 6.6667 53.0107
v  42.5339 0.0000 53.3028
v  42.2615 3.3333 53.1568
v  43.3951 10.0000 53.6615
v  42.8210 6.6667 53.4224
v  43.3951 0.0000 53.6615
v  43.1080 3.3333 53.5419
v  44.3002 10.0000 53.9404
v  43.6968 6.6667 53.7544
v  44.3002 0.0000 53.9404
v  43.9985 3.3333 53.8474
v  45.2492 10.0000 54.1396
v  44.6165 6.6667 54.0068
v  45.2492 0.0000 54.1396
v  44.9328 3.3333 54.0732
v  46.2421 10.0000 54.2592
v  45.5801 6.6667 54.1795
v  46.2421 0.0000 54.2592
v  45.9111 3.3333 54.2193
v  47.2789 10.0000 54.2990
v  46.5877 6.6667 54.2724
v  47.2789 0.0000 54.2990
v  46.9333 3.3333 54.2857
v  49.4182 10.0000 54.1867
v  47.9920 6.6667 54.2616
v  49.4182 0.0000 54.1867
v  48.7051 3.3333 54.2241
v  51.3059 10.0000 53.8497
v  50.0474 6.6667 54.0743
v  51.3059 0.0000 53.8497
v  50.6767 3.3333 53.9620
v  52.9418 10.0000 53.2880
v  51.8512 6.6667 53.6625
v  52.9418 0.0000 53.2880
v  52.3965 3.3333 53.4752
v  54.3261 10.0000 52.5017
v  53.4032 6.6667 53.0259
v  54.3261 0.0000 52.5017
v  53.8647 3.3333 52.7638
v  55.4587 10.0000 51.4907
v  54.7036 6.6667 52.1647
v  55.4587 0.0000 51.4907
v  55.0811 3.3333 51.8277
v  56.3396 10.0000 50.2550
v  55.7523 6.6667 51.0788
v  56.3396 0.0000 50.2550
v  56.0459 3.3333 50.6669
v  56.9688 10.0000 48.7947
v  56.5493 6.6667 49.7683
v  56.9688 0.0000 48.7947
v  56.7590 3.3333 49.2815
v  57.3463 10.0000 47.1097
v  57.0946 6.6667 48.2330
v  57.3463 0.0000 47.1097
v  57.2205 3.3333 47.6714
v  57.4721 10.0000 45.2001
v  57.3882 6.6667 46.4732
v  57.4721 0.0000 45.2001
v  57.4302 3.3333 45.8366
v  57.4721 10.0000 39.9852
v  57.4721 6.6667 43.4618
v  57.4721 0.0000 39.9852
v  57.4721 3.3333 41.7235
v  59.3941 10.0000 42.0656
v  58.1128 6.6667 40.6787
v  59.3941 0.0000 42.0656
v  58.7534 3.3333 41.3722
v  61.0120 10.0000 43.8604
v  59.9334 6.6667 42.6639
v  61.0120 0.0000 43.8604
v  60.4727 3.3333 43.2621
v  62.5016 10.0000 45.4936
v  61.5085 6.6667 44.4048
v  62.5016 0.0000 45.4936
v  62.0051 3.3333 44.9492
v  63.8629 10.0000 46.9652
v  62.9554 6.6667 45.9841
v  63.8629 0.0000 46.9652
v  63.4091 3.3333 46.4746
v  65.0958 10.0000 48.2753
v  64.2739 6.6667 47.4019
v  65.0958 0.0000 48.2753
v  64.6848 3.3333 47.8386
v  66.2005 10.0000 49.4238
v  65.4640 6.6667 48.6581
v  66.2005 0.0000 49.4238
v  65.8323 3.3333 49.0409
v  67.1768 10.0000 50.4107
v  66.5259 6.6667 49.7528
v  67.1768 0.0000 50.4107
v  66.8513 3.3333 50.0817
v  68.0247 10.0000 51.2361
v  67.4594 6.6667 50.6859
v  68.0247 0.0000 51.2361
v  67.7421 3.3333 50.9610
v  68.7444 10.0000 51.9000
v  68.2646 6.6667 51.4574
v  68.7444 0.0000 51.9000
v  68.5045 3.3333 51.6787
v  69.3357 10.0000 52.4022
v  68.9415 6.6667 52.0674
v  69.3357 0.0000 52.4022
v  69.1386 3.3333 52.2348
v  69.8588 10.0000 52.8003
v  69.5101 6.6667 52.5349
v  69.8588 0.0000 52.8003
v  69.6844 3.3333 52.6676
v  70.3737 10.0000 53.1516
v  70.0304 6.6667 52.9174
v  70.3737 0.0000 53.1516
v  70.2021 3.3333 53.0345
v  70.8806 10.0000 53.4560
v  70.5427 6.6667 53.2530
v  70.8806 0.0000 53.4560
v  70.7116 3.3333 53.3545
v  71.3792 10.0000 53.7136
v  71.0468 6.6667 53.5419
v  71.3792 0.0000 53.7136
v  71.2130 3.3333 53.6277
v  71.8698 10.0000 53.9243
v  71.5428 6.6667 53.7838
v  71.8698 0.0000 53.9243
v  71.7063 3.3333 53.8541
v  72.3522 10.0000 54.0882
v  72.0306 6.6667 53.9790
v  72.3522 0.0000 54.0882
v  72.1914 3.3333 54.0336
v  72.8265 10.0000 54.2053
v  72.5103 6.6667 54.1273
v  72.8265 0.0000 54.2053
v  72.6684 3.3333 54.1663
v  73.2926 10.0000 54.2756
v  72.9818 6.6667 54.2288
v  73.2926 0.0000 54.2756
v  73.1372 3.3333 54.2522
v  73.7506 10.0000 54.2990
v  73.4453 6.6667 54.2834
v  73.7506 0.0000 54.2990
v  73.5979 3.3333 54.2912
v  75.3012 10.0000 54.2045
v  74.2675 6.6667 54.2675
v  75.3012 0.0000 54.2045
v  74.7843 3.3333 54.2360
v  76.6694 10.0000 53.9211
v  75.7573 6.6667 54.1101
v  76.6694 0.0000 53.9211
v  76.2133 3.3333 54.0156
v  77.8552 10.0000 53.4487
v  77.0647 6.6667 53.7636
v  77.8552 0.0000 53.4487
v  77.4599 3.3333 53.6062
v  78.8585 10.0000 52.7874
v  78.1897 6.6667 53.2283
v  78.8585 0.0000 52.7874
v  78.5241 3.3333 53.0079
v  79.6795 10.0000 51.9371
v  79.1322 6.6667 52.5040
v  79.6795 0.0000 51.9371
v  79.4058 3.3333 52.2206
v  80.3180 10.0000 50.8979
v  79.8923 6.6667 51.5907
v  80.3180 0.0000 50.8979
v  80.1051 3.3333 51.2443
v  80.7741 10.0000 49.6697
v  80.4700 6.6667 50.4885
v  80.7741 0.0000 49.6697
v  80.6220 3.3333 50.0791
v  81.0477 10.0000 48.2526
v  80.8653 6.6667 49.1974
v  81.0477 0.0000 48.2526
v  80.9565 3.3333 48.7250
v  81.1389 10.0000 46.6465
v  81.0781 6.6667 47.7173
v  81.1389 0.0000 46.6465
v  81.1085 3.3333 47.1819
v  81.1389 10.0000 4.7115
v  81.1389 6.6667 32.6682
v  81.1389 0.0000 4.7115
v  81.1389 3.3333 18.6898
v  71.3180 10.0000 4.7115
v  77.8653 6.6667 4.7115
v  71.3180 0.0000 4.7115
v  74.5916 3.3333 4.7115
v  71.3180 10.0000 42.4128
v  71.3180 6.6667 17.2786
v  71.3180 0.0000 42.4128
v  71.3180 3.3333 29.8457
v  71.3136 10.0000 42.8112
v  71.3165 6.6667 42.5456
v  71.3136 0.0000 42.8112
v  71.3151 3.3333 42.6784
v  71.3004 10.0000 43.1769
v  71.3092 6.6667 42.9331
v  71.3004 0.0000 43.1769
v  71.3048 3.3333 43.0550
v  71.2783 10.0000 43.5099
v  71.2930 6.6667 43.2879
v  71.2783 0.0000 43.5099
v  71.2857 3.3333 43.3989
v  71.2474 10.0000 43.8101
v  71.2680 6.6667 43.6099
v  71.2474 0.0000 43.8101
v  71.2577 3.3333 43.7100
v  71.2077 10.0000 44.0776
v  71.2342 6.6667 43.8993
v  71.2077 0.0000 44.0776
v  71.2210 3.3333 43.9884
v  71.1592 10.0000 44.3123
v  71.1916 6.6667 44.1558
v  71.1592 0.0000 44.3123
v  71.1754 3.3333 44.2341
v  71.1019 10.0000 44.5144
v  71.1401 6.6667 44.3797
v  71.1019 0.0000 44.5144
v  71.1210 3.3333 44.4470
v  71.0358 10.0000 44.6837
v  71.0798 6.6667 44.5708
v  71.0358 0.0000 44.6837
v  71.0578 3.3333 44.6272
v  70.9608 10.0000 44.8202
v  71.0108 6.6667 44.7292
v  70.9608 0.0000 44.8202
v  70.9858 3.3333 44.7747
v  70.6010 10.0000 45.1221
v  70.8409 6.6667 44.9208
v  70.6010 0.0000 45.1221
v  70.7210 3.3333 45.0215
v  63.2605 10.0000 38.0004
v  68.1542 6.6667 42.7482
v  63.2605 0.0000 38.0004
v  65.7074 3.3333 40.3743
v  57.4721 10.0000 32.6422
v  61.3311 6.6667 36.2144
v  57.4721 0.0000 32.6422
v  59.4016 3.3333 34.4283
v  57.4721 10.0000 25.0778
v  57.4721 6.6667 30.1207
v  57.4721 0.0000 25.0778
v  57.4721 3.3333 27.5993
v  57.4761 6.6667 24.9414
v  57.4801 3.3333 24.8049
v  35.7364 10.0000 17.7857
v  35.0953 10.0000 17.6399
v  35.3090 6.6667 17.6885
v  35.0953 0.0000 17.6399
v  35.7364 0.0000 17.7857
v  35.5227 3.3333 17.7371
v  36.2919 10.0000 18.0285
v  35.9215 6.6667 17.8666
v  36.2919 0.0000 18.0285
v  36.1067 3.3333 17.9476
v  36.7620 10.0000 18.3685
v  36.4486 6.6667 18.1419
v  36.7620 0.0000 18.3685
v  36.6053 3.3333 18.2552
v  37.1466 10.0000 18.8057
v  36.8902 6.6667 18.5143
v  37.1466 0.0000 18.8057
v  37.0184 3.3333 18.6600
v  37.4457 10.0000 19.3400
v  37.2463 6.6667 18.9838
v  37.4457 0.0000 19.3400
v  37.3460 3.3333 19.1619
v  37.6594 10.0000 19.9714
v  37.5170 6.6667 19.5505
v  37.6594 0.0000 19.9714
v  37.5882 3.3333 19.7610
v  37.7876 10.0000 20.7000
v  37.7021 6.6667 20.2143
v  37.7876 0.0000 20.7000
v  37.7449 3.3333 20.4572
v  37.8303 10.0000 21.5258
v  37.8018 6.6667 20.9753
v  37.8303 0.0000 21.5258
v  37.8161 3.3333 21.2505
v  37.7876 10.0000 22.3895
v  37.8161 6.6667 21.8137
v  37.7876 0.0000 22.3895
v  37.8018 3.3333 22.1016
v  37.6594 10.0000 23.1517
v  37.7449 6.6667 22.6436
v  37.6594 0.0000 23.1517
v  37.7021 3.3333 22.8976
v  37.4457 10.0000 23.8122
v  37.5882 6.6667 23.3718
v  37.4457 0.0000 23.8122
v  37.5170 3.3333 23.5920
v  37.1466 10.0000 24.3711
v  37.3460 6.6667 23.9985
v  37.1466 0.0000 24.3711
v  37.2463 3.3333 24.1848
v  36.7620 10.0000 24.8283
v  37.0184 6.6667 24.5235
v  36.7620 0.0000 24.8283
v  36.8902 3.3333 24.6759
v  36.2919 10.0000 25.1840
v  36.6053 6.6667 24.9469
v  36.2919 0.0000 25.1840
v  36.4486 3.3333 25.0655
v  35.7364 10.0000 25.4381
v  36.1067 6.6667 25.2687
v  35.7364 0.0000 25.4381
v  35.9215 3.3333 25.3534
v  35.0953 10.0000 25.5905
v  35.5227 6.6667 25.4889
v  35.0953 0.0000 25.5905
v  35.3090 3.3333 25.5397
v  34.3689 10.0000 25.6413
v  34.8532 6.6667 25.6074
v  34.3689 0.0000 25.6413
v  34.6110 3.3333 25.6244
v  33.6424 10.0000 25.5920
v  34.1267 6.6667 25.6249
v  33.6424 0.0000 25.5920
v  33.8845 3.3333 25.6084
v  33.0014 10.0000 25.4440
v  33.4287 6.6667 25.5427
v  33.0014 0.0000 25.4440
v  33.2150 3.3333 25.4933
v  32.4458 10.0000 25.1974
v  32.8162 6.6667 25.3618
v  32.4458 0.0000 25.1974
v  32.6310 3.3333 25.2796
v  31.9757 10.0000 24.8522
v  32.2891 6.6667 25.0823
v  31.9757 0.0000 24.8522
v  32.1324 3.3333 24.9673
v  31.5911 10.0000 24.4083
v  31.8475 6.6667 24.7042
v  31.5911 0.0000 24.4083
v  31.7193 3.3333 24.5563
v  31.2920 10.0000 23.8658
v  31.4914 6.6667 24.2275
v  31.2920 0.0000 23.8658
v  31.3917 3.3333 24.0467
v  31.0783 10.0000 23.2247
v  31.2208 6.6667 23.6521
v  31.0783 0.0000 23.2247
v  31.1496 3.3333 23.4384
v  30.9501 10.0000 22.4849
v  31.0356 6.6667 22.9781
v  30.9501 0.0000 22.4849
v  30.9929 3.3333 22.7315
v  30.9074 10.0000 21.6465
v  30.9359 6.6667 22.2055
v  30.9074 0.0000 21.6465
v  30.9216 3.3333 21.9260
v  30.9501 10.0000 20.7954
v  30.9216 6.6667 21.3628
v  30.9501 0.0000 20.7954
v  30.9359 3.3333 21.0791
v  31.0783 10.0000 20.0445
v  30.9929 6.6667 20.5451
v  31.0783 0.0000 20.0445
v  31.0356 3.3333 20.2948
v  31.2920 10.0000 19.3937
v  31.1496 6.6667 19.8275
v  31.2920 0.0000 19.3937
v  31.2208 3.3333 19.6106
v  31.5911 10.0000 18.8430
v  31.3917 6.6667 19.2101
v  31.5911 0.0000 18.8430
v  31.4914 3.3333 19.0265
v  31.9758 10.0000 18.3924
v  31.7194 6.6667 18.6928
v  31.9758 0.0000 18.3924
v  31.8476 3.3333 18.5426
v  32.4458 10.0000 18.0419
v  32.1324 6.6667 18.2756
v  32.4458 0.0000 18.0419
v  32.2891 3.3333 18.1588
v  33.0014 10.0000 17.7916
v  32.6310 6.6667 17.9585
v  33.0014 0.0000 17.7916
v  32.8162 3.3333 17.8751
v  33.6424 10.0000 17.6414
v  33.2150 6.6667 17.7416
v  33.6424 0.0000 17.6414
v  33.4287 3.3333 17.6915
v  34.3689 10.0000 17.5914
v  33.8845 6.6667 17.6247
v  34.3689 0.0000 17.5914
v  34.1267 3.3333 17.6081
v  34.6110 6.6667 17.6076
v  34.8532 3.3333 17.6238
v  47.6215 10.0000 45.6091
v  47.6512 10.0000 44.9259
v  47.6413 6.6667 45.1536
v  47.6512 0.0000 44.9259
v  47.6215 0.0000 45.6091
v  47.6314 3.3333 45.3813
v  47.5323 10.0000 46.2119
v  47.5918 6.6667 45.8100
v  47.5323 0.0000 46.2119
v  47.5621 3.3333 46.0109
v  47.3837 10.0000 46.7343
v  47.4828 6.6667 46.3860
v  47.3837 0.0000 46.7343
v  47.4333 3.3333 46.5602
v  47.1757 10.0000 47.1764
v  47.3144 6.6667 46.8817
v  47.1757 0.0000 47.1764
v  47.2450 3.3333 47.0290
v  46.9082 10.0000 47.5381
v  47.0865 6.6667 47.2969
v  46.9082 0.0000 47.5381
v  46.9974 3.3333 47.4175
v  46.5813 10.0000 47.8194
v  46.7992 6.6667 47.6318
v  46.5813 0.0000 47.8194
v  46.6902 3.3333 47.7256
v  46.1949 10.0000 48.0203
v  46.4525 6.6667 47.8864
v  46.1949 0.0000 48.0203
v  46.3237 3.3333 47.9533
v  45.7491 10.0000 48.1409
v  46.0463 6.6667 48.0605
v  45.7491 0.0000 48.1409
v  45.8977 3.3333 48.1007
v  45.2438 10.0000 48.1811
v  45.5807 6.6667 48.1543
v  45.2438 0.0000 48.1811
v  45.4122 3.3333 48.1677
v  44.5664 10.0000 48.1119
v  45.0180 6.6667 48.1580
v  44.5664 0.0000 48.1119
v  44.7922 3.3333 48.1349
v  43.9687 10.0000 47.9043
v  44.3672 6.6667 48.0427
v  43.9687 0.0000 47.9043
v  44.1680 3.3333 47.9735
v  43.4507 10.0000 47.5583
v  43.7961 6.6667 47.7890
v  43.4507 0.0000 47.5583
v  43.6234 3.3333 47.6736
v  43.0124 10.0000 47.0739
v  43.3046 6.6667 47.3969
v  43.0124 0.0000 47.0739
v  43.1585 3.3333 47.2354
v  42.6538 10.0000 46.4512
v  42.8929 6.6667 46.8664
v  42.6538 0.0000 46.4512
v  42.7734 3.3333 46.6588
v  42.3749 10.0000 45.6901
v  42.5608 6.6667 46.1975
v  42.3749 0.0000 45.6901
v  42.4679 3.3333 45.9438
v  42.1757 10.0000 44.7905
v  42.3085 6.6667 45.3902
v  42.1757 0.0000 44.7905
v  42.2421 3.3333 45.0904
v  42.0561 10.0000 43.7526
v  42.1358 6.6667 44.4446
v  42.0561 0.0000 43.7526
v  42.0960 3.3333 44.0986
v  42.0163 10.0000 42.5763
v  42.0428 6.6667 43.3605
v  42.0163 0.0000 42.5763
v  42.0296 3.3333 42.9684
v  42.0351 10.0000 42.1483
v  42.0226 6.6667 42.4336
v  42.0351 0.0000 42.1483
v  42.0288 3.3333 42.2910
v  42.0916 10.0000 41.7218
v  42.0540 6.6667 42.0061
v  42.0916 0.0000 41.7218
v  42.0728 3.3333 41.8640
v  42.1858 10.0000 41.2968
v  42.1230 6.6667 41.5802
v  42.1858 0.0000 41.2968
v  42.1544 3.3333 41.4385
v  42.3177 10.0000 40.8734
v  42.2298 6.6667 41.1557
v  42.3177 0.0000 40.8734
v  42.2737 3.3333 41.0145
v  42.4872 10.0000 40.4515
v  42.3742 6.6667 40.7328
v  42.4872 0.0000 40.4515
v  42.4307 3.3333 40.5921
v  42.6944 10.0000 40.0311
v  42.5563 6.6667 40.3113
v  42.6944 0.0000 40.0311
v  42.6253 3.3333 40.1712
v  42.9393 10.0000 39.6122
v  42.7760 6.6667 39.8914
v  42.9393 0.0000 39.6122
v  42.8576 3.3333 39.7518
v  43.2218 10.0000 39.1948
v  43.0334 6.6667 39.4731
v  43.2218 0.0000 39.1948
v  43.1276 3.3333 39.3340
v  43.5420 10.0000 38.7790
v  43.3285 6.6667 39.0562
v  43.5420 0.0000 38.7790
v  43.4353 3.3333 38.9176
v  43.8941 10.0000 38.3870
v  43.6594 6.6667 38.6483
v  43.8941 0.0000 38.3870
v  43.7767 3.3333 38.5177
v  44.2723 10.0000 38.0411
v  44.0202 6.6667 38.2717
v  44.2723 0.0000 38.0411
v  44.1463 3.3333 38.1564
v  44.6767 10.0000 37.7413
v  44.4071 6.6667 37.9412
v  44.6767 0.0000 37.7413
v  44.5419 3.3333 37.8412
v  45.1071 10.0000 37.4877
v  44.8202 6.6667 37.6568
v  45.1071 0.0000 37.4877
v  44.9636 3.3333 37.5722
v  45.5637 10.0000 37.2801
v  45.2593 6.6667 37.4185
v  45.5637 0.0000 37.2801
v  45.4115 3.3333 37.3493
v  46.0464 10.0000 37.1187
v  45.7246 6.6667 37.2263
v  46.0464 0.0000 37.1187
v  45.8855 3.3333 37.1725
v  46.5552 10.0000 37.0034
v  46.2160 6.6667 37.0803
v  46.5552 0.0000 37.0034
v  46.3856 3.3333 37.0418
v  47.0902 10.0000 36.9342
v  46.7336 6.6667 36.9804
v  47.0902 0.0000 36.9342
v  46.9119 3.3333 36.9573
v  47.6512 10.0000 36.9112
v  47.2772 6.6667 36.9265
v  47.6512 0.0000 36.9112
v  47.4642 3.3333 36.9189
v  47.6512 6.6667 39.5827
v  47.6512 3.3333 42.2543
v  32.1566 0.0000 13.5680
v  31.8919 0.0000 14.8691
v  31.4931 0.0000 15.0026
v  31.1512 0.0000 15.2028
v  30.8663 0.0000 15.4698
v  30.6384 0.0000 15.8036
v  30.4675 0.0000 16.2041
v  30.3535 0.0000 16.6714
v  30.2965 0.0000 17.2054
v  74.5916 0.0000 17.2786
v  77.8653 0.0000 31.2569
v  74.5902 0.0000 43.9569
v  74.5843 0.0000 44.2116
v  74.5725 0.0000 44.4444
v  74.5549 0.0000 44.6555
v  74.5314 0.0000 44.8447
v  74.5020 0.0000 45.0122
v  74.4667 0.0000 45.1578
v  77.7628 0.0000 46.4712
v  74.3951 0.0000 45.8169
v  77.6192 0.0000 47.5353
v  74.2569 0.0000 46.3912
v  77.3509 0.0000 48.4626
v  76.9861 0.0000 49.2184
v  76.4996 0.0000 49.8483
v  75.8915 0.0000 50.3521
v  75.1618 0.0000 50.7300
v  74.3105 0.0000 50.9819
v  73.3375 0.0000 51.1079
v  71.7708 0.0000 48.0804
v  72.5481 0.0000 51.2322
v  72.2400 0.0000 51.2010
v  71.9266 0.0000 51.1386
v  71.6077 0.0000 51.0449
v  71.2834 0.0000 50.9200
v  70.9536 0.0000 50.7639
v  70.6185 0.0000 50.5766
v  70.2779 0.0000 50.3580
v  69.9319 0.0000 50.1082
v  69.5604 0.0000 49.8081
v  69.1234 0.0000 49.4194
v  68.6008 0.0000 48.9230
v  67.9928 0.0000 48.3189
v  66.6873 0.0000 44.1821
v  64.8523 0.0000 45.2332
v  64.0731 0.0000 44.4136
v  63.2083 0.0000 43.4864
v  62.2580 0.0000 42.4515
v  61.2222 0.0000 41.3088
v  60.0422 0.0000 40.0171
v  59.4016 0.0000 36.8760
v  51.2469 0.0000 29.3619
v  47.4642 0.0000 35.0942
v  47.0967 0.0000 33.2827
v  46.7313 0.0000 35.1381
v  46.2002 0.0000 33.3584
v  46.0328 0.0000 35.2391
v  45.3463 0.0000 33.5021
v  45.3687 0.0000 35.3971
v  44.5351 0.0000 33.7138
v  44.7389 0.0000 35.6122
v  43.7665 0.0000 33.9935
v  44.1435 0.0000 35.8843
v  43.0405 0.0000 34.3412
v  43.5824 0.0000 36.2136
v  42.3571 0.0000 34.7569
v  41.8425 0.0000 35.1253
v  42.8069 0.0000 36.7972
v  41.2356 0.0000 35.6617
v  42.3316 0.0000 37.2669
v  40.6754 0.0000 36.2613
v  41.8964 0.0000 37.7814
v  40.1714 0.0000 36.9074
v  41.5093 0.0000 38.3213
v  39.7297 0.0000 37.5877
v  41.1722 0.0000 38.8791
v  39.3502 0.0000 38.3022
v  40.8849 0.0000 39.4547
v  39.0329 0.0000 39.0510
v  40.6477 0.0000 40.0483
v  40.5472 0.0000 40.3301
v  38.7338 0.0000 39.9752
v  40.3850 0.0000 40.9425
v  38.5535 0.0000 40.7930
v  40.2727 0.0000 41.5728
v  38.4353 0.0000 41.6451
v  40.2103 0.0000 42.2211
v  38.3794 0.0000 42.5315
v  40.2049 0.0000 43.1361
v  38.3926 0.0000 43.6504
v  38.4417 0.0000 44.3310
v  40.3072 0.0000 44.5547
v  38.5799 0.0000 45.3322
v  40.4749 0.0000 45.5219
v  38.7937 0.0000 46.2620
v  38.9903 0.0000 46.8667
v  40.8309 0.0000 46.6801
v  39.3291 0.0000 47.6997
v  39.6240 0.0000 48.2538
v  41.3383 0.0000 47.6954
v  40.0876 0.0000 48.9901
v  41.7883 0.0000 48.3225
v  40.6269 0.0000 49.6550
v  41.0643 0.0000 50.1262
v  42.5445 0.0000 49.0705
v  41.7086 0.0000 50.6666
v  42.2096 0.0000 51.0385
v  43.4173 0.0000 49.6269
v  42.9390 0.0000 51.4264
v  43.4985 0.0000 51.6921
v  44.4018 0.0000 49.9848
v  44.3130 0.0000 51.9276
v  44.9310 0.0000 52.0870
v  45.4140 0.0000 50.1539
v  45.7468 0.0000 52.1799
v  46.0620 0.0000 50.1401
v  46.5720 0.0000 52.1928
v  46.6850 0.0000 50.0462
v  47.7595 0.0000 52.1017
v  47.6359 0.0000 49.8480
v  49.2108 0.0000 51.8581
v  48.4633 0.0000 49.5214
v  50.4745 0.0000 51.4380
v  49.1671 0.0000 49.0662
v  51.5505 0.0000 50.8413
v  52.3895 0.0000 50.2422
v  50.1249 0.0000 48.1456
v  53.1102 0.0000 49.3192
v  53.6136 0.0000 48.4205
v  50.7075 0.0000 46.8719
v  53.9789 0.0000 47.1712
v  50.8730 0.0000 45.8816
v  54.1566 0.0000 45.7452
v  54.1985 0.0000 43.3704
v  54.1985 0.0000 39.1844
v  54.1985 0.0000 34.2153
v  54.2025 0.0000 31.5574
v  54.2184 0.0000 31.2692
v  54.2502 0.0000 30.9503
v  54.2979 0.0000 30.6007
v  54.3615 0.0000 30.2205
v  54.4410 0.0000 29.8095
v  54.5364 0.0000 29.3679
v  54.6477 0.0000 28.8956
v  54.7749 0.0000 28.3926
v  51.2469 0.0000 33.8581
v  51.2469 0.0000 25.3243
v  51.2534 0.0000 22.9948
v  51.2796 0.0000 22.7498
v  51.3319 0.0000 22.4812
v  51.4104 0.0000 22.1889
v  51.5151 0.0000 21.8729
v  51.6460 0.0000 21.5333
v  51.8030 0.0000 21.1701
v  51.9862 0.0000 20.7832
v  52.1955 0.0000 20.3727
v  52.4095 0.0000 19.9650
v  52.6030 0.0000 19.5773
v  52.7723 0.0000 19.2005
v  52.9174 0.0000 18.8344
v  53.0383 0.0000 18.4790
v  55.8330 0.0000 18.7627
v  53.2026 0.0000 17.8765
v  56.0025 0.0000 18.0950
v  53.3348 0.0000 17.3026
v  56.1441 0.0000 17.4684
v  53.4348 0.0000 16.7573
v  56.2576 0.0000 16.8827
v  53.5027 0.0000 16.2405
v  56.3432 0.0000 16.3380
v  56.4068 0.0000 15.9824
v  53.5657 0.0000 15.5181
v  56.4478 0.0000 15.4491
v  56.4796 0.0000 15.1647
v  56.4955 0.0000 14.9159
v  56.4900 0.0000 14.4779
v  53.5653 0.0000 14.3942
v  56.4320 0.0000 13.6577
v  53.4835 0.0000 13.7334
v  56.3227 0.0000 12.8888
v  56.2088 0.0000 12.3093
v  53.2896 0.0000 12.8527
v  56.0103 0.0000 11.6179
v  55.8204 0.0000 11.0907
v  55.5926 0.0000 10.5896
v  52.8697 0.0000 11.8306
v  55.2668 0.0000 10.0019
v  54.9630 0.0000 9.5533
v  54.6247 0.0000 9.1360
v  52.2557 0.0000 10.9818
v  54.1857 0.0000 8.6727
v  53.7960 0.0000 8.3441
v  53.3823 0.0000 8.0625
v  52.9446 0.0000 7.8278
v  52.4830 0.0000 7.6401
v  51.0315 0.0000 10.1858
v  51.9107 0.0000 7.4365
v  51.4012 0.0000 7.3427
v  50.8676 0.0000 7.2957
v  50.2796 0.0000 7.3016
v  49.7473 0.0000 9.9974
v  49.5663 0.0000 7.3343
v  48.9868 0.0000 7.4750
v  48.4413 0.0000 7.6861
v  48.6903 0.0000 10.2111
v  47.8165 0.0000 7.9549
v  47.3389 0.0000 8.3067
v  47.8920 0.0000 10.5635
v  46.6880 0.0000 8.7421
v  46.2783 0.0000 9.2346
v  47.0712 0.0000 11.1090
v  45.6987 0.0000 9.8371
v  46.4876 0.0000 11.5140
v  46.0903 0.0000 11.6731
v  45.7000 0.0000 11.8851
v  43.8283 0.0000 15.2347
v  44.1908 0.0000 14.8107
v  43.5645 0.0000 14.3575
v  44.3324 0.0000 14.1216
v  44.7088 0.0000 13.8036
v  43.4763 0.0000 13.4458
v  42.9938 0.0000 12.9370
v  43.8384 0.0000 11.5591
v  41.9155 0.0000 10.9231
v  42.7524 0.0000 9.4794
v  42.2390 0.0000 8.9165
v  40.8839 0.0000 10.0210
v  41.4491 0.0000 8.2756
v  40.0816 0.0000 9.5379
v  40.6375 0.0000 7.7475
v  40.0855 0.0000 7.3957
v  38.9756 0.0000 9.0166
v  39.2392 0.0000 7.0507
v  38.6614 0.0000 6.8397
v  37.8261 0.0000 8.7207
v  37.7804 0.0000 6.6778
v  37.1769 0.0000 6.6074
v  36.7086 0.0000 8.6424
v  36.2985 0.0000 6.6221
v  35.6145 0.0000 6.6982
v  35.6035 0.0000 8.7715
v  34.7639 0.0000 6.8902
v  34.9162 0.0000 8.9726
v  33.9704 0.0000 7.1848
v  33.3787 0.0000 7.4892
v  34.0087 0.0000 9.4361
v  32.6731 0.0000 7.9625
v  32.1431 0.0000 8.4192
v  33.2155 0.0000 10.1048
v  31.5254 0.0000 9.0712
v  32.7630 0.0000 10.6552
v  30.9648 0.0000 9.8258
v  32.3786 0.0000 11.2967
v  32.2733 0.0000 11.6677
v  32.2207 0.0000 12.0917
v  33.9355 0.0000 16.3737
v  34.4198 0.0000 16.3732
v  34.8151 0.0000 15.1710
v  35.4621 0.0000 16.4701
v  36.1325 0.0000 15.3477
v  36.3783 0.0000 16.6957
v  37.2835 0.0000 15.6851
v  37.1686 0.0000 17.0503
v  38.2681 0.0000 16.1830
v  37.8329 0.0000 17.5337
v  39.0862 0.0000 16.8416
v  38.3713 0.0000 18.1460
v  39.7378 0.0000 17.6607
v  38.7837 0.0000 18.8871
v  40.2229 0.0000 18.6404
v  39.0701 0.0000 19.7571
v  40.5416 0.0000 19.7807
v  39.2306 0.0000 20.7560
v  40.6938 0.0000 21.0815
v  39.2651 0.0000 21.8640
v  40.6824 0.0000 22.4845
v  39.1765 0.0000 22.9762
v  40.5131 0.0000 23.8119
v  38.9676 0.0000 23.9535
v  40.1888 0.0000 24.9712
v  38.6385 0.0000 24.7960
v  39.7095 0.0000 25.9625
v  38.1891 0.0000 25.5037
v  39.0751 0.0000 26.7858
v  37.6195 0.0000 26.0765
v  38.2857 0.0000 27.4410
v  37.5264 0.0000 27.8435
v  36.5183 0.0000 26.6823
v  36.4554 0.0000 28.1965
v  35.6449 0.0000 26.9184
v  35.1891 0.0000 26.9861
v  34.9872 0.0000 28.3984
v  34.1670 0.0000 27.0202
v  33.6187 0.0000 28.3740
v  33.1226 0.0000 26.9129
v  32.2973 0.0000 28.1586
v  32.2045 0.0000 26.6568
v  31.1428 0.0000 27.7443
v  31.4126 0.0000 26.2520
v  30.1552 0.0000 27.1311
v  30.7469 0.0000 25.6984
v  29.3347 0.0000 26.3189
v  30.2074 0.0000 24.9960
v  28.6811 0.0000 25.3078
v  29.7942 0.0000 24.1448
v  28.1944 0.0000 24.0978
v  29.5071 0.0000 23.1448
v  29.4501 0.0000 22.6188
v  27.8605 0.0000 22.4094
v  27.7220 0.0000 21.0810
v  27.6996 0.0000 19.9406
v  27.7482 0.0000 19.0820
v  27.8455 0.0000 18.2451
v  27.9914 0.0000 17.4300
v  28.1859 0.0000 16.6365
v  28.4291 0.0000 15.8647
v  28.7209 0.0000 15.1146
v  29.0614 0.0000 14.3862
v  29.4505 0.0000 13.6795
v  43.8283 10.0000 15.2347
v  44.1908 10.0000 14.8107
v  43.5645 10.0000 14.3575
v  44.3324 10.0000 14.1216
v  44.7088 10.0000 13.8036
v  43.4763 10.0000 13.4458
v  42.9938 10.0000 12.9370
v  47.4642 10.0000 35.0942
v  47.0967 10.0000 33.2827
v  46.7313 10.0000 35.1381
v  46.2002 10.0000 33.3584
v  46.0328 10.0000 35.2391
v  45.3463 10.0000 33.5021
v  45.3687 10.0000 35.3971
v  44.5351 10.0000 33.7138
v  44.7389 10.0000 35.6122
v  43.7665 10.0000 33.9935
v  44.1435 10.0000 35.8843
v  43.0405 10.0000 34.3412
v  43.5824 10.0000 36.2136
v  42.3571 10.0000 34.7569
v  41.8425 10.0000 35.1253
v  42.8069 10.0000 36.7972
v  41.2356 10.0000 35.6617
v  42.3316 10.0000 37.2669
v  40.6754 10.0000 36.2613
v  41.8964 10.0000 37.7814
v  40.1714 10.0000 36.9074
v  41.5093 10.0000 38.3213
v  39.7297 10.0000 37.5877
v  41.1722 10.0000 38.8791
v  39.3502 10.0000 38.3022
v  40.8849 10.0000 39.4547
v  39.0329 10.0000 39.0510
v  40.6477 10.0000 40.0483
v  40.5472 10.0000 40.3301
v  38.7338 10.0000 39.9752
v  40.3850 10.0000 40.9425
v  38.5535 10.0000 40.7930
v  40.2727 10.0000 41.5728
v  38.4353 10.0000 41.6451
v  40.2103 10.0000 42.2211
v  38.3794 10.0000 42.5314
v  40.2049 10.0000 43.1361
v  38.3926 10.0000 43.6504
v  38.4417 10.0000 44.3310
v  40.3072 10.0000 44.5548
v  38.5799 10.0000 45.3322
v  40.4749 10.0000 45.5219
v  38.7937 10.0000 46.2620
v  38.9903 10.0000 46.8667
v  40.8309 10.0000 46.6801
v  39.3291 10.0000 47.6997
v  39.6240 10.0000 48.2538
v  41.3383 10.0000 47.6954
v  40.0876 10.0000 48.9901
v  41.7883 10.0000 48.3225
v  40.6269 10.0000 49.6550
v  41.0643 10.0000 50.1262
v  42.5445 10.0000 49.0705
v  41.7086 10.0000 50.6666
v  42.2096 10.0000 51.0385
v  43.4173 10.0000 49.6269
v  42.9390 10.0000 51.4264
v  43.4985 10.0000 51.6921
v  44.4018 10.0000 49.9848
v  44.3130 10.0000 51.9276
v  44.9310 10.0000 52.0870
v  45.4140 10.0000 50.1539
v  45.7468 10.0000 52.1799
v  46.0620 10.0000 50.1401
v  46.5720 10.0000 52.1928
v  46.6850 10.0000 50.0462
v  47.7595 10.0000 52.1017
v  47.6359 10.0000 49.8480
v  49.2108 10.0000 51.8581
v  48.4633 10.0000 49.5214
v  50.4745 10.0000 51.4380
v  49.1671 10.0000 49.0662
v  51.5506 10.0000 50.8413
v  52.3895 10.0000 50.2422
v  50.1249 10.0000 48.1456
v  53.1102 10.0000 49.3192
v  53.6136 10.0000 48.4205
v  50.7075 10.0000 46.8719
v  53.9789 10.0000 47.1712
v  50.8730 10.0000 45.8816
v  54.1566 10.0000 45.7452
v  54.1985 10.0000 43.3704
v  74.5916 10.0000 17.2786
v  77.8653 10.0000 31.2569
v  74.5902 10.0000 43.9568
v  74.5843 10.0000 44.2116
v  74.5725 10.0000 44.4444
v  74.5549 10.0000 44.6555
v  74.5314 10.0000 44.8447
v  74.5020 10.0000 45.0122
v  74.4667 10.0000 45.1578
v  77.7628 10.0000 46.4712
v  74.3951 10.0000 45.8169
v  77.6192 10.0000 47.5353
v  74.2569 10.0000 46.3912
v  77.3509 10.0000 48.4626
v  76.9861 10.0000 49.2184
v  76.4996 10.0000 49.8483
v  75.8915 10.0000 50.3521
v  75.1618 10.0000 50.7300
v  74.3105 10.0000 50.9819
v  73.3375 10.0000 51.1079
v  71.7708 10.0000 48.0804
v  72.5481 10.0000 51.2322
v  72.2400 10.0000 51.2010
v  71.9266 10.0000 51.1386
v  71.6077 10.0000 51.0449
v  71.2834 10.0000 50.9200
v  70.9536 10.0000 50.7639
v  70.6185 10.0000 50.5766
v  70.2779 10.0000 50.3580
v  69.9319 10.0000 50.1082
v  69.5604 10.0000 49.8081
v  69.1234 10.0000 49.4194
v  68.6009 10.0000 48.9230
v  67.9928 10.0000 48.3189
v  66.6873 10.0000 44.1821
v  64.8523 10.0000 45.2332
v  64.0731 10.0000 44.4136
v  63.2083 10.0000 43.4864
v  62.2580 10.0000 42.4515
v  61.2222 10.0000 41.3088
v  60.0422 10.0000 40.0171
v  59.4016 10.0000 36.8760
v  54.1985 10.0000 39.1844
v  54.1985 10.0000 34.2153
v  54.2025 10.0000 31.5574
v  54.2184 10.0000 31.2692
v  54.2502 10.0000 30.9503
v  54.2979 10.0000 30.6007
v  54.3615 10.0000 30.2205
v  54.4410 10.0000 29.8095
v  54.5364 10.0000 29.3679
v  54.6477 10.0000 28.8956
v  54.7749 10.0000 28.3926
v  51.2469 10.0000 33.8581
v  51.2469 10.0000 29.3619
v  51.2469 10.0000 25.3243
v  51.2534 10.0000 22.9948
v  51.2796 10.0000 22.7498
v  51.3319 10.0000 22.4812
v  51.4104 10.0000 22.1889
v  51.5151 10.0000 21.8729
v  51.6460 10.0000 21.5333
v  51.8030 10.0000 21.1701
v  51.9862 10.0000 20.7832
v  52.1955 10.0000 20.3727
v  52.4095 10.0000 19.9650
v  52.6030 10.0000 19.5773
v  52.7723 10.0000 19.2005
v  52.9174 10.0000 18.8344
v  53.0383 10.0000 18.4790
v  55.8330 10.0000 18.7627
v  53.2026 10.0000 17.8765
v  56.0025 10.0000 18.0950
v  53.3348 10.0000 17.3026
v  56.1441 10.0000 17.4684
v  53.4348 10.0000 16.7573
v  56.2576 10.0000 16.8827
v  53.5027 10.0000 16.2405
v  56.3432 10.0000 16.3380
v  56.4068 10.0000 15.9824
v  53.5657 10.0000 15.5181
v  56.4478 10.0000 15.4491
v  56.4796 10.0000 15.1647
v  56.4955 10.0000 14.9159
v  56.4900 10.0000 14.4779
v  53.5653 10.0000 14.3942
v  56.4320 10.0000 13.6577
v  53.4835 10.0000 13.7334
v  56.3227 10.0000 12.8888
v  56.2088 10.0000 12.3093
v  53.2896 10.0000 12.8527
v  56.0103 10.0000 11.6179
v  55.8204 10.0000 11.0907
v  55.5926 10.0000 10.5896
v  52.8697 10.0000 11.8306
v  55.2668 10.0000 10.0019
v  54.9630 10.0000 9.5533
v  54.6247 10.0000 9.1360
v  52.2557 10.0000 10.9818
v  54.1857 10.0000 8.6727
v  53.7960 10.0000 8.3441
v  53.3823 10.0000 8.0625
v  52.9446 10.0000 7.8278
v  52.4830 10.0000 7.6401
v  51.0315 10.0000 10.1858
v  51.9107 10.0000 7.4365
v  51.4012 10.0000 7.3427
v  50.8676 10.0000 7.2957
v  50.2796 10.0000 7.3016
v  49.7473 10.0000 9.9974
v  49.5663 10.0000 7.3343
v  48.9868 10.0000 7.4750
v  48.4413 10.0000 7.6861
v  48.6903 10.0000 10.2111
v  47.8165 10.0000 7.9549
v  47.3389 10.0000 8.3067
v  47.8920 10.0000 10.5635
v  46.6880 10.0000 8.7421
v  46.2783 10.0000 9.2346
v  47.0712 10.0000 11.1090
v  45.6987 10.0000 9.8371
v  46.4876 10.0000 11.5140
v  46.0903 10.0000 11.6731
v  45.7000 10.0000 11.8851
v  43.8384 10.0000 11.5591
v  41.9155 10.0000 10.9231
v  42.7524 10.0000 9.4794
v  42.2390 10.0000 8.9165
v  40.8839 10.0000 10.0210
v  41.4491 10.0000 8.2756
v  40.0816 10.0000 9.5379
v  40.6375 10.0000 7.7475
v  40.0855 10.0000 7.3957
v  38.9756 10.0000 9.0166
v  39.2392 10.0000 7.0507
v  38.6614 10.0000 6.8397
v  37.8261 10.0000 8.7207
v  37.7804 10.0000 6.6778
v  37.1769 10.0000 6.6074
v  36.7086 10.0000 8.6424
v  36.2985 10.0000 6.6221
v  35.6145 10.0000 6.6982
v  35.6035 10.0000 8.7715
v  34.7639 10.0000 6.8902
v  34.9162 10.0000 8.9726
v  33.9704 10.0000 7.1848
v  33.3787 10.0000 7.4892
v  34.0087 10.0000 9.4361
v  32.6731 10.0000 7.9625
v  32.1431 10.0000 8.4192
v  33.2155 10.0000 10.1048
v  31.5254 10.0000 9.0712
v  32.7630 10.0000 10.6552
v  30.9648 10.0000 9.8258
v  32.3786 10.0000 11.2967
v  32.2733 10.0000 11.6677
v  32.2207 10.0000 12.0917
v  32.1566 10.0000 13.5680
v  33.9355 10.0000 16.3737
v  34.4198 10.0000 16.3732
v  34.8151 10.0000 15.1710
v  35.4621 10.0000 16.4701
v  36.1325 10.0000 15.3477
v  36.3783 10.0000 16.6957
v  37.2835 10.0000 15.6851
v  37.1686 10.0000 17.0503
v  38.2681 10.0000 16.1831
v  37.8329 10.0000 17.5337
v  39.0862 10.0000 16.8416
v  38.3713 10.0000 18.1460
v  39.7378 10.0000 17.6607
v  38.7837 10.0000 18.8871
v  40.2229 10.0000 18.6404
v  39.0701 10.0000 19.7571
v  40.5416 10.0000 19.7807
v  39.2306 10.0000 20.7560
v  40.6938 10.0000 21.0815
v  39.2651 10.0000 21.8640
v  40.6824 10.0000 22.4845
v  39.1765 10.0000 22.9762
v  40.5131 10.0000 23.8119
v  38.9676 10.0000 23.9535
v  40.1888 10.0000 24.9712
v  38.6385 10.0000 24.7960
v  39.7095 10.0000 25.9625
v  38.1891 10.0000 25.5037
v  39.0751 10.0000 26.7858
v  37.6195 10.0000 26.0765
v  38.2857 10.0000 27.4410
v  37.5264 10.0000 27.8435
v  36.5183 10.0000 26.6823
v  36.4554 10.0000 28.1965
v  35.6449 10.0000 26.9184
v  35.1891 10.0000 26.9861
v  34.9872 10.0000 28.3984
v  34.1670 10.0000 27.0202
v  33.6187 10.0000 28.3740
v  33.1226 10.0000 26.9129
v  32.2973 10.0000 28.1586
v  32.2045 10.0000 26.6568
v  31.1428 10.0000 27.7443
v  31.4126 10.0000 26.2520
v  30.1552 10.0000 27.1311
v  30.7469 10.0000 25.6984
v  29.3347 10.0000 26.3189
v  30.2074 10.0000 24.9960
v  28.6811 10.0000 25.3078
v  29.7942 10.0000 24.1448
v  28.1944 10.0000 24.0978
v  29.5071 10.0000 23.1448
v  29.4501 10.0000 22.6188
v  27.8605 10.0000 22.4094
v  27.7220 10.0000 21.0810
v  27.6996 10.0000 19.9406
v  27.7482 10.0000 19.0820
v  27.8455 10.0000 18.2451
v  27.9914 10.0000 17.4300
v  28.1859 10.0000 16.6365
v  28.4291 10.0000 15.8647
v  28.7209 10.0000 15.1146
v  29.0614 10.0000 14.3862
v  29.4505 10.0000 13.6795
v  30.2965 10.0000 17.2054
v  30.3535 10.0000 16.6714
v  30.4675 10.0000 16.2041
v  30.6384 10.0000 15.8036
v  30.8663 10.0000 15.4698
v  31.1512 10.0000 15.2028
v  31.4931 10.0000 15.0026
v  31.8919 10.0000 14.8691
# 1906 vertices

vn 0.6992 0.7116 0.0690
vn 0.7005 0.7127 0.0377
vn 0.9969 0.0000 0.0783
vn 0.7005 -0.7127 0.0377
vn 0.6992 -0.7116 0.0690
vn 0.9969 -0.0000 0.0783
vn 0.6970 0.7108 0.0946
vn 0.9930 -0.0000 0.1181
vn 0.6970 -0.7108 0.0946
vn 0.9930 0.0000 0.1181
vn 0.6944 0.7102 0.1157
vn 0.9886 -0.0000 0.1508
vn 0.6944 -0.7102 0.1157
vn 0.9886 0.0000 0.1508
vn 0.6917 0.7097 0.1335
vn 0.9840 -0.0000 0.1780
vn 0.6917 -0.7097 0.1335
vn 0.9840 0.0000 0.1780
vn 0.6890 0.7094 0.1486
vn 0.9796 -0.0000 0.2009
vn 0.6890 -0.7094 0.1486
vn 0.9796 0.0000 0.2009
vn 0.6864 0.7091 0.1615
vn 0.9754 -0.0000 0.2206
vn 0.6864 -0.7091 0.1615
vn 0.9754 0.0000 0.2206
vn 0.6839 0.7088 0.1728
vn 0.9714 -0.0000 0.2376
vn 0.6839 -0.7088 0.1728
vn 0.9714 0.0000 0.2376
vn 0.6840 0.7072 0.1788
vn 0.9676 -0.0000 0.2523
vn 0.6840 -0.7072 0.1788
vn 0.9676 0.0000 0.2523
vn 0.6866 0.7057 0.1752
vn 0.9674 -0.0000 0.2534
vn 0.6866 -0.7057 0.1752
vn 0.9674 0.0000 0.2534
vn 0.6892 0.7054 0.1657
vn 0.9705 -0.0000 0.2410
vn 0.6892 -0.7054 0.1657
vn 0.9705 0.0000 0.2410
vn 0.6921 0.7051 0.1544
vn 0.9740 -0.0000 0.2264
vn 0.6921 -0.7051 0.1544
vn 0.9740 0.0000 0.2264
vn 0.6953 0.7047 0.1409
vn 0.9779 -0.0000 0.2091
vn 0.6953 -0.7047 0.1409
vn 0.9779 0.0000 0.2091
vn 0.6990 0.7042 0.1245
vn 0.9821 -0.0000 0.1882
vn 0.6990 -0.7042 0.1245
vn 0.9821 0.0000 0.1882
vn 0.7030 0.7035 0.1041
vn 0.9867 -0.0000 0.1625
vn 0.7031 -0.7035 0.1041
vn 0.9867 0.0000 0.1625
vn 0.7074 0.7025 0.0781
vn 0.9915 -0.0000 0.1305
vn 0.7074 -0.7025 0.0781
vn 0.9915 0.0000 0.1305
vn 0.7118 0.7010 0.0441
vn 0.9960 -0.0000 0.0891
vn 0.7118 -0.7010 0.0441
vn 0.9960 0.0000 0.0891
vn 0.7141 0.7000 0.0018
vn 0.9994 -0.0000 0.0344
vn 0.7141 -0.7000 0.0018
vn 0.9994 0.0000 0.0344
vn 0.7127 0.7002 -0.0432
vn 0.9996 -0.0000 -0.0294
vn 0.7127 -0.7002 -0.0432
vn 0.9996 0.0000 -0.0294
vn 0.7089 0.6996 -0.0893
vn 0.9958 -0.0000 -0.0916
vn 0.7089 -0.6996 -0.0893
vn 0.9958 0.0000 -0.0916
vn 0.7015 0.6991 -0.1383
vn 0.9874 -0.0000 -0.1582
vn 0.7015 -0.6991 -0.1383
vn 0.9874 0.0000 -0.1582
vn 0.6898 0.6987 -0.1897
vn 0.9736 0.0000 -0.2284
vn 0.6898 -0.6987 -0.1897
vn 0.9736 -0.0000 -0.2284
vn 0.6734 0.6983 -0.2428
vn 0.9535 -0.0000 -0.3015
vn 0.6734 -0.6983 -0.2428
vn 0.9535 0.0000 -0.3015
vn 0.6518 0.6979 -0.2967
vn 0.9265 -0.0000 -0.3764
vn 0.6518 -0.6979 -0.2967
vn 0.6250 0.6977 -0.3500
vn 0.8923 -0.0000 -0.4514
vn 0.6250 -0.6977 -0.3500
vn 0.8923 0.0000 -0.4514
vn 0.5932 0.6977 -0.4017
vn 0.8511 -0.0000 -0.5250
vn 0.5932 -0.6977 -0.4017
vn 0.8511 0.0000 -0.5250
vn 0.5566 0.6974 -0.4515
vn 0.8034 -0.0000 -0.5954
vn 0.5566 -0.6974 -0.4515
vn 0.8034 0.0000 -0.5954
vn 0.5136 0.6966 -0.5010
vn 0.7482 -0.0000 -0.6634
vn 0.5136 -0.6966 -0.5010
vn 0.7482 0.0000 -0.6634
vn 0.4625 0.6960 -0.5493
vn 0.6818 -0.0000 -0.7315
vn 0.4625 -0.6960 -0.5493
vn 0.6818 0.0000 -0.7315
vn 0.4041 0.6955 -0.5941
vn 0.6048 0.0000 -0.7963
vn 0.4041 -0.6955 -0.5941
vn 0.6048 -0.0000 -0.7963
vn 0.3396 0.6954 -0.6334
vn 0.5186 0.0000 -0.8550
vn 0.3396 -0.6954 -0.6334
vn 0.5186 -0.0000 -0.8550
vn 0.2709 0.6955 -0.6656
vn 0.4252 -0.0000 -0.9051
vn 0.2709 -0.6955 -0.6656
vn 0.4252 0.0000 -0.9051
vn 0.2004 0.6958 -0.6897
vn 0.3277 -0.0000 -0.9448
vn 0.2004 -0.6958 -0.6897
vn 0.3277 0.0000 -0.9448
vn 0.1305 0.6963 -0.7058
vn 0.2295 0.0000 -0.9733
vn 0.1305 -0.6963 -0.7058
vn 0.2295 -0.0000 -0.9733
vn 0.0634 0.6970 -0.7143
vn 0.1338 0.0000 -0.9910
vn 0.0634 -0.6970 -0.7143
vn 0.1338 -0.0000 -0.9910
vn -0.0046 0.6962 -0.7179
vn 0.0430 0.0000 -0.9991
vn -0.0046 -0.6962 -0.7179
vn -0.0829 0.6939 -0.7153
vn -0.0557 0.0000 -0.9984
vn -0.0829 -0.6939 -0.7153
vn -0.0557 -0.0000 -0.9984
vn -0.1707 0.6930 -0.7004
vn -0.1742 0.0000 -0.9847
vn -0.1707 -0.6930 -0.7004
vn -0.1742 -0.0000 -0.9847
vn -0.2606 0.6925 -0.6728
vn -0.2985 0.0000 -0.9544
vn -0.2606 -0.6925 -0.6728
vn -0.2985 -0.0000 -0.9544
vn -0.3476 0.6924 -0.6322
vn -0.4223 -0.0000 -0.9064
vn -0.3476 -0.6924 -0.6322
vn -0.4223 0.0000 -0.9064
vn -0.4272 0.6929 -0.5809
vn -0.5392 0.0000 -0.8422
vn -0.4272 -0.6929 -0.5809
vn -0.5392 -0.0000 -0.8422
vn -0.4959 0.6937 -0.5224
vn -0.6432 0.0000 -0.7657
vn -0.4959 -0.6937 -0.5224
vn -0.6432 -0.0000 -0.7657
vn -0.5522 0.6948 -0.4607
vn -0.7312 0.0000 -0.6822
vn -0.5522 -0.6948 -0.4607
vn -0.7312 -0.0000 -0.6822
vn -0.5966 0.6961 -0.3995
vn -0.8022 0.0000 -0.5970
vn -0.5966 -0.6961 -0.3995
vn -0.8022 -0.0000 -0.5970
vn -0.0278 0.9400 -0.3402
vn -0.8575 0.0000 -0.5144
vn -0.0278 -0.9400 -0.3402
vn -0.8575 -0.0000 -0.5144
vn 0.5280 0.6988 -0.4826
vn 0.7628 -0.0000 -0.6466
vn 0.5280 -0.6988 -0.4826
vn 0.7628 0.0000 -0.6466
vn 0.4888 0.6978 -0.5235
vn 0.7124 -0.0000 -0.7018
vn 0.4888 -0.6978 -0.5235
vn 0.7124 0.0000 -0.7018
vn 0.4415 0.6968 -0.5652
vn 0.6514 -0.0000 -0.7588
vn 0.4415 -0.6968 -0.5652
vn 0.3853 0.6959 -0.6060
vn 0.5785 -0.0000 -0.8157
vn 0.3853 -0.6959 -0.6060
vn 0.5785 0.0000 -0.8157
vn 0.3200 0.6951 -0.6438
vn 0.4932 -0.0000 -0.8699
vn 0.3200 -0.6951 -0.6438
vn 0.4932 0.0000 -0.8699
vn 0.2465 0.6945 -0.6760
vn 0.3958 0.0000 -0.9183
vn 0.2465 -0.6945 -0.6760
vn 0.1667 0.6941 -0.7003
vn 0.2883 -0.0000 -0.9575
vn 0.1667 -0.6941 -0.7003
vn 0.2883 0.0000 -0.9575
vn 0.0835 0.6941 -0.7150
vn 0.1740 -0.0000 -0.9847
vn 0.0835 -0.6941 -0.7150
vn 0.1740 0.0000 -0.9847
vn 0.0012 0.6947 -0.7193
vn 0.0576 0.0000 -0.9983
vn 0.0012 -0.6947 -0.7193
vn 0.0576 -0.0000 -0.9983
vn -0.0802 0.6944 -0.7151
vn -0.0543 0.0000 -0.9985
vn -0.0802 -0.6944 -0.7151
vn -0.0543 -0.0000 -0.9985
vn -0.1638 0.6938 -0.7013
vn -0.1683 0.0000 -0.9857
vn -0.1638 -0.6938 -0.7013
vn -0.2482 0.6935 -0.6764
vn -0.2859 0.0000 -0.9583
vn -0.2482 -0.6935 -0.6764
vn -0.2859 -0.0000 -0.9583
vn -0.3294 0.6936 -0.6407
vn -0.4018 0.0000 -0.9157
vn -0.3294 -0.6936 -0.6407
vn -0.4018 -0.0000 -0.9157
vn -0.4038 0.6940 -0.5961
vn -0.5109 0.0000 -0.8596
vn -0.4038 -0.6940 -0.5961
vn -0.4688 0.6948 -0.5454
vn -0.6088 0.0000 -0.7933
vn -0.4688 -0.6948 -0.5454
vn -0.5235 0.6958 -0.4918
vn -0.6930 0.0000 -0.7210
vn -0.5235 -0.6958 -0.4918
vn -0.6930 -0.0000 -0.7210
vn -0.5679 0.6969 -0.4381
vn -0.7628 0.0000 -0.6466
vn -0.5679 -0.6969 -0.4381
vn -0.7628 -0.0000 -0.6466
vn -0.6009 0.6988 -0.3881
vn -0.8191 0.0000 -0.5737
vn -0.6009 -0.6988 -0.3881
vn -0.8191 -0.0000 -0.5737
vn -0.6258 0.6998 -0.3445
vn -0.8597 0.0000 -0.5108
vn -0.6258 -0.6998 -0.3445
vn -0.8597 -0.0000 -0.5108
vn -0.6472 0.6997 -0.3025
vn -0.8914 0.0000 -0.4532
vn -0.6472 -0.6997 -0.3025
vn -0.8914 -0.0000 -0.4532
vn -0.6658 0.6997 -0.2590
vn -0.9195 0.0000 -0.3932
vn -0.6658 -0.6997 -0.2590
vn -0.9195 -0.0000 -0.3932
vn -0.6813 0.6998 -0.2147
vn -0.9434 -0.0000 -0.3316
vn -0.6813 -0.6998 -0.2147
vn -0.6936 0.7000 -0.1702
vn -0.9631 0.0000 -0.2693
vn -0.6936 -0.7000 -0.1702
vn -0.9631 -0.0000 -0.2693
vn -0.7028 0.7002 -0.1260
vn -0.9783 0.0000 -0.2071
vn -0.7028 -0.7002 -0.1260
vn -0.9783 -0.0000 -0.2071
vn -0.7090 0.7004 -0.0826
vn -0.9893 0.0000 -0.1456
vn -0.7090 -0.7004 -0.0826
vn -0.9893 -0.0000 -0.1456
vn -0.7123 0.7007 -0.0406
vn -0.9963 0.0000 -0.0857
vn -0.7123 -0.7007 -0.0406
vn -0.9963 -0.0000 -0.0857
vn -0.7155 0.6985 0.0075
vn -0.9996 0.0000 -0.0280
vn -0.7155 -0.6985 0.0075
vn -0.9996 -0.0000 -0.0280
vn -0.7156 0.6943 0.0770
vn -0.9988 0.0000 0.0490
vn -0.7156 -0.6943 0.0770
vn -0.7024 0.6911 0.1703
vn -0.9864 0.0000 0.1645
vn -0.7024 -0.6911 0.1703
vn -0.9864 -0.0000 0.1645
vn -0.6689 0.6877 0.2821
vn -0.9522 0.0000 0.3054
vn -0.6689 -0.6877 0.2821
vn -0.9522 -0.0000 0.3054
vn -0.6051 0.6846 0.4065
vn -0.8833 0.0000 0.4688
vn -0.6051 -0.6846 0.4065
vn -0.8833 -0.0000 0.4688
vn -0.5053 0.6828 0.5277
vn -0.7680 0.0000 0.6405
vn -0.5053 -0.6828 0.5277
vn -0.3767 0.6832 0.6255
vn -0.6066 -0.0000 0.7950
vn -0.3767 -0.6832 0.6255
vn -0.2385 0.6857 0.6878
vn -0.4188 0.0000 0.9081
vn -0.2385 -0.6857 0.6878
vn -0.4188 -0.0000 0.9081
vn -0.1104 0.6890 0.7163
vn -0.2332 0.0000 0.9724
vn -0.1104 -0.6890 0.7163
vn -0.0029 0.6925 0.7214
vn -0.0704 -0.0000 0.9975
vn -0.0029 -0.6925 0.7214
vn -0.0704 0.0000 0.9975
vn 0.0977 0.6910 0.7162
vn 0.0622 -0.0000 0.9981
vn 0.0977 -0.6910 0.7162
vn 0.0622 0.0000 0.9981
vn 0.2132 0.6876 0.6941
vn 0.2074 -0.0000 0.9782
vn 0.2132 -0.6876 0.6941
vn 0.2074 0.0000 0.9782
vn 0.3433 0.6846 0.6430
vn 0.3776 -0.0000 0.9260
vn 0.3433 -0.6846 0.6430
vn 0.3776 0.0000 0.9260
vn 0.4728 0.6831 0.5567
vn 0.5593 -0.0000 0.8290
vn 0.4728 -0.6831 0.5567
vn 0.5593 0.0000 0.8290
vn 0.5817 0.6837 0.4407
vn 0.7275 -0.0000 0.6862
vn 0.5817 -0.6837 0.4407
vn 0.7275 0.0000 0.6862
vn 0.6569 0.6861 0.3127
vn 0.8574 -0.0000 0.5146
vn 0.6569 -0.6861 0.3127
vn 0.8574 0.0000 0.5146
vn 0.6987 0.6894 0.1913
vn 0.9401 -0.0000 0.3410
vn 0.6987 -0.6894 0.1913
vn 0.9401 0.0000 0.3410
vn 0.7160 0.6927 0.0870
vn 0.9827 -0.0000 0.1854
vn 0.7160 -0.6927 0.0870
vn 0.9827 0.0000 0.1854
vn 0.7200 0.6940 -0.0028
vn 0.9985 -0.0000 0.0554
vn 0.7200 -0.6940 -0.0028
vn 0.9985 0.0000 0.0554
vn 0.7163 0.6908 -0.0992
vn 0.9980 -0.0000 -0.0632
vn 0.7163 -0.6908 -0.0992
vn 0.9980 0.0000 -0.0632
vn 0.6934 0.6874 -0.2162
vn 0.9776 0.0000 -0.2104
vn 0.6934 -0.6874 -0.2162
vn 0.9776 -0.0000 -0.2104
vn 0.6410 0.6845 -0.3473
vn 0.9240 -0.0000 -0.3825
vn 0.6410 -0.6845 -0.3473
vn 0.9240 0.0000 -0.3825
vn 0.5533 0.6830 -0.4768
vn 0.8251 -0.0000 -0.5651
vn 0.5533 -0.6830 -0.4768
vn 0.8251 0.0000 -0.5651
vn 0.4366 0.6838 -0.5847
vn 0.6807 0.0000 -0.7326
vn 0.4366 -0.6838 -0.5847
vn 0.6807 -0.0000 -0.7326
vn 0.3089 0.6863 -0.6585
vn 0.5090 -0.0000 -0.8608
vn 0.3089 -0.6863 -0.6585
vn 0.1886 0.6896 -0.6992
vn 0.3365 0.0000 -0.9417
vn 0.1886 -0.6896 -0.6992
vn 0.0857 0.6929 -0.7160
vn 0.1827 -0.0000 -0.9832
vn 0.0857 -0.6929 -0.7160
vn 0.3174 0.9050 -0.2834
vn 0.0546 0.0000 -0.9985
vn 0.3174 -0.9050 -0.2834
vn 0.0546 -0.0000 -0.9985
vn 0.6853 0.7229 0.0876
vn 0.9983 -0.0000 0.0583
vn 0.6853 -0.7229 0.0876
vn 0.9983 0.0000 0.0583
vn 0.6602 0.7266 0.1902
vn 0.9808 -0.0000 0.1948
vn 0.6602 -0.7266 0.1902
vn 0.9808 0.0000 0.1948
vn 0.6110 0.7301 0.3059
vn 0.9342 0.0000 0.3568
vn 0.6110 -0.7301 0.3059
vn 0.5325 0.7325 0.4242
vn 0.8454 -0.0000 0.5342
vn 0.5325 -0.7325 0.4242
vn 0.8454 0.0000 0.5342
vn 0.4277 0.7325 0.5295
vn 0.7096 0.0000 0.7046
vn 0.4277 -0.7325 0.5295
vn 0.3092 0.7303 0.6091
vn 0.5396 -0.0000 0.8419
vn 0.3092 -0.7303 0.6091
vn 0.5396 0.0000 0.8419
vn 0.1925 0.7268 0.6593
vn 0.3612 -0.0000 0.9325
vn 0.1925 -0.7268 0.6593
vn 0.0888 0.7231 0.6850
vn 0.1975 -0.0000 0.9803
vn 0.0888 -0.7231 0.6850
vn 0.1975 0.0000 0.9803
vn -0.0047 0.7223 0.6916
vn 0.0591 -0.0000 0.9982
vn -0.0047 -0.7223 0.6916
vn 0.0591 0.0000 0.9982
vn -0.1014 0.7243 0.6820
vn -0.0728 -0.0000 0.9973
vn -0.1014 -0.7243 0.6820
vn -0.0728 0.0000 0.9973
vn -0.2016 0.7242 0.6594
vn -0.2205 0.0000 0.9754
vn -0.2016 -0.7242 0.6594
vn -0.2953 0.7234 0.6241
vn -0.3626 0.0000 0.9320
vn -0.2953 -0.7234 0.6241
vn -0.3780 0.7221 0.5795
vn -0.4907 0.0000 0.8714
vn -0.3780 -0.7221 0.5795
vn -0.4474 0.7204 0.5299
vn -0.5997 0.0000 0.8002
vn -0.4474 -0.7204 0.5299
vn -0.5997 -0.0000 0.8002
vn -0.5037 0.7187 0.4793
vn -0.6884 0.0000 0.7253
vn -0.5037 -0.7187 0.4793
vn -0.5481 0.7171 0.4304
vn -0.7585 0.0000 0.6517
vn -0.5481 -0.7171 0.4304
vn -0.7585 -0.0000 0.6517
vn -0.5827 0.7157 0.3849
vn -0.8129 0.0000 0.5824
vn -0.5827 -0.7157 0.3849
vn -0.0525 0.5611 0.8261
vn -0.8547 0.0000 0.5192
vn -0.0525 -0.5611 0.8261
vn 0.5307 0.7152 0.4548
vn 0.7821 -0.0000 0.6232
vn 0.5307 -0.7152 0.4548
vn 0.7821 0.0000 0.6232
vn 0.4938 0.7163 0.4930
vn 0.7357 -0.0000 0.6773
vn 0.4938 -0.7163 0.4930
vn 0.7357 0.0000 0.6773
vn 0.4488 0.7175 0.5327
vn 0.6786 -0.0000 0.7345
vn 0.4488 -0.7175 0.5327
vn 0.6786 0.0000 0.7345
vn 0.3946 0.7188 0.5724
vn 0.6088 -0.0000 0.7933
vn 0.3946 -0.7188 0.5724
vn 0.6088 0.0000 0.7933
vn 0.3305 0.7200 0.6103
vn 0.5248 -0.0000 0.8512
vn 0.3305 -0.7200 0.6103
vn 0.5248 0.0000 0.8512
vn 0.2569 0.7210 0.6436
vn 0.4262 -0.0000 0.9046
vn 0.2569 -0.7210 0.6436
vn 0.4262 0.0000 0.9046
vn 0.1753 0.7216 0.6697
vn 0.3139 -0.0000 0.9494
vn 0.1753 -0.7216 0.6697
vn 0.3139 0.0000 0.9494
vn 0.0885 0.7219 0.6863
vn 0.1914 -0.0000 0.9815
vn 0.0885 -0.7219 0.6863
vn -0.0159 0.7272 0.6862
vn 0.0638 -0.0000 0.9980
vn -0.0159 -0.7272 0.6862
vn 0.0638 0.0000 0.9980
vn -0.1576 0.7362 0.6581
vn -0.1100 0.0000 0.9939
vn -0.1576 -0.7362 0.6581
vn -0.1100 -0.0000 0.9939
vn -0.3194 0.7383 0.5941
vn -0.3523 0.0000 0.9359
vn -0.3194 -0.7383 0.5941
vn -0.4618 0.7361 0.4949
vn -0.5863 0.0000 0.8101
vn -0.4618 -0.7361 0.4949
vn -0.5863 -0.0000 0.8101
vn -0.5661 0.7312 0.3807
vn -0.7676 0.0000 0.6409
vn -0.5661 -0.7312 0.3807
vn -0.7676 -0.0000 0.6409
vn -0.6316 0.7258 0.2724
vn -0.8831 0.0000 0.4692
vn -0.6316 -0.7258 0.2724
vn -0.8831 -0.0000 0.4692
vn -0.6686 0.7214 0.1806
vn -0.9473 0.0000 0.3203
vn -0.6686 -0.7214 0.1806
vn -0.9473 -0.0000 0.3203
vn -0.6878 0.7180 0.1066
vn -0.9797 0.0000 0.2002
vn -0.6878 -0.7180 0.1066
vn -0.9797 -0.0000 0.2002
vn -0.6969 0.7156 0.0479
vn -0.9944 0.0000 0.1057
vn -0.6969 -0.7156 0.0479
vn -0.9944 -0.0000 0.1057
vn -0.6990 0.7151 -0.0028
vn -0.9995 0.0000 0.0312
vn -0.6990 -0.7151 -0.0028
vn -0.9995 -0.0000 0.0312
vn -0.6965 0.7156 -0.0534
vn -0.9992 0.0000 -0.0394
vn -0.6965 -0.7156 -0.0534
vn -0.9992 -0.0000 -0.0394
vn -0.6916 0.7149 -0.1030
vn -0.9935 -0.0000 -0.1135
vn -0.6916 -0.7149 -0.1030
vn -0.9935 0.0000 -0.1135
vn -0.6841 0.7142 -0.1482
vn -0.9835 0.0000 -0.1810
vn -0.6841 -0.7142 -0.1482
vn -0.9835 -0.0000 -0.1810
vn -0.6746 0.7136 -0.1889
vn -0.9702 0.0000 -0.2421
vn -0.6746 -0.7136 -0.1889
vn -0.9702 -0.0000 -0.2421
vn -0.6639 0.7130 -0.2255
vn -0.9549 0.0000 -0.2969
vn -0.6639 -0.7130 -0.2255
vn -0.9549 -0.0000 -0.2969
vn -0.6525 0.7124 -0.2582
vn -0.9382 0.0000 -0.3460
vn -0.6525 -0.7124 -0.2582
vn -0.9382 -0.0000 -0.3460
vn -0.6407 0.7119 -0.2874
vn -0.9209 0.0000 -0.3897
vn -0.6407 -0.7119 -0.2874
vn -0.9209 -0.0000 -0.3897
vn -0.6289 0.7115 -0.3135
vn -0.9035 0.0000 -0.4287
vn -0.6289 -0.7115 -0.3135
vn -0.9035 -0.0000 -0.4287
vn -0.6258 0.7074 -0.3285
vn -0.8861 0.0000 -0.4635
vn -0.6258 -0.7074 -0.3285
vn -0.8861 -0.0000 -0.4635
vn -0.6328 0.7040 -0.3223
vn -0.8848 0.0000 -0.4660
vn -0.6328 -0.7040 -0.3223
vn -0.8848 -0.0000 -0.4660
vn -0.6425 0.7036 -0.3037
vn -0.8972 0.0000 -0.4417
vn -0.6425 -0.7036 -0.3037
vn -0.8972 -0.0000 -0.4417
vn -0.6531 0.7030 -0.2817
vn -0.9107 0.0000 -0.4130
vn -0.6531 -0.7030 -0.2817
vn -0.9107 -0.0000 -0.4130
vn -0.6646 0.7022 -0.2554
vn -0.9254 -0.0000 -0.3790
vn -0.6646 -0.7022 -0.2554
vn -0.6770 0.7013 -0.2234
vn -0.9411 0.0000 -0.3381
vn -0.6770 -0.7013 -0.2234
vn -0.9411 -0.0000 -0.3381
vn -0.6899 0.7000 -0.1842
vn -0.9575 0.0000 -0.2884
vn -0.6899 -0.7000 -0.1842
vn -0.9575 -0.0000 -0.2884
vn -0.7027 0.6985 -0.1354
vn -0.9739 0.0000 -0.2271
vn -0.7027 -0.6985 -0.1354
vn -0.9739 -0.0000 -0.2271
vn -0.7137 0.6965 -0.0744
vn -0.9885 0.0000 -0.1511
vn -0.7137 -0.6965 -0.0744
vn -0.9885 -0.0000 -0.1511
vn -0.7130 0.7009 -0.0200
vn -0.9984 0.0000 -0.0560
vn -0.7130 -0.7009 -0.0200
vn -0.9984 -0.0000 -0.0560
vn -0.3132 0.9003 -0.3022
vn -1.0000 0.0000 -0.0000
vn -0.3132 -0.9003 -0.3022
vn -0.0529 0.6986 -0.7135
vn -0.0358 0.0000 -0.9994
vn -0.0529 -0.6986 -0.7135
vn -0.0358 -0.0000 -0.9994
vn -0.1094 0.6979 -0.7078
vn -0.1119 0.0000 -0.9937
vn -0.1094 -0.6979 -0.7078
vn -0.1119 -0.0000 -0.9937
vn -0.1696 0.6973 -0.6964
vn -0.1935 0.0000 -0.9811
vn -0.1696 -0.6973 -0.6964
vn -0.1935 -0.0000 -0.9811
vn -0.2322 0.6968 -0.6787
vn -0.2793 -0.0000 -0.9602
vn -0.2322 -0.6968 -0.6787
vn -0.2957 0.6964 -0.6539
vn -0.3675 0.0000 -0.9300
vn -0.2957 -0.6964 -0.6539
vn -0.3675 -0.0000 -0.9300
vn -0.3582 0.6962 -0.6221
vn -0.4556 0.0000 -0.8902
vn -0.3582 -0.6962 -0.6221
vn -0.4178 0.6962 -0.5838
vn -0.5411 0.0000 -0.8409
vn -0.4178 -0.6962 -0.5838
vn -0.5411 -0.0000 -0.8409
vn -0.4727 0.6964 -0.5401
vn -0.6214 0.0000 -0.7835
vn -0.4727 -0.6964 -0.5401
vn -0.5214 0.6968 -0.4926
vn -0.6942 0.0000 -0.7197
vn -0.5214 -0.6968 -0.4926
vn -0.6942 -0.0000 -0.7197
vn -0.5649 0.6968 -0.4420
vn -0.7581 0.0000 -0.6522
vn -0.5649 -0.6968 -0.4420
vn -0.7581 -0.0000 -0.6522
vn -0.6035 0.6968 -0.3876
vn -0.8153 0.0000 -0.5790
vn -0.6035 -0.6968 -0.3876
vn -0.8153 -0.0000 -0.5790
vn -0.6367 0.6969 -0.3301
vn -0.8657 0.0000 -0.5006
vn -0.6367 -0.6969 -0.3301
vn -0.8657 -0.0000 -0.5006
vn -0.6637 0.6972 -0.2710
vn -0.9080 0.0000 -0.4190
vn -0.6637 -0.6972 -0.2710
vn -0.9080 -0.0000 -0.4190
vn -0.6844 0.6976 -0.2120
vn -0.9417 0.0000 -0.3363
vn -0.6844 -0.6976 -0.2120
vn -0.9417 -0.0000 -0.3363
vn -0.6991 0.6982 -0.1545
vn -0.9670 0.0000 -0.2549
vn -0.6991 -0.6982 -0.1545
vn -0.9670 -0.0000 -0.2549
vn -0.7084 0.6988 -0.0996
vn -0.9843 0.0000 -0.1763
vn -0.7084 -0.6988 -0.0996
vn -0.9843 -0.0000 -0.1763
vn -0.7131 0.6994 -0.0481
vn -0.9948 -0.0000 -0.1019
vn -0.7131 -0.6994 -0.0481
vn -0.9948 0.0000 -0.1019
vn -0.7146 0.6995 0.0010
vn -0.9995 0.0000 -0.0326
vn -0.7146 -0.6995 0.0010
vn -0.9995 -0.0000 -0.0326
vn -0.7134 0.6988 0.0520
vn -0.9994 0.0000 0.0354
vn -0.7134 -0.6988 0.0520
vn -0.9994 -0.0000 0.0354
vn -0.7078 0.6983 0.1066
vn -0.9940 -0.0000 0.1097
vn -0.7078 -0.6983 0.1066
vn -0.9940 0.0000 0.1097
vn -0.6973 0.6979 0.1635
vn -0.9822 -0.0000 0.1878
vn -0.6973 -0.6979 0.1635
vn -0.6813 0.6976 0.2218
vn -0.9633 0.0000 0.2685
vn -0.6813 -0.6976 0.2218
vn -0.6597 0.6974 0.2800
vn -0.9368 -0.0000 0.3500
vn -0.6597 -0.6974 0.2800
vn -0.9368 0.0000 0.3500
vn -0.6327 0.6973 0.3368
vn -0.9026 -0.0000 0.4306
vn -0.6327 -0.6973 0.3368
vn -0.9026 0.0000 0.4306
vn -0.6007 0.6974 0.3908
vn -0.8612 -0.0000 0.5082
vn -0.6007 -0.6974 0.3908
vn -0.8612 0.0000 0.5082
vn -0.5648 0.6977 0.4408
vn -0.8137 -0.0000 0.5812
vn -0.5648 -0.6977 0.4408
vn -0.8137 0.0000 0.5812
vn -0.5251 0.6975 0.4875
vn -0.7615 -0.0000 0.6482
vn -0.5251 -0.6975 0.4875
vn -0.7615 0.0000 0.6482
vn -0.4799 0.6968 0.5331
vn -0.7029 -0.0000 0.7113
vn -0.4799 -0.6968 0.5331
vn -0.4276 0.6964 0.5763
vn -0.6338 -0.0000 0.7735
vn -0.4276 -0.6964 0.5763
vn -0.6338 0.0000 0.7735
vn -0.3698 0.6963 0.6152
vn -0.5565 -0.0000 0.8308
vn -0.3698 -0.6963 0.6152
vn -0.3080 0.6963 0.6483
vn -0.4726 -0.0000 0.8813
vn -0.3080 -0.6963 0.6483
vn -0.4726 0.0000 0.8813
vn -0.2439 0.6965 0.6748
vn -0.3844 -0.0000 0.9232
vn -0.2439 -0.6965 0.6748
vn -0.3844 0.0000 0.9232
vn -0.1795 0.6969 0.6943
vn -0.2945 -0.0000 0.9557
vn -0.1795 -0.6969 0.6943
vn -0.2945 0.0000 0.9557
vn -0.1166 0.6974 0.7071
vn -0.2055 -0.0000 0.9787
vn -0.1166 -0.6974 0.7071
vn -0.2055 0.0000 0.9787
vn -0.0566 0.6981 0.7138
vn -0.1195 -0.0000 0.9928
vn -0.0566 -0.6981 0.7138
vn -0.1195 0.0000 0.9928
vn 0.0050 0.6970 0.7170
vn -0.0384 -0.0000 0.9993
vn 0.0050 -0.6970 0.7170
vn -0.0384 0.0000 0.9993
vn 0.0824 0.6934 0.7158
vn 0.0524 -0.0000 0.9986
vn 0.0824 -0.6934 0.7158
vn 0.0524 0.0000 0.9986
vn 0.1816 0.6902 0.7005
vn 0.1757 -0.0000 0.9844
vn 0.1816 -0.6902 0.7005
vn 0.1757 0.0000 0.9844
vn 0.2988 0.6868 0.6626
vn 0.3247 -0.0000 0.9458
vn 0.2988 -0.6868 0.6626
vn 0.3247 0.0000 0.9458
vn 0.4254 0.6840 0.5926
vn 0.4939 -0.0000 0.8695
vn 0.4254 -0.6840 0.5926
vn 0.4939 0.0000 0.8695
vn 0.5440 0.6829 0.4875
vn 0.6659 -0.0000 0.7460
vn 0.5440 -0.6829 0.4875
vn 0.6659 0.0000 0.7460
vn 0.6356 0.6840 0.3581
vn 0.8143 -0.0000 0.5805
vn 0.6356 -0.6840 0.3581
vn 0.8143 0.0000 0.5805
vn 0.6914 0.6867 0.2243
vn 0.9184 -0.0000 0.3957
vn 0.6914 -0.6867 0.2243
vn 0.9184 0.0000 0.3957
vn 0.7163 0.6901 0.1032
vn 0.9758 0.0000 0.2186
vn 0.7163 -0.6901 0.1032
vn 0.7140 0.6998 0.0235
vn 0.9978 -0.0000 0.0658
vn 0.7140 -0.6998 0.0235
vn 0.9978 0.0000 0.0658
vn 0.0737 0.9793 0.1885
vn 1.0000 0.0000 -0.0000
vn 0.0737 -0.9793 0.1885
vn -0.5213 0.7085 0.4757
vn -0.7345 0.0000 0.6786
vn -0.5213 -0.7085 0.4757
vn -0.5243 0.7065 0.4754
vn -0.7427 -0.0000 0.6696
vn -0.5243 -0.7065 0.4754
vn -0.7427 0.0000 0.6696
vn -0.5213 0.7063 0.4789
vn -0.7388 0.0000 0.6739
vn -0.5213 -0.7063 0.4789
vn -0.7388 -0.0000 0.6739
vn -0.5177 0.7061 0.4831
vn -0.7341 -0.0000 0.6790
vn -0.5177 -0.7061 0.4831
vn -0.5132 0.7059 0.4882
vn -0.7282 -0.0000 0.6853
vn -0.5132 -0.7059 0.4882
vn -0.7282 0.0000 0.6853
vn -0.5073 0.7055 0.4948
vn -0.7207 -0.0000 0.6932
vn -0.5073 -0.7055 0.4948
vn -0.4995 0.7050 0.5035
vn -0.7109 0.0000 0.7033
vn -0.4995 -0.7050 0.5035
vn -0.7109 -0.0000 0.7033
vn -0.4884 0.7041 0.5154
vn -0.6975 0.0000 0.7166
vn -0.4884 -0.7041 0.5154
vn -0.4717 0.7025 0.5329
vn -0.6780 -0.0000 0.7350
vn -0.4717 -0.7025 0.5329
vn -0.6780 0.0000 0.7350
vn -0.4469 0.7011 0.5556
vn -0.6474 0.0000 0.7622
vn -0.4469 -0.7011 0.5556
vn -0.6474 -0.0000 0.7622
vn -0.4168 0.7013 0.5783
vn -0.6056 -0.0000 0.7958
vn -0.4168 -0.7013 0.5783
vn -0.6056 0.0000 0.7958
vn -0.3849 0.7007 0.6008
vn -0.5635 -0.0000 0.8261
vn -0.3849 -0.7007 0.6008
vn -0.5635 0.0000 0.8261
vn -0.3479 0.7000 0.6237
vn -0.5149 0.0000 0.8572
vn -0.3479 -0.7000 0.6237
vn -0.3053 0.6992 0.6464
vn -0.4589 0.0000 0.8885
vn -0.3053 -0.6992 0.6464
vn -0.4589 -0.0000 0.8885
vn -0.2566 0.6984 0.6681
vn -0.3947 0.0000 0.9188
vn -0.2566 -0.6984 0.6681
vn -0.2013 0.6976 0.6876
vn -0.3217 -0.0000 0.9468
vn -0.2013 -0.6976 0.6876
vn -0.3217 0.0000 0.9468
vn -0.1395 0.6968 0.7035
vn -0.2397 0.0000 0.9708
vn -0.1395 -0.6968 0.7035
vn -0.0719 0.6962 0.7142
vn -0.1490 -0.0000 0.9888
vn -0.0719 -0.6962 0.7142
vn -0.1490 0.0000 0.9888
vn 0.0035 0.6947 0.7193
vn -0.0511 -0.0000 0.9987
vn 0.0035 -0.6947 0.7193
vn 0.0955 0.6913 0.7162
vn 0.0608 -0.0000 0.9981
vn 0.0955 -0.6913 0.7162
vn 0.0608 0.0000 0.9981
vn 0.2087 0.6880 0.6951
vn 0.2028 -0.0000 0.9792
vn 0.2087 -0.6880 0.6951
vn 0.2028 0.0000 0.9792
vn 0.3371 0.6849 0.6460
vn 0.3701 -0.0000 0.9290
vn 0.3371 -0.6849 0.6460
vn 0.3701 0.0000 0.9290
vn 0.4664 0.6832 0.5619
vn 0.5503 -0.0000 0.8349
vn 0.4664 -0.6832 0.5619
vn 0.5503 0.0000 0.8349
vn 0.5769 0.6835 0.4472
vn 0.7194 -0.0000 0.6946
vn 0.5769 -0.6835 0.4472
vn 0.7194 0.0000 0.6946
vn 0.6543 0.6858 0.3187
vn 0.8520 -0.0000 0.5235
vn 0.6543 -0.6858 0.3187
vn 0.8520 0.0000 0.5235
vn 0.6979 0.6890 0.1955
vn 0.9374 -0.0000 0.3481
vn 0.6979 -0.6890 0.1955
vn 0.7161 0.6923 0.0891
vn 0.9819 0.0000 0.1896
vn 0.7161 -0.6923 0.0891
vn 0.7131 0.7008 0.0202
vn 0.9984 -0.0000 0.0567
vn 0.7131 -0.7008 0.0202
vn 0.9984 0.0000 0.0567
vn 0.5774 0.5774 -0.5774
vn 0.5774 -0.5774 -0.5774
vn -0.5774 0.5774 -0.5774
vn 0.0000 0.0000 -1.0000
vn -0.5774 -0.5774 -0.5774
vn -0.7058 0.7084 -0.0039
vn -0.7058 -0.7084 -0.0039
vn -0.7041 0.7099 -0.0166
vn -0.9999 0.0000 -0.0111
vn -0.7041 -0.7099 -0.0166
vn -0.9999 -0.0000 -0.0111
vn -0.7028 0.7105 -0.0360
vn -0.9993 0.0000 -0.0362
vn -0.7028 -0.7105 -0.0360
vn -0.9993 -0.0000 -0.0362
vn -0.7005 0.7112 -0.0592
vn -0.9978 0.0000 -0.0661
vn -0.7005 -0.7112 -0.0592
vn -0.9978 -0.0000 -0.0661
vn -0.6965 0.7122 -0.0874
vn -0.9948 0.0000 -0.1023
vn -0.6965 -0.7122 -0.0874
vn -0.9948 -0.0000 -0.1023
vn -0.6899 0.7135 -0.1224
vn -0.9892 0.0000 -0.1468
vn -0.6899 -0.7135 -0.1224
vn -0.9892 -0.0000 -0.1468
vn -0.6787 0.7154 -0.1662
vn -0.9793 0.0000 -0.2024
vn -0.6787 -0.7154 -0.1662
vn -0.9793 -0.0000 -0.2024
vn -0.6597 0.7181 -0.2219
vn -0.9620 0.0000 -0.2730
vn -0.6597 -0.7181 -0.2219
vn -0.9620 -0.0000 -0.2730
vn -0.6268 0.7220 -0.2930
vn -0.9314 0.0000 -0.3639
vn -0.6268 -0.7220 -0.2930
vn -0.9314 -0.0000 -0.3639
vn -0.5103 0.7510 -0.4190
vn -0.8766 0.0000 -0.4813
vn -0.5103 -0.7510 -0.4190
vn -0.8766 -0.0000 -0.4813
vn 0.0163 0.8923 -0.4511
vn -0.6428 0.0000 -0.7660
vn 0.0163 -0.8923 -0.4511
vn -0.6428 -0.0000 -0.7660
vn 0.4882 0.7045 -0.5151
vn 0.6963 0.0000 -0.7177
vn 0.4882 -0.7045 -0.5151
vn 0.6963 -0.0000 -0.7177
vn 0.5383 0.8093 -0.2352
vn 0.6793 -0.0000 -0.7338
vn 0.5383 -0.8093 -0.2352
vn 0.6793 0.0000 -0.7338
vn 0.7037 0.7104 0.0102
vn 0.7037 -0.7104 0.0102
vn 0.9996 -0.0000 0.0291
vn 0.9996 0.0000 0.0291
vn -0.2139 0.7289 0.6503
vn -0.0996 0.7252 0.6813
vn -0.2217 0.0000 0.9751
vn -0.0996 -0.7252 0.6813
vn -0.2139 -0.7289 0.6503
vn -0.2217 -0.0000 0.9751
vn -0.3381 0.7320 0.5916
vn -0.4006 0.0000 0.9163
vn -0.3381 -0.7320 0.5916
vn -0.4575 0.7330 0.5033
vn -0.5861 -0.0000 0.8103
vn -0.4575 -0.7330 0.5033
vn -0.5861 0.0000 0.8103
vn -0.5564 0.7316 0.3939
vn -0.7508 -0.0000 0.6605
vn -0.5564 -0.7316 0.3939
vn -0.7508 0.0000 0.6605
vn -0.6261 0.7284 0.2783
vn -0.8726 0.0000 0.4885
vn -0.6261 -0.7284 0.2783
vn -0.8726 -0.0000 0.4885
vn -0.6677 0.7246 0.1707
vn -0.9472 0.0000 0.3205
vn -0.6677 -0.7246 0.1707
vn -0.9472 -0.0000 0.3205
vn -0.6884 0.7211 0.0781
vn -0.9849 0.0000 0.1733
vn -0.6884 -0.7211 0.0781
vn -0.9849 -0.0000 0.1733
vn -0.6954 0.7187 0.0008
vn -0.9987 -0.0000 0.0517
vn -0.6954 -0.7187 0.0008
vn -0.9987 0.0000 0.0517
vn -0.6894 0.7205 -0.0748
vn -0.9988 0.0000 -0.0494
vn -0.6894 -0.7205 -0.0748
vn -0.9988 -0.0000 -0.0494
vn -0.6701 0.7239 -0.1638
vn -0.9861 0.0000 -0.1659
vn -0.6701 -0.7239 -0.1638
vn -0.9861 -0.0000 -0.1659
vn -0.6311 0.7277 -0.2684
vn -0.9515 0.0000 -0.3078
vn -0.6311 -0.7277 -0.2684
vn -0.9515 -0.0000 -0.3078
vn -0.5648 0.7312 -0.3825
vn -0.8817 0.0000 -0.4719
vn -0.5648 -0.7312 -0.3825
vn -0.8817 -0.0000 -0.4719
vn -0.4683 0.7331 -0.4931
vn -0.7653 0.0000 -0.6437
vn -0.4683 -0.7331 -0.4931
vn -0.7653 -0.0000 -0.6437
vn -0.3490 0.7325 -0.5845
vn -0.6034 0.0000 -0.7975
vn -0.3490 -0.7325 -0.5845
vn -0.6034 -0.0000 -0.7975
vn -0.2223 0.7297 -0.6466
vn -0.4159 0.0000 -0.9094
vn -0.2223 -0.7297 -0.6466
vn -0.4159 -0.0000 -0.9094
vn -0.1039 0.7260 -0.6798
vn -0.2313 0.0000 -0.9729
vn -0.1039 -0.7260 -0.6798
vn -0.2313 -0.0000 -0.9729
vn -0.0007 0.7229 -0.6909
vn -0.0698 0.0000 -0.9976
vn -0.0007 -0.7229 -0.6909
vn -0.0698 -0.0000 -0.9976
vn 0.1010 0.7254 -0.6808
vn 0.0677 0.0000 -0.9977
vn 0.1010 -0.7254 -0.6808
vn 0.0677 -0.0000 -0.9977
vn 0.2167 0.7292 -0.6491
vn 0.2249 0.0000 -0.9744
vn 0.2167 -0.7292 -0.6491
vn 0.3417 0.7322 -0.5892
vn 0.4057 -0.0000 -0.9140
vn 0.3417 -0.7322 -0.5892
vn 0.4057 0.0000 -0.9140
vn 0.4612 0.7331 -0.4999
vn 0.5919 0.0000 -0.8060
vn 0.4612 -0.7331 -0.4999
vn 0.5919 -0.0000 -0.8060
vn 0.5593 0.7315 -0.3900
vn 0.7558 0.0000 -0.6549
vn 0.5593 -0.7315 -0.3900
vn 0.7558 -0.0000 -0.6549
vn 0.6278 0.7282 -0.2750
vn 0.8757 -0.0000 -0.4829
vn 0.6278 -0.7282 -0.2750
vn 0.8757 0.0000 -0.4829
vn 0.6685 0.7244 -0.1683
vn 0.9487 -0.0000 -0.3162
vn 0.6685 -0.7244 -0.1683
vn 0.9487 0.0000 -0.3162
vn 0.6887 0.7209 -0.0769
vn 0.9853 -0.0000 -0.1708
vn 0.6887 -0.7209 -0.0769
vn 0.9853 0.0000 -0.1708
vn 0.6954 0.7187 -0.0003
vn 0.9987 -0.0000 -0.0509
vn 0.6954 -0.7187 -0.0003
vn 0.6891 0.7207 0.0758
vn 0.9987 -0.0000 0.0501
vn 0.6891 -0.7207 0.0758
vn 0.9987 0.0000 0.0501
vn 0.6694 0.7241 0.1660
vn 0.9857 -0.0000 0.1683
vn 0.6694 -0.7241 0.1660
vn 0.9857 0.0000 0.1683
vn 0.6295 0.7280 0.2717
vn 0.9501 -0.0000 0.3119
vn 0.6295 -0.7280 0.2717
vn 0.9501 0.0000 0.3119
vn 0.5621 0.7314 0.3863
vn 0.8787 -0.0000 0.4773
vn 0.5621 -0.7314 0.3863
vn 0.8787 0.0000 0.4773
vn 0.4648 0.7331 0.4965
vn 0.7606 -0.0000 0.6492
vn 0.4648 -0.7331 0.4965
vn 0.7606 0.0000 0.6492
vn 0.3454 0.7323 0.5868
vn 0.5977 -0.0000 0.8017
vn 0.3454 -0.7323 0.5868
vn 0.5977 0.0000 0.8017
vn 0.2195 0.7295 0.6478
vn 0.4108 -0.0000 0.9117
vn 0.2195 -0.7295 0.6478
vn 0.4108 0.0000 0.9117
vn 0.1025 0.7257 0.6803
vn 0.2281 -0.0000 0.9736
vn 0.1025 -0.7257 0.6803
vn 0.2281 0.0000 0.9736
vn 0.0007 0.7227 0.6912
vn 0.0687 -0.0000 0.9976
vn 0.0007 -0.7227 0.6912
vn 0.0687 0.0000 0.9976
vn -0.0667 -0.0000 0.9978
vn -0.0667 0.0000 0.9978
vn -0.6919 0.7189 -0.0660
vn -0.7020 0.7120 -0.0153
vn -0.9991 0.0000 -0.0435
vn -0.7020 -0.7120 -0.0153
vn -0.6919 -0.7189 -0.0660
vn -0.9991 -0.0000 -0.0435
vn -0.6764 0.7221 -0.1456
vn -0.9892 -0.0000 -0.1463
vn -0.6764 -0.7221 -0.1456
vn -0.6441 0.7259 -0.2413
vn -0.9618 0.0000 -0.2736
vn -0.6441 -0.7259 -0.2413
vn -0.9618 -0.0000 -0.2736
vn -0.5869 0.7299 -0.3505
vn -0.9048 0.0000 -0.4258
vn -0.5869 -0.7299 -0.3505
vn -0.9048 -0.0000 -0.4258
vn -0.4983 0.7331 -0.4629
vn -0.8040 0.0000 -0.5946
vn -0.4983 -0.7331 -0.4629
vn -0.8040 -0.0000 -0.5946
vn -0.3807 0.7340 -0.5624
vn -0.6522 0.0000 -0.7580
vn -0.3807 -0.7340 -0.5624
vn -0.6522 -0.0000 -0.7580
vn -0.2475 0.7321 -0.6346
vn -0.4614 0.0000 -0.8872
vn -0.2475 -0.7321 -0.6346
vn -0.4614 -0.0000 -0.8872
vn -0.1171 0.7285 -0.6750
vn -0.2611 0.0000 -0.9653
vn -0.1171 -0.7285 -0.6750
vn -0.2611 -0.0000 -0.9653
vn 0.0077 0.7280 -0.6855
vn -0.0793 0.0000 -0.9969
vn 0.0077 -0.7280 -0.6855
vn -0.0793 -0.0000 -0.9969
vn 0.1469 0.7342 -0.6629
vn 0.1016 0.0000 -0.9948
vn 0.1469 -0.7342 -0.6629
vn 0.1016 -0.0000 -0.9948
vn 0.3011 0.7368 -0.6053
vn 0.3281 0.0000 -0.9446
vn 0.3011 -0.7368 -0.6053
vn 0.3281 -0.0000 -0.9446
vn 0.4425 0.7358 -0.5126
vn 0.5554 0.0000 -0.8316
vn 0.4425 -0.7358 -0.5126
vn 0.5554 -0.0000 -0.8316
vn 0.5511 0.7318 -0.4009
vn 0.7415 0.0000 -0.6710
vn 0.5511 -0.7318 -0.4009
vn 0.7415 -0.0000 -0.6710
vn 0.6223 0.7269 -0.2906
vn 0.8666 0.0000 -0.4990
vn 0.6223 -0.7269 -0.2906
vn 0.8666 -0.0000 -0.4990
vn 0.6636 0.7224 -0.1942
vn 0.9389 -0.0000 -0.3441
vn 0.6636 -0.7224 -0.1942
vn 0.6855 0.7189 -0.1151
vn 0.9763 -0.0000 -0.2162
vn 0.6855 -0.7189 -0.1151
vn 0.6959 0.7163 -0.0518
vn 0.9934 -0.0000 -0.1144
vn 0.6959 -0.7163 -0.0518
vn 0.9934 0.0000 -0.1144
vn 0.6981 0.7160 0.0035
vn 0.9994 -0.0000 -0.0339
vn 0.6981 -0.7160 0.0035
vn 0.6943 0.7171 0.0612
vn 0.9990 -0.0000 0.0440
vn 0.6943 -0.7171 0.0612
vn 0.6865 0.7170 0.1213
vn 0.9913 -0.0000 0.1313
vn 0.6865 -0.7170 0.1213
vn 0.9913 0.0000 0.1313
vn 0.6740 0.7167 0.1793
vn 0.9763 -0.0000 0.2164
vn 0.6740 -0.7167 0.1793
vn 0.6574 0.7162 0.2340
vn 0.9548 -0.0000 0.2973
vn 0.6574 -0.7162 0.2340
vn 0.9548 0.0000 0.2973
vn 0.6377 0.7157 0.2848
vn 0.9279 -0.0000 0.3728
vn 0.6377 -0.7157 0.2848
vn 0.9279 0.0000 0.3728
vn 0.6155 0.7152 0.3311
vn 0.8970 -0.0000 0.4421
vn 0.6155 -0.7152 0.3311
vn 0.8970 0.0000 0.4421
vn 0.5919 0.7146 0.3728
vn 0.8633 -0.0000 0.5047
vn 0.5919 -0.7146 0.3728
vn 0.5675 0.7140 0.4100
vn 0.8281 -0.0000 0.5606
vn 0.5675 -0.7140 0.4100
vn 0.5368 0.7157 0.4467
vn 0.7923 -0.0000 0.6101
vn 0.5368 -0.7157 0.4467
vn 0.7923 0.0000 0.6101
vn 0.4941 0.7183 0.4897
vn 0.7440 -0.0000 0.6682
vn 0.4941 -0.7183 0.4897
vn 0.7440 0.0000 0.6682
vn 0.4422 0.7189 0.5364
vn 0.6749 -0.0000 0.7379
vn 0.4422 -0.7189 0.5364
vn 0.6749 0.0000 0.7379
vn 0.3838 0.7192 0.5792
vn 0.5956 -0.0000 0.8033
vn 0.3838 -0.7192 0.5792
vn 0.5956 0.0000 0.8033
vn 0.3206 0.7192 0.6164
vn 0.5077 -0.0000 0.8615
vn 0.3206 -0.7192 0.6164
vn 0.2544 0.7190 0.6468
vn 0.4138 -0.0000 0.9104
vn 0.2544 -0.7190 0.6468
vn 0.4138 0.0000 0.9104
vn 0.1874 0.7185 0.6698
vn 0.3172 -0.0000 0.9484
vn 0.1874 -0.7185 0.6698
vn 0.3172 0.0000 0.9484
vn 0.1217 0.7179 0.6855
vn 0.2210 -0.0000 0.9753
vn 0.1217 -0.7179 0.6855
vn 0.2210 0.0000 0.9753
vn 0.0591 0.7171 0.6945
vn 0.1283 -0.0000 0.9917
vn 0.0591 -0.7171 0.6945
vn 0.1283 0.0000 0.9917
vn -0.2881 0.9093 0.3002
vn 0.0411 0.0000 0.9992
vn -0.2881 -0.9093 0.3002
vn 0.0411 -0.0000 0.9992
vn 0.0000 -1.0000 -0.0000
vn 0.0000 1.0000 -0.0000
# 1202 vertex normals

o Thai_1
g Thai_1
s 1
f 1//1 2//2 3//3 
f 4//4 5//5 6//6 
s 3
f 7//7 1//1 8//8 
f 5//5 9//9 10//10 
s 2
f 11//11 7//7 12//12 
f 9//9 13//13 14//14 
f 15//15 11//11 16//16 
f 13//13 17//17 18//18 
f 19//19 15//15 20//20 
f 17//17 21//21 22//22 
f 23//23 19//19 24//24 
f 21//21 25//25 26//26 
f 27//27 23//23 28//28 
f 25//25 29//29 30//30 
f 31//31 27//27 32//32 
f 29//29 33//33 34//34 
f 35//35 31//31 36//36 
f 33//33 37//37 38//38 
f 39//39 35//35 40//40 
f 37//37 41//41 42//42 
f 43//43 39//39 44//44 
f 41//41 45//45 46//46 
f 47//47 43//43 48//48 
f 45//45 49//49 50//50 
f 51//51 47//47 52//52 
f 49//49 53//53 54//54 
f 55//55 51//51 56//56 
f 53//53 57//57 58//58 
f 59//59 55//55 60//60 
f 57//57 61//61 62//62 
f 63//63 59//59 64//64 
f 61//61 65//65 66//66 
f 67//67 63//63 68//68 
f 65//65 69//69 70//70 
f 71//71 67//67 72//72 
f 69//69 73//73 74//74 
f 75//75 71//71 76//76 
f 73//73 77//77 78//78 
f 79//79 75//75 80//80 
f 77//77 81//81 82//82 
f 83//83 79//79 84//84 
f 81//81 85//85 86//86 
f 87//87 83//83 88//88 
f 85//85 89//89 90//90 
f 91//91 87//87 92//92 
f 89//89 93//93 94//92 
f 95//94 91//91 96//95 
f 93//93 97//96 98//97 
f 99//98 95//94 100//99 
f 97//96 101//100 102//101 
f 103//102 99//98 104//103 
f 101//100 105//104 106//105 
f 107//106 103//102 108//107 
f 105//104 109//108 110//109 
f 111//110 107//106 112//111 
f 109//108 113//112 114//113 
f 115//114 111//110 116//115 
f 113//112 117//116 118//117 
f 119//118 115//114 120//119 
f 117//116 121//120 122//121 
f 123//122 119//118 124//123 
f 121//120 125//124 126//125 
f 127//126 123//122 128//127 
f 125//124 129//128 130//129 
f 131//130 127//126 132//131 
f 129//128 133//132 134//133 
f 135//134 131//130 136//135 
f 133//132 137//136 138//137 
f 139//138 135//134 140//139 
f 137//136 141//140 142//139 
f 143//141 139//138 144//142 
f 141//140 145//143 146//144 
f 147//145 143//141 148//146 
f 145//143 149//147 150//148 
f 151//149 147//145 152//150 
f 149//147 153//151 154//152 
f 155//153 151//149 156//154 
f 153//151 157//155 158//156 
f 159//157 155//153 160//158 
f 157//155 161//159 162//160 
f 163//161 159//157 164//162 
f 161//159 165//163 166//164 
f 167//165 163//161 168//166 
f 165//163 169//167 170//168 
f 171//169 167//165 172//170 
f 169//167 173//171 174//172 
f 175//173 171//169 176//174 
f 173//171 177//175 178//176 
s 4
f 179//177 175//173 180//178 
f 177//175 181//179 182//180 
f 183//181 179//177 184//182 
f 181//179 185//183 186//184 
f 187//185 183//181 188//186 
f 185//183 189//187 190//186 
f 191//188 187//185 192//189 
f 189//187 193//190 194//191 
f 195//192 191//188 196//193 
f 193//190 197//194 198//195 
f 199//196 195//192 200//197 
f 197//194 201//198 202//197 
f 203//199 199//196 204//200 
f 201//198 205//201 206//202 
f 207//203 203//199 208//204 
f 205//201 209//205 210//206 
f 211//207 207//203 212//208 
f 209//205 213//209 214//210 
f 215//211 211//207 216//212 
f 213//209 217//213 218//214 
f 219//215 215//211 220//216 
f 217//213 221//217 222//216 
f 223//218 219//215 224//219 
f 221//217 225//220 226//221 
f 227//222 223//218 228//223 
f 225//220 229//224 230//225 
f 231//226 227//222 232//227 
f 229//224 233//228 234//227 
f 235//229 231//226 236//230 
f 233//228 237//231 238//230 
f 239//232 235//229 240//233 
f 237//231 241//234 242//235 
f 243//236 239//232 244//237 
f 241//234 245//238 246//239 
f 247//240 243//236 248//241 
f 245//238 249//242 250//243 
f 251//244 247//240 252//245 
f 249//242 253//246 254//247 
f 255//248 251//244 256//249 
f 253//246 257//250 258//251 
f 259//252 255//248 260//253 
f 257//250 261//254 262//255 
f 263//256 259//252 264//257 
f 261//254 265//258 266//257 
f 267//259 263//256 268//260 
f 265//258 269//261 270//262 
f 271//263 267//259 272//264 
f 269//261 273//265 274//266 
f 275//267 271//263 276//268 
f 273//265 277//269 278//270 
f 279//271 275//267 280//272 
f 277//269 281//273 282//274 
f 283//275 279//271 284//276 
f 281//273 285//277 286//278 
f 287//279 283//275 288//280 
f 285//277 289//281 290//280 
f 291//282 287//279 292//283 
f 289//281 293//284 294//285 
f 295//286 291//282 296//287 
f 293//284 297//288 298//289 
f 299//290 295//286 300//291 
f 297//288 301//292 302//293 
f 303//294 299//290 304//295 
f 301//292 305//296 306//295 
f 307//297 303//294 308//298 
f 305//296 309//299 310//298 
f 311//300 307//297 312//301 
f 309//299 313//302 314//303 
f 315//304 311//300 316//305 
f 313//302 317//306 318//305 
f 319//307 315//304 320//308 
f 317//306 321//309 322//310 
f 323//311 319//307 324//312 
f 321//309 325//313 326//314 
f 327//315 323//311 328//316 
f 325//313 329//317 330//318 
f 331//319 327//315 332//320 
f 329//317 333//321 334//322 
f 335//323 331//319 336//324 
f 333//321 337//325 338//326 
f 339//327 335//323 340//328 
f 337//325 341//329 342//330 
f 343//331 339//327 344//332 
f 341//329 345//333 346//334 
f 347//335 343//331 348//336 
f 345//333 349//337 350//338 
f 351//339 347//335 352//340 
f 349//337 353//341 354//342 
f 355//343 351//339 356//344 
f 353//341 357//345 358//346 
f 359//347 355//343 360//348 
f 357//345 361//349 362//350 
f 363//351 359//347 364//352 
f 361//349 365//353 366//354 
f 367//355 363//351 368//356 
f 365//353 369//357 370//358 
f 371//359 367//355 372//360 
f 369//357 373//361 374//362 
f 375//363 371//359 376//364 
f 373//361 377//365 378//366 
f 379//367 375//363 380//368 
f 377//365 381//369 382//368 
f 383//370 379//367 384//371 
f 381//369 385//372 386//371 
f 387//373 383//370 388//374 
f 385//372 389//375 390//374 
f 391//376 387//373 392//377 
f 389//375 393//378 394//379 
s 2
f 395//380 391//376 396//381 
f 393//378 397//382 398//383 
f 399//384 395//380 400//385 
f 397//382 401//386 402//387 
f 403//388 399//384 404//389 
f 401//386 405//390 406//389 
f 407//391 403//388 408//392 
f 405//390 409//393 410//394 
f 411//395 407//391 412//396 
f 409//393 413//397 414//396 
f 415//398 411//395 416//399 
f 413//397 417//400 418//401 
f 419//402 415//398 420//403 
f 417//400 421//404 422//403 
f 423//405 419//402 424//406 
f 421//404 425//407 426//408 
f 427//409 423//405 428//410 
f 425//407 429//411 430//412 
f 431//413 427//409 432//414 
f 429//411 433//415 434//416 
f 435//417 431//413 436//418 
f 433//415 437//419 438//418 
f 439//420 435//417 440//421 
f 437//419 441//422 442//421 
f 443//423 439//420 444//424 
f 441//422 445//425 446//424 
f 447//426 443//423 448//427 
f 445//425 449//428 450//429 
f 451//430 447//426 452//431 
f 449//428 453//432 454//431 
f 455//433 451//430 456//434 
f 453//432 457//435 458//436 
f 459//437 455//433 460//438 
f 457//435 461//439 462//438 
f 463//440 459//437 464//441 
f 461//439 465//442 466//441 
s 4
f 467//443 463//440 468//444 
f 465//442 469//445 470//446 
f 471//447 467//443 472//448 
f 469//445 473//449 474//450 
f 475//451 471//447 476//452 
f 473//449 477//453 478//454 
f 479//455 475//451 480//456 
f 477//453 481//457 482//458 
f 483//459 479//455 484//460 
f 481//457 485//461 486//462 
f 487//463 483//459 488//464 
f 485//461 489//465 490//466 
f 491//467 487//463 492//468 
f 489//465 493//469 494//470 
f 495//471 491//467 496//472 
f 493//469 497//473 498//472 
f 499//474 495//471 500//475 
f 497//473 501//476 502//477 
f 503//478 499//474 504//479 
f 501//476 505//480 506//481 
f 507//482 503//478 508//483 
f 505//480 509//484 510//483 
f 511//485 507//482 512//486 
f 509//484 513//487 514//488 
f 515//489 511//485 516//490 
f 513//487 517//491 518//492 
f 519//493 515//489 520//494 
f 517//491 521//495 522//496 
f 523//497 519//493 524//498 
f 521//495 525//499 526//500 
f 527//501 523//497 528//502 
f 525//499 529//503 530//504 
f 531//505 527//501 532//506 
f 529//503 533//507 534//508 
f 535//509 531//505 536//510 
f 533//507 537//511 538//512 
f 539//513 535//509 540//514 
f 537//511 541//515 542//516 
f 543//517 539//513 544//518 
f 541//515 545//519 546//520 
f 547//521 543//517 548//522 
f 545//519 549//523 550//524 
f 551//525 547//521 552//526 
f 549//523 553//527 554//528 
f 555//529 551//525 556//530 
f 553//527 557//531 558//532 
f 559//533 555//529 560//534 
f 557//531 561//535 562//536 
f 563//537 559//533 564//538 
f 561//535 565//539 566//540 
f 567//541 563//537 568//542 
f 565//539 569//543 570//544 
f 571//545 567//541 572//546 
f 569//543 573//547 574//548 
f 575//549 571//545 576//550 
f 573//547 577//551 578//552 
f 579//553 575//549 580//554 
f 577//551 581//555 582//556 
f 583//557 579//553 584//558 
f 581//555 585//559 586//560 
f 587//561 583//557 588//562 
f 585//559 589//563 590//562 
f 591//564 587//561 592//565 
f 589//563 593//566 594//567 
f 595//568 591//564 596//569 
f 593//566 597//570 598//571 
f 599//572 595//568 600//573 
f 597//570 601//574 602//575 
f 603//576 599//572 604//577 
f 601//574 605//578 606//579 
f 607//580 603//576 608//581 
f 605//578 609//582 610//583 
s 2
f 611//584 607//580 612//585 
f 609//582 613//586 614//585 
s 4
f 615//587 611//584 616//588 
f 613//586 617//589 618//590 
f 619//591 615//587 620//592 
f 617//589 621//593 622//594 
f 623//595 619//591 624//596 
f 621//593 625//597 626//598 
f 627//599 623//595 628//600 
f 625//597 629//601 630//600 
f 631//602 627//599 632//603 
f 629//601 633//604 634//605 
f 635//606 631//602 636//607 
f 633//604 637//608 638//607 
f 639//609 635//606 640//610 
f 637//608 641//611 642//612 
f 643//613 639//609 644//614 
f 641//611 645//615 646//614 
f 647//616 643//613 648//617 
f 645//615 649//618 650//619 
f 651//620 647//616 652//621 
f 649//618 653//622 654//623 
f 655//624 651//620 656//625 
f 653//622 657//626 658//627 
f 659//628 655//624 660//629 
f 657//626 661//630 662//631 
f 663//632 659//628 664//633 
f 661//630 665//634 666//635 
f 667//636 663//632 668//637 
f 665//634 669//638 670//639 
f 671//640 667//636 672//641 
f 669//638 673//642 674//643 
f 675//644 671//640 676//645 
f 673//642 677//646 678//647 
f 679//648 675//644 680//649 
f 677//646 681//650 682//651 
f 683//652 679//648 684//653 
f 681//650 685//654 686//655 
f 687//656 683//652 688//657 
f 685//654 689//658 690//659 
f 691//660 687//656 692//661 
f 689//658 693//662 694//663 
f 695//664 691//660 696//665 
f 693//662 697//666 698//665 
f 699//667 695//664 700//668 
f 697//666 701//669 702//668 
f 703//670 699//667 704//671 
f 701//669 705//672 706//673 
f 707//674 703//670 708//675 
f 705//672 709//676 710//677 
f 711//678 707//674 712//679 
f 709//676 713//680 714//681 
f 715//682 711//678 716//683 
f 713//680 717//684 718//685 
f 719//686 715//682 720//687 
f 717//684 721//688 722//689 
f 723//690 719//686 724//691 
f 721//688 725//692 726//691 
f 727//693 723//690 728//694 
f 725//692 729//695 730//696 
f 731//697 727//693 732//698 
f 729//695 733//699 734//698 
f 735//700 731//697 736//701 
f 733//699 737//702 738//703 
f 739//704 735//700 740//705 
f 737//702 741//706 742//707 
f 743//708 739//704 744//709 
f 741//706 745//710 746//711 
f 747//712 743//708 748//713 
f 745//710 749//714 750//715 
f 751//716 747//712 752//717 
f 749//714 753//718 754//719 
f 755//720 751//716 756//721 
f 753//718 757//722 758//723 
f 759//724 755//720 760//725 
f 757//722 761//726 762//727 
f 763//728 759//724 764//729 
f 761//726 765//730 766//731 
f 767//732 763//728 768//733 
f 765//730 769//734 770//735 
f 771//736 767//732 772//737 
f 769//734 773//738 774//739 
f 775//740 771//736 776//741 
f 773//738 777//742 778//743 
f 779//744 775//740 780//745 
f 777//742 781//746 782//747 
f 783//748 779//744 784//749 
f 781//746 785//750 786//751 
f 787//752 783//748 788//753 
f 785//750 789//754 790//753 
f 791//755 787//752 792//756 
f 789//754 793//757 794//758 
s 2
f 795//759 791//755 796//760 
f 793//757 797//761 798//760 
s 4
f 799//762 795//759 800//763 
f 797//761 801//764 802//763 
s 2
f 803//765 799//762 804//766 
f 801//764 805//767 806//768 
f 807//769 803//765 808//770 
f 805//767 809//771 810//772 
f 811//773 807//769 812//774 
f 809//771 813//775 814//774 
f 815//776 811//773 816//777 
f 813//775 817//778 818//779 
f 819//780 815//776 820//781 
f 817//778 821//782 822//781 
f 823//783 819//780 824//784 
f 821//782 825//785 826//786 
f 827//787 823//783 828//788 
f 825//785 829//789 830//788 
f 831//790 827//787 832//791 
f 829//789 833//792 834//793 
f 835//794 831//790 836//795 
f 833//792 837//796 838//797 
f 839//798 835//794 840//799 
f 837//796 841//800 842//801 
f 843//802 839//798 844//803 
f 841//800 845//804 846//805 
f 847//806 843//802 848//807 
f 845//804 849//808 850//807 
f 851//809 847//806 852//810 
f 849//808 853//811 854//812 
f 855//813 851//809 856//814 
f 853//811 857//815 858//814 
f 859//816 855//813 860//817 
f 857//815 861//818 862//819 
f 863//820 859//816 864//821 
f 861//818 865//822 866//821 
f 867//823 863//820 868//824 
f 865//822 869//825 870//826 
f 871//827 867//823 872//828 
f 869//825 873//829 874//828 
f 875//830 871//827 876//831 
f 873//829 877//832 878//833 
f 879//834 875//830 880//835 
f 877//832 881//836 882//837 
f 883//838 879//834 884//839 
f 881//836 885//840 886//841 
f 887//842 883//838 888//843 
f 885//840 889//844 890//845 
f 891//846 887//842 892//847 
f 889//844 893//848 894//849 
f 895//850 891//846 896//851 
f 893//848 897//852 898//853 
f 899//854 895//850 900//855 
f 897//852 901//856 902//855 
f 903//857 899//854 904//858 
f 901//856 905//859 906//858 
f 907//860 903//857 908//861 
f 905//859 909//862 910//863 
s 4
f 911//864 907//860 912//760 
f 909//862 913//865 914//760 
s 2
f 915//866 911//864 916//867 
f 913//865 917//868 918//867 
s 4
f 919//869 915//866 920//585 
f 917//868 921//870 922//585 
s 2
f 923//871 919//869 924//872 
f 921//870 925//873 926//874 
f 927//875 923//871 928//876 
f 925//873 929//877 930//878 
f 931//879 927//875 932//880 
f 929//877 933//881 934//882 
f 935//883 931//879 936//884 
f 933//881 937//885 938//886 
f 939//887 935//883 940//888 
f 937//885 941//889 942//890 
f 943//891 939//887 944//892 
f 941//889 945//893 946//894 
f 947//895 943//891 948//896 
f 945//893 949//897 950//898 
f 951//899 947//895 952//900 
f 949//897 953//901 954//902 
f 955//903 951//899 956//904 
f 953//901 957//905 958//906 
s 4
f 959//907 955//903 960//908 
f 957//905 961//909 962//910 
s 2
f 963//911 959//907 964//912 
f 961//909 965//913 966//914 
s 4
f 967//915 963//911 968//916 
f 965//913 969//917 970//918 
s 2
f 971//919 967//915 972//760 
f 969//917 973//920 974//760 
s 5
f 2//2 971//919 975//921 
f 973//920 4//4 976//922 
s 1
f 977//923 978//924 979//925 
f 980//926 981//927 982//928 
s 3
f 983//929 977//923 984//930 
f 981//927 985//931 986//930 
s 2
f 987//932 983//929 988//933 
f 985//931 989//934 990//935 
f 991//936 987//932 992//937 
f 989//934 993//938 994//939 
f 995//940 991//936 996//941 
f 993//938 997//942 998//943 
f 999//944 995//940 1000//945 
f 997//942 1001//946 1002//947 
f 1003//948 999//944 1004//949 
f 1001//946 1005//950 1006//951 
f 1007//952 1003//948 1008//953 
f 1005//950 1009//954 1010//955 
f 1011//956 1007//952 1012//957 
f 1009//954 1013//958 1014//959 
f 1015//960 1011//956 1016//961 
f 1013//958 1017//962 1018//963 
f 1019//964 1015//960 1020//965 
f 1017//962 1021//966 1022//967 
f 1023//968 1019//964 1024//969 
f 1021//966 1025//970 1026//971 
f 1027//972 1023//968 1028//973 
f 1025//970 1029//974 1030//975 
f 1031//976 1027//972 1032//977 
f 1029//974 1033//978 1034//979 
f 1035//980 1031//976 1036//981 
f 1033//978 1037//982 1038//983 
f 1039//984 1035//980 1040//985 
f 1037//982 1041//986 1042//987 
f 1043//988 1039//984 1044//989 
f 1041//986 1045//990 1046//991 
f 1047//992 1043//988 1048//993 
f 1045//990 1049//994 1050//995 
f 1051//996 1047//992 1052//997 
f 1049//994 1053//998 1054//997 
f 1055//999 1051//996 1056//1000 
f 1053//998 1057//1001 1058//1002 
f 1059//1003 1055//999 1060//1004 
f 1057//1001 1061//1005 1062//1006 
f 1063//1007 1059//1003 1064//1008 
f 1061//1005 1065//1009 1066//1010 
f 1067//1011 1063//1007 1068//1012 
f 1065//1009 1069//1013 1070//1014 
f 1071//1015 1067//1011 1072//1016 
f 1069//1013 1073//1017 1074//1018 
f 1075//1019 1071//1015 1076//1020 
f 1073//1017 1077//1021 1078//1022 
f 1079//1023 1075//1019 1080//1024 
f 1077//1021 1081//1025 1082//1024 
f 1083//1026 1079//1023 1084//1027 
f 1081//1025 1085//1028 1086//1029 
f 1087//1030 1083//1026 1088//1031 
f 1085//1028 1089//1032 1090//1033 
f 1091//1034 1087//1030 1092//1035 
f 1089//1032 1093//1036 1094//1037 
f 1095//1038 1091//1034 1096//1039 
f 1093//1036 1097//1040 1098//1041 
f 1099//1042 1095//1038 1100//1043 
f 1097//1040 1101//1044 1102//1045 
f 1103//1046 1099//1042 1104//1047 
f 1101//1044 1105//1048 1106//1049 
f 1107//1050 1103//1046 1108//1051 
f 1105//1048 1109//1052 1110//1053 
f 1111//1054 1107//1050 1112//1055 
f 1109//1052 1113//1056 1114//1057 
f 1115//1058 1111//1054 1116//1059 
f 1113//1056 1117//1060 1118//1061 
s 3
f 978//924 1115//1058 1119//1062 
f 1117//1060 980//926 1120//1063 
s 1
f 1121//1064 1122//1065 1123//1066 
f 1124//1067 1125//1068 1126//1069 
s 3
f 1127//1070 1121//1064 1128//1071 
f 1125//1068 1129//1072 1130//1071 
s 2
f 1131//1073 1127//1070 1132//1074 
f 1129//1072 1133//1075 1134//1076 
f 1135//1077 1131//1073 1136//1078 
f 1133//1075 1137//1079 1138//1080 
f 1139//1081 1135//1077 1140//1082 
f 1137//1079 1141//1083 1142//1084 
f 1143//1085 1139//1081 1144//1086 
f 1141//1083 1145//1087 1146//1088 
f 1147//1089 1143//1085 1148//1090 
f 1145//1087 1149//1091 1150//1092 
f 1151//1093 1147//1089 1152//1094 
f 1149//1091 1153//1095 1154//1096 
f 1155//1097 1151//1093 1156//1098 
f 1153//1095 1157//1099 1158//1100 
f 1159//1101 1155//1097 1160//1102 
f 1157//1099 1161//1103 1162//1104 
f 1163//1105 1159//1101 1164//1106 
f 1161//1103 1165//1107 1166//1108 
f 1167//1109 1163//1105 1168//1110 
f 1165//1107 1169//1111 1170//1112 
f 1171//1113 1167//1109 1172//1114 
f 1169//1111 1173//1115 1174//1116 
f 1175//1117 1171//1113 1176//1118 
f 1173//1115 1177//1119 1178//1120 
f 1179//1121 1175//1117 1180//1122 
f 1177//1119 1181//1123 1182//1122 
f 1183//1124 1179//1121 1184//1125 
f 1181//1123 1185//1126 1186//1125 
f 1187//1127 1183//1124 1188//1128 
f 1185//1126 1189//1129 1190//1130 
f 1191//1131 1187//1127 1192//1132 
f 1189//1129 1193//1133 1194//1132 
f 1195//1134 1191//1131 1196//1135 
f 1193//1133 1197//1136 1198//1135 
f 1199//1137 1195//1134 1200//1138 
f 1197//1136 1201//1139 1202//1140 
f 1203//1141 1199//1137 1204//1142 
f 1201//1139 1205//1143 1206//1142 
f 1207//1144 1203//1141 1208//1145 
f 1205//1143 1209//1146 1210//1147 
f 1211//1148 1207//1144 1212//1149 
f 1209//1146 1213//1150 1214//1151 
f 1215//1152 1211//1148 1216//1153 
f 1213//1150 1217//1154 1218//1155 
f 1219//1156 1215//1152 1220//1157 
f 1217//1154 1221//1158 1222//1157 
f 1223//1159 1219//1156 1224//1160 
f 1221//1158 1225//1161 1226//1160 
f 1227//1162 1223//1159 1228//1163 
f 1225//1161 1229//1164 1230//1165 
f 1231//1166 1227//1162 1232//1167 
f 1229//1164 1233//1168 1234//1169 
f 1235//1170 1231//1166 1236//1171 
f 1233//1168 1237//1172 1238//1173 
f 1239//1174 1235//1170 1240//1175 
f 1237//1172 1241//1176 1242//1177 
f 1243//1178 1239//1174 1244//1179 
f 1241//1176 1245//1180 1246//1179 
f 1247//1181 1243//1178 1248//1182 
f 1245//1180 1249//1183 1250//1184 
f 1251//1185 1247//1181 1252//1186 
f 1249//1183 1253//1187 1254//1188 
f 1255//1189 1251//1185 1256//1190 
f 1253//1187 1257//1191 1258//1192 
f 1259//1193 1255//1189 1260//1194 
f 1257//1191 1261//1195 1262//1196 
f 1263//1197 1259//1193 1264//1198 
f 1261//1195 1265//1199 1266//1200 
s 4
f 1122//1065 1263//1197 1267//585 
f 1265//1199 1124//1067 1268//585 
s 16
f 249//242 1269//1201 1113//1056 1270//1201 
f 249//242 1270//1201 1109//1052 1271//1201 
f 249//242 1271//1201 1105//1048 1272//1201 
f 249//242 1272//1201 1101//1044 1273//1201 
f 249//242 1273//1201 1097//1040 1274//1201 
f 249//242 1274//1201 1093//1036 1275//1201 
f 249//242 1275//1201 1089//1032 1276//1201 
f 249//242 1276//1201 1085//1028 1277//1201 
f 921//870 917//868 1278//1201 
f 921//870 1278//1201 913//865 1279//1201 
f 925//873 921//870 1280//1201 
f 929//877 925//873 1281//1201 
f 933//881 929//877 1282//1201 
f 937//885 933//881 1283//1201 
f 941//889 937//885 1284//1201 
f 945//893 941//889 1285//1201 
f 949//897 945//893 1286//1201 
f 949//897 1286//1201 909//862 1287//1201 
f 953//901 949//897 1288//1201 
f 953//901 1288//1201 905//859 1289//1201 
f 957//905 953//901 1290//1201 
f 957//905 1290//1201 901//856 1291//1201 
f 957//905 1291//1201 897//852 1292//1201 
f 957//905 1292//1201 893//848 1293//1201 
f 957//905 1293//1201 889//844 1294//1201 
f 957//905 1294//1201 885//840 1295//1201 
f 957//905 1295//1201 881//836 1296//1201 
f 957//905 1296//1201 877//832 1297//1201 
f 961//909 957//905 1298//1201 
f 961//909 1298//1201 873//829 1299//1201 
f 961//909 1299//1201 869//825 1300//1201 
f 961//909 1300//1201 865//822 1301//1201 
f 961//909 1301//1201 861//818 1302//1201 
f 961//909 1302//1201 857//815 1303//1201 
f 961//909 1303//1201 853//811 1304//1201 
f 961//909 1304//1201 849//808 1305//1201 
f 961//909 1305//1201 845//804 1306//1201 
f 961//909 1306//1201 841//800 1307//1201 
f 961//909 1307//1201 837//796 1308//1201 
f 961//909 1308//1201 833//792 1309//1201 
f 961//909 1309//1201 829//789 1310//1201 
f 961//909 1310//1201 825//785 1311//1201 
f 965//913 961//909 1312//1201 
f 965//913 1312//1201 821//782 1313//1201 
f 965//913 1313//1201 817//778 1314//1201 
f 965//913 1314//1201 813//775 1315//1201 
f 965//913 1315//1201 809//771 1316//1201 
f 965//913 1316//1201 805//767 1317//1201 
f 965//913 1317//1201 801//764 1318//1201 
f 969//917 965//913 1319//1201 
f 613//586 1320//1201 1265//1199 1321//1201 
f 617//589 613//586 1322//1201 
f 617//589 1322//1201 1261//1195 1323//1201 
f 621//593 617//589 1324//1201 
f 621//593 1324//1201 1257//1191 1325//1201 
f 625//597 621//593 1326//1201 
f 625//597 1326//1201 1253//1187 1327//1201 
f 629//601 625//597 1328//1201 
f 629//601 1328//1201 1249//1183 1329//1201 
f 633//604 629//601 1330//1201 
f 633//604 1330//1201 1245//1180 1331//1201 
f 637//608 633//604 1332//1201 
f 637//608 1332//1201 1241//1176 1333//1201 
f 641//611 637//608 1334//1201 
f 645//615 641//611 1335//1201 
f 645//615 1335//1201 1237//1172 1336//1201 
f 649//618 645//615 1337//1201 
f 649//618 1337//1201 1233//1168 1338//1201 
f 653//622 649//618 1339//1201 
f 653//622 1339//1201 1229//1164 1340//1201 
f 657//626 653//622 1341//1201 
f 657//626 1341//1201 1225//1161 1342//1201 
f 661//630 657//626 1343//1201 
f 661//630 1343//1201 1221//1158 1344//1201 
f 665//634 661//630 1345//1201 
f 665//634 1345//1201 1217//1154 1346//1201 
f 669//638 665//634 1347//1201 
f 669//638 1347//1201 1213//1150 1348//1201 
f 669//638 1348//1201 1209//1146 1349//1201 
f 673//642 669//638 1350//1201 
f 673//642 1350//1201 1205//1143 1351//1201 
f 677//646 673//642 1352//1201 
f 677//646 1352//1201 1201//1139 1353//1201 
f 681//650 677//646 1354//1201 
f 681//650 1354//1201 1197//1136 1355//1201 
f 685//654 681//650 1356//1201 
f 685//654 1356//1201 1193//1133 1357//1201 
f 689//658 685//654 1358//1201 
f 693//662 689//658 1359//1201 
f 693//662 1359//1201 1189//1129 1360//1201 
f 697//666 693//662 1361//1201 
f 697//666 1361//1201 1185//1126 1362//1201 
f 701//669 697//666 1363//1201 
f 705//672 701//669 1364//1201 
f 705//672 1364//1201 1181//1123 1365//1201 
f 709//676 705//672 1366//1201 
f 713//680 709//676 1367//1201 
f 713//680 1367//1201 1177//1119 1368//1201 
f 717//684 713//680 1369//1201 
f 717//684 1369//1201 1173//1115 1370//1201 
f 721//688 717//684 1371//1201 
f 725//692 721//688 1372//1201 
f 725//692 1372//1201 1169//1111 1373//1201 
f 729//695 725//692 1374//1201 
f 733//699 729//695 1375//1201 
f 733//699 1375//1201 1165//1107 1376//1201 
f 737//702 733//699 1377//1201 
f 741//706 737//702 1378//1201 
f 741//706 1378//1201 1161//1103 1379//1201 
f 745//710 741//706 1380//1201 
f 749//714 745//710 1381//1201 
f 749//714 1381//1201 1157//1099 1382//1201 
f 753//718 749//714 1383//1201 
f 753//718 1383//1201 1153//1095 1384//1201 
f 757//722 753//718 1385//1201 
f 757//722 1385//1201 1149//1091 1386//1201 
f 761//726 757//722 1387//1201 
f 761//726 1387//1201 1145//1087 1388//1201 
f 765//730 761//726 1389//1201 
f 765//730 1389//1201 1141//1083 1390//1201 
f 769//734 765//730 1391//1201 
f 769//734 1391//1201 1137//1079 1392//1201 
f 773//738 769//734 1393//1201 
f 777//742 773//738 1394//1201 
f 777//742 1394//1201 1133//1075 1395//1201 
f 781//746 777//742 1396//1201 
f 785//750 781//746 1397//1201 
f 785//750 1397//1201 1129//1072 1398//1201 
f 789//754 785//750 1399//1201 
f 789//754 1399//1201 1125//1068 1400//1201 
f 793//757 789//754 1401//1201 
f 797//761 793//757 1402//1201 
f 969//917 1319//1201 797//761 1403//1201 
f 973//920 969//917 1404//1201 
f 4//4 973//920 1405//1201 
f 5//5 4//4 1406//1201 
f 9//9 5//5 1407//1201 
f 13//13 9//9 1408//1201 
f 17//17 13//13 1409//1201 
f 21//21 17//17 1410//1201 
f 25//25 21//21 1411//1201 
f 29//29 25//25 1412//1201 
f 33//33 29//29 1413//1201 
f 33//33 1413//1201 1124//1067 1414//1201 
f 33//33 1414//1201 1265//1199 1320//1201 
f 33//33 1320//1201 613//586 1415//1201 
f 33//33 1415//1201 609//582 1416//1201 
f 33//33 1416//1201 605//578 1417//1201 
f 33//33 1417//1201 601//574 1418//1201 
f 33//33 1418//1201 597//570 1419//1201 
f 33//33 1419//1201 593//566 1420//1201 
f 33//33 1420//1201 589//563 1421//1201 
f 33//33 1421//1201 585//559 1422//1201 
f 33//33 1422//1201 581//555 1423//1201 
f 33//33 1423//1201 577//551 1424//1201 
f 33//33 1424//1201 573//547 1425//1201 
f 33//33 1425//1201 569//543 1426//1201 
f 33//33 1426//1201 565//539 1427//1201 
f 33//33 1427//1201 561//535 1428//1201 
f 33//33 1428//1201 557//531 1429//1201 
f 37//37 33//33 1430//1201 
f 37//37 1430//1201 553//527 1431//1201 
f 41//41 37//37 1432//1201 
f 41//41 1432//1201 549//523 1433//1201 
f 45//45 41//41 1434//1201 
f 45//45 1434//1201 545//519 1435//1201 
f 49//49 45//45 1436//1201 
f 49//49 1436//1201 541//515 1437//1201 
f 53//53 49//49 1438//1201 
f 57//57 53//53 1439//1201 
f 57//57 1439//1201 537//511 1440//1201 
f 61//61 57//57 1441//1201 
f 65//65 61//61 1442//1201 
f 69//69 65//65 1443//1201 
f 73//73 69//69 1444//1201 
f 73//73 1444//1201 533//507 1445//1201 
f 77//77 73//73 1446//1201 
f 77//77 1446//1201 529//503 1447//1201 
f 81//81 77//77 1448//1201 
f 85//85 81//81 1449//1201 
f 85//85 1449//1201 525//499 1450//1201 
f 89//89 85//85 1451//1201 
f 93//93 89//89 1452//1201 
f 97//96 93//93 1453//1201 
f 97//96 1453//1201 521//495 1454//1201 
f 101//100 97//96 1455//1201 
f 105//104 101//100 1456//1201 
f 109//108 105//104 1457//1201 
f 109//108 1457//1201 517//491 1458//1201 
f 113//112 109//108 1459//1201 
f 117//116 113//112 1460//1201 
f 121//120 117//116 1461//1201 
f 125//124 121//120 1462//1201 
f 129//128 125//124 1463//1201 
f 129//128 1463//1201 513//487 1464//1201 
f 133//132 129//128 1465//1201 
f 137//136 133//132 1466//1201 
f 141//140 137//136 1467//1201 
f 145//143 141//140 1468//1201 
f 145//143 1468//1201 509//484 1469//1201 
f 149//147 145//143 1470//1201 
f 153//151 149//147 1471//1201 
f 157//155 153//151 1472//1201 
f 157//155 1472//1201 505//480 1473//1201 
f 161//159 157//155 1474//1201 
f 165//163 161//159 1475//1201 
f 165//163 1475//1201 501//476 1476//1201 
f 169//167 165//163 1477//1201 
f 173//171 169//167 1478//1201 
f 173//171 1478//1201 497//473 1479//1201 
f 177//175 173//171 1480//1201 
f 177//175 1480//1201 493//469 1481//1201 
f 177//175 1481//1201 489//465 1482//1201 
f 177//175 1482//1201 485//461 1483//1201 
f 469//445 465//442 1484//1201 
f 473//449 469//445 1485//1201 
f 473//449 1485//1201 461//439 1486//1201 
f 477//453 473//449 1487//1201 
f 481//457 477//453 1488//1201 
f 481//457 1488//1201 457//435 1489//1201 
f 481//457 1489//1201 453//432 1490//1201 
f 177//175 1483//1201 481//457 1491//1201 
f 177//175 1491//1201 449//428 1492//1201 
f 181//179 177//175 1493//1201 
f 185//183 181//179 1494//1201 
f 185//183 1494//1201 445//425 1495//1201 
f 189//187 185//183 1496//1201 
f 189//187 1496//1201 441//422 1497//1201 
f 193//190 189//187 1498//1201 
f 197//194 193//190 1499//1201 
f 197//194 1499//1201 437//419 1500//1201 
f 201//198 197//194 1501//1201 
f 205//201 201//198 1502//1201 
f 205//201 1502//1201 433//415 1503//1201 
f 209//205 205//201 1504//1201 
f 213//209 209//205 1505//1201 
f 213//209 1505//1201 429//411 1506//1201 
f 217//213 213//209 1507//1201 
f 221//217 217//213 1508//1201 
f 221//217 1508//1201 425//407 1509//1201 
f 225//220 221//217 1510//1201 
f 225//220 1510//1201 421//404 1511//1201 
f 229//224 225//220 1512//1201 
f 233//228 229//224 1513//1201 
f 233//228 1513//1201 417//400 1514//1201 
f 237//231 233//228 1515//1201 
f 241//234 237//231 1516//1201 
f 241//234 1516//1201 413//397 1517//1201 
f 245//238 241//234 1518//1201 
f 245//238 1518//1201 409//393 1519//1201 
f 249//242 245//238 1520//1201 
f 249//242 1520//1201 405//390 1521//1201 
f 249//242 1521//1201 401//386 1522//1201 
f 249//242 1522//1201 397//382 1523//1201 
f 1117//1060 1113//1056 1524//1201 
f 980//926 1117//1060 1525//1201 
f 980//926 1525//1201 393//378 1526//1201 
f 981//927 980//926 1527//1201 
f 981//927 1527//1201 389//375 1528//1201 
f 985//931 981//927 1529//1201 
f 985//931 1529//1201 385//372 1530//1201 
f 989//934 985//931 1531//1201 
f 989//934 1531//1201 381//369 1532//1201 
f 993//938 989//934 1533//1201 
f 993//938 1533//1201 377//365 1534//1201 
f 997//942 993//938 1535//1201 
f 997//942 1535//1201 373//361 1536//1201 
f 1001//946 997//942 1537//1201 
f 1001//946 1537//1201 369//357 1538//1201 
f 1005//950 1001//946 1539//1201 
f 1005//950 1539//1201 365//353 1540//1201 
f 1009//954 1005//950 1541//1201 
f 1009//954 1541//1201 361//349 1542//1201 
f 1013//958 1009//954 1543//1201 
f 1013//958 1543//1201 357//345 1544//1201 
f 1017//962 1013//958 1545//1201 
f 1017//962 1545//1201 353//341 1546//1201 
f 1021//966 1017//962 1547//1201 
f 1021//966 1547//1201 349//337 1548//1201 
f 1025//970 1021//966 1549//1201 
f 1025//970 1549//1201 345//333 1550//1201 
f 1029//974 1025//970 1551//1201 
f 1029//974 1551//1201 341//329 1552//1201 
f 1033//978 1029//974 1553//1201 
f 1033//978 1553//1201 337//325 1554//1201 
f 1033//978 1554//1201 333//321 1555//1201 
f 1037//982 1033//978 1556//1201 
f 1037//982 1556//1201 329//317 1557//1201 
f 1041//986 1037//982 1558//1201 
f 1045//990 1041//986 1559//1201 
f 1045//990 1559//1201 325//313 1560//1201 
f 1049//994 1045//990 1561//1201 
f 1049//994 1561//1201 321//309 1562//1201 
f 1053//998 1049//994 1563//1201 
f 1053//998 1563//1201 317//306 1564//1201 
f 1057//1001 1053//998 1565//1201 
f 1057//1001 1565//1201 313//302 1566//1201 
f 1061//1005 1057//1001 1567//1201 
f 1061//1005 1567//1201 309//299 1568//1201 
f 1065//1009 1061//1005 1569//1201 
f 1065//1009 1569//1201 305//296 1570//1201 
f 1069//1013 1065//1009 1571//1201 
f 1069//1013 1571//1201 301//292 1572//1201 
f 1073//1017 1069//1013 1573//1201 
f 1073//1017 1573//1201 297//288 1574//1201 
f 1077//1021 1073//1017 1575//1201 
f 1081//1025 1077//1021 1576//1201 
f 1081//1025 1576//1201 293//284 1577//1201 
f 1081//1025 1577//1201 289//281 1578//1201 
f 1081//1025 1578//1201 285//277 1579//1201 
f 1081//1025 1579//1201 281//273 1580//1201 
f 1081//1025 1580//1201 277//269 1581//1201 
f 1081//1025 1581//1201 273//265 1582//1201 
f 1081//1025 1582//1201 269//261 1583//1201 
f 1081//1025 1583//1201 265//258 1584//1201 
f 1081//1025 1584//1201 261//254 1585//1201 
f 1081//1025 1585//1201 257//250 1586//1201 
f 249//242 1277//1201 1081//1025 1587//1201 
f 459//437 463//440 1588//1202 
f 459//437 1588//1202 467//443 1589//1202 
f 455//433 459//437 1590//1202 
f 455//433 1590//1202 471//447 1591//1202 
f 455//433 1591//1202 475//451 1592//1202 
f 451//430 455//433 1593//1202 
f 447//426 451//430 1594//1202 
f 1259//1193 1263//1197 1595//1202 
f 1259//1193 1595//1202 611//584 1596//1202 
f 1255//1189 1259//1193 1597//1202 
f 1255//1189 1597//1202 615//587 1598//1202 
f 1251//1185 1255//1189 1599//1202 
f 1251//1185 1599//1202 619//591 1600//1202 
f 1247//1181 1251//1185 1601//1202 
f 1247//1181 1601//1202 623//595 1602//1202 
f 1243//1178 1247//1181 1603//1202 
f 1243//1178 1603//1202 627//599 1604//1202 
f 1239//1174 1243//1178 1605//1202 
f 1239//1174 1605//1202 631//602 1606//1202 
f 1235//1170 1239//1174 1607//1202 
f 1235//1170 1607//1202 635//606 1608//1202 
f 1235//1170 1608//1202 639//609 1609//1202 
f 1231//1166 1235//1170 1610//1202 
f 1231//1166 1610//1202 643//613 1611//1202 
f 1227//1162 1231//1166 1612//1202 
f 1227//1162 1612//1202 647//616 1613//1202 
f 1223//1159 1227//1162 1614//1202 
f 1223//1159 1614//1202 651//620 1615//1202 
f 1219//1156 1223//1159 1616//1202 
f 1219//1156 1616//1202 655//624 1617//1202 
f 1215//1152 1219//1156 1618//1202 
f 1215//1152 1618//1202 659//628 1619//1202 
f 1211//1148 1215//1152 1620//1202 
f 1211//1148 1620//1202 663//632 1621//1202 
f 1207//1144 1211//1148 1622//1202 
f 1203//1141 1207//1144 1623//1202 
f 1203//1141 1623//1202 667//636 1624//1202 
f 1199//1137 1203//1141 1625//1202 
f 1199//1137 1625//1202 671//640 1626//1202 
f 1195//1134 1199//1137 1627//1202 
f 1195//1134 1627//1202 675//644 1628//1202 
f 1191//1131 1195//1134 1629//1202 
f 1191//1131 1629//1202 679//648 1630//1202 
f 1187//1127 1191//1131 1631//1202 
f 1187//1127 1631//1202 683//652 1632//1202 
f 1187//1127 1632//1202 687//656 1633//1202 
f 1183//1124 1187//1127 1634//1202 
f 1183//1124 1634//1202 691//660 1635//1202 
f 1179//1121 1183//1124 1636//1202 
f 1179//1121 1636//1202 695//664 1637//1202 
f 1179//1121 1637//1202 699//667 1638//1202 
f 1175//1117 1179//1121 1639//1202 
f 1175//1117 1639//1202 703//670 1640//1202 
f 1175//1117 1640//1202 707//674 1641//1202 
f 1171//1113 1175//1117 1642//1202 
f 1171//1113 1642//1202 711//678 1643//1202 
f 1167//1109 1171//1113 1644//1202 
f 1167//1109 1644//1202 715//682 1645//1202 
f 1167//1109 1645//1202 719//686 1646//1202 
f 1163//1105 1167//1109 1647//1202 
f 1163//1105 1647//1202 723//690 1648//1202 
f 1163//1105 1648//1202 727//693 1649//1202 
f 1159//1101 1163//1105 1650//1202 
f 1159//1101 1650//1202 731//697 1651//1202 
f 1159//1101 1651//1202 735//700 1652//1202 
f 1155//1097 1159//1101 1653//1202 
f 1155//1097 1653//1202 739//704 1654//1202 
f 1155//1097 1654//1202 743//708 1655//1202 
f 1151//1093 1155//1097 1656//1202 
f 1151//1093 1656//1202 747//712 1657//1202 
f 1147//1089 1151//1093 1658//1202 
f 1147//1089 1658//1202 751//716 1659//1202 
f 1143//1085 1147//1089 1660//1202 
f 1143//1085 1660//1202 755//720 1661//1202 
f 1139//1081 1143//1085 1662//1202 
f 1139//1081 1662//1202 759//724 1663//1202 
f 1135//1077 1139//1081 1664//1202 
f 1135//1077 1664//1202 763//728 1665//1202 
f 1131//1073 1135//1077 1666//1202 
f 1131//1073 1666//1202 767//732 1667//1202 
f 1131//1073 1667//1202 771//736 1668//1202 
f 1127//1070 1131//1073 1669//1202 
f 1127//1070 1669//1202 775//740 1670//1202 
f 1127//1070 1670//1202 779//744 1671//1202 
f 1121//1064 1127//1070 1672//1202 
f 1121//1064 1672//1202 783//748 1673//1202 
f 1122//1065 1121//1064 1674//1202 
f 1122//1065 1674//1202 787//752 1675//1202 
f 1122//1065 1675//1202 791//755 1676//1202 
f 911//864 915//866 1677//1202 
f 907//860 911//864 1678//1202 
f 907//860 1678//1202 919//869 1679//1202 
f 907//860 1679//1202 923//871 1680//1202 
f 907//860 1680//1202 927//875 1681//1202 
f 907//860 1681//1202 931//879 1682//1202 
f 907//860 1682//1202 935//883 1683//1202 
f 907//860 1683//1202 939//887 1684//1202 
f 907//860 1684//1202 943//891 1685//1202 
f 903//857 907//860 1686//1202 
f 903//857 1686//1202 947//895 1687//1202 
f 899//854 903//857 1688//1202 
f 899//854 1688//1202 951//899 1689//1202 
f 895//850 899//854 1690//1202 
f 891//846 895//850 1691//1202 
f 887//842 891//846 1692//1202 
f 883//838 887//842 1693//1202 
f 879//834 883//838 1694//1202 
f 875//830 879//834 1695//1202 
f 871//827 875//830 1696//1202 
f 871//827 1696//1202 955//903 1697//1202 
f 867//823 871//827 1698//1202 
f 863//820 867//823 1699//1202 
f 859//816 863//820 1700//1202 
f 855//813 859//816 1701//1202 
f 851//809 855//813 1702//1202 
f 847//806 851//809 1703//1202 
f 843//802 847//806 1704//1202 
f 839//798 843//802 1705//1202 
f 835//794 839//798 1706//1202 
f 831//790 835//794 1707//1202 
f 827//787 831//790 1708//1202 
f 823//783 827//787 1709//1202 
f 819//780 823//783 1710//1202 
f 819//780 1710//1202 959//907 1711//1202 
f 815//776 819//780 1712//1202 
f 811//773 815//776 1713//1202 
f 807//769 811//773 1714//1202 
f 803//765 807//769 1715//1202 
f 799//762 803//765 1716//1202 
f 795//759 799//762 1717//1202 
f 795//759 1717//1202 963//911 1718//1202 
f 1122//1065 1676//1202 795//759 1719//1202 
f 1122//1065 1719//1202 967//915 1720//1202 
f 1122//1065 1720//1202 971//919 1721//1202 
f 1122//1065 1721//1202 2//2 1722//1202 
f 1122//1065 1722//1202 1//1 1723//1202 
f 1122//1065 1723//1202 7//7 1724//1202 
f 1122//1065 1724//1202 11//11 1725//1202 
f 1122//1065 1725//1202 15//15 1726//1202 
f 1122//1065 1726//1202 19//19 1727//1202 
f 1122//1065 1727//1202 23//23 1728//1202 
f 1122//1065 1728//1202 27//27 1729//1202 
f 1263//1197 1122//1065 1730//1202 
f 611//584 1595//1202 1263//1197 1731//1202 
f 607//580 611//584 1732//1202 
f 603//576 607//580 1733//1202 
f 599//572 603//576 1734//1202 
f 595//568 599//572 1735//1202 
f 591//564 595//568 1736//1202 
f 587//561 591//564 1737//1202 
f 583//557 587//561 1738//1202 
f 579//553 583//557 1739//1202 
f 575//549 579//553 1740//1202 
f 571//545 575//549 1741//1202 
f 567//541 571//545 1742//1202 
f 563//537 567//541 1743//1202 
f 559//533 563//537 1744//1202 
f 555//529 559//533 1745//1202 
f 551//525 555//529 1746//1202 
f 551//525 1746//1202 31//31 1747//1202 
f 547//521 551//525 1748//1202 
f 547//521 1748//1202 35//35 1749//1202 
f 543//517 547//521 1750//1202 
f 543//517 1750//1202 39//39 1751//1202 
f 539//513 543//517 1752//1202 
f 539//513 1752//1202 43//43 1753//1202 
f 535//509 539//513 1754//1202 
f 535//509 1754//1202 47//47 1755//1202 
f 535//509 1755//1202 51//51 1756//1202 
f 531//505 535//509 1757//1202 
f 531//505 1757//1202 55//55 1758//1202 
f 531//505 1758//1202 59//59 1759//1202 
f 531//505 1759//1202 63//63 1760//1202 
f 531//505 1760//1202 67//67 1761//1202 
f 527//501 531//505 1762//1202 
f 527//501 1762//1202 71//71 1763//1202 
f 523//497 527//501 1764//1202 
f 523//497 1764//1202 75//75 1765//1202 
f 523//497 1765//1202 79//79 1766//1202 
f 519//493 523//497 1767//1202 
f 519//493 1767//1202 83//83 1768//1202 
f 519//493 1768//1202 87//87 1769//1202 
f 519//493 1769//1202 91//91 1770//1202 
f 515//489 519//493 1771//1202 
f 515//489 1771//1202 95//94 1772//1202 
f 515//489 1772//1202 99//98 1773//1202 
f 515//489 1773//1202 103//102 1774//1202 
f 511//485 515//489 1775//1202 
f 511//485 1775//1202 107//106 1776//1202 
f 511//485 1776//1202 111//110 1777//1202 
f 511//485 1777//1202 115//114 1778//1202 
f 511//485 1778//1202 119//118 1779//1202 
f 511//485 1779//1202 123//122 1780//1202 
f 507//482 511//485 1781//1202 
f 507//482 1781//1202 127//126 1782//1202 
f 507//482 1782//1202 131//130 1783//1202 
f 507//482 1783//1202 135//134 1784//1202 
f 507//482 1784//1202 139//138 1785//1202 
f 503//478 507//482 1786//1202 
f 503//478 1786//1202 143//141 1787//1202 
f 503//478 1787//1202 147//145 1788//1202 
f 503//478 1788//1202 151//149 1789//1202 
f 499//474 503//478 1790//1202 
f 499//474 1790//1202 155//153 1791//1202 
f 499//474 1791//1202 159//157 1792//1202 
f 495//471 499//474 1793//1202 
f 495//471 1793//1202 163//161 1794//1202 
f 495//471 1794//1202 167//165 1795//1202 
f 491//467 495//471 1796//1202 
f 491//467 1796//1202 171//169 1797//1202 
f 487//463 491//467 1798//1202 
f 483//459 487//463 1799//1202 
f 479//455 483//459 1800//1202 
f 447//426 1594//1202 479//455 1801//1202 
f 443//423 447//426 1802//1202 
f 443//423 1802//1202 175//173 1803//1202 
f 443//423 1803//1202 179//177 1804//1202 
f 439//420 443//423 1805//1202 
f 439//420 1805//1202 183//181 1806//1202 
f 435//417 439//420 1807//1202 
f 435//417 1807//1202 187//185 1808//1202 
f 435//417 1808//1202 191//188 1809//1202 
f 431//413 435//417 1810//1202 
f 431//413 1810//1202 195//192 1811//1202 
f 431//413 1811//1202 199//196 1812//1202 
f 427//409 431//413 1813//1202 
f 427//409 1813//1202 203//199 1814//1202 
f 427//409 1814//1202 207//203 1815//1202 
f 423//405 427//409 1816//1202 
f 423//405 1816//1202 211//207 1817//1202 
f 423//405 1817//1202 215//211 1818//1202 
f 419//402 423//405 1819//1202 
f 419//402 1819//1202 219//215 1820//1202 
f 415//398 419//402 1821//1202 
f 415//398 1821//1202 223//218 1822//1202 
f 415//398 1822//1202 227//222 1823//1202 
f 411//395 415//398 1824//1202 
f 411//395 1824//1202 231//226 1825//1202 
f 411//395 1825//1202 235//229 1826//1202 
f 407//391 411//395 1827//1202 
f 407//391 1827//1202 239//232 1828//1202 
f 403//388 407//391 1829//1202 
f 403//388 1829//1202 243//236 1830//1202 
f 399//384 403//388 1831//1202 
f 395//380 399//384 1832//1202 
f 391//376 395//380 1833//1202 
f 391//376 1833//1202 247//240 1834//1202 
f 391//376 1834//1202 1111//1054 1835//1202 
f 391//376 1835//1202 1115//1058 1836//1202 
f 387//373 391//376 1837//1202 
f 387//373 1837//1202 978//924 1838//1202 
f 383//370 387//373 1839//1202 
f 383//370 1839//1202 977//923 1840//1202 
f 379//367 383//370 1841//1202 
f 379//367 1841//1202 983//929 1842//1202 
f 375//363 379//367 1843//1202 
f 375//363 1843//1202 987//932 1844//1202 
f 371//359 375//363 1845//1202 
f 371//359 1845//1202 991//936 1846//1202 
f 367//355 371//359 1847//1202 
f 367//355 1847//1202 995//940 1848//1202 
f 363//351 367//355 1849//1202 
f 363//351 1849//1202 999//944 1850//1202 
f 359//347 363//351 1851//1202 
f 359//347 1851//1202 1003//948 1852//1202 
f 355//343 359//347 1853//1202 
f 355//343 1853//1202 1007//952 1854//1202 
f 351//339 355//343 1855//1202 
f 351//339 1855//1202 1011//956 1856//1202 
f 347//335 351//339 1857//1202 
f 347//335 1857//1202 1015//960 1858//1202 
f 343//331 347//335 1859//1202 
f 343//331 1859//1202 1019//964 1860//1202 
f 339//327 343//331 1861//1202 
f 339//327 1861//1202 1023//968 1862//1202 
f 335//323 339//327 1863//1202 
f 335//323 1863//1202 1027//972 1864//1202 
f 331//319 335//323 1865//1202 
f 327//315 331//319 1866//1202 
f 327//315 1866//1202 1031//976 1867//1202 
f 323//311 327//315 1868//1202 
f 323//311 1868//1202 1035//980 1869//1202 
f 323//311 1869//1202 1039//984 1870//1202 
f 319//307 323//311 1871//1202 
f 319//307 1871//1202 1043//988 1872//1202 
f 315//304 319//307 1873//1202 
f 315//304 1873//1202 1047//992 1874//1202 
f 311//300 315//304 1875//1202 
f 311//300 1875//1202 1051//996 1876//1202 
f 307//297 311//300 1877//1202 
f 307//297 1877//1202 1055//999 1878//1202 
f 303//294 307//297 1879//1202 
f 303//294 1879//1202 1059//1003 1880//1202 
f 299//290 303//294 1881//1202 
f 299//290 1881//1202 1063//1007 1882//1202 
f 295//286 299//290 1883//1202 
f 295//286 1883//1202 1067//1011 1884//1202 
f 291//282 295//286 1885//1202 
f 291//282 1885//1202 1071//1015 1886//1202 
f 291//282 1886//1202 1075//1019 1887//1202 
f 287//279 291//282 1888//1202 
f 283//275 287//279 1889//1202 
f 279//271 283//275 1890//1202 
f 275//267 279//271 1891//1202 
f 271//263 275//267 1892//1202 
f 267//259 271//263 1893//1202 
f 263//256 267//259 1894//1202 
f 259//252 263//256 1895//1202 
f 255//248 259//252 1896//1202 
f 251//244 255//248 1897//1202 
f 247//240 251//244 1898//1202 
f 247//240 1898//1202 1079//1023 1899//1202 
f 247//240 1899//1202 1083//1026 1900//1202 
f 247//240 1900//1202 1087//1030 1901//1202 
f 247//240 1901//1202 1091//1034 1902//1202 
f 247//240 1902//1202 1095//1038 1903//1202 
f 247//240 1903//1202 1099//1042 1904//1202 
f 247//240 1904//1202 1103//1046 1905//1202 
f 247//240 1905//1202 1107//1050 1906//1202 
s 1
f 3//3 2//2 4//4 
f 1//1 3//3 4//4 6//6 
f 6//6 5//5 1//1 
s 3
f 8//8 1//1 5//5 
f 7//7 8//8 5//5 10//10 
f 10//10 9//9 7//7 
s 2
f 12//12 7//7 9//9 
f 11//11 12//12 9//9 14//14 
f 14//14 13//13 11//11 
f 16//16 11//11 13//13 
f 15//15 16//16 13//13 18//18 
f 18//18 17//17 15//15 
f 20//20 15//15 17//17 
f 19//19 20//20 17//17 22//22 
f 22//22 21//21 19//19 
f 24//24 19//19 21//21 
f 23//23 24//24 21//21 26//26 
f 26//26 25//25 23//23 
f 28//28 23//23 25//25 
f 27//27 28//28 25//25 30//30 
f 30//30 29//29 27//27 
f 32//32 27//27 29//29 
f 31//31 32//32 29//29 34//34 
f 34//34 33//33 31//31 
f 36//36 31//31 33//33 
f 35//35 36//36 33//33 38//38 
f 38//38 37//37 35//35 
f 40//40 35//35 37//37 
f 39//39 40//40 37//37 42//42 
f 42//42 41//41 39//39 
f 44//44 39//39 41//41 
f 43//43 44//44 41//41 46//46 
f 46//46 45//45 43//43 
f 48//48 43//43 45//45 
f 47//47 48//48 45//45 50//50 
f 50//50 49//49 47//47 
f 52//52 47//47 49//49 
f 51//51 52//52 49//49 54//54 
f 54//54 53//53 51//51 
f 56//56 51//51 53//53 
f 55//55 56//56 53//53 58//58 
f 58//58 57//57 55//55 
f 60//60 55//55 57//57 
f 59//59 60//60 57//57 62//62 
f 62//62 61//61 59//59 
f 64//64 59//59 61//61 
f 63//63 64//64 61//61 66//66 
f 66//66 65//65 63//63 
f 68//68 63//63 65//65 
f 67//67 68//68 65//65 70//70 
f 70//70 69//69 67//67 
f 72//72 67//67 69//69 
f 71//71 72//72 69//69 74//74 
f 74//74 73//73 71//71 
f 76//76 71//71 73//73 
f 75//75 76//76 73//73 78//78 
f 78//78 77//77 75//75 
f 80//80 75//75 77//77 
f 79//79 80//80 77//77 82//82 
f 82//82 81//81 79//79 
f 84//84 79//79 81//81 
f 83//83 84//84 81//81 86//86 
f 86//86 85//85 83//83 
f 88//88 83//83 85//85 
f 87//87 88//88 85//85 90//90 
f 90//90 89//89 87//87 
f 92//92 87//87 89//89 
f 91//91 92//92 89//89 94//92 
f 94//92 93//93 91//91 
f 96//95 91//91 93//93 
f 95//94 96//95 93//93 98//97 
f 98//97 97//96 95//94 
f 100//99 95//94 97//96 
f 99//98 100//99 97//96 102//101 
f 102//101 101//100 99//98 
f 104//103 99//98 101//100 
f 103//102 104//103 101//100 106//105 
f 106//105 105//104 103//102 
f 108//107 103//102 105//104 
f 107//106 108//107 105//104 110//109 
f 110//109 109//108 107//106 
f 112//111 107//106 109//108 
f 111//110 112//111 109//108 114//113 
f 114//113 113//112 111//110 
f 116//115 111//110 113//112 
f 115//114 116//115 113//112 118//117 
f 118//117 117//116 115//114 
f 120//119 115//114 117//116 
f 119//118 120//119 117//116 122//121 
f 122//121 121//120 119//118 
f 124//123 119//118 121//120 
f 123//122 124//123 121//120 126//125 
f 126//125 125//124 123//122 
f 128//127 123//122 125//124 
f 127//126 128//127 125//124 130//129 
f 130//129 129//128 127//126 
f 132//131 127//126 129//128 
f 131//130 132//131 129//128 134//133 
f 134//133 133//132 131//130 
f 136//135 131//130 133//132 
f 135//134 136//135 133//132 138//137 
f 138//137 137//136 135//134 
f 140//139 135//134 137//136 
f 139//138 140//139 137//136 142//139 
f 142//139 141//140 139//138 
f 144//142 139//138 141//140 
f 143//141 144//142 141//140 146//144 
f 146//144 145//143 143//141 
f 148//146 143//141 145//143 
f 147//145 148//146 145//143 150//148 
f 150//148 149//147 147//145 
f 152//150 147//145 149//147 
f 151//149 152//150 149//147 154//152 
f 154//152 153//151 151//149 
f 156//154 151//149 153//151 
f 155//153 156//154 153//151 158//156 
f 158//156 157//155 155//153 
f 160//158 155//153 157//155 
f 159//157 160//158 157//155 162//160 
f 162//160 161//159 159//157 
f 164//162 159//157 161//159 
f 163//161 164//162 161//159 166//164 
f 166//164 165//163 163//161 
f 168//166 163//161 165//163 
f 167//165 168//166 165//163 170//168 
f 170//168 169//167 167//165 
f 172//170 167//165 169//167 
f 171//169 172//170 169//167 174//172 
f 174//172 173//171 171//169 
f 176//174 171//169 173//171 
f 175//173 176//174 173//171 178//176 
f 178//176 177//175 175//173 
s 4
f 180//178 175//173 177//175 
f 179//177 180//178 177//175 182//180 
f 182//180 181//179 179//177 
f 184//182 179//177 181//179 
f 183//181 184//182 181//179 186//184 
f 186//184 185//183 183//181 
f 188//186 183//181 185//183 
f 187//185 188//186 185//183 190//186 
f 190//186 189//187 187//185 
f 192//189 187//185 189//187 
f 191//188 192//189 189//187 194//191 
f 194//191 193//190 191//188 
f 196//193 191//188 193//190 
f 195//192 196//193 193//190 198//195 
f 198//195 197//194 195//192 
f 200//197 195//192 197//194 
f 199//196 200//197 197//194 202//197 
f 202//197 201//198 199//196 
f 204//200 199//196 201//198 
f 203//199 204//200 201//198 206//202 
f 206//202 205//201 203//199 
f 208//204 203//199 205//201 
f 207//203 208//204 205//201 210//206 
f 210//206 209//205 207//203 
f 212//208 207//203 209//205 
f 211//207 212//208 209//205 214//210 
f 214//210 213//209 211//207 
f 216//212 211//207 213//209 
f 215//211 216//212 213//209 218//214 
f 218//214 217//213 215//211 
f 220//216 215//211 217//213 
f 219//215 220//216 217//213 222//216 
f 222//216 221//217 219//215 
f 224//219 219//215 221//217 
f 223//218 224//219 221//217 226//221 
f 226//221 225//220 223//218 
f 228//223 223//218 225//220 
f 227//222 228//223 225//220 230//225 
f 230//225 229//224 227//222 
f 232//227 227//222 229//224 
f 231//226 232//227 229//224 234//227 
f 234//227 233//228 231//226 
f 236//230 231//226 233//228 
f 235//229 236//230 233//228 238//230 
f 238//230 237//231 235//229 
f 240//233 235//229 237//231 
f 239//232 240//233 237//231 242//235 
f 242//235 241//234 239//232 
f 244//237 239//232 241//234 
f 243//236 244//237 241//234 246//239 
f 246//239 245//238 243//236 
f 248//241 243//236 245//238 
f 247//240 248//241 245//238 250//243 
f 250//243 249//242 247//240 
f 252//245 247//240 249//242 
f 251//244 252//245 249//242 254//247 
f 254//247 253//246 251//244 
f 256//249 251//244 253//246 
f 255//248 256//249 253//246 258//251 
f 258//251 257//250 255//248 
f 260//253 255//248 257//250 
f 259//252 260//253 257//250 262//255 
f 262//255 261//254 259//252 
f 264//257 259//252 261//254 
f 263//256 264//257 261//254 266//257 
f 266//257 265//258 263//256 
f 268//260 263//256 265//258 
f 267//259 268//260 265//258 270//262 
f 270//262 269//261 267//259 
f 272//264 267//259 269//261 
f 271//263 272//264 269//261 274//266 
f 274//266 273//265 271//263 
f 276//268 271//263 273//265 
f 275//267 276//268 273//265 278//270 
f 278//270 277//269 275//267 
f 280//272 275//267 277//269 
f 279//271 280//272 277//269 282//274 
f 282//274 281//273 279//271 
f 284//276 279//271 281//273 
f 283//275 284//276 281//273 286//278 
f 286//278 285//277 283//275 
f 288//280 283//275 285//277 
f 287//279 288//280 285//277 290//280 
f 290//280 289//281 287//279 
f 292//283 287//279 289//281 
f 291//282 292//283 289//281 294//285 
f 294//285 293//284 291//282 
f 296//287 291//282 293//284 
f 295//286 296//287 293//284 298//289 
f 298//289 297//288 295//286 
f 300//291 295//286 297//288 
f 299//290 300//291 297//288 302//293 
f 302//293 301//292 299//290 
f 304//295 299//290 301//292 
f 303//294 304//295 301//292 306//295 
f 306//295 305//296 303//294 
f 308//298 303//294 305//296 
f 307//297 308//298 305//296 310//298 
f 310//298 309//299 307//297 
f 312//301 307//297 309//299 
f 311//300 312//301 309//299 314//303 
f 314//303 313//302 311//300 
f 316//305 311//300 313//302 
f 315//304 316//305 313//302 318//305 
f 318//305 317//306 315//304 
f 320//308 315//304 317//306 
f 319//307 320//308 317//306 322//310 
f 322//310 321//309 319//307 
f 324//312 319//307 321//309 
f 323//311 324//312 321//309 326//314 
f 326//314 325//313 323//311 
f 328//316 323//311 325//313 
f 327//315 328//316 325//313 330//318 
f 330//318 329//317 327//315 
f 332//320 327//315 329//317 
f 331//319 332//320 329//317 334//322 
f 334//322 333//321 331//319 
f 336//324 331//319 333//321 
f 335//323 336//324 333//321 338//326 
f 338//326 337//325 335//323 
f 340//328 335//323 337//325 
f 339//327 340//328 337//325 342//330 
f 342//330 341//329 339//327 
f 344//332 339//327 341//329 
f 343//331 344//332 341//329 346//334 
f 346//334 345//333 343//331 
f 348//336 343//331 345//333 
f 347//335 348//336 345//333 350//338 
f 350//338 349//337 347//335 
f 352//340 347//335 349//337 
f 351//339 352//340 349//337 354//342 
f 354//342 353//341 351//339 
f 356//344 351//339 353//341 
f 355//343 356//344 353//341 358//346 
f 358//346 357//345 355//343 
f 360//348 355//343 357//345 
f 359//347 360//348 357//345 362//350 
f 362//350 361//349 359//347 
f 364//352 359//347 361//349 
f 363//351 364//352 361//349 366//354 
f 366//354 365//353 363//351 
f 368//356 363//351 365//353 
f 367//355 368//356 365//353 370//358 
f 370//358 369//357 367//355 
f 372//360 367//355 369//357 
f 371//359 372//360 369//357 374//362 
f 374//362 373//361 371//359 
f 376//364 371//359 373//361 
f 375//363 376//364 373//361 378//366 
f 378//366 377//365 375//363 
f 380//368 375//363 377//365 
f 379//367 380//368 377//365 382//368 
f 382//368 381//369 379//367 
f 384//371 379//367 381//369 
f 383//370 384//371 381//369 386//371 
f 386//371 385//372 383//370 
f 388//374 383//370 385//372 
f 387//373 388//374 385//372 390//374 
f 390//374 389//375 387//373 
f 392//377 387//373 389//375 
f 391//376 392//377 389//375 394//379 
f 394//379 393//378 391//376 
s 2
f 396//381 391//376 393//378 
f 395//380 396//381 393//378 398//383 
f 398//383 397//382 395//380 
f 400//385 395//380 397//382 
f 399//384 400//385 397//382 402//387 
f 402//387 401//386 399//384 
f 404//389 399//384 401//386 
f 403//388 404//389 401//386 406//389 
f 406//389 405//390 403//388 
f 408//392 403//388 405//390 
f 407//391 408//392 405//390 410//394 
f 410//394 409//393 407//391 
f 412//396 407//391 409//393 
f 411//395 412//396 409//393 414//396 
f 414//396 413//397 411//395 
f 416//399 411//395 413//397 
f 415//398 416//399 413//397 418//401 
f 418//401 417//400 415//398 
f 420//403 415//398 417//400 
f 419//402 420//403 417//400 422//403 
f 422//403 421//404 419//402 
f 424//406 419//402 421//404 
f 423//405 424//406 421//404 426//408 
f 426//408 425//407 423//405 
f 428//410 423//405 425//407 
f 427//409 428//410 425//407 430//412 
f 430//412 429//411 427//409 
f 432//414 427//409 429//411 
f 431//413 432//414 429//411 434//416 
f 434//416 433//415 431//413 
f 436//418 431//413 433//415 
f 435//417 436//418 433//415 438//418 
f 438//418 437//419 435//417 
f 440//421 435//417 437//419 
f 439//420 440//421 437//419 442//421 
f 442//421 441//422 439//420 
f 444//424 439//420 441//422 
f 443//423 444//424 441//422 446//424 
f 446//424 445//425 443//423 
f 448//427 443//423 445//425 
f 447//426 448//427 445//425 450//429 
f 450//429 449//428 447//426 
f 452//431 447//426 449//428 
f 451//430 452//431 449//428 454//431 
f 454//431 453//432 451//430 
f 456//434 451//430 453//432 
f 455//433 456//434 453//432 458//436 
f 458//436 457//435 455//433 
f 460//438 455//433 457//435 
f 459//437 460//438 457//435 462//438 
f 462//438 461//439 459//437 
f 464//441 459//437 461//439 
f 463//440 464//441 461//439 466//441 
f 466//441 465//442 463//440 
s 4
f 468//444 463//440 465//442 
f 467//443 468//444 465//442 470//446 
f 470//446 469//445 467//443 
f 472//448 467//443 469//445 
f 471//447 472//448 469//445 474//450 
f 474//450 473//449 471//447 
f 476//452 471//447 473//449 
f 475//451 476//452 473//449 478//454 
f 478//454 477//453 475//451 
f 480//456 475//451 477//453 
f 479//455 480//456 477//453 482//458 
f 482//458 481//457 479//455 
f 484//460 479//455 481//457 
f 483//459 484//460 481//457 486//462 
f 486//462 485//461 483//459 
f 488//464 483//459 485//461 
f 487//463 488//464 485//461 490//466 
f 490//466 489//465 487//463 
f 492//468 487//463 489//465 
f 491//467 492//468 489//465 494//470 
f 494//470 493//469 491//467 
f 496//472 491//467 493//469 
f 495//471 496//472 493//469 498//472 
f 498//472 497//473 495//471 
f 500//475 495//471 497//473 
f 499//474 500//475 497//473 502//477 
f 502//477 501//476 499//474 
f 504//479 499//474 501//476 
f 503//478 504//479 501//476 506//481 
f 506//481 505//480 503//478 
f 508//483 503//478 505//480 
f 507//482 508//483 505//480 510//483 
f 510//483 509//484 507//482 
f 512//486 507//482 509//484 
f 511//485 512//486 509//484 514//488 
f 514//488 513//487 511//485 
f 516//490 511//485 513//487 
f 515//489 516//490 513//487 518//492 
f 518//492 517//491 515//489 
f 520//494 515//489 517//491 
f 519//493 520//494 517//491 522//496 
f 522//496 521//495 519//493 
f 524//498 519//493 521//495 
f 523//497 524//498 521//495 526//500 
f 526//500 525//499 523//497 
f 528//502 523//497 525//499 
f 527//501 528//502 525//499 530//504 
f 530//504 529//503 527//501 
f 532//506 527//501 529//503 
f 531//505 532//506 529//503 534//508 
f 534//508 533//507 531//505 
f 536//510 531//505 533//507 
f 535//509 536//510 533//507 538//512 
f 538//512 537//511 535//509 
f 540//514 535//509 537//511 
f 539//513 540//514 537//511 542//516 
f 542//516 541//515 539//513 
f 544//518 539//513 541//515 
f 543//517 544//518 541//515 546//520 
f 546//520 545//519 543//517 
f 548//522 543//517 545//519 
f 547//521 548//522 545//519 550//524 
f 550//524 549//523 547//521 
f 552//526 547//521 549//523 
f 551//525 552//526 549//523 554//528 
f 554//528 553//527 551//525 
f 556//530 551//525 553//527 
f 555//529 556//530 553//527 558//532 
f 558//532 557//531 555//529 
f 560//534 555//529 557//531 
f 559//533 560//534 557//531 562//536 
f 562//536 561//535 559//533 
f 564//538 559//533 561//535 
f 563//537 564//538 561//535 566//540 
f 566//540 565//539 563//537 
f 568//542 563//537 565//539 
f 567//541 568//542 565//539 570//544 
f 570//544 569//543 567//541 
f 572//546 567//541 569//543 
f 571//545 572//546 569//543 574//548 
f 574//548 573//547 571//545 
f 576//550 571//545 573//547 
f 575//549 576//550 573//547 578//552 
f 578//552 577//551 575//549 
f 580//554 575//549 577//551 
f 579//553 580//554 577//551 582//556 
f 582//556 581//555 579//553 
f 584//558 579//553 581//555 
f 583//557 584//558 581//555 586//560 
f 586//560 585//559 583//557 
f 588//562 583//557 585//559 
f 587//561 588//562 585//559 590//562 
f 590//562 589//563 587//561 
f 592//565 587//561 589//563 
f 591//564 592//565 589//563 594//567 
f 594//567 593//566 591//564 
f 596//569 591//564 593//566 
f 595//568 596//569 593//566 598//571 
f 598//571 597//570 595//568 
f 600//573 595//568 597//570 
f 599//572 600//573 597//570 602//575 
f 602//575 601//574 599//572 
f 604//577 599//572 601//574 
f 603//576 604//577 601//574 606//579 
f 606//579 605//578 603//576 
f 608//581 603//576 605//578 
f 607//580 608//581 605//578 610//583 
f 610//583 609//582 607//580 
s 2
f 612//585 607//580 609//582 
f 611//584 612//585 609//582 614//585 
f 614//585 613//586 611//584 
s 4
f 616//588 611//584 613//586 
f 615//587 616//588 613//586 618//590 
f 618//590 617//589 615//587 
f 620//592 615//587 617//589 
f 619//591 620//592 617//589 622//594 
f 622//594 621//593 619//591 
f 624//596 619//591 621//593 
f 623//595 624//596 621//593 626//598 
f 626//598 625//597 623//595 
f 628//600 623//595 625//597 
f 627//599 628//600 625//597 630//600 
f 630//600 629//601 627//599 
f 632//603 627//599 629//601 
f 631//602 632//603 629//601 634//605 
f 634//605 633//604 631//602 
f 636//607 631//602 633//604 
f 635//606 636//607 633//604 638//607 
f 638//607 637//608 635//606 
f 640//610 635//606 637//608 
f 639//609 640//610 637//608 642//612 
f 642//612 641//611 639//609 
f 644//614 639//609 641//611 
f 643//613 644//614 641//611 646//614 
f 646//614 645//615 643//613 
f 648//617 643//613 645//615 
f 647//616 648//617 645//615 650//619 
f 650//619 649//618 647//616 
f 652//621 647//616 649//618 
f 651//620 652//621 649//618 654//623 
f 654//623 653//622 651//620 
f 656//625 651//620 653//622 
f 655//624 656//625 653//622 658//627 
f 658//627 657//626 655//624 
f 660//629 655//624 657//626 
f 659//628 660//629 657//626 662//631 
f 662//631 661//630 659//628 
f 664//633 659//628 661//630 
f 663//632 664//633 661//630 666//635 
f 666//635 665//634 663//632 
f 668//637 663//632 665//634 
f 667//636 668//637 665//634 670//639 
f 670//639 669//638 667//636 
f 672//641 667//636 669//638 
f 671//640 672//641 669//638 674//643 
f 674//643 673//642 671//640 
f 676//645 671//640 673//642 
f 675//644 676//645 673//642 678//647 
f 678//647 677//646 675//644 
f 680//649 675//644 677//646 
f 679//648 680//649 677//646 682//651 
f 682//651 681//650 679//648 
f 684//653 679//648 681//650 
f 683//652 684//653 681//650 686//655 
f 686//655 685//654 683//652 
f 688//657 683//652 685//654 
f 687//656 688//657 685//654 690//659 
f 690//659 689//658 687//656 
f 692//661 687//656 689//658 
f 691//660 692//661 689//658 694//663 
f 694//663 693//662 691//660 
f 696//665 691//660 693//662 
f 695//664 696//665 693//662 698//665 
f 698//665 697//666 695//664 
f 700//668 695//664 697//666 
f 699//667 700//668 697//666 702//668 
f 702//668 701//669 699//667 
f 704//671 699//667 701//669 
f 703//670 704//671 701//669 706//673 
f 706//673 705//672 703//670 
f 708//675 703//670 705//672 
f 707//674 708//675 705//672 710//677 
f 710//677 709//676 707//674 
f 712//679 707//674 709//676 
f 711//678 712//679 709//676 714//681 
f 714//681 713//680 711//678 
f 716//683 711//678 713//680 
f 715//682 716//683 713//680 718//685 
f 718//685 717//684 715//682 
f 720//687 715//682 717//684 
f 719//686 720//687 717//684 722//689 
f 722//689 721//688 719//686 
f 724//691 719//686 721//688 
f 723//690 724//691 721//688 726//691 
f 726//691 725//692 723//690 
f 728//694 723//690 725//692 
f 727//693 728//694 725//692 730//696 
f 730//696 729//695 727//693 
f 732//698 727//693 729//695 
f 731//697 732//698 729//695 734//698 
f 734//698 733//699 731//697 
f 736//701 731//697 733//699 
f 735//700 736//701 733//699 738//703 
f 738//703 737//702 735//700 
f 740//705 735//700 737//702 
f 739//704 740//705 737//702 742//707 
f 742//707 741//706 739//704 
f 744//709 739//704 741//706 
f 743//708 744//709 741//706 746//711 
f 746//711 745//710 743//708 
f 748//713 743//708 745//710 
f 747//712 748//713 745//710 750//715 
f 750//715 749//714 747//712 
f 752//717 747//712 749//714 
f 751//716 752//717 749//714 754//719 
f 754//719 753//718 751//716 
f 756//721 751//716 753//718 
f 755//720 756//721 753//718 758//723 
f 758//723 757//722 755//720 
f 760//725 755//720 757//722 
f 759//724 760//725 757//722 762//727 
f 762//727 761//726 759//724 
f 764//729 759//724 761//726 
f 763//728 764//729 761//726 766//731 
f 766//731 765//730 763//728 
f 768//733 763//728 765//730 
f 767//732 768//733 765//730 770//735 
f 770//735 769//734 767//732 
f 772//737 767//732 769//734 
f 771//736 772//737 769//734 774//739 
f 774//739 773//738 771//736 
f 776//741 771//736 773//738 
f 775//740 776//741 773//738 778//743 
f 778//743 777//742 775//740 
f 780//745 775//740 777//742 
f 779//744 780//745 777//742 782//747 
f 782//747 781//746 779//744 
f 784//749 779//744 781//746 
f 783//748 784//749 781//746 786//751 
f 786//751 785//750 783//748 
f 788//753 783//748 785//750 
f 787//752 788//753 785//750 790//753 
f 790//753 789//754 787//752 
f 792//756 787//752 789//754 
f 791//755 792//756 789//754 794//758 
f 794//758 793//757 791//755 
s 2
f 796//760 791//755 793//757 
f 795//759 796//760 793//757 798//760 
f 798//760 797//761 795//759 
s 4
f 800//763 795//759 797//761 
f 799//762 800//763 797//761 802//763 
f 802//763 801//764 799//762 
s 2
f 804//766 799//762 801//764 
f 803//765 804//766 801//764 806//768 
f 806//768 805//767 803//765 
f 808//770 803//765 805//767 
f 807//769 808//770 805//767 810//772 
f 810//772 809//771 807//769 
f 812//774 807//769 809//771 
f 811//773 812//774 809//771 814//774 
f 814//774 813//775 811//773 
f 816//777 811//773 813//775 
f 815//776 816//777 813//775 818//779 
f 818//779 817//778 815//776 
f 820//781 815//776 817//778 
f 819//780 820//781 817//778 822//781 
f 822//781 821//782 819//780 
f 824//784 819//780 821//782 
f 823//783 824//784 821//782 826//786 
f 826//786 825//785 823//783 
f 828//788 823//783 825//785 
f 827//787 828//788 825//785 830//788 
f 830//788 829//789 827//787 
f 832//791 827//787 829//789 
f 831//790 832//791 829//789 834//793 
f 834//793 833//792 831//790 
f 836//795 831//790 833//792 
f 835//794 836//795 833//792 838//797 
f 838//797 837//796 835//794 
f 840//799 835//794 837//796 
f 839//798 840//799 837//796 842//801 
f 842//801 841//800 839//798 
f 844//803 839//798 841//800 
f 843//802 844//803 841//800 846//805 
f 846//805 845//804 843//802 
f 848//807 843//802 845//804 
f 847//806 848//807 845//804 850//807 
f 850//807 849//808 847//806 
f 852//810 847//806 849//808 
f 851//809 852//810 849//808 854//812 
f 854//812 853//811 851//809 
f 856//814 851//809 853//811 
f 855//813 856//814 853//811 858//814 
f 858//814 857//815 855//813 
f 860//817 855//813 857//815 
f 859//816 860//817 857//815 862//819 
f 862//819 861//818 859//816 
f 864//821 859//816 861//818 
f 863//820 864//821 861//818 866//821 
f 866//821 865//822 863//820 
f 868//824 863//820 865//822 
f 867//823 868//824 865//822 870//826 
f 870//826 869//825 867//823 
f 872//828 867//823 869//825 
f 871//827 872//828 869//825 874//828 
f 874//828 873//829 871//827 
f 876//831 871//827 873//829 
f 875//830 876//831 873//829 878//833 
f 878//833 877//832 875//830 
f 880//835 875//830 877//832 
f 879//834 880//835 877//832 882//837 
f 882//837 881//836 879//834 
f 884//839 879//834 881//836 
f 883//838 884//839 881//836 886//841 
f 886//841 885//840 883//838 
f 888//843 883//838 885//840 
f 887//842 888//843 885//840 890//845 
f 890//845 889//844 887//842 
f 892//847 887//842 889//844 
f 891//846 892//847 889//844 894//849 
f 894//849 893//848 891//846 
f 896//851 891//846 893//848 
f 895//850 896//851 893//848 898//853 
f 898//853 897//852 895//850 
f 900//855 895//850 897//852 
f 899//854 900//855 897//852 902//855 
f 902//855 901//856 899//854 
f 904//858 899//854 901//856 
f 903//857 904//858 901//856 906//858 
f 906//858 905//859 903//857 
f 908//861 903//857 905//859 
f 907//860 908//861 905//859 910//863 
f 910//863 909//862 907//860 
s 4
f 912//760 907//860 909//862 
f 911//864 912//760 909//862 914//760 
f 914//760 913//865 911//864 
s 2
f 916//867 911//864 913//865 
f 915//866 916//867 913//865 918//867 
f 918//867 917//868 915//866 
s 4
f 920//585 915//866 917//868 
f 919//869 920//585 917//868 922//585 
f 922//585 921//870 919//869 
s 2
f 924//872 919//869 921//870 
f 923//871 924//872 921//870 926//874 
f 926//874 925//873 923//871 
f 928//876 923//871 925//873 
f 927//875 928//876 925//873 930//878 
f 930//878 929//877 927//875 
f 932//880 927//875 929//877 
f 931//879 932//880 929//877 934//882 
f 934//882 933//881 931//879 
f 936//884 931//879 933//881 
f 935//883 936//884 933//881 938//886 
f 938//886 937//885 935//883 
f 940//888 935//883 937//885 
f 939//887 940//888 937//885 942//890 
f 942//890 941//889 939//887 
f 944//892 939//887 941//889 
f 943//891 944//892 941//889 946//894 
f 946//894 945//893 943//891 
f 948//896 943//891 945//893 
f 947//895 948//896 945//893 950//898 
f 950//898 949//897 947//895 
f 952//900 947//895 949//897 
f 951//899 952//900 949//897 954//902 
f 954//902 953//901 951//899 
f 956//904 951//899 953//901 
f 955//903 956//904 953//901 958//906 
f 958//906 957//905 955//903 
s 4
f 960//908 955//903 957//905 
f 959//907 960//908 957//905 962//910 
f 962//910 961//909 959//907 
s 2
f 964//912 959//907 961//909 
f 963//911 964//912 961//909 966//914 
f 966//914 965//913 963//911 
s 4
f 968//916 963//911 965//913 
f 967//915 968//916 965//913 970//918 
f 970//918 969//917 967//915 
s 2
f 972//760 967//915 969//917 
f 971//919 972//760 969//917 974//760 
f 974//760 973//920 971//919 
s 5
f 975//921 971//919 973//920 
f 2//2 975//921 973//920 976//922 
f 976//922 4//4 2//2 
s 1
f 979//925 978//924 980//926 
f 977//923 979//925 980//926 982//928 
f 982//928 981//927 977//923 
s 3
f 984//930 977//923 981//927 
f 983//929 984//930 981//927 986//930 
f 986//930 985//931 983//929 
s 2
f 988//933 983//929 985//931 
f 987//932 988//933 985//931 990//935 
f 990//935 989//934 987//932 
f 992//937 987//932 989//934 
f 991//936 992//937 989//934 994//939 
f 994//939 993//938 991//936 
f 996//941 991//936 993//938 
f 995//940 996//941 993//938 998//943 
f 998//943 997//942 995//940 
f 1000//945 995//940 997//942 
f 999//944 1000//945 997//942 1002//947 
f 1002//947 1001//946 999//944 
f 1004//949 999//944 1001//946 
f 1003//948 1004//949 1001//946 1006//951 
f 1006//951 1005//950 1003//948 
f 1008//953 1003//948 1005//950 
f 1007//952 1008//953 1005//950 1010//955 
f 1010//955 1009//954 1007//952 
f 1012//957 1007//952 1009//954 
f 1011//956 1012//957 1009//954 1014//959 
f 1014//959 1013//958 1011//956 
f 1016//961 1011//956 1013//958 
f 1015//960 1016//961 1013//958 1018//963 
f 1018//963 1017//962 1015//960 
f 1020//965 1015//960 1017//962 
f 1019//964 1020//965 1017//962 1022//967 
f 1022//967 1021//966 1019//964 
f 1024//969 1019//964 1021//966 
f 1023//968 1024//969 1021//966 1026//971 
f 1026//971 1025//970 1023//968 
f 1028//973 1023//968 1025//970 
f 1027//972 1028//973 1025//970 1030//975 
f 1030//975 1029//974 1027//972 
f 1032//977 1027//972 1029//974 
f 1031//976 1032//977 1029//974 1034//979 
f 1034//979 1033//978 1031//976 
f 1036//981 1031//976 1033//978 
f 1035//980 1036//981 1033//978 1038//983 
f 1038//983 1037//982 1035//980 
f 1040//985 1035//980 1037//982 
f 1039//984 1040//985 1037//982 1042//987 
f 1042//987 1041//986 1039//984 
f 1044//989 1039//984 1041//986 
f 1043//988 1044//989 1041//986 1046//991 
f 1046//991 1045//990 1043//988 
f 1048//993 1043//988 1045//990 
f 1047//992 1048//993 1045//990 1050//995 
f 1050//995 1049//994 1047//992 
f 1052//997 1047//992 1049//994 
f 1051//996 1052//997 1049//994 1054//997 
f 1054//997 1053//998 1051//996 
f 1056//1000 1051//996 1053//998 
f 1055//999 1056//1000 1053//998 1058//1002 
f 1058//1002 1057//1001 1055//999 
f 1060//1004 1055//999 1057//1001 
f 1059//1003 1060//1004 1057//1001 1062//1006 
f 1062//1006 1061//1005 1059//1003 
f 1064//1008 1059//1003 1061//1005 
f 1063//1007 1064//1008 1061//1005 1066//1010 
f 1066//1010 1065//1009 1063//1007 
f 1068//1012 1063//1007 1065//1009 
f 1067//1011 1068//1012 1065//1009 1070//1014 
f 1070//1014 1069//1013 1067//1011 
f 1072//1016 1067//1011 1069//1013 
f 1071//1015 1072//1016 1069//1013 1074//1018 
f 1074//1018 1073//1017 1071//1015 
f 1076//1020 1071//1015 1073//1017 
f 1075//1019 1076//1020 1073//1017 1078//1022 
f 1078//1022 1077//1021 1075//1019 
f 1080//1024 1075//1019 1077//1021 
f 1079//1023 1080//1024 1077//1021 1082//1024 
f 1082//1024 1081//1025 1079//1023 
f 1084//1027 1079//1023 1081//1025 
f 1083//1026 1084//1027 1081//1025 1086//1029 
f 1086//1029 1085//1028 1083//1026 
f 1088//1031 1083//1026 1085//1028 
f 1087//1030 1088//1031 1085//1028 1090//1033 
f 1090//1033 1089//1032 1087//1030 
f 1092//1035 1087//1030 1089//1032 
f 1091//1034 1092//1035 1089//1032 1094//1037 
f 1094//1037 1093//1036 1091//1034 
f 1096//1039 1091//1034 1093//1036 
f 1095//1038 1096//1039 1093//1036 1098//1041 
f 1098//1041 1097//1040 1095//1038 
f 1100//1043 1095//1038 1097//1040 
f 1099//1042 1100//1043 1097//1040 1102//1045 
f 1102//1045 1101//1044 1099//1042 
f 1104//1047 1099//1042 1101//1044 
f 1103//1046 1104//1047 1101//1044 1106//1049 
f 1106//1049 1105//1048 1103//1046 
f 1108//1051 1103//1046 1105//1048 
f 1107//1050 1108//1051 1105//1048 1110//1053 
f 1110//1053 1109//1052 1107//1050 
f 1112//1055 1107//1050 1109//1052 
f 1111//1054 1112//1055 1109//1052 1114//1057 
f 1114//1057 1113//1056 1111//1054 
f 1116//1059 1111//1054 1113//1056 
f 1115//1058 1116//1059 1113//1056 1118//1061 
f 1118//1061 1117//1060 1115//1058 
s 3
f 1119//1062 1115//1058 1117//1060 
f 978//924 1119//1062 1117//1060 1120//1063 
f 1120//1063 980//926 978//924 
s 1
f 1123//1066 1122//1065 1124//1067 
f 1121//1064 1123//1066 1124//1067 1126//1069 
f 1126//1069 1125//1068 1121//1064 
s 3
f 1128//1071 1121//1064 1125//1068 
f 1127//1070 1128//1071 1125//1068 1130//1071 
f 1130//1071 1129//1072 1127//1070 
s 2
f 1132//1074 1127//1070 1129//1072 
f 1131//1073 1132//1074 1129//1072 1134//1076 
f 1134//1076 1133//1075 1131//1073 
f 1136//1078 1131//1073 1133//1075 
f 1135//1077 1136//1078 1133//1075 1138//1080 
f 1138//1080 1137//1079 1135//1077 
f 1140//1082 1135//1077 1137//1079 
f 1139//1081 1140//1082 1137//1079 1142//1084 
f 1142//1084 1141//1083 1139//1081 
f 1144//1086 1139//1081 1141//1083 
f 1143//1085 1144//1086 1141//1083 1146//1088 
f 1146//1088 1145//1087 1143//1085 
f 1148//1090 1143//1085 1145//1087 
f 1147//1089 1148//1090 1145//1087 1150//1092 
f 1150//1092 1149//1091 1147//1089 
f 1152//1094 1147//1089 1149//1091 
f 1151//1093 1152//1094 1149//1091 1154//1096 
f 1154//1096 1153//1095 1151//1093 
f 1156//1098 1151//1093 1153//1095 
f 1155//1097 1156//1098 1153//1095 1158//1100 
f 1158//1100 1157//1099 1155//1097 
f 1160//1102 1155//1097 1157//1099 
f 1159//1101 1160//1102 1157//1099 1162//1104 
f 1162//1104 1161//1103 1159//1101 
f 1164//1106 1159//1101 1161//1103 
f 1163//1105 1164//1106 1161//1103 1166//1108 
f 1166//1108 1165//1107 1163//1105 
f 1168//1110 1163//1105 1165//1107 
f 1167//1109 1168//1110 1165//1107 1170//1112 
f 1170//1112 1169//1111 1167//1109 
f 1172//1114 1167//1109 1169//1111 
f 1171//1113 1172//1114 1169//1111 1174//1116 
f 1174//1116 1173//1115 1171//1113 
f 1176//1118 1171//1113 1173//1115 
f 1175//1117 1176//1118 1173//1115 1178//1120 
f 1178//1120 1177//1119 1175//1117 
f 1180//1122 1175//1117 1177//1119 
f 1179//1121 1180//1122 1177//1119 1182//1122 
f 1182//1122 1181//1123 1179//1121 
f 1184//1125 1179//1121 1181//1123 
f 1183//1124 1184//1125 1181//1123 1186//1125 
f 1186//1125 1185//1126 1183//1124 
f 1188//1128 1183//1124 1185//1126 
f 1187//1127 1188//1128 1185//1126 1190//1130 
f 1190//1130 1189//1129 1187//1127 
f 1192//1132 1187//1127 1189//1129 
f 1191//1131 1192//1132 1189//1129 1194//1132 
f 1194//1132 1193//1133 1191//1131 
f 1196//1135 1191//1131 1193//1133 
f 1195//1134 1196//1135 1193//1133 1198//1135 
f 1198//1135 1197//1136 1195//1134 
f 1200//1138 1195//1134 1197//1136 
f 1199//1137 1200//1138 1197//1136 1202//1140 
f 1202//1140 1201//1139 1199//1137 
f 1204//1142 1199//1137 1201//1139 
f 1203//1141 1204//1142 1201//1139 1206//1142 
f 1206//1142 1205//1143 1203//1141 
f 1208//1145 1203//1141 1205//1143 
f 1207//1144 1208//1145 1205//1143 1210//1147 
f 1210//1147 1209//1146 1207//1144 
f 1212//1149 1207//1144 1209//1146 
f 1211//1148 1212//1149 1209//1146 1214//1151 
f 1214//1151 1213//1150 1211//1148 
f 1216//1153 1211//1148 1213//1150 
f 1215//1152 1216//1153 1213//1150 1218//1155 
f 1218//1155 1217//1154 1215//1152 
f 1220//1157 1215//1152 1217//1154 
f 1219//1156 1220//1157 1217//1154 1222//1157 
f 1222//1157 1221//1158 1219//1156 
f 1224//1160 1219//1156 1221//1158 
f 1223//1159 1224//1160 1221//1158 1226//1160 
f 1226//1160 1225//1161 1223//1159 
f 1228//1163 1223//1159 1225//1161 
f 1227//1162 1228//1163 1225//1161 1230//1165 
f 1230//1165 1229//1164 1227//1162 
f 1232//1167 1227//1162 1229//1164 
f 1231//1166 1232//1167 1229//1164 1234//1169 
f 1234//1169 1233//1168 1231//1166 
f 1236//1171 1231//1166 1233//1168 
f 1235//1170 1236//1171 1233//1168 1238//1173 
f 1238//1173 1237//1172 1235//1170 
f 1240//1175 1235//1170 1237//1172 
f 1239//1174 1240//1175 1237//1172 1242//1177 
f 1242//1177 1241//1176 1239//1174 
f 1244//1179 1239//1174 1241//1176 
f 1243//1178 1244//1179 1241//1176 1246//1179 
f 1246//1179 1245//1180 1243//1178 
f 1248//1182 1243//1178 1245//1180 
f 1247//1181 1248//1182 1245//1180 1250//1184 
f 1250//1184 1249//1183 1247//1181 
f 1252//1186 1247//1181 1249//1183 
f 1251//1185 1252//1186 1249//1183 1254//1188 
f 1254//1188 1253//1187 1251//1185 
f 1256//1190 1251//1185 1253//1187 
f 1255//1189 1256//1190 1253//1187 1258//1192 
f 1258//1192 1257//1191 1255//1189 
f 1260//1194 1255//1189 1257//1191 
f 1259//1193 1260//1194 1257//1191 1262//1196 
f 1262//1196 1261//1195 1259//1193 
f 1264//1198 1259//1193 1261//1195 
f 1263//1197 1264//1198 1261//1195 1266//1200 
f 1266//1200 1265//1199 1263//1197 
s 4
f 1267//585 1263//1197 1265//1199 
f 1122//1065 1267//585 1265//1199 1268//585 
f 1268//585 1124//1067 1122//1065 
s 16
f 1270//1201 1113//1056 1109//1052 
f 1271//1201 1109//1052 1105//1048 
f 1272//1201 1105//1048 1101//1044 
f 1273//1201 1101//1044 1097//1040 
f 1274//1201 1097//1040 1093//1036 
f 1275//1201 1093//1036 1089//1032 
f 1276//1201 1089//1032 1085//1028 
f 1277//1201 1085//1028 1081//1025 
f 1278//1201 917//868 913//865 
f 1279//1201 913//865 909//862 
f 921//870 1279//1201 909//862 1280//1201 
f 925//873 1280//1201 909//862 1281//1201 
f 929//877 1281//1201 909//862 1282//1201 
f 933//881 1282//1201 909//862 1283//1201 
f 937//885 1283//1201 909//862 1284//1201 
f 941//889 1284//1201 909//862 1285//1201 
f 945//893 1285//1201 909//862 1286//1201 
f 1287//1201 909//862 905//859 
f 949//897 1287//1201 905//859 1288//1201 
f 1289//1201 905//859 901//856 
f 953//901 1289//1201 901//856 1290//1201 
f 1291//1201 901//856 897//852 
f 1292//1201 897//852 893//848 
f 1293//1201 893//848 889//844 
f 1294//1201 889//844 885//840 
f 1295//1201 885//840 881//836 
f 1296//1201 881//836 877//832 
f 1297//1201 877//832 873//829 
f 957//905 1297//1201 873//829 1298//1201 
f 1299//1201 873//829 869//825 
f 1300//1201 869//825 865//822 
f 1301//1201 865//822 861//818 
f 1302//1201 861//818 857//815 
f 1303//1201 857//815 853//811 
f 1304//1201 853//811 849//808 
f 1305//1201 849//808 845//804 
f 1306//1201 845//804 841//800 
f 1307//1201 841//800 837//796 
f 1308//1201 837//796 833//792 
f 1309//1201 833//792 829//789 
f 1310//1201 829//789 825//785 
f 1311//1201 825//785 821//782 
f 961//909 1311//1201 821//782 1312//1201 
f 1313//1201 821//782 817//778 
f 1314//1201 817//778 813//775 
f 1315//1201 813//775 809//771 
f 1316//1201 809//771 805//767 
f 1317//1201 805//767 801//764 
f 1318//1201 801//764 797//761 
f 965//913 1318//1201 797//761 1319//1201 
f 1321//1201 1265//1199 1261//1195 
f 613//586 1321//1201 1261//1195 1322//1201 
f 1323//1201 1261//1195 1257//1191 
f 617//589 1323//1201 1257//1191 1324//1201 
f 1325//1201 1257//1191 1253//1187 
f 621//593 1325//1201 1253//1187 1326//1201 
f 1327//1201 1253//1187 1249//1183 
f 625//597 1327//1201 1249//1183 1328//1201 
f 1329//1201 1249//1183 1245//1180 
f 629//601 1329//1201 1245//1180 1330//1201 
f 1331//1201 1245//1180 1241//1176 
f 633//604 1331//1201 1241//1176 1332//1201 
f 1333//1201 1241//1176 1237//1172 
f 637//608 1333//1201 1237//1172 1334//1201 
f 641//611 1334//1201 1237//1172 1335//1201 
f 1336//1201 1237//1172 1233//1168 
f 645//615 1336//1201 1233//1168 1337//1201 
f 1338//1201 1233//1168 1229//1164 
f 649//618 1338//1201 1229//1164 1339//1201 
f 1340//1201 1229//1164 1225//1161 
f 653//622 1340//1201 1225//1161 1341//1201 
f 1342//1201 1225//1161 1221//1158 
f 657//626 1342//1201 1221//1158 1343//1201 
f 1344//1201 1221//1158 1217//1154 
f 661//630 1344//1201 1217//1154 1345//1201 
f 1346//1201 1217//1154 1213//1150 
f 665//634 1346//1201 1213//1150 1347//1201 
f 1348//1201 1213//1150 1209//1146 
f 1349//1201 1209//1146 1205//1143 
f 669//638 1349//1201 1205//1143 1350//1201 
f 1351//1201 1205//1143 1201//1139 
f 673//642 1351//1201 1201//1139 1352//1201 
f 1353//1201 1201//1139 1197//1136 
f 677//646 1353//1201 1197//1136 1354//1201 
f 1355//1201 1197//1136 1193//1133 
f 681//650 1355//1201 1193//1133 1356//1201 
f 1357//1201 1193//1133 1189//1129 
f 685//654 1357//1201 1189//1129 1358//1201 
f 689//658 1358//1201 1189//1129 1359//1201 
f 1360//1201 1189//1129 1185//1126 
f 693//662 1360//1201 1185//1126 1361//1201 
f 1362//1201 1185//1126 1181//1123 
f 697//666 1362//1201 1181//1123 1363//1201 
f 701//669 1363//1201 1181//1123 1364//1201 
f 1365//1201 1181//1123 1177//1119 
f 705//672 1365//1201 1177//1119 1366//1201 
f 709//676 1366//1201 1177//1119 1367//1201 
f 1368//1201 1177//1119 1173//1115 
f 713//680 1368//1201 1173//1115 1369//1201 
f 1370//1201 1173//1115 1169//1111 
f 717//684 1370//1201 1169//1111 1371//1201 
f 721//688 1371//1201 1169//1111 1372//1201 
f 1373//1201 1169//1111 1165//1107 
f 725//692 1373//1201 1165//1107 1374//1201 
f 729//695 1374//1201 1165//1107 1375//1201 
f 1376//1201 1165//1107 1161//1103 
f 733//699 1376//1201 1161//1103 1377//1201 
f 737//702 1377//1201 1161//1103 1378//1201 
f 1379//1201 1161//1103 1157//1099 
f 741//706 1379//1201 1157//1099 1380//1201 
f 745//710 1380//1201 1157//1099 1381//1201 
f 1382//1201 1157//1099 1153//1095 
f 749//714 1382//1201 1153//1095 1383//1201 
f 1384//1201 1153//1095 1149//1091 
f 753//718 1384//1201 1149//1091 1385//1201 
f 1386//1201 1149//1091 1145//1087 
f 757//722 1386//1201 1145//1087 1387//1201 
f 1388//1201 1145//1087 1141//1083 
f 761//726 1388//1201 1141//1083 1389//1201 
f 1390//1201 1141//1083 1137//1079 
f 765//730 1390//1201 1137//1079 1391//1201 
f 1392//1201 1137//1079 1133//1075 
f 769//734 1392//1201 1133//1075 1393//1201 
f 773//738 1393//1201 1133//1075 1394//1201 
f 1395//1201 1133//1075 1129//1072 
f 777//742 1395//1201 1129//1072 1396//1201 
f 781//746 1396//1201 1129//1072 1397//1201 
f 1398//1201 1129//1072 1125//1068 
f 785//750 1398//1201 1125//1068 1399//1201 
f 1400//1201 1125//1068 1124//1067 
f 789//754 1400//1201 1124//1067 1401//1201 
f 793//757 1401//1201 1124//1067 1402//1201 
f 797//761 1402//1201 1124//1067 1403//1201 
f 969//917 1403//1201 1124//1067 1404//1201 
f 973//920 1404//1201 1124//1067 1405//1201 
f 4//4 1405//1201 1124//1067 1406//1201 
f 5//5 1406//1201 1124//1067 1407//1201 
f 9//9 1407//1201 1124//1067 1408//1201 
f 13//13 1408//1201 1124//1067 1409//1201 
f 17//17 1409//1201 1124//1067 1410//1201 
f 21//21 1410//1201 1124//1067 1411//1201 
f 25//25 1411//1201 1124//1067 1412//1201 
f 29//29 1412//1201 1124//1067 1413//1201 
f 1414//1201 1124//1067 1265//1199 
f 1415//1201 613//586 609//582 
f 1416//1201 609//582 605//578 
f 1417//1201 605//578 601//574 
f 1418//1201 601//574 597//570 
f 1419//1201 597//570 593//566 
f 1420//1201 593//566 589//563 
f 1421//1201 589//563 585//559 
f 1422//1201 585//559 581//555 
f 1423//1201 581//555 577//551 
f 1424//1201 577//551 573//547 
f 1425//1201 573//547 569//543 
f 1426//1201 569//543 565//539 
f 1427//1201 565//539 561//535 
f 1428//1201 561//535 557//531 
f 1429//1201 557//531 553//527 
f 33//33 1429//1201 553//527 1430//1201 
f 1431//1201 553//527 549//523 
f 37//37 1431//1201 549//523 1432//1201 
f 1433//1201 549//523 545//519 
f 41//41 1433//1201 545//519 1434//1201 
f 1435//1201 545//519 541//515 
f 45//45 1435//1201 541//515 1436//1201 
f 1437//1201 541//515 537//511 
f 49//49 1437//1201 537//511 1438//1201 
f 53//53 1438//1201 537//511 1439//1201 
f 1440//1201 537//511 533//507 
f 57//57 1440//1201 533//507 1441//1201 
f 61//61 1441//1201 533//507 1442//1201 
f 65//65 1442//1201 533//507 1443//1201 
f 69//69 1443//1201 533//507 1444//1201 
f 1445//1201 533//507 529//503 
f 73//73 1445//1201 529//503 1446//1201 
f 1447//1201 529//503 525//499 
f 77//77 1447//1201 525//499 1448//1201 
f 81//81 1448//1201 525//499 1449//1201 
f 1450//1201 525//499 521//495 
f 85//85 1450//1201 521//495 1451//1201 
f 89//89 1451//1201 521//495 1452//1201 
f 93//93 1452//1201 521//495 1453//1201 
f 1454//1201 521//495 517//491 
f 97//96 1454//1201 517//491 1455//1201 
f 101//100 1455//1201 517//491 1456//1201 
f 105//104 1456//1201 517//491 1457//1201 
f 1458//1201 517//491 513//487 
f 109//108 1458//1201 513//487 1459//1201 
f 113//112 1459//1201 513//487 1460//1201 
f 117//116 1460//1201 513//487 1461//1201 
f 121//120 1461//1201 513//487 1462//1201 
f 125//124 1462//1201 513//487 1463//1201 
f 1464//1201 513//487 509//484 
f 129//128 1464//1201 509//484 1465//1201 
f 133//132 1465//1201 509//484 1466//1201 
f 137//136 1466//1201 509//484 1467//1201 
f 141//140 1467//1201 509//484 1468//1201 
f 1469//1201 509//484 505//480 
f 145//143 1469//1201 505//480 1470//1201 
f 149//147 1470//1201 505//480 1471//1201 
f 153//151 1471//1201 505//480 1472//1201 
f 1473//1201 505//480 501//476 
f 157//155 1473//1201 501//476 1474//1201 
f 161//159 1474//1201 501//476 1475//1201 
f 1476//1201 501//476 497//473 
f 165//163 1476//1201 497//473 1477//1201 
f 169//167 1477//1201 497//473 1478//1201 
f 1479//1201 497//473 493//469 
f 173//171 1479//1201 493//469 1480//1201 
f 1481//1201 493//469 489//465 
f 1482//1201 489//465 485//461 
f 1483//1201 485//461 481//457 
f 1484//1201 465//442 461//439 
f 469//445 1484//1201 461//439 1485//1201 
f 1486//1201 461//439 457//435 
f 473//449 1486//1201 457//435 1487//1201 
f 477//453 1487//1201 457//435 1488//1201 
f 1489//1201 457//435 453//432 
f 1490//1201 453//432 449//428 
f 481//457 1490//1201 449//428 1491//1201 
f 1492//1201 449//428 445//425 
f 177//175 1492//1201 445//425 1493//1201 
f 181//179 1493//1201 445//425 1494//1201 
f 1495//1201 445//425 441//422 
f 185//183 1495//1201 441//422 1496//1201 
f 1497//1201 441//422 437//419 
f 189//187 1497//1201 437//419 1498//1201 
f 193//190 1498//1201 437//419 1499//1201 
f 1500//1201 437//419 433//415 
f 197//194 1500//1201 433//415 1501//1201 
f 201//198 1501//1201 433//415 1502//1201 
f 1503//1201 433//415 429//411 
f 205//201 1503//1201 429//411 1504//1201 
f 209//205 1504//1201 429//411 1505//1201 
f 1506//1201 429//411 425//407 
f 213//209 1506//1201 425//407 1507//1201 
f 217//213 1507//1201 425//407 1508//1201 
f 1509//1201 425//407 421//404 
f 221//217 1509//1201 421//404 1510//1201 
f 1511//1201 421//404 417//400 
f 225//220 1511//1201 417//400 1512//1201 
f 229//224 1512//1201 417//400 1513//1201 
f 1514//1201 417//400 413//397 
f 233//228 1514//1201 413//397 1515//1201 
f 237//231 1515//1201 413//397 1516//1201 
f 1517//1201 413//397 409//393 
f 241//234 1517//1201 409//393 1518//1201 
f 1519//1201 409//393 405//390 
f 245//238 1519//1201 405//390 1520//1201 
f 1521//1201 405//390 401//386 
f 1522//1201 401//386 397//382 
f 1523//1201 397//382 393//378 
f 249//242 1523//1201 393//378 1269//1201 
f 1113//1056 1269//1201 393//378 1524//1201 
f 1117//1060 1524//1201 393//378 1525//1201 
f 1526//1201 393//378 389//375 
f 980//926 1526//1201 389//375 1527//1201 
f 1528//1201 389//375 385//372 
f 981//927 1528//1201 385//372 1529//1201 
f 1530//1201 385//372 381//369 
f 985//931 1530//1201 381//369 1531//1201 
f 1532//1201 381//369 377//365 
f 989//934 1532//1201 377//365 1533//1201 
f 1534//1201 377//365 373//361 
f 993//938 1534//1201 373//361 1535//1201 
f 1536//1201 373//361 369//357 
f 997//942 1536//1201 369//357 1537//1201 
f 1538//1201 369//357 365//353 
f 1001//946 1538//1201 365//353 1539//1201 
f 1540//1201 365//353 361//349 
f 1005//950 1540//1201 361//349 1541//1201 
f 1542//1201 361//349 357//345 
f 1009//954 1542//1201 357//345 1543//1201 
f 1544//1201 357//345 353//341 
f 1013//958 1544//1201 353//341 1545//1201 
f 1546//1201 353//341 349//337 
f 1017//962 1546//1201 349//337 1547//1201 
f 1548//1201 349//337 345//333 
f 1021//966 1548//1201 345//333 1549//1201 
f 1550//1201 345//333 341//329 
f 1025//970 1550//1201 341//329 1551//1201 
f 1552//1201 341//329 337//325 
f 1029//974 1552//1201 337//325 1553//1201 
f 1554//1201 337//325 333//321 
f 1555//1201 333//321 329//317 
f 1033//978 1555//1201 329//317 1556//1201 
f 1557//1201 329//317 325//313 
f 1037//982 1557//1201 325//313 1558//1201 
f 1041//986 1558//1201 325//313 1559//1201 
f 1560//1201 325//313 321//309 
f 1045//990 1560//1201 321//309 1561//1201 
f 1562//1201 321//309 317//306 
f 1049//994 1562//1201 317//306 1563//1201 
f 1564//1201 317//306 313//302 
f 1053//998 1564//1201 313//302 1565//1201 
f 1566//1201 313//302 309//299 
f 1057//1001 1566//1201 309//299 1567//1201 
f 1568//1201 309//299 305//296 
f 1061//1005 1568//1201 305//296 1569//1201 
f 1570//1201 305//296 301//292 
f 1065//1009 1570//1201 301//292 1571//1201 
f 1572//1201 301//292 297//288 
f 1069//1013 1572//1201 297//288 1573//1201 
f 1574//1201 297//288 293//284 
f 1073//1017 1574//1201 293//284 1575//1201 
f 1077//1021 1575//1201 293//284 1576//1201 
f 1577//1201 293//284 289//281 
f 1578//1201 289//281 285//277 
f 1579//1201 285//277 281//273 
f 1580//1201 281//273 277//269 
f 1581//1201 277//269 273//265 
f 1582//1201 273//265 269//261 
f 1583//1201 269//261 265//258 
f 1584//1201 265//258 261//254 
f 1585//1201 261//254 257//250 
f 1586//1201 257//250 253//246 
f 1081//1025 1586//1201 253//246 1587//1201 
f 249//242 1587//1201 253//246 
f 1588//1202 463//440 467//443 
f 1589//1202 467//443 471//447 
f 459//437 1589//1202 471//447 1590//1202 
f 1591//1202 471//447 475//451 
f 1592//1202 475//451 479//455 
f 455//433 1592//1202 479//455 1593//1202 
f 451//430 1593//1202 479//455 1594//1202 
f 1596//1202 611//584 615//587 
f 1259//1193 1596//1202 615//587 1597//1202 
f 1598//1202 615//587 619//591 
f 1255//1189 1598//1202 619//591 1599//1202 
f 1600//1202 619//591 623//595 
f 1251//1185 1600//1202 623//595 1601//1202 
f 1602//1202 623//595 627//599 
f 1247//1181 1602//1202 627//599 1603//1202 
f 1604//1202 627//599 631//602 
f 1243//1178 1604//1202 631//602 1605//1202 
f 1606//1202 631//602 635//606 
f 1239//1174 1606//1202 635//606 1607//1202 
f 1608//1202 635//606 639//609 
f 1609//1202 639//609 643//613 
f 1235//1170 1609//1202 643//613 1610//1202 
f 1611//1202 643//613 647//616 
f 1231//1166 1611//1202 647//616 1612//1202 
f 1613//1202 647//616 651//620 
f 1227//1162 1613//1202 651//620 1614//1202 
f 1615//1202 651//620 655//624 
f 1223//1159 1615//1202 655//624 1616//1202 
f 1617//1202 655//624 659//628 
f 1219//1156 1617//1202 659//628 1618//1202 
f 1619//1202 659//628 663//632 
f 1215//1152 1619//1202 663//632 1620//1202 
f 1621//1202 663//632 667//636 
f 1211//1148 1621//1202 667//636 1622//1202 
f 1207//1144 1622//1202 667//636 1623//1202 
f 1624//1202 667//636 671//640 
f 1203//1141 1624//1202 671//640 1625//1202 
f 1626//1202 671//640 675//644 
f 1199//1137 1626//1202 675//644 1627//1202 
f 1628//1202 675//644 679//648 
f 1195//1134 1628//1202 679//648 1629//1202 
f 1630//1202 679//648 683//652 
f 1191//1131 1630//1202 683//652 1631//1202 
f 1632//1202 683//652 687//656 
f 1633//1202 687//656 691//660 
f 1187//1127 1633//1202 691//660 1634//1202 
f 1635//1202 691//660 695//664 
f 1183//1124 1635//1202 695//664 1636//1202 
f 1637//1202 695//664 699//667 
f 1638//1202 699//667 703//670 
f 1179//1121 1638//1202 703//670 1639//1202 
f 1640//1202 703//670 707//674 
f 1641//1202 707//674 711//678 
f 1175//1117 1641//1202 711//678 1642//1202 
f 1643//1202 711//678 715//682 
f 1171//1113 1643//1202 715//682 1644//1202 
f 1645//1202 715//682 719//686 
f 1646//1202 719//686 723//690 
f 1167//1109 1646//1202 723//690 1647//1202 
f 1648//1202 723//690 727//693 
f 1649//1202 727//693 731//697 
f 1163//1105 1649//1202 731//697 1650//1202 
f 1651//1202 731//697 735//700 
f 1652//1202 735//700 739//704 
f 1159//1101 1652//1202 739//704 1653//1202 
f 1654//1202 739//704 743//708 
f 1655//1202 743//708 747//712 
f 1155//1097 1655//1202 747//712 1656//1202 
f 1657//1202 747//712 751//716 
f 1151//1093 1657//1202 751//716 1658//1202 
f 1659//1202 751//716 755//720 
f 1147//1089 1659//1202 755//720 1660//1202 
f 1661//1202 755//720 759//724 
f 1143//1085 1661//1202 759//724 1662//1202 
f 1663//1202 759//724 763//728 
f 1139//1081 1663//1202 763//728 1664//1202 
f 1665//1202 763//728 767//732 
f 1135//1077 1665//1202 767//732 1666//1202 
f 1667//1202 767//732 771//736 
f 1668//1202 771//736 775//740 
f 1131//1073 1668//1202 775//740 1669//1202 
f 1670//1202 775//740 779//744 
f 1671//1202 779//744 783//748 
f 1127//1070 1671//1202 783//748 1672//1202 
f 1673//1202 783//748 787//752 
f 1121//1064 1673//1202 787//752 1674//1202 
f 1675//1202 787//752 791//755 
f 1676//1202 791//755 795//759 
f 1677//1202 915//866 919//869 
f 911//864 1677//1202 919//869 1678//1202 
f 1679//1202 919//869 923//871 
f 1680//1202 923//871 927//875 
f 1681//1202 927//875 931//879 
f 1682//1202 931//879 935//883 
f 1683//1202 935//883 939//887 
f 1684//1202 939//887 943//891 
f 1685//1202 943//891 947//895 
f 907//860 1685//1202 947//895 1686//1202 
f 1687//1202 947//895 951//899 
f 903//857 1687//1202 951//899 1688//1202 
f 1689//1202 951//899 955//903 
f 899//854 1689//1202 955//903 1690//1202 
f 895//850 1690//1202 955//903 1691//1202 
f 891//846 1691//1202 955//903 1692//1202 
f 887//842 1692//1202 955//903 1693//1202 
f 883//838 1693//1202 955//903 1694//1202 
f 879//834 1694//1202 955//903 1695//1202 
f 875//830 1695//1202 955//903 1696//1202 
f 1697//1202 955//903 959//907 
f 871//827 1697//1202 959//907 1698//1202 
f 867//823 1698//1202 959//907 1699//1202 
f 863//820 1699//1202 959//907 1700//1202 
f 859//816 1700//1202 959//907 1701//1202 
f 855//813 1701//1202 959//907 1702//1202 
f 851//809 1702//1202 959//907 1703//1202 
f 847//806 1703//1202 959//907 1704//1202 
f 843//802 1704//1202 959//907 1705//1202 
f 839//798 1705//1202 959//907 1706//1202 
f 835//794 1706//1202 959//907 1707//1202 
f 831//790 1707//1202 959//907 1708//1202 
f 827//787 1708//1202 959//907 1709//1202 
f 823//783 1709//1202 959//907 1710//1202 
f 1711//1202 959//907 963//911 
f 819//780 1711//1202 963//911 1712//1202 
f 815//776 1712//1202 963//911 1713//1202 
f 811//773 1713//1202 963//911 1714//1202 
f 807//769 1714//1202 963//911 1715//1202 
f 803//765 1715//1202 963//911 1716//1202 
f 799//762 1716//1202 963//911 1717//1202 
f 1718//1202 963//911 967//915 
f 795//759 1718//1202 967//915 1719//1202 
f 1720//1202 967//915 971//919 
f 1721//1202 971//919 2//2 
f 1722//1202 2//2 1//1 
f 1723//1202 1//1 7//7 
f 1724//1202 7//7 11//11 
f 1725//1202 11//11 15//15 
f 1726//1202 15//15 19//19 
f 1727//1202 19//19 23//23 
f 1728//1202 23//23 27//27 
f 1729//1202 27//27 31//31 
f 1122//1065 1729//1202 31//31 1730//1202 
f 1263//1197 1730//1202 31//31 1731//1202 
f 611//584 1731//1202 31//31 1732//1202 
f 607//580 1732//1202 31//31 1733//1202 
f 603//576 1733//1202 31//31 1734//1202 
f 599//572 1734//1202 31//31 1735//1202 
f 595//568 1735//1202 31//31 1736//1202 
f 591//564 1736//1202 31//31 1737//1202 
f 587//561 1737//1202 31//31 1738//1202 
f 583//557 1738//1202 31//31 1739//1202 
f 579//553 1739//1202 31//31 1740//1202 
f 575//549 1740//1202 31//31 1741//1202 
f 571//545 1741//1202 31//31 1742//1202 
f 567//541 1742//1202 31//31 1743//1202 
f 563//537 1743//1202 31//31 1744//1202 
f 559//533 1744//1202 31//31 1745//1202 
f 555//529 1745//1202 31//31 1746//1202 
f 1747//1202 31//31 35//35 
f 551//525 1747//1202 35//35 1748//1202 
f 1749//1202 35//35 39//39 
f 547//521 1749//1202 39//39 1750//1202 
f 1751//1202 39//39 43//43 
f 543//517 1751//1202 43//43 1752//1202 
f 1753//1202 43//43 47//47 
f 539//513 1753//1202 47//47 1754//1202 
f 1755//1202 47//47 51//51 
f 1756//1202 51//51 55//55 
f 535//509 1756//1202 55//55 1757//1202 
f 1758//1202 55//55 59//59 
f 1759//1202 59//59 63//63 
f 1760//1202 63//63 67//67 
f 1761//1202 67//67 71//71 
f 531//505 1761//1202 71//71 1762//1202 
f 1763//1202 71//71 75//75 
f 527//501 1763//1202 75//75 1764//1202 
f 1765//1202 75//75 79//79 
f 1766//1202 79//79 83//83 
f 523//497 1766//1202 83//83 1767//1202 
f 1768//1202 83//83 87//87 
f 1769//1202 87//87 91//91 
f 1770//1202 91//91 95//94 
f 519//493 1770//1202 95//94 1771//1202 
f 1772//1202 95//94 99//98 
f 1773//1202 99//98 103//102 
f 1774//1202 103//102 107//106 
f 515//489 1774//1202 107//106 1775//1202 
f 1776//1202 107//106 111//110 
f 1777//1202 111//110 115//114 
f 1778//1202 115//114 119//118 
f 1779//1202 119//118 123//122 
f 1780//1202 123//122 127//126 
f 511//485 1780//1202 127//126 1781//1202 
f 1782//1202 127//126 131//130 
f 1783//1202 131//130 135//134 
f 1784//1202 135//134 139//138 
f 1785//1202 139//138 143//141 
f 507//482 1785//1202 143//141 1786//1202 
f 1787//1202 143//141 147//145 
f 1788//1202 147//145 151//149 
f 1789//1202 151//149 155//153 
f 503//478 1789//1202 155//153 1790//1202 
f 1791//1202 155//153 159//157 
f 1792//1202 159//157 163//161 
f 499//474 1792//1202 163//161 1793//1202 
f 1794//1202 163//161 167//165 
f 1795//1202 167//165 171//169 
f 495//471 1795//1202 171//169 1796//1202 
f 1797//1202 171//169 175//173 
f 491//467 1797//1202 175//173 1798//1202 
f 487//463 1798//1202 175//173 1799//1202 
f 483//459 1799//1202 175//173 1800//1202 
f 479//455 1800//1202 175//173 1801//1202 
f 447//426 1801//1202 175//173 1802//1202 
f 1803//1202 175//173 179//177 
f 1804//1202 179//177 183//181 
f 443//423 1804//1202 183//181 1805//1202 
f 1806//1202 183//181 187//185 
f 439//420 1806//1202 187//185 1807//1202 
f 1808//1202 187//185 191//188 
f 1809//1202 191//188 195//192 
f 435//417 1809//1202 195//192 1810//1202 
f 1811//1202 195//192 199//196 
f 1812//1202 199//196 203//199 
f 431//413 1812//1202 203//199 1813//1202 
f 1814//1202 203//199 207//203 
f 1815//1202 207//203 211//207 
f 427//409 1815//1202 211//207 1816//1202 
f 1817//1202 211//207 215//211 
f 1818//1202 215//211 219//215 
f 423//405 1818//1202 219//215 1819//1202 
f 1820//1202 219//215 223//218 
f 419//402 1820//1202 223//218 1821//1202 
f 1822//1202 223//218 227//222 
f 1823//1202 227//222 231//226 
f 415//398 1823//1202 231//226 1824//1202 
f 1825//1202 231//226 235//229 
f 1826//1202 235//229 239//232 
f 411//395 1826//1202 239//232 1827//1202 
f 1828//1202 239//232 243//236 
f 407//391 1828//1202 243//236 1829//1202 
f 1830//1202 243//236 247//240 
f 403//388 1830//1202 247//240 1831//1202 
f 399//384 1831//1202 247//240 1832//1202 
f 395//380 1832//1202 247//240 1833//1202 
f 1834//1202 247//240 1906//1202 1111//1054 
f 1835//1202 1111//1054 1115//1058 
f 1836//1202 1115//1058 978//924 
f 391//376 1836//1202 978//924 1837//1202 
f 1838//1202 978//924 977//923 
f 387//373 1838//1202 977//923 1839//1202 
f 1840//1202 977//923 983//929 
f 383//370 1840//1202 983//929 1841//1202 
f 1842//1202 983//929 987//932 
f 379//367 1842//1202 987//932 1843//1202 
f 1844//1202 987//932 991//936 
f 375//363 1844//1202 991//936 1845//1202 
f 1846//1202 991//936 995//940 
f 371//359 1846//1202 995//940 1847//1202 
f 1848//1202 995//940 999//944 
f 367//355 1848//1202 999//944 1849//1202 
f 1850//1202 999//944 1003//948 
f 363//351 1850//1202 1003//948 1851//1202 
f 1852//1202 1003//948 1007//952 
f 359//347 1852//1202 1007//952 1853//1202 
f 1854//1202 1007//952 1011//956 
f 355//343 1854//1202 1011//956 1855//1202 
f 1856//1202 1011//956 1015//960 
f 351//339 1856//1202 1015//960 1857//1202 
f 1858//1202 1015//960 1019//964 
f 347//335 1858//1202 1019//964 1859//1202 
f 1860//1202 1019//964 1023//968 
f 343//331 1860//1202 1023//968 1861//1202 
f 1862//1202 1023//968 1027//972 
f 339//327 1862//1202 1027//972 1863//1202 
f 1864//1202 1027//972 1031//976 
f 335//323 1864//1202 1031//976 1865//1202 
f 331//319 1865//1202 1031//976 1866//1202 
f 1867//1202 1031//976 1035//980 
f 327//315 1867//1202 1035//980 1868//1202 
f 1869//1202 1035//980 1039//984 
f 1870//1202 1039//984 1043//988 
f 323//311 1870//1202 1043//988 1871//1202 
f 1872//1202 1043//988 1047//992 
f 319//307 1872//1202 1047//992 1873//1202 
f 1874//1202 1047//992 1051//996 
f 315//304 1874//1202 1051//996 1875//1202 
f 1876//1202 1051//996 1055//999 
f 311//300 1876//1202 1055//999 1877//1202 
f 1878//1202 1055//999 1059//1003 
f 307//297 1878//1202 1059//1003 1879//1202 
f 1880//1202 1059//1003 1063//1007 
f 303//294 1880//1202 1063//1007 1881//1202 
f 1882//1202 1063//1007 1067//1011 
f 299//290 1882//1202 1067//1011 1883//1202 
f 1884//1202 1067//1011 1071//1015 
f 295//286 1884//1202 1071//1015 1885//1202 
f 1886//1202 1071//1015 1075//1019 
f 1887//1202 1075//1019 1079//1023 
f 291//282 1887//1202 1079//1023 1888//1202 
f 287//279 1888//1202 1079//1023 1889//1202 
f 283//275 1889//1202 1079//1023 1890//1202 
f 279//271 1890//1202 1079//1023 1891//1202 
f 275//267 1891//1202 1079//1023 1892//1202 
f 271//263 1892//1202 1079//1023 1893//1202 
f 267//259 1893//1202 1079//1023 1894//1202 
f 263//256 1894//1202 1079//1023 1895//1202 
f 259//252 1895//1202 1079//1023 1896//1202 
f 255//248 1896//1202 1079//1023 1897//1202 
f 251//244 1897//1202 1079//1023 1898//1202 
f 1899//1202 1079//1023 1083//1026 
f 1900//1202 1083//1026 1087//1030 
f 1901//1202 1087//1030 1091//1034 
f 1902//1202 1091//1034 1095//1038 
f 1903//1202 1095//1038 1099//1042 
f 1904//1202 1099//1042 1103//1046 
f 1905//1202 1103//1046 1107//1050 
f 1906//1202 1107//1050 1111//1054 
# 957 polygons - 1902 triangles

