# 3ds Max Wavefront OBJ Exporter v0.97b - (c)2007 guruware
# File Created: 07.12.2021 20:33:52

#
# object Number_2
#

v  685.3516 0.0000 116.3731
v  685.4852 0.0000 115.7327
v  685.4184 5.0000 116.0529
v  685.4852 10.0000 115.7327
v  685.3516 10.0000 116.3731
v  685.6635 0.0000 115.1676
v  685.5743 5.0000 115.4501
v  685.6635 10.0000 115.1676
v  685.8863 0.0000 114.6778
v  685.7749 5.0000 114.9227
v  685.8863 10.0000 114.6778
v  686.1539 0.0000 114.2635
v  686.0201 5.0000 114.4706
v  686.1539 10.0000 114.2635
v  686.4661 0.0000 113.9244
v  686.3100 5.0000 114.0939
v  686.4661 10.0000 113.9244
v  686.8229 0.0000 113.6607
v  686.6445 5.0000 113.7926
v  686.8229 10.0000 113.6607
v  687.2245 0.0000 113.4723
v  687.0237 5.0000 113.5665
v  687.2245 10.0000 113.4723
v  687.6707 0.0000 113.3593
v  687.4476 5.0000 113.4158
v  687.6707 10.0000 113.3593
v  688.1616 0.0000 113.3217
v  687.9161 5.0000 113.3405
v  688.1616 10.0000 113.3217
v  688.8558 0.0000 113.3634
v  688.5087 5.0000 113.3425
v  688.8558 10.0000 113.3634
v  689.4684 0.0000 113.4886
v  689.1621 5.0000 113.4260
v  689.4684 10.0000 113.4886
v  689.9993 0.0000 113.6973
v  689.7339 5.0000 113.5930
v  689.9993 10.0000 113.6973
v  690.4485 0.0000 113.9895
v  690.2239 5.0000 113.8434
v  690.4485 10.0000 113.9895
v  690.8161 0.0000 114.3652
v  690.6323 5.0000 114.1773
v  690.8161 10.0000 114.3652
v  691.1020 0.0000 114.8243
v  690.9590 5.0000 114.5947
v  691.1020 10.0000 114.8243
v  691.3062 0.0000 115.3669
v  691.2041 5.0000 115.0956
v  691.3062 10.0000 115.3669
v  691.4287 0.0000 115.9930
v  691.3674 5.0000 115.6800
v  691.4287 10.0000 115.9930
v  691.4695 0.0000 116.7026
v  691.4492 5.0000 116.3478
v  691.4695 10.0000 116.7026
v  694.8505 0.0000 116.7026
v  693.1600 5.0000 116.7026
v  694.8505 10.0000 116.7026
v  694.8847 0.0000 115.9930
v  694.8676 5.0000 116.3478
v  694.8847 10.0000 115.9930
v  694.9872 0.0000 115.3669
v  694.9359 5.0000 115.6800
v  694.9872 10.0000 115.3669
v  695.1580 0.0000 114.8243
v  695.0726 5.0000 115.0956
v  695.1580 10.0000 114.8243
v  695.3971 0.0000 114.3652
v  695.2776 5.0000 114.5947
v  695.3971 10.0000 114.3652
v  695.7046 0.0000 113.9895
v  695.5508 5.0000 114.1773
v  695.7046 10.0000 113.9895
v  696.0804 0.0000 113.6973
v  695.8925 5.0000 113.8434
v  696.0804 10.0000 113.6973
v  696.5245 0.0000 113.4886
v  696.3024 5.0000 113.5930
v  696.5245 10.0000 113.4886
v  697.0369 0.0000 113.3634
v  696.7807 5.0000 113.4260
v  697.0369 10.0000 113.3634
v  697.6177 0.0000 113.3217
v  697.3273 5.0000 113.3425
v  697.6177 10.0000 113.3217
v  698.0506 0.0000 113.3789
v  697.8342 5.0000 113.3503
v  698.0506 10.0000 113.3789
v  698.4326 0.0000 113.5507
v  698.2416 5.0000 113.4648
v  698.4326 10.0000 113.5507
v  698.7637 0.0000 113.8371
v  698.5981 5.0000 113.6939
v  698.7637 10.0000 113.8371
v  699.0438 0.0000 114.2380
v  698.9037 5.0000 114.0375
v  699.0438 10.0000 114.2380
v  699.2730 0.0000 114.7534
v  699.1584 5.0000 114.4957
v  699.2730 10.0000 114.7534
v  699.4513 0.0000 115.3833
v  699.3621 5.0000 115.0683
v  699.4513 10.0000 115.3833
v  699.5786 0.0000 116.1278
v  699.5150 5.0000 115.7556
v  699.5786 10.0000 116.1278
v  699.6550 0.0000 116.9868
v  699.6168 5.0000 116.5573
v  699.6550 10.0000 116.9868
v  699.6805 0.0000 117.9604
v  699.6677 5.0000 117.4736
v  699.6805 10.0000 117.9604
v  699.6805 0.0000 130.1510
v  699.6805 5.0000 124.0557
v  699.6805 10.0000 130.1510
v  699.5991 0.0000 131.3495
v  699.6398 5.0000 130.7503
v  699.5991 10.0000 131.3495
v  699.3551 0.0000 132.4070
v  699.4771 5.0000 131.8782
v  699.3551 10.0000 132.4070
v  698.9484 0.0000 133.3235
v  699.1518 5.0000 132.8652
v  698.9484 10.0000 133.3235
v  698.3791 0.0000 134.0990
v  698.6638 5.0000 133.7112
v  698.3791 10.0000 134.0990
v  697.6470 0.0000 134.7334
v  698.0131 5.0000 134.4162
v  697.6470 10.0000 134.7334
v  696.7523 0.0000 135.2269
v  697.1996 5.0000 134.9802
v  696.7523 10.0000 135.2269
v  695.6949 0.0000 135.5794
v  696.2236 5.0000 135.4032
v  695.6949 10.0000 135.5794
v  694.4749 0.0000 135.7909
v  695.0849 5.0000 135.6852
v  694.4749 10.0000 135.7909
v  693.0921 0.0000 135.8614
v  693.7834 5.0000 135.8262
v  693.0921 10.0000 135.8614
v  679.4349 0.0000 135.8614
v  686.2635 5.0000 135.8614
v  679.4349 10.0000 135.8614
v  678.7695 0.0000 135.8399
v  679.1022 5.0000 135.8506
v  678.7695 10.0000 135.8399
v  678.1572 0.0000 135.7751
v  678.4634 5.0000 135.8075
v  678.1572 10.0000 135.7751
v  677.5983 0.0000 135.6673
v  677.8777 5.0000 135.7212
v  677.5983 10.0000 135.6673
v  677.0925 0.0000 135.5163
v  677.3454 5.0000 135.5918
v  677.0925 10.0000 135.5163
v  676.6400 0.0000 135.3222
v  676.8662 5.0000 135.4193
v  676.6400 10.0000 135.3222
v  676.2407 0.0000 135.0849
v  676.4403 5.0000 135.2036
v  676.2407 10.0000 135.0849
v  675.8946 0.0000 134.8046
v  676.0676 5.0000 134.9447
v  675.8946 10.0000 134.8046
v  675.6018 0.0000 134.4810
v  675.7482 5.0000 134.6428
v  675.6018 10.0000 134.4810
v  675.3622 0.0000 134.1143
v  675.4820 5.0000 134.2977
v  675.3622 10.0000 134.1143
v  675.1610 0.0000 133.6934
v  675.2616 5.0000 133.9039
v  675.1610 10.0000 133.6934
v  674.9835 0.0000 133.2070
v  675.0723 5.0000 133.4502
v  674.9835 10.0000 133.2070
v  674.8297 0.0000 132.6552
v  674.9066 5.0000 132.9311
v  674.8297 10.0000 132.6552
v  674.6995 0.0000 132.0379
v  674.7646 5.0000 132.3465
v  674.6995 10.0000 132.0379
v  674.5931 0.0000 131.3552
v  674.6463 5.0000 131.6965
v  674.5931 10.0000 131.3552
v  674.5102 0.0000 130.6070
v  674.5516 5.0000 130.9811
v  674.5102 10.0000 130.6070
v  674.4510 0.0000 129.7935
v  674.4807 5.0000 130.2003
v  674.4510 10.0000 129.7935
v  674.4155 0.0000 128.9144
v  674.4333 5.0000 129.3539
v  674.4155 10.0000 128.9144
v  674.4037 0.0000 127.9700
v  674.4097 5.0000 128.4422
v  674.4037 10.0000 127.9700
v  674.4037 0.0000 108.7533
v  674.4037 5.0000 118.3617
v  674.4037 10.0000 108.7533
v  674.3563 0.0000 107.1643
v  674.3800 5.0000 107.9588
v  674.3563 10.0000 107.1643
v  674.2142 0.0000 105.6363
v  674.2853 5.0000 106.4003
v  674.2142 10.0000 105.6363
v  673.9774 0.0000 104.1692
v  674.0958 5.0000 104.9027
v  673.9774 10.0000 104.1692
v  673.6457 0.0000 102.7631
v  673.8115 5.0000 103.4661
v  673.6457 10.0000 102.7631
v  673.2193 0.0000 101.4179
v  673.4325 5.0000 102.0905
v  673.2193 10.0000 101.4179
v  672.6981 0.0000 100.1338
v  672.9587 5.0000 100.7759
v  672.6981 10.0000 100.1338
v  672.0823 0.0000 98.9105
v  672.3902 5.0000 99.5222
v  672.0823 10.0000 98.9105
v  671.3716 0.0000 97.7483
v  671.7269 5.0000 98.3294
v  671.3716 10.0000 97.7483
v  670.5662 0.0000 96.6470
v  670.9689 5.0000 97.1976
v  670.5662 10.0000 96.6470
v  669.6787 0.0000 95.6327
v  670.1224 5.0000 96.1399
v  669.6787 10.0000 95.6327
v  668.7218 0.0000 94.7314
v  669.2003 5.0000 95.1821
v  668.7218 10.0000 94.7314
v  667.6954 0.0000 93.9432
v  668.2086 5.0000 94.3373
v  667.6954 10.0000 93.9432
v  666.5997 0.0000 93.2679
v  667.1476 5.0000 93.6055
v  666.5997 10.0000 93.2679
v  665.4346 0.0000 92.7057
v  666.0172 5.0000 92.9868
v  665.4346 10.0000 92.7057
v  664.2000 0.0000 92.2564
v  664.8173 5.0000 92.4810
v  664.2000 10.0000 92.2564
v  662.8961 0.0000 91.9202
v  663.5480 5.0000 92.0883
v  662.8961 10.0000 91.9202
v  661.5227 0.0000 91.6971
v  662.2094 5.0000 91.8086
v  661.5227 10.0000 91.6971
v  660.0799 0.0000 91.5869
v  660.8013 5.0000 91.6420
v  660.0799 10.0000 91.5869
v  654.7619 0.0000 98.9928
v  657.4209 5.0000 95.2898
v  654.7619 10.0000 98.9928
v  656.8231 0.0000 99.1170
v  655.7925 5.0000 99.0549
v  656.8231 10.0000 99.1170
v  658.6418 0.0000 99.4897
v  657.7324 5.0000 99.3034
v  658.6418 10.0000 99.4897
v  660.2180 0.0000 100.1108
v  659.4299 5.0000 99.8003
v  660.2180 10.0000 100.1108
v  661.5517 0.0000 100.9804
v  660.8848 5.0000 100.5456
v  661.5517 10.0000 100.9804
v  662.6429 0.0000 102.0985
v  662.0973 5.0000 101.5395
v  662.6429 10.0000 102.0985
v  663.4916 0.0000 103.4650
v  663.0673 5.0000 102.7817
v  663.4916 10.0000 103.4650
v  664.0978 0.0000 105.0799
v  663.7947 5.0000 104.2724
v  664.0978 10.0000 105.0799
v  664.4615 0.0000 106.9433
v  664.2797 5.0000 106.0116
v  664.4615 10.0000 106.9433
v  664.5828 0.0000 109.0552
v  664.5222 5.0000 107.9993
v  664.5828 10.0000 109.0552
v  664.5828 0.0000 130.2617
v  664.5828 5.0000 119.6584
v  664.5828 10.0000 130.2617
v  664.6178 0.0000 131.3245
v  664.6003 5.0000 130.7931
v  664.6178 10.0000 131.3245
v  664.7228 0.0000 132.3562
v  664.6703 5.0000 131.8404
v  664.7228 10.0000 132.3562
v  664.8977 0.0000 133.3569
v  664.8102 5.0000 132.8566
v  664.8977 10.0000 133.3569
v  665.1426 0.0000 134.3264
v  665.0201 5.0000 133.8416
v  665.1426 10.0000 134.3264
v  665.4575 0.0000 135.2649
v  665.3000 5.0000 134.7956
v  665.4575 10.0000 135.2649
v  665.8423 0.0000 136.1722
v  665.6499 5.0000 135.7186
v  665.8423 10.0000 136.1722
v  666.2971 0.0000 137.0485
v  666.0697 5.0000 136.6104
v  666.2971 10.0000 137.0485
v  666.8219 0.0000 137.8937
v  666.5595 5.0000 137.4711
v  666.8219 10.0000 137.8937
v  667.4166 0.0000 138.7078
v  667.1193 5.0000 138.3008
v  667.4166 10.0000 138.7078
v  668.0881 0.0000 139.4620
v  667.7524 5.0000 139.0849
v  668.0881 10.0000 139.4620
v  668.8429 0.0000 140.1275
v  668.4655 5.0000 139.7948
v  668.8429 10.0000 140.1275
v  669.6811 0.0000 140.7042
v  669.2620 5.0000 140.4159
v  669.6811 10.0000 140.7042
v  670.6027 0.0000 141.1922
v  670.1419 5.0000 140.9482
v  670.6027 10.0000 141.1922
v  671.6077 0.0000 141.5915
v  671.1052 5.0000 141.3919
v  671.6077 10.0000 141.5915
v  672.6960 0.0000 141.9021
v  672.1519 5.0000 141.7468
v  672.6960 10.0000 141.9021
v  673.8678 0.0000 142.1239
v  673.2819 5.0000 142.0130
v  673.8678 10.0000 142.1239
v  675.1230 0.0000 142.2570
v  674.4954 5.0000 142.1904
v  675.1230 10.0000 142.2570
v  676.4615 0.0000 142.3014
v  675.7922 5.0000 142.2792
v  676.4615 10.0000 142.3014
v  699.1924 0.0000 142.3014
v  687.8270 5.0000 142.3014
v  699.1924 10.0000 142.3014
v  701.3561 0.0000 142.1532
v  700.2742 5.0000 142.2273
v  701.3561 10.0000 142.1532
v  703.2651 0.0000 141.7087
v  702.3105 5.0000 141.9309
v  703.2651 10.0000 141.7087
v  704.9196 0.0000 140.9678
v  704.0923 5.0000 141.3382
v  704.9196 10.0000 140.9678
v  706.3196 0.0000 139.9306
v  705.6196 5.0000 140.4492
v  706.3196 10.0000 139.9306
v  707.4650 0.0000 138.5971
v  706.8923 5.0000 139.2638
v  707.4650 10.0000 138.5971
v  708.3560 0.0000 136.9672
v  707.9105 5.0000 137.7821
v  708.3560 10.0000 136.9672
v  708.9923 0.0000 135.0409
v  708.6741 5.0000 136.0041
v  708.9923 10.0000 135.0409
v  709.3741 0.0000 132.8184
v  709.1832 5.0000 133.9296
v  709.3741 10.0000 132.8184
v  709.5014 0.0000 130.2994
v  709.4377 5.0000 131.5589
v  709.5014 10.0000 130.2994
v  709.5014 0.0000 117.3340
v  709.5014 5.0000 123.8167
v  709.5014 10.0000 117.3340
v  709.4702 0.0000 116.2769
v  709.4858 5.0000 116.8055
v  709.4702 10.0000 116.2769
v  709.3765 0.0000 115.2755
v  709.4233 5.0000 115.7762
v  709.3765 10.0000 115.2755
v  709.2205 0.0000 114.3298
v  709.2985 5.0000 114.8027
v  709.2205 10.0000 114.3298
v  709.0020 0.0000 113.4400
v  709.1112 5.0000 113.8849
v  709.0020 10.0000 113.4400
v  708.7211 0.0000 112.6059
v  708.8615 5.0000 113.0230
v  708.7211 10.0000 112.6059
v  708.3777 0.0000 111.8277
v  708.5494 5.0000 112.2168
v  708.3777 10.0000 111.8277
v  707.9720 0.0000 111.1052
v  708.1749 5.0000 111.4664
v  707.9720 10.0000 111.1052
v  707.5038 0.0000 110.4384
v  707.7379 5.0000 110.7718
v  707.5038 10.0000 110.4384
v  706.9732 0.0000 109.8275
v  707.2385 5.0000 110.1330
v  706.9732 10.0000 109.8275
v  706.3995 0.0000 109.2768
v  706.6863 5.0000 109.5522
v  706.3995 10.0000 109.2768
v  705.8020 0.0000 108.7909
v  706.1007 5.0000 109.0339
v  705.8020 10.0000 108.7909
v  705.1807 0.0000 108.3698
v  705.4913 5.0000 108.5804
v  705.1807 10.0000 108.3698
v  704.5356 0.0000 108.0135
v  704.8582 5.0000 108.1917
v  704.5356 10.0000 108.0135
v  703.8668 0.0000 107.7220
v  704.2012 5.0000 107.8678
v  703.8668 10.0000 107.7220
v  703.1741 0.0000 107.4953
v  703.5204 5.0000 107.6086
v  703.1741 10.0000 107.4953
v  702.4576 0.0000 107.3333
v  702.8159 5.0000 107.4143
v  702.4576 10.0000 107.3333
v  701.7174 0.0000 107.2361
v  702.0875 5.0000 107.2847
v  701.7174 10.0000 107.2361
v  700.9534 0.0000 107.2037
v  701.3354 5.0000 107.2199
v  700.9534 10.0000 107.2037
v  700.4404 0.0000 107.2172
v  700.6969 5.0000 107.2104
v  700.4404 10.0000 107.2172
v  699.9177 0.0000 107.2575
v  700.1790 5.0000 107.2373
v  699.9177 10.0000 107.2575
v  699.3853 0.0000 107.3247
v  699.6515 5.0000 107.2911
v  699.3853 10.0000 107.3247
v  698.8433 0.0000 107.4189
v  699.1143 5.0000 107.3718
v  698.8433 10.0000 107.4189
v  698.2915 0.0000 107.5399
v  698.5674 5.0000 107.4794
v  698.2915 10.0000 107.5399
v  697.7300 0.0000 107.6878
v  698.0107 5.0000 107.6139
v  697.7300 10.0000 107.6878
v  697.1589 0.0000 107.8626
v  697.4445 5.0000 107.7752
v  697.1589 10.0000 107.8626
v  696.5781 0.0000 108.0644
v  696.8685 5.0000 107.9635
v  696.5781 10.0000 108.0644
v  695.9875 0.0000 108.2930
v  696.2828 5.0000 108.1787
v  695.9875 10.0000 108.2930
v  695.4253 0.0000 108.5354
v  695.7064 5.0000 108.4142
v  695.4253 10.0000 108.5354
v  694.9291 0.0000 108.7787
v  695.1772 5.0000 108.6571
v  694.9291 10.0000 108.7787
v  694.4991 0.0000 109.0228
v  694.7142 5.0000 108.9007
v  694.4991 10.0000 109.0228
v  694.1354 0.0000 109.2677
v  694.3173 5.0000 109.1452
v  694.1354 10.0000 109.2677
v  693.8376 0.0000 109.5133
v  693.9865 5.0000 109.3905
v  693.8376 10.0000 109.5133
v  693.6061 0.0000 109.7598
v  693.7219 5.0000 109.6366
v  693.6061 10.0000 109.7598
v  693.4408 0.0000 110.0071
v  693.5234 5.0000 109.8835
v  693.4408 10.0000 110.0071
v  693.3416 0.0000 110.2553
v  693.3912 5.0000 110.1312
v  693.3416 10.0000 110.2553
v  693.3085 0.0000 110.5042
v  693.3250 5.0000 110.3797
v  693.3085 10.0000 110.5042
v  692.9542 0.0000 109.8115
v  693.1313 5.0000 110.1578
v  692.9542 10.0000 109.8115
v  692.5330 0.0000 109.2003
v  692.7436 5.0000 109.5059
v  692.5330 10.0000 109.2003
v  692.0451 0.0000 108.6706
v  692.2891 5.0000 108.9354
v  692.0451 10.0000 108.6706
v  691.4903 0.0000 108.2224
v  691.7677 5.0000 108.4465
v  691.4903 10.0000 108.2224
v  690.8687 0.0000 107.8557
v  691.1794 5.0000 108.0390
v  690.8687 10.0000 107.8557
v  690.1802 0.0000 107.5704
v  690.5244 5.0000 107.7131
v  690.1802 10.0000 107.5704
v  689.4249 0.0000 107.3667
v  689.8026 5.0000 107.4686
v  689.4249 10.0000 107.3667
v  688.6027 0.0000 107.2445
v  689.0138 5.0000 107.3056
v  688.6027 10.0000 107.2445
v  687.7137 0.0000 107.2037
v  688.1583 5.0000 107.2241
v  687.7137 10.0000 107.2037
v  685.7313 0.0000 107.3570
v  686.7225 5.0000 107.2804
v  685.7313 10.0000 107.3570
v  683.9820 0.0000 107.8169
v  684.8566 5.0000 107.5870
v  683.9820 10.0000 107.8169
v  682.4659 0.0000 108.5834
v  683.2240 5.0000 108.2001
v  682.4659 10.0000 108.5834
v  681.1832 0.0000 109.6565
v  681.8245 5.0000 109.1199
v  681.1832 10.0000 109.6565
v  680.1336 0.0000 111.0361
v  680.6584 5.0000 110.3463
v  680.1336 10.0000 111.0361
v  679.3173 0.0000 112.7224
v  679.7254 5.0000 111.8792
v  679.3173 10.0000 112.7224
v  678.7342 0.0000 114.7152
v  679.0257 5.0000 113.7188
v  678.7342 10.0000 114.7152
v  678.3843 0.0000 117.0147
v  678.5593 5.0000 115.8650
v  678.3843 10.0000 117.0147
v  678.2677 0.0000 119.6207
v  678.3260 5.0000 118.3177
v  678.2677 10.0000 119.6207
v  678.2970 0.0000 120.7173
v  678.2823 5.0000 120.1690
v  678.2970 10.0000 120.7173
v  678.3848 0.0000 121.7834
v  678.3409 5.0000 121.2504
v  678.3848 10.0000 121.7834
v  678.5313 0.0000 122.8190
v  678.4581 5.0000 122.3012
v  678.5313 10.0000 122.8190
v  678.7363 0.0000 123.8241
v  678.6338 5.0000 123.3215
v  678.7363 10.0000 123.8241
v  678.9999 0.0000 124.7986
v  678.8680 5.0000 124.3113
v  678.9999 10.0000 124.7986
v  679.3220 0.0000 125.7426
v  679.1609 5.0000 125.2706
v  679.3220 10.0000 125.7426
v  679.7028 0.0000 126.6560
v  679.5124 5.0000 126.1993
v  679.7028 10.0000 126.6560
v  680.1420 0.0000 127.5390
v  679.9224 5.0000 127.0975
v  680.1420 10.0000 127.5390
v  680.6399 0.0000 128.3914
v  680.3910 5.0000 127.9651
v  680.6399 10.0000 128.3914
v  681.1882 0.0000 129.1820
v  680.9141 5.0000 128.7867
v  681.1882 10.0000 129.1820
v  681.7788 0.0000 129.8796
v  681.4835 5.0000 129.5308
v  681.7788 10.0000 129.8796
v  682.4117 0.0000 130.4842
v  682.0953 5.0000 130.1819
v  682.4117 10.0000 130.4842
v  683.0869 0.0000 130.9958
v  682.7493 5.0000 130.7400
v  683.0869 10.0000 130.9958
v  683.8044 0.0000 131.4143
v  683.4457 5.0000 131.2051
v  683.8044 10.0000 131.4143
v  684.5642 0.0000 131.7399
v  684.1843 5.0000 131.5771
v  684.5642 10.0000 131.7399
v  685.3663 0.0000 131.9724
v  684.9653 5.0000 131.8562
v  685.3663 10.0000 131.9724
v  686.2108 0.0000 132.1120
v  685.7886 5.0000 132.0422
v  686.2108 10.0000 132.1120
v  687.0975 0.0000 132.1585
v  686.6541 5.0000 132.1352
v  687.0975 10.0000 132.1585
v  688.5219 0.0000 132.0776
v  687.8097 5.0000 132.1180
v  688.5219 10.0000 132.0776
v  689.7787 0.0000 131.8351
v  689.1503 5.0000 131.9564
v  689.7787 10.0000 131.8351
v  690.8680 0.0000 131.4309
v  690.3234 5.0000 131.6330
v  690.8680 10.0000 131.4309
v  691.7897 0.0000 130.8650
v  691.3289 5.0000 131.1479
v  691.7897 10.0000 130.8650
v  692.5439 0.0000 130.1374
v  692.1668 5.0000 130.5012
v  692.5439 10.0000 130.1374
v  693.1304 0.0000 129.2482
v  692.8372 5.0000 129.6928
v  693.1304 10.0000 129.2482
v  693.5494 0.0000 128.1973
v  693.3399 5.0000 128.7227
v  693.5494 10.0000 128.1973
v  693.8007 0.0000 126.9846
v  693.6750 5.0000 127.5910
v  693.8007 10.0000 126.9846
v  693.8845 0.0000 125.6104
v  693.8427 5.0000 126.2975
v  693.8845 10.0000 125.6104
v  693.8080 0.0000 124.3490
v  693.8463 5.0000 124.9797
v  693.8080 10.0000 124.3490
v  693.5783 0.0000 123.2361
v  693.6931 5.0000 123.7926
v  693.5783 10.0000 123.2361
v  693.1956 0.0000 122.2716
v  693.3869 5.0000 122.7539
v  693.1956 10.0000 122.2716
v  692.6597 0.0000 121.4555
v  692.9276 5.0000 121.8635
v  692.6597 10.0000 121.4555
v  691.9706 0.0000 120.7877
v  692.3152 5.0000 121.1216
v  691.9706 10.0000 120.7877
v  691.1285 0.0000 120.2683
v  691.5496 5.0000 120.5280
v  691.1285 10.0000 120.2683
v  690.1334 0.0000 119.8974
v  690.6309 5.0000 120.0829
v  690.1334 10.0000 119.8974
v  688.9850 0.0000 119.6748
v  689.5592 5.0000 119.7861
v  688.9850 10.0000 119.6748
v  687.6836 0.0000 119.6006
v  688.3343 5.0000 119.6377
v  687.6836 10.0000 119.6006
v  687.3760 0.0000 119.6066
v  687.5298 5.0000 119.6036
v  687.3760 10.0000 119.6066
v  687.0806 0.0000 119.6244
v  687.2283 5.0000 119.6155
v  687.0806 10.0000 119.6244
v  686.7972 0.0000 119.6543
v  686.9389 5.0000 119.6394
v  686.7972 10.0000 119.6543
v  686.5260 0.0000 119.6960
v  686.6616 5.0000 119.6751
v  686.5260 10.0000 119.6960
v  686.2669 0.0000 119.7497
v  686.3965 5.0000 119.7228
v  686.2669 10.0000 119.7497
v  686.0199 0.0000 119.8153
v  686.1434 5.0000 119.7825
v  686.0199 10.0000 119.8153
v  685.7850 0.0000 119.8928
v  685.9025 5.0000 119.8540
v  685.7850 10.0000 119.8928
v  685.5623 0.0000 119.9822
v  685.6736 5.0000 119.9375
v  685.5623 10.0000 119.9822
v  685.3516 0.0000 120.0836
v  685.4570 5.0000 120.0329
v  685.3516 10.0000 120.0836
v  685.3516 5.0000 118.2283
v  688.3370 0.0000 123.0173
v  688.8448 0.0000 123.1247
v  688.5909 5.0000 123.0710
v  688.8448 10.0000 123.1247
v  688.3370 10.0000 123.0173
v  689.2849 0.0000 123.3036
v  689.0649 5.0000 123.2141
v  689.2849 10.0000 123.3036
v  689.6573 0.0000 123.5540
v  689.4711 5.0000 123.4288
v  689.6573 10.0000 123.5540
v  689.9619 0.0000 123.8760
v  689.8096 5.0000 123.7150
v  689.9619 10.0000 123.8760
v  690.1989 0.0000 124.2695
v  690.0804 5.0000 124.0728
v  690.1989 10.0000 124.2695
v  690.3682 0.0000 124.7346
v  690.2835 5.0000 124.5021
v  690.3682 10.0000 124.7346
v  690.4697 0.0000 125.2713
v  690.4189 5.0000 125.0030
v  690.4697 10.0000 125.2713
v  690.5035 0.0000 125.8795
v  690.4866 5.0000 125.5754
v  690.5035 10.0000 125.8795
v  690.4697 0.0000 126.4877
v  690.4866 5.0000 126.1836
v  690.4697 10.0000 126.4877
v  690.3682 0.0000 127.0244
v  690.4189 5.0000 126.7561
v  690.3682 10.0000 127.0244
v  690.1989 0.0000 127.4895
v  690.2835 5.0000 127.2570
v  690.1989 10.0000 127.4895
v  689.9619 0.0000 127.8831
v  690.0804 5.0000 127.6863
v  689.9619 10.0000 127.8831
v  689.6573 0.0000 128.2051
v  689.8096 5.0000 128.0441
v  689.6573 10.0000 128.2051
v  689.2849 0.0000 128.4555
v  689.4711 5.0000 128.3303
v  689.2849 10.0000 128.4555
v  688.8448 0.0000 128.6344
v  689.0649 5.0000 128.5450
v  688.8448 10.0000 128.6344
v  688.3370 0.0000 128.7417
v  688.5909 5.0000 128.6880
v  688.3370 10.0000 128.7417
v  687.7615 0.0000 128.7775
v  688.0493 5.0000 128.7596
v  687.7615 10.0000 128.7775
v  687.2220 0.0000 128.7417
v  687.4918 5.0000 128.7596
v  687.2220 10.0000 128.7417
v  686.7458 0.0000 128.6344
v  686.9839 5.0000 128.6880
v  686.7458 10.0000 128.6344
v  686.3333 0.0000 128.4555
v  686.5396 5.0000 128.5450
v  686.3333 10.0000 128.4555
v  685.9841 0.0000 128.2051
v  686.1587 5.0000 128.3303
v  685.9841 10.0000 128.2051
v  685.6985 0.0000 127.8831
v  685.8413 5.0000 128.0441
v  685.6985 10.0000 127.8831
v  685.4763 0.0000 127.4895
v  685.5874 5.0000 127.6863
v  685.4763 10.0000 127.4895
v  685.3176 0.0000 127.0244
v  685.3969 5.0000 127.2570
v  685.3176 10.0000 127.0244
v  685.2224 0.0000 126.4877
v  685.2700 5.0000 126.7561
v  685.2224 10.0000 126.4877
v  685.1906 0.0000 125.8795
v  685.2065 5.0000 126.1836
v  685.1906 10.0000 125.8795
v  685.2224 0.0000 125.2713
v  685.2065 5.0000 125.5754
v  685.2224 10.0000 125.2713
v  685.3176 0.0000 124.7346
v  685.2700 5.0000 125.0030
v  685.3176 10.0000 124.7346
v  685.4763 0.0000 124.2695
v  685.3969 5.0000 124.5021
v  685.4763 10.0000 124.2695
v  685.6985 0.0000 123.8760
v  685.5874 5.0000 124.0728
v  685.6985 10.0000 123.8760
v  685.9841 0.0000 123.5540
v  685.8413 5.0000 123.7150
v  685.9841 10.0000 123.5540
v  686.3333 0.0000 123.3036
v  686.1587 5.0000 123.4288
v  686.3333 10.0000 123.3036
v  686.7459 0.0000 123.1247
v  686.5396 5.0000 123.2141
v  686.7459 10.0000 123.1247
v  687.2220 0.0000 123.0173
v  686.9839 5.0000 123.0710
v  687.2220 10.0000 123.0173
v  687.7615 0.0000 122.9816
v  687.4918 5.0000 122.9994
v  687.7615 10.0000 122.9816
v  688.0493 5.0000 122.9994
v  669.4933 0.0000 119.0101
v  657.2216 10.0000 96.5656
v  671.1340 0.0000 129.0487
v  670.4037 0.0000 107.5105
v  670.0793 0.0000 104.9184
v  669.8725 0.0000 101.9617
v  668.0309 0.0000 99.7738
v  666.8094 0.0000 97.3389
v  664.2833 0.0000 95.5441
v  661.4957 0.0000 95.0948
v  659.2668 0.0000 95.4727
v  657.2216 0.0000 96.5656
v  671.1498 0.0000 129.6565
v  669.5405 0.0000 130.4967
v  669.6110 0.0000 131.4107
v  669.7283 0.0000 132.2765
v  669.0054 0.0000 133.5282
v  669.4821 0.0000 134.8696
v  670.8159 0.0000 135.4606
v  670.5699 0.0000 136.7743
v  671.5152 0.0000 137.7778
v  672.6776 0.0000 138.5547
v  674.1097 0.0000 138.3458
v  674.9135 0.0000 139.3380
v  676.2852 0.0000 137.6985
v  676.5688 0.0000 138.9355
v  682.8524 0.0000 139.0113
v  685.3730 0.0000 137.9721
v  685.7990 0.0000 138.0009
v  690.5732 0.0000 138.0081
v  695.5865 0.0000 137.9846
v  696.4541 0.0000 137.8906
v  697.2133 0.0000 137.7026
v  699.6426 0.0000 139.2247
v  701.0527 0.0000 137.8772
v  703.2064 0.0000 137.3836
v  704.6234 0.0000 135.2671
v  704.3302 0.0000 132.9039
v  704.5388 0.0000 131.1546
v  704.5909 0.0000 123.9362
v  704.5768 0.0000 117.1395
v  704.5201 0.0000 116.1667
v  705.3257 0.0000 114.9113
v  705.4662 0.0000 113.1859
v  704.5276 0.0000 111.6065
v  703.3703 0.0000 110.0354
v  701.3380 0.0000 109.1969
v  699.4319 0.0000 109.0502
v  697.9487 0.0000 109.5350
v  696.8759 0.0000 110.1810
v  695.9807 0.0000 110.4918
v  694.3703 0.0000 110.4295
v  693.2716 0.0000 113.3091
v  693.9726 0.0000 114.2399
v  691.6776 0.0000 112.0006
v  691.4150 0.0000 110.5151
v  690.0480 0.0000 109.6445
v  688.5518 0.0000 109.7000
v  687.8486 0.0000 111.2949
v  687.0851 0.0000 110.3481
v  685.9402 0.0000 110.5767
v  684.9343 0.0000 110.9963
v  684.0673 0.0000 111.6069
v  683.3392 0.0000 112.4085
v  682.7501 0.0000 113.4010
v  682.3000 0.0000 114.5845
v  683.1903 0.0000 115.6070
v  680.2503 0.0000 121.5406
v  682.5645 0.0000 126.6406
v  682.8304 0.0000 127.3606
v  683.1555 0.0000 128.0218
v  683.3107 0.0000 128.9837
v  684.2953 0.0000 129.3920
v  684.7546 0.0000 130.1621
v  685.7524 0.0000 130.2006
v  686.5285 0.0000 130.7238
v  687.3604 0.0000 129.8926
v  687.9295 0.0000 130.4388
v  688.8706 0.0000 130.3222
v  689.6942 0.0000 130.0890
v  690.4000 0.0000 129.7391
v  690.9882 0.0000 129.2726
v  691.4588 0.0000 128.6895
v  691.8117 0.0000 127.9898
v  692.0470 0.0000 127.1735
v  692.1646 0.0000 126.2406
v  692.1664 0.0000 125.2776
v  691.5486 0.0000 124.7850
v  691.9883 0.0000 124.1473
v  691.9189 0.0000 123.0217
v  691.0624 0.0000 122.4183
v  690.5104 0.0000 121.9784
v  689.8479 0.0000 121.6485
v  689.0751 0.0000 121.4285
v  688.1918 0.0000 121.3186
v  687.3201 0.0000 120.7475
v  686.4805 0.0000 120.7071
v  685.9556 0.0000 121.2774
v  685.8896 0.0000 122.3137
v  685.6781 0.0000 122.5045
v  685.5088 0.0000 122.7430
v  685.3818 0.0000 123.0293
v  685.2972 0.0000 123.3632
v  685.2549 0.0000 123.7448
v  693.1183 0.0000 114.5947
v  693.1383 0.0000 115.0956
v  693.1517 0.0000 115.6800
v  693.1584 0.0000 116.3478
v  659.2668 10.0000 95.4727
v  661.4957 10.0000 95.0949
v  664.2833 10.0000 95.5441
v  666.8094 10.0000 97.3389
v  668.0309 10.0000 99.7738
v  669.8725 10.0000 101.9617
v  670.0793 10.0000 104.9184
v  670.4037 10.0000 107.5105
v  694.3703 10.0000 110.4295
v  691.2521 10.0000 112.7303
v  695.9807 10.0000 110.4918
v  696.8759 10.0000 110.1810
v  697.9487 10.0000 109.5350
v  699.4319 10.0000 109.0502
v  701.3380 10.0000 109.1969
v  703.3703 10.0000 110.0354
v  704.5276 10.0000 111.6065
v  705.4662 10.0000 113.1859
v  705.3258 10.0000 114.9113
v  704.5201 10.0000 116.1667
v  704.5768 10.0000 117.1395
v  704.5909 10.0000 123.9362
v  704.5388 10.0000 131.1546
v  704.3302 10.0000 132.9039
v  704.6234 10.0000 135.2671
v  703.2064 10.0000 137.3836
v  701.0527 10.0000 137.8772
v  699.6426 10.0000 139.2247
v  697.2133 10.0000 137.7026
v  696.4541 10.0000 137.8906
v  695.5865 10.0000 137.9846
v  690.5732 10.0000 138.0081
v  685.7990 10.0000 138.0009
v  685.3730 10.0000 137.9721
v  682.8524 10.0000 139.0113
v  676.5688 10.0000 138.9355
v  676.2852 10.0000 137.6985
v  674.9135 10.0000 139.3380
v  674.1097 10.0000 138.3458
v  672.6776 10.0000 138.5547
v  671.5152 10.0000 137.7778
v  670.5699 10.0000 136.7743
v  670.8159 10.0000 135.4606
v  669.4820 10.0000 134.8696
v  669.0054 10.0000 133.5282
v  669.7283 10.0000 132.2765
v  669.6110 10.0000 131.4107
v  669.5405 10.0000 130.4967
v  671.1498 10.0000 129.6565
v  671.1340 10.0000 129.0487
v  669.4933 10.0000 119.0101
v  680.6055 10.0000 121.8071
v  691.5244 10.0000 112.9529
v  693.2549 10.0000 114.3860
v  693.2408 10.0000 114.8452
v  693.9774 10.0000 113.1390
v  693.2200 10.0000 115.3878
v  693.1584 10.0000 116.3478
v  693.7668 10.0000 115.7843
v  685.2972 10.0000 123.3632
v  683.1903 10.0000 115.6070
v  682.3000 10.0000 114.5845
v  682.7501 10.0000 113.4010
v  683.3392 10.0000 112.4085
v  684.0673 10.0000 111.6069
v  684.9343 10.0000 110.9963
v  685.9402 10.0000 110.5767
v  687.0851 10.0000 110.3481
v  687.8486 10.0000 111.2949
v  688.5518 10.0000 109.7000
v  690.0480 10.0000 109.6445
v  691.6855 10.0000 110.5135
v  685.3818 10.0000 123.0293
v  685.5088 10.0000 122.7430
v  685.6781 10.0000 122.5045
v  685.8896 10.0000 122.3137
v  685.9556 10.0000 121.2774
v  686.4805 10.0000 120.7071
v  687.3201 10.0000 120.7475
v  688.1918 10.0000 121.3186
v  689.0751 10.0000 121.4285
v  689.8479 10.0000 121.6485
v  690.5103 10.0000 121.9784
v  691.0624 10.0000 122.4183
v  691.9189 10.0000 123.0217
v  691.9883 10.0000 124.1473
v  691.5486 10.0000 124.7850
v  692.1664 10.0000 125.2776
v  692.1646 10.0000 126.2406
v  692.0470 10.0000 127.1735
v  691.8117 10.0000 127.9898
v  691.4588 10.0000 128.6895
v  690.9882 10.0000 129.2726
v  690.4000 10.0000 129.7391
v  689.6942 10.0000 130.0890
v  688.8706 10.0000 130.3222
v  687.9295 10.0000 130.4388
v  687.3604 10.0000 129.8926
v  686.5285 10.0000 130.7238
v  685.7524 10.0000 130.2006
v  684.7546 10.0000 130.1621
v  684.2953 10.0000 129.3920
v  683.3107 10.0000 128.9837
v  683.1555 10.0000 128.0218
v  682.8304 10.0000 127.3606
v  682.5645 10.0000 126.6406
# 997 vertices

vn 0.6788 -0.7310 0.0700
vn 0.6729 -0.7185 0.1758
vn 0.9789 0.0000 0.2042
vn 0.6729 0.7185 0.1758
vn 0.6788 0.7310 0.0700
vn 0.6469 -0.7210 0.2482
vn 0.9537 0.0000 0.3008
vn 0.6469 0.7210 0.2482
vn 0.6054 -0.7239 0.3309
vn 0.9102 0.0000 0.4142
vn 0.6054 0.7239 0.3309
vn 0.5431 -0.7268 0.4204
vn 0.8401 0.0000 0.5424
vn 0.5431 0.7268 0.4204
vn 0.4572 -0.7291 0.5093
vn 0.7356 0.0000 0.6774
vn 0.4572 0.7291 0.5093
vn 0.3499 -0.7300 0.5871
vn 0.5943 0.0000 0.8042
vn 0.3499 0.7300 0.5871
vn 0.2304 -0.7292 0.6444
vn 0.4247 0.0000 0.9053
vn 0.2304 0.7292 0.6444
vn 0.1110 -0.7269 0.6777
vn 0.2455 0.0000 0.9694
vn 0.1110 0.7269 0.6777
vn 0.0057 -0.7228 0.6910
vn 0.0765 0.0000 0.9971
vn 0.0057 0.7228 0.6910
vn -0.0901 -0.7234 0.6845
vn -0.0600 0.0000 0.9982
vn -0.0901 0.7234 0.6845
vn -0.1951 -0.7271 0.6583
vn -0.2003 0.0000 0.9797
vn -0.1951 0.7271 0.6583
vn -0.3127 -0.7305 0.6071
vn -0.3658 0.0000 0.9307
vn -0.3127 0.7305 0.6071
vn -0.4314 -0.7326 0.5265
vn -0.5452 0.0000 0.8383
vn -0.4314 0.7326 0.5265
vn -0.5355 -0.7324 0.4205
vn -0.7148 0.0000 0.6994
vn -0.5355 0.7324 0.4205
vn -0.6130 -0.7299 0.3025
vn -0.8489 0.0000 0.5285
vn -0.6130 0.7299 0.3025
vn -0.6612 -0.7263 0.1877
vn -0.9359 0.0000 0.3522
vn -0.6612 0.7263 0.1877
vn -0.6857 -0.7227 0.0864
vn -0.9814 0.0000 0.1920
vn -0.6857 0.7227 0.0864
vn -0.5590 -0.5804 0.5921
vn -0.9983 0.0000 0.0574
vn -0.5590 0.5804 0.5921
vn 0.5620 -0.5799 0.5897
vn 0.0000 0.0000 1.0000
vn 0.5620 0.5799 0.5897
vn 0.6900 -0.7202 0.0728
vn 0.9988 0.0000 0.0481
vn 0.6900 0.7202 0.0728
vn 0.6716 -0.7235 0.1598
vn 0.9869 0.0000 0.1615
vn 0.6716 0.7235 0.1598
vn 0.6341 -0.7273 0.2626
vn 0.9539 0.0000 0.3003
vn 0.6341 0.7273 0.2626
vn 0.5697 -0.7310 0.3757
vn 0.8869 0.0000 0.4619
vn 0.5697 0.7310 0.3757
vn 0.4748 -0.7332 0.4869
vn 0.7739 0.0000 0.6334
vn 0.4748 0.7332 0.4869
vn 0.3557 -0.7329 0.5800
vn 0.6138 0.0000 0.7895
vn 0.3557 0.7329 0.5800
vn 0.2275 -0.7302 0.6442
vn 0.4253 0.0000 0.9050
vn 0.2275 0.7302 0.6442
vn 0.1066 -0.7265 0.6789
vn 0.2374 0.0000 0.9714
vn 0.1066 0.7265 0.6789
vn -0.0204 -0.7307 0.6824
vn 0.0717 0.0000 0.9974
vn -0.0204 0.7307 0.6824
vn -0.1836 -0.7413 0.6456
vn -0.1311 0.0000 0.9914
vn -0.1836 0.7413 0.6456
vn -0.3611 -0.7412 0.5659
vn -0.4102 0.0000 0.9120
vn -0.3611 0.7412 0.5659
vn -0.5027 -0.7360 0.4534
vn -0.6542 0.0000 0.7563
vn -0.5027 0.7360 0.4534
vn -0.5958 -0.7293 0.3365
vn -0.8197 0.0000 0.5728
vn -0.5958 0.7293 0.3365
vn -0.6491 -0.7235 0.2348
vn -0.9137 0.0000 0.4063
vn -0.6491 0.7235 0.2348
vn -0.6776 -0.7193 0.1534
vn -0.9622 0.0000 0.2723
vn -0.6776 0.7193 0.1534
vn -0.6920 -0.7163 0.0898
vn -0.9857 0.0000 0.1686
vn -0.6920 0.7163 0.0898
vn -0.6988 -0.7142 0.0402
vn -0.9961 0.0000 0.0886
vn -0.6988 0.7142 0.0402
vn -0.7041 -0.7101 0.0092
vn -0.9997 0.0000 0.0261
vn -0.7041 0.7101 0.0092
vn -0.6989 -0.7148 -0.0237
vn -1.0000 0.0000 -0.0000
vn -0.6989 0.7148 -0.0237
vn -0.6808 -0.7254 -0.1010
vn -0.9977 0.0000 -0.0677
vn -0.6808 0.7254 -0.1010
vn -0.6491 -0.7292 -0.2167
vn -0.9744 0.0000 -0.2248
vn -0.6491 0.7292 -0.2167
vn -0.5892 -0.7322 -0.3417
vn -0.9140 0.0000 -0.4056
vn -0.5892 0.7322 -0.3417
vn -0.5000 -0.7331 -0.4611
vn -0.8061 0.0000 -0.5918
vn -0.5000 0.7331 -0.4611
vn -0.3901 -0.7315 -0.5592
vn -0.6550 0.0000 -0.7557
vn -0.3901 0.7315 -0.5592
vn -0.2750 -0.7282 -0.6278
vn -0.4830 0.0000 -0.8756
vn -0.2750 0.7282 -0.6278
vn -0.1684 -0.7244 -0.6685
vn -0.3163 0.0000 -0.9487
vn -0.1684 0.7244 -0.6685
vn -0.0770 -0.7209 -0.6887
vn -0.1708 0.0000 -0.9853
vn -0.0770 0.7209 -0.6887
vn -0.0179 -0.7129 -0.7011
vn -0.0509 0.0000 -0.9987
vn -0.0179 0.7129 -0.7011
vn 0.0114 -0.7108 -0.7033
vn 0.0000 0.0000 -1.0000
vn 0.0114 0.7108 -0.7033
vn 0.0481 -0.7154 -0.6971
vn 0.0324 0.0000 -0.9995
vn 0.0481 0.7154 -0.6971
vn 0.1028 -0.7168 -0.6896
vn 0.1051 0.0000 -0.9945
vn 0.1028 0.7168 -0.6896
vn 0.1656 -0.7185 -0.6756
vn 0.1894 0.0000 -0.9819
vn 0.1656 0.7185 -0.6756
vn 0.2363 -0.7203 -0.6522
vn 0.2861 0.0000 -0.9582
vn 0.2363 0.7203 -0.6522
vn 0.3137 -0.7221 -0.6165
vn 0.3942 0.0000 -0.9190
vn 0.3137 0.7221 -0.6165
vn 0.3945 -0.7238 -0.5662
vn 0.5108 0.0000 -0.8597
vn 0.3945 0.7238 -0.5662
vn 0.4736 -0.7249 -0.5003
vn 0.6295 0.0000 -0.7770
vn 0.4736 0.7249 -0.5003
vn 0.5451 -0.7252 -0.4207
vn 0.7414 0.0000 -0.6711
vn 0.5451 0.7252 -0.4207
vn 0.6027 -0.7224 -0.3390
vn 0.8371 0.0000 -0.5470
vn 0.6027 0.7224 -0.3390
vn 0.6416 -0.7181 -0.2696
vn 0.9023 0.0000 -0.4312
vn 0.6416 0.7181 -0.2696
vn 0.6646 -0.7160 -0.2135
vn 0.9394 0.0000 -0.3428
vn 0.6646 0.7160 -0.2135
vn 0.6797 -0.7144 -0.1662
vn 0.9633 0.0000 -0.2685
vn 0.6797 0.7144 -0.1662
vn 0.6895 -0.7131 -0.1264
vn 0.9785 0.0000 -0.2063
vn 0.6895 0.7131 -0.1264
vn 0.6959 -0.7121 -0.0928
vn 0.9881 0.0000 -0.1541
vn 0.6959 0.7121 -0.0928
vn 0.6999 -0.7114 -0.0642
vn 0.9939 0.0000 -0.1101
vn 0.6999 0.7114 -0.0642
vn 0.7023 -0.7108 -0.0397
vn 0.9974 0.0000 -0.0725
vn 0.7023 0.7108 -0.0397
vn 0.7037 -0.7103 -0.0186
vn 0.9992 0.0000 -0.0404
vn 0.7037 0.7103 -0.0186
vn 0.7057 -0.7085 -0.0044
vn 0.9999 0.0000 -0.0125
vn 0.7057 0.7085 -0.0044
vn 0.7104 -0.7038 -0.0106
vn 1.0000 0.0000 -0.0000
vn 0.7104 0.7038 -0.0106
vn 0.7127 -0.7001 -0.0437
vn 0.9996 0.0000 -0.0298
vn 0.7127 0.7001 -0.0437
vn 0.7088 -0.6996 -0.0901
vn 0.9957 0.0000 -0.0926
vn 0.7088 0.6996 -0.0901
vn 0.7013 -0.6991 -0.1391
vn 0.9872 0.0000 -0.1594
vn 0.7013 0.6991 -0.1391
vn 0.6896 -0.6987 -0.1903
vn 0.9733 0.0000 -0.2296
vn 0.6896 0.6987 -0.1903
vn 0.6733 -0.6984 -0.2429
vn 0.9533 0.0000 -0.3022
vn 0.6733 0.6984 -0.2429
vn 0.6520 -0.6981 -0.2959
vn 0.9266 0.0000 -0.3760
vn 0.6520 0.6981 -0.2959
vn 0.6258 -0.6980 -0.3481
vn 0.8932 0.0000 -0.4497
vn 0.6258 0.6980 -0.3481
vn 0.5950 -0.6979 -0.3985
vn 0.8532 0.0000 -0.5217
vn 0.5950 0.6979 -0.3985
vn 0.5595 -0.6974 -0.4479
vn 0.8072 0.0000 -0.5903
vn 0.5595 0.6974 -0.4479
vn 0.5167 -0.6964 -0.4981
vn 0.7526 0.0000 -0.6585
vn 0.5167 0.6964 -0.4981
vn 0.4655 -0.6960 -0.5468
vn 0.6856 0.0000 -0.7279
vn 0.4655 0.6960 -0.5468
vn 0.4077 -0.6957 -0.5914
vn 0.6091 0.0000 -0.7931
vn 0.4077 0.6957 -0.5914
vn 0.3450 -0.6957 -0.6300
vn 0.5246 0.0000 -0.8513
vn 0.3450 0.6957 -0.6300
vn 0.2792 -0.6960 -0.6616
vn 0.4346 0.0000 -0.9006
vn 0.2792 0.6960 -0.6616
vn 0.2125 -0.6964 -0.6855
vn 0.3419 0.0000 -0.9397
vn 0.2125 0.6964 -0.6855
vn 0.1472 -0.6970 -0.7018
vn 0.2497 0.0000 -0.9683
vn 0.1472 0.6970 -0.7018
vn 0.0848 -0.6977 -0.7114
vn 0.1604 0.0000 -0.9871
vn 0.0848 0.6977 -0.7114
vn -0.3340 -0.6117 -0.7171
vn 0.0761 0.0000 -0.9971
vn -0.3340 0.6117 -0.7171
vn -0.7522 -0.5534 0.3577
vn -0.8123 0.0000 -0.5833
vn -0.7522 0.5534 0.3577
vn -0.0903 -0.7234 0.6845
vn -0.0602 0.0000 0.9982
vn -0.0903 0.7234 0.6845
vn -0.1955 -0.7271 0.6581
vn -0.2007 0.0000 0.9796
vn -0.1955 0.7271 0.6581
vn -0.3133 -0.7306 0.6067
vn -0.3666 0.0000 0.9304
vn -0.3133 0.7306 0.6067
vn -0.4320 -0.7326 0.5259
vn -0.5462 0.0000 0.8377
vn -0.4320 0.7326 0.5259
vn -0.5360 -0.7324 0.4199
vn -0.7156 0.0000 0.6985
vn -0.5360 0.7324 0.4199
vn -0.6133 -0.7299 0.3019
vn -0.8495 0.0000 0.5276
vn -0.6133 0.7299 0.3019
vn -0.6614 -0.7263 0.1873
vn -0.9362 0.0000 0.3514
vn -0.6614 0.7263 0.1873
vn -0.6858 -0.7227 0.0862
vn -0.9815 0.0000 0.1916
vn -0.6858 0.7227 0.0862
vn -0.7002 -0.7136 0.0201
vn -0.9984 0.0000 0.0573
vn -0.7002 0.7136 0.0201
vn -0.7107 -0.7034 0.0117
vn -0.7107 0.7034 0.0117
vn -0.7130 -0.6995 0.0479
vn -0.9995 0.0000 0.0329
vn -0.7130 0.6995 0.0479
vn -0.7083 -0.6991 0.0978
vn -0.9949 0.0000 0.1012
vn -0.7083 0.6991 0.0978
vn -0.6995 -0.6988 0.1493
vn -0.9851 0.0000 0.1722
vn -0.6995 0.6988 0.1493
vn -0.6865 -0.6986 0.2016
vn -0.9696 0.0000 0.2449
vn -0.6865 0.6986 0.2016
vn -0.6691 -0.6985 0.2537
vn -0.9481 0.0000 0.3181
vn -0.6691 0.6985 0.2537
vn -0.6475 -0.6985 0.3048
vn -0.9206 0.0000 0.3905
vn -0.6475 0.6985 0.3048
vn -0.6220 -0.6986 0.3538
vn -0.8876 0.0000 0.4607
vn -0.6220 0.6986 0.3538
vn -0.5931 -0.6987 0.4000
vn -0.8496 0.0000 0.5275
vn -0.5931 0.6987 0.4000
vn -0.5584 -0.6964 0.4508
vn -0.8075 0.0000 0.5899
vn -0.5584 0.6964 0.4508
vn -0.5080 -0.6938 0.5105
vn -0.7469 0.0000 0.6649
vn -0.5080 0.6938 0.5105
vn -0.4430 -0.6939 0.5677
vn -0.6613 0.0000 0.7501
vn -0.4430 0.6939 0.5677
vn -0.3730 -0.6943 0.6155
vn -0.5668 0.0000 0.8238
vn -0.3730 0.6943 0.6155
vn -0.3014 -0.6951 0.6527
vn -0.4680 0.0000 0.8837
vn -0.3014 0.6951 0.6527
vn -0.2314 -0.6960 0.6797
vn -0.3692 0.0000 0.9293
vn -0.2314 0.6960 0.6797
vn -0.1652 -0.6970 0.6977
vn -0.2744 0.0000 0.9616
vn -0.1652 0.6970 0.6977
vn -0.1044 -0.6981 0.7084
vn -0.1860 0.0000 0.9825
vn -0.1044 0.6981 0.7084
vn -0.0496 -0.6990 0.7134
vn -0.1054 0.0000 0.9944
vn -0.0496 0.6990 0.7134
vn -0.0118 -0.7034 0.7107
vn -0.0331 0.0000 0.9995
vn -0.0118 0.7034 0.7107
vn 0.0244 -0.6995 0.7142
vn 0.0244 0.6995 0.7142
vn 0.1072 -0.6895 0.7163
vn 0.0683 0.0000 0.9977
vn 0.1072 0.6895 0.7163
vn 0.2322 -0.6861 0.6894
vn 0.2268 0.0000 0.9739
vn 0.2322 0.6861 0.6894
vn 0.3686 -0.6836 0.6300
vn 0.4087 0.0000 0.9127
vn 0.3686 0.6836 0.6300
vn 0.4976 -0.6828 0.5349
vn 0.5953 0.0000 0.8035
vn 0.4976 0.6828 0.5349
vn 0.5998 -0.6843 0.4147
vn 0.7586 0.0000 0.6516
vn 0.5998 0.6843 0.4147
vn 0.6663 -0.6873 0.2893
vn 0.8775 0.0000 0.4796
vn 0.6663 0.6873 0.2893
vn 0.7016 -0.6907 0.1751
vn 0.9495 0.0000 0.3137
vn 0.7016 0.6907 0.1751
vn 0.7157 -0.6939 0.0793
vn 0.9856 0.0000 0.1693
vn 0.7157 0.6939 0.0793
vn 0.7125 -0.7015 0.0180
vn 0.9987 0.0000 0.0505
vn 0.7125 0.7015 0.0180
vn 0.7103 -0.7038 -0.0105
vn 0.7103 0.7038 -0.0105
vn 0.7128 -0.7000 -0.0438
vn 0.9996 0.0000 -0.0295
vn 0.7128 0.7000 -0.0438
vn 0.7090 -0.6993 -0.0915
vn 0.9957 0.0000 -0.0931
vn 0.7090 0.6993 -0.0915
vn 0.7010 -0.6985 -0.1437
vn 0.9867 0.0000 -0.1628
vn 0.7010 0.6985 -0.1437
vn 0.6879 -0.6978 -0.1999
vn 0.9712 0.0000 -0.2385
vn 0.6879 0.6978 -0.1999
vn 0.6685 -0.6971 -0.2594
vn 0.9477 0.0000 -0.3192
vn 0.6685 0.6971 -0.2594
vn 0.6419 -0.6964 -0.3209
vn 0.9149 0.0000 -0.4036
vn 0.6419 0.6964 -0.3209
vn 0.6076 -0.6960 -0.3826
vn 0.8719 0.0000 -0.4897
vn 0.6076 0.6960 -0.3826
vn 0.5658 -0.6957 -0.4425
vn 0.8184 0.0000 -0.5747
vn 0.5658 0.6957 -0.4425
vn 0.5195 -0.6970 -0.4942
vn 0.7550 0.0000 -0.6557
vn 0.5195 0.6970 -0.4942
vn 0.4742 -0.6980 -0.5366
vn 0.6925 0.0000 -0.7215
vn 0.4742 0.6980 -0.5366
vn 0.4275 -0.6974 -0.5752
vn 0.6309 0.0000 -0.7759
vn 0.4275 0.6974 -0.5752
vn 0.3749 -0.6970 -0.6113
vn 0.5611 0.0000 -0.8278
vn 0.3749 0.6970 -0.6113
vn 0.3171 -0.6967 -0.6435
vn 0.4835 0.0000 -0.8753
vn 0.3171 0.6967 -0.6435
vn 0.2552 -0.6966 -0.6705
vn 0.3996 0.0000 -0.9167
vn 0.2552 0.6966 -0.6705
vn 0.1909 -0.6967 -0.6915
vn 0.3111 0.0000 -0.9504
vn 0.1909 0.6967 -0.6915
vn 0.1259 -0.6969 -0.7060
vn 0.2205 0.0000 -0.9754
vn 0.1259 0.6969 -0.7060
vn 0.0619 -0.6973 -0.7141
vn 0.1302 0.0000 -0.9915
vn 0.0619 0.6973 -0.7141
vn 0.0058 -0.6995 -0.7146
vn 0.0424 0.0000 -0.9991
vn 0.0058 0.6995 -0.7146
vn -0.0368 -0.7014 -0.7118
vn -0.0262 0.0000 -0.9997
vn -0.0368 0.7014 -0.7118
vn -0.0721 -0.7017 -0.7088
vn -0.0770 0.0000 -0.9970
vn -0.0721 0.7017 -0.7088
vn -0.1056 -0.7019 -0.7044
vn -0.1253 0.0000 -0.9921
vn -0.1056 0.7019 -0.7044
vn -0.1372 -0.7022 -0.6986
vn -0.1711 0.0000 -0.9853
vn -0.1372 0.7022 -0.6986
vn -0.1670 -0.7024 -0.6919
vn -0.2143 0.0000 -0.9768
vn -0.1670 0.7024 -0.6919
vn -0.1948 -0.7027 -0.6843
vn -0.2548 0.0000 -0.9670
vn -0.1948 0.7027 -0.6843
vn -0.2208 -0.7029 -0.6761
vn -0.2927 0.0000 -0.9562
vn -0.2208 0.7029 -0.6761
vn -0.2450 -0.7032 -0.6675
vn -0.3281 0.0000 -0.9447
vn -0.2450 0.7032 -0.6675
vn -0.2693 -0.7029 -0.6584
vn -0.3610 0.0000 -0.9326
vn -0.2693 0.7029 -0.6584
vn -0.2980 -0.7017 -0.6472
vn -0.3960 0.0000 -0.9183
vn -0.2980 0.7017 -0.6472
vn -0.3334 -0.7004 -0.6311
vn -0.4403 0.0000 -0.8979
vn -0.3334 0.7004 -0.6311
vn -0.3766 -0.6986 -0.6083
vn -0.4936 0.0000 -0.8697
vn -0.3766 0.6986 -0.6083
vn -0.4293 -0.6963 -0.5752
vn -0.5584 0.0000 -0.8296
vn -0.4293 0.6963 -0.5752
vn -0.4931 -0.6931 -0.5258
vn -0.6366 0.0000 -0.7712
vn -0.4931 0.6931 -0.5258
vn -0.5673 -0.6890 -0.4510
vn -0.7289 0.0000 -0.6846
vn -0.5673 0.6890 -0.4510
vn -0.6451 -0.6844 -0.3399
vn -0.8313 0.0000 -0.5558
vn -0.6451 0.6844 -0.3399
vn -0.7090 -0.6803 -0.1858
vn -0.9285 0.0000 -0.3713
vn -0.7090 0.6803 -0.1858
vn -0.0276 -0.9867 -0.1603
vn -0.9913 0.0000 -0.1317
vn -0.0276 0.9867 -0.1603
vn 0.6193 -0.6927 -0.3696
vn 0.8903 0.0000 -0.4554
vn 0.6193 0.6927 -0.3696
vn 0.5644 -0.6916 -0.4507
vn 0.8235 0.0000 -0.5674
vn 0.5644 0.6916 -0.4507
vn 0.4943 -0.6910 -0.5275
vn 0.7355 0.0000 -0.6775
vn 0.4943 0.6910 -0.5275
vn 0.4119 -0.6910 -0.5940
vn 0.6284 0.0000 -0.7779
vn 0.4119 0.6910 -0.5940
vn 0.3225 -0.6917 -0.6462
vn 0.5081 0.0000 -0.8613
vn 0.3225 0.6917 -0.6462
vn 0.2324 -0.6929 -0.6826
vn 0.3827 0.0000 -0.9239
vn 0.2324 0.6929 -0.6826
vn 0.1469 -0.6943 -0.7045
vn 0.2604 0.0000 -0.9655
vn 0.1469 0.6943 -0.7045
vn 0.0693 -0.6958 -0.7148
vn 0.1471 0.0000 -0.9891
vn 0.0693 0.6958 -0.7148
vn -0.0113 -0.6935 -0.7203
vn 0.0458 0.0000 -0.9990
vn -0.0113 0.6935 -0.7203
vn -0.1208 -0.6874 -0.7161
vn -0.0771 0.0000 -0.9970
vn -0.1208 0.6874 -0.7161
vn -0.2587 -0.6842 -0.6819
vn -0.2543 0.0000 -0.9671
vn -0.2587 0.6842 -0.6819
vn -0.4021 -0.6823 -0.6106
vn -0.4512 0.0000 -0.8924
vn -0.4021 0.6823 -0.6106
vn -0.5284 -0.6828 -0.5045
vn -0.6416 0.0000 -0.7670
vn -0.5284 0.6828 -0.5045
vn -0.6206 -0.6854 -0.3810
vn -0.7959 0.0000 -0.6055
vn -0.6206 0.6854 -0.3810
vn -0.6764 -0.6889 -0.2606
vn -0.9001 0.0000 -0.4357
vn -0.6764 0.6889 -0.2606
vn -0.7045 -0.6924 -0.1559
vn -0.9598 0.0000 -0.2808
vn -0.7045 0.6924 -0.1559
vn -0.7152 -0.6953 -0.0702
vn -0.9886 0.0000 -0.1504
vn -0.7152 0.6953 -0.0702
vn -0.7149 -0.6992 -0.0064
vn -0.9990 0.0000 -0.0447
vn -0.7149 0.6992 -0.0064
vn -0.7122 -0.7009 0.0388
vn -0.9996 0.0000 0.0267
vn -0.7122 0.7009 0.0388
vn -0.7091 -0.7006 0.0793
vn -0.9966 0.0000 0.0821
vn -0.7091 0.7006 0.0793
vn -0.7034 -0.7003 0.1214
vn -0.9901 0.0000 0.1400
vn -0.7034 0.7003 0.1214
vn -0.6948 -0.7001 0.1647
vn -0.9798 0.0000 0.1999
vn -0.6948 0.7001 0.1647
vn -0.6831 -0.6999 0.2087
vn -0.9653 0.0000 0.2611
vn -0.6831 0.6999 0.2087
vn -0.6681 -0.6997 0.2529
vn -0.9464 0.0000 0.3230
vn -0.6681 0.6997 0.2529
vn -0.6499 -0.6997 0.2967
vn -0.9230 0.0000 0.3847
vn -0.6499 0.6997 0.2967
vn -0.6287 -0.6997 0.3395
vn -0.8953 0.0000 0.4455
vn -0.6287 0.6997 0.3395
vn -0.6035 -0.6985 0.3847
vn -0.8635 0.0000 0.5044
vn -0.6035 0.6985 0.3847
vn -0.5693 -0.6964 0.4368
vn -0.8217 0.0000 0.5699
vn -0.5693 0.6964 0.4368
vn -0.5232 -0.6954 0.4927
vn -0.7632 0.0000 0.6461
vn -0.5232 0.6954 0.4927
vn -0.4665 -0.6945 0.5478
vn -0.6907 0.0000 0.7231
vn -0.4665 0.6945 0.5478
vn -0.3996 -0.6938 0.5991
vn -0.6039 0.0000 0.7971
vn -0.3996 0.6938 0.5991
vn -0.3240 -0.6935 0.6435
vn -0.5039 0.0000 0.8638
vn -0.3240 0.6935 0.6435
vn -0.2426 -0.6936 0.6783
vn -0.3938 0.0000 0.9192
vn -0.2426 0.6936 0.6783
vn -0.1592 -0.6940 0.7021
vn -0.2784 0.0000 0.9605
vn -0.1592 0.6940 0.7021
vn -0.0776 -0.6948 0.7150
vn -0.1630 0.0000 0.9866
vn -0.0776 0.6948 0.7150
vn 0.0015 -0.6950 0.7190
vn -0.0524 0.0000 0.9986
vn 0.0015 0.6950 0.7190
vn 0.0890 -0.6924 0.7161
vn 0.0567 0.0000 0.9984
vn 0.0890 0.6924 0.7161
vn 0.1954 -0.6891 0.6979
vn 0.1895 0.0000 0.9819
vn 0.1954 0.6891 0.6979
vn 0.3185 -0.6858 0.6544
vn 0.3479 0.0000 0.9375
vn 0.3185 0.6858 0.6544
vn 0.4470 -0.6835 0.5771
vn 0.5232 0.0000 0.8522
vn 0.4470 0.6835 0.5771
vn 0.5617 -0.6832 0.4666
vn 0.6943 0.0000 0.7197
vn 0.5617 0.6832 0.4666
vn 0.6459 -0.6849 0.3372
vn 0.8348 0.0000 0.5506
vn 0.6459 0.6849 0.3372
vn 0.6951 -0.6880 0.2088
vn 0.9289 0.0000 0.3703
vn 0.6951 0.6880 0.2088
vn 0.7162 -0.6913 0.0956
vn 0.9792 0.0000 0.2030
vn 0.7162 0.6913 0.0956
vn 0.7203 -0.6937 0.0001
vn 0.9981 0.0000 0.0609
vn 0.7203 0.6937 0.0001
vn 0.7162 -0.6914 -0.0951
vn 0.9982 0.0000 -0.0606
vn 0.7162 0.6914 -0.0951
vn 0.6952 -0.6880 -0.2080
vn 0.9794 0.0000 -0.2021
vn 0.6952 0.6880 -0.2080
vn 0.6464 -0.6850 -0.3360
vn 0.9295 0.0000 -0.3689
vn 0.6464 0.6850 -0.3360
vn 0.5627 -0.6832 -0.4654
vn 0.8359 0.0000 -0.5489
vn 0.5627 0.6832 -0.4654
vn 0.4482 -0.6835 -0.5761
vn 0.6960 0.0000 -0.7181
vn 0.4482 0.6835 -0.5761
vn 0.3197 -0.6858 -0.6539
vn 0.5249 0.0000 -0.8511
vn 0.3197 0.6858 -0.6539
vn 0.1962 -0.6890 -0.6977
vn 0.3493 0.0000 -0.9370
vn 0.1962 0.6890 -0.6977
vn 0.0894 -0.6923 -0.7161
vn 0.1903 0.0000 -0.9817
vn 0.0894 0.6923 -0.7161
vn 0.0134 -0.6986 -0.7154
vn 0.0569 0.0000 -0.9984
vn 0.0134 0.6986 -0.7154
vn -0.0284 -0.7025 -0.7111
vn -0.0194 0.0000 -0.9998
vn -0.0284 0.7025 -0.7111
vn -0.0588 -0.7022 -0.7096
vn -0.0604 0.0000 -0.9982
vn -0.0588 0.7022 -0.7096
vn -0.0915 -0.7018 -0.7065
vn -0.1046 0.0000 -0.9945
vn -0.0915 0.7018 -0.7065
vn -0.1265 -0.7014 -0.7015
vn -0.1521 0.0000 -0.9884
vn -0.1265 0.7014 -0.7015
vn -0.1639 -0.7009 -0.6941
vn -0.2028 0.0000 -0.9792
vn -0.1639 0.7009 -0.6941
vn -0.2035 -0.7005 -0.6840
vn -0.2567 0.0000 -0.9665
vn -0.2035 0.7005 -0.6840
vn -0.2450 -0.7001 -0.6707
vn -0.3134 0.0000 -0.9496
vn -0.2450 0.7001 -0.6707
vn -0.2882 -0.6997 -0.6538
vn -0.3726 0.0000 -0.9280
vn -0.2882 0.6997 -0.6538
vn 0.1640 -0.9513 -0.2609
vn -0.4336 0.0000 -0.9011
vn 0.1640 0.9513 -0.2609
vn -0.0930 -0.7239 0.6836
vn -0.2009 -0.7276 0.6559
vn -0.2068 0.0000 0.9784
vn -0.2009 0.7276 0.6559
vn -0.0930 0.7239 0.6836
vn -0.3206 -0.7310 0.6024
vn -0.3766 0.0000 0.9264
vn -0.3206 0.7310 0.6024
vn -0.4397 -0.7328 0.5193
vn -0.5581 0.0000 0.8298
vn -0.4397 0.7328 0.5193
vn -0.5423 -0.7322 0.4121
vn -0.7264 0.0000 0.6873
vn -0.5423 0.7322 0.4121
vn -0.6173 -0.7294 0.2948
vn -0.8567 0.0000 0.5158
vn -0.6173 0.7294 0.2948
vn -0.6634 -0.7258 0.1822
vn -0.9397 0.0000 0.3420
vn -0.6634 0.7258 0.1822
vn -0.6866 -0.7222 0.0837
vn -0.9826 0.0000 0.1859
vn -0.6866 0.7222 0.0837
vn -0.6941 -0.7198 0.0000
vn -0.9985 0.0000 0.0556
vn -0.6941 0.7198 0.0000
vn -0.6866 -0.7222 -0.0837
vn -0.9985 0.0000 -0.0556
vn -0.6866 0.7222 -0.0837
vn -0.6634 -0.7258 -0.1822
vn -0.9826 0.0000 -0.1859
vn -0.6634 0.7258 -0.1822
vn -0.6173 -0.7294 -0.2948
vn -0.9397 0.0000 -0.3420
vn -0.6173 0.7294 -0.2948
vn -0.5423 -0.7322 -0.4121
vn -0.8567 0.0000 -0.5158
vn -0.5423 0.7322 -0.4121
vn -0.4397 -0.7328 -0.5193
vn -0.7264 0.0000 -0.6873
vn -0.4397 0.7328 -0.5193
vn -0.3206 -0.7310 -0.6024
vn -0.5581 0.0000 -0.8298
vn -0.3206 0.7310 -0.6024
vn -0.2009 -0.7276 -0.6559
vn -0.3766 0.0000 -0.9264
vn -0.2009 0.7276 -0.6559
vn -0.0930 -0.7239 -0.6836
vn -0.2068 0.0000 -0.9784
vn -0.0930 0.7239 -0.6836
vn 0.0014 -0.7218 -0.6921
vn -0.0621 0.0000 -0.9981
vn 0.0014 0.7218 -0.6921
vn 0.0988 -0.7250 -0.6816
vn 0.0662 0.0000 -0.9978
vn 0.0988 0.7250 -0.6816
vn 0.2124 -0.7288 -0.6510
vn 0.2199 0.0000 -0.9755
vn 0.2124 0.7288 -0.6510
vn 0.3360 -0.7319 -0.5928
vn 0.3978 0.0000 -0.9175
vn 0.3360 0.7319 -0.5928
vn 0.4555 -0.7330 -0.5052
vn 0.5829 0.0000 -0.8126
vn 0.4555 0.7330 -0.5052
vn 0.5549 -0.7317 -0.3960
vn 0.7481 0.0000 -0.6636
vn 0.5549 0.7317 -0.3960
vn 0.6251 -0.7285 -0.2802
vn 0.8708 0.0000 -0.4916
vn 0.6251 0.7285 -0.2802
vn 0.6672 -0.7247 -0.1719
vn 0.9464 0.0000 -0.3229
vn 0.6672 0.7247 -0.1719
vn 0.6882 -0.7213 -0.0787
vn 0.9846 0.0000 -0.1747
vn 0.6882 0.7213 -0.0787
vn 0.6950 -0.7190 -0.0000
vn 0.9986 0.0000 -0.0521
vn 0.6950 0.7190 -0.0000
vn 0.6882 -0.7213 0.0787
vn 0.9986 0.0000 0.0521
vn 0.6882 0.7213 0.0787
vn 0.6672 -0.7247 0.1719
vn 0.9846 0.0000 0.1747
vn 0.6672 0.7247 0.1719
vn 0.6251 -0.7285 0.2802
vn 0.9464 0.0000 0.3229
vn 0.6251 0.7285 0.2802
vn 0.5549 -0.7317 0.3960
vn 0.8708 0.0000 0.4916
vn 0.5549 0.7317 0.3960
vn 0.4555 -0.7330 0.5052
vn 0.7481 0.0000 0.6636
vn 0.4555 0.7330 0.5052
vn 0.3360 -0.7319 0.5928
vn 0.5829 0.0000 0.8126
vn 0.3360 0.7319 0.5928
vn 0.2124 -0.7288 0.6510
vn 0.3978 0.0000 0.9175
vn 0.2124 0.7288 0.6510
vn 0.0988 -0.7250 0.6816
vn 0.2199 0.0000 0.9755
vn 0.0988 0.7250 0.6816
vn 0.0014 -0.7218 0.6921
vn 0.0662 0.0000 0.9978
vn 0.0014 0.7218 0.6921
vn -0.0621 0.0000 0.9981
vn 0.0000 -1.0000 -0.0000
vn 0.0000 1.0000 -0.0000
# 781 vertex normals

o Number_2
g Number_2
s 1
f 1//1 2//2 3//3 
f 2//2 4//4 3//3 
f 4//4 5//5 3//3 
f 5//5 1//1 3//3 
s 3
f 2//2 6//6 7//7 
f 6//6 8//8 7//7 
f 8//8 4//4 7//7 
f 4//4 2//2 7//7 
s 2
f 6//6 9//9 10//10 
f 9//9 11//11 10//10 
f 11//11 8//8 10//10 
f 8//8 6//6 10//10 
f 9//9 12//12 13//13 
f 12//12 14//14 13//13 
f 14//14 11//11 13//13 
f 11//11 9//9 13//13 
f 12//12 15//15 16//16 
f 15//15 17//17 16//16 
f 17//17 14//14 16//16 
f 14//14 12//12 16//16 
f 15//15 18//18 19//19 
f 18//18 20//20 19//19 
f 20//20 17//17 19//19 
f 17//17 15//15 19//19 
f 18//18 21//21 22//22 
f 21//21 23//23 22//22 
f 23//23 20//20 22//22 
f 20//20 18//18 22//22 
f 21//21 24//24 25//25 
f 24//24 26//26 25//25 
f 26//26 23//23 25//25 
f 23//23 21//21 25//25 
f 24//24 27//27 28//28 
f 27//27 29//29 28//28 
f 29//29 26//26 28//28 
f 26//26 24//24 28//28 
f 27//27 30//30 31//31 
f 30//30 32//32 31//31 
f 32//32 29//29 31//31 
f 29//29 27//27 31//31 
f 30//30 33//33 34//34 
f 33//33 35//35 34//34 
f 35//35 32//32 34//34 
f 32//32 30//30 34//34 
f 33//33 36//36 37//37 
f 36//36 38//38 37//37 
f 38//38 35//35 37//37 
f 35//35 33//33 37//37 
f 36//36 39//39 40//40 
f 39//39 41//41 40//40 
f 41//41 38//38 40//40 
f 38//38 36//36 40//40 
f 39//39 42//42 43//43 
f 42//42 44//44 43//43 
f 44//44 41//41 43//43 
f 41//41 39//39 43//43 
f 42//42 45//45 46//46 
f 45//45 47//47 46//46 
f 47//47 44//44 46//46 
f 44//44 42//42 46//46 
f 45//45 48//48 49//49 
f 48//48 50//50 49//49 
f 50//50 47//47 49//49 
f 47//47 45//45 49//49 
f 48//48 51//51 52//52 
f 51//51 53//53 52//52 
f 53//53 50//50 52//52 
f 50//50 48//48 52//52 
f 51//51 54//54 55//55 
f 54//54 56//56 55//55 
f 56//56 53//53 55//55 
f 53//53 51//51 55//55 
s 4
f 54//54 57//57 58//58 
f 57//57 59//59 58//58 
f 59//59 56//56 58//58 
f 56//56 54//54 58//58 
s 2
f 57//57 60//60 61//61 
f 60//60 62//62 61//61 
f 62//62 59//59 61//61 
f 59//59 57//57 61//61 
f 60//60 63//63 64//64 
f 63//63 65//65 64//64 
f 65//65 62//62 64//64 
f 62//62 60//60 64//64 
f 63//63 66//66 67//67 
f 66//66 68//68 67//67 
f 68//68 65//65 67//67 
f 65//65 63//63 67//67 
f 66//66 69//69 70//70 
f 69//69 71//71 70//70 
f 71//71 68//68 70//70 
f 68//68 66//66 70//70 
f 69//69 72//72 73//73 
f 72//72 74//74 73//73 
f 74//74 71//71 73//73 
f 71//71 69//69 73//73 
f 72//72 75//75 76//76 
f 75//75 77//77 76//76 
f 77//77 74//74 76//76 
f 74//74 72//72 76//76 
f 75//75 78//78 79//79 
f 78//78 80//80 79//79 
f 80//80 77//77 79//79 
f 77//77 75//75 79//79 
f 78//78 81//81 82//82 
f 81//81 83//83 82//82 
f 83//83 80//80 82//82 
f 80//80 78//78 82//82 
f 81//81 84//84 85//85 
f 84//84 86//86 85//85 
f 86//86 83//83 85//85 
f 83//83 81//81 85//85 
f 84//84 87//87 88//88 
f 87//87 89//89 88//88 
f 89//89 86//86 88//88 
f 86//86 84//84 88//88 
f 87//87 90//90 91//91 
f 90//90 92//92 91//91 
f 92//92 89//89 91//91 
f 89//89 87//87 91//91 
f 90//90 93//93 94//94 
f 93//93 95//95 94//94 
f 95//95 92//92 94//94 
f 92//92 90//90 94//94 
f 93//93 96//96 97//97 
f 96//96 98//98 97//97 
f 98//98 95//95 97//97 
f 95//95 93//93 97//97 
f 96//96 99//99 100//100 
f 99//99 101//101 100//100 
f 101//101 98//98 100//100 
f 98//98 96//96 100//100 
f 99//99 102//102 103//103 
f 102//102 104//104 103//103 
f 104//104 101//101 103//103 
f 101//101 99//99 103//103 
f 102//102 105//105 106//106 
f 105//105 107//107 106//106 
f 107//107 104//104 106//106 
f 104//104 102//102 106//106 
f 105//105 108//108 109//109 
f 108//108 110//110 109//109 
f 110//110 107//107 109//109 
f 107//107 105//105 109//109 
f 108//108 111//111 112//112 
f 111//111 113//113 112//112 
f 113//113 110//110 112//112 
f 110//110 108//108 112//112 
s 4
f 111//111 114//114 115//115 
f 114//114 116//116 115//115 
f 116//116 113//113 115//115 
f 113//113 111//111 115//115 
s 2
f 114//114 117//117 118//118 
f 117//117 119//119 118//118 
f 119//119 116//116 118//118 
f 116//116 114//114 118//118 
f 117//117 120//120 121//121 
f 120//120 122//122 121//121 
f 122//122 119//119 121//121 
f 119//119 117//117 121//121 
f 120//120 123//123 124//124 
f 123//123 125//125 124//124 
f 125//125 122//122 124//124 
f 122//122 120//120 124//124 
f 123//123 126//126 127//127 
f 126//126 128//128 127//127 
f 128//128 125//125 127//127 
f 125//125 123//123 127//127 
f 126//126 129//129 130//130 
f 129//129 131//131 130//130 
f 131//131 128//128 130//130 
f 128//128 126//126 130//130 
f 129//129 132//132 133//133 
f 132//132 134//134 133//133 
f 134//134 131//131 133//133 
f 131//131 129//129 133//133 
f 132//132 135//135 136//136 
f 135//135 137//137 136//136 
f 137//137 134//134 136//136 
f 134//134 132//132 136//136 
f 135//135 138//138 139//139 
f 138//138 140//140 139//139 
f 140//140 137//137 139//139 
f 137//137 135//135 139//139 
f 138//138 141//141 142//142 
f 141//141 143//143 142//142 
f 143//143 140//140 142//142 
f 140//140 138//138 142//142 
s 4
f 141//141 144//144 145//145 
f 144//144 146//146 145//145 
f 146//146 143//143 145//145 
f 143//143 141//141 145//145 
s 2
f 144//144 147//147 148//148 
f 147//147 149//149 148//148 
f 149//149 146//146 148//148 
f 146//146 144//144 148//148 
f 147//147 150//150 151//151 
f 150//150 152//152 151//151 
f 152//152 149//149 151//151 
f 149//149 147//147 151//151 
f 150//150 153//153 154//154 
f 153//153 155//155 154//154 
f 155//155 152//152 154//154 
f 152//152 150//150 154//154 
f 153//153 156//156 157//157 
f 156//156 158//158 157//157 
f 158//158 155//155 157//157 
f 155//155 153//153 157//157 
f 156//156 159//159 160//160 
f 159//159 161//161 160//160 
f 161//161 158//158 160//160 
f 158//158 156//156 160//160 
f 159//159 162//162 163//163 
f 162//162 164//164 163//163 
f 164//164 161//161 163//163 
f 161//161 159//159 163//163 
f 162//162 165//165 166//166 
f 165//165 167//167 166//166 
f 167//167 164//164 166//166 
f 164//164 162//162 166//166 
f 165//165 168//168 169//169 
f 168//168 170//170 169//169 
f 170//170 167//167 169//169 
f 167//167 165//165 169//169 
f 168//168 171//171 172//172 
f 171//171 173//173 172//172 
f 173//173 170//170 172//172 
f 170//170 168//168 172//172 
f 171//171 174//174 175//175 
f 174//174 176//176 175//175 
f 176//176 173//173 175//175 
f 173//173 171//171 175//175 
f 174//174 177//177 178//178 
f 177//177 179//179 178//178 
f 179//179 176//176 178//178 
f 176//176 174//174 178//178 
f 177//177 180//180 181//181 
f 180//180 182//182 181//181 
f 182//182 179//179 181//181 
f 179//179 177//177 181//181 
f 180//180 183//183 184//184 
f 183//183 185//185 184//184 
f 185//185 182//182 184//184 
f 182//182 180//180 184//184 
f 183//183 186//186 187//187 
f 186//186 188//188 187//187 
f 188//188 185//185 187//187 
f 185//185 183//183 187//187 
f 186//186 189//189 190//190 
f 189//189 191//191 190//190 
f 191//191 188//188 190//190 
f 188//188 186//186 190//190 
f 189//189 192//192 193//193 
f 192//192 194//194 193//193 
f 194//194 191//191 193//193 
f 191//191 189//189 193//193 
f 192//192 195//195 196//196 
f 195//195 197//197 196//196 
f 197//197 194//194 196//196 
f 194//194 192//192 196//196 
f 195//195 198//198 199//199 
f 198//198 200//200 199//199 
f 200//200 197//197 199//199 
f 197//197 195//195 199//199 
s 4
f 198//198 201//201 202//202 
f 201//201 203//203 202//202 
f 203//203 200//200 202//202 
f 200//200 198//198 202//202 
s 2
f 201//201 204//204 205//205 
f 204//204 206//206 205//205 
f 206//206 203//203 205//205 
f 203//203 201//201 205//205 
f 204//204 207//207 208//208 
f 207//207 209//209 208//208 
f 209//209 206//206 208//208 
f 206//206 204//204 208//208 
f 207//207 210//210 211//211 
f 210//210 212//212 211//211 
f 212//212 209//209 211//211 
f 209//209 207//207 211//211 
f 210//210 213//213 214//214 
f 213//213 215//215 214//214 
f 215//215 212//212 214//214 
f 212//212 210//210 214//214 
f 213//213 216//216 217//217 
f 216//216 218//218 217//217 
f 218//218 215//215 217//217 
f 215//215 213//213 217//217 
f 216//216 219//219 220//220 
f 219//219 221//221 220//220 
f 221//221 218//218 220//220 
f 218//218 216//216 220//220 
f 219//219 222//222 223//223 
f 222//222 224//224 223//223 
f 224//224 221//221 223//223 
f 221//221 219//219 223//223 
f 222//222 225//225 226//226 
f 225//225 227//227 226//226 
f 227//227 224//224 226//226 
f 224//224 222//222 226//226 
f 225//225 228//228 229//229 
f 228//228 230//230 229//229 
f 230//230 227//227 229//229 
f 227//227 225//225 229//229 
f 228//228 231//231 232//232 
f 231//231 233//233 232//232 
f 233//233 230//230 232//232 
f 230//230 228//228 232//232 
f 231//231 234//234 235//235 
f 234//234 236//236 235//235 
f 236//236 233//233 235//235 
f 233//233 231//231 235//235 
f 234//234 237//237 238//238 
f 237//237 239//239 238//238 
f 239//239 236//236 238//238 
f 236//236 234//234 238//238 
f 237//237 240//240 241//241 
f 240//240 242//242 241//241 
f 242//242 239//239 241//241 
f 239//239 237//237 241//241 
f 240//240 243//243 244//244 
f 243//243 245//245 244//244 
f 245//245 242//242 244//244 
f 242//242 240//240 244//244 
f 243//243 246//246 247//247 
f 246//246 248//248 247//247 
f 248//248 245//245 247//247 
f 245//245 243//243 247//247 
f 246//246 249//249 250//250 
f 249//249 251//251 250//250 
f 251//251 248//248 250//250 
f 248//248 246//246 250//250 
f 249//249 252//252 253//253 
f 252//252 254//254 253//253 
f 254//254 251//251 253//253 
f 251//251 249//249 253//253 
f 252//252 255//255 256//256 
f 255//255 257//257 256//256 
f 257//257 254//254 256//256 
f 254//254 252//252 256//256 
s 4
f 255//255 258//258 259//259 
f 258//258 260//260 259//259 
f 260//260 257//257 259//259 
f 257//257 255//255 259//259 
s 2
f 258//258 261//261 262//262 
f 261//261 263//263 262//262 
f 263//263 260//260 262//262 
f 260//260 258//258 262//262 
f 261//261 264//264 265//265 
f 264//264 266//266 265//265 
f 266//266 263//263 265//265 
f 263//263 261//261 265//265 
f 264//264 267//267 268//268 
f 267//267 269//269 268//268 
f 269//269 266//266 268//268 
f 266//266 264//264 268//268 
f 267//267 270//270 271//271 
f 270//270 272//272 271//271 
f 272//272 269//269 271//271 
f 269//269 267//267 271//271 
f 270//270 273//273 274//274 
f 273//273 275//275 274//274 
f 275//275 272//272 274//274 
f 272//272 270//270 274//274 
f 273//273 276//276 277//277 
f 276//276 278//278 277//277 
f 278//278 275//275 277//277 
f 275//275 273//273 277//277 
f 276//276 279//279 280//280 
f 279//279 281//281 280//280 
f 281//281 278//278 280//280 
f 278//278 276//276 280//280 
f 279//279 282//282 283//283 
f 282//282 284//284 283//283 
f 284//284 281//281 283//283 
f 281//281 279//279 283//283 
f 282//282 285//285 286//286 
f 285//285 287//287 286//286 
f 287//287 284//284 286//286 
f 284//284 282//282 286//286 
s 4
f 285//285 288//288 289//115 
f 288//288 290//289 289//115 
f 290//289 287//287 289//115 
f 287//287 285//285 289//115 
s 2
f 288//288 291//290 292//291 
f 291//290 293//292 292//291 
f 293//292 290//289 292//291 
f 290//289 288//288 292//291 
f 291//290 294//293 295//294 
f 294//293 296//295 295//294 
f 296//295 293//292 295//294 
f 293//292 291//290 295//294 
f 294//293 297//296 298//297 
f 297//296 299//298 298//297 
f 299//298 296//295 298//297 
f 296//295 294//293 298//297 
f 297//296 300//299 301//300 
f 300//299 302//301 301//300 
f 302//301 299//298 301//300 
f 299//298 297//296 301//300 
f 300//299 303//302 304//303 
f 303//302 305//304 304//303 
f 305//304 302//301 304//303 
f 302//301 300//299 304//303 
f 303//302 306//305 307//306 
f 306//305 308//307 307//306 
f 308//307 305//304 307//306 
f 305//304 303//302 307//306 
f 306//305 309//308 310//309 
f 309//308 311//310 310//309 
f 311//310 308//307 310//309 
f 308//307 306//305 310//309 
f 309//308 312//311 313//312 
f 312//311 314//313 313//312 
f 314//313 311//310 313//312 
f 311//310 309//308 313//312 
f 312//311 315//314 316//315 
f 315//314 317//316 316//315 
f 317//316 314//313 316//315 
f 314//313 312//311 316//315 
f 315//314 318//317 319//318 
f 318//317 320//319 319//318 
f 320//319 317//316 319//318 
f 317//316 315//314 319//318 
f 318//317 321//320 322//321 
f 321//320 323//322 322//321 
f 323//322 320//319 322//321 
f 320//319 318//317 322//321 
f 321//320 324//323 325//324 
f 324//323 326//325 325//324 
f 326//325 323//322 325//324 
f 323//322 321//320 325//324 
f 324//323 327//326 328//327 
f 327//326 329//328 328//327 
f 329//328 326//325 328//327 
f 326//325 324//323 328//327 
f 327//326 330//329 331//330 
f 330//329 332//331 331//330 
f 332//331 329//328 331//330 
f 329//328 327//326 331//330 
f 330//329 333//332 334//333 
f 333//332 335//334 334//333 
f 335//334 332//331 334//333 
f 332//331 330//329 334//333 
f 333//332 336//335 337//336 
f 336//335 338//337 337//336 
f 338//337 335//334 337//336 
f 335//334 333//332 337//336 
f 336//335 339//338 340//339 
f 339//338 341//340 340//339 
f 341//340 338//337 340//339 
f 338//337 336//335 340//339 
f 339//338 342//341 343//342 
f 342//341 344//343 343//342 
f 344//343 341//340 343//342 
f 341//340 339//338 343//342 
s 4
f 342//341 345//344 346//58 
f 345//344 347//345 346//58 
f 347//345 344//343 346//58 
f 344//343 342//341 346//58 
s 2
f 345//344 348//346 349//347 
f 348//346 350//348 349//347 
f 350//348 347//345 349//347 
f 347//345 345//344 349//347 
f 348//346 351//349 352//350 
f 351//349 353//351 352//350 
f 353//351 350//348 352//350 
f 350//348 348//346 352//350 
f 351//349 354//352 355//353 
f 354//352 356//354 355//353 
f 356//354 353//351 355//353 
f 353//351 351//349 355//353 
f 354//352 357//355 358//356 
f 357//355 359//357 358//356 
f 359//357 356//354 358//356 
f 356//354 354//352 358//356 
f 357//355 360//358 361//359 
f 360//358 362//360 361//359 
f 362//360 359//357 361//359 
f 359//357 357//355 361//359 
f 360//358 363//361 364//362 
f 363//361 365//363 364//362 
f 365//363 362//360 364//362 
f 362//360 360//358 364//362 
f 363//361 366//364 367//365 
f 366//364 368//366 367//365 
f 368//366 365//363 367//365 
f 365//363 363//361 367//365 
f 366//364 369//367 370//368 
f 369//367 371//369 370//368 
f 371//369 368//366 370//368 
f 368//366 366//364 370//368 
f 369//367 372//370 373//371 
f 372//370 374//372 373//371 
f 374//372 371//369 373//371 
f 371//369 369//367 373//371 
s 4
f 372//370 375//373 376//202 
f 375//373 377//374 376//202 
f 377//374 374//372 376//202 
f 374//372 372//370 376//202 
s 2
f 375//373 378//375 379//376 
f 378//375 380//377 379//376 
f 380//377 377//374 379//376 
f 377//374 375//373 379//376 
f 378//375 381//378 382//379 
f 381//378 383//380 382//379 
f 383//380 380//377 382//379 
f 380//377 378//375 382//379 
f 381//378 384//381 385//382 
f 384//381 386//383 385//382 
f 386//383 383//380 385//382 
f 383//380 381//378 385//382 
f 384//381 387//384 388//385 
f 387//384 389//386 388//385 
f 389//386 386//383 388//385 
f 386//383 384//381 388//385 
f 387//384 390//387 391//388 
f 390//387 392//389 391//388 
f 392//389 389//386 391//388 
f 389//386 387//384 391//388 
f 390//387 393//390 394//391 
f 393//390 395//392 394//391 
f 395//392 392//389 394//391 
f 392//389 390//387 394//391 
f 393//390 396//393 397//394 
f 396//393 398//395 397//394 
f 398//395 395//392 397//394 
f 395//392 393//390 397//394 
f 396//393 399//396 400//397 
f 399//396 401//398 400//397 
f 401//398 398//395 400//397 
f 398//395 396//393 400//397 
f 399//396 402//399 403//400 
f 402//399 404//401 403//400 
f 404//401 401//398 403//400 
f 401//398 399//396 403//400 
f 402//399 405//402 406//403 
f 405//402 407//404 406//403 
f 407//404 404//401 406//403 
f 404//401 402//399 406//403 
f 405//402 408//405 409//406 
f 408//405 410//407 409//406 
f 410//407 407//404 409//406 
f 407//404 405//402 409//406 
f 408//405 411//408 412//409 
f 411//408 413//410 412//409 
f 413//410 410//407 412//409 
f 410//407 408//405 412//409 
f 411//408 414//411 415//412 
f 414//411 416//413 415//412 
f 416//413 413//410 415//412 
f 413//410 411//408 415//412 
f 414//411 417//414 418//415 
f 417//414 419//416 418//415 
f 419//416 416//413 418//415 
f 416//413 414//411 418//415 
f 417//414 420//417 421//418 
f 420//417 422//419 421//418 
f 422//419 419//416 421//418 
f 419//416 417//414 421//418 
f 420//417 423//420 424//421 
f 423//420 425//422 424//421 
f 425//422 422//419 424//421 
f 422//419 420//417 424//421 
f 423//420 426//423 427//424 
f 426//423 428//425 427//424 
f 428//425 425//422 427//424 
f 425//422 423//420 427//424 
f 426//423 429//426 430//427 
f 429//426 431//428 430//427 
f 431//428 428//425 430//427 
f 428//425 426//423 430//427 
f 429//426 432//429 433//430 
f 432//429 434//431 433//430 
f 434//431 431//428 433//430 
f 431//428 429//426 433//430 
f 432//429 435//432 436//433 
f 435//432 437//434 436//433 
f 437//434 434//431 436//433 
f 434//431 432//429 436//433 
f 435//432 438//435 439//436 
f 438//435 440//437 439//436 
f 440//437 437//434 439//436 
f 437//434 435//432 439//436 
f 438//435 441//438 442//439 
f 441//438 443//440 442//439 
f 443//440 440//437 442//439 
f 440//437 438//435 442//439 
f 441//438 444//441 445//442 
f 444//441 446//443 445//442 
f 446//443 443//440 445//442 
f 443//440 441//438 445//442 
f 444//441 447//444 448//445 
f 447//444 449//446 448//445 
f 449//446 446//443 448//445 
f 446//443 444//441 448//445 
f 447//444 450//447 451//448 
f 450//447 452//449 451//448 
f 452//449 449//446 451//448 
f 449//446 447//444 451//448 
f 450//447 453//450 454//451 
f 453//450 455//452 454//451 
f 455//452 452//449 454//451 
f 452//449 450//447 454//451 
f 453//450 456//453 457//454 
f 456//453 458//455 457//454 
f 458//455 455//452 457//454 
f 455//452 453//450 457//454 
f 456//453 459//456 460//457 
f 459//456 461//458 460//457 
f 461//458 458//455 460//457 
f 458//455 456//453 460//457 
f 459//456 462//459 463//460 
f 462//459 464//461 463//460 
f 464//461 461//458 463//460 
f 461//458 459//456 463//460 
f 462//459 465//462 466//463 
f 465//462 467//464 466//463 
f 467//464 464//461 466//463 
f 464//461 462//459 466//463 
f 465//462 468//465 469//466 
f 468//465 470//467 469//466 
f 470//467 467//464 469//466 
f 467//464 465//462 469//466 
f 468//465 471//468 472//469 
f 471//468 473//470 472//469 
f 473//470 470//467 472//469 
f 470//467 468//465 472//469 
f 471//468 474//471 475//472 
f 474//471 476//473 475//472 
f 476//473 473//470 475//472 
f 473//470 471//468 475//472 
f 474//471 477//474 478//475 
f 477//474 479//476 478//475 
f 479//476 476//473 478//475 
f 476//473 474//471 478//475 
f 477//474 480//477 481//478 
f 480//477 482//479 481//478 
f 482//479 479//476 481//478 
f 479//476 477//474 481//478 
f 480//477 483//480 484//481 
f 483//480 485//482 484//481 
f 485//482 482//479 484//481 
f 482//479 480//477 484//481 
s 4
f 483//480 486//483 487//484 
f 486//483 488//485 487//484 
f 488//485 485//482 487//484 
f 485//482 483//480 487//484 
f 486//483 489//486 490//487 
f 489//486 491//488 490//487 
f 491//488 488//485 490//487 
f 488//485 486//483 490//487 
f 489//486 492//489 493//490 
f 492//489 494//491 493//490 
f 494//491 491//488 493//490 
f 491//488 489//486 493//490 
f 492//489 495//492 496//493 
f 495//492 497//494 496//493 
f 497//494 494//491 496//493 
f 494//491 492//489 496//493 
f 495//492 498//495 499//496 
f 498//495 500//497 499//496 
f 500//497 497//494 499//496 
f 497//494 495//492 499//496 
f 498//495 501//498 502//499 
f 501//498 503//500 502//499 
f 503//500 500//497 502//499 
f 500//497 498//495 502//499 
f 501//498 504//501 505//502 
f 504//501 506//503 505//502 
f 506//503 503//500 505//502 
f 503//500 501//498 505//502 
f 504//501 507//504 508//505 
f 507//504 509//506 508//505 
f 509//506 506//503 508//505 
f 506//503 504//501 508//505 
f 507//504 510//507 511//508 
f 510//507 512//509 511//508 
f 512//509 509//506 511//508 
f 509//506 507//504 511//508 
f 510//507 513//510 514//511 
f 513//510 515//512 514//511 
f 515//512 512//509 514//511 
f 512//509 510//507 514//511 
f 513//510 516//513 517//514 
f 516//513 518//515 517//514 
f 518//515 515//512 517//514 
f 515//512 513//510 517//514 
f 516//513 519//516 520//517 
f 519//516 521//518 520//517 
f 521//518 518//515 520//517 
f 518//515 516//513 520//517 
f 519//516 522//519 523//520 
f 522//519 524//521 523//520 
f 524//521 521//518 523//520 
f 521//518 519//516 523//520 
f 522//519 525//522 526//523 
f 525//522 527//524 526//523 
f 527//524 524//521 526//523 
f 524//521 522//519 526//523 
f 525//522 528//525 529//526 
f 528//525 530//527 529//526 
f 530//527 527//524 529//526 
f 527//524 525//522 529//526 
f 528//525 531//528 532//529 
f 531//528 533//530 532//529 
f 533//530 530//527 532//529 
f 530//527 528//525 532//529 
f 531//528 534//531 535//532 
f 534//531 536//533 535//532 
f 536//533 533//530 535//532 
f 533//530 531//528 535//532 
f 534//531 537//534 538//535 
f 537//534 539//536 538//535 
f 539//536 536//533 538//535 
f 536//533 534//531 538//535 
f 537//534 540//537 541//538 
f 540//537 542//539 541//538 
f 542//539 539//536 541//538 
f 539//536 537//534 541//538 
f 540//537 543//540 544//541 
f 543//540 545//542 544//541 
f 545//542 542//539 544//541 
f 542//539 540//537 544//541 
f 543//540 546//543 547//544 
f 546//543 548//545 547//544 
f 548//545 545//542 547//544 
f 545//542 543//540 547//544 
f 546//543 549//546 550//547 
f 549//546 551//548 550//547 
f 551//548 548//545 550//547 
f 548//545 546//543 550//547 
f 549//546 552//549 553//550 
f 552//549 554//551 553//550 
f 554//551 551//548 553//550 
f 551//548 549//546 553//550 
f 552//549 555//552 556//553 
f 555//552 557//554 556//553 
f 557//554 554//551 556//553 
f 554//551 552//549 556//553 
f 555//552 558//555 559//556 
f 558//555 560//557 559//556 
f 560//557 557//554 559//556 
f 557//554 555//552 559//556 
f 558//555 561//558 562//559 
f 561//558 563//560 562//559 
f 563//560 560//557 562//559 
f 560//557 558//555 562//559 
f 561//558 564//561 565//562 
f 564//561 566//563 565//562 
f 566//563 563//560 565//562 
f 563//560 561//558 565//562 
f 564//561 567//564 568//565 
f 567//564 569//566 568//565 
f 569//566 566//563 568//565 
f 566//563 564//561 568//565 
f 567//564 570//567 571//568 
f 570//567 572//569 571//568 
f 572//569 569//566 571//568 
f 569//566 567//564 571//568 
f 570//567 573//570 574//571 
f 573//570 575//572 574//571 
f 575//572 572//569 574//571 
f 572//569 570//567 574//571 
f 573//570 576//573 577//574 
f 576//573 578//575 577//574 
f 578//575 575//572 577//574 
f 575//572 573//570 577//574 
f 576//573 579//576 580//577 
f 579//576 581//578 580//577 
f 581//578 578//575 580//577 
f 578//575 576//573 580//577 
f 579//576 582//579 583//580 
f 582//579 584//581 583//580 
f 584//581 581//578 583//580 
f 581//578 579//576 583//580 
f 582//579 585//582 586//583 
f 585//582 587//584 586//583 
f 587//584 584//581 586//583 
f 584//581 582//579 586//583 
f 585//582 588//585 589//586 
f 588//585 590//587 589//586 
f 590//587 587//584 589//586 
f 587//584 585//582 589//586 
f 588//585 591//588 592//589 
f 591//588 593//590 592//589 
f 593//590 590//587 592//589 
f 590//587 588//585 592//589 
f 591//588 594//591 595//592 
f 594//591 596//593 595//592 
f 596//593 593//590 595//592 
f 593//590 591//588 595//592 
f 594//591 597//594 598//595 
f 597//594 599//596 598//595 
f 599//596 596//593 598//595 
f 596//593 594//591 598//595 
f 597//594 600//597 601//598 
f 600//597 602//599 601//598 
f 602//599 599//596 601//598 
f 599//596 597//594 601//598 
f 600//597 603//600 604//601 
f 603//600 605//602 604//601 
f 605//602 602//599 604//601 
f 602//599 600//597 604//601 
f 603//600 606//603 607//604 
f 606//603 608//605 607//604 
f 608//605 605//602 607//604 
f 605//602 603//600 607//604 
f 606//603 609//606 610//607 
f 609//606 611//608 610//607 
f 611//608 608//605 610//607 
f 608//605 606//603 610//607 
f 609//606 612//609 613//610 
f 612//609 614//611 613//610 
f 614//611 611//608 613//610 
f 611//608 609//606 613//610 
f 612//609 615//612 616//613 
f 615//612 617//614 616//613 
f 617//614 614//611 616//613 
f 614//611 612//609 616//613 
f 615//612 618//615 619//616 
f 618//615 620//617 619//616 
f 620//617 617//614 619//616 
f 617//614 615//612 619//616 
f 618//615 621//618 622//619 
f 621//618 623//620 622//619 
f 623//620 620//617 622//619 
f 620//617 618//615 622//619 
f 621//618 624//621 625//622 
f 624//621 626//623 625//622 
f 626//623 623//620 625//622 
f 623//620 621//618 625//622 
f 624//621 627//624 628//625 
f 627//624 629//626 628//625 
f 629//626 626//623 628//625 
f 626//623 624//621 628//625 
f 627//624 630//627 631//628 
f 630//627 632//629 631//628 
f 632//629 629//626 631//628 
f 629//626 627//624 631//628 
f 630//627 633//630 634//631 
f 633//630 635//632 634//631 
f 635//632 632//629 634//631 
f 632//629 630//627 634//631 
f 633//630 636//633 637//634 
f 636//633 638//635 637//634 
f 638//635 635//632 637//634 
f 635//632 633//630 637//634 
f 636//633 639//636 640//637 
f 639//636 641//638 640//637 
f 641//638 638//635 640//637 
f 638//635 636//633 640//637 
f 639//636 642//639 643//640 
f 642//639 644//641 643//640 
f 644//641 641//638 643//640 
f 641//638 639//636 643//640 
f 642//639 645//642 646//643 
f 645//642 647//644 646//643 
f 647//644 644//641 646//643 
f 644//641 642//639 646//643 
f 645//642 648//645 649//646 
f 648//645 650//647 649//646 
f 650//647 647//644 649//646 
f 647//644 645//642 649//646 
f 648//645 651//648 652//649 
f 651//648 653//650 652//649 
f 653//650 650//647 652//649 
f 650//647 648//645 652//649 
f 651//648 654//651 655//652 
f 654//651 656//653 655//652 
f 656//653 653//650 655//652 
f 653//650 651//648 655//652 
f 654//651 657//654 658//655 
f 657//654 659//656 658//655 
f 659//656 656//653 658//655 
f 656//653 654//651 658//655 
f 657//654 660//657 661//658 
f 660//657 662//659 661//658 
f 662//659 659//656 661//658 
f 659//656 657//654 661//658 
f 660//657 663//660 664//661 
f 663//660 665//662 664//661 
f 665//662 662//659 664//661 
f 662//659 660//657 664//661 
f 663//660 666//663 667//664 
f 666//663 668//665 667//664 
f 668//665 665//662 667//664 
f 665//662 663//660 667//664 
f 666//663 669//666 670//667 
f 669//666 671//668 670//667 
f 671//668 668//665 670//667 
f 668//665 666//663 670//667 
f 669//666 672//669 673//670 
f 672//669 674//671 673//670 
f 674//671 671//668 673//670 
f 671//668 669//666 673//670 
s 2
f 672//669 1//1 675//202 
f 1//1 5//5 675//202 
f 5//5 674//671 675//202 
f 674//671 672//669 675//202 
s 1
f 676//672 677//673 678//674 
f 677//673 679//675 678//674 
f 679//675 680//676 678//674 
f 680//676 676//672 678//674 
s 3
f 677//673 681//677 682//678 
f 681//677 683//679 682//678 
f 683//679 679//675 682//678 
f 679//675 677//673 682//678 
s 2
f 681//677 684//680 685//681 
f 684//680 686//682 685//681 
f 686//682 683//679 685//681 
f 683//679 681//677 685//681 
f 684//680 687//683 688//684 
f 687//683 689//685 688//684 
f 689//685 686//682 688//684 
f 686//682 684//680 688//684 
f 687//683 690//686 691//687 
f 690//686 692//688 691//687 
f 692//688 689//685 691//687 
f 689//685 687//683 691//687 
f 690//686 693//689 694//690 
f 693//689 695//691 694//690 
f 695//691 692//688 694//690 
f 692//688 690//686 694//690 
f 693//689 696//692 697//693 
f 696//692 698//694 697//693 
f 698//694 695//691 697//693 
f 695//691 693//689 697//693 
f 696//692 699//695 700//696 
f 699//695 701//697 700//696 
f 701//697 698//694 700//696 
f 698//694 696//692 700//696 
f 699//695 702//698 703//699 
f 702//698 704//700 703//699 
f 704//700 701//697 703//699 
f 701//697 699//695 703//699 
f 702//698 705//701 706//702 
f 705//701 707//703 706//702 
f 707//703 704//700 706//702 
f 704//700 702//698 706//702 
f 705//701 708//704 709//705 
f 708//704 710//706 709//705 
f 710//706 707//703 709//705 
f 707//703 705//701 709//705 
f 708//704 711//707 712//708 
f 711//707 713//709 712//708 
f 713//709 710//706 712//708 
f 710//706 708//704 712//708 
f 711//707 714//710 715//711 
f 714//710 716//712 715//711 
f 716//712 713//709 715//711 
f 713//709 711//707 715//711 
f 714//710 717//713 718//714 
f 717//713 719//715 718//714 
f 719//715 716//712 718//714 
f 716//712 714//710 718//714 
f 717//713 720//716 721//717 
f 720//716 722//718 721//717 
f 722//718 719//715 721//717 
f 719//715 717//713 721//717 
f 720//716 723//719 724//720 
f 723//719 725//721 724//720 
f 725//721 722//718 724//720 
f 722//718 720//716 724//720 
f 723//719 726//722 727//723 
f 726//722 728//724 727//723 
f 728//724 725//721 727//723 
f 725//721 723//719 727//723 
f 726//722 729//725 730//726 
f 729//725 731//727 730//726 
f 731//727 728//724 730//726 
f 728//724 726//722 730//726 
f 729//725 732//728 733//729 
f 732//728 734//730 733//729 
f 734//730 731//727 733//729 
f 731//727 729//725 733//729 
f 732//728 735//731 736//732 
f 735//731 737//733 736//732 
f 737//733 734//730 736//732 
f 734//730 732//728 736//732 
f 735//731 738//734 739//735 
f 738//734 740//736 739//735 
f 740//736 737//733 739//735 
f 737//733 735//731 739//735 
f 738//734 741//737 742//738 
f 741//737 743//739 742//738 
f 743//739 740//736 742//738 
f 740//736 738//734 742//738 
f 741//737 744//740 745//741 
f 744//740 746//742 745//741 
f 746//742 743//739 745//741 
f 743//739 741//737 745//741 
f 744//740 747//743 748//744 
f 747//743 749//745 748//744 
f 749//745 746//742 748//744 
f 746//742 744//740 748//744 
f 747//743 750//746 751//747 
f 750//746 752//748 751//747 
f 752//748 749//745 751//747 
f 749//745 747//743 751//747 
f 750//746 753//749 754//750 
f 753//749 755//751 754//750 
f 755//751 752//748 754//750 
f 752//748 750//746 754//750 
f 753//749 756//752 757//753 
f 756//752 758//754 757//753 
f 758//754 755//751 757//753 
f 755//751 753//749 757//753 
f 756//752 759//755 760//756 
f 759//755 761//757 760//756 
f 761//757 758//754 760//756 
f 758//754 756//752 760//756 
f 759//755 762//758 763//759 
f 762//758 764//760 763//759 
f 764//760 761//757 763//759 
f 761//757 759//755 763//759 
f 762//758 765//761 766//762 
f 765//761 767//763 766//762 
f 767//763 764//760 766//762 
f 764//760 762//758 766//762 
f 765//761 768//764 769//765 
f 768//764 770//766 769//765 
f 770//766 767//763 769//765 
f 767//763 765//761 769//765 
f 768//764 771//767 772//768 
f 771//767 773//769 772//768 
f 773//769 770//766 772//768 
f 770//766 768//764 772//768 
f 771//767 774//770 775//771 
f 774//770 776//772 775//771 
f 776//772 773//769 775//771 
f 773//769 771//767 775//771 
f 774//770 777//773 778//774 
f 777//773 779//775 778//774 
f 779//775 776//772 778//774 
f 776//772 774//770 778//774 
f 777//773 780//776 781//777 
f 780//776 782//778 781//777 
f 782//778 779//775 781//777 
f 779//775 777//773 781//777 
s 3
f 780//776 676//672 783//779 
f 676//672 680//676 783//779 
f 680//676 782//778 783//779 
f 782//778 780//776 783//779 
s 16
f 201//201 198//198 784//780 
f 198//198 288//288 784//780 
f 288//288 285//285 784//780 
f 285//285 201//201 784//780 
f 257//257 260//260 785//781 
f 260//260 263//263 785//781 
f 263//263 257//257 785//781 
f 198//198 195//195 786//780 
f 195//195 288//288 786//780 
f 288//288 198//198 786//780 
f 285//285 282//282 787//780 
f 282//282 207//207 787//780 
f 207//207 204//204 787//780 
f 204//204 201//201 787//780 
f 201//201 285//285 787//780 
f 282//282 279//279 788//780 
f 279//279 213//213 788//780 
f 213//213 210//210 788//780 
f 210//210 207//207 788//780 
f 207//207 282//282 788//780 
f 279//279 276//276 789//780 
f 276//276 222//222 789//780 
f 222//222 219//219 789//780 
f 219//219 216//216 789//780 
f 216//216 213//213 789//780 
f 213//213 279//279 789//780 
f 276//276 273//273 790//780 
f 273//273 228//228 790//780 
f 228//228 225//225 790//780 
f 225//225 222//222 790//780 
f 222//222 276//276 790//780 
f 273//273 270//270 791//780 
f 270//270 237//237 791//780 
f 237//237 234//234 791//780 
f 234//234 231//231 791//780 
f 231//231 228//228 791//780 
f 228//228 273//273 791//780 
f 270//270 267//267 792//780 
f 267//267 246//246 792//780 
f 246//246 243//243 792//780 
f 243//243 240//240 792//780 
f 240//240 237//237 792//780 
f 237//237 270//270 792//780 
f 267//267 264//264 793//780 
f 264//264 252//252 793//780 
f 252//252 249//249 793//780 
f 249//249 246//246 793//780 
f 246//246 267//267 793//780 
f 264//264 261//261 794//780 
f 261//261 255//255 794//780 
f 255//255 252//252 794//780 
f 252//252 264//264 794//780 
f 261//261 258//258 795//780 
f 258//258 255//255 795//780 
f 255//255 261//261 795//780 
f 195//195 192//192 796//780 
f 192//192 288//288 796//780 
f 288//288 195//195 796//780 
f 192//192 189//189 797//780 
f 189//189 291//290 797//780 
f 291//290 288//288 797//780 
f 288//288 192//192 797//780 
f 189//189 186//186 798//780 
f 186//186 294//293 798//780 
f 294//293 291//290 798//780 
f 291//290 189//189 798//780 
f 186//186 183//183 799//780 
f 183//183 297//296 799//780 
f 297//296 294//293 799//780 
f 294//293 186//186 799//780 
f 183//183 180//180 800//780 
f 180//180 303//302 800//780 
f 303//302 300//299 800//780 
f 300//299 297//296 800//780 
f 297//296 183//183 800//780 
f 180//180 177//177 801//780 
f 177//177 309//308 801//780 
f 309//308 306//305 801//780 
f 306//305 303//302 801//780 
f 303//302 180//180 801//780 
f 177//177 174//174 802//780 
f 174//174 312//311 802//780 
f 312//311 309//308 802//780 
f 309//308 177//177 802//780 
f 174//174 171//171 803//780 
f 171//171 318//317 803//780 
f 318//317 315//314 803//780 
f 315//314 312//311 803//780 
f 312//311 174//174 803//780 
f 171//171 168//168 804//780 
f 168//168 324//323 804//780 
f 324//323 321//320 804//780 
f 321//320 318//317 804//780 
f 318//317 171//171 804//780 
f 168//168 165//165 805//780 
f 165//165 330//329 805//780 
f 330//329 327//326 805//780 
f 327//326 324//323 805//780 
f 324//323 168//168 805//780 
f 165//165 162//162 806//780 
f 162//162 333//332 806//780 
f 333//332 330//329 806//780 
f 330//329 165//165 806//780 
f 162//162 159//159 807//780 
f 159//159 339//338 807//780 
f 339//338 336//335 807//780 
f 336//335 333//332 807//780 
f 333//332 162//162 807//780 
f 159//159 156//156 808//780 
f 156//156 339//338 808//780 
f 339//338 159//159 808//780 
f 156//156 153//153 809//780 
f 153//153 342//341 809//780 
f 342//341 339//338 809//780 
f 339//338 156//156 809//780 
f 153//153 150//150 810//780 
f 150//150 345//344 810//780 
f 345//344 342//341 810//780 
f 342//341 153//153 810//780 
f 150//150 147//147 811//780 
f 147//147 345//344 811//780 
f 345//344 150//150 811//780 
f 147//147 144//144 812//780 
f 144//144 345//344 812//780 
f 345//344 147//147 812//780 
f 144//144 141//141 813//780 
f 141//141 345//344 813//780 
f 345//344 144//144 813//780 
f 141//141 138//138 814//780 
f 138//138 345//344 814//780 
f 345//344 141//141 814//780 
f 138//138 135//135 815//780 
f 135//135 345//344 815//780 
f 345//344 138//138 815//780 
f 135//135 132//132 816//780 
f 132//132 345//344 816//780 
f 345//344 135//135 816//780 
f 132//132 129//129 817//780 
f 129//129 351//349 817//780 
f 351//349 348//346 817//780 
f 348//346 345//344 817//780 
f 345//344 132//132 817//780 
f 129//129 126//126 818//780 
f 126//126 354//352 818//780 
f 354//352 351//349 818//780 
f 351//349 129//129 818//780 
f 126//126 123//123 819//780 
f 123//123 360//358 819//780 
f 360//358 357//355 819//780 
f 357//355 354//352 819//780 
f 354//352 126//126 819//780 
f 123//123 120//120 820//780 
f 120//120 366//364 820//780 
f 366//364 363//361 820//780 
f 363//361 360//358 820//780 
f 360//358 123//123 820//780 
f 120//120 117//117 821//780 
f 117//117 369//367 821//780 
f 369//367 366//364 821//780 
f 366//364 120//120 821//780 
f 117//117 114//114 822//780 
f 114//114 372//370 822//780 
f 372//370 369//367 822//780 
f 369//367 117//117 822//780 
f 114//114 111//111 823//780 
f 111//111 375//373 823//780 
f 375//373 372//370 823//780 
f 372//370 114//114 823//780 
f 111//111 108//108 824//780 
f 108//108 378//375 824//780 
f 378//375 375//373 824//780 
f 375//373 111//111 824//780 
f 108//108 105//105 825//780 
f 105//105 381//378 825//780 
f 381//378 378//375 825//780 
f 378//375 108//108 825//780 
f 105//105 102//102 826//780 
f 102//102 387//384 826//780 
f 387//384 384//381 826//780 
f 384//381 381//378 826//780 
f 381//378 105//105 826//780 
f 102//102 99//99 827//780 
f 99//99 396//393 827//780 
f 396//393 393//390 827//780 
f 393//390 390//387 827//780 
f 390//387 387//384 827//780 
f 387//384 102//102 827//780 
f 99//99 96//96 828//780 
f 96//96 405//402 828//780 
f 405//402 402//399 828//780 
f 402//399 399//396 828//780 
f 399//396 396//393 828//780 
f 396//393 99//99 828//780 
f 96//96 93//93 829//780 
f 93//93 417//414 829//780 
f 417//414 414//411 829//780 
f 414//411 411//408 829//780 
f 411//408 408//405 829//780 
f 408//405 405//402 829//780 
f 405//402 96//96 829//780 
f 93//93 90//90 830//780 
f 90//90 429//426 830//780 
f 429//426 426//423 830//780 
f 426//423 423//420 830//780 
f 423//420 420//417 830//780 
f 420//417 417//414 830//780 
f 417//414 93//93 830//780 
f 90//90 87//87 831//780 
f 87//87 441//438 831//780 
f 441//438 438//435 831//780 
f 438//435 435//432 831//780 
f 435//432 432//429 831//780 
f 432//429 429//426 831//780 
f 429//426 90//90 831//780 
f 87//87 84//84 832//780 
f 84//84 450//447 832//780 
f 450//447 447//444 832//780 
f 447//444 444//441 832//780 
f 444//441 441//438 832//780 
f 441//438 87//87 832//780 
f 84//84 81//81 833//780 
f 81//81 456//453 833//780 
f 456//453 453//450 833//780 
f 453//450 450//447 833//780 
f 450//447 84//84 833//780 
f 81//81 78//78 834//780 
f 78//78 462//459 834//780 
f 462//459 459//456 834//780 
f 459//456 456//453 834//780 
f 456//453 81//81 834//780 
f 78//78 75//75 835//780 
f 75//75 483//480 835//780 
f 483//480 480//477 835//780 
f 480//477 477//474 835//780 
f 477//474 474//471 835//780 
f 474//471 471//468 835//780 
f 471//468 468//465 835//780 
f 468//465 465//462 835//780 
f 465//462 462//459 835//780 
f 462//459 78//78 835//780 
f 75//75 72//72 836//780 
f 72//72 42//42 836//780 
f 42//42 39//39 836//780 
f 39//39 483//480 836//780 
f 483//480 75//75 836//780 
f 72//72 69//69 837//780 
f 69//69 42//42 837//780 
f 42//42 72//72 837//780 
f 39//39 36//36 838//780 
f 36//36 486//483 838//780 
f 486//483 483//480 838//780 
f 483//480 39//39 838//780 
f 36//36 33//33 839//780 
f 33//33 495//492 839//780 
f 495//492 492//489 839//780 
f 492//489 489//486 839//780 
f 489//486 486//483 839//780 
f 486//483 36//36 839//780 
f 33//33 30//30 840//780 
f 30//30 504//501 840//780 
f 504//501 501//498 840//780 
f 501//498 498//495 840//780 
f 498//495 495//492 840//780 
f 495//492 33//33 840//780 
f 30//30 27//27 841//780 
f 27//27 510//507 841//780 
f 510//507 507//504 841//780 
f 507//504 504//501 841//780 
f 504//501 30//30 841//780 
f 27//27 24//24 842//780 
f 24//24 510//507 842//780 
f 510//507 27//27 842//780 
f 24//24 21//21 843//780 
f 21//21 513//510 843//780 
f 513//510 510//507 843//780 
f 510//507 24//24 843//780 
f 21//21 18//18 844//780 
f 18//18 516//513 844//780 
f 516//513 513//510 844//780 
f 513//510 21//21 844//780 
f 18//18 15//15 845//780 
f 15//15 519//516 845//780 
f 519//516 516//513 845//780 
f 516//513 18//18 845//780 
f 15//15 12//12 846//780 
f 12//12 522//519 846//780 
f 522//519 519//516 846//780 
f 519//516 15//15 846//780 
f 12//12 9//9 847//780 
f 9//9 525//522 847//780 
f 525//522 522//519 847//780 
f 522//519 12//12 847//780 
f 9//9 6//6 848//780 
f 6//6 528//525 848//780 
f 528//525 525//522 848//780 
f 525//522 9//9 848//780 
f 6//6 2//2 849//780 
f 2//2 531//528 849//780 
f 531//528 528//525 849//780 
f 528//525 6//6 849//780 
f 2//2 1//1 850//780 
f 1//1 531//528 850//780 
f 531//528 2//2 850//780 
f 1//1 672//669 851//780 
f 672//669 753//749 851//780 
f 558//555 555//552 851//780 
f 555//552 552//549 851//780 
f 552//549 549//546 851//780 
f 549//546 546//543 851//780 
f 546//543 543//540 851//780 
f 543//540 540//537 851//780 
f 540//537 537//534 851//780 
f 537//534 534//531 851//780 
f 534//531 531//528 851//780 
f 531//528 1//1 851//780 
f 561//558 558//555 852//780 
f 558//555 851//780 753//749 852//780 
f 753//749 750//746 852//780 
f 750//746 561//558 852//780 
f 750//746 747//743 853//780 
f 747//743 564//561 853//780 
f 564//561 561//558 853//780 
f 561//558 750//746 853//780 
f 747//743 744//740 854//780 
f 744//740 567//564 854//780 
f 567//564 564//561 854//780 
f 564//561 747//743 854//780 
f 744//740 741//737 855//780 
f 741//737 573//570 855//780 
f 573//570 570//567 855//780 
f 570//567 567//564 855//780 
f 567//564 744//740 855//780 
f 741//737 738//734 856//780 
f 738//734 576//573 856//780 
f 576//573 573//570 856//780 
f 573//570 741//737 856//780 
f 738//734 735//731 857//780 
f 735//731 582//579 857//780 
f 582//579 579//576 857//780 
f 579//576 576//573 857//780 
f 576//573 738//734 857//780 
f 735//731 732//728 858//780 
f 732//728 585//582 858//780 
f 585//582 582//579 858//780 
f 582//579 735//731 858//780 
f 732//728 729//725 859//780 
f 729//725 591//588 859//780 
f 591//588 588//585 859//780 
f 588//585 585//582 859//780 
f 585//582 732//728 859//780 
f 729//725 726//722 860//780 
f 726//722 591//588 860//780 
f 591//588 729//725 860//780 
f 726//722 723//719 861//780 
f 723//719 594//591 861//780 
f 594//591 591//588 861//780 
f 591//588 726//722 861//780 
f 723//719 720//716 862//780 
f 720//716 597//594 862//780 
f 597//594 594//591 862//780 
f 594//591 723//719 862//780 
f 720//716 717//713 863//780 
f 717//713 600//597 863//780 
f 600//597 597//594 863//780 
f 597//594 720//716 863//780 
f 717//713 714//710 864//780 
f 714//710 603//600 864//780 
f 603//600 600//597 864//780 
f 600//597 717//713 864//780 
f 714//710 711//707 865//780 
f 711//707 606//603 865//780 
f 606//603 603//600 865//780 
f 603//600 714//710 865//780 
f 711//707 708//704 866//780 
f 708//704 609//606 866//780 
f 609//606 606//603 866//780 
f 606//603 711//707 866//780 
f 708//704 705//701 867//780 
f 705//701 612//609 867//780 
f 612//609 609//606 867//780 
f 609//606 708//704 867//780 
f 705//701 702//698 868//780 
f 702//698 615//612 868//780 
f 615//612 612//609 868//780 
f 612//609 705//701 868//780 
f 702//698 699//695 869//780 
f 699//695 618//615 869//780 
f 618//615 615//612 869//780 
f 615//612 702//698 869//780 
f 699//695 696//692 870//780 
f 696//692 621//618 870//780 
f 621//618 618//615 870//780 
f 618//615 699//695 870//780 
f 696//692 693//689 871//780 
f 693//689 621//618 871//780 
f 621//618 696//692 871//780 
f 693//689 690//686 872//780 
f 690//686 624//621 872//780 
f 624//621 621//618 872//780 
f 621//618 693//689 872//780 
f 690//686 687//683 873//780 
f 687//683 630//627 873//780 
f 630//627 627//624 873//780 
f 627//624 624//621 873//780 
f 624//621 690//686 873//780 
f 687//683 684//680 874//780 
f 684//680 633//630 874//780 
f 633//630 630//627 874//780 
f 630//627 687//683 874//780 
f 684//680 681//677 875//780 
f 681//677 636//633 875//780 
f 636//633 633//630 875//780 
f 633//630 684//680 875//780 
f 681//677 677//673 876//780 
f 677//673 639//636 876//780 
f 639//636 636//633 876//780 
f 636//633 681//677 876//780 
f 677//673 676//672 877//780 
f 676//672 642//639 877//780 
f 642//639 639//636 877//780 
f 639//636 677//673 877//780 
f 676//672 780//776 878//780 
f 780//776 645//642 878//780 
f 645//642 642//639 878//780 
f 642//639 676//672 878//780 
f 780//776 777//773 879//780 
f 777//773 654//651 879//780 
f 654//651 651//648 879//780 
f 651//648 648//645 879//780 
f 648//645 645//642 879//780 
f 645//642 780//776 879//780 
f 777//773 774//770 880//780 
f 774//770 666//663 880//780 
f 666//663 663//660 880//780 
f 663//660 660//657 880//780 
f 660//657 657//654 880//780 
f 657//654 654//651 880//780 
f 654//651 777//773 880//780 
f 774//770 771//767 881//780 
f 771//767 672//669 881//780 
f 672//669 669//666 881//780 
f 669//666 666//663 881//780 
f 666//663 774//770 881//780 
f 771//767 768//764 882//780 
f 768//764 672//669 882//780 
f 672//669 771//767 882//780 
f 768//764 765//761 883//780 
f 765//761 672//669 883//780 
f 672//669 768//764 883//780 
f 765//761 762//758 884//780 
f 762//758 672//669 884//780 
f 672//669 765//761 884//780 
f 762//758 759//755 885//780 
f 759//755 672//669 885//780 
f 672//669 762//758 885//780 
f 759//755 756//752 886//780 
f 756//752 672//669 886//780 
f 672//669 759//755 886//780 
f 756//752 753//749 887//780 
f 753//749 672//669 887//780 
f 672//669 756//752 887//780 
f 69//69 66//66 888//780 
f 66//66 45//45 888//780 
f 45//45 42//42 888//780 
f 42//42 69//69 888//780 
f 66//66 63//63 889//780 
f 63//63 48//48 889//780 
f 48//48 45//45 889//780 
f 45//45 66//66 889//780 
f 63//63 60//60 890//780 
f 60//60 51//51 890//780 
f 51//51 48//48 890//780 
f 48//48 63//63 890//780 
f 60//60 57//57 891//780 
f 57//57 54//54 891//780 
f 54//54 51//51 891//780 
f 51//51 60//60 891//780 
f 263//263 266//266 892//781 
f 266//266 254//254 892//781 
f 254//254 257//257 892//781 
f 257//257 263//263 892//781 
f 266//266 269//269 893//781 
f 269//269 248//248 893//781 
f 248//248 251//251 893//781 
f 251//251 254//254 893//781 
f 254//254 266//266 893//781 
f 269//269 272//272 894//781 
f 272//272 239//239 894//781 
f 239//239 242//242 894//781 
f 242//242 245//245 894//781 
f 245//245 248//248 894//781 
f 248//248 269//269 894//781 
f 272//272 275//275 895//781 
f 275//275 230//230 895//781 
f 230//230 233//233 895//781 
f 233//233 236//236 895//781 
f 236//236 239//239 895//781 
f 239//239 272//272 895//781 
f 275//275 278//278 896//781 
f 278//278 224//224 896//781 
f 224//224 227//227 896//781 
f 227//227 230//230 896//781 
f 230//230 275//275 896//781 
f 278//278 281//281 897//781 
f 281//281 215//215 897//781 
f 215//215 218//218 897//781 
f 218//218 221//221 897//781 
f 221//221 224//224 897//781 
f 224//224 278//278 897//781 
f 281//281 284//284 898//781 
f 284//284 209//209 898//781 
f 209//209 212//212 898//781 
f 212//212 215//215 898//781 
f 215//215 281//281 898//781 
f 284//284 287//287 899//781 
f 287//287 203//203 899//781 
f 203//203 206//206 899//781 
f 206//206 209//209 899//781 
f 209//209 284//284 899//781 
f 464//461 467//464 900//781 
f 467//464 470//467 900//781 
f 470//467 473//470 900//781 
f 473//470 476//473 900//781 
f 476//473 479//476 900//781 
f 479//476 482//479 900//781 
f 482//479 485//482 900//781 
f 485//482 77//77 900//781 
f 77//77 80//80 900//781 
f 80//80 464//461 900//781 
f 485//482 38//38 901//781 
f 38//38 41//41 901//781 
f 41//41 485//482 901//781 
f 80//80 83//83 902//781 
f 83//83 458//455 902//781 
f 458//455 461//458 902//781 
f 461//458 464//461 902//781 
f 464//461 80//80 902//781 
f 83//83 86//86 903//781 
f 86//86 452//449 903//781 
f 452//449 455//452 903//781 
f 455//452 458//455 903//781 
f 458//455 83//83 903//781 
f 86//86 89//89 904//781 
f 89//89 443//440 904//781 
f 443//440 446//443 904//781 
f 446//443 449//446 904//781 
f 449//446 452//449 904//781 
f 452//449 86//86 904//781 
f 89//89 92//92 905//781 
f 92//92 431//428 905//781 
f 431//428 434//431 905//781 
f 434//431 437//434 905//781 
f 437//434 440//437 905//781 
f 440//437 443//440 905//781 
f 443//440 89//89 905//781 
f 92//92 95//95 906//781 
f 95//95 419//416 906//781 
f 419//416 422//419 906//781 
f 422//419 425//422 906//781 
f 425//422 428//425 906//781 
f 428//425 431//428 906//781 
f 431//428 92//92 906//781 
f 95//95 98//98 907//781 
f 98//98 407//404 907//781 
f 407//404 410//407 907//781 
f 410//407 413//410 907//781 
f 413//410 416//413 907//781 
f 416//413 419//416 907//781 
f 419//416 95//95 907//781 
f 98//98 101//101 908//781 
f 101//101 398//395 908//781 
f 398//395 401//398 908//781 
f 401//398 404//401 908//781 
f 404//401 407//404 908//781 
f 407//404 98//98 908//781 
f 101//101 104//104 909//781 
f 104//104 389//386 909//781 
f 389//386 392//389 909//781 
f 392//389 395//392 909//781 
f 395//392 398//395 909//781 
f 398//395 101//101 909//781 
f 104//104 107//107 910//781 
f 107//107 383//380 910//781 
f 383//380 386//383 910//781 
f 386//383 389//386 910//781 
f 389//386 104//104 910//781 
f 107//107 110//110 911//781 
f 110//110 380//377 911//781 
f 380//377 383//380 911//781 
f 383//380 107//107 911//781 
f 110//110 113//113 912//781 
f 113//113 377//374 912//781 
f 377//374 380//377 912//781 
f 380//377 110//110 912//781 
f 113//113 116//116 913//781 
f 116//116 374//372 913//781 
f 374//372 377//374 913//781 
f 377//374 113//113 913//781 
f 116//116 119//119 914//781 
f 119//119 371//369 914//781 
f 371//369 374//372 914//781 
f 374//372 116//116 914//781 
f 119//119 122//122 915//781 
f 122//122 368//366 915//781 
f 368//366 371//369 915//781 
f 371//369 119//119 915//781 
f 122//122 125//125 916//781 
f 125//125 362//360 916//781 
f 362//360 365//363 916//781 
f 365//363 368//366 916//781 
f 368//366 122//122 916//781 
f 125//125 128//128 917//781 
f 128//128 356//354 917//781 
f 356//354 359//357 917//781 
f 359//357 362//360 917//781 
f 362//360 125//125 917//781 
f 128//128 131//131 918//781 
f 131//131 353//351 918//781 
f 353//351 356//354 918//781 
f 356//354 128//128 918//781 
f 131//131 134//134 919//781 
f 134//134 347//345 919//781 
f 347//345 350//348 919//781 
f 350//348 353//351 919//781 
f 353//351 131//131 919//781 
f 134//134 137//137 920//781 
f 137//137 347//345 920//781 
f 347//345 134//134 920//781 
f 137//137 140//140 921//781 
f 140//140 347//345 921//781 
f 347//345 137//137 921//781 
f 140//140 143//143 922//781 
f 143//143 347//345 922//781 
f 347//345 140//140 922//781 
f 143//143 146//146 923//781 
f 146//146 347//345 923//781 
f 347//345 143//143 923//781 
f 146//146 149//149 924//781 
f 149//149 347//345 924//781 
f 347//345 146//146 924//781 
f 149//149 152//152 925//781 
f 152//152 347//345 925//781 
f 347//345 149//149 925//781 
f 152//152 155//155 926//781 
f 155//155 344//343 926//781 
f 344//343 347//345 926//781 
f 347//345 152//152 926//781 
f 155//155 158//158 927//781 
f 158//158 341//340 927//781 
f 341//340 344//343 927//781 
f 344//343 155//155 927//781 
f 158//158 161//161 928//781 
f 161//161 341//340 928//781 
f 341//340 158//158 928//781 
f 161//161 164//164 929//781 
f 164//164 335//334 929//781 
f 335//334 338//337 929//781 
f 338//337 341//340 929//781 
f 341//340 161//161 929//781 
f 164//164 167//167 930//781 
f 167//167 332//331 930//781 
f 332//331 335//334 930//781 
f 335//334 164//164 930//781 
f 167//167 170//170 931//781 
f 170//170 326//325 931//781 
f 326//325 329//328 931//781 
f 329//328 332//331 931//781 
f 332//331 167//167 931//781 
f 170//170 173//173 932//781 
f 173//173 320//319 932//781 
f 320//319 323//322 932//781 
f 323//322 326//325 932//781 
f 326//325 170//170 932//781 
f 173//173 176//176 933//781 
f 176//176 314//313 933//781 
f 314//313 317//316 933//781 
f 317//316 320//319 933//781 
f 320//319 173//173 933//781 
f 176//176 179//179 934//781 
f 179//179 311//310 934//781 
f 311//310 314//313 934//781 
f 314//313 176//176 934//781 
f 179//179 182//182 935//781 
f 182//182 305//304 935//781 
f 305//304 308//307 935//781 
f 308//307 311//310 935//781 
f 311//310 179//179 935//781 
f 182//182 185//185 936//781 
f 185//185 299//298 936//781 
f 299//298 302//301 936//781 
f 302//301 305//304 936//781 
f 305//304 182//182 936//781 
f 185//185 188//188 937//781 
f 188//188 296//295 937//781 
f 296//295 299//298 937//781 
f 299//298 185//185 937//781 
f 188//188 191//191 938//781 
f 191//191 293//292 938//781 
f 293//292 296//295 938//781 
f 296//295 188//188 938//781 
f 191//191 194//194 939//781 
f 194//194 290//289 939//781 
f 290//289 293//292 939//781 
f 293//292 191//191 939//781 
f 194//194 197//197 940//781 
f 197//197 290//289 940//781 
f 290//289 194//194 940//781 
f 197//197 200//200 941//781 
f 200//200 290//289 941//781 
f 290//289 197//197 941//781 
f 200//200 203//203 942//781 
f 203//203 287//287 942//781 
f 287//287 290//289 942//781 
f 290//289 200//200 942//781 
f 533//530 536//533 943//781 
f 536//533 539//536 943//781 
f 539//536 542//539 943//781 
f 542//539 545//542 943//781 
f 545//542 548//545 943//781 
f 548//545 551//548 943//781 
f 551//548 554//551 943//781 
f 554//551 557//554 943//781 
f 557//554 560//557 943//781 
f 755//751 758//754 943//781 
f 758//754 674//671 943//781 
f 674//671 5//5 943//781 
f 5//5 533//530 943//781 
f 41//41 44//44 944//781 
f 44//44 485//482 944//781 
f 485//482 41//41 944//781 
f 44//44 47//47 945//781 
f 47//47 71//71 945//781 
f 71//71 74//74 945//781 
f 74//74 44//44 945//781 
f 47//47 50//50 946//781 
f 50//50 68//68 946//781 
f 68//68 71//71 946//781 
f 71//71 47//47 946//781 
f 74//74 77//77 947//781 
f 77//77 485//482 947//781 
f 485//482 44//44 947//781 
f 44//44 74//74 947//781 
f 50//50 53//53 948//781 
f 53//53 65//65 948//781 
f 65//65 68//68 948//781 
f 68//68 50//50 948//781 
f 53//53 56//56 949//781 
f 56//56 59//59 949//781 
f 59//59 62//62 949//781 
f 62//62 53//53 949//781 
f 62//62 65//65 950//781 
f 65//65 53//53 950//781 
f 53//53 62//62 950//781 
f 758//754 761//757 951//781 
f 761//757 674//671 951//781 
f 674//671 758//754 951//781 
f 5//5 4//4 952//781 
f 4//4 533//530 952//781 
f 533//530 5//5 952//781 
f 4//4 8//8 953//781 
f 8//8 530//527 953//781 
f 530//527 533//530 953//781 
f 533//530 4//4 953//781 
f 8//8 11//11 954//781 
f 11//11 527//524 954//781 
f 527//524 530//527 954//781 
f 530//527 8//8 954//781 
f 11//11 14//14 955//781 
f 14//14 524//521 955//781 
f 524//521 527//524 955//781 
f 527//524 11//11 955//781 
f 14//14 17//17 956//781 
f 17//17 521//518 956//781 
f 521//518 524//521 956//781 
f 524//521 14//14 956//781 
f 17//17 20//20 957//781 
f 20//20 518//515 957//781 
f 518//515 521//518 957//781 
f 521//518 17//17 957//781 
f 20//20 23//23 958//781 
f 23//23 515//512 958//781 
f 515//512 518//515 958//781 
f 518//515 20//20 958//781 
f 23//23 26//26 959//781 
f 26//26 512//509 959//781 
f 512//509 515//512 959//781 
f 515//512 23//23 959//781 
f 26//26 29//29 960//781 
f 29//29 512//509 960//781 
f 512//509 26//26 960//781 
f 29//29 32//32 961//781 
f 32//32 506//503 961//781 
f 506//503 509//506 961//781 
f 509//506 512//509 961//781 
f 512//509 29//29 961//781 
f 32//32 35//35 962//781 
f 35//35 497//494 962//781 
f 497//494 500//497 962//781 
f 500//497 503//500 962//781 
f 503//500 506//503 962//781 
f 506//503 32//32 962//781 
f 35//35 38//38 963//781 
f 38//38 485//482 963//781 
f 485//482 488//485 963//781 
f 488//485 491//488 963//781 
f 491//488 494//491 963//781 
f 494//491 497//494 963//781 
f 497//494 35//35 963//781 
f 761//757 764//760 964//781 
f 764//760 674//671 964//781 
f 674//671 761//757 964//781 
f 764//760 767//763 965//781 
f 767//763 674//671 965//781 
f 674//671 764//760 965//781 
f 767//763 770//766 966//781 
f 770//766 674//671 966//781 
f 674//671 767//763 966//781 
f 770//766 773//769 967//781 
f 773//769 674//671 967//781 
f 674//671 770//766 967//781 
f 773//769 776//772 968//781 
f 776//772 668//665 968//781 
f 668//665 671//668 968//781 
f 671//668 674//671 968//781 
f 674//671 773//769 968//781 
f 776//772 779//775 969//781 
f 779//775 656//653 969//781 
f 656//653 659//656 969//781 
f 659//656 662//659 969//781 
f 662//659 665//662 969//781 
f 665//662 668//665 969//781 
f 668//665 776//772 969//781 
f 779//775 782//778 970//781 
f 782//778 647//644 970//781 
f 647//644 650//647 970//781 
f 650//647 653//650 970//781 
f 653//650 656//653 970//781 
f 656//653 779//775 970//781 
f 782//778 680//676 971//781 
f 680//676 644//641 971//781 
f 644//641 647//644 971//781 
f 647//644 782//778 971//781 
f 680//676 679//675 972//781 
f 679//675 641//638 972//781 
f 641//638 644//641 972//781 
f 644//641 680//676 972//781 
f 679//675 683//679 973//781 
f 683//679 638//635 973//781 
f 638//635 641//638 973//781 
f 641//638 679//675 973//781 
f 683//679 686//682 974//781 
f 686//682 635//632 974//781 
f 635//632 638//635 974//781 
f 638//635 683//679 974//781 
f 686//682 689//685 975//781 
f 689//685 632//629 975//781 
f 632//629 635//632 975//781 
f 635//632 686//682 975//781 
f 689//685 692//688 976//781 
f 692//688 626//623 976//781 
f 626//623 629//626 976//781 
f 629//626 632//629 976//781 
f 632//629 689//685 976//781 
f 692//688 695//691 977//781 
f 695//691 623//620 977//781 
f 623//620 626//623 977//781 
f 626//623 692//688 977//781 
f 695//691 698//694 978//781 
f 698//694 623//620 978//781 
f 623//620 695//691 978//781 
f 698//694 701//697 979//781 
f 701//697 620//617 979//781 
f 620//617 623//620 979//781 
f 623//620 698//694 979//781 
f 701//697 704//700 980//781 
f 704//700 617//614 980//781 
f 617//614 620//617 980//781 
f 620//617 701//697 980//781 
f 704//700 707//703 981//781 
f 707//703 614//611 981//781 
f 614//611 617//614 981//781 
f 617//614 704//700 981//781 
f 707//703 710//706 982//781 
f 710//706 611//608 982//781 
f 611//608 614//611 982//781 
f 614//611 707//703 982//781 
f 710//706 713//709 983//781 
f 713//709 608//605 983//781 
f 608//605 611//608 983//781 
f 611//608 710//706 983//781 
f 713//709 716//712 984//781 
f 716//712 605//602 984//781 
f 605//602 608//605 984//781 
f 608//605 713//709 984//781 
f 716//712 719//715 985//781 
f 719//715 602//599 985//781 
f 602//599 605//602 985//781 
f 605//602 716//712 985//781 
f 719//715 722//718 986//781 
f 722//718 599//596 986//781 
f 599//596 602//599 986//781 
f 602//599 719//715 986//781 
f 722//718 725//721 987//781 
f 725//721 596//593 987//781 
f 596//593 599//596 987//781 
f 599//596 722//718 987//781 
f 725//721 728//724 988//781 
f 728//724 593//590 988//781 
f 593//590 596//593 988//781 
f 596//593 725//721 988//781 
f 728//724 731//727 989//781 
f 731//727 593//590 989//781 
f 593//590 728//724 989//781 
f 731//727 734//730 990//781 
f 734//730 587//584 990//781 
f 587//584 590//587 990//781 
f 590//587 593//590 990//781 
f 593//590 731//727 990//781 
f 734//730 737//733 991//781 
f 737//733 584//581 991//781 
f 584//581 587//584 991//781 
f 587//584 734//730 991//781 
f 737//733 740//736 992//781 
f 740//736 578//575 992//781 
f 578//575 581//578 992//781 
f 581//578 584//581 992//781 
f 584//581 737//733 992//781 
f 740//736 743//739 993//781 
f 743//739 575//572 993//781 
f 575//572 578//575 993//781 
f 578//575 740//736 993//781 
f 743//739 746//742 994//781 
f 746//742 569//566 994//781 
f 569//566 572//569 994//781 
f 572//569 575//572 994//781 
f 575//572 743//739 994//781 
f 746//742 749//745 995//781 
f 749//745 566//563 995//781 
f 566//563 569//566 995//781 
f 569//566 746//742 995//781 
f 749//745 752//748 996//781 
f 752//748 563//560 996//781 
f 563//560 566//563 996//781 
f 566//563 749//745 996//781 
f 752//748 755//751 997//781 
f 755//751 943//781 560//557 997//781 
f 560//557 563//560 997//781 
f 563//560 752//748 997//781 
# 2 polygons - 1990 triangles

