# 3ds Max Wavefront OBJ Exporter v0.97b - (c)2007 guruware
# File Created: 07.12.2021 20:34:33

#
# object Number_4
#

v  667.1633 0.0000 192.8531
v  666.6624 0.0000 192.6488
v  666.9128 5.0000 192.7509
v  666.6624 10.0000 192.6488
v  667.1633 10.0000 192.8531
v  666.1895 0.0000 192.3875
v  666.4259 5.0000 192.5182
v  666.1895 10.0000 192.3875
v  665.7445 0.0000 192.0689
v  665.9670 5.0000 192.2282
v  665.7445 10.0000 192.0689
v  665.3275 0.0000 191.6933
v  665.5359 5.0000 191.8811
v  665.3275 10.0000 191.6933
v  664.9384 0.0000 191.2605
v  665.1329 5.0000 191.4769
v  664.9384 10.0000 191.2605
v  664.5773 0.0000 190.7705
v  664.7578 5.0000 191.0155
v  664.5773 10.0000 190.7705
v  664.2441 0.0000 190.2234
v  664.4106 5.0000 190.4970
v  664.2441 10.0000 190.2234
v  663.9388 0.0000 189.6192
v  664.0914 5.0000 189.9213
v  663.9388 10.0000 189.6192
v  664.6822 0.0000 189.3559
v  664.3105 5.0000 189.4876
v  664.6822 10.0000 189.3559
v  665.3381 0.0000 188.9944
v  665.0102 5.0000 189.1752
v  665.3381 10.0000 188.9944
v  665.9066 0.0000 188.5347
v  665.6224 5.0000 188.7646
v  665.9066 10.0000 188.5347
v  666.3876 0.0000 187.9767
v  666.1471 5.0000 188.2557
v  666.3876 10.0000 187.9767
v  666.7811 0.0000 187.3204
v  666.5844 5.0000 187.6485
v  666.7811 10.0000 187.3204
v  667.0872 0.0000 186.5658
v  666.9342 5.0000 186.9431
v  667.0872 10.0000 186.5658
v  667.3059 0.0000 185.7130
v  667.1965 5.0000 186.1394
v  667.3059 10.0000 185.7130
v  667.4371 0.0000 184.7619
v  667.3715 5.0000 185.2375
v  667.4371 10.0000 184.7619
v  667.4808 0.0000 183.7126
v  667.4589 5.0000 184.2372
v  667.4808 10.0000 183.7126
v  667.3977 0.0000 182.2828
v  667.4393 5.0000 182.9977
v  667.3977 10.0000 182.2828
v  667.1484 0.0000 181.0213
v  667.2730 5.0000 181.6521
v  667.1484 10.0000 181.0213
v  666.7328 0.0000 179.9280
v  666.9406 5.0000 180.4746
v  666.7328 10.0000 179.9280
v  666.1511 0.0000 179.0029
v  666.4420 5.0000 179.4654
v  666.1511 10.0000 179.0029
v  665.4031 0.0000 178.2459
v  665.7771 5.0000 178.6244
v  665.4031 10.0000 178.2459
v  664.4889 0.0000 177.6572
v  664.9460 5.0000 177.9516
v  664.4889 10.0000 177.6572
v  663.4085 0.0000 177.2367
v  663.9487 5.0000 177.4470
v  663.4085 10.0000 177.2367
v  662.1619 0.0000 176.9844
v  662.7852 5.0000 177.1106
v  662.1619 10.0000 176.9844
v  660.7490 0.0000 176.9003
v  661.4554 5.0000 176.9424
v  660.7490 10.0000 176.9003
v  659.2222 0.0000 176.9953
v  659.9856 5.0000 176.9478
v  659.2222 10.0000 176.9953
v  657.8749 0.0000 177.2802
v  658.5486 5.0000 177.1377
v  657.8749 10.0000 177.2802
v  656.7073 0.0000 177.7551
v  657.2911 5.0000 177.5176
v  656.7073 10.0000 177.7551
v  655.7194 0.0000 178.4199
v  656.2133 5.0000 178.0875
v  655.7194 10.0000 178.4199
v  654.9110 0.0000 179.2746
v  655.3152 5.0000 178.8472
v  654.9110 10.0000 179.2746
v  654.2823 0.0000 180.3193
v  654.5967 5.0000 179.7969
v  654.2823 10.0000 180.3193
v  653.8332 0.0000 181.5539
v  654.0577 5.0000 180.9366
v  653.8332 10.0000 181.5539
v  653.5638 0.0000 182.9785
v  653.6985 5.0000 182.2662
v  653.5638 10.0000 182.9785
v  653.4739 0.0000 184.5930
v  653.5189 5.0000 183.7858
v  653.4739 10.0000 184.5930
v  653.5098 0.0000 185.2304
v  653.4919 5.0000 184.9117
v  653.5098 10.0000 185.2304
v  653.6174 0.0000 185.8871
v  653.5636 5.0000 185.5588
v  653.6174 10.0000 185.8871
v  653.7966 0.0000 186.5631
v  653.7070 5.0000 186.2252
v  653.7966 10.0000 186.5631
v  654.0476 0.0000 187.2584
v  653.9221 5.0000 186.9108
v  654.0476 10.0000 187.2584
v  654.3703 0.0000 187.9730
v  654.2090 5.0000 187.6157
v  654.3703 10.0000 187.9730
v  654.7647 0.0000 188.7068
v  654.5675 5.0000 188.3399
v  654.7647 10.0000 188.7068
v  655.2308 0.0000 189.4600
v  654.9978 5.0000 189.0834
v  655.2308 10.0000 189.4600
v  655.7687 0.0000 190.2324
v  655.4998 5.0000 189.8462
v  655.7687 10.0000 190.2324
v  656.3782 0.0000 191.0241
v  656.0734 5.0000 190.6283
v  656.3782 10.0000 191.0241
v  657.0251 0.0000 191.7810
v  656.7017 5.0000 191.4026
v  657.0251 10.0000 191.7810
v  657.6751 0.0000 192.4488
v  657.3501 5.0000 192.1149
v  657.6751 10.0000 192.4488
v  658.3282 0.0000 193.0275
v  658.0016 5.0000 192.7382
v  658.3282 10.0000 193.0275
v  658.9844 0.0000 193.5173
v  658.6563 5.0000 193.2724
v  658.9844 10.0000 193.5173
v  659.6436 0.0000 193.9179
v  659.3140 5.0000 193.7176
v  659.6436 10.0000 193.9179
v  660.3059 0.0000 194.2296
v  659.9747 5.0000 194.0738
v  660.3059 10.0000 194.2296
v  660.9713 0.0000 194.4522
v  660.6385 5.0000 194.3409
v  660.9713 10.0000 194.4522
v  661.6397 0.0000 194.5857
v  661.3055 5.0000 194.5190
v  661.6397 10.0000 194.5857
v  662.3112 0.0000 194.6302
v  661.9755 5.0000 194.6080
v  662.3112 10.0000 194.6302
v  661.8734 0.0000 194.6437
v  662.0923 5.0000 194.6370
v  661.8734 10.0000 194.6437
v  661.3994 0.0000 194.6839
v  661.6364 5.0000 194.6638
v  661.3994 10.0000 194.6839
v  660.8894 0.0000 194.7510
v  661.1444 5.0000 194.7175
v  660.8894 10.0000 194.7510
v  660.3433 0.0000 194.8449
v  660.6163 5.0000 194.7980
v  660.3433 10.0000 194.8449
v  659.7610 0.0000 194.9657
v  660.0521 5.0000 194.9053
v  659.7610 10.0000 194.9657
v  659.1427 0.0000 195.1133
v  659.4518 5.0000 195.0395
v  659.1427 10.0000 195.1133
v  658.4883 0.0000 195.2877
v  658.8155 5.0000 195.2005
v  658.4883 10.0000 195.2877
v  657.7979 0.0000 195.4889
v  658.1431 5.0000 195.3883
v  657.7979 10.0000 195.4889
v  657.0712 0.0000 195.7170
v  657.4345 5.0000 195.6030
v  657.0712 10.0000 195.7170
v  656.6254 0.0000 195.8564
v  656.8483 5.0000 195.7867
v  656.6254 10.0000 195.8564
v  656.1809 0.0000 195.9794
v  656.4031 5.0000 195.9179
v  656.1809 10.0000 195.9794
v  655.7380 0.0000 196.0860
v  655.9595 5.0000 196.0327
v  655.7380 10.0000 196.0860
v  655.2965 0.0000 196.1761
v  655.5173 5.0000 196.1310
v  655.2965 10.0000 196.1761
v  654.8566 0.0000 196.2499
v  655.0765 5.0000 196.2130
v  654.8566 10.0000 196.2499
v  654.4182 0.0000 196.3073
v  654.6373 5.0000 196.2786
v  654.4182 10.0000 196.3073
v  653.9811 0.0000 196.3483
v  654.1996 5.0000 196.3278
v  653.9811 10.0000 196.3483
v  653.5457 0.0000 196.3729
v  653.7634 5.0000 196.3606
v  653.5457 10.0000 196.3729
v  653.1117 0.0000 196.3811
v  653.3287 5.0000 196.3770
v  653.1117 10.0000 196.3811
v  652.2389 0.0000 196.3423
v  652.6753 5.0000 196.3617
v  652.2389 10.0000 196.3423
v  651.4082 0.0000 196.2257
v  651.8235 5.0000 196.2840
v  651.4082 10.0000 196.2257
v  650.6197 0.0000 196.0314
v  651.0140 5.0000 196.1286
v  650.6197 10.0000 196.0314
v  649.8734 0.0000 195.7595
v  650.2465 5.0000 195.8955
v  649.8734 10.0000 195.7595
v  649.1691 0.0000 195.4098
v  649.5212 5.0000 195.5847
v  649.1691 10.0000 195.4098
v  648.5070 0.0000 194.9824
v  648.8381 5.0000 195.1961
v  648.5070 10.0000 194.9824
v  647.8871 0.0000 194.4774
v  648.1971 5.0000 194.7299
v  647.8871 10.0000 194.4774
v  647.3093 0.0000 193.8946
v  647.5982 5.0000 194.1860
v  647.3093 10.0000 193.8946
v  646.7736 0.0000 193.2341
v  647.0414 5.0000 193.5643
v  646.7736 10.0000 193.2341
v  646.2877 0.0000 192.5123
v  646.5306 5.0000 192.8732
v  646.2877 10.0000 192.5123
v  645.8588 0.0000 191.7457
v  646.0732 5.0000 192.1290
v  645.8588 10.0000 191.7457
v  645.4872 0.0000 190.9343
v  645.6730 5.0000 191.3400
v  645.4872 10.0000 190.9343
v  645.1727 0.0000 190.0780
v  645.3300 5.0000 190.5061
v  645.1727 10.0000 190.0780
v  644.9155 0.0000 189.1768
v  645.0441 5.0000 189.6274
v  644.9155 10.0000 189.1768
v  644.7153 0.0000 188.2309
v  644.8154 5.0000 188.7038
v  644.7153 10.0000 188.2309
v  644.5724 0.0000 187.2400
v  644.6439 5.0000 187.7354
v  644.5724 10.0000 187.2400
v  644.4866 0.0000 186.2043
v  644.5295 5.0000 186.7222
v  644.4866 10.0000 186.2043
v  644.4580 0.0000 185.1238
v  644.4724 5.0000 185.6641
v  644.4580 10.0000 185.1238
v  644.6292 0.0000 182.5193
v  644.5436 5.0000 183.8216
v  644.6292 10.0000 182.5193
v  645.1428 0.0000 180.2213
v  644.8860 5.0000 181.3703
v  645.1428 10.0000 180.2213
v  645.9987 0.0000 178.2297
v  645.5707 5.0000 179.2255
v  645.9987 10.0000 178.2297
v  647.1970 0.0000 176.5444
v  646.5978 5.0000 177.3871
v  647.1970 10.0000 176.5444
v  648.7377 0.0000 175.1656
v  647.9673 5.0000 175.8550
v  648.7377 10.0000 175.1656
v  650.6207 0.0000 174.0932
v  649.6792 5.0000 174.6294
v  650.6207 10.0000 174.0932
v  652.8461 0.0000 173.3272
v  651.7334 5.0000 173.7102
v  652.8461 10.0000 173.3272
v  655.4139 0.0000 172.8676
v  654.1300 5.0000 173.0974
v  655.4139 10.0000 172.8676
v  658.3240 0.0000 172.7144
v  656.8690 5.0000 172.7910
v  658.3240 10.0000 172.7144
v  664.1124 0.0000 172.9559
v  661.2182 5.0000 172.8351
v  664.1124 10.0000 172.9559
v  669.8983 0.0000 173.1974
v  667.0054 5.0000 173.0766
v  669.8983 10.0000 173.1974
v  673.3781 0.0000 172.9899
v  671.6382 5.0000 173.0936
v  673.3781 10.0000 172.9899
v  676.4485 0.0000 172.3675
v  674.9133 5.0000 172.6787
v  676.4485 10.0000 172.3675
v  679.1096 0.0000 171.3302
v  677.7791 5.0000 171.8489
v  679.1096 10.0000 171.3302
v  681.3612 0.0000 169.8780
v  680.2354 5.0000 170.6041
v  681.3612 10.0000 169.8780
v  683.2035 0.0000 168.0109
v  682.2823 5.0000 168.9444
v  683.2035 10.0000 168.0109
v  684.6364 0.0000 165.7288
v  683.9199 5.0000 166.8698
v  684.6364 10.0000 165.7288
v  685.6599 0.0000 163.0318
v  685.1481 5.0000 164.3803
v  685.6599 10.0000 163.0318
v  686.2739 0.0000 159.9200
v  685.9669 5.0000 161.4759
v  686.2739 10.0000 159.9200
v  686.4786 0.0000 156.3931
v  686.3763 5.0000 158.1566
v  686.4786 10.0000 156.3931
v  678.7507 0.0000 152.2676
v  682.6146 5.0000 154.3304
v  678.7507 10.0000 152.2676
v  678.5922 0.0000 154.1423
v  678.6714 5.0000 153.2049
v  678.5922 10.0000 154.1423
v  678.3839 0.0000 155.8756
v  678.4880 5.0000 155.0089
v  678.3839 10.0000 155.8756
v  678.1257 0.0000 157.4676
v  678.2548 5.0000 156.6716
v  678.1257 10.0000 157.4676
v  677.8177 0.0000 158.9182
v  677.9717 5.0000 158.1929
v  677.8177 10.0000 158.9182
v  677.4600 0.0000 160.2274
v  677.6389 5.0000 159.5728
v  677.4600 10.0000 160.2274
v  677.0524 0.0000 161.3953
v  677.2562 5.0000 160.8113
v  677.0524 10.0000 161.3953
v  676.5950 0.0000 162.4218
v  676.8237 5.0000 161.9085
v  676.5950 10.0000 162.4218
v  676.0878 0.0000 163.3069
v  676.3414 5.0000 162.8643
v  676.0878 10.0000 163.3069
v  675.5307 0.0000 164.0506
v  675.8093 5.0000 163.6788
v  675.5307 10.0000 164.0506
v  674.9068 0.0000 164.6863
v  675.2188 5.0000 164.3685
v  674.9068 10.0000 164.6863
v  674.1990 0.0000 165.2472
v  674.5529 5.0000 164.9667
v  674.1990 10.0000 165.2472
v  673.4073 0.0000 165.7333
v  673.8032 5.0000 165.4902
v  673.4073 10.0000 165.7333
v  672.5316 0.0000 166.1446
v  672.9695 5.0000 165.9389
v  672.5316 10.0000 166.1446
v  671.5721 0.0000 166.4811
v  672.0519 5.0000 166.3129
v  671.5721 10.0000 166.4811
v  670.5286 0.0000 166.7429
v  671.0504 5.0000 166.6120
v  670.5286 10.0000 166.7429
v  669.4012 0.0000 166.9298
v  669.9649 5.0000 166.8364
v  669.4012 10.0000 166.9298
v  668.1899 0.0000 167.0420
v  668.7955 5.0000 166.9859
v  668.1899 10.0000 167.0420
v  666.8947 0.0000 167.0794
v  667.5423 5.0000 167.0607
v  666.8947 10.0000 167.0794
v  666.4000 0.0000 167.0744
v  666.6473 5.0000 167.0769
v  666.4000 10.0000 167.0744
v  665.8518 0.0000 167.0595
v  666.1259 5.0000 167.0670
v  665.8518 10.0000 167.0595
v  665.2500 0.0000 167.0347
v  665.5509 5.0000 167.0471
v  665.2500 10.0000 167.0347
v  664.5947 0.0000 166.9999
v  664.9224 5.0000 167.0173
v  664.5947 10.0000 166.9999
v  663.8859 0.0000 166.9552
v  664.2403 5.0000 166.9775
v  663.8859 10.0000 166.9552
v  663.1235 0.0000 166.9005
v  663.5047 5.0000 166.9279
v  663.1235 10.0000 166.9005
v  662.3076 0.0000 166.8359
v  662.7155 5.0000 166.8682
v  662.3076 10.0000 166.8359
v  661.4381 0.0000 166.7614
v  661.8729 5.0000 166.7987
v  661.4381 10.0000 166.7614
v  660.5151 0.0000 166.6769
v  660.9766 5.0000 166.7191
v  660.5151 10.0000 166.6769
v  659.6053 0.0000 166.5924
v  660.0602 5.0000 166.6347
v  659.6053 10.0000 166.5924
v  658.7475 0.0000 166.5179
v  659.1764 5.0000 166.5552
v  658.7475 10.0000 166.5179
v  657.9417 0.0000 166.4533
v  658.3445 5.0000 166.4856
v  657.9417 10.0000 166.4533
v  657.1878 0.0000 166.3987
v  657.5647 5.0000 166.4260
v  657.1878 10.0000 166.3987
v  656.4860 0.0000 166.3539
v  656.8369 5.0000 166.3763
v  656.4860 10.0000 166.3539
v  655.8361 0.0000 166.3191
v  656.1610 5.0000 166.3365
v  655.8361 10.0000 166.3191
v  655.2382 0.0000 166.2943
v  655.5372 5.0000 166.3067
v  655.2382 10.0000 166.2943
v  654.6923 0.0000 166.2794
v  654.9653 5.0000 166.2868
v  654.6923 10.0000 166.2794
v  654.1984 0.0000 166.2744
v  654.4454 5.0000 166.2769
v  654.1984 10.0000 166.2744
v  650.1943 0.0000 166.5132
v  652.1964 5.0000 166.3938
v  650.1943 10.0000 166.5132
v  646.6613 0.0000 167.2296
v  648.4279 5.0000 166.8714
v  646.6613 10.0000 167.2296
v  643.5994 0.0000 168.4236
v  645.1304 5.0000 167.8266
v  643.5994 10.0000 168.4236
v  641.0085 0.0000 170.0952
v  642.3040 5.0000 169.2594
v  641.0085 10.0000 170.0952
v  638.8887 0.0000 172.2443
v  639.9486 5.0000 171.1697
v  638.8887 10.0000 172.2443
v  637.2399 0.0000 174.8711
v  638.0643 5.0000 173.5577
v  637.2399 10.0000 174.8711
v  636.0623 0.0000 177.9754
v  636.6511 5.0000 176.4232
v  636.0623 10.0000 177.9754
v  635.3557 0.0000 181.5573
v  635.7090 5.0000 179.7664
v  635.3557 10.0000 181.5573
v  635.1201 0.0000 185.6169
v  635.2379 5.0000 183.5871
v  635.1201 10.0000 185.6169
v  635.1700 0.0000 187.1841
v  635.1451 5.0000 186.4005
v  635.1700 10.0000 187.1841
v  635.3196 0.0000 188.6895
v  635.2448 5.0000 187.9368
v  635.3196 10.0000 188.6895
v  635.5690 0.0000 190.1329
v  635.4443 5.0000 189.4112
v  635.5690 10.0000 190.1329
v  635.9182 0.0000 191.5144
v  635.7436 5.0000 190.8237
v  635.9182 10.0000 191.5144
v  636.3671 0.0000 192.8340
v  636.1426 5.0000 192.1742
v  636.3671 10.0000 192.8340
v  636.9157 0.0000 194.0916
v  636.6414 5.0000 193.4628
v  636.9157 10.0000 194.0916
v  637.5641 0.0000 195.2874
v  637.2399 5.0000 194.6895
v  637.5641 10.0000 195.2874
v  638.3123 0.0000 196.4211
v  637.9382 5.0000 195.8542
v  638.3123 10.0000 196.4211
v  639.1602 0.0000 197.4930
v  638.7362 5.0000 196.9571
v  639.1602 10.0000 197.4930
v  640.1063 0.0000 198.4761
v  639.6332 5.0000 197.9845
v  640.1063 10.0000 198.4761
v  641.1492 0.0000 199.3435
v  640.6277 5.0000 198.9098
v  641.1492 10.0000 199.3435
v  642.2888 0.0000 200.0953
v  641.7189 5.0000 199.7194
v  642.2888 10.0000 200.0953
v  643.5250 0.0000 200.7314
v  642.9069 5.0000 200.4133
v  643.5250 10.0000 200.7314
v  644.8580 0.0000 201.2518
v  644.1915 5.0000 200.9916
v  644.8580 10.0000 201.2518
v  646.2877 0.0000 201.6566
v  645.5729 5.0000 201.4542
v  646.2877 10.0000 201.6566
v  647.8141 0.0000 201.9457
v  647.0509 5.0000 201.8012
v  647.8141 10.0000 201.9457
v  649.4373 0.0000 202.1192
v  648.6257 5.0000 202.0325
v  649.4373 10.0000 202.1192
v  651.1571 0.0000 202.1771
v  650.2972 5.0000 202.1481
v  651.1571 10.0000 202.1771
v  651.8660 0.0000 202.1645
v  651.5115 5.0000 202.1708
v  651.8660 10.0000 202.1645
v  652.6255 0.0000 202.1269
v  652.2458 5.0000 202.1457
v  652.6255 10.0000 202.1269
v  653.4357 0.0000 202.0641
v  653.0306 5.0000 202.0955
v  653.4357 10.0000 202.0641
v  654.2963 0.0000 201.9763
v  653.8660 5.0000 202.0202
v  654.2963 10.0000 201.9763
v  655.2075 0.0000 201.8634
v  654.7519 5.0000 201.9198
v  655.2075 10.0000 201.8634
v  656.1693 0.0000 201.7254
v  655.6884 5.0000 201.7944
v  656.1693 10.0000 201.7254
v  657.1816 0.0000 201.5623
v  656.6754 5.0000 201.6438
v  657.1816 10.0000 201.5623
v  658.2445 0.0000 201.3741
v  657.7130 5.0000 201.4682
v  658.2445 10.0000 201.3741
v  659.3579 0.0000 201.1608
v  658.8012 5.0000 201.2674
v  659.3579 10.0000 201.1608
v  660.6301 0.0000 200.9348
v  659.9940 5.0000 201.0478
v  660.6301 10.0000 200.9348
v  661.8204 0.0000 200.7354
v  661.2252 5.0000 200.8351
v  661.8204 10.0000 200.7354
v  662.9287 0.0000 200.5626
v  662.3745 5.0000 200.6490
v  662.9287 10.0000 200.5626
v  663.9551 0.0000 200.4164
v  663.4419 5.0000 200.4895
v  663.9551 10.0000 200.4164
v  664.8995 0.0000 200.2968
v  664.4273 5.0000 200.3566
v  664.8995 10.0000 200.2968
v  665.7621 0.0000 200.2037
v  665.3308 5.0000 200.2502
v  665.7621 10.0000 200.2037
v  666.5427 0.0000 200.1373
v  666.1524 5.0000 200.1705
v  666.5427 10.0000 200.1373
v  667.2414 0.0000 200.0974
v  666.8920 5.0000 200.1173
v  667.2414 10.0000 200.0974
v  667.8582 0.0000 200.0841
v  667.5497 5.0000 200.0907
v  667.8582 10.0000 200.0841
v  668.9507 0.0000 200.1099
v  668.4044 5.0000 200.0970
v  668.9507 10.0000 200.1099
v  669.9778 0.0000 200.1874
v  669.4643 5.0000 200.1487
v  669.9778 10.0000 200.1874
v  670.9395 0.0000 200.3166
v  670.4587 5.0000 200.2520
v  670.9395 10.0000 200.3166
v  671.8356 0.0000 200.4975
v  671.3876 5.0000 200.4071
v  671.8356 10.0000 200.4975
v  672.6664 0.0000 200.7301
v  672.2510 5.0000 200.6138
v  672.6664 10.0000 200.7301
v  673.4316 0.0000 201.0143
v  673.0490 5.0000 200.8722
v  673.4316 10.0000 201.0143
v  674.1313 0.0000 201.3502
v  673.7815 5.0000 201.1823
v  674.1313 10.0000 201.3502
v  674.7657 0.0000 201.7378
v  674.4485 5.0000 201.5440
v  674.7657 10.0000 201.7378
v  675.3345 0.0000 202.1771
v  675.0501 5.0000 201.9574
v  675.3345 10.0000 202.1771
v  679.0727 0.0000 197.1861
v  677.2036 5.0000 199.6816
v  679.0727 10.0000 197.1861
v  678.5369 0.0000 196.6478
v  678.8047 5.0000 196.9169
v  678.5369 10.0000 196.6478
v  678.1949 0.0000 196.3275
v  678.3658 5.0000 196.4876
v  678.1949 10.0000 196.3275
v  677.8307 0.0000 196.0309
v  678.0128 5.0000 196.1792
v  677.8307 10.0000 196.0309
v  677.4445 0.0000 195.7578
v  677.6376 5.0000 195.8943
v  677.4445 10.0000 195.7578
v  677.0362 0.0000 195.5084
v  677.2404 5.0000 195.6331
v  677.0362 10.0000 195.5084
v  676.6058 0.0000 195.2825
v  676.8210 5.0000 195.3954
v  676.6058 10.0000 195.2825
v  676.1532 0.0000 195.0803
v  676.3795 5.0000 195.1814
v  676.1532 10.0000 195.0803
v  675.6785 0.0000 194.9016
v  675.9158 5.0000 194.9910
v  675.6785 10.0000 194.9016
v  675.1818 0.0000 194.7466
v  675.4301 5.0000 194.8241
v  675.1818 10.0000 194.7466
v  674.6628 0.0000 194.6152
v  674.9223 5.0000 194.6809
v  674.6628 10.0000 194.6152
v  667.6921 0.0000 193.0002
v  671.1775 5.0000 193.8076
v  667.6921 10.0000 193.0002
v  667.4277 5.0000 192.9266
v  661.5219 0.0000 180.9610
v  662.0884 0.0000 181.0684
v  661.8051 5.0000 181.0147
v  662.0884 10.0000 181.0684
v  661.5219 10.0000 180.9610
v  662.5793 0.0000 181.2473
v  662.3338 5.0000 181.1578
v  662.5793 10.0000 181.2473
v  662.9947 0.0000 181.4977
v  662.7870 5.0000 181.3725
v  662.9947 10.0000 181.4977
v  663.3346 0.0000 181.8197
v  663.1647 5.0000 181.6587
v  663.3346 10.0000 181.8197
v  663.5989 0.0000 182.2133
v  663.4668 5.0000 182.0165
v  663.5989 10.0000 182.2133
v  663.7878 0.0000 182.6784
v  663.6934 5.0000 182.4458
v  663.7878 10.0000 182.6784
v  663.9011 0.0000 183.2150
v  663.8444 5.0000 182.9467
v  663.9011 10.0000 183.2150
v  663.9388 0.0000 183.8232
v  663.9199 5.0000 183.5191
v  663.9388 10.0000 183.8232
v  663.9011 0.0000 184.4315
v  663.9199 5.0000 184.1273
v  663.9011 10.0000 184.4315
v  663.7878 0.0000 184.9681
v  663.8444 5.0000 184.6998
v  663.7878 10.0000 184.9681
v  663.5989 0.0000 185.4332
v  663.6934 5.0000 185.2007
v  663.5989 10.0000 185.4332
v  663.3346 0.0000 185.8268
v  663.4668 5.0000 185.6300
v  663.3346 10.0000 185.8268
v  662.9947 0.0000 186.1488
v  663.1647 5.0000 185.9878
v  662.9947 10.0000 186.1488
v  662.5793 0.0000 186.3992
v  662.7870 5.0000 186.2740
v  662.5793 10.0000 186.3992
v  662.0884 0.0000 186.5781
v  662.3338 5.0000 186.4887
v  662.0884 10.0000 186.5781
v  661.5219 0.0000 186.6854
v  661.8051 5.0000 186.6318
v  661.5219 10.0000 186.6854
v  660.8799 0.0000 186.7212
v  661.2009 5.0000 186.7033
v  660.8799 10.0000 186.7212
v  660.2379 0.0000 186.6854
v  660.5588 5.0000 186.7033
v  660.2379 10.0000 186.6854
v  659.6714 0.0000 186.5781
v  659.9547 5.0000 186.6318
v  659.6714 10.0000 186.5781
v  659.1804 0.0000 186.3992
v  659.4259 5.0000 186.4887
v  659.1804 10.0000 186.3992
v  658.7650 0.0000 186.1488
v  658.9727 5.0000 186.2740
v  658.7650 10.0000 186.1488
v  658.4252 0.0000 185.8268
v  658.5951 5.0000 185.9878
v  658.4252 10.0000 185.8268
v  658.1608 0.0000 185.4332
v  658.2930 5.0000 185.6300
v  658.1608 10.0000 185.4332
v  657.9720 0.0000 184.9681
v  658.0663 5.0000 185.2007
v  657.9720 10.0000 184.9681
v  657.8586 0.0000 184.4315
v  657.9153 5.0000 184.6998
v  657.8586 10.0000 184.4315
v  657.8209 0.0000 183.8232
v  657.8398 5.0000 184.1273
v  657.8209 10.0000 183.8232
v  657.8586 0.0000 183.2150
v  657.8398 5.0000 183.5191
v  657.8586 10.0000 183.2150
v  657.9720 0.0000 182.6784
v  657.9153 5.0000 182.9467
v  657.9720 10.0000 182.6784
v  658.1608 0.0000 182.2133
v  658.0663 5.0000 182.4458
v  658.1608 10.0000 182.2133
v  658.4251 0.0000 181.8197
v  658.2930 5.0000 182.0165
v  658.4251 10.0000 181.8197
v  658.7650 0.0000 181.4977
v  658.5951 5.0000 181.6587
v  658.7650 10.0000 181.4977
v  659.1804 0.0000 181.2473
v  658.9727 5.0000 181.3725
v  659.1804 10.0000 181.2473
v  659.6714 0.0000 181.0684
v  659.4259 5.0000 181.1578
v  659.6714 10.0000 181.0684
v  660.2379 0.0000 180.9611
v  659.9547 5.0000 181.0147
v  660.2379 10.0000 180.9611
v  660.8799 0.0000 180.9253
v  660.5588 5.0000 180.9432
v  660.8799 10.0000 180.9253
v  661.2009 5.0000 180.9432
v  662.5164 0.0000 187.6276
v  665.0544 10.0000 193.2222
v  662.8688 0.0000 187.5322
v  663.1710 0.0000 187.3891
v  663.4227 0.0000 187.1982
v  663.6241 0.0000 186.9597
v  663.7752 0.0000 186.6735
v  663.8759 0.0000 186.3396
v  665.8488 0.0000 186.7341
v  665.6796 0.0000 183.2584
v  665.5587 0.0000 182.2994
v  665.3170 0.0000 181.4602
v  664.9543 0.0000 180.7410
v  664.4709 0.0000 180.1416
v  663.8665 0.0000 179.6620
v  663.1412 0.0000 179.3024
v  662.2952 0.0000 179.0626
v  661.3282 0.0000 178.9428
v  660.2722 0.0000 178.9455
v  659.7104 0.0000 179.6749
v  658.9872 0.0000 179.1478
v  657.6494 0.0000 179.2400
v  656.9551 0.0000 180.2530
v  656.4448 0.0000 180.9067
v  656.0621 0.0000 181.6912
v  655.8069 0.0000 182.6064
v  655.6793 0.0000 183.6525
v  655.6658 0.0000 184.5195
v  655.3509 0.0000 185.4161
v  655.9943 0.0000 186.0557
v  655.9537 0.0000 187.0397
v  656.5909 0.0000 188.0750
v  657.5231 0.0000 188.4511
v  658.0638 0.0000 188.9456
v  658.5875 0.0000 190.1042
v  659.6148 0.0000 190.7739
v  663.2349 0.0000 188.8427
v  661.7883 0.0000 191.8018
v  663.9423 0.0000 192.2204
v  664.1924 0.0000 192.5280
v  664.4611 0.0000 192.7975
v  664.7484 0.0000 193.0289
v  664.8035 0.0000 196.0759
v  666.1218 0.0000 196.5006
v  662.7671 0.0000 197.5632
v  661.7822 0.0000 197.0753
v  660.6888 0.0000 197.2464
v  659.4760 0.0000 197.4924
v  657.2716 0.0000 167.5880
v  660.0924 0.0000 168.7176
v  653.4690 0.0000 169.0524
v  650.0806 0.0000 170.2908
v  647.4048 0.0000 171.2280
v  645.1356 0.0000 172.5572
v  642.0665 0.0000 174.3969
v  641.1109 0.0000 177.8244
v  640.2975 0.0000 180.5684
v  639.8907 0.0000 183.7043
v  639.8087 0.0000 186.0323
v  639.8871 0.0000 187.3295
v  640.0441 0.0000 188.5733
v  640.2795 0.0000 189.7638
v  640.5933 0.0000 190.9008
v  640.9857 0.0000 191.9845
v  640.8276 0.0000 193.6960
v  642.4047 0.0000 194.5431
v  643.0820 0.0000 195.4289
v  643.5255 0.0000 197.0087
v  645.2526 0.0000 197.2997
v  646.1943 0.0000 197.8607
v  647.2054 0.0000 198.3252
v  648.2861 0.0000 198.6929
v  649.4361 0.0000 198.9640
v  650.6556 0.0000 199.1384
v  651.6675 0.0000 199.2274
v  652.6556 0.0000 199.8158
v  653.5974 0.0000 199.1986
v  653.9410 0.0000 198.2325
v  654.4758 0.0000 199.1238
v  654.8274 0.0000 198.1402
v  655.3824 0.0000 199.0037
v  656.0964 0.0000 198.8874
v  656.3668 0.0000 197.8759
v  657.0581 0.0000 198.6930
v  657.8248 0.0000 198.5270
v  658.1788 0.0000 196.9136
v  660.6899 0.0000 168.7706
v  661.2517 0.0000 168.8169
v  662.3615 0.0000 169.8815
v  664.1977 0.0000 168.9703
v  664.6524 0.0000 168.9968
v  665.0714 0.0000 169.0167
v  665.4547 0.0000 169.0299
v  665.8024 0.0000 169.0366
v  666.3990 0.0000 169.0258
v  667.9005 0.0000 170.0313
v  669.9427 0.0000 168.9567
v  671.3442 0.0000 169.8528
v  672.4940 0.0000 168.5385
v  673.9414 0.0000 169.3088
v  674.6849 0.0000 167.7827
v  676.1660 0.0000 168.4078
v  677.7271 0.0000 167.4863
v  679.0458 0.0000 166.3116
v  680.1306 0.0000 164.8671
v  679.4279 0.0000 163.1819
v  681.2021 0.0000 162.5958
v  681.8029 0.0000 160.5244
v  680.7391 0.0000 158.7686
v  682.3156 0.0000 157.4141
v  681.1516 0.0000 155.4703
v  681.2738 0.0000 154.2677
v  666.7900 0.0000 196.5485
v  676.9274 0.0000 199.4372
v  676.8486 0.0000 197.6229
v  675.4716 0.0000 197.6471
v  674.6290 0.0000 196.8480
v  671.7142 0.0000 197.2107
v  670.1558 0.0000 197.9381
v  669.5365 0.0000 197.8347
v  668.8735 0.0000 197.7658
v  668.1670 0.0000 197.7314
v  667.5972 0.0000 197.7272
v  667.1588 0.0000 197.7449
v  663.7219 10.0000 198.4478
v  664.7484 10.0000 193.0289
v  664.4611 10.0000 192.7975
v  664.1924 10.0000 192.5280
v  663.9423 10.0000 192.2204
v  661.7883 10.0000 191.8018
v  663.2349 10.0000 188.8427
v  662.5164 10.0000 187.6276
v  659.6148 10.0000 190.7739
v  658.5875 10.0000 190.1042
v  658.0638 10.0000 188.9456
v  657.5231 10.0000 188.4511
v  656.5909 10.0000 188.0750
v  655.9537 10.0000 187.0397
v  655.9943 10.0000 186.0557
v  655.3509 10.0000 185.4161
v  655.6658 10.0000 184.5195
v  655.6793 10.0000 183.6525
v  655.8069 10.0000 182.6064
v  656.0621 10.0000 181.6912
v  656.4448 10.0000 180.9067
v  656.9551 10.0000 180.2530
v  657.6494 10.0000 179.2400
v  658.9872 10.0000 179.1478
v  659.7104 10.0000 179.6749
v  660.2722 10.0000 178.9455
v  661.3282 10.0000 178.9428
v  662.2952 10.0000 179.0626
v  663.1412 10.0000 179.3024
v  663.8665 10.0000 179.6620
v  664.4709 10.0000 180.1416
v  664.9543 10.0000 180.7410
v  665.3170 10.0000 181.4602
v  665.5587 10.0000 182.2994
v  665.6796 10.0000 183.2584
v  665.8488 10.0000 186.7341
v  663.8759 10.0000 186.3396
v  663.7752 10.0000 186.6735
v  663.6241 10.0000 186.9597
v  663.4227 10.0000 187.1982
v  663.1710 10.0000 187.3891
v  662.8688 10.0000 187.5322
v  658.8928 10.0000 196.9526
v  664.9088 10.0000 196.9449
v  666.5326 10.0000 196.4607
v  667.1599 10.0000 196.5220
v  667.5972 10.0000 197.7272
v  668.1670 10.0000 197.7314
v  668.8735 10.0000 197.7658
v  669.5365 10.0000 197.8347
v  670.1558 10.0000 197.9381
v  671.7142 10.0000 197.2107
v  674.6290 10.0000 196.8480
v  675.4716 10.0000 197.6471
v  676.8486 10.0000 197.6229
v  676.9274 10.0000 199.4372
v  657.8248 10.0000 198.5270
v  660.6888 10.0000 197.2464
v  661.7822 10.0000 197.0753
v  662.7671 10.0000 197.5632
v  657.0581 10.0000 198.6930
v  656.3668 10.0000 197.8759
v  656.0963 10.0000 198.8874
v  655.3824 10.0000 199.0037
v  654.8274 10.0000 198.1402
v  654.4758 10.0000 199.1238
v  653.9410 10.0000 198.2325
v  653.5974 10.0000 199.1986
v  652.6556 10.0000 199.8158
v  651.6675 10.0000 199.2274
v  650.6556 10.0000 199.1384
v  649.4361 10.0000 198.9640
v  648.2861 10.0000 198.6929
v  647.2054 10.0000 198.3252
v  646.1943 10.0000 197.8607
v  645.2526 10.0000 197.2997
v  643.5255 10.0000 197.0087
v  643.0820 10.0000 195.4289
v  642.4047 10.0000 194.5431
v  640.8276 10.0000 193.6960
v  640.9857 10.0000 191.9845
v  640.5933 10.0000 190.9008
v  640.2795 10.0000 189.7638
v  640.0441 10.0000 188.5733
v  639.8871 10.0000 187.3295
v  639.8087 10.0000 186.0323
v  639.8907 10.0000 183.7043
v  640.2975 10.0000 180.5684
v  641.1109 10.0000 177.8244
v  642.0665 10.0000 174.3969
v  645.1356 10.0000 172.5572
v  647.4048 10.0000 171.2280
v  650.0806 10.0000 170.2908
v  653.4690 10.0000 169.0524
v  656.3900 10.0000 167.9601
v  664.1977 10.0000 168.9703
v  681.2738 10.0000 154.2677
v  662.3615 10.0000 169.8815
v  661.2517 10.0000 168.8169
v  660.6899 10.0000 168.7706
v  660.0924 10.0000 168.7176
v  659.0267 10.0000 167.7910
v  681.1516 10.0000 155.4703
v  682.3156 10.0000 157.4141
v  680.7391 10.0000 158.7686
v  681.8029 10.0000 160.5244
v  681.2021 10.0000 162.5958
v  679.4279 10.0000 163.1819
v  680.1306 10.0000 164.8671
v  679.0458 10.0000 166.3116
v  677.7271 10.0000 167.4863
v  676.1660 10.0000 168.4078
v  674.6849 10.0000 167.7827
v  673.9414 10.0000 169.3088
v  672.4940 10.0000 168.5385
v  671.3442 10.0000 169.8528
v  669.9427 10.0000 168.9567
v  667.9005 10.0000 170.0313
v  666.3990 10.0000 169.0258
v  665.8024 10.0000 169.0366
v  665.4547 10.0000 169.0299
v  665.0714 10.0000 169.0167
v  664.6524 10.0000 168.9968
# 994 vertices

vn 0.2242 -0.7204 -0.6563
vn 0.2991 -0.7206 -0.6255
vn 0.3776 0.0000 -0.9260
vn 0.2991 0.7206 -0.6255
vn 0.2242 0.7204 -0.6563
vn 0.3702 -0.7204 -0.5865
vn 0.4837 0.0000 -0.8752
vn 0.3702 0.7204 -0.5865
vn 0.4349 -0.7199 -0.5409
vn 0.5821 0.0000 -0.8131
vn 0.4349 0.7199 -0.5409
vn 0.4916 -0.7191 -0.4911
vn 0.6693 0.0000 -0.7430
vn 0.4916 0.7191 -0.4911
vn 0.5394 -0.7182 -0.4395
vn 0.7437 0.0000 -0.6685
vn 0.5394 0.7182 -0.4395
vn 0.5787 -0.7172 -0.3884
vn 0.8050 0.0000 -0.5933
vn 0.5787 0.7172 -0.3884
vn 0.6100 -0.7161 -0.3391
vn 0.8541 0.0000 -0.5201
vn 0.6100 0.7161 -0.3391
vn 0.3658 -0.9191 0.1467
vn 0.8926 0.0000 -0.4509
vn 0.3658 0.9191 0.1467
vn 0.2968 -0.6892 0.6610
vn 0.3338 0.0000 0.9426
vn 0.2968 0.6892 0.6610
vn 0.4050 -0.6878 0.6024
vn 0.4827 0.0000 0.8758
vn 0.4050 0.6878 0.6024
vn 0.5054 -0.6875 0.5215
vn 0.6289 0.0000 0.7775
vn 0.5054 0.6875 0.5215
vn 0.5879 -0.6884 0.4249
vn 0.7574 0.0000 0.6529
vn 0.5879 0.6884 0.4249
vn 0.6476 -0.6901 0.3231
vn 0.8576 0.0000 0.5143
vn 0.6476 0.6901 0.3231
vn 0.6854 -0.6923 0.2257
vn 0.9267 0.0000 0.3759
vn 0.6854 0.6923 0.2257
vn 0.7060 -0.6945 0.1387
vn 0.9687 0.0000 0.2484
vn 0.7060 0.6945 0.1387
vn 0.7147 -0.6965 0.0640
vn 0.9906 0.0000 0.1366
vn 0.7147 0.6965 0.0640
vn 0.7180 -0.6961 -0.0059
vn 0.9991 0.0000 0.0416
vn 0.7180 0.6961 -0.0059
vn 0.7161 -0.6920 -0.0911
vn 0.9983 0.0000 -0.0580
vn 0.7161 0.6920 -0.0911
vn 0.6970 -0.6887 -0.1998
vn 0.9810 0.0000 -0.1939
vn 0.6970 0.6887 -0.1998
vn 0.6516 -0.6855 -0.3247
vn 0.9348 0.0000 -0.3553
vn 0.6516 0.6855 -0.3247
vn 0.5720 -0.6834 -0.4536
vn 0.8465 0.0000 -0.5323
vn 0.5720 0.6834 -0.4536
vn 0.4601 -0.6833 -0.5669
vn 0.7113 0.0000 -0.7029
vn 0.4601 0.6833 -0.5669
vn 0.3309 -0.6852 -0.6488
vn 0.5414 0.0000 -0.8408
vn 0.3309 0.6852 -0.6488
vn 0.2043 -0.6883 -0.6960
vn 0.3627 0.0000 -0.9319
vn 0.2043 0.6883 -0.6960
vn 0.0933 -0.6917 -0.7162
vn 0.1984 0.0000 -0.9801
vn 0.0933 0.6917 -0.7162
vn -0.0010 -0.6937 -0.7203
vn 0.0594 0.0000 -0.9982
vn -0.0010 0.6937 -0.7203
vn -0.0975 -0.6910 -0.7162
vn -0.0621 0.0000 -0.9981
vn -0.0975 0.6910 -0.7162
vn -0.2127 -0.6877 -0.6942
vn -0.2069 0.0000 -0.9784
vn -0.2127 0.6877 -0.6942
vn -0.3426 -0.6847 -0.6433
vn -0.3767 0.0000 -0.9263
vn -0.3426 0.6847 -0.6433
vn -0.4720 -0.6831 -0.5573
vn -0.5583 0.0000 -0.8297
vn -0.4720 0.6831 -0.5573
vn -0.5811 -0.6837 -0.4415
vn -0.7266 0.0000 -0.6871
vn -0.5811 0.6837 -0.4415
vn -0.6566 -0.6861 -0.3134
vn -0.8568 0.0000 -0.5156
vn -0.6566 0.6861 -0.3134
vn -0.6986 -0.6893 -0.1918
vn -0.9398 0.0000 -0.3418
vn -0.6986 0.6893 -0.1918
vn -0.7160 -0.6926 -0.0872
vn -0.9826 0.0000 -0.1859
vn -0.7160 0.6926 -0.0872
vn -0.7193 -0.6947 0.0002
vn -0.9985 0.0000 -0.0555
vn -0.7193 0.6947 0.0002
vn -0.7144 -0.6954 0.0784
vn -0.9984 0.0000 0.0562
vn -0.7144 0.6954 0.0784
vn -0.7018 -0.6964 0.1502
vn -0.9868 0.0000 0.1616
vn -0.7018 0.6964 0.1502
vn -0.6840 -0.6974 0.2137
vn -0.9666 0.0000 0.2563
vn -0.6840 0.6974 0.2137
vn -0.6632 -0.6985 0.2690
vn -0.9406 0.0000 0.3395
vn -0.6632 0.6985 0.2690
vn -0.6408 -0.6994 0.3164
vn -0.9114 0.0000 0.4116
vn -0.6408 0.6994 0.3164
vn -0.6182 -0.7003 0.3570
vn -0.8808 0.0000 0.4734
vn -0.6182 0.7003 0.3570
vn -0.5960 -0.7011 0.3915
vn -0.8503 0.0000 0.5263
vn -0.5960 0.7011 0.3915
vn -0.5747 -0.7018 0.4210
vn -0.8207 0.0000 0.5714
vn -0.5747 0.7018 0.4210
vn -0.5535 -0.7014 0.4491
vn -0.7924 0.0000 0.6100
vn -0.5535 0.7014 0.4491
vn -0.5276 -0.6999 0.4814
vn -0.7601 0.0000 0.6498
vn -0.5276 0.6999 0.4814
vn -0.4938 -0.6989 0.5174
vn -0.7166 0.0000 0.6975
vn -0.4938 0.6989 0.5174
vn -0.4522 -0.6978 0.5556
vn -0.6632 0.0000 0.7484
vn -0.4522 0.6978 0.5556
vn -0.4014 -0.6966 0.5947
vn -0.5981 0.0000 0.8014
vn -0.4014 0.6966 0.5947
vn -0.3401 -0.6953 0.6331
vn -0.5194 0.0000 0.8545
vn -0.3401 0.6953 0.6331
vn -0.2679 -0.6942 0.6681
vn -0.4258 0.0000 0.9048
vn -0.2679 0.6942 0.6681
vn -0.1853 -0.6932 0.6965
vn -0.3173 0.0000 0.9483
vn -0.1853 0.6932 0.6965
vn -0.0947 -0.6927 0.7150
vn -0.1959 0.0000 0.9806
vn -0.0947 0.6927 0.7150
vn -0.0246 -0.9997 -0.0004
vn -0.0662 0.0000 0.9978
vn -0.0246 0.9997 -0.0004
vn -0.0411 -0.7011 -0.7119
vn -0.0306 0.0000 -0.9995
vn -0.0411 0.7011 -0.7119
vn -0.0766 -0.7020 -0.7081
vn -0.0846 0.0000 -0.9964
vn -0.0766 0.7020 -0.7081
vn -0.1067 -0.7027 -0.7035
vn -0.1304 0.0000 -0.9915
vn -0.1067 0.7027 -0.7035
vn -0.1324 -0.7033 -0.6985
vn -0.1695 0.0000 -0.9855
vn -0.1324 0.7033 -0.6985
vn -0.1546 -0.7038 -0.6934
vn -0.2031 0.0000 -0.9792
vn -0.1546 0.7038 -0.6934
vn -0.1739 -0.7042 -0.6884
vn -0.2322 0.0000 -0.9727
vn -0.1739 0.7042 -0.6884
vn -0.1907 -0.7045 -0.6836
vn -0.2575 0.0000 -0.9663
vn -0.1907 0.7045 -0.6836
vn -0.2055 -0.7048 -0.6790
vn -0.2798 0.0000 -0.9601
vn -0.2055 0.7048 -0.6790
vn -0.2113 -0.7072 -0.6746
vn -0.2995 0.0000 -0.9541
vn -0.2113 0.7072 -0.6746
vn -0.1987 -0.7108 -0.6747
vn -0.2983 0.0000 -0.9545
vn -0.1987 0.7108 -0.6747
vn -0.1761 -0.7109 -0.6809
vn -0.2667 0.0000 -0.9638
vn -0.1761 0.7109 -0.6809
vn -0.1527 -0.7110 -0.6864
vn -0.2340 0.0000 -0.9722
vn -0.1527 0.7110 -0.6864
vn -0.1285 -0.7111 -0.6912
vn -0.2002 0.0000 -0.9798
vn -0.1285 0.7111 -0.6912
vn -0.1038 -0.7112 -0.6953
vn -0.1654 0.0000 -0.9862
vn -0.1038 0.7112 -0.6953
vn -0.0785 -0.7112 -0.6986
vn -0.1298 0.0000 -0.9915
vn -0.0785 0.7112 -0.6986
vn -0.0527 -0.7113 -0.7009
vn -0.0934 0.0000 -0.9956
vn -0.0527 0.7113 -0.7009
vn -0.0265 -0.7114 -0.7023
vn -0.0564 0.0000 -0.9984
vn -0.0265 0.7114 -0.7023
vn 0.0090 -0.7143 -0.6998
vn -0.0189 0.0000 -0.9998
vn 0.0090 0.7143 -0.6998
vn 0.0639 -0.7179 -0.6932
vn 0.0445 0.0000 -0.9990
vn 0.0639 0.7179 -0.6932
vn 0.1316 -0.7188 -0.6827
vn 0.1390 0.0000 -0.9903
vn 0.1316 0.7188 -0.6827
vn 0.2023 -0.7194 -0.6644
vn 0.2392 0.0000 -0.9710
vn 0.2023 0.7194 -0.6644
vn 0.2736 -0.7199 -0.6379
vn 0.3424 0.0000 -0.9396
vn 0.2736 0.7199 -0.6379
vn 0.3431 -0.7200 -0.6033
vn 0.4447 0.0000 -0.8957
vn 0.3431 0.7200 -0.6033
vn 0.4081 -0.7197 -0.5616
vn 0.5423 0.0000 -0.8402
vn 0.4081 0.7197 -0.5616
vn 0.4668 -0.7192 -0.5146
vn 0.6316 0.0000 -0.7753
vn 0.4668 0.7192 -0.5146
vn 0.5177 -0.7185 -0.4645
vn 0.7101 0.0000 -0.7041
vn 0.5177 0.7185 -0.4645
vn 0.5602 -0.7172 -0.4145
vn 0.7767 0.0000 -0.6299
vn 0.5602 0.7172 -0.4145
vn 0.5942 -0.7165 -0.3654
vn 0.8295 0.0000 -0.5585
vn 0.5942 0.7165 -0.3654
vn 0.6222 -0.7163 -0.3159
vn 0.8727 0.0000 -0.4882
vn 0.6222 0.7163 -0.3159
vn 0.6456 -0.7159 -0.2659
vn 0.9092 0.0000 -0.4164
vn 0.6456 0.7159 -0.2659
vn 0.6642 -0.7155 -0.2165
vn 0.9387 0.0000 -0.3447
vn 0.6642 0.7155 -0.2165
vn 0.6785 -0.7150 -0.1684
vn 0.9616 0.0000 -0.2745
vn 0.6785 0.7150 -0.1684
vn 0.6888 -0.7145 -0.1224
vn 0.9783 0.0000 -0.2070
vn 0.6888 0.7145 -0.1224
vn 0.6957 -0.7140 -0.0789
vn 0.9898 0.0000 -0.1428
vn 0.6957 0.7140 -0.0789
vn 0.6996 -0.7135 -0.0382
vn 0.9966 0.0000 -0.0825
vn 0.6996 0.7135 -0.0382
vn 0.6963 -0.7176 0.0136
vn 0.9997 0.0000 -0.0264
vn 0.6963 0.7176 0.0136
vn 0.6819 -0.7249 0.0980
vn 0.9978 0.0000 0.0656
vn 0.6819 0.7249 0.0980
vn 0.6517 -0.7286 0.2108
vn 0.9759 0.0000 0.2181
vn 0.6517 0.7286 0.2108
vn 0.5942 -0.7317 0.3339
vn 0.9187 0.0000 0.3948
vn 0.5942 0.7317 0.3339
vn 0.5071 -0.7330 0.4533
vn 0.8150 0.0000 0.5795
vn 0.5071 0.7330 0.4533
vn 0.3982 -0.7318 0.5532
vn 0.6669 0.0000 0.7452
vn 0.3982 0.7318 0.5532
vn 0.2822 -0.7286 0.6241
vn 0.4949 0.0000 0.8690
vn 0.2822 0.7286 0.6241
vn 0.1733 -0.7249 0.6667
vn 0.3255 0.0000 0.9456
vn 0.1733 0.7249 0.6667
vn 0.0794 -0.7214 0.6880
vn 0.1762 0.0000 0.9844
vn 0.0794 0.7214 0.6880
vn 0.0038 -0.7179 0.6962
vn 0.0526 0.0000 0.9986
vn 0.0038 0.7179 0.6962
vn -0.0295 -0.7071 0.7065
vn -0.0417 0.0000 0.9991
vn -0.0295 0.7071 0.7065
vn 0.0064 -0.6959 0.7181
vn 0.0064 0.6959 0.7181
vn 0.0935 -0.6917 0.7162
vn 0.0595 0.0000 0.9982
vn 0.0935 0.6917 0.7162
vn 0.2045 -0.6883 0.6960
vn 0.1987 0.0000 0.9801
vn 0.2045 0.6883 0.6960
vn 0.3313 -0.6852 0.6486
vn 0.3632 0.0000 0.9317
vn 0.3313 0.6852 0.6486
vn 0.4605 -0.6833 0.5666
vn 0.5420 0.0000 0.8404
vn 0.4605 0.6833 0.5666
vn 0.5724 -0.6834 0.4532
vn 0.7118 0.0000 0.7024
vn 0.5724 0.6834 0.4532
vn 0.6518 -0.6855 0.3243
vn 0.8469 0.0000 0.5318
vn 0.6518 0.6855 0.3243
vn 0.6970 -0.6887 0.1995
vn 0.9349 0.0000 0.3548
vn 0.6970 0.6887 0.1995
vn 0.7161 -0.6920 0.0910
vn 0.9811 0.0000 0.1936
vn 0.7161 0.6920 0.0910
vn 0.6954 -0.6036 -0.3901
vn 0.9983 0.0000 0.0579
vn 0.6954 0.6036 -0.3901
vn -0.3961 -0.5590 -0.7285
vn 0.4709 0.0000 -0.8822
vn -0.3961 0.5590 -0.7285
vn -0.6994 -0.7111 -0.0716
vn -0.9964 0.0000 -0.0843
vn -0.6994 0.7111 -0.0716
vn -0.6955 -0.7118 -0.0981
vn -0.9929 0.0000 -0.1193
vn -0.6955 0.7118 -0.0981
vn -0.6896 -0.7126 -0.1290
vn -0.9871 0.0000 -0.1601
vn -0.6896 0.7126 -0.1290
vn -0.6808 -0.7136 -0.1651
vn -0.9782 0.0000 -0.2077
vn -0.6808 0.7136 -0.1651
vn -0.6677 -0.7150 -0.2075
vn -0.9646 0.0000 -0.2636
vn -0.6677 0.7150 -0.2075
vn -0.6484 -0.7166 -0.2571
vn -0.9441 0.0000 -0.3295
vn -0.6484 0.7166 -0.2571
vn -0.6200 -0.7187 -0.3148
vn -0.9134 0.0000 -0.4070
vn -0.6200 0.7187 -0.3148
vn -0.5789 -0.7211 -0.3806
vn -0.8676 0.0000 -0.4972
vn -0.5789 0.7211 -0.3806
vn -0.5246 -0.7224 -0.4504
vn -0.8004 0.0000 -0.5995
vn -0.5246 0.7224 -0.4504
vn -0.4631 -0.7214 -0.5149
vn -0.7137 0.0000 -0.7005
vn -0.4631 0.7214 -0.5149
vn -0.3973 -0.7208 -0.5680
vn -0.6211 0.0000 -0.7838
vn -0.3973 0.7208 -0.5680
vn -0.3297 -0.7199 -0.6108
vn -0.5232 0.0000 -0.8522
vn -0.3297 0.7199 -0.6108
vn -0.2632 -0.7187 -0.6435
vn -0.4252 0.0000 -0.9051
vn -0.2632 0.7187 -0.6435
vn -0.2002 -0.7176 -0.6671
vn -0.3310 0.0000 -0.9436
vn -0.2002 0.7176 -0.6671
vn -0.1421 -0.7164 -0.6831
vn -0.2433 0.0000 -0.9700
vn -0.1421 0.7164 -0.6831
vn -0.0894 -0.7153 -0.6931
vn -0.1636 0.0000 -0.9865
vn -0.0894 0.7153 -0.6931
vn -0.0424 -0.7143 -0.6985
vn -0.0922 0.0000 -0.9957
vn -0.0424 0.7143 -0.6985
vn -0.0066 -0.7115 -0.7026
vn -0.0289 0.0000 -0.9996
vn -0.0066 0.7115 -0.7026
vn 0.0131 -0.7090 -0.7050
vn 0.0100 0.0000 -0.9999
vn 0.0131 0.7090 -0.7050
vn 0.0241 -0.7087 -0.7051
vn 0.0272 0.0000 -0.9996
vn 0.0241 0.7087 -0.7051
vn 0.0333 -0.7084 -0.7050
vn 0.0413 0.0000 -0.9991
vn 0.0333 0.7084 -0.7050
vn 0.0409 -0.7082 -0.7048
vn 0.0530 0.0000 -0.9986
vn 0.0409 0.7082 -0.7048
vn 0.0475 -0.7081 -0.7045
vn 0.0630 0.0000 -0.9980
vn 0.0475 0.7081 -0.7045
vn 0.0531 -0.7079 -0.7043
vn 0.0715 0.0000 -0.9974
vn 0.0531 0.7079 -0.7043
vn 0.0580 -0.7078 -0.7040
vn 0.0789 0.0000 -0.9969
vn 0.0580 0.7078 -0.7040
vn 0.0624 -0.7078 -0.7037
vn 0.0854 0.0000 -0.9963
vn 0.0624 0.7078 -0.7037
vn 0.0649 -0.7073 -0.7040
vn 0.0911 0.0000 -0.9958
vn 0.0649 0.7073 -0.7040
vn 0.0634 -0.7064 -0.7049
vn 0.0925 0.0000 -0.9957
vn 0.0634 0.7064 -0.7049
vn 0.0589 -0.7064 -0.7054
vn 0.0866 0.0000 -0.9962
vn 0.0589 0.7064 -0.7054
vn 0.0539 -0.7063 -0.7059
vn 0.0799 0.0000 -0.9968
vn 0.0539 0.7063 -0.7059
vn 0.0481 -0.7061 -0.7065
vn 0.0723 0.0000 -0.9974
vn 0.0481 0.7061 -0.7065
vn 0.0414 -0.7060 -0.7070
vn 0.0636 0.0000 -0.9980
vn 0.0414 0.7060 -0.7070
vn 0.0336 -0.7058 -0.7076
vn 0.0535 0.0000 -0.9986
vn 0.0336 0.7058 -0.7076
vn 0.0244 -0.7055 -0.7083
vn 0.0415 0.0000 -0.9991
vn 0.0244 0.7055 -0.7083
vn 0.0132 -0.7052 -0.7089
vn 0.0273 0.0000 -0.9996
vn 0.0132 0.7052 -0.7089
vn -0.0177 -0.6994 -0.7146
vn 0.0101 0.0000 -0.9999
vn -0.0177 0.6994 -0.7146
vn -0.0935 -0.6916 -0.7162
vn -0.0595 0.0000 -0.9982
vn -0.0935 0.6916 -0.7162
vn -0.2046 -0.6883 -0.6960
vn -0.1987 0.0000 -0.9801
vn -0.2046 0.6883 -0.6960
vn -0.3314 -0.6852 -0.6486
vn -0.3633 0.0000 -0.9317
vn -0.3314 0.6852 -0.6486
vn -0.4606 -0.6833 -0.5665
vn -0.5421 0.0000 -0.8403
vn -0.4606 0.6833 -0.5665
vn -0.5724 -0.6834 -0.4531
vn -0.7120 0.0000 -0.7022
vn -0.5724 0.6834 -0.4531
vn -0.6519 -0.6855 -0.3242
vn -0.8470 0.0000 -0.5316
vn -0.6519 0.6855 -0.3242
vn -0.6971 -0.6887 -0.1994
vn -0.9350 0.0000 -0.3547
vn -0.6971 0.6887 -0.1994
vn -0.7161 -0.6920 -0.0910
vn -0.9811 0.0000 -0.1935
vn -0.7161 0.6920 -0.0910
vn -0.7169 -0.6971 -0.0094
vn -0.9983 0.0000 -0.0579
vn -0.7169 0.6971 -0.0094
vn -0.7130 -0.6996 0.0467
vn -0.9995 0.0000 0.0318
vn -0.7130 0.6996 0.0467
vn -0.7085 -0.6991 0.0963
vn -0.9951 0.0000 0.0989
vn -0.7085 0.6991 0.0963
vn -0.6999 -0.6986 0.1487
vn -0.9854 0.0000 0.1703
vn -0.6999 0.6986 0.1487
vn -0.6865 -0.6982 0.2032
vn -0.9695 0.0000 0.2450
vn -0.6865 0.6982 0.2032
vn -0.6679 -0.6978 0.2588
vn -0.9467 0.0000 0.3221
vn -0.6679 0.6978 0.2588
vn -0.6439 -0.6976 0.3143
vn -0.9166 0.0000 0.3999
vn -0.6439 0.6976 0.3143
vn -0.6146 -0.6975 0.3685
vn -0.8791 0.0000 0.4767
vn -0.6146 0.6975 0.3685
vn -0.5805 -0.6976 0.4200
vn -0.8347 0.0000 0.5508
vn -0.5805 0.6976 0.4200
vn -0.5406 -0.6964 0.4720
vn -0.7843 0.0000 0.6204
vn -0.5406 0.6964 0.4720
vn -0.4898 -0.6949 0.5266
vn -0.7205 0.0000 0.6934
vn -0.4898 0.6949 0.5266
vn -0.4286 -0.6949 0.5775
vn -0.6395 0.0000 0.7688
vn -0.4286 0.6949 0.5775
vn -0.3629 -0.6952 0.6205
vn -0.5507 0.0000 0.8347
vn -0.3629 0.6952 0.6205
vn -0.2953 -0.6957 0.6548
vn -0.4575 0.0000 0.8892
vn -0.2953 0.6957 0.6548
vn -0.2285 -0.6964 0.6803
vn -0.3637 0.0000 0.9315
vn -0.2285 0.6964 0.6803
vn -0.1645 -0.6973 0.6977
vn -0.2724 0.0000 0.9622
vn -0.1645 0.6973 0.6977
vn -0.1048 -0.6981 0.7083
vn -0.1861 0.0000 0.9825
vn -0.1048 0.6981 0.7083
vn -0.0500 -0.6990 0.7134
vn -0.1063 0.0000 0.9943
vn -0.0500 0.6990 0.7134
vn -0.0057 -0.7014 0.7128
vn -0.0336 0.0000 0.9994
vn -0.0057 0.7014 0.7128
vn 0.0239 -0.7035 0.7103
vn 0.0177 0.0000 0.9998
vn 0.0239 0.7035 0.7103
vn 0.0450 -0.7040 0.7088
vn 0.0495 0.0000 0.9988
vn 0.0450 0.7040 0.7088
vn 0.0634 -0.7044 0.7070
vn 0.0772 0.0000 0.9970
vn 0.0634 0.7044 0.7070
vn 0.0796 -0.7047 0.7050
vn 0.1015 0.0000 0.9948
vn 0.0796 0.7047 0.7050
vn 0.0940 -0.7049 0.7030
vn 0.1230 0.0000 0.9924
vn 0.0940 0.7049 0.7030
vn 0.1068 -0.7052 0.7009
vn 0.1421 0.0000 0.9899
vn 0.1068 0.7052 0.7009
vn 0.1182 -0.7054 0.6989
vn 0.1591 0.0000 0.9873
vn 0.1182 0.7054 0.6989
vn 0.1285 -0.7055 0.6969
vn 0.1744 0.0000 0.9847
vn 0.1285 0.7055 0.6969
vn 0.1281 -0.7086 0.6939
vn 0.1881 0.0000 0.9821
vn 0.1281 0.7086 0.6939
vn 0.1201 -0.7082 0.6957
vn 0.1749 0.0000 0.9846
vn 0.1201 0.7082 0.6957
vn 0.1127 -0.7084 0.6968
vn 0.1652 0.0000 0.9863
vn 0.1127 0.7084 0.6968
vn 0.1041 -0.7086 0.6979
vn 0.1540 0.0000 0.9881
vn 0.1041 0.7086 0.6979
vn 0.0941 -0.7089 0.6991
vn 0.1410 0.0000 0.9900
vn 0.0941 0.7089 0.6991
vn 0.0821 -0.7092 0.7002
vn 0.1257 0.0000 0.9921
vn 0.0821 0.7092 0.7002
vn 0.0677 -0.7097 0.7013
vn 0.1073 0.0000 0.9942
vn 0.0677 0.7097 0.7013
vn 0.0499 -0.7103 0.7022
vn 0.0848 0.0000 0.9964
vn 0.0499 0.7103 0.7022
vn 0.0276 -0.7111 0.7025
vn 0.0570 0.0000 0.9984
vn 0.0276 0.7111 0.7025
vn -0.0007 -0.7122 0.7019
vn 0.0215 0.0000 0.9998
vn -0.0007 0.7122 0.7019
vn -0.0347 -0.7130 0.7003
vn -0.0236 0.0000 0.9997
vn -0.0347 0.7130 0.7003
vn -0.0730 -0.7137 0.6966
vn -0.0753 0.0000 0.9972
vn -0.0730 0.7137 0.6966
vn -0.1158 -0.7146 0.6899
vn -0.1332 0.0000 0.9911
vn -0.1158 0.7146 0.6899
vn -0.1634 -0.7155 0.6792
vn -0.1978 0.0000 0.9802
vn -0.1634 0.7155 0.6792
vn -0.2156 -0.7165 0.6634
vn -0.2696 0.0000 0.9630
vn -0.2156 0.7165 0.6634
vn -0.2722 -0.7176 0.6410
vn -0.3482 0.0000 0.9374
vn -0.2722 0.7176 0.6410
vn -0.3322 -0.7186 0.6109
vn -0.4328 0.0000 0.9015
vn -0.3322 0.7186 0.6109
vn -0.3938 -0.7196 0.5719
vn -0.5214 0.0000 0.8533
vn -0.3938 0.7196 0.5719
vn 0.1101 -0.5766 0.8096
vn -0.6112 0.0000 0.7915
vn 0.1101 0.5766 0.8096
vn 0.8088 -0.5854 -0.0568
vn 0.8004 0.0000 0.5995
vn 0.8088 0.5854 -0.0568
vn 0.4950 -0.7032 -0.5104
vn 0.7088 0.0000 -0.7055
vn 0.4950 0.7032 -0.5104
vn 0.4703 -0.6994 -0.5382
vn 0.6835 0.0000 -0.7299
vn 0.4703 0.6994 -0.5382
vn 0.4322 -0.6995 -0.5691
vn 0.4322 0.6995 -0.5691
vn 0.3927 -0.6996 -0.5969
vn 0.5773 0.0000 -0.8165
vn 0.3927 0.6996 -0.5969
vn 0.3523 -0.6998 -0.6214
vn 0.5213 0.0000 -0.8534
vn 0.3523 0.6998 -0.6214
vn 0.3117 -0.7001 -0.6424
vn 0.4646 0.0000 -0.8855
vn 0.3117 0.7001 -0.6424
vn 0.2714 -0.7004 -0.6601
vn 0.4080 0.0000 -0.9130
vn 0.2714 0.7004 -0.6601
vn 0.2320 -0.7007 -0.6747
vn 0.3522 0.0000 -0.9359
vn 0.2320 0.7007 -0.6747
vn 0.1938 -0.7010 -0.6863
vn 0.2979 0.0000 -0.9546
vn 0.1938 0.7010 -0.6863
vn 0.1672 -0.7048 -0.6894
vn 0.2455 0.0000 -0.9694
vn 0.1672 0.7048 -0.6894
vn 0.1734 -0.7120 -0.6804
vn 0.2257 0.0000 -0.9742
vn 0.1734 0.7120 -0.6804
vn 0.2680 0.0000 -0.9634
vn -0.0838 -0.7222 0.6866
vn -0.1824 -0.7258 0.6633
vn -0.1862 0.0000 0.9825
vn -0.1824 0.7258 0.6633
vn -0.0838 0.7222 0.6866
vn -0.2950 -0.7295 0.6171
vn -0.3424 0.0000 0.9396
vn -0.2950 0.7295 0.6171
vn -0.4124 -0.7322 0.5420
vn -0.5163 0.0000 0.8564
vn -0.4124 0.7322 0.5420
vn -0.5196 -0.7328 0.4394
vn -0.6878 0.0000 0.7259
vn -0.5196 0.7328 0.4394
vn -0.6026 -0.7310 0.3203
vn -0.8301 0.0000 0.5576
vn -0.6026 0.7310 0.3203
vn -0.6560 -0.7276 0.2007
vn -0.9265 0.0000 0.3762
vn -0.6560 0.7276 0.2007
vn -0.6836 -0.7239 0.0929
vn -0.9784 0.0000 0.2065
vn -0.6836 0.7239 0.0929
vn -0.6926 -0.7213 0.0000
vn -0.9981 0.0000 0.0620
vn -0.6926 0.7213 0.0000
vn -0.6836 -0.7239 -0.0929
vn -0.9981 0.0000 -0.0620
vn -0.6836 0.7239 -0.0929
vn -0.6560 -0.7276 -0.2007
vn -0.9784 0.0000 -0.2066
vn -0.6560 0.7276 -0.2007
vn -0.6026 -0.7310 -0.3203
vn -0.9266 0.0000 -0.3762
vn -0.6026 0.7310 -0.3203
vn -0.5196 -0.7328 -0.4394
vn -0.8301 0.0000 -0.5576
vn -0.5196 0.7328 -0.4394
vn -0.4124 -0.7322 -0.5420
vn -0.6878 0.0000 -0.7259
vn -0.4124 0.7322 -0.5420
vn -0.2950 -0.7295 -0.6171
vn -0.5163 0.0000 -0.8564
vn -0.2950 0.7295 -0.6171
vn -0.1824 -0.7258 -0.6633
vn -0.3424 0.0000 -0.9396
vn -0.1824 0.7258 -0.6633
vn -0.0838 -0.7222 -0.6866
vn -0.1862 0.0000 -0.9825
vn -0.0838 0.7222 -0.6866
vn 0.0000 -0.7198 -0.6941
vn -0.0556 0.0000 -0.9985
vn 0.0000 0.7198 -0.6941
vn 0.0838 -0.7222 -0.6866
vn 0.0556 0.0000 -0.9985
vn 0.0838 0.7222 -0.6866
vn 0.1824 -0.7258 -0.6633
vn 0.1862 0.0000 -0.9825
vn 0.1824 0.7258 -0.6633
vn 0.2950 -0.7295 -0.6171
vn 0.3423 0.0000 -0.9396
vn 0.2950 0.7295 -0.6171
vn 0.4124 -0.7322 -0.5420
vn 0.5163 0.0000 -0.8564
vn 0.4124 0.7322 -0.5420
vn 0.5196 -0.7328 -0.4394
vn 0.6877 0.0000 -0.7260
vn 0.5196 0.7328 -0.4394
vn 0.6026 -0.7310 -0.3203
vn 0.8301 0.0000 -0.5576
vn 0.6026 0.7310 -0.3203
vn 0.6560 -0.7276 -0.2007
vn 0.9266 0.0000 -0.3762
vn 0.6560 0.7276 -0.2007
vn 0.6836 -0.7239 -0.0929
vn 0.9784 0.0000 -0.2066
vn 0.6836 0.7239 -0.0929
vn 0.6926 -0.7213 0.0000
vn 0.9981 0.0000 -0.0620
vn 0.6926 0.7213 0.0000
vn 0.6836 -0.7239 0.0929
vn 0.9981 0.0000 0.0620
vn 0.6836 0.7239 0.0929
vn 0.6560 -0.7276 0.2007
vn 0.9784 0.0000 0.2066
vn 0.6560 0.7276 0.2007
vn 0.6026 -0.7310 0.3203
vn 0.9266 0.0000 0.3762
vn 0.6026 0.7310 0.3203
vn 0.5196 -0.7328 0.4394
vn 0.8301 0.0000 0.5576
vn 0.5196 0.7328 0.4394
vn 0.4125 -0.7322 0.5420
vn 0.6877 0.0000 0.7260
vn 0.4125 0.7322 0.5420
vn 0.2950 -0.7295 0.6171
vn 0.5163 0.0000 0.8564
vn 0.2950 0.7295 0.6171
vn 0.1824 -0.7258 0.6633
vn 0.3423 0.0000 0.9396
vn 0.1824 0.7258 0.6633
vn 0.0838 -0.7222 0.6866
vn 0.1862 0.0000 0.9825
vn 0.0838 0.7222 0.6866
vn 0.0000 -0.7198 0.6941
vn 0.0556 0.0000 0.9985
vn 0.0000 0.7198 0.6941
vn -0.0556 0.0000 0.9985
vn 0.0000 -1.0000 -0.0000
vn 0.0000 1.0000 -0.0000
# 747 vertex normals

o Number_4
g Number_4
s 1
f 1//1 2//2 3//3 
f 2//2 4//4 3//3 
f 4//4 5//5 3//3 
f 5//5 1//1 3//3 
s 3
f 2//2 6//6 7//7 
f 6//6 8//8 7//7 
f 8//8 4//4 7//7 
f 4//4 2//2 7//7 
s 2
f 6//6 9//9 10//10 
f 9//9 11//11 10//10 
f 11//11 8//8 10//10 
f 8//8 6//6 10//10 
f 9//9 12//12 13//13 
f 12//12 14//14 13//13 
f 14//14 11//11 13//13 
f 11//11 9//9 13//13 
f 12//12 15//15 16//16 
f 15//15 17//17 16//16 
f 17//17 14//14 16//16 
f 14//14 12//12 16//16 
f 15//15 18//18 19//19 
f 18//18 20//20 19//19 
f 20//20 17//17 19//19 
f 17//17 15//15 19//19 
f 18//18 21//21 22//22 
f 21//21 23//23 22//22 
f 23//23 20//20 22//22 
f 20//20 18//18 22//22 
f 21//21 24//24 25//25 
f 24//24 26//26 25//25 
f 26//26 23//23 25//25 
f 23//23 21//21 25//25 
s 4
f 24//24 27//27 28//28 
f 27//27 29//29 28//28 
f 29//29 26//26 28//28 
f 26//26 24//24 28//28 
f 27//27 30//30 31//31 
f 30//30 32//32 31//31 
f 32//32 29//29 31//31 
f 29//29 27//27 31//31 
f 30//30 33//33 34//34 
f 33//33 35//35 34//34 
f 35//35 32//32 34//34 
f 32//32 30//30 34//34 
f 33//33 36//36 37//37 
f 36//36 38//38 37//37 
f 38//38 35//35 37//37 
f 35//35 33//33 37//37 
f 36//36 39//39 40//40 
f 39//39 41//41 40//40 
f 41//41 38//38 40//40 
f 38//38 36//36 40//40 
f 39//39 42//42 43//43 
f 42//42 44//44 43//43 
f 44//44 41//41 43//43 
f 41//41 39//39 43//43 
f 42//42 45//45 46//46 
f 45//45 47//47 46//46 
f 47//47 44//44 46//46 
f 44//44 42//42 46//46 
f 45//45 48//48 49//49 
f 48//48 50//50 49//49 
f 50//50 47//47 49//49 
f 47//47 45//45 49//49 
f 48//48 51//51 52//52 
f 51//51 53//53 52//52 
f 53//53 50//50 52//52 
f 50//50 48//48 52//52 
f 51//51 54//54 55//55 
f 54//54 56//56 55//55 
f 56//56 53//53 55//55 
f 53//53 51//51 55//55 
f 54//54 57//57 58//58 
f 57//57 59//59 58//58 
f 59//59 56//56 58//58 
f 56//56 54//54 58//58 
f 57//57 60//60 61//61 
f 60//60 62//62 61//61 
f 62//62 59//59 61//61 
f 59//59 57//57 61//61 
f 60//60 63//63 64//64 
f 63//63 65//65 64//64 
f 65//65 62//62 64//64 
f 62//62 60//60 64//64 
f 63//63 66//66 67//67 
f 66//66 68//68 67//67 
f 68//68 65//65 67//67 
f 65//65 63//63 67//67 
f 66//66 69//69 70//70 
f 69//69 71//71 70//70 
f 71//71 68//68 70//70 
f 68//68 66//66 70//70 
f 69//69 72//72 73//73 
f 72//72 74//74 73//73 
f 74//74 71//71 73//73 
f 71//71 69//69 73//73 
f 72//72 75//75 76//76 
f 75//75 77//77 76//76 
f 77//77 74//74 76//76 
f 74//74 72//72 76//76 
f 75//75 78//78 79//79 
f 78//78 80//80 79//79 
f 80//80 77//77 79//79 
f 77//77 75//75 79//79 
f 78//78 81//81 82//82 
f 81//81 83//83 82//82 
f 83//83 80//80 82//82 
f 80//80 78//78 82//82 
f 81//81 84//84 85//85 
f 84//84 86//86 85//85 
f 86//86 83//83 85//85 
f 83//83 81//81 85//85 
f 84//84 87//87 88//88 
f 87//87 89//89 88//88 
f 89//89 86//86 88//88 
f 86//86 84//84 88//88 
f 87//87 90//90 91//91 
f 90//90 92//92 91//91 
f 92//92 89//89 91//91 
f 89//89 87//87 91//91 
f 90//90 93//93 94//94 
f 93//93 95//95 94//94 
f 95//95 92//92 94//94 
f 92//92 90//90 94//94 
f 93//93 96//96 97//97 
f 96//96 98//98 97//97 
f 98//98 95//95 97//97 
f 95//95 93//93 97//97 
f 96//96 99//99 100//100 
f 99//99 101//101 100//100 
f 101//101 98//98 100//100 
f 98//98 96//96 100//100 
f 99//99 102//102 103//103 
f 102//102 104//104 103//103 
f 104//104 101//101 103//103 
f 101//101 99//99 103//103 
f 102//102 105//105 106//106 
f 105//105 107//107 106//106 
f 107//107 104//104 106//106 
f 104//104 102//102 106//106 
f 105//105 108//108 109//109 
f 108//108 110//110 109//109 
f 110//110 107//107 109//109 
f 107//107 105//105 109//109 
f 108//108 111//111 112//112 
f 111//111 113//113 112//112 
f 113//113 110//110 112//112 
f 110//110 108//108 112//112 
f 111//111 114//114 115//115 
f 114//114 116//116 115//115 
f 116//116 113//113 115//115 
f 113//113 111//111 115//115 
f 114//114 117//117 118//118 
f 117//117 119//119 118//118 
f 119//119 116//116 118//118 
f 116//116 114//114 118//118 
f 117//117 120//120 121//121 
f 120//120 122//122 121//121 
f 122//122 119//119 121//121 
f 119//119 117//117 121//121 
f 120//120 123//123 124//124 
f 123//123 125//125 124//124 
f 125//125 122//122 124//124 
f 122//122 120//120 124//124 
f 123//123 126//126 127//127 
f 126//126 128//128 127//127 
f 128//128 125//125 127//127 
f 125//125 123//123 127//127 
f 126//126 129//129 130//130 
f 129//129 131//131 130//130 
f 131//131 128//128 130//130 
f 128//128 126//126 130//130 
f 129//129 132//132 133//133 
f 132//132 134//134 133//133 
f 134//134 131//131 133//133 
f 131//131 129//129 133//133 
f 132//132 135//135 136//136 
f 135//135 137//137 136//136 
f 137//137 134//134 136//136 
f 134//134 132//132 136//136 
f 135//135 138//138 139//139 
f 138//138 140//140 139//139 
f 140//140 137//137 139//139 
f 137//137 135//135 139//139 
f 138//138 141//141 142//142 
f 141//141 143//143 142//142 
f 143//143 140//140 142//142 
f 140//140 138//138 142//142 
f 141//141 144//144 145//145 
f 144//144 146//146 145//145 
f 146//146 143//143 145//145 
f 143//143 141//141 145//145 
f 144//144 147//147 148//148 
f 147//147 149//149 148//148 
f 149//149 146//146 148//148 
f 146//146 144//144 148//148 
f 147//147 150//150 151//151 
f 150//150 152//152 151//151 
f 152//152 149//149 151//151 
f 149//149 147//147 151//151 
f 150//150 153//153 154//154 
f 153//153 155//155 154//154 
f 155//155 152//152 154//154 
f 152//152 150//150 154//154 
f 153//153 156//156 157//157 
f 156//156 158//158 157//157 
f 158//158 155//155 157//157 
f 155//155 153//153 157//157 
f 156//156 159//159 160//160 
f 159//159 161//161 160//160 
f 161//161 158//158 160//160 
f 158//158 156//156 160//160 
s 2
f 159//159 162//162 163//163 
f 162//162 164//164 163//163 
f 164//164 161//161 163//163 
f 161//161 159//159 163//163 
f 162//162 165//165 166//166 
f 165//165 167//167 166//166 
f 167//167 164//164 166//166 
f 164//164 162//162 166//166 
f 165//165 168//168 169//169 
f 168//168 170//170 169//169 
f 170//170 167//167 169//169 
f 167//167 165//165 169//169 
f 168//168 171//171 172//172 
f 171//171 173//173 172//172 
f 173//173 170//170 172//172 
f 170//170 168//168 172//172 
f 171//171 174//174 175//175 
f 174//174 176//176 175//175 
f 176//176 173//173 175//175 
f 173//173 171//171 175//175 
f 174//174 177//177 178//178 
f 177//177 179//179 178//178 
f 179//179 176//176 178//178 
f 176//176 174//174 178//178 
f 177//177 180//180 181//181 
f 180//180 182//182 181//181 
f 182//182 179//179 181//181 
f 179//179 177//177 181//181 
f 180//180 183//183 184//184 
f 183//183 185//185 184//184 
f 185//185 182//182 184//184 
f 182//182 180//180 184//184 
f 183//183 186//186 187//187 
f 186//186 188//188 187//187 
f 188//188 185//185 187//187 
f 185//185 183//183 187//187 
f 186//186 189//189 190//190 
f 189//189 191//191 190//190 
f 191//191 188//188 190//190 
f 188//188 186//186 190//190 
f 189//189 192//192 193//193 
f 192//192 194//194 193//193 
f 194//194 191//191 193//193 
f 191//191 189//189 193//193 
f 192//192 195//195 196//196 
f 195//195 197//197 196//196 
f 197//197 194//194 196//196 
f 194//194 192//192 196//196 
f 195//195 198//198 199//199 
f 198//198 200//200 199//199 
f 200//200 197//197 199//199 
f 197//197 195//195 199//199 
f 198//198 201//201 202//202 
f 201//201 203//203 202//202 
f 203//203 200//200 202//202 
f 200//200 198//198 202//202 
f 201//201 204//204 205//205 
f 204//204 206//206 205//205 
f 206//206 203//203 205//205 
f 203//203 201//201 205//205 
f 204//204 207//207 208//208 
f 207//207 209//209 208//208 
f 209//209 206//206 208//208 
f 206//206 204//204 208//208 
f 207//207 210//210 211//211 
f 210//210 212//212 211//211 
f 212//212 209//209 211//211 
f 209//209 207//207 211//211 
f 210//210 213//213 214//214 
f 213//213 215//215 214//214 
f 215//215 212//212 214//214 
f 212//212 210//210 214//214 
f 213//213 216//216 217//217 
f 216//216 218//218 217//217 
f 218//218 215//215 217//217 
f 215//215 213//213 217//217 
f 216//216 219//219 220//220 
f 219//219 221//221 220//220 
f 221//221 218//218 220//220 
f 218//218 216//216 220//220 
f 219//219 222//222 223//223 
f 222//222 224//224 223//223 
f 224//224 221//221 223//223 
f 221//221 219//219 223//223 
f 222//222 225//225 226//226 
f 225//225 227//227 226//226 
f 227//227 224//224 226//226 
f 224//224 222//222 226//226 
f 225//225 228//228 229//229 
f 228//228 230//230 229//229 
f 230//230 227//227 229//229 
f 227//227 225//225 229//229 
f 228//228 231//231 232//232 
f 231//231 233//233 232//232 
f 233//233 230//230 232//232 
f 230//230 228//228 232//232 
f 231//231 234//234 235//235 
f 234//234 236//236 235//235 
f 236//236 233//233 235//235 
f 233//233 231//231 235//235 
f 234//234 237//237 238//238 
f 237//237 239//239 238//238 
f 239//239 236//236 238//238 
f 236//236 234//234 238//238 
f 237//237 240//240 241//241 
f 240//240 242//242 241//241 
f 242//242 239//239 241//241 
f 239//239 237//237 241//241 
f 240//240 243//243 244//244 
f 243//243 245//245 244//244 
f 245//245 242//242 244//244 
f 242//242 240//240 244//244 
f 243//243 246//246 247//247 
f 246//246 248//248 247//247 
f 248//248 245//245 247//247 
f 245//245 243//243 247//247 
f 246//246 249//249 250//250 
f 249//249 251//251 250//250 
f 251//251 248//248 250//250 
f 248//248 246//246 250//250 
f 249//249 252//252 253//253 
f 252//252 254//254 253//253 
f 254//254 251//251 253//253 
f 251//251 249//249 253//253 
f 252//252 255//255 256//256 
f 255//255 257//257 256//256 
f 257//257 254//254 256//256 
f 254//254 252//252 256//256 
f 255//255 258//258 259//259 
f 258//258 260//260 259//259 
f 260//260 257//257 259//259 
f 257//257 255//255 259//259 
f 258//258 261//261 262//262 
f 261//261 263//263 262//262 
f 263//263 260//260 262//262 
f 260//260 258//258 262//262 
f 261//261 264//264 265//265 
f 264//264 266//266 265//265 
f 266//266 263//263 265//265 
f 263//263 261//261 265//265 
f 264//264 267//267 268//268 
f 267//267 269//269 268//268 
f 269//269 266//266 268//268 
f 266//266 264//264 268//268 
f 267//267 270//270 271//271 
f 270//270 272//272 271//271 
f 272//272 269//269 271//271 
f 269//269 267//267 271//271 
f 270//270 273//273 274//274 
f 273//273 275//275 274//274 
f 275//275 272//272 274//274 
f 272//272 270//270 274//274 
f 273//273 276//276 277//277 
f 276//276 278//278 277//277 
f 278//278 275//275 277//277 
f 275//275 273//273 277//277 
f 276//276 279//279 280//280 
f 279//279 281//281 280//280 
f 281//281 278//278 280//280 
f 278//278 276//276 280//280 
f 279//279 282//282 283//283 
f 282//282 284//284 283//283 
f 284//284 281//281 283//283 
f 281//281 279//279 283//283 
f 282//282 285//285 286//286 
f 285//285 287//287 286//286 
f 287//287 284//284 286//286 
f 284//284 282//282 286//286 
f 285//285 288//288 289//289 
f 288//288 290//290 289//289 
f 290//290 287//287 289//289 
f 287//287 285//285 289//289 
f 288//288 291//291 292//292 
f 291//291 293//293 292//292 
f 293//293 290//290 292//292 
f 290//290 288//288 292//292 
f 291//291 294//294 295//295 
f 294//294 296//296 295//295 
f 296//296 293//293 295//295 
f 293//293 291//291 295//295 
f 294//294 297//297 298//298 
f 297//297 299//299 298//298 
f 299//299 296//296 298//298 
f 296//296 294//294 298//298 
f 297//297 300//300 301//298 
f 300//300 302//301 301//298 
f 302//301 299//299 301//298 
f 299//299 297//297 301//298 
f 300//300 303//302 304//303 
f 303//302 305//304 304//303 
f 305//304 302//301 304//303 
f 302//301 300//300 304//303 
f 303//302 306//305 307//306 
f 306//305 308//307 307//306 
f 308//307 305//304 307//306 
f 305//304 303//302 307//306 
f 306//305 309//308 310//309 
f 309//308 311//310 310//309 
f 311//310 308//307 310//309 
f 308//307 306//305 310//309 
f 309//308 312//311 313//312 
f 312//311 314//313 313//312 
f 314//313 311//310 313//312 
f 311//310 309//308 313//312 
f 312//311 315//314 316//315 
f 315//314 317//316 316//315 
f 317//316 314//313 316//315 
f 314//313 312//311 316//315 
f 315//314 318//317 319//318 
f 318//317 320//319 319//318 
f 320//319 317//316 319//318 
f 317//316 315//314 319//318 
f 318//317 321//320 322//321 
f 321//320 323//322 322//321 
f 323//322 320//319 322//321 
f 320//319 318//317 322//321 
f 321//320 324//323 325//324 
f 324//323 326//325 325//324 
f 326//325 323//322 325//324 
f 323//322 321//320 325//324 
f 324//323 327//326 328//327 
f 327//326 329//328 328//327 
f 329//328 326//325 328//327 
f 326//325 324//323 328//327 
s 4
f 327//326 330//329 331//330 
f 330//329 332//331 331//330 
f 332//331 329//328 331//330 
f 329//328 327//326 331//330 
s 2
f 330//329 333//332 334//333 
f 333//332 335//334 334//333 
f 335//334 332//331 334//333 
f 332//331 330//329 334//333 
f 333//332 336//335 337//336 
f 336//335 338//337 337//336 
f 338//337 335//334 337//336 
f 335//334 333//332 337//336 
f 336//335 339//338 340//339 
f 339//338 341//340 340//339 
f 341//340 338//337 340//339 
f 338//337 336//335 340//339 
f 339//338 342//341 343//342 
f 342//341 344//343 343//342 
f 344//343 341//340 343//342 
f 341//340 339//338 343//342 
f 342//341 345//344 346//345 
f 345//344 347//346 346//345 
f 347//346 344//343 346//345 
f 344//343 342//341 346//345 
f 345//344 348//347 349//348 
f 348//347 350//349 349//348 
f 350//349 347//346 349//348 
f 347//346 345//344 349//348 
f 348//347 351//350 352//351 
f 351//350 353//352 352//351 
f 353//352 350//349 352//351 
f 350//349 348//347 352//351 
f 351//350 354//353 355//354 
f 354//353 356//355 355//354 
f 356//355 353//352 355//354 
f 353//352 351//350 355//354 
f 354//353 357//356 358//357 
f 357//356 359//358 358//357 
f 359//358 356//355 358//357 
f 356//355 354//353 358//357 
f 357//356 360//359 361//360 
f 360//359 362//361 361//360 
f 362//361 359//358 361//360 
f 359//358 357//356 361//360 
f 360//359 363//362 364//363 
f 363//362 365//364 364//363 
f 365//364 362//361 364//363 
f 362//361 360//359 364//363 
f 363//362 366//365 367//366 
f 366//365 368//367 367//366 
f 368//367 365//364 367//366 
f 365//364 363//362 367//366 
f 366//365 369//368 370//369 
f 369//368 371//370 370//369 
f 371//370 368//367 370//369 
f 368//367 366//365 370//369 
f 369//368 372//371 373//372 
f 372//371 374//373 373//372 
f 374//373 371//370 373//372 
f 371//370 369//368 373//372 
f 372//371 375//374 376//375 
f 375//374 377//376 376//375 
f 377//376 374//373 376//375 
f 374//373 372//371 376//375 
f 375//374 378//377 379//378 
f 378//377 380//379 379//378 
f 380//379 377//376 379//378 
f 377//376 375//374 379//378 
f 378//377 381//380 382//381 
f 381//380 383//382 382//381 
f 383//382 380//379 382//381 
f 380//379 378//377 382//381 
f 381//380 384//383 385//384 
f 384//383 386//385 385//384 
f 386//385 383//382 385//384 
f 383//382 381//380 385//384 
f 384//383 387//386 388//387 
f 387//386 389//388 388//387 
f 389//388 386//385 388//387 
f 386//385 384//383 388//387 
f 387//386 390//389 391//390 
f 390//389 392//391 391//390 
f 392//391 389//388 391//390 
f 389//388 387//386 391//390 
f 390//389 393//392 394//393 
f 393//392 395//394 394//393 
f 395//394 392//391 394//393 
f 392//391 390//389 394//393 
f 393//392 396//395 397//396 
f 396//395 398//397 397//396 
f 398//397 395//394 397//396 
f 395//394 393//392 397//396 
f 396//395 399//398 400//399 
f 399//398 401//400 400//399 
f 401//400 398//397 400//399 
f 398//397 396//395 400//399 
f 399//398 402//401 403//402 
f 402//401 404//403 403//402 
f 404//403 401//400 403//402 
f 401//400 399//398 403//402 
f 402//401 405//404 406//405 
f 405//404 407//406 406//405 
f 407//406 404//403 406//405 
f 404//403 402//401 406//405 
f 405//404 408//407 409//408 
f 408//407 410//409 409//408 
f 410//409 407//406 409//408 
f 407//406 405//404 409//408 
f 408//407 411//410 412//411 
f 411//410 413//412 412//411 
f 413//412 410//409 412//411 
f 410//409 408//407 412//411 
f 411//410 414//413 415//414 
f 414//413 416//415 415//414 
f 416//415 413//412 415//414 
f 413//412 411//410 415//414 
f 414//413 417//416 418//417 
f 417//416 419//418 418//417 
f 419//418 416//415 418//417 
f 416//415 414//413 418//417 
f 417//416 420//419 421//420 
f 420//419 422//421 421//420 
f 422//421 419//418 421//420 
f 419//418 417//416 421//420 
f 420//419 423//422 424//423 
f 423//422 425//424 424//423 
f 425//424 422//421 424//423 
f 422//421 420//419 424//423 
f 423//422 426//425 427//426 
f 426//425 428//427 427//426 
f 428//427 425//424 427//426 
f 425//424 423//422 427//426 
f 426//425 429//428 430//429 
f 429//428 431//430 430//429 
f 431//430 428//427 430//429 
f 428//427 426//425 430//429 
f 429//428 432//431 433//432 
f 432//431 434//433 433//432 
f 434//433 431//430 433//432 
f 431//430 429//428 433//432 
f 432//431 435//434 436//435 
f 435//434 437//436 436//435 
f 437//436 434//433 436//435 
f 434//433 432//431 436//435 
f 435//434 438//437 439//438 
f 438//437 440//439 439//438 
f 440//439 437//436 439//438 
f 437//436 435//434 439//438 
f 438//437 441//440 442//441 
f 441//440 443//442 442//441 
f 443//442 440//439 442//441 
f 440//439 438//437 442//441 
f 441//440 444//443 445//444 
f 444//443 446//445 445//444 
f 446//445 443//442 445//444 
f 443//442 441//440 445//444 
f 444//443 447//446 448//447 
f 447//446 449//448 448//447 
f 449//448 446//445 448//447 
f 446//445 444//443 448//447 
f 447//446 450//449 451//450 
f 450//449 452//451 451//450 
f 452//451 449//448 451//450 
f 449//448 447//446 451//450 
f 450//449 453//452 454//453 
f 453//452 455//454 454//453 
f 455//454 452//451 454//453 
f 452//451 450//449 454//453 
f 453//452 456//455 457//456 
f 456//455 458//457 457//456 
f 458//457 455//454 457//456 
f 455//454 453//452 457//456 
f 456//455 459//458 460//459 
f 459//458 461//460 460//459 
f 461//460 458//457 460//459 
f 458//457 456//455 460//459 
f 459//458 462//461 463//462 
f 462//461 464//463 463//462 
f 464//463 461//460 463//462 
f 461//460 459//458 463//462 
f 462//461 465//464 466//465 
f 465//464 467//466 466//465 
f 467//466 464//463 466//465 
f 464//463 462//461 466//465 
f 465//464 468//467 469//468 
f 468//467 470//469 469//468 
f 470//469 467//466 469//468 
f 467//466 465//464 469//468 
f 468//467 471//470 472//471 
f 471//470 473//472 472//471 
f 473//472 470//469 472//471 
f 470//469 468//467 472//471 
f 471//470 474//473 475//474 
f 474//473 476//475 475//474 
f 476//475 473//472 475//474 
f 473//472 471//470 475//474 
f 474//473 477//476 478//477 
f 477//476 479//478 478//477 
f 479//478 476//475 478//477 
f 476//475 474//473 478//477 
f 477//476 480//479 481//480 
f 480//479 482//481 481//480 
f 482//481 479//478 481//480 
f 479//478 477//476 481//480 
f 480//479 483//482 484//483 
f 483//482 485//484 484//483 
f 485//484 482//481 484//483 
f 482//481 480//479 484//483 
f 483//482 486//485 487//486 
f 486//485 488//487 487//486 
f 488//487 485//484 487//486 
f 485//484 483//482 487//486 
f 486//485 489//488 490//489 
f 489//488 491//490 490//489 
f 491//490 488//487 490//489 
f 488//487 486//485 490//489 
f 489//488 492//491 493//492 
f 492//491 494//493 493//492 
f 494//493 491//490 493//492 
f 491//490 489//488 493//492 
f 492//491 495//494 496//495 
f 495//494 497//496 496//495 
f 497//496 494//493 496//495 
f 494//493 492//491 496//495 
f 495//494 498//497 499//498 
f 498//497 500//499 499//498 
f 500//499 497//496 499//498 
f 497//496 495//494 499//498 
f 498//497 501//500 502//501 
f 501//500 503//502 502//501 
f 503//502 500//499 502//501 
f 500//499 498//497 502//501 
f 501//500 504//503 505//504 
f 504//503 506//505 505//504 
f 506//505 503//502 505//504 
f 503//502 501//500 505//504 
f 504//503 507//506 508//507 
f 507//506 509//508 508//507 
f 509//508 506//505 508//507 
f 506//505 504//503 508//507 
f 507//506 510//509 511//510 
f 510//509 512//511 511//510 
f 512//511 509//508 511//510 
f 509//508 507//506 511//510 
f 510//509 513//512 514//513 
f 513//512 515//514 514//513 
f 515//514 512//511 514//513 
f 512//511 510//509 514//513 
f 513//512 516//515 517//516 
f 516//515 518//517 517//516 
f 518//517 515//514 517//516 
f 515//514 513//512 517//516 
f 516//515 519//518 520//519 
f 519//518 521//520 520//519 
f 521//520 518//517 520//519 
f 518//517 516//515 520//519 
f 519//518 522//521 523//522 
f 522//521 524//523 523//522 
f 524//523 521//520 523//522 
f 521//520 519//518 523//522 
f 522//521 525//524 526//525 
f 525//524 527//526 526//525 
f 527//526 524//523 526//525 
f 524//523 522//521 526//525 
f 525//524 528//527 529//528 
f 528//527 530//529 529//528 
f 530//529 527//526 529//528 
f 527//526 525//524 529//528 
f 528//527 531//530 532//531 
f 531//530 533//532 532//531 
f 533//532 530//529 532//531 
f 530//529 528//527 532//531 
f 531//530 534//533 535//534 
f 534//533 536//535 535//534 
f 536//535 533//532 535//534 
f 533//532 531//530 535//534 
f 534//533 537//536 538//537 
f 537//536 539//538 538//537 
f 539//538 536//535 538//537 
f 536//535 534//533 538//537 
f 537//536 540//539 541//540 
f 540//539 542//541 541//540 
f 542//541 539//538 541//540 
f 539//538 537//536 541//540 
f 540//539 543//542 544//543 
f 543//542 545//544 544//543 
f 545//544 542//541 544//543 
f 542//541 540//539 544//543 
f 543//542 546//545 547//546 
f 546//545 548//547 547//546 
f 548//547 545//544 547//546 
f 545//544 543//542 547//546 
s 4
f 546//545 549//548 550//549 
f 549//548 551//550 550//549 
f 551//550 548//547 550//549 
f 548//547 546//545 550//549 
f 549//548 552//551 553//552 
f 552//551 554//553 553//552 
f 554//553 551//550 553//552 
f 551//550 549//548 553//552 
f 552//551 555//554 556//555 
f 555//554 557//556 556//555 
f 557//556 554//553 556//555 
f 554//553 552//551 556//555 
f 555//554 558//557 559//558 
f 558//557 560//559 559//558 
f 560//559 557//556 559//558 
f 557//556 555//554 559//558 
f 558//557 561//560 562//561 
f 561//560 563//562 562//561 
f 563//562 560//559 562//561 
f 560//559 558//557 562//561 
f 561//560 564//563 565//564 
f 564//563 566//565 565//564 
f 566//565 563//562 565//564 
f 563//562 561//560 565//564 
f 564//563 567//566 568//567 
f 567//566 569//568 568//567 
f 569//568 566//565 568//567 
f 566//565 564//563 568//567 
f 567//566 570//569 571//570 
f 570//569 572//571 571//570 
f 572//571 569//568 571//570 
f 569//568 567//566 571//570 
f 570//569 573//572 574//573 
f 573//572 575//574 574//573 
f 575//574 572//571 574//573 
f 572//571 570//569 574//573 
f 573//572 576//575 577//576 
f 576//575 578//577 577//576 
f 578//577 575//574 577//576 
f 575//574 573//572 577//576 
f 576//575 579//578 580//579 
f 579//578 581//580 580//579 
f 581//580 578//577 580//579 
f 578//577 576//575 580//579 
f 579//578 582//581 583//582 
f 582//581 584//583 583//582 
f 584//583 581//580 583//582 
f 581//580 579//578 583//582 
f 582//581 585//584 586//585 
f 585//584 587//586 586//585 
f 587//586 584//583 586//585 
f 584//583 582//581 586//585 
f 585//584 588//587 589//588 
f 588//587 590//589 589//588 
f 590//589 587//586 589//588 
f 587//586 585//584 589//588 
f 588//587 591//590 592//591 
f 591//590 593//592 592//591 
f 593//592 590//589 592//591 
f 590//589 588//587 592//591 
f 591//590 594//593 595//594 
f 594//593 596//595 595//594 
f 596//595 593//592 595//594 
f 593//592 591//590 595//594 
f 594//593 597//596 598//597 
f 597//596 599//598 598//597 
f 599//598 596//595 598//597 
f 596//595 594//593 598//597 
f 597//596 600//599 601//600 
f 600//599 602//601 601//600 
f 602//601 599//598 601//600 
f 599//598 597//596 601//600 
s 2
f 600//599 603//602 604//603 
f 603//602 605//604 604//603 
f 605//604 602//601 604//603 
f 602//601 600//599 604//603 
s 4
f 603//602 606//605 607//606 
f 606//605 608//607 607//606 
f 608//607 605//604 607//606 
f 605//604 603//602 607//606 
s 2
f 606//605 609//608 610//609 
f 609//608 611//610 610//609 
f 611//610 608//607 610//609 
f 608//607 606//605 610//609 
f 609//608 612//611 613//235 
f 612//611 614//612 613//235 
f 614//612 611//610 613//235 
f 611//610 609//608 613//235 
f 612//611 615//613 616//614 
f 615//613 617//615 616//614 
f 617//615 614//612 616//614 
f 614//612 612//611 616//614 
f 615//613 618//616 619//617 
f 618//616 620//618 619//617 
f 620//618 617//615 619//617 
f 617//615 615//613 619//617 
f 618//616 621//619 622//620 
f 621//619 623//621 622//620 
f 623//621 620//618 622//620 
f 620//618 618//616 622//620 
f 621//619 624//622 625//623 
f 624//622 626//624 625//623 
f 626//624 623//621 625//623 
f 623//621 621//619 625//623 
f 624//622 627//625 628//626 
f 627//625 629//627 628//626 
f 629//627 626//624 628//626 
f 626//624 624//622 628//626 
f 627//625 630//628 631//629 
f 630//628 632//630 631//629 
f 632//630 629//627 631//629 
f 629//627 627//625 631//629 
f 630//628 633//631 634//632 
f 633//631 635//633 634//632 
f 635//633 632//630 634//632 
f 632//630 630//628 634//632 
s 4
f 633//631 636//634 637//635 
f 636//634 638//636 637//635 
f 638//636 635//633 637//635 
f 635//633 633//631 637//635 
s 3
f 636//634 1//1 639//637 
f 1//1 5//5 639//637 
f 5//5 638//636 639//637 
f 638//636 636//634 639//637 
s 1
f 640//638 641//639 642//640 
f 641//639 643//641 642//640 
f 643//641 644//642 642//640 
f 644//642 640//638 642//640 
s 3
f 641//639 645//643 646//644 
f 645//643 647//645 646//644 
f 647//645 643//641 646//644 
f 643//641 641//639 646//644 
s 2
f 645//643 648//646 649//647 
f 648//646 650//648 649//647 
f 650//648 647//645 649//647 
f 647//645 645//643 649//647 
f 648//646 651//649 652//650 
f 651//649 653//651 652//650 
f 653//651 650//648 652//650 
f 650//648 648//646 652//650 
f 651//649 654//652 655//653 
f 654//652 656//654 655//653 
f 656//654 653//651 655//653 
f 653//651 651//649 655//653 
f 654//652 657//655 658//656 
f 657//655 659//657 658//656 
f 659//657 656//654 658//656 
f 656//654 654//652 658//656 
f 657//655 660//658 661//659 
f 660//658 662//660 661//659 
f 662//660 659//657 661//659 
f 659//657 657//655 661//659 
f 660//658 663//661 664//662 
f 663//661 665//663 664//662 
f 665//663 662//660 664//662 
f 662//660 660//658 664//662 
f 663//661 666//664 667//665 
f 666//664 668//666 667//665 
f 668//666 665//663 667//665 
f 665//663 663//661 667//665 
f 666//664 669//667 670//668 
f 669//667 671//669 670//668 
f 671//669 668//666 670//668 
f 668//666 666//664 670//668 
f 669//667 672//670 673//671 
f 672//670 674//672 673//671 
f 674//672 671//669 673//671 
f 671//669 669//667 673//671 
f 672//670 675//673 676//674 
f 675//673 677//675 676//674 
f 677//675 674//672 676//674 
f 674//672 672//670 676//674 
f 675//673 678//676 679//677 
f 678//676 680//678 679//677 
f 680//678 677//675 679//677 
f 677//675 675//673 679//677 
f 678//676 681//679 682//680 
f 681//679 683//681 682//680 
f 683//681 680//678 682//680 
f 680//678 678//676 682//680 
f 681//679 684//682 685//683 
f 684//682 686//684 685//683 
f 686//684 683//681 685//683 
f 683//681 681//679 685//683 
f 684//682 687//685 688//686 
f 687//685 689//687 688//686 
f 689//687 686//684 688//686 
f 686//684 684//682 688//686 
f 687//685 690//688 691//689 
f 690//688 692//690 691//689 
f 692//690 689//687 691//689 
f 689//687 687//685 691//689 
f 690//688 693//691 694//692 
f 693//691 695//693 694//692 
f 695//693 692//690 694//692 
f 692//690 690//688 694//692 
f 693//691 696//694 697//695 
f 696//694 698//696 697//695 
f 698//696 695//693 697//695 
f 695//693 693//691 697//695 
f 696//694 699//697 700//698 
f 699//697 701//699 700//698 
f 701//699 698//696 700//698 
f 698//696 696//694 700//698 
f 699//697 702//700 703//701 
f 702//700 704//702 703//701 
f 704//702 701//699 703//701 
f 701//699 699//697 703//701 
f 702//700 705//703 706//704 
f 705//703 707//705 706//704 
f 707//705 704//702 706//704 
f 704//702 702//700 706//704 
f 705//703 708//706 709//707 
f 708//706 710//708 709//707 
f 710//708 707//705 709//707 
f 707//705 705//703 709//707 
f 708//706 711//709 712//710 
f 711//709 713//711 712//710 
f 713//711 710//708 712//710 
f 710//708 708//706 712//710 
f 711//709 714//712 715//713 
f 714//712 716//714 715//713 
f 716//714 713//711 715//713 
f 713//711 711//709 715//713 
f 714//712 717//715 718//716 
f 717//715 719//717 718//716 
f 719//717 716//714 718//716 
f 716//714 714//712 718//716 
f 717//715 720//718 721//719 
f 720//718 722//720 721//719 
f 722//720 719//717 721//719 
f 719//717 717//715 721//719 
f 720//718 723//721 724//722 
f 723//721 725//723 724//722 
f 725//723 722//720 724//722 
f 722//720 720//718 724//722 
f 723//721 726//724 727//725 
f 726//724 728//726 727//725 
f 728//726 725//723 727//725 
f 725//723 723//721 727//725 
f 726//724 729//727 730//728 
f 729//727 731//729 730//728 
f 731//729 728//726 730//728 
f 728//726 726//724 730//728 
f 729//727 732//730 733//731 
f 732//730 734//732 733//731 
f 734//732 731//729 733//731 
f 731//729 729//727 733//731 
f 732//730 735//733 736//734 
f 735//733 737//735 736//734 
f 737//735 734//732 736//734 
f 734//732 732//730 736//734 
f 735//733 738//736 739//737 
f 738//736 740//738 739//737 
f 740//738 737//735 739//737 
f 737//735 735//733 739//737 
f 738//736 741//739 742//740 
f 741//739 743//741 742//740 
f 743//741 740//738 742//740 
f 740//738 738//736 742//740 
f 741//739 744//742 745//743 
f 744//742 746//744 745//743 
f 746//744 743//741 745//743 
f 743//741 741//739 745//743 
s 3
f 744//742 640//638 747//745 
f 640//638 644//642 747//745 
f 644//642 746//744 747//745 
f 746//744 744//742 747//745 
s 16
f 687//685 684//682 748//746 
f 684//682 24//24 748//746 
f 161//161 4//4 749//747 
f 4//4 8//8 749//747 
f 8//8 161//161 749//747 
f 684//682 681//679 750//746 
f 681//679 24//24 750//746 
f 24//24 684//682 750//746 
f 681//679 678//676 751//746 
f 678//676 24//24 751//746 
f 24//24 681//679 751//746 
f 678//676 675//673 752//746 
f 675//673 24//24 752//746 
f 24//24 678//676 752//746 
f 675//673 672//670 753//746 
f 672//670 24//24 753//746 
f 24//24 675//673 753//746 
f 672//670 669//667 754//746 
f 669//667 24//24 754//746 
f 24//24 672//670 754//746 
f 669//667 666//664 755//746 
f 666//664 24//24 755//746 
f 24//24 669//667 755//746 
f 666//664 663//661 756//746 
f 663//661 51//51 756//746 
f 51//51 48//48 756//746 
f 48//48 45//45 756//746 
f 45//45 42//42 756//746 
f 42//42 39//39 756//746 
f 39//39 36//36 756//746 
f 36//36 33//33 756//746 
f 33//33 30//30 756//746 
f 30//30 27//27 756//746 
f 27//27 24//24 756//746 
f 24//24 666//664 756//746 
f 663//661 660//658 757//746 
f 660//658 54//54 757//746 
f 54//54 51//51 757//746 
f 51//51 663//661 757//746 
f 660//658 657//655 758//746 
f 657//655 57//57 758//746 
f 57//57 54//54 758//746 
f 54//54 660//658 758//746 
f 657//655 654//652 759//746 
f 654//652 60//60 759//746 
f 60//60 57//57 759//746 
f 57//57 657//655 759//746 
f 654//652 651//649 760//746 
f 651//649 63//63 760//746 
f 63//63 60//60 760//746 
f 60//60 654//652 760//746 
f 651//649 648//646 761//746 
f 648//646 66//66 761//746 
f 66//66 63//63 761//746 
f 63//63 651//649 761//746 
f 648//646 645//643 762//746 
f 645//643 69//69 762//746 
f 69//69 66//66 762//746 
f 66//66 648//646 762//746 
f 645//643 641//639 763//746 
f 641//639 72//72 763//746 
f 72//72 69//69 763//746 
f 69//69 645//643 763//746 
f 641//639 640//638 764//746 
f 640//638 75//75 764//746 
f 75//75 72//72 764//746 
f 72//72 641//639 764//746 
f 640//638 744//742 765//746 
f 744//742 78//78 765//746 
f 78//78 75//75 765//746 
f 75//75 640//638 765//746 
f 744//742 741//739 766//746 
f 741//739 81//81 766//746 
f 81//81 78//78 766//746 
f 78//78 744//742 766//746 
f 741//739 738//736 767//746 
f 738//736 81//81 767//746 
f 81//81 741//739 767//746 
f 738//736 735//733 768//746 
f 735//733 84//84 768//746 
f 84//84 81//81 768//746 
f 81//81 738//736 768//746 
f 735//733 732//730 769//746 
f 732//730 90//90 769//746 
f 90//90 87//87 769//746 
f 87//87 84//84 769//746 
f 84//84 735//733 769//746 
f 732//730 729//727 770//746 
f 729//727 93//93 770//746 
f 93//93 90//90 770//746 
f 90//90 732//730 770//746 
f 729//727 726//724 771//746 
f 726//724 96//96 771//746 
f 96//96 93//93 771//746 
f 93//93 729//727 771//746 
f 726//724 723//721 772//746 
f 723//721 99//99 772//746 
f 99//99 96//96 772//746 
f 96//96 726//724 772//746 
f 723//721 720//718 773//746 
f 720//718 102//102 773//746 
f 102//102 99//99 773//746 
f 99//99 723//721 773//746 
f 720//718 717//715 774//746 
f 717//715 105//105 774//746 
f 105//105 102//102 774//746 
f 102//102 720//718 774//746 
f 717//715 714//712 775//746 
f 714//712 108//108 775//746 
f 108//108 105//105 775//746 
f 105//105 717//715 775//746 
f 714//712 711//709 776//746 
f 711//709 114//114 776//746 
f 114//114 111//111 776//746 
f 111//111 108//108 776//746 
f 108//108 714//712 776//746 
f 711//709 708//706 777//746 
f 708//706 117//117 777//746 
f 117//117 114//114 777//746 
f 114//114 711//709 777//746 
f 708//706 705//703 778//746 
f 705//703 123//123 778//746 
f 123//123 120//120 778//746 
f 120//120 117//117 778//746 
f 117//117 708//706 778//746 
f 705//703 702//700 779//746 
f 702//700 129//129 779//746 
f 129//129 126//126 779//746 
f 126//126 123//123 779//746 
f 123//123 705//703 779//746 
f 702//700 699//697 780//746 
f 699//697 132//132 780//746 
f 132//132 129//129 780//746 
f 129//129 702//700 780//746 
f 699//697 696//694 781//746 
f 696//694 135//135 781//746 
f 135//135 132//132 781//746 
f 132//132 699//697 781//746 
f 696//694 693//691 782//746 
f 693//691 141//141 782//746 
f 141//141 138//138 782//746 
f 138//138 135//135 782//746 
f 135//135 696//694 782//746 
f 693//691 690//688 783//746 
f 690//688 147//147 783//746 
f 147//147 144//144 783//746 
f 144//144 141//141 783//746 
f 141//141 693//691 783//746 
f 687//685 748//746 24//24 784//746 
f 24//24 21//21 784//746 
f 21//21 687//685 784//746 
f 21//21 18//18 785//746 
f 18//18 159//159 785//746 
f 159//159 156//156 785//746 
f 156//156 153//153 785//746 
f 153//153 150//150 785//746 
f 150//150 147//147 785//746 
f 147//147 690//688 785//746 
f 690//688 687//685 785//746 
f 687//685 21//21 785//746 
f 18//18 15//15 786//746 
f 15//15 159//159 786//746 
f 159//159 18//18 786//746 
f 15//15 12//12 787//746 
f 12//12 159//159 787//746 
f 159//159 15//15 787//746 
f 12//12 9//9 788//746 
f 9//9 159//159 788//746 
f 159//159 12//12 788//746 
f 9//9 6//6 789//746 
f 6//6 159//159 789//746 
f 159//159 9//9 789//746 
f 6//6 2//2 790//746 
f 2//2 561//560 790//746 
f 561//560 558//557 790//746 
f 558//557 159//159 790//746 
f 159//159 6//6 790//746 
f 2//2 1//1 791//746 
f 1//1 564//563 791//746 
f 564//563 561//560 791//746 
f 561//560 2//2 791//746 
f 558//557 555//554 792//746 
f 555//554 162//162 792//746 
f 162//162 159//159 792//746 
f 159//159 558//557 792//746 
f 555//554 552//551 793//746 
f 552//551 168//168 793//746 
f 168//168 165//165 793//746 
f 165//165 162//162 793//746 
f 162//162 555//554 793//746 
f 552//551 549//548 794//746 
f 549//548 174//174 794//746 
f 174//174 171//171 794//746 
f 171//171 168//168 794//746 
f 168//168 552//551 794//746 
f 549//548 546//545 795//746 
f 546//545 180//180 795//746 
f 180//180 177//177 795//746 
f 177//177 174//174 795//746 
f 174//174 549//548 795//746 
f 435//434 432//431 796//746 
f 432//431 429//428 796//746 
f 429//428 426//425 796//746 
f 426//425 423//422 796//746 
f 423//422 420//419 796//746 
f 420//419 417//416 796//746 
f 417//416 414//413 796//746 
f 414//413 411//410 796//746 
f 411//410 294//294 796//746 
f 294//294 291//291 796//746 
f 291//291 435//434 796//746 
f 411//410 408//407 797//746 
f 408//407 294//294 797//746 
f 294//294 411//410 797//746 
f 291//291 288//288 798//746 
f 288//288 441//440 798//746 
f 441//440 438//437 798//746 
f 438//437 435//434 798//746 
f 435//434 291//291 798//746 
f 288//288 285//285 799//746 
f 285//285 444//443 799//746 
f 444//443 441//440 799//746 
f 441//440 288//288 799//746 
f 285//285 282//282 800//746 
f 282//282 447//446 800//746 
f 447//446 444//443 800//746 
f 444//443 285//285 800//746 
f 282//282 279//279 801//746 
f 279//279 450//449 801//746 
f 450//449 447//446 801//746 
f 447//446 282//282 801//746 
f 279//279 276//276 802//746 
f 276//276 456//455 802//746 
f 456//455 453//452 802//746 
f 453//452 450//449 802//746 
f 450//449 279//279 802//746 
f 276//276 273//273 803//746 
f 273//273 459//458 803//746 
f 459//458 456//455 803//746 
f 456//455 276//276 803//746 
f 273//273 270//270 804//746 
f 270//270 462//461 804//746 
f 462//461 459//458 804//746 
f 459//458 273//273 804//746 
f 270//270 267//267 805//746 
f 267//267 465//464 805//746 
f 465//464 462//461 805//746 
f 462//461 270//270 805//746 
f 267//267 264//264 806//746 
f 264//264 468//467 806//746 
f 468//467 465//464 806//746 
f 465//464 267//267 806//746 
f 264//264 261//261 807//746 
f 261//261 471//470 807//746 
f 471//470 468//467 807//746 
f 468//467 264//264 807//746 
f 261//261 258//258 808//746 
f 258//258 474//473 808//746 
f 474//473 471//470 808//746 
f 471//470 261//261 808//746 
f 258//258 255//255 809//746 
f 255//255 477//476 809//746 
f 477//476 474//473 809//746 
f 474//473 258//258 809//746 
f 255//255 252//252 810//746 
f 252//252 480//479 810//746 
f 480//479 477//476 810//746 
f 477//476 255//255 810//746 
f 252//252 249//249 811//746 
f 249//249 483//482 811//746 
f 483//482 480//479 811//746 
f 480//479 252//252 811//746 
f 249//249 246//246 812//746 
f 246//246 489//488 812//746 
f 489//488 486//485 812//746 
f 486//485 483//482 812//746 
f 483//482 249//249 812//746 
f 246//246 243//243 813//746 
f 243//243 492//491 813//746 
f 492//491 489//488 813//746 
f 489//488 246//246 813//746 
f 243//243 240//240 814//746 
f 240//240 495//494 814//746 
f 495//494 492//491 814//746 
f 492//491 243//243 814//746 
f 240//240 237//237 815//746 
f 237//237 501//500 815//746 
f 501//500 498//497 815//746 
f 498//497 495//494 815//746 
f 495//494 240//240 815//746 
f 237//237 234//234 816//746 
f 234//234 504//503 816//746 
f 504//503 501//500 816//746 
f 501//500 237//237 816//746 
f 234//234 231//231 817//746 
f 231//231 507//506 817//746 
f 507//506 504//503 817//746 
f 504//503 234//234 817//746 
f 231//231 228//228 818//746 
f 228//228 510//509 818//746 
f 510//509 507//506 818//746 
f 507//506 231//231 818//746 
f 228//228 225//225 819//746 
f 225//225 513//512 819//746 
f 513//512 510//509 819//746 
f 510//509 228//228 819//746 
f 225//225 222//222 820//746 
f 222//222 516//515 820//746 
f 516//515 513//512 820//746 
f 513//512 225//225 820//746 
f 222//222 219//219 821//746 
f 219//219 519//518 821//746 
f 519//518 516//515 821//746 
f 516//515 222//222 821//746 
f 219//219 216//216 822//746 
f 216//216 522//521 822//746 
f 522//521 519//518 822//746 
f 519//518 219//219 822//746 
f 216//216 213//213 823//746 
f 213//213 528//527 823//746 
f 528//527 525//524 823//746 
f 525//524 522//521 823//746 
f 522//521 216//216 823//746 
f 213//213 210//210 824//746 
f 210//210 531//530 824//746 
f 531//530 528//527 824//746 
f 528//527 213//213 824//746 
f 210//210 207//207 825//746 
f 207//207 531//530 825//746 
f 531//530 210//210 825//746 
f 207//207 204//204 826//746 
f 204//204 534//533 826//746 
f 534//533 531//530 826//746 
f 531//530 207//207 826//746 
f 204//204 201//201 827//746 
f 201//201 534//533 827//746 
f 534//533 204//204 827//746 
f 201//201 198//198 828//746 
f 198//198 537//536 828//746 
f 537//536 534//533 828//746 
f 534//533 201//201 828//746 
f 198//198 195//195 829//746 
f 195//195 540//539 829//746 
f 540//539 537//536 829//746 
f 537//536 198//198 829//746 
f 195//195 192//192 830//746 
f 192//192 540//539 830//746 
f 540//539 195//195 830//746 
f 192//192 189//189 831//746 
f 189//189 543//542 831//746 
f 543//542 540//539 831//746 
f 540//539 192//192 831//746 
f 189//189 186//186 832//746 
f 186//186 546//545 832//746 
f 546//545 543//542 832//746 
f 543//542 189//189 832//746 
f 186//186 183//183 833//746 
f 183//183 180//180 833//746 
f 180//180 546//545 833//746 
f 546//545 186//186 833//746 
f 408//407 405//404 834//746 
f 405//404 294//294 834//746 
f 294//294 408//407 834//746 
f 405//404 402//401 835//746 
f 402//401 294//294 835//746 
f 294//294 405//404 835//746 
f 402//401 399//398 836//746 
f 399//398 297//297 836//746 
f 297//297 294//294 836//746 
f 294//294 402//401 836//746 
f 399//398 396//395 837//746 
f 396//395 297//297 837//746 
f 297//297 399//398 837//746 
f 396//395 393//392 838//746 
f 393//392 297//297 838//746 
f 297//297 396//395 838//746 
f 393//392 390//389 839//746 
f 390//389 297//297 839//746 
f 297//297 393//392 839//746 
f 390//389 387//386 840//746 
f 387//386 297//297 840//746 
f 297//297 390//389 840//746 
f 387//386 384//383 841//746 
f 384//383 297//297 841//746 
f 297//297 387//386 841//746 
f 384//383 381//380 842//746 
f 381//380 297//297 842//746 
f 297//297 384//383 842//746 
f 381//380 378//377 843//746 
f 378//377 300//300 843//746 
f 300//300 297//297 843//746 
f 297//297 381//380 843//746 
f 378//377 375//374 844//746 
f 375//374 300//300 844//746 
f 300//300 378//377 844//746 
f 375//374 372//371 845//746 
f 372//371 303//302 845//746 
f 303//302 300//300 845//746 
f 300//300 375//374 845//746 
f 372//371 369//368 846//746 
f 369//368 303//302 846//746 
f 303//302 372//371 846//746 
f 369//368 366//365 847//746 
f 366//365 306//305 847//746 
f 306//305 303//302 847//746 
f 303//302 369//368 847//746 
f 366//365 363//362 848//746 
f 363//362 306//305 848//746 
f 306//305 366//365 848//746 
f 363//362 360//359 849//746 
f 360//359 309//308 849//746 
f 309//308 306//305 849//746 
f 306//305 363//362 849//746 
f 360//359 357//356 850//746 
f 357//356 312//311 850//746 
f 312//311 309//308 850//746 
f 309//308 360//359 850//746 
f 357//356 354//353 851//746 
f 354//353 315//314 851//746 
f 315//314 312//311 851//746 
f 312//311 357//356 851//746 
f 354//353 351//350 852//746 
f 351//350 318//317 852//746 
f 318//317 315//314 852//746 
f 315//314 354//353 852//746 
f 351//350 348//347 853//746 
f 348//347 318//317 853//746 
f 318//317 351//350 853//746 
f 348//347 345//344 854//746 
f 345//344 321//320 854//746 
f 321//320 318//317 854//746 
f 318//317 348//347 854//746 
f 345//344 342//341 855//746 
f 342//341 324//323 855//746 
f 324//323 321//320 855//746 
f 321//320 345//344 855//746 
f 342//341 339//338 856//746 
f 339//338 324//323 856//746 
f 324//323 342//341 856//746 
f 339//338 336//335 857//746 
f 336//335 327//326 857//746 
f 327//326 324//323 857//746 
f 324//323 339//338 857//746 
f 336//335 333//332 858//746 
f 333//332 327//326 858//746 
f 327//326 336//335 858//746 
f 333//332 330//329 859//746 
f 330//329 327//326 859//746 
f 327//326 333//332 859//746 
f 1//1 636//634 860//746 
f 636//634 567//566 860//746 
f 567//566 564//563 860//746 
f 564//563 1//1 860//746 
f 606//605 603//602 861//746 
f 603//602 600//599 861//746 
f 600//599 597//596 861//746 
f 597//596 606//605 861//746 
f 597//596 594//593 862//746 
f 594//593 618//616 862//746 
f 618//616 615//613 862//746 
f 615//613 612//611 862//746 
f 612//611 609//608 862//746 
f 609//608 606//605 862//746 
f 606//605 597//596 862//746 
f 594//593 591//590 863//746 
f 591//590 624//622 863//746 
f 624//622 621//619 863//746 
f 621//619 618//616 863//746 
f 618//616 594//593 863//746 
f 591//590 588//587 864//746 
f 588//587 633//631 864//746 
f 633//631 630//628 864//746 
f 630//628 627//625 864//746 
f 627//625 624//622 864//746 
f 624//622 591//590 864//746 
f 588//587 585//584 865//746 
f 585//584 636//634 865//746 
f 636//634 633//631 865//746 
f 633//631 588//587 865//746 
f 585//584 582//581 866//746 
f 582//581 636//634 866//746 
f 636//634 585//584 866//746 
f 582//581 579//578 867//746 
f 579//578 636//634 867//746 
f 636//634 582//581 867//746 
f 579//578 576//575 868//746 
f 576//575 636//634 868//746 
f 636//634 579//578 868//746 
f 576//575 573//572 869//746 
f 573//572 636//634 869//746 
f 636//634 576//575 869//746 
f 573//572 570//569 870//746 
f 570//569 636//634 870//746 
f 636//634 573//572 870//746 
f 570//569 567//566 871//746 
f 567//566 636//634 871//746 
f 636//634 570//569 871//746 
f 161//161 560//559 872//747 
f 560//559 563//562 872//747 
f 563//562 161//161 872//747 
f 8//8 11//11 873//747 
f 11//11 161//161 873//747 
f 161//161 8//8 873//747 
f 11//11 14//14 874//747 
f 14//14 161//161 874//747 
f 161//161 11//11 874//747 
f 14//14 17//17 875//747 
f 17//17 161//161 875//747 
f 161//161 14//14 875//747 
f 17//17 20//20 876//747 
f 20//20 161//161 876//747 
f 161//161 17//17 876//747 
f 20//20 23//23 877//747 
f 23//23 689//687 877//747 
f 689//687 692//690 877//747 
f 692//690 149//149 877//747 
f 149//149 152//152 877//747 
f 152//152 155//155 877//747 
f 155//155 158//158 877//747 
f 158//158 161//161 877//747 
f 161//161 20//20 877//747 
f 23//23 26//26 878//747 
f 26//26 879//747 689//687 878//747 
f 689//687 23//23 878//747 
f 692//690 695//693 880//747 
f 695//693 143//143 880//747 
f 143//143 146//146 880//747 
f 146//146 149//149 880//747 
f 149//149 692//690 880//747 
f 695//693 698//696 881//747 
f 698//696 137//137 881//747 
f 137//137 140//140 881//747 
f 140//140 143//143 881//747 
f 143//143 695//693 881//747 
f 698//696 701//699 882//747 
f 701//699 134//134 882//747 
f 134//134 137//137 882//747 
f 137//137 698//696 882//747 
f 701//699 704//702 883//747 
f 704//702 131//131 883//747 
f 131//131 134//134 883//747 
f 134//134 701//699 883//747 
f 704//702 707//705 884//747 
f 707//705 125//125 884//747 
f 125//125 128//128 884//747 
f 128//128 131//131 884//747 
f 131//131 704//702 884//747 
f 707//705 710//708 885//747 
f 710//708 119//119 885//747 
f 119//119 122//122 885//747 
f 122//122 125//125 885//747 
f 125//125 707//705 885//747 
f 710//708 713//711 886//747 
f 713//711 116//116 886//747 
f 116//116 119//119 886//747 
f 119//119 710//708 886//747 
f 713//711 716//714 887//747 
f 716//714 110//110 887//747 
f 110//110 113//113 887//747 
f 113//113 116//116 887//747 
f 116//116 713//711 887//747 
f 716//714 719//717 888//747 
f 719//717 107//107 888//747 
f 107//107 110//110 888//747 
f 110//110 716//714 888//747 
f 719//717 722//720 889//747 
f 722//720 104//104 889//747 
f 104//104 107//107 889//747 
f 107//107 719//717 889//747 
f 722//720 725//723 890//747 
f 725//723 101//101 890//747 
f 101//101 104//104 890//747 
f 104//104 722//720 890//747 
f 725//723 728//726 891//747 
f 728//726 98//98 891//747 
f 98//98 101//101 891//747 
f 101//101 725//723 891//747 
f 728//726 731//729 892//747 
f 731//729 95//95 892//747 
f 95//95 98//98 892//747 
f 98//98 728//726 892//747 
f 731//729 734//732 893//747 
f 734//732 92//92 893//747 
f 92//92 95//95 893//747 
f 95//95 731//729 893//747 
f 734//732 737//735 894//747 
f 737//735 86//86 894//747 
f 86//86 89//89 894//747 
f 89//89 92//92 894//747 
f 92//92 734//732 894//747 
f 737//735 740//738 895//747 
f 740//738 83//83 895//747 
f 83//83 86//86 895//747 
f 86//86 737//735 895//747 
f 740//738 743//741 896//747 
f 743//741 83//83 896//747 
f 83//83 740//738 896//747 
f 743//741 746//744 897//747 
f 746//744 80//80 897//747 
f 80//80 83//83 897//747 
f 83//83 743//741 897//747 
f 746//744 644//642 898//747 
f 644//642 77//77 898//747 
f 77//77 80//80 898//747 
f 80//80 746//744 898//747 
f 644//642 643//641 899//747 
f 643//641 74//74 899//747 
f 74//74 77//77 899//747 
f 77//77 644//642 899//747 
f 643//641 647//645 900//747 
f 647//645 71//71 900//747 
f 71//71 74//74 900//747 
f 74//74 643//641 900//747 
f 647//645 650//648 901//747 
f 650//648 68//68 901//747 
f 68//68 71//71 901//747 
f 71//71 647//645 901//747 
f 650//648 653//651 902//747 
f 653//651 65//65 902//747 
f 65//65 68//68 902//747 
f 68//68 650//648 902//747 
f 653//651 656//654 903//747 
f 656//654 62//62 903//747 
f 62//62 65//65 903//747 
f 65//65 653//651 903//747 
f 656//654 659//657 904//747 
f 659//657 59//59 904//747 
f 59//59 62//62 904//747 
f 62//62 656//654 904//747 
f 659//657 662//660 905//747 
f 662//660 56//56 905//747 
f 56//56 59//59 905//747 
f 59//59 659//657 905//747 
f 662//660 665//663 906//747 
f 665//663 53//53 906//747 
f 53//53 56//56 906//747 
f 56//56 662//660 906//747 
f 665//663 668//666 907//747 
f 668//666 26//26 907//747 
f 26//26 29//29 907//747 
f 29//29 32//32 907//747 
f 32//32 35//35 907//747 
f 35//35 38//38 907//747 
f 38//38 41//41 907//747 
f 41//41 44//44 907//747 
f 44//44 47//47 907//747 
f 47//47 50//50 907//747 
f 50//50 53//53 907//747 
f 53//53 665//663 907//747 
f 668//666 671//669 908//747 
f 671//669 26//26 908//747 
f 26//26 668//666 908//747 
f 671//669 674//672 909//747 
f 674//672 26//26 909//747 
f 26//26 671//669 909//747 
f 674//672 677//675 910//747 
f 677//675 26//26 910//747 
f 26//26 674//672 910//747 
f 677//675 680//678 911//747 
f 680//678 26//26 911//747 
f 26//26 677//675 911//747 
f 680//678 683//681 912//747 
f 683//681 26//26 912//747 
f 26//26 680//678 912//747 
f 683//681 686//684 913//747 
f 686//684 26//26 913//747 
f 26//26 683//681 913//747 
f 686//684 689//687 879//747 
f 26//26 686//684 879//747 
f 176//176 179//179 914//747 
f 179//179 182//182 914//747 
f 182//182 185//185 914//747 
f 185//185 188//188 914//747 
f 188//188 548//547 914//747 
f 548//547 551//550 914//747 
f 551//550 176//176 914//747 
f 563//562 566//565 915//747 
f 566//565 4//4 915//747 
f 4//4 161//161 915//747 
f 161//161 563//562 915//747 
f 566//565 569//568 916//747 
f 569//568 5//5 916//747 
f 5//5 4//4 916//747 
f 4//4 566//565 916//747 
f 569//568 572//571 917//747 
f 572//571 638//636 917//747 
f 638//636 5//5 917//747 
f 5//5 569//568 917//747 
f 572//571 575//574 918//747 
f 575//574 638//636 918//747 
f 638//636 572//571 918//747 
f 575//574 578//577 919//747 
f 578//577 638//636 919//747 
f 638//636 575//574 919//747 
f 578//577 581//580 920//747 
f 581//580 638//636 920//747 
f 638//636 578//577 920//747 
f 581//580 584//583 921//747 
f 584//583 638//636 921//747 
f 638//636 581//580 921//747 
f 584//583 587//586 922//747 
f 587//586 638//636 922//747 
f 638//636 584//583 922//747 
f 587//586 590//589 923//747 
f 590//589 635//633 923//747 
f 635//633 638//636 923//747 
f 638//636 587//586 923//747 
f 590//589 593//592 924//747 
f 593//592 626//624 924//747 
f 626//624 629//627 924//747 
f 629//627 632//630 924//747 
f 632//630 635//633 924//747 
f 635//633 590//589 924//747 
f 593//592 596//595 925//747 
f 596//595 620//618 925//747 
f 620//618 623//621 925//747 
f 623//621 626//624 925//747 
f 626//624 593//592 925//747 
f 596//595 599//598 926//747 
f 599//598 608//607 926//747 
f 608//607 611//610 926//747 
f 611//610 614//612 926//747 
f 614//612 617//615 926//747 
f 617//615 620//618 926//747 
f 620//618 596//595 926//747 
f 599//598 602//601 927//747 
f 602//601 605//604 927//747 
f 605//604 608//607 927//747 
f 608//607 599//598 927//747 
f 188//188 191//191 928//747 
f 191//191 545//544 928//747 
f 545//544 548//547 928//747 
f 548//547 188//188 928//747 
f 551//550 554//553 929//747 
f 554//553 170//170 929//747 
f 170//170 173//173 929//747 
f 173//173 176//176 929//747 
f 176//176 551//550 929//747 
f 554//553 557//556 930//747 
f 557//556 164//164 930//747 
f 164//164 167//167 930//747 
f 167//167 170//170 930//747 
f 170//170 554//553 930//747 
f 557//556 560//559 931//747 
f 560//559 161//161 931//747 
f 161//161 164//164 931//747 
f 164//164 557//556 931//747 
f 191//191 194//194 932//747 
f 194//194 542//541 932//747 
f 542//541 545//544 932//747 
f 545//544 191//191 932//747 
f 194//194 197//197 933//747 
f 197//197 542//541 933//747 
f 542//541 194//194 933//747 
f 197//197 200//200 934//747 
f 200//200 539//538 934//747 
f 539//538 542//541 934//747 
f 542//541 197//197 934//747 
f 200//200 203//203 935//747 
f 203//203 536//535 935//747 
f 536//535 539//538 935//747 
f 539//538 200//200 935//747 
f 203//203 206//206 936//747 
f 206//206 536//535 936//747 
f 536//535 203//203 936//747 
f 206//206 209//209 937//747 
f 209//209 533//532 937//747 
f 533//532 536//535 937//747 
f 536//535 206//206 937//747 
f 209//209 212//212 938//747 
f 212//212 533//532 938//747 
f 533//532 209//209 938//747 
f 212//212 215//215 939//747 
f 215//215 530//529 939//747 
f 530//529 533//532 939//747 
f 533//532 212//212 939//747 
f 215//215 218//218 940//747 
f 218//218 524//523 940//747 
f 524//523 527//526 940//747 
f 527//526 530//529 940//747 
f 530//529 215//215 940//747 
f 218//218 221//221 941//747 
f 221//221 521//520 941//747 
f 521//520 524//523 941//747 
f 524//523 218//218 941//747 
f 221//221 224//224 942//747 
f 224//224 518//517 942//747 
f 518//517 521//520 942//747 
f 521//520 221//221 942//747 
f 224//224 227//227 943//747 
f 227//227 515//514 943//747 
f 515//514 518//517 943//747 
f 518//517 224//224 943//747 
f 227//227 230//230 944//747 
f 230//230 512//511 944//747 
f 512//511 515//514 944//747 
f 515//514 227//227 944//747 
f 230//230 233//233 945//747 
f 233//233 509//508 945//747 
f 509//508 512//511 945//747 
f 512//511 230//230 945//747 
f 233//233 236//236 946//747 
f 236//236 506//505 946//747 
f 506//505 509//508 946//747 
f 509//508 233//233 946//747 
f 236//236 239//239 947//747 
f 239//239 503//502 947//747 
f 503//502 506//505 947//747 
f 506//505 236//236 947//747 
f 239//239 242//242 948//747 
f 242//242 497//496 948//747 
f 497//496 500//499 948//747 
f 500//499 503//502 948//747 
f 503//502 239//239 948//747 
f 242//242 245//245 949//747 
f 245//245 494//493 949//747 
f 494//493 497//496 949//747 
f 497//496 242//242 949//747 
f 245//245 248//248 950//747 
f 248//248 491//490 950//747 
f 491//490 494//493 950//747 
f 494//493 245//245 950//747 
f 248//248 251//251 951//747 
f 251//251 485//484 951//747 
f 485//484 488//487 951//747 
f 488//487 491//490 951//747 
f 491//490 248//248 951//747 
f 251//251 254//254 952//747 
f 254//254 482//481 952//747 
f 482//481 485//484 952//747 
f 485//484 251//251 952//747 
f 254//254 257//257 953//747 
f 257//257 479//478 953//747 
f 479//478 482//481 953//747 
f 482//481 254//254 953//747 
f 257//257 260//260 954//747 
f 260//260 476//475 954//747 
f 476//475 479//478 954//747 
f 479//478 257//257 954//747 
f 260//260 263//263 955//747 
f 263//263 473//472 955//747 
f 473//472 476//475 955//747 
f 476//475 260//260 955//747 
f 263//263 266//266 956//747 
f 266//266 470//469 956//747 
f 470//469 473//472 956//747 
f 473//472 263//263 956//747 
f 266//266 269//269 957//747 
f 269//269 467//466 957//747 
f 467//466 470//469 957//747 
f 470//469 266//266 957//747 
f 269//269 272//272 958//747 
f 272//272 464//463 958//747 
f 464//463 467//466 958//747 
f 467//466 269//269 958//747 
f 272//272 275//275 959//747 
f 275//275 461//460 959//747 
f 461//460 464//463 959//747 
f 464//463 272//272 959//747 
f 275//275 278//278 960//747 
f 278//278 458//457 960//747 
f 458//457 461//460 960//747 
f 461//460 275//275 960//747 
f 278//278 281//281 961//747 
f 281//281 452//451 961//747 
f 452//451 455//454 961//747 
f 455//454 458//457 961//747 
f 458//457 278//278 961//747 
f 281//281 284//284 962//747 
f 284//284 449//448 962//747 
f 449//448 452//451 962//747 
f 452//451 281//281 962//747 
f 284//284 287//287 963//747 
f 287//287 446//445 963//747 
f 446//445 449//448 963//747 
f 449//448 284//284 963//747 
f 287//287 290//290 964//747 
f 290//290 443//442 964//747 
f 443//442 446//445 964//747 
f 446//445 287//287 964//747 
f 290//290 293//293 965//747 
f 293//293 437//436 965//747 
f 437//436 440//439 965//747 
f 440//439 443//442 965//747 
f 443//442 290//290 965//747 
f 293//293 296//296 966//747 
f 296//296 422//421 966//747 
f 422//421 425//424 966//747 
f 425//424 428//427 966//747 
f 428//427 431//430 966//747 
f 431//430 434//433 966//747 
f 434//433 437//436 966//747 
f 437//436 293//293 966//747 
f 299//299 398//397 967//747 
f 398//397 401//400 967//747 
f 401//400 299//299 967//747 
f 329//328 332//331 968//747 
f 332//331 335//334 968//747 
f 335//334 329//328 968//747 
f 401//400 404//403 969//747 
f 404//403 296//296 969//747 
f 296//296 299//299 969//747 
f 299//299 401//400 969//747 
f 404//403 407//406 970//747 
f 407//406 296//296 970//747 
f 296//296 404//403 970//747 
f 407//406 410//409 971//747 
f 410//409 296//296 971//747 
f 296//296 407//406 971//747 
f 410//409 413//412 972//747 
f 413//412 296//296 972//747 
f 296//296 410//409 972//747 
f 413//412 416//415 973//747 
f 416//415 419//418 973//747 
f 419//418 422//421 973//747 
f 422//421 296//296 973//747 
f 296//296 413//412 973//747 
f 335//334 338//337 974//747 
f 338//337 329//328 974//747 
f 329//328 335//334 974//747 
f 338//337 341//340 975//747 
f 341//340 326//325 975//747 
f 326//325 329//328 975//747 
f 329//328 338//337 975//747 
f 341//340 344//343 976//747 
f 344//343 326//325 976//747 
f 326//325 341//340 976//747 
f 344//343 347//346 977//747 
f 347//346 323//322 977//747 
f 323//322 326//325 977//747 
f 326//325 344//343 977//747 
f 347//346 350//349 978//747 
f 350//349 320//319 978//747 
f 320//319 323//322 978//747 
f 323//322 347//346 978//747 
f 350//349 353//352 979//747 
f 353//352 320//319 979//747 
f 320//319 350//349 979//747 
f 353//352 356//355 980//747 
f 356//355 317//316 980//747 
f 317//316 320//319 980//747 
f 320//319 353//352 980//747 
f 356//355 359//358 981//747 
f 359//358 314//313 981//747 
f 314//313 317//316 981//747 
f 317//316 356//355 981//747 
f 359//358 362//361 982//747 
f 362//361 311//310 982//747 
f 311//310 314//313 982//747 
f 314//313 359//358 982//747 
f 362//361 365//364 983//747 
f 365//364 308//307 983//747 
f 308//307 311//310 983//747 
f 311//310 362//361 983//747 
f 365//364 368//367 984//747 
f 368//367 308//307 984//747 
f 308//307 365//364 984//747 
f 368//367 371//370 985//747 
f 371//370 305//304 985//747 
f 305//304 308//307 985//747 
f 308//307 368//367 985//747 
f 371//370 374//373 986//747 
f 374//373 305//304 986//747 
f 305//304 371//370 986//747 
f 374//373 377//376 987//747 
f 377//376 302//301 987//747 
f 302//301 305//304 987//747 
f 305//304 374//373 987//747 
f 377//376 380//379 988//747 
f 380//379 302//301 988//747 
f 302//301 377//376 988//747 
f 380//379 383//382 989//747 
f 383//382 299//299 989//747 
f 299//299 302//301 989//747 
f 302//301 380//379 989//747 
f 383//382 386//385 990//747 
f 386//385 299//299 990//747 
f 299//299 383//382 990//747 
f 386//385 389//388 991//747 
f 389//388 299//299 991//747 
f 299//299 386//385 991//747 
f 389//388 392//391 992//747 
f 392//391 299//299 992//747 
f 299//299 389//388 992//747 
f 392//391 395//394 993//747 
f 395//394 299//299 993//747 
f 299//299 392//391 993//747 
f 395//394 398//397 994//747 
f 398//397 299//299 994//747 
f 299//299 395//394 994//747 
# 2 polygons - 1984 triangles

