# 3ds Max Wavefront OBJ Exporter v0.97b - (c)2007 guruware
# File Created: 07.12.2021 20:35:47

#
# object Number_5
#

v  765.4237 0.0000 136.8393
v  765.0944 0.0000 136.8820
v  765.2590 5.0000 136.8607
v  765.0944 10.0000 136.8820
v  765.4237 10.0000 136.8393
v  764.6979 0.0000 136.9533
v  764.8961 5.0000 136.9177
v  764.6979 10.0000 136.9533
v  764.2342 0.0000 137.0531
v  764.4660 5.0000 137.0032
v  764.2342 10.0000 137.0531
v  763.7034 0.0000 137.1814
v  763.9688 5.0000 137.1172
v  763.7034 10.0000 137.1814
v  763.1055 0.0000 137.3382
v  763.4044 5.0000 137.2598
v  763.1055 10.0000 137.3382
v  762.4404 0.0000 137.5235
v  762.7729 5.0000 137.4309
v  762.4404 10.0000 137.5235
v  761.7082 0.0000 137.7374
v  762.0743 5.0000 137.6304
v  761.7082 10.0000 137.7374
v  760.9088 0.0000 137.9797
v  761.3085 5.0000 137.8585
v  760.9088 10.0000 137.9797
v  760.4558 0.0000 138.1133
v  760.6823 5.0000 138.0465
v  760.4558 10.0000 138.1133
v  760.0103 0.0000 138.2311
v  760.2330 5.0000 138.1722
v  760.0103 10.0000 138.2311
v  759.5721 0.0000 138.3333
v  759.7912 5.0000 138.2822
v  759.5721 10.0000 138.3333
v  759.1415 0.0000 138.4197
v  759.3569 5.0000 138.3765
v  759.1415 10.0000 138.4197
v  758.7183 0.0000 138.4904
v  758.9299 5.0000 138.4550
v  758.7183 10.0000 138.4904
v  758.3026 0.0000 138.5454
v  758.5105 5.0000 138.5179
v  758.3026 10.0000 138.5454
v  757.8943 0.0000 138.5847
v  758.0985 5.0000 138.5651
v  757.8943 10.0000 138.5847
v  757.4935 0.0000 138.6083
v  757.6940 5.0000 138.5965
v  757.4935 10.0000 138.6083
v  757.1002 0.0000 138.6161
v  757.2969 5.0000 138.6122
v  757.1002 10.0000 138.6161
v  755.3114 0.0000 138.4733
v  756.2058 5.0000 138.5447
v  755.3114 10.0000 138.4733
v  753.7332 0.0000 138.0447
v  754.5223 5.0000 138.2590
v  753.7332 10.0000 138.0447
v  752.3652 0.0000 137.3304
v  753.0492 5.0000 137.6875
v  752.3652 10.0000 137.3304
v  751.2078 0.0000 136.3304
v  751.7866 5.0000 136.8304
v  751.2078 10.0000 136.3304
v  750.2609 0.0000 135.0446
v  750.7344 5.0000 135.6875
v  750.2609 10.0000 135.0446
v  749.5243 0.0000 133.4731
v  749.8926 5.0000 134.2589
v  749.5243 10.0000 133.4731
v  748.9982 0.0000 131.6159
v  749.2612 5.0000 132.5445
v  748.9982 10.0000 131.6159
v  748.6826 0.0000 129.4730
v  748.8404 5.0000 130.5445
v  748.6826 10.0000 129.4730
v  748.5773 0.0000 127.0444
v  748.6299 5.0000 128.2587
v  748.5773 10.0000 127.0444
v  748.6201 0.0000 125.6900
v  748.5987 5.0000 126.3672
v  748.6201 10.0000 125.6900
v  748.7485 0.0000 124.4130
v  748.6843 5.0000 125.0515
v  748.7485 10.0000 124.4130
v  748.9623 0.0000 123.2134
v  748.8554 5.0000 123.8132
v  748.9623 10.0000 123.2134
v  749.2618 0.0000 122.0912
v  749.1121 5.0000 122.6523
v  749.2618 10.0000 122.0912
v  749.6469 0.0000 121.0464
v  749.4543 5.0000 121.5688
v  749.6469 10.0000 121.0464
v  750.1174 0.0000 120.0790
v  749.8821 5.0000 120.5627
v  750.1174 10.0000 120.0790
v  750.6736 0.0000 119.1889
v  750.3955 5.0000 119.6339
v  750.6736 10.0000 119.1889
v  751.3153 0.0000 118.3763
v  750.9944 5.0000 118.7826
v  751.3153 10.0000 118.3763
v  752.0425 0.0000 117.6411
v  751.6790 5.0000 118.0087
v  752.0425 10.0000 117.6411
v  752.8502 0.0000 116.9810
v  752.4464 5.0000 117.3110
v  752.8502 10.0000 116.9810
v  753.7329 0.0000 116.3938
v  753.2916 5.0000 116.6874
v  753.7329 10.0000 116.3938
v  754.6908 0.0000 115.8796
v  754.2119 5.0000 116.1367
v  754.6908 10.0000 115.8796
v  755.7238 0.0000 115.4383
v  755.2073 5.0000 115.6589
v  755.7238 10.0000 115.4383
v  756.8319 0.0000 115.0699
v  756.2778 5.0000 115.2541
v  756.8319 10.0000 115.0699
v  758.0151 0.0000 114.7744
v  757.4235 5.0000 114.9221
v  758.0151 10.0000 114.7744
v  759.2735 0.0000 114.5518
v  758.6443 5.0000 114.6631
v  759.2735 10.0000 114.5518
v  760.6071 0.0000 114.4022
v  759.9403 5.0000 114.4770
v  760.6071 10.0000 114.4022
v  762.0156 0.0000 114.3255
v  761.3113 5.0000 114.3639
v  762.0156 10.0000 114.3255
v  763.3956 0.0000 114.2560
v  762.7056 5.0000 114.2907
v  763.3956 10.0000 114.2560
v  764.6432 0.0000 114.1279
v  764.0194 5.0000 114.1919
v  764.6432 10.0000 114.1279
v  765.7583 0.0000 113.9412
v  765.2007 5.0000 114.0345
v  765.7583 10.0000 113.9412
v  766.7410 0.0000 113.6959
v  766.2496 5.0000 113.8185
v  766.7410 10.0000 113.6959
v  767.5913 0.0000 113.3921
v  767.1661 5.0000 113.5440
v  767.5913 10.0000 113.3921
v  768.3091 0.0000 113.0297
v  767.9502 5.0000 113.2109
v  768.3091 10.0000 113.0297
v  768.8945 0.0000 112.6087
v  768.6019 5.0000 112.8192
v  768.8945 10.0000 112.6087
v  769.3475 0.0000 112.1292
v  769.1210 5.0000 112.3689
v  769.3475 10.0000 112.1292
v  769.6681 0.0000 111.5910
v  769.5078 5.0000 111.8601
v  769.6681 10.0000 111.5910
v  770.6819 0.0000 111.7552
v  770.1750 5.0000 111.6731
v  770.6819 10.0000 111.7552
v  771.6146 0.0000 111.9001
v  771.1483 5.0000 111.8277
v  771.6146 10.0000 111.9001
v  772.4663 0.0000 112.0257
v  772.0405 5.0000 111.9629
v  772.4663 10.0000 112.0257
v  773.2369 0.0000 112.1319
v  772.8516 5.0000 112.0788
v  773.2369 10.0000 112.1319
v  773.9265 0.0000 112.2189
v  773.5817 5.0000 112.1754
v  773.9265 10.0000 112.2189
v  774.5350 0.0000 112.2865
v  774.2307 5.0000 112.2527
v  774.5350 10.0000 112.2865
v  775.0624 0.0000 112.3348
v  774.7987 5.0000 112.3106
v  775.0624 10.0000 112.3348
v  775.5088 0.0000 112.3637
v  775.2856 5.0000 112.3493
v  775.5088 10.0000 112.3637
v  775.8741 0.0000 112.3734
v  775.6914 5.0000 112.3686
v  775.8741 10.0000 112.3734
v  777.7913 0.0000 112.3145
v  776.8327 5.0000 112.3440
v  777.7913 10.0000 112.3145
v  779.5951 0.0000 112.1379
v  778.6932 5.0000 112.2262
v  779.5951 10.0000 112.1379
v  781.2854 0.0000 111.8434
v  780.4402 5.0000 111.9906
v  781.2854 10.0000 111.8434
v  782.8624 0.0000 111.4313
v  782.0739 5.0000 111.6373
v  782.8624 10.0000 111.4313
v  784.3259 0.0000 110.9013
v  783.5941 5.0000 111.1663
v  784.3259 10.0000 110.9013
v  785.6760 0.0000 110.2536
v  785.0010 5.0000 110.5774
v  785.6760 10.0000 110.2536
v  786.9127 0.0000 109.4881
v  786.2943 5.0000 109.8708
v  786.9127 10.0000 109.4881
v  788.0359 0.0000 108.6048
v  787.4743 5.0000 109.0465
v  788.0359 10.0000 108.6048
v  789.0458 0.0000 107.6038
v  788.5408 5.0000 108.1043
v  789.0458 10.0000 107.6038
v  789.9460 0.0000 106.5432
v  789.4958 5.0000 107.0735
v  789.9460 10.0000 106.5432
v  790.7402 0.0000 105.4810
v  790.3431 5.0000 106.0121
v  790.7402 10.0000 105.4810
v  791.4286 0.0000 104.4174
v  791.0844 5.0000 104.9492
v  791.4286 10.0000 104.4174
v  792.0111 0.0000 103.3523
v  791.7198 5.0000 103.8848
v  792.0111 10.0000 103.3523
v  792.4877 0.0000 102.2857
v  792.2494 5.0000 102.8190
v  792.4877 10.0000 102.2857
v  792.8583 0.0000 101.2176
v  792.6730 5.0000 101.7516
v  792.8583 10.0000 101.2176
v  793.1230 0.0000 100.1479
v  792.9907 5.0000 100.6828
v  793.1230 10.0000 100.1479
v  793.2819 0.0000 99.0769
v  793.2025 5.0000 99.6124
v  793.2819 10.0000 99.0769
v  793.3349 0.0000 98.0043
v  793.3084 5.0000 98.5406
v  793.3349 10.0000 98.0043
v  785.4459 0.0000 94.0196
v  789.3904 5.0000 96.0119
v  785.4459 10.0000 94.0196
v  785.4187 0.0000 95.2020
v  785.4323 5.0000 94.6108
v  785.4187 10.0000 95.2020
v  785.3369 0.0000 96.3300
v  785.3778 5.0000 95.7660
v  785.3369 10.0000 96.3300
v  785.2007 0.0000 97.4033
v  785.2688 5.0000 96.8666
v  785.2007 10.0000 97.4033
v  785.0099 0.0000 98.4222
v  785.1053 5.0000 97.9128
v  785.0099 10.0000 98.4222
v  784.7646 0.0000 99.3865
v  784.8873 5.0000 98.9043
v  784.7646 10.0000 99.3865
v  784.4648 0.0000 100.2963
v  784.6147 5.0000 99.8414
v  784.4648 10.0000 100.2963
v  784.1106 0.0000 101.1515
v  784.2877 5.0000 100.7239
v  784.1106 10.0000 101.1515
v  783.7018 0.0000 101.9522
v  783.9062 5.0000 101.5519
v  783.7018 10.0000 101.9522
v  783.2385 0.0000 102.6984
v  783.4702 5.0000 102.3253
v  783.2385 10.0000 102.6984
v  782.6906 0.0000 103.3774
v  782.9646 5.0000 103.0379
v  782.6906 10.0000 103.3774
v  782.0281 0.0000 103.9764
v  782.3593 5.0000 103.6769
v  782.0281 10.0000 103.9764
v  781.2508 0.0000 104.4957
v  781.6394 5.0000 104.2361
v  781.2508 10.0000 104.4957
v  780.3588 0.0000 104.9350
v  780.8048 5.0000 104.7153
v  780.3588 10.0000 104.9350
v  779.3521 0.0000 105.2944
v  779.8555 5.0000 105.1147
v  779.3521 10.0000 105.2944
v  778.2308 0.0000 105.5740
v  778.7914 5.0000 105.4342
v  778.2308 10.0000 105.5740
v  776.9948 0.0000 105.7737
v  777.6128 5.0000 105.6739
v  776.9948 10.0000 105.7737
v  775.6440 0.0000 105.8935
v  776.3194 5.0000 105.8336
v  775.6440 10.0000 105.8935
v  774.1786 0.0000 105.9335
v  774.9113 5.0000 105.9135
v  774.1786 10.0000 105.9335
v  774.3808 0.0000 105.6519
v  774.2797 5.0000 105.7927
v  774.3808 10.0000 105.6519
v  774.5592 0.0000 105.3450
v  774.4700 5.0000 105.4985
v  774.5592 10.0000 105.3450
v  774.7139 0.0000 105.0128
v  774.6365 5.0000 105.1789
v  774.7139 10.0000 105.0128
v  774.8447 0.0000 104.6552
v  774.7793 5.0000 104.8340
v  774.8447 10.0000 104.6552
v  774.9517 0.0000 104.2722
v  774.8982 5.0000 104.4637
v  774.9517 10.0000 104.2722
v  775.0350 0.0000 103.8640
v  774.9933 5.0000 104.0681
v  775.0350 10.0000 103.8640
v  775.0945 0.0000 103.4303
v  775.0648 5.0000 103.6472
v  775.0945 10.0000 103.4303
v  775.1302 0.0000 102.9714
v  775.1123 5.0000 103.2009
v  775.1302 10.0000 102.9714
v  775.1420 0.0000 102.4871
v  775.1361 5.0000 102.7292
v  775.1420 10.0000 102.4871
v  775.0281 0.0000 100.7100
v  775.0851 5.0000 101.5985
v  775.0281 10.0000 100.7100
v  774.6864 0.0000 99.1419
v  774.8572 5.0000 99.9259
v  774.6864 10.0000 99.1419
v  774.1168 0.0000 97.7829
v  774.4016 5.0000 98.4624
v  774.1168 10.0000 97.7829
v  773.3194 0.0000 96.6330
v  773.7181 5.0000 97.2080
v  773.3194 10.0000 96.6330
v  772.2941 0.0000 95.6922
v  772.8068 5.0000 96.1626
v  772.2941 10.0000 95.6922
v  771.0411 0.0000 94.9604
v  771.6676 5.0000 95.3263
v  771.0411 10.0000 94.9604
v  769.5602 0.0000 94.4377
v  770.3006 5.0000 94.6991
v  769.5602 10.0000 94.4377
v  767.8514 0.0000 94.1241
v  768.7058 5.0000 94.2809
v  767.8514 10.0000 94.1241
v  765.9149 0.0000 94.0196
v  766.8831 5.0000 94.0719
v  765.9149 10.0000 94.0196
v  763.8642 0.0000 94.1287
v  764.8895 5.0000 94.0741
v  763.8642 10.0000 94.1287
v  762.0549 0.0000 94.4561
v  762.9595 5.0000 94.2924
v  762.0549 10.0000 94.4561
v  760.4868 0.0000 95.0018
v  761.2708 5.0000 94.7290
v  760.4868 10.0000 95.0018
v  759.1599 0.0000 95.7657
v  759.8233 5.0000 95.3838
v  759.1599 10.0000 95.7657
v  758.0742 0.0000 96.7479
v  758.6171 5.0000 96.2568
v  758.0742 10.0000 96.7479
v  757.2299 0.0000 97.9484
v  757.6520 5.0000 97.3481
v  757.2299 10.0000 97.9484
v  756.6268 0.0000 99.3671
v  756.9283 5.0000 98.6578
v  756.6268 10.0000 99.3671
v  756.2649 0.0000 101.0041
v  756.4458 5.0000 100.1856
v  756.2649 10.0000 101.0041
v  756.1442 0.0000 102.8594
v  756.2046 5.0000 101.9318
v  756.1442 10.0000 102.8594
v  756.1792 0.0000 103.7083
v  756.1617 5.0000 103.2839
v  756.1792 10.0000 103.7083
v  756.2841 0.0000 104.5064
v  756.2317 5.0000 104.1074
v  756.2841 10.0000 104.5064
v  756.4590 0.0000 105.2537
v  756.3716 5.0000 104.8800
v  756.4590 10.0000 105.2537
v  756.7038 0.0000 105.9502
v  756.5814 5.0000 105.6019
v  756.7038 10.0000 105.9502
v  757.0185 0.0000 106.5958
v  756.8611 5.0000 106.2730
v  757.0185 10.0000 106.5958
v  757.4032 0.0000 107.1907
v  757.2108 5.0000 106.8933
v  757.4032 10.0000 107.1907
v  757.8578 0.0000 107.7348
v  757.6305 5.0000 107.4627
v  757.8578 10.0000 107.7348
v  758.3823 0.0000 108.2280
v  758.1201 5.0000 107.9814
v  758.3823 10.0000 108.2280
v  758.9768 0.0000 108.6704
v  758.6796 5.0000 108.4492
v  758.9768 10.0000 108.6704
v  754.8006 0.0000 108.9098
v  756.8887 5.0000 108.7901
v  754.8006 10.0000 108.9098
v  751.1157 0.0000 109.6277
v  752.9581 5.0000 109.2687
v  751.1157 10.0000 109.6277
v  747.9221 0.0000 110.8243
v  749.5189 5.0000 110.2260
v  747.9221 10.0000 110.8243
v  745.2199 0.0000 112.4996
v  746.5710 5.0000 111.6620
v  745.2199 10.0000 112.4996
v  743.0090 0.0000 114.6535
v  744.1144 5.0000 113.5766
v  743.0090 10.0000 114.6535
v  741.2894 0.0000 117.2861
v  742.1492 5.0000 115.9698
v  741.2894 10.0000 117.2861
v  740.0610 0.0000 120.3973
v  740.6752 5.0000 118.8417
v  740.0610 10.0000 120.3973
v  739.3241 0.0000 123.9871
v  739.6926 5.0000 122.1922
v  739.3241 10.0000 123.9871
v  739.0784 0.0000 128.0556
v  739.2012 5.0000 126.0214
v  739.0784 10.0000 128.0556
v  739.1375 0.0000 129.8389
v  739.1080 5.0000 128.9473
v  739.1375 10.0000 129.8389
v  739.3147 0.0000 131.5225
v  739.2261 5.0000 130.6807
v  739.3147 10.0000 131.5225
v  739.6100 0.0000 133.1066
v  739.4624 5.0000 132.3145
v  739.6100 10.0000 133.1066
v  740.0236 0.0000 134.5910
v  739.8168 5.0000 133.8488
v  740.0236 10.0000 134.5910
v  740.5552 0.0000 135.9758
v  740.2894 5.0000 135.2834
v  740.5552 10.0000 135.9758
v  741.2050 0.0000 137.2611
v  740.8801 5.0000 136.6184
v  741.2050 10.0000 137.2611
v  741.9728 0.0000 138.4467
v  741.5889 5.0000 137.8539
v  741.9728 10.0000 138.4467
v  742.8589 0.0000 139.5327
v  742.4159 5.0000 138.9897
v  742.8589 10.0000 139.5327
v  743.8631 0.0000 140.5192
v  743.3610 5.0000 140.0260
v  743.8631 10.0000 140.5192
v  744.9451 0.0000 141.4038
v  744.4041 5.0000 140.9615
v  744.9451 10.0000 141.4038
v  746.0644 0.0000 142.1843
v  745.5047 5.0000 141.7941
v  746.0644 10.0000 142.1843
v  747.2211 0.0000 142.8608
v  746.6428 5.0000 142.5226
v  747.2211 10.0000 142.8608
v  748.4153 0.0000 143.4332
v  747.8182 5.0000 143.1470
v  748.4153 10.0000 143.4332
v  749.6468 0.0000 143.9015
v  749.0310 5.0000 143.6673
v  749.6468 10.0000 143.9015
v  750.9157 0.0000 144.2657
v  750.2813 5.0000 144.0836
v  750.9157 10.0000 144.2657
v  752.2220 0.0000 144.5259
v  751.5688 5.0000 144.3958
v  752.2220 10.0000 144.5259
v  753.5657 0.0000 144.6820
v  752.8939 5.0000 144.6040
v  753.5657 10.0000 144.6820
v  754.9468 0.0000 144.7341
v  754.2563 5.0000 144.7081
v  754.9468 10.0000 144.7341
v  755.5516 0.0000 144.7199
v  755.2493 5.0000 144.7270
v  755.5516 10.0000 144.7199
v  756.2358 0.0000 144.6774
v  755.8937 5.0000 144.6987
v  756.2358 10.0000 144.6774
v  756.9993 0.0000 144.6066
v  756.6176 5.0000 144.6420
v  756.9993 10.0000 144.6066
v  757.8420 0.0000 144.5075
v  757.4207 5.0000 144.5571
v  757.8420 10.0000 144.5075
v  758.7642 0.0000 144.3800
v  758.3031 5.0000 144.4438
v  758.7642 10.0000 144.3800
v  759.7656 0.0000 144.2242
v  759.2649 5.0000 144.3021
v  759.7656 10.0000 144.2242
v  760.8463 0.0000 144.0401
v  760.3060 5.0000 144.1322
v  760.8463 10.0000 144.0401
v  762.0064 0.0000 143.8277
v  761.4264 5.0000 143.9339
v  762.0064 10.0000 143.8277
v  763.2458 0.0000 143.5870
v  762.6261 5.0000 143.7073
v  763.2458 10.0000 143.5870
v  764.6126 0.0000 143.3209
v  763.9292 5.0000 143.4539
v  764.6126 10.0000 143.3209
v  765.8867 0.0000 143.0861
v  765.2497 5.0000 143.2035
v  765.8867 10.0000 143.0861
v  767.0681 0.0000 142.8826
v  766.4774 5.0000 142.9843
v  767.0681 10.0000 142.8826
v  768.1567 0.0000 142.7104
v  767.6124 5.0000 142.7965
v  768.1567 10.0000 142.7104
v  769.1526 0.0000 142.5695
v  768.6547 5.0000 142.6400
v  769.1526 10.0000 142.5695
v  770.0558 0.0000 142.4600
v  769.6042 5.0000 142.5148
v  770.0558 10.0000 142.4600
v  770.8662 0.0000 142.3817
v  770.4610 5.0000 142.4208
v  770.8662 10.0000 142.3817
v  771.5839 0.0000 142.3347
v  771.2251 5.0000 142.3582
v  771.5839 10.0000 142.3347
v  772.2089 0.0000 142.3191
v  771.8964 5.0000 142.3269
v  772.2089 10.0000 142.3191
v  773.0405 0.0000 142.3429
v  772.6247 5.0000 142.3310
v  773.0405 10.0000 142.3429
v  773.8661 0.0000 142.4145
v  773.4532 5.0000 142.3787
v  773.8661 10.0000 142.4145
v  774.6856 0.0000 142.5338
v  774.2758 5.0000 142.4741
v  774.6856 10.0000 142.5338
v  775.4991 0.0000 142.7007
v  775.0924 5.0000 142.6172
v  775.4991 10.0000 142.7007
v  776.3066 0.0000 142.9154
v  775.9029 5.0000 142.8080
v  776.3066 10.0000 142.9154
v  777.1082 0.0000 143.1777
v  776.7074 5.0000 143.0466
v  777.1082 10.0000 143.1777
v  777.9036 0.0000 143.4878
v  777.5059 5.0000 143.3328
v  777.9036 10.0000 143.4878
v  778.6931 0.0000 143.8456
v  778.2983 5.0000 143.6667
v  778.6931 10.0000 143.8456
v  779.4764 0.0000 144.2511
v  779.0847 5.0000 144.0483
v  779.4764 10.0000 144.2511
v  783.3530 0.0000 139.3683
v  781.4147 5.0000 141.8097
v  783.3530 10.0000 139.3683
v  782.9253 0.0000 138.7721
v  783.1392 5.0000 139.0702
v  782.9253 10.0000 138.7721
v  782.5849 0.0000 138.4656
v  782.7551 5.0000 138.6189
v  782.5849 10.0000 138.4656
v  782.2144 0.0000 138.1812
v  782.3997 5.0000 138.3234
v  782.2144 10.0000 138.1812
v  781.8137 0.0000 137.9187
v  782.0140 5.0000 138.0500
v  781.8137 10.0000 137.9187
v  781.3829 0.0000 137.6784
v  781.5983 5.0000 137.7986
v  781.3829 10.0000 137.6784
v  780.9220 0.0000 137.4601
v  781.1525 5.0000 137.5693
v  780.9220 10.0000 137.4601
v  780.4310 0.0000 137.2639
v  780.6765 5.0000 137.3620
v  780.4310 10.0000 137.2639
v  779.9098 0.0000 137.0897
v  780.1704 5.0000 137.1768
v  779.9098 10.0000 137.0897
v  779.3585 0.0000 136.9375
v  779.6342 5.0000 137.0136
v  779.3585 10.0000 136.9375
v  778.7771 0.0000 136.8074
v  779.0678 5.0000 136.8725
v  778.7771 10.0000 136.8074
v  772.7397 0.0000 135.5572
v  775.7584 5.0000 136.1823
v  772.7397 10.0000 135.5572
v  771.9549 0.0000 135.3554
v  772.3473 5.0000 135.4563
v  771.9549 10.0000 135.3554
v  771.2273 0.0000 135.1012
v  771.5911 5.0000 135.2283
v  771.2273 10.0000 135.1012
v  770.5569 0.0000 134.7946
v  770.8922 5.0000 134.9480
v  770.5569 10.0000 134.7946
v  769.9438 0.0000 134.4356
v  770.2504 5.0000 134.6151
v  769.9438 10.0000 134.4356
v  769.3878 0.0000 134.0242
v  769.6658 5.0000 134.2299
v  769.3878 10.0000 134.0242
v  768.8891 0.0000 133.5603
v  769.1385 5.0000 133.7923
v  768.8891 10.0000 133.5603
v  768.4476 0.0000 133.0441
v  768.6683 5.0000 133.3022
v  768.4476 10.0000 133.0441
v  768.0632 0.0000 132.4753
v  768.2554 5.0000 132.7597
v  768.0632 10.0000 132.4753
v  767.7361 0.0000 131.8542
v  767.8997 5.0000 132.1648
v  767.7361 10.0000 131.8542
v  768.5471 0.0000 131.5910
v  768.1416 5.0000 131.7226
v  768.5471 10.0000 131.5910
v  769.2626 0.0000 131.2295
v  768.9048 5.0000 131.4102
v  769.2626 10.0000 131.2295
v  769.8828 0.0000 130.7697
v  769.5727 5.0000 130.9996
v  769.8828 10.0000 130.7697
v  770.4075 0.0000 130.2117
v  770.1451 5.0000 130.4907
v  770.4075 10.0000 130.2117
v  770.8369 0.0000 129.5554
v  770.6222 5.0000 129.8835
v  770.8369 10.0000 129.5554
v  771.1708 0.0000 128.8008
v  771.0038 5.0000 129.1781
v  771.1708 10.0000 128.8008
v  771.4093 0.0000 127.9480
v  771.2900 5.0000 128.3744
v  771.4093 10.0000 127.9480
v  771.5524 0.0000 126.9969
v  771.4808 5.0000 127.4725
v  771.5524 10.0000 126.9969
v  771.6001 0.0000 125.9476
v  771.5762 5.0000 126.4722
v  771.6001 10.0000 125.9476
v  771.5156 0.0000 124.5178
v  771.5579 5.0000 125.2327
v  771.5156 10.0000 124.5178
v  771.2622 0.0000 123.2563
v  771.3889 5.0000 123.8871
v  771.2622 10.0000 123.2563
v  770.8398 0.0000 122.1630
v  771.0510 5.0000 122.7097
v  770.8398 10.0000 122.1630
v  770.2485 0.0000 121.2379
v  770.5442 5.0000 121.7004
v  770.2485 10.0000 121.2379
v  769.4882 0.0000 120.4810
v  769.8683 5.0000 120.8594
v  769.4882 10.0000 120.4810
v  768.5590 0.0000 119.8923
v  769.0236 5.0000 120.1866
v  768.5590 10.0000 119.8923
v  767.4608 0.0000 119.4717
v  768.0099 5.0000 119.6820
v  767.4608 10.0000 119.4717
v  766.1937 0.0000 119.2194
v  766.8273 5.0000 119.3456
v  766.1937 10.0000 119.2194
v  764.7577 0.0000 119.1353
v  765.4757 5.0000 119.1774
v  764.7577 10.0000 119.1353
v  763.2202 0.0000 119.2307
v  763.9890 5.0000 119.1830
v  763.2202 10.0000 119.2307
v  761.8636 0.0000 119.5170
v  762.5419 5.0000 119.3738
v  761.8636 10.0000 119.5170
v  760.6880 0.0000 119.9940
v  761.2758 5.0000 119.7555
v  760.6880 10.0000 119.9940
v  759.6932 0.0000 120.6618
v  760.1906 5.0000 120.3279
v  759.6932 10.0000 120.6618
v  758.8792 0.0000 121.5205
v  759.2862 5.0000 121.0912
v  758.8792 10.0000 121.5205
v  758.2462 0.0000 122.5700
v  758.5627 5.0000 122.0452
v  758.2462 10.0000 122.5700
v  757.7939 0.0000 123.8102
v  758.0201 5.0000 123.1901
v  757.7939 10.0000 123.8102
v  757.5226 0.0000 125.2413
v  757.6583 5.0000 124.5258
v  757.5226 10.0000 125.2413
v  757.4323 0.0000 126.8633
v  757.4774 5.0000 126.0523
v  757.4323 10.0000 126.8633
v  757.4671 0.0000 127.5889
v  757.4496 5.0000 127.2261
v  757.4671 10.0000 127.5889
v  757.5717 0.0000 128.3167
v  757.5193 5.0000 127.9528
v  757.5717 10.0000 128.3167
v  757.7458 0.0000 129.0468
v  757.6588 5.0000 128.6817
v  757.7458 10.0000 129.0468
v  757.9897 0.0000 129.7791
v  757.8678 5.0000 129.4129
v  757.9897 10.0000 129.7791
v  758.3033 0.0000 130.5137
v  758.1466 5.0000 130.1464
v  758.3033 10.0000 130.5137
v  758.6867 0.0000 131.2505
v  758.4951 5.0000 130.8821
v  758.6867 10.0000 131.2505
v  759.1396 0.0000 131.9895
v  758.9132 5.0000 131.6200
v  759.1396 10.0000 131.9895
v  759.6624 0.0000 132.7307
v  759.4010 5.0000 132.3601
v  759.6624 10.0000 132.7307
v  760.2548 0.0000 133.4742
v  759.9586 5.0000 133.1025
v  760.2548 10.0000 133.4742
v  760.8793 0.0000 134.1775
v  760.5670 5.0000 133.8259
v  760.8793 10.0000 134.1775
v  761.4987 0.0000 134.7980
v  761.1890 5.0000 134.4877
v  761.4987 10.0000 134.7980
v  762.1127 0.0000 135.3358
v  761.8057 5.0000 135.0669
v  762.1127 10.0000 135.3358
v  762.7214 0.0000 135.7908
v  762.4170 5.0000 135.5633
v  762.7214 10.0000 135.7908
v  763.3248 0.0000 136.1631
v  763.0231 5.0000 135.9770
v  763.3248 10.0000 136.1631
v  763.9230 0.0000 136.4527
v  763.6240 5.0000 136.3079
v  763.9230 10.0000 136.4527
v  764.5159 0.0000 136.6595
v  764.2195 5.0000 136.5561
v  764.5159 10.0000 136.6595
v  765.1036 0.0000 136.7837
v  764.8098 5.0000 136.7216
v  765.1036 10.0000 136.7837
v  765.6859 0.0000 136.8250
v  765.3948 5.0000 136.8043
v  765.6859 10.0000 136.8250
v  765.5548 5.0000 136.8322
v  766.4641 0.0000 98.5786
v  767.2150 0.0000 98.7318
v  766.8395 5.0000 98.6552
v  767.2150 10.0000 98.7318
v  766.4641 10.0000 98.5786
v  767.8658 0.0000 98.9871
v  767.5404 5.0000 98.8594
v  767.8658 10.0000 98.9871
v  768.4165 0.0000 99.3445
v  768.1412 5.0000 99.1658
v  768.4165 10.0000 99.3445
v  768.8671 0.0000 99.8040
v  768.6418 5.0000 99.5742
v  768.8671 10.0000 99.8040
v  769.2175 0.0000 100.3656
v  769.0423 5.0000 100.0848
v  769.2175 10.0000 100.3656
v  769.4678 0.0000 101.0293
v  769.3427 5.0000 100.6975
v  769.4678 10.0000 101.0293
v  769.6180 0.0000 101.7952
v  769.5430 5.0000 101.4123
v  769.6180 10.0000 101.7952
v  769.6681 0.0000 102.6632
v  769.6431 5.0000 102.2292
v  769.6681 10.0000 102.6632
v  769.6180 0.0000 103.5185
v  769.6431 5.0000 103.0908
v  769.6180 10.0000 103.5185
v  769.4678 0.0000 104.2732
v  769.5430 5.0000 103.8958
v  769.4678 10.0000 104.2732
v  769.2175 0.0000 104.9272
v  769.3427 5.0000 104.6002
v  769.2175 10.0000 104.9272
v  768.8671 0.0000 105.4807
v  769.0423 5.0000 105.2039
v  768.8671 10.0000 105.4807
v  768.4165 0.0000 105.9335
v  768.6418 5.0000 105.7071
v  768.4165 10.0000 105.9335
v  767.8658 0.0000 106.2856
v  768.1412 5.0000 106.1096
v  767.8658 10.0000 106.2856
v  767.2150 0.0000 106.5372
v  767.5404 5.0000 106.4114
v  767.2150 10.0000 106.5372
v  766.4641 0.0000 106.6881
v  766.8395 5.0000 106.6127
v  766.4641 10.0000 106.6881
v  765.6130 0.0000 106.7384
v  766.0385 5.0000 106.7133
v  765.6130 10.0000 106.7384
v  764.7745 0.0000 106.6881
v  765.1937 5.0000 106.7133
v  764.7745 10.0000 106.6881
v  764.0348 0.0000 106.5372
v  764.4047 5.0000 106.6127
v  764.0348 10.0000 106.5372
v  763.3937 0.0000 106.2856
v  763.7142 5.0000 106.4114
v  763.3937 10.0000 106.2856
v  762.8511 0.0000 105.9335
v  763.1224 5.0000 106.1096
v  762.8511 10.0000 105.9335
v  762.4073 0.0000 105.4807
v  762.6292 5.0000 105.7071
v  762.4073 10.0000 105.4807
v  762.0621 0.0000 104.9272
v  762.2347 5.0000 105.2039
v  762.0621 10.0000 104.9272
v  761.8154 0.0000 104.2732
v  761.9388 5.0000 104.6002
v  761.8154 10.0000 104.2732
v  761.6675 0.0000 103.5185
v  761.7415 5.0000 103.8958
v  761.6675 10.0000 103.5185
v  761.6182 0.0000 102.6632
v  761.6428 5.0000 103.0908
v  761.6182 10.0000 102.6632
v  761.6675 0.0000 101.7952
v  761.6428 5.0000 102.2292
v  761.6675 10.0000 101.7952
v  761.8155 0.0000 101.0293
v  761.7415 5.0000 101.4123
v  761.8155 10.0000 101.0293
v  762.0621 0.0000 100.3656
v  761.9388 5.0000 100.6975
v  762.0621 10.0000 100.3656
v  762.4073 0.0000 99.8040
v  762.2347 5.0000 100.0848
v  762.4073 10.0000 99.8040
v  762.8511 0.0000 99.3445
v  762.6292 5.0000 99.5742
v  762.8511 10.0000 99.3445
v  763.3937 0.0000 98.9871
v  763.1224 5.0000 99.1658
v  763.3937 10.0000 98.9871
v  764.0348 0.0000 98.7318
v  763.7142 5.0000 98.8594
v  764.0348 10.0000 98.7318
v  764.7745 0.0000 98.5786
v  764.4047 5.0000 98.6552
v  764.7745 10.0000 98.5786
v  765.6130 0.0000 98.5275
v  765.1937 5.0000 98.5531
v  765.6130 10.0000 98.5275
v  766.0385 5.0000 98.5531
v  765.3828 0.0000 123.0361
v  765.9343 0.0000 123.1464
v  765.6586 5.0000 123.0912
v  765.9343 10.0000 123.1464
v  765.3828 10.0000 123.0361
v  766.4124 0.0000 123.3302
v  766.1733 5.0000 123.2383
v  766.4124 10.0000 123.3302
v  766.8168 0.0000 123.5876
v  766.6146 5.0000 123.4589
v  766.8168 10.0000 123.5876
v  767.1478 0.0000 123.9186
v  766.9823 5.0000 123.7531
v  767.1478 10.0000 123.9186
v  767.4052 0.0000 124.3231
v  767.2765 5.0000 124.1208
v  767.4052 10.0000 124.3231
v  767.5891 0.0000 124.8011
v  767.4971 5.0000 124.5621
v  767.5891 10.0000 124.8011
v  767.6993 0.0000 125.3526
v  767.6442 5.0000 125.0769
v  767.6993 10.0000 125.3526
v  767.7361 0.0000 125.9778
v  767.7178 5.0000 125.6652
v  767.7361 10.0000 125.9778
v  767.6993 0.0000 126.6029
v  767.7178 5.0000 126.2903
v  767.6993 10.0000 126.6029
v  767.5891 0.0000 127.1544
v  767.6442 5.0000 126.8787
v  767.5891 10.0000 127.1544
v  767.4052 0.0000 127.6325
v  767.4971 5.0000 127.3934
v  767.4052 10.0000 127.6325
v  767.1478 0.0000 128.0369
v  767.2765 5.0000 127.8347
v  767.1478 10.0000 128.0369
v  766.8168 0.0000 128.3679
v  766.9823 5.0000 128.2024
v  766.8168 10.0000 128.3679
v  766.4124 0.0000 128.6253
v  766.6146 5.0000 128.4966
v  766.4124 10.0000 128.6253
v  765.9343 0.0000 128.8091
v  766.1733 5.0000 128.7172
v  765.9343 10.0000 128.8091
v  765.3828 0.0000 128.9195
v  765.6586 5.0000 128.8643
v  765.3828 10.0000 128.9195
v  764.7577 0.0000 128.9562
v  765.0702 5.0000 128.9378
v  764.7577 10.0000 128.9562
v  764.1326 0.0000 128.9195
v  764.4451 5.0000 128.9378
v  764.1326 10.0000 128.9195
v  763.5810 0.0000 128.8091
v  763.8568 5.0000 128.8643
v  763.5810 10.0000 128.8091
v  763.1030 0.0000 128.6253
v  763.3420 5.0000 128.7172
v  763.1030 10.0000 128.6253
v  762.6985 0.0000 128.3679
v  762.9007 5.0000 128.4966
v  762.6985 10.0000 128.3679
v  762.3676 0.0000 128.0369
v  762.5330 5.0000 128.2024
v  762.3676 10.0000 128.0369
v  762.1101 0.0000 127.6325
v  762.2388 5.0000 127.8347
v  762.1101 10.0000 127.6325
v  761.9263 0.0000 127.1544
v  762.0182 5.0000 127.3934
v  761.9263 10.0000 127.1544
v  761.8160 0.0000 126.6029
v  761.8711 5.0000 126.8787
v  761.8160 10.0000 126.6029
v  761.7792 0.0000 125.9778
v  761.7976 5.0000 126.2903
v  761.7792 10.0000 125.9778
v  761.8160 0.0000 125.3526
v  761.7976 5.0000 125.6652
v  761.8160 10.0000 125.3526
v  761.9263 0.0000 124.8011
v  761.8711 5.0000 125.0769
v  761.9263 10.0000 124.8011
v  762.1101 0.0000 124.3231
v  762.0182 5.0000 124.5621
v  762.1101 10.0000 124.3231
v  762.3676 0.0000 123.9186
v  762.2388 5.0000 124.1208
v  762.3676 10.0000 123.9186
v  762.6985 0.0000 123.5876
v  762.5330 5.0000 123.7531
v  762.6985 10.0000 123.5876
v  763.1030 0.0000 123.3302
v  762.9007 5.0000 123.4589
v  763.1030 10.0000 123.3302
v  763.5810 0.0000 123.1464
v  763.3420 5.0000 123.2383
v  763.5810 10.0000 123.1464
v  764.1326 0.0000 123.0361
v  763.8568 5.0000 123.0912
v  764.1326 10.0000 123.0361
v  764.7577 0.0000 122.9993
v  764.4451 5.0000 123.0177
v  764.7577 10.0000 122.9993
v  765.0702 5.0000 123.0177
v  763.1480 0.0000 109.0495
v  768.2128 10.0000 110.8537
v  766.4335 0.0000 110.8912
v  762.2169 0.0000 110.2367
v  763.6083 0.0000 109.1836
v  764.3667 0.0000 111.6795
v  760.4271 0.0000 110.8895
v  757.7665 0.0000 111.7266
v  756.5492 0.0000 112.9180
v  755.7854 0.0000 113.1393
v  754.0827 0.0000 112.4638
v  753.1798 0.0000 113.9670
v  751.4053 0.0000 113.4567
v  749.5087 0.0000 114.4865
v  749.5259 0.0000 116.1723
v  747.5544 0.0000 116.1796
v  747.9333 0.0000 117.9738
v  746.0156 0.0000 118.2662
v  745.0648 0.0000 120.2052
v  746.0951 0.0000 121.9006
v  744.2740 0.0000 123.0027
v  745.5642 0.0000 124.6967
v  743.9000 0.0000 126.1943
v  743.8690 0.0000 128.6030
v  743.1486 0.0000 131.1114
v  743.3194 0.0000 134.3372
v  745.1644 0.0000 136.7516
v  746.6271 0.0000 138.5661
v  748.3698 0.0000 140.5905
v  751.0153 0.0000 141.3951
v  753.1496 0.0000 141.9983
v  755.6730 0.0000 142.9299
v  757.3588 0.0000 141.5846
v  757.9985 0.0000 141.5201
v  758.3204 0.0000 140.5034
v  758.8877 0.0000 141.4100
v  759.2085 0.0000 140.3781
v  759.8314 0.0000 141.2543
v  760.6088 0.0000 141.1081
v  760.8242 0.0000 140.0574
v  761.6542 0.0000 140.8769
v  765.6428 0.0000 138.9114
v  765.4111 0.0000 134.3958
v  764.6270 0.0000 139.5190
v  762.8178 0.0000 139.2383
v  767.8651 0.0000 132.8754
v  766.6943 0.0000 129.7629
v  768.4833 0.0000 135.6324
v  769.0693 0.0000 137.8909
v  768.5599 0.0000 137.9326
v  767.9887 0.0000 137.9952
v  767.3557 0.0000 138.0787
v  766.6608 0.0000 138.1831
v  769.5732 0.0000 135.9462
v  769.8485 0.0000 136.3078
v  770.1619 0.0000 136.6345
v  770.5135 0.0000 136.9263
v  770.9032 0.0000 137.1831
v  771.3311 0.0000 137.4050
v  771.7970 0.0000 137.5919
v  772.3011 0.0000 137.7439
v  781.5801 0.0000 140.1147
v  780.1910 0.0000 139.6091
v  778.9422 0.0000 139.5913
v  777.8876 0.0000 139.9595
v  775.8306 0.0000 139.4952
v  774.3082 0.0000 140.2639
v  773.7638 0.0000 140.1685
v  773.2154 0.0000 140.1049
v  772.6630 0.0000 140.0731
v  767.7550 0.0000 130.3336
v  768.7035 0.0000 129.7231
v  768.9493 0.0000 128.8591
v  769.6823 0.0000 128.2182
v  769.5625 0.0000 127.1756
v  769.6470 0.0000 126.3813
v  769.6378 0.0000 125.4490
v  769.5165 0.0000 124.4820
v  769.2740 0.0000 123.6359
v  768.9103 0.0000 122.9106
v  768.4254 0.0000 122.3063
v  767.8191 0.0000 121.8228
v  767.0916 0.0000 121.4601
v  766.2429 0.0000 121.2184
v  765.2729 0.0000 121.0975
v  764.2170 0.0000 121.1004
v  763.6446 0.0000 121.8044
v  762.9420 0.0000 121.3061
v  761.6093 0.0000 121.4181
v  760.9096 0.0000 122.4221
v  760.4008 0.0000 123.0830
v  760.0192 0.0000 123.8761
v  759.7647 0.0000 124.8013
v  760.3726 0.0000 125.5239
v  759.6375 0.0000 126.1713
v  759.2426 0.0000 127.3052
v  759.4688 0.0000 128.3859
v  759.8915 0.0000 129.4425
v  760.7231 0.0000 129.9112
v  761.1509 0.0000 130.4283
v  761.4961 0.0000 131.5634
v  763.4072 0.0000 134.6104
v  768.2128 0.0000 110.8537
v  768.2496 0.0000 108.1380
v  769.1581 0.0000 108.8913
v  771.6735 0.0000 109.6724
v  770.7544 0.0000 105.4471
v  774.9613 0.0000 110.4863
v  776.5760 0.0000 109.0888
v  778.1530 0.0000 108.9500
v  779.6158 0.0000 108.7124
v  780.9647 0.0000 108.3760
v  782.1995 0.0000 107.9408
v  784.0387 0.0000 107.8230
v  784.9168 0.0000 106.3617
v  785.7527 0.0000 105.5711
v  787.3345 0.0000 104.8557
v  787.4953 0.0000 103.2505
v  788.0038 0.0000 102.3044
v  789.3173 0.0000 101.3076
v  788.9390 0.0000 99.7935
v  789.1539 0.0000 98.7626
v  789.2886 0.0000 97.7036
v  788.0302 0.0000 96.5121
v  788.0665 0.0000 95.7420
v  770.9547 0.0000 105.0446
v  773.3394 0.0000 104.8328
v  773.5200 0.0000 103.3152
v  772.3641 0.0000 101.9139
v  772.2001 0.0000 100.6691
v  771.8721 0.0000 99.5799
v  771.3802 0.0000 98.6464
v  770.7877 0.0000 97.2868
v  769.2209 0.0000 96.9324
v  768.1231 0.0000 96.5702
v  766.8613 0.0000 96.3635
v  765.9973 0.0000 97.0419
v  765.0416 0.0000 96.3136
v  763.6821 0.0000 96.4738
v  762.4925 0.0000 96.7942
v  761.4728 0.0000 97.2747
v  760.6231 0.0000 97.9155
v  759.9434 0.0000 98.7165
v  759.4335 0.0000 99.6776
v  759.0936 0.0000 100.7990
v  758.9237 0.0000 102.0805
v  758.3787 0.0000 103.4512
v  758.5860 0.0000 104.7004
v  759.0006 0.0000 105.7874
v  759.5149 0.0000 107.0386
v  761.4117 0.0000 106.6948
v  764.3667 10.0000 111.6795
v  788.0665 10.0000 95.7420
v  766.4335 10.0000 110.8912
v  788.0302 10.0000 96.5121
v  789.2886 10.0000 97.7036
v  789.1539 10.0000 98.7626
v  788.9390 10.0000 99.7935
v  789.3173 10.0000 101.3076
v  788.0038 10.0000 102.3044
v  787.4953 10.0000 103.2505
v  787.3345 10.0000 104.8557
v  785.7527 10.0000 105.5711
v  784.9168 10.0000 106.3617
v  784.0387 10.0000 107.8230
v  782.1995 10.0000 107.9408
v  780.9647 10.0000 108.3760
v  779.6158 10.0000 108.7124
v  778.1530 10.0000 108.9500
v  776.5760 10.0000 109.0888
v  775.1338 10.0000 110.1976
v  761.0204 10.0000 109.9687
v  761.4117 10.0000 106.6948
v  771.6590 10.0000 110.2062
v  768.2496 10.0000 108.1380
v  759.5149 10.0000 107.0386
v  759.0006 10.0000 105.7874
v  758.5859 10.0000 104.7004
v  758.3787 10.0000 103.4512
v  758.9237 10.0000 102.0805
v  759.0936 10.0000 100.7990
v  759.4335 10.0000 99.6776
v  759.9434 10.0000 98.7165
v  760.6231 10.0000 97.9155
v  761.4728 10.0000 97.2747
v  762.4925 10.0000 96.7942
v  763.6821 10.0000 96.4738
v  765.0416 10.0000 96.3136
v  765.9973 10.0000 97.0419
v  766.8613 10.0000 96.3635
v  768.1231 10.0000 96.5702
v  769.2209 10.0000 96.9324
v  770.7877 10.0000 97.2868
v  771.3802 10.0000 98.6464
v  771.8721 10.0000 99.5799
v  772.2001 10.0000 100.6691
v  772.3641 10.0000 101.9139
v  773.5200 10.0000 103.3152
v  773.3394 10.0000 104.8328
v  770.9547 10.0000 105.0446
v  770.7544 10.0000 105.4471
v  770.4874 10.0000 105.7825
v  763.6083 10.0000 109.1836
v  762.5128 10.0000 110.3876
v  762.8178 10.0000 139.2383
v  764.6270 10.0000 139.5190
v  761.6542 10.0000 140.8769
v  760.8242 10.0000 140.0574
v  760.6088 10.0000 141.1081
v  759.8314 10.0000 141.2543
v  759.2085 10.0000 140.3781
v  758.8877 10.0000 141.4100
v  758.3204 10.0000 140.5034
v  757.9985 10.0000 141.5201
v  757.3588 10.0000 141.5846
v  755.6730 10.0000 142.9299
v  753.1496 10.0000 141.9983
v  751.0153 10.0000 141.3951
v  748.3698 10.0000 140.5905
v  746.6271 10.0000 138.5661
v  745.1644 10.0000 136.7516
v  743.3194 10.0000 134.3372
v  743.1486 10.0000 131.1114
v  743.8690 10.0000 128.6030
v  743.9000 10.0000 126.1943
v  745.5642 10.0000 124.6967
v  744.2740 10.0000 123.0027
v  746.0951 10.0000 121.9006
v  745.0648 10.0000 120.2052
v  746.0156 10.0000 118.2662
v  747.9333 10.0000 117.9738
v  747.5544 10.0000 116.1796
v  749.5259 10.0000 116.1723
v  749.5087 10.0000 114.4865
v  751.4053 10.0000 113.4567
v  753.1798 10.0000 113.9670
v  754.0827 10.0000 112.4638
v  755.7854 10.0000 113.1393
v  756.5492 10.0000 112.9180
v  757.7665 10.0000 111.7266
v  764.4476 10.0000 135.3006
v  766.6608 10.0000 138.1831
v  762.6072 10.0000 133.4277
v  765.6428 10.0000 138.9114
v  765.4111 10.0000 134.3958
v  761.4961 10.0000 131.5634
v  761.1509 10.0000 130.4283
v  760.7231 10.0000 129.9112
v  759.8915 10.0000 129.4425
v  759.4688 10.0000 128.3859
v  759.2426 10.0000 127.3052
v  759.6375 10.0000 126.1713
v  760.3726 10.0000 125.5239
v  759.7647 10.0000 124.8013
v  760.0192 10.0000 123.8761
v  760.4008 10.0000 123.0830
v  760.9096 10.0000 122.4221
v  761.6093 10.0000 121.4181
v  762.9420 10.0000 121.3061
v  763.6446 10.0000 121.8044
v  764.2170 10.0000 121.1004
v  765.2729 10.0000 121.0975
v  766.2429 10.0000 121.2184
v  767.0916 10.0000 121.4601
v  767.8191 10.0000 121.8228
v  768.4254 10.0000 122.3063
v  768.9103 10.0000 122.9106
v  769.2740 10.0000 123.6359
v  769.5165 10.0000 124.4820
v  769.6378 10.0000 125.4490
v  769.6470 10.0000 126.3813
v  769.5625 10.0000 127.1756
v  769.6823 10.0000 128.2182
v  768.9493 10.0000 128.8591
v  768.7035 10.0000 129.7231
v  767.7550 10.0000 130.3336
v  766.6943 10.0000 129.7629
v  767.8651 10.0000 132.8754
v  767.3557 10.0000 138.0787
v  767.9887 10.0000 137.9952
v  768.5599 10.0000 137.9326
v  769.0693 10.0000 137.8909
v  771.7970 10.0000 137.5919
v  772.4860 10.0000 138.8936
v  771.3311 10.0000 137.4050
v  770.9032 10.0000 137.1831
v  770.5135 10.0000 136.9263
v  770.1619 10.0000 136.6345
v  769.8485 10.0000 136.3078
v  769.5732 10.0000 135.9462
v  768.4833 10.0000 135.6324
v  773.2154 10.0000 140.1049
v  773.7638 10.0000 140.1685
v  774.3082 10.0000 140.2639
v  775.8306 10.0000 139.4952
v  777.8876 10.0000 139.9595
v  778.9422 10.0000 139.5913
v  780.1910 10.0000 139.6091
v  781.5801 10.0000 140.1147
# 1283 vertices

vn -0.0655 -0.6988 -0.7123
vn -0.1089 -0.7017 -0.7041
vn -0.1288 0.0000 -0.9917
vn -0.1089 0.7017 -0.7041
vn -0.0655 0.6988 -0.7123
vn -0.1377 -0.7033 -0.6974
vn -0.1769 0.0000 -0.9842
vn -0.1377 0.7033 -0.6974
vn -0.1581 -0.7043 -0.6921
vn -0.2104 0.0000 -0.9776
vn -0.1581 0.7043 -0.6921
vn -0.1733 -0.7049 -0.6878
vn -0.2349 0.0000 -0.9720
vn -0.1733 0.7049 -0.6878
vn -0.1850 -0.7054 -0.6842
vn -0.2537 0.0000 -0.9673
vn -0.1850 0.7054 -0.6842
vn -0.1944 -0.7057 -0.6813
vn -0.2684 0.0000 -0.9633
vn -0.1944 0.7057 -0.6813
vn -0.2020 -0.7060 -0.6788
vn -0.2803 0.0000 -0.9599
vn -0.2020 0.7060 -0.6788
vn -0.2023 -0.7080 -0.6766
vn -0.2901 0.0000 -0.9570
vn -0.2023 0.7080 -0.6766
vn -0.1896 -0.7103 -0.6779
vn -0.2828 0.0000 -0.9592
vn -0.1896 0.7103 -0.6779
vn -0.1699 -0.7104 -0.6829
vn -0.2557 0.0000 -0.9667
vn -0.1699 0.7104 -0.6829
vn -0.1491 -0.7106 -0.6876
vn -0.2271 0.0000 -0.9739
vn -0.1491 0.7106 -0.6876
vn -0.1272 -0.7108 -0.6918
vn -0.1968 0.0000 -0.9804
vn -0.1272 0.7108 -0.6918
vn -0.1041 -0.7110 -0.6955
vn -0.1648 0.0000 -0.9863
vn -0.1041 0.7110 -0.6955
vn -0.0798 -0.7111 -0.6985
vn -0.1312 0.0000 -0.9914
vn -0.0798 0.7111 -0.6985
vn -0.0543 -0.7113 -0.7008
vn -0.0958 0.0000 -0.9954
vn -0.0543 0.7113 -0.7008
vn -0.0276 -0.7115 -0.7021
vn -0.0587 0.0000 -0.9983
vn -0.0276 0.7115 -0.7021
vn 0.0208 -0.7185 -0.6952
vn -0.0200 0.0000 -0.9998
vn 0.0208 0.7185 -0.6952
vn 0.1175 -0.7286 -0.6748
vn 0.0796 0.0000 -0.9968
vn 0.1175 0.7286 -0.6748
vn 0.2483 -0.7322 -0.6342
vn 0.2621 0.0000 -0.9651
vn 0.2483 0.7322 -0.6342
vn 0.3817 -0.7340 -0.5617
vn 0.4629 0.0000 -0.8864
vn 0.3817 0.7340 -0.5617
vn 0.4993 -0.7331 -0.4619
vn 0.6538 0.0000 -0.7567
vn 0.4993 0.7331 -0.4619
vn 0.5875 -0.7299 -0.3494
vn 0.8052 0.0000 -0.5930
vn 0.5875 0.7299 -0.3494
vn 0.6445 -0.7258 -0.2405
vn 0.9055 0.0000 -0.4244
vn 0.6445 0.7258 -0.2405
vn 0.6765 -0.7220 -0.1450
vn 0.9621 0.0000 -0.2726
vn 0.6765 0.7220 -0.1450
vn 0.6920 -0.7189 -0.0658
vn 0.9893 0.0000 -0.1457
vn 0.6920 0.7189 -0.0658
vn 0.6985 -0.7156 -0.0041
vn 0.9991 0.0000 -0.0433
vn 0.6985 0.7156 -0.0041
vn 0.6977 -0.7149 0.0460
vn 0.9995 0.0000 0.0316
vn 0.6977 0.7149 0.0460
vn 0.6916 -0.7158 0.0963
vn 0.9950 0.0000 0.1000
vn 0.6916 0.7158 0.0963
vn 0.6808 -0.7167 0.1512
vn 0.9845 0.0000 0.1755
vn 0.6808 0.7167 0.1512
vn 0.6639 -0.7176 0.2104
vn 0.9662 0.0000 0.2578
vn 0.6639 0.7176 0.2104
vn 0.6398 -0.7185 0.2727
vn 0.9383 0.0000 0.3458
vn 0.6398 0.7185 0.2727
vn 0.6079 -0.7192 0.3365
vn 0.8992 0.0000 0.4374
vn 0.6079 0.7192 0.3365
vn 0.5677 -0.7197 0.3997
vn 0.8481 0.0000 0.5299
vn 0.5677 0.7197 0.3997
vn 0.5199 -0.7199 0.4599
vn 0.7848 0.0000 0.6197
vn 0.5199 0.7199 0.4599
vn 0.4675 -0.7192 0.5140
vn 0.7109 0.0000 0.7032
vn 0.4675 0.7192 0.5140
vn 0.4133 -0.7183 0.5596
vn 0.6328 0.0000 0.7743
vn 0.4133 0.7183 0.5596
vn 0.3578 -0.7179 0.5972
vn 0.5538 0.0000 0.8326
vn 0.3578 0.7179 0.5972
vn 0.3020 -0.7173 0.6280
vn 0.4730 0.0000 0.8811
vn 0.3020 0.7173 0.6280
vn 0.2473 -0.7165 0.6523
vn 0.3929 0.0000 0.9196
vn 0.2473 0.7165 0.6523
vn 0.1949 -0.7158 0.6706
vn 0.3155 0.0000 0.9489
vn 0.1949 0.7158 0.6706
vn 0.1457 -0.7150 0.6838
vn 0.2423 0.0000 0.9702
vn 0.1457 0.7150 0.6838
vn 0.1000 -0.7143 0.6927
vn 0.1742 0.0000 0.9847
vn 0.1000 0.7143 0.6927
vn 0.0581 -0.7136 0.6981
vn 0.1115 0.0000 0.9938
vn 0.0581 0.7136 0.6981
vn 0.0370 -0.7076 0.7057
vn 0.0544 0.0000 0.9985
vn 0.0370 0.7076 0.7057
vn 0.0544 -0.7013 0.7108
vn 0.0503 0.0000 0.9987
vn 0.0544 0.7013 0.7108
vn 0.0955 -0.7000 0.7077
vn 0.1022 0.0000 0.9948
vn 0.0955 0.7000 0.7077
vn 0.1459 -0.6984 0.7007
vn 0.1651 0.0000 0.9863
vn 0.1459 0.6984 0.7007
vn 0.2079 -0.6962 0.6871
vn 0.2421 0.0000 0.9702
vn 0.2079 0.6962 0.6871
vn 0.2841 -0.6934 0.6622
vn 0.3365 0.0000 0.9417
vn 0.2841 0.6934 0.6622
vn 0.3755 -0.6900 0.6188
vn 0.4507 0.0000 0.8927
vn 0.3755 0.6900 0.6188
vn 0.4788 -0.6863 0.5474
vn 0.5838 0.0000 0.8119
vn 0.4788 0.6863 0.5474
vn 0.5826 -0.6832 0.4402
vn 0.7269 0.0000 0.6867
vn 0.5826 0.6832 0.4402
vn 0.2173 -0.8578 0.4658
vn 0.8591 0.0000 0.5118
vn 0.2173 0.8578 0.4658
vn -0.1109 -0.7064 0.6991
vn -0.1599 0.0000 0.9871
vn -0.1109 0.7064 0.6991
vn -0.1060 -0.7062 0.7000
vn -0.1535 0.0000 0.9882
vn -0.1060 0.7062 0.7000
vn -0.1000 -0.7061 0.7011
vn -0.1459 0.0000 0.9893
vn -0.1000 0.7061 0.7011
vn -0.0927 -0.7058 0.7023
vn -0.1366 0.0000 0.9906
vn -0.0927 0.7058 0.7023
vn -0.0835 -0.7055 0.7038
vn -0.1251 0.0000 0.9921
vn -0.0835 0.7055 0.7038
vn -0.0715 -0.7049 0.7057
vn -0.1104 0.0000 0.9939
vn -0.0715 0.7049 0.7057
vn -0.0554 -0.7041 0.7079
vn -0.0912 0.0000 0.9958
vn -0.0554 0.7041 0.7079
vn -0.0324 -0.7028 0.7106
vn -0.0648 0.0000 0.9979
vn -0.0324 0.7028 0.7106
vn 0.0015 -0.7007 0.7134
vn -0.0264 0.0000 0.9997
vn 0.0015 0.7007 0.7134
vn 0.0458 -0.6997 0.7130
vn 0.0307 0.0000 0.9995
vn 0.0458 0.6997 0.7130
vn 0.0963 -0.6988 0.7088
vn 0.0975 0.0000 0.9952
vn 0.0963 0.6988 0.7088
vn 0.1521 -0.6979 0.6999
vn 0.1716 0.0000 0.9852
vn 0.1521 0.6979 0.6999
vn 0.2130 -0.6969 0.6848
vn 0.2529 0.0000 0.9675
vn 0.2130 0.6969 0.6848
vn 0.2779 -0.6960 0.6621
vn 0.3405 0.0000 0.9403
vn 0.2779 0.6960 0.6621
vn 0.3451 -0.6953 0.6305
vn 0.4325 0.0000 0.9016
vn 0.3451 0.6953 0.6305
vn 0.4122 -0.6947 0.5894
vn 0.5263 0.0000 0.8503
vn 0.4122 0.6947 0.5894
vn 0.4765 -0.6944 0.5392
vn 0.6181 0.0000 0.7861
vn 0.4765 0.6944 0.5392
vn 0.5259 -0.6976 0.4867
vn 0.7040 0.0000 0.7102
vn 0.5259 0.6976 0.4867
vn 0.5583 -0.7002 0.4450
vn 0.7624 0.0000 0.6471
vn 0.5583 0.7002 0.4450
vn 0.5864 -0.6996 0.4083
vn 0.8008 0.0000 0.5989
vn 0.5864 0.6996 0.4083
vn 0.6144 -0.6989 0.3661
vn 0.8395 0.0000 0.5433
vn 0.6144 0.6989 0.3661
vn 0.6414 -0.6982 0.3180
vn 0.8774 0.0000 0.4798
vn 0.6414 0.6982 0.3180
vn 0.6662 -0.6975 0.2639
vn 0.9130 0.0000 0.4079
vn 0.6662 0.6975 0.2639
vn 0.6875 -0.6970 0.2039
vn 0.9447 0.0000 0.3279
vn 0.6875 0.6970 0.2039
vn 0.7039 -0.6965 0.1390
vn 0.9707 0.0000 0.2403
vn 0.7039 0.6965 0.1390
vn 0.7143 -0.6963 0.0704
vn 0.9892 0.0000 0.1467
vn 0.7143 0.6963 0.0704
vn 0.6898 -0.6026 -0.4013
vn 0.9988 0.0000 0.0493
vn 0.6898 0.6026 -0.4013
vn -0.4268 -0.5575 -0.7120
vn 0.4509 0.0000 -0.8926
vn -0.4268 0.5575 -0.7120
vn -0.7007 -0.7127 -0.0334
vn -0.9997 0.0000 -0.0230
vn -0.7007 0.7127 -0.0334
vn -0.6975 -0.7132 -0.0695
vn -0.9974 0.0000 -0.0723
vn -0.6975 0.7132 -0.0695
vn -0.6919 -0.7138 -0.1086
vn -0.9920 0.0000 -0.1259
vn -0.6919 0.7138 -0.1086
vn -0.6833 -0.7144 -0.1507
vn -0.9829 0.0000 -0.1840
vn -0.6833 0.7144 -0.1507
vn -0.6712 -0.7150 -0.1957
vn -0.9691 0.0000 -0.2465
vn -0.6712 0.7150 -0.1957
vn -0.6549 -0.7156 -0.2431
vn -0.9498 0.0000 -0.3129
vn -0.6549 0.7156 -0.2431
vn -0.6337 -0.7161 -0.2925
vn -0.9239 0.0000 -0.3827
vn -0.6337 0.7161 -0.2925
vn -0.6074 -0.7166 -0.3428
vn -0.8906 0.0000 -0.4547
vn -0.6074 0.7166 -0.3428
vn -0.5648 -0.7212 -0.4009
vn -0.8496 0.0000 -0.5275
vn -0.5648 0.7212 -0.4009
vn -0.5004 -0.7252 -0.4730
vn -0.7782 0.0000 -0.6280
vn -0.5004 0.7252 -0.4730
vn -0.4241 -0.7239 -0.5442
vn -0.6707 0.0000 -0.7418
vn -0.4241 0.7239 -0.5442
vn -0.3457 -0.7222 -0.5992
vn -0.5555 0.0000 -0.8315
vn -0.3457 0.7222 -0.5992
vn -0.2703 -0.7202 -0.6389
vn -0.4419 0.0000 -0.8971
vn -0.2703 0.7202 -0.6389
vn -0.2014 -0.7184 -0.6659
vn -0.3363 0.0000 -0.9418
vn -0.2014 0.7184 -0.6659
vn -0.1401 -0.7167 -0.6832
vn -0.2419 0.0000 -0.9703
vn -0.1401 0.7167 -0.6832
vn -0.0867 -0.7153 -0.6935
vn -0.1595 0.0000 -0.9872
vn -0.0867 0.7153 -0.6935
vn -0.0405 -0.7141 -0.6989
vn -0.0884 0.0000 -0.9961
vn -0.0405 0.7141 -0.6989
vn 0.2225 -0.9678 -0.1180
vn -0.0272 0.0000 -0.9996
vn 0.2225 0.9678 -0.1180
vn 0.6023 -0.6964 0.3901
vn 0.8122 0.0000 0.5833
vn 0.6023 0.6964 0.3901
vn 0.6357 -0.6970 0.3318
vn 0.8645 0.0000 0.5026
vn 0.6357 0.6970 0.3318
vn 0.6617 -0.6977 0.2745
vn 0.9066 0.0000 0.4219
vn 0.6617 0.6977 0.2745
vn 0.6812 -0.6984 0.2195
vn 0.9391 0.0000 0.3436
vn 0.6812 0.6984 0.2195
vn 0.6950 -0.6992 0.1678
vn 0.9631 0.0000 0.2692
vn 0.6950 0.6992 0.1678
vn 0.7041 -0.6999 0.1200
vn 0.9798 0.0000 0.1998
vn 0.7041 0.6999 0.1200
vn 0.7095 -0.7006 0.0762
vn 0.9907 0.0000 0.1359
vn 0.7095 0.7006 0.0762
vn 0.7120 -0.7012 0.0364
vn 0.9970 0.0000 0.0775
vn 0.7120 0.7012 0.0364
vn 0.7167 -0.6973 -0.0141
vn 0.9997 0.0000 0.0246
vn 0.7167 0.6973 -0.0141
vn 0.7163 -0.6906 -0.1004
vn 0.9980 0.0000 -0.0640
vn 0.7163 0.6906 -0.1004
vn 0.6928 -0.6872 -0.2187
vn 0.9771 0.0000 -0.2129
vn 0.6928 0.6872 -0.2187
vn 0.6394 -0.6843 -0.3506
vn 0.9223 0.0000 -0.3865
vn 0.6394 0.6843 -0.3506
vn 0.5504 -0.6830 -0.4801
vn 0.8218 0.0000 -0.5698
vn 0.5504 0.6830 -0.4801
vn 0.4331 -0.6838 -0.5872
vn 0.6761 0.0000 -0.7368
vn 0.4331 0.6838 -0.5872
vn 0.3057 -0.6864 -0.6598
vn 0.5043 0.0000 -0.8635
vn 0.3057 0.6864 -0.6598
vn 0.1864 -0.6898 -0.6996
vn 0.3328 0.0000 -0.9430
vn 0.1864 0.6898 -0.6996
vn 0.0847 -0.6930 -0.7159
vn 0.1805 0.0000 -0.9836
vn 0.0847 0.6930 -0.7159
vn 0.0003 -0.6953 -0.7188
vn 0.0539 0.0000 -0.9985
vn 0.0003 0.6953 -0.7188
vn -0.0835 -0.6932 -0.7159
vn -0.0531 0.0000 -0.9986
vn -0.0835 0.6932 -0.7159
vn -0.1839 -0.6900 -0.7001
vn -0.1781 0.0000 -0.9840
vn -0.1839 0.6900 -0.7001
vn -0.3022 -0.6866 -0.6612
vn -0.3286 0.0000 -0.9445
vn -0.3022 0.6866 -0.6612
vn -0.4292 -0.6839 -0.5900
vn -0.4990 0.0000 -0.8666
vn -0.4292 0.6839 -0.5900
vn -0.5471 -0.6830 -0.4839
vn -0.6709 0.0000 -0.7416
vn -0.5471 0.6830 -0.4839
vn -0.6374 -0.6842 -0.3544
vn -0.8179 0.0000 -0.5753
vn -0.6374 0.6842 -0.3544
vn -0.6921 -0.6870 -0.2215
vn -0.9203 0.0000 -0.3912
vn -0.6921 0.6870 -0.2215
vn -0.7163 -0.6903 -0.1018
vn -0.9764 0.0000 -0.2158
vn -0.7163 0.6903 -0.1018
vn -0.7186 -0.6954 -0.0085
vn -0.9979 0.0000 -0.0649
vn -0.7186 0.6954 -0.0085
vn -0.7143 -0.6972 0.0615
vn -0.9992 0.0000 0.0412
vn -0.7143 0.6972 0.0615
vn -0.7063 -0.6961 0.1287
vn -0.9915 0.0000 0.1303
vn -0.7063 0.6961 0.1287
vn -0.6901 -0.6951 0.2014
vn -0.9737 0.0000 0.2278
vn -0.6901 0.6951 0.2014
vn -0.6640 -0.6943 0.2774
vn -0.9434 0.0000 0.3316
vn -0.6640 0.6943 0.2774
vn -0.6272 -0.6938 0.3539
vn -0.8989 0.0000 0.4382
vn -0.6272 0.6938 0.3539
vn -0.5799 -0.6936 0.4273
vn -0.8397 0.0000 0.5430
vn -0.5799 0.6936 0.4273
vn -0.5239 -0.6938 0.4941
vn -0.7674 0.0000 0.6412
vn -0.5239 0.6938 0.4941
vn -0.4620 -0.6944 0.5516
vn -0.6850 0.0000 0.7285
vn -0.4620 0.6944 0.5516
vn -0.1807 -0.9821 -0.0542
vn -0.5970 0.0000 0.8022
vn -0.1807 0.9821 -0.0542
vn -0.0899 -0.6922 -0.7161
vn -0.0572 0.0000 -0.9984
vn -0.0899 0.6922 -0.7161
vn -0.1972 -0.6889 -0.6975
vn -0.1912 0.0000 -0.9815
vn -0.1972 0.6889 -0.6975
vn -0.3210 -0.6857 -0.6533
vn -0.3509 0.0000 -0.9364
vn -0.3210 0.6857 -0.6533
vn -0.4497 -0.6835 -0.5750
vn -0.5269 0.0000 -0.8499
vn -0.4497 0.6835 -0.5750
vn -0.5638 -0.6832 -0.4640
vn -0.6978 0.0000 -0.7163
vn -0.5638 0.6832 -0.4640
vn -0.6471 -0.6850 -0.3347
vn -0.8372 0.0000 -0.5469
vn -0.6471 0.6850 -0.3347
vn -0.6955 -0.6881 -0.2070
vn -0.9301 0.0000 -0.3672
vn -0.6955 0.6881 -0.2070
vn -0.7162 -0.6915 -0.0946
vn -0.9796 0.0000 -0.2011
vn -0.7162 0.6915 -0.0946
vn -0.7173 -0.6967 -0.0098
vn -0.9982 0.0000 -0.0603
vn -0.7173 0.6967 -0.0098
vn -0.7133 -0.6991 0.0493
vn -0.9995 0.0000 0.0331
vn -0.7133 0.6991 0.0493
vn -0.7084 -0.6983 0.1031
vn -0.9945 0.0000 0.1047
vn -0.7084 0.6983 0.1031
vn -0.6981 -0.6974 0.1620
vn -0.9831 0.0000 0.1833
vn -0.6981 0.6974 0.1620
vn -0.6813 -0.6966 0.2251
vn -0.9633 0.0000 0.2683
vn -0.6813 0.6966 0.2251
vn -0.6565 -0.6959 0.2911
vn -0.9336 0.0000 0.3584
vn -0.6565 0.6959 0.2911
vn -0.6232 -0.6953 0.3580
vn -0.8924 0.0000 0.4512
vn -0.6232 0.6953 0.3580
vn -0.5812 -0.6950 0.4233
vn -0.8393 0.0000 0.5436
vn -0.5812 0.6950 0.4233
vn -0.5313 -0.6949 0.4845
vn -0.7748 0.0000 0.6322
vn -0.5313 0.6949 0.4845
vn -0.4787 -0.6970 0.5339
vn -0.7008 0.0000 0.7134
vn -0.4787 0.6970 0.5339
vn -0.4314 -0.6986 0.5708
vn -0.6330 0.0000 0.7742
vn -0.4314 0.6986 0.5708
vn -0.3857 -0.6982 0.6031
vn -0.5720 0.0000 0.8203
vn -0.3857 0.6982 0.6031
vn -0.3358 -0.6980 0.6325
vn -0.5048 0.0000 0.8632
vn -0.3358 0.6980 0.6325
vn -0.2823 -0.6978 0.6583
vn -0.4322 0.0000 0.9018
vn -0.2823 0.6978 0.6583
vn -0.2263 -0.6978 0.6796
vn -0.3554 0.0000 0.9347
vn -0.2263 0.6978 0.6796
vn -0.1689 -0.6979 0.6960
vn -0.2759 0.0000 0.9612
vn -0.1689 0.6979 0.6960
vn -0.1113 -0.6981 0.7073
vn -0.1953 0.0000 0.9807
vn -0.1113 0.6981 0.7073
vn -0.0548 -0.6984 0.7136
vn -0.1154 0.0000 0.9933
vn -0.0548 0.6984 0.7136
vn -0.0051 -0.7003 0.7138
vn -0.0377 0.0000 0.9993
vn -0.0051 0.7003 0.7138
vn 0.0304 -0.7028 0.7108
vn 0.0234 0.0000 0.9997
vn 0.0304 0.7028 0.7108
vn 0.0548 -0.7037 0.7084
vn 0.0620 0.0000 0.9981
vn 0.0548 0.7037 0.7084
vn 0.0742 -0.7043 0.7060
vn 0.0924 0.0000 0.9957
vn 0.0742 0.7043 0.7060
vn 0.0900 -0.7048 0.7036
vn 0.1168 0.0000 0.9932
vn 0.0900 0.7048 0.7036
vn 0.1030 -0.7052 0.7015
vn 0.1369 0.0000 0.9906
vn 0.1030 0.7052 0.7015
vn 0.1140 -0.7055 0.6995
vn 0.1537 0.0000 0.9881
vn 0.1140 0.7055 0.6995
vn 0.1233 -0.7057 0.6977
vn 0.1679 0.0000 0.9858
vn 0.1233 0.7057 0.6977
vn 0.1313 -0.7059 0.6960
vn 0.1801 0.0000 0.9836
vn 0.1313 0.7059 0.6960
vn 0.1350 -0.7071 0.6941
vn 0.1907 0.0000 0.9817
vn 0.1350 0.7071 0.6941
vn 0.1314 -0.7082 0.6936
vn 0.1911 0.0000 0.9816
vn 0.1314 0.7082 0.6936
vn 0.1239 -0.7084 0.6948
vn 0.1812 0.0000 0.9834
vn 0.1239 0.7084 0.6948
vn 0.1150 -0.7087 0.6961
vn 0.1697 0.0000 0.9855
vn 0.1150 0.7087 0.6961
vn 0.1045 -0.7089 0.6975
vn 0.1562 0.0000 0.9877
vn 0.1045 0.7089 0.6975
vn 0.0918 -0.7093 0.6989
vn 0.1401 0.0000 0.9901
vn 0.0918 0.7093 0.6989
vn 0.0763 -0.7099 0.7002
vn 0.1204 0.0000 0.9927
vn 0.0763 0.7099 0.7002
vn 0.0568 -0.7106 0.7013
vn 0.0961 0.0000 0.9954
vn 0.0568 0.7106 0.7013
vn 0.0317 -0.7117 0.7018
vn 0.0653 0.0000 0.9979
vn 0.0317 0.7117 0.7018
vn -0.0013 -0.7132 0.7010
vn 0.0250 0.0000 0.9997
vn -0.0013 0.7132 0.7010
vn -0.0403 -0.7137 0.6993
vn -0.0287 0.0000 0.9996
vn -0.0403 0.7137 0.6993
vn -0.0807 -0.7137 0.6958
vn -0.0863 0.0000 0.9963
vn -0.0807 0.7137 0.6958
vn -0.1209 -0.7137 0.6900
vn -0.1440 0.0000 0.9896
vn -0.1209 0.7137 0.6900
vn -0.1605 -0.7136 0.6819
vn -0.2010 0.0000 0.9796
vn -0.1605 0.7136 0.6819
vn -0.1991 -0.7135 0.6718
vn -0.2569 0.0000 0.9664
vn -0.1991 0.7135 0.6718
vn -0.2364 -0.7134 0.6597
vn -0.3111 0.0000 0.9504
vn -0.2364 0.7134 0.6597
vn -0.2721 -0.7132 0.6460
vn -0.3632 0.0000 0.9317
vn -0.2721 0.7132 0.6460
vn -0.3060 -0.7130 0.6309
vn -0.4128 0.0000 0.9108
vn -0.3060 0.7130 0.6309
vn 0.1694 -0.5882 0.7908
vn -0.4597 0.0000 0.8881
vn 0.1694 0.5882 0.7908
vn 0.8047 -0.5934 0.0196
vn 0.7832 0.0000 0.6218
vn 0.8047 0.5934 0.0196
vn 0.5438 -0.6837 -0.4867
vn 0.8126 0.0000 -0.5829
vn 0.5438 0.6837 -0.4867
vn 0.4577 -0.6984 -0.5502
vn 0.6691 0.0000 -0.7432
vn 0.4577 0.6984 -0.5502
vn 0.4140 -0.6988 -0.5833
vn 0.6089 0.0000 -0.7932
vn 0.4140 0.6988 -0.5833
vn 0.3702 -0.6992 -0.6116
vn 0.5479 0.0000 -0.8366
vn 0.3702 0.6992 -0.6116
vn 0.3271 -0.6997 -0.6352
vn 0.4872 0.0000 -0.8733
vn 0.3271 0.6997 -0.6352
vn 0.2854 -0.7002 -0.6544
vn 0.4280 0.0000 -0.9038
vn 0.2854 0.7002 -0.6544
vn 0.2456 -0.7007 -0.6699
vn 0.3711 0.0000 -0.9286
vn 0.2456 0.7007 -0.6699
vn 0.2079 -0.7012 -0.6820
vn 0.3170 0.0000 -0.9484
vn 0.2079 0.7012 -0.6820
vn 0.1726 -0.7016 -0.6913
vn 0.2660 0.0000 -0.9640
vn 0.1726 0.7016 -0.6913
vn 0.1493 -0.7053 -0.6930
vn 0.2184 0.0000 -0.9759
vn 0.1493 0.7053 -0.6930
vn 0.1585 -0.7125 -0.6835
vn 0.2028 0.0000 -0.9792
vn 0.1585 0.7125 -0.6835
vn 0.2020 -0.7167 -0.6675
vn 0.2490 0.0000 -0.9685
vn 0.2020 0.7167 -0.6675
vn 0.2599 -0.7177 -0.6460
vn 0.3298 0.0000 -0.9441
vn 0.2599 0.7177 -0.6460
vn 0.3207 -0.7186 -0.6170
vn 0.4159 0.0000 -0.9094
vn 0.3207 0.7186 -0.6170
vn 0.3826 -0.7194 -0.5797
vn 0.5053 0.0000 -0.8630
vn 0.3826 0.7194 -0.5797
vn 0.4435 -0.7199 -0.5339
vn 0.5949 0.0000 -0.8038
vn 0.4435 0.7199 -0.5339
vn 0.5007 -0.7202 -0.4803
vn 0.6810 0.0000 -0.7322
vn 0.5007 0.7202 -0.4803
vn 0.5520 -0.7201 -0.4204
vn 0.7600 0.0000 -0.6500
vn 0.5520 0.7201 -0.4204
vn 0.5957 -0.7196 -0.3567
vn 0.8285 0.0000 -0.5599
vn 0.5957 0.7196 -0.3567
vn 0.3547 -0.9238 0.1442
vn 0.8848 0.0000 -0.4660
vn 0.3547 0.9238 0.1442
vn 0.2757 -0.6902 0.6690
vn 0.3087 0.0000 0.9511
vn 0.2757 0.6902 0.6690
vn 0.3809 -0.6885 0.6172
vn 0.4509 0.0000 0.8926
vn 0.3809 0.6885 0.6172
vn 0.4826 -0.6876 0.5425
vn 0.5956 0.0000 0.8033
vn 0.4826 0.6876 0.5425
vn 0.5702 -0.6879 0.4490
vn 0.7285 0.0000 0.6850
vn 0.5702 0.6879 0.4490
vn 0.6365 -0.6893 0.3461
vn 0.8368 0.0000 0.5474
vn 0.6365 0.6893 0.3461
vn 0.6801 -0.6913 0.2442
vn 0.9144 0.0000 0.4047
vn 0.6801 0.6913 0.2442
vn 0.7045 -0.6935 0.1509
vn 0.9630 0.0000 0.2693
vn 0.7045 0.6935 0.1509
vn 0.7150 -0.6956 0.0699
vn 0.9889 0.0000 0.1488
vn 0.7150 0.6956 0.0699
vn 0.7185 -0.6955 -0.0049
vn 0.9990 0.0000 0.0454
vn 0.7185 0.6955 -0.0049
vn 0.7161 -0.6918 -0.0926
vn 0.9983 0.0000 -0.0590
vn 0.7161 0.6918 -0.0926
vn 0.6963 -0.6884 -0.2028
vn 0.9804 0.0000 -0.1970
vn 0.6963 0.6884 -0.2028
vn 0.6497 -0.6853 -0.3290
vn 0.9328 0.0000 -0.3604
vn 0.6497 0.6853 -0.3290
vn 0.5686 -0.6833 -0.4580
vn 0.8426 0.0000 -0.5386
vn 0.5686 0.6833 -0.4580
vn 0.4556 -0.6834 -0.5704
vn 0.7055 0.0000 -0.7087
vn 0.4556 0.6834 -0.5704
vn 0.3267 -0.6854 -0.6508
vn 0.5352 0.0000 -0.8447
vn 0.3267 0.6854 -0.6508
vn 0.2012 -0.6886 -0.6967
vn 0.3576 0.0000 -0.9339
vn 0.2012 0.6886 -0.6967
vn 0.0918 -0.6919 -0.7161
vn 0.1953 0.0000 -0.9807
vn 0.0918 0.6919 -0.7161
vn -0.0013 -0.6938 -0.7202
vn 0.0585 0.0000 -0.9983
vn -0.0013 0.6938 -0.7202
vn -0.0973 -0.6911 -0.7162
vn -0.0619 0.0000 -0.9981
vn -0.0973 0.6911 -0.7162
vn -0.2123 -0.6877 -0.6943
vn -0.2064 0.0000 -0.9785
vn -0.2123 0.6877 -0.6943
vn -0.3419 -0.6847 -0.6436
vn -0.3760 0.0000 -0.9266
vn -0.3419 0.6847 -0.6436
vn -0.4714 -0.6831 -0.5578
vn -0.5574 0.0000 -0.8303
vn -0.4714 0.6831 -0.5578
vn -0.5807 -0.6836 -0.4421
vn -0.7257 0.0000 -0.6880
vn -0.5807 0.6836 -0.4421
vn -0.6563 -0.6860 -0.3140
vn -0.8563 0.0000 -0.5165
vn -0.6563 0.6860 -0.3140
vn -0.6985 -0.6893 -0.1922
vn -0.9395 0.0000 -0.3425
vn -0.6985 0.6893 -0.1922
vn -0.7160 -0.6926 -0.0874
vn -0.9825 0.0000 -0.1863
vn -0.7160 0.6926 -0.0874
vn -0.7184 -0.6956 -0.0028
vn -0.9984 0.0000 -0.0557
vn -0.7184 0.6956 -0.0028
vn -0.7142 -0.6966 0.0683
vn -0.9988 0.0000 0.0480
vn -0.7142 0.6966 0.0683
vn -0.7044 -0.6969 0.1343
vn -0.9898 0.0000 0.1422
vn -0.7044 0.6969 0.1343
vn -0.6892 -0.6974 0.1966
vn -0.9727 0.0000 0.2321
vn -0.6892 0.6974 0.1966
vn -0.6696 -0.6980 0.2540
vn -0.9488 0.0000 0.3160
vn -0.6696 0.6980 0.2540
vn -0.6468 -0.6986 0.3058
vn -0.9197 0.0000 0.3926
vn -0.6468 0.6986 0.3058
vn -0.6222 -0.6993 0.3520
vn -0.8871 0.0000 0.4615
vn -0.6222 0.6993 0.3520
vn -0.5966 -0.6999 0.3926
vn -0.8526 0.0000 0.5226
vn -0.5966 0.6999 0.3926
vn -0.5709 -0.7006 0.4281
vn -0.8173 0.0000 0.5763
vn -0.5709 0.7006 0.4281
vn -0.5456 -0.7011 0.4591
vn -0.7821 0.0000 0.6231
vn -0.5456 0.7011 0.4591
vn -0.5195 -0.7006 0.4891
vn -0.7477 0.0000 0.6641
vn -0.5195 0.7006 0.4891
vn -0.4885 -0.6996 0.5214
vn -0.7078 0.0000 0.7064
vn -0.4885 0.6996 0.5214
vn -0.4503 -0.6985 0.5562
vn -0.6589 0.0000 0.7523
vn -0.4503 0.6985 0.5562
vn -0.4032 -0.6972 0.5927
vn -0.5987 0.0000 0.8010
vn -0.4032 0.6972 0.5927
vn -0.3455 -0.6958 0.6297
vn -0.5251 0.0000 0.8511
vn -0.3455 0.6958 0.6297
vn -0.2757 -0.6944 0.6647
vn -0.4357 0.0000 0.9001
vn -0.2757 0.6944 0.6647
vn -0.1936 -0.6930 0.6944
vn -0.3294 0.0000 0.9442
vn -0.1936 0.6930 0.6944
vn -0.1004 -0.6920 0.7149
vn -0.2066 0.0000 0.9784
vn -0.1004 0.6920 0.7149
vn -0.0319 -0.9995 -0.0003
vn -0.0709 0.0000 0.9975
vn -0.0319 0.9995 -0.0003
vn -0.0543 0.0000 -0.9985
vn -0.0899 -0.7233 0.6846
vn -0.1947 -0.7270 0.6584
vn -0.1999 0.0000 0.9798
vn -0.1947 0.7270 0.6584
vn -0.0899 0.7233 0.6846
vn -0.3122 -0.7305 0.6074
vn -0.3652 0.0000 0.9309
vn -0.3122 0.7305 0.6074
vn -0.4309 -0.7326 0.5269
vn -0.5444 0.0000 0.8388
vn -0.4309 0.7326 0.5269
vn -0.5351 -0.7324 0.4211
vn -0.7140 0.0000 0.7001
vn -0.5351 0.7324 0.4211
vn -0.6127 -0.7300 0.3030
vn -0.8484 0.0000 0.5294
vn -0.6127 0.7300 0.3030
vn -0.6611 -0.7264 0.1880
vn -0.9357 0.0000 0.3529
vn -0.6611 0.7264 0.1880
vn -0.6857 -0.7227 0.0866
vn -0.9813 0.0000 0.1924
vn -0.6857 0.7227 0.0866
vn -0.6936 -0.7204 -0.0003
vn -0.9983 0.0000 0.0576
vn -0.6936 0.7204 -0.0003
vn -0.6853 -0.7230 -0.0878
vn -0.9983 0.0000 -0.0584
vn -0.6853 0.7230 -0.0878
vn -0.6601 -0.7266 -0.1905
vn -0.9808 0.0000 -0.1952
vn -0.6601 0.7266 -0.1905
vn -0.6107 -0.7302 -0.3064
vn -0.9339 0.0000 -0.3574
vn -0.6107 0.7302 -0.3064
vn -0.5320 -0.7325 -0.4247
vn -0.8449 0.0000 -0.5350
vn -0.5320 0.7325 -0.4247
vn -0.4272 -0.7325 -0.5300
vn -0.7088 0.0000 -0.7054
vn -0.4272 0.7325 -0.5300
vn -0.3087 -0.7303 -0.6094
vn -0.5388 0.0000 -0.8424
vn -0.3087 0.7303 -0.6094
vn -0.1922 -0.7268 -0.6594
vn -0.3605 0.0000 -0.9328
vn -0.1922 0.7268 -0.6594
vn -0.0887 -0.7231 -0.6850
vn -0.1971 0.0000 -0.9804
vn -0.0887 0.7231 -0.6850
vn 0.0003 -0.7207 -0.6932
vn -0.0590 0.0000 -0.9983
vn 0.0003 0.7207 -0.6932
vn 0.0899 -0.7233 -0.6846
vn 0.0599 0.0000 -0.9982
vn 0.0899 0.7233 -0.6846
vn 0.1947 -0.7270 -0.6584
vn 0.1999 0.0000 -0.9798
vn 0.1947 0.7270 -0.6584
vn 0.3122 -0.7305 -0.6073
vn 0.3653 0.0000 -0.9309
vn 0.3122 0.7305 -0.6073
vn 0.4309 -0.7326 -0.5268
vn 0.5445 0.0000 -0.8388
vn 0.4309 0.7326 -0.5268
vn 0.5351 -0.7324 -0.4210
vn 0.7141 0.0000 -0.7000
vn 0.5351 0.7324 -0.4210
vn 0.6127 -0.7299 -0.3029
vn 0.8485 0.0000 -0.5293
vn 0.6127 0.7299 -0.3029
vn 0.6611 -0.7264 -0.1880
vn 0.9357 0.0000 -0.3528
vn 0.6611 0.7264 -0.1880
vn 0.6857 -0.7227 -0.0866
vn 0.9813 0.0000 -0.1924
vn 0.6857 0.7227 -0.0866
vn 0.6938 -0.7202 -0.0003
vn 0.9983 0.0000 -0.0576
vn 0.6938 0.7202 -0.0003
vn 0.6861 -0.7225 0.0854
vn 0.9984 0.0000 0.0567
vn 0.6861 0.7225 0.0854
vn 0.6621 -0.7261 0.1856
vn 0.9818 0.0000 0.1897
vn 0.6621 0.7261 0.1856
vn 0.6146 -0.7297 0.2995
vn 0.9374 0.0000 0.3483
vn 0.6146 0.7297 0.2995
vn 0.5381 -0.7323 0.4173
vn 0.8519 0.0000 0.5237
vn 0.5381 0.7323 0.4173
vn 0.4346 -0.7327 0.5237
vn 0.7193 0.0000 0.6947
vn 0.4346 0.7327 0.5237
vn 0.3157 -0.7307 0.6053
vn 0.5501 0.0000 0.8351
vn 0.3157 0.7307 0.6053
vn 0.1973 -0.7273 0.6574
vn 0.3699 0.0000 0.9291
vn 0.1973 0.7273 0.6574
vn 0.0912 -0.7236 0.6842
vn 0.2027 0.0000 0.9792
vn 0.0912 0.7236 0.6842
vn 0.0003 -0.7209 0.6930
vn 0.0608 0.0000 0.9982
vn 0.0003 0.7209 0.6930
vn -0.0599 0.0000 0.9982
vn -0.0882 -0.7230 0.6852
vn -0.1914 -0.7267 0.6598
vn -0.1961 0.0000 0.9806
vn -0.1914 0.7267 0.6598
vn -0.0882 0.7230 0.6852
vn -0.3076 -0.7302 0.6101
vn -0.3590 0.0000 0.9333
vn -0.3076 0.7302 0.6101
vn -0.4260 -0.7325 0.5310
vn -0.5369 0.0000 0.8437
vn -0.4260 0.7325 0.5310
vn -0.5310 -0.7325 0.4260
vn -0.7071 0.0000 0.7071
vn -0.5310 0.7325 0.4260
vn -0.6101 -0.7302 0.3076
vn -0.8437 0.0000 0.5369
vn -0.6101 0.7302 0.3076
vn -0.6598 -0.7267 0.1914
vn -0.9334 0.0000 0.3590
vn -0.6598 0.7267 0.1914
vn -0.6852 -0.7230 0.0882
vn -0.9806 0.0000 0.1961
vn -0.6852 0.7230 0.0882
vn -0.6934 -0.7206 -0.0000
vn -0.9983 0.0000 0.0587
vn -0.6934 0.7206 -0.0000
vn -0.6852 -0.7230 -0.0882
vn -0.9983 0.0000 -0.0587
vn -0.6852 0.7230 -0.0882
vn -0.6598 -0.7267 -0.1914
vn -0.9806 0.0000 -0.1961
vn -0.6598 0.7267 -0.1914
vn -0.6101 -0.7302 -0.3076
vn -0.9333 0.0000 -0.3590
vn -0.6101 0.7302 -0.3076
vn -0.5310 -0.7325 -0.4260
vn -0.8437 0.0000 -0.5369
vn -0.5310 0.7325 -0.4260
vn -0.4260 -0.7325 -0.5310
vn -0.7071 0.0000 -0.7071
vn -0.4260 0.7325 -0.5310
vn -0.3076 -0.7302 -0.6101
vn -0.5369 0.0000 -0.8437
vn -0.3076 0.7302 -0.6101
vn -0.1914 -0.7267 -0.6598
vn -0.3590 0.0000 -0.9333
vn -0.1914 0.7267 -0.6598
vn -0.0882 -0.7230 -0.6852
vn -0.1961 0.0000 -0.9806
vn -0.0882 0.7230 -0.6852
vn -0.0000 -0.7206 -0.6934
vn -0.0000 0.7206 -0.6934
vn 0.0882 -0.7230 -0.6852
vn 0.0587 0.0000 -0.9983
vn 0.0882 0.7230 -0.6852
vn 0.1914 -0.7267 -0.6598
vn 0.1961 0.0000 -0.9806
vn 0.1914 0.7267 -0.6598
vn 0.3076 -0.7302 -0.6101
vn 0.3590 0.0000 -0.9333
vn 0.3076 0.7302 -0.6101
vn 0.4260 -0.7325 -0.5310
vn 0.5369 0.0000 -0.8437
vn 0.4260 0.7325 -0.5310
vn 0.5310 -0.7325 -0.4260
vn 0.7071 0.0000 -0.7071
vn 0.5310 0.7325 -0.4260
vn 0.6101 -0.7302 -0.3076
vn 0.8437 0.0000 -0.5369
vn 0.6101 0.7302 -0.3076
vn 0.6598 -0.7267 -0.1914
vn 0.9333 0.0000 -0.3590
vn 0.6598 0.7267 -0.1914
vn 0.6852 -0.7230 -0.0882
vn 0.9806 0.0000 -0.1961
vn 0.6852 0.7230 -0.0882
vn 0.6934 -0.7206 0.0000
vn 0.9983 0.0000 -0.0587
vn 0.6934 0.7206 0.0000
vn 0.6852 -0.7230 0.0882
vn 0.9983 0.0000 0.0587
vn 0.6852 0.7230 0.0882
vn 0.6598 -0.7267 0.1913
vn 0.9806 0.0000 0.1961
vn 0.6598 0.7267 0.1913
vn 0.6101 -0.7302 0.3076
vn 0.9333 0.0000 0.3590
vn 0.6101 0.7302 0.3076
vn 0.5310 -0.7325 0.4260
vn 0.8437 0.0000 0.5369
vn 0.5310 0.7325 0.4260
vn 0.4260 -0.7325 0.5310
vn 0.7071 0.0000 0.7071
vn 0.4260 0.7325 0.5310
vn 0.3076 -0.7302 0.6101
vn 0.5369 0.0000 0.8437
vn 0.3076 0.7302 0.6101
vn 0.1914 -0.7267 0.6598
vn 0.3590 0.0000 0.9333
vn 0.1914 0.7267 0.6598
vn 0.0882 -0.7230 0.6852
vn 0.1961 0.0000 0.9806
vn 0.0882 0.7230 0.6852
vn -0.0000 -0.7206 0.6934
vn 0.0587 0.0000 0.9983
vn 0.0000 0.7206 0.6934
vn -0.0587 0.0000 0.9983
vn 0.0000 -1.0000 -0.0000
vn 0.0000 1.0000 -0.0000
# 985 vertex normals

o Number_5
g Number_5
s 1
f 1//1 2//2 3//3 
f 2//2 4//4 3//3 
f 4//4 5//5 3//3 
f 5//5 1//1 3//3 
s 3
f 2//2 6//6 7//7 
f 6//6 8//8 7//7 
f 8//8 4//4 7//7 
f 4//4 2//2 7//7 
s 2
f 6//6 9//9 10//10 
f 9//9 11//11 10//10 
f 11//11 8//8 10//10 
f 8//8 6//6 10//10 
f 9//9 12//12 13//13 
f 12//12 14//14 13//13 
f 14//14 11//11 13//13 
f 11//11 9//9 13//13 
f 12//12 15//15 16//16 
f 15//15 17//17 16//16 
f 17//17 14//14 16//16 
f 14//14 12//12 16//16 
f 15//15 18//18 19//19 
f 18//18 20//20 19//19 
f 20//20 17//17 19//19 
f 17//17 15//15 19//19 
f 18//18 21//21 22//22 
f 21//21 23//23 22//22 
f 23//23 20//20 22//22 
f 20//20 18//18 22//22 
f 21//21 24//24 25//25 
f 24//24 26//26 25//25 
f 26//26 23//23 25//25 
f 23//23 21//21 25//25 
f 24//24 27//27 28//28 
f 27//27 29//29 28//28 
f 29//29 26//26 28//28 
f 26//26 24//24 28//28 
f 27//27 30//30 31//31 
f 30//30 32//32 31//31 
f 32//32 29//29 31//31 
f 29//29 27//27 31//31 
f 30//30 33//33 34//34 
f 33//33 35//35 34//34 
f 35//35 32//32 34//34 
f 32//32 30//30 34//34 
f 33//33 36//36 37//37 
f 36//36 38//38 37//37 
f 38//38 35//35 37//37 
f 35//35 33//33 37//37 
f 36//36 39//39 40//40 
f 39//39 41//41 40//40 
f 41//41 38//38 40//40 
f 38//38 36//36 40//40 
f 39//39 42//42 43//43 
f 42//42 44//44 43//43 
f 44//44 41//41 43//43 
f 41//41 39//39 43//43 
f 42//42 45//45 46//46 
f 45//45 47//47 46//46 
f 47//47 44//44 46//46 
f 44//44 42//42 46//46 
f 45//45 48//48 49//49 
f 48//48 50//50 49//49 
f 50//50 47//47 49//49 
f 47//47 45//45 49//49 
f 48//48 51//51 52//52 
f 51//51 53//53 52//52 
f 53//53 50//50 52//52 
f 50//50 48//48 52//52 
f 51//51 54//54 55//55 
f 54//54 56//56 55//55 
f 56//56 53//53 55//55 
f 53//53 51//51 55//55 
f 54//54 57//57 58//58 
f 57//57 59//59 58//58 
f 59//59 56//56 58//58 
f 56//56 54//54 58//58 
f 57//57 60//60 61//61 
f 60//60 62//62 61//61 
f 62//62 59//59 61//61 
f 59//59 57//57 61//61 
f 60//60 63//63 64//64 
f 63//63 65//65 64//64 
f 65//65 62//62 64//64 
f 62//62 60//60 64//64 
f 63//63 66//66 67//67 
f 66//66 68//68 67//67 
f 68//68 65//65 67//67 
f 65//65 63//63 67//67 
f 66//66 69//69 70//70 
f 69//69 71//71 70//70 
f 71//71 68//68 70//70 
f 68//68 66//66 70//70 
f 69//69 72//72 73//73 
f 72//72 74//74 73//73 
f 74//74 71//71 73//73 
f 71//71 69//69 73//73 
f 72//72 75//75 76//76 
f 75//75 77//77 76//76 
f 77//77 74//74 76//76 
f 74//74 72//72 76//76 
f 75//75 78//78 79//79 
f 78//78 80//80 79//79 
f 80//80 77//77 79//79 
f 77//77 75//75 79//79 
f 78//78 81//81 82//82 
f 81//81 83//83 82//82 
f 83//83 80//80 82//82 
f 80//80 78//78 82//82 
f 81//81 84//84 85//85 
f 84//84 86//86 85//85 
f 86//86 83//83 85//85 
f 83//83 81//81 85//85 
f 84//84 87//87 88//88 
f 87//87 89//89 88//88 
f 89//89 86//86 88//88 
f 86//86 84//84 88//88 
f 87//87 90//90 91//91 
f 90//90 92//92 91//91 
f 92//92 89//89 91//91 
f 89//89 87//87 91//91 
f 90//90 93//93 94//94 
f 93//93 95//95 94//94 
f 95//95 92//92 94//94 
f 92//92 90//90 94//94 
f 93//93 96//96 97//97 
f 96//96 98//98 97//97 
f 98//98 95//95 97//97 
f 95//95 93//93 97//97 
f 96//96 99//99 100//100 
f 99//99 101//101 100//100 
f 101//101 98//98 100//100 
f 98//98 96//96 100//100 
f 99//99 102//102 103//103 
f 102//102 104//104 103//103 
f 104//104 101//101 103//103 
f 101//101 99//99 103//103 
f 102//102 105//105 106//106 
f 105//105 107//107 106//106 
f 107//107 104//104 106//106 
f 104//104 102//102 106//106 
f 105//105 108//108 109//109 
f 108//108 110//110 109//109 
f 110//110 107//107 109//109 
f 107//107 105//105 109//109 
f 108//108 111//111 112//112 
f 111//111 113//113 112//112 
f 113//113 110//110 112//112 
f 110//110 108//108 112//112 
f 111//111 114//114 115//115 
f 114//114 116//116 115//115 
f 116//116 113//113 115//115 
f 113//113 111//111 115//115 
f 114//114 117//117 118//118 
f 117//117 119//119 118//118 
f 119//119 116//116 118//118 
f 116//116 114//114 118//118 
f 117//117 120//120 121//121 
f 120//120 122//122 121//121 
f 122//122 119//119 121//121 
f 119//119 117//117 121//121 
f 120//120 123//123 124//124 
f 123//123 125//125 124//124 
f 125//125 122//122 124//124 
f 122//122 120//120 124//124 
f 123//123 126//126 127//127 
f 126//126 128//128 127//127 
f 128//128 125//125 127//127 
f 125//125 123//123 127//127 
f 126//126 129//129 130//130 
f 129//129 131//131 130//130 
f 131//131 128//128 130//130 
f 128//128 126//126 130//130 
f 129//129 132//132 133//133 
f 132//132 134//134 133//133 
f 134//134 131//131 133//133 
f 131//131 129//129 133//133 
f 132//132 135//135 136//136 
f 135//135 137//137 136//136 
f 137//137 134//134 136//136 
f 134//134 132//132 136//136 
f 135//135 138//138 139//139 
f 138//138 140//140 139//139 
f 140//140 137//137 139//139 
f 137//137 135//135 139//139 
f 138//138 141//141 142//142 
f 141//141 143//143 142//142 
f 143//143 140//140 142//142 
f 140//140 138//138 142//142 
f 141//141 144//144 145//145 
f 144//144 146//146 145//145 
f 146//146 143//143 145//145 
f 143//143 141//141 145//145 
f 144//144 147//147 148//148 
f 147//147 149//149 148//148 
f 149//149 146//146 148//148 
f 146//146 144//144 148//148 
f 147//147 150//150 151//151 
f 150//150 152//152 151//151 
f 152//152 149//149 151//151 
f 149//149 147//147 151//151 
f 150//150 153//153 154//154 
f 153//153 155//155 154//154 
f 155//155 152//152 154//154 
f 152//152 150//150 154//154 
f 153//153 156//156 157//157 
f 156//156 158//158 157//157 
f 158//158 155//155 157//157 
f 155//155 153//153 157//157 
f 156//156 159//159 160//160 
f 159//159 161//161 160//160 
f 161//161 158//158 160//160 
f 158//158 156//156 160//160 
s 4
f 159//159 162//162 163//163 
f 162//162 164//164 163//163 
f 164//164 161//161 163//163 
f 161//161 159//159 163//163 
f 162//162 165//165 166//166 
f 165//165 167//167 166//166 
f 167//167 164//164 166//166 
f 164//164 162//162 166//166 
f 165//165 168//168 169//169 
f 168//168 170//170 169//169 
f 170//170 167//167 169//169 
f 167//167 165//165 169//169 
f 168//168 171//171 172//172 
f 171//171 173//173 172//172 
f 173//173 170//170 172//172 
f 170//170 168//168 172//172 
f 171//171 174//174 175//175 
f 174//174 176//176 175//175 
f 176//176 173//173 175//175 
f 173//173 171//171 175//175 
f 174//174 177//177 178//178 
f 177//177 179//179 178//178 
f 179//179 176//176 178//178 
f 176//176 174//174 178//178 
f 177//177 180//180 181//181 
f 180//180 182//182 181//181 
f 182//182 179//179 181//181 
f 179//179 177//177 181//181 
f 180//180 183//183 184//184 
f 183//183 185//185 184//184 
f 185//185 182//182 184//184 
f 182//182 180//180 184//184 
f 183//183 186//186 187//187 
f 186//186 188//188 187//187 
f 188//188 185//185 187//187 
f 185//185 183//183 187//187 
f 186//186 189//189 190//190 
f 189//189 191//191 190//190 
f 191//191 188//188 190//190 
f 188//188 186//186 190//190 
f 189//189 192//192 193//193 
f 192//192 194//194 193//193 
f 194//194 191//191 193//193 
f 191//191 189//189 193//193 
f 192//192 195//195 196//196 
f 195//195 197//197 196//196 
f 197//197 194//194 196//196 
f 194//194 192//192 196//196 
f 195//195 198//198 199//199 
f 198//198 200//200 199//199 
f 200//200 197//197 199//199 
f 197//197 195//195 199//199 
f 198//198 201//201 202//202 
f 201//201 203//203 202//202 
f 203//203 200//200 202//202 
f 200//200 198//198 202//202 
f 201//201 204//204 205//205 
f 204//204 206//206 205//205 
f 206//206 203//203 205//205 
f 203//203 201//201 205//205 
f 204//204 207//207 208//208 
f 207//207 209//209 208//208 
f 209//209 206//206 208//208 
f 206//206 204//204 208//208 
f 207//207 210//210 211//211 
f 210//210 212//212 211//211 
f 212//212 209//209 211//211 
f 209//209 207//207 211//211 
f 210//210 213//213 214//214 
f 213//213 215//215 214//214 
f 215//215 212//212 214//214 
f 212//212 210//210 214//214 
f 213//213 216//216 217//217 
f 216//216 218//218 217//217 
f 218//218 215//215 217//217 
f 215//215 213//213 217//217 
f 216//216 219//219 220//220 
f 219//219 221//221 220//220 
f 221//221 218//218 220//220 
f 218//218 216//216 220//220 
f 219//219 222//222 223//223 
f 222//222 224//224 223//223 
f 224//224 221//221 223//223 
f 221//221 219//219 223//223 
f 222//222 225//225 226//226 
f 225//225 227//227 226//226 
f 227//227 224//224 226//226 
f 224//224 222//222 226//226 
f 225//225 228//228 229//229 
f 228//228 230//230 229//229 
f 230//230 227//227 229//229 
f 227//227 225//225 229//229 
f 228//228 231//231 232//232 
f 231//231 233//233 232//232 
f 233//233 230//230 232//232 
f 230//230 228//228 232//232 
f 231//231 234//234 235//235 
f 234//234 236//236 235//235 
f 236//236 233//233 235//235 
f 233//233 231//231 235//235 
f 234//234 237//237 238//238 
f 237//237 239//239 238//238 
f 239//239 236//236 238//238 
f 236//236 234//234 238//238 
f 237//237 240//240 241//241 
f 240//240 242//242 241//241 
f 242//242 239//239 241//241 
f 239//239 237//237 241//241 
s 2
f 240//240 243//243 244//244 
f 243//243 245//245 244//244 
f 245//245 242//242 244//244 
f 242//242 240//240 244//244 
s 4
f 243//243 246//246 247//247 
f 246//246 248//248 247//247 
f 248//248 245//245 247//247 
f 245//245 243//243 247//247 
f 246//246 249//249 250//250 
f 249//249 251//251 250//250 
f 251//251 248//248 250//250 
f 248//248 246//246 250//250 
f 249//249 252//252 253//253 
f 252//252 254//254 253//253 
f 254//254 251//251 253//253 
f 251//251 249//249 253//253 
f 252//252 255//255 256//256 
f 255//255 257//257 256//256 
f 257//257 254//254 256//256 
f 254//254 252//252 256//256 
f 255//255 258//258 259//259 
f 258//258 260//260 259//259 
f 260//260 257//257 259//259 
f 257//257 255//255 259//259 
f 258//258 261//261 262//262 
f 261//261 263//263 262//262 
f 263//263 260//260 262//262 
f 260//260 258//258 262//262 
f 261//261 264//264 265//265 
f 264//264 266//266 265//265 
f 266//266 263//263 265//265 
f 263//263 261//261 265//265 
f 264//264 267//267 268//268 
f 267//267 269//269 268//268 
f 269//269 266//266 268//268 
f 266//266 264//264 268//268 
f 267//267 270//270 271//271 
f 270//270 272//272 271//271 
f 272//272 269//269 271//271 
f 269//269 267//267 271//271 
f 270//270 273//273 274//274 
f 273//273 275//275 274//274 
f 275//275 272//272 274//274 
f 272//272 270//270 274//274 
f 273//273 276//276 277//277 
f 276//276 278//278 277//277 
f 278//278 275//275 277//277 
f 275//275 273//273 277//277 
f 276//276 279//279 280//280 
f 279//279 281//281 280//280 
f 281//281 278//278 280//280 
f 278//278 276//276 280//280 
f 279//279 282//282 283//283 
f 282//282 284//284 283//283 
f 284//284 281//281 283//283 
f 281//281 279//279 283//283 
f 282//282 285//285 286//286 
f 285//285 287//287 286//286 
f 287//287 284//284 286//286 
f 284//284 282//282 286//286 
f 285//285 288//288 289//289 
f 288//288 290//290 289//289 
f 290//290 287//287 289//289 
f 287//287 285//285 289//289 
f 288//288 291//291 292//292 
f 291//291 293//293 292//292 
f 293//293 290//290 292//292 
f 290//290 288//288 292//292 
f 291//291 294//294 295//295 
f 294//294 296//296 295//295 
f 296//296 293//293 295//295 
f 293//293 291//291 295//295 
f 294//294 297//297 298//298 
f 297//297 299//299 298//298 
f 299//299 296//296 298//298 
f 296//296 294//294 298//298 
s 2
f 297//297 300//300 301//301 
f 300//300 302//302 301//301 
f 302//302 299//299 301//301 
f 299//299 297//297 301//301 
f 300//300 303//303 304//304 
f 303//303 305//305 304//304 
f 305//305 302//302 304//304 
f 302//302 300//300 304//304 
f 303//303 306//306 307//307 
f 306//306 308//308 307//307 
f 308//308 305//305 307//307 
f 305//305 303//303 307//307 
f 306//306 309//309 310//310 
f 309//309 311//311 310//310 
f 311//311 308//308 310//310 
f 308//308 306//306 310//310 
f 309//309 312//312 313//313 
f 312//312 314//314 313//313 
f 314//314 311//311 313//313 
f 311//311 309//309 313//313 
f 312//312 315//315 316//316 
f 315//315 317//317 316//316 
f 317//317 314//314 316//316 
f 314//314 312//312 316//316 
f 315//315 318//318 319//319 
f 318//318 320//320 319//319 
f 320//320 317//317 319//319 
f 317//317 315//315 319//319 
f 318//318 321//321 322//322 
f 321//321 323//323 322//322 
f 323//323 320//320 322//322 
f 320//320 318//318 322//322 
f 321//321 324//324 325//325 
f 324//324 326//326 325//325 
f 326//326 323//323 325//325 
f 323//323 321//321 325//325 
f 324//324 327//327 328//328 
f 327//327 329//329 328//328 
f 329//329 326//326 328//328 
f 326//326 324//324 328//328 
f 327//327 330//330 331//331 
f 330//330 332//332 331//331 
f 332//332 329//329 331//331 
f 329//329 327//327 331//331 
f 330//330 333//333 334//334 
f 333//333 335//335 334//334 
f 335//335 332//332 334//334 
f 332//332 330//330 334//334 
f 333//333 336//336 337//337 
f 336//336 338//338 337//337 
f 338//338 335//335 337//337 
f 335//335 333//333 337//337 
f 336//336 339//339 340//340 
f 339//339 341//341 340//340 
f 341//341 338//338 340//340 
f 338//338 336//336 340//340 
f 339//339 342//342 343//343 
f 342//342 344//344 343//343 
f 344//344 341//341 343//343 
f 341//341 339//339 343//343 
f 342//342 345//345 346//346 
f 345//345 347//347 346//346 
f 347//347 344//344 346//346 
f 344//344 342//342 346//346 
f 345//345 348//348 349//349 
f 348//348 350//350 349//349 
f 350//350 347//347 349//349 
f 347//347 345//345 349//349 
f 348//348 351//351 352//352 
f 351//351 353//353 352//352 
f 353//353 350//350 352//352 
f 350//350 348//348 352//352 
f 351//351 354//354 355//355 
f 354//354 356//356 355//355 
f 356//356 353//353 355//355 
f 353//353 351//351 355//355 
f 354//354 357//357 358//358 
f 357//357 359//359 358//358 
f 359//359 356//356 358//358 
f 356//356 354//354 358//358 
f 357//357 360//360 361//361 
f 360//360 362//362 361//361 
f 362//362 359//359 361//361 
f 359//359 357//357 361//361 
f 360//360 363//363 364//364 
f 363//363 365//365 364//364 
f 365//365 362//362 364//364 
f 362//362 360//360 364//364 
f 363//363 366//366 367//367 
f 366//366 368//368 367//367 
f 368//368 365//365 367//367 
f 365//365 363//363 367//367 
f 366//366 369//369 370//370 
f 369//369 371//371 370//370 
f 371//371 368//368 370//370 
f 368//368 366//366 370//370 
f 369//369 372//372 373//373 
f 372//372 374//374 373//373 
f 374//374 371//371 373//373 
f 371//371 369//369 373//373 
f 372//372 375//375 376//376 
f 375//375 377//377 376//376 
f 377//377 374//374 376//376 
f 374//374 372//372 376//376 
f 375//375 378//378 379//379 
f 378//378 380//380 379//379 
f 380//380 377//377 379//379 
f 377//377 375//375 379//379 
f 378//378 381//381 382//382 
f 381//381 383//383 382//382 
f 383//383 380//380 382//382 
f 380//380 378//378 382//382 
f 381//381 384//384 385//385 
f 384//384 386//386 385//385 
f 386//386 383//383 385//385 
f 383//383 381//381 385//385 
f 384//384 387//387 388//388 
f 387//387 389//389 388//388 
f 389//389 386//386 388//388 
f 386//386 384//384 388//388 
f 387//387 390//390 391//391 
f 390//390 392//392 391//391 
f 392//392 389//389 391//391 
f 389//389 387//387 391//391 
f 390//390 393//393 394//394 
f 393//393 395//395 394//394 
f 395//395 392//392 394//394 
f 392//392 390//390 394//394 
f 393//393 396//396 397//397 
f 396//396 398//398 397//397 
f 398//398 395//395 397//397 
f 395//395 393//393 397//397 
f 396//396 399//399 400//400 
f 399//399 401//401 400//400 
f 401//401 398//398 400//400 
f 398//398 396//396 400//400 
f 399//399 402//402 403//403 
f 402//402 404//404 403//403 
f 404//404 401//401 403//403 
f 401//401 399//399 403//403 
f 402//402 405//405 406//406 
f 405//405 407//407 406//406 
f 407//407 404//404 406//406 
f 404//404 402//402 406//406 
s 4
f 405//405 408//408 409//409 
f 408//408 410//410 409//409 
f 410//410 407//407 409//409 
f 407//407 405//405 409//409 
f 408//408 411//411 412//412 
f 411//411 413//413 412//412 
f 413//413 410//410 412//412 
f 410//410 408//408 412//412 
f 411//411 414//414 415//415 
f 414//414 416//416 415//415 
f 416//416 413//413 415//415 
f 413//413 411//411 415//415 
f 414//414 417//417 418//418 
f 417//417 419//419 418//418 
f 419//419 416//416 418//418 
f 416//416 414//414 418//418 
f 417//417 420//420 421//421 
f 420//420 422//422 421//421 
f 422//422 419//419 421//421 
f 419//419 417//417 421//421 
f 420//420 423//423 424//424 
f 423//423 425//425 424//424 
f 425//425 422//422 424//424 
f 422//422 420//420 424//424 
f 423//423 426//426 427//427 
f 426//426 428//428 427//427 
f 428//428 425//425 427//427 
f 425//425 423//423 427//427 
f 426//426 429//429 430//430 
f 429//429 431//431 430//430 
f 431//431 428//428 430//430 
f 428//428 426//426 430//430 
f 429//429 432//432 433//433 
f 432//432 434//434 433//433 
f 434//434 431//431 433//433 
f 431//431 429//429 433//433 
f 432//432 435//435 436//436 
f 435//435 437//437 436//436 
f 437//437 434//434 436//436 
f 434//434 432//432 436//436 
f 435//435 438//438 439//439 
f 438//438 440//440 439//439 
f 440//440 437//437 439//439 
f 437//437 435//435 439//439 
f 438//438 441//441 442//442 
f 441//441 443//443 442//442 
f 443//443 440//440 442//442 
f 440//440 438//438 442//442 
f 441//441 444//444 445//445 
f 444//444 446//446 445//445 
f 446//446 443//443 445//445 
f 443//443 441//441 445//445 
f 444//444 447//447 448//448 
f 447//447 449//449 448//448 
f 449//449 446//446 448//448 
f 446//446 444//444 448//448 
f 447//447 450//450 451//451 
f 450//450 452//452 451//451 
f 452//452 449//449 451//451 
f 449//449 447//447 451//451 
f 450//450 453//453 454//454 
f 453//453 455//455 454//454 
f 455//455 452//452 454//454 
f 452//452 450//450 454//454 
f 453//453 456//456 457//457 
f 456//456 458//458 457//457 
f 458//458 455//455 457//457 
f 455//455 453//453 457//457 
f 456//456 459//459 460//460 
f 459//459 461//461 460//460 
f 461//461 458//458 460//460 
f 458//458 456//456 460//460 
f 459//459 462//462 463//463 
f 462//462 464//464 463//463 
f 464//464 461//461 463//463 
f 461//461 459//459 463//463 
f 462//462 465//465 466//466 
f 465//465 467//467 466//466 
f 467//467 464//464 466//466 
f 464//464 462//462 466//466 
f 465//465 468//468 469//469 
f 468//468 470//470 469//469 
f 470//470 467//467 469//469 
f 467//467 465//465 469//469 
f 468//468 471//471 472//472 
f 471//471 473//473 472//472 
f 473//473 470//470 472//472 
f 470//470 468//468 472//472 
f 471//471 474//474 475//475 
f 474//474 476//476 475//475 
f 476//476 473//473 475//475 
f 473//473 471//471 475//475 
f 474//474 477//477 478//478 
f 477//477 479//479 478//478 
f 479//479 476//476 478//478 
f 476//476 474//474 478//478 
f 477//477 480//480 481//481 
f 480//480 482//482 481//481 
f 482//482 479//479 481//481 
f 479//479 477//477 481//481 
f 480//480 483//483 484//484 
f 483//483 485//485 484//484 
f 485//485 482//482 484//484 
f 482//482 480//480 484//484 
f 483//483 486//486 487//487 
f 486//486 488//488 487//487 
f 488//488 485//485 487//487 
f 485//485 483//483 487//487 
f 486//486 489//489 490//490 
f 489//489 491//491 490//490 
f 491//491 488//488 490//490 
f 488//488 486//486 490//490 
f 489//489 492//492 493//493 
f 492//492 494//494 493//493 
f 494//494 491//491 493//493 
f 491//491 489//489 493//493 
f 492//492 495//495 496//496 
f 495//495 497//497 496//496 
f 497//497 494//494 496//496 
f 494//494 492//492 496//496 
f 495//495 498//498 499//499 
f 498//498 500//500 499//499 
f 500//500 497//497 499//499 
f 497//497 495//495 499//499 
f 498//498 501//501 502//502 
f 501//501 503//503 502//502 
f 503//503 500//500 502//502 
f 500//500 498//498 502//502 
f 501//501 504//504 505//505 
f 504//504 506//506 505//505 
f 506//506 503//503 505//505 
f 503//503 501//501 505//505 
f 504//504 507//507 508//508 
f 507//507 509//509 508//508 
f 509//509 506//506 508//508 
f 506//506 504//504 508//508 
f 507//507 510//510 511//511 
f 510//510 512//512 511//511 
f 512//512 509//509 511//511 
f 509//509 507//507 511//511 
f 510//510 513//513 514//514 
f 513//513 515//515 514//514 
f 515//515 512//512 514//514 
f 512//512 510//510 514//514 
f 513//513 516//516 517//517 
f 516//516 518//518 517//517 
f 518//518 515//515 517//517 
f 515//515 513//513 517//517 
f 516//516 519//519 520//520 
f 519//519 521//521 520//520 
f 521//521 518//518 520//520 
f 518//518 516//516 520//520 
f 519//519 522//522 523//523 
f 522//522 524//524 523//523 
f 524//524 521//521 523//523 
f 521//521 519//519 523//523 
f 522//522 525//525 526//526 
f 525//525 527//527 526//526 
f 527//527 524//524 526//526 
f 524//524 522//522 526//526 
f 525//525 528//528 529//529 
f 528//528 530//530 529//529 
f 530//530 527//527 529//529 
f 527//527 525//525 529//529 
f 528//528 531//531 532//532 
f 531//531 533//533 532//532 
f 533//533 530//530 532//532 
f 530//530 528//528 532//532 
f 531//531 534//534 535//535 
f 534//534 536//536 535//535 
f 536//536 533//533 535//535 
f 533//533 531//531 535//535 
f 534//534 537//537 538//538 
f 537//537 539//539 538//538 
f 539//539 536//536 538//538 
f 536//536 534//534 538//538 
f 537//537 540//540 541//541 
f 540//540 542//542 541//541 
f 542//542 539//539 541//541 
f 539//539 537//537 541//541 
f 540//540 543//543 544//544 
f 543//543 545//545 544//544 
f 545//545 542//542 544//544 
f 542//542 540//540 544//544 
f 543//543 546//546 547//547 
f 546//546 548//548 547//547 
f 548//548 545//545 547//547 
f 545//545 543//543 547//547 
f 546//546 549//549 550//550 
f 549//549 551//551 550//550 
f 551//551 548//548 550//550 
f 548//548 546//546 550//550 
f 549//549 552//552 553//553 
f 552//552 554//554 553//553 
f 554//554 551//551 553//553 
f 551//551 549//549 553//553 
f 552//552 555//555 556//556 
f 555//555 557//557 556//556 
f 557//557 554//554 556//556 
f 554//554 552//552 556//556 
f 555//555 558//558 559//559 
f 558//558 560//560 559//559 
f 560//560 557//557 559//559 
f 557//557 555//555 559//559 
f 558//558 561//561 562//562 
f 561//561 563//563 562//562 
f 563//563 560//560 562//562 
f 560//560 558//558 562//562 
f 561//561 564//564 565//565 
f 564//564 566//566 565//565 
f 566//566 563//563 565//565 
f 563//563 561//561 565//565 
f 564//564 567//567 568//568 
f 567//567 569//569 568//568 
f 569//569 566//566 568//568 
f 566//566 564//564 568//568 
s 2
f 567//567 570//570 571//571 
f 570//570 572//572 571//571 
f 572//572 569//569 571//571 
f 569//569 567//567 571//571 
s 4
f 570//570 573//573 574//574 
f 573//573 575//575 574//574 
f 575//575 572//572 574//574 
f 572//572 570//570 574//574 
s 2
f 573//573 576//576 577//577 
f 576//576 578//578 577//577 
f 578//578 575//575 577//577 
f 575//575 573//573 577//577 
f 576//576 579//579 580//580 
f 579//579 581//581 580//580 
f 581//581 578//578 580//580 
f 578//578 576//576 580//580 
f 579//579 582//582 583//583 
f 582//582 584//584 583//583 
f 584//584 581//581 583//583 
f 581//581 579//579 583//583 
f 582//582 585//585 586//586 
f 585//585 587//587 586//586 
f 587//587 584//584 586//586 
f 584//584 582//582 586//586 
f 585//585 588//588 589//589 
f 588//588 590//590 589//589 
f 590//590 587//587 589//589 
f 587//587 585//585 589//589 
f 588//588 591//591 592//592 
f 591//591 593//593 592//592 
f 593//593 590//590 592//592 
f 590//590 588//588 592//592 
f 591//591 594//594 595//595 
f 594//594 596//596 595//595 
f 596//596 593//593 595//595 
f 593//593 591//591 595//595 
f 594//594 597//597 598//598 
f 597//597 599//599 598//598 
f 599//599 596//596 598//598 
f 596//596 594//594 598//598 
f 597//597 600//600 601//601 
f 600//600 602//602 601//601 
f 602//602 599//599 601//601 
f 599//599 597//597 601//601 
s 4
f 600//600 603//603 604//604 
f 603//603 605//605 604//604 
f 605//605 602//602 604//604 
f 602//602 600//600 604//604 
s 2
f 603//603 606//606 607//607 
f 606//606 608//608 607//607 
f 608//608 605//605 607//607 
f 605//605 603//603 607//607 
f 606//606 609//609 610//610 
f 609//609 611//611 610//610 
f 611//611 608//608 610//610 
f 608//608 606//606 610//610 
f 609//609 612//612 613//613 
f 612//612 614//614 613//613 
f 614//614 611//611 613//613 
f 611//611 609//609 613//613 
f 612//612 615//615 616//616 
f 615//615 617//617 616//616 
f 617//617 614//614 616//616 
f 614//614 612//612 616//616 
f 615//615 618//618 619//619 
f 618//618 620//620 619//619 
f 620//620 617//617 619//619 
f 617//617 615//615 619//619 
f 618//618 621//621 622//622 
f 621//621 623//623 622//622 
f 623//623 620//620 622//622 
f 620//620 618//618 622//622 
f 621//621 624//624 625//625 
f 624//624 626//626 625//625 
f 626//626 623//623 625//625 
f 623//623 621//621 625//625 
f 624//624 627//627 628//628 
f 627//627 629//629 628//628 
f 629//629 626//626 628//628 
f 626//626 624//624 628//628 
f 627//627 630//630 631//631 
f 630//630 632//632 631//631 
f 632//632 629//629 631//631 
f 629//629 627//627 631//631 
s 4
f 630//630 633//633 634//634 
f 633//633 635//635 634//634 
f 635//635 632//632 634//634 
f 632//632 630//630 634//634 
f 633//633 636//636 637//637 
f 636//636 638//638 637//637 
f 638//638 635//635 637//637 
f 635//635 633//633 637//637 
f 636//636 639//639 640//640 
f 639//639 641//641 640//640 
f 641//641 638//638 640//640 
f 638//638 636//636 640//640 
f 639//639 642//642 643//643 
f 642//642 644//644 643//643 
f 644//644 641//641 643//643 
f 641//641 639//639 643//643 
f 642//642 645//645 646//646 
f 645//645 647//647 646//646 
f 647//647 644//644 646//646 
f 644//644 642//642 646//646 
f 645//645 648//648 649//649 
f 648//648 650//650 649//649 
f 650//650 647//647 649//649 
f 647//647 645//645 649//649 
f 648//648 651//651 652//652 
f 651//651 653//653 652//652 
f 653//653 650//650 652//652 
f 650//650 648//648 652//652 
f 651//651 654//654 655//655 
f 654//654 656//656 655//655 
f 656//656 653//653 655//655 
f 653//653 651//651 655//655 
f 654//654 657//657 658//658 
f 657//657 659//659 658//658 
f 659//659 656//656 658//658 
f 656//656 654//654 658//658 
f 657//657 660//660 661//661 
f 660//660 662//662 661//661 
f 662//662 659//659 661//661 
f 659//659 657//657 661//661 
f 660//660 663//663 664//664 
f 663//663 665//665 664//664 
f 665//665 662//662 664//664 
f 662//662 660//660 664//664 
f 663//663 666//666 667//667 
f 666//666 668//668 667//667 
f 668//668 665//665 667//667 
f 665//665 663//663 667//667 
f 666//666 669//669 670//670 
f 669//669 671//671 670//670 
f 671//671 668//668 670//670 
f 668//668 666//666 670//670 
f 669//669 672//672 673//673 
f 672//672 674//674 673//673 
f 674//674 671//671 673//673 
f 671//671 669//669 673//673 
f 672//672 675//675 676//676 
f 675//675 677//677 676//676 
f 677//677 674//674 676//676 
f 674//674 672//672 676//676 
f 675//675 678//678 679//679 
f 678//678 680//680 679//679 
f 680//680 677//677 679//679 
f 677//677 675//675 679//679 
f 678//678 681//681 682//682 
f 681//681 683//683 682//682 
f 683//683 680//680 682//682 
f 680//680 678//678 682//682 
f 681//681 684//684 685//685 
f 684//684 686//686 685//685 
f 686//686 683//683 685//685 
f 683//683 681//681 685//685 
f 684//684 687//687 688//688 
f 687//687 689//689 688//688 
f 689//689 686//686 688//688 
f 686//686 684//684 688//688 
f 687//687 690//690 691//691 
f 690//690 692//692 691//691 
f 692//692 689//689 691//691 
f 689//689 687//687 691//691 
f 690//690 693//693 694//694 
f 693//693 695//695 694//694 
f 695//695 692//692 694//694 
f 692//692 690//690 694//694 
f 693//693 696//696 697//697 
f 696//696 698//698 697//697 
f 698//698 695//695 697//697 
f 695//695 693//693 697//697 
f 696//696 699//699 700//700 
f 699//699 701//701 700//700 
f 701//701 698//698 700//700 
f 698//698 696//696 700//700 
f 699//699 702//702 703//703 
f 702//702 704//704 703//703 
f 704//704 701//701 703//703 
f 701//701 699//699 703//703 
f 702//702 705//705 706//706 
f 705//705 707//707 706//706 
f 707//707 704//704 706//706 
f 704//704 702//702 706//706 
f 705//705 708//708 709//709 
f 708//708 710//710 709//709 
f 710//710 707//707 709//709 
f 707//707 705//705 709//709 
f 708//708 711//711 712//712 
f 711//711 713//713 712//712 
f 713//713 710//710 712//712 
f 710//710 708//708 712//712 
f 711//711 714//714 715//715 
f 714//714 716//716 715//715 
f 716//716 713//713 715//715 
f 713//713 711//711 715//715 
f 714//714 717//717 718//718 
f 717//717 719//719 718//718 
f 719//719 716//716 718//718 
f 716//716 714//714 718//718 
f 717//717 720//720 721//721 
f 720//720 722//722 721//721 
f 722//722 719//719 721//721 
f 719//719 717//717 721//721 
f 720//720 723//723 724//724 
f 723//723 725//725 724//724 
f 725//725 722//722 724//724 
f 722//722 720//720 724//724 
f 723//723 726//726 727//727 
f 726//726 728//728 727//727 
f 728//728 725//725 727//727 
f 725//725 723//723 727//727 
f 726//726 729//729 730//730 
f 729//729 731//731 730//730 
f 731//731 728//728 730//730 
f 728//728 726//726 730//730 
f 729//729 732//732 733//733 
f 732//732 734//734 733//733 
f 734//734 731//731 733//733 
f 731//731 729//729 733//733 
f 732//732 735//735 736//736 
f 735//735 737//737 736//736 
f 737//737 734//734 736//736 
f 734//734 732//732 736//736 
f 735//735 738//738 739//739 
f 738//738 740//740 739//739 
f 740//740 737//737 739//739 
f 737//737 735//735 739//739 
f 738//738 741//741 742//742 
f 741//741 743//743 742//742 
f 743//743 740//740 742//742 
f 740//740 738//738 742//742 
f 741//741 744//744 745//745 
f 744//744 746//746 745//745 
f 746//746 743//743 745//745 
f 743//743 741//741 745//745 
f 744//744 747//747 748//748 
f 747//747 749//749 748//748 
f 749//749 746//746 748//748 
f 746//746 744//744 748//748 
f 747//747 750//750 751//751 
f 750//750 752//752 751//751 
f 752//752 749//749 751//751 
f 749//749 747//747 751//751 
f 750//750 753//753 754//754 
f 753//753 755//755 754//754 
f 755//755 752//752 754//754 
f 752//752 750//750 754//754 
f 753//753 756//756 757//757 
f 756//756 758//758 757//757 
f 758//758 755//755 757//757 
f 755//755 753//753 757//757 
f 756//756 759//759 760//760 
f 759//759 761//761 760//760 
f 761//761 758//758 760//760 
f 758//758 756//756 760//760 
f 759//759 762//762 763//763 
f 762//762 764//764 763//763 
f 764//764 761//761 763//763 
f 761//761 759//759 763//763 
f 762//762 765//765 766//766 
f 765//765 767//767 766//766 
f 767//767 764//764 766//766 
f 764//764 762//762 766//766 
s 3
f 765//765 1//1 768//768 
f 1//1 5//5 768//768 
f 5//5 767//767 768//768 
f 767//767 765//765 768//768 
s 1
f 769//769 770//770 771//771 
f 770//770 772//772 771//771 
f 772//772 773//773 771//771 
f 773//773 769//769 771//771 
s 3
f 770//770 774//774 775//775 
f 774//774 776//776 775//775 
f 776//776 772//772 775//775 
f 772//772 770//770 775//775 
s 2
f 774//774 777//777 778//778 
f 777//777 779//779 778//778 
f 779//779 776//776 778//778 
f 776//776 774//774 778//778 
f 777//777 780//780 781//781 
f 780//780 782//782 781//781 
f 782//782 779//779 781//781 
f 779//779 777//777 781//781 
f 780//780 783//783 784//784 
f 783//783 785//785 784//784 
f 785//785 782//782 784//784 
f 782//782 780//780 784//784 
f 783//783 786//786 787//787 
f 786//786 788//788 787//787 
f 788//788 785//785 787//787 
f 785//785 783//783 787//787 
f 786//786 789//789 790//790 
f 789//789 791//791 790//790 
f 791//791 788//788 790//790 
f 788//788 786//786 790//790 
f 789//789 792//792 793//793 
f 792//792 794//794 793//793 
f 794//794 791//791 793//793 
f 791//791 789//789 793//793 
f 792//792 795//795 796//796 
f 795//795 797//797 796//796 
f 797//797 794//794 796//796 
f 794//794 792//792 796//796 
f 795//795 798//798 799//799 
f 798//798 800//800 799//799 
f 800//800 797//797 799//799 
f 797//797 795//795 799//799 
f 798//798 801//801 802//802 
f 801//801 803//803 802//802 
f 803//803 800//800 802//802 
f 800//800 798//798 802//802 
f 801//801 804//804 805//805 
f 804//804 806//806 805//805 
f 806//806 803//803 805//805 
f 803//803 801//801 805//805 
f 804//804 807//807 808//808 
f 807//807 809//809 808//808 
f 809//809 806//806 808//808 
f 806//806 804//804 808//808 
f 807//807 810//810 811//811 
f 810//810 812//812 811//811 
f 812//812 809//809 811//811 
f 809//809 807//807 811//811 
f 810//810 813//813 814//814 
f 813//813 815//815 814//814 
f 815//815 812//812 814//814 
f 812//812 810//810 814//814 
f 813//813 816//816 817//817 
f 816//816 818//818 817//817 
f 818//818 815//815 817//817 
f 815//815 813//813 817//817 
f 816//816 819//819 820//820 
f 819//819 821//821 820//820 
f 821//821 818//818 820//820 
f 818//818 816//816 820//820 
f 819//819 822//822 823//823 
f 822//822 824//824 823//823 
f 824//824 821//821 823//823 
f 821//821 819//819 823//823 
f 822//822 825//825 826//826 
f 825//825 827//827 826//826 
f 827//827 824//824 826//826 
f 824//824 822//822 826//826 
f 825//825 828//828 829//829 
f 828//828 830//830 829//829 
f 830//830 827//827 829//829 
f 827//827 825//825 829//829 
f 828//828 831//831 832//832 
f 831//831 833//833 832//832 
f 833//833 830//830 832//832 
f 830//830 828//828 832//832 
f 831//831 834//834 835//835 
f 834//834 836//836 835//835 
f 836//836 833//833 835//835 
f 833//833 831//831 835//835 
f 834//834 837//837 838//838 
f 837//837 839//839 838//838 
f 839//839 836//836 838//838 
f 836//836 834//834 838//838 
f 837//837 840//840 841//841 
f 840//840 842//842 841//841 
f 842//842 839//839 841//841 
f 839//839 837//837 841//841 
f 840//840 843//843 844//844 
f 843//843 845//845 844//844 
f 845//845 842//842 844//844 
f 842//842 840//840 844//844 
f 843//843 846//846 847//847 
f 846//846 848//848 847//847 
f 848//848 845//845 847//847 
f 845//845 843//843 847//847 
f 846//846 849//849 850//850 
f 849//849 851//851 850//850 
f 851//851 848//848 850//850 
f 848//848 846//846 850//850 
f 849//849 852//852 853//853 
f 852//852 854//854 853//853 
f 854//854 851//851 853//853 
f 851//851 849//849 853//853 
f 852//852 855//855 856//856 
f 855//855 857//857 856//856 
f 857//857 854//854 856//856 
f 854//854 852//852 856//856 
f 855//855 858//858 859//859 
f 858//858 860//860 859//859 
f 860//860 857//857 859//859 
f 857//857 855//855 859//859 
f 858//858 861//861 862//862 
f 861//861 863//863 862//862 
f 863//863 860//860 862//862 
f 860//860 858//858 862//862 
f 861//861 864//864 865//865 
f 864//864 866//866 865//865 
f 866//866 863//863 865//865 
f 863//863 861//861 865//865 
f 864//864 867//867 868//868 
f 867//867 869//869 868//868 
f 869//869 866//866 868//868 
f 866//866 864//864 868//868 
f 867//867 870//870 871//871 
f 870//870 872//872 871//871 
f 872//872 869//869 871//871 
f 869//869 867//867 871//871 
f 870//870 873//873 874//874 
f 873//873 875//875 874//874 
f 875//875 872//872 874//874 
f 872//872 870//870 874//874 
s 3
f 873//873 769//769 876//876 
f 769//769 773//773 876//876 
f 773//773 875//875 876//876 
f 875//875 873//873 876//876 
s 1
f 877//877 878//878 879//879 
f 878//878 880//880 879//879 
f 880//880 881//881 879//879 
f 881//881 877//877 879//879 
s 3
f 878//878 882//882 883//883 
f 882//882 884//884 883//883 
f 884//884 880//880 883//883 
f 880//880 878//878 883//883 
s 2
f 882//882 885//885 886//886 
f 885//885 887//887 886//886 
f 887//887 884//884 886//886 
f 884//884 882//882 886//886 
f 885//885 888//888 889//889 
f 888//888 890//890 889//889 
f 890//890 887//887 889//889 
f 887//887 885//885 889//889 
f 888//888 891//891 892//892 
f 891//891 893//893 892//892 
f 893//893 890//890 892//892 
f 890//890 888//888 892//892 
f 891//891 894//894 895//895 
f 894//894 896//896 895//895 
f 896//896 893//893 895//895 
f 893//893 891//891 895//895 
f 894//894 897//897 898//898 
f 897//897 899//899 898//898 
f 899//899 896//896 898//898 
f 896//896 894//894 898//898 
f 897//897 900//900 901//901 
f 900//900 902//902 901//901 
f 902//902 899//899 901//901 
f 899//899 897//897 901//901 
f 900//900 903//903 904//904 
f 903//903 905//905 904//904 
f 905//905 902//902 904//904 
f 902//902 900//900 904//904 
f 903//903 906//906 907//907 
f 906//906 908//908 907//907 
f 908//908 905//905 907//907 
f 905//905 903//903 907//907 
f 906//906 909//909 910//910 
f 909//909 911//911 910//910 
f 911//911 908//908 910//910 
f 908//908 906//906 910//910 
f 909//909 912//912 913//913 
f 912//912 914//914 913//913 
f 914//914 911//911 913//913 
f 911//911 909//909 913//913 
f 912//912 915//915 916//916 
f 915//915 917//917 916//916 
f 917//917 914//914 916//916 
f 914//914 912//912 916//916 
f 915//915 918//918 919//919 
f 918//918 920//920 919//919 
f 920//920 917//917 919//919 
f 917//917 915//915 919//919 
f 918//918 921//921 922//922 
f 921//921 923//923 922//922 
f 923//923 920//920 922//922 
f 920//920 918//918 922//922 
f 921//921 924//924 925//925 
f 924//924 926//926 925//925 
f 926//926 923//923 925//925 
f 923//923 921//921 925//925 
f 924//924 927//927 928//49 
f 927//927 929//928 928//49 
f 929//928 926//926 928//49 
f 926//926 924//924 928//49 
f 927//927 930//929 931//930 
f 930//929 932//931 931//930 
f 932//931 929//928 931//930 
f 929//928 927//927 931//930 
f 930//929 933//932 934//933 
f 933//932 935//934 934//933 
f 935//934 932//931 934//933 
f 932//931 930//929 934//933 
f 933//932 936//935 937//936 
f 936//935 938//937 937//936 
f 938//937 935//934 937//936 
f 935//934 933//932 937//936 
f 936//935 939//938 940//939 
f 939//938 941//940 940//939 
f 941//940 938//937 940//939 
f 938//937 936//935 940//939 
f 939//938 942//941 943//942 
f 942//941 944//943 943//942 
f 944//943 941//940 943//942 
f 941//940 939//938 943//942 
f 942//941 945//944 946//945 
f 945//944 947//946 946//945 
f 947//946 944//943 946//945 
f 944//943 942//941 946//945 
f 945//944 948//947 949//948 
f 948//947 950//949 949//948 
f 950//949 947//946 949//948 
f 947//946 945//944 949//948 
f 948//947 951//950 952//951 
f 951//950 953//952 952//951 
f 953//952 950//949 952//951 
f 950//949 948//947 952//951 
f 951//950 954//953 955//954 
f 954//953 956//955 955//954 
f 956//955 953//952 955//954 
f 953//952 951//950 955//954 
f 954//953 957//956 958//957 
f 957//956 959//958 958//957 
f 959//958 956//955 958//957 
f 956//955 954//953 958//957 
f 957//956 960//959 961//960 
f 960//959 962//961 961//960 
f 962//961 959//958 961//960 
f 959//958 957//956 961//960 
f 960//959 963//962 964//963 
f 963//962 965//964 964//963 
f 965//964 962//961 964//963 
f 962//961 960//959 964//963 
f 963//962 966//965 967//966 
f 966//965 968//967 967//966 
f 968//967 965//964 967//966 
f 965//964 963//962 967//966 
f 966//965 969//968 970//969 
f 969//968 971//970 970//969 
f 971//970 968//967 970//969 
f 968//967 966//965 970//969 
f 969//968 972//971 973//972 
f 972//971 974//973 973//972 
f 974//973 971//970 973//972 
f 971//970 969//968 973//972 
f 972//971 975//974 976//975 
f 975//974 977//976 976//975 
f 977//976 974//973 976//975 
f 974//973 972//971 976//975 
f 975//974 978//977 979//978 
f 978//977 980//979 979//978 
f 980//979 977//976 979//978 
f 977//976 975//974 979//978 
f 978//977 981//980 982//981 
f 981//980 983//982 982//981 
f 983//982 980//979 982//981 
f 980//979 978//977 982//981 
s 3
f 981//980 877//877 984//983 
f 877//877 881//881 984//983 
f 881//881 983//982 984//983 
f 983//982 981//980 984//983 
s 16
f 132//132 828//828 985//984 
f 828//828 825//825 985//984 
f 825//825 132//132 985//984 
f 149//149 152//152 986//985 
f 152//152 155//155 986//985 
f 155//155 158//158 986//985 
f 158//158 161//161 986//985 
f 161//161 815//815 986//985 
f 815//815 818//818 986//985 
f 818//818 149//149 986//985 
f 819//819 816//816 987//984 
f 816//816 147//147 987//984 
f 147//147 144//144 987//984 
f 144//144 141//141 987//984 
f 141//141 819//819 987//984 
f 132//132 129//129 988//984 
f 129//129 831//831 988//984 
f 831//831 828//828 988//984 
f 828//828 132//132 988//984 
f 825//825 822//822 989//984 
f 822//822 132//132 989//984 
f 132//132 825//825 989//984 
f 822//822 819//819 990//984 
f 819//819 141//141 990//984 
f 141//141 138//138 990//984 
f 138//138 135//135 990//984 
f 135//135 132//132 990//984 
f 132//132 822//822 990//984 
f 129//129 126//126 991//984 
f 126//126 405//405 991//984 
f 831//831 129//129 991//984 
f 126//126 123//123 992//984 
f 123//123 408//408 992//984 
f 408//408 405//405 992//984 
f 405//405 126//126 992//984 
f 123//123 120//120 993//984 
f 120//120 408//408 993//984 
f 408//408 123//123 993//984 
f 120//120 117//117 994//984 
f 117//117 408//408 994//984 
f 408//408 120//120 994//984 
f 117//117 114//114 995//984 
f 114//114 411//411 995//984 
f 411//411 408//408 995//984 
f 408//408 117//117 995//984 
f 114//114 111//111 996//984 
f 111//111 411//411 996//984 
f 411//411 114//114 996//984 
f 111//111 108//108 997//984 
f 108//108 414//414 997//984 
f 414//414 411//411 997//984 
f 411//411 111//111 997//984 
f 108//108 105//105 998//984 
f 105//105 417//417 998//984 
f 417//417 414//414 998//984 
f 414//414 108//108 998//984 
f 105//105 102//102 999//984 
f 102//102 417//417 999//984 
f 417//417 105//105 999//984 
f 102//102 99//99 1000//984 
f 99//99 420//420 1000//984 
f 420//420 417//417 1000//984 
f 417//417 102//102 1000//984 
f 99//99 96//96 1001//984 
f 96//96 420//420 1001//984 
f 420//420 99//99 1001//984 
f 96//96 93//93 1002//984 
f 93//93 423//423 1002//984 
f 423//423 420//420 1002//984 
f 420//420 96//96 1002//984 
f 93//93 90//90 1003//984 
f 90//90 426//426 1003//984 
f 426//426 423//423 1003//984 
f 423//423 93//93 1003//984 
f 90//90 87//87 1004//984 
f 87//87 426//426 1004//984 
f 426//426 90//90 1004//984 
f 87//87 84//84 1005//984 
f 84//84 429//429 1005//984 
f 429//429 426//426 1005//984 
f 426//426 87//87 1005//984 
f 84//84 81//81 1006//984 
f 81//81 429//429 1006//984 
f 429//429 84//84 1006//984 
f 81//81 78//78 1007//984 
f 78//78 432//432 1007//984 
f 432//432 429//429 1007//984 
f 429//429 81//81 1007//984 
f 78//78 75//75 1008//984 
f 75//75 435//435 1008//984 
f 435//435 432//432 1008//984 
f 432//432 78//78 1008//984 
f 75//75 72//72 1009//984 
f 72//72 441//441 1009//984 
f 441//441 438//438 1009//984 
f 438//438 435//435 1009//984 
f 435//435 75//75 1009//984 
f 72//72 69//69 1010//984 
f 69//69 450//450 1010//984 
f 450//450 447//447 1010//984 
f 447//447 444//444 1010//984 
f 444//444 441//441 1010//984 
f 441//441 72//72 1010//984 
f 69//69 66//66 1011//984 
f 66//66 456//456 1011//984 
f 456//456 453//453 1011//984 
f 453//453 450//450 1011//984 
f 450//450 69//69 1011//984 
f 66//66 63//63 1012//984 
f 63//63 462//462 1012//984 
f 462//462 459//459 1012//984 
f 459//459 456//456 1012//984 
f 456//456 66//66 1012//984 
f 63//63 60//60 1013//984 
f 60//60 471//471 1013//984 
f 471//471 468//468 1013//984 
f 468//468 465//465 1013//984 
f 465//465 462//462 1013//984 
f 462//462 63//63 1013//984 
f 60//60 57//57 1014//984 
f 57//57 477//477 1014//984 
f 477//477 474//474 1014//984 
f 474//474 471//471 1014//984 
f 471//471 60//60 1014//984 
f 57//57 54//54 1015//984 
f 54//54 483//483 1015//984 
f 483//483 480//480 1015//984 
f 480//480 477//477 1015//984 
f 477//477 57//57 1015//984 
f 54//54 51//51 1016//984 
f 51//51 495//495 1016//984 
f 495//495 492//492 1016//984 
f 492//492 489//489 1016//984 
f 489//489 486//486 1016//984 
f 486//486 483//483 1016//984 
f 483//483 54//54 1016//984 
f 51//51 48//48 1017//984 
f 48//48 498//498 1017//984 
f 498//498 495//495 1017//984 
f 495//495 51//51 1017//984 
f 48//48 45//45 1018//984 
f 45//45 501//501 1018//984 
f 501//501 498//498 1018//984 
f 498//498 48//48 1018//984 
f 45//45 42//42 1019//984 
f 42//42 501//501 1019//984 
f 501//501 45//45 1019//984 
f 42//42 39//39 1020//984 
f 39//39 504//504 1020//984 
f 504//504 501//501 1020//984 
f 501//501 42//42 1020//984 
f 39//39 36//36 1021//984 
f 36//36 504//504 1021//984 
f 504//504 39//39 1021//984 
f 36//36 33//33 1022//984 
f 33//33 507//507 1022//984 
f 507//507 504//504 1022//984 
f 504//504 36//36 1022//984 
f 33//33 30//30 1023//984 
f 30//30 510//510 1023//984 
f 510//510 507//507 1023//984 
f 507//507 33//33 1023//984 
f 30//30 27//27 1024//984 
f 27//27 510//510 1024//984 
f 510//510 30//30 1024//984 
f 27//27 24//24 1025//984 
f 24//24 513//513 1025//984 
f 513//513 510//510 1025//984 
f 510//510 27//27 1025//984 
f 6//6 2//2 1026//984 
f 2//2 1//1 1026//984 
f 1//1 765//765 1026//984 
f 765//765 522//522 1026//984 
f 522//522 519//519 1026//984 
f 519//519 6//6 1026//984 
f 765//765 930//929 1027//984 
f 930//929 927//927 1027//984 
f 927//927 522//522 1027//984 
f 522//522 765//765 1027//984 
f 519//519 516//516 1028//984 
f 516//516 12//12 1028//984 
f 12//12 9//9 1028//984 
f 9//9 6//6 1028//984 
f 6//6 519//519 1028//984 
f 516//516 513//513 1029//984 
f 513//513 24//24 1029//984 
f 24//24 21//21 1029//984 
f 21//21 18//18 1029//984 
f 18//18 15//15 1029//984 
f 15//15 12//12 1029//984 
f 12//12 516//516 1029//984 
f 630//630 1030//984 921//921 1031//984 
f 921//921 918//918 1031//984 
f 918//918 630//630 1031//984 
f 927//927 924//924 1032//984 
f 924//924 540//540 1032//984 
f 540//540 537//537 1032//984 
f 537//537 927//927 1032//984 
f 924//924 921//921 1030//984 
f 630//630 627//627 1030//984 
f 627//627 540//540 1030//984 
f 540//540 924//924 1030//984 
f 537//537 534//534 1033//984 
f 534//534 927//927 1033//984 
f 927//927 537//537 1033//984 
f 534//534 531//531 1034//984 
f 531//531 927//927 1034//984 
f 927//927 534//534 1034//984 
f 531//531 528//528 1035//984 
f 528//528 927//927 1035//984 
f 927//927 531//531 1035//984 
f 528//528 525//525 1036//984 
f 525//525 927//927 1036//984 
f 927//927 528//528 1036//984 
f 525//525 522//522 1037//984 
f 522//522 927//927 1037//984 
f 927//927 525//525 1037//984 
f 627//627 624//624 1038//984 
f 624//624 540//540 1038//984 
f 540//540 627//627 1038//984 
f 624//624 621//621 1039//984 
f 621//621 540//540 1039//984 
f 540//540 624//624 1039//984 
f 621//621 618//618 1040//984 
f 618//618 540//540 1040//984 
f 540//540 621//621 1040//984 
f 618//618 615//615 1041//984 
f 615//615 540//540 1041//984 
f 540//540 618//618 1041//984 
f 615//615 612//612 1042//984 
f 612//612 540//540 1042//984 
f 540//540 615//615 1042//984 
f 612//612 609//609 1043//984 
f 609//609 540//540 1043//984 
f 540//540 612//612 1043//984 
f 609//609 606//606 1044//984 
f 606//606 540//540 1044//984 
f 540//540 609//609 1044//984 
f 606//606 603//603 1045//984 
f 603//603 540//540 1045//984 
f 540//540 606//606 1045//984 
f 582//582 579//579 1046//984 
f 579//579 576//576 1046//984 
f 576//576 573//573 1046//984 
f 573//573 570//570 1046//984 
f 570//570 567//567 1046//984 
f 567//567 564//564 1046//984 
f 564//564 582//582 1046//984 
f 564//564 561//561 1047//984 
f 561//561 591//591 1047//984 
f 591//591 588//588 1047//984 
f 588//588 585//585 1047//984 
f 585//585 582//582 1047//984 
f 582//582 564//564 1047//984 
f 561//561 558//558 1048//984 
f 558//558 597//597 1048//984 
f 597//597 594//594 1048//984 
f 594//594 591//591 1048//984 
f 591//591 561//561 1048//984 
f 558//558 555//555 1049//984 
f 555//555 600//600 1049//984 
f 600//600 597//597 1049//984 
f 597//597 558//558 1049//984 
f 555//555 552//552 1050//984 
f 552//552 603//603 1050//984 
f 603//603 600//600 1050//984 
f 600//600 555//555 1050//984 
f 552//552 549//549 1051//984 
f 549//549 603//603 1051//984 
f 603//603 552//552 1051//984 
f 549//549 546//546 1052//984 
f 546//546 603//603 1052//984 
f 603//603 549//549 1052//984 
f 546//546 543//543 1053//984 
f 543//543 603//603 1053//984 
f 603//603 546//546 1053//984 
f 543//543 540//540 1054//984 
f 540//540 603//603 1054//984 
f 603//603 543//543 1054//984 
f 918//918 915//915 1055//984 
f 915//915 636//636 1055//984 
f 636//636 633//633 1055//984 
f 633//633 630//630 1055//984 
f 630//630 918//918 1055//984 
f 915//915 912//912 1056//984 
f 912//912 642//642 1056//984 
f 642//642 639//639 1056//984 
f 639//639 636//636 1056//984 
f 636//636 915//915 1056//984 
f 912//912 909//909 1057//984 
f 909//909 645//645 1057//984 
f 645//645 642//642 1057//984 
f 642//642 912//912 1057//984 
f 909//909 906//906 1058//984 
f 906//906 651//651 1058//984 
f 651//651 648//648 1058//984 
f 648//648 645//645 1058//984 
f 645//645 909//909 1058//984 
f 906//906 903//903 1059//984 
f 903//903 654//654 1059//984 
f 654//654 651//651 1059//984 
f 651//651 906//906 1059//984 
f 903//903 900//900 1060//984 
f 900//900 657//657 1060//984 
f 657//657 654//654 1060//984 
f 654//654 903//903 1060//984 
f 900//900 897//897 1061//984 
f 897//897 660//660 1061//984 
f 660//660 657//657 1061//984 
f 657//657 900//900 1061//984 
f 897//897 894//894 1062//984 
f 894//894 663//663 1062//984 
f 663//663 660//660 1062//984 
f 660//660 897//897 1062//984 
f 894//894 891//891 1063//984 
f 891//891 666//666 1063//984 
f 666//666 663//663 1063//984 
f 663//663 894//894 1063//984 
f 891//891 888//888 1064//984 
f 888//888 669//669 1064//984 
f 669//669 666//666 1064//984 
f 666//666 891//891 1064//984 
f 888//888 885//885 1065//984 
f 885//885 672//672 1065//984 
f 672//672 669//669 1065//984 
f 669//669 888//888 1065//984 
f 885//885 882//882 1066//984 
f 882//882 675//675 1066//984 
f 675//675 672//672 1066//984 
f 672//672 885//885 1066//984 
f 882//882 878//878 1067//984 
f 878//878 678//678 1067//984 
f 678//678 675//675 1067//984 
f 675//675 882//882 1067//984 
f 878//878 877//877 1068//984 
f 877//877 681//681 1068//984 
f 681//681 678//678 1068//984 
f 678//678 878//878 1068//984 
f 877//877 981//980 1069//984 
f 981//980 684//684 1069//984 
f 684//684 681//681 1069//984 
f 681//681 877//877 1069//984 
f 981//980 978//977 1070//984 
f 978//977 687//687 1070//984 
f 687//687 684//684 1070//984 
f 684//684 981//980 1070//984 
f 978//977 975//974 1071//984 
f 975//974 687//687 1071//984 
f 687//687 978//977 1071//984 
f 975//974 972//971 1072//984 
f 972//971 690//690 1072//984 
f 690//690 687//687 1072//984 
f 687//687 975//974 1072//984 
f 972//971 969//968 1073//984 
f 969//968 696//696 1073//984 
f 696//696 693//693 1073//984 
f 693//693 690//690 1073//984 
f 690//690 972//971 1073//984 
f 969//968 966//965 1074//984 
f 966//965 699//699 1074//984 
f 699//699 696//696 1074//984 
f 696//696 969//968 1074//984 
f 966//965 963//962 1075//984 
f 963//962 702//702 1075//984 
f 702//702 699//699 1075//984 
f 699//699 966//965 1075//984 
f 963//962 960//959 1076//984 
f 960//959 705//705 1076//984 
f 705//705 702//702 1076//984 
f 702//702 963//962 1076//984 
f 960//959 957//956 1077//984 
f 957//956 708//708 1077//984 
f 708//708 705//705 1077//984 
f 705//705 960//959 1077//984 
f 957//956 954//953 1078//984 
f 954//953 708//708 1078//984 
f 708//708 957//956 1078//984 
f 954//953 951//950 1079//984 
f 951//950 711//711 1079//984 
f 711//711 708//708 1079//984 
f 708//708 954//953 1079//984 
f 951//950 948//947 1080//984 
f 948//947 717//717 1080//984 
f 717//717 714//714 1080//984 
f 714//714 711//711 1080//984 
f 711//711 951//950 1080//984 
f 948//947 945//944 1081//984 
f 945//944 723//723 1081//984 
f 723//723 720//720 1081//984 
f 720//720 717//717 1081//984 
f 717//717 948//947 1081//984 
f 945//944 942//941 1082//984 
f 942//941 729//729 1082//984 
f 729//729 726//726 1082//984 
f 726//726 723//723 1082//984 
f 723//723 945//944 1082//984 
f 942//941 939//938 1083//984 
f 939//938 732//732 1083//984 
f 732//732 729//729 1083//984 
f 729//729 942//941 1083//984 
f 939//938 936//935 1084//984 
f 936//935 735//735 1084//984 
f 735//735 732//732 1084//984 
f 732//732 939//938 1084//984 
f 936//935 933//932 1085//984 
f 933//932 741//741 1085//984 
f 741//741 738//738 1085//984 
f 738//738 735//735 1085//984 
f 735//735 936//935 1085//984 
f 933//932 930//929 1086//984 
f 930//929 765//765 1086//984 
f 765//765 762//762 1086//984 
f 762//762 759//759 1086//984 
f 759//759 756//756 1086//984 
f 756//756 753//753 1086//984 
f 753//753 750//750 1086//984 
f 750//750 747//747 1086//984 
f 747//747 744//744 1086//984 
f 744//744 741//741 1086//984 
f 741//741 933//932 1086//984 
f 816//816 813//813 1087//984 
f 813//813 159//159 1087//984 
f 159//159 156//156 1087//984 
f 156//156 153//153 1087//984 
f 153//153 150//150 1087//984 
f 150//150 147//147 1087//984 
f 147//147 816//816 1087//984 
f 813//813 810//810 1088//984 
f 810//810 159//159 1088//984 
f 159//159 813//813 1088//984 
f 810//810 807//807 1089//984 
f 807//807 162//162 1089//984 
f 162//162 159//159 1089//984 
f 159//159 810//810 1089//984 
f 807//807 804//804 1090//984 
f 804//804 297//297 1090//984 
f 297//297 174//174 1090//984 
f 174//174 171//171 1090//984 
f 171//171 168//168 1090//984 
f 168//168 165//165 1090//984 
f 165//165 162//162 1090//984 
f 162//162 807//807 1090//984 
f 804//804 801//801 1091//984 
f 801//801 297//297 1091//984 
f 297//297 804//804 1091//984 
f 297//297 294//294 1092//984 
f 294//294 186//186 1092//984 
f 186//186 183//183 1092//984 
f 183//183 180//180 1092//984 
f 180//180 177//177 1092//984 
f 177//177 174//174 1092//984 
f 174//174 297//297 1092//984 
f 294//294 291//291 1093//984 
f 291//291 189//189 1093//984 
f 189//189 186//186 1093//984 
f 186//186 294//294 1093//984 
f 291//291 288//288 1094//984 
f 288//288 192//192 1094//984 
f 192//192 189//189 1094//984 
f 189//189 291//291 1094//984 
f 288//288 285//285 1095//984 
f 285//285 195//195 1095//984 
f 195//195 192//192 1095//984 
f 192//192 288//288 1095//984 
f 285//285 282//282 1096//984 
f 282//282 198//198 1096//984 
f 198//198 195//195 1096//984 
f 195//195 285//285 1096//984 
f 282//282 279//279 1097//984 
f 279//279 201//201 1097//984 
f 201//201 198//198 1097//984 
f 198//198 282//282 1097//984 
f 279//279 276//276 1098//984 
f 276//276 207//207 1098//984 
f 207//207 204//204 1098//984 
f 204//204 201//201 1098//984 
f 201//201 279//279 1098//984 
f 276//276 273//273 1099//984 
f 273//273 210//210 1099//984 
f 210//210 207//207 1099//984 
f 207//207 276//276 1099//984 
f 273//273 270//270 1100//984 
f 270//270 213//213 1100//984 
f 213//213 210//210 1100//984 
f 210//210 273//273 1100//984 
f 270//270 267//267 1101//984 
f 267//267 219//219 1101//984 
f 219//219 216//216 1101//984 
f 216//216 213//213 1101//984 
f 213//213 270//270 1101//984 
f 267//267 264//264 1102//984 
f 264//264 222//222 1102//984 
f 222//222 219//219 1102//984 
f 219//219 267//267 1102//984 
f 264//264 261//261 1103//984 
f 261//261 225//225 1103//984 
f 225//225 222//222 1103//984 
f 222//222 264//264 1103//984 
f 261//261 258//258 1104//984 
f 258//258 231//231 1104//984 
f 231//231 228//228 1104//984 
f 228//228 225//225 1104//984 
f 225//225 261//261 1104//984 
f 258//258 255//255 1105//984 
f 255//255 234//234 1105//984 
f 234//234 231//231 1105//984 
f 231//231 258//258 1105//984 
f 255//255 252//252 1106//984 
f 252//252 237//237 1106//984 
f 237//237 234//234 1106//984 
f 234//234 255//255 1106//984 
f 252//252 249//249 1107//984 
f 249//249 240//240 1107//984 
f 240//240 237//237 1107//984 
f 237//237 252//252 1107//984 
f 249//249 246//246 1108//984 
f 246//246 240//240 1108//984 
f 240//240 249//249 1108//984 
f 246//246 243//243 1109//984 
f 243//243 240//240 1109//984 
f 240//240 246//246 1109//984 
f 801//801 798//798 1110//984 
f 798//798 297//297 1110//984 
f 297//297 801//801 1110//984 
f 798//798 795//795 1111//984 
f 795//795 312//312 1111//984 
f 312//312 309//309 1111//984 
f 309//309 306//306 1111//984 
f 306//306 303//303 1111//984 
f 303//303 300//300 1111//984 
f 300//300 297//297 1111//984 
f 297//297 798//798 1111//984 
f 795//795 792//792 1112//984 
f 792//792 324//324 1112//984 
f 324//324 321//321 1112//984 
f 321//321 318//318 1112//984 
f 318//318 315//315 1112//984 
f 315//315 312//312 1112//984 
f 312//312 795//795 1112//984 
f 792//792 789//789 1113//984 
f 789//789 327//327 1113//984 
f 327//327 324//324 1113//984 
f 324//324 792//792 1113//984 
f 789//789 786//786 1114//984 
f 786//786 330//330 1114//984 
f 330//330 327//327 1114//984 
f 327//327 789//789 1114//984 
f 786//786 783//783 1115//984 
f 783//783 333//333 1115//984 
f 333//333 330//330 1115//984 
f 330//330 786//786 1115//984 
f 783//783 780//780 1116//984 
f 780//780 336//336 1116//984 
f 336//336 333//333 1116//984 
f 333//333 783//783 1116//984 
f 780//780 777//777 1117//984 
f 777//777 342//342 1117//984 
f 342//342 339//339 1117//984 
f 339//339 336//336 1117//984 
f 336//336 780//780 1117//984 
f 777//777 774//774 1118//984 
f 774//774 345//345 1118//984 
f 345//345 342//342 1118//984 
f 342//342 777//777 1118//984 
f 774//774 770//770 1119//984 
f 770//770 348//348 1119//984 
f 348//348 345//345 1119//984 
f 345//345 774//774 1119//984 
f 770//770 769//769 1120//984 
f 769//769 351//351 1120//984 
f 351//351 348//348 1120//984 
f 348//348 770//770 1120//984 
f 769//769 873//873 1121//984 
f 873//873 351//351 1121//984 
f 351//351 769//769 1121//984 
f 873//873 870//870 1122//984 
f 870//870 354//354 1122//984 
f 354//354 351//351 1122//984 
f 351//351 873//873 1122//984 
f 870//870 867//867 1123//984 
f 867//867 357//357 1123//984 
f 357//357 354//354 1123//984 
f 354//354 870//870 1123//984 
f 867//867 864//864 1124//984 
f 864//864 360//360 1124//984 
f 360//360 357//357 1124//984 
f 357//357 867//867 1124//984 
f 864//864 861//861 1125//984 
f 861//861 363//363 1125//984 
f 363//363 360//360 1125//984 
f 360//360 864//864 1125//984 
f 861//861 858//858 1126//984 
f 858//858 366//366 1126//984 
f 366//366 363//363 1126//984 
f 363//363 861//861 1126//984 
f 858//858 855//855 1127//984 
f 855//855 369//369 1127//984 
f 369//369 366//366 1127//984 
f 366//366 858//858 1127//984 
f 855//855 852//852 1128//984 
f 852//852 372//372 1128//984 
f 372//372 369//369 1128//984 
f 369//369 855//855 1128//984 
f 852//852 849//849 1129//984 
f 849//849 375//375 1129//984 
f 375//375 372//372 1129//984 
f 372//372 852//852 1129//984 
f 849//849 846//846 1130//984 
f 846//846 378//378 1130//984 
f 378//378 375//375 1130//984 
f 375//375 849//849 1130//984 
f 846//846 843//843 1131//984 
f 843//843 384//384 1131//984 
f 384//384 381//381 1131//984 
f 381//381 378//378 1131//984 
f 378//378 846//846 1131//984 
f 843//843 840//840 1132//984 
f 840//840 390//390 1132//984 
f 390//390 387//387 1132//984 
f 387//387 384//384 1132//984 
f 384//384 843//843 1132//984 
f 840//840 837//837 1133//984 
f 837//837 396//396 1133//984 
f 396//396 393//393 1133//984 
f 393//393 390//390 1133//984 
f 390//390 840//840 1133//984 
f 837//837 834//834 1134//984 
f 834//834 405//405 1134//984 
f 405//405 402//402 1134//984 
f 402//402 399//399 1134//984 
f 399//399 396//396 1134//984 
f 396//396 837//837 1134//984 
f 834//834 831//831 1135//984 
f 831//831 991//984 405//405 1135//984 
f 405//405 834//834 1135//984 
f 821//821 824//824 1136//985 
f 824//824 134//134 1136//985 
f 134//134 137//137 1136//985 
f 137//137 140//140 1136//985 
f 140//140 143//143 1136//985 
f 143//143 821//821 1136//985 
f 242//242 245//245 1137//985 
f 245//245 248//248 1137//985 
f 248//248 242//242 1137//985 
f 818//818 821//821 1138//985 
f 821//821 143//143 1138//985 
f 143//143 146//146 1138//985 
f 146//146 149//149 1138//985 
f 149//149 818//818 1138//985 
f 248//248 251//251 1139//985 
f 251//251 242//242 1139//985 
f 242//242 248//248 1139//985 
f 251//251 254//254 1140//985 
f 254//254 239//239 1140//985 
f 239//239 242//242 1140//985 
f 242//242 251//251 1140//985 
f 254//254 257//257 1141//985 
f 257//257 236//236 1141//985 
f 236//236 239//239 1141//985 
f 239//239 254//254 1141//985 
f 257//257 260//260 1142//985 
f 260//260 233//233 1142//985 
f 233//233 236//236 1142//985 
f 236//236 257//257 1142//985 
f 260//260 263//263 1143//985 
f 263//263 227//227 1143//985 
f 227//227 230//230 1143//985 
f 230//230 233//233 1143//985 
f 233//233 260//260 1143//985 
f 263//263 266//266 1144//985 
f 266//266 224//224 1144//985 
f 224//224 227//227 1144//985 
f 227//227 263//263 1144//985 
f 266//266 269//269 1145//985 
f 269//269 221//221 1145//985 
f 221//221 224//224 1145//985 
f 224//224 266//266 1145//985 
f 269//269 272//272 1146//985 
f 272//272 215//215 1146//985 
f 215//215 218//218 1146//985 
f 218//218 221//221 1146//985 
f 221//221 269//269 1146//985 
f 272//272 275//275 1147//985 
f 275//275 212//212 1147//985 
f 212//212 215//215 1147//985 
f 215//215 272//272 1147//985 
f 275//275 278//278 1148//985 
f 278//278 209//209 1148//985 
f 209//209 212//212 1148//985 
f 212//212 275//275 1148//985 
f 278//278 281//281 1149//985 
f 281//281 203//203 1149//985 
f 203//203 206//206 1149//985 
f 206//206 209//209 1149//985 
f 209//209 278//278 1149//985 
f 281//281 284//284 1150//985 
f 284//284 200//200 1150//985 
f 200//200 203//203 1150//985 
f 203//203 281//281 1150//985 
f 284//284 287//287 1151//985 
f 287//287 197//197 1151//985 
f 197//197 200//200 1151//985 
f 200//200 284//284 1151//985 
f 287//287 290//290 1152//985 
f 290//290 194//194 1152//985 
f 194//194 197//197 1152//985 
f 197//197 287//287 1152//985 
f 290//290 293//293 1153//985 
f 293//293 191//191 1153//985 
f 191//191 194//194 1153//985 
f 194//194 290//290 1153//985 
f 293//293 296//296 1154//985 
f 296//296 188//188 1154//985 
f 188//188 191//191 1154//985 
f 191//191 293//293 1154//985 
f 296//296 299//299 1155//985 
f 299//299 179//179 1155//985 
f 179//179 182//182 1155//985 
f 182//182 185//185 1155//985 
f 185//185 188//188 1155//985 
f 188//188 296//296 1155//985 
f 407//407 1156//985 833//833 1157//985 
f 833//833 836//836 1157//985 
f 836//836 407//407 1157//985 
f 299//299 809//809 1158//985 
f 809//809 812//812 1158//985 
f 812//812 161//161 1158//985 
f 161//161 164//164 1158//985 
f 164//164 167//167 1158//985 
f 167//167 170//170 1158//985 
f 170//170 173//173 1158//985 
f 173//173 176//176 1158//985 
f 176//176 179//179 1158//985 
f 179//179 299//299 1158//985 
f 812//812 815//815 1159//985 
f 815//815 161//161 1159//985 
f 161//161 812//812 1159//985 
f 836//836 839//839 1160//985 
f 839//839 398//398 1160//985 
f 398//398 401//401 1160//985 
f 401//401 404//404 1160//985 
f 404//404 407//407 1160//985 
f 407//407 836//836 1160//985 
f 839//839 842//842 1161//985 
f 842//842 392//392 1161//985 
f 392//392 395//395 1161//985 
f 395//395 398//398 1161//985 
f 398//398 839//839 1161//985 
f 842//842 845//845 1162//985 
f 845//845 386//386 1162//985 
f 386//386 389//389 1162//985 
f 389//389 392//392 1162//985 
f 392//392 842//842 1162//985 
f 845//845 848//848 1163//985 
f 848//848 380//380 1163//985 
f 380//380 383//383 1163//985 
f 383//383 386//386 1163//985 
f 386//386 845//845 1163//985 
f 848//848 851//851 1164//985 
f 851//851 377//377 1164//985 
f 377//377 380//380 1164//985 
f 380//380 848//848 1164//985 
f 851//851 854//854 1165//985 
f 854//854 374//374 1165//985 
f 374//374 377//377 1165//985 
f 377//377 851//851 1165//985 
f 854//854 857//857 1166//985 
f 857//857 371//371 1166//985 
f 371//371 374//374 1166//985 
f 374//374 854//854 1166//985 
f 857//857 860//860 1167//985 
f 860//860 368//368 1167//985 
f 368//368 371//371 1167//985 
f 371//371 857//857 1167//985 
f 860//860 863//863 1168//985 
f 863//863 365//365 1168//985 
f 365//365 368//368 1168//985 
f 368//368 860//860 1168//985 
f 863//863 866//866 1169//985 
f 866//866 362//362 1169//985 
f 362//362 365//365 1169//985 
f 365//365 863//863 1169//985 
f 866//866 869//869 1170//985 
f 869//869 359//359 1170//985 
f 359//359 362//362 1170//985 
f 362//362 866//866 1170//985 
f 869//869 872//872 1171//985 
f 872//872 356//356 1171//985 
f 356//356 359//359 1171//985 
f 359//359 869//869 1171//985 
f 872//872 875//875 1172//985 
f 875//875 353//353 1172//985 
f 353//353 356//356 1172//985 
f 356//356 872//872 1172//985 
f 875//875 773//773 1173//985 
f 773//773 353//353 1173//985 
f 353//353 875//875 1173//985 
f 773//773 772//772 1174//985 
f 772//772 350//350 1174//985 
f 350//350 353//353 1174//985 
f 353//353 773//773 1174//985 
f 772//772 776//776 1175//985 
f 776//776 347//347 1175//985 
f 347//347 350//350 1175//985 
f 350//350 772//772 1175//985 
f 776//776 779//779 1176//985 
f 779//779 344//344 1176//985 
f 344//344 347//347 1176//985 
f 347//347 776//776 1176//985 
f 779//779 782//782 1177//985 
f 782//782 338//338 1177//985 
f 338//338 341//341 1177//985 
f 341//341 344//344 1177//985 
f 344//344 779//779 1177//985 
f 782//782 785//785 1178//985 
f 785//785 335//335 1178//985 
f 335//335 338//338 1178//985 
f 338//338 782//782 1178//985 
f 785//785 788//788 1179//985 
f 788//788 332//332 1179//985 
f 332//332 335//335 1179//985 
f 335//335 785//785 1179//985 
f 788//788 791//791 1180//985 
f 791//791 329//329 1180//985 
f 329//329 332//332 1180//985 
f 332//332 788//788 1180//985 
f 791//791 794//794 1181//985 
f 794//794 326//326 1181//985 
f 326//326 329//329 1181//985 
f 329//329 791//791 1181//985 
f 794//794 797//797 1182//985 
f 797//797 314//314 1182//985 
f 314//314 317//317 1182//985 
f 317//317 320//320 1182//985 
f 320//320 323//323 1182//985 
f 323//323 326//326 1182//985 
f 326//326 794//794 1182//985 
f 797//797 800//800 1183//985 
f 800//800 299//299 1183//985 
f 299//299 302//302 1183//985 
f 302//302 305//305 1183//985 
f 305//305 308//308 1183//985 
f 308//308 311//311 1183//985 
f 311//311 314//314 1183//985 
f 314//314 797//797 1183//985 
f 800//800 803//803 1184//985 
f 803//803 299//299 1184//985 
f 299//299 800//800 1184//985 
f 803//803 806//806 1185//985 
f 806//806 299//299 1185//985 
f 299//299 803//803 1185//985 
f 806//806 809//809 1186//985 
f 809//809 299//299 1186//985 
f 299//299 806//806 1186//985 
f 824//824 827//827 1187//985 
f 827//827 134//134 1187//985 
f 134//134 824//824 1187//985 
f 827//827 830//830 1188//985 
f 830//830 131//131 1188//985 
f 131//131 134//134 1188//985 
f 134//134 827//827 1188//985 
f 830//830 833//833 1156//985 
f 407//407 128//128 1156//985 
f 128//128 131//131 1156//985 
f 131//131 830//830 1156//985 
f 515//515 518//518 1189//985 
f 518//518 14//14 1189//985 
f 14//14 17//17 1189//985 
f 17//17 20//20 1189//985 
f 20//20 23//23 1189//985 
f 23//23 26//26 1189//985 
f 26//26 515//515 1189//985 
f 518//518 521//521 1190//985 
f 521//521 8//8 1190//985 
f 8//8 11//11 1190//985 
f 11//11 14//14 1190//985 
f 14//14 518//518 1190//985 
f 26//26 29//29 1191//985 
f 29//29 512//512 1191//985 
f 512//512 515//515 1191//985 
f 515//515 26//26 1191//985 
f 29//29 32//32 1192//985 
f 32//32 512//512 1192//985 
f 512//512 29//29 1192//985 
f 32//32 35//35 1193//985 
f 35//35 509//509 1193//985 
f 509//509 512//512 1193//985 
f 512//512 32//32 1193//985 
f 35//35 38//38 1194//985 
f 38//38 506//506 1194//985 
f 506//506 509//509 1194//985 
f 509//509 35//35 1194//985 
f 38//38 41//41 1195//985 
f 41//41 506//506 1195//985 
f 506//506 38//38 1195//985 
f 41//41 44//44 1196//985 
f 44//44 503//503 1196//985 
f 503//503 506//506 1196//985 
f 506//506 41//41 1196//985 
f 44//44 47//47 1197//985 
f 47//47 503//503 1197//985 
f 503//503 44//44 1197//985 
f 47//47 50//50 1198//985 
f 50//50 500//500 1198//985 
f 500//500 503//503 1198//985 
f 503//503 47//47 1198//985 
f 50//50 53//53 1199//985 
f 53//53 497//497 1199//985 
f 497//497 500//500 1199//985 
f 500//500 50//50 1199//985 
f 53//53 56//56 1200//985 
f 56//56 485//485 1200//985 
f 485//485 488//488 1200//985 
f 488//488 491//491 1200//985 
f 491//491 494//494 1200//985 
f 494//494 497//497 1200//985 
f 497//497 53//53 1200//985 
f 56//56 59//59 1201//985 
f 59//59 479//479 1201//985 
f 479//479 482//482 1201//985 
f 482//482 485//485 1201//985 
f 485//485 56//56 1201//985 
f 59//59 62//62 1202//985 
f 62//62 473//473 1202//985 
f 473//473 476//476 1202//985 
f 476//476 479//479 1202//985 
f 479//479 59//59 1202//985 
f 62//62 65//65 1203//985 
f 65//65 464//464 1203//985 
f 464//464 467//467 1203//985 
f 467//467 470//470 1203//985 
f 470//470 473//473 1203//985 
f 473//473 62//62 1203//985 
f 65//65 68//68 1204//985 
f 68//68 458//458 1204//985 
f 458//458 461//461 1204//985 
f 461//461 464//464 1204//985 
f 464//464 65//65 1204//985 
f 68//68 71//71 1205//985 
f 71//71 452//452 1205//985 
f 452//452 455//455 1205//985 
f 455//455 458//458 1205//985 
f 458//458 68//68 1205//985 
f 71//71 74//74 1206//985 
f 74//74 443//443 1206//985 
f 443//443 446//446 1206//985 
f 446//446 449//449 1206//985 
f 449//449 452//452 1206//985 
f 452//452 71//71 1206//985 
f 74//74 77//77 1207//985 
f 77//77 437//437 1207//985 
f 437//437 440//440 1207//985 
f 440//440 443//443 1207//985 
f 443//443 74//74 1207//985 
f 77//77 80//80 1208//985 
f 80//80 434//434 1208//985 
f 434//434 437//437 1208//985 
f 437//437 77//77 1208//985 
f 80//80 83//83 1209//985 
f 83//83 431//431 1209//985 
f 431//431 434//434 1209//985 
f 434//434 80//80 1209//985 
f 83//83 86//86 1210//985 
f 86//86 431//431 1210//985 
f 431//431 83//83 1210//985 
f 86//86 89//89 1211//985 
f 89//89 428//428 1211//985 
f 428//428 431//431 1211//985 
f 431//431 86//86 1211//985 
f 89//89 92//92 1212//985 
f 92//92 428//428 1212//985 
f 428//428 89//89 1212//985 
f 92//92 95//95 1213//985 
f 95//95 425//425 1213//985 
f 425//425 428//428 1213//985 
f 428//428 92//92 1213//985 
f 95//95 98//98 1214//985 
f 98//98 422//422 1214//985 
f 422//422 425//425 1214//985 
f 425//425 95//95 1214//985 
f 98//98 101//101 1215//985 
f 101//101 422//422 1215//985 
f 422//422 98//98 1215//985 
f 101//101 104//104 1216//985 
f 104//104 419//419 1216//985 
f 419//419 422//422 1216//985 
f 422//422 101//101 1216//985 
f 104//104 107//107 1217//985 
f 107//107 419//419 1217//985 
f 419//419 104//104 1217//985 
f 107//107 110//110 1218//985 
f 110//110 416//416 1218//985 
f 416//416 419//419 1218//985 
f 419//419 107//107 1218//985 
f 110//110 113//113 1219//985 
f 113//113 413//413 1219//985 
f 413//413 416//416 1219//985 
f 416//416 110//110 1219//985 
f 113//113 116//116 1220//985 
f 116//116 413//413 1220//985 
f 413//413 113//113 1220//985 
f 116//116 119//119 1221//985 
f 119//119 410//410 1221//985 
f 410//410 413//413 1221//985 
f 413//413 116//116 1221//985 
f 119//119 122//122 1222//985 
f 122//122 410//410 1222//985 
f 410//410 119//119 1222//985 
f 122//122 125//125 1223//985 
f 125//125 410//410 1223//985 
f 410//410 122//122 1223//985 
f 125//125 128//128 1224//985 
f 128//128 407//407 1224//985 
f 407//407 410//410 1224//985 
f 410//410 125//125 1224//985 
f 932//931 755//755 1225//985 
f 755//755 758//758 1225//985 
f 758//758 761//761 1225//985 
f 761//761 764//764 1225//985 
f 764//764 767//767 1225//985 
f 767//767 932//931 1225//985 
f 524//524 527//527 1226//985 
f 527//527 929//928 1226//985 
f 929//928 524//524 1226//985 
f 932//931 935//934 1227//985 
f 935//934 743//743 1227//985 
f 743//743 746//746 1227//985 
f 746//746 749//749 1227//985 
f 749//749 752//752 1227//985 
f 752//752 755//755 1227//985 
f 755//755 932//931 1227//985 
f 767//767 5//5 1228//985 
f 5//5 4//4 1228//985 
f 4//4 8//8 1228//985 
f 8//8 521//521 1228//985 
f 521//521 524//524 1228//985 
f 524//524 767//767 1228//985 
f 767//767 524//524 1229//985 
f 524//524 929//928 1229//985 
f 929//928 932//931 1229//985 
f 932//931 767//767 1229//985 
f 935//934 938//937 1230//985 
f 938//937 737//737 1230//985 
f 737//737 740//740 1230//985 
f 740//740 743//743 1230//985 
f 743//743 935//934 1230//985 
f 938//937 941//940 1231//985 
f 941//940 734//734 1231//985 
f 734//734 737//737 1231//985 
f 737//737 938//937 1231//985 
f 941//940 944//943 1232//985 
f 944//943 731//731 1232//985 
f 731//731 734//734 1232//985 
f 734//734 941//940 1232//985 
f 944//943 947//946 1233//985 
f 947//946 725//725 1233//985 
f 725//725 728//728 1233//985 
f 728//728 731//731 1233//985 
f 731//731 944//943 1233//985 
f 947//946 950//949 1234//985 
f 950//949 719//719 1234//985 
f 719//719 722//722 1234//985 
f 722//722 725//725 1234//985 
f 725//725 947//946 1234//985 
f 950//949 953//952 1235//985 
f 953//952 713//713 1235//985 
f 713//713 716//716 1235//985 
f 716//716 719//719 1235//985 
f 719//719 950//949 1235//985 
f 953//952 956//955 1236//985 
f 956//955 710//710 1236//985 
f 710//710 713//713 1236//985 
f 713//713 953//952 1236//985 
f 956//955 959//958 1237//985 
f 959//958 710//710 1237//985 
f 710//710 956//955 1237//985 
f 959//958 962//961 1238//985 
f 962//961 707//707 1238//985 
f 707//707 710//710 1238//985 
f 710//710 959//958 1238//985 
f 962//961 965//964 1239//985 
f 965//964 704//704 1239//985 
f 704//704 707//707 1239//985 
f 707//707 962//961 1239//985 
f 965//964 968//967 1240//985 
f 968//967 701//701 1240//985 
f 701//701 704//704 1240//985 
f 704//704 965//964 1240//985 
f 968//967 971//970 1241//985 
f 971//970 698//698 1241//985 
f 698//698 701//701 1241//985 
f 701//701 968//967 1241//985 
f 971//970 974//973 1242//985 
f 974//973 692//692 1242//985 
f 692//692 695//695 1242//985 
f 695//695 698//698 1242//985 
f 698//698 971//970 1242//985 
f 974//973 977//976 1243//985 
f 977//976 689//689 1243//985 
f 689//689 692//692 1243//985 
f 692//692 974//973 1243//985 
f 977//976 980//979 1244//985 
f 980//979 689//689 1244//985 
f 689//689 977//976 1244//985 
f 980//979 983//982 1245//985 
f 983//982 686//686 1245//985 
f 686//686 689//689 1245//985 
f 689//689 980//979 1245//985 
f 983//982 881//881 1246//985 
f 881//881 683//683 1246//985 
f 683//683 686//686 1246//985 
f 686//686 983//982 1246//985 
f 881//881 880//880 1247//985 
f 880//880 680//680 1247//985 
f 680//680 683//683 1247//985 
f 683//683 881//881 1247//985 
f 880//880 884//884 1248//985 
f 884//884 677//677 1248//985 
f 677//677 680//680 1248//985 
f 680//680 880//880 1248//985 
f 884//884 887//887 1249//985 
f 887//887 674//674 1249//985 
f 674//674 677//677 1249//985 
f 677//677 884//884 1249//985 
f 887//887 890//890 1250//985 
f 890//890 671//671 1250//985 
f 671//671 674//674 1250//985 
f 674//674 887//887 1250//985 
f 890//890 893//893 1251//985 
f 893//893 668//668 1251//985 
f 668//668 671//671 1251//985 
f 671//671 890//890 1251//985 
f 893//893 896//896 1252//985 
f 896//896 665//665 1252//985 
f 665//665 668//668 1252//985 
f 668//668 893//893 1252//985 
f 896//896 899//899 1253//985 
f 899//899 662//662 1253//985 
f 662//662 665//665 1253//985 
f 665//665 896//896 1253//985 
f 899//899 902//902 1254//985 
f 902//902 659//659 1254//985 
f 659//659 662//662 1254//985 
f 662//662 899//899 1254//985 
f 902//902 905//905 1255//985 
f 905//905 656//656 1255//985 
f 656//656 659//659 1255//985 
f 659//659 902//902 1255//985 
f 905//905 908//908 1256//985 
f 908//908 653//653 1256//985 
f 653//653 656//656 1256//985 
f 656//656 905//905 1256//985 
f 908//908 911//911 1257//985 
f 911//911 647//647 1257//985 
f 647//647 650//650 1257//985 
f 650//650 653//653 1257//985 
f 653//653 908//908 1257//985 
f 911//911 914//914 1258//985 
f 914//914 644//644 1258//985 
f 644//644 647//647 1258//985 
f 647//647 911//911 1258//985 
f 914//914 917//917 1259//985 
f 917//917 638//638 1259//985 
f 638//638 641//641 1259//985 
f 641//641 644//644 1259//985 
f 644//644 914//914 1259//985 
f 917//917 920//920 1260//985 
f 920//920 632//632 1260//985 
f 632//632 635//635 1260//985 
f 635//635 638//638 1260//985 
f 638//638 917//917 1260//985 
f 920//920 923//923 1261//985 
f 923//923 1262//985 632//632 1261//985 
f 632//632 920//920 1261//985 
f 527//527 530//530 1263//985 
f 530//530 929//928 1263//985 
f 929//928 527//527 1263//985 
f 530//530 533//533 1264//985 
f 533//533 929//928 1264//985 
f 929//928 530//530 1264//985 
f 533//533 536//536 1265//985 
f 536//536 929//928 1265//985 
f 929//928 533//533 1265//985 
f 536//536 539//539 1266//985 
f 539//539 929//928 1266//985 
f 929//928 536//536 1266//985 
f 542//542 608//608 1267//985 
f 608//608 611//611 1267//985 
f 611//611 542//542 1267//985 
f 542//542 545//545 1268//985 
f 545//545 605//605 1268//985 
f 605//605 608//608 1268//985 
f 608//608 542//542 1268//985 
f 611//611 614//614 1269//985 
f 614//614 542//542 1269//985 
f 542//542 611//611 1269//985 
f 614//614 617//617 1270//985 
f 617//617 542//542 1270//985 
f 542//542 614//614 1270//985 
f 617//617 620//620 1271//985 
f 620//620 542//542 1271//985 
f 542//542 617//617 1271//985 
f 620//620 623//623 1272//985 
f 623//623 542//542 1272//985 
f 542//542 620//620 1272//985 
f 623//623 626//626 1273//985 
f 626//626 542//542 1273//985 
f 542//542 623//623 1273//985 
f 626//626 629//629 1274//985 
f 629//629 542//542 1274//985 
f 542//542 626//626 1274//985 
f 629//629 632//632 1262//985 
f 923//923 926//926 1262//985 
f 926//926 542//542 1262//985 
f 542//542 629//629 1262//985 
f 926//926 929//928 1275//985 
f 929//928 539//539 1275//985 
f 539//539 542//542 1275//985 
f 542//542 926//926 1275//985 
f 545//545 548//548 1276//985 
f 548//548 605//605 1276//985 
f 605//605 545//545 1276//985 
f 548//548 551//551 1277//985 
f 551//551 605//605 1277//985 
f 605//605 548//548 1277//985 
f 551//551 554//554 1278//985 
f 554//554 605//605 1278//985 
f 605//605 551//551 1278//985 
f 554//554 557//557 1279//985 
f 557//557 602//602 1279//985 
f 602//602 605//605 1279//985 
f 605//605 554//554 1279//985 
f 557//557 560//560 1280//985 
f 560//560 599//599 1280//985 
f 599//599 602//602 1280//985 
f 602//602 557//557 1280//985 
f 560//560 563//563 1281//985 
f 563//563 593//593 1281//985 
f 593//593 596//596 1281//985 
f 596//596 599//599 1281//985 
f 599//599 560//560 1281//985 
f 563//563 566//566 1282//985 
f 566//566 584//584 1282//985 
f 584//584 587//587 1282//985 
f 587//587 590//590 1282//985 
f 590//590 593//593 1282//985 
f 593//593 563//563 1282//985 
f 566//566 569//569 1283//985 
f 569//569 572//572 1283//985 
f 572//572 575//575 1283//985 
f 575//575 578//578 1283//985 
f 578//578 581//581 1283//985 
f 581//581 584//584 1283//985 
f 584//584 566//566 1283//985 
# 4 polygons - 2562 triangles

