# 3ds Max Wavefront OBJ Exporter v0.97b - (c)2007 guruware
# File Created: 07.12.2021 20:36:25

#
# object Number_7
#

v  870.6142 0.0000 130.2280
v  870.4255 0.0000 129.1897
v  870.5199 5.0000 129.7089
v  870.4255 10.0000 129.1897
v  870.6142 10.0000 130.2280
v  870.2620 0.0000 128.2538
v  870.3438 5.0000 128.7218
v  870.2620 10.0000 128.2538
v  870.1237 0.0000 127.4203
v  870.1929 5.0000 127.8370
v  870.1237 10.0000 127.4203
v  870.0105 0.0000 126.6890
v  870.0671 5.0000 127.0547
v  870.0105 10.0000 126.6890
v  869.9224 0.0000 126.0602
v  869.9664 5.0000 126.3746
v  869.9224 10.0000 126.0602
v  869.8596 0.0000 125.5337
v  869.8910 5.0000 125.7970
v  869.8596 10.0000 125.5337
v  869.8218 0.0000 125.1096
v  869.8407 5.0000 125.3217
v  869.8218 10.0000 125.1096
v  869.8092 0.0000 124.7879
v  869.8155 5.0000 124.9488
v  869.8092 10.0000 124.7879
v  869.8754 0.0000 122.5878
v  869.8423 5.0000 123.6879
v  869.8754 10.0000 122.5878
v  870.0737 0.0000 120.6466
v  869.9745 5.0000 121.6172
v  870.0737 10.0000 120.6466
v  870.4043 0.0000 118.9643
v  870.2390 5.0000 119.8055
v  870.4043 10.0000 118.9643
v  870.8671 0.0000 117.5407
v  870.6357 5.0000 118.2525
v  870.8671 10.0000 117.5407
v  871.4622 0.0000 116.3760
v  871.1647 5.0000 116.9584
v  871.4622 10.0000 116.3760
v  872.1895 0.0000 115.4701
v  871.8259 5.0000 115.9230
v  872.1895 10.0000 115.4701
v  873.0491 0.0000 114.8230
v  872.6193 5.0000 115.1466
v  873.0491 10.0000 114.8230
v  874.0409 0.0000 114.4348
v  873.5450 5.0000 114.6289
v  874.0409 10.0000 114.4348
v  875.1649 0.0000 114.3054
v  874.6029 5.0000 114.3701
v  875.1649 10.0000 114.3054
v  875.6893 0.0000 114.3312
v  875.4271 5.0000 114.3183
v  875.6893 10.0000 114.3312
v  876.1938 0.0000 114.4085
v  875.9416 5.0000 114.3699
v  876.1938 10.0000 114.4085
v  876.6782 0.0000 114.5375
v  876.4360 5.0000 114.4730
v  876.6782 10.0000 114.5375
v  877.1426 0.0000 114.7181
v  876.9104 5.0000 114.6278
v  877.1426 10.0000 114.7181
v  877.5870 0.0000 114.9502
v  877.3649 5.0000 114.8341
v  877.5870 10.0000 114.9502
v  878.0115 0.0000 115.2339
v  877.7993 5.0000 115.0920
v  878.0115 10.0000 115.2339
v  878.4159 0.0000 115.5692
v  878.2137 5.0000 115.4016
v  878.4159 10.0000 115.5692
v  878.8003 0.0000 115.9561
v  878.6081 5.0000 115.7627
v  878.8003 10.0000 115.9561
v  879.1647 0.0000 116.3946
v  878.9825 5.0000 116.1753
v  879.1647 10.0000 116.3946
v  879.4995 0.0000 116.8689
v  879.3321 5.0000 116.6318
v  879.4995 10.0000 116.8689
v  879.7948 0.0000 117.3634
v  879.6472 5.0000 117.1162
v  879.7948 10.0000 117.3634
v  880.0508 0.0000 117.8781
v  879.9228 5.0000 117.6208
v  880.0508 10.0000 117.8781
v  880.2674 0.0000 118.4129
v  880.1591 5.0000 118.1455
v  880.2674 10.0000 118.4129
v  880.4446 0.0000 118.9679
v  880.3560 5.0000 118.6904
v  880.4446 10.0000 118.9679
v  880.5824 0.0000 119.5430
v  880.5135 5.0000 119.2554
v  880.5824 10.0000 119.5430
v  880.6808 0.0000 120.1383
v  880.6317 5.0000 119.8406
v  880.6808 10.0000 120.1383
v  880.7399 0.0000 120.7537
v  880.7104 5.0000 120.4460
v  880.7399 10.0000 120.7537
v  880.7596 0.0000 121.3893
v  880.7498 5.0000 121.0715
v  880.7596 10.0000 121.3893
v  885.1619 0.0000 121.3893
v  882.9608 5.0000 121.3893
v  885.1619 10.0000 121.3893
v  885.1794 0.0000 120.8644
v  885.1707 5.0000 121.1269
v  885.1794 10.0000 120.8644
v  885.2318 0.0000 120.3395
v  885.2056 5.0000 120.6020
v  885.2318 10.0000 120.3395
v  885.3190 0.0000 119.8147
v  885.2754 5.0000 120.0771
v  885.3190 10.0000 119.8147
v  885.4412 0.0000 119.2899
v  885.3801 5.0000 119.5523
v  885.4412 10.0000 119.2899
v  885.5983 0.0000 118.7651
v  885.5197 5.0000 119.0275
v  885.5983 10.0000 118.7651
v  885.7903 0.0000 118.2403
v  885.6943 5.0000 118.5027
v  885.7903 10.0000 118.2403
v  886.0172 0.0000 117.7156
v  885.9037 5.0000 117.9780
v  886.0172 10.0000 117.7156
v  886.2790 0.0000 117.1909
v  886.1481 5.0000 117.4533
v  886.2790 10.0000 117.1909
v  886.5757 0.0000 116.6663
v  886.4274 5.0000 116.9286
v  886.5757 10.0000 116.6663
v  886.8984 0.0000 116.1708
v  886.7371 5.0000 116.4185
v  886.8984 10.0000 116.1708
v  887.2382 0.0000 115.7336
v  887.0683 5.0000 115.9522
v  887.2382 10.0000 115.7336
v  887.5951 0.0000 115.3547
v  887.4166 5.0000 115.5441
v  887.5951 10.0000 115.3547
v  887.9690 0.0000 115.0340
v  887.7820 5.0000 115.1944
v  887.9690 10.0000 115.0340
v  888.3600 0.0000 114.7717
v  888.1646 5.0000 114.9029
v  888.3600 10.0000 114.7717
v  888.7682 0.0000 114.5677
v  888.5641 5.0000 114.6697
v  888.7682 10.0000 114.5677
v  889.1934 0.0000 114.4220
v  888.9808 5.0000 114.4948
v  889.1934 10.0000 114.4220
v  889.6357 0.0000 114.3345
v  889.4146 5.0000 114.3782
v  889.6357 10.0000 114.3345
v  890.0950 0.0000 114.3054
v  889.8654 5.0000 114.3199
v  890.0950 10.0000 114.3054
v  891.1425 0.0000 114.4324
v  890.6188 5.0000 114.3689
v  891.1425 10.0000 114.4324
v  892.0668 0.0000 114.8136
v  891.6046 5.0000 114.6230
v  892.0668 10.0000 114.8136
v  892.8678 0.0000 115.4489
v  892.4673 5.0000 115.1312
v  892.8678 10.0000 115.4489
v  893.5455 0.0000 116.3382
v  893.2067 5.0000 115.8935
v  893.5455 10.0000 116.3382
v  894.1001 0.0000 117.4817
v  893.8228 5.0000 116.9100
v  894.1001 10.0000 117.4817
v  894.5314 0.0000 118.8793
v  894.3157 5.0000 118.1805
v  894.5314 10.0000 118.8793
v  894.8395 0.0000 120.5310
v  894.6854 5.0000 119.7051
v  894.8395 10.0000 120.5310
v  895.0244 0.0000 122.4368
v  894.9319 5.0000 121.4839
v  895.0244 10.0000 122.4368
v  895.0859 0.0000 124.5967
v  895.0552 5.0000 123.5167
v  895.0859 10.0000 124.5967
v  895.0563 0.0000 125.6912
v  895.0711 5.0000 125.1439
v  895.0563 10.0000 125.6912
v  894.9671 0.0000 126.8492
v  895.0117 5.0000 126.2702
v  894.9671 10.0000 126.8492
v  894.8185 0.0000 128.0707
v  894.8928 5.0000 127.4600
v  894.8185 10.0000 128.0707
v  894.6104 0.0000 129.3558
v  894.7145 5.0000 128.7133
v  894.6104 10.0000 129.3558
v  894.3430 0.0000 130.7045
v  894.4767 5.0000 130.0302
v  894.3430 10.0000 130.7045
v  894.0160 0.0000 132.1167
v  894.1794 5.0000 131.4106
v  894.0160 10.0000 132.1167
v  893.6296 0.0000 133.5924
v  893.8228 5.0000 132.8545
v  893.6296 10.0000 133.5924
v  893.1838 0.0000 135.1317
v  893.4067 5.0000 134.3620
v  893.1838 10.0000 135.1317
v  892.6785 0.0000 136.7345
v  892.9312 5.0000 135.9331
v  892.6785 10.0000 136.7345
v  892.1592 0.0000 138.2782
v  892.4189 5.0000 137.5063
v  892.1592 10.0000 138.2782
v  891.6711 0.0000 139.6404
v  891.9151 5.0000 138.9593
v  891.6711 10.0000 139.6404
v  891.2142 0.0000 140.8209
v  891.4426 5.0000 140.2307
v  891.2142 10.0000 140.8209
v  890.7886 0.0000 141.8198
v  891.0013 5.0000 141.3204
v  890.7886 10.0000 141.8198
v  890.3942 0.0000 142.6371
v  890.5914 5.0000 142.2285
v  890.3942 10.0000 142.6371
v  890.0310 0.0000 143.2728
v  890.2126 5.0000 142.9550
v  890.0310 10.0000 143.2728
v  889.6991 0.0000 143.7268
v  889.8651 5.0000 143.4998
v  889.6991 10.0000 143.7268
v  889.3984 0.0000 143.9993
v  889.5488 5.0000 143.8631
v  889.3984 10.0000 143.9993
v  889.1290 0.0000 144.0901
v  889.2637 5.0000 144.0447
v  889.1290 10.0000 144.0901
v  892.1735 0.0000 144.0136
v  890.6512 5.0000 144.0518
v  892.1735 10.0000 144.0136
v  895.0134 0.0000 143.7843
v  893.5934 5.0000 143.8990
v  895.0134 10.0000 143.7843
v  897.6487 0.0000 143.4021
v  896.3310 5.0000 143.5932
v  897.6487 10.0000 143.4021
v  900.0794 0.0000 142.8669
v  898.8640 5.0000 143.1345
v  900.0794 10.0000 142.8669
v  902.3055 0.0000 142.1789
v  901.1925 5.0000 142.5229
v  902.3055 10.0000 142.1789
v  904.3271 0.0000 141.3380
v  903.3163 5.0000 141.7585
v  904.3271 10.0000 141.3380
v  906.1442 0.0000 140.3442
v  905.2357 5.0000 140.8411
v  906.1442 10.0000 140.3442
v  907.7567 0.0000 139.1975
v  906.9504 5.0000 139.7709
v  907.7567 10.0000 139.1975
v  909.1646 0.0000 137.8979
v  908.4606 5.0000 138.5477
v  909.1646 10.0000 137.8979
v  910.4147 0.0000 136.5245
v  909.7896 5.0000 137.2112
v  910.4147 10.0000 136.5245
v  911.5540 0.0000 135.1563
v  910.9844 5.0000 135.8404
v  911.5540 10.0000 135.1563
v  912.5825 0.0000 133.7933
v  912.0683 5.0000 134.4748
v  912.5825 10.0000 133.7933
v  913.5002 0.0000 132.4355
v  913.0414 5.0000 133.1144
v  913.5002 10.0000 132.4355
v  914.3070 0.0000 131.0830
v  913.9036 5.0000 131.7593
v  914.3070 10.0000 131.0830
v  915.0029 0.0000 129.7356
v  914.6550 5.0000 130.4093
v  915.0029 10.0000 129.7356
v  915.5881 0.0000 128.3935
v  915.2955 5.0000 129.0646
v  915.5881 10.0000 128.3935
v  916.0624 0.0000 127.0566
v  915.8252 5.0000 127.7251
v  916.0624 10.0000 127.0566
v  916.4258 0.0000 125.7249
v  916.2441 5.0000 126.3908
v  916.4258 10.0000 125.7249
v  916.7269 0.0000 124.2881
v  916.5764 5.0000 125.0065
v  916.7269 10.0000 124.2881
v  917.0142 0.0000 122.6355
v  916.8705 5.0000 123.4618
v  917.0142 10.0000 122.6355
v  917.2875 0.0000 120.7674
v  917.1508 5.0000 121.7015
v  917.2875 10.0000 120.7674
v  917.5471 0.0000 118.6836
v  917.4173 5.0000 119.7255
v  917.5471 10.0000 118.6836
v  917.7928 0.0000 116.3842
v  917.6699 5.0000 117.5339
v  917.7928 10.0000 116.3842
v  918.0246 0.0000 113.8692
v  917.9087 5.0000 115.1267
v  918.0246 10.0000 113.8692
v  918.2426 0.0000 111.1385
v  918.1336 5.0000 112.5039
v  918.2426 10.0000 111.1385
v  918.4467 0.0000 108.1923
v  918.3447 5.0000 109.6654
v  918.4467 10.0000 108.1923
v  918.6370 0.0000 105.0304
v  918.5419 5.0000 106.6113
v  918.6370 10.0000 105.0304
v  918.7860 0.0000 103.5552
v  918.7115 5.0000 104.2928
v  918.7860 10.0000 103.5552
v  919.0173 0.0000 102.2110
v  918.9016 5.0000 102.8831
v  919.0173 10.0000 102.2110
v  919.3307 0.0000 100.9978
v  919.1740 5.0000 101.6044
v  919.3307 10.0000 100.9978
v  919.7264 0.0000 99.9157
v  919.5286 5.0000 100.4568
v  919.7264 10.0000 99.9157
v  920.2045 0.0000 98.9645
v  919.9655 5.0000 99.4401
v  920.2045 10.0000 98.9645
v  920.7646 0.0000 98.1443
v  920.4846 5.0000 98.5544
v  920.7646 10.0000 98.1443
v  921.4071 0.0000 97.4551
v  921.0859 5.0000 97.7997
v  921.4071 10.0000 97.4551
v  922.1318 0.0000 96.8970
v  921.7694 5.0000 97.1761
v  922.1318 10.0000 96.8970
v  922.9387 0.0000 96.4698
v  922.5352 5.0000 96.6834
v  922.9387 10.0000 96.4698
v  915.5202 0.0000 91.7656
v  919.2294 5.0000 94.1177
v  915.5202 10.0000 91.7656
v  914.7971 0.0000 92.5013
v  915.1587 5.0000 92.1334
v  914.7971 10.0000 92.5013
v  914.1284 0.0000 93.2348
v  914.4628 5.0000 92.8680
v  914.1284 10.0000 93.2348
v  913.5140 0.0000 93.9660
v  913.8212 5.0000 93.6004
v  913.5140 10.0000 93.9660
v  912.9539 0.0000 94.6951
v  913.2339 5.0000 94.3306
v  912.9539 10.0000 94.6951
v  912.4481 0.0000 95.4220
v  912.7010 5.0000 95.0586
v  912.4481 10.0000 95.4220
v  911.9966 0.0000 96.1467
v  912.2224 5.0000 95.7843
v  911.9966 10.0000 96.1467
v  911.5995 0.0000 96.8691
v  911.7981 5.0000 96.5079
v  911.5995 10.0000 96.8691
v  911.2567 0.0000 97.5894
v  911.4281 5.0000 97.2292
v  911.2567 10.0000 97.5894
v  910.9682 0.0000 98.3074
v  911.1124 5.0000 97.9484
v  910.9682 10.0000 98.3074
v  910.7181 0.0000 99.1133
v  910.8431 5.0000 98.7104
v  910.7181 10.0000 99.1133
v  910.4907 0.0000 100.0972
v  910.6044 5.0000 99.6052
v  910.4907 10.0000 100.0972
v  910.2858 0.0000 101.2589
v  910.3882 5.0000 100.6780
v  910.2858 10.0000 101.2589
v  910.1035 0.0000 102.5986
v  910.1946 5.0000 101.9288
v  910.1035 10.0000 102.5986
v  909.9437 0.0000 104.1162
v  910.0236 5.0000 103.3574
v  909.9437 10.0000 104.1162
v  909.8065 0.0000 105.8117
v  909.8751 5.0000 104.9640
v  909.8065 10.0000 105.8117
v  909.6920 0.0000 107.6852
v  909.7493 5.0000 106.7485
v  909.6920 10.0000 107.6852
v  909.6000 0.0000 109.7366
v  909.6460 5.0000 108.7109
v  909.6000 10.0000 109.7366
v  909.5305 0.0000 111.9659
v  909.5652 5.0000 110.8512
v  909.5305 10.0000 111.9659
v  909.2928 0.0000 116.5986
v  909.4117 5.0000 114.2822
v  909.2928 10.0000 116.5986
v  908.8492 0.0000 120.7240
v  909.0710 5.0000 118.6613
v  908.8492 10.0000 120.7240
v  908.1998 0.0000 124.3421
v  908.5245 5.0000 122.5330
v  908.1998 10.0000 124.3421
v  907.3444 0.0000 127.4528
v  907.7721 5.0000 125.8974
v  907.3444 10.0000 127.4528
v  906.2831 0.0000 130.0561
v  906.8137 5.0000 128.7545
v  906.2831 10.0000 130.0561
v  905.0159 0.0000 132.1522
v  905.6495 5.0000 131.1041
v  905.0159 10.0000 132.1522
v  903.5428 0.0000 133.7408
v  904.2793 5.0000 132.9465
v  903.5428 10.0000 133.7408
v  901.8637 0.0000 134.8222
v  902.7032 5.0000 134.2815
v  901.8637 10.0000 134.8222
v  899.9788 0.0000 135.3962
v  900.9213 5.0000 135.1092
v  899.9788 10.0000 135.3962
v  900.6752 0.0000 134.7032
v  900.3270 5.0000 135.0497
v  900.6752 10.0000 134.7032
v  901.2897 0.0000 133.8744
v  900.9824 5.0000 134.2888
v  901.2897 10.0000 133.8744
v  901.8222 0.0000 132.9096
v  901.5559 5.0000 133.3920
v  901.8222 10.0000 132.9096
v  902.2728 0.0000 131.8090
v  902.0475 5.0000 132.3593
v  902.2728 10.0000 131.8090
v  902.6415 0.0000 130.5724
v  902.4572 5.0000 131.1907
v  902.6415 10.0000 130.5724
v  902.9282 0.0000 129.2000
v  902.7849 5.0000 129.8862
v  902.9282 10.0000 129.2000
v  903.1331 0.0000 127.6916
v  903.0306 5.0000 128.4458
v  903.1331 10.0000 127.6916
v  903.2559 0.0000 126.0473
v  903.1945 5.0000 126.8695
v  903.2559 10.0000 126.0473
v  903.2969 0.0000 124.2672
v  903.2764 5.0000 125.1572
v  903.2969 10.0000 124.2672
v  903.1419 0.0000 121.0276
v  903.2194 5.0000 122.6474
v  903.1419 10.0000 121.0276
v  902.6769 0.0000 118.1691
v  902.9094 5.0000 119.5983
v  902.6769 10.0000 118.1691
v  901.9019 0.0000 115.6917
v  902.2894 5.0000 116.9304
v  901.9019 10.0000 115.6917
v  900.8168 0.0000 113.5955
v  901.3593 5.0000 114.6436
v  900.8168 10.0000 113.5955
v  899.4218 0.0000 111.8805
v  900.1193 5.0000 112.7380
v  899.4218 10.0000 111.8805
v  897.7167 0.0000 110.5465
v  898.5693 5.0000 111.2135
v  897.7167 10.0000 110.5465
v  895.7017 0.0000 109.5937
v  896.7092 5.0000 110.0701
v  895.7017 10.0000 109.5937
v  893.3766 0.0000 109.0220
v  894.5391 5.0000 109.3078
v  893.3766 10.0000 109.0220
v  890.7415 0.0000 108.8314
v  892.0591 5.0000 108.9267
v  890.7415 10.0000 108.8314
v  889.4227 0.0000 108.8990
v  890.0821 5.0000 108.8652
v  889.4227 10.0000 108.8990
v  888.2166 0.0000 109.1018
v  888.8196 5.0000 109.0004
v  888.2166 10.0000 109.1018
v  887.1232 0.0000 109.4396
v  887.6699 5.0000 109.2707
v  887.1232 10.0000 109.4396
v  886.1426 0.0000 109.9127
v  886.6329 5.0000 109.6762
v  886.1426 10.0000 109.9127
v  885.2748 0.0000 110.5209
v  885.7087 5.0000 110.2168
v  885.2748 10.0000 110.5209
v  884.5196 0.0000 111.2643
v  884.8972 5.0000 110.8926
v  884.5196 10.0000 111.2643
v  883.8772 0.0000 112.1428
v  884.1984 5.0000 111.7036
v  883.8772 10.0000 112.1428
v  883.3475 0.0000 113.1565
v  883.6124 5.0000 112.6497
v  883.3475 10.0000 113.1565
v  882.9306 0.0000 114.3054
v  883.1390 5.0000 113.7309
v  882.9306 10.0000 114.3054
v  882.4379 0.0000 113.1565
v  882.6842 5.0000 113.7309
v  882.4379 10.0000 113.1565
v  881.8173 0.0000 112.1428
v  882.1276 5.0000 112.6497
v  881.8173 10.0000 112.1428
v  881.0688 0.0000 111.2643
v  881.4430 5.0000 111.7036
v  881.0688 10.0000 111.2643
v  880.1924 0.0000 110.5209
v  880.6306 5.0000 110.8926
v  880.1924 10.0000 110.5209
v  879.1881 0.0000 109.9127
v  879.6902 5.0000 110.2168
v  879.1881 10.0000 109.9127
v  878.0559 0.0000 109.4397
v  878.6220 5.0000 109.6762
v  878.0559 10.0000 109.4397
v  876.7958 0.0000 109.1017
v  877.4259 5.0000 109.2707
v  876.7958 10.0000 109.1017
v  875.4079 0.0000 108.8990
v  876.1019 5.0000 109.0004
v  875.4079 10.0000 108.8990
v  873.8920 0.0000 108.8314
v  874.6500 5.0000 108.8652
v  873.8920 10.0000 108.8314
v  872.5731 0.0000 108.8912
v  873.2325 5.0000 108.8613
v  872.5731 10.0000 108.8912
v  871.3218 0.0000 109.0706
v  871.9474 5.0000 108.9809
v  871.3218 10.0000 109.0706
v  870.1384 0.0000 109.3696
v  870.7301 5.0000 109.2201
v  870.1384 10.0000 109.3696
v  869.0226 0.0000 109.7882
v  869.5804 5.0000 109.5789
v  869.0226 10.0000 109.7882
v  867.9745 0.0000 110.3264
v  868.4986 5.0000 110.0573
v  867.9745 10.0000 110.3264
v  866.9943 0.0000 110.9842
v  867.4844 5.0000 110.6553
v  866.9943 10.0000 110.9842
v  866.0817 0.0000 111.7616
v  866.5380 5.0000 111.3729
v  866.0817 10.0000 111.7616
v  865.2369 0.0000 112.6586
v  865.6593 5.0000 112.2101
v  865.2369 10.0000 112.6586
v  864.4598 0.0000 113.6752
v  864.8483 5.0000 113.1669
v  864.4598 10.0000 113.6752
v  863.7579 0.0000 114.7795
v  864.1088 5.0000 114.2273
v  863.7579 10.0000 114.7795
v  863.1385 0.0000 115.9394
v  863.4482 5.0000 115.3594
v  863.1385 10.0000 115.9394
v  862.6017 0.0000 117.1550
v  862.8701 5.0000 116.5472
v  862.6017 10.0000 117.1550
v  862.1476 0.0000 118.4263
v  862.3746 5.0000 117.7906
v  862.1476 10.0000 118.4263
v  861.7759 0.0000 119.7533
v  861.9617 5.0000 119.0898
v  861.7759 10.0000 119.7533
v  861.4869 0.0000 121.1359
v  861.6314 5.0000 120.4446
v  861.4869 10.0000 121.1359
v  861.2805 0.0000 122.5743
v  861.3837 5.0000 121.8551
v  861.2805 10.0000 122.5743
v  861.1566 0.0000 124.0683
v  861.2185 5.0000 123.3213
v  861.1566 10.0000 124.0683
v  861.1153 0.0000 125.6180
v  861.1360 5.0000 124.8432
v  861.1153 10.0000 125.6180
v  861.1613 0.0000 127.2519
v  861.1383 5.0000 126.4350
v  861.1613 10.0000 127.2519
v  861.2993 0.0000 128.8376
v  861.2303 5.0000 128.0448
v  861.2993 10.0000 128.8376
v  861.5293 0.0000 130.3749
v  861.4143 5.0000 129.6062
v  861.5293 10.0000 130.3749
v  861.8513 0.0000 131.8639
v  861.6902 5.0000 131.1194
v  861.8513 10.0000 131.8639
v  862.2652 0.0000 133.3047
v  862.0582 5.0000 132.5843
v  862.2652 10.0000 133.3047
v  862.7711 0.0000 134.6971
v  862.5182 5.0000 134.0009
v  862.7711 10.0000 134.6971
v  863.3691 0.0000 136.0413
v  863.0701 5.0000 135.3692
v  863.3691 10.0000 136.0413
v  864.0590 0.0000 137.3371
v  863.7141 5.0000 136.6892
v  864.0590 10.0000 137.3371
v  864.8409 0.0000 138.5847
v  864.4500 5.0000 137.9609
v  864.8409 10.0000 138.5847
v  865.7133 0.0000 139.7401
v  865.2771 5.0000 139.1624
v  865.7133 10.0000 139.7401
v  866.6747 0.0000 140.7597
v  866.1940 5.0000 140.2499
v  866.6747 10.0000 140.7597
v  867.7252 0.0000 141.6432
v  867.2000 5.0000 141.2014
v  867.7252 10.0000 141.6432
v  868.8646 0.0000 142.3909
v  868.2949 5.0000 142.0171
v  868.8646 10.0000 142.3909
v  870.0931 0.0000 143.0026
v  869.4789 5.0000 142.6967
v  870.0931 10.0000 143.0026
v  871.4105 0.0000 143.4784
v  870.7518 5.0000 143.2405
v  871.4105 10.0000 143.4784
v  872.8170 0.0000 143.8182
v  872.1138 5.0000 143.6483
v  872.8170 10.0000 143.8182
v  874.3125 0.0000 144.0221
v  873.5648 5.0000 143.9202
v  874.3125 10.0000 144.0221
v  875.8970 0.0000 144.0901
v  875.1047 5.0000 144.0561
v  875.8970 10.0000 144.0901
v  877.2211 0.0000 143.8344
v  876.5590 5.0000 143.9622
v  877.2211 10.0000 143.8344
v  878.3895 0.0000 143.4409
v  877.8053 5.0000 143.6376
v  878.3895 10.0000 143.4409
v  879.4020 0.0000 142.9094
v  878.8958 5.0000 143.1751
v  879.4020 10.0000 142.9094
v  880.2589 0.0000 142.2401
v  879.8304 5.0000 142.5748
v  880.2589 10.0000 142.2401
v  880.9598 0.0000 141.4329
v  880.6094 5.0000 141.8365
v  880.9598 10.0000 141.4329
v  881.5051 0.0000 140.4877
v  881.2325 5.0000 140.9603
v  881.5051 10.0000 140.4877
v  881.8945 0.0000 139.4047
v  881.6998 5.0000 139.9462
v  881.8945 10.0000 139.4047
v  882.1282 0.0000 138.1838
v  882.0114 5.0000 138.7943
v  882.1282 10.0000 138.1838
v  882.2061 0.0000 136.8250
v  882.1672 5.0000 137.5044
v  882.2061 10.0000 136.8250
v  882.1203 0.0000 135.3763
v  882.1632 5.0000 136.1007
v  882.1203 10.0000 135.3763
v  881.8630 0.0000 134.0980
v  881.9916 5.0000 134.7371
v  881.8630 10.0000 134.0980
v  881.4341 0.0000 132.9901
v  881.6486 5.0000 133.5441
v  881.4341 10.0000 132.9901
v  880.8336 0.0000 132.0527
v  881.1339 5.0000 132.5214
v  880.8336 10.0000 132.0527
v  880.0616 0.0000 131.2857
v  880.4476 5.0000 131.6692
v  880.0616 10.0000 131.2857
v  879.1180 0.0000 130.6892
v  879.5898 5.0000 130.9875
v  879.1180 10.0000 130.6892
v  878.0029 0.0000 130.2631
v  878.5605 5.0000 130.4762
v  878.0029 10.0000 130.2631
v  876.7162 0.0000 130.0074
v  877.3596 5.0000 130.1353
v  876.7162 10.0000 130.0074
v  875.2580 0.0000 129.9222
v  875.9871 5.0000 129.9648
v  875.2580 10.0000 129.9222
v  875.1028 0.0000 129.9256
v  875.1804 5.0000 129.9239
v  875.1028 10.0000 129.9256
v  874.9291 0.0000 129.9356
v  875.0160 5.0000 129.9306
v  874.9291 10.0000 129.9356
v  874.7369 0.0000 129.9524
v  874.8330 5.0000 129.9440
v  874.7369 10.0000 129.9524
v  874.5261 0.0000 129.9759
v  874.6315 5.0000 129.9641
v  874.5261 10.0000 129.9759
v  874.2968 0.0000 130.0061
v  874.4114 5.0000 129.9910
v  874.2968 10.0000 130.0061
v  874.0488 0.0000 130.0430
v  874.1728 5.0000 130.0245
v  874.0488 10.0000 130.0430
v  873.7824 0.0000 130.0866
v  873.9156 5.0000 130.0648
v  873.7824 10.0000 130.0866
v  873.4974 0.0000 130.1369
v  873.6400 5.0000 130.1117
v  873.4974 10.0000 130.1369
v  873.1940 0.0000 130.1939
v  873.3457 5.0000 130.1654
v  873.1940 10.0000 130.1939
v  872.8867 0.0000 130.2621
v  873.0403 5.0000 130.2280
v  872.8867 10.0000 130.2621
v  872.5906 0.0000 130.3458
v  872.7386 5.0000 130.3040
v  872.5906 10.0000 130.3458
v  872.3055 0.0000 130.4452
v  872.4481 5.0000 130.3955
v  872.3055 10.0000 130.4452
v  872.0316 0.0000 130.5601
v  872.1686 5.0000 130.5027
v  872.0316 10.0000 130.5601
v  871.7687 0.0000 130.6907
v  871.9001 5.0000 130.6254
v  871.7687 10.0000 130.6907
v  871.5169 0.0000 130.8368
v  871.6428 5.0000 130.7637
v  871.5169 10.0000 130.8368
v  871.2762 0.0000 130.9985
v  871.3965 5.0000 130.9176
v  871.2762 10.0000 130.9985
v  871.0466 0.0000 131.1758
v  871.1614 5.0000 131.0871
v  871.0466 10.0000 131.1758
v  870.8280 0.0000 131.3687
v  870.9373 5.0000 131.2722
v  870.8280 10.0000 131.3687
v  870.7211 5.0000 130.7984
v  875.6708 0.0000 133.8239
v  876.2592 0.0000 133.9372
v  875.9650 5.0000 133.8806
v  876.2592 10.0000 133.9372
v  875.6708 10.0000 133.8239
v  876.7690 0.0000 134.1261
v  876.5141 5.0000 134.0316
v  876.7690 10.0000 134.1261
v  877.2005 0.0000 134.3904
v  876.9848 5.0000 134.2582
v  877.2005 10.0000 134.3904
v  877.5535 0.0000 134.7303
v  877.3770 5.0000 134.5604
v  877.5535 10.0000 134.7303
v  877.8281 0.0000 135.1457
v  877.6908 5.0000 134.9380
v  877.8281 10.0000 135.1457
v  878.0242 0.0000 135.6367
v  877.9261 5.0000 135.3912
v  878.0242 10.0000 135.6367
v  878.1419 0.0000 136.2031
v  878.0831 5.0000 135.9199
v  878.1419 10.0000 136.2031
v  878.1812 0.0000 136.8452
v  878.1615 5.0000 136.5241
v  878.1812 10.0000 136.8452
v  878.1419 0.0000 137.4872
v  878.1615 5.0000 137.1662
v  878.1419 10.0000 137.4872
v  878.0242 0.0000 138.0536
v  878.0831 5.0000 137.7704
v  878.0242 10.0000 138.0536
v  877.8281 0.0000 138.5446
v  877.9261 5.0000 138.2991
v  877.8281 10.0000 138.5446
v  877.5535 0.0000 138.9600
v  877.6908 5.0000 138.7523
v  877.5535 10.0000 138.9600
v  877.2005 0.0000 139.2999
v  877.3770 5.0000 139.1299
v  877.2005 10.0000 139.2999
v  876.7690 0.0000 139.5642
v  876.9848 5.0000 139.4321
v  876.7690 10.0000 139.5642
v  876.2592 0.0000 139.7531
v  876.5141 5.0000 139.6586
v  876.2592 10.0000 139.7531
v  875.6708 0.0000 139.8663
v  875.9650 5.0000 139.8097
v  875.6708 10.0000 139.8663
v  875.0039 0.0000 139.9041
v  875.3373 5.0000 139.8852
v  875.0039 10.0000 139.9041
v  874.3867 0.0000 139.8663
v  874.6953 5.0000 139.8852
v  874.3867 10.0000 139.8663
v  873.8422 0.0000 139.7531
v  874.1144 5.0000 139.8097
v  873.8422 10.0000 139.7531
v  873.3702 0.0000 139.5642
v  873.6062 5.0000 139.6586
v  873.3702 10.0000 139.5642
v  872.9708 0.0000 139.2999
v  873.1705 5.0000 139.4321
v  872.9708 10.0000 139.2999
v  872.6441 0.0000 138.9600
v  872.8075 5.0000 139.1299
v  872.6441 10.0000 138.9600
v  872.3900 0.0000 138.5446
v  872.5170 5.0000 138.7523
v  872.3900 10.0000 138.5446
v  872.2084 0.0000 138.0536
v  872.2992 5.0000 138.2991
v  872.2084 10.0000 138.0536
v  872.0995 0.0000 137.4872
v  872.1540 5.0000 137.7704
v  872.0995 10.0000 137.4872
v  872.0632 0.0000 136.8452
v  872.0814 5.0000 137.1662
v  872.0632 10.0000 136.8452
v  872.0995 0.0000 136.2031
v  872.0814 5.0000 136.5241
v  872.0995 10.0000 136.2031
v  872.2084 0.0000 135.6367
v  872.1539 5.0000 135.9199
v  872.2084 10.0000 135.6367
v  872.3900 0.0000 135.1457
v  872.2992 5.0000 135.3912
v  872.3900 10.0000 135.1457
v  872.6441 0.0000 134.7303
v  872.5170 5.0000 134.9380
v  872.6441 10.0000 134.7303
v  872.9708 0.0000 134.3904
v  872.8074 5.0000 134.5604
v  872.9708 10.0000 134.3904
v  873.3702 0.0000 134.1261
v  873.1705 5.0000 134.2582
v  873.3702 10.0000 134.1261
v  873.8422 0.0000 133.9372
v  873.6062 5.0000 134.0316
v  873.8422 10.0000 133.9372
v  874.3867 0.0000 133.8239
v  874.1144 5.0000 133.8806
v  874.3867 10.0000 133.8239
v  875.0039 0.0000 133.7862
v  874.6953 5.0000 133.8051
v  875.0039 10.0000 133.7862
v  875.3373 5.0000 133.8051
v  880.7416 0.0000 116.1792
v  869.8989 10.0000 129.2209
v  871.8088 10.0000 134.0504
v  885.2618 0.0000 116.0542
v  881.0082 0.0000 115.1814
v  880.1343 0.0000 115.1691
v  880.3679 0.0000 114.2062
v  879.8284 0.0000 113.5526
v  879.2149 0.0000 112.9923
v  878.5275 0.0000 112.5255
v  877.7662 0.0000 112.1520
v  876.9309 0.0000 111.8719
v  876.2263 0.0000 112.6138
v  875.7645 0.0000 111.6593
v  874.2158 0.0000 111.0724
v  872.2247 0.0000 111.3179
v  870.4749 0.0000 111.9555
v  868.3232 0.0000 112.9295
v  868.0065 0.0000 115.0626
v  868.5771 0.0000 116.7267
v  868.3126 0.0000 117.7620
v  868.1363 0.0000 118.9699
v  868.0481 0.0000 120.3503
v  868.0303 0.0000 121.1909
v  868.0471 0.0000 121.4395
v  868.0806 0.0000 121.7564
v  868.1309 0.0000 122.1415
v  868.1980 0.0000 122.5948
v  868.2819 0.0000 123.1164
v  868.3824 0.0000 123.7063
v  868.4999 0.0000 124.3643
v  868.6340 0.0000 125.0906
v  869.8989 0.0000 129.2209
v  863.2695 0.0000 126.2941
v  867.7552 0.0000 137.9989
v  869.1740 0.0000 139.0101
v  869.7496 0.0000 139.7503
v  870.3434 0.0000 140.9082
v  871.9026 0.0000 140.4208
v  871.9612 0.0000 141.3363
v  872.8600 0.0000 141.6535
v  873.8396 0.0000 141.8649
v  874.5677 0.0000 141.2642
v  875.2211 0.0000 141.9707
v  876.2620 0.0000 141.8860
v  877.1597 0.0000 141.6481
v  877.9402 0.0000 141.3036
v  879.0750 0.0000 140.9684
v  879.4617 0.0000 139.8563
v  879.8130 0.0000 139.1227
v  880.0472 0.0000 138.2823
v  880.1643 0.0000 137.3353
v  880.1624 0.0000 136.3124
v  880.0374 0.0000 135.3285
v  879.7874 0.0000 134.4676
v  879.4124 0.0000 133.7297
v  878.9124 0.0000 133.1148
v  878.2305 0.0000 132.1509
v  876.9368 0.0000 132.0835
v  876.2154 0.0000 132.5895
v  875.4468 0.0000 131.2335
v  874.4639 0.0000 130.9512
v  873.5983 0.0000 131.4068
v  872.5391 0.0000 131.4005
v  871.8348 0.0000 132.1494
v  872.1476 0.0000 133.4965
v  871.9540 0.0000 133.7482
v  871.8088 0.0000 134.0504
v  894.2880 0.0000 138.6192
v  883.7554 0.0000 116.6438
v  882.9133 0.0000 117.7994
v  882.9267 0.0000 118.3241
v  882.9379 0.0000 118.8589
v  882.9468 0.0000 119.4039
v  882.9535 0.0000 119.9589
v  882.9580 0.0000 120.5240
v  882.9602 0.0000 121.0992
v  890.2336 0.0000 144.0343
v  894.6030 0.0000 137.7716
v  894.9388 0.0000 136.8029
v  895.2804 0.0000 135.7541
v  895.5974 0.0000 134.7067
v  895.8748 0.0000 133.7017
v  898.6874 0.0000 133.2841
v  899.1379 0.0000 131.0703
v  898.7496 0.0000 129.2997
v  898.9617 0.0000 127.9529
v  899.1031 0.0000 126.5698
v  899.1738 0.0000 125.1506
v  899.1373 0.0000 123.0820
v  898.9207 0.0000 120.5411
v  897.3492 0.0000 119.1931
v  898.8054 0.0000 116.7635
v  896.9711 0.0000 114.8240
v  895.8879 0.0000 113.5535
v  894.5883 0.0000 112.6007
v  893.0719 0.0000 111.9654
v  891.3389 0.0000 111.6478
v  889.9738 0.0000 111.5926
v  889.1171 0.0000 111.6893
v  888.3254 0.0000 111.8828
v  887.1338 0.0000 111.8425
v  886.5309 0.0000 112.8978
v  885.9902 0.0000 113.4490
v  885.5145 0.0000 114.0969
v  885.1037 0.0000 114.8416
v  885.4683 0.0000 115.7141
v  904.7269 0.0000 137.8885
v  890.4237 0.0000 143.9132
v  890.6345 0.0000 143.6711
v  890.8662 0.0000 143.3078
v  892.0924 0.0000 143.0637
v  898.1355 0.0000 140.7144
v  907.1789 0.0000 135.9026
v  909.1700 0.0000 133.5365
v  911.5034 0.0000 130.7594
v  913.1039 0.0000 127.1176
v  913.4432 0.0000 123.5429
v  914.6306 0.0000 119.2989
v  914.5767 0.0000 113.9913
v  920.1969 0.0000 95.0441
v  919.6863 0.0000 95.3726
v  917.3235 0.0000 94.6202
v  916.3131 0.0000 95.8009
v  915.4659 0.0000 97.0288
v  914.1464 0.0000 98.3043
v  914.1050 0.0000 100.1454
v  913.7366 0.0000 101.9442
v  914.3676 0.0000 103.8251
v  912.9874 0.0000 107.9596
v  871.9540 10.0000 133.7482
v  872.1476 10.0000 133.4965
v  871.8348 10.0000 132.1494
v  872.5391 10.0000 131.4005
v  873.5983 10.0000 131.4068
v  874.4639 10.0000 130.9512
v  875.4468 10.0000 131.2335
v  876.2154 10.0000 132.5895
v  876.9368 10.0000 132.0835
v  878.2304 10.0000 132.1509
v  878.9124 10.0000 133.1148
v  879.4124 10.0000 133.7297
v  879.7874 10.0000 134.4676
v  880.0374 10.0000 135.3285
v  880.1624 10.0000 136.3124
v  880.1644 10.0000 137.3353
v  880.0472 10.0000 138.2823
v  879.8130 10.0000 139.1227
v  879.4617 10.0000 139.8563
v  879.0750 10.0000 140.9684
v  877.9402 10.0000 141.3036
v  877.1597 10.0000 141.6481
v  876.2620 10.0000 141.8860
v  875.2211 10.0000 141.9707
v  874.5677 10.0000 141.2642
v  873.8396 10.0000 141.8649
v  872.8600 10.0000 141.6535
v  871.9612 10.0000 141.3363
v  871.9026 10.0000 140.4208
v  870.3434 10.0000 140.9082
v  869.7496 10.0000 139.7503
v  869.1740 10.0000 139.0101
v  867.7552 10.0000 137.9989
v  863.2695 10.0000 126.2941
v  868.6340 10.0000 125.0906
v  868.4999 10.0000 124.3643
v  868.3824 10.0000 123.7063
v  868.2819 10.0000 123.1164
v  868.1980 10.0000 122.5948
v  868.1309 10.0000 122.1415
v  868.0806 10.0000 121.7564
v  868.0471 10.0000 121.4395
v  868.0303 10.0000 121.1909
v  868.0481 10.0000 120.3503
v  868.1363 10.0000 118.9699
v  868.3126 10.0000 117.7620
v  868.5771 10.0000 116.7267
v  868.0065 10.0000 115.0626
v  868.3232 10.0000 112.9295
v  870.4749 10.0000 111.9555
v  872.2247 10.0000 111.3179
v  874.2158 10.0000 111.0724
v  875.7645 10.0000 111.6593
v  876.2263 10.0000 112.6138
v  876.9309 10.0000 111.8719
v  877.7662 10.0000 112.1520
v  878.5275 10.0000 112.5255
v  879.2149 10.0000 112.9923
v  879.8284 10.0000 113.5526
v  880.3679 10.0000 114.2062
v  880.1343 10.0000 115.1691
v  881.0082 10.0000 115.1814
v  880.7416 10.0000 116.1792
v  883.0145 10.0000 116.8907
v  883.0314 10.0000 118.0617
v  885.2618 10.0000 116.0542
v  885.4683 10.0000 115.7141
v  885.1037 10.0000 114.8416
v  885.5145 10.0000 114.0969
v  885.9902 10.0000 113.4490
v  886.5309 10.0000 112.8978
v  887.1338 10.0000 111.8425
v  888.3254 10.0000 111.8828
v  889.1171 10.0000 111.6893
v  889.9738 10.0000 111.5926
v  891.3389 10.0000 111.6478
v  893.0719 10.0000 111.9654
v  894.5883 10.0000 112.6007
v  895.8879 10.0000 113.5535
v  896.9711 10.0000 114.8240
v  898.8054 10.0000 116.7635
v  897.3492 10.0000 119.1931
v  898.9207 10.0000 120.5411
v  899.1373 10.0000 123.0820
v  899.1738 10.0000 125.1506
v  899.1031 10.0000 126.5698
v  898.9617 10.0000 127.9529
v  898.7496 10.0000 129.2997
v  899.1379 10.0000 131.0703
v  898.6874 10.0000 133.2841
v  895.8748 10.0000 133.7017
v  895.5974 10.0000 134.7067
v  895.2804 10.0000 135.7541
v  894.9388 10.0000 136.8029
v  894.6030 10.0000 137.7716
v  912.9874 10.0000 107.9596
v  892.3387 10.0000 142.1417
v  914.3676 10.0000 103.8251
v  914.5767 10.0000 113.9913
v  914.6306 10.0000 119.2989
v  913.4432 10.0000 123.5429
v  913.1039 10.0000 127.1176
v  911.5034 10.0000 130.7594
v  909.1700 10.0000 133.5365
v  907.1789 10.0000 135.9026
v  904.7269 10.0000 137.8885
v  898.2335 10.0000 140.4722
v  913.7366 10.0000 101.9442
v  914.1050 10.0000 100.1454
v  914.1464 10.0000 98.3043
v  915.4659 10.0000 97.0288
v  916.3131 10.0000 95.8009
v  917.3235 10.0000 94.6202
v  919.6863 10.0000 95.3726
v  920.1969 10.0000 95.0441
v  892.0924 10.0000 143.0637
v  890.8662 10.0000 143.3078
v  890.6345 10.0000 143.6711
v  890.4237 10.0000 143.9132
v  890.2336 10.0000 144.0343
v  883.0251 10.0000 118.5965
v  883.0166 10.0000 119.1415
v  883.0059 10.0000 119.6965
v  882.9929 10.0000 120.2616
v  882.9602 10.0000 121.0992
v  883.7170 10.0000 120.6525
# 1126 vertices

vn 0.6947 -0.7077 -0.1282
vn 0.6954 -0.7079 -0.1239
vn 0.9839 0.0000 -0.1788
vn 0.6954 0.7079 -0.1239
vn 0.6947 0.7077 -0.1282
vn 0.6961 -0.7081 -0.1186
vn 0.9851 0.0000 -0.1721
vn 0.6961 0.7081 -0.1186
vn 0.6970 -0.7083 -0.1118
vn 0.9865 0.0000 -0.1637
vn 0.6970 0.7083 -0.1118
vn 0.6979 -0.7087 -0.1029
vn 0.9882 0.0000 -0.1530
vn 0.6979 0.7087 -0.1029
vn 0.6990 -0.7094 -0.0907
vn 0.9903 0.0000 -0.1387
vn 0.6990 0.7094 -0.0907
vn 0.6999 -0.7105 -0.0729
vn 0.9929 0.0000 -0.1186
vn 0.6999 0.7105 -0.0729
vn 0.7000 -0.7127 -0.0448
vn 0.9961 0.0000 -0.0886
vn 0.7000 0.7127 -0.0448
vn 0.6992 -0.7150 -0.0032
vn 0.9992 0.0000 -0.0391
vn 0.6992 0.7150 -0.0032
vn 0.6973 -0.7153 0.0460
vn 0.9995 0.0000 0.0300
vn 0.6973 0.7153 0.0460
vn 0.6888 -0.7176 0.1026
vn 0.9948 0.0000 0.1017
vn 0.6888 0.7176 0.1026
vn 0.6708 -0.7209 0.1743
vn 0.9812 0.0000 0.1928
vn 0.6708 0.7209 0.1743
vn 0.6358 -0.7253 0.2639
vn 0.9510 0.0000 0.3092
vn 0.6358 0.7253 0.2639
vn 0.5731 -0.7308 0.3709
vn 0.8905 0.0000 0.4550
vn 0.5731 0.7308 0.3709
vn 0.4711 -0.7362 0.4860
vn 0.7798 0.0000 0.6261
vn 0.4711 0.7362 0.4860
vn 0.3284 -0.7390 0.5883
vn 0.6014 0.0000 0.7989
vn 0.3284 0.7390 0.5883
vn 0.1631 -0.7373 0.6556
vn 0.3645 0.0000 0.9312
vn 0.1631 0.7373 0.6556
vn 0.0225 -0.7260 0.6873
vn 0.1144 0.0000 0.9934
vn 0.0225 0.7260 0.6873
vn -0.0699 -0.7189 0.6916
vn -0.0491 0.0000 0.9988
vn -0.0699 0.7189 0.6916
vn -0.1422 -0.7195 0.6798
vn -0.1516 0.0000 0.9884
vn -0.1422 0.7195 0.6798
vn -0.2154 -0.7198 0.6600
vn -0.2573 0.0000 0.9663
vn -0.2154 0.7198 0.6600
vn -0.2869 -0.7198 0.6322
vn -0.3623 0.0000 0.9320
vn -0.2869 0.7198 0.6322
vn -0.3543 -0.7195 0.5974
vn -0.4630 0.0000 0.8864
vn -0.3543 0.7195 0.5974
vn -0.4156 -0.7189 0.5573
vn -0.5558 0.0000 0.8313
vn -0.4156 0.7189 0.5573
vn -0.4695 -0.7181 0.5137
vn -0.6382 0.0000 0.7698
vn -0.4695 0.7181 0.5137
vn -0.5156 -0.7172 0.4687
vn -0.7094 0.0000 0.7048
vn -0.5156 0.7172 0.4687
vn -0.5540 -0.7161 0.4246
vn -0.7691 0.0000 0.6392
vn -0.5540 0.7161 0.4246
vn -0.5855 -0.7158 0.3806
vn -0.8171 0.0000 0.5766
vn -0.5855 0.7158 0.3806
vn -0.6128 -0.7159 0.3347
vn -0.8585 0.0000 0.5128
vn -0.6128 0.7159 0.3347
vn -0.6367 -0.7158 0.2867
vn -0.8954 0.0000 0.4453
vn -0.6367 0.7158 0.2867
vn -0.6568 -0.7157 0.2375
vn -0.9269 0.0000 0.3754
vn -0.6568 0.7157 0.2375
vn -0.6729 -0.7155 0.1878
vn -0.9526 0.0000 0.3042
vn -0.6729 0.7155 0.1878
vn -0.6850 -0.7152 0.1385
vn -0.9725 0.0000 0.2330
vn -0.6850 0.7152 0.1385
vn -0.6934 -0.7149 0.0905
vn -0.9866 0.0000 0.1632
vn -0.6934 0.7149 0.0905
vn -0.6983 -0.7145 0.0443
vn -0.9954 0.0000 0.0955
vn -0.6983 0.7145 0.0443
vn -0.5675 -0.5790 0.5854
vn -0.9995 0.0000 0.0310
vn -0.5675 0.5790 0.5854
vn 0.5668 -0.5791 0.5860
vn 0.0000 0.0000 1.0000
vn 0.5668 0.5791 0.5860
vn 0.6980 -0.7146 0.0464
vn 0.9994 0.0000 0.0332
vn 0.6980 0.7146 0.0464
vn 0.6935 -0.7145 0.0922
vn 0.9951 0.0000 0.0993
vn 0.6935 0.7145 0.0922
vn 0.6863 -0.7144 0.1368
vn 0.9865 0.0000 0.1640
vn 0.6863 0.7144 0.1368
vn 0.6765 -0.7142 0.1798
vn 0.9740 0.0000 0.2267
vn 0.6765 0.7142 0.1798
vn 0.6645 -0.7139 0.2208
vn 0.9580 0.0000 0.2868
vn 0.6645 0.7139 0.2208
vn 0.6507 -0.7136 0.2595
vn 0.9391 0.0000 0.3436
vn 0.6507 0.7136 0.2595
vn 0.6354 -0.7133 0.2957
vn 0.9179 0.0000 0.3969
vn 0.6354 0.7133 0.2957
vn 0.6191 -0.7130 0.3292
vn 0.8948 0.0000 0.4465
vn 0.6191 0.7130 0.3292
vn 0.5982 -0.7142 0.3634
vn 0.8704 0.0000 0.4923
vn 0.5982 0.7142 0.3634
vn 0.5681 -0.7166 0.4047
vn 0.8380 0.0000 0.5457
vn 0.5681 0.7166 0.4047
vn 0.5288 -0.7179 0.4527
vn 0.7896 0.0000 0.6137
vn 0.5288 0.7179 0.4527
vn 0.4796 -0.7193 0.5026
vn 0.7280 0.0000 0.6856
vn 0.4796 0.7193 0.5026
vn 0.4195 -0.7206 0.5520
vn 0.6509 0.0000 0.7592
vn 0.4195 0.7206 0.5520
vn 0.3483 -0.7217 0.5982
vn 0.5571 0.0000 0.8305
vn 0.3483 0.7217 0.5982
vn 0.2673 -0.7224 0.6377
vn 0.4472 0.0000 0.8945
vn 0.2673 0.7224 0.6377
vn 0.1795 -0.7226 0.6676
vn 0.3242 0.0000 0.9460
vn 0.1795 0.7226 0.6676
vn 0.0892 -0.7222 0.6859
vn 0.1939 0.0000 0.9810
vn 0.0892 0.7222 0.6859
vn -0.0196 -0.7284 0.6849
vn 0.0633 0.0000 0.9980
vn -0.0196 0.7284 0.6849
vn -0.1706 -0.7387 0.6520
vn -0.1204 0.0000 0.9927
vn -0.1706 0.7387 0.6520
vn -0.3406 -0.7398 0.5802
vn -0.3813 0.0000 0.9245
vn -0.3406 0.7398 0.5802
vn -0.4832 -0.7362 0.4739
vn -0.6214 0.0000 0.7835
vn -0.4832 0.7362 0.4739
vn -0.5819 -0.7302 0.3579
vn -0.7954 0.0000 0.6061
vn -0.5819 0.7302 0.3579
vn -0.6411 -0.7246 0.2527
vn -0.8998 0.0000 0.4364
vn -0.6411 0.7246 0.2527
vn -0.6735 -0.7203 0.1662
vn -0.9555 0.0000 0.2949
vn -0.6735 0.7203 0.1662
vn -0.6901 -0.7171 0.0976
vn -0.9830 0.0000 0.1834
vn -0.6901 0.7171 0.0976
vn -0.6979 -0.7149 0.0437
vn -0.9953 0.0000 0.0965
vn -0.6979 0.7149 0.0437
vn -0.7007 -0.7134 0.0005
vn -0.9996 0.0000 0.0285
vn -0.7007 0.7134 0.0005
vn -0.7005 -0.7127 -0.0365
vn -0.9996 0.0000 -0.0271
vn -0.7005 0.7127 -0.0365
vn -0.6986 -0.7121 -0.0694
vn -0.9970 0.0000 -0.0768
vn -0.6986 0.7121 -0.0694
vn -0.6957 -0.7116 -0.0986
vn -0.9927 0.0000 -0.1208
vn -0.6957 0.7116 -0.0986
vn -0.6920 -0.7111 -0.1246
vn -0.9871 0.0000 -0.1598
vn -0.6920 0.7111 -0.1246
vn -0.6878 -0.7107 -0.1478
vn -0.9809 0.0000 -0.1945
vn -0.6878 0.7107 -0.1478
vn -0.6834 -0.7103 -0.1685
vn -0.9742 0.0000 -0.2255
vn -0.6834 0.7103 -0.1685
vn -0.6789 -0.7100 -0.1871
vn -0.9674 0.0000 -0.2533
vn -0.6789 0.7100 -0.1871
vn -0.6743 -0.7098 -0.2039
vn -0.9605 0.0000 -0.2782
vn -0.6743 0.7098 -0.2039
vn -0.6703 -0.7093 -0.2184
vn -0.9537 0.0000 -0.3006
vn -0.6703 0.7093 -0.2184
vn -0.6659 -0.7093 -0.2313
vn -0.9478 0.0000 -0.3189
vn -0.6659 0.7093 -0.2313
vn -0.6599 -0.7100 -0.2459
vn -0.9414 0.0000 -0.3373
vn -0.6599 0.7100 -0.2459
vn -0.6515 -0.7109 -0.2648
vn -0.9326 0.0000 -0.3609
vn -0.6515 0.7109 -0.2648
vn -0.6390 -0.7124 -0.2901
vn -0.9200 0.0000 -0.3920
vn -0.6390 0.7124 -0.2901
vn -0.6187 -0.7150 -0.3255
vn -0.9006 0.0000 -0.4346
vn -0.6187 0.7150 -0.3255
vn -0.5824 -0.7199 -0.3775
vn -0.8683 0.0000 -0.4961
vn -0.5824 0.7199 -0.3775
vn -0.5074 -0.7307 -0.4568
vn -0.8073 0.0000 -0.5901
vn -0.5074 0.7307 -0.4568
vn -0.3312 -0.7561 -0.5645
vn -0.6715 0.0000 -0.7410
vn -0.3312 0.7561 -0.5645
vn -0.8298 -0.5385 0.1468
vn -0.3194 0.0000 -0.9476
vn -0.8298 0.5385 0.1468
vn 0.0377 -0.7009 0.7122
vn 0.0251 0.0000 0.9997
vn 0.0377 0.7009 0.7122
vn 0.0800 -0.7000 0.7096
vn 0.0805 0.0000 0.9968
vn 0.0800 0.7000 0.7096
vn 0.1283 -0.6990 0.7035
vn 0.1435 0.0000 0.9896
vn 0.1283 0.6990 0.7035
vn 0.1829 -0.6979 0.6925
vn 0.2150 0.0000 0.9766
vn 0.1829 0.6979 0.6925
vn 0.2440 -0.6966 0.6747
vn 0.2953 0.0000 0.9554
vn 0.2440 0.6966 0.6747
vn 0.3109 -0.6953 0.6480
vn 0.3841 0.0000 0.9233
vn 0.3109 0.6953 0.6480
vn 0.3820 -0.6941 0.6102
vn 0.4799 0.0000 0.8773
vn 0.3820 0.6941 0.6102
vn 0.4543 -0.6931 0.5597
vn 0.5795 0.0000 0.8149
vn 0.4543 0.6931 0.5597
vn 0.5085 -0.6975 0.5050
vn 0.6783 0.0000 0.7348
vn 0.5085 0.6975 0.5050
vn 0.5370 -0.7022 0.4676
vn 0.7395 0.0000 0.6731
vn 0.5370 0.7022 0.4676
vn 0.5582 -0.7018 0.4426
vn 0.7685 0.0000 0.6399
vn 0.5582 0.7018 0.4426
vn 0.5800 -0.7013 0.4144
vn 0.7982 0.0000 0.6023
vn 0.5800 0.7013 0.4144
vn 0.6021 -0.7008 0.3826
vn 0.8285 0.0000 0.5600
vn 0.6021 0.7008 0.3826
vn 0.6239 -0.7003 0.3468
vn 0.8588 0.0000 0.5123
vn 0.6239 0.7003 0.3468
vn 0.6451 -0.6998 0.3068
vn 0.8885 0.0000 0.4589
vn 0.6451 0.6998 0.3068
vn 0.6649 -0.6993 0.2625
vn 0.9167 0.0000 0.3996
vn 0.6649 0.6993 0.2625
vn 0.6826 -0.6988 0.2139
vn 0.9425 0.0000 0.3343
vn 0.6826 0.6988 0.2139
vn 0.6939 -0.7004 0.1672
vn 0.9647 0.0000 0.2633
vn 0.6939 0.7004 0.1672
vn 0.6982 -0.7033 0.1338
vn 0.9787 0.0000 0.2051
vn 0.6982 0.7033 0.1338
vn 0.7012 -0.7041 0.1122
vn 0.9852 0.0000 0.1713
vn 0.7012 0.7041 0.1122
vn 0.7031 -0.7047 0.0952
vn 0.9895 0.0000 0.1448
vn 0.7031 0.7047 0.0952
vn 0.7044 -0.7051 0.0815
vn 0.9923 0.0000 0.1236
vn 0.7044 0.7051 0.0815
vn 0.7053 -0.7055 0.0702
vn 0.9943 0.0000 0.1063
vn 0.7053 0.7055 0.0702
vn 0.7059 -0.7057 0.0607
vn 0.9958 0.0000 0.0918
vn 0.7059 0.7057 0.0607
vn 0.7063 -0.7059 0.0527
vn 0.9968 0.0000 0.0796
vn 0.7063 0.7059 0.0527
vn 0.7066 -0.7061 0.0457
vn 0.9976 0.0000 0.0691
vn 0.7066 0.7061 0.0457
vn 0.7002 -0.7117 0.0564
vn 0.9982 0.0000 0.0601
vn 0.7002 0.7117 0.0564
vn 0.6927 -0.7150 0.0945
vn 0.9949 0.0000 0.1005
vn 0.6927 0.7150 0.0945
vn 0.6820 -0.7165 0.1465
vn 0.9855 0.0000 0.1695
vn 0.6820 0.7165 0.1465
vn 0.6643 -0.7183 0.2068
vn 0.9682 0.0000 0.2502
vn 0.6643 0.7183 0.2068
vn 0.6367 -0.7203 0.2753
vn 0.9392 0.0000 0.3434
vn 0.6367 0.7203 0.2753
vn 0.5957 -0.7224 0.3510
vn 0.8935 0.0000 0.4490
vn 0.5957 0.7224 0.3510
vn 0.5382 -0.7245 0.4306
vn 0.8258 0.0000 0.5640
vn 0.5382 0.7245 0.4306
vn 0.4629 -0.7260 0.5086
vn 0.7315 0.0000 0.6819
vn 0.4629 0.7260 0.5086
vn 0.3717 -0.7267 0.5778
vn 0.6102 0.0000 0.7922
vn 0.3717 0.7267 0.5778
vn 0.8313 -0.5549 0.0325
vn 0.4679 0.0000 0.8838
vn 0.8313 0.5549 0.0325
vn -0.0923 -0.5893 -0.8026
vn 0.5355 0.0000 -0.8445
vn -0.0923 0.5893 -0.8026
vn -0.5165 -0.7029 -0.4890
vn -0.7132 0.0000 -0.7010
vn -0.5165 0.7029 -0.4890
vn -0.5355 -0.7026 -0.4687
vn -0.7390 0.0000 -0.6737
vn -0.5355 0.7026 -0.4687
vn -0.5550 -0.7022 -0.4460
vn -0.7656 0.0000 -0.6433
vn -0.5550 0.7022 -0.4460
vn -0.5750 -0.7018 -0.4205
vn -0.7930 0.0000 -0.6092
vn -0.5750 0.7018 -0.4205
vn -0.5952 -0.7014 -0.3921
vn -0.8208 0.0000 -0.5712
vn -0.5952 0.7014 -0.3921
vn -0.6153 -0.7010 -0.3604
vn -0.8488 0.0000 -0.5288
vn -0.6153 0.7010 -0.3604
vn -0.6351 -0.7006 -0.3253
vn -0.8763 0.0000 -0.4817
vn -0.6351 0.7006 -0.3253
vn -0.6539 -0.7002 -0.2867
vn -0.9029 0.0000 -0.4298
vn -0.6539 0.7002 -0.2867
vn -0.6747 -0.6981 -0.2398
vn -0.9279 0.0000 -0.3728
vn -0.6747 0.6981 -0.2398
vn -0.6904 -0.6989 -0.1867
vn -0.9551 0.0000 -0.2963
vn -0.6904 0.6989 -0.1867
vn -0.6986 -0.7012 -0.1423
vn -0.9743 0.0000 -0.2253
vn -0.6986 0.7012 -0.1423
vn -0.7030 -0.7027 -0.1098
vn -0.9848 0.0000 -0.1737
vn -0.7030 0.7027 -0.1098
vn -0.7054 -0.7037 -0.0851
vn -0.9909 0.0000 -0.1348
vn -0.7054 0.7037 -0.0851
vn -0.7067 -0.7044 -0.0658
vn -0.9945 0.0000 -0.1047
vn -0.7067 0.7044 -0.0658
vn -0.7075 -0.7049 -0.0503
vn -0.9967 0.0000 -0.0806
vn -0.7075 0.7049 -0.0503
vn -0.7079 -0.7053 -0.0375
vn -0.9981 0.0000 -0.0610
vn -0.7079 0.7053 -0.0375
vn -0.7081 -0.7056 -0.0269
vn -0.9990 0.0000 -0.0448
vn -0.7081 0.7056 -0.0269
vn -0.7042 -0.7094 -0.0290
vn -0.9995 0.0000 -0.0311
vn -0.7042 0.7094 -0.0290
vn -0.6985 -0.7134 -0.0554
vn -0.9987 0.0000 -0.0512
vn -0.6985 0.7134 -0.0554
vn -0.6919 -0.7151 -0.0992
vn -0.9943 0.0000 -0.1069
vn -0.6919 0.7151 -0.0992
vn -0.6794 -0.7175 -0.1540
vn -0.9843 0.0000 -0.1767
vn -0.6794 0.7175 -0.1540
vn -0.6563 -0.7207 -0.2231
vn -0.9642 0.0000 -0.2651
vn -0.6563 0.7207 -0.2231
vn -0.6153 -0.7252 -0.3090
vn -0.9260 0.0000 -0.3775
vn -0.6153 0.7252 -0.3090
vn -0.5452 -0.7307 -0.4108
vn -0.8558 0.0000 -0.5174
vn -0.5452 0.7307 -0.4108
vn -0.4346 -0.7364 -0.5185
vn -0.7333 0.0000 -0.6799
vn -0.4346 0.7364 -0.5185
vn -0.2830 -0.7395 -0.6108
vn -0.5415 0.0000 -0.8407
vn -0.2830 0.7395 -0.6108
vn 0.1113 -0.9916 -0.0666
vn -0.2913 0.0000 -0.9566
vn 0.1113 0.9916 -0.0666
vn 0.5471 -0.6906 0.4730
vn 0.7053 0.0000 0.7089
vn 0.5471 0.6906 0.4730
vn 0.6070 -0.6924 0.3901
vn 0.8033 0.0000 0.5955
vn 0.6070 0.6924 0.3901
vn 0.6491 -0.6943 0.3107
vn 0.8755 0.0000 0.4833
vn 0.6491 0.6943 0.3107
vn 0.6770 -0.6962 0.2388
vn 0.9255 0.0000 0.3789
vn 0.6770 0.6962 0.2388
vn 0.6944 -0.6978 0.1757
vn 0.9583 0.0000 0.2857
vn 0.6944 0.6978 0.1757
vn 0.7046 -0.6992 0.1213
vn 0.9789 0.0000 0.2045
vn 0.7046 0.6992 0.1213
vn 0.7099 -0.7004 0.0747
vn 0.9909 0.0000 0.1346
vn 0.7099 0.7004 0.0747
vn 0.7120 -0.7013 0.0348
vn 0.9972 0.0000 0.0745
vn 0.7120 0.7013 0.0348
vn 0.7148 -0.6992 -0.0089
vn 0.9997 0.0000 0.0230
vn 0.7148 0.6992 -0.0089
vn 0.7155 -0.6946 -0.0751
vn 0.9989 0.0000 -0.0478
vn 0.7155 0.6946 -0.0751
vn 0.7030 -0.6915 -0.1663
vn 0.9870 0.0000 -0.1606
vn 0.7030 0.6915 -0.1663
vn 0.6711 -0.6880 -0.2762
vn 0.9544 0.0000 -0.2986
vn 0.6711 0.6880 -0.2762
vn 0.6095 -0.6848 -0.3995
vn 0.8881 0.0000 -0.4597
vn 0.6095 0.6848 -0.3995
vn 0.5117 -0.6828 -0.5215
vn 0.7758 0.0000 -0.6310
vn 0.5117 0.6828 -0.5215
vn 0.3835 -0.6830 -0.6216
vn 0.6162 0.0000 -0.7876
vn 0.3835 0.6830 -0.6216
vn 0.2438 -0.6852 -0.6863
vn 0.4275 0.0000 -0.9040
vn 0.2438 0.6852 -0.6863
vn 0.1131 -0.6886 -0.7163
vn 0.2388 0.0000 -0.9711
vn 0.1131 0.6886 -0.7163
vn 0.0076 -0.6935 -0.7204
vn 0.0721 0.0000 -0.9974
vn 0.0076 0.6935 -0.7204
vn -0.0782 -0.6944 -0.7154
vn -0.0512 0.0000 -0.9987
vn -0.0782 0.6944 -0.7154
vn -0.1667 -0.6924 -0.7020
vn -0.1658 0.0000 -0.9862
vn -0.1667 0.6924 -0.7020
vn -0.2646 -0.6907 -0.6730
vn -0.2953 0.0000 -0.9554
vn -0.2646 0.6907 -0.6730
vn -0.3664 -0.6894 -0.6249
vn -0.4345 0.0000 -0.9007
vn -0.3664 0.6894 -0.6249
vn -0.4639 -0.6889 -0.5570
vn -0.5739 0.0000 -0.8189
vn -0.4639 0.6889 -0.5570
vn -0.5483 -0.6894 -0.4735
vn -0.7015 0.0000 -0.7126
vn -0.5483 0.6894 -0.4735
vn -0.6141 -0.6906 -0.3820
vn -0.8072 0.0000 -0.5903
vn -0.6141 0.6906 -0.3820
vn -0.6603 -0.6924 -0.2908
vn -0.8863 0.0000 -0.4631
vn -0.6603 0.6924 -0.2908
vn -0.0058 -0.9789 -0.2045
vn -0.9400 0.0000 -0.3411
vn -0.0058 0.9789 -0.2045
vn 0.6419 -0.6912 -0.3319
vn 0.9190 0.0000 -0.3942
vn 0.6419 0.6912 -0.3319
vn 0.5860 -0.6900 -0.4250
vn 0.8529 0.0000 -0.5221
vn 0.5860 0.6900 -0.4250
vn 0.5117 -0.6894 -0.5128
vn 0.7612 0.0000 -0.6485
vn 0.5117 0.6894 -0.5128
vn 0.4231 -0.6897 -0.5877
vn 0.6469 0.0000 -0.7626
vn 0.4231 0.6897 -0.5877
vn 0.3276 -0.6908 -0.6446
vn 0.5180 0.0000 -0.8554
vn 0.3276 0.6908 -0.6446
vn 0.2331 -0.6924 -0.6829
vn 0.3855 0.0000 -0.9227
vn 0.2331 0.6924 -0.6829
vn 0.1455 -0.6942 -0.7049
vn 0.2590 0.0000 -0.9659
vn 0.1455 0.6942 -0.7049
vn 0.0680 -0.6960 -0.7148
vn 0.1445 0.0000 -0.9895
vn 0.0680 0.6960 -0.7148
vn -0.0003 -0.6971 -0.7169
vn 0.0445 0.0000 -0.9990
vn -0.0003 0.6971 -0.7169
vn -0.0673 -0.6963 -0.7145
vn -0.0453 0.0000 -0.9990
vn -0.0673 0.6963 -0.7145
vn -0.1392 -0.6955 -0.7049
vn -0.1419 0.0000 -0.9899
vn -0.1392 0.6955 -0.7049
vn -0.2147 -0.6948 -0.6864
vn -0.2449 0.0000 -0.9695
vn -0.2147 0.6948 -0.6864
vn -0.2913 -0.6943 -0.6581
vn -0.3513 0.0000 -0.9363
vn -0.2913 0.6943 -0.6581
vn -0.3655 -0.6942 -0.6200
vn -0.4568 0.0000 -0.8896
vn -0.3655 0.6942 -0.6200
vn -0.4345 -0.6944 -0.5736
vn -0.5572 0.0000 -0.8304
vn -0.4345 0.6944 -0.5736
vn -0.4956 -0.6950 -0.5210
vn -0.6485 0.0000 -0.7612
vn -0.4956 0.6950 -0.5210
vn -0.5475 -0.6957 -0.4650
vn -0.7280 0.0000 -0.6856
vn -0.5475 0.6957 -0.4650
vn -0.5876 -0.6975 -0.4102
vn -0.7945 0.0000 -0.6073
vn -0.5876 0.6975 -0.4102
vn -0.6179 -0.6987 -0.3607
vn -0.8439 0.0000 -0.5365
vn -0.6179 0.6987 -0.3607
vn -0.6431 -0.6988 -0.3132
vn -0.8821 0.0000 -0.4710
vn -0.6431 0.6988 -0.3132
vn -0.6642 -0.6990 -0.2649
vn -0.9148 0.0000 -0.4039
vn -0.6642 0.6990 -0.2649
vn -0.6812 -0.6993 -0.2168
vn -0.9417 0.0000 -0.3364
vn -0.6812 0.6993 -0.2168
vn -0.6941 -0.6996 -0.1695
vn -0.9630 0.0000 -0.2697
vn -0.6941 0.6996 -0.1695
vn -0.7033 -0.7000 -0.1239
vn -0.9788 0.0000 -0.2046
vn -0.7033 0.7000 -0.1239
vn -0.7092 -0.7004 -0.0802
vn -0.9899 0.0000 -0.1421
vn -0.7092 0.7004 -0.0802
vn -0.7122 -0.7008 -0.0390
vn -0.9966 0.0000 -0.0826
vn -0.7122 0.7008 -0.0390
vn -0.7132 -0.7010 0.0005
vn -0.9996 0.0000 -0.0266
vn -0.7132 0.7010 0.0005
vn -0.7124 -0.7006 0.0410
vn -0.9996 0.0000 0.0281
vn -0.7124 0.7006 0.0410
vn -0.7090 -0.7002 0.0838
vn -0.9962 0.0000 0.0867
vn -0.7090 0.7002 0.0838
vn -0.7026 -0.6999 0.1284
vn -0.9890 0.0000 0.1479
vn -0.7026 0.6999 0.1284
vn -0.6929 -0.6997 0.1742
vn -0.9774 0.0000 0.2113
vn -0.6929 0.6997 0.1742
vn -0.6797 -0.6995 0.2208
vn -0.9611 0.0000 0.2762
vn -0.6797 0.6995 0.2208
vn -0.6629 -0.6993 0.2675
vn -0.9399 0.0000 0.3415
vn -0.6629 0.6993 0.2675
vn -0.6425 -0.6992 0.3135
vn -0.9137 0.0000 0.4064
vn -0.6425 0.6992 0.3135
vn -0.6188 -0.6992 0.3580
vn -0.8827 0.0000 0.4699
vn -0.6188 0.6992 0.3580
vn -0.5901 -0.6975 0.4066
vn -0.8473 0.0000 0.5311
vn -0.5901 0.6975 0.4066
vn -0.5493 -0.6950 0.4640
vn -0.7981 0.0000 0.6026
vn -0.5493 0.6950 0.4640
vn -0.4942 -0.6944 0.5231
vn -0.7275 0.0000 0.6861
vn -0.4942 0.6944 0.5231
vn -0.4300 -0.6940 0.5775
vn -0.6437 0.0000 0.7653
vn -0.4300 0.6940 0.5775
vn -0.3586 -0.6940 0.6243
vn -0.5486 0.0000 0.8361
vn -0.3586 0.6940 0.6243
vn -0.2831 -0.6943 0.6616
vn -0.4457 0.0000 0.8952
vn -0.2831 0.6943 0.6616
vn -0.2069 -0.6950 0.6886
vn -0.3397 0.0000 0.9405
vn -0.2069 0.6950 0.6886
vn -0.1330 -0.6959 0.7058
vn -0.2349 0.0000 0.9720
vn -0.1330 0.6959 0.7058
vn -0.0639 -0.6968 0.7144
vn -0.1351 0.0000 0.9908
vn -0.0639 0.6968 0.7144
vn 0.0540 -0.6818 0.7295
vn -0.0429 0.0000 0.9991
vn 0.0540 0.6818 0.7295
vn 0.1840 -0.6923 0.6977
vn 0.1896 0.0000 0.9819
vn 0.1840 0.6923 0.6977
vn 0.2847 -0.6897 0.6657
vn 0.3192 0.0000 0.9477
vn 0.2847 0.6897 0.6657
vn 0.3939 -0.6874 0.6101
vn 0.4647 0.0000 0.8855
vn 0.3939 0.6874 0.6101
vn 0.5009 -0.6861 0.5276
vn 0.6156 0.0000 0.7880
vn 0.5009 0.6861 0.5276
vn 0.5924 -0.6862 0.4222
vn 0.7550 0.0000 0.6557
vn 0.5924 0.6862 0.4222
vn 0.6587 -0.6876 0.3055
vn 0.8662 0.0000 0.4997
vn 0.6587 0.6876 0.3055
vn 0.6982 -0.6900 0.1911
vn 0.9410 0.0000 0.3384
vn 0.6982 0.6900 0.1911
vn 0.7159 -0.6926 0.0886
vn 0.9822 0.0000 0.1880
vn 0.7159 0.6926 0.0886
vn 0.7197 -0.6942 -0.0007
vn 0.9984 0.0000 0.0572
vn 0.7197 0.6942 -0.0007
vn 0.7161 -0.6917 -0.0928
vn 0.9983 0.0000 -0.0591
vn 0.7161 0.6917 -0.0928
vn 0.6963 -0.6884 -0.2032
vn 0.9803 0.0000 -0.1974
vn 0.6963 0.6884 -0.2032
vn 0.6495 -0.6853 -0.3295
vn 0.9326 0.0000 -0.3610
vn 0.6495 0.6853 -0.3295
vn 0.5681 -0.6833 -0.4586
vn 0.8421 0.0000 -0.5394
vn 0.5681 0.6833 -0.4586
vn 0.4550 -0.6834 -0.5709
vn 0.7048 0.0000 -0.7094
vn 0.4550 0.6834 -0.5709
vn 0.3261 -0.6854 -0.6510
vn 0.5344 0.0000 -0.8452
vn 0.3261 0.6854 -0.6510
vn 0.2008 -0.6886 -0.6968
vn 0.3569 0.0000 -0.9341
vn 0.2008 0.6886 -0.6968
vn 0.0916 -0.6919 -0.7161
vn 0.1949 0.0000 -0.9808
vn 0.0916 0.6919 -0.7161
vn 0.0132 -0.6982 -0.7158
vn 0.0583 0.0000 -0.9983
vn 0.0132 0.6982 -0.7158
vn -0.0282 -0.7031 -0.7106
vn -0.0216 0.0000 -0.9998
vn -0.0282 0.7031 -0.7106
vn -0.0514 -0.7038 -0.7085
vn -0.0578 0.0000 -0.9983
vn -0.0514 0.7038 -0.7085
vn -0.0701 -0.7044 -0.7063
vn -0.0869 0.0000 -0.9962
vn -0.0701 0.7044 -0.7063
vn -0.0855 -0.7049 -0.7042
vn -0.1107 0.0000 -0.9939
vn -0.0855 0.7049 -0.7042
vn -0.0985 -0.7052 -0.7021
vn -0.1305 0.0000 -0.9914
vn -0.0985 0.7052 -0.7021
vn -0.1094 -0.7055 -0.7002
vn -0.1472 0.0000 -0.9891
vn -0.1094 0.7055 -0.7002
vn -0.1188 -0.7057 -0.6985
vn -0.1615 0.0000 -0.9869
vn -0.1188 0.7057 -0.6985
vn -0.1270 -0.7059 -0.6969
vn -0.1739 0.0000 -0.9848
vn -0.1270 0.7059 -0.6969
vn -0.1426 -0.7035 -0.6963
vn -0.1846 0.0000 -0.9828
vn -0.1426 0.7035 -0.6963
vn -0.1744 -0.7007 -0.6918
vn -0.2166 0.0000 -0.9763
vn -0.1744 0.7007 -0.6918
vn -0.2147 -0.7004 -0.6807
vn -0.2722 0.0000 -0.9623
vn -0.2147 0.7004 -0.6807
vn -0.2557 -0.7002 -0.6666
vn -0.3291 0.0000 -0.9443
vn -0.2557 0.7002 -0.6666
vn -0.2971 -0.7000 -0.6494
vn -0.3869 0.0000 -0.9221
vn -0.2971 0.7000 -0.6494
vn -0.3383 -0.6999 -0.6291
vn -0.4447 0.0000 -0.8957
vn -0.3383 0.6999 -0.6291
vn -0.3787 -0.6998 -0.6057
vn -0.5019 0.0000 -0.8649
vn -0.3787 0.6998 -0.6057
vn -0.4177 -0.6998 -0.5795
vn -0.5577 0.0000 -0.8301
vn -0.4177 0.6998 -0.5795
vn -0.4549 -0.6998 -0.5508
vn -0.6112 0.0000 -0.7915
vn -0.4549 0.6998 -0.5508
vn 0.0921 -0.9590 -0.2680
vn -0.6618 0.0000 -0.7497
vn 0.0921 0.9590 -0.2680
vn 0.9829 0.0000 -0.1842
vn -0.0851 -0.7225 0.6862
vn -0.1850 -0.7261 0.6623
vn -0.1891 0.0000 0.9820
vn -0.1850 0.7261 0.6623
vn -0.0851 0.7225 0.6862
vn -0.2988 -0.7297 0.6151
vn -0.3473 0.0000 0.9378
vn -0.2988 0.7297 0.6151
vn -0.4165 -0.7323 0.5388
vn -0.5224 0.0000 0.8527
vn -0.4165 0.7323 0.5388
vn -0.5230 -0.7327 0.4354
vn -0.6936 0.0000 0.7204
vn -0.5230 0.7327 0.4354
vn -0.6049 -0.7308 0.3165
vn -0.8343 0.0000 0.5514
vn -0.6049 0.7308 0.3165
vn -0.6571 -0.7273 0.1978
vn -0.9286 0.0000 0.3710
vn -0.6571 0.7273 0.1978
vn -0.6841 -0.7236 0.0915
vn -0.9791 0.0000 0.2034
vn -0.6841 0.7236 0.0915
vn -0.6928 -0.7211 -0.0000
vn -0.9981 0.0000 0.0610
vn -0.6928 0.7211 -0.0000
vn -0.6841 -0.7236 -0.0915
vn -0.6841 0.7236 -0.0915
vn -0.6571 -0.7273 -0.1978
vn -0.9791 0.0000 -0.2034
vn -0.6571 0.7273 -0.1978
vn -0.6048 -0.7308 -0.3165
vn -0.9286 0.0000 -0.3710
vn -0.6048 0.7308 -0.3165
vn -0.5230 -0.7327 -0.4354
vn -0.8342 0.0000 -0.5514
vn -0.5230 0.7327 -0.4354
vn -0.4165 -0.7323 -0.5388
vn -0.6936 0.0000 -0.7204
vn -0.4165 0.7323 -0.5388
vn -0.2988 -0.7297 -0.6151
vn -0.5224 0.0000 -0.8527
vn -0.2988 0.7297 -0.6151
vn -0.1850 -0.7261 -0.6623
vn -0.3473 0.0000 -0.9378
vn -0.1850 0.7261 -0.6623
vn -0.0851 -0.7225 -0.6862
vn -0.1891 0.0000 -0.9820
vn -0.0851 0.7225 -0.6862
vn 0.0016 -0.7206 -0.6934
vn -0.0565 0.0000 -0.9984
vn 0.0016 0.7206 -0.6934
vn 0.0916 -0.7237 -0.6840
vn 0.0611 0.0000 -0.9981
vn 0.0916 0.7237 -0.6840
vn 0.1981 -0.7274 -0.6570
vn 0.2037 0.0000 -0.9790
vn 0.1981 0.7274 -0.6570
vn 0.3168 -0.7308 -0.6046
vn 0.3715 0.0000 -0.9285
vn 0.3168 0.7308 -0.6046
vn 0.4358 -0.7327 -0.5227
vn 0.5520 0.0000 -0.8339
vn 0.4358 0.7327 -0.5227
vn 0.5391 -0.7323 -0.4161
vn 0.7209 0.0000 -0.6930
vn 0.5391 0.7323 -0.4161
vn 0.6152 -0.7297 -0.2984
vn 0.8530 0.0000 -0.5219
vn 0.6152 0.7297 -0.2984
vn 0.6624 -0.7260 -0.1848
vn 0.9379 0.0000 -0.3468
vn 0.6624 0.7260 -0.1848
vn 0.6862 -0.7224 -0.0850
vn 0.9820 0.0000 -0.1888
vn 0.6862 0.7224 -0.0850
vn 0.6939 -0.7200 -0.0000
vn 0.9984 0.0000 -0.0565
vn 0.6939 0.7200 -0.0000
vn 0.6862 -0.7224 0.0850
vn 0.9984 0.0000 0.0565
vn 0.6862 0.7224 0.0850
vn 0.6624 -0.7260 0.1848
vn 0.9820 0.0000 0.1888
vn 0.6624 0.7260 0.1848
vn 0.6152 -0.7297 0.2984
vn 0.9379 0.0000 0.3468
vn 0.6152 0.7297 0.2984
vn 0.5391 -0.7323 0.4161
vn 0.8530 0.0000 0.5219
vn 0.5391 0.7323 0.4161
vn 0.4358 -0.7327 0.5227
vn 0.7209 0.0000 0.6930
vn 0.4358 0.7327 0.5227
vn 0.3168 -0.7308 0.6046
vn 0.5520 0.0000 0.8339
vn 0.3168 0.7308 0.6046
vn 0.1981 -0.7274 0.6570
vn 0.3715 0.0000 0.9285
vn 0.1981 0.7274 0.6570
vn 0.0916 -0.7237 0.6840
vn 0.2037 0.0000 0.9790
vn 0.0916 0.7237 0.6840
vn 0.0016 -0.7206 0.6934
vn 0.0611 0.0000 0.9981
vn 0.0016 0.7206 0.6934
vn -0.0565 0.0000 0.9984
vn 0.0000 -1.0000 -0.0000
vn 0.0000 1.0000 -0.0000
# 871 vertex normals

o Number_7
g Number_7
s 1
f 1//1 2//2 3//3 
f 2//2 4//4 3//3 
f 4//4 5//5 3//3 
f 5//5 1//1 3//3 
s 3
f 2//2 6//6 7//7 
f 6//6 8//8 7//7 
f 8//8 4//4 7//7 
f 4//4 2//2 7//7 
s 2
f 6//6 9//9 10//10 
f 9//9 11//11 10//10 
f 11//11 8//8 10//10 
f 8//8 6//6 10//10 
f 9//9 12//12 13//13 
f 12//12 14//14 13//13 
f 14//14 11//11 13//13 
f 11//11 9//9 13//13 
f 12//12 15//15 16//16 
f 15//15 17//17 16//16 
f 17//17 14//14 16//16 
f 14//14 12//12 16//16 
f 15//15 18//18 19//19 
f 18//18 20//20 19//19 
f 20//20 17//17 19//19 
f 17//17 15//15 19//19 
f 18//18 21//21 22//22 
f 21//21 23//23 22//22 
f 23//23 20//20 22//22 
f 20//20 18//18 22//22 
f 21//21 24//24 25//25 
f 24//24 26//26 25//25 
f 26//26 23//23 25//25 
f 23//23 21//21 25//25 
f 24//24 27//27 28//28 
f 27//27 29//29 28//28 
f 29//29 26//26 28//28 
f 26//26 24//24 28//28 
f 27//27 30//30 31//31 
f 30//30 32//32 31//31 
f 32//32 29//29 31//31 
f 29//29 27//27 31//31 
f 30//30 33//33 34//34 
f 33//33 35//35 34//34 
f 35//35 32//32 34//34 
f 32//32 30//30 34//34 
f 33//33 36//36 37//37 
f 36//36 38//38 37//37 
f 38//38 35//35 37//37 
f 35//35 33//33 37//37 
f 36//36 39//39 40//40 
f 39//39 41//41 40//40 
f 41//41 38//38 40//40 
f 38//38 36//36 40//40 
f 39//39 42//42 43//43 
f 42//42 44//44 43//43 
f 44//44 41//41 43//43 
f 41//41 39//39 43//43 
f 42//42 45//45 46//46 
f 45//45 47//47 46//46 
f 47//47 44//44 46//46 
f 44//44 42//42 46//46 
f 45//45 48//48 49//49 
f 48//48 50//50 49//49 
f 50//50 47//47 49//49 
f 47//47 45//45 49//49 
f 48//48 51//51 52//52 
f 51//51 53//53 52//52 
f 53//53 50//50 52//52 
f 50//50 48//48 52//52 
f 51//51 54//54 55//55 
f 54//54 56//56 55//55 
f 56//56 53//53 55//55 
f 53//53 51//51 55//55 
f 54//54 57//57 58//58 
f 57//57 59//59 58//58 
f 59//59 56//56 58//58 
f 56//56 54//54 58//58 
f 57//57 60//60 61//61 
f 60//60 62//62 61//61 
f 62//62 59//59 61//61 
f 59//59 57//57 61//61 
f 60//60 63//63 64//64 
f 63//63 65//65 64//64 
f 65//65 62//62 64//64 
f 62//62 60//60 64//64 
f 63//63 66//66 67//67 
f 66//66 68//68 67//67 
f 68//68 65//65 67//67 
f 65//65 63//63 67//67 
f 66//66 69//69 70//70 
f 69//69 71//71 70//70 
f 71//71 68//68 70//70 
f 68//68 66//66 70//70 
f 69//69 72//72 73//73 
f 72//72 74//74 73//73 
f 74//74 71//71 73//73 
f 71//71 69//69 73//73 
f 72//72 75//75 76//76 
f 75//75 77//77 76//76 
f 77//77 74//74 76//76 
f 74//74 72//72 76//76 
f 75//75 78//78 79//79 
f 78//78 80//80 79//79 
f 80//80 77//77 79//79 
f 77//77 75//75 79//79 
f 78//78 81//81 82//82 
f 81//81 83//83 82//82 
f 83//83 80//80 82//82 
f 80//80 78//78 82//82 
f 81//81 84//84 85//85 
f 84//84 86//86 85//85 
f 86//86 83//83 85//85 
f 83//83 81//81 85//85 
f 84//84 87//87 88//88 
f 87//87 89//89 88//88 
f 89//89 86//86 88//88 
f 86//86 84//84 88//88 
f 87//87 90//90 91//91 
f 90//90 92//92 91//91 
f 92//92 89//89 91//91 
f 89//89 87//87 91//91 
f 90//90 93//93 94//94 
f 93//93 95//95 94//94 
f 95//95 92//92 94//94 
f 92//92 90//90 94//94 
f 93//93 96//96 97//97 
f 96//96 98//98 97//97 
f 98//98 95//95 97//97 
f 95//95 93//93 97//97 
f 96//96 99//99 100//100 
f 99//99 101//101 100//100 
f 101//101 98//98 100//100 
f 98//98 96//96 100//100 
f 99//99 102//102 103//103 
f 102//102 104//104 103//103 
f 104//104 101//101 103//103 
f 101//101 99//99 103//103 
f 102//102 105//105 106//106 
f 105//105 107//107 106//106 
f 107//107 104//104 106//106 
f 104//104 102//102 106//106 
s 4
f 105//105 108//108 109//109 
f 108//108 110//110 109//109 
f 110//110 107//107 109//109 
f 107//107 105//105 109//109 
s 2
f 108//108 111//111 112//112 
f 111//111 113//113 112//112 
f 113//113 110//110 112//112 
f 110//110 108//108 112//112 
f 111//111 114//114 115//115 
f 114//114 116//116 115//115 
f 116//116 113//113 115//115 
f 113//113 111//111 115//115 
f 114//114 117//117 118//118 
f 117//117 119//119 118//118 
f 119//119 116//116 118//118 
f 116//116 114//114 118//118 
f 117//117 120//120 121//121 
f 120//120 122//122 121//121 
f 122//122 119//119 121//121 
f 119//119 117//117 121//121 
f 120//120 123//123 124//124 
f 123//123 125//125 124//124 
f 125//125 122//122 124//124 
f 122//122 120//120 124//124 
f 123//123 126//126 127//127 
f 126//126 128//128 127//127 
f 128//128 125//125 127//127 
f 125//125 123//123 127//127 
f 126//126 129//129 130//130 
f 129//129 131//131 130//130 
f 131//131 128//128 130//130 
f 128//128 126//126 130//130 
f 129//129 132//132 133//133 
f 132//132 134//134 133//133 
f 134//134 131//131 133//133 
f 131//131 129//129 133//133 
f 132//132 135//135 136//136 
f 135//135 137//137 136//136 
f 137//137 134//134 136//136 
f 134//134 132//132 136//136 
f 135//135 138//138 139//139 
f 138//138 140//140 139//139 
f 140//140 137//137 139//139 
f 137//137 135//135 139//139 
f 138//138 141//141 142//142 
f 141//141 143//143 142//142 
f 143//143 140//140 142//142 
f 140//140 138//138 142//142 
f 141//141 144//144 145//145 
f 144//144 146//146 145//145 
f 146//146 143//143 145//145 
f 143//143 141//141 145//145 
f 144//144 147//147 148//148 
f 147//147 149//149 148//148 
f 149//149 146//146 148//148 
f 146//146 144//144 148//148 
f 147//147 150//150 151//151 
f 150//150 152//152 151//151 
f 152//152 149//149 151//151 
f 149//149 147//147 151//151 
f 150//150 153//153 154//154 
f 153//153 155//155 154//154 
f 155//155 152//152 154//154 
f 152//152 150//150 154//154 
f 153//153 156//156 157//157 
f 156//156 158//158 157//157 
f 158//158 155//155 157//157 
f 155//155 153//153 157//157 
f 156//156 159//159 160//160 
f 159//159 161//161 160//160 
f 161//161 158//158 160//160 
f 158//158 156//156 160//160 
f 159//159 162//162 163//163 
f 162//162 164//164 163//163 
f 164//164 161//161 163//163 
f 161//161 159//159 163//163 
f 162//162 165//165 166//166 
f 165//165 167//167 166//166 
f 167//167 164//164 166//166 
f 164//164 162//162 166//166 
f 165//165 168//168 169//169 
f 168//168 170//170 169//169 
f 170//170 167//167 169//169 
f 167//167 165//165 169//169 
f 168//168 171//171 172//172 
f 171//171 173//173 172//172 
f 173//173 170//170 172//172 
f 170//170 168//168 172//172 
f 171//171 174//174 175//175 
f 174//174 176//176 175//175 
f 176//176 173//173 175//175 
f 173//173 171//171 175//175 
f 174//174 177//177 178//178 
f 177//177 179//179 178//178 
f 179//179 176//176 178//178 
f 176//176 174//174 178//178 
f 177//177 180//180 181//181 
f 180//180 182//182 181//181 
f 182//182 179//179 181//181 
f 179//179 177//177 181//181 
f 180//180 183//183 184//184 
f 183//183 185//185 184//184 
f 185//185 182//182 184//184 
f 182//182 180//180 184//184 
f 183//183 186//186 187//187 
f 186//186 188//188 187//187 
f 188//188 185//185 187//187 
f 185//185 183//183 187//187 
f 186//186 189//189 190//190 
f 189//189 191//191 190//190 
f 191//191 188//188 190//190 
f 188//188 186//186 190//190 
f 189//189 192//192 193//193 
f 192//192 194//194 193//193 
f 194//194 191//191 193//193 
f 191//191 189//189 193//193 
f 192//192 195//195 196//196 
f 195//195 197//197 196//196 
f 197//197 194//194 196//196 
f 194//194 192//192 196//196 
f 195//195 198//198 199//199 
f 198//198 200//200 199//199 
f 200//200 197//197 199//199 
f 197//197 195//195 199//199 
f 198//198 201//201 202//202 
f 201//201 203//203 202//202 
f 203//203 200//200 202//202 
f 200//200 198//198 202//202 
f 201//201 204//204 205//205 
f 204//204 206//206 205//205 
f 206//206 203//203 205//205 
f 203//203 201//201 205//205 
f 204//204 207//207 208//208 
f 207//207 209//209 208//208 
f 209//209 206//206 208//208 
f 206//206 204//204 208//208 
f 207//207 210//210 211//211 
f 210//210 212//212 211//211 
f 212//212 209//209 211//211 
f 209//209 207//207 211//211 
f 210//210 213//213 214//214 
f 213//213 215//215 214//214 
f 215//215 212//212 214//214 
f 212//212 210//210 214//214 
f 213//213 216//216 217//217 
f 216//216 218//218 217//217 
f 218//218 215//215 217//217 
f 215//215 213//213 217//217 
f 216//216 219//219 220//220 
f 219//219 221//221 220//220 
f 221//221 218//218 220//220 
f 218//218 216//216 220//220 
f 219//219 222//222 223//223 
f 222//222 224//224 223//223 
f 224//224 221//221 223//223 
f 221//221 219//219 223//223 
f 222//222 225//225 226//226 
f 225//225 227//227 226//226 
f 227//227 224//224 226//226 
f 224//224 222//222 226//226 
f 225//225 228//228 229//229 
f 228//228 230//230 229//229 
f 230//230 227//227 229//229 
f 227//227 225//225 229//229 
f 228//228 231//231 232//232 
f 231//231 233//233 232//232 
f 233//233 230//230 232//232 
f 230//230 228//228 232//232 
f 231//231 234//234 235//235 
f 234//234 236//236 235//235 
f 236//236 233//233 235//235 
f 233//233 231//231 235//235 
f 234//234 237//237 238//238 
f 237//237 239//239 238//238 
f 239//239 236//236 238//238 
f 236//236 234//234 238//238 
f 237//237 240//240 241//241 
f 240//240 242//242 241//241 
f 242//242 239//239 241//241 
f 239//239 237//237 241//241 
f 240//240 243//243 244//244 
f 243//243 245//245 244//244 
f 245//245 242//242 244//244 
f 242//242 240//240 244//244 
s 4
f 243//243 246//246 247//247 
f 246//246 248//248 247//247 
f 248//248 245//245 247//247 
f 245//245 243//243 247//247 
f 246//246 249//249 250//250 
f 249//249 251//251 250//250 
f 251//251 248//248 250//250 
f 248//248 246//246 250//250 
f 249//249 252//252 253//253 
f 252//252 254//254 253//253 
f 254//254 251//251 253//253 
f 251//251 249//249 253//253 
f 252//252 255//255 256//256 
f 255//255 257//257 256//256 
f 257//257 254//254 256//256 
f 254//254 252//252 256//256 
f 255//255 258//258 259//259 
f 258//258 260//260 259//259 
f 260//260 257//257 259//259 
f 257//257 255//255 259//259 
f 258//258 261//261 262//262 
f 261//261 263//263 262//262 
f 263//263 260//260 262//262 
f 260//260 258//258 262//262 
f 261//261 264//264 265//265 
f 264//264 266//266 265//265 
f 266//266 263//263 265//265 
f 263//263 261//261 265//265 
f 264//264 267//267 268//268 
f 267//267 269//269 268//268 
f 269//269 266//266 268//268 
f 266//266 264//264 268//268 
f 267//267 270//270 271//271 
f 270//270 272//272 271//271 
f 272//272 269//269 271//271 
f 269//269 267//267 271//271 
f 270//270 273//273 274//274 
f 273//273 275//275 274//274 
f 275//275 272//272 274//274 
f 272//272 270//270 274//274 
f 273//273 276//276 277//277 
f 276//276 278//278 277//277 
f 278//278 275//275 277//277 
f 275//275 273//273 277//277 
f 276//276 279//279 280//280 
f 279//279 281//281 280//280 
f 281//281 278//278 280//280 
f 278//278 276//276 280//280 
f 279//279 282//282 283//283 
f 282//282 284//284 283//283 
f 284//284 281//281 283//283 
f 281//281 279//279 283//283 
f 282//282 285//285 286//286 
f 285//285 287//287 286//286 
f 287//287 284//284 286//286 
f 284//284 282//282 286//286 
f 285//285 288//288 289//289 
f 288//288 290//290 289//289 
f 290//290 287//287 289//289 
f 287//287 285//285 289//289 
f 288//288 291//291 292//292 
f 291//291 293//293 292//292 
f 293//293 290//290 292//292 
f 290//290 288//288 292//292 
f 291//291 294//294 295//295 
f 294//294 296//296 295//295 
f 296//296 293//293 295//295 
f 293//293 291//291 295//295 
f 294//294 297//297 298//298 
f 297//297 299//299 298//298 
f 299//299 296//296 298//298 
f 296//296 294//294 298//298 
f 297//297 300//300 301//301 
f 300//300 302//302 301//301 
f 302//302 299//299 301//301 
f 299//299 297//297 301//301 
f 300//300 303//303 304//304 
f 303//303 305//305 304//304 
f 305//305 302//302 304//304 
f 302//302 300//300 304//304 
f 303//303 306//306 307//307 
f 306//306 308//308 307//307 
f 308//308 305//305 307//307 
f 305//305 303//303 307//307 
f 306//306 309//309 310//310 
f 309//309 311//311 310//310 
f 311//311 308//308 310//310 
f 308//308 306//306 310//310 
f 309//309 312//312 313//313 
f 312//312 314//314 313//313 
f 314//314 311//311 313//313 
f 311//311 309//309 313//313 
f 312//312 315//315 316//316 
f 315//315 317//317 316//316 
f 317//317 314//314 316//316 
f 314//314 312//312 316//316 
f 315//315 318//318 319//319 
f 318//318 320//320 319//319 
f 320//320 317//317 319//319 
f 317//317 315//315 319//319 
f 318//318 321//321 322//322 
f 321//321 323//323 322//322 
f 323//323 320//320 322//322 
f 320//320 318//318 322//322 
f 321//321 324//324 325//325 
f 324//324 326//326 325//325 
f 326//326 323//323 325//325 
f 323//323 321//321 325//325 
s 2
f 324//324 327//327 328//328 
f 327//327 329//329 328//328 
f 329//329 326//326 328//328 
f 326//326 324//324 328//328 
f 327//327 330//330 331//331 
f 330//330 332//332 331//331 
f 332//332 329//329 331//331 
f 329//329 327//327 331//331 
f 330//330 333//333 334//334 
f 333//333 335//335 334//334 
f 335//335 332//332 334//334 
f 332//332 330//330 334//334 
f 333//333 336//336 337//337 
f 336//336 338//338 337//337 
f 338//338 335//335 337//337 
f 335//335 333//333 337//337 
f 336//336 339//339 340//340 
f 339//339 341//341 340//340 
f 341//341 338//338 340//340 
f 338//338 336//336 340//340 
f 339//339 342//342 343//343 
f 342//342 344//344 343//343 
f 344//344 341//341 343//343 
f 341//341 339//339 343//343 
f 342//342 345//345 346//346 
f 345//345 347//347 346//346 
f 347//347 344//344 346//346 
f 344//344 342//342 346//346 
f 345//345 348//348 349//349 
f 348//348 350//350 349//349 
f 350//350 347//347 349//349 
f 347//347 345//345 349//349 
f 348//348 351//351 352//352 
f 351//351 353//353 352//352 
f 353//353 350//350 352//352 
f 350//350 348//348 352//352 
s 4
f 351//351 354//354 355//355 
f 354//354 356//356 355//355 
f 356//356 353//353 355//355 
f 353//353 351//351 355//355 
s 2
f 354//354 357//357 358//358 
f 357//357 359//359 358//358 
f 359//359 356//356 358//358 
f 356//356 354//354 358//358 
f 357//357 360//360 361//361 
f 360//360 362//362 361//361 
f 362//362 359//359 361//361 
f 359//359 357//357 361//361 
f 360//360 363//363 364//364 
f 363//363 365//365 364//364 
f 365//365 362//362 364//364 
f 362//362 360//360 364//364 
f 363//363 366//366 367//367 
f 366//366 368//368 367//367 
f 368//368 365//365 367//367 
f 365//365 363//363 367//367 
f 366//366 369//369 370//370 
f 369//369 371//371 370//370 
f 371//371 368//368 370//370 
f 368//368 366//366 370//370 
f 369//369 372//372 373//373 
f 372//372 374//374 373//373 
f 374//374 371//371 373//373 
f 371//371 369//369 373//373 
f 372//372 375//375 376//376 
f 375//375 377//377 376//376 
f 377//377 374//374 376//376 
f 374//374 372//372 376//376 
f 375//375 378//378 379//379 
f 378//378 380//380 379//379 
f 380//380 377//377 379//379 
f 377//377 375//375 379//379 
f 378//378 381//381 382//382 
f 381//381 383//383 382//382 
f 383//383 380//380 382//382 
f 380//380 378//378 382//382 
f 381//381 384//384 385//385 
f 384//384 386//386 385//385 
f 386//386 383//383 385//385 
f 383//383 381//381 385//385 
f 384//384 387//387 388//388 
f 387//387 389//389 388//388 
f 389//389 386//386 388//388 
f 386//386 384//384 388//388 
f 387//387 390//390 391//391 
f 390//390 392//392 391//391 
f 392//392 389//389 391//391 
f 389//389 387//387 391//391 
f 390//390 393//393 394//394 
f 393//393 395//395 394//394 
f 395//395 392//392 394//394 
f 392//392 390//390 394//394 
f 393//393 396//396 397//397 
f 396//396 398//398 397//397 
f 398//398 395//395 397//397 
f 395//395 393//393 397//397 
f 396//396 399//399 400//400 
f 399//399 401//401 400//400 
f 401//401 398//398 400//400 
f 398//398 396//396 400//400 
f 399//399 402//402 403//403 
f 402//402 404//404 403//403 
f 404//404 401//401 403//403 
f 401//401 399//399 403//403 
f 402//402 405//405 406//406 
f 405//405 407//407 406//406 
f 407//407 404//404 406//406 
f 404//404 402//402 406//406 
f 405//405 408//408 409//409 
f 408//408 410//410 409//409 
f 410//410 407//407 409//409 
f 407//407 405//405 409//409 
s 4
f 408//408 411//411 412//412 
f 411//411 413//413 412//412 
f 413//413 410//410 412//412 
f 410//410 408//408 412//412 
f 411//411 414//414 415//415 
f 414//414 416//416 415//415 
f 416//416 413//413 415//415 
f 413//413 411//411 415//415 
f 414//414 417//417 418//418 
f 417//417 419//419 418//418 
f 419//419 416//416 418//418 
f 416//416 414//414 418//418 
f 417//417 420//420 421//421 
f 420//420 422//422 421//421 
f 422//422 419//419 421//421 
f 419//419 417//417 421//421 
f 420//420 423//423 424//424 
f 423//423 425//425 424//424 
f 425//425 422//422 424//424 
f 422//422 420//420 424//424 
f 423//423 426//426 427//427 
f 426//426 428//428 427//427 
f 428//428 425//425 427//427 
f 425//425 423//423 427//427 
f 426//426 429//429 430//430 
f 429//429 431//431 430//430 
f 431//431 428//428 430//430 
f 428//428 426//426 430//430 
f 429//429 432//432 433//433 
f 432//432 434//434 433//433 
f 434//434 431//431 433//433 
f 431//431 429//429 433//433 
f 432//432 435//435 436//436 
f 435//435 437//437 436//436 
f 437//437 434//434 436//436 
f 434//434 432//432 436//436 
s 2
f 435//435 438//438 439//439 
f 438//438 440//440 439//439 
f 440//440 437//437 439//439 
f 437//437 435//435 439//439 
f 438//438 441//441 442//442 
f 441//441 443//443 442//442 
f 443//443 440//440 442//442 
f 440//440 438//438 442//442 
f 441//441 444//444 445//445 
f 444//444 446//446 445//445 
f 446//446 443//443 445//445 
f 443//443 441//441 445//445 
f 444//444 447//447 448//448 
f 447//447 449//449 448//448 
f 449//449 446//446 448//448 
f 446//446 444//444 448//448 
f 447//447 450//450 451//451 
f 450//450 452//452 451//451 
f 452//452 449//449 451//451 
f 449//449 447//447 451//451 
f 450//450 453//453 454//454 
f 453//453 455//455 454//454 
f 455//455 452//452 454//454 
f 452//452 450//450 454//454 
f 453//453 456//456 457//457 
f 456//456 458//458 457//457 
f 458//458 455//455 457//457 
f 455//455 453//453 457//457 
f 456//456 459//459 460//460 
f 459//459 461//461 460//460 
f 461//461 458//458 460//460 
f 458//458 456//456 460//460 
f 459//459 462//462 463//463 
f 462//462 464//464 463//463 
f 464//464 461//461 463//463 
f 461//461 459//459 463//463 
f 462//462 465//465 466//466 
f 465//465 467//467 466//466 
f 467//467 464//464 466//466 
f 464//464 462//462 466//466 
f 465//465 468//468 469//469 
f 468//468 470//470 469//469 
f 470//470 467//467 469//469 
f 467//467 465//465 469//469 
f 468//468 471//471 472//472 
f 471//471 473//473 472//472 
f 473//473 470//470 472//472 
f 470//470 468//468 472//472 
f 471//471 474//474 475//475 
f 474//474 476//476 475//475 
f 476//476 473//473 475//475 
f 473//473 471//471 475//475 
f 474//474 477//477 478//478 
f 477//477 479//479 478//478 
f 479//479 476//476 478//478 
f 476//476 474//474 478//478 
f 477//477 480//480 481//481 
f 480//480 482//482 481//481 
f 482//482 479//479 481//481 
f 479//479 477//477 481//481 
f 480//480 483//483 484//484 
f 483//483 485//485 484//484 
f 485//485 482//482 484//484 
f 482//482 480//480 484//484 
f 483//483 486//486 487//487 
f 486//486 488//488 487//487 
f 488//488 485//485 487//487 
f 485//485 483//483 487//487 
f 486//486 489//489 490//490 
f 489//489 491//491 490//490 
f 491//491 488//488 490//490 
f 488//488 486//486 490//490 
f 489//489 492//492 493//493 
f 492//492 494//494 493//493 
f 494//494 491//491 493//493 
f 491//491 489//489 493//493 
f 492//492 495//495 496//496 
f 495//495 497//497 496//496 
f 497//497 494//494 496//496 
f 494//494 492//492 496//496 
f 495//495 498//498 499//499 
f 498//498 500//500 499//499 
f 500//500 497//497 499//499 
f 497//497 495//495 499//499 
f 498//498 501//501 502//502 
f 501//501 503//503 502//502 
f 503//503 500//500 502//502 
f 500//500 498//498 502//502 
f 501//501 504//504 505//505 
f 504//504 506//506 505//505 
f 506//506 503//503 505//505 
f 503//503 501//501 505//505 
f 504//504 507//507 508//508 
f 507//507 509//509 508//508 
f 509//509 506//506 508//508 
f 506//506 504//504 508//508 
f 507//507 510//510 511//511 
f 510//510 512//512 511//511 
f 512//512 509//509 511//511 
f 509//509 507//507 511//511 
f 510//510 513//513 514//514 
f 513//513 515//515 514//514 
f 515//515 512//512 514//514 
f 512//512 510//510 514//514 
f 513//513 516//516 517//517 
f 516//516 518//518 517//517 
f 518//518 515//515 517//517 
f 515//515 513//513 517//517 
s 4
f 516//516 519//519 520//520 
f 519//519 521//521 520//520 
f 521//521 518//518 520//520 
f 518//518 516//516 520//520 
f 519//519 522//522 523//523 
f 522//522 524//524 523//523 
f 524//524 521//521 523//523 
f 521//521 519//519 523//523 
f 522//522 525//525 526//526 
f 525//525 527//527 526//526 
f 527//527 524//524 526//526 
f 524//524 522//522 526//526 
f 525//525 528//528 529//529 
f 528//528 530//530 529//529 
f 530//530 527//527 529//529 
f 527//527 525//525 529//529 
f 528//528 531//531 532//532 
f 531//531 533//533 532//532 
f 533//533 530//530 532//532 
f 530//530 528//528 532//532 
f 531//531 534//534 535//535 
f 534//534 536//536 535//535 
f 536//536 533//533 535//535 
f 533//533 531//531 535//535 
f 534//534 537//537 538//538 
f 537//537 539//539 538//538 
f 539//539 536//536 538//538 
f 536//536 534//534 538//538 
f 537//537 540//540 541//541 
f 540//540 542//542 541//541 
f 542//542 539//539 541//541 
f 539//539 537//537 541//541 
f 540//540 543//543 544//544 
f 543//543 545//545 544//544 
f 545//545 542//542 544//544 
f 542//542 540//540 544//544 
f 543//543 546//546 547//547 
f 546//546 548//548 547//547 
f 548//548 545//545 547//547 
f 545//545 543//543 547//547 
f 546//546 549//549 550//550 
f 549//549 551//551 550//550 
f 551//551 548//548 550//550 
f 548//548 546//546 550//550 
f 549//549 552//552 553//553 
f 552//552 554//554 553//553 
f 554//554 551//551 553//553 
f 551//551 549//549 553//553 
f 552//552 555//555 556//556 
f 555//555 557//557 556//556 
f 557//557 554//554 556//556 
f 554//554 552//552 556//556 
f 555//555 558//558 559//559 
f 558//558 560//560 559//559 
f 560//560 557//557 559//559 
f 557//557 555//555 559//559 
f 558//558 561//561 562//562 
f 561//561 563//563 562//562 
f 563//563 560//560 562//562 
f 560//560 558//558 562//562 
f 561//561 564//564 565//565 
f 564//564 566//566 565//565 
f 566//566 563//563 565//565 
f 563//563 561//561 565//565 
f 564//564 567//567 568//568 
f 567//567 569//569 568//568 
f 569//569 566//566 568//568 
f 566//566 564//564 568//568 
f 567//567 570//570 571//571 
f 570//570 572//572 571//571 
f 572//572 569//569 571//571 
f 569//569 567//567 571//571 
f 570//570 573//573 574//574 
f 573//573 575//575 574//574 
f 575//575 572//572 574//574 
f 572//572 570//570 574//574 
f 573//573 576//576 577//577 
f 576//576 578//578 577//577 
f 578//578 575//575 577//577 
f 575//575 573//573 577//577 
f 576//576 579//579 580//580 
f 579//579 581//581 580//580 
f 581//581 578//578 580//580 
f 578//578 576//576 580//580 
f 579//579 582//582 583//583 
f 582//582 584//584 583//583 
f 584//584 581//581 583//583 
f 581//581 579//579 583//583 
f 582//582 585//585 586//586 
f 585//585 587//587 586//586 
f 587//587 584//584 586//586 
f 584//584 582//582 586//586 
f 585//585 588//588 589//589 
f 588//588 590//590 589//589 
f 590//590 587//587 589//589 
f 587//587 585//585 589//589 
f 588//588 591//591 592//592 
f 591//591 593//593 592//592 
f 593//593 590//590 592//592 
f 590//590 588//588 592//592 
f 591//591 594//594 595//595 
f 594//594 596//596 595//595 
f 596//596 593//593 595//595 
f 593//593 591//591 595//595 
f 594//594 597//597 598//598 
f 597//597 599//599 598//598 
f 599//599 596//596 598//598 
f 596//596 594//594 598//598 
f 597//597 600//600 601//601 
f 600//600 602//602 601//601 
f 602//602 599//599 601//601 
f 599//599 597//597 601//601 
f 600//600 603//603 604//604 
f 603//603 605//605 604//604 
f 605//605 602//602 604//604 
f 602//602 600//600 604//604 
f 603//603 606//606 607//607 
f 606//606 608//608 607//607 
f 608//608 605//605 607//607 
f 605//605 603//603 607//607 
f 606//606 609//609 610//610 
f 609//609 611//611 610//610 
f 611//611 608//608 610//610 
f 608//608 606//606 610//610 
f 609//609 612//612 613//613 
f 612//612 614//614 613//613 
f 614//614 611//611 613//613 
f 611//611 609//609 613//613 
f 612//612 615//615 616//616 
f 615//615 617//617 616//616 
f 617//617 614//614 616//616 
f 614//614 612//612 616//616 
f 615//615 618//618 619//619 
f 618//618 620//620 619//619 
f 620//620 617//617 619//619 
f 617//617 615//615 619//619 
f 618//618 621//621 622//622 
f 621//621 623//623 622//622 
f 623//623 620//620 622//622 
f 620//620 618//618 622//622 
f 621//621 624//624 625//625 
f 624//624 626//626 625//625 
f 626//626 623//623 625//625 
f 623//623 621//621 625//625 
f 624//624 627//627 628//628 
f 627//627 629//629 628//628 
f 629//629 626//626 628//628 
f 626//626 624//624 628//628 
f 627//627 630//630 631//631 
f 630//630 632//632 631//631 
f 632//632 629//629 631//631 
f 629//629 627//627 631//631 
f 630//630 633//633 634//634 
f 633//633 635//635 634//634 
f 635//635 632//632 634//634 
f 632//632 630//630 634//634 
f 633//633 636//636 637//637 
f 636//636 638//638 637//637 
f 638//638 635//635 637//637 
f 635//635 633//633 637//637 
f 636//636 639//639 640//640 
f 639//639 641//641 640//640 
f 641//641 638//638 640//640 
f 638//638 636//636 640//640 
f 639//639 642//642 643//643 
f 642//642 644//644 643//643 
f 644//644 641//641 643//643 
f 641//641 639//639 643//643 
f 642//642 645//645 646//646 
f 645//645 647//647 646//646 
f 647//647 644//644 646//646 
f 644//644 642//642 646//646 
f 645//645 648//648 649//649 
f 648//648 650//650 649//649 
f 650//650 647//647 649//649 
f 647//647 645//645 649//649 
f 648//648 651//651 652//652 
f 651//651 653//653 652//652 
f 653//653 650//650 652//652 
f 650//650 648//648 652//652 
s 2
f 651//651 654//654 655//655 
f 654//654 656//656 655//655 
f 656//656 653//653 655//655 
f 653//653 651//651 655//655 
f 654//654 657//657 658//658 
f 657//657 659//659 658//658 
f 659//659 656//656 658//658 
f 656//656 654//654 658//658 
f 657//657 660//660 661//661 
f 660//660 662//662 661//661 
f 662//662 659//659 661//661 
f 659//659 657//657 661//661 
f 660//660 663//663 664//664 
f 663//663 665//665 664//664 
f 665//665 662//662 664//664 
f 662//662 660//660 664//664 
f 663//663 666//666 667//667 
f 666//666 668//668 667//667 
f 668//668 665//665 667//667 
f 665//665 663//663 667//667 
f 666//666 669//669 670//670 
f 669//669 671//671 670//670 
f 671//671 668//668 670//670 
f 668//668 666//666 670//670 
f 669//669 672//672 673//673 
f 672//672 674//674 673//673 
f 674//674 671//671 673//673 
f 671//671 669//669 673//673 
f 672//672 675//675 676//676 
f 675//675 677//677 676//676 
f 677//677 674//674 676//676 
f 674//674 672//672 676//676 
f 675//675 678//678 679//679 
f 678//678 680//680 679//679 
f 680//680 677//677 679//679 
f 677//677 675//675 679//679 
f 678//678 681//681 682//682 
f 681//681 683//683 682//682 
f 683//683 680//680 682//682 
f 680//680 678//678 682//682 
f 681//681 684//684 685//685 
f 684//684 686//686 685//685 
f 686//686 683//683 685//685 
f 683//683 681//681 685//685 
f 684//684 687//687 688//688 
f 687//687 689//689 688//688 
f 689//689 686//686 688//688 
f 686//686 684//684 688//688 
f 687//687 690//690 691//691 
f 690//690 692//692 691//691 
f 692//692 689//689 691//691 
f 689//689 687//687 691//691 
f 690//690 693//693 694//694 
f 693//693 695//695 694//694 
f 695//695 692//692 694//694 
f 692//692 690//690 694//694 
f 693//693 696//696 697//697 
f 696//696 698//698 697//697 
f 698//698 695//695 697//697 
f 695//695 693//693 697//697 
f 696//696 699//699 700//700 
f 699//699 701//701 700//700 
f 701//701 698//698 700//700 
f 698//698 696//696 700//700 
f 699//699 702//702 703//703 
f 702//702 704//704 703//703 
f 704//704 701//701 703//703 
f 701//701 699//699 703//703 
f 702//702 705//705 706//706 
f 705//705 707//707 706//706 
f 707//707 704//704 706//706 
f 704//704 702//702 706//706 
f 705//705 708//708 709//709 
f 708//708 710//710 709//709 
f 710//710 707//707 709//709 
f 707//707 705//705 709//709 
f 708//708 711//711 712//712 
f 711//711 713//713 712//712 
f 713//713 710//710 712//712 
f 710//710 708//708 712//712 
f 711//711 714//714 715//715 
f 714//714 716//716 715//715 
f 716//716 713//713 715//715 
f 713//713 711//711 715//715 
f 714//714 717//717 718//718 
f 717//717 719//719 718//718 
f 719//719 716//716 718//718 
f 716//716 714//714 718//718 
f 717//717 720//720 721//721 
f 720//720 722//722 721//721 
f 722//722 719//719 721//721 
f 719//719 717//717 721//721 
f 720//720 723//723 724//724 
f 723//723 725//725 724//724 
f 725//725 722//722 724//724 
f 722//722 720//720 724//724 
f 723//723 726//726 727//727 
f 726//726 728//728 727//727 
f 728//728 725//725 727//727 
f 725//725 723//723 727//727 
f 726//726 729//729 730//730 
f 729//729 731//731 730//730 
f 731//731 728//728 730//730 
f 728//728 726//726 730//730 
f 729//729 732//732 733//733 
f 732//732 734//734 733//733 
f 734//734 731//731 733//733 
f 731//731 729//729 733//733 
f 732//732 735//735 736//736 
f 735//735 737//737 736//736 
f 737//737 734//734 736//736 
f 734//734 732//732 736//736 
f 735//735 738//738 739//739 
f 738//738 740//740 739//739 
f 740//740 737//737 739//739 
f 737//737 735//735 739//739 
f 738//738 741//741 742//742 
f 741//741 743//743 742//742 
f 743//743 740//740 742//742 
f 740//740 738//738 742//742 
f 741//741 744//744 745//745 
f 744//744 746//746 745//745 
f 746//746 743//743 745//745 
f 743//743 741//741 745//745 
f 744//744 747//747 748//748 
f 747//747 749//749 748//748 
f 749//749 746//746 748//748 
f 746//746 744//744 748//748 
f 747//747 750//750 751//751 
f 750//750 752//752 751//751 
f 752//752 749//749 751//751 
f 749//749 747//747 751//751 
f 750//750 753//753 754//754 
f 753//753 755//755 754//754 
f 755//755 752//752 754//754 
f 752//752 750//750 754//754 
f 753//753 756//756 757//757 
f 756//756 758//758 757//757 
f 758//758 755//755 757//757 
f 755//755 753//753 757//757 
f 756//756 759//759 760//760 
f 759//759 761//761 760//760 
f 761//761 758//758 760//760 
f 758//758 756//756 760//760 
s 5
f 759//759 1//1 762//762 
f 1//1 5//5 762//762 
f 5//5 761//761 762//762 
f 761//761 759//759 762//762 
s 1
f 763//763 764//764 765//765 
f 764//764 766//766 765//765 
f 766//766 767//767 765//765 
f 767//767 763//763 765//765 
s 3
f 764//764 768//768 769//769 
f 768//768 770//770 769//769 
f 770//770 766//766 769//769 
f 766//766 764//764 769//769 
s 2
f 768//768 771//771 772//772 
f 771//771 773//773 772//772 
f 773//773 770//770 772//772 
f 770//770 768//768 772//772 
f 771//771 774//774 775//775 
f 774//774 776//776 775//775 
f 776//776 773//773 775//775 
f 773//773 771//771 775//775 
f 774//774 777//777 778//778 
f 777//777 779//779 778//778 
f 779//779 776//776 778//778 
f 776//776 774//774 778//778 
f 777//777 780//780 781//781 
f 780//780 782//782 781//781 
f 782//782 779//779 781//781 
f 779//779 777//777 781//781 
f 780//780 783//783 784//784 
f 783//783 785//785 784//784 
f 785//785 782//782 784//784 
f 782//782 780//780 784//784 
f 783//783 786//786 787//787 
f 786//786 788//788 787//787 
f 788//788 785//785 787//787 
f 785//785 783//783 787//787 
f 786//786 789//789 790//403 
f 789//789 791//790 790//403 
f 791//790 788//788 790//403 
f 788//788 786//786 790//403 
f 789//789 792//791 793//792 
f 792//791 794//793 793//792 
f 794//793 791//790 793//792 
f 791//790 789//789 793//792 
f 792//791 795//794 796//795 
f 795//794 797//796 796//795 
f 797//796 794//793 796//795 
f 794//793 792//791 796//795 
f 795//794 798//797 799//798 
f 798//797 800//799 799//798 
f 800//799 797//796 799//798 
f 797//796 795//794 799//798 
f 798//797 801//800 802//801 
f 801//800 803//802 802//801 
f 803//802 800//799 802//801 
f 800//799 798//797 802//801 
f 801//800 804//803 805//804 
f 804//803 806//805 805//804 
f 806//805 803//802 805//804 
f 803//802 801//800 805//804 
f 804//803 807//806 808//807 
f 807//806 809//808 808//807 
f 809//808 806//805 808//807 
f 806//805 804//803 808//807 
f 807//806 810//809 811//810 
f 810//809 812//811 811//810 
f 812//811 809//808 811//810 
f 809//808 807//806 811//810 
f 810//809 813//812 814//813 
f 813//812 815//814 814//813 
f 815//814 812//811 814//813 
f 812//811 810//809 814//813 
f 813//812 816//815 817//816 
f 816//815 818//817 817//816 
f 818//817 815//814 817//816 
f 815//814 813//812 817//816 
f 816//815 819//818 820//819 
f 819//818 821//820 820//819 
f 821//820 818//817 820//819 
f 818//817 816//815 820//819 
f 819//818 822//821 823//822 
f 822//821 824//823 823//822 
f 824//823 821//820 823//822 
f 821//820 819//818 823//822 
f 822//821 825//824 826//825 
f 825//824 827//826 826//825 
f 827//826 824//823 826//825 
f 824//823 822//821 826//825 
f 825//824 828//827 829//828 
f 828//827 830//829 829//828 
f 830//829 827//826 829//828 
f 827//826 825//824 829//828 
f 828//827 831//830 832//831 
f 831//830 833//832 832//831 
f 833//832 830//829 832//831 
f 830//829 828//827 832//831 
f 831//830 834//833 835//834 
f 834//833 836//835 835//834 
f 836//835 833//832 835//834 
f 833//832 831//830 835//834 
f 834//833 837//836 838//837 
f 837//836 839//838 838//837 
f 839//838 836//835 838//837 
f 836//835 834//833 838//837 
f 837//836 840//839 841//840 
f 840//839 842//841 841//840 
f 842//841 839//838 841//840 
f 839//838 837//836 841//840 
f 840//839 843//842 844//843 
f 843//842 845//844 844//843 
f 845//844 842//841 844//843 
f 842//841 840//839 844//843 
f 843//842 846//845 847//846 
f 846//845 848//847 847//846 
f 848//847 845//844 847//846 
f 845//844 843//842 847//846 
f 846//845 849//848 850//849 
f 849//848 851//850 850//849 
f 851//850 848//847 850//849 
f 848//847 846//845 850//849 
f 849//848 852//851 853//852 
f 852//851 854//853 853//852 
f 854//853 851//850 853//852 
f 851//850 849//848 853//852 
f 852//851 855//854 856//855 
f 855//854 857//856 856//855 
f 857//856 854//853 856//855 
f 854//853 852//851 856//855 
f 855//854 858//857 859//858 
f 858//857 860//859 859//858 
f 860//859 857//856 859//858 
f 857//856 855//854 859//858 
f 858//857 861//860 862//861 
f 861//860 863//862 862//861 
f 863//862 860//859 862//861 
f 860//859 858//857 862//861 
f 861//860 864//863 865//864 
f 864//863 866//865 865//864 
f 866//865 863//862 865//864 
f 863//862 861//860 865//864 
f 864//863 867//866 868//867 
f 867//866 869//868 868//867 
f 869//868 866//865 868//867 
f 866//865 864//863 868//867 
s 3
f 867//866 763//763 870//869 
f 763//763 767//767 870//869 
f 767//767 869//868 870//869 
f 869//868 867//866 870//869 
s 16
f 516//516 84//84 871//870 
f 84//84 81//81 871//870 
f 81//81 516//516 871//870 
f 761//761 872//871 848//847 873//871 
f 848//847 851//850 873//871 
f 851//850 761//761 873//871 
f 516//516 135//135 874//870 
f 135//135 132//132 874//870 
f 132//132 516//516 874//870 
f 81//81 78//78 875//870 
f 78//78 519//519 875//870 
f 519//519 516//516 875//870 
f 516//516 81//81 875//870 
f 78//78 75//75 876//870 
f 75//75 519//519 876//870 
f 519//519 78//78 876//870 
f 75//75 72//72 877//870 
f 72//72 522//522 877//870 
f 522//522 519//519 877//870 
f 519//519 75//75 877//870 
f 72//72 69//69 878//870 
f 69//69 525//525 878//870 
f 525//525 522//522 878//870 
f 522//522 72//72 878//870 
f 69//69 66//66 879//870 
f 66//66 528//528 879//870 
f 528//528 525//525 879//870 
f 525//525 69//69 879//870 
f 66//66 63//63 880//870 
f 63//63 531//531 880//870 
f 531//531 528//528 880//870 
f 528//528 66//66 880//870 
f 63//63 60//60 881//870 
f 60//60 534//534 881//870 
f 534//534 531//531 881//870 
f 531//531 63//63 881//870 
f 60//60 57//57 882//870 
f 57//57 537//537 882//870 
f 537//537 534//534 882//870 
f 534//534 60//60 882//870 
f 57//57 54//54 883//870 
f 54//54 537//537 883//870 
f 537//537 57//57 883//870 
f 54//54 51//51 884//870 
f 51//51 540//540 884//870 
f 540//540 537//537 884//870 
f 537//537 54//54 884//870 
f 51//51 48//48 885//870 
f 48//48 546//546 885//870 
f 546//546 543//543 885//870 
f 543//543 540//540 885//870 
f 540//540 51//51 885//870 
f 48//48 45//45 886//870 
f 45//45 552//552 886//870 
f 552//552 549//549 886//870 
f 549//549 546//546 886//870 
f 546//546 48//48 886//870 
f 45//45 42//42 887//870 
f 42//42 558//558 887//870 
f 558//558 555//555 887//870 
f 555//555 552//552 887//870 
f 552//552 45//45 887//870 
f 42//42 39//39 888//870 
f 39//39 567//567 888//870 
f 567//567 564//564 888//870 
f 564//564 561//561 888//870 
f 561//561 558//558 888//870 
f 558//558 42//42 888//870 
f 39//39 36//36 889//870 
f 36//36 570//570 889//870 
f 570//570 567//567 889//870 
f 567//567 39//39 889//870 
f 36//36 33//33 890//870 
f 33//33 570//570 890//870 
f 570//570 36//36 890//870 
f 33//33 30//30 891//870 
f 30//30 570//570 891//870 
f 570//570 33//33 891//870 
f 30//30 27//27 892//870 
f 27//27 570//570 892//870 
f 570//570 30//30 892//870 
f 27//27 24//24 893//870 
f 24//24 570//570 893//870 
f 570//570 27//27 893//870 
f 24//24 21//21 894//870 
f 21//21 570//570 894//870 
f 570//570 24//24 894//870 
f 21//21 18//18 895//870 
f 18//18 570//570 895//870 
f 570//570 21//21 895//870 
f 18//18 15//15 896//870 
f 15//15 570//570 896//870 
f 570//570 18//18 896//870 
f 15//15 12//12 897//870 
f 12//12 570//570 897//870 
f 570//570 15//15 897//870 
f 12//12 9//9 898//870 
f 9//9 570//570 898//870 
f 570//570 12//12 898//870 
f 9//9 6//6 899//870 
f 6//6 570//570 899//870 
f 570//570 9//9 899//870 
f 6//6 2//2 900//870 
f 2//2 570//570 900//870 
f 570//570 6//6 900//870 
f 2//2 1//1 901//870 
f 1//1 570//570 901//870 
f 570//570 2//2 901//870 
f 1//1 759//759 902//870 
f 759//759 570//570 902//870 
f 570//570 1//1 902//870 
f 846//845 843//842 903//870 
f 843//842 570//570 903//870 
f 570//570 759//759 903//870 
f 843//842 840//839 904//870 
f 840//839 621//621 904//870 
f 621//621 618//618 904//870 
f 618//618 615//615 904//870 
f 615//615 612//612 904//870 
f 612//612 609//609 904//870 
f 609//609 606//606 904//870 
f 606//606 603//603 904//870 
f 603//603 600//600 904//870 
f 600//600 597//597 904//870 
f 597//597 594//594 904//870 
f 594//594 591//591 904//870 
f 591//591 588//588 904//870 
f 588//588 585//585 904//870 
f 585//585 582//582 904//870 
f 582//582 579//579 904//870 
f 579//579 576//576 904//870 
f 576//576 573//573 904//870 
f 573//573 570//570 904//870 
f 570//570 843//842 904//870 
f 840//839 837//836 905//870 
f 837//836 627//627 905//870 
f 627//627 624//624 905//870 
f 624//624 621//621 905//870 
f 621//621 840//839 905//870 
f 837//836 834//833 906//870 
f 834//833 630//630 906//870 
f 630//630 627//627 906//870 
f 627//627 837//836 906//870 
f 834//833 831//830 907//870 
f 831//830 633//633 907//870 
f 633//633 630//630 907//870 
f 630//630 834//833 907//870 
f 831//830 828//827 908//870 
f 828//827 639//639 908//870 
f 639//639 636//636 908//870 
f 636//636 633//633 908//870 
f 633//633 831//830 908//870 
f 828//827 825//824 909//870 
f 825//824 639//639 909//870 
f 639//639 828//827 909//870 
f 825//824 822//821 910//870 
f 822//821 642//642 910//870 
f 642//642 639//639 910//870 
f 639//639 825//824 910//870 
f 822//821 819//818 911//870 
f 819//818 645//645 911//870 
f 645//645 642//642 911//870 
f 642//642 822//821 911//870 
f 819//818 816//815 912//870 
f 816//815 648//648 912//870 
f 648//648 645//645 912//870 
f 645//645 819//818 912//870 
f 816//815 813//812 913//870 
f 813//812 648//648 913//870 
f 648//648 816//815 913//870 
f 813//812 810//809 914//870 
f 810//809 651//651 914//870 
f 651//651 648//648 914//870 
f 648//648 813//812 914//870 
f 810//809 807//806 915//870 
f 807//806 654//654 915//870 
f 654//654 651//651 915//870 
f 651//651 810//809 915//870 
f 807//806 804//803 916//870 
f 804//803 657//657 916//870 
f 657//657 654//654 916//870 
f 654//654 807//806 916//870 
f 804//803 801//800 917//870 
f 801//800 660//660 917//870 
f 660//660 657//657 917//870 
f 657//657 804//803 917//870 
f 801//800 798//797 918//870 
f 798//797 666//666 918//870 
f 666//666 663//663 918//870 
f 663//663 660//660 918//870 
f 660//660 801//800 918//870 
f 798//797 795//794 919//870 
f 795//794 669//669 919//870 
f 669//669 666//666 919//870 
f 666//666 798//797 919//870 
f 795//794 792//791 920//870 
f 792//791 672//672 920//870 
f 672//672 669//669 920//870 
f 669//669 795//794 920//870 
f 792//791 789//789 921//870 
f 789//789 675//675 921//870 
f 675//675 672//672 921//870 
f 672//672 792//791 921//870 
f 789//789 786//786 922//870 
f 786//786 678//678 922//870 
f 678//678 675//675 922//870 
f 675//675 789//789 922//870 
f 786//786 783//783 923//870 
f 783//783 681//681 923//870 
f 681//681 678//678 923//870 
f 678//678 786//786 923//870 
f 783//783 780//780 924//870 
f 780//780 684//684 924//870 
f 684//684 681//681 924//870 
f 681//681 783//783 924//870 
f 780//780 777//777 925//870 
f 777//777 687//687 925//870 
f 687//687 684//684 925//870 
f 684//684 780//780 925//870 
f 777//777 774//774 926//870 
f 774//774 690//690 926//870 
f 690//690 687//687 926//870 
f 687//687 777//777 926//870 
f 774//774 771//771 927//870 
f 771//771 693//693 927//870 
f 693//693 690//690 927//870 
f 690//690 774//774 927//870 
f 771//771 768//768 928//870 
f 768//768 699//699 928//870 
f 699//699 696//696 928//870 
f 696//696 693//693 928//870 
f 693//693 771//771 928//870 
f 768//768 764//764 929//870 
f 764//764 702//702 929//870 
f 702//702 699//699 929//870 
f 699//699 768//768 929//870 
f 764//764 763//763 930//870 
f 763//763 702//702 930//870 
f 702//702 764//764 930//870 
f 763//763 867//866 931//870 
f 867//866 711//711 931//870 
f 711//711 708//708 931//870 
f 708//708 705//705 931//870 
f 705//705 702//702 931//870 
f 702//702 763//763 931//870 
f 867//866 864//863 932//870 
f 864//863 726//726 932//870 
f 726//726 723//723 932//870 
f 723//723 720//720 932//870 
f 720//720 717//717 932//870 
f 717//717 714//714 932//870 
f 714//714 711//711 932//870 
f 711//711 867//866 932//870 
f 864//863 861//860 933//870 
f 861//860 735//735 933//870 
f 735//735 732//732 933//870 
f 732//732 729//729 933//870 
f 729//729 726//726 933//870 
f 726//726 864//863 933//870 
f 861//860 858//857 934//870 
f 858//857 750//750 934//870 
f 750//750 747//747 934//870 
f 747//747 744//744 934//870 
f 744//744 741//741 934//870 
f 741//741 738//738 934//870 
f 738//738 735//735 934//870 
f 735//735 861//860 934//870 
f 858//857 855//854 935//870 
f 855//854 759//759 935//870 
f 759//759 756//756 935//870 
f 756//756 753//753 935//870 
f 753//753 750//750 935//870 
f 750//750 858//857 935//870 
f 855//854 852//851 936//870 
f 852//851 759//759 936//870 
f 759//759 855//854 936//870 
f 852//851 849//848 937//870 
f 849//848 759//759 937//870 
f 759//759 852//851 937//870 
f 849//848 846//845 938//870 
f 846//845 903//870 759//759 938//870 
f 759//759 849//848 938//870 
f 435//435 225//225 939//870 
f 225//225 222//222 939//870 
f 222//222 435//435 939//870 
f 132//132 129//129 940//870 
f 129//129 84//84 940//870 
f 84//84 516//516 940//870 
f 516//516 132//132 940//870 
f 129//129 126//126 941//870 
f 126//126 87//87 941//870 
f 87//87 84//84 941//870 
f 84//84 129//129 941//870 
f 126//126 123//123 942//870 
f 123//123 90//90 942//870 
f 90//90 87//87 942//870 
f 87//87 126//126 942//870 
f 123//123 120//120 943//870 
f 120//120 93//93 943//870 
f 93//93 90//90 943//870 
f 90//90 123//123 943//870 
f 120//120 117//117 944//870 
f 117//117 96//96 944//870 
f 96//96 93//93 944//870 
f 93//93 120//120 944//870 
f 117//117 114//114 945//870 
f 114//114 99//99 945//870 
f 99//99 96//96 945//870 
f 96//96 117//117 945//870 
f 114//114 111//111 946//870 
f 111//111 102//102 946//870 
f 102//102 99//99 946//870 
f 99//99 114//114 946//870 
f 111//111 108//108 947//870 
f 108//108 105//105 947//870 
f 105//105 102//102 947//870 
f 102//102 111//111 947//870 
f 246//246 243//243 948//870 
f 243//243 240//240 948//870 
f 240//240 246//246 948//870 
f 222//222 219//219 949//870 
f 219//219 435//435 949//870 
f 435//435 222//222 949//870 
f 219//219 216//216 950//870 
f 216//216 435//435 950//870 
f 435//435 219//219 950//870 
f 216//216 213//213 951//870 
f 213//213 435//435 951//870 
f 435//435 216//216 951//870 
f 213//213 210//210 952//870 
f 210//210 435//435 952//870 
f 435//435 213//213 952//870 
f 210//210 207//207 953//870 
f 207//207 435//435 953//870 
f 435//435 210//210 953//870 
f 207//207 204//204 954//870 
f 204//204 444//444 954//870 
f 444//444 441//441 954//870 
f 441//441 438//438 954//870 
f 438//438 435//435 954//870 
f 435//435 207//207 954//870 
f 204//204 201//201 955//870 
f 201//201 450//450 955//870 
f 450//450 447//447 955//870 
f 447//447 444//444 955//870 
f 444//444 204//204 955//870 
f 201//201 198//198 956//870 
f 198//198 453//453 956//870 
f 453//453 450//450 956//870 
f 450//450 201//201 956//870 
f 198//198 195//195 957//870 
f 195//195 456//456 957//870 
f 456//456 453//453 957//870 
f 453//453 198//198 957//870 
f 195//195 192//192 958//870 
f 192//192 459//459 958//870 
f 459//459 456//456 958//870 
f 456//456 195//195 958//870 
f 192//192 189//189 959//870 
f 189//189 462//462 959//870 
f 462//462 459//459 959//870 
f 459//459 192//192 959//870 
f 189//189 186//186 960//870 
f 186//186 465//465 960//870 
f 465//465 462//462 960//870 
f 462//462 189//189 960//870 
f 186//186 183//183 961//870 
f 183//183 468//468 961//870 
f 468//468 465//465 961//870 
f 465//465 186//186 961//870 
f 183//183 180//180 962//870 
f 180//180 468//468 962//870 
f 468//468 183//183 962//870 
f 180//180 177//177 963//870 
f 177//177 474//474 963//870 
f 474//474 471//471 963//870 
f 471//471 468//468 963//870 
f 468//468 180//180 963//870 
f 177//177 174//174 964//870 
f 174//174 477//477 964//870 
f 477//477 474//474 964//870 
f 474//474 177//177 964//870 
f 174//174 171//171 965//870 
f 171//171 480//480 965//870 
f 480//480 477//477 965//870 
f 477//477 174//174 965//870 
f 171//171 168//168 966//870 
f 168//168 483//483 966//870 
f 483//483 480//480 966//870 
f 480//480 171//171 966//870 
f 168//168 165//165 967//870 
f 165//165 486//486 967//870 
f 486//486 483//483 967//870 
f 483//483 168//168 967//870 
f 165//165 162//162 968//870 
f 162//162 489//489 968//870 
f 489//489 486//486 968//870 
f 486//486 165//165 968//870 
f 162//162 159//159 969//870 
f 159//159 492//492 969//870 
f 492//492 489//489 969//870 
f 489//489 162//162 969//870 
f 159//159 156//156 970//870 
f 156//156 495//495 970//870 
f 495//495 492//492 970//870 
f 492//492 159//159 970//870 
f 156//156 153//153 971//870 
f 153//153 498//498 971//870 
f 498//498 495//495 971//870 
f 495//495 156//156 971//870 
f 153//153 150//150 972//870 
f 150//150 504//504 972//870 
f 504//504 501//501 972//870 
f 501//501 498//498 972//870 
f 498//498 153//153 972//870 
f 150//150 147//147 973//870 
f 147//147 507//507 973//870 
f 507//507 504//504 973//870 
f 504//504 150//150 973//870 
f 147//147 144//144 974//870 
f 144//144 510//510 974//870 
f 510//510 507//507 974//870 
f 507//507 147//147 974//870 
f 144//144 141//141 975//870 
f 141//141 513//513 975//870 
f 513//513 510//510 975//870 
f 510//510 144//144 975//870 
f 141//141 138//138 976//870 
f 138//138 516//516 976//870 
f 516//516 513//513 976//870 
f 513//513 141//141 976//870 
f 138//138 135//135 977//870 
f 135//135 516//516 977//870 
f 516//516 138//138 977//870 
f 432//432 429//429 978//870 
f 429//429 267//267 978//870 
f 267//267 264//264 978//870 
f 264//264 261//261 978//870 
f 261//261 432//432 978//870 
f 240//240 237//237 979//870 
f 237//237 246//246 979//870 
f 246//246 240//240 979//870 
f 237//237 234//234 980//870 
f 234//234 246//246 980//870 
f 246//246 237//237 980//870 
f 234//234 231//231 981//870 
f 231//231 246//246 981//870 
f 246//246 234//234 981//870 
f 231//231 228//228 982//870 
f 228//228 249//249 982//870 
f 249//249 246//246 982//870 
f 246//246 231//231 982//870 
f 228//228 225//225 983//870 
f 225//225 435//435 983//870 
f 435//435 432//432 983//870 
f 432//432 261//261 983//870 
f 261//261 258//258 983//870 
f 258//258 255//255 983//870 
f 255//255 252//252 983//870 
f 252//252 249//249 983//870 
f 249//249 228//228 983//870 
f 429//429 426//426 984//870 
f 426//426 273//273 984//870 
f 273//273 270//270 984//870 
f 270//270 267//267 984//870 
f 267//267 429//429 984//870 
f 426//426 423//423 985//870 
f 423//423 279//279 985//870 
f 279//279 276//276 985//870 
f 276//276 273//273 985//870 
f 273//273 426//426 985//870 
f 423//423 420//420 986//870 
f 420//420 288//288 986//870 
f 288//288 285//285 986//870 
f 285//285 282//282 986//870 
f 282//282 279//279 986//870 
f 279//279 423//423 986//870 
f 420//420 417//417 987//870 
f 417//417 297//297 987//870 
f 297//297 294//294 987//870 
f 294//294 291//291 987//870 
f 291//291 288//288 987//870 
f 288//288 420//420 987//870 
f 417//417 414//414 988//870 
f 414//414 303//303 988//870 
f 303//303 300//300 988//870 
f 300//300 297//297 988//870 
f 297//297 417//417 988//870 
f 414//414 411//411 989//870 
f 411//411 312//312 989//870 
f 312//312 309//309 989//870 
f 309//309 306//306 989//870 
f 306//306 303//303 989//870 
f 303//303 414//414 989//870 
f 411//411 408//408 990//870 
f 408//408 318//318 990//870 
f 318//318 315//315 990//870 
f 315//315 312//312 990//870 
f 312//312 411//411 990//870 
f 354//354 351//351 991//870 
f 351//351 348//348 991//870 
f 348//348 354//354 991//870 
f 348//348 345//345 992//870 
f 345//345 354//354 992//870 
f 354//354 348//348 992//870 
f 345//345 342//342 993//870 
f 342//342 360//360 993//870 
f 360//360 357//357 993//870 
f 357//357 354//354 993//870 
f 354//354 345//345 993//870 
f 342//342 339//339 994//870 
f 339//339 366//366 994//870 
f 366//366 363//363 994//870 
f 363//363 360//360 994//870 
f 360//360 342//342 994//870 
f 339//339 336//336 995//870 
f 336//336 372//372 995//870 
f 372//372 369//369 995//870 
f 369//369 366//366 995//870 
f 366//366 339//339 995//870 
f 336//336 333//333 996//870 
f 333//333 381//381 996//870 
f 381//381 378//378 996//870 
f 378//378 375//375 996//870 
f 375//375 372//372 996//870 
f 372//372 336//336 996//870 
f 333//333 330//330 997//870 
f 330//330 387//387 997//870 
f 387//387 384//384 997//870 
f 384//384 381//381 997//870 
f 381//381 333//333 997//870 
f 330//330 327//327 998//870 
f 327//327 393//393 998//870 
f 393//393 390//390 998//870 
f 390//390 387//387 998//870 
f 387//387 330//330 998//870 
f 327//327 324//324 999//870 
f 324//324 396//396 999//870 
f 396//396 393//393 999//870 
f 393//393 327//327 999//870 
f 324//324 321//321 1000//870 
f 321//321 318//318 1000//870 
f 318//318 408//408 1000//870 
f 408//408 405//405 1000//870 
f 405//405 402//402 1000//870 
f 402//402 399//399 1000//870 
f 399//399 396//396 1000//870 
f 396//396 324//324 1000//870 
f 851//850 854//853 1001//871 
f 854//853 761//761 1001//871 
f 761//761 851//850 1001//871 
f 854//853 857//856 1002//871 
f 857//856 761//761 1002//871 
f 761//761 854//853 1002//871 
f 857//856 860//859 1003//871 
f 860//859 752//752 1003//871 
f 752//752 755//755 1003//871 
f 755//755 758//758 1003//871 
f 758//758 761//761 1003//871 
f 761//761 857//856 1003//871 
f 860//859 863//862 1004//871 
f 863//862 737//737 1004//871 
f 737//737 740//740 1004//871 
f 740//740 743//743 1004//871 
f 743//743 746//746 1004//871 
f 746//746 749//749 1004//871 
f 749//749 752//752 1004//871 
f 752//752 860//859 1004//871 
f 863//862 866//865 1005//871 
f 866//865 728//728 1005//871 
f 728//728 731//731 1005//871 
f 731//731 734//734 1005//871 
f 734//734 737//737 1005//871 
f 737//737 863//862 1005//871 
f 866//865 869//868 1006//871 
f 869//868 713//713 1006//871 
f 713//713 716//716 1006//871 
f 716//716 719//719 1006//871 
f 719//719 722//722 1006//871 
f 722//722 725//725 1006//871 
f 725//725 728//728 1006//871 
f 728//728 866//865 1006//871 
f 869//868 767//767 1007//871 
f 767//767 704//704 1007//871 
f 704//704 707//707 1007//871 
f 707//707 710//710 1007//871 
f 710//710 713//713 1007//871 
f 713//713 869//868 1007//871 
f 767//767 766//766 1008//871 
f 766//766 704//704 1008//871 
f 704//704 767//767 1008//871 
f 766//766 770//770 1009//871 
f 770//770 701//701 1009//871 
f 701//701 704//704 1009//871 
f 704//704 766//766 1009//871 
f 770//770 773//773 1010//871 
f 773//773 695//695 1010//871 
f 695//695 698//698 1010//871 
f 698//698 701//701 1010//871 
f 701//701 770//770 1010//871 
f 773//773 776//776 1011//871 
f 776//776 692//692 1011//871 
f 692//692 695//695 1011//871 
f 695//695 773//773 1011//871 
f 776//776 779//779 1012//871 
f 779//779 689//689 1012//871 
f 689//689 692//692 1012//871 
f 692//692 776//776 1012//871 
f 779//779 782//782 1013//871 
f 782//782 686//686 1013//871 
f 686//686 689//689 1013//871 
f 689//689 779//779 1013//871 
f 782//782 785//785 1014//871 
f 785//785 683//683 1014//871 
f 683//683 686//686 1014//871 
f 686//686 782//782 1014//871 
f 785//785 788//788 1015//871 
f 788//788 680//680 1015//871 
f 680//680 683//683 1015//871 
f 683//683 785//785 1015//871 
f 788//788 791//790 1016//871 
f 791//790 677//677 1016//871 
f 677//677 680//680 1016//871 
f 680//680 788//788 1016//871 
f 791//790 794//793 1017//871 
f 794//793 674//674 1017//871 
f 674//674 677//677 1017//871 
f 677//677 791//790 1017//871 
f 794//793 797//796 1018//871 
f 797//796 671//671 1018//871 
f 671//671 674//674 1018//871 
f 674//674 794//793 1018//871 
f 797//796 800//799 1019//871 
f 800//799 668//668 1019//871 
f 668//668 671//671 1019//871 
f 671//671 797//796 1019//871 
f 800//799 803//802 1020//871 
f 803//802 662//662 1020//871 
f 662//662 665//665 1020//871 
f 665//665 668//668 1020//871 
f 668//668 800//799 1020//871 
f 803//802 806//805 1021//871 
f 806//805 659//659 1021//871 
f 659//659 662//662 1021//871 
f 662//662 803//802 1021//871 
f 806//805 809//808 1022//871 
f 809//808 656//656 1022//871 
f 656//656 659//659 1022//871 
f 659//659 806//805 1022//871 
f 809//808 812//811 1023//871 
f 812//811 653//653 1023//871 
f 653//653 656//656 1023//871 
f 656//656 809//808 1023//871 
f 812//811 815//814 1024//871 
f 815//814 650//650 1024//871 
f 650//650 653//653 1024//871 
f 653//653 812//811 1024//871 
f 815//814 818//817 1025//871 
f 818//817 650//650 1025//871 
f 650//650 815//814 1025//871 
f 818//817 821//820 1026//871 
f 821//820 647//647 1026//871 
f 647//647 650//650 1026//871 
f 650//650 818//817 1026//871 
f 821//820 824//823 1027//871 
f 824//823 644//644 1027//871 
f 644//644 647//647 1027//871 
f 647//647 821//820 1027//871 
f 824//823 827//826 1028//871 
f 827//826 641//641 1028//871 
f 641//641 644//644 1028//871 
f 644//644 824//823 1028//871 
f 827//826 830//829 1029//871 
f 830//829 641//641 1029//871 
f 641//641 827//826 1029//871 
f 830//829 833//832 1030//871 
f 833//832 635//635 1030//871 
f 635//635 638//638 1030//871 
f 638//638 641//641 1030//871 
f 641//641 830//829 1030//871 
f 833//832 836//835 1031//871 
f 836//835 632//632 1031//871 
f 632//632 635//635 1031//871 
f 635//635 833//832 1031//871 
f 836//835 839//838 1032//871 
f 839//838 629//629 1032//871 
f 629//629 632//632 1032//871 
f 632//632 836//835 1032//871 
f 839//838 842//841 1033//871 
f 842//841 623//623 1033//871 
f 623//623 626//626 1033//871 
f 626//626 629//629 1033//871 
f 629//629 839//838 1033//871 
f 842//841 845//844 1034//871 
f 845//844 572//572 1034//871 
f 572//572 575//575 1034//871 
f 575//575 578//578 1034//871 
f 578//578 581//581 1034//871 
f 581//581 584//584 1034//871 
f 584//584 587//587 1034//871 
f 587//587 590//590 1034//871 
f 590//590 593//593 1034//871 
f 593//593 596//596 1034//871 
f 596//596 599//599 1034//871 
f 599//599 602//602 1034//871 
f 602//602 605//605 1034//871 
f 605//605 608//608 1034//871 
f 608//608 611//611 1034//871 
f 611//611 614//614 1034//871 
f 614//614 617//617 1034//871 
f 617//617 620//620 1034//871 
f 620//620 623//623 1034//871 
f 623//623 842//841 1034//871 
f 845//844 848//847 872//871 
f 761//761 572//572 872//871 
f 572//572 845//844 872//871 
f 761//761 5//5 1035//871 
f 5//5 572//572 1035//871 
f 572//572 761//761 1035//871 
f 5//5 4//4 1036//871 
f 4//4 572//572 1036//871 
f 572//572 5//5 1036//871 
f 4//4 8//8 1037//871 
f 8//8 572//572 1037//871 
f 572//572 4//4 1037//871 
f 8//8 11//11 1038//871 
f 11//11 572//572 1038//871 
f 572//572 8//8 1038//871 
f 11//11 14//14 1039//871 
f 14//14 572//572 1039//871 
f 572//572 11//11 1039//871 
f 14//14 17//17 1040//871 
f 17//17 572//572 1040//871 
f 572//572 14//14 1040//871 
f 17//17 20//20 1041//871 
f 20//20 572//572 1041//871 
f 572//572 17//17 1041//871 
f 20//20 23//23 1042//871 
f 23//23 572//572 1042//871 
f 572//572 20//20 1042//871 
f 23//23 26//26 1043//871 
f 26//26 572//572 1043//871 
f 572//572 23//23 1043//871 
f 26//26 29//29 1044//871 
f 29//29 572//572 1044//871 
f 572//572 26//26 1044//871 
f 29//29 32//32 1045//871 
f 32//32 572//572 1045//871 
f 572//572 29//29 1045//871 
f 32//32 35//35 1046//871 
f 35//35 572//572 1046//871 
f 572//572 32//32 1046//871 
f 35//35 38//38 1047//871 
f 38//38 572//572 1047//871 
f 572//572 35//35 1047//871 
f 38//38 41//41 1048//871 
f 41//41 569//569 1048//871 
f 569//569 572//572 1048//871 
f 572//572 38//38 1048//871 
f 41//41 44//44 1049//871 
f 44//44 560//560 1049//871 
f 560//560 563//563 1049//871 
f 563//563 566//566 1049//871 
f 566//566 569//569 1049//871 
f 569//569 41//41 1049//871 
f 44//44 47//47 1050//871 
f 47//47 554//554 1050//871 
f 554//554 557//557 1050//871 
f 557//557 560//560 1050//871 
f 560//560 44//44 1050//871 
f 47//47 50//50 1051//871 
f 50//50 548//548 1051//871 
f 548//548 551//551 1051//871 
f 551//551 554//554 1051//871 
f 554//554 47//47 1051//871 
f 50//50 53//53 1052//871 
f 53//53 542//542 1052//871 
f 542//542 545//545 1052//871 
f 545//545 548//548 1052//871 
f 548//548 50//50 1052//871 
f 53//53 56//56 1053//871 
f 56//56 539//539 1053//871 
f 539//539 542//542 1053//871 
f 542//542 53//53 1053//871 
f 56//56 59//59 1054//871 
f 59//59 539//539 1054//871 
f 539//539 56//56 1054//871 
f 59//59 62//62 1055//871 
f 62//62 536//536 1055//871 
f 536//536 539//539 1055//871 
f 539//539 59//59 1055//871 
f 62//62 65//65 1056//871 
f 65//65 533//533 1056//871 
f 533//533 536//536 1056//871 
f 536//536 62//62 1056//871 
f 65//65 68//68 1057//871 
f 68//68 530//530 1057//871 
f 530//530 533//533 1057//871 
f 533//533 65//65 1057//871 
f 68//68 71//71 1058//871 
f 71//71 527//527 1058//871 
f 527//527 530//530 1058//871 
f 530//530 68//68 1058//871 
f 71//71 74//74 1059//871 
f 74//74 524//524 1059//871 
f 524//524 527//527 1059//871 
f 527//527 71//71 1059//871 
f 74//74 77//77 1060//871 
f 77//77 521//521 1060//871 
f 521//521 524//524 1060//871 
f 524//524 74//74 1060//871 
f 77//77 80//80 1061//871 
f 80//80 521//521 1061//871 
f 521//521 77//77 1061//871 
f 80//80 83//83 1062//871 
f 83//83 518//518 1062//871 
f 518//518 521//521 1062//871 
f 521//521 80//80 1062//871 
f 83//83 86//86 1063//871 
f 86//86 518//518 1063//871 
f 518//518 83//83 1063//871 
f 86//86 89//89 1064//871 
f 89//89 131//131 1064//871 
f 131//131 134//134 1064//871 
f 134//134 518//518 1064//871 
f 518//518 86//86 1064//871 
f 89//89 92//92 1065//871 
f 92//92 128//128 1065//871 
f 128//128 131//131 1065//871 
f 131//131 89//89 1065//871 
f 134//134 137//137 1066//871 
f 137//137 518//518 1066//871 
f 518//518 134//134 1066//871 
f 137//137 140//140 1067//871 
f 140//140 518//518 1067//871 
f 518//518 137//137 1067//871 
f 140//140 143//143 1068//871 
f 143//143 515//515 1068//871 
f 515//515 518//518 1068//871 
f 518//518 140//140 1068//871 
f 143//143 146//146 1069//871 
f 146//146 512//512 1069//871 
f 512//512 515//515 1069//871 
f 515//515 143//143 1069//871 
f 146//146 149//149 1070//871 
f 149//149 509//509 1070//871 
f 509//509 512//512 1070//871 
f 512//512 146//146 1070//871 
f 149//149 152//152 1071//871 
f 152//152 506//506 1071//871 
f 506//506 509//509 1071//871 
f 509//509 149//149 1071//871 
f 152//152 155//155 1072//871 
f 155//155 500//500 1072//871 
f 500//500 503//503 1072//871 
f 503//503 506//506 1072//871 
f 506//506 152//152 1072//871 
f 155//155 158//158 1073//871 
f 158//158 497//497 1073//871 
f 497//497 500//500 1073//871 
f 500//500 155//155 1073//871 
f 158//158 161//161 1074//871 
f 161//161 494//494 1074//871 
f 494//494 497//497 1074//871 
f 497//497 158//158 1074//871 
f 161//161 164//164 1075//871 
f 164//164 491//491 1075//871 
f 491//491 494//494 1075//871 
f 494//494 161//161 1075//871 
f 164//164 167//167 1076//871 
f 167//167 488//488 1076//871 
f 488//488 491//491 1076//871 
f 491//491 164//164 1076//871 
f 167//167 170//170 1077//871 
f 170//170 485//485 1077//871 
f 485//485 488//488 1077//871 
f 488//488 167//167 1077//871 
f 170//170 173//173 1078//871 
f 173//173 482//482 1078//871 
f 482//482 485//485 1078//871 
f 485//485 170//170 1078//871 
f 173//173 176//176 1079//871 
f 176//176 479//479 1079//871 
f 479//479 482//482 1079//871 
f 482//482 173//173 1079//871 
f 176//176 179//179 1080//871 
f 179//179 476//476 1080//871 
f 476//476 479//479 1080//871 
f 479//479 176//176 1080//871 
f 179//179 182//182 1081//871 
f 182//182 470//470 1081//871 
f 470//470 473//473 1081//871 
f 473//473 476//476 1081//871 
f 476//476 179//179 1081//871 
f 182//182 185//185 1082//871 
f 185//185 470//470 1082//871 
f 470//470 182//182 1082//871 
f 185//185 188//188 1083//871 
f 188//188 467//467 1083//871 
f 467//467 470//470 1083//871 
f 470//470 185//185 1083//871 
f 188//188 191//191 1084//871 
f 191//191 464//464 1084//871 
f 464//464 467//467 1084//871 
f 467//467 188//188 1084//871 
f 191//191 194//194 1085//871 
f 194//194 461//461 1085//871 
f 461//461 464//464 1085//871 
f 464//464 191//191 1085//871 
f 194//194 197//197 1086//871 
f 197//197 458//458 1086//871 
f 458//458 461//461 1086//871 
f 461//461 194//194 1086//871 
f 197//197 200//200 1087//871 
f 200//200 455//455 1087//871 
f 455//455 458//458 1087//871 
f 458//458 197//197 1087//871 
f 200//200 203//203 1088//871 
f 203//203 452//452 1088//871 
f 452//452 455//455 1088//871 
f 455//455 200//200 1088//871 
f 203//203 206//206 1089//871 
f 206//206 446//446 1089//871 
f 446//446 449//449 1089//871 
f 449//449 452//452 1089//871 
f 452//452 203//203 1089//871 
f 206//206 209//209 1090//871 
f 209//209 437//437 1090//871 
f 437//437 440//440 1090//871 
f 440//440 443//443 1090//871 
f 443//443 446//446 1090//871 
f 446//446 206//206 1090//871 
f 209//209 212//212 1091//871 
f 212//212 437//437 1091//871 
f 437//437 209//209 1091//871 
f 212//212 215//215 1092//871 
f 215//215 437//437 1092//871 
f 437//437 212//212 1092//871 
f 215//215 218//218 1093//871 
f 218//218 437//437 1093//871 
f 437//437 215//215 1093//871 
f 218//218 221//221 1094//871 
f 221//221 437//437 1094//871 
f 437//437 218//218 1094//871 
f 221//221 224//224 1095//871 
f 224//224 437//437 1095//871 
f 437//437 221//221 1095//871 
f 320//320 323//323 1096//871 
f 323//323 326//326 1096//871 
f 326//326 398//398 1096//871 
f 398//398 401//401 1096//871 
f 401//401 404//404 1096//871 
f 404//404 407//407 1096//871 
f 407//407 410//410 1096//871 
f 410//410 320//320 1096//871 
f 227//227 230//230 1097//871 
f 230//230 251//251 1097//871 
f 251//251 227//227 1097//871 
f 326//326 329//329 1098//871 
f 329//329 395//395 1098//871 
f 395//395 398//398 1098//871 
f 398//398 326//326 1098//871 
f 410//410 413//413 1099//871 
f 413//413 314//314 1099//871 
f 314//314 317//317 1099//871 
f 317//317 320//320 1099//871 
f 320//320 410//410 1099//871 
f 413//413 416//416 1100//871 
f 416//416 305//305 1100//871 
f 305//305 308//308 1100//871 
f 308//308 311//311 1100//871 
f 311//311 314//314 1100//871 
f 314//314 413//413 1100//871 
f 416//416 419//419 1101//871 
f 419//419 299//299 1101//871 
f 299//299 302//302 1101//871 
f 302//302 305//305 1101//871 
f 305//305 416//416 1101//871 
f 419//419 422//422 1102//871 
f 422//422 290//290 1102//871 
f 290//290 293//293 1102//871 
f 293//293 296//296 1102//871 
f 296//296 299//299 1102//871 
f 299//299 419//419 1102//871 
f 422//422 425//425 1103//871 
f 425//425 281//281 1103//871 
f 281//281 284//284 1103//871 
f 284//284 287//287 1103//871 
f 287//287 290//290 1103//871 
f 290//290 422//422 1103//871 
f 425//425 428//428 1104//871 
f 428//428 275//275 1104//871 
f 275//275 278//278 1104//871 
f 278//278 281//281 1104//871 
f 281//281 425//425 1104//871 
f 428//428 431//431 1105//871 
f 431//431 269//269 1105//871 
f 269//269 272//272 1105//871 
f 272//272 275//275 1105//871 
f 275//275 428//428 1105//871 
f 431//431 434//434 1106//871 
f 434//434 263//263 1106//871 
f 263//263 266//266 1106//871 
f 266//266 269//269 1106//871 
f 269//269 431//431 1106//871 
f 434//434 437//437 1107//871 
f 437//437 224//224 1107//871 
f 224//224 227//227 1107//871 
f 227//227 251//251 1107//871 
f 251//251 254//254 1107//871 
f 254//254 257//257 1107//871 
f 257//257 260//260 1107//871 
f 260//260 263//263 1107//871 
f 263//263 434//434 1107//871 
f 329//329 332//332 1108//871 
f 332//332 389//389 1108//871 
f 389//389 392//392 1108//871 
f 392//392 395//395 1108//871 
f 395//395 329//329 1108//871 
f 332//332 335//335 1109//871 
f 335//335 383//383 1109//871 
f 383//383 386//386 1109//871 
f 386//386 389//389 1109//871 
f 389//389 332//332 1109//871 
f 335//335 338//338 1110//871 
f 338//338 374//374 1110//871 
f 374//374 377//377 1110//871 
f 377//377 380//380 1110//871 
f 380//380 383//383 1110//871 
f 383//383 335//335 1110//871 
f 338//338 341//341 1111//871 
f 341//341 368//368 1111//871 
f 368//368 371//371 1111//871 
f 371//371 374//374 1111//871 
f 374//374 338//338 1111//871 
f 341//341 344//344 1112//871 
f 344//344 362//362 1112//871 
f 362//362 365//365 1112//871 
f 365//365 368//368 1112//871 
f 368//368 341//341 1112//871 
f 344//344 347//347 1113//871 
f 347//347 356//356 1113//871 
f 356//356 359//359 1113//871 
f 359//359 362//362 1113//871 
f 362//362 344//344 1113//871 
f 347//347 350//350 1114//871 
f 350//350 356//356 1114//871 
f 356//356 347//347 1114//871 
f 350//350 353//353 1115//871 
f 353//353 356//356 1115//871 
f 356//356 350//350 1115//871 
f 230//230 233//233 1116//871 
f 233//233 248//248 1116//871 
f 248//248 251//251 1116//871 
f 251//251 230//230 1116//871 
f 233//233 236//236 1117//871 
f 236//236 248//248 1117//871 
f 248//248 233//233 1117//871 
f 236//236 239//239 1118//871 
f 239//239 248//248 1118//871 
f 248//248 236//236 1118//871 
f 239//239 242//242 1119//871 
f 242//242 248//248 1119//871 
f 248//248 239//239 1119//871 
f 242//242 245//245 1120//871 
f 245//245 248//248 1120//871 
f 248//248 242//242 1120//871 
f 92//92 95//95 1121//871 
f 95//95 125//125 1121//871 
f 125//125 128//128 1121//871 
f 128//128 92//92 1121//871 
f 95//95 98//98 1122//871 
f 98//98 122//122 1122//871 
f 122//122 125//125 1122//871 
f 125//125 95//95 1122//871 
f 98//98 101//101 1123//871 
f 101//101 119//119 1123//871 
f 119//119 122//122 1123//871 
f 122//122 98//98 1123//871 
f 101//101 104//104 1124//871 
f 104//104 116//116 1124//871 
f 116//116 119//119 1124//871 
f 119//119 101//101 1124//871 
f 104//104 107//107 1125//871 
f 107//107 110//110 1125//871 
f 110//110 113//113 1125//871 
f 113//113 104//104 1125//871 
f 113//113 116//116 1126//871 
f 116//116 104//104 1126//871 
f 104//104 113//113 1126//871 
# 2 polygons - 2248 triangles

