# 3ds Max Wavefront OBJ Exporter v0.97b - (c)2007 guruware
# File Created: 07.12.2021 20:36:44

#
# object Number_8
#

v  809.6983 0.0000 196.0508
v  809.6514 0.0000 196.1893
v  809.6749 5.0000 196.1200
v  809.6514 10.0000 196.1893
v  809.6983 10.0000 196.0508
v  809.5732 0.0000 196.3315
v  809.6123 5.0000 196.2604
v  809.5732 10.0000 196.3315
v  809.4637 0.0000 196.4774
v  809.5185 5.0000 196.4044
v  809.4637 10.0000 196.4774
v  809.3230 0.0000 196.6269
v  809.3934 5.0000 196.5522
v  809.3230 10.0000 196.6269
v  809.1510 0.0000 196.7801
v  809.2370 5.0000 196.7035
v  809.1510 10.0000 196.7801
v  808.9477 0.0000 196.9370
v  809.0494 5.0000 196.8586
v  808.9477 10.0000 196.9370
v  808.7131 0.0000 197.0975
v  808.8304 5.0000 197.0172
v  808.7131 10.0000 197.0975
v  808.4473 0.0000 197.2617
v  808.5803 5.0000 197.1796
v  808.4473 10.0000 197.2617
v  808.1733 0.0000 197.4185
v  808.3103 5.0000 197.3401
v  808.1733 10.0000 197.4185
v  807.9141 0.0000 197.5569
v  808.0437 5.0000 197.4877
v  807.9141 10.0000 197.5569
v  807.6699 0.0000 197.6768
v  807.7920 5.0000 197.6168
v  807.6699 10.0000 197.6768
v  807.4405 0.0000 197.7782
v  807.5552 5.0000 197.7275
v  807.4405 10.0000 197.7782
v  807.2260 0.0000 197.8613
v  807.3332 5.0000 197.8198
v  807.2260 10.0000 197.8613
v  807.0263 0.0000 197.9258
v  807.1261 5.0000 197.8936
v  807.0263 10.0000 197.9258
v  806.8415 0.0000 197.9720
v  806.9339 5.0000 197.9489
v  806.8415 10.0000 197.9720
v  806.6716 0.0000 197.9996
v  806.7566 5.0000 197.9858
v  806.6716 10.0000 197.9996
v  806.5166 0.0000 198.0089
v  806.5941 5.0000 198.0042
v  806.5166 10.0000 198.0089
v  805.9149 0.0000 197.9477
v  806.2158 5.0000 197.9783
v  805.9149 10.0000 197.9477
v  805.2358 0.0000 197.7642
v  805.5754 5.0000 197.8560
v  805.2358 10.0000 197.7642
v  804.4792 0.0000 197.4585
v  804.8575 5.0000 197.6114
v  804.4792 10.0000 197.4585
v  803.6452 0.0000 197.0304
v  804.0623 5.0000 197.2445
v  803.6452 10.0000 197.0304
v  802.7338 0.0000 196.4801
v  803.1895 5.0000 196.7552
v  802.7338 10.0000 196.4801
v  801.7448 0.0000 195.8074
v  802.2393 5.0000 196.1437
v  801.7448 10.0000 195.8074
v  800.6784 0.0000 195.0125
v  801.2116 5.0000 195.4099
v  800.6784 10.0000 195.0125
v  799.5345 0.0000 194.0952
v  800.1064 5.0000 194.5538
v  799.5345 10.0000 194.0952
v  798.3132 0.0000 193.0556
v  798.9239 5.0000 193.5754
v  798.3132 10.0000 193.0556
v  797.1367 0.0000 192.0678
v  797.7250 5.0000 192.5617
v  797.1367 10.0000 192.0678
v  796.0197 0.0000 191.1962
v  796.5781 5.0000 191.6320
v  796.0197 10.0000 191.1962
v  794.9622 0.0000 190.4408
v  795.4909 5.0000 190.8185
v  794.9622 10.0000 190.4408
v  793.9643 0.0000 189.8016
v  794.4633 5.0000 190.1212
v  793.9643 10.0000 189.8016
v  793.0260 0.0000 189.2787
v  793.4951 5.0000 189.5401
v  793.0260 10.0000 189.2787
v  792.1472 0.0000 188.8719
v  792.5866 5.0000 189.0753
v  792.1472 10.0000 188.8719
v  791.3280 0.0000 188.5814
v  791.7376 5.0000 188.7266
v  791.3280 10.0000 188.5814
v  790.5684 0.0000 188.4071
v  790.9482 5.0000 188.4942
v  790.5684 10.0000 188.4071
v  789.8683 0.0000 188.3489
v  790.2184 5.0000 188.3780
v  789.8683 10.0000 188.3489
v  788.7544 0.0000 188.4364
v  789.3113 5.0000 188.3927
v  788.7544 10.0000 188.4364
v  787.7714 0.0000 188.6988
v  788.2629 5.0000 188.5676
v  787.7714 10.0000 188.6988
v  786.9196 0.0000 189.1360
v  787.3455 5.0000 188.9174
v  786.9196 10.0000 189.1360
v  786.1987 0.0000 189.7482
v  786.5591 5.0000 189.4421
v  786.1987 10.0000 189.7482
v  785.6089 0.0000 190.5353
v  785.9038 5.0000 190.1418
v  785.6089 10.0000 190.5353
v  785.1502 0.0000 191.4974
v  785.3796 5.0000 191.0164
v  785.1502 10.0000 191.4974
v  784.8226 0.0000 192.6343
v  784.9864 5.0000 192.0658
v  784.8226 10.0000 192.6343
v  784.6260 0.0000 193.9461
v  784.7243 5.0000 193.2902
v  784.6260 10.0000 193.9461
v  784.5604 0.0000 195.4329
v  784.5932 5.0000 194.6895
v  784.5604 10.0000 195.4329
v  783.9185 0.0000 195.1063
v  784.2394 5.0000 195.2696
v  783.9185 10.0000 195.1063
v  783.3520 0.0000 194.6232
v  783.6352 5.0000 194.8647
v  783.3520 10.0000 194.6232
v  782.8610 0.0000 193.9833
v  783.1065 5.0000 194.3033
v  782.8610 10.0000 193.9833
v  782.4456 0.0000 193.1868
v  782.6533 5.0000 193.5851
v  782.4456 10.0000 193.1868
v  782.1057 0.0000 192.2337
v  782.2757 5.0000 192.7103
v  782.1057 10.0000 192.2337
v  781.8414 0.0000 191.1239
v  781.9736 5.0000 191.6788
v  781.8414 10.0000 191.1239
v  781.6525 0.0000 189.8575
v  781.7469 5.0000 190.4907
v  781.6525 10.0000 189.8575
v  781.5392 0.0000 188.4344
v  781.5959 5.0000 189.1460
v  781.5392 10.0000 188.4344
v  781.5015 0.0000 186.8547
v  781.5204 5.0000 187.6445
v  781.5015 10.0000 186.8547
v  781.6509 0.0000 184.2286
v  781.5762 5.0000 185.5416
v  781.6509 10.0000 184.2286
v  782.0994 0.0000 181.9114
v  781.8752 5.0000 183.0700
v  782.0994 10.0000 181.9114
v  782.8468 0.0000 179.9032
v  782.4731 5.0000 180.9073
v  782.8468 10.0000 179.9032
v  783.8931 0.0000 178.2040
v  783.3699 5.0000 179.0536
v  783.8931 10.0000 178.2040
v  785.2384 0.0000 176.8137
v  784.5657 5.0000 177.5089
v  785.2384 10.0000 176.8137
v  786.8826 0.0000 175.7324
v  786.0605 5.0000 176.2730
v  786.8826 10.0000 175.7324
v  788.8258 0.0000 174.9600
v  787.8542 5.0000 175.3462
v  788.8258 10.0000 174.9600
v  791.0680 0.0000 174.4966
v  789.9469 5.0000 174.7283
v  791.0680 10.0000 174.4966
v  793.6091 0.0000 174.3421
v  792.3385 5.0000 174.4193
v  793.6091 10.0000 174.3421
v  799.3295 0.0000 174.6062
v  796.4693 5.0000 174.4742
v  799.3295 10.0000 174.6062
v  805.1129 0.0000 174.8251
v  802.2212 5.0000 174.7157
v  805.1129 10.0000 174.8251
v  808.7231 0.0000 174.6039
v  806.9180 5.0000 174.7145
v  808.7231 10.0000 174.6039
v  811.9511 0.0000 173.9403
v  810.3371 5.0000 174.2721
v  811.9511 10.0000 173.9403
v  814.7968 0.0000 172.8344
v  813.3740 5.0000 173.3874
v  814.7968 10.0000 172.8344
v  817.2603 0.0000 171.2861
v  816.0286 5.0000 172.0603
v  817.2603 10.0000 171.2861
v  819.3416 0.0000 169.2954
v  818.3010 5.0000 170.2908
v  819.3416 10.0000 169.2954
v  821.0406 0.0000 166.8624
v  820.1910 5.0000 168.0789
v  821.0406 10.0000 166.8624
v  822.3573 0.0000 163.9869
v  821.6989 5.0000 165.4247
v  822.3573 10.0000 163.9869
v  823.2918 0.0000 160.6691
v  822.8246 5.0000 162.3280
v  823.2918 10.0000 160.6691
v  823.8441 0.0000 156.9090
v  823.5679 5.0000 158.7891
v  823.8441 10.0000 156.9090
v  815.6331 0.0000 151.4803
v  819.7386 5.0000 154.1946
v  815.6331 10.0000 151.4803
v  815.5919 0.0000 153.4883
v  815.6125 5.0000 152.4843
v  815.5919 10.0000 153.4883
v  815.4679 0.0000 155.3632
v  815.5299 5.0000 154.4258
v  815.4679 10.0000 155.3632
v  815.2614 0.0000 157.1051
v  815.3647 5.0000 156.2341
v  815.2614 10.0000 157.1051
v  814.9722 0.0000 158.7138
v  815.1168 5.0000 157.9094
v  814.9722 10.0000 158.7138
v  814.6005 0.0000 160.1895
v  814.7864 5.0000 159.4517
v  814.6005 10.0000 160.1895
v  814.1461 0.0000 161.5321
v  814.3734 5.0000 160.8608
v  814.1461 10.0000 161.5321
v  813.6092 0.0000 162.7416
v  813.8777 5.0000 162.1369
v  813.6092 10.0000 162.7416
v  812.9896 0.0000 163.8181
v  813.2994 5.0000 163.2798
v  812.9896 10.0000 163.8181
v  812.2874 0.0000 164.7614
v  812.6385 5.0000 164.2897
v  812.2874 10.0000 164.7614
v  811.4847 0.0000 165.5895
v  811.8860 5.0000 165.1755
v  811.4847 10.0000 165.5895
v  810.5636 0.0000 166.3202
v  811.0242 5.0000 165.9549
v  810.5636 10.0000 166.3202
v  809.5242 0.0000 166.9535
v  810.0439 5.0000 166.6369
v  809.5242 10.0000 166.9535
v  808.3663 0.0000 167.4893
v  808.9453 5.0000 167.2214
v  808.3663 10.0000 167.4893
v  807.0900 0.0000 167.9277
v  807.7281 5.0000 167.7085
v  807.0900 10.0000 167.9277
v  805.6954 0.0000 168.2687
v  806.3927 5.0000 168.0982
v  805.6954 10.0000 168.2687
v  804.1824 0.0000 168.5123
v  804.9389 5.0000 168.3905
v  804.1824 10.0000 168.5123
v  802.5510 0.0000 168.6584
v  803.3667 5.0000 168.5854
v  802.5510 10.0000 168.6584
v  800.8011 0.0000 168.7071
v  801.6761 5.0000 168.6828
v  800.8011 10.0000 168.7071
v  795.4958 0.0000 168.4656
v  798.1484 5.0000 168.5864
v  795.4958 10.0000 168.4656
v  790.1904 0.0000 168.2242
v  792.8431 5.0000 168.3449
v  790.1904 10.0000 168.2242
v  786.3056 0.0000 168.4514
v  788.2480 5.0000 168.3378
v  786.3056 10.0000 168.4514
v  782.8779 0.0000 169.1332
v  784.5917 5.0000 168.7923
v  782.8779 10.0000 169.1332
v  779.9072 0.0000 170.2696
v  781.3925 5.0000 169.7014
v  779.9072 10.0000 170.2696
v  777.3935 0.0000 171.8605
v  778.6503 5.0000 171.0651
v  777.3935 10.0000 171.8605
v  775.3369 0.0000 173.9060
v  776.3652 5.0000 172.8833
v  775.3369 10.0000 173.9060
v  773.7372 0.0000 176.4060
v  774.5370 5.0000 175.1560
v  773.7372 10.0000 176.4060
v  772.5947 0.0000 179.3605
v  773.1660 5.0000 177.8833
v  772.5947 10.0000 179.3605
v  771.9091 0.0000 182.7697
v  772.2519 5.0000 181.0651
v  771.9091 10.0000 182.7697
v  771.6806 0.0000 186.6333
v  771.7949 5.0000 184.7015
v  771.6806 10.0000 186.6333
v  771.7307 0.0000 188.3371
v  771.7056 5.0000 187.4852
v  771.7307 10.0000 188.3371
v  771.8811 0.0000 189.9581
v  771.8059 5.0000 189.1476
v  771.8811 10.0000 189.9581
v  772.1317 0.0000 191.4962
v  772.0064 5.0000 190.7272
v  772.1317 10.0000 191.4962
v  772.4826 0.0000 192.9515
v  772.3071 5.0000 192.2239
v  772.4826 10.0000 192.9515
v  772.9337 0.0000 194.3239
v  772.7081 5.0000 193.6377
v  772.9337 10.0000 194.3239
v  773.4851 0.0000 195.6134
v  773.2094 5.0000 194.9687
v  773.4851 10.0000 195.6134
v  774.1367 0.0000 196.8201
v  773.8109 5.0000 196.2168
v  774.1367 10.0000 196.8201
v  774.8886 0.0000 197.9439
v  774.5127 5.0000 197.3820
v  774.8886 10.0000 197.9439
v  775.7408 0.0000 198.9849
v  775.3147 5.0000 198.4644
v  775.7408 10.0000 198.9849
v  776.6625 0.0000 199.9289
v  776.2016 5.0000 199.4569
v  776.6625 10.0000 199.9289
v  777.6230 0.0000 200.7618
v  777.1428 5.0000 200.3454
v  777.6230 10.0000 200.7618
v  778.6225 0.0000 201.4837
v  778.1228 5.0000 201.1228
v  778.6225 10.0000 201.4837
v  779.6609 0.0000 202.0945
v  779.1417 5.0000 201.7891
v  779.6609 10.0000 202.0945
v  780.7381 0.0000 202.5943
v  780.1995 5.0000 202.3444
v  780.7381 10.0000 202.5943
v  781.8542 0.0000 202.9830
v  781.2961 5.0000 202.7887
v  781.8542 10.0000 202.9830
v  783.0092 0.0000 203.2607
v  782.4318 5.0000 203.1218
v  783.0092 10.0000 203.2607
v  784.2031 0.0000 203.4273
v  783.6062 5.0000 203.3440
v  784.2031 10.0000 203.4273
v  785.4359 0.0000 203.4828
v  784.8195 5.0000 203.4550
v  785.4359 10.0000 203.4828
v  786.0969 0.0000 203.4784
v  785.7664 5.0000 203.4806
v  786.0969 10.0000 203.4784
v  786.6802 0.0000 203.4651
v  786.3885 5.0000 203.4718
v  786.6802 10.0000 203.4651
v  787.1856 0.0000 203.4431
v  786.9329 5.0000 203.4541
v  787.1856 10.0000 203.4431
v  787.6133 0.0000 203.4122
v  787.3995 5.0000 203.4277
v  787.6133 10.0000 203.4122
v  787.9633 0.0000 203.3725
v  787.7883 5.0000 203.3924
v  787.9633 10.0000 203.3725
v  788.2355 0.0000 203.3240
v  788.0994 5.0000 203.3483
v  788.2355 10.0000 203.3240
v  788.4299 0.0000 203.2667
v  788.3327 5.0000 203.2954
v  788.4299 10.0000 203.2667
v  788.5465 0.0000 203.2005
v  788.4882 5.0000 203.2336
v  788.5465 10.0000 203.2005
v  788.5854 0.0000 203.1256
v  788.5660 5.0000 203.1631
v  788.5854 10.0000 203.1256
v  788.6018 0.0000 201.7844
v  788.5936 5.0000 202.4550
v  788.6018 10.0000 201.7844
v  788.6777 0.0000 200.5916
v  788.6398 5.0000 201.1880
v  788.6777 10.0000 200.5916
v  788.8132 0.0000 199.5473
v  788.7455 5.0000 200.0694
v  788.8132 10.0000 199.5473
v  789.0083 0.0000 198.6514
v  788.9108 5.0000 199.0993
v  789.0083 10.0000 198.6514
v  789.2629 0.0000 197.9040
v  789.1356 5.0000 198.2777
v  789.2629 10.0000 197.9040
v  789.5771 0.0000 197.3050
v  789.4200 5.0000 197.6045
v  789.5771 10.0000 197.3050
v  789.9509 0.0000 196.8545
v  789.7640 5.0000 197.0798
v  789.9509 10.0000 196.8545
v  790.3842 0.0000 196.5525
v  790.1675 5.0000 196.7035
v  790.3842 10.0000 196.5525
v  790.8771 0.0000 196.3989
v  790.6307 5.0000 196.4757
v  790.8771 10.0000 196.3989
v  791.3258 0.0000 196.4332
v  791.1014 5.0000 196.4160
v  791.3258 10.0000 196.4332
v  791.8132 0.0000 196.5364
v  791.5695 5.0000 196.4848
v  791.8132 10.0000 196.5364
v  792.3392 0.0000 196.7083
v  792.0762 5.0000 196.6223
v  792.3392 10.0000 196.7083
v  792.9040 0.0000 196.9489
v  792.6216 5.0000 196.8286
v  792.9040 10.0000 196.9489
v  793.5074 0.0000 197.2584
v  793.2057 5.0000 197.1037
v  793.5074 10.0000 197.2584
v  794.1497 0.0000 197.6365
v  793.8286 5.0000 197.4474
v  794.1497 10.0000 197.6365
v  794.8305 0.0000 198.0835
v  794.4901 5.0000 197.8600
v  794.8305 10.0000 198.0835
v  795.5500 0.0000 198.5992
v  795.1903 5.0000 198.3413
v  795.5500 10.0000 198.5992
v  796.3083 0.0000 199.1836
v  795.9292 5.0000 198.8914
v  796.3083 10.0000 199.1836
v  797.4943 0.0000 200.0859
v  796.9013 5.0000 199.6348
v  797.4943 10.0000 200.0859
v  798.6654 0.0000 200.8821
v  798.0798 5.0000 200.4840
v  798.6654 10.0000 200.8821
v  799.8215 0.0000 201.5721
v  799.2434 5.0000 201.2271
v  799.8215 10.0000 201.5721
v  800.9626 0.0000 202.1559
v  800.3920 5.0000 201.8640
v  800.9626 10.0000 202.1559
v  802.0887 0.0000 202.6336
v  801.5257 5.0000 202.3947
v  802.0887 10.0000 202.6336
v  803.2000 0.0000 203.0051
v  802.6443 5.0000 202.8193
v  803.2000 10.0000 203.0051
v  804.2961 0.0000 203.2705
v  803.7480 5.0000 203.1378
v  804.2961 10.0000 203.2705
v  805.3774 0.0000 203.4297
v  804.8368 5.0000 203.3501
v  805.3774 10.0000 203.4297
v  806.4437 0.0000 203.4828
v  805.9105 5.0000 203.4563
v  806.4437 10.0000 203.4828
v  807.6040 0.0000 203.4335
v  807.0238 5.0000 203.4582
v  807.6040 10.0000 203.4335
v  808.7249 0.0000 203.2858
v  808.1644 5.0000 203.3597
v  808.7249 10.0000 203.2858
v  809.8062 0.0000 203.0396
v  809.2655 5.0000 203.1627
v  809.8062 10.0000 203.0396
v  810.8480 0.0000 202.6949
v  810.3271 5.0000 202.8673
v  810.8480 10.0000 202.6949
v  811.8503 0.0000 202.2518
v  811.3492 5.0000 202.4734
v  811.8503 10.0000 202.2518
v  812.8132 0.0000 201.7101
v  812.3317 5.0000 201.9810
v  812.8132 10.0000 201.7101
v  813.7365 0.0000 201.0700
v  813.2748 5.0000 201.3901
v  813.7365 10.0000 201.0700
v  814.6203 0.0000 200.3314
v  814.1784 5.0000 200.7007
v  814.6203 10.0000 200.3314
v  815.4646 0.0000 199.4943
v  815.0424 5.0000 199.9129
v  815.4646 10.0000 199.4943
v  816.2433 0.0000 198.5893
v  815.8540 5.0000 199.0418
v  816.2433 10.0000 198.5893
v  816.9305 0.0000 197.6470
v  816.5869 5.0000 198.1182
v  816.9305 10.0000 197.6470
v  817.5260 0.0000 196.6675
v  817.2282 5.0000 197.1573
v  817.5260 10.0000 196.6675
v  818.0299 0.0000 195.6506
v  817.7780 5.0000 196.1590
v  818.0299 10.0000 195.6506
v  818.4421 0.0000 194.5964
v  818.2360 5.0000 195.1235
v  818.4421 10.0000 194.5964
v  818.7628 0.0000 193.5049
v  818.6025 5.0000 194.0507
v  818.7628 10.0000 193.5049
v  818.9919 0.0000 192.3762
v  818.8774 5.0000 192.9406
v  818.9919 10.0000 192.3762
v  819.1293 0.0000 191.2101
v  819.0606 5.0000 191.7931
v  819.1293 10.0000 191.2101
v  819.1751 0.0000 190.0067
v  819.1522 5.0000 190.6084
v  819.1751 10.0000 190.0067
v  819.1428 0.0000 189.0156
v  819.1590 5.0000 189.5112
v  819.1428 10.0000 189.0156
v  819.0460 0.0000 188.0826
v  819.0944 5.0000 188.5491
v  819.0460 10.0000 188.0826
v  818.8847 0.0000 187.2077
v  818.9654 5.0000 187.6451
v  818.8847 10.0000 187.2077
v  818.6588 0.0000 186.3910
v  818.7718 5.0000 186.7993
v  818.6588 10.0000 186.3910
v  818.3684 0.0000 185.6324
v  818.5136 5.0000 186.0117
v  818.3684 10.0000 185.6324
v  818.0135 0.0000 184.9319
v  818.1909 5.0000 185.2822
v  818.0135 10.0000 184.9319
v  817.5940 0.0000 184.2896
v  817.8037 5.0000 184.6108
v  817.5940 10.0000 184.2896
v  817.1100 0.0000 183.7054
v  817.3520 5.0000 183.9975
v  817.1100 10.0000 183.7054
v  816.5614 0.0000 183.1794
v  816.8357 5.0000 183.4424
v  816.5614 10.0000 183.1794
v  815.9713 0.0000 182.7100
v  816.2664 5.0000 182.9447
v  815.9713 10.0000 182.7100
v  815.3627 0.0000 182.2959
v  815.6671 5.0000 182.5030
v  815.3627 10.0000 182.2959
v  814.7357 0.0000 181.9370
v  815.0492 5.0000 182.1164
v  814.7357 10.0000 181.9370
v  814.0900 0.0000 181.6333
v  814.4128 5.0000 181.7851
v  814.0900 10.0000 181.6333
v  813.4259 0.0000 181.3848
v  813.7579 5.0000 181.5090
v  813.4259 10.0000 181.3848
v  812.7433 0.0000 181.1915
v  813.0846 5.0000 181.2881
v  812.7433 10.0000 181.1915
v  812.0421 0.0000 181.0535
v  812.3927 5.0000 181.1225
v  812.0421 10.0000 181.0535
v  811.3225 0.0000 180.9706
v  811.6823 5.0000 181.0120
v  811.3225 10.0000 180.9706
v  810.5844 0.0000 180.9430
v  810.9534 5.0000 180.9568
v  810.5844 10.0000 180.9430
v  809.8282 0.0000 180.9747
v  810.2063 5.0000 180.9589
v  809.8282 10.0000 180.9747
v  809.1085 0.0000 181.0697
v  809.4684 5.0000 181.0222
v  809.1085 10.0000 181.0697
v  808.4251 0.0000 181.2281
v  808.7668 5.0000 181.1489
v  808.4251 10.0000 181.2281
v  807.7781 0.0000 181.4499
v  808.1016 5.0000 181.3390
v  807.7781 10.0000 181.4499
v  807.1673 0.0000 181.7350
v  807.4727 5.0000 181.5924
v  807.1673 10.0000 181.7350
v  806.5929 0.0000 182.0834
v  806.8801 5.0000 181.9092
v  806.5929 10.0000 182.0834
v  806.0549 0.0000 182.4952
v  806.3239 5.0000 182.2893
v  806.0549 10.0000 182.4952
v  805.5532 0.0000 182.9704
v  805.8040 5.0000 182.7328
v  805.5532 10.0000 182.9704
v  805.0878 0.0000 183.5089
v  805.3204 5.0000 183.2397
v  805.0878 10.0000 183.5089
v  804.6654 0.0000 184.0825
v  804.8766 5.0000 183.7957
v  804.6654 10.0000 184.0825
v  804.2927 0.0000 184.6628
v  804.4791 5.0000 184.3726
v  804.2927 10.0000 184.6628
v  803.9697 0.0000 185.2497
v  804.1312 5.0000 184.9562
v  803.9697 10.0000 185.2497
v  803.6964 0.0000 185.8434
v  803.8331 5.0000 185.5466
v  803.6964 10.0000 185.8434
v  803.4728 0.0000 186.4438
v  803.5846 5.0000 186.1436
v  803.4728 10.0000 186.4438
v  803.2989 0.0000 187.0509
v  803.3859 5.0000 186.7473
v  803.2989 10.0000 187.0509
v  803.1746 0.0000 187.6647
v  803.2368 5.0000 187.3578
v  803.1746 10.0000 187.6647
v  803.1001 0.0000 188.2852
v  803.1374 5.0000 187.9750
v  803.1001 10.0000 188.2852
v  803.0753 0.0000 188.9124
v  803.0877 5.0000 188.5988
v  803.0753 10.0000 188.9124
v  803.1017 0.0000 189.4599
v  803.0885 5.0000 189.1862
v  803.1017 10.0000 189.4599
v  803.1810 0.0000 190.0022
v  803.1414 5.0000 189.7310
v  803.1810 10.0000 190.0022
v  803.3133 0.0000 190.5392
v  803.2472 5.0000 190.2707
v  803.3133 10.0000 190.5392
v  803.4984 0.0000 191.0710
v  803.4058 5.0000 190.8051
v  803.4984 10.0000 191.0710
v  803.7364 0.0000 191.5976
v  803.6174 5.0000 191.3343
v  803.7364 10.0000 191.5976
v  804.0273 0.0000 192.1190
v  803.8818 5.0000 191.8583
v  804.0273 10.0000 192.1190
v  804.3711 0.0000 192.6352
v  804.1992 5.0000 192.3771
v  804.3711 10.0000 192.6352
v  804.7678 0.0000 193.1461
v  804.5694 5.0000 192.8906
v  804.7678 10.0000 193.1461
v  805.2173 0.0000 193.6518
v  804.9925 5.0000 193.3990
v  805.2173 10.0000 193.6518
v  805.6959 0.0000 194.1270
v  805.4566 5.0000 193.8894
v  805.6959 10.0000 194.1270
v  806.1798 0.0000 194.5463
v  805.9379 5.0000 194.3366
v  806.1798 10.0000 194.5463
v  806.6689 0.0000 194.9096
v  806.4244 5.0000 194.7279
v  806.6689 10.0000 194.9096
v  807.1633 0.0000 195.2171
v  806.9161 5.0000 195.0634
v  807.1633 10.0000 195.2171
v  807.6630 0.0000 195.4687
v  807.4131 5.0000 195.3429
v  807.6630 10.0000 195.4687
v  808.1678 0.0000 195.6643
v  807.9154 5.0000 195.5665
v  808.1678 10.0000 195.6643
v  808.6779 0.0000 195.8041
v  808.4229 5.0000 195.7342
v  808.6779 10.0000 195.8041
v  809.1933 0.0000 195.8879
v  808.9356 5.0000 195.8460
v  809.1933 10.0000 195.8879
v  809.7139 0.0000 195.9159
v  809.4536 5.0000 195.9019
v  809.7139 10.0000 195.9159
v  809.7061 5.0000 195.9833
v  811.5128 0.0000 185.1697
v  812.1389 0.0000 185.2920
v  811.8258 5.0000 185.2308
v  812.1389 10.0000 185.2920
v  811.5128 10.0000 185.1697
v  812.6815 0.0000 185.4957
v  812.4102 5.0000 185.3938
v  812.6815 10.0000 185.4957
v  813.1406 0.0000 185.7809
v  812.9111 5.0000 185.6383
v  813.1406 10.0000 185.7809
v  813.5163 0.0000 186.1476
v  813.3285 5.0000 185.9643
v  813.5163 10.0000 186.1476
v  813.8085 0.0000 186.5959
v  813.6624 5.0000 186.3717
v  813.8085 10.0000 186.5959
v  814.0172 0.0000 187.1256
v  813.9128 5.0000 186.8607
v  814.0172 10.0000 187.1256
v  814.1424 0.0000 187.7368
v  814.0798 5.0000 187.4312
v  814.1424 10.0000 187.7368
v  814.1841 0.0000 188.4294
v  814.1633 5.0000 188.0831
v  814.1841 10.0000 188.4294
v  814.1424 0.0000 189.1221
v  814.1633 5.0000 188.7758
v  814.1424 10.0000 189.1221
v  814.0172 0.0000 189.7333
v  814.0798 5.0000 189.4277
v  814.0172 10.0000 189.7333
v  813.8085 0.0000 190.2630
v  813.9128 5.0000 189.9982
v  813.8085 10.0000 190.2630
v  813.5163 0.0000 190.7112
v  813.6624 5.0000 190.4872
v  813.5163 10.0000 190.7112
v  813.1406 0.0000 191.0780
v  813.3285 5.0000 190.8946
v  813.1406 10.0000 191.0780
v  812.6815 0.0000 191.3632
v  812.9111 5.0000 191.2206
v  812.6815 10.0000 191.3632
v  812.1389 0.0000 191.5669
v  812.4102 5.0000 191.4651
v  812.1389 10.0000 191.5669
v  811.5128 0.0000 191.6892
v  811.8258 5.0000 191.6281
v  811.5128 10.0000 191.6892
v  810.8032 0.0000 191.7299
v  811.1580 5.0000 191.7095
v  810.8032 10.0000 191.7299
v  810.0936 0.0000 191.6892
v  810.4484 5.0000 191.7095
v  810.0936 10.0000 191.6892
v  809.4675 0.0000 191.5669
v  809.7806 5.0000 191.6281
v  809.4675 10.0000 191.5669
v  808.9249 0.0000 191.3632
v  809.1962 5.0000 191.4651
v  808.9249 10.0000 191.3632
v  808.4658 0.0000 191.0780
v  808.6953 5.0000 191.2206
v  808.4658 10.0000 191.0780
v  808.0901 0.0000 190.7112
v  808.2779 5.0000 190.8946
v  808.0901 10.0000 190.7112
v  807.7979 0.0000 190.2630
v  807.9440 5.0000 190.4871
v  807.7979 10.0000 190.2630
v  807.5892 0.0000 189.7333
v  807.6935 5.0000 189.9982
v  807.5892 10.0000 189.7333
v  807.4640 0.0000 189.1221
v  807.5266 5.0000 189.4277
v  807.4640 10.0000 189.1221
v  807.4222 0.0000 188.4294
v  807.4431 5.0000 188.7758
v  807.4222 10.0000 188.4294
v  807.4640 0.0000 187.7368
v  807.4431 5.0000 188.0831
v  807.4640 10.0000 187.7368
v  807.5892 0.0000 187.1255
v  807.5266 5.0000 187.4312
v  807.5892 10.0000 187.1255
v  807.7979 0.0000 186.5959
v  807.6935 5.0000 186.8607
v  807.7979 10.0000 186.5959
v  808.0901 0.0000 186.1476
v  807.9440 5.0000 186.3717
v  808.0901 10.0000 186.1476
v  808.4658 0.0000 185.7809
v  808.2779 5.0000 185.9643
v  808.4658 10.0000 185.7809
v  808.9249 0.0000 185.4957
v  808.6953 5.0000 185.6383
v  808.9249 10.0000 185.4957
v  809.4675 0.0000 185.2920
v  809.1962 5.0000 185.3938
v  809.4675 10.0000 185.2920
v  810.0936 0.0000 185.1697
v  809.7806 5.0000 185.2308
v  810.0936 10.0000 185.1697
v  810.8032 0.0000 185.1290
v  810.4484 5.0000 185.1494
v  810.8032 10.0000 185.1290
v  811.1580 5.0000 185.1494
v  797.9131 0.0000 197.3953
v  811.7057 10.0000 194.9434
v  810.6766 10.0000 193.1116
v  797.0571 0.0000 195.9584
v  799.6458 0.0000 197.9470
v  800.7413 0.0000 198.6854
v  801.7908 0.0000 199.3096
v  802.7939 0.0000 199.8196
v  803.7509 0.0000 200.2153
v  804.8049 0.0000 201.0835
v  806.0632 0.0000 200.7173
v  806.5439 0.0000 199.8304
v  806.8902 0.0000 200.7220
v  807.1573 0.0000 199.7771
v  807.6453 0.0000 200.6266
v  807.7971 0.0000 199.6418
v  808.4103 0.0000 200.4451
v  808.4634 0.0000 199.4244
v  809.1854 0.0000 200.1775
v  809.1562 0.0000 199.1251
v  809.9647 0.0000 199.8265
v  809.8371 0.0000 198.7621
v  810.6906 0.0000 199.4198
v  810.4291 0.0000 198.3724
v  811.3341 0.0000 198.9711
v  811.8484 0.0000 198.5526
v  811.2816 0.0000 197.6174
v  812.3586 0.0000 198.0164
v  811.7057 0.0000 194.9434
v  813.4283 0.0000 194.1415
v  813.7623 0.0000 193.9785
v  814.0405 0.0000 193.7612
v  814.2631 0.0000 193.4895
v  814.4301 0.0000 193.1636
v  814.5414 0.0000 192.7833
v  817.5151 0.0000 193.1709
v  816.5643 0.0000 187.8641
v  816.8143 0.0000 186.8187
v  816.3603 0.0000 185.7151
v  815.7180 0.0000 184.7836
v  814.7974 0.0000 184.4545
v  814.3784 0.0000 183.6439
v  813.4144 0.0000 183.1485
v  812.3726 0.0000 182.8183
v  811.2530 0.0000 182.6532
v  810.3273 0.0000 183.0541
v  809.3846 0.0000 182.7468
v  808.3525 0.0000 183.0401
v  807.4412 0.0000 183.5181
v  806.6503 0.0000 184.1806
v  805.9868 0.0000 184.9995
v  805.4692 0.0000 185.8955
v  805.1042 0.0000 186.8401
v  804.8920 0.0000 187.8334
v  804.8326 0.0000 188.8418
v  804.6913 0.0000 189.9880
v  805.3298 0.0000 190.9568
v  805.8108 0.0000 191.7749
v  806.4473 0.0000 192.5428
v  807.1831 0.0000 193.5402
v  808.2773 0.0000 193.8560
v  809.2190 0.0000 194.4214
v  810.2036 0.0000 193.1116
v  810.6766 0.0000 193.1116
v  796.1075 0.0000 195.2109
v  794.9313 0.0000 195.6542
v  794.8920 0.0000 194.3678
v  794.0563 0.0000 193.8236
v  793.2697 0.0000 193.3718
v  792.5323 0.0000 193.0125
v  791.3058 0.0000 190.9029
v  788.2979 0.0000 190.9819
v  786.7571 0.0000 193.6700
v  787.1786 0.0000 195.8846
v  787.8002 0.0000 196.8806
v  787.6105 0.0000 197.3294
v  787.4606 0.0000 197.8772
v  787.3505 0.0000 198.5239
v  787.2800 0.0000 199.2696
v  797.3089 0.0000 171.5303
v  800.8939 0.0000 170.6573
v  792.5908 0.0000 171.3821
v  789.0974 0.0000 171.5330
v  786.2230 0.0000 172.0693
v  783.7265 0.0000 172.9872
v  781.6080 0.0000 174.2870
v  778.6415 0.0000 176.0559
v  777.8195 0.0000 179.3953
v  777.0635 0.0000 182.0676
v  776.6855 0.0000 185.1216
v  776.6130 0.0000 187.5649
v  775.7870 0.0000 189.6167
v  777.0270 0.0000 191.3573
v  777.3409 0.0000 192.6583
v  777.0214 0.0000 194.4356
v  778.0145 0.0000 196.1838
v  779.2479 0.0000 197.6564
v  780.6354 0.0000 198.8139
v  785.6288 0.0000 202.2364
v  802.7939 0.0000 171.6505
v  804.9969 0.0000 170.5354
v  806.6554 0.0000 171.4064
v  808.0598 0.0000 170.0070
v  809.6412 0.0000 170.7468
v  811.7089 0.0000 170.0121
v  813.5264 0.0000 169.0076
v  813.6775 0.0000 167.2124
v  815.4697 0.0000 167.2903
v  816.7452 0.0000 165.6794
v  817.7883 0.0000 163.7808
v  817.0347 0.0000 161.9028
v  818.8055 0.0000 160.8898
v  819.3424 0.0000 158.3492
v  818.1911 0.0000 156.4591
v  818.3013 0.0000 155.2535
v  818.3563 0.0000 153.9592
v  810.2036 10.0000 193.1116
v  809.2190 10.0000 194.4214
v  808.2773 10.0000 193.8560
v  807.1831 10.0000 193.5402
v  806.4473 10.0000 192.5428
v  805.8108 10.0000 191.7749
v  805.3298 10.0000 190.9568
v  804.6913 10.0000 189.9880
v  804.8326 10.0000 188.8418
v  804.8920 10.0000 187.8334
v  805.1042 10.0000 186.8401
v  805.4692 10.0000 185.8955
v  805.9868 10.0000 184.9995
v  806.6503 10.0000 184.1806
v  807.4412 10.0000 183.5181
v  808.3525 10.0000 183.0401
v  809.3846 10.0000 182.7468
v  810.3273 10.0000 183.0541
v  811.2530 10.0000 182.6532
v  812.3726 10.0000 182.8183
v  813.4144 10.0000 183.1485
v  814.3784 10.0000 183.6439
v  814.7974 10.0000 184.4545
v  815.7180 10.0000 184.7836
v  816.3603 10.0000 185.7151
v  816.8143 10.0000 186.8187
v  816.5643 10.0000 187.8641
v  817.5151 10.0000 193.1709
v  814.5414 10.0000 192.7833
v  814.4301 10.0000 193.1636
v  814.2631 10.0000 193.4895
v  814.0405 10.0000 193.7612
v  813.7623 10.0000 193.9785
v  813.4283 10.0000 194.1415
v  812.3586 10.0000 198.0164
v  811.2816 10.0000 197.6174
v  811.8484 10.0000 198.5526
v  811.3341 10.0000 198.9711
v  810.4291 10.0000 198.3724
v  810.6906 10.0000 199.4198
v  809.8371 10.0000 198.7621
v  809.9647 10.0000 199.8265
v  809.1562 10.0000 199.1251
v  809.1854 10.0000 200.1775
v  808.4634 10.0000 199.4244
v  808.4103 10.0000 200.4451
v  807.7971 10.0000 199.6418
v  807.6453 10.0000 200.6266
v  807.1573 10.0000 199.7771
v  806.8902 10.0000 200.7220
v  806.5439 10.0000 199.8304
v  806.0632 10.0000 200.7173
v  804.8049 10.0000 201.0835
v  803.7509 10.0000 200.2153
v  802.7939 10.0000 199.8196
v  801.7908 10.0000 199.3096
v  800.7413 10.0000 198.6854
v  799.6458 10.0000 197.9470
v  797.9131 10.0000 197.3953
v  787.2800 10.0000 199.2696
v  785.6288 10.0000 202.2364
v  787.3505 10.0000 198.5239
v  787.4606 10.0000 197.8772
v  787.6105 10.0000 197.3294
v  787.8002 10.0000 196.8806
v  787.1786 10.0000 195.8846
v  786.7571 10.0000 193.6700
v  788.2979 10.0000 190.9819
v  791.3058 10.0000 190.9029
v  792.5323 10.0000 193.0125
v  793.2697 10.0000 193.3718
v  794.0563 10.0000 193.8236
v  794.8920 10.0000 194.3678
v  794.9313 10.0000 195.6542
v  796.1075 10.0000 195.2109
v  797.0571 10.0000 195.9584
v  780.6354 10.0000 198.8139
v  779.2479 10.0000 197.6564
v  778.0145 10.0000 196.1838
v  777.0214 10.0000 194.4356
v  777.3409 10.0000 192.6583
v  777.0270 10.0000 191.3573
v  775.7870 10.0000 189.6167
v  776.6130 10.0000 187.5649
v  776.6855 10.0000 185.1216
v  777.0635 10.0000 182.0676
v  777.8195 10.0000 179.3953
v  778.6415 10.0000 176.0560
v  781.6080 10.0000 174.2870
v  783.7265 10.0000 172.9872
v  786.2230 10.0000 172.0693
v  789.0974 10.0000 171.5330
v  792.5908 10.0000 171.3821
v  818.3563 10.0000 153.9592
v  818.3013 10.0000 155.2535
v  818.1911 10.0000 156.4591
v  819.3424 10.0000 158.3492
v  818.8055 10.0000 160.8898
v  817.0347 10.0000 161.9028
v  817.7883 10.0000 163.7808
v  816.7452 10.0000 165.6794
v  815.4697 10.0000 167.2903
v  813.6775 10.0000 167.2124
v  813.5264 10.0000 169.0076
v  811.7089 10.0000 170.0121
v  809.6412 10.0000 170.7468
v  808.0598 10.0000 170.0070
v  806.6554 10.0000 171.4064
v  804.9969 10.0000 170.5354
v  802.7939 10.0000 171.6505
v  800.8939 10.0000 170.6573
v  797.3089 10.0000 171.5303
# 1026 vertices

vn -0.6652 -0.7316 -0.1494
vn -0.6280 -0.7275 -0.2764
vn -0.9472 0.0000 -0.3207
vn -0.6280 0.7275 -0.2764
vn -0.6652 0.7316 -0.1494
vn -0.5801 -0.7233 -0.3745
vn -0.8763 0.0000 -0.4818
vn -0.5801 0.7233 -0.3745
vn -0.5312 -0.7198 -0.4469
vn -0.7998 0.0000 -0.6002
vn -0.5312 0.7198 -0.4469
vn -0.4860 -0.7172 -0.4995
vn -0.7282 0.0000 -0.6853
vn -0.4860 0.7172 -0.4995
vn -0.4463 -0.7151 -0.5380
vn -0.6651 0.0000 -0.7468
vn -0.4463 0.7151 -0.5380
vn -0.4120 -0.7136 -0.5666
vn -0.6109 0.0000 -0.7917
vn -0.4120 0.7136 -0.5666
vn -0.3827 -0.7124 -0.5882
vn -0.5648 0.0000 -0.8252
vn -0.3827 0.7124 -0.5882
vn -0.3595 -0.7109 -0.6045
vn -0.5255 0.0000 -0.8508
vn -0.3595 0.7109 -0.6045
vn -0.3405 -0.7104 -0.6159
vn -0.4967 0.0000 -0.8679
vn -0.3405 0.7104 -0.6159
vn -0.3206 -0.7110 -0.6259
vn -0.4710 0.0000 -0.8821
vn -0.3206 0.7110 -0.6259
vn -0.2969 -0.7116 -0.6367
vn -0.4407 0.0000 -0.8977
vn -0.2969 0.7116 -0.6367
vn -0.2686 -0.7125 -0.6483
vn -0.4045 0.0000 -0.9146
vn -0.2686 0.7125 -0.6483
vn -0.2343 -0.7135 -0.6603
vn -0.3609 0.0000 -0.9326
vn -0.2343 0.7135 -0.6603
vn -0.1924 -0.7148 -0.6723
vn -0.3077 0.0000 -0.9515
vn -0.1924 0.7148 -0.6723
vn -0.1407 -0.7166 -0.6832
vn -0.2422 0.0000 -0.9702
vn -0.1407 0.7166 -0.6832
vn -0.0766 -0.7188 -0.6910
vn -0.1607 0.0000 -0.9870
vn -0.0766 0.7188 -0.6910
vn 0.0144 -0.7256 -0.6879
vn -0.0594 0.0000 -0.9982
vn 0.0144 0.7256 -0.6879
vn 0.1249 -0.7258 -0.6764
vn 0.1011 0.0000 -0.9949
vn 0.1249 0.7258 -0.6764
vn 0.2206 -0.7209 -0.6570
vn 0.2608 0.0000 -0.9654
vn 0.2206 0.7209 -0.6570
vn 0.2899 -0.7174 -0.6335
vn 0.3747 0.0000 -0.9272
vn 0.2899 0.7174 -0.6335
vn 0.3405 -0.7150 -0.6106
vn 0.4566 0.0000 -0.8897
vn 0.3405 0.7150 -0.6106
vn 0.3784 -0.7132 -0.5900
vn 0.5169 0.0000 -0.8561
vn 0.3784 0.7132 -0.5900
vn 0.4074 -0.7120 -0.5719
vn 0.5624 0.0000 -0.8269
vn 0.4074 0.7120 -0.5719
vn 0.4301 -0.7111 -0.5562
vn 0.5977 0.0000 -0.8017
vn 0.4301 0.7111 -0.5562
vn 0.4483 -0.7104 -0.5425
vn 0.6256 0.0000 -0.7801
vn 0.4483 0.7104 -0.5425
vn 0.4570 -0.7063 -0.5406
vn 0.6482 0.0000 -0.7615
vn 0.4570 0.7063 -0.5406
vn 0.4474 -0.7031 -0.5527
vn 0.6430 0.0000 -0.7659
vn 0.4474 0.7031 -0.5527
vn 0.4259 -0.7024 -0.5703
vn 0.6152 0.0000 -0.7884
vn 0.4259 0.7024 -0.5703
vn 0.3995 -0.7015 -0.5902
vn 0.5813 0.0000 -0.8137
vn 0.3995 0.7015 -0.5902
vn 0.3665 -0.7003 -0.6126
vn 0.5394 0.0000 -0.8421
vn 0.3665 0.7003 -0.6126
vn 0.3246 -0.6988 -0.6375
vn 0.4868 0.0000 -0.8735
vn 0.3246 0.6988 -0.6375
vn 0.2708 -0.6968 -0.6642
vn 0.4201 0.0000 -0.9075
vn 0.2708 0.6968 -0.6642
vn 0.2011 -0.6944 -0.6910
vn 0.3343 0.0000 -0.9425
vn 0.2011 0.6944 -0.6910
vn 0.1110 -0.6914 -0.7139
vn 0.2237 0.0000 -0.9747
vn 0.1110 0.6914 -0.7139
vn 0.0016 -0.6894 -0.7244
vn 0.0827 0.0000 -0.9966
vn 0.0016 0.6894 -0.7244
vn -0.1226 -0.6872 -0.7161
vn -0.0783 0.0000 -0.9969
vn -0.1226 0.6872 -0.7161
vn -0.2621 -0.6839 -0.6808
vn -0.2579 0.0000 -0.9662
vn -0.2621 0.6839 -0.6808
vn -0.4063 -0.6822 -0.6079
vn -0.4567 0.0000 -0.8896
vn -0.4063 0.6822 -0.6079
vn -0.5321 -0.6828 -0.5006
vn -0.6473 0.0000 -0.7622
vn -0.5321 0.6828 -0.5006
vn -0.6230 -0.6855 -0.3768
vn -0.8003 0.0000 -0.5996
vn -0.6230 0.6855 -0.3768
vn -0.6775 -0.6891 -0.2572
vn -0.9026 0.0000 -0.4304
vn -0.6775 0.6891 -0.2572
vn -0.7048 -0.6926 -0.1537
vn -0.9609 0.0000 -0.2769
vn -0.7048 0.6926 -0.1537
vn -0.7152 -0.6955 -0.0692
vn -0.9890 0.0000 -0.1482
vn -0.7152 0.6955 -0.0692
vn -0.1583 -0.9493 -0.2714
vn -0.9990 0.0000 -0.0440
vn -0.1583 0.9493 -0.2714
vn 0.3766 -0.7346 -0.5645
vn 0.4533 0.0000 -0.8913
vn 0.3766 0.7346 -0.5645
vn 0.4944 -0.7315 -0.4695
vn 0.6490 0.0000 -0.7608
vn 0.4944 0.7315 -0.4695
vn 0.5788 -0.7272 -0.3691
vn 0.7934 0.0000 -0.6087
vn 0.5788 0.7272 -0.3691
vn 0.6332 -0.7230 -0.2764
vn 0.8866 0.0000 -0.4624
vn 0.6332 0.7230 -0.2764
vn 0.6658 -0.7195 -0.1974
vn 0.9419 0.0000 -0.3359
vn 0.6658 0.7195 -0.1974
vn 0.6845 -0.7169 -0.1323
vn 0.9728 0.0000 -0.2317
vn 0.6845 0.7169 -0.1323
vn 0.6947 -0.7149 -0.0794
vn 0.9891 0.0000 -0.1475
vn 0.6947 0.7149 -0.0794
vn 0.6998 -0.7134 -0.0362
vn 0.9968 0.0000 -0.0794
vn 0.6998 0.7134 -0.0362
vn 0.6977 -0.7163 0.0115
vn 0.9997 0.0000 -0.0239
vn 0.6977 0.7163 0.0115
vn 0.6860 -0.7225 0.0855
vn 0.9984 0.0000 0.0568
vn 0.6860 0.7225 0.0855
vn 0.6619 -0.7261 0.1859
vn 0.9818 0.0000 0.1900
vn 0.6619 0.7261 0.1859
vn 0.6144 -0.7298 0.2999
vn 0.9372 0.0000 0.3488
vn 0.6144 0.7298 0.2999
vn 0.5378 -0.7323 0.4177
vn 0.8515 0.0000 0.5243
vn 0.5378 0.7323 0.4177
vn 0.4341 -0.7327 0.5241
vn 0.7186 0.0000 0.6954
vn 0.4341 0.7327 0.5241
vn 0.3153 -0.7307 0.6056
vn 0.5495 0.0000 0.8355
vn 0.3153 0.7307 0.6056
vn 0.1970 -0.7273 0.6575
vn 0.3694 0.0000 0.9293
vn 0.1970 0.7273 0.6575
vn 0.0910 -0.7236 0.6842
vn 0.2024 0.0000 0.9793
vn 0.0910 0.7236 0.6842
vn 0.0051 -0.7193 0.6947
vn 0.0607 0.0000 0.9982
vn 0.0051 0.7193 0.6947
vn -0.0297 -0.7062 0.7074
vn -0.0461 0.0000 0.9989
vn -0.0297 0.7062 0.7074
vn 0.0084 -0.6961 0.7179
vn -0.0378 0.0000 0.9993
vn 0.0084 0.6961 0.7179
vn 0.0950 -0.6915 0.7161
vn 0.0612 0.0000 0.9981
vn 0.0950 0.6915 0.7161
vn 0.2050 -0.6887 0.6954
vn 0.2014 0.0000 0.9795
vn 0.2050 0.6887 0.6954
vn 0.3267 -0.6863 0.6498
vn 0.3622 0.0000 0.9321
vn 0.3267 0.6863 0.6498
vn 0.4479 -0.6851 0.5745
vn 0.5321 0.0000 0.8467
vn 0.4479 0.6851 0.5745
vn 0.5528 -0.6855 0.4738
vn 0.6912 0.0000 0.7227
vn 0.5528 0.6855 0.4738
vn 0.6304 -0.6874 0.3606
vn 0.8199 0.0000 0.5725
vn 0.6304 0.6874 0.3606
vn 0.6793 -0.6901 0.2495
vn 0.9092 0.0000 0.4164
vn 0.6793 0.6901 0.2495
vn 0.7052 -0.6929 0.1504
vn 0.9625 0.0000 0.2711
vn 0.7052 0.6929 0.1504
vn 0.7276 -0.6040 -0.3253
vn 0.9894 0.0000 0.1453
vn 0.7276 0.6040 -0.3253
vn -0.3869 -0.5534 -0.7376
vn 0.5515 0.0000 -0.8342
vn -0.3869 0.5534 -0.7376
vn -0.7013 -0.7123 -0.0304
vn -0.9998 0.0000 -0.0206
vn -0.7013 0.7123 -0.0304
vn -0.6982 -0.7130 -0.0644
vn -0.9978 0.0000 -0.0659
vn -0.6982 0.7130 -0.0644
vn -0.6926 -0.7139 -0.1032
vn -0.9930 0.0000 -0.1177
vn -0.6926 0.7139 -0.1032
vn -0.6835 -0.7149 -0.1473
vn -0.9842 0.0000 -0.1769
vn -0.6835 0.7149 -0.1473
vn -0.6695 -0.7162 -0.1973
vn -0.9697 0.0000 -0.2443
vn -0.6695 0.7162 -0.1973
vn -0.6489 -0.7175 -0.2532
vn -0.9472 0.0000 -0.3206
vn -0.6489 0.7175 -0.2532
vn -0.6196 -0.7190 -0.3148
vn -0.9140 0.0000 -0.4058
vn -0.6196 0.7190 -0.3148
vn -0.5796 -0.7206 -0.3806
vn -0.8667 0.0000 -0.4989
vn -0.5796 0.7206 -0.3806
vn -0.5270 -0.7220 -0.4483
vn -0.8022 0.0000 -0.5971
vn -0.5270 0.7220 -0.4483
vn -0.4643 -0.7221 -0.5128
vn -0.7180 0.0000 -0.6960
vn -0.4643 0.7221 -0.5128
vn -0.3962 -0.7213 -0.5682
vn -0.6215 0.0000 -0.7834
vn -0.3962 0.7213 -0.5682
vn -0.3267 -0.7201 -0.6121
vn -0.5203 0.0000 -0.8540
vn -0.3267 0.7201 -0.6121
vn -0.2593 -0.7188 -0.6450
vn -0.4200 0.0000 -0.9075
vn -0.2593 0.7188 -0.6450
vn -0.1961 -0.7175 -0.6684
vn -0.3249 0.0000 -0.9458
vn -0.1961 0.7175 -0.6684
vn -0.1384 -0.7162 -0.6840
vn -0.2375 0.0000 -0.9714
vn -0.1384 0.7162 -0.6840
vn -0.0868 -0.7151 -0.6936
vn -0.1589 0.0000 -0.9873
vn -0.0868 0.7151 -0.6936
vn -0.0410 -0.7141 -0.6988
vn -0.0892 0.0000 -0.9960
vn -0.0410 0.7141 -0.6988
vn 0.0062 -0.7155 -0.6986
vn -0.0278 0.0000 -0.9996
vn 0.0062 0.7155 -0.6986
vn 0.0322 -0.7071 -0.7064
vn 0.0455 0.0000 -0.9990
vn 0.0322 0.7071 -0.7064
vn -0.0047 -0.6956 -0.7184
vn -0.0047 0.6956 -0.7184
vn -0.0917 -0.6919 -0.7161
vn -0.0584 0.0000 -0.9983
vn -0.0917 0.6919 -0.7161
vn -0.2010 -0.6886 -0.6967
vn -0.1951 0.0000 -0.9808
vn -0.2010 0.6886 -0.6967
vn -0.3264 -0.6854 -0.6509
vn -0.3573 0.0000 -0.9340
vn -0.3264 0.6854 -0.6509
vn -0.4553 -0.6834 -0.5707
vn -0.5348 0.0000 -0.8450
vn -0.4553 0.6834 -0.5707
vn -0.5683 -0.6833 -0.4583
vn -0.7052 0.0000 -0.7090
vn -0.5683 0.6833 -0.4583
vn -0.6496 -0.6853 -0.3292
vn -0.8423 0.0000 -0.5390
vn -0.6496 0.6853 -0.3292
vn -0.6963 -0.6884 -0.2030
vn -0.9327 0.0000 -0.3607
vn -0.6963 0.6884 -0.2030
vn -0.7161 -0.6918 -0.0927
vn -0.9804 0.0000 -0.1971
vn -0.7161 0.6918 -0.0927
vn -0.7167 -0.6973 -0.0106
vn -0.9983 0.0000 -0.0590
vn -0.7167 0.6973 -0.0106
vn -0.7127 -0.7001 0.0435
vn -0.9996 0.0000 0.0294
vn -0.7127 0.7001 0.0435
vn -0.7090 -0.6994 0.0905
vn -0.9957 0.0000 0.0924
vn -0.7090 0.6994 0.0905
vn -0.7012 -0.6988 0.1415
vn -0.9870 0.0000 0.1608
vn -0.7012 0.6988 0.1415
vn -0.6887 -0.6981 0.1959
vn -0.9721 0.0000 0.2344
vn -0.6887 0.6981 0.1959
vn -0.6704 -0.6975 0.2530
vn -0.9500 0.0000 0.3123
vn -0.6704 0.6975 0.2530
vn -0.6458 -0.6970 0.3116
vn -0.9195 0.0000 0.3932
vn -0.6458 0.6970 0.3116
vn -0.6145 -0.6966 0.3703
vn -0.8799 0.0000 0.4752
vn -0.6145 0.6966 0.3703
vn -0.5765 -0.6964 0.4273
vn -0.8311 0.0000 0.5561
vn -0.5765 0.6964 0.4273
vn -0.5342 -0.6974 0.4778
vn -0.7738 0.0000 0.6334
vn -0.5342 0.6974 0.4778
vn -0.4913 -0.6979 0.5212
vn -0.7155 0.0000 0.6986
vn -0.4913 0.6979 0.5212
vn -0.4451 -0.6972 0.5619
vn -0.6551 0.0000 0.7555
vn -0.4451 0.6972 0.5619
vn -0.3923 -0.6967 0.6006
vn -0.5855 0.0000 0.8107
vn -0.3923 0.6967 0.6006
vn -0.3334 -0.6963 0.6356
vn -0.5070 0.0000 0.8619
vn -0.3334 0.6963 0.6356
vn -0.2695 -0.6961 0.6654
vn -0.4209 0.0000 0.9071
vn -0.2695 0.6961 0.6654
vn -0.2022 -0.6961 0.6889
vn -0.3289 0.0000 0.9444
vn -0.2022 0.6961 0.6889
vn -0.1336 -0.6963 0.7052
vn -0.2337 0.0000 0.9723
vn -0.1336 0.6963 0.7052
vn -0.0658 -0.6967 0.7143
vn -0.1382 0.0000 0.9904
vn -0.0658 0.6967 0.7143
vn -0.0137 -0.7013 0.7127
vn -0.0450 0.0000 0.9990
vn -0.0137 0.7013 0.7127
vn 0.0104 -0.7053 0.7088
vn 0.0067 0.0000 1.0000
vn 0.0104 0.7053 0.7088
vn 0.0235 -0.7048 0.7091
vn 0.0227 0.0000 0.9997
vn 0.0235 0.7048 0.7091
vn 0.0410 -0.7039 0.7091
vn 0.0436 0.0000 0.9991
vn 0.0410 0.7039 0.7091
vn 0.0657 -0.7025 0.7086
vn 0.0720 0.0000 0.9974
vn 0.0657 0.7025 0.7086
vn 0.1029 -0.7000 0.7067
vn 0.1127 0.0000 0.9936
vn 0.1029 0.7000 0.7067
vn 0.1650 -0.6949 0.6999
vn 0.1755 0.0000 0.9845
vn 0.1650 0.6949 0.6999
vn 0.2856 -0.6823 0.6730
vn 0.2828 0.0000 0.9592
vn 0.2856 0.6823 0.6730
vn 0.5483 -0.6484 0.5282
vn 0.4933 0.0000 0.8698
vn 0.5483 0.6484 0.5282
vn 0.7299 -0.6586 0.1828
vn 0.8877 0.0000 0.4604
vn 0.7299 0.6586 0.1828
vn 0.7007 -0.7129 0.0266
vn 0.9999 0.0000 0.0122
vn 0.7007 0.7129 0.0266
vn 0.6963 -0.7145 0.0673
vn 0.9980 0.0000 0.0635
vn 0.6963 0.7145 0.0673
vn 0.6870 -0.7168 0.1191
vn 0.9917 0.0000 0.1287
vn 0.6870 0.7168 0.1191
vn 0.6684 -0.7202 0.1860
vn 0.9771 0.0000 0.2128
vn 0.6684 0.7202 0.1860
vn 0.6329 -0.7249 0.2719
vn 0.9466 0.0000 0.3225
vn 0.6329 0.7249 0.2719
vn 0.5675 -0.7314 0.3782
vn 0.8855 0.0000 0.4645
vn 0.5675 0.7314 0.3782
vn 0.4563 -0.7386 0.4962
vn 0.7696 0.0000 0.6385
vn 0.4563 0.7386 0.4962
vn 0.2943 -0.7431 0.6009
vn 0.5718 0.0000 0.8204
vn 0.2943 0.7431 0.6009
vn 0.0742 -0.7520 0.6550
vn 0.2975 0.0000 0.9547
vn 0.0742 0.7520 0.6550
vn -0.0982 -0.7223 0.6846
vn -0.0764 0.0000 0.9971
vn -0.0982 0.7223 0.6846
vn -0.1800 -0.7194 0.6709
vn -0.2070 0.0000 0.9783
vn -0.1800 0.7194 0.6709
vn -0.2451 -0.7170 0.6525
vn -0.3106 0.0000 0.9505
vn -0.2451 0.7170 0.6525
vn -0.2966 -0.7152 0.6329
vn -0.3920 0.0000 0.9200
vn -0.2966 0.7152 0.6329
vn -0.3376 -0.7137 0.6137
vn -0.4563 0.0000 0.8898
vn -0.3376 0.7137 0.6137
vn -0.3706 -0.7126 0.5957
vn -0.5074 0.0000 0.8617
vn -0.3706 0.7126 0.5957
vn -0.3974 -0.7117 0.5792
vn -0.5488 0.0000 0.8360
vn -0.3974 0.7117 0.5792
vn -0.4195 -0.7110 0.5643
vn -0.5825 0.0000 0.8128
vn -0.4195 0.7110 0.5643
vn -0.4303 -0.7064 0.5620
vn -0.6105 0.0000 0.7920
vn -0.4303 0.7064 0.5620
vn -0.4164 -0.7012 0.5788
vn -0.6055 0.0000 0.7959
vn -0.4164 0.7012 0.5788
vn -0.3836 -0.7005 0.6017
vn -0.5622 0.0000 0.8270
vn -0.3836 0.7005 0.6017
vn -0.3459 -0.6998 0.6250
vn -0.5125 0.0000 0.8587
vn -0.3459 0.6998 0.6250
vn -0.3026 -0.6991 0.6478
vn -0.4555 0.0000 0.8902
vn -0.3026 0.6991 0.6478
vn -0.2534 -0.6984 0.6694
vn -0.3905 0.0000 0.9206
vn -0.2534 0.6984 0.6694
vn -0.1981 -0.6977 0.6885
vn -0.3171 0.0000 0.9484
vn -0.1981 0.6977 0.6885
vn -0.1367 -0.6970 0.7039
vn -0.2353 0.0000 0.9719
vn -0.1367 0.6970 0.7039
vn -0.0702 -0.6964 0.7142
vn -0.1457 0.0000 0.9893
vn -0.0702 0.6964 0.7142
vn -0.0026 -0.6969 0.7172
vn -0.0497 0.0000 0.9988
vn -0.0026 0.6969 0.7172
vn 0.0621 -0.6973 0.7141
vn 0.0424 0.0000 0.9991
vn 0.0621 0.6973 0.7141
vn 0.1266 -0.6968 0.7060
vn 0.1307 0.0000 0.9914
vn 0.1266 0.6968 0.7060
vn 0.1926 -0.6965 0.6912
vn 0.2220 0.0000 0.9750
vn 0.1926 0.6965 0.6912
vn 0.2581 -0.6964 0.6697
vn 0.3141 0.0000 0.9494
vn 0.2581 0.6964 0.6697
vn 0.3214 -0.6964 0.6416
vn 0.4044 0.0000 0.9146
vn 0.3214 0.6964 0.6416
vn 0.3806 -0.6967 0.6080
vn 0.4903 0.0000 0.8715
vn 0.3806 0.6967 0.6080
vn 0.4346 -0.6971 0.5702
vn 0.5697 0.0000 0.8218
vn 0.4346 0.6971 0.5702
vn 0.4823 -0.6977 0.5297
vn 0.6413 0.0000 0.7673
vn 0.4823 0.6977 0.5297
vn 0.5237 -0.6983 0.4880
vn 0.7041 0.0000 0.7101
vn 0.5237 0.6983 0.4880
vn 0.5610 -0.6982 0.4448
vn 0.7580 0.0000 0.6523
vn 0.5610 0.6982 0.4448
vn 0.5959 -0.6978 0.3974
vn 0.8080 0.0000 0.5892
vn 0.5959 0.6978 0.3974
vn 0.6277 -0.6975 0.3455
vn 0.8545 0.0000 0.5195
vn 0.6277 0.6975 0.3455
vn 0.6554 -0.6974 0.2899
vn 0.8960 0.0000 0.4440
vn 0.6554 0.6974 0.2899
vn 0.6781 -0.6974 0.2317
vn 0.9313 0.0000 0.3642
vn 0.6781 0.6974 0.2317
vn 0.6954 -0.6976 0.1724
vn 0.9595 0.0000 0.2819
vn 0.6954 0.6976 0.1724
vn 0.7072 -0.6979 0.1132
vn 0.9800 0.0000 0.1989
vn 0.7072 0.6979 0.1132
vn 0.7136 -0.6983 0.0555
vn 0.9931 0.0000 0.1170
vn 0.7136 0.6983 0.0555
vn 0.7149 -0.6992 0.0020
vn 0.9993 0.0000 0.0380
vn 0.7149 0.6992 0.0020
vn 0.7133 -0.6992 -0.0486
vn 0.9995 0.0000 -0.0325
vn 0.7133 0.6992 -0.0486
vn 0.7085 -0.6983 -0.1019
vn 0.9947 0.0000 -0.1032
vn 0.7085 0.6983 -0.1019
vn 0.6984 -0.6974 -0.1607
vn 0.9834 0.0000 -0.1814
vn 0.6984 0.6974 -0.1607
vn 0.6817 -0.6965 -0.2242
vn 0.9638 0.0000 -0.2665
vn 0.6817 0.6965 -0.2242
vn 0.6567 -0.6957 -0.2912
vn 0.9339 0.0000 -0.3575
vn 0.6567 0.6957 -0.2912
vn 0.6226 -0.6950 -0.3596
vn 0.8920 0.0000 -0.4520
vn 0.6226 0.6950 -0.3596
vn 0.5791 -0.6946 -0.4269
vn 0.8373 0.0000 -0.5468
vn 0.5791 0.6946 -0.4269
vn 0.5269 -0.6945 -0.4900
vn 0.7700 0.0000 -0.6380
vn 0.5269 0.6945 -0.4900
vn 0.4720 -0.6968 -0.5401
vn 0.6921 0.0000 -0.7218
vn 0.4720 0.6968 -0.5401
vn 0.4241 -0.6988 -0.5760
vn 0.6225 0.0000 -0.7826
vn 0.4241 0.6988 -0.5760
vn 0.3793 -0.6985 -0.6068
vn 0.5626 0.0000 -0.8267
vn 0.3793 0.6985 -0.6068
vn 0.3304 -0.6982 -0.6351
vn 0.4967 0.0000 -0.8679
vn 0.3304 0.6982 -0.6351
vn 0.2781 -0.6980 -0.6599
vn 0.4257 0.0000 -0.9049
vn 0.2781 0.6980 -0.6599
vn 0.2232 -0.6980 -0.6804
vn 0.3504 0.0000 -0.9366
vn 0.2232 0.6980 -0.6804
vn 0.1668 -0.6981 -0.6963
vn 0.2724 0.0000 -0.9622
vn 0.1668 0.6981 -0.6963
vn 0.1102 -0.6982 -0.7073
vn 0.1932 0.0000 -0.9812
vn 0.1102 0.6982 -0.7073
vn 0.0543 -0.6985 -0.7135
vn 0.1143 0.0000 -0.9934
vn 0.0543 0.6985 -0.7135
vn -0.0016 -0.6983 -0.7158
vn 0.0374 0.0000 -0.9993
vn -0.0016 0.6983 -0.7158
vn -0.0620 -0.6972 -0.7142
vn -0.0419 0.0000 -0.9991
vn -0.0620 0.6972 -0.7142
vn -0.1281 -0.6964 -0.7061
vn -0.1309 0.0000 -0.9914
vn -0.1281 0.6964 -0.7061
vn -0.1978 -0.6958 -0.6905
vn -0.2258 0.0000 -0.9742
vn -0.1978 0.6958 -0.6905
vn -0.2689 -0.6953 -0.6665
vn -0.3242 0.0000 -0.9460
vn -0.2689 0.6953 -0.6665
vn -0.3390 -0.6951 -0.6340
vn -0.4230 0.0000 -0.9061
vn -0.3390 0.6951 -0.6340
vn -0.4055 -0.6952 -0.5936
vn -0.5187 0.0000 -0.8550
vn -0.4055 0.6952 -0.5936
vn -0.4660 -0.6955 -0.5469
vn -0.6078 0.0000 -0.7941
vn -0.4660 0.6955 -0.5469
vn -0.5191 -0.6960 -0.4960
vn -0.6876 0.0000 -0.7261
vn -0.5191 0.6960 -0.4960
vn -0.5593 -0.6984 -0.4465
vn -0.7566 0.0000 -0.6539
vn -0.5593 0.6984 -0.4465
vn -0.5883 -0.7000 -0.4049
vn -0.8052 0.0000 -0.5930
vn -0.5883 0.7000 -0.4049
vn -0.6140 -0.6995 -0.3655
vn -0.8414 0.0000 -0.5404
vn -0.6140 0.6995 -0.3655
vn -0.6384 -0.6991 -0.3220
vn -0.8761 0.0000 -0.4821
vn -0.6384 0.6991 -0.3220
vn -0.6605 -0.6988 -0.2746
vn -0.9084 0.0000 -0.4182
vn -0.6605 0.6988 -0.2746
vn -0.6798 -0.6985 -0.2236
vn -0.9371 0.0000 -0.3490
vn -0.6798 0.6985 -0.2236
vn -0.6954 -0.6983 -0.1697
vn -0.9613 0.0000 -0.2754
vn -0.6954 0.6983 -0.1697
vn -0.7068 -0.6982 -0.1138
vn -0.9801 0.0000 -0.1984
vn -0.7068 0.6982 -0.1138
vn -0.7136 -0.6982 -0.0569
vn -0.9929 0.0000 -0.1193
vn -0.7136 0.6982 -0.0569
vn -0.7167 -0.6974 0.0031
vn -0.9992 0.0000 -0.0396
vn -0.7167 0.6974 0.0031
vn -0.7143 -0.6964 0.0693
vn -0.9988 0.0000 0.0482
vn -0.7143 0.6964 0.0693
vn -0.7042 -0.6964 0.1379
vn -0.9895 0.0000 0.1448
vn -0.7042 0.6964 0.1379
vn -0.6877 -0.6967 0.2039
vn -0.9710 0.0000 0.2391
vn -0.6877 0.6967 0.2039
vn -0.6658 -0.6972 0.2657
vn -0.9444 0.0000 0.3287
vn -0.6658 0.6972 0.2657
vn -0.6398 -0.6977 0.3223
vn -0.9113 0.0000 0.4118
vn -0.6398 0.6977 0.3223
vn -0.6108 -0.6984 0.3730
vn -0.8733 0.0000 0.4872
vn -0.6108 0.6984 0.3730
vn -0.5804 -0.6990 0.4177
vn -0.8323 0.0000 0.5543
vn -0.5804 0.6990 0.4177
vn -0.5495 -0.6997 0.4566
vn -0.7899 0.0000 0.6132
vn -0.5495 0.6997 0.4566
vn -0.5186 -0.7002 0.4908
vn -0.7474 0.0000 0.6644
vn -0.5186 0.7002 0.4908
vn -0.4860 -0.6996 0.5239
vn -0.7045 0.0000 0.7097
vn -0.4860 0.6996 0.5239
vn -0.4478 -0.6988 0.5578
vn -0.6548 0.0000 0.7558
vn -0.4478 0.6988 0.5578
vn -0.4030 -0.6979 0.5920
vn -0.5963 0.0000 0.8027
vn -0.4030 0.6979 0.5920
vn -0.3509 -0.6971 0.6252
vn -0.5281 0.0000 0.8492
vn -0.3509 0.6971 0.6252
vn -0.2914 -0.6964 0.6559
vn -0.4497 0.0000 0.8932
vn -0.2914 0.6964 0.6559
vn -0.2250 -0.6958 0.6821
vn -0.3613 0.0000 0.9324
vn -0.2250 0.6958 0.6821
vn -0.1529 -0.6954 0.7022
vn -0.2642 0.0000 0.9645
vn -0.1529 0.6954 0.7022
vn -0.0771 -0.6952 0.7147
vn -0.1606 0.0000 0.9870
vn -0.0771 0.6952 0.7147
vn -0.3140 -0.9117 0.2650
vn -0.0536 0.0000 0.9986
vn -0.3140 0.9117 0.2650
vn -0.9933 0.0000 -0.1152
vn -0.0862 -0.7227 0.6858
vn -0.1873 -0.7263 0.6614
vn -0.1916 0.0000 0.9815
vn -0.1873 0.7263 0.6614
vn -0.0862 0.7227 0.6858
vn -0.3019 -0.7299 0.6133
vn -0.3515 0.0000 0.9362
vn -0.3019 0.7299 0.6133
vn -0.4199 -0.7324 0.5360
vn -0.5277 0.0000 0.8494
vn -0.4199 0.7324 0.5360
vn -0.5260 -0.7326 0.4320
vn -0.6985 0.0000 0.7156
vn -0.5260 0.7326 0.4320
vn -0.6068 -0.7306 0.3132
vn -0.8377 0.0000 0.5461
vn -0.6068 0.7306 0.3132
vn -0.6581 -0.7271 0.1955
vn -0.9304 0.0000 0.3666
vn -0.6581 0.7271 0.1955
vn -0.6845 -0.7234 0.0903
vn -0.9797 0.0000 0.2007
vn -0.6845 0.7234 0.0903
vn -0.6930 -0.7209 0.0000
vn -0.9982 0.0000 0.0601
vn -0.6930 0.7209 -0.0000
vn -0.6845 -0.7234 -0.0903
vn -0.9982 0.0000 -0.0601
vn -0.6845 0.7234 -0.0903
vn -0.6581 -0.7271 -0.1955
vn -0.9797 0.0000 -0.2007
vn -0.6581 0.7271 -0.1955
vn -0.6068 -0.7306 -0.3132
vn -0.9304 0.0000 -0.3666
vn -0.6068 0.7306 -0.3132
vn -0.5260 -0.7326 -0.4320
vn -0.8377 0.0000 -0.5461
vn -0.5260 0.7326 -0.4320
vn -0.4200 -0.7324 -0.5360
vn -0.6985 0.0000 -0.7156
vn -0.4200 0.7324 -0.5360
vn -0.3019 -0.7299 -0.6133
vn -0.5277 0.0000 -0.8494
vn -0.3019 0.7299 -0.6133
vn -0.1873 -0.7263 -0.6614
vn -0.3515 0.0000 -0.9362
vn -0.1873 0.7263 -0.6614
vn -0.0862 -0.7227 -0.6858
vn -0.1916 0.0000 -0.9815
vn -0.0862 0.7227 -0.6858
vn 0.0000 -0.7202 -0.6937
vn -0.0573 0.0000 -0.9984
vn 0.0000 0.7202 -0.6937
vn 0.0862 -0.7227 -0.6858
vn 0.0573 0.0000 -0.9984
vn 0.0862 0.7227 -0.6858
vn 0.1873 -0.7263 -0.6614
vn 0.1916 0.0000 -0.9815
vn 0.1873 0.7263 -0.6614
vn 0.3019 -0.7299 -0.6133
vn 0.3515 0.0000 -0.9362
vn 0.3019 0.7299 -0.6133
vn 0.4200 -0.7324 -0.5360
vn 0.5277 0.0000 -0.8494
vn 0.4200 0.7324 -0.5360
vn 0.5260 -0.7326 -0.4320
vn 0.6985 0.0000 -0.7156
vn 0.5260 0.7326 -0.4320
vn 0.6068 -0.7306 -0.3132
vn 0.8377 0.0000 -0.5461
vn 0.6068 0.7306 -0.3132
vn 0.6581 -0.7271 -0.1955
vn 0.9304 0.0000 -0.3666
vn 0.6581 0.7271 -0.1955
vn 0.6845 -0.7234 -0.0903
vn 0.9797 0.0000 -0.2007
vn 0.6845 0.7234 -0.0903
vn 0.6930 -0.7209 0.0000
vn 0.9982 0.0000 -0.0601
vn 0.6930 0.7209 0.0000
vn 0.6845 -0.7234 0.0903
vn 0.9982 0.0000 0.0601
vn 0.6845 0.7234 0.0903
vn 0.6581 -0.7271 0.1955
vn 0.9797 0.0000 0.2007
vn 0.6581 0.7271 0.1955
vn 0.6068 -0.7306 0.3132
vn 0.9304 0.0000 0.3666
vn 0.6068 0.7306 0.3132
vn 0.5260 -0.7326 0.4320
vn 0.8377 0.0000 0.5461
vn 0.5260 0.7326 0.4320
vn 0.4200 -0.7324 0.5360
vn 0.6985 0.0000 0.7156
vn 0.4200 0.7324 0.5360
vn 0.3019 -0.7299 0.6133
vn 0.5277 0.0000 0.8494
vn 0.3019 0.7299 0.6133
vn 0.1873 -0.7263 0.6614
vn 0.3515 0.0000 0.9362
vn 0.1873 0.7263 0.6614
vn 0.0862 -0.7227 0.6858
vn 0.1916 0.0000 0.9815
vn 0.0862 0.7227 0.6858
vn 0.0000 -0.7202 0.6937
vn 0.0573 0.0000 0.9984
vn 0.0000 0.7202 0.6937
vn -0.0573 0.0000 0.9984
vn 0.0000 -1.0000 -0.0000
vn 0.0000 1.0000 -0.0000
# 799 vertex normals

o Number_8
g Number_8
s 1
f 1//1 2//2 3//3 
f 2//2 4//4 3//3 
f 4//4 5//5 3//3 
f 5//5 1//1 3//3 
s 3
f 2//2 6//6 7//7 
f 6//6 8//8 7//7 
f 8//8 4//4 7//7 
f 4//4 2//2 7//7 
s 2
f 6//6 9//9 10//10 
f 9//9 11//11 10//10 
f 11//11 8//8 10//10 
f 8//8 6//6 10//10 
f 9//9 12//12 13//13 
f 12//12 14//14 13//13 
f 14//14 11//11 13//13 
f 11//11 9//9 13//13 
f 12//12 15//15 16//16 
f 15//15 17//17 16//16 
f 17//17 14//14 16//16 
f 14//14 12//12 16//16 
f 15//15 18//18 19//19 
f 18//18 20//20 19//19 
f 20//20 17//17 19//19 
f 17//17 15//15 19//19 
f 18//18 21//21 22//22 
f 21//21 23//23 22//22 
f 23//23 20//20 22//22 
f 20//20 18//18 22//22 
f 21//21 24//24 25//25 
f 24//24 26//26 25//25 
f 26//26 23//23 25//25 
f 23//23 21//21 25//25 
f 24//24 27//27 28//28 
f 27//27 29//29 28//28 
f 29//29 26//26 28//28 
f 26//26 24//24 28//28 
f 27//27 30//30 31//31 
f 30//30 32//32 31//31 
f 32//32 29//29 31//31 
f 29//29 27//27 31//31 
f 30//30 33//33 34//34 
f 33//33 35//35 34//34 
f 35//35 32//32 34//34 
f 32//32 30//30 34//34 
f 33//33 36//36 37//37 
f 36//36 38//38 37//37 
f 38//38 35//35 37//37 
f 35//35 33//33 37//37 
f 36//36 39//39 40//40 
f 39//39 41//41 40//40 
f 41//41 38//38 40//40 
f 38//38 36//36 40//40 
f 39//39 42//42 43//43 
f 42//42 44//44 43//43 
f 44//44 41//41 43//43 
f 41//41 39//39 43//43 
f 42//42 45//45 46//46 
f 45//45 47//47 46//46 
f 47//47 44//44 46//46 
f 44//44 42//42 46//46 
f 45//45 48//48 49//49 
f 48//48 50//50 49//49 
f 50//50 47//47 49//49 
f 47//47 45//45 49//49 
f 48//48 51//51 52//52 
f 51//51 53//53 52//52 
f 53//53 50//50 52//52 
f 50//50 48//48 52//52 
f 51//51 54//54 55//55 
f 54//54 56//56 55//55 
f 56//56 53//53 55//55 
f 53//53 51//51 55//55 
f 54//54 57//57 58//58 
f 57//57 59//59 58//58 
f 59//59 56//56 58//58 
f 56//56 54//54 58//58 
f 57//57 60//60 61//61 
f 60//60 62//62 61//61 
f 62//62 59//59 61//61 
f 59//59 57//57 61//61 
f 60//60 63//63 64//64 
f 63//63 65//65 64//64 
f 65//65 62//62 64//64 
f 62//62 60//60 64//64 
f 63//63 66//66 67//67 
f 66//66 68//68 67//67 
f 68//68 65//65 67//67 
f 65//65 63//63 67//67 
f 66//66 69//69 70//70 
f 69//69 71//71 70//70 
f 71//71 68//68 70//70 
f 68//68 66//66 70//70 
f 69//69 72//72 73//73 
f 72//72 74//74 73//73 
f 74//74 71//71 73//73 
f 71//71 69//69 73//73 
f 72//72 75//75 76//76 
f 75//75 77//77 76//76 
f 77//77 74//74 76//76 
f 74//74 72//72 76//76 
f 75//75 78//78 79//79 
f 78//78 80//80 79//79 
f 80//80 77//77 79//79 
f 77//77 75//75 79//79 
f 78//78 81//81 82//82 
f 81//81 83//83 82//82 
f 83//83 80//80 82//82 
f 80//80 78//78 82//82 
f 81//81 84//84 85//85 
f 84//84 86//86 85//85 
f 86//86 83//83 85//85 
f 83//83 81//81 85//85 
f 84//84 87//87 88//88 
f 87//87 89//89 88//88 
f 89//89 86//86 88//88 
f 86//86 84//84 88//88 
f 87//87 90//90 91//91 
f 90//90 92//92 91//91 
f 92//92 89//89 91//91 
f 89//89 87//87 91//91 
f 90//90 93//93 94//94 
f 93//93 95//95 94//94 
f 95//95 92//92 94//94 
f 92//92 90//90 94//94 
f 93//93 96//96 97//97 
f 96//96 98//98 97//97 
f 98//98 95//95 97//97 
f 95//95 93//93 97//97 
f 96//96 99//99 100//100 
f 99//99 101//101 100//100 
f 101//101 98//98 100//100 
f 98//98 96//96 100//100 
f 99//99 102//102 103//103 
f 102//102 104//104 103//103 
f 104//104 101//101 103//103 
f 101//101 99//99 103//103 
f 102//102 105//105 106//106 
f 105//105 107//107 106//106 
f 107//107 104//104 106//106 
f 104//104 102//102 106//106 
f 105//105 108//108 109//109 
f 108//108 110//110 109//109 
f 110//110 107//107 109//109 
f 107//107 105//105 109//109 
f 108//108 111//111 112//112 
f 111//111 113//113 112//112 
f 113//113 110//110 112//112 
f 110//110 108//108 112//112 
f 111//111 114//114 115//115 
f 114//114 116//116 115//115 
f 116//116 113//113 115//115 
f 113//113 111//111 115//115 
f 114//114 117//117 118//118 
f 117//117 119//119 118//118 
f 119//119 116//116 118//118 
f 116//116 114//114 118//118 
f 117//117 120//120 121//121 
f 120//120 122//122 121//121 
f 122//122 119//119 121//121 
f 119//119 117//117 121//121 
f 120//120 123//123 124//124 
f 123//123 125//125 124//124 
f 125//125 122//122 124//124 
f 122//122 120//120 124//124 
f 123//123 126//126 127//127 
f 126//126 128//128 127//127 
f 128//128 125//125 127//127 
f 125//125 123//123 127//127 
f 126//126 129//129 130//130 
f 129//129 131//131 130//130 
f 131//131 128//128 130//130 
f 128//128 126//126 130//130 
f 129//129 132//132 133//133 
f 132//132 134//134 133//133 
f 134//134 131//131 133//133 
f 131//131 129//129 133//133 
s 4
f 132//132 135//135 136//136 
f 135//135 137//137 136//136 
f 137//137 134//134 136//136 
f 134//134 132//132 136//136 
f 135//135 138//138 139//139 
f 138//138 140//140 139//139 
f 140//140 137//137 139//139 
f 137//137 135//135 139//139 
f 138//138 141//141 142//142 
f 141//141 143//143 142//142 
f 143//143 140//140 142//142 
f 140//140 138//138 142//142 
f 141//141 144//144 145//145 
f 144//144 146//146 145//145 
f 146//146 143//143 145//145 
f 143//143 141//141 145//145 
f 144//144 147//147 148//148 
f 147//147 149//149 148//148 
f 149//149 146//146 148//148 
f 146//146 144//144 148//148 
f 147//147 150//150 151//151 
f 150//150 152//152 151//151 
f 152//152 149//149 151//151 
f 149//149 147//147 151//151 
f 150//150 153//153 154//154 
f 153//153 155//155 154//154 
f 155//155 152//152 154//154 
f 152//152 150//150 154//154 
f 153//153 156//156 157//157 
f 156//156 158//158 157//157 
f 158//158 155//155 157//157 
f 155//155 153//153 157//157 
f 156//156 159//159 160//160 
f 159//159 161//161 160//160 
f 161//161 158//158 160//160 
f 158//158 156//156 160//160 
f 159//159 162//162 163//163 
f 162//162 164//164 163//163 
f 164//164 161//161 163//163 
f 161//161 159//159 163//163 
f 162//162 165//165 166//166 
f 165//165 167//167 166//166 
f 167//167 164//164 166//166 
f 164//164 162//162 166//166 
f 165//165 168//168 169//169 
f 168//168 170//170 169//169 
f 170//170 167//167 169//169 
f 167//167 165//165 169//169 
f 168//168 171//171 172//172 
f 171//171 173//173 172//172 
f 173//173 170//170 172//172 
f 170//170 168//168 172//172 
f 171//171 174//174 175//175 
f 174//174 176//176 175//175 
f 176//176 173//173 175//175 
f 173//173 171//171 175//175 
f 174//174 177//177 178//178 
f 177//177 179//179 178//178 
f 179//179 176//176 178//178 
f 176//176 174//174 178//178 
f 177//177 180//180 181//181 
f 180//180 182//182 181//181 
f 182//182 179//179 181//181 
f 179//179 177//177 181//181 
f 180//180 183//183 184//184 
f 183//183 185//185 184//184 
f 185//185 182//182 184//184 
f 182//182 180//180 184//184 
f 183//183 186//186 187//187 
f 186//186 188//188 187//187 
f 188//188 185//185 187//187 
f 185//185 183//183 187//187 
f 186//186 189//189 190//190 
f 189//189 191//191 190//190 
f 191//191 188//188 190//190 
f 188//188 186//186 190//190 
s 2
f 189//189 192//192 193//193 
f 192//192 194//194 193//193 
f 194//194 191//191 193//193 
f 191//191 189//189 193//193 
f 192//192 195//195 196//196 
f 195//195 197//197 196//196 
f 197//197 194//194 196//196 
f 194//194 192//192 196//196 
f 195//195 198//198 199//199 
f 198//198 200//200 199//199 
f 200//200 197//197 199//199 
f 197//197 195//195 199//199 
f 198//198 201//201 202//202 
f 201//201 203//203 202//202 
f 203//203 200//200 202//202 
f 200//200 198//198 202//202 
f 201//201 204//204 205//205 
f 204//204 206//206 205//205 
f 206//206 203//203 205//205 
f 203//203 201//201 205//205 
f 204//204 207//207 208//208 
f 207//207 209//209 208//208 
f 209//209 206//206 208//208 
f 206//206 204//204 208//208 
f 207//207 210//210 211//211 
f 210//210 212//212 211//211 
f 212//212 209//209 211//211 
f 209//209 207//207 211//211 
f 210//210 213//213 214//214 
f 213//213 215//215 214//214 
f 215//215 212//212 214//214 
f 212//212 210//210 214//214 
f 213//213 216//216 217//217 
f 216//216 218//218 217//217 
f 218//218 215//215 217//217 
f 215//215 213//213 217//217 
f 216//216 219//219 220//220 
f 219//219 221//221 220//220 
f 221//221 218//218 220//220 
f 218//218 216//216 220//220 
s 4
f 219//219 222//222 223//223 
f 222//222 224//224 223//223 
f 224//224 221//221 223//223 
f 221//221 219//219 223//223 
s 2
f 222//222 225//225 226//226 
f 225//225 227//227 226//226 
f 227//227 224//224 226//226 
f 224//224 222//222 226//226 
f 225//225 228//228 229//229 
f 228//228 230//230 229//229 
f 230//230 227//227 229//229 
f 227//227 225//225 229//229 
f 228//228 231//231 232//232 
f 231//231 233//233 232//232 
f 233//233 230//230 232//232 
f 230//230 228//228 232//232 
f 231//231 234//234 235//235 
f 234//234 236//236 235//235 
f 236//236 233//233 235//235 
f 233//233 231//231 235//235 
f 234//234 237//237 238//238 
f 237//237 239//239 238//238 
f 239//239 236//236 238//238 
f 236//236 234//234 238//238 
f 237//237 240//240 241//241 
f 240//240 242//242 241//241 
f 242//242 239//239 241//241 
f 239//239 237//237 241//241 
f 240//240 243//243 244//244 
f 243//243 245//245 244//244 
f 245//245 242//242 244//244 
f 242//242 240//240 244//244 
f 243//243 246//246 247//247 
f 246//246 248//248 247//247 
f 248//248 245//245 247//247 
f 245//245 243//243 247//247 
f 246//246 249//249 250//250 
f 249//249 251//251 250//250 
f 251//251 248//248 250//250 
f 248//248 246//246 250//250 
f 249//249 252//252 253//253 
f 252//252 254//254 253//253 
f 254//254 251//251 253//253 
f 251//251 249//249 253//253 
f 252//252 255//255 256//256 
f 255//255 257//257 256//256 
f 257//257 254//254 256//256 
f 254//254 252//252 256//256 
f 255//255 258//258 259//259 
f 258//258 260//260 259//259 
f 260//260 257//257 259//259 
f 257//257 255//255 259//259 
f 258//258 261//261 262//262 
f 261//261 263//263 262//262 
f 263//263 260//260 262//262 
f 260//260 258//258 262//262 
f 261//261 264//264 265//265 
f 264//264 266//266 265//265 
f 266//266 263//263 265//265 
f 263//263 261//261 265//265 
f 264//264 267//267 268//268 
f 267//267 269//269 268//268 
f 269//269 266//266 268//268 
f 266//266 264//264 268//268 
f 267//267 270//270 271//271 
f 270//270 272//272 271//271 
f 272//272 269//269 271//271 
f 269//269 267//267 271//271 
f 270//270 273//273 274//274 
f 273//273 275//275 274//274 
f 275//275 272//272 274//274 
f 272//272 270//270 274//274 
f 273//273 276//276 277//277 
f 276//276 278//278 277//277 
f 278//278 275//275 277//277 
f 275//275 273//273 277//277 
f 276//276 279//279 280//280 
f 279//279 281//281 280//280 
f 281//281 278//278 280//280 
f 278//278 276//276 280//280 
f 279//279 282//282 283//280 
f 282//282 284//283 283//280 
f 284//283 281//281 283//280 
f 281//281 279//279 283//280 
f 282//282 285//284 286//285 
f 285//284 287//286 286//285 
f 287//286 284//283 286//285 
f 284//283 282//282 286//285 
f 285//284 288//287 289//288 
f 288//287 290//289 289//288 
f 290//289 287//286 289//288 
f 287//286 285//284 289//288 
f 288//287 291//290 292//291 
f 291//290 293//292 292//291 
f 293//292 290//289 292//291 
f 290//289 288//287 292//291 
f 291//290 294//293 295//294 
f 294//293 296//295 295//294 
f 296//295 293//292 295//294 
f 293//292 291//290 295//294 
f 294//293 297//296 298//297 
f 297//296 299//298 298//297 
f 299//298 296//295 298//297 
f 296//295 294//293 298//297 
f 297//296 300//299 301//300 
f 300//299 302//301 301//300 
f 302//301 299//298 301//300 
f 299//298 297//296 301//300 
f 300//299 303//302 304//303 
f 303//302 305//304 304//303 
f 305//304 302//301 304//303 
f 302//301 300//299 304//303 
f 303//302 306//305 307//306 
f 306//305 308//307 307//306 
f 308//307 305//304 307//306 
f 305//304 303//302 307//306 
f 306//305 309//308 310//309 
f 309//308 311//310 310//309 
f 311//310 308//307 310//309 
f 308//307 306//305 310//309 
f 309//308 312//311 313//312 
f 312//311 314//313 313//312 
f 314//313 311//310 313//312 
f 311//310 309//308 313//312 
f 312//311 315//314 316//315 
f 315//314 317//316 316//315 
f 317//316 314//313 316//315 
f 314//313 312//311 316//315 
f 315//314 318//317 319//318 
f 318//317 320//319 319//318 
f 320//319 317//316 319//318 
f 317//316 315//314 319//318 
f 318//317 321//320 322//321 
f 321//320 323//322 322//321 
f 323//322 320//319 322//321 
f 320//319 318//317 322//321 
f 321//320 324//323 325//324 
f 324//323 326//325 325//324 
f 326//325 323//322 325//324 
f 323//322 321//320 325//324 
f 324//323 327//326 328//327 
f 327//326 329//328 328//327 
f 329//328 326//325 328//327 
f 326//325 324//323 328//327 
f 327//326 330//329 331//330 
f 330//329 332//331 331//330 
f 332//331 329//328 331//330 
f 329//328 327//326 331//330 
f 330//329 333//332 334//333 
f 333//332 335//334 334//333 
f 335//334 332//331 334//333 
f 332//331 330//329 334//333 
f 333//332 336//335 337//336 
f 336//335 338//337 337//336 
f 338//337 335//334 337//336 
f 335//334 333//332 337//336 
f 336//335 339//338 340//339 
f 339//338 341//340 340//339 
f 341//340 338//337 340//339 
f 338//337 336//335 340//339 
f 339//338 342//341 343//342 
f 342//341 344//343 343//342 
f 344//343 341//340 343//342 
f 341//340 339//338 343//342 
f 342//341 345//344 346//345 
f 345//344 347//346 346//345 
f 347//346 344//343 346//345 
f 344//343 342//341 346//345 
f 345//344 348//347 349//348 
f 348//347 350//349 349//348 
f 350//349 347//346 349//348 
f 347//346 345//344 349//348 
f 348//347 351//350 352//351 
f 351//350 353//352 352//351 
f 353//352 350//349 352//351 
f 350//349 348//347 352//351 
f 351//350 354//353 355//354 
f 354//353 356//355 355//354 
f 356//355 353//352 355//354 
f 353//352 351//350 355//354 
f 354//353 357//356 358//357 
f 357//356 359//358 358//357 
f 359//358 356//355 358//357 
f 356//355 354//353 358//357 
f 357//356 360//359 361//360 
f 360//359 362//361 361//360 
f 362//361 359//358 361//360 
f 359//358 357//356 361//360 
f 360//359 363//362 364//363 
f 363//362 365//364 364//363 
f 365//364 362//361 364//363 
f 362//361 360//359 364//363 
f 363//362 366//365 367//366 
f 366//365 368//367 367//366 
f 368//367 365//364 367//366 
f 365//364 363//362 367//366 
f 366//365 369//368 370//369 
f 369//368 371//370 370//369 
f 371//370 368//367 370//369 
f 368//367 366//365 370//369 
f 369//368 372//371 373//372 
f 372//371 374//373 373//372 
f 374//373 371//370 373//372 
f 371//370 369//368 373//372 
f 372//371 375//374 376//375 
f 375//374 377//376 376//375 
f 377//376 374//373 376//375 
f 374//373 372//371 376//375 
f 375//374 378//377 379//378 
f 378//377 380//379 379//378 
f 380//379 377//376 379//378 
f 377//376 375//374 379//378 
f 378//377 381//380 382//381 
f 381//380 383//382 382//381 
f 383//382 380//379 382//381 
f 380//379 378//377 382//381 
f 381//380 384//383 385//384 
f 384//383 386//385 385//384 
f 386//385 383//382 385//384 
f 383//382 381//380 385//384 
f 384//383 387//386 388//387 
f 387//386 389//388 388//387 
f 389//388 386//385 388//387 
f 386//385 384//383 388//387 
f 387//386 390//389 391//390 
f 390//389 392//391 391//390 
f 392//391 389//388 391//390 
f 389//388 387//386 391//390 
s 4
f 390//389 393//392 394//393 
f 393//392 395//394 394//393 
f 395//394 392//391 394//393 
f 392//391 390//389 394//393 
f 393//392 396//395 397//396 
f 396//395 398//397 397//396 
f 398//397 395//394 397//396 
f 395//394 393//392 397//396 
f 396//395 399//398 400//399 
f 399//398 401//400 400//399 
f 401//400 398//397 400//399 
f 398//397 396//395 400//399 
f 399//398 402//401 403//402 
f 402//401 404//403 403//402 
f 404//403 401//400 403//402 
f 401//400 399//398 403//402 
f 402//401 405//404 406//405 
f 405//404 407//406 406//405 
f 407//406 404//403 406//405 
f 404//403 402//401 406//405 
f 405//404 408//407 409//408 
f 408//407 410//409 409//408 
f 410//409 407//406 409//408 
f 407//406 405//404 409//408 
f 408//407 411//410 412//411 
f 411//410 413//412 412//411 
f 413//412 410//409 412//411 
f 410//409 408//407 412//411 
f 411//410 414//413 415//414 
f 414//413 416//415 415//414 
f 416//415 413//412 415//414 
f 413//412 411//410 415//414 
f 414//413 417//416 418//417 
f 417//416 419//418 418//417 
f 419//418 416//415 418//417 
f 416//415 414//413 418//417 
s 2
f 417//416 420//419 421//420 
f 420//419 422//421 421//420 
f 422//421 419//418 421//420 
f 419//418 417//416 421//420 
f 420//419 423//422 424//423 
f 423//422 425//424 424//423 
f 425//424 422//421 424//423 
f 422//421 420//419 424//423 
f 423//422 426//425 427//426 
f 426//425 428//427 427//426 
f 428//427 425//424 427//426 
f 425//424 423//422 427//426 
f 426//425 429//428 430//429 
f 429//428 431//430 430//429 
f 431//430 428//427 430//429 
f 428//427 426//425 430//429 
f 429//428 432//431 433//432 
f 432//431 434//433 433//432 
f 434//433 431//430 433//432 
f 431//430 429//428 433//432 
f 432//431 435//434 436//435 
f 435//434 437//436 436//435 
f 437//436 434//433 436//435 
f 434//433 432//431 436//435 
f 435//434 438//437 439//438 
f 438//437 440//439 439//438 
f 440//439 437//436 439//438 
f 437//436 435//434 439//438 
f 438//437 441//440 442//441 
f 441//440 443//442 442//441 
f 443//442 440//439 442//441 
f 440//439 438//437 442//441 
f 441//440 444//443 445//444 
f 444//443 446//445 445//444 
f 446//445 443//442 445//444 
f 443//442 441//440 445//444 
f 444//443 447//446 448//447 
f 447//446 449//448 448//447 
f 449//448 446//445 448//447 
f 446//445 444//443 448//447 
f 447//446 450//449 451//450 
f 450//449 452//451 451//450 
f 452//451 449//448 451//450 
f 449//448 447//446 451//450 
f 450//449 453//452 454//453 
f 453//452 455//454 454//453 
f 455//454 452//451 454//453 
f 452//451 450//449 454//453 
f 453//452 456//455 457//456 
f 456//455 458//457 457//456 
f 458//457 455//454 457//456 
f 455//454 453//452 457//456 
f 456//455 459//458 460//459 
f 459//458 461//460 460//459 
f 461//460 458//457 460//459 
f 458//457 456//455 460//459 
f 459//458 462//461 463//462 
f 462//461 464//463 463//462 
f 464//463 461//460 463//462 
f 461//460 459//458 463//462 
f 462//461 465//464 466//465 
f 465//464 467//466 466//465 
f 467//466 464//463 466//465 
f 464//463 462//461 466//465 
f 465//464 468//467 469//468 
f 468//467 470//469 469//468 
f 470//469 467//466 469//468 
f 467//466 465//464 469//468 
f 468//467 471//470 472//471 
f 471//470 473//472 472//471 
f 473//472 470//469 472//471 
f 470//469 468//467 472//471 
f 471//470 474//473 475//474 
f 474//473 476//475 475//474 
f 476//475 473//472 475//474 
f 473//472 471//470 475//474 
f 474//473 477//476 478//477 
f 477//476 479//478 478//477 
f 479//478 476//475 478//477 
f 476//475 474//473 478//477 
f 477//476 480//479 481//480 
f 480//479 482//481 481//480 
f 482//481 479//478 481//480 
f 479//478 477//476 481//480 
f 480//479 483//482 484//483 
f 483//482 485//484 484//483 
f 485//484 482//481 484//483 
f 482//481 480//479 484//483 
f 483//482 486//485 487//486 
f 486//485 488//487 487//486 
f 488//487 485//484 487//486 
f 485//484 483//482 487//486 
f 486//485 489//488 490//489 
f 489//488 491//490 490//489 
f 491//490 488//487 490//489 
f 488//487 486//485 490//489 
f 489//488 492//491 493//492 
f 492//491 494//493 493//492 
f 494//493 491//490 493//492 
f 491//490 489//488 493//492 
f 492//491 495//494 496//495 
f 495//494 497//496 496//495 
f 497//496 494//493 496//495 
f 494//493 492//491 496//495 
f 495//494 498//497 499//498 
f 498//497 500//499 499//498 
f 500//499 497//496 499//498 
f 497//496 495//494 499//498 
f 498//497 501//500 502//501 
f 501//500 503//502 502//501 
f 503//502 500//499 502//501 
f 500//499 498//497 502//501 
f 501//500 504//503 505//504 
f 504//503 506//505 505//504 
f 506//505 503//502 505//504 
f 503//502 501//500 505//504 
f 504//503 507//506 508//507 
f 507//506 509//508 508//507 
f 509//508 506//505 508//507 
f 506//505 504//503 508//507 
f 507//506 510//509 511//510 
f 510//509 512//511 511//510 
f 512//511 509//508 511//510 
f 509//508 507//506 511//510 
f 510//509 513//512 514//513 
f 513//512 515//514 514//513 
f 515//514 512//511 514//513 
f 512//511 510//509 514//513 
f 513//512 516//515 517//516 
f 516//515 518//517 517//516 
f 518//517 515//514 517//516 
f 515//514 513//512 517//516 
f 516//515 519//518 520//519 
f 519//518 521//520 520//519 
f 521//520 518//517 520//519 
f 518//517 516//515 520//519 
f 519//518 522//521 523//522 
f 522//521 524//523 523//522 
f 524//523 521//520 523//522 
f 521//520 519//518 523//522 
f 522//521 525//524 526//525 
f 525//524 527//526 526//525 
f 527//526 524//523 526//525 
f 524//523 522//521 526//525 
f 525//524 528//527 529//528 
f 528//527 530//529 529//528 
f 530//529 527//526 529//528 
f 527//526 525//524 529//528 
f 528//527 531//530 532//531 
f 531//530 533//532 532//531 
f 533//532 530//529 532//531 
f 530//529 528//527 532//531 
f 531//530 534//533 535//534 
f 534//533 536//535 535//534 
f 536//535 533//532 535//534 
f 533//532 531//530 535//534 
f 534//533 537//536 538//537 
f 537//536 539//538 538//537 
f 539//538 536//535 538//537 
f 536//535 534//533 538//537 
f 537//536 540//539 541//540 
f 540//539 542//541 541//540 
f 542//541 539//538 541//540 
f 539//538 537//536 541//540 
f 540//539 543//542 544//543 
f 543//542 545//544 544//543 
f 545//544 542//541 544//543 
f 542//541 540//539 544//543 
f 543//542 546//545 547//546 
f 546//545 548//547 547//546 
f 548//547 545//544 547//546 
f 545//544 543//542 547//546 
f 546//545 549//548 550//549 
f 549//548 551//550 550//549 
f 551//550 548//547 550//549 
f 548//547 546//545 550//549 
f 549//548 552//551 553//552 
f 552//551 554//553 553//552 
f 554//553 551//550 553//552 
f 551//550 549//548 553//552 
f 552//551 555//554 556//555 
f 555//554 557//556 556//555 
f 557//556 554//553 556//555 
f 554//553 552//551 556//555 
f 555//554 558//557 559//558 
f 558//557 560//559 559//558 
f 560//559 557//556 559//558 
f 557//556 555//554 559//558 
f 558//557 561//560 562//561 
f 561//560 563//562 562//561 
f 563//562 560//559 562//561 
f 560//559 558//557 562//561 
f 561//560 564//563 565//564 
f 564//563 566//565 565//564 
f 566//565 563//562 565//564 
f 563//562 561//560 565//564 
f 564//563 567//566 568//567 
f 567//566 569//568 568//567 
f 569//568 566//565 568//567 
f 566//565 564//563 568//567 
f 567//566 570//569 571//570 
f 570//569 572//571 571//570 
f 572//571 569//568 571//570 
f 569//568 567//566 571//570 
f 570//569 573//572 574//573 
f 573//572 575//574 574//573 
f 575//574 572//571 574//573 
f 572//571 570//569 574//573 
f 573//572 576//575 577//576 
f 576//575 578//577 577//576 
f 578//577 575//574 577//576 
f 575//574 573//572 577//576 
f 576//575 579//578 580//579 
f 579//578 581//580 580//579 
f 581//580 578//577 580//579 
f 578//577 576//575 580//579 
f 579//578 582//581 583//582 
f 582//581 584//583 583//582 
f 584//583 581//580 583//582 
f 581//580 579//578 583//582 
f 582//581 585//584 586//585 
f 585//584 587//586 586//585 
f 587//586 584//583 586//585 
f 584//583 582//581 586//585 
f 585//584 588//587 589//588 
f 588//587 590//589 589//588 
f 590//589 587//586 589//588 
f 587//586 585//584 589//588 
f 588//587 591//590 592//591 
f 591//590 593//592 592//591 
f 593//592 590//589 592//591 
f 590//589 588//587 592//591 
f 591//590 594//593 595//594 
f 594//593 596//595 595//594 
f 596//595 593//592 595//594 
f 593//592 591//590 595//594 
f 594//593 597//596 598//597 
f 597//596 599//598 598//597 
f 599//598 596//595 598//597 
f 596//595 594//593 598//597 
f 597//596 600//599 601//600 
f 600//599 602//601 601//600 
f 602//601 599//598 601//600 
f 599//598 597//596 601//600 
f 600//599 603//602 604//603 
f 603//602 605//604 604//603 
f 605//604 602//601 604//603 
f 602//601 600//599 604//603 
f 603//602 606//605 607//606 
f 606//605 608//607 607//606 
f 608//607 605//604 607//606 
f 605//604 603//602 607//606 
f 606//605 609//608 610//609 
f 609//608 611//610 610//609 
f 611//610 608//607 610//609 
f 608//607 606//605 610//609 
f 609//608 612//611 613//612 
f 612//611 614//613 613//612 
f 614//613 611//610 613//612 
f 611//610 609//608 613//612 
f 612//611 615//614 616//615 
f 615//614 617//616 616//615 
f 617//616 614//613 616//615 
f 614//613 612//611 616//615 
f 615//614 618//617 619//618 
f 618//617 620//619 619//618 
f 620//619 617//616 619//618 
f 617//616 615//614 619//618 
f 618//617 621//620 622//621 
f 621//620 623//622 622//621 
f 623//622 620//619 622//621 
f 620//619 618//617 622//621 
f 621//620 624//623 625//624 
f 624//623 626//625 625//624 
f 626//625 623//622 625//624 
f 623//622 621//620 625//624 
f 624//623 627//626 628//627 
f 627//626 629//628 628//627 
f 629//628 626//625 628//627 
f 626//625 624//623 628//627 
f 627//626 630//629 631//630 
f 630//629 632//631 631//630 
f 632//631 629//628 631//630 
f 629//628 627//626 631//630 
f 630//629 633//632 634//633 
f 633//632 635//634 634//633 
f 635//634 632//631 634//633 
f 632//631 630//629 634//633 
f 633//632 636//635 637//636 
f 636//635 638//637 637//636 
f 638//637 635//634 637//636 
f 635//634 633//632 637//636 
f 636//635 639//638 640//639 
f 639//638 641//640 640//639 
f 641//640 638//637 640//639 
f 638//637 636//635 640//639 
f 639//638 642//641 643//642 
f 642//641 644//643 643//642 
f 644//643 641//640 643//642 
f 641//640 639//638 643//642 
f 642//641 645//644 646//645 
f 645//644 647//646 646//645 
f 647//646 644//643 646//645 
f 644//643 642//641 646//645 
f 645//644 648//647 649//648 
f 648//647 650//649 649//648 
f 650//649 647//646 649//648 
f 647//646 645//644 649//648 
f 648//647 651//650 652//651 
f 651//650 653//652 652//651 
f 653//652 650//649 652//651 
f 650//649 648//647 652//651 
f 651//650 654//653 655//654 
f 654//653 656//655 655//654 
f 656//655 653//652 655//654 
f 653//652 651//650 655//654 
f 654//653 657//656 658//657 
f 657//656 659//658 658//657 
f 659//658 656//655 658//657 
f 656//655 654//653 658//657 
f 657//656 660//659 661//660 
f 660//659 662//661 661//660 
f 662//661 659//658 661//660 
f 659//658 657//656 661//660 
f 660//659 663//662 664//663 
f 663//662 665//664 664//663 
f 665//664 662//661 664//663 
f 662//661 660//659 664//663 
f 663//662 666//665 667//666 
f 666//665 668//667 667//666 
f 668//667 665//664 667//666 
f 665//664 663//662 667//666 
f 666//665 669//668 670//669 
f 669//668 671//670 670//669 
f 671//670 668//667 670//669 
f 668//667 666//665 670//669 
f 669//668 672//671 673//672 
f 672//671 674//673 673//672 
f 674//673 671//670 673//672 
f 671//670 669//668 673//672 
f 672//671 675//674 676//675 
f 675//674 677//676 676//675 
f 677//676 674//673 676//675 
f 674//673 672//671 676//675 
f 675//674 678//677 679//678 
f 678//677 680//679 679//678 
f 680//679 677//676 679//678 
f 677//676 675//674 679//678 
f 678//677 681//680 682//681 
f 681//680 683//682 682//681 
f 683//682 680//679 682//681 
f 680//679 678//677 682//681 
f 681//680 684//683 685//684 
f 684//683 686//685 685//684 
f 686//685 683//682 685//684 
f 683//682 681//680 685//684 
f 684//683 687//686 688//687 
f 687//686 689//688 688//687 
f 689//688 686//685 688//687 
f 686//685 684//683 688//687 
s 5
f 687//686 1//1 690//689 
f 1//1 5//5 690//689 
f 5//5 689//688 690//689 
f 689//688 687//686 690//689 
s 1
f 691//690 692//691 693//692 
f 692//691 694//693 693//692 
f 694//693 695//694 693//692 
f 695//694 691//690 693//692 
s 3
f 692//691 696//695 697//696 
f 696//695 698//697 697//696 
f 698//697 694//693 697//696 
f 694//693 692//691 697//696 
s 2
f 696//695 699//698 700//699 
f 699//698 701//700 700//699 
f 701//700 698//697 700//699 
f 698//697 696//695 700//699 
f 699//698 702//701 703//702 
f 702//701 704//703 703//702 
f 704//703 701//700 703//702 
f 701//700 699//698 703//702 
f 702//701 705//704 706//705 
f 705//704 707//706 706//705 
f 707//706 704//703 706//705 
f 704//703 702//701 706//705 
f 705//704 708//707 709//708 
f 708//707 710//709 709//708 
f 710//709 707//706 709//708 
f 707//706 705//704 709//708 
f 708//707 711//710 712//711 
f 711//710 713//712 712//711 
f 713//712 710//709 712//711 
f 710//709 708//707 712//711 
f 711//710 714//713 715//714 
f 714//713 716//715 715//714 
f 716//715 713//712 715//714 
f 713//712 711//710 715//714 
f 714//713 717//716 718//717 
f 717//716 719//718 718//717 
f 719//718 716//715 718//717 
f 716//715 714//713 718//717 
f 717//716 720//719 721//720 
f 720//719 722//721 721//720 
f 722//721 719//718 721//720 
f 719//718 717//716 721//720 
f 720//719 723//722 724//723 
f 723//722 725//724 724//723 
f 725//724 722//721 724//723 
f 722//721 720//719 724//723 
f 723//722 726//725 727//726 
f 726//725 728//727 727//726 
f 728//727 725//724 727//726 
f 725//724 723//722 727//726 
f 726//725 729//728 730//729 
f 729//728 731//730 730//729 
f 731//730 728//727 730//729 
f 728//727 726//725 730//729 
f 729//728 732//731 733//732 
f 732//731 734//733 733//732 
f 734//733 731//730 733//732 
f 731//730 729//728 733//732 
f 732//731 735//734 736//735 
f 735//734 737//736 736//735 
f 737//736 734//733 736//735 
f 734//733 732//731 736//735 
f 735//734 738//737 739//738 
f 738//737 740//739 739//738 
f 740//739 737//736 739//738 
f 737//736 735//734 739//738 
f 738//737 741//740 742//741 
f 741//740 743//742 742//741 
f 743//742 740//739 742//741 
f 740//739 738//737 742//741 
f 741//740 744//743 745//744 
f 744//743 746//745 745//744 
f 746//745 743//742 745//744 
f 743//742 741//740 745//744 
f 744//743 747//746 748//747 
f 747//746 749//748 748//747 
f 749//748 746//745 748//747 
f 746//745 744//743 748//747 
f 747//746 750//749 751//750 
f 750//749 752//751 751//750 
f 752//751 749//748 751//750 
f 749//748 747//746 751//750 
f 750//749 753//752 754//753 
f 753//752 755//754 754//753 
f 755//754 752//751 754//753 
f 752//751 750//749 754//753 
f 753//752 756//755 757//756 
f 756//755 758//757 757//756 
f 758//757 755//754 757//756 
f 755//754 753//752 757//756 
f 756//755 759//758 760//759 
f 759//758 761//760 760//759 
f 761//760 758//757 760//759 
f 758//757 756//755 760//759 
f 759//758 762//761 763//762 
f 762//761 764//763 763//762 
f 764//763 761//760 763//762 
f 761//760 759//758 763//762 
f 762//761 765//764 766//765 
f 765//764 767//766 766//765 
f 767//766 764//763 766//765 
f 764//763 762//761 766//765 
f 765//764 768//767 769//768 
f 768//767 770//769 769//768 
f 770//769 767//766 769//768 
f 767//766 765//764 769//768 
f 768//767 771//770 772//771 
f 771//770 773//772 772//771 
f 773//772 770//769 772//771 
f 770//769 768//767 772//771 
f 771//770 774//773 775//774 
f 774//773 776//775 775//774 
f 776//775 773//772 775//774 
f 773//772 771//770 775//774 
f 774//773 777//776 778//777 
f 777//776 779//778 778//777 
f 779//778 776//775 778//777 
f 776//775 774//773 778//777 
f 777//776 780//779 781//780 
f 780//779 782//781 781//780 
f 782//781 779//778 781//780 
f 779//778 777//776 781//780 
f 780//779 783//782 784//783 
f 783//782 785//784 784//783 
f 785//784 782//781 784//783 
f 782//781 780//779 784//783 
f 783//782 786//785 787//786 
f 786//785 788//787 787//786 
f 788//787 785//784 787//786 
f 785//784 783//782 787//786 
f 786//785 789//788 790//789 
f 789//788 791//790 790//789 
f 791//790 788//787 790//789 
f 788//787 786//785 790//789 
f 789//788 792//791 793//792 
f 792//791 794//793 793//792 
f 794//793 791//790 793//792 
f 791//790 789//788 793//792 
f 792//791 795//794 796//795 
f 795//794 797//796 796//795 
f 797//796 794//793 796//795 
f 794//793 792//791 796//795 
s 3
f 795//794 691//690 798//797 
f 691//690 695//694 798//797 
f 695//694 797//796 798//797 
f 797//796 795//794 798//797 
s 16
f 447//446 444//443 799//798 
f 444//443 441//440 799//798 
f 441//440 75//75 799//798 
f 75//75 72//72 799//798 
f 72//72 447//446 799//798 
f 689//688 800//799 740//739 801//799 
f 740//739 743//742 801//799 
f 743//742 689//688 801//799 
f 441//440 438//437 802//798 
f 438//437 78//78 802//798 
f 78//78 75//75 802//798 
f 75//75 441//440 802//798 
f 72//72 69//69 803//798 
f 69//69 450//449 803//798 
f 450//449 447//446 803//798 
f 447//446 72//72 803//798 
f 69//69 66//66 804//798 
f 66//66 453//452 804//798 
f 453//452 450//449 804//798 
f 450//449 69//69 804//798 
f 66//66 63//63 805//798 
f 63//63 456//455 805//798 
f 456//455 453//452 805//798 
f 453//452 66//66 805//798 
f 63//63 60//60 806//798 
f 60//60 459//458 806//798 
f 459//458 456//455 806//798 
f 456//455 63//63 806//798 
f 60//60 57//57 807//798 
f 57//57 462//461 807//798 
f 462//461 459//458 807//798 
f 459//458 60//60 807//798 
f 57//57 54//54 808//798 
f 54//54 468//467 808//798 
f 468//467 465//464 808//798 
f 465//464 462//461 808//798 
f 462//461 57//57 808//798 
f 54//54 51//51 809//798 
f 51//51 471//470 809//798 
f 471//470 468//467 809//798 
f 468//467 54//54 809//798 
f 51//51 48//48 810//798 
f 48//48 471//470 810//798 
f 471//470 51//51 810//798 
f 48//48 45//45 811//798 
f 45//45 474//473 811//798 
f 474//473 471//470 811//798 
f 471//470 48//48 811//798 
f 45//45 42//42 812//798 
f 42//42 474//473 812//798 
f 474//473 45//45 812//798 
f 42//42 39//39 813//798 
f 39//39 477//476 813//798 
f 477//476 474//473 813//798 
f 474//473 42//42 813//798 
f 39//39 36//36 814//798 
f 36//36 477//476 814//798 
f 477//476 39//39 814//798 
f 36//36 33//33 815//798 
f 33//33 480//479 815//798 
f 480//479 477//476 815//798 
f 477//476 36//36 815//798 
f 33//33 30//30 816//798 
f 30//30 480//479 816//798 
f 480//479 33//33 816//798 
f 30//30 27//27 817//798 
f 27//27 483//482 817//798 
f 483//482 480//479 817//798 
f 480//479 30//30 817//798 
f 27//27 24//24 818//798 
f 24//24 483//482 818//798 
f 483//482 27//27 818//798 
f 24//24 21//21 819//798 
f 21//21 486//485 819//798 
f 486//485 483//482 819//798 
f 483//482 24//24 819//798 
f 21//21 18//18 820//798 
f 18//18 486//485 820//798 
f 486//485 21//21 820//798 
f 18//18 15//15 821//798 
f 15//15 489//488 821//798 
f 489//488 486//485 821//798 
f 486//485 18//18 821//798 
f 15//15 12//12 822//798 
f 12//12 489//488 822//798 
f 489//488 15//15 822//798 
f 12//12 9//9 823//798 
f 9//9 492//491 823//798 
f 492//491 489//488 823//798 
f 489//488 12//12 823//798 
f 9//9 6//6 824//798 
f 6//6 495//494 824//798 
f 495//494 492//491 824//798 
f 492//491 9//9 824//798 
f 6//6 2//2 825//798 
f 2//2 495//494 825//798 
f 495//494 6//6 825//798 
f 2//2 1//1 826//798 
f 1//1 498//497 826//798 
f 498//497 495//494 826//798 
f 495//494 2//2 826//798 
f 1//1 687//686 827//798 
f 738//737 735//734 827//798 
f 735//734 498//497 827//798 
f 498//497 1//1 827//798 
f 735//734 732//731 828//798 
f 732//731 498//497 828//798 
f 498//497 735//734 828//798 
f 732//731 729//728 829//798 
f 729//728 498//497 829//798 
f 498//497 732//731 829//798 
f 729//728 726//725 830//798 
f 726//725 498//497 830//798 
f 498//497 729//728 830//798 
f 726//725 723//722 831//798 
f 723//722 498//497 831//798 
f 498//497 726//725 831//798 
f 723//722 720//719 832//798 
f 720//719 498//497 832//798 
f 498//497 723//722 832//798 
f 720//719 717//716 833//798 
f 717//716 498//497 833//798 
f 498//497 720//719 833//798 
f 717//716 714//713 834//798 
f 714//713 531//530 834//798 
f 531//530 528//527 834//798 
f 528//527 525//524 834//798 
f 525//524 522//521 834//798 
f 522//521 519//518 834//798 
f 519//518 516//515 834//798 
f 516//515 513//512 834//798 
f 513//512 510//509 834//798 
f 510//509 507//506 834//798 
f 507//506 504//503 834//798 
f 504//503 501//500 834//798 
f 501//500 498//497 834//798 
f 498//497 717//716 834//798 
f 714//713 711//710 835//798 
f 711//710 534//533 835//798 
f 534//533 531//530 835//798 
f 531//530 714//713 835//798 
f 711//710 708//707 836//798 
f 708//707 540//539 836//798 
f 540//539 537//536 836//798 
f 537//536 534//533 836//798 
f 534//533 711//710 836//798 
f 708//707 705//704 837//798 
f 705//704 546//545 837//798 
f 546//545 543//542 837//798 
f 543//542 540//539 837//798 
f 540//539 708//707 837//798 
f 705//704 702//701 838//798 
f 702//701 552//551 838//798 
f 552//551 549//548 838//798 
f 549//548 546//545 838//798 
f 546//545 705//704 838//798 
f 702//701 699//698 839//798 
f 699//698 555//554 839//798 
f 555//554 552//551 839//798 
f 552//551 702//701 839//798 
f 699//698 696//695 840//798 
f 696//695 561//560 840//798 
f 561//560 558//557 840//798 
f 558//557 555//554 840//798 
f 555//554 699//698 840//798 
f 696//695 692//691 841//798 
f 692//691 567//566 841//798 
f 567//566 564//563 841//798 
f 564//563 561//560 841//798 
f 561//560 696//695 841//798 
f 692//691 691//690 842//798 
f 691//690 573//572 842//798 
f 573//572 570//569 842//798 
f 570//569 567//566 842//798 
f 567//566 692//691 842//798 
f 691//690 795//794 843//798 
f 795//794 579//578 843//798 
f 579//578 576//575 843//798 
f 576//575 573//572 843//798 
f 573//572 691//690 843//798 
f 795//794 792//791 844//798 
f 792//791 582//581 844//798 
f 582//581 579//578 844//798 
f 579//578 795//794 844//798 
f 792//791 789//788 845//798 
f 789//788 588//587 845//798 
f 588//587 585//584 845//798 
f 585//584 582//581 845//798 
f 582//581 792//791 845//798 
f 789//788 786//785 846//798 
f 786//785 594//593 846//798 
f 594//593 591//590 846//798 
f 591//590 588//587 846//798 
f 588//587 789//788 846//798 
f 786//785 783//782 847//798 
f 783//782 600//599 847//798 
f 600//599 597//596 847//798 
f 597//596 594//593 847//798 
f 594//593 786//785 847//798 
f 783//782 780//779 848//798 
f 780//779 606//605 848//798 
f 606//605 603//602 848//798 
f 603//602 600//599 848//798 
f 600//599 783//782 848//798 
f 780//779 777//776 849//798 
f 777//776 612//611 849//798 
f 612//611 609//608 849//798 
f 609//608 606//605 849//798 
f 606//605 780//779 849//798 
f 777//776 774//773 850//798 
f 774//773 618//617 850//798 
f 618//617 615//614 850//798 
f 615//614 612//611 850//798 
f 612//611 777//776 850//798 
f 774//773 771//770 851//798 
f 771//770 624//623 851//798 
f 624//623 621//620 851//798 
f 621//620 618//617 851//798 
f 618//617 774//773 851//798 
f 771//770 768//767 852//798 
f 768//767 630//629 852//798 
f 630//629 627//626 852//798 
f 627//626 624//623 852//798 
f 624//623 771//770 852//798 
f 768//767 765//764 853//798 
f 765//764 636//635 853//798 
f 636//635 633//632 853//798 
f 633//632 630//629 853//798 
f 630//629 768//767 853//798 
f 765//764 762//761 854//798 
f 762//761 645//644 854//798 
f 645//644 642//641 854//798 
f 642//641 639//638 854//798 
f 639//638 636//635 854//798 
f 636//635 765//764 854//798 
f 762//761 759//758 855//798 
f 759//758 651//650 855//798 
f 651//650 648//647 855//798 
f 648//647 645//644 855//798 
f 645//644 762//761 855//798 
f 759//758 756//755 856//798 
f 756//755 657//656 856//798 
f 657//656 654//653 856//798 
f 654//653 651//650 856//798 
f 651//650 759//758 856//798 
f 756//755 753//752 857//798 
f 753//752 663//662 857//798 
f 663//662 660//659 857//798 
f 660//659 657//656 857//798 
f 657//656 756//755 857//798 
f 753//752 750//749 858//798 
f 750//749 672//671 858//798 
f 672//671 669//668 858//798 
f 669//668 666//665 858//798 
f 666//665 663//662 858//798 
f 663//662 753//752 858//798 
f 750//749 747//746 859//798 
f 747//746 678//677 859//798 
f 678//677 675//674 859//798 
f 675//674 672//671 859//798 
f 672//671 750//749 859//798 
f 747//746 744//743 860//798 
f 744//743 687//686 860//798 
f 687//686 684//683 860//798 
f 684//683 681//680 860//798 
f 681//680 678//677 860//798 
f 678//677 747//746 860//798 
f 744//743 741//740 861//798 
f 741//740 687//686 861//798 
f 687//686 744//743 861//798 
f 741//740 738//737 862//798 
f 738//737 827//798 687//686 862//798 
f 687//686 741//740 862//798 
f 438//437 435//434 863//798 
f 435//434 81//81 863//798 
f 81//81 78//78 863//798 
f 78//78 438//437 863//798 
f 435//434 432//431 864//798 
f 432//431 81//81 864//798 
f 81//81 435//434 864//798 
f 432//431 429//428 865//798 
f 429//428 84//84 865//798 
f 84//84 81//81 865//798 
f 81//81 432//431 865//798 
f 429//428 426//425 866//798 
f 426//425 87//87 866//798 
f 87//87 84//84 866//798 
f 84//84 429//428 866//798 
f 426//425 423//422 867//798 
f 423//422 90//90 867//798 
f 90//90 87//87 867//798 
f 87//87 426//425 867//798 
f 423//422 420//419 868//798 
f 420//419 93//93 868//798 
f 93//93 90//90 868//798 
f 90//90 423//422 868//798 
f 420//419 417//416 869//798 
f 417//416 105//105 869//798 
f 105//105 102//102 869//798 
f 102//102 99//99 869//798 
f 99//99 96//96 869//798 
f 96//96 93//93 869//798 
f 93//93 420//419 869//798 
f 417//416 414//413 870//798 
f 414//413 120//120 870//798 
f 120//120 117//117 870//798 
f 117//117 114//114 870//798 
f 114//114 111//111 870//798 
f 111//111 108//108 870//798 
f 108//108 105//105 870//798 
f 105//105 417//416 870//798 
f 414//413 411//410 871//798 
f 411//410 129//129 871//798 
f 129//129 126//126 871//798 
f 126//126 123//123 871//798 
f 123//123 120//120 871//798 
f 120//120 414//413 871//798 
f 411//410 408//407 872//798 
f 408//407 132//132 872//798 
f 132//132 129//129 872//798 
f 129//129 411//410 872//798 
f 408//407 405//404 873//798 
f 405//404 132//132 873//798 
f 132//132 408//407 873//798 
f 405//404 402//401 874//798 
f 402//401 132//132 874//798 
f 132//132 405//404 874//798 
f 402//401 399//398 875//798 
f 399//398 132//132 875//798 
f 132//132 402//401 875//798 
f 399//398 396//395 876//798 
f 396//395 132//132 876//798 
f 132//132 399//398 876//798 
f 396//395 393//392 877//798 
f 393//392 132//132 877//798 
f 132//132 396//395 877//798 
f 279//279 276//276 878//798 
f 276//276 189//189 878//798 
f 189//189 186//186 878//798 
f 186//186 279//279 878//798 
f 276//276 273//273 879//798 
f 273//273 189//189 879//798 
f 189//189 276//276 879//798 
f 186//186 183//183 880//798 
f 183//183 282//282 880//798 
f 282//282 279//279 880//798 
f 279//279 186//186 880//798 
f 183//183 180//180 881//798 
f 180//180 285//284 881//798 
f 285//284 282//282 881//798 
f 282//282 183//183 881//798 
f 180//180 177//177 882//798 
f 177//177 288//287 882//798 
f 288//287 285//284 882//798 
f 285//284 180//180 882//798 
f 177//177 174//174 883//798 
f 174//174 291//290 883//798 
f 291//290 288//287 883//798 
f 288//287 177//177 883//798 
f 174//174 171//171 884//798 
f 171//171 294//293 884//798 
f 294//293 291//290 884//798 
f 291//290 174//174 884//798 
f 171//171 168//168 885//798 
f 168//168 300//299 885//798 
f 300//299 297//296 885//798 
f 297//296 294//293 885//798 
f 294//293 171//171 885//798 
f 168//168 165//165 886//798 
f 165//165 303//302 886//798 
f 303//302 300//299 886//798 
f 300//299 168//168 886//798 
f 165//165 162//162 887//798 
f 162//162 306//305 887//798 
f 306//305 303//302 887//798 
f 303//302 165//165 887//798 
f 162//162 159//159 888//798 
f 159//159 309//308 888//798 
f 309//308 306//305 888//798 
f 306//305 162//162 888//798 
f 159//159 156//156 889//798 
f 156//156 312//311 889//798 
f 312//311 309//308 889//798 
f 309//308 159//159 889//798 
f 156//156 153//153 890//798 
f 153//153 318//317 890//798 
f 318//317 315//314 890//798 
f 315//314 312//311 890//798 
f 312//311 156//156 890//798 
f 153//153 150//150 891//798 
f 150//150 321//320 891//798 
f 321//320 318//317 891//798 
f 318//317 153//153 891//798 
f 150//150 147//147 892//798 
f 147//147 324//323 892//798 
f 324//323 321//320 892//798 
f 321//320 150//150 892//798 
f 147//147 144//144 893//798 
f 144//144 330//329 893//798 
f 330//329 327//326 893//798 
f 327//326 324//323 893//798 
f 324//323 147//147 893//798 
f 144//144 141//141 894//798 
f 141//141 336//335 894//798 
f 336//335 333//332 894//798 
f 333//332 330//329 894//798 
f 330//329 144//144 894//798 
f 141//141 138//138 895//798 
f 138//138 342//341 895//798 
f 342//341 339//338 895//798 
f 339//338 336//335 895//798 
f 336//335 141//141 895//798 
f 138//138 135//135 896//798 
f 135//135 348//347 896//798 
f 348//347 345//344 896//798 
f 345//344 342//341 896//798 
f 342//341 138//138 896//798 
f 135//135 132//132 897//798 
f 132//132 393//392 897//798 
f 393//392 390//389 897//798 
f 390//389 387//386 897//798 
f 387//386 384//383 897//798 
f 384//383 381//380 897//798 
f 381//380 378//377 897//798 
f 378//377 375//374 897//798 
f 375//374 372//371 897//798 
f 372//371 369//368 897//798 
f 369//368 366//365 897//798 
f 366//365 363//362 897//798 
f 363//362 360//359 897//798 
f 360//359 357//356 897//798 
f 357//356 354//353 897//798 
f 354//353 351//350 897//798 
f 351//350 348//347 897//798 
f 348//347 135//135 897//798 
f 273//273 270//270 898//798 
f 270//270 192//192 898//798 
f 192//192 189//189 898//798 
f 189//189 273//273 898//798 
f 270//270 267//267 899//798 
f 267//267 192//192 899//798 
f 192//192 270//270 899//798 
f 267//267 264//264 900//798 
f 264//264 195//195 900//798 
f 195//195 192//192 900//798 
f 192//192 267//267 900//798 
f 264//264 261//261 901//798 
f 261//261 195//195 901//798 
f 195//195 264//264 901//798 
f 261//261 258//258 902//798 
f 258//258 198//198 902//798 
f 198//198 195//195 902//798 
f 195//195 261//261 902//798 
f 258//258 255//255 903//798 
f 255//255 201//201 903//798 
f 201//201 198//198 903//798 
f 198//198 258//258 903//798 
f 255//255 252//252 904//798 
f 252//252 204//204 904//798 
f 204//204 201//201 904//798 
f 201//201 255//255 904//798 
f 252//252 249//249 905//798 
f 249//249 204//204 905//798 
f 204//204 252//252 905//798 
f 249//249 246//246 906//798 
f 246//246 207//207 906//798 
f 207//207 204//204 906//798 
f 204//204 249//249 906//798 
f 246//246 243//243 907//798 
f 243//243 210//210 907//798 
f 210//210 207//207 907//798 
f 207//207 246//246 907//798 
f 243//243 240//240 908//798 
f 240//240 213//213 908//798 
f 213//213 210//210 908//798 
f 210//210 243//243 908//798 
f 240//240 237//237 909//798 
f 237//237 213//213 909//798 
f 213//213 240//240 909//798 
f 237//237 234//234 910//798 
f 234//234 216//216 910//798 
f 216//216 213//213 910//798 
f 213//213 237//237 910//798 
f 234//234 231//231 911//798 
f 231//231 219//219 911//798 
f 219//219 216//216 911//798 
f 216//216 234//234 911//798 
f 231//231 228//228 912//798 
f 228//228 219//219 912//798 
f 219//219 231//231 912//798 
f 228//228 225//225 913//798 
f 225//225 219//219 913//798 
f 219//219 228//228 913//798 
f 225//225 222//222 914//798 
f 222//222 219//219 914//798 
f 219//219 225//225 914//798 
f 743//742 746//745 915//799 
f 746//745 689//688 915//799 
f 689//688 743//742 915//799 
f 746//745 749//748 916//799 
f 749//748 680//679 916//799 
f 680//679 683//682 916//799 
f 683//682 686//685 916//799 
f 686//685 689//688 916//799 
f 689//688 746//745 916//799 
f 749//748 752//751 917//799 
f 752//751 674//673 917//799 
f 674//673 677//676 917//799 
f 677//676 680//679 917//799 
f 680//679 749//748 917//799 
f 752//751 755//754 918//799 
f 755//754 665//664 918//799 
f 665//664 668//667 918//799 
f 668//667 671//670 918//799 
f 671//670 674//673 918//799 
f 674//673 752//751 918//799 
f 755//754 758//757 919//799 
f 758//757 659//658 919//799 
f 659//658 662//661 919//799 
f 662//661 665//664 919//799 
f 665//664 755//754 919//799 
f 758//757 761//760 920//799 
f 761//760 653//652 920//799 
f 653//652 656//655 920//799 
f 656//655 659//658 920//799 
f 659//658 758//757 920//799 
f 761//760 764//763 921//799 
f 764//763 647//646 921//799 
f 647//646 650//649 921//799 
f 650//649 653//652 921//799 
f 653//652 761//760 921//799 
f 764//763 767//766 922//799 
f 767//766 638//637 922//799 
f 638//637 641//640 922//799 
f 641//640 644//643 922//799 
f 644//643 647//646 922//799 
f 647//646 764//763 922//799 
f 767//766 770//769 923//799 
f 770//769 632//631 923//799 
f 632//631 635//634 923//799 
f 635//634 638//637 923//799 
f 638//637 767//766 923//799 
f 770//769 773//772 924//799 
f 773//772 626//625 924//799 
f 626//625 629//628 924//799 
f 629//628 632//631 924//799 
f 632//631 770//769 924//799 
f 773//772 776//775 925//799 
f 776//775 620//619 925//799 
f 620//619 623//622 925//799 
f 623//622 626//625 925//799 
f 626//625 773//772 925//799 
f 776//775 779//778 926//799 
f 779//778 614//613 926//799 
f 614//613 617//616 926//799 
f 617//616 620//619 926//799 
f 620//619 776//775 926//799 
f 779//778 782//781 927//799 
f 782//781 608//607 927//799 
f 608//607 611//610 927//799 
f 611//610 614//613 927//799 
f 614//613 779//778 927//799 
f 782//781 785//784 928//799 
f 785//784 602//601 928//799 
f 602//601 605//604 928//799 
f 605//604 608//607 928//799 
f 608//607 782//781 928//799 
f 785//784 788//787 929//799 
f 788//787 596//595 929//799 
f 596//595 599//598 929//799 
f 599//598 602//601 929//799 
f 602//601 785//784 929//799 
f 788//787 791//790 930//799 
f 791//790 590//589 930//799 
f 590//589 593//592 930//799 
f 593//592 596//595 930//799 
f 596//595 788//787 930//799 
f 791//790 794//793 931//799 
f 794//793 584//583 931//799 
f 584//583 587//586 931//799 
f 587//586 590//589 931//799 
f 590//589 791//790 931//799 
f 794//793 797//796 932//799 
f 797//796 581//580 932//799 
f 581//580 584//583 932//799 
f 584//583 794//793 932//799 
f 797//796 695//694 933//799 
f 695//694 575//574 933//799 
f 575//574 578//577 933//799 
f 578//577 581//580 933//799 
f 581//580 797//796 933//799 
f 695//694 694//693 934//799 
f 694//693 569//568 934//799 
f 569//568 572//571 934//799 
f 572//571 575//574 934//799 
f 575//574 695//694 934//799 
f 694//693 698//697 935//799 
f 698//697 563//562 935//799 
f 563//562 566//565 935//799 
f 566//565 569//568 935//799 
f 569//568 694//693 935//799 
f 698//697 701//700 936//799 
f 701//700 557//556 936//799 
f 557//556 560//559 936//799 
f 560//559 563//562 936//799 
f 563//562 698//697 936//799 
f 701//700 704//703 937//799 
f 704//703 554//553 937//799 
f 554//553 557//556 937//799 
f 557//556 701//700 937//799 
f 704//703 707//706 938//799 
f 707//706 548//547 938//799 
f 548//547 551//550 938//799 
f 551//550 554//553 938//799 
f 554//553 704//703 938//799 
f 707//706 710//709 939//799 
f 710//709 542//541 939//799 
f 542//541 545//544 939//799 
f 545//544 548//547 939//799 
f 548//547 707//706 939//799 
f 710//709 713//712 940//799 
f 713//712 536//535 940//799 
f 536//535 539//538 940//799 
f 539//538 542//541 940//799 
f 542//541 710//709 940//799 
f 713//712 716//715 941//799 
f 716//715 533//532 941//799 
f 533//532 536//535 941//799 
f 536//535 713//712 941//799 
f 716//715 719//718 942//799 
f 719//718 500//499 942//799 
f 500//499 503//502 942//799 
f 503//502 506//505 942//799 
f 506//505 509//508 942//799 
f 509//508 512//511 942//799 
f 512//511 515//514 942//799 
f 515//514 518//517 942//799 
f 518//517 521//520 942//799 
f 521//520 524//523 942//799 
f 524//523 527//526 942//799 
f 527//526 530//529 942//799 
f 530//529 533//532 942//799 
f 533//532 716//715 942//799 
f 719//718 722//721 943//799 
f 722//721 500//499 943//799 
f 500//499 719//718 943//799 
f 722//721 725//724 944//799 
f 725//724 500//499 944//799 
f 500//499 722//721 944//799 
f 725//724 728//727 945//799 
f 728//727 500//499 945//799 
f 500//499 725//724 945//799 
f 728//727 731//730 946//799 
f 731//730 500//499 946//799 
f 500//499 728//727 946//799 
f 731//730 734//733 947//799 
f 734//733 500//499 947//799 
f 500//499 731//730 947//799 
f 734//733 737//736 948//799 
f 737//736 500//499 948//799 
f 500//499 734//733 948//799 
f 737//736 740//739 800//799 
f 689//688 5//5 800//799 
f 5//5 500//499 800//799 
f 500//499 737//736 800//799 
f 5//5 4//4 949//799 
f 4//4 497//496 949//799 
f 497//496 500//499 949//799 
f 500//499 5//5 949//799 
f 4//4 8//8 950//799 
f 8//8 497//496 950//799 
f 497//496 4//4 950//799 
f 8//8 11//11 951//799 
f 11//11 494//493 951//799 
f 494//493 497//496 951//799 
f 497//496 8//8 951//799 
f 11//11 14//14 952//799 
f 14//14 491//490 952//799 
f 491//490 494//493 952//799 
f 494//493 11//11 952//799 
f 14//14 17//17 953//799 
f 17//17 491//490 953//799 
f 491//490 14//14 953//799 
f 17//17 20//20 954//799 
f 20//20 488//487 954//799 
f 488//487 491//490 954//799 
f 491//490 17//17 954//799 
f 20//20 23//23 955//799 
f 23//23 488//487 955//799 
f 488//487 20//20 955//799 
f 23//23 26//26 956//799 
f 26//26 485//484 956//799 
f 485//484 488//487 956//799 
f 488//487 23//23 956//799 
f 26//26 29//29 957//799 
f 29//29 485//484 957//799 
f 485//484 26//26 957//799 
f 29//29 32//32 958//799 
f 32//32 482//481 958//799 
f 482//481 485//484 958//799 
f 485//484 29//29 958//799 
f 32//32 35//35 959//799 
f 35//35 482//481 959//799 
f 482//481 32//32 959//799 
f 35//35 38//38 960//799 
f 38//38 479//478 960//799 
f 479//478 482//481 960//799 
f 482//481 35//35 960//799 
f 38//38 41//41 961//799 
f 41//41 479//478 961//799 
f 479//478 38//38 961//799 
f 41//41 44//44 962//799 
f 44//44 476//475 962//799 
f 476//475 479//478 962//799 
f 479//478 41//41 962//799 
f 44//44 47//47 963//799 
f 47//47 476//475 963//799 
f 476//475 44//44 963//799 
f 47//47 50//50 964//799 
f 50//50 473//472 964//799 
f 473//472 476//475 964//799 
f 476//475 47//47 964//799 
f 50//50 53//53 965//799 
f 53//53 473//472 965//799 
f 473//472 50//50 965//799 
f 53//53 56//56 966//799 
f 56//56 470//469 966//799 
f 470//469 473//472 966//799 
f 473//472 53//53 966//799 
f 56//56 59//59 967//799 
f 59//59 464//463 967//799 
f 464//463 467//466 967//799 
f 467//466 470//469 967//799 
f 470//469 56//56 967//799 
f 59//59 62//62 968//799 
f 62//62 461//460 968//799 
f 461//460 464//463 968//799 
f 464//463 59//59 968//799 
f 62//62 65//65 969//799 
f 65//65 458//457 969//799 
f 458//457 461//460 969//799 
f 461//460 62//62 969//799 
f 65//65 68//68 970//799 
f 68//68 455//454 970//799 
f 455//454 458//457 970//799 
f 458//457 65//65 970//799 
f 68//68 71//71 971//799 
f 71//71 452//451 971//799 
f 452//451 455//454 971//799 
f 455//454 68//68 971//799 
f 71//71 74//74 972//799 
f 74//74 449//448 972//799 
f 449//448 452//451 972//799 
f 452//451 71//71 972//799 
f 74//74 77//77 973//799 
f 77//77 443//442 973//799 
f 443//442 446//445 973//799 
f 446//445 449//448 973//799 
f 449//448 74//74 973//799 
f 134//134 395//394 974//799 
f 395//394 398//397 974//799 
f 398//397 134//134 974//799 
f 134//134 137//137 975//799 
f 137//137 350//349 975//799 
f 350//349 353//352 975//799 
f 353//352 356//355 975//799 
f 356//355 359//358 975//799 
f 359//358 362//361 975//799 
f 362//361 365//364 975//799 
f 365//364 368//367 975//799 
f 368//367 371//370 975//799 
f 371//370 374//373 975//799 
f 374//373 377//376 975//799 
f 377//376 380//379 975//799 
f 380//379 383//382 975//799 
f 383//382 386//385 975//799 
f 386//385 389//388 975//799 
f 389//388 392//391 975//799 
f 392//391 395//394 975//799 
f 395//394 134//134 975//799 
f 398//397 401//400 976//799 
f 401//400 134//134 976//799 
f 134//134 398//397 976//799 
f 401//400 404//403 977//799 
f 404//403 134//134 977//799 
f 134//134 401//400 977//799 
f 404//403 407//406 978//799 
f 407//406 134//134 978//799 
f 134//134 404//403 978//799 
f 407//406 410//409 979//799 
f 410//409 134//134 979//799 
f 134//134 407//406 979//799 
f 410//409 413//412 980//799 
f 413//412 131//131 980//799 
f 131//131 134//134 980//799 
f 134//134 410//409 980//799 
f 413//412 416//415 981//799 
f 416//415 122//122 981//799 
f 122//122 125//125 981//799 
f 125//125 128//128 981//799 
f 128//128 131//131 981//799 
f 131//131 413//412 981//799 
f 416//415 419//418 982//799 
f 419//418 107//107 982//799 
f 107//107 110//110 982//799 
f 110//110 113//113 982//799 
f 113//113 116//116 982//799 
f 116//116 119//119 982//799 
f 119//119 122//122 982//799 
f 122//122 416//415 982//799 
f 419//418 422//421 983//799 
f 422//421 95//95 983//799 
f 95//95 98//98 983//799 
f 98//98 101//101 983//799 
f 101//101 104//104 983//799 
f 104//104 107//107 983//799 
f 107//107 419//418 983//799 
f 422//421 425//424 984//799 
f 425//424 92//92 984//799 
f 92//92 95//95 984//799 
f 95//95 422//421 984//799 
f 425//424 428//427 985//799 
f 428//427 89//89 985//799 
f 89//89 92//92 985//799 
f 92//92 425//424 985//799 
f 428//427 431//430 986//799 
f 431//430 86//86 986//799 
f 86//86 89//89 986//799 
f 89//89 428//427 986//799 
f 431//430 434//433 987//799 
f 434//433 83//83 987//799 
f 83//83 86//86 987//799 
f 86//86 431//430 987//799 
f 434//433 437//436 988//799 
f 437//436 83//83 988//799 
f 83//83 434//433 988//799 
f 437//436 440//439 989//799 
f 440//439 80//80 989//799 
f 80//80 83//83 989//799 
f 83//83 437//436 989//799 
f 440//439 443//442 990//799 
f 443//442 77//77 990//799 
f 77//77 80//80 990//799 
f 80//80 440//439 990//799 
f 137//137 140//140 991//799 
f 140//140 344//343 991//799 
f 344//343 347//346 991//799 
f 347//346 350//349 991//799 
f 350//349 137//137 991//799 
f 140//140 143//143 992//799 
f 143//143 338//337 992//799 
f 338//337 341//340 992//799 
f 341//340 344//343 992//799 
f 344//343 140//140 992//799 
f 143//143 146//146 993//799 
f 146//146 332//331 993//799 
f 332//331 335//334 993//799 
f 335//334 338//337 993//799 
f 338//337 143//143 993//799 
f 146//146 149//149 994//799 
f 149//149 326//325 994//799 
f 326//325 329//328 994//799 
f 329//328 332//331 994//799 
f 332//331 146//146 994//799 
f 149//149 152//152 995//799 
f 152//152 323//322 995//799 
f 323//322 326//325 995//799 
f 326//325 149//149 995//799 
f 152//152 155//155 996//799 
f 155//155 320//319 996//799 
f 320//319 323//322 996//799 
f 323//322 152//152 996//799 
f 155//155 158//158 997//799 
f 158//158 314//313 997//799 
f 314//313 317//316 997//799 
f 317//316 320//319 997//799 
f 320//319 155//155 997//799 
f 158//158 161//161 998//799 
f 161//161 311//310 998//799 
f 311//310 314//313 998//799 
f 314//313 158//158 998//799 
f 161//161 164//164 999//799 
f 164//164 308//307 999//799 
f 308//307 311//310 999//799 
f 311//310 161//161 999//799 
f 164//164 167//167 1000//799 
f 167//167 305//304 1000//799 
f 305//304 308//307 1000//799 
f 308//307 164//164 1000//799 
f 167//167 170//170 1001//799 
f 170//170 302//301 1001//799 
f 302//301 305//304 1001//799 
f 305//304 167//167 1001//799 
f 170//170 173//173 1002//799 
f 173//173 296//295 1002//799 
f 296//295 299//298 1002//799 
f 299//298 302//301 1002//799 
f 302//301 170//170 1002//799 
f 173//173 176//176 1003//799 
f 176//176 293//292 1003//799 
f 293//292 296//295 1003//799 
f 296//295 173//173 1003//799 
f 176//176 179//179 1004//799 
f 179//179 290//289 1004//799 
f 290//289 293//292 1004//799 
f 293//292 176//176 1004//799 
f 179//179 182//182 1005//799 
f 182//182 287//286 1005//799 
f 287//286 290//289 1005//799 
f 290//289 179//179 1005//799 
f 182//182 185//185 1006//799 
f 185//185 284//283 1006//799 
f 284//283 287//286 1006//799 
f 287//286 182//182 1006//799 
f 185//185 188//188 1007//799 
f 188//188 281//281 1007//799 
f 281//281 284//283 1007//799 
f 284//283 185//185 1007//799 
f 221//221 224//224 1008//799 
f 224//224 227//227 1008//799 
f 227//227 221//221 1008//799 
f 227//227 230//230 1009//799 
f 230//230 221//221 1009//799 
f 221//221 227//227 1009//799 
f 230//230 233//233 1010//799 
f 233//233 221//221 1010//799 
f 221//221 230//230 1010//799 
f 233//233 236//236 1011//799 
f 236//236 218//218 1011//799 
f 218//218 221//221 1011//799 
f 221//221 233//233 1011//799 
f 236//236 239//239 1012//799 
f 239//239 215//215 1012//799 
f 215//215 218//218 1012//799 
f 218//218 236//236 1012//799 
f 239//239 242//242 1013//799 
f 242//242 215//215 1013//799 
f 215//215 239//239 1013//799 
f 242//242 245//245 1014//799 
f 245//245 212//212 1014//799 
f 212//212 215//215 1014//799 
f 215//215 242//242 1014//799 
f 245//245 248//248 1015//799 
f 248//248 209//209 1015//799 
f 209//209 212//212 1015//799 
f 212//212 245//245 1015//799 
f 248//248 251//251 1016//799 
f 251//251 206//206 1016//799 
f 206//206 209//209 1016//799 
f 209//209 248//248 1016//799 
f 251//251 254//254 1017//799 
f 254//254 206//206 1017//799 
f 206//206 251//251 1017//799 
f 254//254 257//257 1018//799 
f 257//257 203//203 1018//799 
f 203//203 206//206 1018//799 
f 206//206 254//254 1018//799 
f 257//257 260//260 1019//799 
f 260//260 200//200 1019//799 
f 200//200 203//203 1019//799 
f 203//203 257//257 1019//799 
f 260//260 263//263 1020//799 
f 263//263 197//197 1020//799 
f 197//197 200//200 1020//799 
f 200//200 260//260 1020//799 
f 263//263 266//266 1021//799 
f 266//266 197//197 1021//799 
f 197//197 263//263 1021//799 
f 266//266 269//269 1022//799 
f 269//269 194//194 1022//799 
f 194//194 197//197 1022//799 
f 197//197 266//266 1022//799 
f 269//269 272//272 1023//799 
f 272//272 194//194 1023//799 
f 194//194 269//269 1023//799 
f 272//272 275//275 1024//799 
f 275//275 191//191 1024//799 
f 191//191 194//194 1024//799 
f 194//194 272//272 1024//799 
f 275//275 278//278 1025//799 
f 278//278 191//191 1025//799 
f 191//191 275//275 1025//799 
f 278//278 281//281 1026//799 
f 281//281 188//188 1026//799 
f 188//188 191//191 1026//799 
f 191//191 278//278 1026//799 
# 2 polygons - 2048 triangles

