# 3ds Max Wavefront OBJ Exporter v0.97b - (c)2007 guruware
# File Created: 07.12.2021 20:37:00

#
# object Number_9
#

v  849.3146 0.0000 197.6566
v  849.1671 0.0000 197.7306
v  849.2408 5.0000 197.6936
v  849.1671 10.0000 197.7306
v  849.3146 10.0000 197.6566
v  849.0240 0.0000 197.7958
v  849.0956 5.0000 197.7632
v  849.0240 10.0000 197.7958
v  848.8856 0.0000 197.8523
v  848.9548 5.0000 197.8240
v  848.8856 10.0000 197.8523
v  848.7516 0.0000 197.9001
v  848.8186 5.0000 197.8762
v  848.7516 10.0000 197.9001
v  848.6222 0.0000 197.9393
v  848.6870 5.0000 197.9197
v  848.6222 10.0000 197.9393
v  848.4973 0.0000 197.9697
v  848.5598 5.0000 197.9545
v  848.4973 10.0000 197.9697
v  848.3770 0.0000 197.9914
v  848.4371 5.0000 197.9806
v  848.3770 10.0000 197.9914
v  848.2612 0.0000 198.0045
v  848.3191 5.0000 197.9980
v  848.2612 10.0000 198.0045
v  848.1499 0.0000 198.0088
v  848.2056 5.0000 198.0067
v  848.1499 10.0000 198.0088
v  847.5983 0.0000 197.9704
v  847.8741 5.0000 197.9896
v  847.5983 10.0000 197.9704
v  847.0602 0.0000 197.8549
v  847.3292 5.0000 197.9126
v  847.0602 10.0000 197.8549
v  846.5359 0.0000 197.6625
v  846.7980 5.0000 197.7587
v  846.5359 10.0000 197.6625
v  846.0251 0.0000 197.3932
v  846.2805 5.0000 197.5278
v  846.0251 10.0000 197.3932
v  845.5280 0.0000 197.0468
v  845.7766 5.0000 197.2200
v  845.5280 10.0000 197.0468
v  845.0446 0.0000 196.6236
v  845.2863 5.0000 196.8352
v  845.0446 10.0000 196.6236
v  844.5747 0.0000 196.1234
v  844.8096 5.0000 196.3735
v  844.5747 10.0000 196.1234
v  844.1185 0.0000 195.5461
v  844.3466 5.0000 195.8347
v  844.1185 10.0000 195.5461
v  843.6759 0.0000 194.8920
v  843.8972 5.0000 195.2191
v  843.6759 10.0000 194.8920
v  843.2643 0.0000 194.1542
v  843.4702 5.0000 194.5231
v  843.2643 10.0000 194.1542
v  842.9012 0.0000 193.3259
v  843.0828 5.0000 193.7400
v  842.9012 10.0000 193.3259
v  842.5865 0.0000 192.4072
v  842.7439 5.0000 192.8665
v  842.5865 10.0000 192.4072
v  842.3202 0.0000 191.3980
v  842.4534 5.0000 191.9026
v  842.3202 10.0000 191.3980
v  842.1024 0.0000 190.2984
v  842.2113 5.0000 190.8482
v  842.1024 10.0000 190.2984
v  841.9329 0.0000 189.1084
v  842.0176 5.0000 189.7034
v  841.9329 10.0000 189.1084
v  841.8118 0.0000 187.8279
v  841.8724 5.0000 188.4681
v  841.8118 10.0000 187.8279
v  841.7392 0.0000 186.4570
v  841.7755 5.0000 187.1424
v  841.7392 10.0000 186.4570
v  841.7150 0.0000 184.9956
v  841.7271 5.0000 185.7263
v  841.7150 10.0000 184.9956
v  841.7421 0.0000 183.8883
v  841.7286 5.0000 184.4420
v  841.7421 10.0000 183.8883
v  841.8236 0.0000 182.8258
v  841.7829 5.0000 183.3570
v  841.8236 10.0000 182.8258
v  841.9594 0.0000 181.8081
v  841.8915 5.0000 182.3169
v  841.9594 10.0000 181.8081
v  842.1495 0.0000 180.8353
v  842.0545 5.0000 181.3217
v  842.1495 10.0000 180.8353
v  842.3940 0.0000 179.9073
v  842.2718 5.0000 180.3713
v  842.3940 10.0000 179.9073
v  842.6927 0.0000 179.0242
v  842.5433 5.0000 179.4657
v  842.6927 10.0000 179.0242
v  843.0458 0.0000 178.1859
v  842.8693 5.0000 178.6050
v  843.0458 10.0000 178.1859
v  843.4532 0.0000 177.3924
v  843.2495 5.0000 177.7892
v  843.4532 10.0000 177.3924
v  843.9149 0.0000 176.6438
v  843.6840 5.0000 177.0181
v  843.9149 10.0000 176.6438
v  844.4250 0.0000 175.9580
v  844.1699 5.0000 176.3009
v  844.4250 10.0000 175.9580
v  844.9775 0.0000 175.3529
v  844.7012 5.0000 175.6554
v  844.9775 10.0000 175.3529
v  845.5725 0.0000 174.8284
v  845.2750 5.0000 175.0907
v  845.5725 10.0000 174.8284
v  846.2100 0.0000 174.3846
v  845.8912 5.0000 174.6065
v  846.2100 10.0000 174.3846
v  846.8899 0.0000 174.0216
v  846.5499 5.0000 174.2031
v  846.8899 10.0000 174.0216
v  847.6122 0.0000 173.7392
v  847.2511 5.0000 173.8804
v  847.6122 10.0000 173.7392
v  848.3771 0.0000 173.5374
v  847.9947 5.0000 173.6383
v  848.3771 10.0000 173.5374
v  849.1844 0.0000 173.4164
v  848.7807 5.0000 173.4769
v  849.1844 10.0000 173.4164
v  850.0341 0.0000 173.3761
v  849.6093 5.0000 173.3963
v  850.0341 10.0000 173.3761
v  850.9615 0.0000 173.4148
v  850.4978 5.0000 173.3954
v  850.9615 10.0000 173.4148
v  851.8689 0.0000 173.5310
v  851.4152 5.0000 173.4729
v  851.8689 10.0000 173.5310
v  852.7562 0.0000 173.7246
v  852.3126 5.0000 173.6278
v  852.7562 10.0000 173.7246
v  853.6235 0.0000 173.9957
v  853.1899 5.0000 173.8602
v  853.6235 10.0000 173.9957
v  854.4707 0.0000 174.3443
v  854.0471 5.0000 174.1700
v  854.4707 10.0000 174.3443
v  855.2979 0.0000 174.7703
v  854.8843 5.0000 174.5573
v  855.2979 10.0000 174.7703
v  856.1049 0.0000 175.2737
v  855.7014 5.0000 175.0220
v  856.1049 10.0000 175.2737
v  856.8919 0.0000 175.8547
v  856.4984 5.0000 175.5642
v  856.8919 10.0000 175.8547
v  857.6589 0.0000 176.5130
v  857.2754 5.0000 176.1838
v  857.6589 10.0000 176.5130
v  858.4229 0.0000 177.3040
v  858.0408 5.0000 176.9085
v  858.4229 10.0000 177.3040
v  859.2009 0.0000 178.2827
v  858.8119 5.0000 177.7933
v  859.2009 10.0000 178.2827
v  859.9930 0.0000 179.4490
v  859.5970 5.0000 178.8658
v  859.9930 10.0000 179.4490
v  860.7993 0.0000 180.8031
v  860.3962 5.0000 180.1261
v  860.7993 10.0000 180.8031
v  861.6197 0.0000 182.3449
v  861.2095 5.0000 181.5740
v  861.6197 10.0000 182.3449
v  862.4542 0.0000 184.0744
v  862.0369 5.0000 183.2096
v  862.4542 10.0000 184.0744
v  863.3027 0.0000 185.9916
v  862.8784 5.0000 185.0330
v  863.3027 10.0000 185.9916
v  864.1654 0.0000 188.0965
v  863.7341 5.0000 187.0440
v  864.1654 10.0000 188.0965
v  865.0422 0.0000 190.3891
v  864.6038 5.0000 189.2428
v  865.0422 10.0000 190.3891
v  865.9826 0.0000 192.7441
v  865.5124 5.0000 191.5666
v  865.9826 10.0000 192.7441
v  866.9559 0.0000 194.8741
v  866.4692 5.0000 193.8091
v  866.9559 10.0000 194.8741
v  867.9619 0.0000 196.7790
v  867.4589 5.0000 195.8265
v  867.9619 10.0000 196.7790
v  869.0008 0.0000 198.4589
v  868.4813 5.0000 197.6189
v  869.0008 10.0000 198.4589
v  870.0724 0.0000 199.9137
v  869.5366 5.0000 199.1863
v  870.0724 10.0000 199.9137
v  871.1769 0.0000 201.1435
v  870.6246 5.0000 200.5286
v  871.1769 10.0000 201.1435
v  872.3141 0.0000 202.1483
v  871.7455 5.0000 201.6459
v  872.3141 10.0000 202.1483
v  873.4841 0.0000 202.9281
v  872.8991 5.0000 202.5382
v  873.4841 10.0000 202.9281
v  874.6870 0.0000 203.4828
v  874.0856 5.0000 203.2054
v  874.6870 10.0000 203.4828
v  879.3886 0.0000 197.3045
v  877.0378 5.0000 200.3936
v  879.3886 10.0000 197.3045
v  878.7858 0.0000 197.1101
v  879.0872 5.0000 197.2073
v  878.7858 10.0000 197.1101
v  878.1646 0.0000 196.7944
v  878.4752 5.0000 196.9523
v  878.1646 10.0000 196.7944
v  877.5251 0.0000 196.3572
v  877.8448 5.0000 196.5758
v  877.5251 10.0000 196.3572
v  876.8673 0.0000 195.7986
v  877.1962 5.0000 196.0779
v  876.8673 10.0000 195.7986
v  876.1912 0.0000 195.1185
v  876.5292 5.0000 195.4586
v  876.1912 10.0000 195.1185
v  875.4967 0.0000 194.3170
v  875.8439 5.0000 194.7178
v  875.4967 10.0000 194.3170
v  874.7839 0.0000 193.3941
v  875.1403 5.0000 193.8556
v  874.7839 10.0000 193.3941
v  874.0528 0.0000 192.3498
v  874.4184 5.0000 192.8720
v  874.0528 10.0000 192.3498
v  873.3034 0.0000 191.1840
v  873.6781 5.0000 191.7669
v  873.3034 10.0000 191.1840
v  872.5869 0.0000 189.9634
v  872.9452 5.0000 190.5737
v  872.5869 10.0000 189.9634
v  871.9548 0.0000 188.7547
v  872.2709 5.0000 189.3591
v  871.9548 10.0000 188.7547
v  871.4069 0.0000 187.5579
v  871.6808 5.0000 188.1563
v  871.4069 10.0000 187.5579
v  870.9433 0.0000 186.3729
v  871.1751 5.0000 186.9654
v  870.9433 10.0000 186.3729
v  870.5640 0.0000 185.1998
v  870.7537 5.0000 185.7864
v  870.5640 10.0000 185.1998
v  870.2690 0.0000 184.0386
v  870.4165 5.0000 184.6192
v  870.2690 10.0000 184.0386
v  870.0583 0.0000 182.8892
v  870.1636 5.0000 183.4639
v  870.0583 10.0000 182.8892
v  869.9319 0.0000 181.7517
v  869.9951 5.0000 182.3204
v  869.9319 10.0000 181.7517
v  869.8897 0.0000 180.6260
v  869.9108 5.0000 181.1889
v  869.8897 10.0000 180.6260
v  869.9289 0.0000 179.4423
v  869.9093 5.0000 180.0342
v  869.9289 10.0000 179.4423
v  870.0465 0.0000 178.3979
v  869.9877 5.0000 178.9201
v  870.0465 10.0000 178.3979
v  870.2425 0.0000 177.4927
v  870.1445 5.0000 177.9453
v  870.2425 10.0000 177.4927
v  870.5168 0.0000 176.7268
v  870.3796 5.0000 177.1098
v  870.5168 10.0000 176.7268
v  870.8696 0.0000 176.1001
v  870.6932 5.0000 176.4135
v  870.8696 10.0000 176.1001
v  871.3007 0.0000 175.6127
v  871.0851 5.0000 175.8564
v  871.3007 10.0000 175.6127
v  871.8102 0.0000 175.2646
v  871.5554 5.0000 175.4387
v  871.8102 10.0000 175.2646
v  872.3981 0.0000 175.0557
v  872.1042 5.0000 175.1601
v  872.3981 10.0000 175.0557
v  873.0644 0.0000 174.9861
v  872.7313 5.0000 175.0209
v  873.0644 10.0000 174.9861
v  873.3214 0.0000 174.9970
v  873.1929 5.0000 174.9915
v  873.3214 10.0000 174.9970
v  873.6140 0.0000 175.0298
v  873.4677 5.0000 175.0134
v  873.6140 10.0000 175.0298
v  873.9421 0.0000 175.0844
v  873.7780 5.0000 175.0571
v  873.9421 10.0000 175.0844
v  874.3057 0.0000 175.1610
v  874.1239 5.0000 175.1227
v  874.3057 10.0000 175.1610
v  874.7048 0.0000 175.2594
v  874.5052 5.0000 175.2102
v  874.7048 10.0000 175.2594
v  875.1395 0.0000 175.3796
v  874.9222 5.0000 175.3195
v  875.1395 10.0000 175.3796
v  875.6097 0.0000 175.5217
v  875.3746 5.0000 175.4507
v  875.6097 10.0000 175.5217
v  876.1154 0.0000 175.6857
v  875.8625 5.0000 175.6037
v  876.1154 10.0000 175.6857
v  876.6567 0.0000 175.8716
v  876.3860 5.0000 175.7786
v  876.6567 10.0000 175.8716
v  877.2002 0.0000 176.0574
v  876.9284 5.0000 175.9645
v  877.2002 10.0000 176.0574
v  877.7126 0.0000 176.2214
v  877.4564 5.0000 176.1394
v  877.7126 10.0000 176.2214
v  878.1940 0.0000 176.3635
v  877.9533 5.0000 176.2924
v  878.1940 10.0000 176.3635
v  878.6443 0.0000 176.4837
v  878.4191 5.0000 176.4236
v  878.6443 10.0000 176.4837
v  879.0636 0.0000 176.5821
v  878.8539 5.0000 176.5329
v  879.0636 10.0000 176.5821
v  879.4518 0.0000 176.6587
v  879.2577 5.0000 176.6204
v  879.4518 10.0000 176.6587
v  879.8090 0.0000 176.7133
v  879.6304 5.0000 176.6860
v  879.8090 10.0000 176.7133
v  880.1350 0.0000 176.7461
v  879.9720 5.0000 176.7297
v  880.1350 10.0000 176.7461
v  880.4301 0.0000 176.7570
v  880.2825 5.0000 176.7516
v  880.4301 10.0000 176.7570
v  881.6484 0.0000 176.6920
v  881.0392 5.0000 176.7245
v  881.6484 10.0000 176.6920
v  882.7742 0.0000 176.4970
v  882.2113 5.0000 176.5945
v  882.7742 10.0000 176.4970
v  883.8077 0.0000 176.1720
v  883.2910 5.0000 176.3345
v  883.8077 10.0000 176.1720
v  884.7487 0.0000 175.7170
v  884.2782 5.0000 175.9445
v  884.7487 10.0000 175.7170
v  885.5973 0.0000 175.1320
v  885.1730 5.0000 175.4245
v  885.5973 10.0000 175.1320
v  886.3535 0.0000 174.4170
v  885.9754 5.0000 174.7745
v  886.3535 10.0000 174.4170
v  887.0172 0.0000 173.5720
v  886.6854 5.0000 173.9945
v  887.0172 10.0000 173.5720
v  887.5886 0.0000 172.5969
v  887.3029 5.0000 173.0844
v  887.5886 10.0000 172.5969
v  888.0674 0.0000 171.4919
v  887.8280 5.0000 172.0444
v  888.0674 10.0000 171.4919
v  888.4761 0.0000 170.2434
v  888.2717 5.0000 170.8676
v  888.4761 10.0000 170.2434
v  888.8367 0.0000 168.8380
v  888.6564 5.0000 169.5407
v  888.8367 10.0000 168.8380
v  889.1492 0.0000 167.2758
v  888.9929 5.0000 168.0569
v  889.1492 10.0000 167.2758
v  889.4136 0.0000 165.5566
v  889.2814 5.0000 166.4162
v  889.4136 10.0000 165.5566
v  889.6299 0.0000 163.6805
v  889.5217 5.0000 164.6185
v  889.6299 10.0000 163.6805
v  889.7982 0.0000 161.6475
v  889.7141 5.0000 162.6640
v  889.7982 10.0000 161.6475
v  889.9183 0.0000 159.4576
v  889.8583 5.0000 160.5526
v  889.9183 10.0000 159.4576
v  889.9905 0.0000 157.1109
v  889.9544 5.0000 158.2843
v  889.9905 10.0000 157.1109
v  890.0145 0.0000 154.6072
v  890.0025 5.0000 155.8590
v  890.0145 10.0000 154.6072
v  881.6426 0.0000 151.1583
v  885.8286 5.0000 152.8828
v  881.6426 10.0000 151.1583
v  881.7778 0.0000 152.5679
v  881.7102 5.0000 151.8631
v  881.7778 10.0000 152.5679
v  881.8970 0.0000 153.8686
v  881.8374 5.0000 153.2182
v  881.8970 10.0000 153.8686
v  882.0004 0.0000 155.0603
v  881.9487 5.0000 154.4644
v  882.0004 10.0000 155.0603
v  882.0878 0.0000 156.1430
v  882.0441 5.0000 155.6017
v  882.0878 10.0000 156.1430
v  882.1594 0.0000 157.1169
v  882.1236 5.0000 156.6299
v  882.1594 10.0000 157.1169
v  882.2150 0.0000 157.9817
v  882.1872 5.0000 157.5493
v  882.2150 10.0000 157.9817
v  882.2548 0.0000 158.7377
v  882.2349 5.0000 158.3597
v  882.2548 10.0000 158.7377
v  882.2786 0.0000 159.3846
v  882.2667 5.0000 159.0611
v  882.2786 10.0000 159.3846
v  882.2866 0.0000 159.9227
v  882.2826 5.0000 159.6536
v  882.2866 10.0000 159.9227
v  882.2412 0.0000 162.1042
v  882.2639 5.0000 161.0134
v  882.2412 10.0000 162.1042
v  882.1050 0.0000 164.0291
v  882.1731 5.0000 163.0667
v  882.1050 10.0000 164.0291
v  881.8779 0.0000 165.6974
v  881.9915 5.0000 164.8632
v  881.8779 10.0000 165.6974
v  881.5601 0.0000 167.1089
v  881.7190 5.0000 166.4032
v  881.5601 10.0000 167.1089
v  881.1515 0.0000 168.2639
v  881.3558 5.0000 167.6864
v  881.1515 10.0000 168.2639
v  880.6520 0.0000 169.1622
v  880.9017 5.0000 168.7130
v  880.6520 10.0000 169.1622
v  880.0618 0.0000 169.8038
v  880.3569 5.0000 169.4830
v  880.0618 10.0000 169.8038
v  879.3807 0.0000 170.1888
v  879.7212 5.0000 169.9963
v  879.3807 10.0000 170.1888
v  878.6088 0.0000 170.3171
v  878.9948 5.0000 170.2529
v  878.6088 10.0000 170.3171
v  878.3182 0.0000 170.3046
v  878.4634 5.0000 170.3108
v  878.3182 10.0000 170.3046
v  877.9829 0.0000 170.2669
v  878.1505 5.0000 170.2858
v  877.9829 10.0000 170.2669
v  877.6031 0.0000 170.2042
v  877.7930 5.0000 170.2356
v  877.6031 10.0000 170.2042
v  877.1786 0.0000 170.1164
v  877.3909 5.0000 170.1603
v  877.1786 10.0000 170.1164
v  876.7097 0.0000 170.0034
v  876.9442 5.0000 170.0599
v  876.7097 10.0000 170.0034
v  876.1960 0.0000 169.8654
v  876.4529 5.0000 169.9344
v  876.1960 10.0000 169.8654
v  875.6378 0.0000 169.7023
v  875.9169 5.0000 169.7839
v  875.6378 10.0000 169.7023
v  875.0350 0.0000 169.5141
v  875.3364 5.0000 169.6082
v  875.0350 10.0000 169.5141
v  874.3876 0.0000 169.3008
v  874.7113 5.0000 169.4075
v  874.3876 10.0000 169.3008
v  873.7487 0.0000 169.0748
v  874.0681 5.0000 169.1878
v  873.7487 10.0000 169.0748
v  873.1454 0.0000 168.8755
v  873.4471 5.0000 168.9751
v  873.1454 10.0000 168.8755
v  872.5781 0.0000 168.7027
v  872.8618 5.0000 168.7891
v  872.5781 10.0000 168.7027
v  872.0464 0.0000 168.5564
v  872.3123 5.0000 168.6295
v  872.0464 10.0000 168.5564
v  871.5506 0.0000 168.4368
v  871.7985 5.0000 168.4966
v  871.5506 10.0000 168.4368
v  871.0905 0.0000 168.3438
v  871.3206 5.0000 168.3903
v  871.0905 10.0000 168.3438
v  870.6662 0.0000 168.2773
v  870.8784 5.0000 168.3105
v  870.6662 10.0000 168.2773
v  870.2777 0.0000 168.2374
v  870.4719 5.0000 168.2574
v  870.2777 10.0000 168.2374
v  869.9249 0.0000 168.2241
v  870.1013 5.0000 168.2308
v  869.9249 10.0000 168.2241
v  868.8363 0.0000 168.3299
v  869.3806 5.0000 168.2770
v  868.8363 10.0000 168.3299
v  867.8757 0.0000 168.6474
v  868.3560 5.0000 168.4887
v  867.8757 10.0000 168.6474
v  867.0432 0.0000 169.1764
v  867.4594 5.0000 168.9119
v  867.0432 10.0000 169.1764
v  866.3387 0.0000 169.9171
v  866.6910 5.0000 169.5468
v  866.3387 10.0000 169.9171
v  865.7624 0.0000 170.8694
v  866.0506 5.0000 170.3932
v  865.7624 10.0000 170.8694
v  865.3141 0.0000 172.0333
v  865.5383 5.0000 171.4514
v  865.3141 10.0000 172.0333
v  864.9940 0.0000 173.4088
v  865.1541 5.0000 172.7211
v  864.9940 10.0000 173.4088
v  864.8018 0.0000 174.9960
v  864.8979 5.0000 174.2024
v  864.8018 10.0000 174.9960
v  864.7378 0.0000 176.7948
v  864.7698 5.0000 175.8954
v  864.7378 10.0000 176.7948
v  863.9330 0.0000 174.9284
v  864.3354 5.0000 175.8616
v  863.9330 10.0000 174.9284
v  862.9165 0.0000 173.2816
v  863.4247 5.0000 174.1050
v  862.9165 10.0000 173.2816
v  861.6880 0.0000 171.8544
v  862.3022 5.0000 172.5680
v  861.6880 10.0000 171.8544
v  860.2477 0.0000 170.6468
v  860.9679 5.0000 171.2506
v  860.2477 10.0000 170.6468
v  858.5955 0.0000 169.6587
v  859.4216 5.0000 170.1527
v  858.5955 10.0000 169.6587
v  856.7314 0.0000 168.8902
v  857.6635 5.0000 169.2745
v  856.7314 10.0000 168.8902
v  854.6555 0.0000 168.3413
v  855.6935 5.0000 168.6157
v  854.6555 10.0000 168.3413
v  852.3677 0.0000 168.0119
v  853.5116 5.0000 168.1766
v  852.3677 10.0000 168.0119
v  849.8680 0.0000 167.9021
v  851.1179 5.0000 167.9570
v  849.8680 10.0000 167.9021
v  848.2227 0.0000 167.9608
v  849.0454 5.0000 167.9314
v  848.2227 10.0000 167.9608
v  846.6453 0.0000 168.1366
v  847.4340 5.0000 168.0487
v  846.6453 10.0000 168.1366
v  845.1358 0.0000 168.4297
v  845.8906 5.0000 168.2832
v  845.1358 10.0000 168.4297
v  843.6942 0.0000 168.8400
v  844.4150 5.0000 168.6349
v  843.6942 10.0000 168.8400
v  842.3206 0.0000 169.3676
v  843.0074 5.0000 169.1038
v  842.3206 10.0000 169.3676
v  841.0148 0.0000 170.0124
v  841.6677 5.0000 169.6900
v  841.0148 10.0000 170.0124
v  839.7770 0.0000 170.7745
v  840.3959 5.0000 170.3935
v  839.7770 10.0000 170.7745
v  838.6071 0.0000 171.6538
v  839.1921 5.0000 171.2141
v  838.6071 10.0000 171.6538
v  837.5051 0.0000 172.6503
v  838.0562 5.0000 172.1521
v  837.5051 10.0000 172.6503
v  836.4965 0.0000 173.7441
v  837.0008 5.0000 173.1972
v  836.4965 10.0000 173.7441
v  835.6064 0.0000 174.9150
v  836.0515 5.0000 174.3295
v  835.6064 10.0000 174.9150
v  834.8351 0.0000 176.1631
v  835.2208 5.0000 175.5390
v  834.8351 10.0000 176.1631
v  834.1824 0.0000 177.4884
v  834.5088 5.0000 176.8257
v  834.1824 10.0000 177.4884
v  833.6484 0.0000 178.8908
v  833.9155 5.0000 178.1896
v  833.6484 10.0000 178.8908
v  833.2331 0.0000 180.3704
v  833.4407 5.0000 179.6306
v  833.2331 10.0000 180.3704
v  832.9364 0.0000 181.9272
v  833.0848 5.0000 181.1488
v  832.9364 10.0000 181.9272
v  832.7584 0.0000 183.5612
v  832.8474 5.0000 182.7442
v  832.7584 10.0000 183.5612
v  832.6991 0.0000 185.2724
v  832.7288 5.0000 184.4168
v  832.6991 10.0000 185.2724
v  832.7530 0.0000 187.0620
v  832.7260 5.0000 186.1672
v  832.7530 10.0000 187.0620
v  832.9147 0.0000 188.7715
v  832.8339 5.0000 187.9167
v  832.9147 10.0000 188.7715
v  833.1842 0.0000 190.4008
v  833.0494 5.0000 189.5861
v  833.1842 10.0000 190.4008
v  833.5615 0.0000 191.9501
v  833.3728 5.0000 191.1754
v  833.5615 10.0000 191.9501
v  834.0466 0.0000 193.4192
v  833.8040 5.0000 192.6846
v  834.0466 10.0000 193.4192
v  834.6395 0.0000 194.8081
v  834.3430 5.0000 194.1136
v  834.6395 10.0000 194.8081
v  835.3401 0.0000 196.1170
v  834.9898 5.0000 195.4626
v  835.3401 10.0000 196.1170
v  836.1486 0.0000 197.3457
v  835.7444 5.0000 196.7314
v  836.1486 10.0000 197.3457
v  837.0649 0.0000 198.4943
v  836.6068 5.0000 197.9200
v  837.0649 10.0000 198.4943
v  838.0665 0.0000 199.5413
v  837.5657 5.0000 199.0178
v  838.0665 10.0000 199.5413
v  839.1310 0.0000 200.4651
v  838.5988 5.0000 200.0032
v  839.1310 10.0000 200.4651
v  840.2585 0.0000 201.2657
v  839.6948 5.0000 200.8654
v  840.2585 10.0000 201.2657
v  841.4488 0.0000 201.9431
v  840.8536 5.0000 201.6044
v  841.4488 10.0000 201.9431
v  842.7020 0.0000 202.4974
v  842.0754 5.0000 202.2203
v  842.7020 10.0000 202.4974
v  844.0180 0.0000 202.9285
v  843.3600 5.0000 202.7130
v  844.0180 10.0000 202.9285
v  845.3970 0.0000 203.2364
v  844.7075 5.0000 203.0825
v  845.3970 10.0000 203.2364
v  846.8389 0.0000 203.4212
v  846.1179 5.0000 203.3288
v  846.8389 10.0000 203.4212
v  848.3436 0.0000 203.4828
v  847.5912 5.0000 203.4520
v  848.3436 10.0000 203.4828
v  850.8383 0.0000 203.3368
v  849.5909 5.0000 203.4098
v  850.8383 10.0000 203.3368
v  853.0394 0.0000 202.8990
v  851.9388 5.0000 203.1179
v  853.0394 10.0000 202.8990
v  854.9470 0.0000 202.1694
v  853.9932 5.0000 202.5342
v  854.9470 10.0000 202.1694
v  856.5612 0.0000 201.1478
v  855.7542 5.0000 201.6586
v  856.5612 10.0000 201.1478
v  857.8819 0.0000 199.8344
v  857.2216 5.0000 200.4911
v  857.8819 10.0000 199.8344
v  858.9091 0.0000 198.2291
v  858.3955 5.0000 199.0317
v  858.9091 10.0000 198.2291
v  859.6428 0.0000 196.3319
v  859.2760 5.0000 197.2805
v  859.6428 10.0000 196.3319
v  860.0831 0.0000 194.1429
v  859.8630 5.0000 195.2374
v  860.0831 10.0000 194.1429
v  860.2298 0.0000 191.6620
v  860.1564 5.0000 192.9024
v  860.2298 10.0000 191.6620
v  860.1467 0.0000 189.9867
v  860.1882 5.0000 190.8244
v  860.1467 10.0000 189.9867
v  859.8974 0.0000 188.5086
v  860.0220 5.0000 189.2477
v  859.8974 10.0000 188.5086
v  859.4818 0.0000 187.2275
v  859.6896 5.0000 187.8681
v  859.4818 10.0000 187.2275
v  858.9001 0.0000 186.1436
v  859.1910 5.0000 186.6855
v  858.9001 10.0000 186.1436
v  858.1521 0.0000 185.2567
v  858.5261 5.0000 185.7001
v  858.1521 10.0000 185.2567
v  857.2379 0.0000 184.5669
v  857.6950 5.0000 184.9118
v  857.2379 10.0000 184.5669
v  856.1575 0.0000 184.0742
v  856.6977 5.0000 184.3205
v  856.1575 10.0000 184.0742
v  854.9109 0.0000 183.7785
v  855.5342 5.0000 183.9263
v  854.9109 10.0000 183.7785
v  853.4980 0.0000 183.6800
v  854.2045 5.0000 183.7292
v  853.4980 10.0000 183.6800
v  852.2624 0.0000 183.7485
v  852.8802 5.0000 183.7142
v  852.2624 10.0000 183.7485
v  851.1470 0.0000 183.9539
v  851.7047 5.0000 183.8512
v  851.1470 10.0000 183.9539
v  850.1517 0.0000 184.2963
v  850.6494 5.0000 184.1251
v  850.1517 10.0000 184.2963
v  849.2769 0.0000 184.7757
v  849.7143 5.0000 184.5360
v  849.2769 10.0000 184.7757
v  848.5222 0.0000 185.3920
v  848.8995 5.0000 185.0838
v  848.5222 10.0000 185.3920
v  847.8877 0.0000 186.1453
v  848.2050 5.0000 185.7686
v  847.8877 10.0000 186.1453
v  847.3735 0.0000 187.0355
v  847.6306 5.0000 186.5904
v  847.3735 10.0000 187.0355
v  846.9796 0.0000 188.0627
v  847.1766 5.0000 187.5491
v  846.9796 10.0000 188.0627
v  846.7059 0.0000 189.2269
v  846.8428 5.0000 188.6448
v  846.7059 10.0000 189.2269
v  846.7449 0.0000 190.5179
v  846.7255 5.0000 189.8724
v  846.7449 10.0000 190.5179
v  846.8620 0.0000 191.7123
v  846.8035 5.0000 191.1151
v  846.8620 10.0000 191.7123
v  847.0570 0.0000 192.8099
v  846.9595 5.0000 192.2611
v  847.0570 10.0000 192.8099
v  847.3301 0.0000 193.8109
v  847.1935 5.0000 193.3104
v  847.3301 10.0000 193.8109
v  847.6812 0.0000 194.7151
v  847.5056 5.0000 194.2630
v  847.6812 10.0000 194.7151
v  848.1102 0.0000 195.5226
v  847.8957 5.0000 195.1188
v  848.1102 10.0000 195.5226
v  848.6173 0.0000 196.2334
v  848.3638 5.0000 195.8780
v  848.6173 10.0000 196.2334
v  849.2024 0.0000 196.8475
v  848.9099 5.0000 196.5404
v  849.2024 10.0000 196.8475
v  849.8655 0.0000 197.3648
v  849.5340 5.0000 197.1061
v  849.8655 10.0000 197.3648
v  849.5901 5.0000 197.5107
v  854.0125 0.0000 187.4260
v  854.5641 0.0000 187.5554
v  854.2883 5.0000 187.4907
v  854.5641 10.0000 187.5554
v  854.0125 10.0000 187.4260
v  855.0421 0.0000 187.7709
v  854.8031 5.0000 187.6631
v  855.0421 10.0000 187.7709
v  855.4466 0.0000 188.0726
v  855.2443 5.0000 187.9218
v  855.4466 10.0000 188.0726
v  855.7775 0.0000 188.4606
v  855.6121 5.0000 188.2666
v  855.7775 10.0000 188.4606
v  856.0349 0.0000 188.9348
v  855.9062 5.0000 188.6977
v  856.0349 10.0000 188.9348
v  856.2188 0.0000 189.4952
v  856.1268 5.0000 189.2150
v  856.2188 10.0000 189.4952
v  856.3291 0.0000 190.1418
v  856.2739 5.0000 189.8185
v  856.3291 10.0000 190.1418
v  856.3658 0.0000 190.8746
v  856.3475 5.0000 190.5082
v  856.3658 10.0000 190.8746
v  856.3291 0.0000 191.5947
v  856.3475 5.0000 191.2347
v  856.3291 10.0000 191.5947
v  856.2188 0.0000 192.2302
v  856.2739 5.0000 191.9124
v  856.2188 10.0000 192.2302
v  856.0349 0.0000 192.7809
v  856.1268 5.0000 192.5055
v  856.0349 10.0000 192.7809
v  855.7775 0.0000 193.2468
v  855.9062 5.0000 193.0138
v  855.7775 10.0000 193.2468
v  855.4466 0.0000 193.6281
v  855.6121 5.0000 193.4375
v  855.4466 10.0000 193.6281
v  855.0421 0.0000 193.9246
v  855.2443 5.0000 193.7764
v  855.0421 10.0000 193.9246
v  854.5641 0.0000 194.1364
v  854.8031 5.0000 194.0305
v  854.5641 10.0000 194.1364
v  854.0125 0.0000 194.2635
v  854.2883 5.0000 194.2000
v  854.0125 10.0000 194.2635
v  853.3874 0.0000 194.3059
v  853.7000 5.0000 194.2847
v  853.3874 10.0000 194.3059
v  852.7623 0.0000 194.2635
v  853.0748 5.0000 194.2847
v  852.7623 10.0000 194.2635
v  852.2107 0.0000 194.1364
v  852.4865 5.0000 194.2000
v  852.2107 10.0000 194.1364
v  851.7327 0.0000 193.9246
v  851.9717 5.0000 194.0305
v  851.7327 10.0000 193.9246
v  851.3282 0.0000 193.6281
v  851.5305 5.0000 193.7763
v  851.3282 10.0000 193.6281
v  850.9973 0.0000 193.2468
v  851.1627 5.0000 193.4375
v  850.9973 10.0000 193.2468
v  850.7399 0.0000 192.7809
v  850.8685 5.0000 193.0139
v  850.7399 10.0000 192.7809
v  850.5560 0.0000 192.2302
v  850.6479 5.0000 192.5055
v  850.5560 10.0000 192.2302
v  850.4457 0.0000 191.5947
v  850.5009 5.0000 191.9124
v  850.4457 10.0000 191.5947
v  850.4089 0.0000 190.8746
v  850.4273 5.0000 191.2347
v  850.4089 10.0000 190.8746
v  850.4457 0.0000 190.1418
v  850.4273 5.0000 190.5082
v  850.4457 10.0000 190.1418
v  850.5560 0.0000 189.4952
v  850.5009 5.0000 189.8185
v  850.5560 10.0000 189.4952
v  850.7399 0.0000 188.9348
v  850.6479 5.0000 189.2150
v  850.7399 10.0000 188.9348
v  850.9973 0.0000 188.4606
v  850.8685 5.0000 188.6977
v  850.9973 10.0000 188.4606
v  851.3282 0.0000 188.0726
v  851.1627 5.0000 188.2666
v  851.3282 10.0000 188.0726
v  851.7327 0.0000 187.7709
v  851.5305 5.0000 187.9218
v  851.7327 10.0000 187.7709
v  852.2107 0.0000 187.5554
v  851.9717 5.0000 187.6631
v  852.2107 10.0000 187.5554
v  852.7623 0.0000 187.4260
v  852.4865 5.0000 187.4907
v  852.7623 10.0000 187.4260
v  853.3874 0.0000 187.3829
v  853.0748 5.0000 187.4045
v  853.3874 10.0000 187.3829
v  853.7000 5.0000 187.4045
v  868.5576 0.0000 186.5564
v  877.6205 10.0000 199.2991
v  867.8767 0.0000 184.3065
v  867.8895 0.0000 188.1041
v  868.5966 0.0000 189.8615
v  870.1748 0.0000 190.4874
v  869.7072 0.0000 192.1914
v  870.5685 0.0000 193.7967
v  871.4499 0.0000 195.2455
v  872.3384 0.0000 196.5210
v  873.9201 0.0000 196.4498
v  873.5770 0.0000 197.9936
v  874.4708 0.0000 198.8619
v  875.2350 0.0000 200.3422
v  877.2125 0.0000 199.1291
v  877.6205 0.0000 199.2991
v  866.4368 0.0000 183.6767
v  867.0753 0.0000 185.8316
v  867.1461 0.0000 180.8044
v  864.2714 0.0000 179.8463
v  865.9739 0.0000 182.1992
v  861.8434 0.0000 179.0156
v  872.8649 0.0000 170.3736
v  874.0895 0.0000 172.2104
v  870.8193 0.0000 170.0212
v  868.8675 0.0000 171.1580
v  867.9171 0.0000 172.9065
v  867.9236 0.0000 174.5673
v  867.6388 0.0000 175.6561
v  867.4572 0.0000 176.9203
v  868.2377 0.0000 178.2117
v  874.5573 0.0000 172.3327
v  873.5911 0.0000 173.0946
v  875.2111 0.0000 172.4970
v  875.6875 0.0000 172.6270
v  874.6285 0.0000 173.3159
v  876.3013 0.0000 173.7746
v  876.9658 0.0000 172.0021
v  876.1594 0.0000 172.7553
v  877.0895 0.0000 173.0071
v  877.5395 0.0000 173.1251
v  878.2488 0.0000 174.6185
v  879.8159 0.0000 175.0819
v  882.0703 0.0000 174.1785
v  884.0718 0.0000 172.9673
v  884.8953 0.0000 171.0174
v  885.6183 0.0000 169.1892
v  885.3560 0.0000 167.2300
v  885.6364 0.0000 165.6397
v  886.6376 0.0000 163.4036
v  884.7753 0.0000 161.2248
v  886.0704 0.0000 160.1031
v  884.8173 0.0000 159.1933
v  886.0947 0.0000 158.3220
v  884.7883 0.0000 157.4032
v  884.7459 0.0000 156.7903
v  886.0233 0.0000 155.7303
v  884.6373 0.0000 154.5120
v  884.5631 0.0000 153.6812
v  884.4783 0.0000 152.7778
v  861.9662 0.0000 177.3637
v  861.1183 0.0000 175.9492
v  860.1716 0.0000 174.7383
v  859.1216 0.0000 173.7172
v  857.7482 0.0000 173.9251
v  857.5615 0.0000 172.5874
v  856.2739 0.0000 171.9159
v  854.8703 0.0000 171.3929
v  853.6784 0.0000 172.0205
v  852.9121 0.0000 170.9022
v  851.7327 0.0000 171.6526
v  850.8079 0.0000 170.6762
v  849.3273 0.0000 170.6638
v  848.1074 0.0000 170.7628
v  847.5449 0.0000 171.8044
v  846.5708 0.0000 171.0818
v  845.4825 0.0000 171.4190
v  844.4493 0.0000 171.8552
v  843.4714 0.0000 172.3903
v  842.5486 0.0000 173.0245
v  841.6810 0.0000 173.7575
v  840.8701 0.0000 174.5851
v  839.2214 0.0000 175.3775
v  839.0450 0.0000 177.0720
v  838.5261 0.0000 178.1457
v  838.0936 0.0000 179.2804
v  837.7476 0.0000 180.4762
v  837.4882 0.0000 181.7329
v  837.3152 0.0000 183.0506
v  837.2286 0.0000 184.4294
v  837.2266 0.0000 185.9467
v  837.3047 0.0000 187.5296
v  837.4609 0.0000 189.0271
v  837.6952 0.0000 190.4394
v  838.0076 0.0000 191.7664
v  838.3982 0.0000 193.0081
v  838.8668 0.0000 194.1646
v  839.4136 0.0000 195.2357
v  840.0385 0.0000 196.2216
v  840.7314 0.0000 197.1184
v  841.4727 0.0000 197.9190
v  842.2522 0.0000 198.6194
v  843.0699 0.0000 199.2198
v  843.9260 0.0000 199.7201
v  844.8203 0.0000 200.1204
v  845.7528 0.0000 200.4206
v  846.7236 0.0000 200.6207
v  847.5290 0.0000 199.8001
v  847.8984 0.0000 200.7293
v  848.3273 0.0000 199.8262
v  848.4060 0.0000 199.8146
v  848.4877 0.0000 199.7972
v  848.5725 0.0000 199.7741
v  848.6603 0.0000 199.7451
v  848.7511 0.0000 199.7103
v  848.8449 0.0000 199.6697
v  848.9418 0.0000 199.6233
v  849.1746 0.0000 199.5014
v  850.5381 0.0000 197.2272
v  851.1055 0.0000 197.2942
v  851.6742 0.0000 199.6576
v  854.3895 0.0000 198.9571
v  856.3857 0.0000 197.5222
v  856.1718 0.0000 195.4300
v  857.2601 0.0000 195.5284
v  857.7375 0.0000 194.3374
v  857.2985 0.0000 193.3902
v  858.1417 0.0000 192.7040
v  857.5925 0.0000 191.8289
v  858.2679 0.0000 191.0295
v  857.6139 0.0000 190.3344
v  858.1480 0.0000 189.5331
v  857.9082 0.0000 188.5415
v  857.5486 0.0000 187.6916
v  857.0691 0.0000 186.9834
v  856.4697 0.0000 186.4168
v  855.7504 0.0000 185.9918
v  854.9113 0.0000 185.7085
v  853.9522 0.0000 185.5669
v  852.9775 0.0000 185.5594
v  852.0956 0.0000 185.6709
v  851.3105 0.0000 185.8941
v  850.2023 0.0000 186.0615
v  849.6838 0.0000 187.0176
v  849.2496 0.0000 187.6440
v  848.9122 0.0000 188.3820
v  848.2864 0.0000 189.4889
v  849.1998 0.0000 190.5114
v  848.6154 0.0000 191.1749
v  848.7302 0.0000 192.0868
v  848.9207 0.0000 192.9079
v  848.9717 0.0000 194.0152
v  849.7632 0.0000 194.6577
v  850.1492 0.0000 195.5997
v  877.2125 10.0000 199.1291
v  875.2350 10.0000 200.3422
v  874.4708 10.0000 198.8619
v  873.5770 10.0000 197.9936
v  873.9201 10.0000 196.4498
v  872.3384 10.0000 196.5210
v  871.4499 10.0000 195.2455
v  870.5685 10.0000 193.7967
v  869.7072 10.0000 192.1914
v  870.1748 10.0000 190.4874
v  868.5966 10.0000 189.8615
v  867.8895 10.0000 188.1041
v  868.5576 10.0000 186.5564
v  867.0753 10.0000 185.8316
v  866.5211 10.0000 184.2484
v  866.0160 10.0000 182.7650
v  867.1471 10.0000 181.5742
v  865.5594 10.0000 180.8041
v  866.3781 10.0000 178.8595
v  867.4572 10.0000 176.9203
v  850.1492 10.0000 195.5997
v  850.5381 10.0000 197.2272
v  849.7632 10.0000 194.6577
v  848.9717 10.0000 194.0152
v  848.9207 10.0000 192.9079
v  848.7302 10.0000 192.0868
v  848.6154 10.0000 191.1749
v  849.1998 10.0000 190.5114
v  848.2864 10.0000 189.4889
v  848.9122 10.0000 188.3820
v  849.2496 10.0000 187.6440
v  849.6838 10.0000 187.0176
v  850.2023 10.0000 186.0615
v  851.3105 10.0000 185.8941
v  852.0956 10.0000 185.6709
v  852.9775 10.0000 185.5594
v  853.9522 10.0000 185.5669
v  854.9113 10.0000 185.7085
v  855.7504 10.0000 185.9918
v  856.4697 10.0000 186.4168
v  857.0691 10.0000 186.9834
v  857.5486 10.0000 187.6916
v  857.9082 10.0000 188.5415
v  858.1480 10.0000 189.5331
v  857.6139 10.0000 190.3344
v  858.2679 10.0000 191.0295
v  857.5925 10.0000 191.8289
v  858.1417 10.0000 192.7040
v  857.2985 10.0000 193.3902
v  857.7375 10.0000 194.3374
v  857.2601 10.0000 195.5284
v  856.1718 10.0000 195.4300
v  856.3857 10.0000 197.5222
v  854.3895 10.0000 198.9571
v  851.6742 10.0000 199.6576
v  851.1055 10.0000 197.2942
v  849.1746 10.0000 199.5014
v  848.9418 10.0000 199.6233
v  848.8449 10.0000 199.6697
v  848.7511 10.0000 199.7103
v  848.6603 10.0000 199.7451
v  848.5725 10.0000 199.7741
v  848.4877 10.0000 199.7972
v  848.4060 10.0000 199.8146
v  848.3273 10.0000 199.8262
v  847.8984 10.0000 200.7293
v  847.5290 10.0000 199.8001
v  846.7236 10.0000 200.6207
v  845.7528 10.0000 200.4206
v  844.8203 10.0000 200.1204
v  843.9260 10.0000 199.7201
v  843.0699 10.0000 199.2198
v  842.2522 10.0000 198.6194
v  841.4727 10.0000 197.9190
v  840.7314 10.0000 197.1184
v  840.0385 10.0000 196.2216
v  839.4136 10.0000 195.2357
v  838.8668 10.0000 194.1646
v  838.3982 10.0000 193.0081
v  838.0076 10.0000 191.7664
v  837.6952 10.0000 190.4394
v  837.4609 10.0000 189.0271
v  837.3047 10.0000 187.5296
v  837.2266 10.0000 185.9467
v  837.2286 10.0000 184.4294
v  837.3152 10.0000 183.0506
v  837.4882 10.0000 181.7329
v  837.7476 10.0000 180.4762
v  838.0936 10.0000 179.2804
v  838.5261 10.0000 178.1457
v  839.0450 10.0000 177.0720
v  839.2214 10.0000 175.3775
v  840.8701 10.0000 174.5851
v  841.6810 10.0000 173.7575
v  842.5486 10.0000 173.0245
v  843.4714 10.0000 172.3903
v  844.4493 10.0000 171.8552
v  845.4825 10.0000 171.4190
v  846.5708 10.0000 171.0818
v  847.5449 10.0000 171.8044
v  848.1074 10.0000 170.7628
v  849.3273 10.0000 170.6638
v  850.8079 10.0000 170.6762
v  851.7327 10.0000 171.6526
v  852.9121 10.0000 170.9022
v  853.6784 10.0000 172.0205
v  854.8703 10.0000 171.3929
v  856.2739 10.0000 171.9159
v  857.5615 10.0000 172.5874
v  857.7482 10.0000 173.9251
v  859.1216 10.0000 173.7172
v  860.1716 10.0000 174.7383
v  861.1183 10.0000 175.9492
v  861.9662 10.0000 177.3637
v  861.8434 10.0000 179.0156
v  867.6387 10.0000 175.6561
v  867.9236 10.0000 174.5673
v  867.9171 10.0000 172.9065
v  868.8674 10.0000 171.1580
v  870.8193 10.0000 170.0212
v  872.4639 10.0000 170.7689
v  873.5335 10.0000 171.4468
v  873.7744 10.0000 173.1092
v  874.2447 10.0000 172.2323
v  874.7302 10.0000 172.3655
v  875.2111 10.0000 172.4970
v  875.6875 10.0000 172.6270
v  876.1594 10.0000 172.7553
v  877.2338 10.0000 172.0523
v  884.4783 10.0000 152.7778
v  876.6267 10.0000 172.8820
v  884.5631 10.0000 153.6812
v  884.6373 10.0000 154.5120
v  886.0233 10.0000 155.7303
v  884.7459 10.0000 156.7903
v  884.7883 10.0000 157.4032
v  886.0947 10.0000 158.3220
v  884.8173 10.0000 159.1933
v  886.0704 10.0000 160.1031
v  884.7753 10.0000 161.2248
v  886.6376 10.0000 163.4036
v  885.6364 10.0000 165.6397
v  885.3560 10.0000 167.2300
v  885.6183 10.0000 169.1892
v  884.8953 10.0000 171.0174
v  884.0717 10.0000 172.9673
v  882.0703 10.0000 174.1785
v  879.8159 10.0000 175.0819
v  878.2488 10.0000 174.6185
v  877.2546 10.0000 173.6372
# 1204 vertices

vn -0.3227 -0.7097 -0.6263
vn -0.3033 -0.7112 -0.6341
vn -0.4479 0.0000 -0.8941
vn -0.3033 0.7112 -0.6341
vn -0.3227 0.7097 -0.6263
vn -0.2785 -0.7117 -0.6449
vn -0.4149 0.0000 -0.9098
vn -0.2785 0.7117 -0.6449
vn -0.2507 -0.7122 -0.6557
vn -0.3779 0.0000 -0.9259
vn -0.2507 0.7122 -0.6557
vn -0.2195 -0.7127 -0.6662
vn -0.3363 0.0000 -0.9418
vn -0.2195 0.7127 -0.6662
vn -0.1845 -0.7133 -0.6761
vn -0.2895 0.0000 -0.9572
vn -0.1845 0.7133 -0.6761
vn -0.1452 -0.7139 -0.6850
vn -0.2367 0.0000 -0.9716
vn -0.1452 0.7139 -0.6850
vn -0.1014 -0.7147 -0.6921
vn -0.1778 0.0000 -0.9841
vn -0.1014 0.7147 -0.6921
vn -0.0528 -0.7154 -0.6967
vn -0.1119 0.0000 -0.9937
vn -0.0528 0.7154 -0.6967
vn 0.0106 -0.7195 -0.6944
vn -0.0391 0.0000 -0.9992
vn 0.0106 0.7195 -0.6944
vn 0.0967 -0.7234 -0.6836
vn 0.0696 0.0000 -0.9976
vn 0.0967 0.7234 -0.6836
vn 0.1919 -0.7232 -0.6634
vn 0.2098 0.0000 -0.9777
vn 0.1919 0.7232 -0.6634
vn 0.2810 -0.7225 -0.6318
vn 0.3444 0.0000 -0.9388
vn 0.2810 0.7225 -0.6318
vn 0.3602 -0.7212 -0.5917
vn 0.4665 0.0000 -0.8845
vn 0.3602 0.7212 -0.5917
vn 0.4277 -0.7198 -0.5468
vn 0.5716 0.0000 -0.8205
vn 0.4277 0.7198 -0.5468
vn 0.4833 -0.7183 -0.5005
vn 0.6587 0.0000 -0.7524
vn 0.4833 0.7183 -0.5005
vn 0.5281 -0.7168 -0.4553
vn 0.7289 0.0000 -0.6846
vn 0.5281 0.7168 -0.4553
vn 0.5637 -0.7155 -0.4126
vn 0.7845 0.0000 -0.6201
vn 0.5637 0.7155 -0.4126
vn 0.5937 -0.7169 -0.3655
vn 0.8282 0.0000 -0.5604
vn 0.5937 0.7169 -0.3655
vn 0.6234 -0.7180 -0.3096
vn 0.8733 0.0000 -0.4871
vn 0.6234 0.7180 -0.3096
vn 0.6499 -0.7166 -0.2533
vn 0.9158 0.0000 -0.4015
vn 0.6499 0.7166 -0.2533
vn 0.6688 -0.7153 -0.2025
vn 0.9460 0.0000 -0.3241
vn 0.6688 0.7153 -0.2025
vn 0.6820 -0.7142 -0.1574
vn 0.9669 0.0000 -0.2551
vn 0.6820 0.7142 -0.1574
vn 0.6910 -0.7133 -0.1176
vn 0.9809 0.0000 -0.1944
vn 0.6910 0.7133 -0.1176
vn 0.6968 -0.7125 -0.0825
vn 0.9900 0.0000 -0.1410
vn 0.6968 0.7125 -0.0825
vn 0.7005 -0.7118 -0.0516
vn 0.9956 0.0000 -0.0941
vn 0.7005 0.7118 -0.0516
vn 0.7025 -0.7112 -0.0244
vn 0.9986 0.0000 -0.0529
vn 0.7025 0.7112 -0.0244
vn 0.7024 -0.7118 0.0028
vn 0.9999 0.0000 -0.0166
vn 0.7024 0.7118 0.0028
vn 0.7003 -0.7130 0.0354
vn 0.9997 0.0000 0.0245
vn 0.7003 0.7130 0.0354
vn 0.6969 -0.7135 0.0732
vn 0.9971 0.0000 0.0765
vn 0.6968 0.7135 0.0732
vn 0.6909 -0.7140 0.1135
vn 0.9912 0.0000 0.1323
vn 0.6909 0.7140 0.1135
vn 0.6820 -0.7144 0.1563
vn 0.9814 0.0000 0.1918
vn 0.6820 0.7144 0.1563
vn 0.6696 -0.7149 0.2012
vn 0.9670 0.0000 0.2547
vn 0.6696 0.7149 0.2012
vn 0.6534 -0.7153 0.2477
vn 0.9473 0.0000 0.3204
vn 0.6534 0.7153 0.2477
vn 0.6329 -0.7157 0.2952
vn 0.9216 0.0000 0.3882
vn 0.6329 0.7157 0.2952
vn 0.6080 -0.7160 0.3429
vn 0.8896 0.0000 0.4568
vn 0.6080 0.7160 0.3429
vn 0.5769 -0.7170 0.3913
vn 0.8511 0.0000 0.5249
vn 0.5769 0.7170 0.3913
vn 0.5365 -0.7186 0.4425
vn 0.8024 0.0000 0.5968
vn 0.5365 0.7186 0.4425
vn 0.4868 -0.7195 0.4954
vn 0.7385 0.0000 0.6743
vn 0.4868 0.7195 0.4954
vn 0.4283 -0.7202 0.5458
vn 0.6612 0.0000 0.7502
vn 0.4283 0.7202 0.5458
vn 0.3620 -0.7206 0.5914
vn 0.5713 0.0000 0.8207
vn 0.3620 0.7206 0.5914
vn 0.2900 -0.7206 0.6298
vn 0.4711 0.0000 0.8821
vn 0.2900 0.7206 0.6298
vn 0.2151 -0.7202 0.6595
vn 0.3641 0.0000 0.9314
vn 0.2151 0.7202 0.6595
vn 0.1402 -0.7196 0.6801
vn 0.2550 0.0000 0.9669
vn 0.1402 0.7196 0.6801
vn 0.0681 -0.7187 0.6920
vn 0.1483 0.0000 0.9889
vn 0.0681 0.7187 0.6920
vn 0.0020 -0.7173 0.6968
vn 0.0474 0.0000 0.9989
vn 0.0020 0.7173 0.6968
vn -0.0589 -0.7169 0.6947
vn -0.0417 0.0000 0.9991
vn -0.0589 0.7169 0.6947
vn -0.1187 -0.7171 0.6868
vn -0.1270 0.0000 0.9919
vn -0.1187 0.7171 0.6868
vn -0.1784 -0.7172 0.6737
vn -0.2132 0.0000 0.9770
vn -0.1784 0.7172 0.6737
vn -0.2368 -0.7171 0.6555
vn -0.2983 0.0000 0.9545
vn -0.2368 0.7171 0.6555
vn -0.2925 -0.7168 0.6329
vn -0.3805 0.0000 0.9248
vn -0.2925 0.7168 0.6329
vn -0.3446 -0.7165 0.6066
vn -0.4579 0.0000 0.8890
vn -0.3446 0.7165 0.6066
vn -0.3923 -0.7160 0.5774
vn -0.5293 0.0000 0.8485
vn -0.3923 0.7160 0.5774
vn -0.4353 -0.7155 0.5465
vn -0.5939 0.0000 0.8046
vn -0.4353 0.7155 0.5465
vn -0.4777 -0.7178 0.5066
vn -0.6514 0.0000 0.7588
vn -0.4777 0.7178 0.5066
vn -0.5233 -0.7181 0.4588
vn -0.7193 0.0000 0.6947
vn -0.5233 0.7181 0.4588
vn -0.5627 -0.7157 0.4138
vn -0.7828 0.0000 0.6223
vn -0.5627 0.7157 0.4138
vn -0.5908 -0.7139 0.3760
vn -0.8272 0.0000 0.5618
vn -0.5908 0.7139 0.3760
vn -0.6113 -0.7126 0.3444
vn -0.8592 0.0000 0.5116
vn -0.6113 0.7126 0.3444
vn -0.6267 -0.7116 0.3177
vn -0.8828 0.0000 0.4697
vn -0.6267 0.7116 0.3177
vn -0.6384 -0.7108 0.2952
vn -0.9006 0.0000 0.4346
vn -0.6384 0.7108 0.2952
vn -0.6476 -0.7102 0.2760
vn -0.9144 0.0000 0.4047
vn -0.6476 0.7102 0.2760
vn -0.6549 -0.7098 0.2594
vn -0.9253 0.0000 0.3792
vn -0.6549 0.7098 0.2594
vn -0.6601 -0.7055 0.2580
vn -0.9340 0.0000 0.3572
vn -0.6601 0.7055 0.2580
vn -0.6551 -0.7017 0.2803
vn -0.9287 0.0000 0.3709
vn -0.6551 0.7017 0.2803
vn -0.6401 -0.7007 0.3150
vn -0.9095 0.0000 0.4156
vn -0.6401 0.7007 0.3150
vn -0.6202 -0.6995 0.3550
vn -0.8843 0.0000 0.4670
vn -0.6202 0.6995 0.3550
vn -0.5932 -0.6981 0.4009
vn -0.8505 0.0000 0.5260
vn -0.5932 0.6981 0.4009
vn -0.5566 -0.6964 0.4531
vn -0.8051 0.0000 0.5931
vn -0.5566 0.6964 0.4531
vn -0.5068 -0.6944 0.5109
vn -0.7440 0.0000 0.6682
vn -0.5068 0.6944 0.5109
vn -0.4401 -0.6921 0.5721
vn -0.6621 0.0000 0.7494
vn -0.4401 0.6921 0.5721
vn -0.3533 -0.6900 0.6317
vn -0.5546 0.0000 0.8321
vn -0.3533 0.6900 0.6317
vn 0.1952 -0.5897 0.7837
vn -0.4188 0.0000 0.9081
vn 0.1952 0.5897 0.7837
vn 0.7894 -0.5616 -0.2479
vn 0.7958 0.0000 0.6056
vn 0.7894 0.5616 -0.2479
vn 0.2624 -0.7254 -0.6364
vn 0.3068 0.0000 -0.9518
vn 0.2624 0.7254 -0.6364
vn 0.3528 -0.7220 -0.5953
vn 0.4531 0.0000 -0.8914
vn 0.3528 0.7220 -0.5953
vn 0.4216 -0.7190 -0.5525
vn 0.5644 0.0000 -0.8255
vn 0.4216 0.7190 -0.5525
vn 0.4734 -0.7167 -0.5121
vn 0.6473 0.0000 -0.7622
vn 0.4734 0.7167 -0.5121
vn 0.5125 -0.7149 -0.4757
vn 0.7091 0.0000 -0.7051
vn 0.5125 0.7149 -0.4757
vn 0.5422 -0.7135 -0.4437
vn 0.7558 0.0000 -0.6549
vn 0.5422 0.7135 -0.4437
vn 0.5653 -0.7124 -0.4158
vn 0.7914 0.0000 -0.6112
vn 0.5653 0.7124 -0.4158
vn 0.5834 -0.7116 -0.3915
vn 0.8192 0.0000 -0.5735
vn 0.5834 0.7116 -0.3915
vn 0.5985 -0.7117 -0.3678
vn 0.8412 0.0000 -0.5408
vn 0.5985 0.7117 -0.3678
vn 0.6135 -0.7127 -0.3402
vn 0.8624 0.0000 -0.5062
vn 0.6135 0.7127 -0.3402
vn 0.6296 -0.7131 -0.3085
vn 0.8861 0.0000 -0.4635
vn 0.6296 0.7131 -0.3085
vn 0.6450 -0.7135 -0.2736
vn 0.9093 0.0000 -0.4162
vn 0.6450 0.7135 -0.2736
vn 0.6595 -0.7139 -0.2354
vn 0.9313 0.0000 -0.3643
vn 0.6595 0.7139 -0.2354
vn 0.6724 -0.7144 -0.1939
vn 0.9515 0.0000 -0.3076
vn 0.6724 0.7144 -0.1939
vn 0.6832 -0.7148 -0.1492
vn 0.9692 0.0000 -0.2462
vn 0.6832 0.7148 -0.1492
vn 0.6915 -0.7151 -0.1017
vn 0.9836 0.0000 -0.1803
vn 0.6915 0.7151 -0.1017
vn 0.6968 -0.7154 -0.0517
vn 0.9939 0.0000 -0.1105
vn 0.6968 0.7154 -0.0517
vn 0.6990 -0.7151 -0.0015
vn 0.9993 0.0000 -0.0374
vn 0.6990 0.7151 -0.0015
vn 0.6962 -0.7161 0.0506
vn 0.9995 0.0000 0.0331
vn 0.6962 0.7161 0.0506
vn 0.6862 -0.7187 0.1126
vn 0.9937 0.0000 0.1119
vn 0.6862 0.7187 0.1126
vn 0.6651 -0.7221 0.1902
vn 0.9774 0.0000 0.2116
vn 0.6651 0.7221 0.1902
vn 0.6250 -0.7266 0.2854
vn 0.9414 0.0000 0.3372
vn 0.6250 0.7266 0.2854
vn 0.5554 -0.7317 0.3952
vn 0.8714 0.0000 0.4905
vn 0.5554 0.7317 0.3952
vn 0.4480 -0.7359 0.5077
vn 0.7490 0.0000 0.6625
vn 0.4480 0.7359 0.5077
vn 0.3062 -0.7372 0.6022
vn 0.5642 0.0000 0.8257
vn 0.3062 0.7372 0.6022
vn 0.1499 -0.7347 0.6616
vn 0.3348 0.0000 0.9423
vn 0.1499 0.7347 0.6616
vn 0.0213 -0.7240 0.6895
vn 0.1039 0.0000 0.9946
vn 0.0213 0.7240 0.6895
vn -0.0538 -0.7150 0.6971
vn -0.0425 0.0000 0.9991
vn -0.0538 0.7150 0.6971
vn -0.0967 -0.7132 0.6943
vn -0.1114 0.0000 0.9938
vn -0.0967 0.7132 0.6943
vn -0.1300 -0.7119 0.6901
vn -0.1643 0.0000 0.9864
vn -0.1300 0.7119 0.6901
vn -0.1566 -0.7110 0.6856
vn -0.2059 0.0000 0.9786
vn -0.1566 0.7110 0.6856
vn -0.1781 -0.7103 0.6810
vn -0.2393 0.0000 0.9709
vn -0.1781 0.7103 0.6810
vn -0.1958 -0.7098 0.6767
vn -0.2666 0.0000 0.9638
vn -0.1958 0.7098 0.6767
vn -0.2107 -0.7094 0.6726
vn -0.2893 0.0000 0.9572
vn -0.2107 0.7094 0.6726
vn -0.2233 -0.7090 0.6689
vn -0.3084 0.0000 0.9512
vn -0.2233 0.7090 0.6689
vn -0.2293 -0.7070 0.6691
vn -0.3247 0.0000 0.9458
vn -0.2293 0.7070 0.6691
vn -0.2229 -0.7049 0.6734
vn -0.3235 0.0000 0.9462
vn -0.2229 0.7049 0.6734
vn -0.2086 -0.7046 0.6783
vn -0.3048 0.0000 0.9524
vn -0.2086 0.7046 0.6783
vn -0.1921 -0.7042 0.6835
vn -0.2831 0.0000 0.9591
vn -0.1921 0.7042 0.6835
vn -0.1728 -0.7037 0.6892
vn -0.2580 0.0000 0.9661
vn -0.1728 0.7037 0.6892
vn -0.1500 -0.7031 0.6951
vn -0.2285 0.0000 0.9736
vn -0.1500 0.7031 0.6951
vn -0.1227 -0.7023 0.7012
vn -0.1934 0.0000 0.9811
vn -0.1227 0.7023 0.7012
vn -0.0896 -0.7013 0.7072
vn -0.1513 0.0000 0.9885
vn -0.0896 0.7013 0.7072
vn -0.0490 -0.7001 0.7124
vn -0.1001 0.0000 0.9950
vn -0.0490 0.7001 0.7124
vn 0.0058 -0.6971 0.7170
vn -0.0370 0.0000 0.9993
vn 0.0058 0.6971 0.7170
vn 0.0808 -0.6941 0.7154
vn 0.0533 0.0000 0.9986
vn 0.0808 0.6941 0.7154
vn 0.1702 -0.6924 0.7011
vn 0.1707 0.0000 0.9853
vn 0.1702 0.6924 0.7011
vn 0.2664 -0.6911 0.6719
vn 0.3000 0.0000 0.9539
vn 0.2664 0.6911 0.6719
vn 0.3639 -0.6903 0.6254
vn 0.4353 0.0000 0.9003
vn 0.3639 0.6903 0.6254
vn 0.4553 -0.6902 0.5624
vn 0.5676 0.0000 0.8233
vn 0.4553 0.6902 0.5624
vn 0.5341 -0.6909 0.4873
vn 0.6871 0.0000 0.7266
vn 0.5341 0.6909 0.4873
vn 0.5965 -0.6921 0.4063
vn 0.7864 0.0000 0.6177
vn 0.5965 0.6921 0.4063
vn 0.6423 -0.6937 0.3258
vn 0.8628 0.0000 0.5055
vn 0.6423 0.6937 0.3258
vn 0.6706 -0.6968 0.2544
vn 0.9175 0.0000 0.3976
vn 0.6706 0.6968 0.2544
vn 0.6857 -0.6998 0.2000
vn 0.9504 0.0000 0.3111
vn 0.6857 0.6998 0.2000
vn 0.6952 -0.7011 0.1586
vn 0.9686 0.0000 0.2485
vn 0.6952 0.7011 0.1586
vn 0.7012 -0.7021 0.1240
vn 0.9806 0.0000 0.1961
vn 0.7012 0.7021 0.1240
vn 0.7050 -0.7029 0.0948
vn 0.9884 0.0000 0.1520
vn 0.7050 0.7029 0.0948
vn 0.7072 -0.7035 0.0700
vn 0.9934 0.0000 0.1146
vn 0.7072 0.7035 0.0700
vn 0.7085 -0.7040 0.0488
vn 0.9966 0.0000 0.0825
vn 0.7085 0.7040 0.0488
vn 0.7092 -0.7044 0.0304
vn 0.9985 0.0000 0.0548
vn 0.7092 0.7044 0.0304
vn 0.7093 -0.7047 0.0143
vn 0.9995 0.0000 0.0307
vn 0.7093 0.7047 0.0143
vn 0.6668 -0.6001 -0.4419
vn 1.0000 0.0000 0.0096
vn 0.6668 0.6001 -0.4419
vn -0.4949 -0.5560 -0.6678
vn 0.3809 0.0000 -0.9246
vn -0.4949 0.5560 -0.6678
vn -0.7036 -0.7076 0.0660
vn -0.9954 0.0000 0.0954
vn -0.7036 0.7076 0.0660
vn -0.7038 -0.7077 0.0628
vn -0.9958 0.0000 0.0913
vn -0.7038 0.7077 0.0628
vn -0.7040 -0.7078 0.0590
vn -0.9963 0.0000 0.0864
vn -0.7040 0.7078 0.0590
vn -0.7042 -0.7079 0.0543
vn -0.9968 0.0000 0.0805
vn -0.7042 0.7079 0.0543
vn -0.7044 -0.7081 0.0485
vn -0.9973 0.0000 0.0733
vn -0.7044 0.7081 0.0485
vn -0.7046 -0.7084 0.0412
vn -0.9979 0.0000 0.0642
vn -0.7046 0.7084 0.0412
vn -0.7046 -0.7089 0.0315
vn -0.9986 0.0000 0.0525
vn -0.7046 0.7089 0.0315
vn -0.7044 -0.7096 0.0182
vn -0.9993 0.0000 0.0368
vn -0.7044 0.7096 0.0182
vn -0.7031 -0.7111 -0.0021
vn -0.9999 0.0000 0.0148
vn -0.7031 0.7111 -0.0021
vn -0.7007 -0.7128 -0.0321
vn -0.9998 0.0000 -0.0208
vn -0.7007 0.7128 -0.0321
vn -0.6960 -0.7144 -0.0719
vn -0.9975 0.0000 -0.0706
vn -0.6960 0.7144 -0.0719
vn -0.6861 -0.7169 -0.1237
vn -0.9909 0.0000 -0.1348
vn -0.6861 0.7169 -0.1237
vn -0.6661 -0.7207 -0.1921
vn -0.9756 0.0000 -0.2197
vn -0.6661 0.7207 -0.1921
vn -0.6265 -0.7264 -0.2826
vn -0.9427 0.0000 -0.3336
vn -0.6265 0.7264 -0.2826
vn -0.5500 -0.7346 -0.3973
vn -0.8740 0.0000 -0.4860
vn -0.5500 0.7346 -0.3973
vn -0.4154 -0.7439 -0.5235
vn -0.7360 0.0000 -0.6770
vn -0.4154 0.7439 -0.5235
vn -0.2209 -0.7484 -0.6253
vn -0.4921 0.0000 -0.8705
vn -0.2209 0.7484 -0.6253
vn -0.0414 -0.7312 -0.6809
vn -0.1640 0.0000 -0.9865
vn -0.0414 0.7312 -0.6809
vn 0.0541 -0.7149 -0.6971
vn 0.0431 0.0000 -0.9991
vn 0.0541 0.7149 -0.6971
vn 0.0963 -0.7130 -0.6945
vn 0.1116 0.0000 -0.9938
vn 0.0963 0.7130 -0.6945
vn 0.1284 -0.7117 -0.6907
vn 0.1630 0.0000 -0.9866
vn 0.1284 0.7117 -0.6907
vn 0.1536 -0.7107 -0.6865
vn 0.2026 0.0000 -0.9793
vn 0.1536 0.7107 -0.6865
vn 0.1738 -0.7101 -0.6823
vn 0.2341 0.0000 -0.9722
vn 0.1738 0.7101 -0.6823
vn 0.1903 -0.7096 -0.6785
vn 0.2595 0.0000 -0.9657
vn 0.1903 0.7096 -0.6785
vn 0.2039 -0.7092 -0.6749
vn 0.2805 0.0000 -0.9599
vn 0.2039 0.7092 -0.6749
vn 0.2155 -0.7089 -0.6716
vn 0.2980 0.0000 -0.9546
vn 0.2155 0.7089 -0.6716
vn 0.2277 -0.7096 -0.6668
vn 0.3129 0.0000 -0.9498
vn 0.2277 0.7096 -0.6668
vn 0.2296 -0.7048 -0.6712
vn 0.3334 0.0000 -0.9428
vn 0.2296 0.7048 -0.6712
vn 0.2148 -0.7045 -0.6765
vn 0.3138 0.0000 -0.9495
vn 0.2148 0.7045 -0.6765
vn 0.1976 -0.7041 -0.6821
vn 0.2913 0.0000 -0.9566
vn 0.1976 0.7041 -0.6821
vn 0.1776 -0.7036 -0.6881
vn 0.2652 0.0000 -0.9642
vn 0.1776 0.7036 -0.6881
vn 0.1539 -0.7029 -0.6944
vn 0.2345 0.0000 -0.9721
vn 0.1539 0.7029 -0.6944
vn 0.1257 -0.7022 -0.7008
vn 0.1982 0.0000 -0.9802
vn 0.1257 0.7022 -0.7008
vn 0.0916 -0.7012 -0.7071
vn 0.1547 0.0000 -0.9880
vn 0.0916 0.7012 -0.7071
vn 0.0499 -0.6999 -0.7125
vn 0.1021 0.0000 -0.9948
vn 0.0499 0.6999 -0.7125
vn -0.0214 -0.6923 -0.7213
vn 0.0377 0.0000 -0.9993
vn -0.0214 0.6923 -0.7213
vn -0.1509 -0.6830 -0.7147
vn -0.0967 0.0000 -0.9953
vn -0.1509 0.6830 -0.7147
vn -0.3139 -0.6804 -0.6622
vn -0.3138 0.0000 -0.9495
vn -0.3139 0.6804 -0.6622
vn -0.4654 -0.6807 -0.5658
vn -0.5364 0.0000 -0.8440
vn -0.4654 0.6807 -0.5658
vn -0.5800 -0.6836 -0.4430
vn -0.7246 0.0000 -0.6892
vn -0.5800 0.6836 -0.4430
vn -0.6518 -0.6878 -0.3196
vn -0.8555 0.0000 -0.5178
vn -0.6518 0.6878 -0.3196
vn -0.6902 -0.6918 -0.2121
vn -0.9332 0.0000 -0.3594
vn -0.6902 0.6918 -0.2121
vn -0.7080 -0.6951 -0.1249
vn -0.9740 0.0000 -0.2267
vn -0.7080 0.6951 -0.1249
vn -0.7142 -0.6977 -0.0558
vn -0.9928 0.0000 -0.1202
vn -0.7142 0.6977 -0.0558
vn -0.0217 -0.9931 -0.1153
vn -0.9994 0.0000 -0.0356
vn -0.0217 0.9931 -0.1153
vn 0.6411 -0.6911 -0.3338
vn 0.9183 0.0000 -0.3959
vn 0.6411 0.6911 -0.3338
vn 0.5842 -0.6898 -0.4276
vn 0.8509 0.0000 -0.5253
vn 0.5842 0.6898 -0.4276
vn 0.5090 -0.6893 -0.5156
vn 0.7579 0.0000 -0.6524
vn 0.5090 0.6893 -0.5156
vn 0.4198 -0.6897 -0.5900
vn 0.6425 0.0000 -0.7663
vn 0.4198 0.6897 -0.5900
vn 0.3242 -0.6908 -0.6462
vn 0.5133 0.0000 -0.8582
vn 0.3242 0.6908 -0.6462
vn 0.2302 -0.6925 -0.6837
vn 0.3812 0.0000 -0.9245
vn 0.2302 0.6925 -0.6837
vn 0.1435 -0.6943 -0.7052
vn 0.2556 0.0000 -0.9668
vn 0.1435 0.6943 -0.7052
vn 0.0670 -0.6961 -0.7148
vn 0.1425 0.0000 -0.9898
vn 0.0670 0.6961 -0.7148
vn 0.0030 -0.6983 -0.7158
vn 0.0439 0.0000 -0.9990
vn 0.0030 0.6983 -0.7158
vn -0.0524 -0.6987 -0.7135
vn -0.0356 0.0000 -0.9994
vn -0.0524 0.6987 -0.7135
vn -0.1080 -0.6981 -0.7078
vn -0.1108 0.0000 -0.9938
vn -0.1080 0.6981 -0.7078
vn -0.1665 -0.6976 -0.6969
vn -0.1906 0.0000 -0.9817
vn -0.1665 0.6976 -0.6969
vn -0.2269 -0.6972 -0.6800
vn -0.2738 0.0000 -0.9618
vn -0.2269 0.6972 -0.6800
vn -0.2876 -0.6969 -0.6570
vn -0.3585 0.0000 -0.9335
vn -0.2876 0.6969 -0.6570
vn -0.3472 -0.6968 -0.6277
vn -0.4428 0.0000 -0.8966
vn -0.3472 0.6968 -0.6277
vn -0.4039 -0.6968 -0.5927
vn -0.5243 0.0000 -0.8516
vn -0.4039 0.6968 -0.5927
vn -0.4563 -0.6970 -0.5531
vn -0.6008 0.0000 -0.7994
vn -0.4563 0.6970 -0.5531
vn -0.5045 -0.6971 -0.5095
vn -0.6707 0.0000 -0.7417
vn -0.5045 0.6971 -0.5095
vn -0.5499 -0.6966 -0.4608
vn -0.7351 0.0000 -0.6779
vn -0.5499 0.6966 -0.4608
vn -0.5916 -0.6964 -0.4062
vn -0.7961 0.0000 -0.6051
vn -0.5916 0.6964 -0.4062
vn -0.6278 -0.6965 -0.3475
vn -0.8507 0.0000 -0.5257
vn -0.6278 0.6965 -0.3475
vn -0.6577 -0.6967 -0.2864
vn -0.8971 0.0000 -0.4418
vn -0.6577 0.6967 -0.2864
vn -0.6809 -0.6971 -0.2247
vn -0.9345 0.0000 -0.3558
vn -0.6809 0.6971 -0.2247
vn -0.6974 -0.6976 -0.1640
vn -0.9628 0.0000 -0.2703
vn -0.6974 0.6976 -0.1640
vn -0.7080 -0.6982 -0.1059
vn -0.9823 0.0000 -0.1872
vn -0.7080 0.6982 -0.1059
vn -0.7134 -0.6989 -0.0512
vn -0.9941 0.0000 -0.1083
vn -0.7134 0.6989 -0.0512
vn -0.7142 -0.6999 -0.0016
vn -0.9994 0.0000 -0.0347
vn -0.7142 0.6999 -0.0016
vn -0.7128 -0.7000 0.0444
vn -0.9995 0.0000 0.0301
vn -0.7128 0.7000 0.0444
vn -0.7088 -0.6994 0.0920
vn -0.9956 0.0000 0.0942
vn -0.7088 0.6994 0.0920
vn -0.7009 -0.6988 0.1431
vn -0.9866 0.0000 0.1632
vn -0.7009 0.6988 0.1431
vn -0.6882 -0.6982 0.1971
vn -0.9716 0.0000 0.2366
vn -0.6882 0.6982 0.1971
vn -0.6701 -0.6977 0.2532
vn -0.9496 0.0000 0.3135
vn -0.6701 0.6977 0.2532
vn -0.6462 -0.6973 0.3101
vn -0.9197 0.0000 0.3926
vn -0.6462 0.6973 0.3101
vn -0.6162 -0.6971 0.3666
vn -0.8816 0.0000 0.4720
vn -0.6162 0.6971 0.3666
vn -0.5804 -0.6970 0.4211
vn -0.8354 0.0000 0.5497
vn -0.5804 0.6970 0.4211
vn -0.5398 -0.6971 0.4718
vn -0.7817 0.0000 0.6236
vn -0.5398 0.6971 0.4718
vn -0.4947 -0.6968 0.5193
vn -0.7226 0.0000 0.6913
vn -0.4947 0.6968 0.5193
vn -0.4435 -0.6963 0.5643
vn -0.6554 0.0000 0.7553
vn -0.4435 0.6963 0.5643
vn -0.3859 -0.6960 0.6055
vn -0.5790 0.0000 0.8153
vn -0.3859 0.6960 0.6055
vn -0.3233 -0.6959 0.6413
vn -0.4946 0.0000 0.8691
vn -0.3233 0.6959 0.6413
vn -0.2573 -0.6960 0.6703
vn -0.4045 0.0000 0.9145
vn -0.2573 0.6960 0.6703
vn -0.1901 -0.6964 0.6920
vn -0.3113 0.0000 0.9503
vn -0.1901 0.6964 0.6920
vn -0.1239 -0.6969 0.7064
vn -0.2179 0.0000 0.9760
vn -0.1239 0.6969 0.7064
vn -0.0602 -0.6975 0.7140
vn -0.1271 0.0000 0.9919
vn -0.0602 0.6975 0.7140
vn 0.0063 -0.6961 0.7179
vn -0.0409 0.0000 0.9992
vn 0.0063 0.6961 0.7179
vn 0.0917 -0.6919 0.7161
vn 0.0584 0.0000 0.9983
vn 0.0917 0.6919 0.7161
vn 0.2010 -0.6886 0.6967
vn 0.1951 0.0000 0.9808
vn 0.2010 0.6886 0.6967
vn 0.3264 -0.6854 0.6509
vn 0.3573 0.0000 0.9340
vn 0.3264 0.6854 0.6509
vn 0.4553 -0.6834 0.5707
vn 0.5348 0.0000 0.8450
vn 0.4553 0.6834 0.5707
vn 0.5683 -0.6833 0.4583
vn 0.7052 0.0000 0.7091
vn 0.5683 0.6833 0.4583
vn 0.6496 -0.6853 0.3293
vn 0.8423 0.0000 0.5390
vn 0.6496 0.6853 0.3293
vn 0.6963 -0.6884 0.2031
vn 0.9327 0.0000 0.3607
vn 0.6963 0.6884 0.2031
vn 0.7161 -0.6918 0.0927
vn 0.9804 0.0000 0.1972
vn 0.7161 0.6918 0.0927
vn 0.7189 -0.6951 0.0034
vn 0.9983 0.0000 0.0590
vn 0.7189 0.6951 0.0034
vn 0.7156 -0.6941 -0.0778
vn 0.9988 0.0000 -0.0495
vn 0.7156 0.6941 -0.0778
vn 0.7021 -0.6910 -0.1721
vn 0.9861 0.0000 -0.1663
vn 0.7021 0.6910 -0.1721
vn 0.6679 -0.6875 -0.2849
vn 0.9512 0.0000 -0.3085
vn 0.6679 0.6875 -0.2849
vn 0.6031 -0.6845 -0.4096
vn 0.8811 0.0000 -0.4729
vn 0.6031 0.6845 -0.4096
vn 0.5024 -0.6828 -0.5304
vn 0.7644 0.0000 -0.6447
vn 0.5024 0.6828 -0.5304
vn 0.3736 -0.6834 -0.6273
vn 0.6023 0.0000 -0.7983
vn 0.3736 0.6834 -0.6273
vn 0.2361 -0.6858 -0.6884
vn 0.4149 0.0000 -0.9099
vn 0.2361 0.6858 -0.6884
vn 0.1092 -0.6892 -0.7163
vn 0.2307 0.0000 -0.9730
vn 0.1092 0.6892 -0.7163
vn 0.0051 -0.6933 -0.7206
vn 0.0051 0.6933 -0.7206
vn -0.0854 -0.6931 -0.7157
vn -0.0553 0.0000 -0.9985
vn -0.0854 0.6931 -0.7157
vn -0.1836 -0.6907 -0.6994
vn -0.1811 0.0000 -0.9835
vn -0.1836 0.6907 -0.6994
vn -0.2933 -0.6885 -0.6633
vn -0.3253 0.0000 -0.9456
vn -0.2933 0.6885 -0.6633
vn -0.4061 -0.6870 -0.6026
vn -0.4805 0.0000 -0.8770
vn -0.4061 0.6870 -0.6026
vn -0.5101 -0.6868 -0.5178
vn -0.6325 0.0000 -0.7745
vn -0.5101 0.6868 -0.5178
vn -0.5942 -0.6878 -0.4169
vn -0.7649 0.0000 -0.6442
vn -0.5942 0.6878 -0.4169
vn -0.6535 -0.6898 -0.3116
vn -0.8659 0.0000 -0.5001
vn -0.6535 0.6898 -0.3116
vn -0.6898 -0.6922 -0.2123
vn -0.9337 0.0000 -0.3581
vn -0.6898 0.6922 -0.2123
vn -0.7305 -0.6789 -0.0735
vn -0.9735 0.0000 -0.2288
vn -0.7305 0.6789 -0.0735
vn -0.7131 -0.6996 0.0457
vn -0.9995 0.0000 0.0302
vn -0.7131 0.6996 0.0457
vn -0.7090 -0.6984 0.0976
vn -0.9952 0.0000 0.0975
vn -0.7090 0.6984 0.0976
vn -0.6996 -0.6971 0.1572
vn -0.9846 0.0000 0.1749
vn -0.6996 0.6971 0.1572
vn -0.6823 -0.6956 0.2249
vn -0.9647 0.0000 0.2632
vn -0.6823 0.6956 0.2249
vn -0.6546 -0.6941 0.2997
vn -0.9322 0.0000 0.3619
vn -0.6546 0.6941 0.2997
vn -0.6134 -0.6926 0.3795
vn -0.8831 0.0000 0.4692
vn -0.6134 0.6926 0.3795
vn -0.5569 -0.6915 0.4601
vn -0.8141 0.0000 0.5808
vn -0.5569 0.6915 0.4601
vn -0.4853 -0.6909 0.5358
vn -0.7240 0.0000 0.6898
vn -0.4853 0.6909 0.5358
vn -0.3145 -0.9489 -0.0277
vn -0.6151 0.0000 0.7884
vn -0.3145 0.9489 -0.0277
vn -0.4681 0.0000 -0.8837
vn -0.1025 -0.7257 0.6803
vn -0.2197 -0.7295 0.6478
vn -0.2283 0.0000 0.9736
vn -0.2197 0.7295 0.6478
vn -0.1025 0.7257 0.6803
vn -0.3456 -0.7324 0.5867
vn -0.4110 0.0000 0.9116
vn -0.3456 0.7324 0.5867
vn -0.4650 -0.7331 0.4964
vn -0.5980 0.0000 0.8015
vn -0.4650 0.7331 0.4964
vn -0.5622 -0.7313 0.3861
vn -0.7608 0.0000 0.6490
vn -0.5622 0.7313 0.3861
vn -0.6296 -0.7279 0.2715
vn -0.8789 0.0000 0.4771
vn -0.6296 0.7279 0.2715
vn -0.6694 -0.7241 0.1659
vn -0.9502 0.0000 0.3117
vn -0.6694 0.7241 0.1659
vn -0.6891 -0.7207 0.0758
vn -0.9858 0.0000 0.1682
vn -0.6891 0.7207 0.0758
vn -0.6954 -0.7187 -0.0003
vn -0.9987 0.0000 0.0501
vn -0.6954 0.7187 -0.0003
vn -0.6887 -0.7210 -0.0771
vn -0.9987 0.0000 -0.0510
vn -0.6887 0.7210 -0.0771
vn -0.6684 -0.7244 -0.1686
vn -0.9853 0.0000 -0.1710
vn -0.6684 0.7244 -0.1686
vn -0.6276 -0.7282 -0.2754
vn -0.9485 0.0000 -0.3167
vn -0.6276 0.7282 -0.2754
vn -0.5590 -0.7315 -0.3905
vn -0.8753 0.0000 -0.4835
vn -0.5590 0.7315 -0.3905
vn -0.4608 -0.7331 -0.5003
vn -0.7552 0.0000 -0.6555
vn -0.4608 0.7331 -0.5003
vn -0.3413 -0.7321 -0.5895
vn -0.5912 0.0000 -0.8065
vn -0.3413 0.7321 -0.5895
vn -0.2164 -0.7292 -0.6492
vn -0.4051 0.0000 -0.9143
vn -0.2164 0.7292 -0.6492
vn -0.1009 -0.7254 -0.6809
vn -0.2245 0.0000 -0.9745
vn -0.1009 0.7254 -0.6809
vn 0.0000 -0.7226 -0.6912
vn -0.0676 0.0000 -0.9977
vn 0.0000 0.7226 -0.6912
vn 0.1009 -0.7254 -0.6809
vn 0.0676 0.0000 -0.9977
vn 0.1009 0.7254 -0.6809
vn 0.2164 -0.7292 -0.6492
vn 0.2245 0.0000 -0.9745
vn 0.2164 0.7292 -0.6492
vn 0.3413 -0.7321 -0.5895
vn 0.4051 0.0000 -0.9143
vn 0.3413 0.7321 -0.5895
vn 0.4608 -0.7331 -0.5003
vn 0.5912 0.0000 -0.8065
vn 0.4608 0.7331 -0.5003
vn 0.5590 -0.7315 -0.3905
vn 0.7552 0.0000 -0.6555
vn 0.5590 0.7315 -0.3905
vn 0.6276 -0.7282 -0.2754
vn 0.8753 0.0000 -0.4835
vn 0.6276 0.7282 -0.2754
vn 0.6684 -0.7244 -0.1686
vn 0.9485 0.0000 -0.3167
vn 0.6684 0.7244 -0.1686
vn 0.6887 -0.7210 -0.0771
vn 0.9853 0.0000 -0.1710
vn 0.6887 0.7210 -0.0771
vn 0.6954 -0.7187 -0.0003
vn 0.9987 0.0000 -0.0510
vn 0.6954 0.7187 -0.0003
vn 0.6891 -0.7207 0.0758
vn 0.9987 0.0000 0.0501
vn 0.6891 0.7207 0.0758
vn 0.6694 -0.7241 0.1659
vn 0.9858 0.0000 0.1682
vn 0.6694 0.7241 0.1659
vn 0.6296 -0.7279 0.2715
vn 0.9502 0.0000 0.3117
vn 0.6296 0.7279 0.2715
vn 0.5622 -0.7313 0.3861
vn 0.8789 0.0000 0.4771
vn 0.5622 0.7313 0.3861
vn 0.4650 -0.7331 0.4964
vn 0.7608 0.0000 0.6490
vn 0.4650 0.7331 0.4964
vn 0.3456 -0.7324 0.5867
vn 0.5980 0.0000 0.8015
vn 0.3456 0.7324 0.5867
vn 0.2197 -0.7295 0.6478
vn 0.4110 0.0000 0.9116
vn 0.2197 0.7295 0.6478
vn 0.1025 -0.7257 0.6803
vn 0.2283 0.0000 0.9736
vn 0.1025 0.7257 0.6803
vn 0.0000 -0.7229 0.6909
vn 0.0688 0.0000 0.9976
vn 0.0000 0.7229 0.6909
vn -0.0688 0.0000 0.9976
vn 0.0000 -1.0000 -0.0000
vn 0.0000 1.0000 -0.0000
# 901 vertex normals

o Number_9
g Number_9
s 1
f 1//1 2//2 3//3 
f 2//2 4//4 3//3 
f 4//4 5//5 3//3 
f 5//5 1//1 3//3 
s 3
f 2//2 6//6 7//7 
f 6//6 8//8 7//7 
f 8//8 4//4 7//7 
f 4//4 2//2 7//7 
s 2
f 6//6 9//9 10//10 
f 9//9 11//11 10//10 
f 11//11 8//8 10//10 
f 8//8 6//6 10//10 
f 9//9 12//12 13//13 
f 12//12 14//14 13//13 
f 14//14 11//11 13//13 
f 11//11 9//9 13//13 
f 12//12 15//15 16//16 
f 15//15 17//17 16//16 
f 17//17 14//14 16//16 
f 14//14 12//12 16//16 
f 15//15 18//18 19//19 
f 18//18 20//20 19//19 
f 20//20 17//17 19//19 
f 17//17 15//15 19//19 
f 18//18 21//21 22//22 
f 21//21 23//23 22//22 
f 23//23 20//20 22//22 
f 20//20 18//18 22//22 
f 21//21 24//24 25//25 
f 24//24 26//26 25//25 
f 26//26 23//23 25//25 
f 23//23 21//21 25//25 
f 24//24 27//27 28//28 
f 27//27 29//29 28//28 
f 29//29 26//26 28//28 
f 26//26 24//24 28//28 
f 27//27 30//30 31//31 
f 30//30 32//32 31//31 
f 32//32 29//29 31//31 
f 29//29 27//27 31//31 
f 30//30 33//33 34//34 
f 33//33 35//35 34//34 
f 35//35 32//32 34//34 
f 32//32 30//30 34//34 
f 33//33 36//36 37//37 
f 36//36 38//38 37//37 
f 38//38 35//35 37//37 
f 35//35 33//33 37//37 
f 36//36 39//39 40//40 
f 39//39 41//41 40//40 
f 41//41 38//38 40//40 
f 38//38 36//36 40//40 
f 39//39 42//42 43//43 
f 42//42 44//44 43//43 
f 44//44 41//41 43//43 
f 41//41 39//39 43//43 
f 42//42 45//45 46//46 
f 45//45 47//47 46//46 
f 47//47 44//44 46//46 
f 44//44 42//42 46//46 
f 45//45 48//48 49//49 
f 48//48 50//50 49//49 
f 50//50 47//47 49//49 
f 47//47 45//45 49//49 
f 48//48 51//51 52//52 
f 51//51 53//53 52//52 
f 53//53 50//50 52//52 
f 50//50 48//48 52//52 
f 51//51 54//54 55//55 
f 54//54 56//56 55//55 
f 56//56 53//53 55//55 
f 53//53 51//51 55//55 
f 54//54 57//57 58//58 
f 57//57 59//59 58//58 
f 59//59 56//56 58//58 
f 56//56 54//54 58//58 
f 57//57 60//60 61//61 
f 60//60 62//62 61//61 
f 62//62 59//59 61//61 
f 59//59 57//57 61//61 
f 60//60 63//63 64//64 
f 63//63 65//65 64//64 
f 65//65 62//62 64//64 
f 62//62 60//60 64//64 
f 63//63 66//66 67//67 
f 66//66 68//68 67//67 
f 68//68 65//65 67//67 
f 65//65 63//63 67//67 
f 66//66 69//69 70//70 
f 69//69 71//71 70//70 
f 71//71 68//68 70//70 
f 68//68 66//66 70//70 
f 69//69 72//72 73//73 
f 72//72 74//74 73//73 
f 74//74 71//71 73//73 
f 71//71 69//69 73//73 
f 72//72 75//75 76//76 
f 75//75 77//77 76//76 
f 77//77 74//74 76//76 
f 74//74 72//72 76//76 
f 75//75 78//78 79//79 
f 78//78 80//80 79//79 
f 80//80 77//77 79//79 
f 77//77 75//75 79//79 
f 78//78 81//81 82//82 
f 81//81 83//83 82//82 
f 83//83 80//80 82//82 
f 80//80 78//78 82//82 
f 81//81 84//84 85//85 
f 84//84 86//86 85//85 
f 86//86 83//83 85//85 
f 83//83 81//81 85//85 
f 84//84 87//87 88//88 
f 87//87 89//89 88//88 
f 89//89 86//86 88//88 
f 86//86 84//84 88//88 
f 87//87 90//90 91//91 
f 90//90 92//92 91//91 
f 92//92 89//89 91//91 
f 89//89 87//87 91//91 
f 90//90 93//93 94//94 
f 93//93 95//95 94//94 
f 95//95 92//92 94//94 
f 92//92 90//90 94//94 
f 93//93 96//96 97//97 
f 96//96 98//98 97//97 
f 98//98 95//95 97//97 
f 95//95 93//93 97//97 
f 96//96 99//99 100//100 
f 99//99 101//101 100//100 
f 101//101 98//98 100//100 
f 98//98 96//96 100//100 
f 99//99 102//102 103//103 
f 102//102 104//104 103//103 
f 104//104 101//101 103//103 
f 101//101 99//99 103//103 
f 102//102 105//105 106//106 
f 105//105 107//107 106//106 
f 107//107 104//104 106//106 
f 104//104 102//102 106//106 
f 105//105 108//108 109//109 
f 108//108 110//110 109//109 
f 110//110 107//107 109//109 
f 107//107 105//105 109//109 
f 108//108 111//111 112//112 
f 111//111 113//113 112//112 
f 113//113 110//110 112//112 
f 110//110 108//108 112//112 
f 111//111 114//114 115//115 
f 114//114 116//116 115//115 
f 116//116 113//113 115//115 
f 113//113 111//111 115//115 
f 114//114 117//117 118//118 
f 117//117 119//119 118//118 
f 119//119 116//116 118//118 
f 116//116 114//114 118//118 
f 117//117 120//120 121//121 
f 120//120 122//122 121//121 
f 122//122 119//119 121//121 
f 119//119 117//117 121//121 
f 120//120 123//123 124//124 
f 123//123 125//125 124//124 
f 125//125 122//122 124//124 
f 122//122 120//120 124//124 
f 123//123 126//126 127//127 
f 126//126 128//128 127//127 
f 128//128 125//125 127//127 
f 125//125 123//123 127//127 
f 126//126 129//129 130//130 
f 129//129 131//131 130//130 
f 131//131 128//128 130//130 
f 128//128 126//126 130//130 
f 129//129 132//132 133//133 
f 132//132 134//134 133//133 
f 134//134 131//131 133//133 
f 131//131 129//129 133//133 
f 132//132 135//135 136//136 
f 135//135 137//137 136//136 
f 137//137 134//134 136//136 
f 134//134 132//132 136//136 
f 135//135 138//138 139//139 
f 138//138 140//140 139//139 
f 140//140 137//137 139//139 
f 137//137 135//135 139//139 
f 138//138 141//141 142//142 
f 141//141 143//143 142//142 
f 143//143 140//140 142//142 
f 140//140 138//138 142//142 
f 141//141 144//144 145//145 
f 144//144 146//146 145//145 
f 146//146 143//143 145//145 
f 143//143 141//141 145//145 
f 144//144 147//147 148//148 
f 147//147 149//149 148//148 
f 149//149 146//146 148//148 
f 146//146 144//144 148//148 
f 147//147 150//150 151//151 
f 150//150 152//152 151//151 
f 152//152 149//149 151//151 
f 149//149 147//147 151//151 
f 150//150 153//153 154//154 
f 153//153 155//155 154//154 
f 155//155 152//152 154//154 
f 152//152 150//150 154//154 
f 153//153 156//156 157//157 
f 156//156 158//158 157//157 
f 158//158 155//155 157//157 
f 155//155 153//153 157//157 
f 156//156 159//159 160//160 
f 159//159 161//161 160//160 
f 161//161 158//158 160//160 
f 158//158 156//156 160//160 
f 159//159 162//162 163//163 
f 162//162 164//164 163//163 
f 164//164 161//161 163//163 
f 161//161 159//159 163//163 
f 162//162 165//165 166//166 
f 165//165 167//167 166//166 
f 167//167 164//164 166//166 
f 164//164 162//162 166//166 
f 165//165 168//168 169//169 
f 168//168 170//170 169//169 
f 170//170 167//167 169//169 
f 167//167 165//165 169//169 
f 168//168 171//171 172//172 
f 171//171 173//173 172//172 
f 173//173 170//170 172//172 
f 170//170 168//168 172//172 
f 171//171 174//174 175//175 
f 174//174 176//176 175//175 
f 176//176 173//173 175//175 
f 173//173 171//171 175//175 
f 174//174 177//177 178//178 
f 177//177 179//179 178//178 
f 179//179 176//176 178//178 
f 176//176 174//174 178//178 
f 177//177 180//180 181//181 
f 180//180 182//182 181//181 
f 182//182 179//179 181//181 
f 179//179 177//177 181//181 
f 180//180 183//183 184//184 
f 183//183 185//185 184//184 
f 185//185 182//182 184//184 
f 182//182 180//180 184//184 
f 183//183 186//186 187//187 
f 186//186 188//188 187//187 
f 188//188 185//185 187//187 
f 185//185 183//183 187//187 
f 186//186 189//189 190//190 
f 189//189 191//191 190//190 
f 191//191 188//188 190//190 
f 188//188 186//186 190//190 
f 189//189 192//192 193//193 
f 192//192 194//194 193//193 
f 194//194 191//191 193//193 
f 191//191 189//189 193//193 
f 192//192 195//195 196//196 
f 195//195 197//197 196//196 
f 197//197 194//194 196//196 
f 194//194 192//192 196//196 
f 195//195 198//198 199//199 
f 198//198 200//200 199//199 
f 200//200 197//197 199//199 
f 197//197 195//195 199//199 
f 198//198 201//201 202//202 
f 201//201 203//203 202//202 
f 203//203 200//200 202//202 
f 200//200 198//198 202//202 
f 201//201 204//204 205//205 
f 204//204 206//206 205//205 
f 206//206 203//203 205//205 
f 203//203 201//201 205//205 
f 204//204 207//207 208//208 
f 207//207 209//209 208//208 
f 209//209 206//206 208//208 
f 206//206 204//204 208//208 
f 207//207 210//210 211//211 
f 210//210 212//212 211//211 
f 212//212 209//209 211//211 
f 209//209 207//207 211//211 
f 210//210 213//213 214//214 
f 213//213 215//215 214//214 
f 215//215 212//212 214//214 
f 212//212 210//210 214//214 
f 213//213 216//216 217//217 
f 216//216 218//218 217//217 
f 218//218 215//215 217//217 
f 215//215 213//213 217//217 
s 4
f 216//216 219//219 220//220 
f 219//219 221//221 220//220 
f 221//221 218//218 220//220 
f 218//218 216//216 220//220 
s 2
f 219//219 222//222 223//223 
f 222//222 224//224 223//223 
f 224//224 221//221 223//223 
f 221//221 219//219 223//223 
f 222//222 225//225 226//226 
f 225//225 227//227 226//226 
f 227//227 224//224 226//226 
f 224//224 222//222 226//226 
f 225//225 228//228 229//229 
f 228//228 230//230 229//229 
f 230//230 227//227 229//229 
f 227//227 225//225 229//229 
f 228//228 231//231 232//232 
f 231//231 233//233 232//232 
f 233//233 230//230 232//232 
f 230//230 228//228 232//232 
f 231//231 234//234 235//235 
f 234//234 236//236 235//235 
f 236//236 233//233 235//235 
f 233//233 231//231 235//235 
f 234//234 237//237 238//238 
f 237//237 239//239 238//238 
f 239//239 236//236 238//238 
f 236//236 234//234 238//238 
f 237//237 240//240 241//241 
f 240//240 242//242 241//241 
f 242//242 239//239 241//241 
f 239//239 237//237 241//241 
f 240//240 243//243 244//244 
f 243//243 245//245 244//244 
f 245//245 242//242 244//244 
f 242//242 240//240 244//244 
f 243//243 246//246 247//247 
f 246//246 248//248 247//247 
f 248//248 245//245 247//247 
f 245//245 243//243 247//247 
f 246//246 249//249 250//250 
f 249//249 251//251 250//250 
f 251//251 248//248 250//250 
f 248//248 246//246 250//250 
f 249//249 252//252 253//253 
f 252//252 254//254 253//253 
f 254//254 251//251 253//253 
f 251//251 249//249 253//253 
f 252//252 255//255 256//256 
f 255//255 257//257 256//256 
f 257//257 254//254 256//256 
f 254//254 252//252 256//256 
f 255//255 258//258 259//259 
f 258//258 260//260 259//259 
f 260//260 257//257 259//259 
f 257//257 255//255 259//259 
f 258//258 261//261 262//262 
f 261//261 263//263 262//262 
f 263//263 260//260 262//262 
f 260//260 258//258 262//262 
f 261//261 264//264 265//265 
f 264//264 266//266 265//265 
f 266//266 263//263 265//265 
f 263//263 261//261 265//265 
f 264//264 267//267 268//268 
f 267//267 269//269 268//268 
f 269//269 266//266 268//268 
f 266//266 264//264 268//268 
f 267//267 270//270 271//271 
f 270//270 272//272 271//271 
f 272//272 269//269 271//271 
f 269//269 267//267 271//271 
f 270//270 273//273 274//274 
f 273//273 275//275 274//274 
f 275//275 272//272 274//274 
f 272//272 270//270 274//274 
f 273//273 276//276 277//277 
f 276//276 278//278 277//277 
f 278//278 275//275 277//277 
f 275//275 273//273 277//277 
f 276//276 279//279 280//280 
f 279//279 281//281 280//280 
f 281//281 278//278 280//280 
f 278//278 276//276 280//280 
f 279//279 282//282 283//283 
f 282//282 284//284 283//283 
f 284//284 281//281 283//283 
f 281//281 279//279 283//283 
f 282//282 285//285 286//286 
f 285//285 287//287 286//286 
f 287//287 284//284 286//286 
f 284//284 282//282 286//286 
f 285//285 288//288 289//289 
f 288//288 290//290 289//289 
f 290//290 287//287 289//289 
f 287//287 285//285 289//289 
f 288//288 291//291 292//292 
f 291//291 293//293 292//292 
f 293//293 290//290 292//292 
f 290//290 288//288 292//292 
f 291//291 294//294 295//295 
f 294//294 296//296 295//295 
f 296//296 293//293 295//295 
f 293//293 291//291 295//295 
f 294//294 297//297 298//298 
f 297//297 299//299 298//298 
f 299//299 296//296 298//298 
f 296//296 294//294 298//298 
f 297//297 300//300 301//301 
f 300//300 302//302 301//301 
f 302//302 299//299 301//301 
f 299//299 297//297 301//301 
f 300//300 303//303 304//304 
f 303//303 305//305 304//304 
f 305//305 302//302 304//304 
f 302//302 300//300 304//304 
f 303//303 306//306 307//307 
f 306//306 308//308 307//307 
f 308//308 305//305 307//307 
f 305//305 303//303 307//307 
f 306//306 309//309 310//310 
f 309//309 311//311 310//310 
f 311//311 308//308 310//310 
f 308//308 306//306 310//310 
f 309//309 312//312 313//313 
f 312//312 314//314 313//313 
f 314//314 311//311 313//313 
f 311//311 309//309 313//313 
f 312//312 315//315 316//316 
f 315//315 317//317 316//316 
f 317//317 314//314 316//316 
f 314//314 312//312 316//316 
f 315//315 318//318 319//319 
f 318//318 320//320 319//319 
f 320//320 317//317 319//319 
f 317//317 315//315 319//319 
f 318//318 321//321 322//322 
f 321//321 323//323 322//322 
f 323//323 320//320 322//322 
f 320//320 318//318 322//322 
f 321//321 324//324 325//325 
f 324//324 326//326 325//325 
f 326//326 323//323 325//325 
f 323//323 321//321 325//325 
f 324//324 327//327 328//328 
f 327//327 329//329 328//328 
f 329//329 326//326 328//328 
f 326//326 324//324 328//328 
f 327//327 330//330 331//331 
f 330//330 332//332 331//331 
f 332//332 329//329 331//331 
f 329//329 327//327 331//331 
f 330//330 333//333 334//334 
f 333//333 335//335 334//334 
f 335//335 332//332 334//334 
f 332//332 330//330 334//334 
f 333//333 336//336 337//337 
f 336//336 338//338 337//337 
f 338//338 335//335 337//337 
f 335//335 333//333 337//337 
f 336//336 339//339 340//340 
f 339//339 341//341 340//340 
f 341//341 338//338 340//340 
f 338//338 336//336 340//340 
f 339//339 342//342 343//343 
f 342//342 344//344 343//343 
f 344//344 341//341 343//343 
f 341//341 339//339 343//343 
f 342//342 345//345 346//346 
f 345//345 347//347 346//346 
f 347//347 344//344 346//346 
f 344//344 342//342 346//346 
f 345//345 348//348 349//349 
f 348//348 350//350 349//349 
f 350//350 347//347 349//349 
f 347//347 345//345 349//349 
f 348//348 351//351 352//352 
f 351//351 353//353 352//352 
f 353//353 350//350 352//352 
f 350//350 348//348 352//352 
f 351//351 354//354 355//355 
f 354//354 356//356 355//355 
f 356//356 353//353 355//355 
f 353//353 351//351 355//355 
f 354//354 357//357 358//358 
f 357//357 359//359 358//358 
f 359//359 356//356 358//358 
f 356//356 354//354 358//358 
f 357//357 360//360 361//361 
f 360//360 362//362 361//361 
f 362//362 359//359 361//361 
f 359//359 357//357 361//361 
f 360//360 363//363 364//364 
f 363//363 365//365 364//364 
f 365//365 362//362 364//364 
f 362//362 360//360 364//364 
f 363//363 366//366 367//367 
f 366//366 368//368 367//367 
f 368//368 365//365 367//367 
f 365//365 363//363 367//367 
f 366//366 369//369 370//370 
f 369//369 371//371 370//370 
f 371//371 368//368 370//370 
f 368//368 366//366 370//370 
f 369//369 372//372 373//373 
f 372//372 374//374 373//373 
f 374//374 371//371 373//373 
f 371//371 369//369 373//373 
f 372//372 375//375 376//376 
f 375//375 377//377 376//376 
f 377//377 374//374 376//376 
f 374//374 372//372 376//376 
f 375//375 378//378 379//379 
f 378//378 380//380 379//379 
f 380//380 377//377 379//379 
f 377//377 375//375 379//379 
f 378//378 381//381 382//382 
f 381//381 383//383 382//382 
f 383//383 380//380 382//382 
f 380//380 378//378 382//382 
f 381//381 384//384 385//385 
f 384//384 386//386 385//385 
f 386//386 383//383 385//385 
f 383//383 381//381 385//385 
f 384//384 387//387 388//388 
f 387//387 389//389 388//388 
f 389//389 386//386 388//388 
f 386//386 384//384 388//388 
f 387//387 390//390 391//391 
f 390//390 392//392 391//391 
f 392//392 389//389 391//391 
f 389//389 387//387 391//391 
f 390//390 393//393 394//394 
f 393//393 395//395 394//394 
f 395//395 392//392 394//394 
f 392//392 390//390 394//394 
f 393//393 396//396 397//397 
f 396//396 398//398 397//397 
f 398//398 395//395 397//397 
f 395//395 393//393 397//397 
f 396//396 399//399 400//400 
f 399//399 401//401 400//400 
f 401//401 398//398 400//400 
f 398//398 396//396 400//400 
f 399//399 402//402 403//403 
f 402//402 404//404 403//403 
f 404//404 401//401 403//403 
f 401//401 399//399 403//403 
f 402//402 405//405 406//406 
f 405//405 407//407 406//406 
f 407//407 404//404 406//406 
f 404//404 402//402 406//406 
f 405//405 408//408 409//409 
f 408//408 410//410 409//409 
f 410//410 407//407 409//409 
f 407//407 405//405 409//409 
s 4
f 408//408 411//411 412//412 
f 411//411 413//413 412//412 
f 413//413 410//410 412//412 
f 410//410 408//408 412//412 
s 2
f 411//411 414//414 415//415 
f 414//414 416//416 415//415 
f 416//416 413//413 415//415 
f 413//413 411//411 415//415 
f 414//414 417//417 418//418 
f 417//417 419//419 418//418 
f 419//419 416//416 418//418 
f 416//416 414//414 418//418 
f 417//417 420//420 421//421 
f 420//420 422//422 421//421 
f 422//422 419//419 421//421 
f 419//419 417//417 421//421 
f 420//420 423//423 424//424 
f 423//423 425//425 424//424 
f 425//425 422//422 424//424 
f 422//422 420//420 424//424 
f 423//423 426//426 427//427 
f 426//426 428//428 427//427 
f 428//428 425//425 427//427 
f 425//425 423//423 427//427 
f 426//426 429//429 430//430 
f 429//429 431//431 430//430 
f 431//431 428//428 430//430 
f 428//428 426//426 430//430 
f 429//429 432//432 433//433 
f 432//432 434//434 433//433 
f 434//434 431//431 433//433 
f 431//431 429//429 433//433 
f 432//432 435//435 436//436 
f 435//435 437//437 436//436 
f 437//437 434//434 436//436 
f 434//434 432//432 436//436 
f 435//435 438//438 439//439 
f 438//438 440//440 439//439 
f 440//440 437//437 439//439 
f 437//437 435//435 439//439 
f 438//438 441//441 442//442 
f 441//441 443//443 442//442 
f 443//443 440//440 442//442 
f 440//440 438//438 442//442 
f 441//441 444//444 445//445 
f 444//444 446//446 445//445 
f 446//446 443//443 445//445 
f 443//443 441//441 445//445 
f 444//444 447//447 448//448 
f 447//447 449//449 448//448 
f 449//449 446//446 448//448 
f 446//446 444//444 448//448 
f 447//447 450//450 451//451 
f 450//450 452//452 451//451 
f 452//452 449//449 451//451 
f 449//449 447//447 451//451 
f 450//450 453//453 454//454 
f 453//453 455//455 454//454 
f 455//455 452//452 454//454 
f 452//452 450//450 454//454 
f 453//453 456//456 457//457 
f 456//456 458//458 457//457 
f 458//458 455//455 457//457 
f 455//455 453//453 457//457 
f 456//456 459//459 460//460 
f 459//459 461//461 460//460 
f 461//461 458//458 460//460 
f 458//458 456//456 460//460 
f 459//459 462//462 463//463 
f 462//462 464//464 463//463 
f 464//464 461//461 463//463 
f 461//461 459//459 463//463 
f 462//462 465//465 466//466 
f 465//465 467//467 466//466 
f 467//467 464//464 466//466 
f 464//464 462//462 466//466 
f 465//465 468//468 469//469 
f 468//468 470//470 469//469 
f 470//470 467//467 469//469 
f 467//467 465//465 469//469 
f 468//468 471//471 472//472 
f 471//471 473//473 472//472 
f 473//473 470//470 472//472 
f 470//470 468//468 472//472 
f 471//471 474//474 475//475 
f 474//474 476//476 475//475 
f 476//476 473//473 475//475 
f 473//473 471//471 475//475 
f 474//474 477//477 478//478 
f 477//477 479//479 478//478 
f 479//479 476//476 478//478 
f 476//476 474//474 478//478 
f 477//477 480//480 481//481 
f 480//480 482//482 481//481 
f 482//482 479//479 481//481 
f 479//479 477//477 481//481 
f 480//480 483//483 484//484 
f 483//483 485//485 484//484 
f 485//485 482//482 484//484 
f 482//482 480//480 484//484 
f 483//483 486//486 487//487 
f 486//486 488//488 487//487 
f 488//488 485//485 487//487 
f 485//485 483//483 487//487 
f 486//486 489//489 490//490 
f 489//489 491//491 490//490 
f 491//491 488//488 490//490 
f 488//488 486//486 490//490 
f 489//489 492//492 493//493 
f 492//492 494//494 493//493 
f 494//494 491//491 493//493 
f 491//491 489//489 493//493 
s 4
f 492//492 495//495 496//496 
f 495//495 497//497 496//496 
f 497//497 494//494 496//496 
f 494//494 492//492 496//496 
f 495//495 498//498 499//499 
f 498//498 500//500 499//499 
f 500//500 497//497 499//499 
f 497//497 495//495 499//499 
f 498//498 501//501 502//502 
f 501//501 503//503 502//502 
f 503//503 500//500 502//502 
f 500//500 498//498 502//502 
f 501//501 504//504 505//505 
f 504//504 506//506 505//505 
f 506//506 503//503 505//505 
f 503//503 501//501 505//505 
f 504//504 507//507 508//508 
f 507//507 509//509 508//508 
f 509//509 506//506 508//508 
f 506//506 504//504 508//508 
f 507//507 510//510 511//511 
f 510//510 512//512 511//511 
f 512//512 509//509 511//511 
f 509//509 507//507 511//511 
f 510//510 513//513 514//514 
f 513//513 515//515 514//514 
f 515//515 512//512 514//514 
f 512//512 510//510 514//514 
f 513//513 516//516 517//517 
f 516//516 518//518 517//517 
f 518//518 515//515 517//517 
f 515//515 513//513 517//517 
f 516//516 519//519 520//520 
f 519//519 521//521 520//520 
f 521//521 518//518 520//520 
f 518//518 516//516 520//520 
f 519//519 522//522 523//523 
f 522//522 524//524 523//523 
f 524//524 521//521 523//523 
f 521//521 519//519 523//523 
f 522//522 525//525 526//526 
f 525//525 527//527 526//526 
f 527//527 524//524 526//526 
f 524//524 522//522 526//526 
f 525//525 528//528 529//529 
f 528//528 530//530 529//529 
f 530//530 527//527 529//529 
f 527//527 525//525 529//529 
f 528//528 531//531 532//532 
f 531//531 533//533 532//532 
f 533//533 530//530 532//532 
f 530//530 528//528 532//532 
f 531//531 534//534 535//535 
f 534//534 536//536 535//535 
f 536//536 533//533 535//535 
f 533//533 531//531 535//535 
f 534//534 537//537 538//538 
f 537//537 539//539 538//538 
f 539//539 536//536 538//538 
f 536//536 534//534 538//538 
f 537//537 540//540 541//541 
f 540//540 542//542 541//541 
f 542//542 539//539 541//541 
f 539//539 537//537 541//541 
f 540//540 543//543 544//544 
f 543//543 545//545 544//544 
f 545//545 542//542 544//544 
f 542//542 540//540 544//544 
f 543//543 546//546 547//547 
f 546//546 548//548 547//547 
f 548//548 545//545 547//547 
f 545//545 543//543 547//547 
s 2
f 546//546 549//549 550//550 
f 549//549 551//551 550//550 
f 551//551 548//548 550//550 
f 548//548 546//546 550//550 
f 549//549 552//552 553//553 
f 552//552 554//554 553//553 
f 554//554 551//551 553//553 
f 551//551 549//549 553//553 
f 552//552 555//555 556//556 
f 555//555 557//557 556//556 
f 557//557 554//554 556//556 
f 554//554 552//552 556//556 
f 555//555 558//558 559//559 
f 558//558 560//560 559//559 
f 560//560 557//557 559//559 
f 557//557 555//555 559//559 
f 558//558 561//561 562//562 
f 561//561 563//563 562//562 
f 563//563 560//560 562//562 
f 560//560 558//558 562//562 
f 561//561 564//564 565//565 
f 564//564 566//566 565//565 
f 566//566 563//563 565//565 
f 563//563 561//561 565//565 
f 564//564 567//567 568//568 
f 567//567 569//569 568//568 
f 569//569 566//566 568//568 
f 566//566 564//564 568//568 
f 567//567 570//570 571//571 
f 570//570 572//572 571//571 
f 572//572 569//569 571//571 
f 569//569 567//567 571//571 
f 570//570 573//573 574//574 
f 573//573 575//575 574//574 
f 575//575 572//572 574//574 
f 572//572 570//570 574//574 
f 573//573 576//576 577//577 
f 576//576 578//578 577//577 
f 578//578 575//575 577//577 
f 575//575 573//573 577//577 
f 576//576 579//579 580//580 
f 579//579 581//581 580//580 
f 581//581 578//578 580//580 
f 578//578 576//576 580//580 
f 579//579 582//582 583//583 
f 582//582 584//584 583//583 
f 584//584 581//581 583//583 
f 581//581 579//579 583//583 
f 582//582 585//585 586//586 
f 585//585 587//587 586//586 
f 587//587 584//584 586//586 
f 584//584 582//582 586//586 
f 585//585 588//588 589//589 
f 588//588 590//590 589//589 
f 590//590 587//587 589//589 
f 587//587 585//585 589//589 
f 588//588 591//591 592//592 
f 591//591 593//593 592//592 
f 593//593 590//590 592//592 
f 590//590 588//588 592//592 
f 591//591 594//594 595//595 
f 594//594 596//596 595//595 
f 596//596 593//593 595//595 
f 593//593 591//591 595//595 
f 594//594 597//597 598//598 
f 597//597 599//599 598//598 
f 599//599 596//596 598//598 
f 596//596 594//594 598//598 
f 597//597 600//600 601//601 
f 600//600 602//602 601//601 
f 602//602 599//599 601//601 
f 599//599 597//597 601//601 
f 600//600 603//603 604//604 
f 603//603 605//605 604//604 
f 605//605 602//602 604//604 
f 602//602 600//600 604//604 
f 603//603 606//606 607//607 
f 606//606 608//608 607//607 
f 608//608 605//605 607//607 
f 605//605 603//603 607//607 
f 606//606 609//609 610//610 
f 609//609 611//611 610//610 
f 611//611 608//608 610//610 
f 608//608 606//606 610//610 
f 609//609 612//612 613//613 
f 612//612 614//614 613//613 
f 614//614 611//611 613//613 
f 611//611 609//609 613//613 
f 612//612 615//615 616//616 
f 615//615 617//617 616//616 
f 617//617 614//614 616//616 
f 614//614 612//612 616//616 
f 615//615 618//618 619//619 
f 618//618 620//620 619//619 
f 620//620 617//617 619//619 
f 617//617 615//615 619//619 
f 618//618 621//621 622//622 
f 621//621 623//623 622//622 
f 623//623 620//620 622//622 
f 620//620 618//618 622//622 
f 621//621 624//624 625//625 
f 624//624 626//626 625//625 
f 626//626 623//623 625//625 
f 623//623 621//621 625//625 
f 624//624 627//627 628//628 
f 627//627 629//629 628//628 
f 629//629 626//626 628//628 
f 626//626 624//624 628//628 
f 627//627 630//630 631//631 
f 630//630 632//632 631//631 
f 632//632 629//629 631//631 
f 629//629 627//627 631//631 
f 630//630 633//633 634//634 
f 633//633 635//635 634//634 
f 635//635 632//632 634//634 
f 632//632 630//630 634//634 
f 633//633 636//636 637//637 
f 636//636 638//638 637//637 
f 638//638 635//635 637//637 
f 635//635 633//633 637//637 
f 636//636 639//639 640//640 
f 639//639 641//641 640//640 
f 641//641 638//638 640//640 
f 638//638 636//636 640//640 
f 639//639 642//642 643//643 
f 642//642 644//644 643//643 
f 644//644 641//641 643//643 
f 641//641 639//639 643//643 
f 642//642 645//645 646//646 
f 645//645 647//647 646//646 
f 647//647 644//644 646//646 
f 644//644 642//642 646//646 
f 645//645 648//648 649//649 
f 648//648 650//650 649//649 
f 650//650 647//647 649//649 
f 647//647 645//645 649//649 
f 648//648 651//651 652//652 
f 651//651 653//653 652//652 
f 653//653 650//650 652//652 
f 650//650 648//648 652//652 
f 651//651 654//654 655//655 
f 654//654 656//656 655//655 
f 656//656 653//653 655//655 
f 653//653 651//651 655//655 
f 654//654 657//657 658//658 
f 657//657 659//659 658//658 
f 659//659 656//656 658//658 
f 656//656 654//654 658//658 
f 657//657 660//660 661//661 
f 660//660 662//662 661//661 
f 662//662 659//659 661//661 
f 659//659 657//657 661//661 
f 660//660 663//663 664//664 
f 663//663 665//665 664//664 
f 665//665 662//662 664//664 
f 662//662 660//660 664//664 
f 663//663 666//666 667//667 
f 666//666 668//668 667//667 
f 668//668 665//665 667//667 
f 665//665 663//663 667//667 
f 666//666 669//669 670//670 
f 669//669 671//671 670//670 
f 671//671 668//668 670//670 
f 668//668 666//666 670//670 
f 669//669 672//672 673//673 
f 672//672 674//674 673//673 
f 674//674 671//671 673//673 
f 671//671 669//669 673//673 
f 672//672 675//675 676//676 
f 675//675 677//677 676//676 
f 677//677 674//674 676//676 
f 674//674 672//672 676//676 
f 675//675 678//678 679//679 
f 678//678 680//680 679//679 
f 680//680 677//677 679//679 
f 677//677 675//675 679//679 
f 678//678 681//681 682//682 
f 681//681 683//683 682//682 
f 683//683 680//680 682//682 
f 680//680 678//678 682//682 
f 681//681 684//684 685//685 
f 684//684 686//686 685//685 
f 686//686 683//683 685//685 
f 683//683 681//681 685//685 
f 684//684 687//687 688//688 
f 687//687 689//689 688//688 
f 689//689 686//686 688//688 
f 686//686 684//684 688//688 
f 687//687 690//690 691//691 
f 690//690 692//692 691//691 
f 692//692 689//689 691//691 
f 689//689 687//687 691//691 
f 690//690 693//693 694//694 
f 693//693 695//695 694//694 
f 695//695 692//692 694//694 
f 692//692 690//690 694//694 
f 693//693 696//696 697//697 
f 696//696 698//698 697//697 
f 698//698 695//695 697//697 
f 695//695 693//693 697//697 
f 696//696 699//699 700//700 
f 699//699 701//701 700//700 
f 701//701 698//698 700//700 
f 698//698 696//696 700//700 
f 699//699 702//702 703//703 
f 702//702 704//704 703//703 
f 704//704 701//701 703//703 
f 701//701 699//699 703//703 
f 702//702 705//705 706//706 
f 705//705 707//707 706//706 
f 707//707 704//704 706//706 
f 704//704 702//702 706//706 
f 705//705 708//708 709//709 
f 708//708 710//710 709//709 
f 710//710 707//707 709//709 
f 707//707 705//705 709//709 
f 708//708 711//711 712//712 
f 711//711 713//713 712//712 
f 713//713 710//710 712//712 
f 710//710 708//708 712//712 
f 711//711 714//714 715//715 
f 714//714 716//716 715//715 
f 716//716 713//713 715//715 
f 713//713 711//711 715//715 
f 714//714 717//717 718//718 
f 717//717 719//719 718//718 
f 719//719 716//716 718//718 
f 716//716 714//714 718//718 
f 717//717 720//720 721//721 
f 720//720 722//722 721//721 
f 722//722 719//719 721//721 
f 719//719 717//717 721//721 
f 720//720 723//723 724//724 
f 723//723 725//725 724//724 
f 725//725 722//722 724//724 
f 722//722 720//720 724//724 
f 723//723 726//726 727//727 
f 726//726 728//728 727//727 
f 728//728 725//725 727//727 
f 725//725 723//723 727//727 
f 726//726 729//729 730//730 
f 729//729 731//731 730//730 
f 731//731 728//728 730//730 
f 728//728 726//726 730//730 
f 729//729 732//732 733//733 
f 732//732 734//734 733//733 
f 734//734 731//731 733//733 
f 731//731 729//729 733//733 
f 732//732 735//735 736//31 
f 735//735 737//736 736//31 
f 737//736 734//734 736//31 
f 734//734 732//732 736//31 
f 735//735 738//737 739//738 
f 738//737 740//739 739//738 
f 740//739 737//736 739//738 
f 737//736 735//735 739//738 
f 738//737 741//740 742//741 
f 741//740 743//742 742//741 
f 743//742 740//739 742//741 
f 740//739 738//737 742//741 
f 741//740 744//743 745//744 
f 744//743 746//745 745//744 
f 746//745 743//742 745//744 
f 743//742 741//740 745//744 
f 744//743 747//746 748//747 
f 747//746 749//748 748//747 
f 749//748 746//745 748//747 
f 746//745 744//743 748//747 
f 747//746 750//749 751//750 
f 750//749 752//751 751//750 
f 752//751 749//748 751//750 
f 749//748 747//746 751//750 
f 750//749 753//752 754//753 
f 753//752 755//754 754//753 
f 755//754 752//751 754//753 
f 752//751 750//749 754//753 
f 753//752 756//755 757//756 
f 756//755 758//757 757//756 
f 758//757 755//754 757//756 
f 755//754 753//752 757//756 
f 756//755 759//758 760//759 
f 759//758 761//760 760//759 
f 761//760 758//757 760//759 
f 758//757 756//755 760//759 
f 759//758 762//761 763//762 
f 762//761 764//763 763//762 
f 764//763 761//760 763//762 
f 761//760 759//758 763//762 
s 4
f 762//761 765//764 766//765 
f 765//764 767//766 766//765 
f 767//766 764//763 766//765 
f 764//763 762//761 766//765 
f 765//764 768//767 769//768 
f 768//767 770//769 769//768 
f 770//769 767//766 769//768 
f 767//766 765//764 769//768 
f 768//767 771//770 772//771 
f 771//770 773//772 772//771 
f 773//772 770//769 772//771 
f 770//769 768//767 772//771 
f 771//770 774//773 775//774 
f 774//773 776//775 775//774 
f 776//775 773//772 775//774 
f 773//772 771//770 775//774 
f 774//773 777//776 778//777 
f 777//776 779//778 778//777 
f 779//778 776//775 778//777 
f 776//775 774//773 778//777 
f 777//776 780//779 781//780 
f 780//779 782//781 781//780 
f 782//781 779//778 781//780 
f 779//778 777//776 781//780 
f 780//779 783//782 784//783 
f 783//782 785//784 784//783 
f 785//784 782//781 784//783 
f 782//781 780//779 784//783 
f 783//782 786//785 787//786 
f 786//785 788//787 787//786 
f 788//787 785//784 787//786 
f 785//784 783//782 787//786 
f 786//785 789//788 790//789 
f 789//788 791//790 790//789 
f 791//790 788//787 790//789 
f 788//787 786//785 790//789 
s 2
f 789//788 1//1 792//791 
f 1//1 5//5 792//791 
f 5//5 791//790 792//791 
f 791//790 789//788 792//791 
s 1
f 793//792 794//793 795//794 
f 794//793 796//795 795//794 
f 796//795 797//796 795//794 
f 797//796 793//792 795//794 
s 3
f 794//793 798//797 799//798 
f 798//797 800//799 799//798 
f 800//799 796//795 799//798 
f 796//795 794//793 799//798 
s 2
f 798//797 801//800 802//801 
f 801//800 803//802 802//801 
f 803//802 800//799 802//801 
f 800//799 798//797 802//801 
f 801//800 804//803 805//804 
f 804//803 806//805 805//804 
f 806//805 803//802 805//804 
f 803//802 801//800 805//804 
f 804//803 807//806 808//807 
f 807//806 809//808 808//807 
f 809//808 806//805 808//807 
f 806//805 804//803 808//807 
f 807//806 810//809 811//810 
f 810//809 812//811 811//810 
f 812//811 809//808 811//810 
f 809//808 807//806 811//810 
f 810//809 813//812 814//813 
f 813//812 815//814 814//813 
f 815//814 812//811 814//813 
f 812//811 810//809 814//813 
f 813//812 816//815 817//816 
f 816//815 818//817 817//816 
f 818//817 815//814 817//816 
f 815//814 813//812 817//816 
f 816//815 819//818 820//819 
f 819//818 821//820 820//819 
f 821//820 818//817 820//819 
f 818//817 816//815 820//819 
f 819//818 822//821 823//822 
f 822//821 824//823 823//822 
f 824//823 821//820 823//822 
f 821//820 819//818 823//822 
f 822//821 825//824 826//825 
f 825//824 827//826 826//825 
f 827//826 824//823 826//825 
f 824//823 822//821 826//825 
f 825//824 828//827 829//828 
f 828//827 830//829 829//828 
f 830//829 827//826 829//828 
f 827//826 825//824 829//828 
f 828//827 831//830 832//831 
f 831//830 833//832 832//831 
f 833//832 830//829 832//831 
f 830//829 828//827 832//831 
f 831//830 834//833 835//834 
f 834//833 836//835 835//834 
f 836//835 833//832 835//834 
f 833//832 831//830 835//834 
f 834//833 837//836 838//837 
f 837//836 839//838 838//837 
f 839//838 836//835 838//837 
f 836//835 834//833 838//837 
f 837//836 840//839 841//840 
f 840//839 842//841 841//840 
f 842//841 839//838 841//840 
f 839//838 837//836 841//840 
f 840//839 843//842 844//843 
f 843//842 845//844 844//843 
f 845//844 842//841 844//843 
f 842//841 840//839 844//843 
f 843//842 846//845 847//846 
f 846//845 848//847 847//846 
f 848//847 845//844 847//846 
f 845//844 843//842 847//846 
f 846//845 849//848 850//849 
f 849//848 851//850 850//849 
f 851//850 848//847 850//849 
f 848//847 846//845 850//849 
f 849//848 852//851 853//852 
f 852//851 854//853 853//852 
f 854//853 851//850 853//852 
f 851//850 849//848 853//852 
f 852//851 855//854 856//855 
f 855//854 857//856 856//855 
f 857//856 854//853 856//855 
f 854//853 852//851 856//855 
f 855//854 858//857 859//858 
f 858//857 860//859 859//858 
f 860//859 857//856 859//858 
f 857//856 855//854 859//858 
f 858//857 861//860 862//861 
f 861//860 863//862 862//861 
f 863//862 860//859 862//861 
f 860//859 858//857 862//861 
f 861//860 864//863 865//864 
f 864//863 866//865 865//864 
f 866//865 863//862 865//864 
f 863//862 861//860 865//864 
f 864//863 867//866 868//867 
f 867//866 869//868 868//867 
f 869//868 866//865 868//867 
f 866//865 864//863 868//867 
f 867//866 870//869 871//870 
f 870//869 872//871 871//870 
f 872//871 869//868 871//870 
f 869//868 867//866 871//870 
f 870//869 873//872 874//873 
f 873//872 875//874 874//873 
f 875//874 872//871 874//873 
f 872//871 870//869 874//873 
f 873//872 876//875 877//876 
f 876//875 878//877 877//876 
f 878//877 875//874 877//876 
f 875//874 873//872 877//876 
f 876//875 879//878 880//879 
f 879//878 881//880 880//879 
f 881//880 878//877 880//879 
f 878//877 876//875 880//879 
f 879//878 882//881 883//882 
f 882//881 884//883 883//882 
f 884//883 881//880 883//882 
f 881//880 879//878 883//882 
f 882//881 885//884 886//885 
f 885//884 887//886 886//885 
f 887//886 884//883 886//885 
f 884//883 882//881 886//885 
f 885//884 888//887 889//888 
f 888//887 890//889 889//888 
f 890//889 887//886 889//888 
f 887//886 885//884 889//888 
f 888//887 891//890 892//891 
f 891//890 893//892 892//891 
f 893//892 890//889 892//891 
f 890//889 888//887 892//891 
f 891//890 894//893 895//894 
f 894//893 896//895 895//894 
f 896//895 893//892 895//894 
f 893//892 891//890 895//894 
f 894//893 897//896 898//897 
f 897//896 899//898 898//897 
f 899//898 896//895 898//897 
f 896//895 894//893 898//897 
s 3
f 897//896 793//792 900//899 
f 793//792 797//796 900//899 
f 797//796 899//898 900//899 
f 899//898 897//896 900//899 
s 16
f 186//186 261//261 901//900 
f 261//261 258//258 901//900 
f 258//258 186//186 901//900 
f 218//218 221//221 902//901 
f 221//221 224//224 902//901 
f 224//224 218//218 902//901 
f 183//183 267//267 903//900 
f 267//267 264//264 903//900 
f 264//264 183//183 903//900 
f 258//258 255//255 904//900 
f 255//255 189//189 904//900 
f 189//189 186//186 904//900 
f 186//186 258//258 904//900 
f 255//255 252//252 905//900 
f 252//252 192//192 905//900 
f 192//192 189//189 905//900 
f 189//189 255//255 905//900 
f 252//252 249//249 906//900 
f 249//249 192//192 906//900 
f 192//192 252//252 906//900 
f 249//249 246//246 907//900 
f 246//246 195//195 907//900 
f 195//195 192//192 907//900 
f 192//192 249//249 907//900 
f 246//246 243//243 908//900 
f 243//243 198//198 908//900 
f 198//198 195//195 908//900 
f 195//195 246//246 908//900 
f 243//243 240//240 909//900 
f 240//240 201//201 909//900 
f 201//201 198//198 909//900 
f 198//198 243//243 909//900 
f 240//240 237//237 910//900 
f 237//237 204//204 910//900 
f 204//204 201//201 910//900 
f 201//201 240//240 910//900 
f 237//237 234//234 911//900 
f 234//234 204//204 911//900 
f 204//204 237//237 911//900 
f 234//234 231//231 912//900 
f 231//231 207//207 912//900 
f 207//207 204//204 912//900 
f 204//204 234//234 912//900 
f 231//231 228//228 913//900 
f 228//228 210//210 913//900 
f 210//210 207//207 913//900 
f 207//207 231//231 913//900 
f 228//228 225//225 914//900 
f 225//225 216//216 914//900 
f 216//216 213//213 914//900 
f 213//213 210//210 914//900 
f 210//210 228//228 914//900 
f 225//225 222//222 915//900 
f 222//222 216//216 915//900 
f 216//216 225//225 915//900 
f 222//222 219//219 916//900 
f 219//219 216//216 916//900 
f 216//216 222//222 916//900 
f 183//183 180//180 917//900 
f 180//180 270//270 917//900 
f 270//270 267//267 917//900 
f 267//267 183//183 917//900 
f 264//264 261//261 918//900 
f 261//261 186//186 918//900 
f 186//186 183//183 918//900 
f 183//183 264//264 918//900 
f 177//177 276//276 919//900 
f 276//276 273//273 919//900 
f 273//273 177//177 919//900 
f 177//177 174//174 920//900 
f 174//174 546//546 920//900 
f 546//546 276//276 920//900 
f 276//276 177//177 920//900 
f 273//273 270//270 921//900 
f 270//270 180//180 921//900 
f 180//180 177//177 921//900 
f 177//177 273//273 921//900 
f 174//174 171//171 922//900 
f 171//171 546//546 922//900 
f 546//546 174//174 922//900 
f 507//507 504//504 923//900 
f 504//504 501//501 923//900 
f 501//501 498//498 923//900 
f 498//498 495//495 923//900 
f 495//495 492//492 923//900 
f 492//492 300//300 923//900 
f 300//300 297//297 923//900 
f 297//297 507//507 923//900 
f 492//492 489//489 924//900 
f 489//489 306//306 924//900 
f 306//306 303//303 924//900 
f 303//303 492//492 924//900 
f 297//297 294//294 925//900 
f 294//294 522//522 925//900 
f 522//522 519//519 925//900 
f 519//519 516//516 925//900 
f 516//516 513//513 925//900 
f 513//513 510//510 925//900 
f 510//510 507//507 925//900 
f 507//507 297//297 925//900 
f 294//294 291//291 926//900 
f 291//291 531//531 926//900 
f 531//531 528//528 926//900 
f 528//528 525//525 926//900 
f 525//525 522//522 926//900 
f 522//522 294//294 926//900 
f 291//291 288//288 927//900 
f 288//288 537//537 927//900 
f 537//537 534//534 927//900 
f 534//534 531//531 927//900 
f 531//531 291//291 927//900 
f 288//288 285//285 928//900 
f 285//285 540//540 928//900 
f 540//540 537//537 928//900 
f 537//537 288//288 928//900 
f 285//285 282//282 929//900 
f 282//282 543//543 929//900 
f 543//543 540//540 929//900 
f 540//540 285//285 929//900 
f 282//282 279//279 930//900 
f 279//279 546//546 930//900 
f 546//546 543//543 930//900 
f 543//543 282//282 930//900 
f 279//279 276//276 931//900 
f 276//276 546//546 931//900 
f 546//546 279//279 931//900 
f 489//489 486//486 932//900 
f 486//486 309//309 932//900 
f 309//309 306//306 932//900 
f 306//306 489//489 932//900 
f 303//303 300//300 933//900 
f 300//300 492//492 933//900 
f 492//492 303//303 933//900 
f 486//486 483//483 934//900 
f 483//483 315//315 934//900 
f 315//315 312//312 934//900 
f 312//312 486//486 934//900 
f 483//483 480//480 935//900 
f 480//480 318//318 935//900 
f 318//318 315//315 935//900 
f 315//315 483//483 935//900 
f 312//312 309//309 936//900 
f 309//309 486//486 936//900 
f 486//486 312//312 936//900 
f 477//477 324//324 937//900 
f 324//324 321//321 937//900 
f 321//321 477//477 937//900 
f 477//477 474//474 938//900 
f 474//474 324//324 938//900 
f 324//324 477//477 938//900 
f 321//321 318//318 939//900 
f 318//318 480//480 939//900 
f 480//480 477//477 939//900 
f 477//477 321//321 939//900 
f 474//474 471//471 940//900 
f 471//471 327//327 940//900 
f 327//327 324//324 940//900 
f 324//324 474//474 940//900 
f 471//471 468//468 941//900 
f 468//468 330//330 941//900 
f 330//330 327//327 941//900 
f 327//327 471//471 941//900 
f 468//468 465//465 942//900 
f 465//465 342//342 942//900 
f 342//342 339//339 942//900 
f 339//339 336//336 942//900 
f 336//336 333//333 942//900 
f 333//333 330//330 942//900 
f 330//330 468//468 942//900 
f 465//465 462//462 943//900 
f 462//462 357//357 943//900 
f 357//357 354//354 943//900 
f 354//354 351//351 943//900 
f 351//351 348//348 943//900 
f 348//348 345//345 943//900 
f 345//345 342//342 943//900 
f 342//342 465//465 943//900 
f 462//462 459//459 944//900 
f 459//459 366//366 944//900 
f 366//366 363//363 944//900 
f 363//363 360//360 944//900 
f 360//360 357//357 944//900 
f 357//357 462//462 944//900 
f 459//459 456//456 945//900 
f 456//456 375//375 945//900 
f 375//375 372//372 945//900 
f 372//372 369//369 945//900 
f 369//369 366//366 945//900 
f 366//366 459//459 945//900 
f 456//456 453//453 946//900 
f 453//453 381//381 946//900 
f 381//381 378//378 946//900 
f 378//378 375//375 946//900 
f 375//375 456//456 946//900 
f 453//453 450//450 947//900 
f 450//450 387//387 947//900 
f 387//387 384//384 947//900 
f 384//384 381//381 947//900 
f 381//381 453//453 947//900 
f 450//450 447//447 948//900 
f 447//447 390//390 948//900 
f 390//390 387//387 948//900 
f 387//387 450//450 948//900 
f 447//447 444//444 949//900 
f 444//444 393//393 949//900 
f 393//393 390//390 949//900 
f 390//390 447//447 949//900 
f 444//444 441//441 950//900 
f 441//441 399//399 950//900 
f 399//399 396//396 950//900 
f 396//396 393//393 950//900 
f 393//393 444//444 950//900 
f 441//441 438//438 951//900 
f 438//438 399//399 951//900 
f 399//399 441//441 951//900 
f 438//438 435//435 952//900 
f 435//435 402//402 952//900 
f 402//402 399//399 952//900 
f 399//399 438//438 952//900 
f 435//435 432//432 953//900 
f 432//432 402//402 953//900 
f 402//402 435//435 953//900 
f 432//432 429//429 954//900 
f 429//429 405//405 954//900 
f 405//405 402//402 954//900 
f 402//402 432//432 954//900 
f 429//429 426//426 955//900 
f 426//426 405//405 955//900 
f 405//405 429//429 955//900 
f 426//426 423//423 956//900 
f 423//423 405//405 956//900 
f 405//405 426//426 956//900 
f 423//423 420//420 957//900 
f 420//420 408//408 957//900 
f 408//408 405//405 957//900 
f 405//405 423//423 957//900 
f 420//420 417//417 958//900 
f 417//417 408//408 958//900 
f 408//408 420//420 958//900 
f 417//417 414//414 959//900 
f 414//414 408//408 959//900 
f 408//408 417//417 959//900 
f 414//414 411//411 960//900 
f 411//411 408//408 960//900 
f 408//408 414//414 960//900 
f 171//171 168//168 961//900 
f 168//168 549//549 961//900 
f 549//549 546//546 961//900 
f 546//546 171//171 961//900 
f 168//168 165//165 962//900 
f 165//165 552//552 962//900 
f 552//552 549//549 962//900 
f 549//549 168//168 962//900 
f 165//165 162//162 963//900 
f 162//162 555//555 963//900 
f 555//555 552//552 963//900 
f 552//552 165//165 963//900 
f 162//162 159//159 964//900 
f 159//159 558//558 964//900 
f 558//558 555//555 964//900 
f 555//555 162//162 964//900 
f 159//159 156//156 965//900 
f 156//156 558//558 965//900 
f 558//558 159//159 965//900 
f 156//156 153//153 966//900 
f 153//153 561//561 966//900 
f 561//561 558//558 966//900 
f 558//558 156//156 966//900 
f 153//153 150//150 967//900 
f 150//150 564//564 967//900 
f 564//564 561//561 967//900 
f 561//561 153//153 967//900 
f 150//150 147//147 968//900 
f 147//147 567//567 968//900 
f 567//567 564//564 968//900 
f 564//564 150//150 968//900 
f 147//147 144//144 969//900 
f 144//144 567//567 969//900 
f 567//567 147//147 969//900 
f 144//144 141//141 970//900 
f 141//141 570//570 970//900 
f 570//570 567//567 970//900 
f 567//567 144//144 970//900 
f 141//141 138//138 971//900 
f 138//138 570//570 971//900 
f 570//570 141//141 971//900 
f 138//138 135//135 972//900 
f 135//135 573//573 972//900 
f 573//573 570//570 972//900 
f 570//570 138//138 972//900 
f 135//135 132//132 973//900 
f 132//132 576//576 973//900 
f 576//576 573//573 973//900 
f 573//573 135//135 973//900 
f 132//132 129//129 974//900 
f 129//129 579//579 974//900 
f 579//579 576//576 974//900 
f 576//576 132//132 974//900 
f 129//129 126//126 975//900 
f 126//126 579//579 975//900 
f 579//579 129//129 975//900 
f 126//126 123//123 976//900 
f 123//123 582//582 976//900 
f 582//582 579//579 976//900 
f 579//579 126//126 976//900 
f 123//123 120//120 977//900 
f 120//120 585//585 977//900 
f 585//585 582//582 977//900 
f 582//582 123//123 977//900 
f 120//120 117//117 978//900 
f 117//117 588//588 978//900 
f 588//588 585//585 978//900 
f 585//585 120//120 978//900 
f 117//117 114//114 979//900 
f 114//114 591//591 979//900 
f 591//591 588//588 979//900 
f 588//588 117//117 979//900 
f 114//114 111//111 980//900 
f 111//111 594//594 980//900 
f 594//594 591//591 980//900 
f 591//591 114//114 980//900 
f 111//111 108//108 981//900 
f 108//108 597//597 981//900 
f 597//597 594//594 981//900 
f 594//594 111//111 981//900 
f 108//108 105//105 982//900 
f 105//105 600//600 982//900 
f 600//600 597//597 982//900 
f 597//597 108//108 982//900 
f 105//105 102//102 983//900 
f 102//102 606//606 983//900 
f 606//606 603//603 983//900 
f 603//603 600//600 983//900 
f 600//600 105//105 983//900 
f 102//102 99//99 984//900 
f 99//99 609//609 984//900 
f 609//609 606//606 984//900 
f 606//606 102//102 984//900 
f 99//99 96//96 985//900 
f 96//96 612//612 985//900 
f 612//612 609//609 985//900 
f 609//609 99//99 985//900 
f 96//96 93//93 986//900 
f 93//93 615//615 986//900 
f 615//615 612//612 986//900 
f 612//612 96//96 986//900 
f 93//93 90//90 987//900 
f 90//90 618//618 987//900 
f 618//618 615//615 987//900 
f 615//615 93//93 987//900 
f 90//90 87//87 988//900 
f 87//87 621//621 988//900 
f 621//621 618//618 988//900 
f 618//618 90//90 988//900 
f 87//87 84//84 989//900 
f 84//84 624//624 989//900 
f 624//624 621//621 989//900 
f 621//621 87//87 989//900 
f 84//84 81//81 990//900 
f 81//81 627//627 990//900 
f 627//627 624//624 990//900 
f 624//624 84//84 990//900 
f 81//81 78//78 991//900 
f 78//78 630//630 991//900 
f 630//630 627//627 991//900 
f 627//627 81//81 991//900 
f 78//78 75//75 992//900 
f 75//75 633//633 992//900 
f 633//633 630//630 992//900 
f 630//630 78//78 992//900 
f 75//75 72//72 993//900 
f 72//72 636//636 993//900 
f 636//636 633//633 993//900 
f 633//633 75//75 993//900 
f 72//72 69//69 994//900 
f 69//69 639//639 994//900 
f 639//639 636//636 994//900 
f 636//636 72//72 994//900 
f 69//69 66//66 995//900 
f 66//66 642//642 995//900 
f 642//642 639//639 995//900 
f 639//639 69//69 995//900 
f 66//66 63//63 996//900 
f 63//63 645//645 996//900 
f 645//645 642//642 996//900 
f 642//642 66//66 996//900 
f 63//63 60//60 997//900 
f 60//60 648//648 997//900 
f 648//648 645//645 997//900 
f 645//645 63//63 997//900 
f 60//60 57//57 998//900 
f 57//57 651//651 998//900 
f 651//651 648//648 998//900 
f 648//648 60//60 998//900 
f 57//57 54//54 999//900 
f 54//54 654//654 999//900 
f 654//654 651//651 999//900 
f 651//651 57//57 999//900 
f 54//54 51//51 1000//900 
f 51//51 657//657 1000//900 
f 657//657 654//654 1000//900 
f 654//654 54//54 1000//900 
f 51//51 48//48 1001//900 
f 48//48 660//660 1001//900 
f 660//660 657//657 1001//900 
f 657//657 51//51 1001//900 
f 48//48 45//45 1002//900 
f 45//45 663//663 1002//900 
f 663//663 660//660 1002//900 
f 660//660 48//48 1002//900 
f 45//45 42//42 1003//900 
f 42//42 666//666 1003//900 
f 666//666 663//663 1003//900 
f 663//663 45//45 1003//900 
f 42//42 39//39 1004//900 
f 39//39 669//669 1004//900 
f 669//669 666//666 1004//900 
f 666//666 42//42 1004//900 
f 39//39 36//36 1005//900 
f 36//36 672//672 1005//900 
f 672//672 669//669 1005//900 
f 669//669 39//39 1005//900 
f 36//36 33//33 1006//900 
f 33//33 675//675 1006//900 
f 675//675 672//672 1006//900 
f 672//672 36//36 1006//900 
f 33//33 30//30 1007//900 
f 30//30 678//678 1007//900 
f 678//678 675//675 1007//900 
f 675//675 33//33 1007//900 
f 30//30 27//27 1008//900 
f 27//27 678//678 1008//900 
f 678//678 30//30 1008//900 
f 27//27 24//24 1009//900 
f 24//24 681//681 1009//900 
f 681//681 678//678 1009//900 
f 678//678 27//27 1009//900 
f 24//24 21//21 1010//900 
f 21//21 681//681 1010//900 
f 681//681 24//24 1010//900 
f 21//21 18//18 1011//900 
f 18//18 681//681 1011//900 
f 681//681 21//21 1011//900 
f 18//18 15//15 1012//900 
f 15//15 681//681 1012//900 
f 681//681 18//18 1012//900 
f 15//15 12//12 1013//900 
f 12//12 681//681 1013//900 
f 681//681 15//15 1013//900 
f 12//12 9//9 1014//900 
f 9//9 681//681 1014//900 
f 681//681 12//12 1014//900 
f 9//9 6//6 1015//900 
f 6//6 681//681 1015//900 
f 681//681 9//9 1015//900 
f 6//6 2//2 1016//900 
f 2//2 681//681 1016//900 
f 681//681 6//6 1016//900 
f 2//2 1//1 1017//900 
f 1//1 681//681 1017//900 
f 681//681 2//2 1017//900 
f 1//1 789//788 1018//900 
f 789//788 681//681 1018//900 
f 681//681 1//1 1018//900 
f 852//851 849//848 1019//900 
f 849//848 681//681 1019//900 
f 681//681 789//788 1019//900 
f 849//848 846//845 1020//900 
f 846//845 681//681 1020//900 
f 681//681 849//848 1020//900 
f 846//845 843//842 1021//900 
f 843//842 687//687 1021//900 
f 687//687 684//684 1021//900 
f 684//684 681//681 1021//900 
f 681//681 846//845 1021//900 
f 843//842 840//839 1022//900 
f 840//839 693//693 1022//900 
f 693//693 690//690 1022//900 
f 690//690 687//687 1022//900 
f 687//687 843//842 1022//900 
f 840//839 837//836 1023//900 
f 837//836 699//699 1023//900 
f 699//699 696//696 1023//900 
f 696//696 693//693 1023//900 
f 693//693 840//839 1023//900 
f 837//836 834//833 1024//900 
f 834//833 699//699 1024//900 
f 699//699 837//836 1024//900 
f 834//833 831//830 1025//900 
f 831//830 702//702 1025//900 
f 702//702 699//699 1025//900 
f 699//699 834//833 1025//900 
f 831//830 828//827 1026//900 
f 828//827 705//705 1026//900 
f 705//705 702//702 1026//900 
f 702//702 831//830 1026//900 
f 828//827 825//824 1027//900 
f 825//824 705//705 1027//900 
f 705//705 828//827 1027//900 
f 825//824 822//821 1028//900 
f 822//821 708//708 1028//900 
f 708//708 705//705 1028//900 
f 705//705 825//824 1028//900 
f 822//821 819//818 1029//900 
f 819//818 708//708 1029//900 
f 708//708 822//821 1029//900 
f 819//818 816//815 1030//900 
f 816//815 711//711 1030//900 
f 711//711 708//708 1030//900 
f 708//708 819//818 1030//900 
f 816//815 813//812 1031//900 
f 813//812 711//711 1031//900 
f 711//711 816//815 1031//900 
f 813//812 810//809 1032//900 
f 810//809 714//714 1032//900 
f 714//714 711//711 1032//900 
f 711//711 813//812 1032//900 
f 810//809 807//806 1033//900 
f 807//806 717//717 1033//900 
f 717//717 714//714 1033//900 
f 714//714 810//809 1033//900 
f 807//806 804//803 1034//900 
f 804//803 720//720 1034//900 
f 720//720 717//717 1034//900 
f 717//717 807//806 1034//900 
f 804//803 801//800 1035//900 
f 801//800 723//723 1035//900 
f 723//723 720//720 1035//900 
f 720//720 804//803 1035//900 
f 801//800 798//797 1036//900 
f 798//797 726//726 1036//900 
f 726//726 723//723 1036//900 
f 723//723 801//800 1036//900 
f 798//797 794//793 1037//900 
f 794//793 729//729 1037//900 
f 729//729 726//726 1037//900 
f 726//726 798//797 1037//900 
f 794//793 793//792 1038//900 
f 793//792 732//732 1038//900 
f 732//732 729//729 1038//900 
f 729//729 794//793 1038//900 
f 793//792 897//896 1039//900 
f 897//896 735//735 1039//900 
f 735//735 732//732 1039//900 
f 732//732 793//792 1039//900 
f 897//896 894//893 1040//900 
f 894//893 738//737 1040//900 
f 738//737 735//735 1040//900 
f 735//735 897//896 1040//900 
f 894//893 891//890 1041//900 
f 891//890 741//740 1041//900 
f 741//740 738//737 1041//900 
f 738//737 894//893 1041//900 
f 891//890 888//887 1042//900 
f 888//887 744//743 1042//900 
f 744//743 741//740 1042//900 
f 741//740 891//890 1042//900 
f 888//887 885//884 1043//900 
f 885//884 750//749 1043//900 
f 750//749 747//746 1043//900 
f 747//746 744//743 1043//900 
f 744//743 888//887 1043//900 
f 885//884 882//881 1044//900 
f 882//881 753//752 1044//900 
f 753//752 750//749 1044//900 
f 750//749 885//884 1044//900 
f 882//881 879//878 1045//900 
f 879//878 756//755 1045//900 
f 756//755 753//752 1045//900 
f 753//752 882//881 1045//900 
f 879//878 876//875 1046//900 
f 876//875 759//758 1046//900 
f 759//758 756//755 1046//900 
f 756//755 879//878 1046//900 
f 876//875 873//872 1047//900 
f 873//872 765//764 1047//900 
f 765//764 762//761 1047//900 
f 762//761 759//758 1047//900 
f 759//758 876//875 1047//900 
f 873//872 870//869 1048//900 
f 870//869 765//764 1048//900 
f 765//764 873//872 1048//900 
f 870//869 867//866 1049//900 
f 867//866 768//767 1049//900 
f 768//767 765//764 1049//900 
f 765//764 870//869 1049//900 
f 867//866 864//863 1050//900 
f 864//863 771//770 1050//900 
f 771//770 768//767 1050//900 
f 768//767 867//866 1050//900 
f 864//863 861//860 1051//900 
f 861//860 774//773 1051//900 
f 774//773 771//770 1051//900 
f 771//770 864//863 1051//900 
f 861//860 858//857 1052//900 
f 858//857 780//779 1052//900 
f 780//779 777//776 1052//900 
f 777//776 774//773 1052//900 
f 774//773 861//860 1052//900 
f 858//857 855//854 1053//900 
f 855//854 783//782 1053//900 
f 783//782 780//779 1053//900 
f 780//779 858//857 1053//900 
f 855//854 852//851 1054//900 
f 852//851 1019//900 789//788 1054//900 
f 789//788 786//785 1054//900 
f 786//785 783//782 1054//900 
f 783//782 855//854 1054//900 
f 224//224 227//227 1055//901 
f 227//227 218//218 1055//901 
f 218//218 224//224 1055//901 
f 227//227 230//230 1056//901 
f 230//230 212//212 1056//901 
f 212//212 215//215 1056//901 
f 215//215 218//218 1056//901 
f 218//218 227//227 1056//901 
f 230//230 233//233 1057//901 
f 233//233 209//209 1057//901 
f 209//209 212//212 1057//901 
f 212//212 230//230 1057//901 
f 233//233 236//236 1058//901 
f 236//236 206//206 1058//901 
f 206//206 209//209 1058//901 
f 209//209 233//233 1058//901 
f 236//236 239//239 1059//901 
f 239//239 206//206 1059//901 
f 206//206 236//236 1059//901 
f 239//239 242//242 1060//901 
f 242//242 203//203 1060//901 
f 203//203 206//206 1060//901 
f 206//206 239//239 1060//901 
f 242//242 245//245 1061//901 
f 245//245 200//200 1061//901 
f 200//200 203//203 1061//901 
f 203//203 242//242 1061//901 
f 245//245 248//248 1062//901 
f 248//248 197//197 1062//901 
f 197//197 200//200 1062//901 
f 200//200 245//245 1062//901 
f 248//248 251//251 1063//901 
f 251//251 194//194 1063//901 
f 194//194 197//197 1063//901 
f 197//197 248//248 1063//901 
f 251//251 254//254 1064//901 
f 254//254 194//194 1064//901 
f 194//194 251//251 1064//901 
f 254//254 257//257 1065//901 
f 257//257 191//191 1065//901 
f 191//191 194//194 1065//901 
f 194//194 254//254 1065//901 
f 257//257 260//260 1066//901 
f 260//260 188//188 1066//901 
f 188//188 191//191 1066//901 
f 191//191 257//257 1066//901 
f 260//260 263//263 1067//901 
f 263//263 188//188 1067//901 
f 188//188 260//260 1067//901 
f 263//263 266//266 1068//901 
f 266//266 185//185 1068//901 
f 185//185 188//188 1068//901 
f 188//188 263//263 1068//901 
f 266//266 269//269 1069//901 
f 269//269 182//182 1069//901 
f 182//182 185//185 1069//901 
f 185//185 266//266 1069//901 
f 269//269 272//272 1070//901 
f 272//272 179//179 1070//901 
f 179//179 182//182 1070//901 
f 182//182 269//269 1070//901 
f 272//272 275//275 1071//901 
f 275//275 179//179 1071//901 
f 179//179 272//272 1071//901 
f 275//275 278//278 1072//901 
f 278//278 176//176 1072//901 
f 176//176 179//179 1072//901 
f 179//179 275//275 1072//901 
f 278//278 281//281 1073//901 
f 281//281 548//548 1073//901 
f 548//548 176//176 1073//901 
f 176//176 278//278 1073//901 
f 281//281 284//284 1074//901 
f 284//284 545//545 1074//901 
f 545//545 548//548 1074//901 
f 548//548 281//281 1074//901 
f 785//784 788//787 1075//901 
f 788//787 791//790 1075//901 
f 791//790 1076//901 854//853 1075//901 
f 854//853 857//856 1075//901 
f 857//856 785//784 1075//901 
f 857//856 860//859 1077//901 
f 860//859 782//781 1077//901 
f 782//781 785//784 1077//901 
f 785//784 857//856 1077//901 
f 860//859 863//862 1078//901 
f 863//862 776//775 1078//901 
f 776//775 779//778 1078//901 
f 779//778 782//781 1078//901 
f 782//781 860//859 1078//901 
f 863//862 866//865 1079//901 
f 866//865 773//772 1079//901 
f 773//772 776//775 1079//901 
f 776//775 863//862 1079//901 
f 866//865 869//868 1080//901 
f 869//868 770//769 1080//901 
f 770//769 773//772 1080//901 
f 773//772 866//865 1080//901 
f 869//868 872//871 1081//901 
f 872//871 767//766 1081//901 
f 767//766 770//769 1081//901 
f 770//769 869//868 1081//901 
f 872//871 875//874 1082//901 
f 875//874 767//766 1082//901 
f 767//766 872//871 1082//901 
f 875//874 878//877 1083//901 
f 878//877 761//760 1083//901 
f 761//760 764//763 1083//901 
f 764//763 767//766 1083//901 
f 767//766 875//874 1083//901 
f 878//877 881//880 1084//901 
f 881//880 758//757 1084//901 
f 758//757 761//760 1084//901 
f 761//760 878//877 1084//901 
f 881//880 884//883 1085//901 
f 884//883 755//754 1085//901 
f 755//754 758//757 1085//901 
f 758//757 881//880 1085//901 
f 884//883 887//886 1086//901 
f 887//886 752//751 1086//901 
f 752//751 755//754 1086//901 
f 755//754 884//883 1086//901 
f 887//886 890//889 1087//901 
f 890//889 746//745 1087//901 
f 746//745 749//748 1087//901 
f 749//748 752//751 1087//901 
f 752//751 887//886 1087//901 
f 890//889 893//892 1088//901 
f 893//892 743//742 1088//901 
f 743//742 746//745 1088//901 
f 746//745 890//889 1088//901 
f 893//892 896//895 1089//901 
f 896//895 740//739 1089//901 
f 740//739 743//742 1089//901 
f 743//742 893//892 1089//901 
f 896//895 899//898 1090//901 
f 899//898 737//736 1090//901 
f 737//736 740//739 1090//901 
f 740//739 896//895 1090//901 
f 899//898 797//796 1091//901 
f 797//796 734//734 1091//901 
f 734//734 737//736 1091//901 
f 737//736 899//898 1091//901 
f 797//796 796//795 1092//901 
f 796//795 731//731 1092//901 
f 731//731 734//734 1092//901 
f 734//734 797//796 1092//901 
f 796//795 800//799 1093//901 
f 800//799 728//728 1093//901 
f 728//728 731//731 1093//901 
f 731//731 796//795 1093//901 
f 800//799 803//802 1094//901 
f 803//802 725//725 1094//901 
f 725//725 728//728 1094//901 
f 728//728 800//799 1094//901 
f 803//802 806//805 1095//901 
f 806//805 722//722 1095//901 
f 722//722 725//725 1095//901 
f 725//725 803//802 1095//901 
f 806//805 809//808 1096//901 
f 809//808 719//719 1096//901 
f 719//719 722//722 1096//901 
f 722//722 806//805 1096//901 
f 809//808 812//811 1097//901 
f 812//811 716//716 1097//901 
f 716//716 719//719 1097//901 
f 719//719 809//808 1097//901 
f 812//811 815//814 1098//901 
f 815//814 713//713 1098//901 
f 713//713 716//716 1098//901 
f 716//716 812//811 1098//901 
f 815//814 818//817 1099//901 
f 818//817 713//713 1099//901 
f 713//713 815//814 1099//901 
f 818//817 821//820 1100//901 
f 821//820 710//710 1100//901 
f 710//710 713//713 1100//901 
f 713//713 818//817 1100//901 
f 821//820 824//823 1101//901 
f 824//823 710//710 1101//901 
f 710//710 821//820 1101//901 
f 824//823 827//826 1102//901 
f 827//826 707//707 1102//901 
f 707//707 710//710 1102//901 
f 710//710 824//823 1102//901 
f 827//826 830//829 1103//901 
f 830//829 707//707 1103//901 
f 707//707 827//826 1103//901 
f 830//829 833//832 1104//901 
f 833//832 704//704 1104//901 
f 704//704 707//707 1104//901 
f 707//707 830//829 1104//901 
f 833//832 836//835 1105//901 
f 836//835 701//701 1105//901 
f 701//701 704//704 1105//901 
f 704//704 833//832 1105//901 
f 836//835 839//838 1106//901 
f 839//838 701//701 1106//901 
f 701//701 836//835 1106//901 
f 839//838 842//841 1107//901 
f 842//841 695//695 1107//901 
f 695//695 698//698 1107//901 
f 698//698 701//701 1107//901 
f 701//701 839//838 1107//901 
f 842//841 845//844 1108//901 
f 845//844 689//689 1108//901 
f 689//689 692//692 1108//901 
f 692//692 695//695 1108//901 
f 695//695 842//841 1108//901 
f 845//844 848//847 1109//901 
f 848//847 683//683 1109//901 
f 683//683 686//686 1109//901 
f 686//686 689//689 1109//901 
f 689//689 845//844 1109//901 
f 848//847 851//850 1110//901 
f 851//850 683//683 1110//901 
f 683//683 848//847 1110//901 
f 851//850 854//853 1076//901 
f 791//790 683//683 1076//901 
f 683//683 851//850 1076//901 
f 791//790 5//5 1111//901 
f 5//5 683//683 1111//901 
f 683//683 791//790 1111//901 
f 5//5 4//4 1112//901 
f 4//4 683//683 1112//901 
f 683//683 5//5 1112//901 
f 4//4 8//8 1113//901 
f 8//8 683//683 1113//901 
f 683//683 4//4 1113//901 
f 8//8 11//11 1114//901 
f 11//11 683//683 1114//901 
f 683//683 8//8 1114//901 
f 11//11 14//14 1115//901 
f 14//14 683//683 1115//901 
f 683//683 11//11 1115//901 
f 14//14 17//17 1116//901 
f 17//17 683//683 1116//901 
f 683//683 14//14 1116//901 
f 17//17 20//20 1117//901 
f 20//20 683//683 1117//901 
f 683//683 17//17 1117//901 
f 20//20 23//23 1118//901 
f 23//23 683//683 1118//901 
f 683//683 20//20 1118//901 
f 23//23 26//26 1119//901 
f 26//26 683//683 1119//901 
f 683//683 23//23 1119//901 
f 26//26 29//29 1120//901 
f 29//29 680//680 1120//901 
f 680//680 683//683 1120//901 
f 683//683 26//26 1120//901 
f 29//29 32//32 1121//901 
f 32//32 680//680 1121//901 
f 680//680 29//29 1121//901 
f 32//32 35//35 1122//901 
f 35//35 677//677 1122//901 
f 677//677 680//680 1122//901 
f 680//680 32//32 1122//901 
f 35//35 38//38 1123//901 
f 38//38 674//674 1123//901 
f 674//674 677//677 1123//901 
f 677//677 35//35 1123//901 
f 38//38 41//41 1124//901 
f 41//41 671//671 1124//901 
f 671//671 674//674 1124//901 
f 674//674 38//38 1124//901 
f 41//41 44//44 1125//901 
f 44//44 668//668 1125//901 
f 668//668 671//671 1125//901 
f 671//671 41//41 1125//901 
f 44//44 47//47 1126//901 
f 47//47 665//665 1126//901 
f 665//665 668//668 1126//901 
f 668//668 44//44 1126//901 
f 47//47 50//50 1127//901 
f 50//50 662//662 1127//901 
f 662//662 665//665 1127//901 
f 665//665 47//47 1127//901 
f 50//50 53//53 1128//901 
f 53//53 659//659 1128//901 
f 659//659 662//662 1128//901 
f 662//662 50//50 1128//901 
f 53//53 56//56 1129//901 
f 56//56 656//656 1129//901 
f 656//656 659//659 1129//901 
f 659//659 53//53 1129//901 
f 56//56 59//59 1130//901 
f 59//59 653//653 1130//901 
f 653//653 656//656 1130//901 
f 656//656 56//56 1130//901 
f 59//59 62//62 1131//901 
f 62//62 650//650 1131//901 
f 650//650 653//653 1131//901 
f 653//653 59//59 1131//901 
f 62//62 65//65 1132//901 
f 65//65 647//647 1132//901 
f 647//647 650//650 1132//901 
f 650//650 62//62 1132//901 
f 65//65 68//68 1133//901 
f 68//68 644//644 1133//901 
f 644//644 647//647 1133//901 
f 647//647 65//65 1133//901 
f 68//68 71//71 1134//901 
f 71//71 641//641 1134//901 
f 641//641 644//644 1134//901 
f 644//644 68//68 1134//901 
f 71//71 74//74 1135//901 
f 74//74 638//638 1135//901 
f 638//638 641//641 1135//901 
f 641//641 71//71 1135//901 
f 74//74 77//77 1136//901 
f 77//77 635//635 1136//901 
f 635//635 638//638 1136//901 
f 638//638 74//74 1136//901 
f 77//77 80//80 1137//901 
f 80//80 632//632 1137//901 
f 632//632 635//635 1137//901 
f 635//635 77//77 1137//901 
f 80//80 83//83 1138//901 
f 83//83 629//629 1138//901 
f 629//629 632//632 1138//901 
f 632//632 80//80 1138//901 
f 83//83 86//86 1139//901 
f 86//86 626//626 1139//901 
f 626//626 629//629 1139//901 
f 629//629 83//83 1139//901 
f 86//86 89//89 1140//901 
f 89//89 623//623 1140//901 
f 623//623 626//626 1140//901 
f 626//626 86//86 1140//901 
f 89//89 92//92 1141//901 
f 92//92 620//620 1141//901 
f 620//620 623//623 1141//901 
f 623//623 89//89 1141//901 
f 92//92 95//95 1142//901 
f 95//95 617//617 1142//901 
f 617//617 620//620 1142//901 
f 620//620 92//92 1142//901 
f 95//95 98//98 1143//901 
f 98//98 614//614 1143//901 
f 614//614 617//617 1143//901 
f 617//617 95//95 1143//901 
f 98//98 101//101 1144//901 
f 101//101 611//611 1144//901 
f 611//611 614//614 1144//901 
f 614//614 98//98 1144//901 
f 101//101 104//104 1145//901 
f 104//104 608//608 1145//901 
f 608//608 611//611 1145//901 
f 611//611 101//101 1145//901 
f 104//104 107//107 1146//901 
f 107//107 602//602 1146//901 
f 602//602 605//605 1146//901 
f 605//605 608//608 1146//901 
f 608//608 104//104 1146//901 
f 107//107 110//110 1147//901 
f 110//110 599//599 1147//901 
f 599//599 602//602 1147//901 
f 602//602 107//107 1147//901 
f 110//110 113//113 1148//901 
f 113//113 596//596 1148//901 
f 596//596 599//599 1148//901 
f 599//599 110//110 1148//901 
f 113//113 116//116 1149//901 
f 116//116 593//593 1149//901 
f 593//593 596//596 1149//901 
f 596//596 113//113 1149//901 
f 116//116 119//119 1150//901 
f 119//119 590//590 1150//901 
f 590//590 593//593 1150//901 
f 593//593 116//116 1150//901 
f 119//119 122//122 1151//901 
f 122//122 587//587 1151//901 
f 587//587 590//590 1151//901 
f 590//590 119//119 1151//901 
f 122//122 125//125 1152//901 
f 125//125 584//584 1152//901 
f 584//584 587//587 1152//901 
f 587//587 122//122 1152//901 
f 125//125 128//128 1153//901 
f 128//128 581//581 1153//901 
f 581//581 584//584 1153//901 
f 584//584 125//125 1153//901 
f 128//128 131//131 1154//901 
f 131//131 581//581 1154//901 
f 581//581 128//128 1154//901 
f 131//131 134//134 1155//901 
f 134//134 578//578 1155//901 
f 578//578 581//581 1155//901 
f 581//581 131//131 1155//901 
f 134//134 137//137 1156//901 
f 137//137 575//575 1156//901 
f 575//575 578//578 1156//901 
f 578//578 134//134 1156//901 
f 137//137 140//140 1157//901 
f 140//140 572//572 1157//901 
f 572//572 575//575 1157//901 
f 575//575 137//137 1157//901 
f 140//140 143//143 1158//901 
f 143//143 572//572 1158//901 
f 572//572 140//140 1158//901 
f 143//143 146//146 1159//901 
f 146//146 569//569 1159//901 
f 569//569 572//572 1159//901 
f 572//572 143//143 1159//901 
f 146//146 149//149 1160//901 
f 149//149 569//569 1160//901 
f 569//569 146//146 1160//901 
f 149//149 152//152 1161//901 
f 152//152 566//566 1161//901 
f 566//566 569//569 1161//901 
f 569//569 149//149 1161//901 
f 152//152 155//155 1162//901 
f 155//155 563//563 1162//901 
f 563//563 566//566 1162//901 
f 566//566 152//152 1162//901 
f 155//155 158//158 1163//901 
f 158//158 560//560 1163//901 
f 560//560 563//563 1163//901 
f 563//563 155//155 1163//901 
f 158//158 161//161 1164//901 
f 161//161 560//560 1164//901 
f 560//560 158//158 1164//901 
f 161//161 164//164 1165//901 
f 164//164 557//557 1165//901 
f 557//557 560//560 1165//901 
f 560//560 161//161 1165//901 
f 164//164 167//167 1166//901 
f 167//167 554//554 1166//901 
f 554//554 557//557 1166//901 
f 557//557 164//164 1166//901 
f 167//167 170//170 1167//901 
f 170//170 551//551 1167//901 
f 551//551 554//554 1167//901 
f 554//554 167//167 1167//901 
f 170//170 173//173 1168//901 
f 173//173 548//548 1168//901 
f 548//548 551//551 1168//901 
f 551//551 170//170 1168//901 
f 173//173 176//176 1169//901 
f 176//176 548//548 1169//901 
f 548//548 173//173 1169//901 
f 284//284 287//287 1170//901 
f 287//287 542//542 1170//901 
f 542//542 545//545 1170//901 
f 545//545 284//284 1170//901 
f 287//287 290//290 1171//901 
f 290//290 539//539 1171//901 
f 539//539 542//542 1171//901 
f 542//542 287//287 1171//901 
f 290//290 293//293 1172//901 
f 293//293 533//533 1172//901 
f 533//533 536//536 1172//901 
f 536//536 539//539 1172//901 
f 539//539 290//290 1172//901 
f 293//293 296//296 1173//901 
f 296//296 524//524 1173//901 
f 524//524 527//527 1173//901 
f 527//527 530//530 1173//901 
f 530//530 533//533 1173//901 
f 533//533 293//293 1173//901 
f 296//296 299//299 1174//901 
f 299//299 509//509 1174//901 
f 509//509 512//512 1174//901 
f 512//512 515//515 1174//901 
f 515//515 518//518 1174//901 
f 518//518 521//521 1174//901 
f 521//521 524//524 1174//901 
f 524//524 296//296 1174//901 
f 299//299 302//302 1175//901 
f 302//302 500//500 1175//901 
f 500//500 503//503 1175//901 
f 503//503 506//506 1175//901 
f 506//506 509//509 1175//901 
f 509//509 299//299 1175//901 
f 302//302 305//305 1176//901 
f 305//305 494//494 1176//901 
f 494//494 497//497 1176//901 
f 497//497 500//500 1176//901 
f 500//500 302//302 1176//901 
f 305//305 308//308 1177//901 
f 308//308 494//494 1177//901 
f 494//494 305//305 1177//901 
f 308//308 311//311 1178//901 
f 311//311 491//491 1178//901 
f 491//491 494//494 1178//901 
f 494//494 308//308 1178//901 
f 311//311 314//314 1179//901 
f 314//314 488//488 1179//901 
f 488//488 491//491 1179//901 
f 491//491 311//311 1179//901 
f 314//314 317//317 1180//901 
f 317//317 485//485 1180//901 
f 485//485 488//488 1180//901 
f 488//488 314//314 1180//901 
f 317//317 320//320 1181//901 
f 320//320 482//482 1181//901 
f 482//482 485//485 1181//901 
f 485//485 317//317 1181//901 
f 320//320 323//323 1182//901 
f 323//323 479//479 1182//901 
f 479//479 482//482 1182//901 
f 482//482 320//320 1182//901 
f 326//326 473//473 1183//901 
f 473//473 476//476 1183//901 
f 476//476 326//326 1183//901 
f 410//410 413//413 1184//901 
f 413//413 416//416 1184//901 
f 416//416 410//410 1184//901 
f 476//476 479//479 1185//901 
f 479//479 323//323 1185//901 
f 323//323 326//326 1185//901 
f 326//326 476//476 1185//901 
f 416//416 419//419 1186//901 
f 419//419 410//410 1186//901 
f 410//410 416//416 1186//901 
f 419//419 422//422 1187//901 
f 422//422 410//410 1187//901 
f 410//410 419//419 1187//901 
f 422//422 425//425 1188//901 
f 425//425 407//407 1188//901 
f 407//407 410//410 1188//901 
f 410//410 422//422 1188//901 
f 425//425 428//428 1189//901 
f 428//428 407//407 1189//901 
f 407//407 425//425 1189//901 
f 428//428 431//431 1190//901 
f 431//431 407//407 1190//901 
f 407//407 428//428 1190//901 
f 431//431 434//434 1191//901 
f 434//434 404//404 1191//901 
f 404//404 407//407 1191//901 
f 407//407 431//431 1191//901 
f 434//434 437//437 1192//901 
f 437//437 404//404 1192//901 
f 404//404 434//434 1192//901 
f 437//437 440//440 1193//901 
f 440//440 401//401 1193//901 
f 401//401 404//404 1193//901 
f 404//404 437//437 1193//901 
f 440//440 443//443 1194//901 
f 443//443 401//401 1194//901 
f 401//401 440//440 1194//901 
f 443//443 446//446 1195//901 
f 446//446 395//395 1195//901 
f 395//395 398//398 1195//901 
f 398//398 401//401 1195//901 
f 401//401 443//443 1195//901 
f 446//446 449//449 1196//901 
f 449//449 392//392 1196//901 
f 392//392 395//395 1196//901 
f 395//395 446//446 1196//901 
f 449//449 452//452 1197//901 
f 452//452 389//389 1197//901 
f 389//389 392//392 1197//901 
f 392//392 449//449 1197//901 
f 452//452 455//455 1198//901 
f 455//455 383//383 1198//901 
f 383//383 386//386 1198//901 
f 386//386 389//389 1198//901 
f 389//389 452//452 1198//901 
f 455//455 458//458 1199//901 
f 458//458 377//377 1199//901 
f 377//377 380//380 1199//901 
f 380//380 383//383 1199//901 
f 383//383 455//455 1199//901 
f 458//458 461//461 1200//901 
f 461//461 368//368 1200//901 
f 368//368 371//371 1200//901 
f 371//371 374//374 1200//901 
f 374//374 377//377 1200//901 
f 377//377 458//458 1200//901 
f 461//461 464//464 1201//901 
f 464//464 359//359 1201//901 
f 359//359 362//362 1201//901 
f 362//362 365//365 1201//901 
f 365//365 368//368 1201//901 
f 368//368 461//461 1201//901 
f 464//464 467//467 1202//901 
f 467//467 344//344 1202//901 
f 344//344 347//347 1202//901 
f 347//347 350//350 1202//901 
f 350//350 353//353 1202//901 
f 353//353 356//356 1202//901 
f 356//356 359//359 1202//901 
f 359//359 464//464 1202//901 
f 467//467 470//470 1203//901 
f 470//470 332//332 1203//901 
f 332//332 335//335 1203//901 
f 335//335 338//338 1203//901 
f 338//338 341//341 1203//901 
f 341//341 344//344 1203//901 
f 344//344 467//467 1203//901 
f 470//470 473//473 1204//901 
f 473//473 326//326 1204//901 
f 326//326 329//329 1204//901 
f 329//329 332//332 1204//901 
f 332//332 470//470 1204//901 
# 2 polygons - 2404 triangles

