# 3ds Max Wavefront OBJ Exporter v0.97b - (c)2007 guruware
# File Created: 21.02.2021 20:22:47

#
# object Cho_Chin
#

v  238.0621 10.0000 -10.7949
v  238.0371 10.0000 -11.4506
v  238.0454 6.6667 -11.2320
v  238.0371 0.0000 -11.4506
v  238.0621 0.0000 -10.7949
v  238.0537 3.3333 -11.0135
v  238.1371 10.0000 -10.1728
v  238.0871 6.6667 -10.5875
v  238.1371 0.0000 -10.1728
v  238.1121 3.3333 -10.3802
v  238.2622 10.0000 -9.5843
v  238.1788 6.6667 -9.9766
v  238.2622 0.0000 -9.5843
v  238.2205 3.3333 -9.7805
v  238.4373 10.0000 -9.0294
v  238.3206 6.6667 -9.3993
v  238.4373 0.0000 -9.0294
v  238.3790 3.3333 -9.2144
v  238.6625 10.0000 -8.5081
v  238.5124 6.6667 -8.8557
v  238.6625 0.0000 -8.5081
v  238.5874 3.3333 -8.6819
v  238.9377 10.0000 -8.0204
v  238.7542 6.6667 -8.3456
v  238.9377 0.0000 -8.0204
v  238.8459 3.3333 -8.1830
v  239.2629 10.0000 -7.5664
v  239.0461 6.6667 -7.8691
v  239.2629 0.0000 -7.5664
v  239.1545 3.3333 -7.7177
v  239.6381 10.0000 -7.1459
v  239.3879 6.6667 -7.4262
v  239.6381 0.0000 -7.1459
v  239.5130 3.3333 -7.2860
v  240.0634 10.0000 -6.7590
v  239.7799 6.6667 -7.0169
v  240.0634 0.0000 -6.7590
v  239.9216 3.3333 -6.8880
v  240.5170 10.0000 -6.4095
v  240.2146 6.6667 -6.6425
v  240.5170 0.0000 -6.4095
v  240.3658 3.3333 -6.5260
v  240.9773 10.0000 -6.1011
v  240.6705 6.6667 -6.3067
v  240.9773 0.0000 -6.1011
v  240.8239 3.3333 -6.2039
v  241.4443 10.0000 -5.8338
v  241.1330 6.6667 -6.0120
v  241.4443 0.0000 -5.8338
v  241.2887 3.3333 -5.9229
v  241.9180 10.0000 -5.6077
v  241.6022 6.6667 -5.7584
v  241.9180 0.0000 -5.6077
v  241.7601 3.3333 -5.6831
v  242.3983 10.0000 -5.4226
v  242.0781 6.6667 -5.5460
v  242.3983 0.0000 -5.4226
v  242.2382 3.3333 -5.4843
v  242.8853 10.0000 -5.2787
v  242.5607 6.6667 -5.3747
v  242.8853 0.0000 -5.2787
v  242.7230 3.3333 -5.3267
v  243.3790 10.0000 -5.1759
v  243.0499 6.6667 -5.2445
v  243.3790 0.0000 -5.1759
v  243.2145 3.3333 -5.2102
v  243.8794 10.0000 -5.1142
v  243.5458 6.6667 -5.1554
v  243.8794 0.0000 -5.1142
v  243.7126 3.3333 -5.1348
v  244.3864 10.0000 -5.0937
v  244.0484 6.6667 -5.1074
v  244.3864 0.0000 -5.0937
v  244.2174 3.3333 -5.1005
v  245.8024 10.0000 -5.1934
v  244.8584 6.6667 -5.1269
v  245.8024 0.0000 -5.1934
v  245.3304 3.3333 -5.1602
v  247.2003 10.0000 -5.4927
v  246.2684 6.6667 -5.2932
v  247.2003 0.0000 -5.4927
v  246.7343 3.3333 -5.3929
v  248.5802 10.0000 -5.9915
v  247.6603 6.6667 -5.6590
v  248.5802 0.0000 -5.9915
v  248.1203 3.3333 -5.8252
v  249.9421 10.0000 -6.6898
v  249.0342 6.6667 -6.2242
v  249.9421 0.0000 -6.6898
v  249.4882 3.3333 -6.4570
v  251.2860 10.0000 -7.5875
v  250.3901 6.6667 -6.9890
v  251.2860 0.0000 -7.5875
v  250.8381 3.3333 -7.2883
v  252.6119 10.0000 -8.6848
v  251.7280 6.6667 -7.9533
v  252.6119 0.0000 -8.6848
v  252.1699 3.3333 -8.3191
v  253.9198 10.0000 -9.9817
v  253.0479 6.6667 -9.1171
v  253.9198 0.0000 -9.9817
v  253.4838 3.3333 -9.5494
v  255.2096 10.0000 -11.4780
v  254.3497 6.6667 -10.4804
v  255.2096 0.0000 -11.4780
v  254.7797 3.3333 -10.9792
v  256.4814 10.0000 -13.1738
v  255.6336 6.6667 -12.0432
v  256.4814 0.0000 -13.1738
v  256.0575 3.3333 -12.6085
v  257.2888 10.0000 -14.2947
v  256.7505 6.6667 -13.5474
v  257.2888 0.0000 -14.2947
v  257.0197 3.3333 -13.9211
v  258.0439 10.0000 -15.3263
v  257.5405 6.6667 -14.6386
v  258.0439 0.0000 -15.3263
v  257.7922 3.3333 -14.9824
v  258.7466 10.0000 -16.2685
v  258.2781 6.6667 -15.6404
v  258.7466 0.0000 -16.2685
v  258.5124 3.3333 -15.9545
v  259.3971 10.0000 -17.1215
v  258.9634 6.6667 -16.5529
v  259.3971 0.0000 -17.1215
v  259.1802 3.3333 -16.8372
v  259.9952 10.0000 -17.8851
v  259.5964 6.6667 -17.3760
v  259.9952 0.0000 -17.8851
v  259.7958 3.3333 -17.6306
v  260.5410 10.0000 -18.5594
v  260.1772 6.6667 -18.1099
v  260.5410 0.0000 -18.5594
v  260.3591 3.3333 -18.3346
v  261.0346 10.0000 -19.1444
v  260.7056 6.6667 -18.7544
v  261.0346 0.0000 -19.1444
v  260.8701 3.3333 -18.9494
v  261.4759 10.0000 -19.6401
v  261.1817 6.6667 -19.3096
v  261.4759 0.0000 -19.6401
v  261.3288 3.3333 -19.4748
v  261.8648 10.0000 -20.0464
v  261.6055 6.6667 -19.7755
v  261.8648 0.0000 -20.0464
v  261.7352 3.3333 -19.9110
v  261.8648 10.0000 -14.2580
v  261.8648 6.6667 -18.1169
v  261.8648 0.0000 -14.2580
v  261.8648 3.3333 -16.1875
v  261.9920 10.0000 -12.3346
v  261.9072 6.6667 -13.6169
v  261.9920 0.0000 -12.3346
v  261.9496 3.3333 -12.9758
v  262.3737 10.0000 -10.6375
v  262.1192 6.6667 -11.7689
v  262.3737 0.0000 -10.6375
v  262.2465 3.3333 -11.2032
v  263.0097 10.0000 -9.1667
v  262.5857 6.6667 -10.1473
v  263.0097 0.0000 -9.1667
v  262.7977 3.3333 -9.6570
v  263.9002 10.0000 -7.9222
v  263.3065 6.6667 -8.7519
v  263.9002 0.0000 -7.9222
v  263.6033 3.3333 -8.3370
v  265.0450 10.0000 -6.9039
v  264.2818 6.6667 -7.5828
v  265.0450 0.0000 -6.9039
v  264.6634 3.3333 -7.2433
v  266.4443 10.0000 -6.1119
v  265.5115 6.6667 -6.6399
v  266.4443 0.0000 -6.1119
v  265.9779 3.3333 -6.3759
v  268.0981 10.0000 -5.5462
v  266.9956 6.6667 -5.9234
v  268.0981 0.0000 -5.5462
v  267.5468 3.3333 -5.7348
v  270.0062 10.0000 -5.2068
v  268.7341 6.6667 -5.4331
v  270.0062 0.0000 -5.2068
v  269.3701 3.3333 -5.3200
v  272.1687 10.0000 -5.0937
v  270.7271 6.6667 -5.1691
v  272.1687 0.0000 -5.0937
v  271.4479 3.3333 -5.1314
v  274.3313 10.0000 -5.2450
v  272.8896 6.6667 -5.1441
v  274.3313 0.0000 -5.2450
v  273.6104 3.3333 -5.1946
v  276.2394 10.0000 -5.6989
v  274.9673 6.6667 -5.3963
v  276.2394 0.0000 -5.6989
v  275.6034 3.3333 -5.5476
v  277.8931 10.0000 -6.4555
v  276.7906 6.6667 -5.9511
v  277.8931 0.0000 -6.4555
v  277.3419 3.3333 -6.2033
v  279.2924 10.0000 -7.5146
v  278.3596 6.6667 -6.8085
v  279.2924 0.0000 -7.5146
v  278.8260 3.3333 -7.1616
v  280.4373 10.0000 -8.8764
v  279.6740 6.6667 -7.9686
v  280.4373 0.0000 -8.8764
v  280.0557 3.3333 -8.4225
v  281.3278 10.0000 -10.5408
v  280.7341 6.6667 -9.4312
v  281.3278 0.0000 -10.5408
v  281.0309 3.3333 -9.9860
v  281.9638 10.0000 -12.5078
v  281.5398 6.6667 -11.1965
v  281.9638 0.0000 -12.5078
v  281.7518 3.3333 -11.8521
v  282.3454 10.0000 -14.7774
v  282.0910 6.6667 -13.2644
v  282.3454 0.0000 -14.7774
v  282.2182 3.3333 -14.0209
v  282.4726 10.0000 -17.3497
v  282.3878 6.6667 -15.6349
v  282.4726 0.0000 -17.3497
v  282.4302 3.3333 -16.4923
v  282.3394 10.0000 -19.8459
v  282.4282 6.6667 -18.1818
v  282.3394 0.0000 -19.8459
v  282.3839 3.3333 -19.0138
v  281.9399 10.0000 -22.0485
v  282.2063 6.6667 -20.5801
v  281.9399 0.0000 -22.0485
v  282.0731 3.3333 -21.3143
v  281.2741 10.0000 -23.9573
v  281.7180 6.6667 -22.6847
v  281.2741 0.0000 -23.9573
v  281.4960 3.3333 -23.3210
v  280.3419 10.0000 -25.5725
v  280.9633 6.6667 -24.4957
v  280.3419 0.0000 -25.5725
v  280.6526 3.3333 -25.0341
v  279.1433 10.0000 -26.8941
v  279.9424 6.6667 -26.0130
v  279.1433 0.0000 -26.8941
v  279.5428 3.3333 -26.4536
v  277.6784 10.0000 -27.9219
v  278.6550 6.6667 -27.2367
v  277.6784 0.0000 -27.9219
v  278.1667 3.3333 -27.5793
v  275.9472 10.0000 -28.6561
v  277.1014 6.6667 -28.1666
v  275.9472 0.0000 -28.6561
v  276.5243 3.3333 -28.4114
v  273.9496 10.0000 -29.0966
v  275.2814 6.6667 -28.8029
v  273.9496 0.0000 -29.0966
v  274.6155 3.3333 -28.9498
v  271.6857 10.0000 -29.2434
v  273.1950 6.6667 -29.1456
v  271.6857 0.0000 -29.2434
v  272.4404 3.3333 -29.1945
v  271.6857 10.0000 -39.8895
v  271.6857 6.6667 -32.7921
v  271.6857 0.0000 -39.8895
v  271.6857 3.3333 -36.3408
v  271.4070 10.0000 -43.0277
v  271.5928 6.6667 -40.9355
v  271.4070 0.0000 -43.0277
v  271.4999 3.3333 -41.9816
v  270.5707 10.0000 -45.7967
v  271.1282 6.6667 -43.9507
v  270.5707 0.0000 -45.7967
v  270.8494 3.3333 -44.8737
v  269.1768 10.0000 -48.1965
v  270.1060 6.6667 -46.5966
v  269.1768 0.0000 -48.1965
v  269.6414 3.3333 -47.3966
v  267.2255 10.0000 -50.2271
v  268.5264 6.6667 -48.8734
v  267.2255 0.0000 -50.2271
v  267.8759 3.3333 -49.5503
v  264.7166 10.0000 -51.8886
v  266.3892 6.6667 -50.7810
v  264.7166 0.0000 -51.8886
v  265.5529 3.3333 -51.3348
v  261.6501 10.0000 -53.1808
v  263.6945 6.6667 -52.3193
v  261.6501 0.0000 -53.1808
v  262.6723 3.3333 -52.7500
v  258.0262 10.0000 -54.1038
v  260.4422 6.6667 -53.4884
v  258.0262 0.0000 -54.1038
v  259.2342 3.3333 -53.7961
v  253.8447 10.0000 -54.6576
v  256.6324 6.6667 -54.2884
v  253.8447 0.0000 -54.6576
v  255.2386 3.3333 -54.4730
v  249.1057 10.0000 -54.8422
v  252.2651 6.6667 -54.7191
v  249.1057 0.0000 -54.8422
v  250.6854 3.3333 -54.7807
v  245.4216 10.0000 -54.7177
v  247.8777 6.6667 -54.8007
v  245.4216 0.0000 -54.7177
v  246.6497 3.3333 -54.7592
v  242.0381 10.0000 -54.3442
v  244.2938 6.6667 -54.5932
v  242.0381 0.0000 -54.3442
v  243.1659 3.3333 -54.4687
v  238.9550 10.0000 -53.7216
v  241.0104 6.6667 -54.1367
v  238.9550 0.0000 -53.7216
v  239.9827 3.3333 -53.9291
v  236.1724 10.0000 -52.8501
v  238.0275 6.6667 -53.4311
v  236.1724 0.0000 -52.8501
v  237.0999 3.3333 -53.1406
v  233.6904 10.0000 -51.7295
v  235.3451 6.6667 -52.4766
v  233.6904 0.0000 -51.7295
v  234.5177 3.3333 -52.1030
v  231.5088 10.0000 -50.3599
v  232.9632 6.6667 -51.2730
v  231.5088 0.0000 -50.3599
v  232.2360 3.3333 -50.8165
v  229.6278 10.0000 -48.7414
v  230.8818 6.6667 -49.8204
v  229.6278 0.0000 -48.7414
v  230.2548 3.3333 -49.2809
v  228.0472 10.0000 -46.8738
v  229.1009 6.6667 -48.1188
v  228.0472 0.0000 -46.8738
v  228.5741 3.3333 -47.4963
v  226.7672 10.0000 -44.7571
v  227.6205 6.6667 -46.1682
v  226.7672 0.0000 -44.7571
v  227.1939 3.3333 -45.4627
v  233.4838 10.0000 -40.6743
v  229.0061 6.6667 -43.3962
v  233.4838 0.0000 -40.6743
v  231.2449 3.3333 -42.0353
v  233.7733 10.0000 -41.4255
v  233.5803 6.6667 -40.9247
v  233.7733 0.0000 -41.4255
v  233.6768 3.3333 -41.1751
v  234.1308 10.0000 -42.1528
v  233.8925 6.6667 -41.6679
v  234.1308 0.0000 -42.1528
v  234.0116 3.3333 -41.9104
v  234.5562 10.0000 -42.8563
v  234.2726 6.6667 -42.3873
v  234.5562 0.0000 -42.8563
v  234.4144 3.3333 -42.6218
v  235.0496 10.0000 -43.5360
v  234.7207 6.6667 -43.0829
v  235.0496 0.0000 -43.5360
v  234.8851 3.3333 -43.3095
v  235.6110 10.0000 -44.1919
v  235.2367 6.6667 -43.7546
v  235.6110 0.0000 -44.1919
v  235.4239 3.3333 -43.9733
v  236.2404 10.0000 -44.8239
v  235.8208 6.6667 -44.4026
v  236.2404 0.0000 -44.8239
v  236.0306 3.3333 -44.6133
v  236.9377 10.0000 -45.4322
v  236.4728 6.6667 -45.0267
v  236.9377 0.0000 -45.4322
v  236.7053 3.3333 -45.2294
v  237.7031 10.0000 -46.0166
v  237.1929 6.6667 -45.6270
v  237.7031 0.0000 -46.0166
v  237.4480 3.3333 -45.8218
v  238.5364 10.0000 -46.5772
v  237.9809 6.6667 -46.2035
v  238.5364 0.0000 -46.5772
v  238.2586 3.3333 -46.3903
v  239.4482 10.0000 -47.0954
v  238.8403 6.6667 -46.7499
v  239.4482 0.0000 -47.0954
v  239.1443 3.3333 -46.9226
v  240.4489 10.0000 -47.5526
v  239.7818 6.6667 -47.2478
v  240.4489 0.0000 -47.5526
v  240.1153 3.3333 -47.4002
v  241.5385 10.0000 -47.9489
v  240.8121 6.6667 -47.6847
v  241.5385 0.0000 -47.9489
v  241.1753 3.3333 -47.8168
v  242.7170 10.0000 -48.2842
v  241.9314 6.6667 -48.0606
v  242.7170 0.0000 -48.2842
v  242.3242 3.3333 -48.1724
v  243.9845 10.0000 -48.5585
v  243.1395 6.6667 -48.3756
v  243.9845 0.0000 -48.5585
v  243.5620 3.3333 -48.4671
v  245.3408 10.0000 -48.7719
v  244.4366 6.6667 -48.6297
v  245.3408 0.0000 -48.7719
v  244.8887 3.3333 -48.7008
v  246.7861 10.0000 -48.9243
v  245.8226 6.6667 -48.8227
v  246.7861 0.0000 -48.9243
v  246.3044 3.3333 -48.8735
v  248.3203 10.0000 -49.0158
v  247.2975 6.6667 -48.9548
v  248.3203 0.0000 -49.0158
v  247.8089 3.3333 -48.9853
v  249.9434 10.0000 -49.0462
v  248.8613 6.6667 -49.0259
v  249.9434 0.0000 -49.0462
v  249.4024 3.3333 -49.0361
v  252.4454 10.0000 -48.9257
v  250.7774 6.6667 -49.0061
v  252.4454 0.0000 -48.9257
v  251.6114 3.3333 -48.9659
v  254.6531 10.0000 -48.5641
v  253.1813 6.6667 -48.8052
v  254.6531 0.0000 -48.5641
v  253.9172 3.3333 -48.6846
v  256.5664 10.0000 -47.9615
v  255.2909 6.6667 -48.3632
v  256.5664 0.0000 -47.9615
v  255.9286 3.3333 -48.1623
v  258.1854 10.0000 -47.1177
v  257.1061 6.6667 -47.6802
v  258.1854 0.0000 -47.1177
v  257.6457 3.3333 -47.3990
v  259.5100 10.0000 -46.0330
v  258.6269 6.6667 -46.7561
v  259.5100 0.0000 -46.0330
v  259.0685 3.3333 -46.3946
v  260.5402 10.0000 -44.7071
v  259.8534 6.6667 -45.5910
v  260.5402 0.0000 -44.7071
v  260.1968 3.3333 -45.1491
v  261.2761 10.0000 -43.1402
v  260.7855 6.6667 -44.1848
v  261.2761 0.0000 -43.1402
v  261.0308 3.3333 -43.6625
v  261.7177 10.0000 -41.3322
v  261.4233 6.6667 -42.5375
v  261.7177 0.0000 -41.3322
v  261.5705 3.3333 -41.9349
v  261.8648 10.0000 -39.2832
v  261.7667 6.6667 -40.6492
v  261.8648 0.0000 -39.2832
v  261.8158 3.3333 -39.9662
v  261.8648 10.0000 -27.2284
v  261.8648 6.6667 -35.2649
v  261.8648 0.0000 -27.2284
v  261.8648 3.3333 -31.2467
v  260.9630 10.0000 -26.6351
v  261.5642 6.6667 -27.0307
v  260.9630 0.0000 -26.6351
v  261.2635 3.3333 -26.8329
v  260.0283 10.0000 -25.9272
v  260.6514 6.6667 -26.3991
v  260.0283 0.0000 -25.9272
v  260.3398 3.3333 -26.1631
v  259.0608 10.0000 -25.1047
v  259.7057 6.6667 -25.6530
v  259.0608 0.0000 -25.1047
v  259.3833 3.3333 -25.3789
v  258.0605 10.0000 -24.1677
v  258.7274 6.6667 -24.7924
v  258.0605 0.0000 -24.1677
v  258.3939 3.3333 -24.4801
v  257.0274 10.0000 -23.1162
v  257.7161 6.6667 -23.8172
v  257.0274 0.0000 -23.1162
v  257.3718 3.3333 -23.4667
v  255.9615 10.0000 -21.9502
v  256.6721 6.6667 -22.7275
v  255.9615 0.0000 -21.9502
v  256.3168 3.3333 -22.3388
v  254.8629 10.0000 -20.6696
v  255.5953 6.6667 -21.5233
v  254.8629 0.0000 -20.6696
v  255.2291 3.3333 -21.0964
v  253.7314 10.0000 -19.2744
v  254.4857 6.6667 -20.2045
v  253.7314 0.0000 -19.2744
v  254.1086 3.3333 -19.7395
v  252.5672 10.0000 -17.7648
v  253.3434 6.6667 -18.7712
v  252.5672 0.0000 -17.7648
v  252.9553 3.3333 -18.2680
v  251.9217 10.0000 -16.9300
v  252.3520 6.6667 -17.4865
v  251.9217 0.0000 -16.9300
v  252.1368 3.3333 -17.2083
v  251.3269 10.0000 -16.1935
v  251.7234 6.6667 -16.6845
v  251.3269 0.0000 -16.1935
v  251.5251 3.3333 -16.4390
v  250.7828 10.0000 -15.5552
v  251.1455 6.6667 -15.9808
v  250.7828 0.0000 -15.5552
v  250.9641 3.3333 -15.7680
v  250.2893 10.0000 -15.0151
v  250.6183 6.6667 -15.3752
v  250.2893 0.0000 -15.0151
v  250.4538 3.3333 -15.1952
v  249.8466 10.0000 -14.5732
v  250.1418 6.6667 -14.8678
v  249.8466 0.0000 -14.5732
v  249.9942 3.3333 -14.7205
v  249.4545 10.0000 -14.2295
v  249.7159 6.6667 -14.4586
v  249.4545 0.0000 -14.2295
v  249.5852 3.3333 -14.3441
v  249.1132 10.0000 -13.9840
v  249.3407 6.6667 -14.1477
v  249.1132 0.0000 -13.9840
v  249.2270 3.3333 -14.0658
v  248.8225 10.0000 -13.8367
v  249.0163 6.6667 -13.9349
v  248.8225 0.0000 -13.8367
v  248.9194 3.3333 -13.8858
v  248.5825 10.0000 -13.7876
v  248.7425 6.6667 -13.8203
v  248.5825 0.0000 -13.7876
v  248.6625 3.3333 -13.8040
v  248.4304 10.0000 -13.8099
v  248.5318 6.6667 -13.7950
v  248.4304 0.0000 -13.8099
v  248.4811 3.3333 -13.8025
v  248.2962 10.0000 -13.8769
v  248.3857 6.6667 -13.8323
v  248.2962 0.0000 -13.8769
v  248.3410 3.3333 -13.8546
v  248.1800 10.0000 -13.9886
v  248.2575 6.6667 -13.9141
v  248.1800 0.0000 -13.9886
v  248.2187 3.3333 -13.9514
v  248.0816 10.0000 -14.1449
v  248.1472 6.6667 -14.0407
v  248.0816 0.0000 -14.1449
v  248.1144 3.3333 -14.0928
v  248.0011 10.0000 -14.3458
v  248.0547 6.6667 -14.2119
v  248.0011 0.0000 -14.3458
v  248.0279 3.3333 -14.2789
v  247.9385 10.0000 -14.5915
v  247.9802 6.6667 -14.4277
v  247.9385 0.0000 -14.5915
v  247.9593 3.3333 -14.5096
v  247.8938 10.0000 -14.8818
v  247.9236 6.6667 -14.6882
v  247.8938 0.0000 -14.8818
v  247.9087 3.3333 -14.7850
v  247.8669 10.0000 -15.2167
v  247.8848 6.6667 -14.9934
v  247.8669 0.0000 -15.2167
v  247.8759 3.3333 -15.1051
v  247.8580 10.0000 -15.5963
v  247.8639 6.6667 -15.3432
v  247.8580 0.0000 -15.5963
v  247.8610 3.3333 -15.4698
v  247.8580 10.0000 -28.1919
v  247.8580 6.6667 -19.7948
v  247.8580 0.0000 -28.1919
v  247.8580 3.3333 -23.9934
v  247.7393 10.0000 -30.1021
v  247.8184 6.6667 -28.8286
v  247.7393 0.0000 -30.1021
v  247.7789 3.3333 -29.4654
v  247.3834 10.0000 -31.7876
v  247.6207 6.6667 -30.6639
v  247.3834 0.0000 -31.7876
v  247.5021 3.3333 -31.2257
v  246.7902 10.0000 -33.2483
v  247.1857 6.6667 -32.2745
v  246.7902 0.0000 -33.2483
v  246.9880 3.3333 -32.7614
v  245.9598 10.0000 -34.4843
v  246.5134 6.6667 -33.6603
v  245.9598 0.0000 -34.4843
v  246.2366 3.3333 -34.0723
v  244.8921 10.0000 -35.4956
v  245.6039 6.6667 -34.8214
v  244.8921 0.0000 -35.4956
v  245.2480 3.3333 -35.1585
v  243.5870 10.0000 -36.2821
v  244.4571 6.6667 -35.7577
v  243.5870 0.0000 -36.2821
v  244.0220 3.3333 -36.0199
v  242.0448 10.0000 -36.8439
v  243.0730 6.6667 -36.4694
v  242.0448 0.0000 -36.8439
v  242.5589 3.3333 -36.6566
v  240.2652 10.0000 -37.1810
v  241.4516 6.6667 -36.9563
v  240.2652 0.0000 -37.1810
v  240.8584 3.3333 -37.0686
v  238.2484 10.0000 -37.2934
v  239.5929 6.6667 -37.2185
v  238.2484 0.0000 -37.2934
v  238.9207 3.3333 -37.2559
v  237.3704 10.0000 -37.2589
v  237.9557 6.6667 -37.2819
v  237.3704 0.0000 -37.2589
v  237.6631 3.3333 -37.2704
v  236.5364 10.0000 -37.1553
v  237.0924 6.6667 -37.2244
v  236.5364 0.0000 -37.1553
v  236.8144 3.3333 -37.1898
v  235.7465 10.0000 -36.9828
v  236.2731 6.6667 -37.0978
v  235.7465 0.0000 -36.9828
v  236.0098 3.3333 -37.0403
v  235.0006 10.0000 -36.7413
v  235.4978 6.6667 -36.9023
v  235.0006 0.0000 -36.7413
v  235.2492 3.3333 -36.8218
v  234.2987 10.0000 -36.4308
v  234.7666 6.6667 -36.6378
v  234.2987 0.0000 -36.4308
v  234.5327 3.3333 -36.5343
v  233.6409 10.0000 -36.0512
v  234.0795 6.6667 -36.3042
v  233.6409 0.0000 -36.0512
v  233.8602 3.3333 -36.1777
v  233.0271 10.0000 -35.6027
v  233.4363 6.6667 -35.9017
v  233.0271 0.0000 -35.6027
v  233.2318 3.3333 -35.7522
v  232.4574 10.0000 -35.0851
v  232.8372 6.6667 -35.4301
v  232.4574 0.0000 -35.0851
v  232.6473 3.3333 -35.2576
v  231.9317 10.0000 -34.4985
v  232.2822 6.6667 -34.8896
v  231.9317 0.0000 -34.4985
v  232.1069 3.3333 -34.6941
v  231.4560 10.0000 -33.8734
v  231.7731 6.6667 -34.2901
v  231.4560 0.0000 -33.8734
v  231.6146 3.3333 -34.0818
v  231.0363 10.0000 -33.2401
v  231.3161 6.6667 -33.6623
v  231.0363 0.0000 -33.2401
v  231.1762 3.3333 -33.4512
v  230.6725 10.0000 -32.5987
v  230.9150 6.6667 -33.0263
v  230.6725 0.0000 -32.5987
v  230.7938 3.3333 -32.8125
v  230.3647 10.0000 -31.9491
v  230.5699 6.6667 -32.3822
v  230.3647 0.0000 -31.9491
v  230.4673 3.3333 -32.1657
v  230.1129 10.0000 -31.2915
v  230.2808 6.6667 -31.7299
v  230.1129 0.0000 -31.2915
v  230.1968 3.3333 -31.5107
v  229.9170 10.0000 -30.6256
v  230.0476 6.6667 -31.0695
v  229.9170 0.0000 -30.6256
v  229.9823 3.3333 -30.8476
v  229.7771 10.0000 -29.9517
v  229.8704 6.6667 -30.4010
v  229.7771 0.0000 -29.9517
v  229.8237 3.3333 -30.1763
v  229.6931 10.0000 -29.2696
v  229.7491 6.6667 -29.7243
v  229.6931 0.0000 -29.2696
v  229.7211 3.3333 -29.4969
v  229.6652 10.0000 -28.5793
v  229.6838 6.6667 -29.0395
v  229.6652 0.0000 -28.5793
v  229.6745 3.3333 -28.8094
v  229.7685 10.0000 -26.8265
v  229.6996 6.6667 -27.9950
v  229.7685 0.0000 -26.8265
v  229.7341 3.3333 -27.4108
v  230.0786 10.0000 -25.2799
v  229.8719 6.6667 -26.3109
v  230.0786 0.0000 -25.2799
v  229.9752 3.3333 -25.7954
v  230.5954 10.0000 -23.9394
v  230.2508 6.6667 -24.8330
v  230.5954 0.0000 -23.9394
v  230.4231 3.3333 -24.3862
v  231.3189 10.0000 -22.8052
v  230.8365 6.6667 -23.5614
v  231.3189 0.0000 -22.8052
v  231.0777 3.3333 -23.1833
v  232.2491 10.0000 -21.8773
v  231.6289 6.6667 -22.4959
v  232.2491 0.0000 -21.8773
v  231.9390 3.3333 -22.1866
v  233.3860 10.0000 -21.1555
v  232.6281 6.6667 -21.6367
v  233.3860 0.0000 -21.1555
v  233.0070 3.3333 -21.3961
v  234.7296 10.0000 -20.6400
v  233.8339 6.6667 -20.9837
v  234.7296 0.0000 -20.6400
v  234.2818 3.3333 -20.8118
v  236.2800 10.0000 -20.3306
v  235.2464 6.6667 -20.5369
v  236.2800 0.0000 -20.3306
v  235.7632 3.3333 -20.4338
v  238.0371 10.0000 -20.2275
v  236.8657 6.6667 -20.2963
v  238.0371 0.0000 -20.2275
v  237.4514 3.3333 -20.2619
v  238.0371 6.6667 -17.3019
v  238.0371 3.3333 -14.3762
v  239.0203 10.0000 -32.2711
v  238.3849 10.0000 -32.4153
v  238.5967 6.6667 -32.3673
v  238.3849 0.0000 -32.4153
v  239.0203 0.0000 -32.2711
v  238.8085 3.3333 -32.3192
v  239.5710 10.0000 -32.0307
v  239.2039 6.6667 -32.1910
v  239.5710 0.0000 -32.0307
v  239.3875 3.3333 -32.1109
v  240.0370 10.0000 -31.6942
v  239.7263 6.6667 -31.9186
v  240.0370 0.0000 -31.6942
v  239.8817 3.3333 -31.8064
v  240.4183 10.0000 -31.2615
v  240.1641 6.6667 -31.5500
v  240.4183 0.0000 -31.2615
v  240.2912 3.3333 -31.4057
v  240.7148 10.0000 -30.7327
v  240.5171 6.6667 -31.0852
v  240.7148 0.0000 -30.7327
v  240.6159 3.3333 -30.9090
v  240.9266 10.0000 -30.1077
v  240.7854 6.6667 -30.5243
v  240.9266 0.0000 -30.1077
v  240.8560 3.3333 -30.3160
v  241.0537 10.0000 -29.3866
v  240.9690 6.6667 -29.8673
v  241.0537 0.0000 -29.3866
v  241.0113 3.3333 -29.6269
v  241.0960 10.0000 -28.5693
v  241.0678 6.6667 -29.1141
v  241.0960 0.0000 -28.5693
v  241.0819 3.3333 -28.8417
v  241.0537 10.0000 -27.7646
v  241.0819 6.6667 -28.3011
v  241.0537 0.0000 -27.7646
v  241.0678 3.3333 -28.0328
v  240.9266 10.0000 -27.0547
v  241.0113 6.6667 -27.5280
v  240.9266 0.0000 -27.0547
v  240.9689 3.3333 -27.2913
v  240.7148 10.0000 -26.4394
v  240.8560 6.6667 -26.8496
v  240.7148 0.0000 -26.4394
v  240.7854 3.3333 -26.6445
v  240.4183 10.0000 -25.9188
v  240.6159 6.6667 -26.2658
v  240.4183 0.0000 -25.9188
v  240.5171 3.3333 -26.0923
v  240.0370 10.0000 -25.4928
v  240.2912 6.6667 -25.7768
v  240.0370 0.0000 -25.4928
v  240.1641 3.3333 -25.6348
v  239.5710 10.0000 -25.1615
v  239.8817 6.6667 -25.3823
v  239.5710 0.0000 -25.1615
v  239.7263 3.3333 -25.2719
v  239.0203 10.0000 -24.9248
v  239.3875 6.6667 -25.0826
v  239.0203 0.0000 -24.9248
v  239.2039 3.3333 -25.0037
v  238.3849 10.0000 -24.7828
v  238.8085 6.6667 -24.8775
v  238.3849 0.0000 -24.7828
v  238.5967 3.3333 -24.8302
v  237.6648 10.0000 -24.7355
v  238.1449 6.6667 -24.7670
v  237.6648 0.0000 -24.7355
v  237.9048 3.3333 -24.7513
v  236.9319 10.0000 -24.7828
v  237.4205 6.6667 -24.7513
v  236.9319 0.0000 -24.7828
v  237.1762 3.3333 -24.7670
v  236.2853 10.0000 -24.9248
v  236.7164 6.6667 -24.8301
v  236.2853 0.0000 -24.9248
v  236.5009 3.3333 -24.8775
v  235.7250 10.0000 -25.1615
v  236.0986 6.6667 -25.0037
v  235.7250 0.0000 -25.1615
v  235.9118 3.3333 -25.0826
v  235.2508 10.0000 -25.4928
v  235.5669 6.6667 -25.2719
v  235.2508 0.0000 -25.4928
v  235.4088 3.3333 -25.3823
v  234.8628 10.0000 -25.9188
v  235.1215 6.6667 -25.6348
v  234.8628 0.0000 -25.9188
v  234.9921 3.3333 -25.7768
v  234.5611 10.0000 -26.4394
v  234.7622 6.6667 -26.0923
v  234.5611 0.0000 -26.4394
v  234.6617 3.3333 -26.2658
v  234.3455 10.0000 -27.0547
v  234.4892 6.6667 -26.6445
v  234.3455 0.0000 -27.0547
v  234.4174 3.3333 -26.8496
v  234.2162 10.0000 -27.7646
v  234.3024 6.6667 -27.2913
v  234.2162 0.0000 -27.7646
v  234.2593 3.3333 -27.5280
v  234.1731 10.0000 -28.5693
v  234.2018 6.6667 -28.0329
v  234.1731 0.0000 -28.5693
v  234.1875 3.3333 -28.3011
v  234.2162 10.0000 -29.3866
v  234.1875 6.6667 -28.8417
v  234.2162 0.0000 -29.3866
v  234.2018 3.3333 -29.1141
v  234.3455 10.0000 -30.1077
v  234.2593 6.6667 -29.6269
v  234.3455 0.0000 -30.1077
v  234.3024 3.3333 -29.8673
v  234.5611 10.0000 -30.7327
v  234.4174 6.6667 -30.3160
v  234.5611 0.0000 -30.7327
v  234.4892 3.3333 -30.5243
v  234.8628 10.0000 -31.2615
v  234.6617 6.6667 -30.9090
v  234.8628 0.0000 -31.2615
v  234.7622 3.3333 -31.0852
v  235.2508 10.0000 -31.6942
v  234.9921 6.6667 -31.4057
v  235.2508 0.0000 -31.6942
v  235.1215 3.3333 -31.5500
v  235.7250 10.0000 -32.0307
v  235.4088 6.6667 -31.8064
v  235.7250 0.0000 -32.0307
v  235.5669 3.3333 -31.9185
v  236.2854 10.0000 -32.2711
v  235.9118 6.6667 -32.1109
v  236.2854 0.0000 -32.2711
v  236.0986 3.3333 -32.1910
v  236.9319 10.0000 -32.4153
v  236.5009 6.6667 -32.3192
v  236.9319 0.0000 -32.4153
v  236.7164 3.3333 -32.3673
v  237.6648 10.0000 -32.4634
v  237.1762 6.6667 -32.4314
v  237.6648 0.0000 -32.4634
v  237.4205 3.3333 -32.4474
v  237.9048 6.6667 -32.4474
v  238.1449 3.3333 -32.4314
v  273.9119 10.0000 -23.8630
v  272.8684 10.0000 -24.1551
v  273.2162 6.6667 -24.0578
v  272.8684 0.0000 -24.1551
v  273.9119 0.0000 -23.8630
v  273.5641 3.3333 -23.9604
v  274.8163 10.0000 -23.3762
v  274.2133 6.6667 -23.7008
v  274.8163 0.0000 -23.3762
v  274.5148 3.3333 -23.5385
v  275.5815 10.0000 -22.6947
v  275.0714 6.6667 -23.1490
v  275.5815 0.0000 -22.6947
v  275.3264 3.3333 -22.9219
v  276.2076 10.0000 -21.8184
v  275.7902 6.6667 -22.4026
v  276.2076 0.0000 -21.8184
v  275.9989 3.3333 -22.1105
v  276.6946 10.0000 -20.7474
v  276.3699 6.6667 -21.4614
v  276.6946 0.0000 -20.7474
v  276.5323 3.3333 -21.1044
v  277.0424 10.0000 -19.4817
v  276.8105 6.6667 -20.3255
v  277.0424 0.0000 -19.4817
v  276.9265 3.3333 -19.9036
v  277.2511 10.0000 -18.0213
v  277.1120 6.6667 -18.9949
v  277.2511 0.0000 -18.0213
v  277.1815 3.3333 -18.5081
v  277.3207 10.0000 -16.3661
v  277.2743 6.6667 -17.4695
v  277.3207 0.0000 -16.3661
v  277.2975 3.3333 -16.9178
v  277.2848 10.0000 -15.2167
v  277.3087 6.6667 -15.9830
v  277.2848 0.0000 -15.2167
v  277.2968 3.3333 -15.5998
v  277.1771 10.0000 -14.2025
v  277.2489 6.6667 -14.8787
v  277.1771 0.0000 -14.2025
v  277.2130 3.3333 -14.5406
v  276.9976 10.0000 -13.3236
v  277.1172 6.6667 -13.9096
v  276.9976 0.0000 -13.3236
v  277.0574 3.3333 -13.6166
v  276.7462 10.0000 -12.5799
v  276.9138 6.6667 -13.0757
v  276.7462 0.0000 -12.5799
v  276.8300 3.3333 -12.8278
v  276.4232 10.0000 -11.9714
v  276.6385 6.6667 -12.3771
v  276.4232 0.0000 -11.9714
v  276.5309 3.3333 -12.1742
v  276.0282 10.0000 -11.4981
v  276.2915 6.6667 -11.8136
v  276.0282 0.0000 -11.4981
v  276.1599 3.3333 -11.6559
v  275.5615 10.0000 -11.1601
v  275.8727 6.6667 -11.3854
v  275.5615 0.0000 -11.1601
v  275.7171 3.3333 -11.2728
v  275.0230 10.0000 -10.9572
v  275.3820 6.6667 -11.0925
v  275.0230 0.0000 -10.9572
v  275.2025 3.3333 -11.0248
v  274.4127 10.0000 -10.8896
v  274.8195 6.6667 -10.9347
v  274.4127 0.0000 -10.8896
v  274.6161 3.3333 -10.9122
v  273.8403 10.0000 -10.9357
v  274.2219 6.6667 -10.9050
v  273.8403 0.0000 -10.9357
v  274.0311 3.3333 -10.9204
v  273.3353 10.0000 -11.0740
v  273.6720 6.6667 -10.9818
v  273.3353 0.0000 -11.0740
v  273.5037 3.3333 -11.0279
v  272.8977 10.0000 -11.3044
v  273.1895 6.6667 -11.1508
v  272.8977 0.0000 -11.3044
v  273.0436 3.3333 -11.2276
v  272.5274 10.0000 -11.6270
v  272.7743 6.6667 -11.4120
v  272.5274 0.0000 -11.6270
v  272.6508 3.3333 -11.5195
v  272.2244 10.0000 -12.0418
v  272.4264 6.6667 -11.7653
v  272.2244 0.0000 -12.0418
v  272.3254 3.3333 -11.9036
v  271.9887 10.0000 -12.5488
v  272.1458 6.6667 -12.2108
v  271.9887 0.0000 -12.5488
v  272.0673 3.3333 -12.3798
v  271.8204 10.0000 -13.1480
v  271.9326 6.6667 -12.7485
v  271.8204 0.0000 -13.1480
v  271.8765 3.3333 -12.9482
v  271.7194 10.0000 -13.8393
v  271.7867 6.6667 -13.3784
v  271.7194 0.0000 -13.8393
v  271.7531 3.3333 -13.6088
v  271.6857 10.0000 -14.6228
v  271.7082 6.6667 -14.1004
v  271.6857 0.0000 -14.6228
v  271.6970 3.3333 -14.3616
v  271.6857 10.0000 -24.2525
v  271.6857 6.6667 -17.8327
v  271.6857 0.0000 -24.2525
v  271.6857 3.3333 -21.0426
v  272.0800 6.6667 -24.2200
v  272.4742 3.3333 -24.1876
v  243.0058 0.0000 -21.1734
v  243.3359 0.0000 -28.7159
v  245.5503 0.0000 -29.2269
v  243.2399 0.0000 -29.8654
v  245.3498 0.0000 -30.6658
v  243.0083 0.0000 -30.8760
v  244.9628 0.0000 -31.9228
v  244.4883 0.0000 -32.8217
v  242.3643 0.0000 -32.1595
v  243.7567 0.0000 -33.7471
v  241.7824 0.0000 -32.8171
v  242.8387 0.0000 -34.4906
v  241.0650 0.0000 -33.3357
v  241.7343 0.0000 -35.0522
v  240.2120 0.0000 -33.7152
v  240.4434 0.0000 -35.4320
v  239.2235 0.0000 -33.9558
v  238.9662 0.0000 -35.6299
v  238.0993 0.0000 -34.0574
v  237.7612 0.0000 -35.6719
v  237.1905 0.0000 -35.6259
v  237.0444 0.0000 -34.0114
v  236.4050 0.0000 -35.5178
v  236.3213 0.0000 -33.8898
v  235.6775 0.0000 -35.3317
v  235.1949 0.0000 -35.1477
v  235.4363 0.0000 -33.5775
v  234.5549 0.0000 -34.8376
v  234.1310 0.0000 -34.5615
v  234.6676 0.0000 -33.1092
v  233.5784 0.0000 -34.1273
v  233.2133 0.0000 -33.7593
v  234.0151 0.0000 -32.4847
v  232.7502 0.0000 -33.2111
v  232.4517 0.0000 -32.7917
v  233.4867 0.0000 -31.7448
v  232.0900 0.0000 -32.1905
v  231.8661 0.0000 -31.7602
v  233.0904 0.0000 -30.9298
v  231.6077 0.0000 -31.1161
v  231.4585 0.0000 -30.6749
v  232.8262 0.0000 -30.0400
v  231.3034 0.0000 -29.9879
v  231.2288 0.0000 -29.5359
v  232.6942 0.0000 -29.0751
v  231.1771 0.0000 -28.8060
v  232.6848 0.0000 -28.3044
v  231.2166 0.0000 -27.7235
v  232.7768 0.0000 -27.2153
v  231.3975 0.0000 -26.3870
v  232.9951 0.0000 -26.2580
v  231.7450 0.0000 -25.2196
v  233.3398 0.0000 -25.4325
v  232.2590 0.0000 -24.2211
v  233.8108 0.0000 -24.7389
v  232.9396 0.0000 -23.3918
v  234.4083 0.0000 -24.1772
v  233.7867 0.0000 -22.7314
v  235.1321 0.0000 -23.7473
v  234.8003 0.0000 -22.2401
v  235.9823 0.0000 -23.4492
v  235.9805 0.0000 -21.9178
v  236.9589 0.0000 -23.2830
v  237.3273 0.0000 -21.7646
v  238.0289 0.0000 -23.2486
v  238.4808 0.0000 -23.3117
v  238.8761 0.0000 -23.4379
v  239.2150 0.0000 -23.6273
v  238.7037 0.0000 -19.0570
v  238.7121 0.0000 -15.9128
v  238.7454 0.0000 -15.4868
v  238.8121 0.0000 -15.0833
v  238.9122 0.0000 -14.7022
v  239.0456 0.0000 -14.3434
v  239.2124 0.0000 -14.0071
v  239.4125 0.0000 -13.6932
v  239.6460 0.0000 -13.4017
v  239.9128 0.0000 -13.1326
v  240.1729 0.0000 -19.3902
v  240.3988 0.0000 -19.7057
v  240.5683 0.0000 -20.0844
v  240.6812 0.0000 -20.5261
v  240.7377 0.0000 -21.0310
v  245.2598 0.0000 -16.8491
v  245.2628 0.0000 -12.5240
v  245.2747 0.0000 -12.2858
v  245.2985 0.0000 -12.0774
v  245.3343 0.0000 -11.8988
v  245.3820 0.0000 -11.7499
v  245.4417 0.0000 -11.6308
v  264.8378 0.0000 -26.0387
v  264.2256 0.0000 -25.6049
v  263.5916 0.0000 -25.0948
v  231.3414 0.0000 -42.2857
v  229.5292 0.0000 -44.3521
v  231.9838 0.0000 -43.4840
v  232.2447 0.0000 -43.9610
v  230.7437 0.0000 -46.1572
v  233.0779 0.0000 -45.0446
v  232.0621 0.0000 -47.5458
v  234.0565 0.0000 -46.0293
v  234.4534 0.0000 -46.4586
v  233.8132 0.0000 -48.9711
v  235.6228 0.0000 -47.3286
v  236.1104 0.0000 -47.7261
v  235.8553 0.0000 -50.1987
v  237.4706 0.0000 -48.4813
v  238.0523 0.0000 -48.8409
v  238.1919 0.0000 -51.2224
v  239.6174 0.0000 -49.4565
v  240.3141 0.0000 -49.7410
v  240.8439 0.0000 -52.0049
v  242.0979 0.0000 -50.1924
v  242.9132 0.0000 -50.3956
v  243.8147 0.0000 -52.5401
v  244.9156 0.0000 -50.6827
v  245.8495 0.0000 -50.8046
v  247.1045 0.0000 -52.8281
v  248.0707 0.0000 -50.9274
v  249.1231 0.0000 -50.9681
v  250.9646 0.0000 -52.8487
v  252.0779 0.0000 -50.8765
v  253.6478 0.0000 -50.7158
v  255.5080 0.0000 -52.4418
v  256.4153 0.0000 -50.2098
v  258.7476 0.0000 -51.7487
v  258.8007 0.0000 -49.4200
v  261.5174 0.0000 -50.7290
v  260.8040 0.0000 -48.3464
v  261.5889 0.0000 -47.5429
v  264.1608 0.0000 -48.9409
v  263.0139 0.0000 -46.0248
v  265.8928 0.0000 -47.1880
v  267.0079 0.0000 -45.7112
v  264.5215 0.0000 -43.4230
v  267.8984 0.0000 -43.3855
v  264.9965 0.0000 -41.2144
v  268.3192 0.0000 -40.7335
v  268.4121 0.0000 -36.1387
v  265.1385 0.0000 -31.9184
v  268.4121 0.0000 -26.9081
v  272.0800 0.0000 -25.8837
v  272.8346 0.0000 -27.4984
v  273.5766 0.0000 -25.7049
v  274.6029 0.0000 -27.2052
v  274.8918 0.0000 -25.2985
v  276.1473 0.0000 -26.6514
v  276.0254 0.0000 -24.6643
v  277.4678 0.0000 -25.8369
v  278.3556 0.0000 -25.0538
v  277.3770 0.0000 -23.3619
v  279.2745 0.0000 -23.7828
v  278.0588 0.0000 -22.1744
v  279.9695 0.0000 -22.2511
v  278.5590 0.0000 -20.7592
v  280.4406 0.0000 -20.4587
v  278.8777 0.0000 -19.1163
v  280.6877 0.0000 -18.4056
v  279.0148 0.0000 -17.2457
v  279.0260 0.0000 -16.3108
v  280.7009 0.0000 -15.7813
v  278.9358 0.0000 -14.7322
v  280.4954 0.0000 -13.8293
v  278.7128 0.0000 -13.3447
v  278.5692 0.0000 -12.8038
v  280.0126 0.0000 -11.8762
v  278.1657 0.0000 -11.6974
v  279.3961 0.0000 -10.4629
v  277.6295 0.0000 -10.7820
v  278.5860 0.0000 -9.2964
v  276.9607 0.0000 -10.0576
v  277.5823 0.0000 -8.3767
v  276.1592 0.0000 -9.5243
v  276.3852 0.0000 -7.7039
v  275.2250 0.0000 -9.1819
v  274.9944 0.0000 -7.2778
v  274.1948 0.0000 -9.0234
v  273.8356 0.0000 -9.0849
v  273.2784 0.0000 -7.1376
v  272.8006 0.0000 -9.1574
v  271.6909 0.0000 -7.2016
v  271.8104 0.0000 -9.3794
v  271.5860 0.0000 -9.6252
v  270.1096 0.0000 -7.5983
v  268.9223 0.0000 -7.9000
v  270.2191 0.0000 -10.2342
v  267.8260 0.0000 -8.5216
v  266.9780 0.0000 -9.1250
v  269.2364 0.0000 -11.2063
v  266.2434 0.0000 -10.0790
v  265.7346 0.0000 -10.9841
v  268.6378 0.0000 -12.5416
v  265.3617 0.0000 -12.2705
v  268.4657 0.0000 -13.5989
v  265.1808 0.0000 -13.7385
v  265.1385 0.0000 -16.3091
v  268.4121 0.0000 -19.6406
v  264.2038 0.0000 -23.1345
v  259.6620 0.0000 -23.1063
v  260.4671 0.0000 -21.2847
v  258.8546 0.0000 -22.3080
v  259.8460 0.0000 -20.6336
v  259.5344 0.0000 -20.2733
v  257.8434 0.0000 -21.2086
v  258.8326 0.0000 -19.4649
v  258.4513 0.0000 -18.9856
v  256.7405 0.0000 -19.9137
v  257.6689 0.0000 -18.0199
v  255.7803 0.0000 -18.7375
v  256.8406 0.0000 -16.9564
v  256.3547 0.0000 -16.2985
v  254.5291 0.0000 -17.1113
v  253.9259 0.0000 -16.3298
v  255.2307 0.0000 -14.7995
v  253.2433 0.0000 -15.4325
v  252.8637 0.0000 -14.9742
v  254.1579 0.0000 -13.4023
v  252.0939 0.0000 -14.0161
v  251.7819 0.0000 -13.6888
v  252.9920 0.0000 -12.0109
v  251.0736 0.0000 -12.9281
v  250.8291 0.0000 -12.7317
v  251.8816 0.0000 -10.8835
v  250.1825 0.0000 -12.1685
v  250.0056 0.0000 -12.1030
v  250.8268 0.0000 -10.0200
v  249.4330 0.0000 -11.7284
v  249.8862 0.0000 -9.3624
v  248.9843 0.0000 -8.8304
v  248.4356 0.0000 -11.2261
v  248.0256 0.0000 -8.4537
v  247.0996 0.0000 -8.1877
v  247.4262 0.0000 -11.0196
v  246.1229 0.0000 -8.0919
v  245.4819 0.0000 -8.0655
v  245.1461 0.0000 -8.0929
v  244.8148 0.0000 -8.1477
v  244.4879 0.0000 -8.2300
v  244.1654 0.0000 -8.3396
v  243.8474 0.0000 -8.4767
v  243.5339 0.0000 -8.6412
v  243.2248 0.0000 -8.8331
v  242.9201 0.0000 -9.0524
v  231.3414 10.0000 -42.2857
v  229.5292 10.0000 -44.3521
v  231.9838 10.0000 -43.4840
v  232.2447 10.0000 -43.9610
v  230.7437 10.0000 -46.1572
v  233.0779 10.0000 -45.0446
v  232.0621 10.0000 -47.5458
v  234.0565 10.0000 -46.0293
v  234.4534 10.0000 -46.4586
v  233.8132 10.0000 -48.9711
v  235.6228 10.0000 -47.3286
v  236.1104 10.0000 -47.7261
v  235.8553 10.0000 -50.1987
v  237.4706 10.0000 -48.4813
v  238.0523 10.0000 -48.8409
v  238.1919 10.0000 -51.2224
v  239.6174 10.0000 -49.4565
v  240.3141 10.0000 -49.7410
v  240.8439 10.0000 -52.0049
v  242.0979 10.0000 -50.1924
v  242.9132 10.0000 -50.3956
v  243.8147 10.0000 -52.5401
v  244.9156 10.0000 -50.6827
v  245.8495 10.0000 -50.8046
v  247.1045 10.0000 -52.8281
v  248.0707 10.0000 -50.9274
v  249.1231 10.0000 -50.9681
v  250.9646 10.0000 -52.8487
v  252.0779 10.0000 -50.8765
v  253.6478 10.0000 -50.7158
v  255.5080 10.0000 -52.4418
v  256.4153 10.0000 -50.2098
v  258.7476 10.0000 -51.7487
v  258.8007 10.0000 -49.4200
v  261.5174 10.0000 -50.7290
v  260.8040 10.0000 -48.3464
v  261.5889 10.0000 -47.5429
v  264.1608 10.0000 -48.9409
v  263.0139 10.0000 -46.0248
v  265.8928 10.0000 -47.1880
v  267.0079 10.0000 -45.7111
v  264.5215 10.0000 -43.4230
v  267.8984 10.0000 -43.3855
v  264.9965 10.0000 -41.2144
v  268.3192 10.0000 -40.7335
v  268.4121 10.0000 -36.1387
v  265.1385 10.0000 -31.9184
v  268.4121 10.0000 -26.9081
v  272.0800 10.0000 -25.8837
v  272.8346 10.0000 -27.4984
v  273.5766 10.0000 -25.7049
v  274.6029 10.0000 -27.2052
v  274.8918 10.0000 -25.2985
v  276.1473 10.0000 -26.6514
v  276.0254 10.0000 -24.6643
v  277.4678 10.0000 -25.8369
v  278.3556 10.0000 -25.0538
v  277.3770 10.0000 -23.3619
v  279.2745 10.0000 -23.7828
v  278.0587 10.0000 -22.1744
v  279.9695 10.0000 -22.2511
v  278.5590 10.0000 -20.7592
v  280.4406 10.0000 -20.4587
v  278.8777 10.0000 -19.1163
v  280.6877 10.0000 -18.4056
v  279.0148 10.0000 -17.2457
v  279.0260 10.0000 -16.3108
v  280.7009 10.0000 -15.7813
v  278.9358 10.0000 -14.7322
v  280.4954 10.0000 -13.8293
v  278.7128 10.0000 -13.3447
v  278.5692 10.0000 -12.8038
v  280.0126 10.0000 -11.8762
v  278.1657 10.0000 -11.6974
v  279.3961 10.0000 -10.4629
v  277.6295 10.0000 -10.7820
v  278.5860 10.0000 -9.2964
v  276.9607 10.0000 -10.0576
v  277.5823 10.0000 -8.3767
v  276.1592 10.0000 -9.5243
v  276.3852 10.0000 -7.7039
v  275.2250 10.0000 -9.1819
v  274.9944 10.0000 -7.2778
v  274.1948 10.0000 -9.0234
v  273.8356 10.0000 -9.0849
v  273.2784 10.0000 -7.1376
v  272.8006 10.0000 -9.1574
v  271.6909 10.0000 -7.2016
v  271.8104 10.0000 -9.3794
v  271.5860 10.0000 -9.6252
v  270.1096 10.0000 -7.5983
v  268.9223 10.0000 -7.9000
v  270.2191 10.0000 -10.2342
v  267.8260 10.0000 -8.5216
v  266.9780 10.0000 -9.1250
v  269.2365 10.0000 -11.2063
v  266.2434 10.0000 -10.0790
v  265.7346 10.0000 -10.9841
v  268.6378 10.0000 -12.5416
v  265.3617 10.0000 -12.2705
v  268.4657 10.0000 -13.5989
v  265.1808 10.0000 -13.7385
v  265.1385 10.0000 -16.3091
v  268.4121 10.0000 -19.6406
v  264.8378 10.0000 -26.0387
v  264.2256 10.0000 -25.6049
v  263.5916 10.0000 -25.0948
v  264.2038 10.0000 -23.1345
v  259.6620 10.0000 -23.1063
v  260.4671 10.0000 -21.2847
v  258.8546 10.0000 -22.3080
v  259.8460 10.0000 -20.6336
v  259.5344 10.0000 -20.2733
v  257.8434 10.0000 -21.2086
v  258.8326 10.0000 -19.4649
v  258.4513 10.0000 -18.9856
v  256.7405 10.0000 -19.9137
v  257.6689 10.0000 -18.0199
v  255.7803 10.0000 -18.7375
v  256.8406 10.0000 -16.9564
v  256.3547 10.0000 -16.2985
v  254.5291 10.0000 -17.1113
v  253.9259 10.0000 -16.3298
v  255.2307 10.0000 -14.7995
v  253.2433 10.0000 -15.4325
v  252.8637 10.0000 -14.9742
v  254.1579 10.0000 -13.4023
v  252.0939 10.0000 -14.0161
v  251.7819 10.0000 -13.6888
v  252.9920 10.0000 -12.0109
v  251.0736 10.0000 -12.9281
v  250.8291 10.0000 -12.7317
v  251.8816 10.0000 -10.8835
v  250.1825 10.0000 -12.1685
v  250.0056 10.0000 -12.1030
v  250.8268 10.0000 -10.0200
v  249.4330 10.0000 -11.7284
v  249.8862 10.0000 -9.3624
v  248.9843 10.0000 -8.8304
v  248.4356 10.0000 -11.2261
v  248.0256 10.0000 -8.4537
v  247.0996 10.0000 -8.1877
v  247.4262 10.0000 -11.0196
v  246.1229 10.0000 -8.0919
v  245.4819 10.0000 -8.0655
v  245.1461 10.0000 -8.0929
v  244.8148 10.0000 -8.1477
v  244.4879 10.0000 -8.2300
v  244.1654 10.0000 -8.3396
v  243.8474 10.0000 -8.4767
v  243.5339 10.0000 -8.6412
v  243.2248 10.0000 -8.8331
v  242.9201 10.0000 -9.0524
v  245.4417 10.0000 -11.6308
v  245.3820 10.0000 -11.7499
v  245.3343 10.0000 -11.8988
v  245.2985 10.0000 -12.0774
v  245.2747 10.0000 -12.2858
v  245.2628 10.0000 -12.5240
v  245.2598 10.0000 -16.8491
v  243.0058 10.0000 -21.1734
v  240.7377 10.0000 -21.0310
v  240.6812 10.0000 -20.5261
v  240.5683 10.0000 -20.0844
v  240.3988 10.0000 -19.7057
v  240.1729 10.0000 -19.3902
v  243.3359 10.0000 -28.7159
v  245.5503 10.0000 -29.2269
v  243.2399 10.0000 -29.8654
v  245.3498 10.0000 -30.6658
v  243.0083 10.0000 -30.8760
v  244.9628 10.0000 -31.9228
v  244.4883 10.0000 -32.8217
v  242.3643 10.0000 -32.1595
v  243.7567 10.0000 -33.7471
v  241.7824 10.0000 -32.8171
v  242.8387 10.0000 -34.4906
v  241.0650 10.0000 -33.3357
v  241.7343 10.0000 -35.0522
v  240.2121 10.0000 -33.7152
v  240.4434 10.0000 -35.4320
v  239.2235 10.0000 -33.9558
v  238.9662 10.0000 -35.6299
v  238.0993 10.0000 -34.0574
v  237.7612 10.0000 -35.6719
v  237.1905 10.0000 -35.6259
v  237.0444 10.0000 -34.0114
v  236.4050 10.0000 -35.5178
v  236.3213 10.0000 -33.8898
v  235.6775 10.0000 -35.3317
v  235.1949 10.0000 -35.1477
v  235.4363 10.0000 -33.5775
v  234.5549 10.0000 -34.8376
v  234.1310 10.0000 -34.5615
v  234.6676 10.0000 -33.1092
v  233.5784 10.0000 -34.1273
v  233.2133 10.0000 -33.7593
v  234.0151 10.0000 -32.4847
v  232.7502 10.0000 -33.2111
v  232.4517 10.0000 -32.7917
v  233.4867 10.0000 -31.7448
v  232.0900 10.0000 -32.1905
v  231.8661 10.0000 -31.7602
v  233.0904 10.0000 -30.9298
v  231.6077 10.0000 -31.1161
v  231.4585 10.0000 -30.6749
v  232.8262 10.0000 -30.0400
v  231.3034 10.0000 -29.9879
v  231.2288 10.0000 -29.5359
v  232.6942 10.0000 -29.0751
v  231.1771 10.0000 -28.8060
v  232.6848 10.0000 -28.3044
v  231.2166 10.0000 -27.7235
v  232.7768 10.0000 -27.2153
v  231.3976 10.0000 -26.3870
v  232.9951 10.0000 -26.2580
v  231.7450 10.0000 -25.2196
v  233.3398 10.0000 -25.4325
v  232.2590 10.0000 -24.2211
v  233.8108 10.0000 -24.7389
v  232.9396 10.0000 -23.3918
v  234.4083 10.0000 -24.1772
v  233.7867 10.0000 -22.7314
v  235.1321 10.0000 -23.7473
v  234.8003 10.0000 -22.2401
v  235.9823 10.0000 -23.4492
v  235.9805 10.0000 -21.9178
v  236.9589 10.0000 -23.2830
v  237.3273 10.0000 -21.7646
v  238.0289 10.0000 -23.2486
v  238.4808 10.0000 -23.3117
v  238.8761 10.0000 -23.4379
v  239.2150 10.0000 -23.6273
v  238.7037 10.0000 -19.0570
v  238.7121 10.0000 -15.9128
v  238.7454 10.0000 -15.4868
v  238.8121 10.0000 -15.0833
v  238.9122 10.0000 -14.7022
v  239.0456 10.0000 -14.3434
v  239.2124 10.0000 -14.0071
v  239.4125 10.0000 -13.6932
v  239.6460 10.0000 -13.4017
v  239.9128 10.0000 -13.1326
# 1450 vertices

vn -0.7139 0.6980 0.0566
vn -0.7112 0.7028 0.0136
vn -0.9993 0.0000 0.0381
vn -0.7112 -0.7028 0.0136
vn -0.7139 -0.6980 0.0566
vn -0.7072 0.6972 0.1176
vn -0.9928 0.0000 0.1198
vn -0.7072 -0.6972 0.1176
vn -0.9928 -0.0000 0.1198
vn -0.6939 0.6964 0.1828
vn -0.9782 0.0000 0.2079
vn -0.6939 -0.6964 0.1828
vn -0.6730 0.6958 0.2508
vn -0.9536 0.0000 0.3010
vn -0.6730 -0.6958 0.2508
vn -0.9536 -0.0000 0.3010
vn -0.6437 0.6954 0.3195
vn -0.9180 0.0000 0.3965
vn -0.6437 -0.6954 0.3195
vn -0.9180 -0.0000 0.3965
vn -0.6061 0.6952 0.3865
vn -0.8709 0.0000 0.4914
vn -0.6061 -0.6952 0.3865
vn -0.8709 -0.0000 0.4914
vn -0.5611 0.6953 0.4492
vn -0.8130 0.0000 0.5823
vn -0.5611 -0.6953 0.4492
vn -0.8130 -0.0000 0.5823
vn -0.5104 0.6956 0.5056
vn -0.7461 -0.0000 0.6658
vn -0.5104 -0.6956 0.5056
vn -0.4598 0.6980 0.5489
vn -0.6729 0.0000 0.7397
vn -0.4598 -0.6980 0.5489
vn -0.6729 -0.0000 0.7397
vn -0.4171 0.6997 0.5800
vn -0.6103 0.0000 0.7921
vn -0.4171 -0.6997 0.5800
vn -0.6103 -0.0000 0.7921
vn -0.3767 0.6993 0.6075
vn -0.5566 0.0000 0.8308
vn -0.3767 -0.6993 0.6075
vn -0.5566 -0.0000 0.8308
vn -0.3320 0.6988 0.6336
vn -0.4967 0.0000 0.8679
vn -0.3320 -0.6988 0.6336
vn -0.4967 -0.0000 0.8679
vn -0.2830 0.6985 0.6573
vn -0.4309 0.0000 0.9024
vn -0.2830 -0.6985 0.6573
vn -0.4309 -0.0000 0.9024
vn -0.2303 0.6982 0.6779
vn -0.3595 -0.0000 0.9332
vn -0.2303 -0.6982 0.6779
vn -0.1746 0.6980 0.6945
vn -0.2834 -0.0000 0.9590
vn -0.1746 -0.6980 0.6945
vn -0.1169 0.6979 0.7066
vn -0.2038 -0.0000 0.9790
vn -0.1169 -0.6979 0.7066
vn -0.0584 0.6980 0.7137
vn -0.1223 0.0000 0.9925
vn -0.0584 -0.6980 0.7137
vn -0.1223 -0.0000 0.9925
vn 0.0107 0.6948 0.7191
vn -0.0405 0.0000 0.9992
vn 0.0107 -0.6948 0.7191
vn -0.0405 -0.0000 0.9992
vn 0.1012 0.6916 0.7151
vn 0.0703 -0.0000 0.9975
vn 0.1012 -0.6916 0.7151
vn 0.0703 0.0000 0.9975
vn 0.1987 0.6921 0.6939
vn 0.2093 0.0000 0.9778
vn 0.1987 -0.6921 0.6939
vn 0.2875 0.6931 0.6610
vn 0.3399 0.0000 0.9405
vn 0.2875 -0.6931 0.6610
vn 0.3646 0.6944 0.6204
vn 0.4562 -0.0000 0.8899
vn 0.3646 -0.6944 0.6204
vn 0.4562 0.0000 0.8899
vn 0.4290 0.6958 0.5761
vn 0.5555 -0.0000 0.8315
vn 0.4290 -0.6958 0.5761
vn 0.5555 0.0000 0.8315
vn 0.4814 0.6971 0.5312
vn 0.6376 0.0000 0.7704
vn 0.4814 -0.6971 0.5312
vn 0.5234 0.6984 0.4881
vn 0.7041 -0.0000 0.7101
vn 0.5234 -0.6984 0.4881
vn 0.5568 0.6995 0.4479
vn 0.7574 -0.0000 0.6529
vn 0.5568 -0.6995 0.4479
vn 0.5715 0.7049 0.4201
vn 0.8000 -0.0000 0.6000
vn 0.5715 -0.7049 0.4201
vn 0.8000 0.0000 0.6000
vn 0.5715 0.7080 0.4149
vn 0.8114 -0.0000 0.5844
vn 0.5715 -0.7080 0.4149
vn 0.8114 0.0000 0.5844
vn 0.5679 0.7081 0.4196
vn 0.8069 -0.0000 0.5906
vn 0.5679 -0.7081 0.4196
vn 0.8069 0.0000 0.5906
vn 0.5636 0.7083 0.4250
vn 0.8016 -0.0000 0.5979
vn 0.5636 -0.7083 0.4250
vn 0.5583 0.7086 0.4315
vn 0.7952 -0.0000 0.6064
vn 0.5583 -0.7086 0.4315
vn 0.7952 0.0000 0.6064
vn 0.5517 0.7089 0.4394
vn 0.7872 -0.0000 0.6167
vn 0.5517 -0.7089 0.4394
vn 0.7872 0.0000 0.6167
vn 0.5433 0.7094 0.4490
vn 0.7773 -0.0000 0.6292
vn 0.5433 -0.7094 0.4490
vn 0.7773 0.0000 0.6292
vn 0.5321 0.7101 0.4611
vn 0.7643 -0.0000 0.6449
vn 0.5321 -0.7101 0.4611
vn 0.7643 0.0000 0.6449
vn 0.5165 0.7112 0.4768
vn 0.7469 -0.0000 0.6649
vn 0.5165 -0.7112 0.4768
vn 0.7469 0.0000 0.6649
vn -0.0773 0.9782 0.1925
vn 0.7224 0.0000 0.6915
vn -0.0773 -0.9782 0.1925
vn -0.7140 0.6998 0.0236
vn -1.0000 0.0000 -0.0000
vn -0.7140 -0.6998 0.0236
vn -0.7163 0.6901 0.1036
vn -0.9978 0.0000 0.0660
vn -0.7163 -0.6901 0.1036
vn -0.9978 -0.0000 0.0660
vn -0.6913 0.6867 0.2250
vn -0.9756 0.0000 0.2194
vn -0.6913 -0.6867 0.2250
vn -0.9756 -0.0000 0.2194
vn -0.6350 0.6840 0.3591
vn -0.9179 0.0000 0.3969
vn -0.6350 -0.6840 0.3591
vn -0.9179 -0.0000 0.3969
vn -0.5431 0.6829 0.4885
vn -0.8133 0.0000 0.5819
vn -0.5431 -0.6829 0.4885
vn -0.8133 -0.0000 0.5819
vn -0.4244 0.6841 0.5932
vn -0.6646 -0.0000 0.7472
vn -0.4244 -0.6841 0.5932
vn -0.6646 0.0000 0.7472
vn -0.2979 0.6868 0.6629
vn -0.4926 0.0000 0.8703
vn -0.2979 -0.6868 0.6629
vn -0.4926 -0.0000 0.8703
vn -0.1810 0.6902 0.7006
vn -0.3237 0.0000 0.9462
vn -0.1810 -0.6902 0.7006
vn -0.3237 -0.0000 0.9462
vn -0.0821 0.6934 0.7158
vn -0.1751 0.0000 0.9845
vn -0.0821 -0.6934 0.7158
vn -0.1751 -0.0000 0.9845
vn 0.0063 0.6936 0.7203
vn -0.0522 0.0000 0.9986
vn 0.0063 -0.6936 0.7203
vn -0.0522 -0.0000 0.9986
vn 0.1095 0.6892 0.7163
vn 0.0698 -0.0000 0.9976
vn 0.1095 -0.6892 0.7163
vn 0.2367 0.6858 0.6882
vn 0.2314 0.0000 0.9729
vn 0.2367 -0.6858 0.6882
vn 0.3744 0.6833 0.6268
vn 0.4160 0.0000 0.9094
vn 0.3744 -0.6833 0.6268
vn 0.4160 -0.0000 0.9094
vn 0.5032 0.6828 0.5297
vn 0.6035 -0.0000 0.7973
vn 0.5032 -0.6828 0.5297
vn 0.6035 0.0000 0.7973
vn 0.6037 0.6845 0.4087
vn 0.7654 -0.0000 0.6435
vn 0.6037 -0.6845 0.4087
vn 0.6682 0.6876 0.2841
vn 0.8817 -0.0000 0.4717
vn 0.6682 -0.6876 0.2841
vn 0.8817 0.0000 0.4717
vn 0.7022 0.6910 0.1716
vn 0.9515 -0.0000 0.3077
vn 0.7022 -0.6910 0.1716
vn 0.9515 0.0000 0.3077
vn 0.7156 0.6942 0.0776
vn 0.9862 0.0000 0.1658
vn 0.7156 -0.6942 0.0776
vn 0.7183 0.6957 -0.0014
vn 0.9988 -0.0000 0.0494
vn 0.7183 -0.6957 -0.0014
vn 0.9988 0.0000 0.0494
vn 0.7159 0.6932 -0.0837
vn 0.9986 -0.0000 -0.0533
vn 0.7159 -0.6932 -0.0837
vn 0.9986 0.0000 -0.0533
vn 0.7000 0.6900 -0.1844
vn 0.9839 0.0000 -0.1785
vn 0.7000 -0.6900 -0.1844
vn 0.6610 0.6866 -0.3028
vn 0.9442 0.0000 -0.3294
vn 0.6610 -0.6866 -0.3028
vn 0.5895 0.6839 -0.4298
vn 0.8661 -0.0000 -0.4999
vn 0.5895 -0.6839 -0.4298
vn 0.4833 0.6830 -0.5477
vn 0.7407 -0.0000 -0.6718
vn 0.4833 -0.6830 -0.5477
vn 0.7407 0.0000 -0.6718
vn 0.3538 0.6842 -0.6378
vn 0.5744 -0.0000 -0.8186
vn 0.3538 -0.6842 -0.6378
vn 0.5744 0.0000 -0.8186
vn 0.2210 0.6870 -0.6922
vn 0.3904 -0.0000 -0.9206
vn 0.2210 -0.6870 -0.6922
vn 0.1016 0.6904 -0.7163
vn 0.2153 -0.0000 -0.9765
vn 0.1016 -0.6904 -0.7163
vn 0.2153 0.0000 -0.9765
vn 0.3227 0.8969 -0.3025
vn 0.0647 -0.0000 -0.9979
vn 0.3227 -0.8969 -0.3025
vn 0.0647 0.0000 -0.9979
vn 0.7161 0.6973 -0.0317
vn 1.0000 0.0000 -0.0000
vn 0.7161 -0.6973 -0.0317
vn 0.7155 0.6848 -0.1383
vn 0.9961 -0.0000 -0.0885
vn 0.7155 -0.6848 -0.1383
vn 0.9961 0.0000 -0.0885
vn 0.6709 0.6819 -0.2914
vn 0.9573 -0.0000 -0.2891
vn 0.6709 -0.6819 -0.2914
vn 0.9573 0.0000 -0.2891
vn 0.5846 0.6812 -0.4406
vn 0.8647 0.0000 -0.5022
vn 0.5846 -0.6812 -0.4406
vn 0.4677 0.6832 -0.5608
vn 0.7210 -0.0000 -0.6929
vn 0.4677 -0.6832 -0.5608
vn 0.3433 0.6868 -0.6407
vn 0.5521 -0.0000 -0.8338
vn 0.3433 -0.6868 -0.6407
vn 0.5521 0.0000 -0.8338
vn 0.2303 0.6907 -0.6855
vn 0.3883 -0.0000 -0.9215
vn 0.2303 -0.6907 -0.6855
vn 0.3883 0.0000 -0.9215
vn 0.1363 0.6941 -0.7068
vn 0.2468 -0.0000 -0.9691
vn 0.1363 -0.6941 -0.7068
vn 0.2468 0.0000 -0.9691
vn 0.0611 0.6968 -0.7146
vn 0.1313 -0.0000 -0.9913
vn 0.0611 -0.6968 -0.7146
vn 0.1313 0.0000 -0.9913
vn 0.0018 0.6990 -0.7151
vn 0.0389 -0.0000 -0.9992
vn 0.0018 -0.6990 -0.7151
vn 0.0389 0.0000 -0.9992
vn -0.0514 0.6986 -0.7136
vn -0.0338 -0.0000 -0.9994
vn -0.0514 -0.6986 -0.7136
vn -0.0338 0.0000 -0.9994
vn -0.1104 0.6972 -0.7083
vn -0.1097 -0.0000 -0.9940
vn -0.1104 -0.6972 -0.7083
vn -0.1097 0.0000 -0.9940
vn -0.1787 0.6956 -0.6959
vn -0.1979 -0.0000 -0.9802
vn -0.1787 -0.6956 -0.6959
vn -0.1979 0.0000 -0.9802
vn -0.2563 0.6938 -0.6730
vn -0.2989 -0.0000 -0.9543
vn -0.2563 -0.6938 -0.6730
vn -0.2989 0.0000 -0.9543
vn -0.3412 0.6921 -0.6361
vn -0.4115 -0.0000 -0.9114
vn -0.3412 -0.6921 -0.6361
vn -0.4115 0.0000 -0.9114
vn -0.4293 0.6906 -0.5820
vn -0.5317 0.0000 -0.8469
vn -0.4293 -0.6906 -0.5820
vn -0.5317 -0.0000 -0.8469
vn -0.5141 0.6898 -0.5099
vn -0.6522 0.0000 -0.7580
vn -0.5141 -0.6898 -0.5099
vn -0.5880 0.6897 -0.4226
vn -0.7633 0.0000 -0.6460
vn -0.5880 -0.6897 -0.4226
vn -0.7633 -0.0000 -0.6460
vn -0.7929 0.5775 0.1943
vn -0.8557 0.0000 -0.5175
vn -0.7929 -0.5775 0.1943
vn 0.2653 0.5685 0.7787
vn -0.5194 0.0000 0.8545
vn 0.2653 -0.5685 0.7787
vn -0.5194 -0.0000 0.8545
vn 0.6384 0.7173 0.2792
vn 0.9331 -0.0000 0.3596
vn 0.6384 -0.7173 0.2792
vn 0.9331 0.0000 0.3596
vn 0.6116 0.7170 0.3344
vn 0.8975 -0.0000 0.4411
vn 0.6116 -0.7170 0.3344
vn 0.8975 0.0000 0.4411
vn 0.5811 0.7167 0.3856
vn 0.8557 -0.0000 0.5175
vn 0.5811 -0.7167 0.3856
vn 0.8557 0.0000 0.5175
vn 0.5479 0.7162 0.4322
vn 0.8092 -0.0000 0.5875
vn 0.5479 -0.7162 0.4322
vn 0.5131 0.7157 0.4738
vn 0.7597 -0.0000 0.6503
vn 0.5131 -0.7157 0.4738
vn 0.4777 0.7151 0.5103
vn 0.7086 -0.0000 0.7056
vn 0.4777 -0.7151 0.5103
vn 0.7086 0.0000 0.7056
vn 0.4425 0.7145 0.5419
vn 0.6573 0.0000 0.7536
vn 0.4425 -0.7145 0.5419
vn 0.6573 -0.0000 0.7536
vn 0.4081 0.7139 0.5690
vn 0.6069 0.0000 0.7948
vn 0.4081 -0.7139 0.5690
vn 0.3677 0.7157 0.5938
vn 0.5582 0.0000 0.8297
vn 0.3677 -0.7157 0.5938
vn 0.3173 0.7172 0.6205
vn 0.4941 -0.0000 0.8694
vn 0.3173 -0.7172 0.6205
vn 0.4941 0.0000 0.8694
vn 0.2645 0.7162 0.6458
vn 0.4156 0.0000 0.9096
vn 0.2645 -0.7162 0.6458
vn 0.4156 -0.0000 0.9096
vn 0.2152 0.7153 0.6649
vn 0.3418 0.0000 0.9398
vn 0.2152 -0.7153 0.6649
vn 0.3418 -0.0000 0.9398
vn 0.1699 0.7144 0.6788
vn 0.2736 -0.0000 0.9618
vn 0.1699 -0.7144 0.6788
vn 0.2736 0.0000 0.9618
vn 0.1286 0.7136 0.6887
vn 0.2116 -0.0000 0.9774
vn 0.1286 -0.7136 0.6887
vn 0.2116 0.0000 0.9774
vn 0.0913 0.7129 0.6953
vn 0.1554 -0.0000 0.9879
vn 0.0913 -0.7129 0.6953
vn 0.0577 0.7123 0.6995
vn 0.1049 0.0000 0.9945
vn 0.0577 -0.7123 0.6995
vn 0.1049 -0.0000 0.9945
vn 0.0275 0.7117 0.7019
vn 0.0595 0.0000 0.9982
vn 0.0275 -0.7117 0.7019
vn 0.0595 -0.0000 0.9982
vn -0.0103 0.7147 0.6993
vn 0.0188 0.0000 0.9998
vn -0.0103 -0.7147 0.6993
vn 0.0188 -0.0000 0.9998
vn -0.0729 0.7202 0.6899
vn -0.0481 0.0000 0.9988
vn -0.0729 -0.7202 0.6899
vn -0.0481 -0.0000 0.9988
vn -0.1599 0.7235 0.6715
vn -0.1616 0.0000 0.9869
vn -0.1599 -0.7235 0.6715
vn -0.2627 0.7273 0.6340
vn -0.3004 -0.0000 0.9538
vn -0.2627 -0.7273 0.6340
vn -0.3004 0.0000 0.9538
vn -0.3759 0.7310 0.5696
vn -0.4622 0.0000 0.8868
vn -0.3759 -0.7310 0.5696
vn -0.4622 -0.0000 0.8868
vn -0.4870 0.7332 0.4747
vn -0.6336 0.0000 0.7737
vn -0.4870 -0.7332 0.4747
vn -0.6336 -0.0000 0.7737
vn -0.5801 0.7329 0.3555
vn -0.7896 0.0000 0.6136
vn -0.5801 -0.7329 0.3555
vn -0.7896 -0.0000 0.6136
vn -0.6443 0.7302 0.2274
vn -0.9051 0.0000 0.4251
vn -0.6443 -0.7302 0.2274
vn -0.9051 -0.0000 0.4251
vn -0.6789 0.7265 0.1065
vn -0.9715 0.0000 0.2372
vn -0.6789 -0.7265 0.1065
vn -0.9715 -0.0000 0.2372
vn -0.6984 0.7153 0.0251
vn -0.9974 0.0000 0.0716
vn -0.6984 -0.7153 0.0251
vn -0.9974 -0.0000 0.0716
vn -0.4897 0.8310 -0.2640
vn -0.4897 -0.8310 -0.2640
vn -0.4122 0.6997 -0.5835
vn -0.5496 -0.0000 -0.8354
vn -0.4122 -0.6997 -0.5835
vn -0.5496 0.0000 -0.8354
vn -0.4465 0.7008 -0.5563
vn -0.6038 -0.0000 -0.7972
vn -0.4465 -0.7008 -0.5563
vn -0.6038 0.0000 -0.7972
vn -0.4744 0.7017 -0.5315
vn -0.6477 0.0000 -0.7619
vn -0.4744 -0.7017 -0.5315
vn -0.4972 0.7025 -0.5092
vn -0.6836 0.0000 -0.7298
vn -0.4972 -0.7025 -0.5092
vn -0.6836 -0.0000 -0.7298
vn -0.5162 0.7031 -0.4892
vn -0.7133 -0.0000 -0.7008
vn -0.5162 -0.7031 -0.4892
vn -0.7133 0.0000 -0.7008
vn -0.5320 0.7036 -0.4711
vn -0.7381 -0.0000 -0.6747
vn -0.5320 -0.7036 -0.4711
vn -0.5454 0.7040 -0.4549
vn -0.7590 -0.0000 -0.6511
vn -0.5454 -0.7040 -0.4549
vn -0.7590 0.0000 -0.6511
vn -0.5568 0.7044 -0.4403
vn -0.7767 0.0000 -0.6299
vn -0.5568 -0.7044 -0.4403
vn -0.7767 -0.0000 -0.6299
vn -0.5595 0.7073 -0.4321
vn -0.7919 0.0000 -0.6107
vn -0.5595 -0.7073 -0.4321
vn -0.7919 -0.0000 -0.6107
vn -0.5529 0.7095 -0.4370
vn -0.7911 0.0000 -0.6117
vn -0.5529 -0.7095 -0.4370
vn -0.7911 -0.0000 -0.6117
vn -0.5419 0.7101 -0.4496
vn -0.7780 0.0000 -0.6283
vn -0.5419 -0.7101 -0.4496
vn -0.7780 -0.0000 -0.6283
vn -0.5272 0.7110 -0.4653
vn -0.7610 -0.0000 -0.6487
vn -0.5272 -0.7110 -0.4653
vn -0.7610 0.0000 -0.6487
vn -0.5071 0.7123 -0.4852
vn -0.7383 0.0000 -0.6745
vn -0.5071 -0.7123 -0.4852
vn -0.4780 0.7145 -0.5109
vn -0.7064 -0.0000 -0.7078
vn -0.4780 -0.7145 -0.5109
vn -0.7064 0.0000 -0.7078
vn -0.4331 0.7181 -0.5448
vn -0.6592 0.0000 -0.7520
vn -0.4331 -0.7181 -0.5448
vn -0.6592 -0.0000 -0.7520
vn -0.3579 0.7249 -0.5886
vn -0.5839 0.0000 -0.8119
vn -0.3579 -0.7249 -0.5886
vn -0.5839 -0.0000 -0.8119
vn -0.2220 0.7384 -0.6368
vn -0.4520 -0.0000 -0.8920
vn -0.2220 -0.7384 -0.6368
vn -0.4520 0.0000 -0.8920
vn -0.0186 0.7482 -0.6632
vn -0.2004 0.0000 -0.9797
vn -0.0186 -0.7482 -0.6632
vn -0.2004 -0.0000 -0.9797
vn 0.2002 0.7445 -0.6370
vn 0.1453 -0.0000 -0.9894
vn 0.2002 -0.7445 -0.6370
vn 0.1453 0.0000 -0.9894
vn 0.3859 0.7426 -0.5474
vn 0.4467 -0.0000 -0.8947
vn 0.3859 -0.7426 -0.5474
vn 0.4467 0.0000 -0.8947
vn 0.5252 0.7355 -0.4280
vn 0.6926 -0.0000 -0.7213
vn 0.5252 -0.7355 -0.4280
vn 0.6926 0.0000 -0.7213
vn 0.6108 0.7280 -0.3113
vn 0.8463 -0.0000 -0.5327
vn 0.6108 -0.7280 -0.3113
vn 0.8463 0.0000 -0.5327
vn 0.6576 0.7222 -0.2145
vn 0.9283 -0.0000 -0.3718
vn 0.6576 -0.7222 -0.2145
vn 0.9283 0.0000 -0.3718
vn 0.6818 0.7182 -0.1391
vn 0.9690 0.0000 -0.2470
vn 0.6818 -0.7182 -0.1391
vn 0.6940 0.7154 -0.0811
vn 0.9883 -0.0000 -0.1522
vn 0.6940 -0.7154 -0.0811
vn 0.6997 0.7135 -0.0362
vn 0.9968 0.0000 -0.0799
vn 0.6997 -0.7135 -0.0362
vn 0.7044 0.7098 -0.0083
vn 0.9997 -0.0000 -0.0236
vn 0.7044 -0.7098 -0.0083
vn 0.9997 0.0000 -0.0236
vn 0.7136 0.7002 -0.0221
vn 0.7136 -0.7002 -0.0221
vn 0.7162 0.6910 -0.0973
vn 0.9981 -0.0000 -0.0620
vn 0.7162 -0.6910 -0.0973
vn 0.9981 0.0000 -0.0620
vn 0.6942 0.6877 -0.2124
vn 0.9784 -0.0000 -0.2066
vn 0.6942 -0.6877 -0.2124
vn 0.9784 0.0000 -0.2066
vn 0.6435 0.6847 -0.3422
vn 0.9265 -0.0000 -0.3762
vn 0.6435 -0.6847 -0.3422
vn 0.9265 0.0000 -0.3762
vn 0.5576 0.6831 -0.4716
vn 0.8300 0.0000 -0.5577
vn 0.5576 -0.6831 -0.4716
vn 0.4419 0.6836 -0.5808
vn 0.6877 -0.0000 -0.7260
vn 0.4419 -0.6836 -0.5808
vn 0.3138 0.6860 -0.6564
vn 0.5162 -0.0000 -0.8565
vn 0.3138 -0.6860 -0.6564
vn 0.5162 0.0000 -0.8565
vn 0.1920 0.6893 -0.6985
vn 0.3423 -0.0000 -0.9396
vn 0.1920 -0.6893 -0.6985
vn 0.0874 0.6926 -0.7160
vn 0.1861 -0.0000 -0.9825
vn 0.0874 -0.6926 -0.7160
vn 0.1861 0.0000 -0.9825
vn 0.0059 0.6966 -0.7175
vn 0.0556 -0.0000 -0.9985
vn 0.0059 -0.6966 -0.7175
vn 0.0556 0.0000 -0.9985
vn -0.0582 0.6978 -0.7140
vn -0.0393 0.0000 -0.9992
vn -0.0582 -0.6978 -0.7140
vn -0.1208 0.6970 -0.7069
vn -0.1232 -0.0000 -0.9924
vn -0.1208 -0.6970 -0.7069
vn -0.1232 0.0000 -0.9924
vn -0.1874 0.6962 -0.6929
vn -0.2134 -0.0000 -0.9770
vn -0.1874 -0.6962 -0.6929
vn -0.2134 0.0000 -0.9770
vn -0.2563 0.6957 -0.6711
vn -0.3081 0.0000 -0.9514
vn -0.2563 -0.6957 -0.6711
vn -0.3081 -0.0000 -0.9514
vn -0.3255 0.6953 -0.6408
vn -0.4046 -0.0000 -0.9145
vn -0.3255 -0.6953 -0.6408
vn -0.4046 0.0000 -0.9145
vn -0.3923 0.6952 -0.6024
vn -0.4998 0.0000 -0.8662
vn -0.3923 -0.6952 -0.6024
vn -0.4543 0.6953 -0.5569
vn -0.5900 -0.0000 -0.8074
vn -0.4543 -0.6953 -0.5569
vn -0.5900 0.0000 -0.8074
vn -0.5096 0.6957 -0.5062
vn -0.6724 -0.0000 -0.7402
vn -0.5096 -0.6957 -0.5062
vn -0.6724 0.0000 -0.7402
vn -0.5519 0.6982 -0.4560
vn -0.7447 -0.0000 -0.6674
vn -0.5519 -0.6982 -0.4560
vn -0.5822 0.6998 -0.4138
vn -0.7958 -0.0000 -0.6056
vn -0.5822 -0.6998 -0.4138
vn -0.7958 0.0000 -0.6056
vn -0.6091 0.6994 -0.3740
vn -0.8335 0.0000 -0.5525
vn -0.6091 -0.6994 -0.3740
vn -0.8335 -0.0000 -0.5525
vn -0.6346 0.6989 -0.3298
vn -0.8698 0.0000 -0.4933
vn -0.6346 -0.6989 -0.3298
vn -0.8698 -0.0000 -0.4933
vn -0.6579 0.6986 -0.2814
vn -0.9037 0.0000 -0.4282
vn -0.6579 -0.6986 -0.2814
vn -0.9037 -0.0000 -0.4282
vn -0.6782 0.6983 -0.2292
vn -0.9339 0.0000 -0.3576
vn -0.6782 -0.6983 -0.2292
vn -0.9339 -0.0000 -0.3576
vn -0.6946 0.6981 -0.1740
vn -0.9593 0.0000 -0.2822
vn -0.6946 -0.6981 -0.1740
vn -0.7066 0.6980 -0.1166
vn -0.9791 -0.0000 -0.2033
vn -0.7066 -0.6980 -0.1166
vn -0.9791 0.0000 -0.2033
vn -0.7137 0.6980 -0.0583
vn -0.9925 0.0000 -0.1221
vn -0.7137 -0.6980 -0.0583
vn -0.9925 -0.0000 -0.1221
vn -0.7179 0.6961 0.0066
vn -0.9992 0.0000 -0.0405
vn -0.7179 -0.6961 0.0066
vn -0.9992 -0.0000 -0.0405
vn -0.7161 0.6918 0.0924
vn -0.9983 0.0000 0.0589
vn -0.7161 -0.6918 0.0924
vn -0.9983 -0.0000 0.0589
vn -0.6964 0.6885 0.2025
vn -0.9805 0.0000 0.1966
vn -0.6964 -0.6885 0.2025
vn -0.6500 0.6853 0.3284
vn -0.9331 0.0000 0.3597
vn -0.6500 -0.6853 0.3284
vn -0.9331 -0.0000 0.3597
vn -0.5690 0.6833 0.4575
vn -0.8431 -0.0000 0.5378
vn -0.5690 -0.6833 0.4575
vn -0.8431 0.0000 0.5378
vn -0.4562 0.6834 0.5700
vn -0.7063 0.0000 0.7080
vn -0.4562 -0.6834 0.5700
vn -0.7063 -0.0000 0.7080
vn -0.3272 0.6854 0.6505
vn -0.5360 0.0000 0.8442
vn -0.3272 -0.6854 0.6505
vn -0.2016 0.6885 0.6966
vn -0.3582 0.0000 0.9336
vn -0.2016 -0.6885 0.6966
vn -0.3582 -0.0000 0.9336
vn -0.0920 0.6919 0.7161
vn -0.1957 0.0000 0.9807
vn -0.0920 -0.6919 0.7161
vn -0.1957 -0.0000 0.9807
vn -0.3207 0.8976 0.3024
vn -0.0586 0.0000 0.9983
vn -0.3207 -0.8976 0.3024
vn -0.0586 -0.0000 0.9983
vn -0.2137 0.7289 0.6504
vn -0.0994 0.7251 0.6814
vn -0.2213 0.0000 0.9752
vn -0.0994 -0.7251 0.6814
vn -0.2137 -0.7289 0.6504
vn -0.2213 -0.0000 0.9752
vn -0.3377 0.7319 0.5918
vn -0.4000 0.0000 0.9165
vn -0.3377 -0.7319 0.5918
vn -0.4000 -0.0000 0.9165
vn -0.4571 0.7330 0.5037
vn -0.5855 0.0000 0.8107
vn -0.4571 -0.7330 0.5037
vn -0.5855 -0.0000 0.8107
vn -0.5561 0.7316 0.3942
vn -0.7503 0.0000 0.6611
vn -0.5561 -0.7316 0.3942
vn -0.6259 0.7284 0.2787
vn -0.8722 0.0000 0.4891
vn -0.6259 -0.7284 0.2787
vn -0.8722 -0.0000 0.4891
vn -0.6676 0.7246 0.1709
vn -0.9471 0.0000 0.3210
vn -0.6676 -0.7246 0.1709
vn -0.9471 -0.0000 0.3210
vn -0.6883 0.7212 0.0782
vn -0.9848 -0.0000 0.1735
vn -0.6883 -0.7212 0.0782
vn -0.6950 0.7190 -0.0003
vn -0.9987 0.0000 0.0518
vn -0.6950 -0.7190 -0.0003
vn -0.6880 0.7214 -0.0794
vn -0.9986 -0.0000 -0.0526
vn -0.6880 -0.7214 -0.0794
vn -0.6667 0.7249 -0.1733
vn -0.9844 -0.0000 -0.1762
vn -0.6667 -0.7249 -0.1733
vn -0.6241 0.7286 -0.2822
vn -0.9455 0.0000 -0.3255
vn -0.6241 -0.7286 -0.2822
vn -0.9455 -0.0000 -0.3255
vn -0.5532 0.7318 -0.3982
vn -0.8689 0.0000 -0.4949
vn -0.5532 -0.7318 -0.3982
vn -0.8689 -0.0000 -0.4949
vn -0.4533 0.7330 -0.5072
vn -0.7451 0.0000 -0.6669
vn -0.4533 -0.7330 -0.5072
vn -0.7451 -0.0000 -0.6669
vn -0.3339 0.7317 -0.5942
vn -0.5795 -0.0000 -0.8150
vn -0.3339 -0.7317 -0.5942
vn -0.5795 0.0000 -0.8150
vn -0.2108 0.7286 -0.6517
vn -0.3948 -0.0000 -0.9188
vn -0.2108 -0.7286 -0.6517
vn -0.0980 0.7249 -0.6819
vn -0.2181 -0.0000 -0.9759
vn -0.0980 -0.7249 -0.6819
vn -0.2181 0.0000 -0.9759
vn -0.0004 0.7220 -0.6919
vn -0.0656 0.0000 -0.9978
vn -0.0004 -0.7220 -0.6919
vn 0.0964 0.7246 -0.6824
vn 0.0645 -0.0000 -0.9979
vn 0.0964 -0.7246 -0.6824
vn 0.0645 0.0000 -0.9979
vn 0.2077 0.7283 -0.6530
vn 0.2145 -0.0000 -0.9767
vn 0.2077 -0.7283 -0.6530
vn 0.2145 0.0000 -0.9767
vn 0.3297 0.7315 -0.5968
vn 0.3890 0.0000 -0.9212
vn 0.3297 -0.7315 -0.5968
vn 0.4491 0.7329 -0.5110
vn 0.5728 -0.0000 -0.8197
vn 0.4491 -0.7329 -0.5110
vn 0.5728 0.0000 -0.8197
vn 0.5498 0.7319 -0.4026
vn 0.7393 -0.0000 -0.6733
vn 0.5498 -0.7319 -0.4026
vn 0.7393 0.0000 -0.6733
vn 0.6220 0.7289 -0.2861
vn 0.8652 -0.0000 -0.5015
vn 0.6220 -0.7289 -0.2861
vn 0.8652 0.0000 -0.5015
vn 0.6657 0.7252 -0.1761
vn 0.9438 0.0000 -0.3306
vn 0.6657 -0.7252 -0.1761
vn 0.6876 0.7216 -0.0807
vn 0.9838 -0.0000 -0.1792
vn 0.6876 -0.7216 -0.0807
vn 0.9838 0.0000 -0.1792
vn 0.6947 0.7193 -0.0003
vn 0.9986 0.0000 -0.0535
vn 0.6947 -0.7193 -0.0003
vn 0.6879 0.7214 0.0795
vn 0.9986 -0.0000 0.0527
vn 0.6879 -0.7214 0.0795
vn 0.9986 0.0000 0.0527
vn 0.6666 0.7249 0.1736
vn 0.9843 -0.0000 0.1765
vn 0.6666 -0.7249 0.1736
vn 0.9843 0.0000 0.1765
vn 0.6239 0.7287 0.2826
vn 0.9454 -0.0000 0.3260
vn 0.6239 -0.7287 0.2826
vn 0.5528 0.7318 0.3986
vn 0.8686 -0.0000 0.4956
vn 0.5528 -0.7318 0.3986
vn 0.8686 0.0000 0.4956
vn 0.4529 0.7330 0.5076
vn 0.7445 -0.0000 0.6676
vn 0.4529 -0.7330 0.5076
vn 0.7445 0.0000 0.6676
vn 0.3335 0.7317 0.5945
vn 0.5788 0.0000 0.8155
vn 0.3335 -0.7317 0.5945
vn 0.5788 -0.0000 0.8155
vn 0.2105 0.7286 0.6518
vn 0.3942 0.0000 0.9190
vn 0.2105 -0.7286 0.6518
vn 0.0978 0.7248 0.6819
vn 0.2177 0.0000 0.9760
vn 0.0978 -0.7248 0.6819
vn 0.2177 -0.0000 0.9760
vn -0.0004 0.7223 0.6916
vn 0.0655 0.0000 0.9979
vn -0.0004 -0.7223 0.6916
vn 0.0655 -0.0000 0.9979
vn -0.0666 0.0000 0.9978
vn -0.0666 -0.0000 0.9978
vn -0.2545 0.7328 0.6311
vn -0.1209 0.7292 0.6736
vn -0.2695 0.0000 0.9630
vn -0.1209 -0.7292 0.6736
vn -0.2545 -0.7328 0.6311
vn -0.2695 -0.0000 0.9630
vn -0.3893 0.7343 0.5561
vn -0.4740 0.0000 0.8805
vn -0.3893 -0.7343 0.5561
vn -0.5061 0.7330 0.4545
vn -0.6651 0.0000 0.7468
vn -0.5061 -0.7330 0.4545
vn -0.5923 0.7295 0.3420
vn -0.8136 0.0000 0.5814
vn -0.5923 -0.7295 0.3420
vn -0.8136 -0.0000 0.5814
vn -0.6472 0.7254 0.2344
vn -0.9103 0.0000 0.4139
vn -0.6472 -0.7254 0.2344
vn -0.9103 -0.0000 0.4139
vn -0.6778 0.7216 0.1410
vn -0.9642 0.0000 0.2650
vn -0.6778 -0.7216 0.1410
vn -0.9642 -0.0000 0.2650
vn -0.6926 0.7185 0.0639
vn -0.9899 -0.0000 0.1415
vn -0.6926 -0.7185 0.0639
vn -0.6987 0.7154 0.0038
vn -0.9991 0.0000 0.0420
vn -0.6987 -0.7154 0.0038
vn -0.9991 -0.0000 0.0420
vn -0.6969 0.7156 -0.0478
vn -0.9995 0.0000 -0.0312
vn -0.6969 -0.7156 -0.0478
vn -0.9995 -0.0000 -0.0312
vn -0.6878 0.7180 -0.1065
vn -0.9944 0.0000 -0.1056
vn -0.6878 -0.7180 -0.1065
vn -0.9944 -0.0000 -0.1056
vn -0.6686 0.7214 -0.1805
vn -0.9798 -0.0000 -0.2001
vn -0.6686 -0.7214 -0.1805
vn -0.6317 0.7258 -0.2723
vn -0.9474 0.0000 -0.3201
vn -0.6317 -0.7258 -0.2723
vn -0.5662 0.7311 -0.3806
vn -0.8832 0.0000 -0.4690
vn -0.5662 -0.7311 -0.3806
vn -0.8832 -0.0000 -0.4690
vn -0.4619 0.7361 -0.4947
vn -0.7678 0.0000 -0.6407
vn -0.4619 -0.7361 -0.4947
vn -0.7678 -0.0000 -0.6407
vn -0.3195 0.7383 -0.5940
vn -0.5866 0.0000 -0.8099
vn -0.3195 -0.7383 -0.5940
vn -0.1577 0.7363 -0.6581
vn -0.3525 0.0000 -0.9358
vn -0.1577 -0.7363 -0.6581
vn -0.0103 0.7292 -0.6843
vn -0.1101 -0.0000 -0.9939
vn -0.0103 -0.7292 -0.6843
vn -0.1101 0.0000 -0.9939
vn 0.1184 0.7287 -0.6745
vn 0.0803 -0.0000 -0.9968
vn 0.1184 -0.7287 -0.6745
vn 0.0803 0.0000 -0.9968
vn 0.2500 0.7324 -0.6334
vn 0.2641 -0.0000 -0.9645
vn 0.2500 -0.7324 -0.6334
vn 0.2641 0.0000 -0.9645
vn 0.3838 0.7341 -0.5602
vn 0.4659 -0.0000 -0.8848
vn 0.3838 -0.7341 -0.5602
vn 0.4659 0.0000 -0.8848
vn 0.5011 0.7331 -0.4599
vn 0.6569 -0.0000 -0.7540
vn 0.5011 -0.7331 -0.4599
vn 0.6569 0.0000 -0.7540
vn 0.5888 0.7298 -0.3474
vn 0.8075 -0.0000 -0.5898
vn 0.5888 -0.7298 -0.3474
vn 0.8075 0.0000 -0.5898
vn 0.6452 0.7257 -0.2388
vn 0.9068 0.0000 -0.4215
vn 0.6452 -0.7257 -0.2388
vn 0.6769 0.7219 -0.1439
vn 0.9627 -0.0000 -0.2705
vn 0.6769 -0.7219 -0.1439
vn 0.9627 0.0000 -0.2705
vn 0.6922 0.7188 -0.0653
vn 0.9895 -0.0000 -0.1445
vn 0.6922 -0.7188 -0.0653
vn 0.7020 0.7120 -0.0151
vn 0.9991 -0.0000 -0.0429
vn 0.7020 -0.7120 -0.0151
vn 0.9991 0.0000 -0.0429
vn 0.2749 0.9140 0.2984
vn 0.2749 -0.9140 0.2984
vn -0.0821 0.0000 0.9966
vn -0.0821 -0.0000 0.9966
vn 0.0000 -1.0000 -0.0000
vn 0.0000 1.0000 -0.0000
# 889 vertex normals

o Cho_Chin
g Cho_Chin
s 1
f 1//1 2//2 3//3 
f 4//4 5//5 6//3 
s 3
f 7//6 1//1 8//7 
f 5//5 9//8 10//9 
s 2
f 11//10 7//6 12//11 
f 9//8 13//12 14//11 
f 15//13 11//10 16//14 
f 13//12 17//15 18//16 
f 19//17 15//13 20//18 
f 17//15 21//19 22//20 
f 23//21 19//17 24//22 
f 21//19 25//23 26//24 
f 27//25 23//21 28//26 
f 25//23 29//27 30//28 
f 31//29 27//25 32//30 
f 29//27 33//31 34//30 
f 35//32 31//29 36//33 
f 33//31 37//34 38//35 
f 39//36 35//32 40//37 
f 37//34 41//38 42//39 
f 43//40 39//36 44//41 
f 41//38 45//42 46//43 
f 47//44 43//40 48//45 
f 45//42 49//46 50//47 
f 51//48 47//44 52//49 
f 49//46 53//50 54//51 
f 55//52 51//48 56//53 
f 53//50 57//54 58//53 
f 59//55 55//52 60//56 
f 57//54 61//57 62//56 
f 63//58 59//55 64//59 
f 61//57 65//60 66//59 
f 67//61 63//58 68//62 
f 65//60 69//63 70//64 
f 71//65 67//61 72//66 
f 69//63 73//67 74//68 
f 75//69 71//65 76//70 
f 73//67 77//71 78//72 
f 79//73 75//69 80//74 
f 77//71 81//75 82//74 
f 83//76 79//73 84//77 
f 81//75 85//78 86//77 
f 87//79 83//76 88//80 
f 85//78 89//81 90//82 
f 91//83 87//79 92//84 
f 89//81 93//85 94//86 
f 95//87 91//83 96//88 
f 93//85 97//89 98//88 
f 99//90 95//87 100//91 
f 97//89 101//92 102//91 
f 103//93 99//90 104//94 
f 101//92 105//95 106//94 
f 107//96 103//93 108//97 
f 105//95 109//98 110//99 
f 111//100 107//96 112//101 
f 109//98 113//102 114//103 
f 115//104 111//100 116//105 
f 113//102 117//106 118//107 
f 119//108 115//104 120//109 
f 117//106 121//110 122//109 
f 123//111 119//108 124//112 
f 121//110 125//113 126//114 
f 127//115 123//111 128//116 
f 125//113 129//117 130//118 
f 131//119 127//115 132//120 
f 129//117 133//121 134//122 
f 135//123 131//119 136//124 
f 133//121 137//125 138//126 
f 139//127 135//123 140//128 
f 137//125 141//129 142//130 
f 143//131 139//127 144//132 
f 141//129 145//133 146//132 
s 4
f 147//134 143//131 148//135 
f 145//133 149//136 150//135 
s 2
f 151//137 147//134 152//138 
f 149//136 153//139 154//140 
f 155//141 151//137 156//142 
f 153//139 157//143 158//144 
f 159//145 155//141 160//146 
f 157//143 161//147 162//148 
f 163//149 159//145 164//150 
f 161//147 165//151 166//152 
f 167//153 163//149 168//154 
f 165//151 169//155 170//156 
f 171//157 167//153 172//158 
f 169//155 173//159 174//160 
f 175//161 171//157 176//162 
f 173//159 177//163 178//164 
f 179//165 175//161 180//166 
f 177//163 181//167 182//168 
f 183//169 179//165 184//170 
f 181//167 185//171 186//172 
f 187//173 183//169 188//174 
f 185//171 189//175 190//174 
f 191//176 187//173 192//177 
f 189//175 193//178 194//177 
f 195//179 191//176 196//180 
f 193//178 197//181 198//182 
f 199//183 195//179 200//184 
f 197//181 201//185 202//186 
f 203//187 199//183 204//188 
f 201//185 205//189 206//188 
f 207//190 203//187 208//191 
f 205//189 209//192 210//193 
f 211//194 207//190 212//195 
f 209//192 213//196 214//197 
f 215//198 211//194 216//199 
f 213//196 217//200 218//199 
f 219//201 215//198 220//202 
f 217//200 221//203 222//204 
f 223//205 219//201 224//206 
f 221//203 225//207 226//208 
f 227//209 223//205 228//210 
f 225//207 229//211 230//210 
f 231//212 227//209 232//213 
f 229//211 233//214 234//213 
f 235//215 231//212 236//216 
f 233//214 237//217 238//216 
f 239//218 235//215 240//219 
f 237//217 241//220 242//221 
f 243//222 239//218 244//223 
f 241//220 245//224 246//225 
f 247//226 243//222 248//227 
f 245//224 249//228 250//227 
f 251//229 247//226 252//230 
f 249//228 253//231 254//232 
f 255//233 251//229 256//234 
f 253//231 257//235 258//236 
s 4
f 259//237 255//233 260//238 
f 257//235 261//239 262//238 
s 2
f 263//240 259//237 264//241 
f 261//239 265//242 266//243 
f 267//244 263//240 268//245 
f 265//242 269//246 270//247 
f 271//248 267//244 272//249 
f 269//246 273//250 274//249 
f 275//251 271//248 276//252 
f 273//250 277//253 278//252 
f 279//254 275//251 280//255 
f 277//253 281//256 282//257 
f 283//258 279//254 284//259 
f 281//256 285//260 286//261 
f 287//262 283//258 288//263 
f 285//260 289//264 290//265 
f 291//266 287//262 292//267 
f 289//264 293//268 294//269 
f 295//270 291//266 296//271 
f 293//268 297//272 298//273 
f 299//274 295//270 300//275 
f 297//272 301//276 302//277 
f 303//278 299//274 304//279 
f 301//276 305//280 306//281 
f 307//282 303//278 308//283 
f 305//280 309//284 310//285 
f 311//286 307//282 312//287 
f 309//284 313//288 314//289 
f 315//290 311//286 316//291 
f 313//288 317//292 318//293 
f 319//294 315//290 320//295 
f 317//292 321//296 322//297 
f 323//298 319//294 324//299 
f 321//296 325//300 326//299 
f 327//301 323//298 328//302 
f 325//300 329//303 330//304 
f 331//305 327//301 332//306 
f 329//303 333//307 334//306 
s 4
f 335//308 331//305 336//309 
f 333//307 337//310 338//311 
s 2
f 339//312 335//308 340//313 
f 337//310 341//314 342//315 
f 343//316 339//312 344//317 
f 341//314 345//318 346//319 
f 347//320 343//316 348//321 
f 345//318 349//322 350//323 
f 351//324 347//320 352//325 
f 349//322 353//326 354//325 
f 355//327 351//324 356//328 
f 353//326 357//329 358//328 
f 359//330 355//327 360//331 
f 357//329 361//332 362//333 
f 363//334 359//330 364//335 
f 361//332 365//336 366//337 
f 367//338 363//334 368//339 
f 365//336 369//340 370//339 
f 371//341 367//338 372//342 
f 369//340 373//343 374//342 
f 375//344 371//341 376//345 
f 373//343 377//346 378//347 
f 379//348 375//344 380//349 
f 377//346 381//350 382//351 
f 383//352 379//348 384//353 
f 381//350 385//354 386//355 
f 387//356 383//352 388//357 
f 385//354 389//358 390//359 
f 391//360 387//356 392//361 
f 389//358 393//362 394//363 
f 395//364 391//360 396//365 
f 393//362 397//366 398//365 
f 399//367 395//364 400//368 
f 397//366 401//369 402//370 
f 403//371 399//367 404//372 
f 401//369 405//373 406//374 
f 407//375 403//371 408//376 
f 405//373 409//377 410//378 
f 411//379 407//375 412//380 
f 409//377 413//381 414//382 
f 415//383 411//379 416//384 
f 413//381 417//385 418//384 
f 419//386 415//383 420//387 
f 417//385 421//388 422//389 
f 423//390 419//386 424//391 
f 421//388 425//392 426//393 
f 427//394 423//390 428//395 
f 425//392 429//396 430//397 
f 431//398 427//394 432//399 
f 429//396 433//400 434//401 
f 435//402 431//398 436//403 
f 433//400 437//404 438//405 
f 439//406 435//402 440//407 
f 437//404 441//408 442//409 
f 443//410 439//406 444//411 
f 441//408 445//412 446//413 
s 4
f 447//414 443//410 448//135 
f 445//412 449//415 450//135 
s 2
f 451//416 447//414 452//417 
f 449//415 453//418 454//419 
f 455//420 451//416 456//421 
f 453//418 457//422 458//423 
f 459//424 455//420 460//425 
f 457//422 461//426 462//425 
f 463//427 459//424 464//428 
f 461//426 465//429 466//430 
f 467//431 463//427 468//432 
f 465//429 469//433 470//434 
f 471//435 467//431 472//436 
f 469//433 473//437 474//436 
f 475//438 471//435 476//439 
f 473//437 477//440 478//441 
f 479//442 475//438 480//443 
f 477//440 481//444 482//445 
f 483//446 479//442 484//447 
f 481//444 485//448 486//449 
f 487//450 483//446 488//451 
f 485//448 489//452 490//453 
f 491//454 487//450 492//455 
f 489//452 493//456 494//457 
f 495//458 491//454 496//459 
f 493//456 497//460 498//461 
f 499//462 495//458 500//463 
f 497//460 501//464 502//463 
f 503//465 499//462 504//466 
f 501//464 505//467 506//468 
f 507//469 503//465 508//470 
f 505//467 509//471 510//472 
f 511//473 507//469 512//474 
f 509//471 513//475 514//476 
f 515//477 511//473 516//478 
f 513//475 517//479 518//480 
f 519//481 515//477 520//482 
f 517//479 521//483 522//484 
f 523//485 519//481 524//486 
f 521//483 525//487 526//488 
f 527//489 523//485 528//490 
f 525//487 529//491 530//492 
f 531//493 527//489 532//494 
f 529//491 533//495 534//496 
f 535//497 531//493 536//498 
f 533//495 537//499 538//500 
f 539//501 535//497 540//502 
f 537//499 541//503 542//504 
f 543//505 539//501 544//506 
f 541//503 545//507 546//506 
f 547//508 543//505 548//509 
f 545//507 549//510 550//509 
f 551//511 547//508 552//512 
f 549//510 553//513 554//512 
f 555//514 551//511 556//515 
f 553//513 557//516 558//517 
s 4
f 559//518 555//514 560//238 
f 557//516 561//519 562//238 
s 2
f 563//520 559//518 564//521 
f 561//519 565//522 566//523 
f 567//524 563//520 568//525 
f 565//522 569//526 570//527 
f 571//528 567//524 572//529 
f 569//526 573//530 574//531 
f 575//532 571//528 576//533 
f 573//530 577//534 578//533 
f 579//535 575//532 580//536 
f 577//534 581//537 582//536 
f 583//538 579//535 584//539 
f 581//537 585//540 586//541 
f 587//542 583//538 588//543 
f 585//540 589//544 590//543 
f 591//545 587//542 592//546 
f 589//544 593//547 594//548 
f 595//549 591//545 596//550 
f 593//547 597//551 598//552 
f 599//553 595//549 600//554 
f 597//551 601//555 602//554 
f 603//556 599//553 604//557 
f 601//555 605//558 606//559 
f 607//560 603//556 608//561 
f 605//558 609//562 610//563 
f 611//564 607//560 612//565 
f 609//562 613//566 614//567 
f 615//568 611//564 616//569 
f 613//566 617//570 618//571 
f 619//572 615//568 620//573 
f 617//570 621//574 622//573 
f 623//575 619//572 624//576 
f 621//574 625//577 626//578 
f 627//579 623//575 628//580 
f 625//577 629//581 630//582 
f 631//583 627//579 632//584 
f 629//581 633//585 634//584 
f 635//586 631//583 636//587 
f 633//585 637//588 638//589 
f 639//590 635//586 640//591 
f 637//588 641//592 642//593 
f 643//594 639//590 644//595 
f 641//592 645//596 646//597 
f 647//598 643//594 648//599 
f 645//596 649//600 650//601 
f 651//602 647//598 652//603 
f 649//600 653//604 654//605 
f 655//606 651//602 656//607 
f 653//604 657//608 658//607 
f 659//609 655//606 660//610 
f 657//608 661//611 662//612 
f 663//613 659//609 664//614 
f 661//611 665//615 666//616 
f 667//617 663//613 668//618 
f 665//615 669//619 670//620 
f 671//621 667//617 672//622 
f 669//619 673//623 674//624 
f 675//625 671//621 676//626 
f 673//623 677//627 678//626 
f 679//628 675//625 680//629 
f 677//627 681//630 682//631 
f 683//632 679//628 684//633 
f 681//630 685//634 686//635 
f 687//636 683//632 688//637 
f 685//634 689//638 690//639 
f 691//640 687//636 692//641 
f 689//638 693//642 694//641 
f 695//643 691//640 696//644 
f 693//642 697//645 698//646 
f 699//647 695//643 700//648 
f 697//645 701//649 702//650 
f 703//651 699//647 704//652 
f 701//649 705//653 706//654 
s 4
f 2//2 703//651 707//135 
f 705//653 4//4 708//135 
s 1
f 709//655 710//656 711//657 
f 712//658 713//659 714//660 
s 3
f 715//661 709//655 716//662 
f 713//659 717//663 718//664 
s 2
f 719//665 715//661 720//666 
f 717//663 721//667 722//668 
f 723//669 719//665 724//670 
f 721//667 725//671 726//670 
f 727//672 723//669 728//673 
f 725//671 729//674 730//675 
f 731//676 727//672 732//677 
f 729//674 733//678 734//679 
f 735//680 731//676 736//681 
f 733//678 737//682 738//681 
f 739//683 735//680 740//684 
f 737//682 741//685 742//684 
f 743//686 739//683 744//687 
f 741//685 745//688 746//687 
f 747//689 743//686 748//690 
f 745//688 749//691 750//690 
f 751//692 747//689 752//693 
f 749//691 753//694 754//695 
f 755//696 751//692 756//697 
f 753//694 757//698 758//699 
f 759//700 755//696 760//701 
f 757//698 761//702 762//703 
f 763//704 759//700 764//705 
f 761//702 765//706 766//707 
f 767//708 763//704 768//709 
f 765//706 769//710 770//709 
f 771//711 767//708 772//712 
f 769//710 773//713 774//714 
f 775//715 771//711 776//716 
f 773//713 777//717 778//716 
f 779//718 775//715 780//719 
f 777//717 781//720 782//721 
f 783//722 779//718 784//723 
f 781//720 785//724 786//725 
f 787//726 783//722 788//727 
f 785//724 789//728 790//727 
f 791//729 787//726 792//730 
f 789//728 793//731 794//732 
f 795//733 791//729 796//734 
f 793//731 797//735 798//736 
f 799//737 795//733 800//738 
f 797//735 801//739 802//740 
f 803//741 799//737 804//742 
f 801//739 805//743 806//742 
f 807//744 803//741 808//745 
f 805//743 809//746 810//747 
f 811//748 807//744 812//749 
f 809//746 813//750 814//749 
f 815//751 811//748 816//752 
f 813//750 817//753 818//754 
f 819//755 815//751 820//756 
f 817//753 821//757 822//758 
f 823//759 819//755 824//760 
f 821//757 825//761 826//760 
f 827//762 823//759 828//763 
f 825//761 829//764 830//765 
f 831//766 827//762 832//767 
f 829//764 833//768 834//769 
f 835//770 831//766 836//771 
f 833//768 837//772 838//773 
f 839//774 835//770 840//775 
f 837//772 841//776 842//775 
f 843//777 839//774 844//778 
f 841//776 845//779 846//780 
f 847//781 843//777 848//782 
f 845//779 849//783 850//784 
s 3
f 710//656 847//781 851//785 
f 849//783 712//658 852//786 
s 1
f 853//787 854//788 855//789 
f 856//790 857//791 858//792 
s 3
f 859//793 853//787 860//794 
f 857//791 861//795 862//794 
s 2
f 863//796 859//793 864//797 
f 861//795 865//798 866//797 
f 867//799 863//796 868//800 
f 865//798 869//801 870//802 
f 871//803 867//799 872//804 
f 869//801 873//805 874//806 
f 875//807 871//803 876//808 
f 873//805 877//809 878//810 
f 879//811 875//807 880//812 
f 877//809 881//813 882//812 
f 883//814 879//811 884//815 
f 881//813 885//816 886//817 
f 887//818 883//814 888//819 
f 885//816 889//820 890//821 
f 891//822 887//818 892//823 
f 889//820 893//824 894//825 
f 895//826 891//822 896//827 
f 893//824 897//828 898//827 
f 899//829 895//826 900//830 
f 897//828 901//831 902//830 
f 903//832 899//829 904//833 
f 901//831 905//834 906//835 
f 907//836 903//832 908//837 
f 905//834 909//838 910//839 
f 911//840 907//836 912//841 
f 909//838 913//842 914//841 
f 915//843 911//840 916//844 
f 913//842 917//845 918//844 
f 919//846 915//843 920//847 
f 917//845 921//848 922//849 
f 923//850 919//846 924//851 
f 921//848 925//852 926//853 
f 927//854 923//850 928//855 
f 925//852 929//856 930//857 
f 931//858 927//854 932//859 
f 929//856 933//860 934//861 
f 935//862 931//858 936//863 
f 933//860 937//864 938//865 
f 939//866 935//862 940//867 
f 937//864 941//868 942//869 
f 943//870 939//866 944//871 
f 941//868 945//872 946//871 
f 947//873 943//870 948//874 
f 945//872 949//875 950//876 
f 951//877 947//873 952//878 
f 949//875 953//879 954//878 
f 955//880 951//877 956//881 
f 953//879 957//882 958//883 
s 4
f 959//884 955//880 960//238 
f 957//882 961//885 962//238 
s 3
f 854//788 959//884 963//886 
f 961//885 856//790 964//887 
s 16
f 561//519 965//888 741//685 966//888 
f 565//522 561//519 967//888 
f 565//522 967//888 737//682 968//888 
f 569//526 565//522 969//888 
f 569//526 969//888 733//678 970//888 
f 573//530 569//526 971//888 
f 577//534 573//530 972//888 
f 577//534 972//888 729//674 973//888 
f 581//537 577//534 974//888 
f 581//537 974//888 725//671 975//888 
f 585//540 581//537 976//888 
f 585//540 976//888 721//667 977//888 
f 589//544 585//540 978//888 
f 589//544 978//888 717//663 979//888 
f 593//547 589//544 980//888 
f 593//547 980//888 713//659 981//888 
f 597//551 593//547 982//888 
f 597//551 982//888 712//658 983//888 
f 601//555 597//551 984//888 
f 605//558 601//555 985//888 
f 605//558 985//888 849//783 986//888 
f 609//562 605//558 987//888 
f 609//562 987//888 845//779 988//888 
f 613//566 609//562 989//888 
f 617//570 613//566 990//888 
f 617//570 990//888 841//776 991//888 
f 621//574 617//570 992//888 
f 625//577 621//574 993//888 
f 625//577 993//888 837//772 994//888 
f 629//581 625//577 995//888 
f 633//585 629//581 996//888 
f 633//585 996//888 833//768 997//888 
f 637//588 633//585 998//888 
f 641//592 637//588 999//888 
f 641//592 999//888 829//764 1000//888 
f 645//596 641//592 1001//888 
f 649//600 645//596 1002//888 
f 649//600 1002//888 825//761 1003//888 
f 653//604 649//600 1004//888 
f 657//608 653//604 1005//888 
f 657//608 1005//888 821//757 1006//888 
f 661//611 657//608 1007//888 
f 665//615 661//611 1008//888 
f 665//615 1008//888 817//753 1009//888 
f 669//619 665//615 1010//888 
f 669//619 1010//888 813//750 1011//888 
f 673//623 669//619 1012//888 
f 673//623 1012//888 809//746 1013//888 
f 677//627 673//623 1014//888 
f 677//627 1014//888 805//743 1015//888 
f 681//630 677//627 1016//888 
f 681//630 1016//888 801//739 1017//888 
f 685//634 681//630 1018//888 
f 685//634 1018//888 797//735 1019//888 
f 689//638 685//634 1020//888 
f 689//638 1020//888 793//731 1021//888 
f 693//642 689//638 1022//888 
f 693//642 1022//888 789//728 1023//888 
f 697//645 693//642 1024//888 
f 697//645 1024//888 785//724 1025//888 
f 701//649 697//645 1026//888 
f 701//649 1026//888 781//720 1027//888 
f 705//653 701//649 1028//888 
f 705//653 1028//888 777//717 1029//888 
f 705//653 1029//888 773//713 1030//888 
f 705//653 1030//888 769//710 1031//888 
f 705//653 1031//888 765//706 1032//888 
f 4//4 705//653 1033//888 
f 5//5 4//4 1034//888 
f 9//8 5//5 1035//888 
f 13//12 9//8 1036//888 
f 17//15 13//12 1037//888 
f 21//19 17//15 1038//888 
f 25//23 21//19 1039//888 
f 29//27 25//23 1040//888 
f 33//31 29//27 1041//888 
f 37//34 33//31 1042//888 
f 37//34 1042//888 761//702 1043//888 
f 37//34 1043//888 757//698 1044//888 
f 37//34 1044//888 753//694 1045//888 
f 37//34 1045//888 749//691 1046//888 
f 37//34 1046//888 745//688 1047//888 
f 37//34 1047//888 741//685 965//888 
f 37//34 965//888 561//519 1048//888 
f 37//34 1048//888 557//516 1049//888 
f 37//34 1049//888 553//513 1050//888 
f 37//34 1050//888 549//510 1051//888 
f 37//34 1051//888 545//507 1052//888 
f 37//34 1052//888 541//503 1053//888 
f 37//34 1053//888 537//499 1054//888 
f 453//418 449//415 1055//888 
f 457//422 453//418 1056//888 
f 461//426 457//422 1057//888 
f 341//314 337//310 1058//888 
f 341//314 1058//888 333//307 1059//888 
f 345//318 341//314 1060//888 
f 349//322 345//318 1061//888 
f 349//322 1061//888 329//303 1062//888 
f 353//326 349//322 1063//888 
f 353//326 1063//888 325//300 1064//888 
f 357//329 353//326 1065//888 
f 361//332 357//329 1066//888 
f 361//332 1066//888 321//296 1067//888 
f 365//336 361//332 1068//888 
f 369//340 365//336 1069//888 
f 369//340 1069//888 317//292 1070//888 
f 373//343 369//340 1071//888 
f 377//346 373//343 1072//888 
f 377//346 1072//888 313//288 1073//888 
f 381//350 377//346 1074//888 
f 385//354 381//350 1075//888 
f 385//354 1075//888 309//284 1076//888 
f 389//358 385//354 1077//888 
f 393//362 389//358 1078//888 
f 393//362 1078//888 305//280 1079//888 
f 397//366 393//362 1080//888 
f 401//369 397//366 1081//888 
f 401//369 1081//888 301//276 1082//888 
f 405//373 401//369 1083//888 
f 409//377 405//373 1084//888 
f 409//377 1084//888 297//272 1085//888 
f 413//381 409//377 1086//888 
f 417//385 413//381 1087//888 
f 417//385 1087//888 293//268 1088//888 
f 421//388 417//385 1089//888 
f 421//388 1089//888 289//264 1090//888 
f 425//392 421//388 1091//888 
f 425//392 1091//888 285//260 1092//888 
f 429//396 425//392 1093//888 
f 433//400 429//396 1094//888 
f 433//400 1094//888 281//256 1095//888 
f 437//404 433//400 1096//888 
f 437//404 1096//888 277//253 1097//888 
f 437//404 1097//888 273//250 1098//888 
f 441//408 437//404 1099//888 
f 441//408 1099//888 269//246 1100//888 
f 445//412 441//408 1101//888 
f 445//412 1101//888 265//242 1102//888 
f 445//412 1102//888 261//239 1103//888 
f 449//415 445//412 1104//888 
f 961//885 1055//888 449//415 1105//888 
f 856//790 961//885 1106//888 
f 856//790 1106//888 257//235 1107//888 
f 857//791 856//790 1108//888 
f 857//791 1108//888 253//231 1109//888 
f 861//795 857//791 1110//888 
f 861//795 1110//888 249//228 1111//888 
f 865//798 861//795 1112//888 
f 865//798 1112//888 245//224 1113//888 
f 865//798 1113//888 241//220 1114//888 
f 869//801 865//798 1115//888 
f 869//801 1115//888 237//217 1116//888 
f 873//805 869//801 1117//888 
f 873//805 1117//888 233//214 1118//888 
f 877//809 873//805 1119//888 
f 877//809 1119//888 229//211 1120//888 
f 881//813 877//809 1121//888 
f 881//813 1121//888 225//207 1122//888 
f 885//816 881//813 1123//888 
f 889//820 885//816 1124//888 
f 889//820 1124//888 221//203 1125//888 
f 893//824 889//820 1126//888 
f 893//824 1126//888 217//200 1127//888 
f 897//828 893//824 1128//888 
f 901//831 897//828 1129//888 
f 901//831 1129//888 213//196 1130//888 
f 905//834 901//831 1131//888 
f 905//834 1131//888 209//192 1132//888 
f 909//838 905//834 1133//888 
f 909//838 1133//888 205//189 1134//888 
f 913//842 909//838 1135//888 
f 913//842 1135//888 201//185 1136//888 
f 917//845 913//842 1137//888 
f 917//845 1137//888 197//181 1138//888 
f 921//848 917//845 1139//888 
f 921//848 1139//888 193//178 1140//888 
f 925//852 921//848 1141//888 
f 929//856 925//852 1142//888 
f 929//856 1142//888 189//175 1143//888 
f 933//860 929//856 1144//888 
f 933//860 1144//888 185//171 1145//888 
f 937//864 933//860 1146//888 
f 941//868 937//864 1147//888 
f 941//868 1147//888 181//167 1148//888 
f 941//868 1148//888 177//163 1149//888 
f 945//872 941//868 1150//888 
f 945//872 1150//888 173//159 1151//888 
f 945//872 1151//888 169//155 1152//888 
f 949//875 945//872 1153//888 
f 949//875 1153//888 165//151 1154//888 
f 949//875 1154//888 161//147 1155//888 
f 953//879 949//875 1156//888 
f 953//879 1156//888 157//143 1157//888 
f 957//882 953//879 1158//888 
f 957//882 1158//888 153//139 1159//888 
f 957//882 1159//888 149//136 1160//888 
f 961//885 957//882 1161//888 
f 461//426 1057//888 961//885 1162//888 
f 465//429 461//426 1163//888 
f 465//429 1163//888 145//133 1164//888 
f 469//433 465//429 1165//888 
f 469//433 1165//888 141//129 1166//888 
f 469//433 1166//888 137//125 1167//888 
f 473//437 469//433 1168//888 
f 473//437 1168//888 133//121 1169//888 
f 473//437 1169//888 129//117 1170//888 
f 477//440 473//437 1171//888 
f 477//440 1171//888 125//113 1172//888 
f 481//444 477//440 1173//888 
f 481//444 1173//888 121//110 1174//888 
f 481//444 1174//888 117//106 1175//888 
f 485//448 481//444 1176//888 
f 489//452 485//448 1177//888 
f 489//452 1177//888 113//102 1178//888 
f 493//456 489//452 1179//888 
f 497//460 493//456 1180//888 
f 497//460 1180//888 109//98 1181//888 
f 501//464 497//460 1182//888 
f 505//467 501//464 1183//888 
f 505//467 1183//888 105//95 1184//888 
f 509//471 505//467 1185//888 
f 513//475 509//471 1186//888 
f 513//475 1186//888 101//92 1187//888 
f 517//479 513//475 1188//888 
f 521//483 517//479 1189//888 
f 521//483 1189//888 97//89 1190//888 
f 525//487 521//483 1191//888 
f 525//487 1191//888 93//85 1192//888 
f 525//487 1192//888 89//81 1193//888 
f 529//491 525//487 1194//888 
f 529//491 1194//888 85//78 1195//888 
f 529//491 1195//888 81//75 1196//888 
f 533//495 529//491 1197//888 
f 533//495 1197//888 77//71 1198//888 
f 533//495 1198//888 73//67 1199//888 
f 533//495 1199//888 69//63 1200//888 
f 533//495 1200//888 65//60 1201//888 
f 533//495 1201//888 61//57 1202//888 
f 533//495 1202//888 57//54 1203//888 
f 533//495 1203//888 53//50 1204//888 
f 533//495 1204//888 49//46 1205//888 
f 533//495 1205//888 45//42 1206//888 
f 37//34 1054//888 533//495 1207//888 
f 331//305 335//308 1208//889 
f 327//301 331//305 1209//889 
f 327//301 1209//889 339//312 1210//889 
f 327//301 1210//889 343//316 1211//889 
f 323//298 327//301 1212//889 
f 323//298 1212//889 347//320 1213//889 
f 319//294 323//298 1214//889 
f 319//294 1214//889 351//324 1215//889 
f 319//294 1215//889 355//327 1216//889 
f 315//290 319//294 1217//889 
f 315//290 1217//889 359//330 1218//889 
f 315//290 1218//889 363//334 1219//889 
f 311//286 315//290 1220//889 
f 311//286 1220//889 367//338 1221//889 
f 311//286 1221//889 371//341 1222//889 
f 307//282 311//286 1223//889 
f 307//282 1223//889 375//344 1224//889 
f 307//282 1224//889 379//348 1225//889 
f 303//278 307//282 1226//889 
f 303//278 1226//889 383//352 1227//889 
f 303//278 1227//889 387//356 1228//889 
f 299//274 303//278 1229//889 
f 299//274 1229//889 391//360 1230//889 
f 299//274 1230//889 395//364 1231//889 
f 295//270 299//274 1232//889 
f 295//270 1232//889 399//367 1233//889 
f 295//270 1233//889 403//371 1234//889 
f 291//266 295//270 1235//889 
f 291//266 1235//889 407//375 1236//889 
f 291//266 1236//889 411//379 1237//889 
f 287//262 291//266 1238//889 
f 287//262 1238//889 415//383 1239//889 
f 283//258 287//262 1240//889 
f 283//258 1240//889 419//386 1241//889 
f 279//254 283//258 1242//889 
f 279//254 1242//889 423//390 1243//889 
f 279//254 1243//889 427//394 1244//889 
f 275//251 279//254 1245//889 
f 275//251 1245//889 431//398 1246//889 
f 271//248 275//251 1247//889 
f 267//244 271//248 1248//889 
f 267//244 1248//889 435//402 1249//889 
f 263//240 267//244 1250//889 
f 263//240 1250//889 439//406 1251//889 
f 259//237 263//240 1252//889 
f 255//233 259//237 1253//889 
f 255//233 1253//889 443//410 1254//889 
f 255//233 1254//889 447//414 1255//889 
f 255//233 1255//889 959//884 1256//889 
f 251//229 255//233 1257//889 
f 251//229 1257//889 854//788 1258//889 
f 247//226 251//229 1259//889 
f 247//226 1259//889 853//787 1260//889 
f 243//222 247//226 1261//889 
f 243//222 1261//889 859//793 1262//889 
f 239//218 243//222 1263//889 
f 235//215 239//218 1264//889 
f 235//215 1264//889 863//796 1265//889 
f 231//212 235//215 1266//889 
f 231//212 1266//889 867//799 1267//889 
f 227//209 231//212 1268//889 
f 227//209 1268//889 871//803 1269//889 
f 223//205 227//209 1270//889 
f 223//205 1270//889 875//807 1271//889 
f 219//201 223//205 1272//889 
f 219//201 1272//889 879//811 1273//889 
f 219//201 1273//889 883//814 1274//889 
f 215//198 219//201 1275//889 
f 215//198 1275//889 887//818 1276//889 
f 211//194 215//198 1277//889 
f 211//194 1277//889 891//822 1278//889 
f 211//194 1278//889 895//826 1279//889 
f 207//190 211//194 1280//889 
f 207//190 1280//889 899//829 1281//889 
f 203//187 207//190 1282//889 
f 203//187 1282//889 903//832 1283//889 
f 199//183 203//187 1284//889 
f 199//183 1284//889 907//836 1285//889 
f 195//179 199//183 1286//889 
f 195//179 1286//889 911//840 1287//889 
f 191//176 195//179 1288//889 
f 191//176 1288//889 915//843 1289//889 
f 187//173 191//176 1290//889 
f 187//173 1290//889 919//846 1291//889 
f 187//173 1291//889 923//850 1292//889 
f 183//169 187//173 1293//889 
f 183//169 1293//889 927//854 1294//889 
f 179//165 183//169 1295//889 
f 179//165 1295//889 931//858 1296//889 
f 179//165 1296//889 935//862 1297//889 
f 175//161 179//165 1298//889 
f 171//157 175//161 1299//889 
f 171//157 1299//889 939//866 1300//889 
f 167//153 171//157 1301//889 
f 163//149 167//153 1302//889 
f 163//149 1302//889 943//870 1303//889 
f 159//145 163//149 1304//889 
f 155//141 159//145 1305//889 
f 155//141 1305//889 947//873 1306//889 
f 151//137 155//141 1307//889 
f 151//137 1307//889 951//877 1308//889 
f 147//134 151//137 1309//889 
f 143//131 147//134 1310//889 
f 143//131 1310//889 955//880 1311//889 
f 959//884 1255//889 447//414 1312//889 
f 959//884 1312//889 451//416 1313//889 
f 959//884 1313//889 455//420 1314//889 
f 143//131 1311//889 959//884 1315//889 
f 143//131 1315//889 459//424 1316//889 
f 139//127 143//131 1317//889 
f 139//127 1317//889 463//427 1318//889 
f 135//123 139//127 1319//889 
f 131//119 135//123 1320//889 
f 131//119 1320//889 467//431 1321//889 
f 127//115 131//119 1322//889 
f 123//111 127//115 1323//889 
f 123//111 1323//889 471//435 1324//889 
f 119//108 123//111 1325//889 
f 119//108 1325//889 475//438 1326//889 
f 115//104 119//108 1327//889 
f 111//100 115//104 1328//889 
f 111//100 1328//889 479//442 1329//889 
f 111//100 1329//889 483//446 1330//889 
f 107//96 111//100 1331//889 
f 107//96 1331//889 487//450 1332//889 
f 107//96 1332//889 491//454 1333//889 
f 103//93 107//96 1334//889 
f 103//93 1334//889 495//458 1335//889 
f 103//93 1335//889 499//462 1336//889 
f 99//90 103//93 1337//889 
f 99//90 1337//889 503//465 1338//889 
f 99//90 1338//889 507//469 1339//889 
f 95//87 99//90 1340//889 
f 95//87 1340//889 511//473 1341//889 
f 95//87 1341//889 515//477 1342//889 
f 91//83 95//87 1343//889 
f 91//83 1343//889 519//481 1344//889 
f 87//79 91//83 1345//889 
f 83//76 87//79 1346//889 
f 83//76 1346//889 523//485 1347//889 
f 79//73 83//76 1348//889 
f 75//69 79//73 1349//889 
f 75//69 1349//889 527//489 1350//889 
f 71//65 75//69 1351//889 
f 67//61 71//65 1352//889 
f 63//58 67//61 1353//889 
f 59//55 63//58 1354//889 
f 55//52 59//55 1355//889 
f 51//48 55//52 1356//889 
f 47//44 51//48 1357//889 
f 43//40 47//44 1358//889 
f 39//36 43//40 1359//889 
f 35//32 39//36 1360//889 
f 35//32 1360//889 531//493 1361//889 
f 35//32 1361//889 535//497 1362//889 
f 35//32 1362//889 539//501 1363//889 
f 35//32 1363//889 543//505 1364//889 
f 35//32 1364//889 547//508 1365//889 
f 35//32 1365//889 551//511 1366//889 
f 35//32 1366//889 555//514 1367//889 
f 35//32 1367//889 559//518 1368//889 
f 35//32 1368//889 739//683 1369//889 
f 35//32 1369//889 743//686 1370//889 
f 35//32 1370//889 747//689 1371//889 
f 35//32 1371//889 751//692 1372//889 
f 35//32 1372//889 755//696 1373//889 
f 735//680 739//683 1374//889 
f 735//680 1374//889 559//518 1375//889 
f 731//676 735//680 1376//889 
f 731//676 1376//889 563//520 1377//889 
f 727//672 731//676 1378//889 
f 727//672 1378//889 567//524 1379//889 
f 727//672 1379//889 571//528 1380//889 
f 723//669 727//672 1381//889 
f 723//669 1381//889 575//532 1382//889 
f 719//665 723//669 1383//889 
f 719//665 1383//889 579//535 1384//889 
f 715//661 719//665 1385//889 
f 715//661 1385//889 583//538 1386//889 
f 709//655 715//661 1387//889 
f 709//655 1387//889 587//542 1388//889 
f 710//656 709//655 1389//889 
f 710//656 1389//889 591//545 1390//889 
f 847//781 710//656 1391//889 
f 847//781 1391//889 595//549 1392//889 
f 847//781 1392//889 599//553 1393//889 
f 843//777 847//781 1394//889 
f 843//777 1394//889 603//556 1395//889 
f 839//774 843//777 1396//889 
f 839//774 1396//889 607//560 1397//889 
f 839//774 1397//889 611//564 1398//889 
f 835//770 839//774 1399//889 
f 835//770 1399//889 615//568 1400//889 
f 835//770 1400//889 619//572 1401//889 
f 831//766 835//770 1402//889 
f 831//766 1402//889 623//575 1403//889 
f 831//766 1403//889 627//579 1404//889 
f 827//762 831//766 1405//889 
f 827//762 1405//889 631//583 1406//889 
f 827//762 1406//889 635//586 1407//889 
f 823//759 827//762 1408//889 
f 823//759 1408//889 639//590 1409//889 
f 823//759 1409//889 643//594 1410//889 
f 819//755 823//759 1411//889 
f 819//755 1411//889 647//598 1412//889 
f 819//755 1412//889 651//602 1413//889 
f 815//751 819//755 1414//889 
f 815//751 1414//889 655//606 1415//889 
f 815//751 1415//889 659//609 1416//889 
f 811//748 815//751 1417//889 
f 811//748 1417//889 663//613 1418//889 
f 807//744 811//748 1419//889 
f 807//744 1419//889 667//617 1420//889 
f 803//741 807//744 1421//889 
f 803//741 1421//889 671//621 1422//889 
f 799//737 803//741 1423//889 
f 799//737 1423//889 675//625 1424//889 
f 795//733 799//737 1425//889 
f 795//733 1425//889 679//628 1426//889 
f 791//729 795//733 1427//889 
f 791//729 1427//889 683//632 1428//889 
f 787//726 791//729 1429//889 
f 787//726 1429//889 687//636 1430//889 
f 783//722 787//726 1431//889 
f 783//722 1431//889 691//640 1432//889 
f 779//718 783//722 1433//889 
f 779//718 1433//889 695//643 1434//889 
f 775//715 779//718 1435//889 
f 775//715 1435//889 699//647 1436//889 
f 771//711 775//715 1437//889 
f 767//708 771//711 1438//889 
f 763//704 767//708 1439//889 
f 759//700 763//704 1440//889 
f 759//700 1440//889 703//651 1441//889 
f 759//700 1441//889 2//2 1442//889 
f 759//700 1442//889 1//1 1443//889 
f 759//700 1443//889 7//6 1444//889 
f 759//700 1444//889 11//10 1445//889 
f 759//700 1445//889 15//13 1446//889 
f 759//700 1446//889 19//17 1447//889 
f 759//700 1447//889 23//21 1448//889 
f 759//700 1448//889 27//25 1449//889 
f 35//32 1373//889 759//700 1450//889 
s 1
f 3//3 2//2 4//4 
f 1//1 3//3 4//4 6//3 
f 6//3 5//5 1//1 
s 3
f 8//7 1//1 5//5 
f 7//6 8//7 5//5 10//9 
f 10//9 9//8 7//6 
s 2
f 12//11 7//6 9//8 
f 11//10 12//11 9//8 14//11 
f 14//11 13//12 11//10 
f 16//14 11//10 13//12 
f 15//13 16//14 13//12 18//16 
f 18//16 17//15 15//13 
f 20//18 15//13 17//15 
f 19//17 20//18 17//15 22//20 
f 22//20 21//19 19//17 
f 24//22 19//17 21//19 
f 23//21 24//22 21//19 26//24 
f 26//24 25//23 23//21 
f 28//26 23//21 25//23 
f 27//25 28//26 25//23 30//28 
f 30//28 29//27 27//25 
f 32//30 27//25 29//27 
f 31//29 32//30 29//27 34//30 
f 34//30 33//31 31//29 
f 36//33 31//29 33//31 
f 35//32 36//33 33//31 38//35 
f 38//35 37//34 35//32 
f 40//37 35//32 37//34 
f 39//36 40//37 37//34 42//39 
f 42//39 41//38 39//36 
f 44//41 39//36 41//38 
f 43//40 44//41 41//38 46//43 
f 46//43 45//42 43//40 
f 48//45 43//40 45//42 
f 47//44 48//45 45//42 50//47 
f 50//47 49//46 47//44 
f 52//49 47//44 49//46 
f 51//48 52//49 49//46 54//51 
f 54//51 53//50 51//48 
f 56//53 51//48 53//50 
f 55//52 56//53 53//50 58//53 
f 58//53 57//54 55//52 
f 60//56 55//52 57//54 
f 59//55 60//56 57//54 62//56 
f 62//56 61//57 59//55 
f 64//59 59//55 61//57 
f 63//58 64//59 61//57 66//59 
f 66//59 65//60 63//58 
f 68//62 63//58 65//60 
f 67//61 68//62 65//60 70//64 
f 70//64 69//63 67//61 
f 72//66 67//61 69//63 
f 71//65 72//66 69//63 74//68 
f 74//68 73//67 71//65 
f 76//70 71//65 73//67 
f 75//69 76//70 73//67 78//72 
f 78//72 77//71 75//69 
f 80//74 75//69 77//71 
f 79//73 80//74 77//71 82//74 
f 82//74 81//75 79//73 
f 84//77 79//73 81//75 
f 83//76 84//77 81//75 86//77 
f 86//77 85//78 83//76 
f 88//80 83//76 85//78 
f 87//79 88//80 85//78 90//82 
f 90//82 89//81 87//79 
f 92//84 87//79 89//81 
f 91//83 92//84 89//81 94//86 
f 94//86 93//85 91//83 
f 96//88 91//83 93//85 
f 95//87 96//88 93//85 98//88 
f 98//88 97//89 95//87 
f 100//91 95//87 97//89 
f 99//90 100//91 97//89 102//91 
f 102//91 101//92 99//90 
f 104//94 99//90 101//92 
f 103//93 104//94 101//92 106//94 
f 106//94 105//95 103//93 
f 108//97 103//93 105//95 
f 107//96 108//97 105//95 110//99 
f 110//99 109//98 107//96 
f 112//101 107//96 109//98 
f 111//100 112//101 109//98 114//103 
f 114//103 113//102 111//100 
f 116//105 111//100 113//102 
f 115//104 116//105 113//102 118//107 
f 118//107 117//106 115//104 
f 120//109 115//104 117//106 
f 119//108 120//109 117//106 122//109 
f 122//109 121//110 119//108 
f 124//112 119//108 121//110 
f 123//111 124//112 121//110 126//114 
f 126//114 125//113 123//111 
f 128//116 123//111 125//113 
f 127//115 128//116 125//113 130//118 
f 130//118 129//117 127//115 
f 132//120 127//115 129//117 
f 131//119 132//120 129//117 134//122 
f 134//122 133//121 131//119 
f 136//124 131//119 133//121 
f 135//123 136//124 133//121 138//126 
f 138//126 137//125 135//123 
f 140//128 135//123 137//125 
f 139//127 140//128 137//125 142//130 
f 142//130 141//129 139//127 
f 144//132 139//127 141//129 
f 143//131 144//132 141//129 146//132 
f 146//132 145//133 143//131 
s 4
f 148//135 143//131 145//133 
f 147//134 148//135 145//133 150//135 
f 150//135 149//136 147//134 
s 2
f 152//138 147//134 149//136 
f 151//137 152//138 149//136 154//140 
f 154//140 153//139 151//137 
f 156//142 151//137 153//139 
f 155//141 156//142 153//139 158//144 
f 158//144 157//143 155//141 
f 160//146 155//141 157//143 
f 159//145 160//146 157//143 162//148 
f 162//148 161//147 159//145 
f 164//150 159//145 161//147 
f 163//149 164//150 161//147 166//152 
f 166//152 165//151 163//149 
f 168//154 163//149 165//151 
f 167//153 168//154 165//151 170//156 
f 170//156 169//155 167//153 
f 172//158 167//153 169//155 
f 171//157 172//158 169//155 174//160 
f 174//160 173//159 171//157 
f 176//162 171//157 173//159 
f 175//161 176//162 173//159 178//164 
f 178//164 177//163 175//161 
f 180//166 175//161 177//163 
f 179//165 180//166 177//163 182//168 
f 182//168 181//167 179//165 
f 184//170 179//165 181//167 
f 183//169 184//170 181//167 186//172 
f 186//172 185//171 183//169 
f 188//174 183//169 185//171 
f 187//173 188//174 185//171 190//174 
f 190//174 189//175 187//173 
f 192//177 187//173 189//175 
f 191//176 192//177 189//175 194//177 
f 194//177 193//178 191//176 
f 196//180 191//176 193//178 
f 195//179 196//180 193//178 198//182 
f 198//182 197//181 195//179 
f 200//184 195//179 197//181 
f 199//183 200//184 197//181 202//186 
f 202//186 201//185 199//183 
f 204//188 199//183 201//185 
f 203//187 204//188 201//185 206//188 
f 206//188 205//189 203//187 
f 208//191 203//187 205//189 
f 207//190 208//191 205//189 210//193 
f 210//193 209//192 207//190 
f 212//195 207//190 209//192 
f 211//194 212//195 209//192 214//197 
f 214//197 213//196 211//194 
f 216//199 211//194 213//196 
f 215//198 216//199 213//196 218//199 
f 218//199 217//200 215//198 
f 220//202 215//198 217//200 
f 219//201 220//202 217//200 222//204 
f 222//204 221//203 219//201 
f 224//206 219//201 221//203 
f 223//205 224//206 221//203 226//208 
f 226//208 225//207 223//205 
f 228//210 223//205 225//207 
f 227//209 228//210 225//207 230//210 
f 230//210 229//211 227//209 
f 232//213 227//209 229//211 
f 231//212 232//213 229//211 234//213 
f 234//213 233//214 231//212 
f 236//216 231//212 233//214 
f 235//215 236//216 233//214 238//216 
f 238//216 237//217 235//215 
f 240//219 235//215 237//217 
f 239//218 240//219 237//217 242//221 
f 242//221 241//220 239//218 
f 244//223 239//218 241//220 
f 243//222 244//223 241//220 246//225 
f 246//225 245//224 243//222 
f 248//227 243//222 245//224 
f 247//226 248//227 245//224 250//227 
f 250//227 249//228 247//226 
f 252//230 247//226 249//228 
f 251//229 252//230 249//228 254//232 
f 254//232 253//231 251//229 
f 256//234 251//229 253//231 
f 255//233 256//234 253//231 258//236 
f 258//236 257//235 255//233 
s 4
f 260//238 255//233 257//235 
f 259//237 260//238 257//235 262//238 
f 262//238 261//239 259//237 
s 2
f 264//241 259//237 261//239 
f 263//240 264//241 261//239 266//243 
f 266//243 265//242 263//240 
f 268//245 263//240 265//242 
f 267//244 268//245 265//242 270//247 
f 270//247 269//246 267//244 
f 272//249 267//244 269//246 
f 271//248 272//249 269//246 274//249 
f 274//249 273//250 271//248 
f 276//252 271//248 273//250 
f 275//251 276//252 273//250 278//252 
f 278//252 277//253 275//251 
f 280//255 275//251 277//253 
f 279//254 280//255 277//253 282//257 
f 282//257 281//256 279//254 
f 284//259 279//254 281//256 
f 283//258 284//259 281//256 286//261 
f 286//261 285//260 283//258 
f 288//263 283//258 285//260 
f 287//262 288//263 285//260 290//265 
f 290//265 289//264 287//262 
f 292//267 287//262 289//264 
f 291//266 292//267 289//264 294//269 
f 294//269 293//268 291//266 
f 296//271 291//266 293//268 
f 295//270 296//271 293//268 298//273 
f 298//273 297//272 295//270 
f 300//275 295//270 297//272 
f 299//274 300//275 297//272 302//277 
f 302//277 301//276 299//274 
f 304//279 299//274 301//276 
f 303//278 304//279 301//276 306//281 
f 306//281 305//280 303//278 
f 308//283 303//278 305//280 
f 307//282 308//283 305//280 310//285 
f 310//285 309//284 307//282 
f 312//287 307//282 309//284 
f 311//286 312//287 309//284 314//289 
f 314//289 313//288 311//286 
f 316//291 311//286 313//288 
f 315//290 316//291 313//288 318//293 
f 318//293 317//292 315//290 
f 320//295 315//290 317//292 
f 319//294 320//295 317//292 322//297 
f 322//297 321//296 319//294 
f 324//299 319//294 321//296 
f 323//298 324//299 321//296 326//299 
f 326//299 325//300 323//298 
f 328//302 323//298 325//300 
f 327//301 328//302 325//300 330//304 
f 330//304 329//303 327//301 
f 332//306 327//301 329//303 
f 331//305 332//306 329//303 334//306 
f 334//306 333//307 331//305 
s 4
f 336//309 331//305 333//307 
f 335//308 336//309 333//307 338//311 
f 338//311 337//310 335//308 
s 2
f 340//313 335//308 337//310 
f 339//312 340//313 337//310 342//315 
f 342//315 341//314 339//312 
f 344//317 339//312 341//314 
f 343//316 344//317 341//314 346//319 
f 346//319 345//318 343//316 
f 348//321 343//316 345//318 
f 347//320 348//321 345//318 350//323 
f 350//323 349//322 347//320 
f 352//325 347//320 349//322 
f 351//324 352//325 349//322 354//325 
f 354//325 353//326 351//324 
f 356//328 351//324 353//326 
f 355//327 356//328 353//326 358//328 
f 358//328 357//329 355//327 
f 360//331 355//327 357//329 
f 359//330 360//331 357//329 362//333 
f 362//333 361//332 359//330 
f 364//335 359//330 361//332 
f 363//334 364//335 361//332 366//337 
f 366//337 365//336 363//334 
f 368//339 363//334 365//336 
f 367//338 368//339 365//336 370//339 
f 370//339 369//340 367//338 
f 372//342 367//338 369//340 
f 371//341 372//342 369//340 374//342 
f 374//342 373//343 371//341 
f 376//345 371//341 373//343 
f 375//344 376//345 373//343 378//347 
f 378//347 377//346 375//344 
f 380//349 375//344 377//346 
f 379//348 380//349 377//346 382//351 
f 382//351 381//350 379//348 
f 384//353 379//348 381//350 
f 383//352 384//353 381//350 386//355 
f 386//355 385//354 383//352 
f 388//357 383//352 385//354 
f 387//356 388//357 385//354 390//359 
f 390//359 389//358 387//356 
f 392//361 387//356 389//358 
f 391//360 392//361 389//358 394//363 
f 394//363 393//362 391//360 
f 396//365 391//360 393//362 
f 395//364 396//365 393//362 398//365 
f 398//365 397//366 395//364 
f 400//368 395//364 397//366 
f 399//367 400//368 397//366 402//370 
f 402//370 401//369 399//367 
f 404//372 399//367 401//369 
f 403//371 404//372 401//369 406//374 
f 406//374 405//373 403//371 
f 408//376 403//371 405//373 
f 407//375 408//376 405//373 410//378 
f 410//378 409//377 407//375 
f 412//380 407//375 409//377 
f 411//379 412//380 409//377 414//382 
f 414//382 413//381 411//379 
f 416//384 411//379 413//381 
f 415//383 416//384 413//381 418//384 
f 418//384 417//385 415//383 
f 420//387 415//383 417//385 
f 419//386 420//387 417//385 422//389 
f 422//389 421//388 419//386 
f 424//391 419//386 421//388 
f 423//390 424//391 421//388 426//393 
f 426//393 425//392 423//390 
f 428//395 423//390 425//392 
f 427//394 428//395 425//392 430//397 
f 430//397 429//396 427//394 
f 432//399 427//394 429//396 
f 431//398 432//399 429//396 434//401 
f 434//401 433//400 431//398 
f 436//403 431//398 433//400 
f 435//402 436//403 433//400 438//405 
f 438//405 437//404 435//402 
f 440//407 435//402 437//404 
f 439//406 440//407 437//404 442//409 
f 442//409 441//408 439//406 
f 444//411 439//406 441//408 
f 443//410 444//411 441//408 446//413 
f 446//413 445//412 443//410 
s 4
f 448//135 443//410 445//412 
f 447//414 448//135 445//412 450//135 
f 450//135 449//415 447//414 
s 2
f 452//417 447//414 449//415 
f 451//416 452//417 449//415 454//419 
f 454//419 453//418 451//416 
f 456//421 451//416 453//418 
f 455//420 456//421 453//418 458//423 
f 458//423 457//422 455//420 
f 460//425 455//420 457//422 
f 459//424 460//425 457//422 462//425 
f 462//425 461//426 459//424 
f 464//428 459//424 461//426 
f 463//427 464//428 461//426 466//430 
f 466//430 465//429 463//427 
f 468//432 463//427 465//429 
f 467//431 468//432 465//429 470//434 
f 470//434 469//433 467//431 
f 472//436 467//431 469//433 
f 471//435 472//436 469//433 474//436 
f 474//436 473//437 471//435 
f 476//439 471//435 473//437 
f 475//438 476//439 473//437 478//441 
f 478//441 477//440 475//438 
f 480//443 475//438 477//440 
f 479//442 480//443 477//440 482//445 
f 482//445 481//444 479//442 
f 484//447 479//442 481//444 
f 483//446 484//447 481//444 486//449 
f 486//449 485//448 483//446 
f 488//451 483//446 485//448 
f 487//450 488//451 485//448 490//453 
f 490//453 489//452 487//450 
f 492//455 487//450 489//452 
f 491//454 492//455 489//452 494//457 
f 494//457 493//456 491//454 
f 496//459 491//454 493//456 
f 495//458 496//459 493//456 498//461 
f 498//461 497//460 495//458 
f 500//463 495//458 497//460 
f 499//462 500//463 497//460 502//463 
f 502//463 501//464 499//462 
f 504//466 499//462 501//464 
f 503//465 504//466 501//464 506//468 
f 506//468 505//467 503//465 
f 508//470 503//465 505//467 
f 507//469 508//470 505//467 510//472 
f 510//472 509//471 507//469 
f 512//474 507//469 509//471 
f 511//473 512//474 509//471 514//476 
f 514//476 513//475 511//473 
f 516//478 511//473 513//475 
f 515//477 516//478 513//475 518//480 
f 518//480 517//479 515//477 
f 520//482 515//477 517//479 
f 519//481 520//482 517//479 522//484 
f 522//484 521//483 519//481 
f 524//486 519//481 521//483 
f 523//485 524//486 521//483 526//488 
f 526//488 525//487 523//485 
f 528//490 523//485 525//487 
f 527//489 528//490 525//487 530//492 
f 530//492 529//491 527//489 
f 532//494 527//489 529//491 
f 531//493 532//494 529//491 534//496 
f 534//496 533//495 531//493 
f 536//498 531//493 533//495 
f 535//497 536//498 533//495 538//500 
f 538//500 537//499 535//497 
f 540//502 535//497 537//499 
f 539//501 540//502 537//499 542//504 
f 542//504 541//503 539//501 
f 544//506 539//501 541//503 
f 543//505 544//506 541//503 546//506 
f 546//506 545//507 543//505 
f 548//509 543//505 545//507 
f 547//508 548//509 545//507 550//509 
f 550//509 549//510 547//508 
f 552//512 547//508 549//510 
f 551//511 552//512 549//510 554//512 
f 554//512 553//513 551//511 
f 556//515 551//511 553//513 
f 555//514 556//515 553//513 558//517 
f 558//517 557//516 555//514 
s 4
f 560//238 555//514 557//516 
f 559//518 560//238 557//516 562//238 
f 562//238 561//519 559//518 
s 2
f 564//521 559//518 561//519 
f 563//520 564//521 561//519 566//523 
f 566//523 565//522 563//520 
f 568//525 563//520 565//522 
f 567//524 568//525 565//522 570//527 
f 570//527 569//526 567//524 
f 572//529 567//524 569//526 
f 571//528 572//529 569//526 574//531 
f 574//531 573//530 571//528 
f 576//533 571//528 573//530 
f 575//532 576//533 573//530 578//533 
f 578//533 577//534 575//532 
f 580//536 575//532 577//534 
f 579//535 580//536 577//534 582//536 
f 582//536 581//537 579//535 
f 584//539 579//535 581//537 
f 583//538 584//539 581//537 586//541 
f 586//541 585//540 583//538 
f 588//543 583//538 585//540 
f 587//542 588//543 585//540 590//543 
f 590//543 589//544 587//542 
f 592//546 587//542 589//544 
f 591//545 592//546 589//544 594//548 
f 594//548 593//547 591//545 
f 596//550 591//545 593//547 
f 595//549 596//550 593//547 598//552 
f 598//552 597//551 595//549 
f 600//554 595//549 597//551 
f 599//553 600//554 597//551 602//554 
f 602//554 601//555 599//553 
f 604//557 599//553 601//555 
f 603//556 604//557 601//555 606//559 
f 606//559 605//558 603//556 
f 608//561 603//556 605//558 
f 607//560 608//561 605//558 610//563 
f 610//563 609//562 607//560 
f 612//565 607//560 609//562 
f 611//564 612//565 609//562 614//567 
f 614//567 613//566 611//564 
f 616//569 611//564 613//566 
f 615//568 616//569 613//566 618//571 
f 618//571 617//570 615//568 
f 620//573 615//568 617//570 
f 619//572 620//573 617//570 622//573 
f 622//573 621//574 619//572 
f 624//576 619//572 621//574 
f 623//575 624//576 621//574 626//578 
f 626//578 625//577 623//575 
f 628//580 623//575 625//577 
f 627//579 628//580 625//577 630//582 
f 630//582 629//581 627//579 
f 632//584 627//579 629//581 
f 631//583 632//584 629//581 634//584 
f 634//584 633//585 631//583 
f 636//587 631//583 633//585 
f 635//586 636//587 633//585 638//589 
f 638//589 637//588 635//586 
f 640//591 635//586 637//588 
f 639//590 640//591 637//588 642//593 
f 642//593 641//592 639//590 
f 644//595 639//590 641//592 
f 643//594 644//595 641//592 646//597 
f 646//597 645//596 643//594 
f 648//599 643//594 645//596 
f 647//598 648//599 645//596 650//601 
f 650//601 649//600 647//598 
f 652//603 647//598 649//600 
f 651//602 652//603 649//600 654//605 
f 654//605 653//604 651//602 
f 656//607 651//602 653//604 
f 655//606 656//607 653//604 658//607 
f 658//607 657//608 655//606 
f 660//610 655//606 657//608 
f 659//609 660//610 657//608 662//612 
f 662//612 661//611 659//609 
f 664//614 659//609 661//611 
f 663//613 664//614 661//611 666//616 
f 666//616 665//615 663//613 
f 668//618 663//613 665//615 
f 667//617 668//618 665//615 670//620 
f 670//620 669//619 667//617 
f 672//622 667//617 669//619 
f 671//621 672//622 669//619 674//624 
f 674//624 673//623 671//621 
f 676//626 671//621 673//623 
f 675//625 676//626 673//623 678//626 
f 678//626 677//627 675//625 
f 680//629 675//625 677//627 
f 679//628 680//629 677//627 682//631 
f 682//631 681//630 679//628 
f 684//633 679//628 681//630 
f 683//632 684//633 681//630 686//635 
f 686//635 685//634 683//632 
f 688//637 683//632 685//634 
f 687//636 688//637 685//634 690//639 
f 690//639 689//638 687//636 
f 692//641 687//636 689//638 
f 691//640 692//641 689//638 694//641 
f 694//641 693//642 691//640 
f 696//644 691//640 693//642 
f 695//643 696//644 693//642 698//646 
f 698//646 697//645 695//643 
f 700//648 695//643 697//645 
f 699//647 700//648 697//645 702//650 
f 702//650 701//649 699//647 
f 704//652 699//647 701//649 
f 703//651 704//652 701//649 706//654 
f 706//654 705//653 703//651 
s 4
f 707//135 703//651 705//653 
f 2//2 707//135 705//653 708//135 
f 708//135 4//4 2//2 
s 1
f 711//657 710//656 712//658 
f 709//655 711//657 712//658 714//660 
f 714//660 713//659 709//655 
s 3
f 716//662 709//655 713//659 
f 715//661 716//662 713//659 718//664 
f 718//664 717//663 715//661 
s 2
f 720//666 715//661 717//663 
f 719//665 720//666 717//663 722//668 
f 722//668 721//667 719//665 
f 724//670 719//665 721//667 
f 723//669 724//670 721//667 726//670 
f 726//670 725//671 723//669 
f 728//673 723//669 725//671 
f 727//672 728//673 725//671 730//675 
f 730//675 729//674 727//672 
f 732//677 727//672 729//674 
f 731//676 732//677 729//674 734//679 
f 734//679 733//678 731//676 
f 736//681 731//676 733//678 
f 735//680 736//681 733//678 738//681 
f 738//681 737//682 735//680 
f 740//684 735//680 737//682 
f 739//683 740//684 737//682 742//684 
f 742//684 741//685 739//683 
f 744//687 739//683 741//685 
f 743//686 744//687 741//685 746//687 
f 746//687 745//688 743//686 
f 748//690 743//686 745//688 
f 747//689 748//690 745//688 750//690 
f 750//690 749//691 747//689 
f 752//693 747//689 749//691 
f 751//692 752//693 749//691 754//695 
f 754//695 753//694 751//692 
f 756//697 751//692 753//694 
f 755//696 756//697 753//694 758//699 
f 758//699 757//698 755//696 
f 760//701 755//696 757//698 
f 759//700 760//701 757//698 762//703 
f 762//703 761//702 759//700 
f 764//705 759//700 761//702 
f 763//704 764//705 761//702 766//707 
f 766//707 765//706 763//704 
f 768//709 763//704 765//706 
f 767//708 768//709 765//706 770//709 
f 770//709 769//710 767//708 
f 772//712 767//708 769//710 
f 771//711 772//712 769//710 774//714 
f 774//714 773//713 771//711 
f 776//716 771//711 773//713 
f 775//715 776//716 773//713 778//716 
f 778//716 777//717 775//715 
f 780//719 775//715 777//717 
f 779//718 780//719 777//717 782//721 
f 782//721 781//720 779//718 
f 784//723 779//718 781//720 
f 783//722 784//723 781//720 786//725 
f 786//725 785//724 783//722 
f 788//727 783//722 785//724 
f 787//726 788//727 785//724 790//727 
f 790//727 789//728 787//726 
f 792//730 787//726 789//728 
f 791//729 792//730 789//728 794//732 
f 794//732 793//731 791//729 
f 796//734 791//729 793//731 
f 795//733 796//734 793//731 798//736 
f 798//736 797//735 795//733 
f 800//738 795//733 797//735 
f 799//737 800//738 797//735 802//740 
f 802//740 801//739 799//737 
f 804//742 799//737 801//739 
f 803//741 804//742 801//739 806//742 
f 806//742 805//743 803//741 
f 808//745 803//741 805//743 
f 807//744 808//745 805//743 810//747 
f 810//747 809//746 807//744 
f 812//749 807//744 809//746 
f 811//748 812//749 809//746 814//749 
f 814//749 813//750 811//748 
f 816//752 811//748 813//750 
f 815//751 816//752 813//750 818//754 
f 818//754 817//753 815//751 
f 820//756 815//751 817//753 
f 819//755 820//756 817//753 822//758 
f 822//758 821//757 819//755 
f 824//760 819//755 821//757 
f 823//759 824//760 821//757 826//760 
f 826//760 825//761 823//759 
f 828//763 823//759 825//761 
f 827//762 828//763 825//761 830//765 
f 830//765 829//764 827//762 
f 832//767 827//762 829//764 
f 831//766 832//767 829//764 834//769 
f 834//769 833//768 831//766 
f 836//771 831//766 833//768 
f 835//770 836//771 833//768 838//773 
f 838//773 837//772 835//770 
f 840//775 835//770 837//772 
f 839//774 840//775 837//772 842//775 
f 842//775 841//776 839//774 
f 844//778 839//774 841//776 
f 843//777 844//778 841//776 846//780 
f 846//780 845//779 843//777 
f 848//782 843//777 845//779 
f 847//781 848//782 845//779 850//784 
f 850//784 849//783 847//781 
s 3
f 851//785 847//781 849//783 
f 710//656 851//785 849//783 852//786 
f 852//786 712//658 710//656 
s 1
f 855//789 854//788 856//790 
f 853//787 855//789 856//790 858//792 
f 858//792 857//791 853//787 
s 3
f 860//794 853//787 857//791 
f 859//793 860//794 857//791 862//794 
f 862//794 861//795 859//793 
s 2
f 864//797 859//793 861//795 
f 863//796 864//797 861//795 866//797 
f 866//797 865//798 863//796 
f 868//800 863//796 865//798 
f 867//799 868//800 865//798 870//802 
f 870//802 869//801 867//799 
f 872//804 867//799 869//801 
f 871//803 872//804 869//801 874//806 
f 874//806 873//805 871//803 
f 876//808 871//803 873//805 
f 875//807 876//808 873//805 878//810 
f 878//810 877//809 875//807 
f 880//812 875//807 877//809 
f 879//811 880//812 877//809 882//812 
f 882//812 881//813 879//811 
f 884//815 879//811 881//813 
f 883//814 884//815 881//813 886//817 
f 886//817 885//816 883//814 
f 888//819 883//814 885//816 
f 887//818 888//819 885//816 890//821 
f 890//821 889//820 887//818 
f 892//823 887//818 889//820 
f 891//822 892//823 889//820 894//825 
f 894//825 893//824 891//822 
f 896//827 891//822 893//824 
f 895//826 896//827 893//824 898//827 
f 898//827 897//828 895//826 
f 900//830 895//826 897//828 
f 899//829 900//830 897//828 902//830 
f 902//830 901//831 899//829 
f 904//833 899//829 901//831 
f 903//832 904//833 901//831 906//835 
f 906//835 905//834 903//832 
f 908//837 903//832 905//834 
f 907//836 908//837 905//834 910//839 
f 910//839 909//838 907//836 
f 912//841 907//836 909//838 
f 911//840 912//841 909//838 914//841 
f 914//841 913//842 911//840 
f 916//844 911//840 913//842 
f 915//843 916//844 913//842 918//844 
f 918//844 917//845 915//843 
f 920//847 915//843 917//845 
f 919//846 920//847 917//845 922//849 
f 922//849 921//848 919//846 
f 924//851 919//846 921//848 
f 923//850 924//851 921//848 926//853 
f 926//853 925//852 923//850 
f 928//855 923//850 925//852 
f 927//854 928//855 925//852 930//857 
f 930//857 929//856 927//854 
f 932//859 927//854 929//856 
f 931//858 932//859 929//856 934//861 
f 934//861 933//860 931//858 
f 936//863 931//858 933//860 
f 935//862 936//863 933//860 938//865 
f 938//865 937//864 935//862 
f 940//867 935//862 937//864 
f 939//866 940//867 937//864 942//869 
f 942//869 941//868 939//866 
f 944//871 939//866 941//868 
f 943//870 944//871 941//868 946//871 
f 946//871 945//872 943//870 
f 948//874 943//870 945//872 
f 947//873 948//874 945//872 950//876 
f 950//876 949//875 947//873 
f 952//878 947//873 949//875 
f 951//877 952//878 949//875 954//878 
f 954//878 953//879 951//877 
f 956//881 951//877 953//879 
f 955//880 956//881 953//879 958//883 
f 958//883 957//882 955//880 
s 4
f 960//238 955//880 957//882 
f 959//884 960//238 957//882 962//238 
f 962//238 961//885 959//884 
s 3
f 963//886 959//884 961//885 
f 854//788 963//886 961//885 964//887 
f 964//887 856//790 854//788 
s 16
f 966//888 741//685 737//682 
f 561//519 966//888 737//682 967//888 
f 968//888 737//682 733//678 
f 565//522 968//888 733//678 969//888 
f 970//888 733//678 729//674 
f 569//526 970//888 729//674 971//888 
f 573//530 971//888 729//674 972//888 
f 973//888 729//674 725//671 
f 577//534 973//888 725//671 974//888 
f 975//888 725//671 721//667 
f 581//537 975//888 721//667 976//888 
f 977//888 721//667 717//663 
f 585//540 977//888 717//663 978//888 
f 979//888 717//663 713//659 
f 589//544 979//888 713//659 980//888 
f 981//888 713//659 712//658 
f 593//547 981//888 712//658 982//888 
f 983//888 712//658 849//783 
f 597//551 983//888 849//783 984//888 
f 601//555 984//888 849//783 985//888 
f 986//888 849//783 845//779 
f 605//558 986//888 845//779 987//888 
f 988//888 845//779 841//776 
f 609//562 988//888 841//776 989//888 
f 613//566 989//888 841//776 990//888 
f 991//888 841//776 837//772 
f 617//570 991//888 837//772 992//888 
f 621//574 992//888 837//772 993//888 
f 994//888 837//772 833//768 
f 625//577 994//888 833//768 995//888 
f 629//581 995//888 833//768 996//888 
f 997//888 833//768 829//764 
f 633//585 997//888 829//764 998//888 
f 637//588 998//888 829//764 999//888 
f 1000//888 829//764 825//761 
f 641//592 1000//888 825//761 1001//888 
f 645//596 1001//888 825//761 1002//888 
f 1003//888 825//761 821//757 
f 649//600 1003//888 821//757 1004//888 
f 653//604 1004//888 821//757 1005//888 
f 1006//888 821//757 817//753 
f 657//608 1006//888 817//753 1007//888 
f 661//611 1007//888 817//753 1008//888 
f 1009//888 817//753 813//750 
f 665//615 1009//888 813//750 1010//888 
f 1011//888 813//750 809//746 
f 669//619 1011//888 809//746 1012//888 
f 1013//888 809//746 805//743 
f 673//623 1013//888 805//743 1014//888 
f 1015//888 805//743 801//739 
f 677//627 1015//888 801//739 1016//888 
f 1017//888 801//739 797//735 
f 681//630 1017//888 797//735 1018//888 
f 1019//888 797//735 793//731 
f 685//634 1019//888 793//731 1020//888 
f 1021//888 793//731 789//728 
f 689//638 1021//888 789//728 1022//888 
f 1023//888 789//728 785//724 
f 693//642 1023//888 785//724 1024//888 
f 1025//888 785//724 781//720 
f 697//645 1025//888 781//720 1026//888 
f 1027//888 781//720 777//717 
f 701//649 1027//888 777//717 1028//888 
f 1029//888 777//717 773//713 
f 1030//888 773//713 769//710 
f 1031//888 769//710 765//706 
f 1032//888 765//706 761//702 
f 705//653 1032//888 761//702 1033//888 
f 4//4 1033//888 761//702 1034//888 
f 5//5 1034//888 761//702 1035//888 
f 9//8 1035//888 761//702 1036//888 
f 13//12 1036//888 761//702 1037//888 
f 17//15 1037//888 761//702 1038//888 
f 21//19 1038//888 761//702 1039//888 
f 25//23 1039//888 761//702 1040//888 
f 29//27 1040//888 761//702 1041//888 
f 33//31 1041//888 761//702 1042//888 
f 1043//888 761//702 757//698 
f 1044//888 757//698 753//694 
f 1045//888 753//694 749//691 
f 1046//888 749//691 745//688 
f 1047//888 745//688 741//685 
f 1048//888 561//519 557//516 
f 1049//888 557//516 553//513 
f 1050//888 553//513 549//510 
f 1051//888 549//510 545//507 
f 1052//888 545//507 541//503 
f 1053//888 541//503 537//499 
f 1054//888 537//499 533//495 
f 453//418 1055//888 961//885 1056//888 
f 457//422 1056//888 961//885 1057//888 
f 1058//888 337//310 333//307 
f 1059//888 333//307 329//303 
f 341//314 1059//888 329//303 1060//888 
f 345//318 1060//888 329//303 1061//888 
f 1062//888 329//303 325//300 
f 349//322 1062//888 325//300 1063//888 
f 1064//888 325//300 321//296 
f 353//326 1064//888 321//296 1065//888 
f 357//329 1065//888 321//296 1066//888 
f 1067//888 321//296 317//292 
f 361//332 1067//888 317//292 1068//888 
f 365//336 1068//888 317//292 1069//888 
f 1070//888 317//292 313//288 
f 369//340 1070//888 313//288 1071//888 
f 373//343 1071//888 313//288 1072//888 
f 1073//888 313//288 309//284 
f 377//346 1073//888 309//284 1074//888 
f 381//350 1074//888 309//284 1075//888 
f 1076//888 309//284 305//280 
f 385//354 1076//888 305//280 1077//888 
f 389//358 1077//888 305//280 1078//888 
f 1079//888 305//280 301//276 
f 393//362 1079//888 301//276 1080//888 
f 397//366 1080//888 301//276 1081//888 
f 1082//888 301//276 297//272 
f 401//369 1082//888 297//272 1083//888 
f 405//373 1083//888 297//272 1084//888 
f 1085//888 297//272 293//268 
f 409//377 1085//888 293//268 1086//888 
f 413//381 1086//888 293//268 1087//888 
f 1088//888 293//268 289//264 
f 417//385 1088//888 289//264 1089//888 
f 1090//888 289//264 285//260 
f 421//388 1090//888 285//260 1091//888 
f 1092//888 285//260 281//256 
f 425//392 1092//888 281//256 1093//888 
f 429//396 1093//888 281//256 1094//888 
f 1095//888 281//256 277//253 
f 433//400 1095//888 277//253 1096//888 
f 1097//888 277//253 273//250 
f 1098//888 273//250 269//246 
f 437//404 1098//888 269//246 1099//888 
f 1100//888 269//246 265//242 
f 441//408 1100//888 265//242 1101//888 
f 1102//888 265//242 261//239 
f 1103//888 261//239 257//235 
f 445//412 1103//888 257//235 1104//888 
f 449//415 1104//888 257//235 1105//888 
f 961//885 1105//888 257//235 1106//888 
f 1107//888 257//235 253//231 
f 856//790 1107//888 253//231 1108//888 
f 1109//888 253//231 249//228 
f 857//791 1109//888 249//228 1110//888 
f 1111//888 249//228 245//224 
f 861//795 1111//888 245//224 1112//888 
f 1113//888 245//224 241//220 
f 1114//888 241//220 237//217 
f 865//798 1114//888 237//217 1115//888 
f 1116//888 237//217 233//214 
f 869//801 1116//888 233//214 1117//888 
f 1118//888 233//214 229//211 
f 873//805 1118//888 229//211 1119//888 
f 1120//888 229//211 225//207 
f 877//809 1120//888 225//207 1121//888 
f 1122//888 225//207 221//203 
f 881//813 1122//888 221//203 1123//888 
f 885//816 1123//888 221//203 1124//888 
f 1125//888 221//203 217//200 
f 889//820 1125//888 217//200 1126//888 
f 1127//888 217//200 213//196 
f 893//824 1127//888 213//196 1128//888 
f 897//828 1128//888 213//196 1129//888 
f 1130//888 213//196 209//192 
f 901//831 1130//888 209//192 1131//888 
f 1132//888 209//192 205//189 
f 905//834 1132//888 205//189 1133//888 
f 1134//888 205//189 201//185 
f 909//838 1134//888 201//185 1135//888 
f 1136//888 201//185 197//181 
f 913//842 1136//888 197//181 1137//888 
f 1138//888 197//181 193//178 
f 917//845 1138//888 193//178 1139//888 
f 1140//888 193//178 189//175 
f 921//848 1140//888 189//175 1141//888 
f 925//852 1141//888 189//175 1142//888 
f 1143//888 189//175 185//171 
f 929//856 1143//888 185//171 1144//888 
f 1145//888 185//171 181//167 
f 933//860 1145//888 181//167 1146//888 
f 937//864 1146//888 181//167 1147//888 
f 1148//888 181//167 177//163 
f 1149//888 177//163 173//159 
f 941//868 1149//888 173//159 1150//888 
f 1151//888 173//159 169//155 
f 1152//888 169//155 165//151 
f 945//872 1152//888 165//151 1153//888 
f 1154//888 165//151 161//147 
f 1155//888 161//147 157//143 
f 949//875 1155//888 157//143 1156//888 
f 1157//888 157//143 153//139 
f 953//879 1157//888 153//139 1158//888 
f 1159//888 153//139 149//136 
f 1160//888 149//136 145//133 
f 957//882 1160//888 145//133 1161//888 
f 961//885 1161//888 145//133 1162//888 
f 461//426 1162//888 145//133 1163//888 
f 1164//888 145//133 141//129 
f 465//429 1164//888 141//129 1165//888 
f 1166//888 141//129 137//125 
f 1167//888 137//125 133//121 
f 469//433 1167//888 133//121 1168//888 
f 1169//888 133//121 129//117 
f 1170//888 129//117 125//113 
f 473//437 1170//888 125//113 1171//888 
f 1172//888 125//113 121//110 
f 477//440 1172//888 121//110 1173//888 
f 1174//888 121//110 117//106 
f 1175//888 117//106 113//102 
f 481//444 1175//888 113//102 1176//888 
f 485//448 1176//888 113//102 1177//888 
f 1178//888 113//102 109//98 
f 489//452 1178//888 109//98 1179//888 
f 493//456 1179//888 109//98 1180//888 
f 1181//888 109//98 105//95 
f 497//460 1181//888 105//95 1182//888 
f 501//464 1182//888 105//95 1183//888 
f 1184//888 105//95 101//92 
f 505//467 1184//888 101//92 1185//888 
f 509//471 1185//888 101//92 1186//888 
f 1187//888 101//92 97//89 
f 513//475 1187//888 97//89 1188//888 
f 517//479 1188//888 97//89 1189//888 
f 1190//888 97//89 93//85 
f 521//483 1190//888 93//85 1191//888 
f 1192//888 93//85 89//81 
f 1193//888 89//81 85//78 
f 525//487 1193//888 85//78 1194//888 
f 1195//888 85//78 81//75 
f 1196//888 81//75 77//71 
f 529//491 1196//888 77//71 1197//888 
f 1198//888 77//71 73//67 
f 1199//888 73//67 69//63 
f 1200//888 69//63 65//60 
f 1201//888 65//60 61//57 
f 1202//888 61//57 57//54 
f 1203//888 57//54 53//50 
f 1204//888 53//50 49//46 
f 1205//888 49//46 45//42 
f 1206//888 45//42 41//38 
f 533//495 1206//888 41//38 1207//888 
f 37//34 1207//888 41//38 
f 1208//889 335//308 339//312 
f 331//305 1208//889 339//312 1209//889 
f 1210//889 339//312 343//316 
f 1211//889 343//316 347//320 
f 327//301 1211//889 347//320 1212//889 
f 1213//889 347//320 351//324 
f 323//298 1213//889 351//324 1214//889 
f 1215//889 351//324 355//327 
f 1216//889 355//327 359//330 
f 319//294 1216//889 359//330 1217//889 
f 1218//889 359//330 363//334 
f 1219//889 363//334 367//338 
f 315//290 1219//889 367//338 1220//889 
f 1221//889 367//338 371//341 
f 1222//889 371//341 375//344 
f 311//286 1222//889 375//344 1223//889 
f 1224//889 375//344 379//348 
f 1225//889 379//348 383//352 
f 307//282 1225//889 383//352 1226//889 
f 1227//889 383//352 387//356 
f 1228//889 387//356 391//360 
f 303//278 1228//889 391//360 1229//889 
f 1230//889 391//360 395//364 
f 1231//889 395//364 399//367 
f 299//274 1231//889 399//367 1232//889 
f 1233//889 399//367 403//371 
f 1234//889 403//371 407//375 
f 295//270 1234//889 407//375 1235//889 
f 1236//889 407//375 411//379 
f 1237//889 411//379 415//383 
f 291//266 1237//889 415//383 1238//889 
f 1239//889 415//383 419//386 
f 287//262 1239//889 419//386 1240//889 
f 1241//889 419//386 423//390 
f 283//258 1241//889 423//390 1242//889 
f 1243//889 423//390 427//394 
f 1244//889 427//394 431//398 
f 279//254 1244//889 431//398 1245//889 
f 1246//889 431//398 435//402 
f 275//251 1246//889 435//402 1247//889 
f 271//248 1247//889 435//402 1248//889 
f 1249//889 435//402 439//406 
f 267//244 1249//889 439//406 1250//889 
f 1251//889 439//406 443//410 
f 263//240 1251//889 443//410 1252//889 
f 259//237 1252//889 443//410 1253//889 
f 1254//889 443//410 447//414 
f 1256//889 959//884 854//788 
f 255//233 1256//889 854//788 1257//889 
f 1258//889 854//788 853//787 
f 251//229 1258//889 853//787 1259//889 
f 1260//889 853//787 859//793 
f 247//226 1260//889 859//793 1261//889 
f 1262//889 859//793 863//796 
f 243//222 1262//889 863//796 1263//889 
f 239//218 1263//889 863//796 1264//889 
f 1265//889 863//796 867//799 
f 235//215 1265//889 867//799 1266//889 
f 1267//889 867//799 871//803 
f 231//212 1267//889 871//803 1268//889 
f 1269//889 871//803 875//807 
f 227//209 1269//889 875//807 1270//889 
f 1271//889 875//807 879//811 
f 223//205 1271//889 879//811 1272//889 
f 1273//889 879//811 883//814 
f 1274//889 883//814 887//818 
f 219//201 1274//889 887//818 1275//889 
f 1276//889 887//818 891//822 
f 215//198 1276//889 891//822 1277//889 
f 1278//889 891//822 895//826 
f 1279//889 895//826 899//829 
f 211//194 1279//889 899//829 1280//889 
f 1281//889 899//829 903//832 
f 207//190 1281//889 903//832 1282//889 
f 1283//889 903//832 907//836 
f 203//187 1283//889 907//836 1284//889 
f 1285//889 907//836 911//840 
f 199//183 1285//889 911//840 1286//889 
f 1287//889 911//840 915//843 
f 195//179 1287//889 915//843 1288//889 
f 1289//889 915//843 919//846 
f 191//176 1289//889 919//846 1290//889 
f 1291//889 919//846 923//850 
f 1292//889 923//850 927//854 
f 187//173 1292//889 927//854 1293//889 
f 1294//889 927//854 931//858 
f 183//169 1294//889 931//858 1295//889 
f 1296//889 931//858 935//862 
f 1297//889 935//862 939//866 
f 179//165 1297//889 939//866 1298//889 
f 175//161 1298//889 939//866 1299//889 
f 1300//889 939//866 943//870 
f 171//157 1300//889 943//870 1301//889 
f 167//153 1301//889 943//870 1302//889 
f 1303//889 943//870 947//873 
f 163//149 1303//889 947//873 1304//889 
f 159//145 1304//889 947//873 1305//889 
f 1306//889 947//873 951//877 
f 155//141 1306//889 951//877 1307//889 
f 1308//889 951//877 955//880 
f 151//137 1308//889 955//880 1309//889 
f 147//134 1309//889 955//880 1310//889 
f 1311//889 955//880 959//884 
f 1312//889 447//414 451//416 
f 1313//889 451//416 455//420 
f 1314//889 455//420 459//424 
f 959//884 1314//889 459//424 1315//889 
f 1316//889 459//424 463//427 
f 143//131 1316//889 463//427 1317//889 
f 1318//889 463//427 467//431 
f 139//127 1318//889 467//431 1319//889 
f 135//123 1319//889 467//431 1320//889 
f 1321//889 467//431 471//435 
f 131//119 1321//889 471//435 1322//889 
f 127//115 1322//889 471//435 1323//889 
f 1324//889 471//435 475//438 
f 123//111 1324//889 475//438 1325//889 
f 1326//889 475//438 479//442 
f 119//108 1326//889 479//442 1327//889 
f 115//104 1327//889 479//442 1328//889 
f 1329//889 479//442 483//446 
f 1330//889 483//446 487//450 
f 111//100 1330//889 487//450 1331//889 
f 1332//889 487//450 491//454 
f 1333//889 491//454 495//458 
f 107//96 1333//889 495//458 1334//889 
f 1335//889 495//458 499//462 
f 1336//889 499//462 503//465 
f 103//93 1336//889 503//465 1337//889 
f 1338//889 503//465 507//469 
f 1339//889 507//469 511//473 
f 99//90 1339//889 511//473 1340//889 
f 1341//889 511//473 515//477 
f 1342//889 515//477 519//481 
f 95//87 1342//889 519//481 1343//889 
f 1344//889 519//481 523//485 
f 91//83 1344//889 523//485 1345//889 
f 87//79 1345//889 523//485 1346//889 
f 1347//889 523//485 527//489 
f 83//76 1347//889 527//489 1348//889 
f 79//73 1348//889 527//489 1349//889 
f 1350//889 527//489 531//493 
f 75//69 1350//889 531//493 1351//889 
f 71//65 1351//889 531//493 1352//889 
f 67//61 1352//889 531//493 1353//889 
f 63//58 1353//889 531//493 1354//889 
f 59//55 1354//889 531//493 1355//889 
f 55//52 1355//889 531//493 1356//889 
f 51//48 1356//889 531//493 1357//889 
f 47//44 1357//889 531//493 1358//889 
f 43//40 1358//889 531//493 1359//889 
f 39//36 1359//889 531//493 1360//889 
f 1361//889 531//493 535//497 
f 1362//889 535//497 539//501 
f 1363//889 539//501 543//505 
f 1364//889 543//505 547//508 
f 1365//889 547//508 551//511 
f 1366//889 551//511 555//514 
f 1367//889 555//514 559//518 
f 1368//889 559//518 1374//889 739//683 
f 1369//889 739//683 743//686 
f 1370//889 743//686 747//689 
f 1371//889 747//689 751//692 
f 1372//889 751//692 755//696 
f 1373//889 755//696 759//700 
f 1375//889 559//518 563//520 
f 735//680 1375//889 563//520 1376//889 
f 1377//889 563//520 567//524 
f 731//676 1377//889 567//524 1378//889 
f 1379//889 567//524 571//528 
f 1380//889 571//528 575//532 
f 727//672 1380//889 575//532 1381//889 
f 1382//889 575//532 579//535 
f 723//669 1382//889 579//535 1383//889 
f 1384//889 579//535 583//538 
f 719//665 1384//889 583//538 1385//889 
f 1386//889 583//538 587//542 
f 715//661 1386//889 587//542 1387//889 
f 1388//889 587//542 591//545 
f 709//655 1388//889 591//545 1389//889 
f 1390//889 591//545 595//549 
f 710//656 1390//889 595//549 1391//889 
f 1392//889 595//549 599//553 
f 1393//889 599//553 603//556 
f 847//781 1393//889 603//556 1394//889 
f 1395//889 603//556 607//560 
f 843//777 1395//889 607//560 1396//889 
f 1397//889 607//560 611//564 
f 1398//889 611//564 615//568 
f 839//774 1398//889 615//568 1399//889 
f 1400//889 615//568 619//572 
f 1401//889 619//572 623//575 
f 835//770 1401//889 623//575 1402//889 
f 1403//889 623//575 627//579 
f 1404//889 627//579 631//583 
f 831//766 1404//889 631//583 1405//889 
f 1406//889 631//583 635//586 
f 1407//889 635//586 639//590 
f 827//762 1407//889 639//590 1408//889 
f 1409//889 639//590 643//594 
f 1410//889 643//594 647//598 
f 823//759 1410//889 647//598 1411//889 
f 1412//889 647//598 651//602 
f 1413//889 651//602 655//606 
f 819//755 1413//889 655//606 1414//889 
f 1415//889 655//606 659//609 
f 1416//889 659//609 663//613 
f 815//751 1416//889 663//613 1417//889 
f 1418//889 663//613 667//617 
f 811//748 1418//889 667//617 1419//889 
f 1420//889 667//617 671//621 
f 807//744 1420//889 671//621 1421//889 
f 1422//889 671//621 675//625 
f 803//741 1422//889 675//625 1423//889 
f 1424//889 675//625 679//628 
f 799//737 1424//889 679//628 1425//889 
f 1426//889 679//628 683//632 
f 795//733 1426//889 683//632 1427//889 
f 1428//889 683//632 687//636 
f 791//729 1428//889 687//636 1429//889 
f 1430//889 687//636 691//640 
f 787//726 1430//889 691//640 1431//889 
f 1432//889 691//640 695//643 
f 783//722 1432//889 695//643 1433//889 
f 1434//889 695//643 699//647 
f 779//718 1434//889 699//647 1435//889 
f 1436//889 699//647 703//651 
f 775//715 1436//889 703//651 1437//889 
f 771//711 1437//889 703//651 1438//889 
f 767//708 1438//889 703//651 1439//889 
f 763//704 1439//889 703//651 1440//889 
f 1441//889 703//651 2//2 
f 1442//889 2//2 1//1 
f 1443//889 1//1 7//6 
f 1444//889 7//6 11//10 
f 1445//889 11//10 15//13 
f 1446//889 15//13 19//17 
f 1447//889 19//17 23//21 
f 1448//889 23//21 27//25 
f 1449//889 27//25 31//29 
f 759//700 1449//889 31//29 1450//889 
f 35//32 1450//889 31//29 
# 729 polygons - 1446 triangles

